{"type":"FeatureCollection","features":[{"type":"Feature","properties":{"id":"E01018308","name":"E01018308","parent":"E06000050","type":"LSOA","pop":2060,"r":10,"ff":7,"ffd":339.8,"ffs":0.7,"g":0,"co":1,"mo":3,"sa":3,"ic":1},"geometry":{"type":"Polygon","coordinates":[[[-2.77963,53.26054],[-2.7788,53.25907],[-2.77963,53.25785],[-2.77925,53.25665],[-2.77948,53.2553],[-2.77811,53.2526],[-2.77845,53.25172],[-2.77741,53.25064],[-2.77769,53.25036],[-2.77444,53.24888],[-2.77315,53.2488],[-2.77177,53.24726],[-2.77319,53.24663],[-2.77549,53.24676],[-2.7772,53.24624],[-2.77807,53.24499],[-2.77654,53.24331],[-2.77737,53.24246],[-2.7796,53.24123],[-2.77884,53.24059],[-2.77532,53.23859],[-2.77275,53.23637],[-2.77021,53.23751],[-2.76451,53.23836],[-2.76308,53.23813],[-2.7611,53.237],[-2.75444,53.2354],[-2.75363,53.23545],[-2.7509,53.23446],[-2.74899,53.23479],[-2.7436,53.23461],[-2.73976,53.23553],[-2.73755,53.23673],[-2.73604,53.23815],[-2.72788,53.23809],[-2.72554,53.23844],[-2.72123,53.23717],[-2.71975,53.23624],[-2.72085,53.23543],[-2.72104,53.23471],[-2.72342,53.23453],[-2.72429,53.23388],[-2.72434,53.23289],[-2.72493,53.23225],[-2.72968,53.23132],[-2.73095,53.23065],[-2.73122,53.23021],[-2.73072,53.22898],[-2.73237,53.2287],[-2.73347,53.22901],[-2.7373,53.22689],[-2.73817,53.2258],[-2.73927,53.22569],[-2.74,53.22505],[-2.74065,53.22497],[-2.73997,53.22381],[-2.74094,53.22318],[-2.74202,53.22286],[-2.74335,53.22188],[-2.74604,53.22136],[-2.74639,53.22168],[-2.75479,53.21796],[-2.75339,53.21714],[-2.75418,53.21649],[-2.75492,53.21472],[-2.75327,53.21506],[-2.74868,53.2137],[-2.74965,53.21199],[-2.7492,53.21142],[-2.74965,53.21046],[-2.75311,53.20672],[-2.75519,53.20737],[-2.75666,53.20746],[-2.76007,53.2096],[-2.76225,53.21038],[-2.76299,53.21035],[-2.76412,53.20879],[-2.76582,53.20769],[-2.76661,53.20814],[-2.7702,53.20662],[-2.76886,53.20538],[-2.77023,53.20441],[-2.7754,53.20322],[-2.79106,53.20076],[-2.79216,53.20096],[-2.79462,53.20061],[-2.79896,53.19935],[-2.79911,53.19963],[-2.80006,53.19974],[-2.80251,53.20275],[-2.80482,53.20387],[-2.80639,53.204],[-2.8076,53.20386],[-2.80883,53.20414],[-2.81222,53.2056],[-2.813,53.20648],[-2.81231,53.20869],[-2.81102,53.20831],[-2.80923,53.20921],[-2.80975,53.20977],[-2.80928,53.21005],[-2.80969,53.21078],[-2.80844,53.21229],[-2.80926,53.216],[-2.80804,53.21817],[-2.80791,53.22075],[-2.80997,53.22169],[-2.80891,53.22276],[-2.80939,53.22348],[-2.80893,53.22399],[-2.80936,53.22467],[-2.80984,53.22466],[-2.81035,53.2253],[-2.81101,53.22519],[-2.81179,53.2255],[-2.81283,53.22491],[-2.81275,53.22537],[-2.81371,53.2261],[-2.81634,53.22679],[-2.81472,53.22735],[-2.81299,53.22898],[-2.81273,53.22987],[-2.81385,53.23053],[-2.81765,53.2309],[-2.81885,53.2319],[-2.82038,53.2325],[-2.82047,53.23303],[-2.81886,53.23377],[-2.8149,53.23462],[-2.81297,53.23544],[-2.81396,53.23591],[-2.81313,53.23701],[-2.81259,53.23951],[-2.81138,53.24166],[-2.81379,53.24194],[-2.81368,53.24318],[-2.81357,53.24351],[-2.81232,53.24395],[-2.81228,53.24828],[-2.81038,53.24958],[-2.81029,53.25003],[-2.81095,53.25062],[-2.81253,53.25123],[-2.81409,53.25122],[-2.81459,53.25086],[-2.81601,53.25127],[-2.81719,53.25618],[-2.81534,53.25733],[-2.81491,53.25902],[-2.81135,53.25894],[-2.80284,53.26584],[-2.79834,53.26862],[-2.79484,53.27035],[-2.78604,53.27377],[-2.78427,53.27566],[-2.7829,53.27444],[-2.78163,53.27401],[-2.78133,53.27339],[-2.77922,53.27185],[-2.77877,53.26982],[-2.77919,53.26757],[-2.77803,53.26515],[-2.77889,53.26319],[-2.77927,53.26275],[-2.77885,53.26169],[-2.7793,53.26078],[-2.77963,53.26054]]]}},{"type":"Feature","properties":{"id":"E01018309","name":"E01018309","parent":"E06000050","type":"LSOA","pop":1620,"r":252,"ff":104,"ffd":6419.8,"ffs":0.5746,"g":68,"co":0,"mo":0,"sa":0,"ic":0},"geometry":{"type":"Polygon","coordinates":[[[-2.9273,53.21052],[-2.92586,53.21049],[-2.92506,53.21095],[-2.92455,53.21039],[-2.92342,53.21033],[-2.92356,53.20973],[-2.92508,53.2098],[-2.92598,53.20941],[-2.92626,53.20981],[-2.92732,53.20984],[-2.92806,53.20823],[-2.92621,53.20785],[-2.92621,53.20642],[-2.93365,53.20743],[-2.93699,53.20842],[-2.93265,53.21061],[-2.93134,53.21221],[-2.92583,53.21297],[-2.92559,53.21241],[-2.92677,53.21221],[-2.92627,53.21127],[-2.92769,53.21103],[-2.9273,53.21052]]]}},{"type":"Feature","properties":{"id":"E01018310","name":"E01018310","parent":"E06000050","type":"LSOA","pop":1675,"r":264,"ff":110,"ffd":6567.2,"ffs":0.5789,"g":71,"co":0,"mo":0,"sa":0,"ic":0},"geometry":{"type":"Polygon","coordinates":[[[-2.90614,53.21112],[-2.90499,53.2087],[-2.90299,53.20671],[-2.90249,53.20599],[-2.90259,53.20517],[-2.89908,53.20206],[-2.91385,53.20444],[-2.9137,53.20531],[-2.91421,53.2056],[-2.91475,53.2053],[-2.91531,53.2056],[-2.91475,53.20592],[-2.91423,53.20566],[-2.91369,53.20636],[-2.91464,53.20659],[-2.91461,53.20695],[-2.91743,53.20721],[-2.91689,53.2077],[-2.9172,53.20809],[-2.91605,53.2089],[-2.91645,53.20954],[-2.91595,53.20969],[-2.9167,53.21041],[-2.91641,53.21104],[-2.91605,53.21053],[-2.91556,53.21085],[-2.90885,53.20981],[-2.90614,53.21112]]]}},{"type":"Feature","properties":{"id":"E01018311","name":"E01018311","parent":"E06000050","type":"LSOA","pop":1478,"r":256,"ff":105,"ffd":7104.2,"ffs":0.5707,"g":69,"co":0,"mo":0,"sa":0,"ic":0},"geometry":{"type":"Polygon","coordinates":[[[-2.92146,53.21315],[-2.91932,53.21216],[-2.92012,53.21159],[-2.91994,53.21137],[-2.92102,53.2119],[-2.9214,53.21176],[-2.92083,53.21144],[-2.92138,53.21116],[-2.92051,53.21049],[-2.92101,53.21009],[-2.92165,53.2088],[-2.92238,53.20851],[-2.92281,53.20891],[-2.92414,53.20903],[-2.92451,53.20795],[-2.92359,53.20789],[-2.92402,53.20649],[-2.92284,53.20705],[-2.9222,53.20623],[-2.92124,53.20648],[-2.91971,53.20625],[-2.9192,53.20575],[-2.91983,53.2054],[-2.92621,53.20642],[-2.92621,53.20785],[-2.92806,53.20823],[-2.92732,53.20984],[-2.92626,53.20981],[-2.92598,53.20941],[-2.92508,53.2098],[-2.92356,53.20973],[-2.92342,53.21033],[-2.92455,53.21039],[-2.92506,53.21095],[-2.92586,53.21049],[-2.9273,53.21052],[-2.92769,53.21103],[-2.92627,53.21127],[-2.92677,53.21221],[-2.92559,53.21241],[-2.92583,53.21297],[-2.92413,53.21299],[-2.92182,53.21362],[-2.92146,53.21315]]]}},{"type":"Feature","properties":{"id":"E01018312","name":"E01018312","parent":"E06000050","type":"LSOA","pop":1530,"r":265,"ff":110,"ffd":7189.5,"ffs":0.5759,"g":71,"co":0,"mo":0,"sa":0,"ic":0},"geometry":{"type":"Polygon","coordinates":[[[-2.91932,53.21216],[-2.91641,53.21104],[-2.9167,53.21041],[-2.91595,53.20969],[-2.91645,53.20954],[-2.91605,53.2089],[-2.9172,53.20809],[-2.91689,53.2077],[-2.91743,53.20721],[-2.91461,53.20695],[-2.91464,53.20659],[-2.91369,53.20636],[-2.91423,53.20566],[-2.91475,53.20592],[-2.91531,53.2056],[-2.91475,53.2053],[-2.91421,53.2056],[-2.9137,53.20531],[-2.91385,53.20444],[-2.91983,53.2054],[-2.9192,53.20575],[-2.91971,53.20625],[-2.92124,53.20648],[-2.9222,53.20623],[-2.92284,53.20705],[-2.92402,53.20649],[-2.92359,53.20789],[-2.92451,53.20795],[-2.92414,53.20903],[-2.92281,53.20891],[-2.92238,53.20851],[-2.92165,53.2088],[-2.92101,53.21009],[-2.92051,53.21049],[-2.92138,53.21116],[-2.92083,53.21144],[-2.9214,53.21176],[-2.92102,53.2119],[-2.91994,53.21137],[-2.92012,53.21159],[-2.91932,53.21216]]]}},{"type":"Feature","properties":{"id":"E01018313","name":"E01018313","parent":"E06000050","type":"LSOA","pop":1342,"r":231,"ff":93,"ffd":6930.0,"ffs":0.5741,"g":66,"co":0,"mo":0,"sa":0,"ic":0},"geometry":{"type":"Polygon","coordinates":[[[-2.92981,53.20478],[-2.93178,53.20377],[-2.93386,53.2043],[-2.93643,53.20432],[-2.93809,53.20337],[-2.93963,53.20289],[-2.94138,53.20166],[-2.94368,53.20403],[-2.93591,53.20814],[-2.93365,53.20743],[-2.93048,53.20693],[-2.93077,53.20632],[-2.9292,53.20609],[-2.93056,53.20532],[-2.92981,53.20478]]]}},{"type":"Feature","properties":{"id":"E01018314","name":"E01018314","parent":"E06000050","type":"LSOA","pop":1709,"r":241,"ff":100,"ffd":5851.4,"ffs":0.5814,"g":66,"co":0,"mo":0,"sa":0,"ic":0},"geometry":{"type":"Polygon","coordinates":[[[-2.92712,53.20385],[-2.9283,53.20373],[-2.928,53.20302],[-2.92885,53.20247],[-2.92863,53.202],[-2.92598,53.20003],[-2.92756,53.19906],[-2.92724,53.19926],[-2.9286,53.20015],[-2.92995,53.19961],[-2.93049,53.19978],[-2.93009,53.20033],[-2.93136,53.20143],[-2.93312,53.20127],[-2.93276,53.20061],[-2.93375,53.2005],[-2.93496,53.1999],[-2.93553,53.20004],[-2.93619,53.19981],[-2.93652,53.20005],[-2.93678,53.19964],[-2.93869,53.19923],[-2.93903,53.19934],[-2.94138,53.20166],[-2.93963,53.20289],[-2.93809,53.20337],[-2.93643,53.20432],[-2.93386,53.2043],[-2.93178,53.20377],[-2.92981,53.20478],[-2.92722,53.20537],[-2.92633,53.20519],[-2.92614,53.20451],[-2.92712,53.20385]]]}},{"type":"Feature","properties":{"id":"E01018315","name":"E01018315","parent":"E06000050","type":"LSOA","pop":1215,"r":256,"ff":107,"ffd":8806.6,"ffs":0.5753,"g":67,"co":0,"mo":0,"sa":0,"ic":0},"geometry":{"type":"Polygon","coordinates":[[[-2.92084,53.20556],[-2.91491,53.20462],[-2.91442,53.20382],[-2.91393,53.20372],[-2.91606,53.20327],[-2.91925,53.20131],[-2.92272,53.20162],[-2.92256,53.20295],[-2.92423,53.20311],[-2.92513,53.2037],[-2.92593,53.20369],[-2.92606,53.20335],[-2.92776,53.20221],[-2.92832,53.20232],[-2.92863,53.202],[-2.92885,53.20247],[-2.928,53.20302],[-2.9283,53.20373],[-2.92712,53.20385],[-2.92614,53.20451],[-2.92633,53.20519],[-2.92722,53.20537],[-2.92981,53.20478],[-2.93056,53.20532],[-2.9292,53.20609],[-2.93077,53.20632],[-2.93048,53.20693],[-2.92953,53.20695],[-2.92084,53.20556]]]}},{"type":"Feature","properties":{"id":"E01018316","name":"E01018316","parent":"E06000050","type":"LSOA","pop":1508,"r":248,"ff":104,"ffd":6896.6,"ffs":0.5778,"g":65,"co":0,"mo":0,"sa":0,"ic":0},"geometry":{"type":"Polygon","coordinates":[[[-2.92256,53.20295],[-2.92272,53.20162],[-2.91925,53.20131],[-2.92036,53.20081],[-2.9246,53.19814],[-2.92824,53.19686],[-2.92822,53.1966],[-2.9309,53.19617],[-2.92999,53.19722],[-2.93004,53.1978],[-2.92598,53.20003],[-2.92863,53.202],[-2.92832,53.20232],[-2.92776,53.20221],[-2.92606,53.20335],[-2.92593,53.20369],[-2.92513,53.2037],[-2.92423,53.20311],[-2.92256,53.20295]]]}},{"type":"Feature","properties":{"id":"E01018317","name":"E01018317","parent":"E06000050","type":"LSOA","pop":1644,"r":227,"ff":90,"ffd":5474.5,"ffs":0.5696,"g":66,"co":0,"mo":0,"sa":0,"ic":0},"geometry":{"type":"Polygon","coordinates":[[[-2.93009,53.20033],[-2.93049,53.19978],[-2.92995,53.19961],[-2.9286,53.20015],[-2.92724,53.19926],[-2.93004,53.1978],[-2.92999,53.19722],[-2.9309,53.19617],[-2.93274,53.19586],[-2.93259,53.19542],[-2.93553,53.19641],[-2.93903,53.19934],[-2.93869,53.19923],[-2.93678,53.19964],[-2.93652,53.20005],[-2.93619,53.19981],[-2.93553,53.20004],[-2.93496,53.1999],[-2.93375,53.2005],[-2.93276,53.20061],[-2.93312,53.20127],[-2.93136,53.20143],[-2.93009,53.20033]]]}},{"type":"Feature","properties":{"id":"E01018319","name":"E01018319","parent":"E06000050","type":"LSOA","pop":2331,"r":262,"ff":102,"ffd":4375.8,"ffs":0.5574,"g":76,"co":0,"mo":0,"sa":0,"ic":0},"geometry":{"type":"Polygon","coordinates":[[[-2.87136,53.1947],[-2.86458,53.19378],[-2.86502,53.19229],[-2.86494,53.1908],[-2.86577,53.1902],[-2.86272,53.18949],[-2.85914,53.18928],[-2.85981,53.18723],[-2.86083,53.18744],[-2.86117,53.18727],[-2.8643,53.18783],[-2.86537,53.18761],[-2.86555,53.18724],[-2.86721,53.18701],[-2.8688,53.18782],[-2.86925,53.1871],[-2.87078,53.18724],[-2.87093,53.18912],[-2.87161,53.19039],[-2.87124,53.19084],[-2.87213,53.19192],[-2.87026,53.19223],[-2.87014,53.19266],[-2.86883,53.19331],[-2.87054,53.19366],[-2.87189,53.1936],[-2.87204,53.19413],[-2.87258,53.19396],[-2.87238,53.19375],[-2.87304,53.1937],[-2.87319,53.19323],[-2.87562,53.19254],[-2.87415,53.1934],[-2.87388,53.19443],[-2.87323,53.19441],[-2.87324,53.19399],[-2.8729,53.19407],[-2.87273,53.19512],[-2.87088,53.19498],[-2.87136,53.1947]]]}},{"type":"Feature","properties":{"id":"E01018320","name":"E01018320","parent":"E06000050","type":"LSOA","pop":1513,"r":263,"ff":102,"ffd":6741.6,"ffs":0.5574,"g":77,"co":0,"mo":0,"sa":0,"ic":0},"geometry":{"type":"Polygon","coordinates":[[[-2.84996,53.18854],[-2.85017,53.18673],[-2.85197,53.18725],[-2.85186,53.18683],[-2.85329,53.18503],[-2.85437,53.1853],[-2.85469,53.18576],[-2.85447,53.18388],[-2.85731,53.18491],[-2.85965,53.18332],[-2.86075,53.18331],[-2.86074,53.18385],[-2.86168,53.18389],[-2.86084,53.18442],[-2.86138,53.18499],[-2.86103,53.18553],[-2.86186,53.18594],[-2.86288,53.18558],[-2.86341,53.18564],[-2.86383,53.18648],[-2.8595,53.18596],[-2.85865,53.18634],[-2.8593,53.18738],[-2.85981,53.18723],[-2.85828,53.19184],[-2.85636,53.19148],[-2.85406,53.19056],[-2.84996,53.18854]]]}},{"type":"Feature","properties":{"id":"E01018321","name":"E01018321","parent":"E06000050","type":"LSOA","pop":1285,"r":253,"ff":100,"ffd":7782.1,"ffs":0.5556,"g":70,"co":0,"mo":0,"sa":0,"ic":0},"geometry":{"type":"Polygon","coordinates":[[[-2.8688,53.18782],[-2.86721,53.18701],[-2.86555,53.18724],[-2.86537,53.18761],[-2.8643,53.18783],[-2.86117,53.18727],[-2.86083,53.18744],[-2.85981,53.18723],[-2.8593,53.18738],[-2.85865,53.18634],[-2.8595,53.18596],[-2.86383,53.18648],[-2.86341,53.18564],[-2.86288,53.18558],[-2.86186,53.18594],[-2.86103,53.18553],[-2.86138,53.18499],[-2.86084,53.18442],[-2.86168,53.18389],[-2.86074,53.18385],[-2.86075,53.18331],[-2.85965,53.18332],[-2.86013,53.18301],[-2.86005,53.18247],[-2.86109,53.18304],[-2.86321,53.18204],[-2.86345,53.1828],[-2.86319,53.18328],[-2.86274,53.18329],[-2.86309,53.1838],[-2.86404,53.18356],[-2.86459,53.18312],[-2.8646,53.18219],[-2.86287,53.18179],[-2.86316,53.18152],[-2.8658,53.18124],[-2.86545,53.18095],[-2.86684,53.17962],[-2.86844,53.18036],[-2.87157,53.18062],[-2.87079,53.18166],[-2.87031,53.18592],[-2.87087,53.18602],[-2.87078,53.18724],[-2.86925,53.1871],[-2.8688,53.18782]]]}},{"type":"Feature","properties":{"id":"E01018322","name":"E01018322","parent":"E06000050","type":"LSOA","pop":1116,"r":246,"ff":94,"ffd":8422.9,"ffs":0.5465,"g":71,"co":0,"mo":0,"sa":0,"ic":0},"geometry":{"type":"Polygon","coordinates":[[[-2.85017,53.18673],[-2.85111,53.18117],[-2.85659,53.17642],[-2.85746,53.17694],[-2.85839,53.17813],[-2.85979,53.17865],[-2.86236,53.17812],[-2.86364,53.17837],[-2.86489,53.17902],[-2.86684,53.17962],[-2.86545,53.18095],[-2.8658,53.18124],[-2.86316,53.18152],[-2.86287,53.18179],[-2.8646,53.18219],[-2.86459,53.18312],[-2.86404,53.18356],[-2.86309,53.1838],[-2.86274,53.18329],[-2.86319,53.18328],[-2.86345,53.1828],[-2.86321,53.18204],[-2.86109,53.18304],[-2.86005,53.18247],[-2.86013,53.18301],[-2.85731,53.18491],[-2.85447,53.18388],[-2.85469,53.18576],[-2.85437,53.1853],[-2.85329,53.18503],[-2.85186,53.18683],[-2.85197,53.18725],[-2.85017,53.18673]]]}},{"type":"Feature","properties":{"id":"E01018323","name":"E01018323","parent":"E06000050","type":"LSOA","pop":1597,"r":259,"ff":97,"ffd":6073.9,"ffs":0.5511,"g":80,"co":0,"mo":2,"sa":0,"ic":0},"geometry":{"type":"Polygon","coordinates":[[[-2.82371,53.19883],[-2.82318,53.1974],[-2.82418,53.19724],[-2.82356,53.19621],[-2.81978,53.1966],[-2.8185,53.1949],[-2.81791,53.19494],[-2.81736,53.19358],[-2.82042,53.19285],[-2.82152,53.19377],[-2.82216,53.19353],[-2.82308,53.19446],[-2.82346,53.19441],[-2.82382,53.19558],[-2.83177,53.19386],[-2.82702,53.19173],[-2.82866,53.18717],[-2.82778,53.18544],[-2.83143,53.18402],[-2.83293,53.18467],[-2.83329,53.18528],[-2.83407,53.18533],[-2.8353,53.1848],[-2.83518,53.18396],[-2.83561,53.18363],[-2.83414,53.1825],[-2.83389,53.18205],[-2.83438,53.18203],[-2.8347,53.18225],[-2.83491,53.18196],[-2.83578,53.18187],[-2.8369,53.18249],[-2.83718,53.18186],[-2.83606,53.18155],[-2.83628,53.1811],[-2.83793,53.1804],[-2.83894,53.18098],[-2.83796,53.18221],[-2.83817,53.18266],[-2.83858,53.18293],[-2.84073,53.18272],[-2.84179,53.183],[-2.84268,53.18384],[-2.843,53.18374],[-2.84648,53.18568],[-2.85017,53.18673],[-2.84953,53.19208],[-2.84984,53.19243],[-2.84924,53.19295],[-2.85033,53.1941],[-2.84517,53.19479],[-2.84528,53.19511],[-2.84053,53.19608],[-2.84183,53.19697],[-2.83451,53.1983],[-2.82932,53.19839],[-2.82627,53.19818],[-2.82371,53.19883]]]}},{"type":"Feature","properties":{"id":"E01018324","name":"E01018324","parent":"E06000050","type":"LSOA","pop":1355,"r":242,"ff":91,"ffd":6715.9,"ffs":0.5549,"g":75,"co":0,"mo":2,"sa":0,"ic":0},"geometry":{"type":"Polygon","coordinates":[[[-2.79911,53.19963],[-2.79749,53.19781],[-2.8008,53.19751],[-2.8001,53.1953],[-2.80037,53.1948],[-2.80493,53.19394],[-2.80824,53.19155],[-2.81035,53.19145],[-2.81136,53.19108],[-2.81171,53.18854],[-2.80812,53.18564],[-2.80482,53.18181],[-2.81501,53.17957],[-2.81565,53.17921],[-2.81548,53.17895],[-2.80923,53.17562],[-2.81682,53.17397],[-2.81922,53.17446],[-2.82042,53.1751],[-2.82259,53.17727],[-2.82561,53.17753],[-2.82827,53.17717],[-2.83264,53.17887],[-2.83532,53.1794],[-2.84245,53.17809],[-2.84474,53.17727],[-2.84617,53.17732],[-2.85269,53.17604],[-2.8528,53.17583],[-2.85483,53.17555],[-2.85547,53.17562],[-2.85659,53.17642],[-2.85111,53.18117],[-2.85017,53.18673],[-2.84648,53.18568],[-2.843,53.18374],[-2.84268,53.18384],[-2.84179,53.183],[-2.84073,53.18272],[-2.83858,53.18293],[-2.83817,53.18266],[-2.83796,53.18221],[-2.83894,53.18098],[-2.83793,53.1804],[-2.83628,53.1811],[-2.83606,53.18155],[-2.83718,53.18186],[-2.8369,53.18249],[-2.83578,53.18187],[-2.83491,53.18196],[-2.8347,53.18225],[-2.83438,53.18203],[-2.83389,53.18205],[-2.83414,53.1825],[-2.83561,53.18363],[-2.83518,53.18396],[-2.8353,53.1848],[-2.83407,53.18533],[-2.83329,53.18528],[-2.83293,53.18467],[-2.83143,53.18402],[-2.82778,53.18544],[-2.82866,53.18717],[-2.82702,53.19173],[-2.83177,53.19386],[-2.82382,53.19558],[-2.82346,53.19441],[-2.82308,53.19446],[-2.82216,53.19353],[-2.82152,53.19377],[-2.82042,53.19285],[-2.81736,53.19358],[-2.81791,53.19494],[-2.8185,53.1949],[-2.81978,53.1966],[-2.82356,53.19621],[-2.82418,53.19724],[-2.82318,53.1974],[-2.82371,53.19883],[-2.82104,53.1998],[-2.81954,53.2],[-2.81681,53.19942],[-2.8151,53.20013],[-2.8136,53.20154],[-2.81104,53.20268],[-2.80639,53.204],[-2.80482,53.20387],[-2.80251,53.20275],[-2.80006,53.19974],[-2.79911,53.19963]]]}},{"type":"Feature","properties":{"id":"E01018325","name":"E01018325","parent":"E06000050","type":"LSOA","pop":1446,"r":260,"ff":99,"ffd":6846.5,"ffs":0.5625,"g":81,"co":0,"mo":2,"sa":0,"ic":0},"geometry":{"type":"Polygon","coordinates":[[[-2.80923,53.20921],[-2.81102,53.20831],[-2.81231,53.20869],[-2.813,53.20648],[-2.81222,53.2056],[-2.80883,53.20414],[-2.8076,53.20386],[-2.80639,53.204],[-2.81104,53.20268],[-2.8136,53.20154],[-2.8151,53.20013],[-2.81681,53.19942],[-2.81954,53.2],[-2.82104,53.1998],[-2.82371,53.19883],[-2.82627,53.19818],[-2.82932,53.19839],[-2.83451,53.1983],[-2.84183,53.19697],[-2.8443,53.19811],[-2.84659,53.19995],[-2.84746,53.20115],[-2.85,53.20257],[-2.84983,53.20278],[-2.85095,53.20353],[-2.8541,53.20221],[-2.85509,53.20297],[-2.84823,53.20575],[-2.84452,53.20667],[-2.84022,53.2094],[-2.83982,53.20882],[-2.83384,53.21231],[-2.80804,53.21817],[-2.80926,53.216],[-2.80844,53.21229],[-2.80969,53.21078],[-2.80928,53.21005],[-2.80975,53.20977],[-2.80923,53.20921]]]}},{"type":"Feature","properties":{"id":"E01018328","name":"E01018328","parent":"E06000050","type":"LSOA","pop":1800,"r":267,"ff":108,"ffd":6000.0,"ffs":0.5654,"g":73,"co":0,"mo":0,"sa":0,"ic":0},"geometry":{"type":"Polygon","coordinates":[[[-2.89619,53.20081],[-2.89577,53.20017],[-2.8944,53.20038],[-2.89439,53.19755],[-2.89513,53.1973],[-2.89459,53.19653],[-2.89561,53.19692],[-2.89661,53.1968],[-2.89765,53.19658],[-2.89735,53.19614],[-2.89772,53.19596],[-2.8989,53.19689],[-2.89933,53.19681],[-2.89936,53.1963],[-2.90061,53.1959],[-2.90115,53.19623],[-2.90174,53.19756],[-2.90173,53.19796],[-2.89916,53.19823],[-2.89877,53.19858],[-2.89967,53.19931],[-2.89778,53.19938],[-2.898,53.20022],[-2.89879,53.20039],[-2.89984,53.20029],[-2.9017,53.2025],[-2.89908,53.20206],[-2.89594,53.2012],[-2.89619,53.20081]]]}},{"type":"Feature","properties":{"id":"E01018330","name":"E01018330","parent":"E06000050","type":"LSOA","pop":1586,"r":265,"ff":109,"ffd":6872.6,"ffs":0.5737,"g":72,"co":0,"mo":0,"sa":0,"ic":0},"geometry":{"type":"Polygon","coordinates":[[[-2.9017,53.2025],[-2.89984,53.20029],[-2.89879,53.20039],[-2.898,53.20022],[-2.89778,53.19938],[-2.89967,53.19931],[-2.89877,53.19858],[-2.89916,53.19823],[-2.90173,53.19796],[-2.90174,53.19756],[-2.90351,53.19875],[-2.90474,53.19778],[-2.90757,53.19641],[-2.90589,53.19618],[-2.90565,53.19553],[-2.90523,53.1956],[-2.90531,53.1944],[-2.90436,53.19413],[-2.9024,53.19306],[-2.90193,53.19257],[-2.90579,53.19364],[-2.92049,53.18291],[-2.9223,53.18929],[-2.92516,53.19105],[-2.92906,53.19419],[-2.93259,53.19542],[-2.93274,53.19586],[-2.92822,53.1966],[-2.92824,53.19686],[-2.9246,53.19814],[-2.91606,53.20327],[-2.91393,53.20372],[-2.91442,53.20382],[-2.91491,53.20462],[-2.9017,53.2025]]]}},{"type":"Feature","properties":{"id":"E01018331","name":"E01018331","parent":"E06000050","type":"LSOA","pop":1671,"r":262,"ff":109,"ffd":6523.0,"ffs":0.5767,"g":70,"co":0,"mo":0,"sa":0,"ic":0},"geometry":{"type":"Polygon","coordinates":[[[-2.9016,53.19613],[-2.9003,53.19469],[-2.90007,53.19368],[-2.90114,53.19385],[-2.9024,53.19306],[-2.90436,53.19413],[-2.90531,53.1944],[-2.90523,53.1956],[-2.90565,53.19553],[-2.90589,53.19618],[-2.90757,53.19641],[-2.90474,53.19778],[-2.90351,53.19875],[-2.90174,53.19756],[-2.90115,53.19623],[-2.9016,53.19613]]]}},{"type":"Feature","properties":{"id":"E01018332","name":"E01018332","parent":"E06000050","type":"LSOA","pop":1035,"r":187,"ff":78,"ffd":7536.2,"ffs":0.5493,"g":43,"co":0,"mo":0,"sa":0,"ic":0},"geometry":{"type":"Polygon","coordinates":[[[-2.91365,53.18685],[-2.90655,53.18437],[-2.90609,53.18452],[-2.90597,53.1841],[-2.90508,53.18381],[-2.90614,53.18283],[-2.9058,53.18076],[-2.90627,53.18049],[-2.90688,53.18079],[-2.90806,53.18079],[-2.90853,53.18024],[-2.90968,53.17974],[-2.90961,53.17909],[-2.91054,53.17893],[-2.91185,53.17932],[-2.91226,53.17983],[-2.91376,53.18013],[-2.91416,53.17906],[-2.9172,53.17984],[-2.92032,53.17943],[-2.92039,53.18222],[-2.91949,53.18248],[-2.91365,53.18685]]]}},{"type":"Feature","properties":{"id":"E01018333","name":"E01018333","parent":"E06000050","type":"LSOA","pop":1572,"r":154,"ff":51,"ffd":3244.3,"ffs":0.4857,"g":47,"co":0,"mo":0,"sa":0,"ic":0},"geometry":{"type":"Polygon","coordinates":[[[-2.90505,53.18582],[-2.90374,53.18422],[-2.90248,53.18352],[-2.90016,53.18296],[-2.89614,53.1832],[-2.89669,53.17995],[-2.89677,53.17431],[-2.89768,53.17244],[-2.90138,53.17204],[-2.90148,53.17223],[-2.901,53.17248],[-2.90167,53.17386],[-2.90121,53.17398],[-2.90144,53.17422],[-2.90186,53.17409],[-2.9022,53.17502],[-2.90316,53.17475],[-2.90028,53.17682],[-2.89809,53.17755],[-2.89758,53.17863],[-2.89903,53.17868],[-2.89916,53.17831],[-2.89893,53.17789],[-2.90747,53.17336],[-2.90704,53.17374],[-2.90859,53.17475],[-2.91143,53.17771],[-2.91158,53.17848],[-2.91416,53.17906],[-2.91376,53.18013],[-2.91226,53.17983],[-2.91185,53.17932],[-2.91054,53.17893],[-2.90961,53.17909],[-2.90968,53.17974],[-2.90853,53.18024],[-2.90806,53.18079],[-2.90688,53.18079],[-2.90627,53.18049],[-2.9058,53.18076],[-2.90614,53.18283],[-2.90508,53.18381],[-2.90597,53.1841],[-2.90609,53.18452],[-2.90655,53.18437],[-2.91365,53.18685],[-2.90538,53.19305],[-2.9039,53.19246],[-2.90326,53.19125],[-2.90373,53.18946],[-2.90508,53.18723],[-2.90505,53.18582]]]}},{"type":"Feature","properties":{"id":"E01018334","name":"E01018334","parent":"E06000050","type":"LSOA","pop":1665,"r":189,"ff":78,"ffd":4684.7,"ffs":0.5493,"g":45,"co":0,"mo":0,"sa":0,"ic":0},"geometry":{"type":"Polygon","coordinates":[[[-2.90028,53.17682],[-2.90316,53.17475],[-2.9022,53.17502],[-2.90186,53.17409],[-2.90144,53.17422],[-2.90121,53.17398],[-2.90167,53.17386],[-2.901,53.17248],[-2.90148,53.17223],[-2.90138,53.17204],[-2.89768,53.17244],[-2.90024,53.1693],[-2.90273,53.16912],[-2.90401,53.17128],[-2.90535,53.17099],[-2.90682,53.17021],[-2.90914,53.16881],[-2.91228,53.16613],[-2.91381,53.16545],[-2.91667,53.16672],[-2.91154,53.17012],[-2.91004,53.17206],[-2.90656,53.17373],[-2.89893,53.17789],[-2.89916,53.17831],[-2.89903,53.17868],[-2.89758,53.17863],[-2.89809,53.17755],[-2.90028,53.17682]]]}},{"type":"Feature","properties":{"id":"E01018335","name":"E01018335","parent":"E06000050","type":"LSOA","pop":3398,"r":6,"ff":6,"ffd":176.6,"ffs":1.0,"g":0,"co":1,"mo":1,"sa":3,"ic":1},"geometry":{"type":"Polygon","coordinates":[[[-2.92389,53.16809],[-2.92452,53.16667],[-2.92399,53.16669],[-2.92486,53.16543],[-2.92089,53.16442],[-2.9187,53.16599],[-2.91811,53.16578],[-2.91667,53.16672],[-2.91381,53.16545],[-2.91228,53.16613],[-2.90914,53.16881],[-2.90682,53.17021],[-2.90535,53.17099],[-2.90401,53.17128],[-2.90273,53.16912],[-2.90024,53.1693],[-2.89437,53.16887],[-2.88636,53.17006],[-2.88139,53.17],[-2.88028,53.16861],[-2.87931,53.16552],[-2.87517,53.16099],[-2.87456,53.15675],[-2.87491,53.15441],[-2.87699,53.15118],[-2.87694,53.15049],[-2.87559,53.14959],[-2.87083,53.14777],[-2.86672,53.14827],[-2.86356,53.14798],[-2.86277,53.14746],[-2.8621,53.14614],[-2.8594,53.14613],[-2.85696,53.14681],[-2.85387,53.14713],[-2.85111,53.14677],[-2.84614,53.14504],[-2.84445,53.14412],[-2.8427,53.14411],[-2.84215,53.14317],[-2.84218,53.13969],[-2.84311,53.13868],[-2.84292,53.13745],[-2.82853,53.13883],[-2.82841,53.13572],[-2.82969,53.13323],[-2.82997,53.13115],[-2.8276,53.12839],[-2.82952,53.12743],[-2.82822,53.1265],[-2.82703,53.1248],[-2.82936,53.12366],[-2.83092,53.1208],[-2.83283,53.11907],[-2.8331,53.11805],[-2.83458,53.1179],[-2.83647,53.11826],[-2.83701,53.11654],[-2.83932,53.11404],[-2.84069,53.11187],[-2.84591,53.11138],[-2.85075,53.10996],[-2.85179,53.11095],[-2.85515,53.10983],[-2.85608,53.11114],[-2.8606,53.11061],[-2.86246,53.11064],[-2.86441,53.11143],[-2.87064,53.11107],[-2.86998,53.10921],[-2.8797,53.10892],[-2.87988,53.10452],[-2.88585,53.1043],[-2.88731,53.10463],[-2.88729,53.10545],[-2.88808,53.10577],[-2.89069,53.10507],[-2.89271,53.10407],[-2.8934,53.10424],[-2.89308,53.10579],[-2.89168,53.10759],[-2.89166,53.10945],[-2.89113,53.10954],[-2.88961,53.10888],[-2.88863,53.10892],[-2.8879,53.10927],[-2.88677,53.1108],[-2.88451,53.11107],[-2.88381,53.11152],[-2.88416,53.11351],[-2.88182,53.11796],[-2.88103,53.12132],[-2.88128,53.12173],[-2.88196,53.12181],[-2.88409,53.12065],[-2.88514,53.12046],[-2.88652,53.12141],[-2.88797,53.12071],[-2.88803,53.11982],[-2.8917,53.11875],[-2.89235,53.11835],[-2.89206,53.11797],[-2.89512,53.11649],[-2.89496,53.11544],[-2.89622,53.11438],[-2.89715,53.11396],[-2.89942,53.11405],[-2.90339,53.1118],[-2.90606,53.11225],[-2.90678,53.11281],[-2.90802,53.11311],[-2.90941,53.1131],[-2.90967,53.11266],[-2.91023,53.11264],[-2.91407,53.11393],[-2.91437,53.11433],[-2.9173,53.11479],[-2.9171,53.11526],[-2.91977,53.1161],[-2.91996,53.1168],[-2.92131,53.11729],[-2.92084,53.11842],[-2.92314,53.1181],[-2.92397,53.11858],[-2.92857,53.11983],[-2.92896,53.12031],[-2.93197,53.12011],[-2.93452,53.1215],[-2.93554,53.12147],[-2.93705,53.12084],[-2.9378,53.12089],[-2.94049,53.1224],[-2.94138,53.12222],[-2.94197,53.12157],[-2.94261,53.12138],[-2.94367,53.12163],[-2.94498,53.12228],[-2.94645,53.12687],[-2.9478,53.12775],[-2.95235,53.12859],[-2.95559,53.12994],[-2.95817,53.13041],[-2.96016,53.13248],[-2.9639,53.13277],[-2.9795,53.15062],[-2.97986,53.15048],[-2.9806,53.15078],[-2.98042,53.14934],[-2.98265,53.14886],[-2.98456,53.14778],[-2.98498,53.14879],[-2.98569,53.14879],[-2.9864,53.14946],[-2.9864,53.15039],[-2.98761,53.15163],[-2.9877,53.1521],[-2.9888,53.15265],[-2.99426,53.15361],[-2.99509,53.1542],[-2.99306,53.15492],[-2.99227,53.15666],[-2.99051,53.15696],[-2.99069,53.15721],[-2.98996,53.15754],[-2.98812,53.15693],[-2.98667,53.15797],[-2.98464,53.15859],[-2.98361,53.15805],[-2.98376,53.15761],[-2.98149,53.15629],[-2.97891,53.15719],[-2.9752,53.15742],[-2.97088,53.16078],[-2.96837,53.16059],[-2.96626,53.15986],[-2.96299,53.1619],[-2.96122,53.16275],[-2.95636,53.16378],[-2.95348,53.16535],[-2.95103,53.16595],[-2.94891,53.16601],[-2.94655,53.16711],[-2.94404,53.16525],[-2.93376,53.16944],[-2.9278,53.17147],[-2.92676,53.16999],[-2.92389,53.16809]]]}},{"type":"Feature","properties":{"id":"E01018336","name":"E01018336","parent":"E06000050","type":"LSOA","pop":1223,"r":260,"ff":69,"ffd":5641.9,"ffs":0.5,"g":119,"co":2,"mo":0,"sa":0,"ic":0},"geometry":{"type":"Polygon","coordinates":[[[-2.82118,53.2747],[-2.81858,53.27399],[-2.81718,53.27416],[-2.81617,53.27385],[-2.81483,53.27434],[-2.81482,53.27361],[-2.81443,53.27317],[-2.81395,53.27326],[-2.81377,53.27277],[-2.81395,53.27267],[-2.81367,53.27224],[-2.81268,53.27192],[-2.81297,53.27129],[-2.81449,53.27044],[-2.81425,53.27012],[-2.8169,53.26889],[-2.82021,53.26862],[-2.81937,53.27102],[-2.81902,53.27056],[-2.81852,53.27129],[-2.82209,53.27142],[-2.8223,53.27097],[-2.82382,53.2706],[-2.8258,53.27073],[-2.82651,53.2734],[-2.82277,53.27582],[-2.82118,53.2747]]]}},{"type":"Feature","properties":{"id":"E01018337","name":"E01018337","parent":"E06000050","type":"LSOA","pop":1249,"r":276,"ff":78,"ffd":6245.0,"ffs":0.52,"g":123,"co":2,"mo":0,"sa":0,"ic":0},"geometry":{"type":"Polygon","coordinates":[[[-2.81018,53.28252],[-2.8077,53.2811],[-2.80447,53.27981],[-2.79421,53.28004],[-2.78759,53.28092],[-2.78656,53.2808],[-2.78688,53.27882],[-2.78347,53.27768],[-2.78427,53.27566],[-2.78604,53.27377],[-2.79484,53.27035],[-2.79834,53.26862],[-2.80284,53.26584],[-2.81135,53.25894],[-2.81491,53.25902],[-2.81534,53.25733],[-2.81719,53.25618],[-2.81601,53.25127],[-2.81965,53.25247],[-2.82582,53.25335],[-2.83267,53.25384],[-2.84614,53.25014],[-2.84571,53.24978],[-2.8457,53.24867],[-2.84737,53.24664],[-2.85509,53.24254],[-2.85812,53.24019],[-2.85835,53.23948],[-2.85756,53.23855],[-2.85736,53.23658],[-2.85603,53.23397],[-2.85766,53.23205],[-2.85734,53.23131],[-2.85785,53.23039],[-2.85951,53.22919],[-2.8636,53.22755],[-2.86466,53.22913],[-2.86688,53.23085],[-2.86864,53.23157],[-2.87337,53.23521],[-2.87638,53.23653],[-2.87489,53.23837],[-2.87667,53.23854],[-2.8763,53.24143],[-2.87972,53.24202],[-2.87968,53.2424],[-2.88257,53.24298],[-2.88373,53.24593],[-2.88692,53.24561],[-2.88773,53.24664],[-2.88868,53.25002],[-2.89074,53.25],[-2.89133,53.25348],[-2.89238,53.25335],[-2.89558,53.25506],[-2.89872,53.25624],[-2.90057,53.25576],[-2.90219,53.25594],[-2.91031,53.25499],[-2.91184,53.25607],[-2.91015,53.25703],[-2.90722,53.2577],[-2.90695,53.25725],[-2.89724,53.25886],[-2.88662,53.2594],[-2.88386,53.25989],[-2.88376,53.26023],[-2.88424,53.26036],[-2.88241,53.26073],[-2.88383,53.26208],[-2.88261,53.26251],[-2.88232,53.26176],[-2.88132,53.26072],[-2.87538,53.26277],[-2.87184,53.26341],[-2.87521,53.26652],[-2.87653,53.26855],[-2.87668,53.26919],[-2.86297,53.27256],[-2.8627,53.27208],[-2.86063,53.27105],[-2.85992,53.27014],[-2.85804,53.2702],[-2.85585,53.26885],[-2.85428,53.26926],[-2.84625,53.26871],[-2.84632,53.26848],[-2.84321,53.26847],[-2.84111,53.26814],[-2.83992,53.26867],[-2.83935,53.26826],[-2.8362,53.27022],[-2.83432,53.26893],[-2.82651,53.2734],[-2.8258,53.27073],[-2.82382,53.2706],[-2.8223,53.27097],[-2.82209,53.27142],[-2.81852,53.27129],[-2.81902,53.27056],[-2.81937,53.27102],[-2.82021,53.26862],[-2.8169,53.26889],[-2.81538,53.26955],[-2.81425,53.27012],[-2.81449,53.27044],[-2.81297,53.27129],[-2.81268,53.27192],[-2.8108,53.27095],[-2.81126,53.27073],[-2.81092,53.27006],[-2.81019,53.27011],[-2.81007,53.27042],[-2.80883,53.27035],[-2.80865,53.27073],[-2.8078,53.27122],[-2.80689,53.2711],[-2.80691,53.27497],[-2.80818,53.27556],[-2.81084,53.27604],[-2.81054,53.2766],[-2.81027,53.27809],[-2.80962,53.27815],[-2.80966,53.27914],[-2.80889,53.27969],[-2.80951,53.28013],[-2.80868,53.28051],[-2.81352,53.27981],[-2.81464,53.28066],[-2.81305,53.28181],[-2.81235,53.28167],[-2.81018,53.28252]]]}},{"type":"Feature","properties":{"id":"E01018338","name":"E01018338","parent":"E06000050","type":"LSOA","pop":1720,"r":238,"ff":63,"ffd":3662.8,"ffs":0.4922,"g":107,"co":2,"mo":0,"sa":0,"ic":0},"geometry":{"type":"Polygon","coordinates":[[[-2.81464,53.28066],[-2.81352,53.27981],[-2.80868,53.28051],[-2.80951,53.28013],[-2.80889,53.27969],[-2.80966,53.27914],[-2.80962,53.27815],[-2.81027,53.27809],[-2.81054,53.2766],[-2.81084,53.27604],[-2.80818,53.27556],[-2.80691,53.27497],[-2.80689,53.2711],[-2.8078,53.27122],[-2.80865,53.27073],[-2.80883,53.27035],[-2.81007,53.27042],[-2.81019,53.27011],[-2.81092,53.27006],[-2.81126,53.27073],[-2.8108,53.27095],[-2.81367,53.27224],[-2.81395,53.27267],[-2.81377,53.27277],[-2.81395,53.27326],[-2.81443,53.27317],[-2.81482,53.27361],[-2.81483,53.27434],[-2.81617,53.27385],[-2.81718,53.27416],[-2.81858,53.27399],[-2.82118,53.2747],[-2.82277,53.27582],[-2.82022,53.27771],[-2.81464,53.28066]]]}},{"type":"Feature","properties":{"id":"E01018339","name":"E01018339","parent":"E06000050","type":"LSOA","pop":2641,"r":62,"ff":13,"ffd":492.2,"ffs":0.4194,"g":30,"co":2,"mo":2,"sa":2,"ic":0},"geometry":{"type":"Polygon","coordinates":[[[-2.84069,53.11187],[-2.84192,53.10888],[-2.84257,53.10247],[-2.8478,53.10196],[-2.84974,53.10217],[-2.84516,53.09463],[-2.84299,53.08673],[-2.84597,53.08646],[-2.84698,53.08394],[-2.84767,53.08045],[-2.84758,53.07811],[-2.84835,53.07657],[-2.84803,53.07482],[-2.8484,53.07403],[-2.84845,53.06879],[-2.85528,53.06731],[-2.85532,53.06361],[-2.85611,53.06244],[-2.85748,53.06117],[-2.85997,53.06046],[-2.8607,53.05986],[-2.86173,53.06021],[-2.86152,53.06082],[-2.86266,53.06167],[-2.86365,53.06314],[-2.86456,53.06338],[-2.86679,53.06327],[-2.86958,53.06379],[-2.87042,53.06425],[-2.87013,53.06484],[-2.86548,53.0661],[-2.86756,53.06692],[-2.86948,53.06991],[-2.87226,53.07037],[-2.87648,53.06894],[-2.87797,53.06917],[-2.87826,53.06999],[-2.87789,53.07089],[-2.87543,53.07259],[-2.87537,53.07324],[-2.87584,53.07354],[-2.8808,53.07396],[-2.88175,53.0746],[-2.88126,53.07553],[-2.87954,53.07627],[-2.87935,53.07783],[-2.87725,53.0792],[-2.87571,53.08138],[-2.87989,53.08353],[-2.89077,53.08741],[-2.89168,53.08806],[-2.89187,53.08998],[-2.89375,53.09161],[-2.89588,53.09187],[-2.90079,53.09087],[-2.90178,53.0916],[-2.90188,53.09319],[-2.89952,53.09381],[-2.8991,53.09421],[-2.89932,53.098],[-2.89667,53.09907],[-2.89514,53.09894],[-2.89418,53.09844],[-2.89391,53.09783],[-2.89445,53.09723],[-2.89698,53.09718],[-2.8977,53.09683],[-2.89732,53.09563],[-2.89673,53.09521],[-2.8933,53.09635],[-2.89188,53.09826],[-2.89049,53.0996],[-2.88731,53.10463],[-2.88585,53.1043],[-2.87988,53.10452],[-2.8797,53.10892],[-2.86998,53.10921],[-2.87064,53.11107],[-2.86441,53.11143],[-2.86246,53.11064],[-2.8606,53.11061],[-2.85608,53.11114],[-2.85515,53.10983],[-2.85179,53.11095],[-2.85075,53.10996],[-2.84591,53.11138],[-2.84069,53.11187]]]}},{"type":"Feature","properties":{"id":"E01018340","name":"E01018340","parent":"E06000050","type":"LSOA","pop":1695,"r":188,"ff":79,"ffd":4660.8,"ffs":0.5603,"g":45,"co":0,"mo":0,"sa":0,"ic":0},"geometry":{"type":"Polygon","coordinates":[[[-2.87031,53.18592],[-2.87079,53.18166],[-2.87134,53.18082],[-2.87991,53.18261],[-2.87935,53.18194],[-2.87938,53.18115],[-2.88048,53.18043],[-2.88197,53.1803],[-2.88157,53.18112],[-2.88217,53.18193],[-2.88298,53.18143],[-2.88351,53.1816],[-2.88297,53.18179],[-2.88318,53.18198],[-2.88221,53.18209],[-2.88185,53.18267],[-2.88433,53.18317],[-2.88562,53.18304],[-2.88573,53.18356],[-2.88668,53.18371],[-2.88645,53.18415],[-2.88686,53.18441],[-2.88724,53.18427],[-2.88751,53.18455],[-2.88698,53.18479],[-2.88753,53.18513],[-2.8882,53.1849],[-2.88838,53.18514],[-2.88797,53.18547],[-2.88835,53.18584],[-2.8856,53.18749],[-2.88081,53.18879],[-2.87632,53.19122],[-2.87496,53.19149],[-2.87341,53.19139],[-2.87161,53.19039],[-2.87093,53.18912],[-2.87087,53.18602],[-2.87031,53.18592]]]}},{"type":"Feature","properties":{"id":"E01018341","name":"E01018341","parent":"E06000050","type":"LSOA","pop":1101,"r":188,"ff":79,"ffd":7175.3,"ffs":0.5603,"g":45,"co":0,"mo":0,"sa":0,"ic":0},"geometry":{"type":"Polygon","coordinates":[[[-2.87157,53.18062],[-2.8817,53.17165],[-2.88139,53.17],[-2.88636,53.17006],[-2.89437,53.16887],[-2.90024,53.1693],[-2.89768,53.17244],[-2.89677,53.17431],[-2.89276,53.17362],[-2.89413,53.17511],[-2.89526,53.17781],[-2.89277,53.17829],[-2.89208,53.17937],[-2.89106,53.17965],[-2.89065,53.17949],[-2.89028,53.17798],[-2.88791,53.17895],[-2.888,53.17984],[-2.88742,53.18063],[-2.88501,53.18158],[-2.88461,53.18132],[-2.88351,53.1816],[-2.88298,53.18143],[-2.88217,53.18193],[-2.88157,53.18112],[-2.88197,53.1803],[-2.88048,53.18043],[-2.87938,53.18115],[-2.87935,53.18194],[-2.87991,53.18261],[-2.87134,53.18082],[-2.87157,53.18062]]]}},{"type":"Feature","properties":{"id":"E01018342","name":"E01018342","parent":"E06000050","type":"LSOA","pop":1832,"r":194,"ff":81,"ffd":4421.4,"ffs":0.5664,"g":49,"co":0,"mo":0,"sa":0,"ic":0},"geometry":{"type":"Polygon","coordinates":[[[-2.88838,53.18514],[-2.8882,53.1849],[-2.88753,53.18513],[-2.88698,53.18479],[-2.88751,53.18455],[-2.88724,53.18427],[-2.88686,53.18441],[-2.88645,53.18415],[-2.88668,53.18371],[-2.88573,53.18356],[-2.88562,53.18304],[-2.88433,53.18317],[-2.88185,53.18267],[-2.88221,53.18209],[-2.88318,53.18198],[-2.88297,53.18179],[-2.88461,53.18132],[-2.88501,53.18158],[-2.88742,53.18063],[-2.888,53.17984],[-2.88791,53.17895],[-2.89028,53.17798],[-2.89065,53.17949],[-2.89106,53.17965],[-2.89208,53.17937],[-2.89277,53.17829],[-2.89526,53.17781],[-2.89413,53.17511],[-2.89276,53.17362],[-2.89677,53.17431],[-2.89669,53.17995],[-2.89614,53.1832],[-2.89275,53.1834],[-2.88838,53.18514]]]}},{"type":"Feature","properties":{"id":"E01018343","name":"E01018343","parent":"E06000050","type":"LSOA","pop":1714,"r":272,"ff":108,"ffd":6301.1,"ffs":0.5684,"g":79,"co":0,"mo":0,"sa":0,"ic":0},"geometry":{"type":"Polygon","coordinates":[[[-2.87093,53.20059],[-2.87178,53.1997],[-2.87255,53.19987],[-2.87478,53.19922],[-2.87458,53.19878],[-2.87508,53.19867],[-2.87485,53.19811],[-2.87517,53.19805],[-2.87654,53.19853],[-2.87665,53.19787],[-2.8779,53.19805],[-2.87544,53.19711],[-2.87558,53.19694],[-2.87441,53.19649],[-2.87413,53.19665],[-2.87395,53.19608],[-2.87347,53.19602],[-2.87313,53.19606],[-2.87354,53.19846],[-2.87274,53.1985],[-2.87258,53.19779],[-2.8708,53.19738],[-2.87037,53.19686],[-2.87104,53.19657],[-2.86919,53.19601],[-2.86983,53.19549],[-2.86944,53.19515],[-2.87088,53.19498],[-2.87627,53.19552],[-2.88262,53.19788],[-2.88035,53.19865],[-2.87845,53.19967],[-2.87128,53.20211],[-2.87091,53.20167],[-2.87142,53.20089],[-2.87093,53.20059]]]}},{"type":"Feature","properties":{"id":"E01018344","name":"E01018344","parent":"E06000050","type":"LSOA","pop":1952,"r":278,"ff":111,"ffd":5686.5,"ffs":0.5751,"g":82,"co":0,"mo":0,"sa":0,"ic":0},"geometry":{"type":"Polygon","coordinates":[[[-2.86783,53.19976],[-2.86721,53.19913],[-2.86652,53.19932],[-2.86565,53.19855],[-2.86504,53.19879],[-2.86383,53.1977],[-2.86944,53.19515],[-2.86983,53.19549],[-2.86919,53.19601],[-2.87104,53.19657],[-2.87037,53.19686],[-2.8708,53.19738],[-2.87258,53.19779],[-2.87274,53.1985],[-2.87354,53.19846],[-2.87313,53.19606],[-2.87347,53.19602],[-2.87395,53.19608],[-2.87413,53.19665],[-2.87441,53.19649],[-2.87558,53.19694],[-2.87544,53.19711],[-2.8779,53.19805],[-2.87665,53.19787],[-2.87654,53.19853],[-2.87517,53.19805],[-2.87485,53.19811],[-2.87508,53.19867],[-2.87458,53.19878],[-2.87478,53.19922],[-2.87255,53.19987],[-2.87178,53.1997],[-2.87093,53.20059],[-2.87142,53.20089],[-2.87091,53.20167],[-2.87128,53.20211],[-2.87012,53.20258],[-2.86758,53.20025],[-2.86783,53.19976]]]}},{"type":"Feature","properties":{"id":"E01018345","name":"E01018345","parent":"E06000050","type":"LSOA","pop":1335,"r":290,"ff":113,"ffd":8464.4,"ffs":0.565,"g":87,"co":0,"mo":0,"sa":0,"ic":0},"geometry":{"type":"Polygon","coordinates":[[[-2.86404,53.20217],[-2.86371,53.20062],[-2.86244,53.20101],[-2.86087,53.20081],[-2.86038,53.20117],[-2.86099,53.20169],[-2.86096,53.20388],[-2.86021,53.20375],[-2.86033,53.20179],[-2.85872,53.20229],[-2.85827,53.202],[-2.85774,53.20227],[-2.85751,53.20314],[-2.8565,53.20375],[-2.85605,53.20351],[-2.85611,53.20297],[-2.85545,53.20318],[-2.8541,53.20221],[-2.86383,53.1977],[-2.86504,53.19879],[-2.86565,53.19855],[-2.86652,53.19932],[-2.86721,53.19913],[-2.86783,53.19976],[-2.86758,53.20025],[-2.86979,53.20229],[-2.86725,53.20258],[-2.86565,53.20386],[-2.8645,53.20392],[-2.86473,53.20362],[-2.86404,53.20217]]]}},{"type":"Feature","properties":{"id":"E01018346","name":"E01018346","parent":"E06000050","type":"LSOA","pop":1546,"r":298,"ff":116,"ffd":7503.2,"ffs":0.5659,"g":90,"co":0,"mo":0,"sa":0,"ic":0},"geometry":{"type":"Polygon","coordinates":[[[-2.85878,53.20687],[-2.86162,53.20656],[-2.86098,53.20657],[-2.86116,53.20596],[-2.86237,53.20583],[-2.86228,53.20624],[-2.8636,53.20561],[-2.8632,53.20547],[-2.86352,53.20481],[-2.86393,53.20498],[-2.864,53.20409],[-2.86565,53.20386],[-2.86725,53.20258],[-2.86979,53.20229],[-2.87012,53.20258],[-2.8745,53.20099],[-2.87613,53.20343],[-2.87301,53.20416],[-2.86438,53.20716],[-2.86047,53.2082],[-2.85895,53.20742],[-2.85878,53.20687]]]}},{"type":"Feature","properties":{"id":"E01018347","name":"E01018347","parent":"E06000050","type":"LSOA","pop":1356,"r":307,"ff":116,"ffd":8554.6,"ffs":0.5577,"g":96,"co":0,"mo":0,"sa":0,"ic":0},"geometry":{"type":"Polygon","coordinates":[[[-2.85878,53.20687],[-2.85785,53.20638],[-2.85668,53.2044],[-2.85545,53.20318],[-2.85611,53.20297],[-2.85605,53.20351],[-2.8565,53.20375],[-2.85751,53.20314],[-2.85774,53.20227],[-2.85827,53.202],[-2.85872,53.20229],[-2.86033,53.20179],[-2.86021,53.20375],[-2.86096,53.20388],[-2.86099,53.20169],[-2.86038,53.20117],[-2.86087,53.20081],[-2.86244,53.20101],[-2.86371,53.20062],[-2.86404,53.20217],[-2.86473,53.20362],[-2.8645,53.20392],[-2.864,53.20409],[-2.86393,53.20498],[-2.86352,53.20481],[-2.8632,53.20547],[-2.8636,53.20561],[-2.86228,53.20624],[-2.86237,53.20583],[-2.86116,53.20596],[-2.86098,53.20657],[-2.86162,53.20656],[-2.85878,53.20687]]]}},{"type":"Feature","properties":{"id":"E01018349","name":"E01018349","parent":"E06000050","type":"LSOA","pop":1857,"r":1,"ff":0,"ffd":0.0,"ffs":0.0,"g":0,"co":1,"mo":3,"sa":3,"ic":1},"geometry":{"type":"Polygon","coordinates":[[[-2.71611,53.23813],[-2.71556,53.23777],[-2.71415,53.23789],[-2.71217,53.23589],[-2.71182,53.23457],[-2.71192,53.23391],[-2.71095,53.23298],[-2.70821,53.23169],[-2.70699,53.23021],[-2.70617,53.22989],[-2.70754,53.22878],[-2.70825,53.22751],[-2.70861,53.22763],[-2.70971,53.22699],[-2.71046,53.22614],[-2.71247,53.21943],[-2.71396,53.21874],[-2.71647,53.21623],[-2.72176,53.21594],[-2.72235,53.21486],[-2.72376,53.21489],[-2.72132,53.21345],[-2.72074,53.2117],[-2.72111,53.2106],[-2.71942,53.20902],[-2.71988,53.208],[-2.71906,53.20725],[-2.7167,53.2068],[-2.71626,53.20508],[-2.71478,53.20492],[-2.71374,53.20521],[-2.7146,53.20684],[-2.71194,53.20635],[-2.71179,53.20608],[-2.71003,53.20616],[-2.71029,53.20552],[-2.71174,53.20529],[-2.71229,53.20472],[-2.71161,53.20392],[-2.71006,53.20356],[-2.71052,53.20331],[-2.70806,53.2006],[-2.70712,53.19837],[-2.70791,53.1982],[-2.70818,53.19915],[-2.72904,53.19598],[-2.73365,53.19841],[-2.73515,53.20029],[-2.73764,53.20154],[-2.74229,53.20208],[-2.74343,53.20119],[-2.74443,53.20168],[-2.74555,53.20139],[-2.74658,53.20164],[-2.74691,53.20191],[-2.74648,53.20253],[-2.74736,53.20338],[-2.74827,53.20327],[-2.74841,53.20391],[-2.74963,53.2047],[-2.7514,53.20574],[-2.75232,53.20573],[-2.75271,53.20601],[-2.7523,53.20647],[-2.75311,53.20672],[-2.74965,53.21046],[-2.7492,53.21142],[-2.74965,53.21199],[-2.74868,53.2137],[-2.75327,53.21506],[-2.75492,53.21472],[-2.75418,53.21649],[-2.75339,53.21714],[-2.75479,53.21796],[-2.74639,53.22168],[-2.74604,53.22136],[-2.74335,53.22188],[-2.74202,53.22286],[-2.74094,53.22318],[-2.73997,53.22381],[-2.74065,53.22497],[-2.74,53.22505],[-2.73927,53.22569],[-2.73817,53.2258],[-2.7373,53.22689],[-2.73347,53.22901],[-2.73237,53.2287],[-2.73072,53.22898],[-2.73122,53.23021],[-2.73095,53.23065],[-2.72968,53.23132],[-2.72493,53.23225],[-2.72434,53.23289],[-2.72429,53.23388],[-2.72342,53.23453],[-2.72104,53.23471],[-2.72085,53.23543],[-2.71993,53.23599],[-2.71922,53.23576],[-2.71811,53.23598],[-2.71806,53.23684],[-2.71713,53.23813],[-2.71611,53.23813]]]}},{"type":"Feature","properties":{"id":"E01018350","name":"E01018350","parent":"E06000050","type":"LSOA","pop":2242,"r":0,"ff":0,"ffd":0.0,"ffs":null,"g":0,"co":1,"mo":3,"sa":3,"ic":1},"geometry":{"type":"Polygon","coordinates":[[[-2.70348,53.22757],[-2.7031,53.22633],[-2.70307,53.2245],[-2.70412,53.2201],[-2.70486,53.21903],[-2.7042,53.21508],[-2.70245,53.21494],[-2.70067,53.21438],[-2.70162,53.20691],[-2.70333,53.2073],[-2.70459,53.20707],[-2.70478,53.20528],[-2.70551,53.2052],[-2.7057,53.20425],[-2.70765,53.20423],[-2.7078,53.20453],[-2.70895,53.2035],[-2.70954,53.20383],[-2.71006,53.20356],[-2.71161,53.20392],[-2.71229,53.20472],[-2.71174,53.20529],[-2.71029,53.20552],[-2.71003,53.20616],[-2.71179,53.20608],[-2.71194,53.20635],[-2.7146,53.20684],[-2.71374,53.20521],[-2.71478,53.20492],[-2.71626,53.20508],[-2.7167,53.2068],[-2.71906,53.20725],[-2.71988,53.208],[-2.71942,53.20902],[-2.72111,53.2106],[-2.72074,53.2117],[-2.72132,53.21345],[-2.72376,53.21489],[-2.72235,53.21486],[-2.72176,53.21594],[-2.71647,53.21623],[-2.71396,53.21874],[-2.71247,53.21943],[-2.71046,53.22614],[-2.70971,53.22699],[-2.70861,53.22763],[-2.70825,53.22751],[-2.70754,53.22878],[-2.70617,53.22989],[-2.70521,53.22978],[-2.70467,53.22853],[-2.70348,53.22757]]]}},{"type":"Feature","properties":{"id":"E01018351","name":"E01018351","parent":"E06000050","type":"LSOA","pop":1432,"r":185,"ff":75,"ffd":5237.4,"ffs":0.5435,"g":45,"co":0,"mo":0,"sa":0,"ic":0},"geometry":{"type":"Polygon","coordinates":[[[-2.91597,53.17568],[-2.91592,53.17542],[-2.91522,53.17558],[-2.9154,53.17535],[-2.91487,53.17516],[-2.91472,53.17478],[-2.91382,53.1745],[-2.91395,53.17375],[-2.91492,53.17336],[-2.91481,53.17284],[-2.91601,53.17281],[-2.91686,53.17183],[-2.91647,53.17116],[-2.91374,53.16946],[-2.91723,53.16928],[-2.91793,53.16964],[-2.91734,53.17002],[-2.91738,53.17074],[-2.91792,53.17108],[-2.91801,53.16974],[-2.91856,53.16988],[-2.91854,53.17086],[-2.91936,53.17083],[-2.91955,53.17108],[-2.92012,53.17079],[-2.9214,53.17132],[-2.92101,53.17254],[-2.92067,53.17272],[-2.92065,53.17381],[-2.92093,53.17474],[-2.91902,53.17606],[-2.91865,53.17597],[-2.91846,53.1756],[-2.91754,53.1764],[-2.91736,53.17609],[-2.91597,53.17568]]]}},{"type":"Feature","properties":{"id":"E01018352","name":"E01018352","parent":"E06000050","type":"LSOA","pop":1946,"r":184,"ff":75,"ffd":3854.1,"ffs":0.5435,"g":44,"co":0,"mo":0,"sa":0,"ic":0},"geometry":{"type":"Polygon","coordinates":[[[-2.91526,53.1794],[-2.9156,53.17904],[-2.91505,53.17869],[-2.91408,53.17843],[-2.91426,53.17794],[-2.91357,53.17685],[-2.91485,53.17608],[-2.91572,53.17634],[-2.91575,53.17671],[-2.91641,53.17668],[-2.91671,53.17635],[-2.91725,53.17663],[-2.91846,53.1756],[-2.91865,53.17597],[-2.91902,53.17606],[-2.92093,53.17474],[-2.92065,53.17381],[-2.92067,53.17272],[-2.92101,53.17254],[-2.92375,53.17306],[-2.92449,53.17303],[-2.9241,53.17253],[-2.92552,53.17056],[-2.92367,53.1705],[-2.92392,53.17098],[-2.92325,53.17102],[-2.92357,53.1693],[-2.92454,53.16863],[-2.92676,53.16999],[-2.9278,53.17147],[-2.92732,53.1718],[-2.92659,53.17336],[-2.92285,53.17529],[-2.92138,53.17667],[-2.9209,53.17719],[-2.92032,53.17943],[-2.9172,53.17984],[-2.91526,53.1794]]]}},{"type":"Feature","properties":{"id":"E01018353","name":"E01018353","parent":"E06000050","type":"LSOA","pop":1494,"r":185,"ff":75,"ffd":5020.1,"ffs":0.5396,"g":44,"co":0,"mo":0,"sa":0,"ic":0},"geometry":{"type":"Polygon","coordinates":[[[-2.91143,53.17771],[-2.90859,53.17475],[-2.90704,53.17374],[-2.90747,53.17336],[-2.91004,53.17206],[-2.91154,53.17012],[-2.91321,53.16893],[-2.91526,53.1705],[-2.91647,53.17116],[-2.91686,53.17183],[-2.91601,53.17281],[-2.91481,53.17284],[-2.91492,53.17336],[-2.91395,53.17375],[-2.91382,53.1745],[-2.91472,53.17478],[-2.91487,53.17516],[-2.9154,53.17535],[-2.91522,53.17558],[-2.91592,53.17542],[-2.91597,53.17568],[-2.91736,53.17609],[-2.91754,53.1764],[-2.91725,53.17663],[-2.91671,53.17635],[-2.91641,53.17668],[-2.91575,53.17671],[-2.91572,53.17634],[-2.91485,53.17608],[-2.91357,53.17685],[-2.91426,53.17794],[-2.91408,53.17843],[-2.91505,53.17869],[-2.9156,53.17904],[-2.91526,53.1794],[-2.91158,53.17848],[-2.91143,53.17771]]]}},{"type":"Feature","properties":{"id":"E01018354","name":"E01018354","parent":"E06000050","type":"LSOA","pop":1689,"r":188,"ff":75,"ffd":4440.5,"ffs":0.5396,"g":47,"co":0,"mo":0,"sa":0,"ic":0},"geometry":{"type":"Polygon","coordinates":[[[-2.9214,53.17132],[-2.92012,53.17079],[-2.91955,53.17108],[-2.91936,53.17083],[-2.91854,53.17086],[-2.91856,53.16988],[-2.91801,53.16974],[-2.91792,53.17108],[-2.91738,53.17074],[-2.91734,53.17002],[-2.91793,53.16964],[-2.91723,53.16928],[-2.91374,53.16946],[-2.91321,53.16893],[-2.91394,53.16864],[-2.91811,53.16578],[-2.9187,53.16599],[-2.92089,53.16442],[-2.92486,53.16543],[-2.92399,53.16669],[-2.92452,53.16667],[-2.92389,53.16809],[-2.92454,53.16863],[-2.92357,53.1693],[-2.92325,53.17102],[-2.92392,53.17098],[-2.92367,53.1705],[-2.92552,53.17056],[-2.9241,53.17253],[-2.92449,53.17303],[-2.92375,53.17306],[-2.92101,53.17254],[-2.9214,53.17132]]]}},{"type":"Feature","properties":{"id":"E01018355","name":"E01018355","parent":"E06000050","type":"LSOA","pop":1412,"r":9,"ff":7,"ffd":495.8,"ffs":0.7778,"g":0,"co":3,"mo":3,"sa":3,"ic":1},"geometry":{"type":"Polygon","coordinates":[[[-2.77382,53.02142],[-2.76897,53.02081],[-2.76829,53.02135],[-2.76754,53.02127],[-2.76736,53.02153],[-2.76785,53.02178],[-2.76744,53.02202],[-2.76596,53.02178],[-2.7657,53.02225],[-2.76468,53.02231],[-2.76386,53.02333],[-2.76291,53.02242],[-2.76203,53.02227],[-2.76237,53.02246],[-2.76049,53.02287],[-2.76102,53.02188],[-2.76084,53.02061],[-2.76029,53.02086],[-2.7593,53.02278],[-2.757,53.02222],[-2.757,53.02171],[-2.75498,53.01981],[-2.75173,53.01769],[-2.75089,53.01748],[-2.74685,53.01473],[-2.74152,53.01307],[-2.74193,53.01262],[-2.74302,53.01234],[-2.74361,53.01166],[-2.74666,53.01071],[-2.74709,53.01024],[-2.74685,53.00965],[-2.74921,53.00756],[-2.75289,53.00682],[-2.7544,53.00579],[-2.75728,53.0072],[-2.76116,53.00823],[-2.76011,53.00919],[-2.7644,53.01085],[-2.76531,53.01048],[-2.76623,53.01086],[-2.76696,53.00997],[-2.77023,53.00947],[-2.77182,53.00881],[-2.78081,53.00651],[-2.78387,53.00627],[-2.78506,53.00896],[-2.78591,53.00972],[-2.78378,53.01408],[-2.78579,53.0162],[-2.78847,53.01699],[-2.78593,53.02079],[-2.78522,53.02266],[-2.78365,53.02367],[-2.7792,53.02482],[-2.77825,53.02423],[-2.77279,53.0229],[-2.77382,53.02142]]]}},{"type":"Feature","properties":{"id":"E01018356","name":"E01018356","parent":"E06000050","type":"LSOA","pop":1700,"r":9,"ff":7,"ffd":411.8,"ffs":0.7778,"g":0,"co":3,"mo":3,"sa":3,"ic":1},"geometry":{"type":"Polygon","coordinates":[[[-2.73968,53.06242],[-2.74017,53.06128],[-2.73726,53.061],[-2.73755,53.06046],[-2.73571,53.06019],[-2.73592,53.05978],[-2.73472,53.05868],[-2.73242,53.05768],[-2.73445,53.0566],[-2.73464,53.05503],[-2.73411,53.05467],[-2.7305,53.0535],[-2.72946,53.05262],[-2.72901,53.05164],[-2.72649,53.05113],[-2.72327,53.04882],[-2.72213,53.049],[-2.71912,53.04614],[-2.71921,53.04485],[-2.71836,53.04427],[-2.71822,53.04553],[-2.71628,53.04763],[-2.71046,53.04821],[-2.70929,53.05019],[-2.70964,53.05225],[-2.70725,53.05297],[-2.70459,53.05318],[-2.70493,53.05399],[-2.70241,53.05432],[-2.70014,53.05312],[-2.69386,53.05184],[-2.69141,53.05005],[-2.6892,53.04931],[-2.67913,53.04364],[-2.66882,53.03865],[-2.67128,53.03661],[-2.67231,53.03403],[-2.67749,53.03317],[-2.67868,53.03269],[-2.67825,53.03235],[-2.67881,53.03198],[-2.67828,53.03146],[-2.67896,53.03095],[-2.67837,53.02799],[-2.67928,53.02674],[-2.67932,53.02594],[-2.67962,53.02562],[-2.68248,53.0249],[-2.68319,53.02349],[-2.68502,53.02171],[-2.68254,53.02024],[-2.67832,53.01501],[-2.68013,53.01521],[-2.68563,53.01358],[-2.68876,53.01227],[-2.69046,53.00751],[-2.69378,53.00277],[-2.69632,53.00051],[-2.69929,52.99544],[-2.70077,52.99327],[-2.70621,52.98926],[-2.71188,52.98608],[-2.71514,52.98505],[-2.71806,52.98842],[-2.71951,52.99122],[-2.72826,52.99725],[-2.73024,52.99755],[-2.73143,52.99815],[-2.73294,52.99745],[-2.73379,52.99796],[-2.73536,53.00205],[-2.73813,53.00255],[-2.7417,53.00457],[-2.7434,53.00498],[-2.74636,53.00515],[-2.74827,53.00597],[-2.74933,53.00606],[-2.75037,53.00674],[-2.75325,53.00653],[-2.75444,53.00485],[-2.75711,53.00347],[-2.75708,53.00285],[-2.75764,53.00287],[-2.75894,53.00423],[-2.76069,53.00479],[-2.76205,53.00583],[-2.76301,53.00708],[-2.76468,53.00722],[-2.76466,53.00771],[-2.7658,53.00779],[-2.76682,53.00658],[-2.76875,53.00743],[-2.76689,53.00921],[-2.76755,53.00938],[-2.76758,53.00981],[-2.76696,53.00997],[-2.76623,53.01086],[-2.76531,53.01048],[-2.7644,53.01085],[-2.76011,53.00919],[-2.76116,53.00823],[-2.75728,53.0072],[-2.7544,53.00579],[-2.75289,53.00682],[-2.74921,53.00756],[-2.74685,53.00965],[-2.74709,53.01024],[-2.74666,53.01071],[-2.74361,53.01166],[-2.74302,53.01234],[-2.74193,53.01262],[-2.74152,53.01307],[-2.74073,53.01413],[-2.74127,53.01607],[-2.73973,53.01756],[-2.73904,53.01776],[-2.73841,53.01921],[-2.73861,53.01975],[-2.73747,53.02116],[-2.73165,53.02087],[-2.73109,53.02117],[-2.73149,53.02263],[-2.73082,53.02311],[-2.73071,53.02424],[-2.72891,53.02495],[-2.72918,53.02587],[-2.72994,53.02575],[-2.73029,53.02665],[-2.73291,53.02589],[-2.7349,53.02804],[-2.73692,53.02753],[-2.73667,53.02697],[-2.73826,53.02653],[-2.73895,53.02676],[-2.73972,53.02879],[-2.73906,53.02914],[-2.74109,53.03306],[-2.74515,53.03497],[-2.74708,53.03541],[-2.75039,53.0355],[-2.75013,53.03575],[-2.75121,53.03612],[-2.75304,53.03459],[-2.75692,53.03598],[-2.75772,53.03515],[-2.75977,53.03454],[-2.76558,53.03356],[-2.77365,53.03004],[-2.77615,53.03314],[-2.77999,53.0358],[-2.78066,53.03742],[-2.78253,53.03952],[-2.78495,53.04076],[-2.78607,53.04305],[-2.79224,53.04713],[-2.79168,53.04735],[-2.7926,53.04843],[-2.78953,53.04855],[-2.78938,53.04989],[-2.78962,53.05234],[-2.78919,53.05585],[-2.7907,53.05652],[-2.78802,53.05813],[-2.78696,53.058],[-2.78525,53.05879],[-2.78396,53.05861],[-2.78132,53.0588],[-2.77921,53.05818],[-2.77597,53.05796],[-2.77446,53.05826],[-2.77395,53.05801],[-2.77315,53.05842],[-2.77133,53.05809],[-2.76941,53.05684],[-2.7628,53.05559],[-2.7599,53.05552],[-2.75795,53.0548],[-2.75625,53.0552],[-2.75413,53.05524],[-2.75254,53.05463],[-2.75124,53.05338],[-2.75026,53.05322],[-2.74824,53.05361],[-2.75013,53.05473],[-2.75094,53.05579],[-2.75239,53.05969],[-2.75409,53.06212],[-2.75381,53.06244],[-2.75273,53.06222],[-2.75212,53.06254],[-2.75235,53.06269],[-2.75056,53.06478],[-2.75169,53.06541],[-2.75304,53.067],[-2.75293,53.06923],[-2.74364,53.06591],[-2.74106,53.06457],[-2.74188,53.06342],[-2.73968,53.06242]]]}},{"type":"Feature","properties":{"id":"E01018357","name":"E01018357","parent":"E06000050","type":"LSOA","pop":2098,"r":9,"ff":7,"ffd":333.7,"ffs":0.7778,"g":0,"co":3,"mo":3,"sa":3,"ic":1},"geometry":{"type":"Polygon","coordinates":[[[-2.78495,53.04076],[-2.78253,53.03952],[-2.78066,53.03742],[-2.77999,53.0358],[-2.77615,53.03314],[-2.77365,53.03004],[-2.76558,53.03356],[-2.75977,53.03454],[-2.75772,53.03515],[-2.75692,53.03598],[-2.75304,53.03459],[-2.75121,53.03612],[-2.75013,53.03575],[-2.75039,53.0355],[-2.74708,53.03541],[-2.74515,53.03497],[-2.74109,53.03306],[-2.73906,53.02914],[-2.73972,53.02879],[-2.73895,53.02676],[-2.73826,53.02653],[-2.73667,53.02697],[-2.73692,53.02753],[-2.7349,53.02804],[-2.73291,53.02589],[-2.73029,53.02665],[-2.72994,53.02575],[-2.72918,53.02587],[-2.72891,53.02495],[-2.73071,53.02424],[-2.73082,53.02311],[-2.73149,53.02263],[-2.73109,53.02117],[-2.73165,53.02087],[-2.73747,53.02116],[-2.73861,53.01975],[-2.73841,53.01921],[-2.73904,53.01776],[-2.73973,53.01756],[-2.74127,53.01607],[-2.74073,53.01413],[-2.74152,53.01307],[-2.74685,53.01473],[-2.75089,53.01748],[-2.75173,53.01769],[-2.75498,53.01981],[-2.757,53.02171],[-2.757,53.02222],[-2.7593,53.02278],[-2.76029,53.02086],[-2.76084,53.02061],[-2.76102,53.02188],[-2.76049,53.02287],[-2.76237,53.02246],[-2.76203,53.02227],[-2.76291,53.02242],[-2.76386,53.02333],[-2.76468,53.02231],[-2.7657,53.02225],[-2.76596,53.02178],[-2.76744,53.02202],[-2.76785,53.02178],[-2.76736,53.02153],[-2.76754,53.02127],[-2.76829,53.02135],[-2.76897,53.02081],[-2.77382,53.02142],[-2.77279,53.0229],[-2.77825,53.02423],[-2.7792,53.02482],[-2.78365,53.02367],[-2.78522,53.02266],[-2.78593,53.02079],[-2.78847,53.01699],[-2.78579,53.0162],[-2.78378,53.01408],[-2.78591,53.00972],[-2.78506,53.00896],[-2.78387,53.00627],[-2.78081,53.00651],[-2.77182,53.00881],[-2.77023,53.00947],[-2.76758,53.00981],[-2.76755,53.00938],[-2.76689,53.00921],[-2.76875,53.00743],[-2.76682,53.00658],[-2.7658,53.00779],[-2.76466,53.00771],[-2.76468,53.00722],[-2.76301,53.00708],[-2.76205,53.00583],[-2.76069,53.00479],[-2.75894,53.00423],[-2.75764,53.00287],[-2.75708,53.00285],[-2.75711,53.00347],[-2.75444,53.00485],[-2.75325,53.00653],[-2.75037,53.00674],[-2.74933,53.00606],[-2.74827,53.00597],[-2.74636,53.00515],[-2.7434,53.00498],[-2.7417,53.00457],[-2.73813,53.00255],[-2.73536,53.00205],[-2.73379,52.99796],[-2.73294,52.99745],[-2.73143,52.99815],[-2.73024,52.99755],[-2.72826,52.99725],[-2.71951,52.99122],[-2.71806,52.98842],[-2.71514,52.98505],[-2.71587,52.98438],[-2.71705,52.98397],[-2.71748,52.9842],[-2.71954,52.98383],[-2.7203,52.984],[-2.7251,52.98294],[-2.72684,52.98327],[-2.72741,52.98398],[-2.72812,52.98397],[-2.72892,52.98448],[-2.72924,52.98428],[-2.73022,52.98447],[-2.73097,52.98423],[-2.7317,52.98454],[-2.73339,52.9843],[-2.73477,52.98503],[-2.73537,52.98463],[-2.73633,52.98499],[-2.73636,52.98461],[-2.73674,52.9846],[-2.73935,52.98554],[-2.73955,52.98585],[-2.74022,52.98573],[-2.74094,52.98656],[-2.74204,52.98645],[-2.74372,52.98715],[-2.74573,52.98714],[-2.74625,52.98678],[-2.74801,52.98665],[-2.75075,52.98688],[-2.75358,52.98617],[-2.75848,52.98613],[-2.7598,52.98638],[-2.76152,52.98742],[-2.76177,52.98821],[-2.76169,52.98945],[-2.76119,52.98961],[-2.76092,52.99039],[-2.76107,52.99101],[-2.76256,52.99146],[-2.76291,52.99215],[-2.76416,52.9927],[-2.76443,52.99351],[-2.76512,52.99387],[-2.76553,52.99377],[-2.76562,52.99414],[-2.76635,52.99411],[-2.76681,52.99466],[-2.76782,52.99436],[-2.76822,52.99479],[-2.76864,52.99475],[-2.76977,52.99399],[-2.77041,52.99398],[-2.77087,52.99328],[-2.7716,52.99404],[-2.77258,52.99392],[-2.77368,52.99471],[-2.77448,52.99447],[-2.77594,52.9947],[-2.77643,52.99445],[-2.77688,52.99475],[-2.77677,52.99437],[-2.77836,52.9941],[-2.77825,52.9937],[-2.77965,52.99336],[-2.78047,52.99376],[-2.78038,52.99402],[-2.78103,52.99388],[-2.78152,52.99422],[-2.78112,52.99473],[-2.78156,52.99529],[-2.7808,52.99553],[-2.78118,52.99565],[-2.78067,52.99578],[-2.7809,52.99619],[-2.7819,52.99628],[-2.78358,52.99541],[-2.78381,52.99575],[-2.78386,52.99526],[-2.78436,52.99505],[-2.78405,52.99467],[-2.7849,52.99392],[-2.78609,52.99414],[-2.78763,52.99531],[-2.78928,52.99577],[-2.79074,52.99533],[-2.79174,52.99466],[-2.79151,52.99435],[-2.79423,52.99289],[-2.79393,52.99241],[-2.79206,52.99208],[-2.7918,52.99125],[-2.79331,52.99068],[-2.79439,52.99076],[-2.79468,52.9914],[-2.79607,52.99167],[-2.79632,52.99135],[-2.79713,52.99131],[-2.7975,52.99061],[-2.79706,52.99062],[-2.79803,52.98947],[-2.7993,52.98964],[-2.8005,52.99075],[-2.80095,52.99056],[-2.8009,52.99097],[-2.80176,52.99077],[-2.80183,52.99039],[-2.80219,52.99055],[-2.80267,52.98979],[-2.80331,52.98959],[-2.8039,52.98998],[-2.80351,52.9902],[-2.80414,52.99108],[-2.80389,52.99153],[-2.8058,52.99179],[-2.80676,52.99155],[-2.80714,52.99187],[-2.81027,52.99175],[-2.80988,52.9927],[-2.81283,52.99276],[-2.81265,52.99249],[-2.81308,52.99235],[-2.81344,52.99292],[-2.81401,52.99274],[-2.81406,52.99308],[-2.81521,52.99309],[-2.81623,52.99377],[-2.81724,52.99358],[-2.81934,52.99431],[-2.82069,52.99442],[-2.82252,52.99352],[-2.82368,52.99359],[-2.82406,52.99333],[-2.82779,52.99437],[-2.82826,52.9954],[-2.82919,52.99537],[-2.8311,52.99614],[-2.83223,52.99602],[-2.83206,52.99645],[-2.83603,52.99714],[-2.83559,52.99749],[-2.83602,52.99779],[-2.8349,52.99823],[-2.83483,52.99868],[-2.83613,53.00062],[-2.83618,53.0016],[-2.83701,53.00192],[-2.83736,53.00289],[-2.83796,53.00291],[-2.83843,53.00522],[-2.8388,53.00523],[-2.83987,53.00695],[-2.84061,53.00717],[-2.84086,53.00853],[-2.84071,53.01044],[-2.83863,53.0102],[-2.83775,53.01056],[-2.83792,53.0109],[-2.83848,53.01094],[-2.84125,53.01426],[-2.8435,53.01538],[-2.84426,53.0165],[-2.84406,53.01763],[-2.84027,53.01738],[-2.83911,53.01674],[-2.83736,53.01724],[-2.83585,53.01699],[-2.83304,53.01718],[-2.83047,53.0164],[-2.82922,53.01638],[-2.82788,53.01778],[-2.8301,53.01827],[-2.83115,53.0182],[-2.83154,53.02072],[-2.83085,53.0213],[-2.8297,53.02125],[-2.82729,53.02183],[-2.82494,53.02346],[-2.82362,53.02367],[-2.82371,53.02561],[-2.82235,53.02678],[-2.82073,53.02693],[-2.81871,53.02613],[-2.81748,53.02604],[-2.81767,53.02429],[-2.81664,53.02355],[-2.81679,53.02298],[-2.81593,53.02297],[-2.81354,53.02215],[-2.81172,53.0263],[-2.80678,53.03076],[-2.803,53.03268],[-2.80248,53.03393],[-2.80453,53.03497],[-2.80521,53.03606],[-2.80471,53.03636],[-2.80313,53.03634],[-2.79856,53.0416],[-2.79675,53.04067],[-2.79594,53.04086],[-2.79507,53.04144],[-2.79482,53.04211],[-2.79001,53.04566],[-2.78607,53.04305],[-2.78495,53.04076]]]}},{"type":"Feature","properties":{"id":"E01018358","name":"E01018358","parent":"E06000050","type":"LSOA","pop":1303,"r":303,"ff":108,"ffd":8288.6,"ffs":0.5373,"g":99,"co":2,"mo":0,"sa":0,"ic":0},"geometry":{"type":"Polygon","coordinates":[[[-2.82775,53.2342],[-2.82615,53.23344],[-2.82527,53.23367],[-2.82293,53.23361],[-2.82047,53.23303],[-2.82038,53.2325],[-2.81885,53.2319],[-2.81765,53.2309],[-2.81385,53.23053],[-2.81273,53.22987],[-2.81299,53.22898],[-2.81472,53.22735],[-2.81634,53.22679],[-2.81371,53.2261],[-2.81275,53.22537],[-2.81283,53.22491],[-2.81179,53.2255],[-2.81101,53.22519],[-2.81035,53.2253],[-2.80984,53.22466],[-2.80936,53.22467],[-2.80893,53.22399],[-2.80939,53.22348],[-2.80891,53.22276],[-2.80997,53.22169],[-2.80791,53.22075],[-2.80804,53.21817],[-2.83384,53.21231],[-2.83982,53.20882],[-2.84022,53.2094],[-2.84452,53.20667],[-2.84823,53.20575],[-2.85509,53.20297],[-2.85668,53.2044],[-2.85785,53.20638],[-2.85878,53.20687],[-2.85895,53.20742],[-2.86233,53.20929],[-2.86305,53.20929],[-2.86315,53.20958],[-2.86742,53.21222],[-2.86794,53.21236],[-2.86761,53.21277],[-2.86701,53.21302],[-2.86424,53.21379],[-2.86257,53.21352],[-2.85872,53.21645],[-2.85927,53.21723],[-2.85896,53.21767],[-2.8574,53.21846],[-2.85621,53.21999],[-2.85517,53.22043],[-2.85323,53.22049],[-2.85004,53.21925],[-2.84567,53.22163],[-2.84464,53.22118],[-2.84298,53.22216],[-2.84117,53.22255],[-2.8405,53.22158],[-2.83781,53.22242],[-2.83596,53.2241],[-2.83463,53.22292],[-2.83271,53.22299],[-2.83303,53.22327],[-2.83153,53.22424],[-2.83128,53.22342],[-2.83039,53.22288],[-2.82964,53.22363],[-2.82895,53.22359],[-2.82844,53.22321],[-2.82933,53.22269],[-2.82909,53.22201],[-2.82981,53.22139],[-2.83052,53.22171],[-2.83125,53.22113],[-2.82992,53.22074],[-2.8302,53.21959],[-2.82952,53.21926],[-2.8241,53.22461],[-2.82506,53.22568],[-2.82663,53.22614],[-2.8275,53.22588],[-2.82804,53.22613],[-2.82856,53.22716],[-2.83142,53.22897],[-2.83527,53.23025],[-2.83711,53.23155],[-2.83028,53.23462],[-2.82967,53.2343],[-2.82775,53.2342]]]}},{"type":"Feature","properties":{"id":"E01018359","name":"E01018359","parent":"E06000050","type":"LSOA","pop":1070,"r":288,"ff":102,"ffd":9532.7,"ffs":0.5312,"g":93,"co":2,"mo":0,"sa":0,"ic":0},"geometry":{"type":"Polygon","coordinates":[[[-2.81601,53.25127],[-2.81459,53.25086],[-2.81409,53.25122],[-2.81253,53.25123],[-2.81095,53.25062],[-2.81029,53.25003],[-2.81038,53.24958],[-2.81228,53.24828],[-2.81232,53.24395],[-2.81357,53.24351],[-2.81368,53.24318],[-2.81379,53.24194],[-2.81138,53.24166],[-2.81259,53.23951],[-2.81313,53.23701],[-2.81396,53.23591],[-2.81297,53.23544],[-2.8149,53.23462],[-2.81886,53.23377],[-2.82047,53.23303],[-2.82293,53.23361],[-2.82527,53.23367],[-2.82615,53.23344],[-2.82775,53.2342],[-2.82967,53.2343],[-2.83028,53.23462],[-2.83711,53.23155],[-2.83527,53.23025],[-2.83142,53.22897],[-2.82856,53.22716],[-2.82804,53.22613],[-2.8275,53.22588],[-2.82663,53.22614],[-2.82506,53.22568],[-2.8241,53.22461],[-2.82952,53.21926],[-2.8302,53.21959],[-2.82992,53.22074],[-2.83125,53.22113],[-2.83052,53.22171],[-2.82981,53.22139],[-2.82909,53.22201],[-2.82933,53.22269],[-2.82844,53.22321],[-2.82895,53.22359],[-2.82964,53.22363],[-2.83039,53.22288],[-2.83128,53.22342],[-2.83153,53.22424],[-2.83303,53.22327],[-2.83271,53.22299],[-2.83463,53.22292],[-2.83596,53.2241],[-2.83781,53.22242],[-2.8405,53.22158],[-2.84117,53.22255],[-2.84298,53.22216],[-2.84464,53.22118],[-2.84567,53.22163],[-2.85004,53.21925],[-2.85323,53.22049],[-2.85517,53.22043],[-2.85621,53.21999],[-2.8574,53.21846],[-2.85896,53.21767],[-2.86183,53.22026],[-2.86188,53.22173],[-2.86107,53.22312],[-2.86453,53.2241],[-2.86641,53.22503],[-2.86603,53.22626],[-2.8636,53.22755],[-2.85951,53.22919],[-2.85785,53.23039],[-2.85734,53.23131],[-2.85766,53.23205],[-2.85603,53.23397],[-2.85736,53.23658],[-2.85756,53.23855],[-2.85835,53.23948],[-2.85812,53.24019],[-2.85509,53.24254],[-2.84737,53.24664],[-2.8457,53.24867],[-2.84571,53.24978],[-2.84614,53.25014],[-2.83267,53.25384],[-2.82582,53.25335],[-2.81965,53.25247],[-2.81601,53.25127]]]}},{"type":"Feature","properties":{"id":"E01018360","name":"E01018360","parent":"E06000050","type":"LSOA","pop":2847,"r":160,"ff":72,"ffd":2529.0,"ffs":0.507,"g":17,"co":0,"mo":1,"sa":0,"ic":0},"geometry":{"type":"Polygon","coordinates":[[[-2.97651,53.27713],[-2.97607,53.27626],[-2.97532,53.27644],[-2.97423,53.27516],[-2.95972,53.27493],[-2.95703,53.27318],[-2.95505,53.27237],[-2.95171,53.27051],[-2.94946,53.26995],[-2.94699,53.26838],[-2.94488,53.26824],[-2.94529,53.26731],[-2.94613,53.26695],[-2.94537,53.26577],[-2.93868,53.26701],[-2.93326,53.26188],[-2.93225,53.26055],[-2.93072,53.25652],[-2.92706,53.25156],[-2.92268,53.2531],[-2.91184,53.25607],[-2.91031,53.25499],[-2.90219,53.25594],[-2.90057,53.25576],[-2.89872,53.25624],[-2.89558,53.25506],[-2.89238,53.25335],[-2.89133,53.25348],[-2.89074,53.25],[-2.88868,53.25002],[-2.88773,53.24664],[-2.88692,53.24561],[-2.88373,53.24593],[-2.88257,53.24298],[-2.87968,53.2424],[-2.87972,53.24202],[-2.8763,53.24143],[-2.87667,53.23854],[-2.87489,53.23837],[-2.87638,53.23653],[-2.87337,53.23521],[-2.86864,53.23157],[-2.86688,53.23085],[-2.86466,53.22913],[-2.8636,53.22755],[-2.86603,53.22626],[-2.86826,53.22649],[-2.87833,53.22561],[-2.88212,53.22488],[-2.88631,53.22559],[-2.88842,53.2256],[-2.88993,53.2254],[-2.89305,53.22306],[-2.90045,53.22118],[-2.90288,53.22015],[-2.90461,53.22029],[-2.90486,53.219],[-2.906,53.21899],[-2.90639,53.21677],[-2.90762,53.2144],[-2.90614,53.21112],[-2.90885,53.20981],[-2.91556,53.21085],[-2.91605,53.21053],[-2.91641,53.21104],[-2.92146,53.21315],[-2.92182,53.21362],[-2.92413,53.21299],[-2.92583,53.21297],[-2.93134,53.21221],[-2.93147,53.21382],[-2.93041,53.21612],[-2.93023,53.21927],[-2.92941,53.21997],[-2.93095,53.22049],[-2.93233,53.2217],[-2.9336,53.22408],[-2.93345,53.22563],[-2.93545,53.227],[-2.93586,53.22803],[-2.93756,53.22978],[-2.93962,53.23102],[-2.9389,53.23253],[-2.94176,53.23519],[-2.94174,53.23669],[-2.94239,53.23789],[-2.94884,53.2423],[-2.94923,53.24226],[-2.95649,53.2471],[-2.95972,53.24832],[-2.96363,53.25033],[-2.96912,53.25352],[-2.9697,53.2534],[-2.96988,53.25407],[-2.97567,53.25813],[-2.98863,53.27394],[-2.98387,53.27522],[-2.98126,53.2763],[-2.97833,53.27659],[-2.97651,53.27713]]]}},{"type":"Feature","properties":{"id":"E01018361","name":"E01018361","parent":"E06000050","type":"LSOA","pop":1469,"r":272,"ff":108,"ffd":7351.9,"ffs":0.5654,"g":78,"co":0,"mo":0,"sa":0,"ic":0},"geometry":{"type":"Polygon","coordinates":[[[-2.87471,53.20134],[-2.8745,53.20099],[-2.87845,53.19967],[-2.88035,53.19865],[-2.88262,53.19788],[-2.88484,53.19857],[-2.88605,53.1997],[-2.88669,53.20129],[-2.8837,53.20187],[-2.88301,53.20093],[-2.88259,53.20105],[-2.88248,53.20158],[-2.87912,53.20222],[-2.87931,53.2029],[-2.87613,53.20343],[-2.87471,53.20134]]]}},{"type":"Feature","properties":{"id":"E01018362","name":"E01018362","parent":"E06000050","type":"LSOA","pop":1575,"r":274,"ff":109,"ffd":6920.6,"ffs":0.5677,"g":79,"co":0,"mo":0,"sa":0,"ic":0},"geometry":{"type":"Polygon","coordinates":[[[-2.8798,53.20687],[-2.8793,53.2063],[-2.87866,53.20647],[-2.87613,53.20343],[-2.87931,53.2029],[-2.87912,53.20222],[-2.88248,53.20158],[-2.88259,53.20105],[-2.88301,53.20093],[-2.8837,53.20187],[-2.88669,53.20129],[-2.88953,53.20521],[-2.88798,53.20517],[-2.88861,53.20579],[-2.88823,53.20592],[-2.887,53.20534],[-2.88662,53.206],[-2.88448,53.2064],[-2.88491,53.20599],[-2.88351,53.20473],[-2.88284,53.20513],[-2.88366,53.20568],[-2.88245,53.20616],[-2.88132,53.2062],[-2.8798,53.20687]]]}},{"type":"Feature","properties":{"id":"E01018363","name":"E01018363","parent":"E06000050","type":"LSOA","pop":1072,"r":275,"ff":110,"ffd":10261.2,"ffs":0.5699,"g":79,"co":0,"mo":0,"sa":0,"ic":0},"geometry":{"type":"Polygon","coordinates":[[[-2.88128,53.20974],[-2.88322,53.20896],[-2.88223,53.2072],[-2.87914,53.20827],[-2.87861,53.20791],[-2.87866,53.20647],[-2.8793,53.2063],[-2.8798,53.20687],[-2.88132,53.2062],[-2.88245,53.20616],[-2.88366,53.20568],[-2.88284,53.20513],[-2.88351,53.20473],[-2.88491,53.20599],[-2.88448,53.2064],[-2.88662,53.206],[-2.887,53.20534],[-2.88823,53.20592],[-2.88861,53.20579],[-2.88798,53.20517],[-2.88953,53.20521],[-2.89105,53.20769],[-2.88679,53.20909],[-2.88557,53.20967],[-2.8846,53.20948],[-2.8842,53.20986],[-2.88173,53.21026],[-2.88128,53.20974]]]}},{"type":"Feature","properties":{"id":"E01018364","name":"E01018364","parent":"E06000050","type":"LSOA","pop":1599,"r":299,"ff":116,"ffd":7254.5,"ffs":0.5631,"g":90,"co":0,"mo":0,"sa":0,"ic":0},"geometry":{"type":"Polygon","coordinates":[[[-2.87124,53.21088],[-2.87071,53.21047],[-2.86934,53.21063],[-2.86883,53.20986],[-2.86874,53.20927],[-2.86796,53.20867],[-2.86619,53.20828],[-2.86534,53.20838],[-2.86438,53.20716],[-2.87301,53.20416],[-2.87551,53.20356],[-2.87598,53.2049],[-2.8751,53.20534],[-2.87528,53.20566],[-2.87468,53.20585],[-2.87407,53.20566],[-2.87356,53.20645],[-2.87518,53.20659],[-2.87533,53.20782],[-2.87389,53.2083],[-2.8738,53.20949],[-2.87338,53.20991],[-2.87148,53.21046],[-2.87124,53.21088]]]}},{"type":"Feature","properties":{"id":"E01018365","name":"E01018365","parent":"E06000050","type":"LSOA","pop":2018,"r":292,"ff":115,"ffd":5698.7,"ffs":0.5693,"g":87,"co":0,"mo":0,"sa":0,"ic":0},"geometry":{"type":"Polygon","coordinates":[[[-2.86742,53.21222],[-2.86315,53.20958],[-2.86305,53.20929],[-2.86233,53.20929],[-2.86047,53.2082],[-2.86438,53.20716],[-2.86534,53.20838],[-2.86619,53.20828],[-2.86796,53.20867],[-2.86874,53.20927],[-2.86883,53.20986],[-2.86934,53.21063],[-2.87071,53.21047],[-2.87124,53.21088],[-2.87148,53.21046],[-2.87338,53.20991],[-2.8738,53.20949],[-2.87389,53.2083],[-2.87533,53.20782],[-2.87518,53.20659],[-2.87356,53.20645],[-2.87407,53.20566],[-2.87468,53.20585],[-2.87528,53.20566],[-2.8751,53.20534],[-2.87598,53.2049],[-2.87551,53.20356],[-2.87613,53.20343],[-2.87866,53.20647],[-2.87861,53.20791],[-2.87914,53.20827],[-2.88223,53.2072],[-2.88322,53.20896],[-2.88128,53.20974],[-2.87839,53.21037],[-2.87471,53.21079],[-2.86761,53.21277],[-2.86794,53.21236],[-2.86742,53.21222]]]}},{"type":"Feature","properties":{"id":"E01018366","name":"E01018366","parent":"E06000050","type":"LSOA","pop":1515,"r":39,"ff":25,"ffd":1650.2,"ffs":0.641,"g":0,"co":1,"mo":1,"sa":1,"ic":1},"geometry":{"type":"Polygon","coordinates":[[[-2.95902,53.22991],[-2.95547,53.22927],[-2.9561,53.2293],[-2.95961,53.22691],[-2.95728,53.22652],[-2.95606,53.22645],[-2.95506,53.2268],[-2.95459,53.22657],[-2.95479,53.22608],[-2.95703,53.22465],[-2.95706,53.22383],[-2.95767,53.2235],[-2.95716,53.2229],[-2.95749,53.22251],[-2.95581,53.22143],[-2.95383,53.22265],[-2.95452,53.22312],[-2.95405,53.22353],[-2.954,53.22408],[-2.95285,53.22412],[-2.95246,53.22507],[-2.95052,53.22654],[-2.95214,53.22731],[-2.95022,53.22829],[-2.94788,53.22614],[-2.94753,53.22528],[-2.95114,53.22359],[-2.95118,53.22287],[-2.94989,53.22261],[-2.94536,53.22376],[-2.94476,53.22337],[-2.94403,53.21994],[-2.93788,53.21735],[-2.93193,53.21595],[-2.93041,53.21612],[-2.93147,53.21382],[-2.93134,53.21221],[-2.93265,53.21061],[-2.93699,53.20842],[-2.93583,53.20819],[-2.94368,53.20403],[-2.94616,53.20676],[-2.94922,53.21108],[-2.95206,53.21251],[-2.96594,53.21859],[-2.97376,53.22303],[-2.97114,53.22439],[-2.96629,53.22557],[-2.96353,53.22712],[-2.96193,53.22756],[-2.95902,53.22991]]]}},{"type":"Feature","properties":{"id":"E01018367","name":"E01018367","parent":"E06000050","type":"LSOA","pop":2075,"r":266,"ff":101,"ffd":4867.5,"ffs":0.5642,"g":84,"co":0,"mo":0,"sa":2,"ic":0},"geometry":{"type":"Polygon","coordinates":[[[-2.98863,53.27394],[-2.97567,53.25813],[-2.96988,53.25407],[-2.9697,53.2534],[-2.96912,53.25352],[-2.96363,53.25033],[-2.95972,53.24832],[-2.95649,53.2471],[-2.94923,53.24226],[-2.94884,53.2423],[-2.94239,53.23789],[-2.94174,53.23669],[-2.94176,53.23519],[-2.9389,53.23253],[-2.93962,53.23102],[-2.93756,53.22978],[-2.93586,53.22803],[-2.93545,53.227],[-2.93345,53.22563],[-2.9336,53.22408],[-2.93233,53.2217],[-2.93095,53.22049],[-2.92941,53.21997],[-2.93023,53.21927],[-2.93041,53.21612],[-2.93193,53.21595],[-2.93788,53.21735],[-2.94403,53.21994],[-2.94476,53.22337],[-2.94536,53.22376],[-2.94989,53.22261],[-2.95118,53.22287],[-2.95114,53.22359],[-2.94753,53.22528],[-2.94788,53.22614],[-2.95022,53.22829],[-2.95214,53.22731],[-2.95052,53.22654],[-2.95246,53.22507],[-2.95285,53.22412],[-2.954,53.22408],[-2.95405,53.22353],[-2.95452,53.22312],[-2.95383,53.22265],[-2.95581,53.22143],[-2.95749,53.22251],[-2.95716,53.2229],[-2.95767,53.2235],[-2.95706,53.22383],[-2.95703,53.22465],[-2.95479,53.22608],[-2.95459,53.22657],[-2.95506,53.2268],[-2.95606,53.22645],[-2.95728,53.22652],[-2.95961,53.22691],[-2.9561,53.2293],[-2.95547,53.22927],[-2.95902,53.22991],[-2.96193,53.22756],[-2.96353,53.22712],[-2.96629,53.22557],[-2.97114,53.22439],[-2.97376,53.22303],[-2.98042,53.22651],[-2.98491,53.22847],[-2.99299,53.23321],[-3.02587,53.24844],[-3.02332,53.25058],[-3.02341,53.25171],[-3.02165,53.25166],[-3.01955,53.25325],[-3.01725,53.25367],[-3.01583,53.25467],[-3.01447,53.25448],[-3.00941,53.25757],[-3.00702,53.26166],[-3.00528,53.26328],[-3.00349,53.26575],[-3.00135,53.26737],[-3.00001,53.26662],[-2.99824,53.2679],[-2.9975,53.26763],[-2.99496,53.26956],[-2.9976,53.27173],[-2.98922,53.27461],[-2.98863,53.27394]]]}},{"type":"Feature","properties":{"id":"E01018368","name":"E01018368","parent":"E06000050","type":"LSOA","pop":1567,"r":7,"ff":6,"ffd":382.9,"ffs":0.8571,"g":0,"co":1,"mo":3,"sa":3,"ic":1},"geometry":{"type":"Polygon","coordinates":[[[-2.75953,53.20013],[-2.75379,53.19774],[-2.75487,53.19617],[-2.75418,53.19322],[-2.75672,53.1912],[-2.75735,53.19122],[-2.75909,53.19239],[-2.7602,53.19212],[-2.76223,53.19402],[-2.76267,53.19345],[-2.76177,53.1926],[-2.76254,53.19229],[-2.76301,53.1926],[-2.76276,53.19295],[-2.76361,53.1929],[-2.76355,53.19381],[-2.76423,53.19358],[-2.76554,53.19267],[-2.76721,53.19275],[-2.76758,53.19252],[-2.76739,53.19224],[-2.76858,53.19238],[-2.76929,53.19208],[-2.76875,53.19171],[-2.76915,53.19088],[-2.76402,53.19006],[-2.76377,53.19127],[-2.76334,53.19144],[-2.76355,53.19209],[-2.76319,53.19172],[-2.76142,53.19232],[-2.76173,53.19151],[-2.76084,53.19047],[-2.76135,53.18959],[-2.75721,53.18842],[-2.74766,53.18442],[-2.74986,53.18324],[-2.74975,53.18188],[-2.75321,53.18258],[-2.75463,53.18208],[-2.7555,53.18235],[-2.75538,53.18264],[-2.7573,53.18297],[-2.75905,53.18231],[-2.76426,53.18339],[-2.76431,53.18472],[-2.763,53.18672],[-2.76573,53.18772],[-2.7689,53.18959],[-2.77057,53.1901],[-2.77047,53.19053],[-2.77221,53.19132],[-2.7766,53.19284],[-2.77757,53.19356],[-2.77791,53.19454],[-2.77841,53.19485],[-2.77697,53.19516],[-2.77555,53.19359],[-2.77309,53.19413],[-2.77164,53.19409],[-2.77178,53.19322],[-2.77027,53.19274],[-2.76957,53.19307],[-2.76993,53.19334],[-2.76916,53.1944],[-2.7682,53.19437],[-2.76893,53.19511],[-2.76816,53.19568],[-2.76633,53.19539],[-2.76609,53.19559],[-2.76675,53.19581],[-2.76585,53.19633],[-2.76446,53.19608],[-2.7645,53.19572],[-2.76373,53.19616],[-2.76273,53.19611],[-2.76377,53.19703],[-2.76572,53.19701],[-2.76653,53.19722],[-2.76648,53.19754],[-2.76559,53.19831],[-2.76598,53.19858],[-2.76388,53.19958],[-2.76384,53.19926],[-2.76309,53.19923],[-2.76291,53.19947],[-2.76245,53.19905],[-2.76185,53.19989],[-2.76218,53.2004],[-2.76054,53.20106],[-2.75953,53.20013]]]}},{"type":"Feature","properties":{"id":"E01018369","name":"E01018369","parent":"E06000050","type":"LSOA","pop":1743,"r":0,"ff":0,"ffd":0.0,"ffs":null,"g":0,"co":1,"mo":3,"sa":3,"ic":3},"geometry":{"type":"Polygon","coordinates":[[[-2.67709,53.19778],[-2.67498,53.19438],[-2.6745,53.19311],[-2.67521,53.18912],[-2.67571,53.18839],[-2.67719,53.18777],[-2.68039,53.1852],[-2.6842,53.18574],[-2.68432,53.18532],[-2.6856,53.18475],[-2.6875,53.18489],[-2.68929,53.18554],[-2.69039,53.1811],[-2.6938,53.18129],[-2.69589,53.18091],[-2.69804,53.1817],[-2.69859,53.18099],[-2.69891,53.17896],[-2.69706,53.17897],[-2.69358,53.17595],[-2.69203,53.17085],[-2.69348,53.1679],[-2.69342,53.16542],[-2.69007,53.16538],[-2.68951,53.16257],[-2.69061,53.16095],[-2.69097,53.15868],[-2.69451,53.15855],[-2.69494,53.15721],[-2.69418,53.15488],[-2.69359,53.15394],[-2.69363,53.15259],[-2.6951,53.15332],[-2.69753,53.15317],[-2.69959,53.15345],[-2.69961,53.15241],[-2.70115,53.15206],[-2.70343,53.152],[-2.70419,53.15063],[-2.70508,53.15092],[-2.70663,53.1508],[-2.70879,53.14968],[-2.71126,53.15053],[-2.71435,53.14865],[-2.71543,53.14846],[-2.71559,53.1477],[-2.71513,53.14678],[-2.71621,53.14666],[-2.71439,53.14339],[-2.7129,53.14326],[-2.71241,53.14132],[-2.71183,53.14073],[-2.71433,53.13967],[-2.71735,53.13884],[-2.71832,53.13774],[-2.71792,53.13661],[-2.72158,53.13606],[-2.72198,53.13577],[-2.72353,53.13574],[-2.72359,53.13538],[-2.72495,53.13581],[-2.72585,53.13564],[-2.72601,53.13613],[-2.72691,53.13594],[-2.72671,53.1357],[-2.72732,53.13572],[-2.72864,53.13632],[-2.72942,53.13623],[-2.72893,53.13589],[-2.72923,53.13579],[-2.7305,53.13572],[-2.73154,53.13658],[-2.73243,53.13657],[-2.73324,53.1374],[-2.73423,53.13728],[-2.73553,53.13772],[-2.73546,53.13856],[-2.73688,53.13914],[-2.7375,53.13995],[-2.73747,53.14082],[-2.73893,53.14089],[-2.74039,53.14226],[-2.74129,53.14204],[-2.74245,53.14223],[-2.7422,53.1416],[-2.74566,53.13966],[-2.74868,53.13981],[-2.75123,53.1404],[-2.7554,53.1398],[-2.75389,53.14152],[-2.7559,53.14109],[-2.75953,53.14292],[-2.76367,53.14315],[-2.76355,53.14387],[-2.7668,53.14619],[-2.77164,53.15059],[-2.77672,53.15238],[-2.778,53.15225],[-2.7785,53.15351],[-2.77987,53.15492],[-2.78127,53.15455],[-2.78422,53.15455],[-2.78617,53.15414],[-2.78935,53.15587],[-2.78803,53.15725],[-2.78582,53.15809],[-2.78362,53.15852],[-2.78485,53.16114],[-2.78588,53.16208],[-2.78611,53.16322],[-2.7828,53.16702],[-2.78557,53.16944],[-2.78511,53.17031],[-2.78622,53.16981],[-2.78723,53.17054],[-2.78872,53.17307],[-2.78808,53.17409],[-2.7875,53.17394],[-2.78522,53.1743],[-2.78391,53.17475],[-2.78365,53.17524],[-2.78247,53.17575],[-2.78916,53.17824],[-2.79031,53.17949],[-2.79023,53.18085],[-2.7918,53.18253],[-2.79189,53.18344],[-2.79317,53.18343],[-2.79877,53.1814],[-2.79998,53.18159],[-2.80319,53.18074],[-2.80482,53.18181],[-2.80812,53.18564],[-2.81171,53.18854],[-2.81136,53.19108],[-2.81035,53.19145],[-2.80824,53.19155],[-2.80493,53.19394],[-2.80037,53.1948],[-2.8001,53.1953],[-2.8008,53.19751],[-2.79749,53.19781],[-2.79703,53.19626],[-2.79631,53.19585],[-2.79666,53.1956],[-2.79527,53.19471],[-2.79641,53.19392],[-2.79458,53.19342],[-2.79044,53.19299],[-2.78946,53.1924],[-2.78907,53.1913],[-2.78846,53.19114],[-2.78645,53.19125],[-2.78516,53.19092],[-2.78307,53.19183],[-2.7804,53.19236],[-2.7788,53.19342],[-2.77791,53.19454],[-2.77757,53.19356],[-2.7766,53.19284],[-2.77221,53.19132],[-2.77047,53.19053],[-2.77057,53.1901],[-2.7689,53.18959],[-2.76573,53.18772],[-2.763,53.18672],[-2.76431,53.18472],[-2.76426,53.18339],[-2.75905,53.18231],[-2.7573,53.18297],[-2.75538,53.18264],[-2.7555,53.18235],[-2.75463,53.18208],[-2.75321,53.18258],[-2.74975,53.18188],[-2.74355,53.18198],[-2.74235,53.18161],[-2.74159,53.18268],[-2.74304,53.18367],[-2.74873,53.18603],[-2.74669,53.18735],[-2.74461,53.18741],[-2.74206,53.1879],[-2.74235,53.18811],[-2.74095,53.19001],[-2.73877,53.18923],[-2.73775,53.19013],[-2.73636,53.19008],[-2.73388,53.19263],[-2.73389,53.1932],[-2.72174,53.1922],[-2.71767,53.19093],[-2.71379,53.19252],[-2.70383,53.1951],[-2.70426,53.19556],[-2.69866,53.19706],[-2.69803,53.19698],[-2.69516,53.19839],[-2.69466,53.19955],[-2.69402,53.2],[-2.69412,53.20066],[-2.69281,53.2013],[-2.69031,53.20084],[-2.69028,53.20048],[-2.68235,53.20004],[-2.68034,53.19965],[-2.67835,53.19879],[-2.67709,53.19778]]]}},{"type":"Feature","properties":{"id":"E01018370","name":"E01018370","parent":"E06000050","type":"LSOA","pop":1652,"r":5,"ff":4,"ffd":242.1,"ffs":0.8,"g":0,"co":1,"mo":3,"sa":3,"ic":1},"geometry":{"type":"Polygon","coordinates":[[[-2.76007,53.2096],[-2.75666,53.20746],[-2.75519,53.20737],[-2.7523,53.20647],[-2.75271,53.20601],[-2.75232,53.20573],[-2.7514,53.20574],[-2.74963,53.2047],[-2.74841,53.20391],[-2.74827,53.20327],[-2.74736,53.20338],[-2.74648,53.20253],[-2.74691,53.20191],[-2.74658,53.20164],[-2.74555,53.20139],[-2.74443,53.20168],[-2.74343,53.20119],[-2.74229,53.20208],[-2.73764,53.20154],[-2.73515,53.20029],[-2.73365,53.19841],[-2.72904,53.19598],[-2.70818,53.19915],[-2.70791,53.1982],[-2.70712,53.19837],[-2.70383,53.1951],[-2.71379,53.19252],[-2.71767,53.19093],[-2.72174,53.1922],[-2.73389,53.1932],[-2.73388,53.19263],[-2.73636,53.19008],[-2.73775,53.19013],[-2.73877,53.18923],[-2.74095,53.19001],[-2.74235,53.18811],[-2.74206,53.1879],[-2.74461,53.18741],[-2.74669,53.18735],[-2.74873,53.18603],[-2.74304,53.18367],[-2.74159,53.18268],[-2.74235,53.18161],[-2.74355,53.18198],[-2.74975,53.18188],[-2.74986,53.18324],[-2.74766,53.18442],[-2.75721,53.18842],[-2.76135,53.18959],[-2.76084,53.19047],[-2.76173,53.19151],[-2.76142,53.19232],[-2.76319,53.19172],[-2.76355,53.19209],[-2.76334,53.19144],[-2.76377,53.19127],[-2.76402,53.19006],[-2.76915,53.19088],[-2.76875,53.19171],[-2.76929,53.19208],[-2.76858,53.19238],[-2.76739,53.19224],[-2.76758,53.19252],[-2.76721,53.19275],[-2.76554,53.19267],[-2.76423,53.19358],[-2.76355,53.19381],[-2.76361,53.1929],[-2.76276,53.19295],[-2.76301,53.1926],[-2.76254,53.19229],[-2.76177,53.1926],[-2.76267,53.19345],[-2.76223,53.19402],[-2.7602,53.19212],[-2.75909,53.19239],[-2.75735,53.19122],[-2.75672,53.1912],[-2.75418,53.19322],[-2.75487,53.19617],[-2.75379,53.19774],[-2.75953,53.20013],[-2.76054,53.20106],[-2.76218,53.2004],[-2.76185,53.19989],[-2.76245,53.19905],[-2.76291,53.19947],[-2.76309,53.19923],[-2.76384,53.19926],[-2.76388,53.19958],[-2.76598,53.19858],[-2.76559,53.19831],[-2.76648,53.19754],[-2.76653,53.19722],[-2.76572,53.19701],[-2.76377,53.19703],[-2.76273,53.19611],[-2.76373,53.19616],[-2.7645,53.19572],[-2.76446,53.19608],[-2.76585,53.19633],[-2.76675,53.19581],[-2.76609,53.19559],[-2.76633,53.19539],[-2.76816,53.19568],[-2.76893,53.19511],[-2.7682,53.19437],[-2.76916,53.1944],[-2.76993,53.19334],[-2.76957,53.19307],[-2.77027,53.19274],[-2.77178,53.19322],[-2.77164,53.19409],[-2.77309,53.19413],[-2.77555,53.19359],[-2.77697,53.19516],[-2.77841,53.19485],[-2.77791,53.19454],[-2.7788,53.19342],[-2.7804,53.19236],[-2.78307,53.19183],[-2.78516,53.19092],[-2.78645,53.19125],[-2.78846,53.19114],[-2.78907,53.1913],[-2.78946,53.1924],[-2.79044,53.19299],[-2.79458,53.19342],[-2.79641,53.19392],[-2.79527,53.19471],[-2.79666,53.1956],[-2.79631,53.19585],[-2.79703,53.19626],[-2.79749,53.19781],[-2.79896,53.19935],[-2.79462,53.20061],[-2.79216,53.20096],[-2.79106,53.20076],[-2.7754,53.20322],[-2.77023,53.20441],[-2.76886,53.20538],[-2.7702,53.20662],[-2.76661,53.20814],[-2.76582,53.20769],[-2.76412,53.20879],[-2.76299,53.21035],[-2.76225,53.21038],[-2.76007,53.2096]]]}},{"type":"Feature","properties":{"id":"E01018371","name":"E01018371","parent":"E06000050","type":"LSOA","pop":2141,"r":1,"ff":0,"ffd":0.0,"ffs":0.0,"g":0,"co":3,"mo":3,"sa":3,"ic":1},"geometry":{"type":"Polygon","coordinates":[[[-2.81401,53.15603],[-2.81319,53.15564],[-2.81221,53.15578],[-2.81186,53.15628],[-2.80964,53.15645],[-2.80613,53.15744],[-2.80515,53.15695],[-2.79992,53.15909],[-2.79729,53.15808],[-2.79664,53.15828],[-2.79402,53.15771],[-2.78935,53.15587],[-2.78617,53.15414],[-2.78422,53.15455],[-2.78127,53.15455],[-2.77987,53.15492],[-2.7785,53.15351],[-2.778,53.15225],[-2.77672,53.15238],[-2.77164,53.15059],[-2.7668,53.14619],[-2.76355,53.14387],[-2.76367,53.14315],[-2.75953,53.14292],[-2.7559,53.14109],[-2.75389,53.14152],[-2.7554,53.1398],[-2.75877,53.1396],[-2.76207,53.14023],[-2.76722,53.13813],[-2.77282,53.13816],[-2.77498,53.1379],[-2.77402,53.13661],[-2.77221,53.13605],[-2.77239,53.13583],[-2.77529,53.13672],[-2.776,53.13674],[-2.77618,53.13644],[-2.77408,53.13587],[-2.77295,53.13521],[-2.77329,53.13435],[-2.77284,53.13262],[-2.77241,53.13277],[-2.77113,53.13116],[-2.76936,53.13185],[-2.7684,53.13131],[-2.76377,53.13125],[-2.76254,53.1315],[-2.76309,53.12754],[-2.76165,53.12746],[-2.7607,53.13063],[-2.76164,53.13101],[-2.76187,53.13074],[-2.7626,53.13085],[-2.76238,53.13155],[-2.75658,53.13154],[-2.75629,53.13047],[-2.75125,53.12749],[-2.74971,53.12583],[-2.75525,53.12375],[-2.7591,53.12333],[-2.76072,53.12334],[-2.76165,53.12472],[-2.76275,53.12302],[-2.76319,53.12314],[-2.76339,53.12264],[-2.76627,53.12199],[-2.76697,53.12235],[-2.76731,53.12214],[-2.76854,53.12301],[-2.7697,53.12262],[-2.77505,53.12382],[-2.77688,53.12509],[-2.77831,53.12476],[-2.77775,53.12395],[-2.77767,53.12137],[-2.77648,53.12007],[-2.77825,53.11843],[-2.77984,53.11811],[-2.77748,53.11618],[-2.7789,53.11524],[-2.78058,53.11669],[-2.7803,53.11776],[-2.78129,53.11851],[-2.7833,53.11767],[-2.77969,53.11465],[-2.78141,53.11243],[-2.78227,53.10781],[-2.77979,53.10801],[-2.77671,53.10783],[-2.77342,53.10701],[-2.76848,53.10488],[-2.76542,53.10284],[-2.76169,53.10153],[-2.7631,53.09842],[-2.77172,53.09042],[-2.77364,53.09123],[-2.77393,53.09096],[-2.77785,53.09158],[-2.78123,53.09255],[-2.78472,53.09215],[-2.78714,53.09226],[-2.79106,53.09401],[-2.79301,53.09532],[-2.79726,53.09571],[-2.79881,53.09751],[-2.79749,53.0979],[-2.79682,53.09936],[-2.79663,53.10026],[-2.79786,53.10092],[-2.7949,53.10128],[-2.79441,53.10267],[-2.79481,53.10526],[-2.7959,53.10524],[-2.8017,53.10724],[-2.80456,53.10943],[-2.80614,53.11125],[-2.80879,53.11272],[-2.81148,53.11253],[-2.81663,53.11345],[-2.81912,53.11314],[-2.82055,53.1134],[-2.82247,53.11411],[-2.82366,53.11538],[-2.82508,53.11621],[-2.82786,53.11706],[-2.82827,53.11746],[-2.83096,53.11819],[-2.8331,53.11805],[-2.83283,53.11907],[-2.83092,53.1208],[-2.82936,53.12366],[-2.82703,53.1248],[-2.82822,53.1265],[-2.82952,53.12743],[-2.8276,53.12839],[-2.82997,53.13115],[-2.82969,53.13323],[-2.82841,53.13572],[-2.82853,53.13883],[-2.84292,53.13745],[-2.84311,53.13868],[-2.84218,53.13969],[-2.84215,53.14317],[-2.8427,53.14411],[-2.84445,53.14412],[-2.84614,53.14504],[-2.85111,53.14677],[-2.85387,53.14713],[-2.8544,53.14876],[-2.85309,53.14929],[-2.85475,53.15165],[-2.85131,53.15268],[-2.85237,53.15487],[-2.85359,53.15592],[-2.85067,53.15712],[-2.85165,53.15906],[-2.85461,53.16186],[-2.85357,53.16231],[-2.85441,53.16325],[-2.8521,53.16333],[-2.85647,53.16712],[-2.85527,53.16789],[-2.84941,53.16719],[-2.83802,53.16695],[-2.83303,53.16478],[-2.8256,53.16332],[-2.82342,53.1626],[-2.81845,53.16021],[-2.81401,53.15603]]]}},{"type":"Feature","properties":{"id":"E01018372","name":"E01018372","parent":"E06000050","type":"LSOA","pop":2342,"r":2,"ff":2,"ffd":85.4,"ffs":1.0,"g":0,"co":3,"mo":3,"sa":3,"ic":1},"geometry":{"type":"Polygon","coordinates":[[[-2.69959,53.15345],[-2.69753,53.15317],[-2.6951,53.15332],[-2.69363,53.15259],[-2.6905,53.1515],[-2.68677,53.15206],[-2.68436,53.15181],[-2.68319,53.15227],[-2.6812,53.15193],[-2.6807,53.15107],[-2.67908,53.15147],[-2.67662,53.15102],[-2.67298,53.1513],[-2.67228,53.15115],[-2.6716,53.1503],[-2.66924,53.14892],[-2.66764,53.14922],[-2.66672,53.14997],[-2.66473,53.14992],[-2.6627,53.14927],[-2.66075,53.14775],[-2.65837,53.14735],[-2.65761,53.14702],[-2.65746,53.14651],[-2.65637,53.14627],[-2.65245,53.14703],[-2.64971,53.14858],[-2.64848,53.14876],[-2.64791,53.14957],[-2.64527,53.15014],[-2.6435,53.15081],[-2.64237,53.15068],[-2.64056,53.15117],[-2.63767,53.15064],[-2.63553,53.15078],[-2.63188,53.14994],[-2.62983,53.15031],[-2.62696,53.15005],[-2.62842,53.14867],[-2.62907,53.14867],[-2.62934,53.1472],[-2.63005,53.14631],[-2.63092,53.14622],[-2.63215,53.14552],[-2.63447,53.14289],[-2.6367,53.14203],[-2.63841,53.1418],[-2.64034,53.14065],[-2.64032,53.13992],[-2.64092,53.1397],[-2.6433,53.13519],[-2.64223,53.13478],[-2.64222,53.13451],[-2.64031,53.1341],[-2.63962,53.13357],[-2.64053,53.13211],[-2.64043,53.12906],[-2.64115,53.12895],[-2.6413,53.12847],[-2.64253,53.12852],[-2.64996,53.12923],[-2.65243,53.13035],[-2.65624,53.13003],[-2.65831,53.13072],[-2.65973,53.13072],[-2.65969,53.12935],[-2.66064,53.12751],[-2.66054,53.12501],[-2.66279,53.12094],[-2.66409,53.12051],[-2.66694,53.12019],[-2.66898,53.11872],[-2.67009,53.11843],[-2.67075,53.11794],[-2.67008,53.11702],[-2.67139,53.11641],[-2.67122,53.11598],[-2.67378,53.11599],[-2.67444,53.11514],[-2.67868,53.11603],[-2.68198,53.11602],[-2.6837,53.11716],[-2.68748,53.11723],[-2.69049,53.11867],[-2.6924,53.1189],[-2.69261,53.11925],[-2.69524,53.11986],[-2.69732,53.12006],[-2.69946,53.11987],[-2.70367,53.11746],[-2.70592,53.11847],[-2.70714,53.11702],[-2.7085,53.11622],[-2.71005,53.113],[-2.7097,53.11191],[-2.71,53.11178],[-2.70906,53.11085],[-2.70774,53.10888],[-2.70756,53.1077],[-2.70645,53.10661],[-2.7081,53.10566],[-2.70833,53.10509],[-2.70934,53.09818],[-2.71174,53.09642],[-2.71151,53.0935],[-2.71314,53.09301],[-2.71539,53.09309],[-2.71758,53.09353],[-2.71892,53.09297],[-2.72259,53.09221],[-2.72492,53.09232],[-2.73013,53.09156],[-2.73174,53.09181],[-2.73238,53.09237],[-2.7363,53.09238],[-2.73805,53.09276],[-2.73832,53.09307],[-2.73709,53.0939],[-2.7374,53.09452],[-2.73665,53.09505],[-2.73682,53.09549],[-2.73819,53.09602],[-2.74077,53.09638],[-2.74227,53.09829],[-2.74403,53.0991],[-2.74467,53.0999],[-2.74199,53.10421],[-2.74009,53.10466],[-2.7379,53.10568],[-2.73631,53.10713],[-2.73631,53.10833],[-2.73667,53.10891],[-2.73845,53.10986],[-2.7398,53.10978],[-2.74072,53.11038],[-2.74254,53.1101],[-2.74147,53.10933],[-2.74527,53.10732],[-2.75128,53.10558],[-2.75648,53.10289],[-2.75782,53.10167],[-2.75892,53.10122],[-2.76169,53.10153],[-2.76542,53.10284],[-2.76848,53.10488],[-2.77342,53.10701],[-2.77671,53.10783],[-2.77979,53.10801],[-2.78227,53.10781],[-2.78141,53.11243],[-2.77969,53.11465],[-2.7833,53.11767],[-2.78129,53.11851],[-2.7803,53.11776],[-2.78058,53.11669],[-2.7789,53.11524],[-2.77748,53.11618],[-2.77984,53.11811],[-2.77825,53.11843],[-2.77648,53.12007],[-2.77767,53.12137],[-2.77775,53.12395],[-2.77831,53.12476],[-2.77688,53.12509],[-2.77505,53.12382],[-2.7697,53.12262],[-2.76854,53.12301],[-2.76731,53.12214],[-2.76697,53.12235],[-2.76627,53.12199],[-2.76339,53.12264],[-2.76319,53.12314],[-2.76275,53.12302],[-2.76165,53.12472],[-2.76072,53.12334],[-2.7591,53.12333],[-2.75525,53.12375],[-2.74971,53.12583],[-2.75125,53.12749],[-2.75629,53.13047],[-2.75658,53.13154],[-2.76238,53.13155],[-2.7626,53.13085],[-2.76187,53.13074],[-2.76164,53.13101],[-2.7607,53.13063],[-2.76165,53.12746],[-2.76309,53.12754],[-2.76254,53.1315],[-2.76377,53.13125],[-2.7684,53.13131],[-2.76936,53.13185],[-2.77113,53.13116],[-2.77241,53.13277],[-2.77284,53.13262],[-2.77329,53.13435],[-2.77295,53.13521],[-2.77408,53.13587],[-2.77618,53.13644],[-2.776,53.13674],[-2.77529,53.13672],[-2.77239,53.13583],[-2.77221,53.13605],[-2.77402,53.13661],[-2.77498,53.1379],[-2.77282,53.13816],[-2.76722,53.13813],[-2.76207,53.14023],[-2.75877,53.1396],[-2.7554,53.1398],[-2.75123,53.1404],[-2.74868,53.13981],[-2.74566,53.13966],[-2.7422,53.1416],[-2.74245,53.14223],[-2.74129,53.14204],[-2.74039,53.14226],[-2.73893,53.14089],[-2.73747,53.14082],[-2.7375,53.13995],[-2.73688,53.13914],[-2.73546,53.13856],[-2.73553,53.13772],[-2.73423,53.13728],[-2.73324,53.1374],[-2.73243,53.13657],[-2.73154,53.13658],[-2.7305,53.13572],[-2.72923,53.13579],[-2.72893,53.13589],[-2.72942,53.13623],[-2.72864,53.13632],[-2.72732,53.13572],[-2.72671,53.1357],[-2.72691,53.13594],[-2.72601,53.13613],[-2.72585,53.13564],[-2.72495,53.13581],[-2.72359,53.13538],[-2.72353,53.13574],[-2.72198,53.13577],[-2.72158,53.13606],[-2.71792,53.13661],[-2.71832,53.13774],[-2.71735,53.13884],[-2.71433,53.13967],[-2.71183,53.14073],[-2.71241,53.14132],[-2.7129,53.14326],[-2.71439,53.14339],[-2.71621,53.14666],[-2.71513,53.14678],[-2.71559,53.1477],[-2.71543,53.14846],[-2.71435,53.14865],[-2.71126,53.15053],[-2.70879,53.14968],[-2.70663,53.1508],[-2.70508,53.15092],[-2.70419,53.15063],[-2.70343,53.152],[-2.70115,53.15206],[-2.69961,53.15241],[-2.69959,53.15345]]]}},{"type":"Feature","properties":{"id":"E01018373","name":"E01018373","parent":"E06000050","type":"LSOA","pop":2199,"r":7,"ff":5,"ffd":227.4,"ffs":0.7143,"g":0,"co":3,"mo":3,"sa":3,"ic":1},"geometry":{"type":"Polygon","coordinates":[[[-2.83647,53.11826],[-2.83458,53.1179],[-2.83096,53.11819],[-2.82827,53.11746],[-2.82786,53.11706],[-2.82508,53.11621],[-2.82366,53.11538],[-2.82247,53.11411],[-2.82055,53.1134],[-2.81912,53.11314],[-2.81663,53.11345],[-2.81148,53.11253],[-2.80879,53.11272],[-2.80614,53.11125],[-2.80456,53.10943],[-2.8017,53.10724],[-2.7959,53.10524],[-2.79481,53.10526],[-2.79441,53.10267],[-2.7949,53.10128],[-2.79786,53.10092],[-2.79663,53.10026],[-2.79682,53.09936],[-2.79749,53.0979],[-2.79881,53.09751],[-2.79726,53.09571],[-2.79301,53.09532],[-2.79106,53.09401],[-2.78714,53.09226],[-2.78472,53.09215],[-2.78123,53.09255],[-2.77785,53.09158],[-2.77393,53.09096],[-2.77364,53.09123],[-2.77172,53.09042],[-2.7631,53.09842],[-2.76169,53.10153],[-2.75892,53.10122],[-2.75782,53.10167],[-2.75648,53.10289],[-2.75128,53.10558],[-2.74527,53.10732],[-2.74147,53.10933],[-2.74254,53.1101],[-2.74212,53.11026],[-2.74072,53.11038],[-2.7398,53.10978],[-2.73845,53.10986],[-2.73667,53.10891],[-2.73631,53.10833],[-2.73631,53.10713],[-2.7379,53.10568],[-2.74009,53.10466],[-2.74199,53.10421],[-2.74467,53.0999],[-2.74403,53.0991],[-2.74227,53.09829],[-2.74077,53.09638],[-2.73819,53.09602],[-2.73682,53.09549],[-2.73665,53.09505],[-2.7374,53.09452],[-2.73709,53.0939],[-2.73832,53.09307],[-2.73805,53.09276],[-2.7363,53.09238],[-2.73238,53.09237],[-2.73174,53.09181],[-2.73268,53.09026],[-2.7356,53.08865],[-2.73493,53.08655],[-2.7418,53.08185],[-2.74534,53.08225],[-2.74526,53.0805],[-2.74668,53.07889],[-2.74817,53.07858],[-2.74867,53.07784],[-2.75065,53.07647],[-2.75105,53.07434],[-2.74993,53.07171],[-2.75126,53.07142],[-2.75293,53.06923],[-2.75304,53.067],[-2.75169,53.06541],[-2.75056,53.06478],[-2.75235,53.06269],[-2.75212,53.06254],[-2.75273,53.06222],[-2.75381,53.06244],[-2.75409,53.06212],[-2.75239,53.05969],[-2.75094,53.05579],[-2.75013,53.05473],[-2.74824,53.05361],[-2.75026,53.05322],[-2.75124,53.05338],[-2.75254,53.05463],[-2.75413,53.05524],[-2.75625,53.0552],[-2.75795,53.0548],[-2.7599,53.05552],[-2.7628,53.05559],[-2.76941,53.05684],[-2.77133,53.05809],[-2.77315,53.05842],[-2.77395,53.05801],[-2.77446,53.05826],[-2.77597,53.05796],[-2.77921,53.05818],[-2.78132,53.0588],[-2.78396,53.05861],[-2.78525,53.05879],[-2.78696,53.058],[-2.78802,53.05813],[-2.7907,53.05652],[-2.78919,53.05585],[-2.78962,53.05234],[-2.78938,53.04989],[-2.78953,53.04855],[-2.7926,53.04843],[-2.79168,53.04735],[-2.79224,53.04713],[-2.79001,53.04566],[-2.79482,53.04211],[-2.79507,53.04144],[-2.79594,53.04086],[-2.79675,53.04067],[-2.79856,53.0416],[-2.80313,53.03634],[-2.80471,53.03636],[-2.80521,53.03606],[-2.80453,53.03497],[-2.80248,53.03393],[-2.803,53.03268],[-2.80678,53.03076],[-2.81172,53.0263],[-2.81354,53.02215],[-2.81593,53.02297],[-2.81679,53.02298],[-2.81664,53.02355],[-2.81767,53.02429],[-2.81748,53.02604],[-2.81871,53.02613],[-2.82073,53.02693],[-2.82235,53.02678],[-2.82371,53.02561],[-2.82362,53.02367],[-2.82494,53.02346],[-2.82729,53.02183],[-2.8297,53.02125],[-2.83085,53.0213],[-2.83154,53.02072],[-2.83115,53.0182],[-2.8301,53.01827],[-2.82788,53.01778],[-2.82922,53.01638],[-2.83047,53.0164],[-2.83304,53.01718],[-2.83585,53.01699],[-2.83736,53.01724],[-2.83911,53.01674],[-2.84027,53.01738],[-2.84406,53.01763],[-2.84593,53.01871],[-2.8475,53.019],[-2.85017,53.01807],[-2.85152,53.01696],[-2.85862,53.01984],[-2.85865,53.02069],[-2.861,53.02281],[-2.8597,53.02569],[-2.86037,53.0264],[-2.86034,53.0289],[-2.85917,53.02994],[-2.85919,53.03058],[-2.8583,53.03084],[-2.85819,53.03141],[-2.8563,53.03268],[-2.85552,53.0345],[-2.85662,53.03596],[-2.85582,53.03737],[-2.85824,53.03807],[-2.85823,53.03853],[-2.85883,53.03891],[-2.86014,53.03897],[-2.8618,53.03857],[-2.86242,53.03917],[-2.86381,53.0393],[-2.86667,53.04054],[-2.86115,53.0426],[-2.86158,53.04385],[-2.86242,53.04421],[-2.86435,53.04338],[-2.86629,53.0437],[-2.8665,53.04433],[-2.86514,53.04502],[-2.86507,53.04557],[-2.86904,53.04455],[-2.86982,53.04472],[-2.87009,53.04539],[-2.86836,53.04598],[-2.86536,53.04795],[-2.86312,53.04862],[-2.86343,53.04979],[-2.86294,53.05161],[-2.8634,53.05207],[-2.86476,53.05181],[-2.86604,53.05007],[-2.86678,53.04975],[-2.8677,53.04962],[-2.86834,53.05004],[-2.86843,53.05071],[-2.86754,53.05138],[-2.86591,53.05165],[-2.86605,53.05271],[-2.86292,53.05334],[-2.86231,53.05313],[-2.86149,53.05205],[-2.86095,53.052],[-2.85968,53.05286],[-2.85924,53.05426],[-2.86008,53.05475],[-2.86246,53.05476],[-2.86491,53.05527],[-2.86681,53.05515],[-2.86735,53.05548],[-2.86718,53.05656],[-2.86609,53.05723],[-2.8652,53.05724],[-2.86265,53.0565],[-2.86124,53.05711],[-2.861,53.0577],[-2.8623,53.05848],[-2.86564,53.05876],[-2.86746,53.05716],[-2.86868,53.05679],[-2.87022,53.05683],[-2.87171,53.05744],[-2.87246,53.05875],[-2.87198,53.05919],[-2.86964,53.05992],[-2.8682,53.05958],[-2.86549,53.06075],[-2.86444,53.06072],[-2.86305,53.06012],[-2.86173,53.06021],[-2.8607,53.05986],[-2.85997,53.06046],[-2.85748,53.06117],[-2.85611,53.06244],[-2.85532,53.06361],[-2.85528,53.06731],[-2.84845,53.06879],[-2.8484,53.07403],[-2.84803,53.07482],[-2.84835,53.07657],[-2.84758,53.07811],[-2.84767,53.08045],[-2.84698,53.08394],[-2.84597,53.08646],[-2.84299,53.08673],[-2.84516,53.09463],[-2.84974,53.10217],[-2.8478,53.10196],[-2.84257,53.10247],[-2.84192,53.10888],[-2.84069,53.11187],[-2.83932,53.11404],[-2.83701,53.11654],[-2.83647,53.11826]]]}},{"type":"Feature","properties":{"id":"E01018374","name":"E01018374","parent":"E06000050","type":"LSOA","pop":1938,"r":270,"ff":108,"ffd":5572.8,"ffs":0.5684,"g":77,"co":0,"mo":0,"sa":0,"ic":0},"geometry":{"type":"Polygon","coordinates":[[[-2.8842,53.20986],[-2.8846,53.20948],[-2.88557,53.20967],[-2.88679,53.20909],[-2.89105,53.20769],[-2.8896,53.20532],[-2.89172,53.20447],[-2.89176,53.20411],[-2.89353,53.20451],[-2.89328,53.20414],[-2.8942,53.20406],[-2.89466,53.20505],[-2.89433,53.20593],[-2.89464,53.20621],[-2.89594,53.20476],[-2.89715,53.20477],[-2.8978,53.20442],[-2.89765,53.20398],[-2.89871,53.2039],[-2.89868,53.20352],[-2.89955,53.20324],[-2.89852,53.20235],[-2.8993,53.20228],[-2.90259,53.20517],[-2.90249,53.20599],[-2.90299,53.20671],[-2.90301,53.20838],[-2.90509,53.21217],[-2.90414,53.21283],[-2.90224,53.21331],[-2.90068,53.21014],[-2.89759,53.21107],[-2.89588,53.2111],[-2.89519,53.20927],[-2.89458,53.2094],[-2.89395,53.20901],[-2.89305,53.20971],[-2.89377,53.20998],[-2.8937,53.21081],[-2.89301,53.21095],[-2.89439,53.21326],[-2.89146,53.21388],[-2.89143,53.2141],[-2.8865,53.21466],[-2.88428,53.21336],[-2.88214,53.21239],[-2.88173,53.21026],[-2.8842,53.20986]]]}},{"type":"Feature","properties":{"id":"E01018375","name":"E01018375","parent":"E06000050","type":"LSOA","pop":1838,"r":267,"ff":107,"ffd":5821.5,"ffs":0.5661,"g":75,"co":0,"mo":0,"sa":0,"ic":0},"geometry":{"type":"Polygon","coordinates":[[[-2.89466,53.20505],[-2.8942,53.20406],[-2.89328,53.20414],[-2.89353,53.20451],[-2.89176,53.20411],[-2.89172,53.20447],[-2.8896,53.20532],[-2.88652,53.20111],[-2.88765,53.20082],[-2.89232,53.20049],[-2.89431,53.20076],[-2.89908,53.20206],[-2.8993,53.20228],[-2.89852,53.20235],[-2.89955,53.20324],[-2.89868,53.20352],[-2.89871,53.2039],[-2.89765,53.20398],[-2.8978,53.20442],[-2.89715,53.20477],[-2.89594,53.20476],[-2.89464,53.20621],[-2.89433,53.20593],[-2.89466,53.20505]]]}},{"type":"Feature","properties":{"id":"E01018376","name":"E01018376","parent":"E06000050","type":"LSOA","pop":1789,"r":281,"ff":112,"ffd":6260.5,"ffs":0.5714,"g":82,"co":0,"mo":0,"sa":0,"ic":0},"geometry":{"type":"Polygon","coordinates":[[[-2.87107,53.22625],[-2.87163,53.22375],[-2.87296,53.22145],[-2.8748,53.21962],[-2.87557,53.21981],[-2.87635,53.21876],[-2.8797,53.21976],[-2.88051,53.21977],[-2.88283,53.21882],[-2.88387,53.21682],[-2.88506,53.21626],[-2.88638,53.21479],[-2.88798,53.21563],[-2.88778,53.21633],[-2.88914,53.21768],[-2.88894,53.21821],[-2.888,53.21814],[-2.88776,53.21778],[-2.88636,53.21823],[-2.88462,53.21795],[-2.88375,53.21831],[-2.88375,53.2186],[-2.88303,53.21871],[-2.88428,53.22039],[-2.88576,53.21966],[-2.88748,53.21976],[-2.88798,53.21943],[-2.88706,53.21894],[-2.88781,53.2187],[-2.88885,53.21901],[-2.8891,53.21826],[-2.88956,53.21874],[-2.89041,53.2188],[-2.89099,53.21853],[-2.89007,53.21915],[-2.8901,53.21972],[-2.88847,53.22021],[-2.88763,53.22086],[-2.88724,53.22189],[-2.88991,53.22373],[-2.89012,53.22434],[-2.89054,53.22423],[-2.89114,53.22464],[-2.88993,53.2254],[-2.88842,53.2256],[-2.88631,53.22559],[-2.88212,53.22488],[-2.87833,53.22561],[-2.87107,53.22625]]]}},{"type":"Feature","properties":{"id":"E01018377","name":"E01018377","parent":"E06000050","type":"LSOA","pop":2270,"r":370,"ff":103,"ffd":4537.4,"ffs":0.4791,"g":152,"co":0,"mo":0,"sa":0,"ic":0},"geometry":{"type":"Polygon","coordinates":[[[-2.89114,53.22464],[-2.89054,53.22423],[-2.89012,53.22434],[-2.88991,53.22373],[-2.88724,53.22189],[-2.88763,53.22086],[-2.88847,53.22021],[-2.8901,53.21972],[-2.89007,53.21915],[-2.89099,53.21853],[-2.89041,53.2188],[-2.88956,53.21874],[-2.8891,53.21826],[-2.88885,53.21901],[-2.88781,53.2187],[-2.88706,53.21894],[-2.88798,53.21943],[-2.88748,53.21976],[-2.88576,53.21966],[-2.88428,53.22039],[-2.88303,53.21871],[-2.88375,53.2186],[-2.88375,53.21831],[-2.88462,53.21795],[-2.88636,53.21823],[-2.88776,53.21778],[-2.888,53.21814],[-2.88894,53.21821],[-2.88914,53.21768],[-2.88778,53.21633],[-2.88798,53.21563],[-2.88638,53.21479],[-2.89143,53.2141],[-2.89146,53.21388],[-2.89439,53.21326],[-2.89301,53.21095],[-2.8937,53.21081],[-2.89377,53.20998],[-2.89305,53.20971],[-2.89395,53.20901],[-2.89458,53.2094],[-2.89519,53.20927],[-2.89588,53.2111],[-2.89759,53.21107],[-2.90068,53.21014],[-2.90224,53.21331],[-2.90414,53.21283],[-2.90509,53.21217],[-2.90301,53.20838],[-2.90299,53.20671],[-2.90499,53.2087],[-2.90762,53.2144],[-2.90639,53.21677],[-2.906,53.21899],[-2.90486,53.219],[-2.90461,53.22029],[-2.90288,53.22015],[-2.90045,53.22118],[-2.89305,53.22306],[-2.89114,53.22464]]]}},{"type":"Feature","properties":{"id":"E01018378","name":"E01018378","parent":"E06000050","type":"LSOA","pop":1322,"r":280,"ff":114,"ffd":8623.3,"ffs":0.5846,"g":82,"co":0,"mo":0,"sa":0,"ic":0},"geometry":{"type":"Polygon","coordinates":[[[-2.8797,53.21976],[-2.87509,53.21826],[-2.87541,53.21795],[-2.8756,53.21708],[-2.87727,53.21604],[-2.87723,53.21566],[-2.87512,53.21618],[-2.87357,53.21523],[-2.87599,53.21351],[-2.87573,53.2133],[-2.87638,53.21264],[-2.87583,53.21197],[-2.87614,53.21154],[-2.87754,53.21123],[-2.87791,53.21154],[-2.87684,53.21205],[-2.87707,53.2123],[-2.87791,53.21225],[-2.87805,53.2125],[-2.87746,53.21278],[-2.87824,53.21411],[-2.87887,53.21411],[-2.87844,53.21433],[-2.87841,53.21504],[-2.87914,53.21541],[-2.87904,53.21608],[-2.88007,53.21702],[-2.88015,53.21746],[-2.87929,53.21814],[-2.87794,53.21858],[-2.8786,53.21895],[-2.8786,53.21935],[-2.87928,53.2191],[-2.88004,53.21938],[-2.8797,53.21976]]]}},{"type":"Feature","properties":{"id":"E01018379","name":"E01018379","parent":"E06000050","type":"LSOA","pop":1383,"r":278,"ff":113,"ffd":8170.6,"ffs":0.5825,"g":81,"co":0,"mo":0,"sa":0,"ic":0},"geometry":{"type":"Polygon","coordinates":[[[-2.88004,53.21938],[-2.87928,53.2191],[-2.8786,53.21935],[-2.8786,53.21895],[-2.87794,53.21858],[-2.87929,53.21814],[-2.88015,53.21746],[-2.88007,53.21702],[-2.87904,53.21608],[-2.87914,53.21541],[-2.87841,53.21504],[-2.87844,53.21433],[-2.87887,53.21411],[-2.87824,53.21411],[-2.87746,53.21278],[-2.87805,53.2125],[-2.87791,53.21225],[-2.87707,53.2123],[-2.87684,53.21205],[-2.87791,53.21154],[-2.87754,53.21123],[-2.87614,53.21154],[-2.87519,53.21135],[-2.87548,53.21116],[-2.87455,53.21096],[-2.87471,53.21079],[-2.87839,53.21037],[-2.88128,53.20974],[-2.88173,53.21026],[-2.88214,53.21239],[-2.88428,53.21336],[-2.8865,53.21466],[-2.88506,53.21626],[-2.88387,53.21682],[-2.88283,53.21882],[-2.88051,53.21977],[-2.8797,53.21976],[-2.88004,53.21938]]]}},{"type":"Feature","properties":{"id":"E01018380","name":"E01018380","parent":"E06000050","type":"LSOA","pop":1193,"r":286,"ff":114,"ffd":9555.7,"ffs":0.5729,"g":84,"co":0,"mo":0,"sa":0,"ic":0},"geometry":{"type":"Polygon","coordinates":[[[-2.86183,53.22026],[-2.85896,53.21767],[-2.85927,53.21723],[-2.85872,53.21645],[-2.86257,53.21352],[-2.86424,53.21379],[-2.87471,53.21079],[-2.87455,53.21096],[-2.87548,53.21116],[-2.87519,53.21135],[-2.87614,53.21154],[-2.87583,53.21197],[-2.87638,53.21264],[-2.87573,53.2133],[-2.87599,53.21351],[-2.87357,53.21523],[-2.87512,53.21618],[-2.87723,53.21566],[-2.87727,53.21604],[-2.8756,53.21708],[-2.87541,53.21795],[-2.87509,53.21826],[-2.8771,53.21903],[-2.87635,53.21876],[-2.87557,53.21981],[-2.8748,53.21962],[-2.87296,53.22145],[-2.87163,53.22375],[-2.87107,53.22625],[-2.86826,53.22649],[-2.86603,53.22626],[-2.86641,53.22503],[-2.86453,53.2241],[-2.86107,53.22312],[-2.86188,53.22173],[-2.86183,53.22026]]]}},{"type":"Feature","properties":{"id":"E01018381","name":"E01018381","parent":"E06000050","type":"LSOA","pop":1271,"r":279,"ff":107,"ffd":8418.6,"ffs":0.5573,"g":84,"co":0,"mo":0,"sa":0,"ic":0},"geometry":{"type":"Polygon","coordinates":[[[-2.85033,53.1941],[-2.84924,53.19295],[-2.84984,53.19243],[-2.84953,53.19208],[-2.84996,53.18854],[-2.85406,53.19056],[-2.85636,53.19148],[-2.85906,53.19201],[-2.85865,53.19278],[-2.85932,53.19305],[-2.85768,53.19324],[-2.85768,53.19377],[-2.85686,53.19397],[-2.85712,53.19416],[-2.85631,53.19551],[-2.85511,53.19541],[-2.85523,53.19465],[-2.85401,53.19414],[-2.85295,53.1942],[-2.85279,53.19385],[-2.85149,53.19405],[-2.85199,53.19458],[-2.8502,53.19473],[-2.84944,53.19534],[-2.84826,53.19546],[-2.84963,53.1984],[-2.8519,53.2006],[-2.85122,53.20124],[-2.84876,53.2001],[-2.84659,53.19995],[-2.8443,53.19811],[-2.84183,53.19697],[-2.84053,53.19608],[-2.84528,53.19511],[-2.84517,53.19479],[-2.85033,53.1941]]]}},{"type":"Feature","properties":{"id":"E01018382","name":"E01018382","parent":"E06000050","type":"LSOA","pop":1603,"r":269,"ff":105,"ffd":6550.2,"ffs":0.5615,"g":79,"co":0,"mo":0,"sa":0,"ic":0},"geometry":{"type":"Polygon","coordinates":[[[-2.86296,53.19464],[-2.86165,53.19447],[-2.86121,53.19472],[-2.86055,53.19457],[-2.86048,53.19426],[-2.86005,53.19448],[-2.85938,53.19438],[-2.85907,53.19386],[-2.85768,53.19377],[-2.85768,53.19324],[-2.85932,53.19305],[-2.85865,53.19278],[-2.85906,53.19201],[-2.85828,53.19184],[-2.85914,53.18928],[-2.86272,53.18949],[-2.86577,53.1902],[-2.86494,53.1908],[-2.86502,53.19229],[-2.86458,53.19378],[-2.87136,53.1947],[-2.87088,53.19498],[-2.86944,53.19515],[-2.86805,53.19565],[-2.86387,53.19768],[-2.86272,53.19715],[-2.86393,53.19534],[-2.86301,53.19508],[-2.86296,53.19464]]]}},{"type":"Feature","properties":{"id":"E01018383","name":"E01018383","parent":"E06000050","type":"LSOA","pop":1500,"r":282,"ff":108,"ffd":7200.0,"ffs":0.5567,"g":85,"co":0,"mo":0,"sa":0,"ic":0},"geometry":{"type":"Polygon","coordinates":[[[-2.8569,53.19925],[-2.85696,53.19893],[-2.85573,53.19899],[-2.85617,53.19828],[-2.85505,53.19804],[-2.85495,53.19756],[-2.85449,53.19744],[-2.85401,53.19841],[-2.85319,53.19825],[-2.85324,53.19689],[-2.85406,53.19633],[-2.85333,53.19594],[-2.85504,53.19648],[-2.85511,53.19541],[-2.85631,53.19551],[-2.85712,53.19416],[-2.85686,53.19397],[-2.85768,53.19377],[-2.85907,53.19386],[-2.85938,53.19438],[-2.86005,53.19448],[-2.86048,53.19426],[-2.86055,53.19457],[-2.86121,53.19472],[-2.86165,53.19447],[-2.86296,53.19464],[-2.86301,53.19508],[-2.86393,53.19534],[-2.86272,53.19715],[-2.86387,53.19768],[-2.85812,53.20034],[-2.8569,53.19925]]]}},{"type":"Feature","properties":{"id":"E01018384","name":"E01018384","parent":"E06000050","type":"LSOA","pop":1484,"r":281,"ff":108,"ffd":7277.6,"ffs":0.5596,"g":85,"co":0,"mo":0,"sa":0,"ic":0},"geometry":{"type":"Polygon","coordinates":[[[-2.85,53.20257],[-2.84746,53.20115],[-2.84659,53.19995],[-2.84876,53.2001],[-2.85122,53.20124],[-2.8519,53.2006],[-2.84963,53.1984],[-2.84826,53.19546],[-2.84944,53.19534],[-2.8502,53.19473],[-2.85199,53.19458],[-2.85149,53.19405],[-2.85279,53.19385],[-2.85295,53.1942],[-2.85401,53.19414],[-2.85523,53.19465],[-2.85504,53.19648],[-2.85333,53.19594],[-2.85406,53.19633],[-2.85324,53.19689],[-2.85319,53.19825],[-2.85401,53.19841],[-2.85449,53.19744],[-2.85495,53.19756],[-2.85505,53.19804],[-2.85617,53.19828],[-2.85573,53.19899],[-2.85696,53.19893],[-2.8569,53.19925],[-2.85812,53.20034],[-2.85095,53.20353],[-2.84983,53.20278],[-2.85,53.20257]]]}},{"type":"Feature","properties":{"id":"E01018385","name":"E01018385","parent":"E06000050","type":"LSOA","pop":1944,"r":199,"ff":71,"ffd":3652.3,"ffs":0.5379,"g":64,"co":0,"mo":2,"sa":0,"ic":0},"geometry":{"type":"Polygon","coordinates":[[[-2.7918,53.18253],[-2.79023,53.18085],[-2.79031,53.17949],[-2.78916,53.17824],[-2.78247,53.17575],[-2.78365,53.17524],[-2.78391,53.17475],[-2.78522,53.1743],[-2.7875,53.17394],[-2.78808,53.17409],[-2.78872,53.17307],[-2.78723,53.17054],[-2.78622,53.16981],[-2.78511,53.17031],[-2.78557,53.16944],[-2.7828,53.16702],[-2.78611,53.16322],[-2.78588,53.16208],[-2.78485,53.16114],[-2.78362,53.15852],[-2.78582,53.15809],[-2.78803,53.15725],[-2.78935,53.15587],[-2.79402,53.15771],[-2.79664,53.15828],[-2.79729,53.15808],[-2.79992,53.15909],[-2.80515,53.15695],[-2.80613,53.15744],[-2.80964,53.15645],[-2.81186,53.15628],[-2.81221,53.15578],[-2.81319,53.15564],[-2.81401,53.15603],[-2.81845,53.16021],[-2.82342,53.1626],[-2.8256,53.16332],[-2.83303,53.16478],[-2.83802,53.16695],[-2.84409,53.16715],[-2.84839,53.17163],[-2.85089,53.17523],[-2.8528,53.17583],[-2.85269,53.17604],[-2.84617,53.17732],[-2.84474,53.17727],[-2.84245,53.17809],[-2.83532,53.1794],[-2.83264,53.17887],[-2.82827,53.17717],[-2.82561,53.17753],[-2.82259,53.17727],[-2.82042,53.1751],[-2.81922,53.17446],[-2.81682,53.17397],[-2.80923,53.17562],[-2.81548,53.17895],[-2.81565,53.17921],[-2.81501,53.17957],[-2.80482,53.18181],[-2.80319,53.18074],[-2.79998,53.18159],[-2.79877,53.1814],[-2.79317,53.18343],[-2.79189,53.18344],[-2.7918,53.18253]]]}},{"type":"Feature","properties":{"id":"E01018518","name":"E01018518","parent":"E06000050","type":"LSOA","pop":1641,"r":335,"ff":131,"ffd":7982.9,"ffs":0.4486,"g":41,"co":0,"mo":3,"sa":0,"ic":0},"geometry":{"type":"MultiPolygon","coordinates":[[[[-3.08326,53.2559],[-3.08293,53.25573],[-3.08557,53.25664],[-3.08388,53.25704],[-3.08326,53.2559]]],[[[-3.01825,53.28251],[-3.01568,53.28086],[-2.99941,53.27375],[-2.99685,53.27201],[-2.9976,53.27173],[-2.99496,53.26956],[-2.9975,53.26763],[-2.99824,53.2679],[-3.00001,53.26662],[-3.00135,53.26737],[-3.00349,53.26575],[-3.00528,53.26328],[-3.00702,53.26166],[-3.00941,53.25757],[-3.01447,53.25448],[-3.01583,53.25467],[-3.01725,53.25367],[-3.01955,53.25325],[-3.02165,53.25166],[-3.02341,53.25171],[-3.02332,53.25058],[-3.02587,53.24844],[-3.03606,53.25181],[-3.06112,53.25272],[-3.07226,53.25336],[-3.08124,53.25514],[-3.08311,53.2559],[-3.08327,53.25674],[-3.08385,53.25716],[-3.08604,53.2568],[-3.09142,53.25951],[-3.08968,53.25918],[-3.08916,53.25979],[-3.08968,53.2593],[-3.09159,53.25963],[-3.09255,53.26017],[-3.09217,53.26125],[-3.09261,53.2602],[-3.09441,53.26135],[-3.09297,53.26204],[-3.0916,53.26209],[-3.0912,53.26224],[-3.09104,53.26261],[-3.09113,53.26285],[-3.09114,53.26239],[-3.0914,53.26221],[-3.09301,53.26211],[-3.09451,53.26143],[-3.09501,53.26178],[-3.08459,53.26782],[-3.06759,53.27836],[-3.06698,53.27799],[-3.06597,53.27618],[-3.06663,53.27575],[-3.06586,53.27587],[-3.06388,53.27427],[-3.05631,53.27697],[-3.05549,53.27742],[-3.0569,53.27951],[-3.05385,53.2803],[-3.052,53.2796],[-3.05228,53.28142],[-3.05062,53.28165],[-3.05033,53.28059],[-3.04924,53.28071],[-3.04709,53.27822],[-3.04585,53.28176],[-3.0436,53.28146],[-3.04083,53.28161],[-3.03512,53.28262],[-3.03295,53.28129],[-3.02909,53.28344],[-3.02303,53.2856],[-3.01825,53.28251]]]]}},{"type":"Feature","properties":{"id":"E01018519","name":"E01018519","parent":"E06000050","type":"LSOA","pop":1507,"r":309,"ff":97,"ffd":6436.6,"ffs":0.5419,"g":126,"co":0,"mo":0,"sa":0,"ic":0},"geometry":{"type":"Polygon","coordinates":[[[-2.90229,53.27815],[-2.9017,53.27788],[-2.90089,53.27805],[-2.90115,53.27824],[-2.89988,53.27886],[-2.89897,53.27838],[-2.89938,53.27762],[-2.90096,53.27731],[-2.90291,53.27747],[-2.90342,53.27785],[-2.90518,53.277],[-2.90585,53.27737],[-2.90529,53.278],[-2.90516,53.27898],[-2.90528,53.27968],[-2.9065,53.28196],[-2.90691,53.28237],[-2.90759,53.2824],[-2.90751,53.28288],[-2.89991,53.28237],[-2.89949,53.28209],[-2.89996,53.28174],[-2.89932,53.28152],[-2.90043,53.2806],[-2.89957,53.28016],[-2.90229,53.27815]]]}},{"type":"Feature","properties":{"id":"E01018520","name":"E01018520","parent":"E06000050","type":"LSOA","pop":2390,"r":328,"ff":102,"ffd":4267.8,"ffs":0.534,"g":133,"co":2,"mo":0,"sa":0,"ic":0},"geometry":{"type":"Polygon","coordinates":[[[-2.88581,53.2814],[-2.88497,53.27912],[-2.88587,53.27958],[-2.89023,53.27929],[-2.89215,53.27827],[-2.89179,53.2778],[-2.89341,53.27649],[-2.8947,53.27638],[-2.89458,53.27717],[-2.89524,53.27724],[-2.89424,53.27775],[-2.89523,53.27826],[-2.89596,53.27814],[-2.8949,53.2788],[-2.89518,53.27898],[-2.89696,53.27805],[-2.89689,53.27778],[-2.89723,53.27807],[-2.89853,53.27743],[-2.89831,53.27723],[-2.89898,53.27676],[-2.89946,53.277],[-2.90032,53.27665],[-2.9006,53.2769],[-2.90166,53.27652],[-2.90291,53.27747],[-2.90096,53.27731],[-2.89938,53.27762],[-2.89897,53.27838],[-2.89988,53.27886],[-2.90115,53.27824],[-2.90089,53.27805],[-2.9017,53.27788],[-2.90229,53.27815],[-2.89957,53.28016],[-2.90043,53.2806],[-2.89932,53.28152],[-2.89996,53.28174],[-2.89949,53.28209],[-2.89991,53.28237],[-2.88581,53.2814]]]}},{"type":"Feature","properties":{"id":"E01018521","name":"E01018521","parent":"E06000050","type":"LSOA","pop":1418,"r":280,"ff":86,"ffd":6064.9,"ffs":0.5375,"g":117,"co":0,"mo":0,"sa":0,"ic":0},"geometry":{"type":"Polygon","coordinates":[[[-2.89524,53.27862],[-2.89596,53.27814],[-2.89523,53.27826],[-2.89424,53.27775],[-2.89524,53.27724],[-2.89458,53.27717],[-2.8947,53.27638],[-2.8938,53.2764],[-2.8938,53.27593],[-2.89537,53.2744],[-2.89468,53.2733],[-2.89544,53.27285],[-2.89528,53.27249],[-2.89572,53.27247],[-2.89581,53.27172],[-2.8969,53.27144],[-2.89775,53.27187],[-2.89816,53.27166],[-2.90518,53.277],[-2.90342,53.27785],[-2.90166,53.27652],[-2.9006,53.2769],[-2.90032,53.27665],[-2.89946,53.277],[-2.89898,53.27676],[-2.89831,53.27723],[-2.89853,53.27743],[-2.89723,53.27807],[-2.89689,53.27778],[-2.89696,53.27805],[-2.89518,53.27898],[-2.8949,53.2788],[-2.89524,53.27862]]]}},{"type":"Feature","properties":{"id":"E01018522","name":"E01018522","parent":"E06000050","type":"LSOA","pop":1450,"r":296,"ff":92,"ffd":6344.8,"ffs":0.5412,"g":122,"co":0,"mo":0,"sa":0,"ic":0},"geometry":{"type":"Polygon","coordinates":[[[-2.91637,53.2814],[-2.91571,53.281],[-2.91512,53.28126],[-2.91455,53.2809],[-2.91404,53.2812],[-2.9124,53.28086],[-2.91186,53.28102],[-2.91189,53.28071],[-2.91708,53.28096],[-2.91714,53.28054],[-2.9161,53.27973],[-2.9146,53.27962],[-2.91547,53.27866],[-2.91765,53.27835],[-2.91684,53.2781],[-2.91644,53.27848],[-2.91531,53.27818],[-2.91705,53.27702],[-2.91752,53.27692],[-2.92335,53.27619],[-2.92312,53.27685],[-2.92326,53.27756],[-2.92334,53.27689],[-2.92449,53.27676],[-2.92391,53.27737],[-2.92412,53.27816],[-2.92491,53.27799],[-2.92486,53.27756],[-2.92615,53.27756],[-2.9264,53.27823],[-2.92473,53.27858],[-2.9257,53.27958],[-2.92404,53.27987],[-2.92421,53.28017],[-2.92311,53.28027],[-2.92251,53.27934],[-2.92195,53.27934],[-2.92156,53.27989],[-2.91833,53.27986],[-2.91844,53.28065],[-2.91988,53.28202],[-2.9195,53.28265],[-2.91782,53.28273],[-2.91643,53.28235],[-2.91637,53.2814]]]}},{"type":"Feature","properties":{"id":"E01018523","name":"E01018523","parent":"E06000050","type":"LSOA","pop":1459,"r":298,"ff":93,"ffd":6374.2,"ffs":0.5407,"g":122,"co":0,"mo":0,"sa":0,"ic":0},"geometry":{"type":"Polygon","coordinates":[[[-2.92292,53.2832],[-2.923,53.28201],[-2.92095,53.28257],[-2.92108,53.28195],[-2.92187,53.28185],[-2.92007,53.28057],[-2.92029,53.28028],[-2.91906,53.28023],[-2.91888,53.2798],[-2.92156,53.27989],[-2.92195,53.27934],[-2.92251,53.27934],[-2.92311,53.28027],[-2.92355,53.28026],[-2.92421,53.28017],[-2.92404,53.27987],[-2.9257,53.27958],[-2.92473,53.27858],[-2.9264,53.27823],[-2.92615,53.27756],[-2.92486,53.27756],[-2.92491,53.27799],[-2.92412,53.27816],[-2.92391,53.27737],[-2.92449,53.27676],[-2.92334,53.27689],[-2.92326,53.27756],[-2.92312,53.27685],[-2.92335,53.27619],[-2.92954,53.27556],[-2.92929,53.27588],[-2.93011,53.27632],[-2.9315,53.27635],[-2.9318,53.27687],[-2.93142,53.27734],[-2.93134,53.2799],[-2.93208,53.28095],[-2.93244,53.28204],[-2.92883,53.28085],[-2.92679,53.28219],[-2.92473,53.28295],[-2.92447,53.28143],[-2.92362,53.28125],[-2.92359,53.28307],[-2.92292,53.2832]]]}},{"type":"Feature","properties":{"id":"E01018524","name":"E01018524","parent":"E06000050","type":"LSOA","pop":1598,"r":301,"ff":91,"ffd":5694.6,"ffs":0.5291,"g":125,"co":0,"mo":0,"sa":0,"ic":0},"geometry":{"type":"Polygon","coordinates":[[[-2.91886,53.28368],[-2.91057,53.2831],[-2.91067,53.28258],[-2.91211,53.28261],[-2.9124,53.28086],[-2.91404,53.2812],[-2.91455,53.2809],[-2.91512,53.28126],[-2.91571,53.281],[-2.91637,53.2814],[-2.91643,53.28235],[-2.91782,53.28273],[-2.9195,53.28265],[-2.91988,53.28202],[-2.91844,53.28065],[-2.91833,53.27986],[-2.91888,53.2798],[-2.91906,53.28023],[-2.92029,53.28028],[-2.92007,53.28057],[-2.92187,53.28185],[-2.92108,53.28195],[-2.92095,53.28257],[-2.923,53.28201],[-2.92292,53.2832],[-2.92359,53.28307],[-2.92362,53.28125],[-2.92447,53.28143],[-2.92473,53.28295],[-2.92679,53.28219],[-2.92883,53.28085],[-2.93244,53.28204],[-2.93076,53.28353],[-2.93114,53.28454],[-2.91886,53.28368]]]}},{"type":"Feature","properties":{"id":"E01018525","name":"E01018525","parent":"E06000050","type":"LSOA","pop":1998,"r":282,"ff":88,"ffd":4404.4,"ffs":0.5432,"g":117,"co":0,"mo":0,"sa":0,"ic":0},"geometry":{"type":"Polygon","coordinates":[[[-2.90751,53.28288],[-2.90759,53.2824],[-2.90691,53.28237],[-2.9065,53.28196],[-2.90528,53.27968],[-2.90516,53.27898],[-2.90529,53.278],[-2.90585,53.27737],[-2.90834,53.27765],[-2.9136,53.27766],[-2.91705,53.27702],[-2.91531,53.27818],[-2.91644,53.27848],[-2.91684,53.2781],[-2.91765,53.27835],[-2.91547,53.27866],[-2.9146,53.27962],[-2.9161,53.27973],[-2.91714,53.28054],[-2.91708,53.28096],[-2.91189,53.28071],[-2.91186,53.28102],[-2.9124,53.28086],[-2.91211,53.28261],[-2.91067,53.28258],[-2.91057,53.2831],[-2.90751,53.28288]]]}},{"type":"Feature","properties":{"id":"E01018526","name":"E01018526","parent":"E06000050","type":"LSOA","pop":1565,"r":265,"ff":89,"ffd":5686.9,"ffs":0.5329,"g":96,"co":0,"mo":0,"sa":0,"ic":0},"geometry":{"type":"Polygon","coordinates":[[[-2.91427,53.26652],[-2.9126,53.26564],[-2.91031,53.26511],[-2.91053,53.2603],[-2.91015,53.25703],[-2.91184,53.25607],[-2.91428,53.25831],[-2.9151,53.25945],[-2.91588,53.26106],[-2.9169,53.26059],[-2.91714,53.26102],[-2.9163,53.26134],[-2.91696,53.26278],[-2.916,53.26294],[-2.91915,53.26481],[-2.91822,53.26487],[-2.91828,53.26566],[-2.91713,53.26599],[-2.91753,53.26626],[-2.91708,53.26669],[-2.91617,53.26628],[-2.91544,53.26657],[-2.91625,53.26734],[-2.91581,53.26759],[-2.91427,53.26652]]]}},{"type":"Feature","properties":{"id":"E01018527","name":"E01018527","parent":"E06000050","type":"LSOA","pop":1553,"r":299,"ff":118,"ffd":7598.2,"ffs":0.4538,"g":36,"co":0,"mo":1,"sa":0,"ic":0},"geometry":{"type":"Polygon","coordinates":[[[-2.91625,53.26734],[-2.91544,53.26657],[-2.91617,53.26628],[-2.91708,53.26669],[-2.91753,53.26626],[-2.91713,53.26599],[-2.91828,53.26566],[-2.91822,53.26487],[-2.91915,53.26481],[-2.916,53.26294],[-2.91696,53.26278],[-2.9163,53.26134],[-2.91714,53.26102],[-2.9169,53.26059],[-2.91717,53.26005],[-2.9179,53.26022],[-2.91953,53.26154],[-2.92329,53.26198],[-2.92152,53.26276],[-2.92228,53.26325],[-2.92206,53.26407],[-2.92277,53.26417],[-2.92341,53.2638],[-2.92495,53.26467],[-2.926,53.26393],[-2.92645,53.26419],[-2.92307,53.26649],[-2.91904,53.26851],[-2.9176,53.26881],[-2.91581,53.26759],[-2.91625,53.26734]]]}},{"type":"Feature","properties":{"id":"E01018528","name":"E01018528","parent":"E06000050","type":"LSOA","pop":2043,"r":271,"ff":86,"ffd":4209.5,"ffs":0.5478,"g":111,"co":0,"mo":0,"sa":2,"ic":0},"geometry":{"type":"Polygon","coordinates":[[[-2.95189,53.28222],[-2.9508,53.28105],[-2.94998,53.28142],[-2.94929,53.28055],[-2.94679,53.28121],[-2.94488,53.28093],[-2.94456,53.28153],[-2.94513,53.2818],[-2.94446,53.28239],[-2.94364,53.28243],[-2.93981,53.27923],[-2.94086,53.2788],[-2.94189,53.27974],[-2.94228,53.27955],[-2.94176,53.27913],[-2.94257,53.2788],[-2.94308,53.27912],[-2.94466,53.27869],[-2.9448,53.27902],[-2.94633,53.27865],[-2.94657,53.27908],[-2.94735,53.27916],[-2.94749,53.27882],[-2.94868,53.27867],[-2.94954,53.27806],[-2.95073,53.27662],[-2.95296,53.27522],[-2.95505,53.27237],[-2.95703,53.27318],[-2.95972,53.27493],[-2.96199,53.27489],[-2.96034,53.2775],[-2.95888,53.27891],[-2.95717,53.27979],[-2.95409,53.28028],[-2.95398,53.28066],[-2.95551,53.28161],[-2.95266,53.28249],[-2.95189,53.28222]]]}},{"type":"Feature","properties":{"id":"E01018529","name":"E01018529","parent":"E06000050","type":"LSOA","pop":1764,"r":277,"ff":87,"ffd":4932.0,"ffs":0.537,"g":112,"co":0,"mo":0,"sa":0,"ic":0},"geometry":{"type":"Polygon","coordinates":[[[-2.94189,53.27974],[-2.94086,53.2788],[-2.93981,53.27923],[-2.93902,53.27846],[-2.93832,53.27729],[-2.93755,53.27434],[-2.94287,53.27476],[-2.94364,53.2745],[-2.94453,53.2754],[-2.94948,53.27367],[-2.94951,53.27264],[-2.95171,53.27051],[-2.95505,53.27237],[-2.95296,53.27522],[-2.95073,53.27662],[-2.94954,53.27806],[-2.94868,53.27867],[-2.94749,53.27882],[-2.94735,53.27916],[-2.94657,53.27908],[-2.94633,53.27865],[-2.9448,53.27902],[-2.94466,53.27869],[-2.94308,53.27912],[-2.94257,53.2788],[-2.94176,53.27913],[-2.94228,53.27955],[-2.94189,53.27974]]]}},{"type":"Feature","properties":{"id":"E01018530","name":"E01018530","parent":"E06000050","type":"LSOA","pop":1443,"r":288,"ff":88,"ffd":6098.4,"ffs":0.5269,"g":117,"co":0,"mo":0,"sa":2,"ic":0},"geometry":{"type":"Polygon","coordinates":[[[-2.96034,53.2775],[-2.96199,53.27489],[-2.96958,53.27503],[-2.96792,53.27968],[-2.96591,53.28022],[-2.96592,53.28124],[-2.96477,53.28324],[-2.9629,53.28747],[-2.9591,53.28796],[-2.95386,53.2892],[-2.95357,53.28874],[-2.95449,53.28809],[-2.95743,53.28726],[-2.95705,53.28637],[-2.9574,53.28538],[-2.95593,53.28536],[-2.95524,53.28489],[-2.95347,53.28486],[-2.95302,53.28448],[-2.95383,53.2844],[-2.95425,53.284],[-2.95266,53.28249],[-2.95551,53.28161],[-2.95398,53.28066],[-2.95409,53.28028],[-2.95717,53.27979],[-2.95888,53.27891],[-2.96034,53.2775]]]}},{"type":"Feature","properties":{"id":"E01018531","name":"E01018531","parent":"E06000050","type":"LSOA","pop":1579,"r":295,"ff":89,"ffd":5636.5,"ffs":0.5266,"g":122,"co":0,"mo":0,"sa":2,"ic":0},"geometry":{"type":"Polygon","coordinates":[[[-2.95043,53.28922],[-2.94858,53.2876],[-2.9471,53.28565],[-2.94364,53.28243],[-2.94446,53.28239],[-2.94513,53.2818],[-2.94456,53.28153],[-2.94488,53.28093],[-2.94679,53.28121],[-2.94929,53.28055],[-2.94998,53.28142],[-2.9508,53.28105],[-2.95189,53.28222],[-2.95266,53.28249],[-2.95425,53.284],[-2.95383,53.2844],[-2.95302,53.28448],[-2.95347,53.28486],[-2.95524,53.28489],[-2.95593,53.28536],[-2.9574,53.28538],[-2.95705,53.28637],[-2.95743,53.28726],[-2.95449,53.28809],[-2.95357,53.28874],[-2.95386,53.2892],[-2.95276,53.2895],[-2.95221,53.28918],[-2.95115,53.28988],[-2.95043,53.28922]]]}},{"type":"Feature","properties":{"id":"E01018532","name":"E01018532","parent":"E06000050","type":"LSOA","pop":1882,"r":162,"ff":37,"ffd":1966.0,"ffs":0.5286,"g":90,"co":2,"mo":2,"sa":0,"ic":0},"geometry":{"type":"Polygon","coordinates":[[[-3.05666,53.28844],[-3.05575,53.28805],[-3.05494,53.28818],[-3.05454,53.28753],[-3.05294,53.28689],[-3.05319,53.28548],[-3.05282,53.28511],[-3.0518,53.28498],[-3.0516,53.28566],[-3.05068,53.28617],[-3.05131,53.28419],[-3.04997,53.2843],[-3.04833,53.28369],[-3.04934,53.28271],[-3.05182,53.28267],[-3.05256,53.28295],[-3.05316,53.28273],[-3.05247,53.28214],[-3.052,53.2796],[-3.05385,53.2803],[-3.0569,53.27951],[-3.05974,53.28389],[-3.06061,53.28767],[-3.05896,53.28774],[-3.05891,53.2881],[-3.05803,53.28789],[-3.05666,53.28844]]]}},{"type":"Feature","properties":{"id":"E01018533","name":"E01018533","parent":"E06000050","type":"LSOA","pop":1497,"r":182,"ff":39,"ffd":2605.2,"ffs":0.5,"g":101,"co":2,"mo":2,"sa":0,"ic":0},"geometry":{"type":"Polygon","coordinates":[[[-3.0553,53.29022],[-3.05482,53.28971],[-3.05287,53.28989],[-3.05191,53.28876],[-3.04805,53.28975],[-3.0438,53.28994],[-3.04021,53.28944],[-3.03295,53.28763],[-3.02659,53.28745],[-3.02303,53.2856],[-3.02909,53.28344],[-3.03295,53.28129],[-3.03512,53.28262],[-3.04083,53.28161],[-3.0436,53.28146],[-3.04585,53.28176],[-3.04709,53.27822],[-3.04924,53.28071],[-3.05033,53.28059],[-3.05062,53.28165],[-3.05228,53.28142],[-3.05247,53.28214],[-3.05316,53.28273],[-3.05256,53.28295],[-3.05182,53.28267],[-3.04934,53.28271],[-3.04833,53.28369],[-3.04997,53.2843],[-3.05131,53.28419],[-3.05068,53.28617],[-3.0516,53.28566],[-3.0518,53.28498],[-3.05282,53.28511],[-3.05319,53.28548],[-3.05294,53.28689],[-3.05454,53.28753],[-3.05494,53.28818],[-3.05575,53.28805],[-3.05666,53.28844],[-3.05602,53.29018],[-3.0553,53.29022]]]}},{"type":"Feature","properties":{"id":"E01018534","name":"E01018534","parent":"E06000050","type":"LSOA","pop":2579,"r":174,"ff":37,"ffd":1434.7,"ffs":0.4805,"g":96,"co":2,"mo":2,"sa":0,"ic":0},"geometry":{"type":"Polygon","coordinates":[[[-3.05892,53.2973],[-3.05808,53.29687],[-3.05835,53.29662],[-3.05893,53.29692],[-3.05971,53.29649],[-3.05988,53.29578],[-3.0591,53.29517],[-3.05852,53.29517],[-3.05884,53.29497],[-3.05836,53.29424],[-3.05894,53.29427],[-3.05873,53.29402],[-3.05658,53.29483],[-3.05395,53.29396],[-3.05638,53.29362],[-3.05656,53.29268],[-3.05713,53.29247],[-3.05814,53.29265],[-3.05889,53.29336],[-3.05968,53.29228],[-3.06078,53.29216],[-3.06101,53.29154],[-3.06087,53.29116],[-3.06006,53.29142],[-3.05906,53.29097],[-3.0601,53.29068],[-3.05966,53.29015],[-3.05689,53.29051],[-3.05635,53.29105],[-3.05603,53.29075],[-3.05656,53.29047],[-3.05602,53.29018],[-3.05666,53.28844],[-3.05803,53.28789],[-3.05891,53.2881],[-3.05896,53.28774],[-3.06061,53.28767],[-3.06209,53.28817],[-3.06277,53.289],[-3.06446,53.2898],[-3.06668,53.29016],[-3.06641,53.29182],[-3.06475,53.29188],[-3.0645,53.29387],[-3.0658,53.29568],[-3.06899,53.30121],[-3.06422,53.30176],[-3.0598,53.2991],[-3.0608,53.29844],[-3.05892,53.2973]]]}},{"type":"Feature","properties":{"id":"E01018535","name":"E01018535","parent":"E06000050","type":"LSOA","pop":1646,"r":182,"ff":43,"ffd":2612.4,"ffs":0.5309,"g":100,"co":2,"mo":2,"sa":0,"ic":0},"geometry":{"type":"Polygon","coordinates":[[[-3.06386,53.31194],[-3.05966,53.309],[-3.04839,53.31096],[-3.04816,53.30961],[-3.04592,53.30738],[-3.04236,53.30648],[-3.0417,53.30611],[-3.04207,53.30588],[-3.04166,53.30518],[-3.03922,53.30541],[-3.03849,53.30514],[-3.03674,53.30273],[-3.03656,53.30143],[-3.03669,53.30107],[-3.0313,53.2985],[-3.03042,53.29922],[-3.0297,53.29897],[-3.03164,53.29695],[-3.02832,53.29461],[-3.02962,53.29272],[-3.0327,53.29038],[-3.02659,53.28745],[-3.03295,53.28763],[-3.04021,53.28944],[-3.0438,53.28994],[-3.04805,53.28975],[-3.05191,53.28876],[-3.05287,53.28989],[-3.05482,53.28971],[-3.0553,53.29022],[-3.05602,53.29018],[-3.05656,53.29047],[-3.05603,53.29075],[-3.05635,53.29105],[-3.05689,53.29051],[-3.05966,53.29015],[-3.0601,53.29068],[-3.05906,53.29097],[-3.06006,53.29142],[-3.06087,53.29116],[-3.06101,53.29154],[-3.06078,53.29216],[-3.05968,53.29228],[-3.05889,53.29336],[-3.05814,53.29265],[-3.05713,53.29247],[-3.05656,53.29268],[-3.05638,53.29362],[-3.05395,53.29396],[-3.05658,53.29483],[-3.05873,53.29402],[-3.05894,53.29427],[-3.05836,53.29424],[-3.05884,53.29497],[-3.05852,53.29517],[-3.0591,53.29517],[-3.05988,53.29578],[-3.05971,53.29649],[-3.05893,53.29692],[-3.05835,53.29662],[-3.05808,53.29687],[-3.0608,53.29844],[-3.0598,53.2991],[-3.06422,53.30176],[-3.06899,53.30121],[-3.07028,53.30393],[-3.07025,53.30721],[-3.06921,53.30793],[-3.06828,53.30968],[-3.06699,53.3109],[-3.0644,53.31202],[-3.06386,53.31194]]]}},{"type":"Feature","properties":{"id":"E01018536","name":"E01018536","parent":"E06000050","type":"LSOA","pop":1723,"r":127,"ff":31,"ffd":1799.2,"ffs":0.5345,"g":69,"co":2,"mo":2,"sa":0,"ic":0},"geometry":{"type":"Polygon","coordinates":[[[-3.06899,53.30121],[-3.0658,53.29568],[-3.0645,53.29387],[-3.06475,53.29188],[-3.0664,53.29206],[-3.06697,53.29275],[-3.06795,53.29537],[-3.06851,53.29503],[-3.06833,53.29427],[-3.06903,53.29474],[-3.06988,53.29439],[-3.06994,53.29412],[-3.0691,53.29369],[-3.06923,53.29326],[-3.07039,53.29294],[-3.07236,53.29307],[-3.07337,53.29266],[-3.0742,53.2928],[-3.07407,53.29349],[-3.07321,53.29369],[-3.07117,53.29508],[-3.07367,53.2966],[-3.0747,53.29659],[-3.07536,53.29541],[-3.07769,53.29514],[-3.07825,53.29631],[-3.07916,53.2962],[-3.0774,53.29414],[-3.07782,53.2937],[-3.07923,53.29347],[-3.08042,53.29373],[-3.08163,53.29349],[-3.08188,53.29386],[-3.08112,53.29411],[-3.08215,53.29438],[-3.0822,53.29466],[-3.08251,53.29455],[-3.08385,53.29592],[-3.08366,53.29702],[-3.08263,53.29738],[-3.0834,53.29769],[-3.08324,53.29799],[-3.08199,53.29841],[-3.08248,53.29904],[-3.08106,53.29952],[-3.08116,53.29977],[-3.086,53.29844],[-3.08642,53.29882],[-3.08484,53.2994],[-3.08314,53.29955],[-3.08025,53.30077],[-3.07823,53.29808],[-3.07488,53.29981],[-3.07323,53.30042],[-3.07059,53.30057],[-3.06913,53.30143],[-3.06899,53.30121]]]}},{"type":"Feature","properties":{"id":"E01018537","name":"E01018537","parent":"E06000050","type":"LSOA","pop":2022,"r":140,"ff":37,"ffd":1829.9,"ffs":0.5781,"g":76,"co":2,"mo":2,"sa":0,"ic":1},"geometry":{"type":"MultiPolygon","coordinates":[[[[-3.08933,53.27171],[-3.0924,53.2698],[-3.09331,53.27056],[-3.09335,53.27116],[-3.08983,53.27187],[-3.08933,53.27171]]],[[[-3.09378,53.27132],[-3.0933,53.27021],[-3.09384,53.27003],[-3.09422,53.27031],[-3.09433,53.27034],[-3.09449,53.27031],[-3.09472,53.26995],[-3.09435,53.27032],[-3.09387,53.27001],[-3.09323,53.27005],[-3.09262,53.26966],[-3.09953,53.26535],[-3.1017,53.26721],[-3.10133,53.26732],[-3.10173,53.26724],[-3.10722,53.27196],[-3.10613,53.27122],[-3.10408,53.27089],[-3.10409,53.27051],[-3.10397,53.27085],[-3.10189,53.27057],[-3.1019,53.26857],[-3.10166,53.26833],[-3.09911,53.26893],[-3.09863,53.26825],[-3.09779,53.26784],[-3.09761,53.26783],[-3.09731,53.26794],[-3.09832,53.2681],[-3.09915,53.269],[-3.10167,53.26847],[-3.10156,53.26991],[-3.1,53.26993],[-3.10152,53.27004],[-3.10161,53.27061],[-3.10077,53.27082],[-3.09951,53.27047],[-3.10058,53.27085],[-3.09753,53.27107],[-3.09797,53.27111],[-3.09697,53.27193],[-3.09552,53.2721],[-3.09378,53.27132]]],[[[-3.08791,53.2726],[-3.08925,53.27176],[-3.0897,53.27195],[-3.08953,53.27251],[-3.08866,53.27274],[-3.08791,53.2726]]],[[[-3.1093,53.29607],[-3.11001,53.29483],[-3.11145,53.29464],[-3.10996,53.29571],[-3.11164,53.29467],[-3.11324,53.29489],[-3.10927,53.29714],[-3.1093,53.29607]]],[[[-3.0726,53.31584],[-3.06827,53.31419],[-3.06386,53.31194],[-3.0644,53.31202],[-3.06699,53.3109],[-3.06828,53.30968],[-3.06921,53.30793],[-3.07025,53.30721],[-3.07028,53.30393],[-3.06913,53.30143],[-3.07059,53.30057],[-3.07323,53.30042],[-3.07488,53.29981],[-3.07823,53.29808],[-3.08025,53.30077],[-3.08314,53.29955],[-3.08484,53.2994],[-3.08642,53.29882],[-3.086,53.29844],[-3.08116,53.29977],[-3.08106,53.29952],[-3.08248,53.29904],[-3.08199,53.29841],[-3.08324,53.29799],[-3.0834,53.29769],[-3.08263,53.29738],[-3.08366,53.29702],[-3.08385,53.29592],[-3.08251,53.29455],[-3.0822,53.29466],[-3.08215,53.29438],[-3.08112,53.29411],[-3.08188,53.29386],[-3.08163,53.29349],[-3.08042,53.29373],[-3.07923,53.29347],[-3.07782,53.2937],[-3.0774,53.29414],[-3.07916,53.2962],[-3.07825,53.29631],[-3.07769,53.29514],[-3.07536,53.29541],[-3.0747,53.29659],[-3.07367,53.2966],[-3.07117,53.29508],[-3.07321,53.29369],[-3.07407,53.29349],[-3.0742,53.2928],[-3.07337,53.29266],[-3.07236,53.29307],[-3.07039,53.29294],[-3.06923,53.29326],[-3.0691,53.29369],[-3.06994,53.29412],[-3.06988,53.29439],[-3.06903,53.29474],[-3.06833,53.29427],[-3.06851,53.29503],[-3.06795,53.29537],[-3.06697,53.29275],[-3.0664,53.29206],[-3.06475,53.29188],[-3.06641,53.29182],[-3.06668,53.29016],[-3.06446,53.2898],[-3.06277,53.289],[-3.06209,53.28817],[-3.06233,53.28757],[-3.06403,53.28768],[-3.06361,53.28734],[-3.06456,53.28677],[-3.06391,53.28618],[-3.06744,53.2852],[-3.06814,53.28416],[-3.0703,53.28346],[-3.0718,53.28234],[-3.07247,53.28222],[-3.08777,53.27269],[-3.08872,53.27287],[-3.08942,53.27276],[-3.09,53.27235],[-3.09085,53.27278],[-3.08993,53.27204],[-3.09252,53.27139],[-3.09453,53.27232],[-3.09583,53.27248],[-3.09976,53.27157],[-3.10277,53.27152],[-3.10341,53.27176],[-3.10448,53.27271],[-3.10327,53.27188],[-3.10223,53.27181],[-3.10192,53.27194],[-3.10195,53.27209],[-3.10291,53.27255],[-3.10144,53.2731],[-3.09913,53.27337],[-3.10141,53.27319],[-3.1029,53.27269],[-3.1031,53.27243],[-3.10205,53.27199],[-3.10311,53.27197],[-3.10471,53.27331],[-3.10532,53.27314],[-3.1083,53.27366],[-3.1089,53.27406],[-3.10842,53.27438],[-3.1089,53.27422],[-3.10926,53.27453],[-3.10877,53.27478],[-3.10947,53.27466],[-3.1089,53.2751],[-3.10948,53.27472],[-3.10928,53.27529],[-3.10982,53.27498],[-3.10926,53.27589],[-3.10994,53.27574],[-3.1101,53.27673],[-3.10916,53.27689],[-3.10571,53.27635],[-3.10393,53.27591],[-3.10389,53.27557],[-3.10336,53.27548],[-3.10379,53.27584],[-3.10258,53.27573],[-3.10292,53.27591],[-3.10188,53.27616],[-3.09939,53.27607],[-3.09779,53.27474],[-3.09648,53.27441],[-3.09771,53.27474],[-3.09826,53.27544],[-3.0964,53.2756],[-3.09526,53.27615],[-3.09814,53.27551],[-3.09928,53.27618],[-3.10139,53.27631],[-3.09965,53.27694],[-3.10299,53.27617],[-3.10363,53.2765],[-3.10361,53.27616],[-3.10765,53.27713],[-3.1047,53.27775],[-3.10515,53.27784],[-3.10412,53.27827],[-3.10094,53.27809],[-3.09744,53.27836],[-3.09661,53.2777],[-3.09513,53.27721],[-3.08985,53.27673],[-3.08957,53.27644],[-3.09017,53.27602],[-3.09021,53.27581],[-3.08953,53.27477],[-3.09014,53.27596],[-3.08937,53.27652],[-3.0892,53.27725],[-3.08942,53.27673],[-3.09403,53.27732],[-3.0902,53.27805],[-3.08802,53.27968],[-3.08549,53.27948],[-3.08563,53.27864],[-3.08408,53.27777],[-3.08554,53.27868],[-3.08527,53.27933],[-3.0841,53.27877],[-3.07948,53.27849],[-3.08039,53.27857],[-3.08036,53.27939],[-3.07883,53.27984],[-3.07755,53.27958],[-3.07857,53.27986],[-3.07875,53.27987],[-3.07937,53.27979],[-3.08048,53.27938],[-3.08077,53.27879],[-3.08122,53.27877],[-3.08157,53.2792],[-3.08126,53.27873],[-3.08182,53.27867],[-3.08439,53.27894],[-3.08523,53.27958],[-3.08483,53.27974],[-3.08792,53.2799],[-3.08986,53.27962],[-3.08996,53.27857],[-3.09204,53.27794],[-3.09702,53.27912],[-3.09876,53.27923],[-3.10049,53.27909],[-3.10128,53.27863],[-3.10444,53.27896],[-3.10827,53.27844],[-3.10815,53.27933],[-3.10859,53.27987],[-3.1069,53.28052],[-3.10507,53.28041],[-3.10401,53.27942],[-3.10294,53.27905],[-3.10083,53.27946],[-3.09826,53.27936],[-3.09606,53.28022],[-3.09491,53.27927],[-3.09511,53.27958],[-3.09475,53.27977],[-3.09459,53.2801],[-3.09385,53.28031],[-3.09163,53.28182],[-3.09403,53.28031],[-3.09464,53.28017],[-3.09512,53.27976],[-3.09565,53.28027],[-3.09504,53.28122],[-3.09515,53.28308],[-3.09203,53.28358],[-3.0908,53.28309],[-3.08912,53.28319],[-3.08859,53.28281],[-3.08725,53.28278],[-3.08854,53.28286],[-3.08916,53.28328],[-3.08861,53.28305],[-3.08912,53.28455],[-3.08873,53.28466],[-3.08924,53.28485],[-3.08874,53.28506],[-3.08961,53.28522],[-3.08921,53.28612],[-3.08966,53.28524],[-3.08911,53.28429],[-3.0892,53.28339],[-3.09056,53.2832],[-3.09197,53.28376],[-3.09458,53.28348],[-3.09459,53.28369],[-3.09586,53.28273],[-3.09671,53.28043],[-3.09719,53.28019],[-3.09769,53.28052],[-3.09743,53.28008],[-3.09863,53.27993],[-3.10359,53.28097],[-3.10337,53.28136],[-3.10381,53.28101],[-3.10676,53.28169],[-3.107,53.28153],[-3.10745,53.28191],[-3.10648,53.28298],[-3.10493,53.28336],[-3.10349,53.28314],[-3.1008,53.28169],[-3.10302,53.28311],[-3.10469,53.28348],[-3.10656,53.28331],[-3.10663,53.28382],[-3.10619,53.28452],[-3.10514,53.28417],[-3.10569,53.28466],[-3.10243,53.28444],[-3.10081,53.28536],[-3.10011,53.28389],[-3.09971,53.28365],[-3.09866,53.28348],[-3.09989,53.28377],[-3.10028,53.28437],[-3.10002,53.28453],[-3.09979,53.28427],[-3.09934,53.28409],[-3.0993,53.28378],[-3.0989,53.28374],[-3.09828,53.2842],[-3.09823,53.28475],[-3.09832,53.28422],[-3.09885,53.28382],[-3.09923,53.28383],[-3.09926,53.28413],[-3.09969,53.28427],[-3.10026,53.28487],[-3.10036,53.28554],[-3.10079,53.28551],[-3.10047,53.28633],[-3.09846,53.28744],[-3.09794,53.28745],[-3.09686,53.28665],[-3.09519,53.28603],[-3.0944,53.28617],[-3.09517,53.28607],[-3.09722,53.28695],[-3.09676,53.28749],[-3.09746,53.28714],[-3.09774,53.28748],[-3.09688,53.28809],[-3.09774,53.28757],[-3.09821,53.28762],[-3.09775,53.28906],[-3.09719,53.28906],[-3.09698,53.28935],[-3.09735,53.28909],[-3.0978,53.28937],[-3.09833,53.28768],[-3.09948,53.28719],[-3.09993,53.28735],[-3.09955,53.28714],[-3.10069,53.28641],[-3.10159,53.28534],[-3.10281,53.28485],[-3.10434,53.28568],[-3.1037,53.28506],[-3.10556,53.2853],[-3.10815,53.28492],[-3.1087,53.28544],[-3.10772,53.28626],[-3.10607,53.28676],[-3.10576,53.2866],[-3.10563,53.28747],[-3.10408,53.28828],[-3.10338,53.28811],[-3.10265,53.28816],[-3.10231,53.28873],[-3.10276,53.28817],[-3.10347,53.28823],[-3.10456,53.2891],[-3.10428,53.28959],[-3.10305,53.28948],[-3.10269,53.2897],[-3.10386,53.2897],[-3.10446,53.28958],[-3.10462,53.28938],[-3.1046,53.28889],[-3.10414,53.28843],[-3.10569,53.28765],[-3.1065,53.28674],[-3.10755,53.28648],[-3.10858,53.28702],[-3.10885,53.28789],[-3.10781,53.28823],[-3.1074,53.2888],[-3.10794,53.28819],[-3.10894,53.28789],[-3.1087,53.28704],[-3.10777,53.28649],[-3.10901,53.28554],[-3.10811,53.2841],[-3.10856,53.28309],[-3.11025,53.28383],[-3.10957,53.28441],[-3.10948,53.28494],[-3.10966,53.28437],[-3.10969,53.285],[-3.11094,53.28644],[-3.10975,53.28494],[-3.1098,53.28435],[-3.1105,53.28391],[-3.10925,53.28305],[-3.10961,53.28258],[-3.11278,53.28336],[-3.11212,53.28352],[-3.11336,53.28338],[-3.11403,53.28359],[-3.11294,53.28423],[-3.11268,53.28407],[-3.11285,53.28424],[-3.11297,53.28425],[-3.11412,53.28361],[-3.1147,53.28395],[-3.11263,53.28466],[-3.11245,53.28502],[-3.11281,53.28461],[-3.11336,53.28464],[-3.11339,53.28496],[-3.11279,53.28533],[-3.11252,53.28661],[-3.11161,53.28724],[-3.11255,53.28669],[-3.11269,53.28698],[-3.11293,53.28535],[-3.11351,53.285],[-3.11396,53.28511],[-3.11367,53.28535],[-3.1142,53.28538],[-3.11419,53.28601],[-3.11427,53.28538],[-3.11373,53.28535],[-3.11401,53.28507],[-3.11357,53.28476],[-3.11497,53.28416],[-3.11494,53.28355],[-3.11612,53.28345],[-3.11777,53.28385],[-3.11675,53.28446],[-3.11608,53.28511],[-3.11709,53.28436],[-3.1178,53.28415],[-3.11793,53.28523],[-3.11744,53.28527],[-3.11766,53.28507],[-3.1175,53.28498],[-3.11641,53.28549],[-3.11599,53.28537],[-3.11572,53.28598],[-3.11601,53.28541],[-3.11646,53.28552],[-3.11758,53.28505],[-3.11672,53.28557],[-3.11735,53.2853],[-3.11754,53.28548],[-3.1171,53.28555],[-3.1164,53.28594],[-3.11689,53.28584],[-3.1171,53.28557],[-3.11759,53.28551],[-3.11759,53.28528],[-3.11801,53.28527],[-3.11823,53.28483],[-3.1196,53.28576],[-3.11838,53.28613],[-3.11771,53.28581],[-3.11713,53.28631],[-3.1164,53.28617],[-3.11622,53.28655],[-3.1156,53.28636],[-3.11242,53.28818],[-3.11559,53.28641],[-3.11617,53.2866],[-3.11538,53.28694],[-3.11733,53.2863],[-3.11777,53.28588],[-3.11839,53.28622],[-3.11951,53.28599],[-3.11942,53.28619],[-3.11963,53.28638],[-3.11889,53.28663],[-3.11813,53.28667],[-3.11802,53.28647],[-3.11745,53.28647],[-3.11716,53.28666],[-3.11683,53.28658],[-3.11554,53.2872],[-3.11684,53.28661],[-3.1172,53.28669],[-3.11755,53.28649],[-3.11799,53.2866],[-3.1155,53.28773],[-3.11727,53.28695],[-3.11936,53.2866],[-3.11982,53.28636],[-3.11953,53.28618],[-3.11966,53.28614],[-3.12009,53.28662],[-3.11917,53.28722],[-3.11791,53.28714],[-3.1168,53.28747],[-3.11634,53.28789],[-3.11808,53.28724],[-3.1173,53.28783],[-3.11817,53.28731],[-3.11891,53.28734],[-3.1173,53.28815],[-3.11966,53.28703],[-3.11852,53.28802],[-3.11701,53.28838],[-3.11856,53.28806],[-3.11942,53.28739],[-3.11893,53.28818],[-3.11784,53.28859],[-3.11897,53.28819],[-3.11941,53.28783],[-3.11957,53.2879],[-3.11923,53.28817],[-3.1182,53.28893],[-3.11706,53.28924],[-3.11825,53.28895],[-3.11968,53.28798],[-3.12027,53.28858],[-3.11955,53.28911],[-3.11761,53.28954],[-3.11668,53.29021],[-3.11468,53.28965],[-3.11437,53.28915],[-3.11328,53.28935],[-3.11431,53.28919],[-3.11446,53.28958],[-3.11353,53.28964],[-3.11453,53.28966],[-3.11311,53.29011],[-3.11268,53.29133],[-3.11193,53.29134],[-3.11063,53.29051],[-3.10931,53.29072],[-3.107,53.29174],[-3.10521,53.29164],[-3.10695,53.29178],[-3.10946,53.29075],[-3.11075,53.29061],[-3.11178,53.29139],[-3.11146,53.29145],[-3.11349,53.29145],[-3.11323,53.29169],[-3.11366,53.29151],[-3.11359,53.29144],[-3.11302,53.29136],[-3.11319,53.29034],[-3.11403,53.2899],[-3.1163,53.2905],[-3.11752,53.29024],[-3.11758,53.29092],[-3.11769,53.29034],[-3.11736,53.29013],[-3.11782,53.2897],[-3.12015,53.28931],[-3.12096,53.28856],[-3.1229,53.28829],[-3.12307,53.28933],[-3.11846,53.29194],[-3.11778,53.29159],[-3.11744,53.2915],[-3.11623,53.29162],[-3.11755,53.29153],[-3.11798,53.29176],[-3.11648,53.29209],[-3.11538,53.29189],[-3.11329,53.29304],[-3.11184,53.29267],[-3.11326,53.29309],[-3.11537,53.29196],[-3.11642,53.29216],[-3.11762,53.29186],[-3.11834,53.29201],[-3.1171,53.29271],[-3.11683,53.29246],[-3.11704,53.29274],[-3.11664,53.29297],[-3.11315,53.29401],[-3.11122,53.29312],[-3.10961,53.29324],[-3.1112,53.29316],[-3.113,53.29407],[-3.1164,53.29311],[-3.11413,53.29439],[-3.11208,53.29413],[-3.10958,53.29423],[-3.10956,53.29377],[-3.10902,53.29365],[-3.10953,53.29379],[-3.1094,53.29422],[-3.10815,53.29432],[-3.10827,53.29419],[-3.10786,53.29398],[-3.10815,53.29426],[-3.10683,53.29447],[-3.10708,53.29392],[-3.10626,53.29343],[-3.10506,53.29324],[-3.10405,53.29334],[-3.10323,53.2937],[-3.10117,53.29307],[-3.09968,53.29322],[-3.09758,53.29398],[-3.09632,53.29395],[-3.09764,53.294],[-3.09972,53.29327],[-3.10113,53.29313],[-3.10331,53.29381],[-3.10382,53.29349],[-3.10524,53.29332],[-3.10689,53.29394],[-3.10588,53.29407],[-3.10664,53.29412],[-3.10659,53.29448],[-3.10427,53.29575],[-3.10362,53.29526],[-3.10415,53.29581],[-3.10458,53.29564],[-3.1037,53.29613],[-3.10262,53.29428],[-3.10102,53.29375],[-3.10044,53.29384],[-3.10004,53.29422],[-3.09986,53.29463],[-3.09903,53.29492],[-3.09662,53.29449],[-3.09781,53.2947],[-3.09787,53.29516],[-3.09937,53.29486],[-3.09989,53.29465],[-3.10052,53.29385],[-3.10099,53.29379],[-3.10243,53.29422],[-3.10292,53.29511],[-3.10092,53.29505],[-3.10046,53.29548],[-3.09876,53.29575],[-3.10047,53.29551],[-3.101,53.29506],[-3.10181,53.29522],[-3.10255,53.2951],[-3.1035,53.29623],[-3.10215,53.29635],[-3.10157,53.29582],[-3.10079,53.29569],[-3.0989,53.29719],[-3.09767,53.29689],[-3.09588,53.29743],[-3.0977,53.29691],[-3.09889,53.29723],[-3.10076,53.29576],[-3.10237,53.29647],[-3.10122,53.29648],[-3.10224,53.2966],[-3.1041,53.29617],[-3.10646,53.29483],[-3.10874,53.29488],[-3.10923,53.2955],[-3.10871,53.29696],[-3.10802,53.29715],[-3.10723,53.29649],[-3.10573,53.29592],[-3.10542,53.29638],[-3.1047,53.29618],[-3.10449,53.29626],[-3.10412,53.29669],[-3.10447,53.29702],[-3.1037,53.29681],[-3.10321,53.29705],[-3.10373,53.29683],[-3.10453,53.29704],[-3.10459,53.29691],[-3.10417,53.29672],[-3.10456,53.29625],[-3.10549,53.2964],[-3.10577,53.29597],[-3.10779,53.29705],[-3.1067,53.29766],[-3.10359,53.29767],[-3.10354,53.29873],[-3.1032,53.29881],[-3.10366,53.29923],[-3.10305,53.29944],[-3.10368,53.29931],[-3.10411,53.29777],[-3.10668,53.29779],[-3.10925,53.29712],[-3.08913,53.30835],[-3.08406,53.31039],[-3.08098,53.31192],[-3.08039,53.31325],[-3.07815,53.31506],[-3.07639,53.31445],[-3.07417,53.31638],[-3.0726,53.31584]]]]}},{"type":"Feature","properties":{"id":"E01018538","name":"E01018538","parent":"E06000050","type":"LSOA","pop":1208,"r":276,"ff":87,"ffd":7202.0,"ffs":0.5472,"g":114,"co":0,"mo":0,"sa":0,"ic":0},"geometry":{"type":"Polygon","coordinates":[[[-2.90783,53.27573],[-2.91027,53.27293],[-2.91198,53.27288],[-2.91293,53.27358],[-2.91222,53.27416],[-2.91392,53.27421],[-2.91586,53.27319],[-2.917,53.27361],[-2.91691,53.27432],[-2.91722,53.27427],[-2.91812,53.27543],[-2.91721,53.27554],[-2.91758,53.27691],[-2.9136,53.27766],[-2.90834,53.27765],[-2.90585,53.27737],[-2.90516,53.27699],[-2.90783,53.27573]]]}},{"type":"Feature","properties":{"id":"E01018539","name":"E01018539","parent":"E06000050","type":"LSOA","pop":1160,"r":282,"ff":91,"ffd":7844.8,"ffs":0.5549,"g":115,"co":0,"mo":0,"sa":0,"ic":0},"geometry":{"type":"Polygon","coordinates":[[[-2.91748,53.27476],[-2.91722,53.27427],[-2.91691,53.27432],[-2.917,53.27361],[-2.91808,53.27384],[-2.91905,53.27366],[-2.91904,53.2734],[-2.91825,53.27348],[-2.91736,53.27287],[-2.91818,53.27175],[-2.91915,53.27194],[-2.91984,53.27262],[-2.92052,53.2725],[-2.92075,53.27214],[-2.92104,53.2724],[-2.92154,53.27229],[-2.92265,53.27487],[-2.92299,53.27623],[-2.91758,53.27691],[-2.91721,53.27554],[-2.91812,53.27543],[-2.91748,53.27476]]]}},{"type":"Feature","properties":{"id":"E01018540","name":"E01018540","parent":"E06000050","type":"LSOA","pop":1494,"r":299,"ff":118,"ffd":7898.3,"ffs":0.4538,"g":36,"co":0,"mo":1,"sa":0,"ic":0},"geometry":{"type":"Polygon","coordinates":[[[-2.91293,53.27358],[-2.91198,53.27288],[-2.91027,53.27293],[-2.90946,53.26991],[-2.91031,53.26511],[-2.9126,53.26564],[-2.91427,53.26652],[-2.91964,53.27029],[-2.92154,53.27229],[-2.92104,53.2724],[-2.92075,53.27214],[-2.92052,53.2725],[-2.91984,53.27262],[-2.91915,53.27194],[-2.91818,53.27175],[-2.91736,53.27287],[-2.91825,53.27348],[-2.91904,53.2734],[-2.91905,53.27366],[-2.91808,53.27384],[-2.91586,53.27319],[-2.91392,53.27421],[-2.91222,53.27416],[-2.91293,53.27358]]]}},{"type":"Feature","properties":{"id":"E01018541","name":"E01018541","parent":"E06000050","type":"LSOA","pop":1400,"r":266,"ff":85,"ffd":6071.4,"ffs":0.5556,"g":110,"co":0,"mo":0,"sa":0,"ic":0},"geometry":{"type":"Polygon","coordinates":[[[-2.93625,53.28072],[-2.93548,53.27944],[-2.93499,53.27932],[-2.93456,53.27968],[-2.93518,53.27983],[-2.93499,53.28021],[-2.93344,53.28051],[-2.93352,53.28092],[-2.93316,53.28101],[-2.93288,53.28056],[-2.93208,53.28095],[-2.93134,53.2799],[-2.93142,53.27734],[-2.9318,53.27687],[-2.9315,53.27635],[-2.93011,53.27632],[-2.92929,53.27588],[-2.92954,53.27556],[-2.93385,53.27471],[-2.93755,53.27434],[-2.93832,53.27729],[-2.93902,53.27846],[-2.94021,53.27962],[-2.93962,53.27977],[-2.94038,53.27991],[-2.94009,53.28051],[-2.93949,53.28018],[-2.93589,53.28122],[-2.93625,53.28072]]]}},{"type":"Feature","properties":{"id":"E01018542","name":"E01018542","parent":"E06000050","type":"LSOA","pop":1302,"r":265,"ff":84,"ffd":6451.6,"ffs":0.5526,"g":110,"co":0,"mo":0,"sa":0,"ic":0},"geometry":{"type":"Polygon","coordinates":[[[-2.93244,53.28204],[-2.93208,53.28095],[-2.93288,53.28056],[-2.93316,53.28101],[-2.93352,53.28092],[-2.93344,53.28051],[-2.93499,53.28021],[-2.93518,53.27983],[-2.93456,53.27968],[-2.93499,53.27932],[-2.93548,53.27944],[-2.93625,53.28072],[-2.93589,53.28122],[-2.93909,53.2803],[-2.94061,53.28191],[-2.93781,53.28252],[-2.93591,53.28337],[-2.93771,53.28462],[-2.9403,53.28478],[-2.94028,53.28516],[-2.93114,53.28454],[-2.93076,53.28353],[-2.93244,53.28204]]]}},{"type":"Feature","properties":{"id":"E01018543","name":"E01018543","parent":"E06000050","type":"LSOA","pop":1280,"r":266,"ff":88,"ffd":6875.0,"ffs":0.5677,"g":108,"co":0,"mo":0,"sa":0,"ic":0},"geometry":{"type":"Polygon","coordinates":[[[-2.94061,53.28191],[-2.93909,53.2803],[-2.93949,53.28018],[-2.94009,53.28051],[-2.94038,53.27991],[-2.93962,53.27977],[-2.94021,53.27962],[-2.94417,53.28289],[-2.9471,53.28565],[-2.94028,53.28516],[-2.9403,53.28478],[-2.93771,53.28462],[-2.93591,53.28337],[-2.93781,53.28252],[-2.94061,53.28191]]]}},{"type":"Feature","properties":{"id":"E01018544","name":"E01018544","parent":"E06000050","type":"LSOA","pop":1412,"r":107,"ff":29,"ffd":2053.8,"ffs":0.5686,"g":56,"co":2,"mo":2,"sa":0,"ic":1},"geometry":{"type":"Polygon","coordinates":[[[-3.0569,53.27951],[-3.05549,53.27742],[-3.05631,53.27697],[-3.06388,53.27427],[-3.06586,53.27587],[-3.06663,53.27575],[-3.06597,53.27618],[-3.06698,53.27799],[-3.06699,53.27844],[-3.06565,53.27884],[-3.0656,53.27929],[-3.06651,53.27964],[-3.06575,53.27999],[-3.06494,53.28008],[-3.06319,53.27893],[-3.06054,53.27981],[-3.06006,53.28042],[-3.0605,53.28043],[-3.05805,53.28119],[-3.0569,53.27951]]]}},{"type":"Feature","properties":{"id":"E01018545","name":"E01018545","parent":"E06000050","type":"LSOA","pop":1920,"r":115,"ff":32,"ffd":1666.7,"ffs":0.5818,"g":60,"co":2,"mo":2,"sa":0,"ic":1},"geometry":{"type":"Polygon","coordinates":[[[-3.06061,53.28767],[-3.05974,53.28389],[-3.05805,53.28119],[-3.0605,53.28043],[-3.06006,53.28042],[-3.06054,53.27981],[-3.06319,53.27893],[-3.06494,53.28008],[-3.06575,53.27999],[-3.06651,53.27964],[-3.0656,53.27929],[-3.06565,53.27884],[-3.06699,53.27844],[-3.06698,53.27799],[-3.06759,53.27836],[-3.08459,53.26782],[-3.09501,53.26178],[-3.09546,53.26211],[-3.09493,53.26246],[-3.0955,53.26214],[-3.09953,53.26535],[-3.09262,53.26966],[-3.09168,53.26905],[-3.089,53.26806],[-3.09094,53.26779],[-3.08881,53.268],[-3.08924,53.26834],[-3.0917,53.26921],[-3.0924,53.2698],[-3.08933,53.27171],[-3.08772,53.27164],[-3.0873,53.2714],[-3.08769,53.27111],[-3.08727,53.27138],[-3.08729,53.27145],[-3.08772,53.27167],[-3.08925,53.27176],[-3.08791,53.2726],[-3.08549,53.27214],[-3.085,53.27129],[-3.08577,53.27106],[-3.08427,53.27119],[-3.08482,53.27132],[-3.08555,53.27225],[-3.08777,53.27269],[-3.07247,53.28222],[-3.0718,53.28234],[-3.0703,53.28346],[-3.06814,53.28416],[-3.06744,53.2852],[-3.06391,53.28618],[-3.06456,53.28677],[-3.06361,53.28734],[-3.06403,53.28768],[-3.06233,53.28757],[-3.06209,53.28817],[-3.06061,53.28767]]]}},{"type":"Feature","properties":{"id":"E01018546","name":"E01018546","parent":"E06000050","type":"LSOA","pop":1574,"r":317,"ff":98,"ffd":6226.2,"ffs":0.5355,"g":131,"co":0,"mo":0,"sa":0,"ic":0},"geometry":{"type":"Polygon","coordinates":[[[-2.92542,53.28965],[-2.92594,53.28764],[-2.92543,53.28726],[-2.92483,53.28751],[-2.92502,53.2868],[-2.9243,53.2863],[-2.9236,53.28615],[-2.92336,53.28575],[-2.91933,53.28645],[-2.91943,53.28719],[-2.91789,53.28742],[-2.91784,53.28706],[-2.91747,53.28709],[-2.91867,53.28619],[-2.91796,53.2855],[-2.91828,53.28464],[-2.91877,53.28464],[-2.91886,53.28368],[-2.93152,53.28456],[-2.93051,53.28518],[-2.92954,53.28481],[-2.93001,53.28516],[-2.92963,53.28594],[-2.92998,53.28642],[-2.92705,53.2864],[-2.92709,53.28673],[-2.93015,53.28695],[-2.93014,53.28964],[-2.9293,53.28989],[-2.92915,53.28961],[-2.92847,53.28959],[-2.9279,53.29013],[-2.92836,53.29044],[-2.92738,53.29096],[-2.92686,53.29033],[-2.92582,53.29021],[-2.92542,53.28965]]]}},{"type":"Feature","properties":{"id":"E01018547","name":"E01018547","parent":"E06000050","type":"LSOA","pop":1342,"r":300,"ff":93,"ffd":6930.0,"ffs":0.5314,"g":121,"co":0,"mo":0,"sa":0,"ic":0},"geometry":{"type":"Polygon","coordinates":[[[-2.93307,53.28989],[-2.93247,53.28943],[-2.93014,53.28964],[-2.93015,53.28695],[-2.92709,53.28673],[-2.92705,53.2864],[-2.92998,53.28642],[-2.92963,53.28594],[-2.93001,53.28516],[-2.92954,53.28481],[-2.93051,53.28518],[-2.93152,53.28456],[-2.94203,53.2853],[-2.94148,53.28586],[-2.94047,53.28613],[-2.94109,53.28649],[-2.94004,53.28673],[-2.93999,53.28719],[-2.93927,53.28741],[-2.93925,53.288],[-2.93977,53.28823],[-2.94146,53.28817],[-2.94003,53.28858],[-2.93785,53.28854],[-2.93818,53.28712],[-2.93743,53.2865],[-2.93573,53.28648],[-2.93557,53.28753],[-2.9368,53.28755],[-2.93656,53.28898],[-2.93704,53.28899],[-2.93699,53.28933],[-2.93772,53.28962],[-2.93869,53.28961],[-2.93884,53.29029],[-2.93915,53.29061],[-2.93637,53.29141],[-2.93524,53.2905],[-2.93307,53.28989]]]}},{"type":"Feature","properties":{"id":"E01018548","name":"E01018548","parent":"E06000050","type":"LSOA","pop":2101,"r":378,"ff":118,"ffd":5616.4,"ffs":0.5086,"g":142,"co":0,"mo":0,"sa":0,"ic":0},"geometry":{"type":"Polygon","coordinates":[[[-2.94124,53.29903],[-2.93564,53.29596],[-2.93292,53.29536],[-2.92967,53.29533],[-2.92734,53.29571],[-2.92185,53.29737],[-2.92065,53.2936],[-2.92191,53.29111],[-2.9226,53.29049],[-2.91674,53.2893],[-2.9164,53.2877],[-2.91943,53.28719],[-2.91933,53.28645],[-2.92336,53.28575],[-2.9236,53.28615],[-2.9243,53.2863],[-2.92502,53.2868],[-2.92483,53.28751],[-2.92543,53.28726],[-2.92594,53.28764],[-2.92542,53.28965],[-2.92582,53.29021],[-2.92686,53.29033],[-2.92738,53.29096],[-2.92836,53.29044],[-2.9279,53.29013],[-2.92847,53.28959],[-2.92915,53.28961],[-2.9293,53.28989],[-2.93014,53.28964],[-2.93247,53.28943],[-2.93307,53.28989],[-2.93524,53.2905],[-2.93637,53.29141],[-2.93915,53.29061],[-2.93941,53.29101],[-2.94431,53.29025],[-2.94628,53.29216],[-2.94457,53.29272],[-2.94524,53.29501],[-2.94586,53.29504],[-2.94595,53.29596],[-2.94427,53.29764],[-2.94362,53.29751],[-2.9424,53.29863],[-2.94124,53.29903]]]}},{"type":"Feature","properties":{"id":"E01018549","name":"E01018549","parent":"E06000050","type":"LSOA","pop":1472,"r":294,"ff":89,"ffd":6046.2,"ffs":0.5298,"g":122,"co":0,"mo":0,"sa":2,"ic":0},"geometry":{"type":"Polygon","coordinates":[[[-2.94628,53.29216],[-2.94431,53.29025],[-2.93941,53.29101],[-2.93884,53.29029],[-2.93869,53.28961],[-2.93772,53.28962],[-2.93699,53.28933],[-2.93704,53.28899],[-2.93656,53.28898],[-2.9368,53.28755],[-2.93557,53.28753],[-2.93573,53.28648],[-2.93743,53.2865],[-2.93818,53.28712],[-2.93785,53.28854],[-2.94003,53.28858],[-2.94146,53.28817],[-2.93977,53.28823],[-2.93925,53.288],[-2.93927,53.28741],[-2.93999,53.28719],[-2.94004,53.28673],[-2.94109,53.28649],[-2.94047,53.28613],[-2.94148,53.28586],[-2.94203,53.2853],[-2.9471,53.28565],[-2.94858,53.2876],[-2.9517,53.29038],[-2.94632,53.29192],[-2.94628,53.29216]]]}},{"type":"Feature","properties":{"id":"E01018550","name":"E01018550","parent":"E06000050","type":"LSOA","pop":1175,"r":245,"ff":77,"ffd":6553.2,"ffs":0.5347,"g":98,"co":0,"mo":0,"sa":0,"ic":0},"geometry":{"type":"Polygon","coordinates":[[[-2.8819,53.26933],[-2.88168,53.26793],[-2.88392,53.2672],[-2.88486,53.26721],[-2.88491,53.2676],[-2.88597,53.26827],[-2.88665,53.26783],[-2.88703,53.26841],[-2.88735,53.26984],[-2.88379,53.27028],[-2.88414,53.27085],[-2.88537,53.2714],[-2.88467,53.27218],[-2.88348,53.27298],[-2.88164,53.27165],[-2.8819,53.26933]]]}},{"type":"Feature","properties":{"id":"E01018551","name":"E01018551","parent":"E06000050","type":"LSOA","pop":1569,"r":259,"ff":84,"ffd":5353.7,"ffs":0.5419,"g":101,"co":0,"mo":0,"sa":0,"ic":0},"geometry":{"type":"Polygon","coordinates":[[[-2.88537,53.2714],[-2.88414,53.27085],[-2.88379,53.27028],[-2.88735,53.26984],[-2.88703,53.26841],[-2.88665,53.26783],[-2.88597,53.26827],[-2.88491,53.2676],[-2.88486,53.26721],[-2.88392,53.2672],[-2.88168,53.26793],[-2.8819,53.26933],[-2.88164,53.27165],[-2.88121,53.2717],[-2.87922,53.27067],[-2.8768,53.27037],[-2.8767,53.26942],[-2.87616,53.26935],[-2.87668,53.26919],[-2.87653,53.26855],[-2.87521,53.26652],[-2.87184,53.26341],[-2.87538,53.26277],[-2.88132,53.26072],[-2.88232,53.26176],[-2.88103,53.26241],[-2.8813,53.263],[-2.88301,53.26318],[-2.88363,53.264],[-2.88228,53.26567],[-2.8846,53.26592],[-2.88595,53.26557],[-2.88623,53.26505],[-2.88706,53.26527],[-2.88773,53.2651],[-2.88849,53.26644],[-2.88965,53.2661],[-2.89087,53.26813],[-2.8925,53.26866],[-2.8937,53.26969],[-2.89141,53.2707],[-2.89074,53.27022],[-2.89156,53.26986],[-2.89048,53.26925],[-2.89002,53.26965],[-2.89027,53.27009],[-2.88961,53.271],[-2.88805,53.27187],[-2.88747,53.27138],[-2.88804,53.27108],[-2.88644,53.27153],[-2.88524,53.27249],[-2.88467,53.27218],[-2.88537,53.2714]]]}},{"type":"Feature","properties":{"id":"E01018552","name":"E01018552","parent":"E06000050","type":"LSOA","pop":2729,"r":279,"ff":85,"ffd":3114.7,"ffs":0.538,"g":118,"co":0,"mo":0,"sa":0,"ic":0},"geometry":{"type":"Polygon","coordinates":[[[-2.78972,53.29653],[-2.78895,53.29541],[-2.7899,53.29461],[-2.78965,53.29364],[-2.79099,53.29268],[-2.79167,53.28989],[-2.79048,53.28921],[-2.78837,53.28953],[-2.78792,53.28936],[-2.78762,53.28838],[-2.78875,53.28746],[-2.78792,53.28611],[-2.78641,53.28545],[-2.78381,53.28561],[-2.7823,53.2844],[-2.78115,53.28422],[-2.78094,53.28323],[-2.78656,53.2808],[-2.78759,53.28092],[-2.79421,53.28004],[-2.80447,53.27981],[-2.8077,53.2811],[-2.81018,53.28252],[-2.81235,53.28167],[-2.81305,53.28181],[-2.81464,53.28066],[-2.82022,53.27771],[-2.82651,53.2734],[-2.83432,53.26893],[-2.8362,53.27022],[-2.83935,53.26826],[-2.83992,53.26867],[-2.84111,53.26814],[-2.84321,53.26847],[-2.84632,53.26848],[-2.84625,53.26871],[-2.85428,53.26926],[-2.85585,53.26885],[-2.85804,53.2702],[-2.85992,53.27014],[-2.86063,53.27105],[-2.8627,53.27208],[-2.86297,53.27256],[-2.87616,53.26935],[-2.8767,53.26942],[-2.8768,53.27037],[-2.87922,53.27067],[-2.88121,53.2717],[-2.88164,53.27165],[-2.88348,53.27298],[-2.88467,53.27218],[-2.88524,53.27249],[-2.88644,53.27153],[-2.88804,53.27108],[-2.88747,53.27138],[-2.88805,53.27187],[-2.88961,53.271],[-2.89027,53.27009],[-2.89002,53.26965],[-2.89048,53.26925],[-2.89156,53.26986],[-2.89074,53.27022],[-2.89141,53.2707],[-2.8919,53.27052],[-2.88862,53.27279],[-2.88887,53.27303],[-2.88856,53.27322],[-2.88975,53.27414],[-2.88698,53.27533],[-2.88729,53.27557],[-2.88841,53.27504],[-2.88897,53.27542],[-2.89035,53.27469],[-2.89102,53.27559],[-2.8925,53.27592],[-2.89341,53.27649],[-2.89179,53.2778],[-2.89215,53.27827],[-2.89023,53.27929],[-2.88587,53.27958],[-2.88497,53.27912],[-2.88581,53.2814],[-2.88757,53.28339],[-2.89048,53.28517],[-2.8913,53.28651],[-2.88706,53.28912],[-2.88484,53.28879],[-2.8869,53.28921],[-2.88256,53.29189],[-2.87919,53.29093],[-2.87619,53.29065],[-2.87065,53.29093],[-2.86105,53.29276],[-2.85557,53.29202],[-2.85493,53.29153],[-2.85854,53.28899],[-2.85835,53.28814],[-2.85719,53.28693],[-2.85798,53.28854],[-2.8578,53.28912],[-2.85724,53.2895],[-2.85614,53.28941],[-2.85666,53.28963],[-2.85554,53.29081],[-2.85197,53.29308],[-2.85419,53.29311],[-2.85507,53.29385],[-2.85396,53.29528],[-2.84898,53.2968],[-2.84118,53.29815],[-2.8396,53.29874],[-2.84003,53.29937],[-2.84812,53.3019],[-2.8483,53.3023],[-2.84719,53.30412],[-2.84795,53.30562],[-2.84775,53.30626],[-2.84638,53.30694],[-2.84365,53.30745],[-2.83566,53.3083],[-2.83056,53.30818],[-2.82177,53.30728],[-2.81547,53.30605],[-2.81339,53.3049],[-2.80709,53.30311],[-2.80042,53.29897],[-2.78949,53.29685],[-2.78972,53.29653]]]}},{"type":"Feature","properties":{"id":"E01018553","name":"E01018553","parent":"E06000050","type":"LSOA","pop":1781,"r":263,"ff":83,"ffd":4660.3,"ffs":0.5321,"g":104,"co":0,"mo":0,"sa":0,"ic":0},"geometry":{"type":"Polygon","coordinates":[[[-2.89102,53.27559],[-2.89035,53.27469],[-2.88897,53.27542],[-2.88841,53.27504],[-2.88729,53.27557],[-2.88698,53.27533],[-2.88975,53.27414],[-2.88856,53.27322],[-2.88887,53.27303],[-2.88862,53.27279],[-2.88908,53.27233],[-2.8919,53.27052],[-2.8937,53.26969],[-2.8925,53.26866],[-2.89087,53.26813],[-2.88965,53.2661],[-2.88849,53.26644],[-2.88773,53.2651],[-2.88706,53.26527],[-2.88623,53.26505],[-2.88595,53.26557],[-2.8846,53.26592],[-2.88228,53.26567],[-2.88363,53.264],[-2.88301,53.26318],[-2.8813,53.263],[-2.88103,53.26241],[-2.88232,53.26176],[-2.88261,53.26251],[-2.88383,53.26208],[-2.88743,53.26271],[-2.88927,53.26335],[-2.89195,53.26551],[-2.89457,53.26895],[-2.89816,53.27166],[-2.89775,53.27187],[-2.8969,53.27144],[-2.89581,53.27172],[-2.89572,53.27247],[-2.89528,53.27249],[-2.89544,53.27285],[-2.89468,53.2733],[-2.89537,53.2744],[-2.8938,53.27593],[-2.8938,53.2764],[-2.89341,53.27649],[-2.8925,53.27592],[-2.89102,53.27559]]]}},{"type":"Feature","properties":{"id":"E01018554","name":"E01018554","parent":"E06000050","type":"LSOA","pop":2097,"r":265,"ff":88,"ffd":4196.5,"ffs":0.5116,"g":90,"co":0,"mo":0,"sa":0,"ic":0},"geometry":{"type":"Polygon","coordinates":[[[-2.9179,53.26022],[-2.91717,53.26005],[-2.9169,53.26059],[-2.91588,53.26106],[-2.9151,53.25945],[-2.91428,53.25831],[-2.91184,53.25607],[-2.91924,53.25397],[-2.92683,53.25994],[-2.92632,53.26018],[-2.92667,53.26054],[-2.92329,53.26198],[-2.91953,53.26154],[-2.9179,53.26022]]]}},{"type":"Feature","properties":{"id":"E01018555","name":"E01018555","parent":"E06000050","type":"LSOA","pop":1090,"r":275,"ff":88,"ffd":8073.4,"ffs":0.5057,"g":98,"co":0,"mo":0,"sa":0,"ic":0},"geometry":{"type":"Polygon","coordinates":[[[-2.92645,53.26419],[-2.926,53.26393],[-2.92495,53.26467],[-2.92341,53.2638],[-2.92277,53.26417],[-2.92206,53.26407],[-2.92228,53.26325],[-2.92152,53.26276],[-2.92667,53.26054],[-2.92632,53.26018],[-2.92683,53.25994],[-2.93055,53.26287],[-2.92739,53.26466],[-2.92645,53.26419]]]}},{"type":"Feature","properties":{"id":"E01018556","name":"E01018556","parent":"E06000050","type":"LSOA","pop":1407,"r":312,"ff":125,"ffd":8884.2,"ffs":0.4647,"g":40,"co":0,"mo":1,"sa":0,"ic":0},"geometry":{"type":"Polygon","coordinates":[[[-2.92805,53.2694],[-2.92867,53.26855],[-2.92951,53.26869],[-2.93136,53.26858],[-2.93171,53.26816],[-2.93122,53.26766],[-2.93333,53.26676],[-2.93534,53.2697],[-2.93755,53.27434],[-2.93385,53.27471],[-2.93114,53.27528],[-2.93105,53.27507],[-2.93015,53.2749],[-2.93007,53.27403],[-2.92974,53.27402],[-2.9302,53.27227],[-2.92985,53.27208],[-2.9295,53.27022],[-2.9296,53.26992],[-2.92812,53.26974],[-2.92805,53.2694]]]}},{"type":"Feature","properties":{"id":"E01018557","name":"E01018557","parent":"E06000050","type":"LSOA","pop":1396,"r":282,"ff":89,"ffd":6375.4,"ffs":0.546,"g":116,"co":0,"mo":0,"sa":0,"ic":0},"geometry":{"type":"Polygon","coordinates":[[[-2.92131,53.27112],[-2.92169,53.27087],[-2.92273,53.27104],[-2.92456,53.2708],[-2.92459,53.26911],[-2.9295,53.27022],[-2.92985,53.27208],[-2.9302,53.27227],[-2.92974,53.27402],[-2.93007,53.27403],[-2.93015,53.2749],[-2.93105,53.27507],[-2.93114,53.27528],[-2.92299,53.27623],[-2.92265,53.27487],[-2.92158,53.27235],[-2.92221,53.27225],[-2.92131,53.27112]]]}},{"type":"Feature","properties":{"id":"E01018558","name":"E01018558","parent":"E06000050","type":"LSOA","pop":1174,"r":287,"ff":93,"ffd":7921.6,"ffs":0.5471,"g":114,"co":0,"mo":0,"sa":0,"ic":0},"geometry":{"type":"Polygon","coordinates":[[[-2.92154,53.27229],[-2.91964,53.27029],[-2.9176,53.26881],[-2.91904,53.26851],[-2.92307,53.26649],[-2.92455,53.26547],[-2.925,53.26676],[-2.92422,53.26884],[-2.92473,53.26892],[-2.92459,53.26911],[-2.92456,53.2708],[-2.92273,53.27104],[-2.92169,53.27087],[-2.92131,53.27112],[-2.92221,53.27225],[-2.92154,53.27229]]]}},{"type":"Feature","properties":{"id":"E01018559","name":"E01018559","parent":"E06000050","type":"LSOA","pop":1084,"r":307,"ff":122,"ffd":11254.6,"ffs":0.4586,"g":38,"co":0,"mo":1,"sa":0,"ic":0},"geometry":{"type":"Polygon","coordinates":[[[-2.92422,53.26884],[-2.925,53.26676],[-2.92455,53.26547],[-2.92645,53.26419],[-2.92739,53.26466],[-2.93055,53.26287],[-2.93265,53.26535],[-2.93333,53.26676],[-2.93122,53.26766],[-2.93171,53.26816],[-2.93136,53.26858],[-2.92951,53.26869],[-2.92867,53.26855],[-2.92805,53.2694],[-2.92812,53.26974],[-2.9296,53.26992],[-2.9295,53.27022],[-2.92459,53.26911],[-2.92473,53.26892],[-2.92422,53.26884]]]}},{"type":"Feature","properties":{"id":"E01018560","name":"E01018560","parent":"E06000050","type":"LSOA","pop":1120,"r":245,"ff":87,"ffd":7767.9,"ffs":0.5686,"g":90,"co":0,"mo":0,"sa":0,"ic":0},"geometry":{"type":"Polygon","coordinates":[[[-2.94453,53.2754],[-2.94364,53.2745],[-2.94287,53.27476],[-2.93755,53.27434],[-2.93619,53.27168],[-2.93705,53.27161],[-2.93769,53.27107],[-2.93823,53.27124],[-2.93786,53.27038],[-2.93836,53.2702],[-2.93903,53.27135],[-2.93912,53.27039],[-2.94001,53.26978],[-2.93872,53.26897],[-2.93975,53.26822],[-2.94034,53.26828],[-2.94073,53.26795],[-2.94129,53.26812],[-2.94136,53.26778],[-2.94206,53.26774],[-2.94172,53.26729],[-2.94267,53.26747],[-2.94537,53.26577],[-2.94613,53.26695],[-2.94529,53.26731],[-2.94488,53.26824],[-2.94699,53.26838],[-2.94946,53.26995],[-2.95171,53.27051],[-2.94951,53.27264],[-2.94948,53.27367],[-2.94453,53.2754]]]}},{"type":"Feature","properties":{"id":"E01018561","name":"E01018561","parent":"E06000050","type":"LSOA","pop":1193,"r":266,"ff":89,"ffd":7460.2,"ffs":0.5298,"g":95,"co":0,"mo":0,"sa":0,"ic":0},"geometry":{"type":"Polygon","coordinates":[[[-2.93619,53.27168],[-2.93534,53.2697],[-2.93351,53.26716],[-2.93265,53.26535],[-2.93055,53.26287],[-2.92909,53.26157],[-2.93001,53.26121],[-2.93043,53.26168],[-2.93211,53.26121],[-2.93326,53.26188],[-2.93868,53.26701],[-2.94537,53.26577],[-2.94267,53.26747],[-2.94172,53.26729],[-2.94206,53.26774],[-2.94136,53.26778],[-2.94129,53.26812],[-2.94073,53.26795],[-2.94034,53.26828],[-2.93975,53.26822],[-2.93872,53.26897],[-2.94001,53.26978],[-2.93912,53.27039],[-2.93903,53.27135],[-2.93836,53.2702],[-2.93786,53.27038],[-2.93823,53.27124],[-2.93769,53.27107],[-2.93705,53.27161],[-2.93619,53.27168]]]}},{"type":"Feature","properties":{"id":"E01018562","name":"E01018562","parent":"E06000050","type":"LSOA","pop":1587,"r":305,"ff":125,"ffd":7876.5,"ffs":0.4664,"g":34,"co":0,"mo":1,"sa":0,"ic":0},"geometry":{"type":"Polygon","coordinates":[[[-2.93326,53.26188],[-2.93211,53.26121],[-2.93043,53.26168],[-2.93001,53.26121],[-2.92909,53.26157],[-2.91924,53.25397],[-2.92268,53.2531],[-2.92706,53.25156],[-2.93072,53.25652],[-2.93225,53.26055],[-2.93326,53.26188]]]}},{"type":"Feature","properties":{"id":"E01018565","name":"E01018565","parent":"E06000050","type":"LSOA","pop":1660,"r":259,"ff":85,"ffd":5120.5,"ffs":0.528,"g":95,"co":0,"mo":0,"sa":0,"ic":0},"geometry":{"type":"Polygon","coordinates":[[[-2.90266,53.27004],[-2.89977,53.26828],[-2.90054,53.26805],[-2.90126,53.26875],[-2.90194,53.26889],[-2.90271,53.26865],[-2.90281,53.26816],[-2.90173,53.26731],[-2.90253,53.26663],[-2.90419,53.26803],[-2.90461,53.26813],[-2.90474,53.26771],[-2.90669,53.26711],[-2.90952,53.26683],[-2.90921,53.26728],[-2.90787,53.26733],[-2.90737,53.26781],[-2.9087,53.26831],[-2.90894,53.26787],[-2.90985,53.26782],[-2.90946,53.26991],[-2.91027,53.27293],[-2.90783,53.27573],[-2.90516,53.27699],[-2.90266,53.27495],[-2.90475,53.27435],[-2.90501,53.27394],[-2.90735,53.27214],[-2.90613,53.27101],[-2.90266,53.27004]]]}},{"type":"Feature","properties":{"id":"E01018566","name":"E01018566","parent":"E06000050","type":"LSOA","pop":1337,"r":177,"ff":77,"ffd":5759.2,"ffs":0.5,"g":20,"co":0,"mo":1,"sa":0,"ic":0},"geometry":{"type":"Polygon","coordinates":[[[-2.89457,53.26895],[-2.89195,53.26551],[-2.88927,53.26335],[-2.88743,53.26271],[-2.88383,53.26208],[-2.88241,53.26073],[-2.88424,53.26036],[-2.88376,53.26023],[-2.88386,53.25989],[-2.88662,53.2594],[-2.89222,53.25917],[-2.89102,53.26094],[-2.89401,53.26217],[-2.89486,53.26222],[-2.89374,53.26328],[-2.89683,53.2647],[-2.89886,53.26468],[-2.89955,53.26427],[-2.89969,53.26437],[-2.90041,53.26374],[-2.90237,53.26305],[-2.90269,53.26327],[-2.90212,53.26359],[-2.90366,53.2652],[-2.90178,53.26619],[-2.90212,53.26643],[-2.89907,53.2681],[-2.89945,53.26845],[-2.89977,53.26828],[-2.90266,53.27004],[-2.90613,53.27101],[-2.90735,53.27214],[-2.90501,53.27394],[-2.90475,53.27435],[-2.90266,53.27495],[-2.90278,53.27512],[-2.89457,53.26895]]]}},{"type":"Feature","properties":{"id":"E01018567","name":"E01018567","parent":"E06000050","type":"LSOA","pop":1446,"r":255,"ff":83,"ffd":5740.0,"ffs":0.5253,"g":94,"co":0,"mo":0,"sa":0,"ic":0},"geometry":{"type":"Polygon","coordinates":[[[-2.90126,53.26875],[-2.90054,53.26805],[-2.89945,53.26845],[-2.89907,53.2681],[-2.90212,53.26643],[-2.90178,53.26619],[-2.90366,53.2652],[-2.90212,53.26359],[-2.90269,53.26327],[-2.90237,53.26305],[-2.90615,53.26176],[-2.90614,53.25986],[-2.90864,53.26035],[-2.91053,53.2603],[-2.9104,53.26426],[-2.90985,53.26782],[-2.90894,53.26787],[-2.9087,53.26831],[-2.90737,53.26781],[-2.90787,53.26733],[-2.90921,53.26728],[-2.90952,53.26683],[-2.90669,53.26711],[-2.90474,53.26771],[-2.90461,53.26813],[-2.90419,53.26803],[-2.90253,53.26663],[-2.90173,53.26731],[-2.90281,53.26816],[-2.90271,53.26865],[-2.90194,53.26889],[-2.90126,53.26875]]]}},{"type":"Feature","properties":{"id":"E01018568","name":"E01018568","parent":"E06000050","type":"LSOA","pop":1455,"r":296,"ff":94,"ffd":6460.5,"ffs":0.5109,"g":109,"co":0,"mo":0,"sa":0,"ic":0},"geometry":{"type":"Polygon","coordinates":[[[-2.89683,53.2647],[-2.89374,53.26328],[-2.89486,53.26222],[-2.89401,53.26217],[-2.89102,53.26094],[-2.89222,53.25917],[-2.89724,53.25886],[-2.90695,53.25725],[-2.90722,53.2577],[-2.91015,53.25703],[-2.91053,53.2603],[-2.90864,53.26035],[-2.90614,53.25986],[-2.90615,53.26176],[-2.90041,53.26374],[-2.89969,53.26437],[-2.89955,53.26427],[-2.89886,53.26468],[-2.89683,53.2647]]]}},{"type":"Feature","properties":{"id":"E01018569","name":"E01018569","parent":"E06000050","type":"LSOA","pop":1311,"r":369,"ff":145,"ffd":11060.3,"ffs":0.4489,"g":45,"co":0,"mo":3,"sa":0,"ic":0},"geometry":{"type":"Polygon","coordinates":[[[-2.98116,53.30128],[-2.98127,53.29914],[-2.984,53.29768],[-2.9852,53.29743],[-2.98401,53.29642],[-2.98295,53.29661],[-2.98047,53.29421],[-2.98132,53.29342],[-2.97931,53.2914],[-2.97941,53.2906],[-2.98285,53.28971],[-2.99254,53.2892],[-2.99144,53.28649],[-2.99163,53.28503],[-2.9964,53.28579],[-3.00235,53.29002],[-3.00381,53.2903],[-3.00337,53.29047],[-3.00378,53.29087],[-3.00594,53.29152],[-3.00473,53.2922],[-3.00458,53.29296],[-3.00646,53.29288],[-3.00705,53.29328],[-3.00745,53.29465],[-3.00912,53.29591],[-3.00781,53.29687],[-3.00746,53.29761],[-3.00593,53.2976],[-3.00716,53.29964],[-3.01,53.29878],[-3.01099,53.30014],[-3.00537,53.30141],[-3.00247,53.3025],[-2.99533,53.30562],[-2.99274,53.30711],[-2.98474,53.30533],[-2.98009,53.30464],[-2.97762,53.30389],[-2.97943,53.30208],[-2.98116,53.30128]]]}},{"type":"Feature","properties":{"id":"E01018570","name":"E01018570","parent":"E06000050","type":"LSOA","pop":1693,"r":316,"ff":103,"ffd":6083.9,"ffs":0.5365,"g":122,"co":0,"mo":0,"sa":2,"ic":0},"geometry":{"type":"Polygon","coordinates":[[[-2.94659,53.30553],[-2.94257,53.30112],[-2.94129,53.3003],[-2.94233,53.29978],[-2.94124,53.29903],[-2.9424,53.29863],[-2.94362,53.29751],[-2.94427,53.29764],[-2.94595,53.29596],[-2.94586,53.29504],[-2.94524,53.29501],[-2.94457,53.29272],[-2.94628,53.29216],[-2.94632,53.29192],[-2.95123,53.2906],[-2.9517,53.29038],[-2.95115,53.28988],[-2.95221,53.28918],[-2.95276,53.2895],[-2.9591,53.28796],[-2.9629,53.28747],[-2.96477,53.28324],[-2.96592,53.28124],[-2.96591,53.28022],[-2.96792,53.27968],[-2.96958,53.27503],[-2.97423,53.27516],[-2.97532,53.27644],[-2.97607,53.27626],[-2.97651,53.27713],[-2.97833,53.27659],[-2.98126,53.2763],[-2.98387,53.27522],[-2.98863,53.27394],[-2.98922,53.27461],[-2.99685,53.27201],[-2.99941,53.27375],[-3.01204,53.27919],[-3.00995,53.28279],[-3.00895,53.28633],[-3.00672,53.2884],[-3.00564,53.28813],[-3.00434,53.28853],[-3.00324,53.28823],[-3.00069,53.2889],[-2.9964,53.28579],[-2.99163,53.28503],[-2.99144,53.28649],[-2.99254,53.2892],[-2.98285,53.28971],[-2.97941,53.2906],[-2.97931,53.2914],[-2.98132,53.29342],[-2.98047,53.29421],[-2.98295,53.29661],[-2.98401,53.29642],[-2.9852,53.29743],[-2.984,53.29768],[-2.98127,53.29914],[-2.98116,53.30128],[-2.97943,53.30208],[-2.97762,53.30389],[-2.97357,53.30303],[-2.97127,53.30203],[-2.96907,53.30184],[-2.96803,53.30126],[-2.96724,53.30157],[-2.96797,53.30203],[-2.96407,53.3033],[-2.96136,53.30381],[-2.96002,53.30332],[-2.95829,53.30412],[-2.9553,53.30423],[-2.95248,53.30403],[-2.94938,53.30317],[-2.94659,53.30553]]]}},{"type":"Feature","properties":{"id":"E01018571","name":"E01018571","parent":"E06000050","type":"LSOA","pop":1389,"r":273,"ff":76,"ffd":5471.6,"ffs":0.5,"g":118,"co":2,"mo":2,"sa":0,"ic":0},"geometry":{"type":"Polygon","coordinates":[[[-3.01099,53.30014],[-3.01,53.29878],[-3.00716,53.29964],[-3.00593,53.2976],[-3.00746,53.29761],[-3.00781,53.29687],[-3.00912,53.29591],[-3.00745,53.29465],[-3.00705,53.29328],[-3.00646,53.29288],[-3.00458,53.29296],[-3.00473,53.2922],[-3.00594,53.29152],[-3.00378,53.29087],[-3.00337,53.29047],[-3.00381,53.2903],[-3.00235,53.29002],[-3.00069,53.2889],[-3.00324,53.28823],[-3.00434,53.28853],[-3.00564,53.28813],[-3.00672,53.2884],[-3.00895,53.28633],[-3.00995,53.28279],[-3.01204,53.27919],[-3.01568,53.28086],[-3.02303,53.2856],[-3.0327,53.29038],[-3.02962,53.29272],[-3.02832,53.29461],[-3.03164,53.29695],[-3.0297,53.29897],[-3.02614,53.29775],[-3.02398,53.29939],[-3.02194,53.29841],[-3.01851,53.29999],[-3.01278,53.29895],[-3.01099,53.30014]]]}},{"type":"Feature","properties":{"id":"E01018671","name":"E01018671","parent":"E06000050","type":"LSOA","pop":1210,"r":55,"ff":19,"ffd":1570.2,"ffs":0.5758,"g":21,"co":0,"mo":2,"sa":0,"ic":0},"geometry":{"type":"Polygon","coordinates":[[[-2.55094,53.28145],[-2.54901,53.2807],[-2.54802,53.28085],[-2.54715,53.27986],[-2.54243,53.27669],[-2.54104,53.27493],[-2.53996,53.27453],[-2.54066,53.274],[-2.5424,53.27429],[-2.54285,53.27455],[-2.54255,53.27483],[-2.54296,53.27498],[-2.54323,53.27476],[-2.54549,53.2758],[-2.54588,53.27648],[-2.54798,53.27535],[-2.54728,53.27482],[-2.54599,53.27567],[-2.54534,53.27526],[-2.54694,53.27426],[-2.54697,53.27365],[-2.54744,53.27276],[-2.54894,53.27408],[-2.55025,53.27405],[-2.55216,53.27624],[-2.55435,53.27726],[-2.55395,53.27788],[-2.55531,53.27907],[-2.55795,53.28034],[-2.5576,53.28241],[-2.55691,53.28343],[-2.55501,53.28203],[-2.55094,53.28145]]]}},{"type":"Feature","properties":{"id":"E01018672","name":"E01018672","parent":"E06000050","type":"LSOA","pop":1807,"r":57,"ff":19,"ffd":1051.5,"ffs":0.5758,"g":23,"co":0,"mo":2,"sa":0,"ic":0},"geometry":{"type":"Polygon","coordinates":[[[-2.56106,53.28419],[-2.55937,53.28371],[-2.55788,53.28372],[-2.55691,53.28343],[-2.5576,53.28241],[-2.55795,53.28034],[-2.55531,53.27907],[-2.55395,53.27788],[-2.55435,53.27726],[-2.55216,53.27624],[-2.55025,53.27405],[-2.55148,53.27327],[-2.5512,53.27299],[-2.55206,53.27231],[-2.55133,53.27213],[-2.55166,53.27183],[-2.55245,53.27205],[-2.55355,53.2712],[-2.556,53.27312],[-2.55644,53.27301],[-2.55676,53.27205],[-2.55898,53.27071],[-2.55901,53.26994],[-2.55983,53.26879],[-2.55985,53.27041],[-2.56057,53.27089],[-2.56187,53.271],[-2.56462,53.27203],[-2.56839,53.27181],[-2.56435,53.27347],[-2.56455,53.27423],[-2.56284,53.27498],[-2.56198,53.27595],[-2.56207,53.27645],[-2.56503,53.27795],[-2.56444,53.27836],[-2.5636,53.28051],[-2.56106,53.28419]]]}},{"type":"Feature","properties":{"id":"E01018673","name":"E01018673","parent":"E06000050","type":"LSOA","pop":1168,"r":58,"ff":20,"ffd":1712.3,"ffs":0.5714,"g":22,"co":0,"mo":2,"sa":0,"ic":0},"geometry":{"type":"Polygon","coordinates":[[[-2.54549,53.2758],[-2.54323,53.27476],[-2.54296,53.27498],[-2.54255,53.27483],[-2.54285,53.27455],[-2.5424,53.27429],[-2.54066,53.274],[-2.53996,53.27453],[-2.53668,53.27301],[-2.53548,53.27141],[-2.53882,53.27047],[-2.53914,53.27075],[-2.54125,53.27006],[-2.54321,53.26903],[-2.54404,53.2698],[-2.54378,53.27021],[-2.54446,53.27037],[-2.54304,53.27106],[-2.54249,53.27092],[-2.54194,53.27146],[-2.54425,53.2723],[-2.5473,53.27216],[-2.54794,53.2719],[-2.55068,53.27365],[-2.55025,53.27405],[-2.54894,53.27408],[-2.54744,53.27276],[-2.54697,53.27365],[-2.54694,53.27426],[-2.54534,53.27526],[-2.54599,53.27567],[-2.54728,53.27482],[-2.54798,53.27535],[-2.54588,53.27648],[-2.54549,53.2758]]]}},{"type":"Feature","properties":{"id":"E01018674","name":"E01018674","parent":"E06000050","type":"LSOA","pop":1555,"r":59,"ff":20,"ffd":1286.2,"ffs":0.5714,"g":23,"co":0,"mo":2,"sa":0,"ic":0},"geometry":{"type":"Polygon","coordinates":[[[-2.54852,53.27217],[-2.54794,53.2719],[-2.5473,53.27216],[-2.54425,53.2723],[-2.54194,53.27146],[-2.54249,53.27092],[-2.54304,53.27106],[-2.54446,53.27037],[-2.54378,53.27021],[-2.54404,53.2698],[-2.54321,53.26903],[-2.54125,53.27006],[-2.53914,53.27075],[-2.53882,53.27047],[-2.54044,53.26893],[-2.54578,53.26679],[-2.54618,53.26621],[-2.54537,53.26362],[-2.54538,53.26285],[-2.54603,53.26241],[-2.54839,53.26233],[-2.54915,53.26076],[-2.55001,53.26017],[-2.55156,53.26008],[-2.55247,53.26082],[-2.55335,53.261],[-2.55706,53.26004],[-2.5579,53.26027],[-2.56076,53.26273],[-2.56162,53.26286],[-2.56326,53.26228],[-2.56398,53.26233],[-2.5643,53.26376],[-2.56196,53.26432],[-2.5604,53.26525],[-2.56,53.26666],[-2.55912,53.26755],[-2.55983,53.26879],[-2.55901,53.26994],[-2.55898,53.27071],[-2.55676,53.27205],[-2.55644,53.27301],[-2.556,53.27312],[-2.55355,53.2712],[-2.55245,53.27205],[-2.55166,53.27183],[-2.55133,53.27213],[-2.55206,53.27231],[-2.5512,53.27299],[-2.55148,53.27327],[-2.55068,53.27365],[-2.54852,53.27217]]]}},{"type":"Feature","properties":{"id":"E01018675","name":"E01018675","parent":"E06000050","type":"LSOA","pop":1987,"r":57,"ff":17,"ffd":855.6,"ffs":0.4857,"g":21,"co":0,"mo":2,"sa":0,"ic":0},"geometry":{"type":"Polygon","coordinates":[[[-2.52958,53.29759],[-2.52722,53.29659],[-2.52738,53.29557],[-2.52865,53.29488],[-2.52928,53.29398],[-2.52929,53.29342],[-2.52872,53.29329],[-2.52837,53.29258],[-2.52978,53.29201],[-2.53006,53.29097],[-2.52911,53.29038],[-2.52829,53.29064],[-2.52732,53.28995],[-2.52674,53.29035],[-2.52602,53.28951],[-2.52451,53.28926],[-2.52479,53.28849],[-2.52439,53.28583],[-2.51938,53.28717],[-2.51625,53.2875],[-2.51596,53.28534],[-2.51539,53.28503],[-2.51527,53.28438],[-2.51394,53.2836],[-2.51229,53.28332],[-2.51021,53.28216],[-2.50905,53.27996],[-2.5068,53.27962],[-2.50396,53.27757],[-2.50346,53.27641],[-2.50366,53.27539],[-2.50423,53.27481],[-2.50756,53.27491],[-2.50889,53.27439],[-2.50991,53.27256],[-2.51323,53.2716],[-2.51401,53.2703],[-2.51492,53.2698],[-2.51824,53.26951],[-2.51893,53.26995],[-2.52012,53.2698],[-2.52135,53.26918],[-2.51971,53.2689],[-2.51958,53.26849],[-2.52044,53.26802],[-2.5216,53.26826],[-2.5244,53.27009],[-2.52646,53.27222],[-2.52779,53.27263],[-2.52919,53.27261],[-2.53124,53.27161],[-2.53548,53.27141],[-2.53668,53.27301],[-2.54104,53.27493],[-2.54243,53.27669],[-2.54715,53.27986],[-2.54802,53.28085],[-2.54901,53.2807],[-2.5511,53.2815],[-2.55501,53.28203],[-2.55691,53.28343],[-2.55788,53.28372],[-2.55937,53.28371],[-2.56106,53.28419],[-2.5636,53.28051],[-2.56444,53.27836],[-2.56503,53.27795],[-2.56207,53.27645],[-2.56198,53.27595],[-2.56284,53.27498],[-2.56455,53.27423],[-2.56435,53.27347],[-2.56839,53.27181],[-2.5697,53.2716],[-2.57303,53.27201],[-2.57644,53.27302],[-2.57894,53.27278],[-2.58097,53.27295],[-2.58827,53.27139],[-2.59158,53.27179],[-2.59394,53.27258],[-2.59503,53.27343],[-2.59576,53.27501],[-2.59986,53.27755],[-2.60073,53.2797],[-2.6019,53.28051],[-2.60427,53.28104],[-2.60207,53.28216],[-2.60012,53.28262],[-2.59966,53.28247],[-2.59832,53.28312],[-2.59732,53.28321],[-2.59566,53.28438],[-2.59496,53.28562],[-2.59548,53.2868],[-2.59514,53.28758],[-2.5923,53.28892],[-2.591,53.29008],[-2.59279,53.29392],[-2.59093,53.29675],[-2.58838,53.2989],[-2.58339,53.29833],[-2.57835,53.29616],[-2.57774,53.29628],[-2.57767,53.2966],[-2.57679,53.29648],[-2.57634,53.29781],[-2.57424,53.29737],[-2.57023,53.29729],[-2.56808,53.29683],[-2.56636,53.29752],[-2.56594,53.29694],[-2.56295,53.29691],[-2.56054,53.29621],[-2.55857,53.29513],[-2.55786,53.29512],[-2.5552,53.29855],[-2.55364,53.29851],[-2.55196,53.29749],[-2.55154,53.29833],[-2.55035,53.29743],[-2.54716,53.30071],[-2.54742,53.30193],[-2.54685,53.30258],[-2.54389,53.30182],[-2.54277,53.30104],[-2.53885,53.29993],[-2.53764,53.29919],[-2.53584,53.29844],[-2.53306,53.29784],[-2.52958,53.29759]]]}},{"type":"Feature","properties":{"id":"E01018676","name":"E01018676","parent":"E06000050","type":"LSOA","pop":1872,"r":8,"ff":6,"ffd":320.5,"ffs":0.75,"g":0,"co":3,"mo":3,"sa":1,"ic":1},"geometry":{"type":"Polygon","coordinates":[[[-2.62031,53.25342],[-2.60415,53.25229],[-2.6029,53.25241],[-2.59799,53.25116],[-2.59423,53.24436],[-2.59512,53.24276],[-2.59525,53.24152],[-2.59458,53.24044],[-2.59422,53.24022],[-2.59369,53.24042],[-2.5939,53.24002],[-2.59294,53.23978],[-2.59248,53.24006],[-2.59214,53.23966],[-2.59235,53.23772],[-2.59308,53.23782],[-2.59368,53.23722],[-2.59502,53.23773],[-2.59564,53.23733],[-2.59788,53.23824],[-2.59975,53.23695],[-2.59917,53.23688],[-2.59963,53.23623],[-2.60071,53.23647],[-2.60155,53.23557],[-2.60099,53.23528],[-2.60209,53.23482],[-2.60385,53.23525],[-2.60356,53.23562],[-2.60404,53.23596],[-2.60719,53.23292],[-2.60982,53.23412],[-2.60871,53.23526],[-2.60866,53.2364],[-2.6076,53.23802],[-2.60508,53.23863],[-2.60601,53.23958],[-2.60534,53.24024],[-2.60396,53.24002],[-2.60322,53.24008],[-2.6031,53.24035],[-2.60379,53.24094],[-2.60427,53.24092],[-2.60497,53.24212],[-2.60638,53.24218],[-2.6077,53.24186],[-2.61009,53.24253],[-2.61066,53.24318],[-2.6128,53.24318],[-2.61362,53.24516],[-2.61709,53.24246],[-2.6176,53.24267],[-2.61846,53.24238],[-2.61956,53.24252],[-2.62048,53.24105],[-2.62138,53.24151],[-2.62058,53.24209],[-2.62104,53.24244],[-2.61881,53.24275],[-2.61751,53.24356],[-2.61869,53.24354],[-2.62019,53.24431],[-2.61933,53.24455],[-2.61873,53.24421],[-2.61791,53.24423],[-2.61872,53.24541],[-2.61779,53.24583],[-2.61785,53.24615],[-2.61494,53.24577],[-2.61538,53.24624],[-2.61485,53.2466],[-2.61469,53.2479],[-2.61611,53.24685],[-2.61751,53.24683],[-2.61849,53.24627],[-2.61874,53.24653],[-2.61621,53.25058],[-2.62219,53.25042],[-2.6238,53.25091],[-2.62342,53.25171],[-2.62031,53.25342]]]}},{"type":"Feature","properties":{"id":"E01018677","name":"E01018677","parent":"E06000050","type":"LSOA","pop":1963,"r":4,"ff":3,"ffd":152.8,"ffs":0.75,"g":0,"co":3,"mo":3,"sa":3,"ic":1},"geometry":{"type":"Polygon","coordinates":[[[-2.6238,53.25091],[-2.62219,53.25042],[-2.61621,53.25058],[-2.61874,53.24653],[-2.61849,53.24627],[-2.61751,53.24683],[-2.61611,53.24685],[-2.61469,53.2479],[-2.61485,53.2466],[-2.61538,53.24624],[-2.61494,53.24577],[-2.61785,53.24615],[-2.61779,53.24583],[-2.61872,53.24541],[-2.61791,53.24423],[-2.61873,53.24421],[-2.61933,53.24455],[-2.62019,53.24431],[-2.61869,53.24354],[-2.61751,53.24356],[-2.61881,53.24275],[-2.62104,53.24244],[-2.62058,53.24209],[-2.62138,53.24151],[-2.62048,53.24105],[-2.61956,53.24252],[-2.61846,53.24238],[-2.6176,53.24267],[-2.61709,53.24246],[-2.61362,53.24516],[-2.6128,53.24318],[-2.61066,53.24318],[-2.61009,53.24253],[-2.6077,53.24186],[-2.60638,53.24218],[-2.60497,53.24212],[-2.60427,53.24092],[-2.60379,53.24094],[-2.6031,53.24035],[-2.60322,53.24008],[-2.60396,53.24002],[-2.60534,53.24024],[-2.60601,53.23958],[-2.60508,53.23863],[-2.6076,53.23802],[-2.60866,53.2364],[-2.60871,53.23526],[-2.60982,53.23412],[-2.61137,53.23333],[-2.60868,53.2315],[-2.61263,53.22428],[-2.6041,53.22442],[-2.60436,53.22293],[-2.60302,53.22281],[-2.60755,53.22058],[-2.60986,53.21846],[-2.61441,53.2211],[-2.62189,53.21093],[-2.63061,53.20041],[-2.64359,53.20293],[-2.65197,53.20493],[-2.65538,53.2128],[-2.66572,53.22688],[-2.66706,53.23759],[-2.66488,53.23804],[-2.66243,53.23793],[-2.66206,53.23894],[-2.66232,53.24004],[-2.66186,53.24067],[-2.6604,53.24083],[-2.6585,53.24152],[-2.65599,53.24129],[-2.65531,53.24078],[-2.65325,53.24035],[-2.65083,53.24242],[-2.64984,53.24271],[-2.64834,53.24201],[-2.64653,53.24156],[-2.64394,53.24017],[-2.64206,53.2396],[-2.63405,53.23921],[-2.63266,53.23949],[-2.63105,53.2393],[-2.62779,53.2403],[-2.62601,53.24131],[-2.62588,53.24199],[-2.6239,53.24394],[-2.62409,53.24433],[-2.62589,53.24574],[-2.62649,53.24686],[-2.62686,53.25029],[-2.6238,53.25091]]]}},{"type":"Feature","properties":{"id":"E01018678","name":"E01018678","parent":"E06000050","type":"LSOA","pop":1288,"r":9,"ff":7,"ffd":543.5,"ffs":0.7778,"g":0,"co":1,"mo":3,"sa":1,"ic":1},"geometry":{"type":"Polygon","coordinates":[[[-2.59423,53.24436],[-2.59288,53.24125],[-2.58421,53.24333],[-2.57811,53.24433],[-2.57657,53.24182],[-2.57737,53.24024],[-2.57566,53.24029],[-2.57585,53.23989],[-2.57511,53.23912],[-2.57816,53.23706],[-2.57579,53.23554],[-2.57455,53.23364],[-2.57194,53.23231],[-2.57323,53.23147],[-2.56833,53.22979],[-2.56619,53.22795],[-2.56643,53.22755],[-2.57141,53.22962],[-2.57262,53.22951],[-2.57327,53.22903],[-2.57389,53.22941],[-2.57583,53.22871],[-2.57696,53.22777],[-2.57781,53.22789],[-2.57933,53.22704],[-2.58089,53.22689],[-2.58318,53.22497],[-2.58728,53.22457],[-2.59043,53.22373],[-2.59608,53.22375],[-2.59707,53.22256],[-2.59668,53.22663],[-2.59891,53.22708],[-2.59656,53.23082],[-2.59725,53.2315],[-2.59806,53.23159],[-2.59773,53.23218],[-2.59677,53.23203],[-2.59644,53.23224],[-2.59467,53.2351],[-2.59509,53.23522],[-2.59578,53.23458],[-2.59811,53.23455],[-2.59945,53.23498],[-2.59939,53.23529],[-2.59723,53.23511],[-2.5968,53.23528],[-2.59705,53.23549],[-2.59979,53.2358],[-2.59917,53.23688],[-2.59975,53.23695],[-2.59788,53.23824],[-2.59564,53.23733],[-2.59502,53.23773],[-2.59368,53.23722],[-2.59308,53.23782],[-2.59235,53.23772],[-2.59214,53.23966],[-2.59248,53.24006],[-2.59294,53.23978],[-2.5939,53.24002],[-2.59369,53.24042],[-2.59422,53.24022],[-2.59458,53.24044],[-2.59525,53.24152],[-2.59512,53.24276],[-2.59423,53.24436]]]}},{"type":"Feature","properties":{"id":"E01018679","name":"E01018679","parent":"E06000050","type":"LSOA","pop":2165,"r":8,"ff":6,"ffd":277.1,"ffs":0.75,"g":0,"co":3,"mo":3,"sa":1,"ic":1},"geometry":{"type":"Polygon","coordinates":[[[-2.59705,53.23549],[-2.5968,53.23528],[-2.59723,53.23511],[-2.59939,53.23529],[-2.59945,53.23498],[-2.59811,53.23455],[-2.59578,53.23458],[-2.59509,53.23522],[-2.59467,53.2351],[-2.59644,53.23224],[-2.59677,53.23203],[-2.59773,53.23218],[-2.59806,53.23159],[-2.59725,53.2315],[-2.59656,53.23082],[-2.59891,53.22708],[-2.59668,53.22663],[-2.59707,53.22256],[-2.60054,53.22123],[-2.60435,53.22126],[-2.6058,53.22074],[-2.60755,53.22058],[-2.60302,53.22281],[-2.60436,53.22293],[-2.6041,53.22442],[-2.61263,53.22428],[-2.60868,53.2315],[-2.61137,53.23333],[-2.60982,53.23412],[-2.60719,53.23292],[-2.60404,53.23596],[-2.60356,53.23562],[-2.60385,53.23525],[-2.60209,53.23482],[-2.60099,53.23528],[-2.60155,53.23557],[-2.60071,53.23647],[-2.59963,53.23623],[-2.59979,53.2358],[-2.59705,53.23549]]]}},{"type":"Feature","properties":{"id":"E01018680","name":"E01018680","parent":"E06000050","type":"LSOA","pop":1738,"r":87,"ff":26,"ffd":1496.0,"ffs":0.4727,"g":31,"co":0,"mo":0,"sa":0,"ic":0},"geometry":{"type":"Polygon","coordinates":[[[-2.48844,53.24746],[-2.48141,53.23975],[-2.47837,53.23542],[-2.47593,53.2333],[-2.46938,53.2287],[-2.45998,53.21684],[-2.46054,53.21616],[-2.46345,53.2147],[-2.46722,53.21395],[-2.46917,53.21319],[-2.47049,53.21185],[-2.471,53.21179],[-2.47179,53.2129],[-2.47401,53.21244],[-2.4742,53.21188],[-2.47311,53.21157],[-2.47304,53.2113],[-2.47403,53.21054],[-2.47397,53.2099],[-2.47505,53.20963],[-2.47559,53.20895],[-2.47395,53.20891],[-2.47298,53.20804],[-2.47147,53.20828],[-2.47096,53.2072],[-2.46946,53.20739],[-2.46724,53.20631],[-2.46878,53.20425],[-2.46853,53.20407],[-2.4644,53.20374],[-2.46316,53.20227],[-2.46412,53.20182],[-2.4642,53.20132],[-2.46258,53.19945],[-2.4608,53.19898],[-2.45933,53.19918],[-2.45917,53.19871],[-2.45852,53.19867],[-2.45885,53.1979],[-2.45842,53.19672],[-2.45943,53.1962],[-2.46041,53.19466],[-2.46022,53.1942],[-2.46081,53.19385],[-2.46019,53.19358],[-2.4604,53.19282],[-2.45935,53.19243],[-2.45637,53.18984],[-2.45678,53.18874],[-2.45651,53.18728],[-2.45755,53.18647],[-2.45752,53.18502],[-2.45606,53.18373],[-2.4568,53.18263],[-2.45681,53.18172],[-2.45629,53.18136],[-2.45659,53.18095],[-2.45619,53.18021],[-2.45659,53.17984],[-2.45621,53.17878],[-2.45716,53.17847],[-2.4565,53.17768],[-2.45729,53.17661],[-2.45608,53.17581],[-2.45629,53.17526],[-2.4549,53.17513],[-2.45279,53.17409],[-2.45099,53.17382],[-2.44978,53.17301],[-2.44824,53.17307],[-2.44795,53.17221],[-2.44609,53.17193],[-2.44534,53.17205],[-2.44429,53.17118],[-2.44382,53.17119],[-2.44287,53.16989],[-2.44333,53.16949],[-2.44198,53.16881],[-2.44194,53.1681],[-2.44239,53.16775],[-2.44201,53.16618],[-2.44248,53.16624],[-2.44232,53.16522],[-2.44312,53.16494],[-2.44257,53.16474],[-2.4423,53.16371],[-2.44339,53.16302],[-2.44254,53.16283],[-2.44255,53.16235],[-2.44361,53.16216],[-2.44455,53.1613],[-2.44452,53.16093],[-2.44332,53.16068],[-2.44325,53.16022],[-2.44372,53.16001],[-2.44647,53.15987],[-2.45186,53.16089],[-2.45231,53.16065],[-2.45287,53.16096],[-2.45481,53.16087],[-2.45583,53.16047],[-2.45634,53.15951],[-2.45694,53.15727],[-2.45647,53.15687],[-2.45732,53.15643],[-2.45922,53.15621],[-2.46205,53.15661],[-2.4643,53.15316],[-2.46899,53.15275],[-2.47172,53.15437],[-2.47339,53.15474],[-2.47461,53.15462],[-2.47635,53.15521],[-2.47769,53.15649],[-2.48043,53.15729],[-2.48415,53.15966],[-2.48618,53.16016],[-2.4856,53.16126],[-2.48469,53.16184],[-2.48455,53.16231],[-2.48502,53.16274],[-2.48703,53.16341],[-2.48917,53.16357],[-2.49073,53.1635],[-2.49138,53.16301],[-2.49231,53.16294],[-2.49342,53.16355],[-2.4946,53.16326],[-2.49619,53.16428],[-2.49485,53.16617],[-2.49257,53.16782],[-2.49307,53.16884],[-2.49125,53.16927],[-2.49048,53.1698],[-2.48915,53.16942],[-2.48844,53.17125],[-2.48719,53.17148],[-2.48737,53.17241],[-2.48899,53.17423],[-2.49132,53.17488],[-2.49175,53.17541],[-2.48992,53.17609],[-2.48867,53.177],[-2.48504,53.17734],[-2.48416,53.17776],[-2.48452,53.17868],[-2.48311,53.17926],[-2.48023,53.17981],[-2.47441,53.18525],[-2.47138,53.18655],[-2.47308,53.18823],[-2.47161,53.18866],[-2.47377,53.1912],[-2.47711,53.19345],[-2.47854,53.19297],[-2.47907,53.19539],[-2.47732,53.19581],[-2.47735,53.19694],[-2.47643,53.19803],[-2.47336,53.19827],[-2.47367,53.19879],[-2.48009,53.20187],[-2.48688,53.20491],[-2.48776,53.20494],[-2.49072,53.20794],[-2.4948,53.20805],[-2.49823,53.20734],[-2.49887,53.20833],[-2.50175,53.2089],[-2.5044,53.21057],[-2.50626,53.20964],[-2.51014,53.2109],[-2.51093,53.2115],[-2.5107,53.21174],[-2.51155,53.21203],[-2.51001,53.21314],[-2.50898,53.21303],[-2.50881,53.21364],[-2.5074,53.21433],[-2.50808,53.21509],[-2.50751,53.21533],[-2.5063,53.21533],[-2.50634,53.21712],[-2.50924,53.22076],[-2.51059,53.22096],[-2.51249,53.22036],[-2.51288,53.22071],[-2.51357,53.22074],[-2.51297,53.2218],[-2.5111,53.22171],[-2.51042,53.22198],[-2.51104,53.22294],[-2.51218,53.22278],[-2.51288,53.22314],[-2.51536,53.22315],[-2.51616,53.22353],[-2.5155,53.22517],[-2.51467,53.22614],[-2.51327,53.22494],[-2.5121,53.22573],[-2.51149,53.22672],[-2.50788,53.22704],[-2.50781,53.22764],[-2.50931,53.22876],[-2.50994,53.23068],[-2.50963,53.23054],[-2.50796,53.23136],[-2.50718,53.23107],[-2.50605,53.22953],[-2.50303,53.22899],[-2.50165,53.23034],[-2.50268,53.23645],[-2.50274,53.23814],[-2.50322,53.23816],[-2.50297,53.23845],[-2.50379,53.23948],[-2.50341,53.23996],[-2.5018,53.24055],[-2.50502,53.24024],[-2.50099,53.24081],[-2.48844,53.24746]]]}},{"type":"Feature","properties":{"id":"E01018681","name":"E01018681","parent":"E06000050","type":"LSOA","pop":1606,"r":87,"ff":26,"ffd":1618.9,"ffs":0.4727,"g":31,"co":0,"mo":0,"sa":0,"ic":0},"geometry":{"type":"Polygon","coordinates":[[[-2.5155,53.22517],[-2.51616,53.22353],[-2.51536,53.22315],[-2.51288,53.22314],[-2.51218,53.22278],[-2.51104,53.22294],[-2.51042,53.22198],[-2.5111,53.22171],[-2.51297,53.2218],[-2.51357,53.22074],[-2.51288,53.22071],[-2.51249,53.22036],[-2.51059,53.22096],[-2.50924,53.22076],[-2.50634,53.21712],[-2.5063,53.21533],[-2.50751,53.21533],[-2.50808,53.21509],[-2.5074,53.21433],[-2.50881,53.21364],[-2.50898,53.21303],[-2.51001,53.21314],[-2.51155,53.21203],[-2.51528,53.21446],[-2.51974,53.21632],[-2.51862,53.21777],[-2.51674,53.21875],[-2.51809,53.21953],[-2.51818,53.22039],[-2.51651,53.2203],[-2.51587,53.22061],[-2.51551,53.2203],[-2.51465,53.22088],[-2.51591,53.22148],[-2.51608,53.22114],[-2.51648,53.22129],[-2.5173,53.22191],[-2.51639,53.22288],[-2.51708,53.22265],[-2.51865,53.22313],[-2.51884,53.22404],[-2.52003,53.22386],[-2.52218,53.22221],[-2.52259,53.22249],[-2.52136,53.22335],[-2.52138,53.22377],[-2.5219,53.22382],[-2.52302,53.22299],[-2.52346,53.22348],[-2.52317,53.22376],[-2.52392,53.22422],[-2.5197,53.22584],[-2.5183,53.22676],[-2.51727,53.22581],[-2.5155,53.22517]]]}},{"type":"Feature","properties":{"id":"E01018682","name":"E01018682","parent":"E06000050","type":"LSOA","pop":1330,"r":84,"ff":25,"ffd":1879.7,"ffs":0.4808,"g":31,"co":0,"mo":0,"sa":0,"ic":0},"geometry":{"type":"Polygon","coordinates":[[[-2.51713,53.2348],[-2.51591,53.23462],[-2.51547,53.23415],[-2.51547,53.23325],[-2.51385,53.23345],[-2.51354,53.23307],[-2.51396,53.23212],[-2.51337,53.23131],[-2.51642,53.22903],[-2.51777,53.22894],[-2.51467,53.22614],[-2.5155,53.22517],[-2.51727,53.22581],[-2.5183,53.22676],[-2.5197,53.22584],[-2.52392,53.22422],[-2.52317,53.22376],[-2.52346,53.22348],[-2.52302,53.22299],[-2.5219,53.22382],[-2.52138,53.22377],[-2.52136,53.22335],[-2.52259,53.22249],[-2.52218,53.22221],[-2.52003,53.22386],[-2.51884,53.22404],[-2.51865,53.22313],[-2.51708,53.22265],[-2.51639,53.22288],[-2.5173,53.22191],[-2.51648,53.22129],[-2.51608,53.22114],[-2.51591,53.22148],[-2.51465,53.22088],[-2.51551,53.2203],[-2.51587,53.22061],[-2.51651,53.2203],[-2.51818,53.22039],[-2.51809,53.21953],[-2.51674,53.21875],[-2.51862,53.21777],[-2.51974,53.21632],[-2.51528,53.21446],[-2.51155,53.21203],[-2.5107,53.21174],[-2.51093,53.2115],[-2.51304,53.21092],[-2.51321,53.21023],[-2.51401,53.20943],[-2.51622,53.20928],[-2.5174,53.20867],[-2.5211,53.21132],[-2.52008,53.21283],[-2.52021,53.21335],[-2.52452,53.21503],[-2.52559,53.21565],[-2.53379,53.22389],[-2.53852,53.2265],[-2.5404,53.22815],[-2.5404,53.22914],[-2.53965,53.23053],[-2.5368,53.23176],[-2.5346,53.23417],[-2.534,53.23371],[-2.53019,53.23288],[-2.52554,53.23316],[-2.52225,53.23432],[-2.52085,53.23408],[-2.52033,53.23467],[-2.51957,53.23461],[-2.51756,53.23512],[-2.51713,53.2348]]]}},{"type":"Feature","properties":{"id":"E01018683","name":"E01018683","parent":"E06000050","type":"LSOA","pop":1853,"r":87,"ff":26,"ffd":1403.1,"ffs":0.4727,"g":31,"co":0,"mo":0,"sa":0,"ic":0},"geometry":{"type":"Polygon","coordinates":[[[-2.50268,53.23645],[-2.50165,53.23034],[-2.50303,53.22899],[-2.50605,53.22953],[-2.50718,53.23107],[-2.50796,53.23136],[-2.50963,53.23054],[-2.50994,53.23068],[-2.50931,53.22876],[-2.50781,53.22764],[-2.50788,53.22704],[-2.51149,53.22672],[-2.5121,53.22573],[-2.51327,53.22494],[-2.51777,53.22894],[-2.51642,53.22903],[-2.51337,53.23131],[-2.51396,53.23212],[-2.51354,53.23307],[-2.51385,53.23345],[-2.51547,53.23325],[-2.51547,53.23415],[-2.51591,53.23462],[-2.51713,53.2348],[-2.51756,53.23512],[-2.51957,53.23461],[-2.52033,53.23467],[-2.52085,53.23408],[-2.52225,53.23432],[-2.52554,53.23316],[-2.53019,53.23288],[-2.534,53.23371],[-2.5346,53.23417],[-2.53037,53.23772],[-2.52633,53.23596],[-2.52466,53.23572],[-2.52275,53.23591],[-2.51028,53.23973],[-2.5018,53.24055],[-2.50341,53.23996],[-2.50379,53.23948],[-2.50297,53.23845],[-2.50322,53.23816],[-2.50274,53.23814],[-2.50268,53.23645]]]}},{"type":"Feature","properties":{"id":"E01018684","name":"E01018684","parent":"E06000050","type":"LSOA","pop":2411,"r":3,"ff":2,"ffd":83.0,"ffs":0.6667,"g":0,"co":3,"mo":1,"sa":3,"ic":1},"geometry":{"type":"Polygon","coordinates":[[[-2.74235,53.26966],[-2.73978,53.26792],[-2.73257,53.26549],[-2.72424,53.26113],[-2.71899,53.26187],[-2.71705,53.26176],[-2.70121,53.2565],[-2.69445,53.25568],[-2.69374,53.25293],[-2.69175,53.25248],[-2.68896,53.25621],[-2.68975,53.25736],[-2.68277,53.25632],[-2.68176,53.25662],[-2.68042,53.25646],[-2.67806,53.25677],[-2.67719,53.25637],[-2.67598,53.25644],[-2.67522,53.2557],[-2.67361,53.25495],[-2.67262,53.25581],[-2.66899,53.25437],[-2.66613,53.25783],[-2.66465,53.26012],[-2.66345,53.26099],[-2.66219,53.26126],[-2.66195,53.26197],[-2.65945,53.26378],[-2.65732,53.26482],[-2.65547,53.26494],[-2.65205,53.26636],[-2.65038,53.26606],[-2.64956,53.26657],[-2.6479,53.26633],[-2.64693,53.26548],[-2.64632,53.26558],[-2.64332,53.26415],[-2.64261,53.26419],[-2.64074,53.26306],[-2.64122,53.26254],[-2.63911,53.26147],[-2.63934,53.26059],[-2.64028,53.25973],[-2.63957,53.25881],[-2.63824,53.25843],[-2.63939,53.25707],[-2.64264,53.2552],[-2.64177,53.25429],[-2.63703,53.25408],[-2.6386,53.25214],[-2.639,53.25085],[-2.63578,53.25104],[-2.6356,53.25073],[-2.63401,53.25048],[-2.63334,53.24943],[-2.63496,53.24941],[-2.63468,53.24816],[-2.63664,53.24221],[-2.63405,53.23921],[-2.64206,53.2396],[-2.64394,53.24017],[-2.64653,53.24156],[-2.64834,53.24201],[-2.64984,53.24271],[-2.65083,53.24242],[-2.65325,53.24035],[-2.65531,53.24078],[-2.65599,53.24129],[-2.6585,53.24152],[-2.6604,53.24083],[-2.66186,53.24067],[-2.66232,53.24004],[-2.66206,53.23894],[-2.66243,53.23793],[-2.66488,53.23804],[-2.66706,53.23759],[-2.66857,53.23782],[-2.66988,53.23973],[-2.67109,53.24037],[-2.67011,53.241],[-2.67119,53.24189],[-2.67456,53.2416],[-2.68239,53.24155],[-2.68803,53.23942],[-2.70119,53.23886],[-2.7062,53.23699],[-2.70907,53.23629],[-2.71182,53.23457],[-2.71217,53.23589],[-2.71415,53.23789],[-2.71556,53.23777],[-2.71611,53.23813],[-2.71713,53.23813],[-2.71806,53.23684],[-2.71811,53.23598],[-2.71922,53.23576],[-2.71993,53.23599],[-2.71975,53.23624],[-2.72123,53.23717],[-2.72554,53.23844],[-2.72788,53.23809],[-2.73604,53.23815],[-2.73755,53.23673],[-2.73976,53.23553],[-2.7436,53.23461],[-2.74899,53.23479],[-2.7509,53.23446],[-2.75363,53.23545],[-2.75444,53.2354],[-2.7611,53.237],[-2.76308,53.23813],[-2.76451,53.23836],[-2.77021,53.23751],[-2.77275,53.23637],[-2.77532,53.23859],[-2.77884,53.24059],[-2.7796,53.24123],[-2.77737,53.24246],[-2.77654,53.24331],[-2.77807,53.24499],[-2.7772,53.24624],[-2.77549,53.24676],[-2.77319,53.24663],[-2.77177,53.24726],[-2.77315,53.2488],[-2.77444,53.24888],[-2.77769,53.25036],[-2.77741,53.25064],[-2.77845,53.25172],[-2.77811,53.2526],[-2.77948,53.2553],[-2.77925,53.25665],[-2.77963,53.25785],[-2.7788,53.25907],[-2.77963,53.26054],[-2.7793,53.26078],[-2.77427,53.26051],[-2.76933,53.26067],[-2.77026,53.26323],[-2.76892,53.26373],[-2.76873,53.26434],[-2.76589,53.26525],[-2.76614,53.26558],[-2.75978,53.2687],[-2.75832,53.26922],[-2.74389,53.26894],[-2.74235,53.26966]]]}},{"type":"Feature","properties":{"id":"E01018685","name":"E01018685","parent":"E06000050","type":"LSOA","pop":1320,"r":43,"ff":8,"ffd":606.1,"ffs":0.4706,"g":26,"co":2,"mo":0,"sa":0,"ic":1},"geometry":{"type":"Polygon","coordinates":[[[-2.71759,53.30472],[-2.71515,53.3027],[-2.7138,53.30315],[-2.71236,53.30303],[-2.71263,53.30189],[-2.7137,53.30178],[-2.71291,53.30069],[-2.71707,53.2988],[-2.71698,53.29915],[-2.71781,53.29925],[-2.7178,53.29847],[-2.71908,53.29922],[-2.71947,53.29913],[-2.71926,53.29883],[-2.72011,53.29901],[-2.72092,53.29863],[-2.72047,53.29827],[-2.72227,53.29835],[-2.72215,53.29805],[-2.72268,53.29797],[-2.72342,53.29889],[-2.7231,53.29915],[-2.724,53.299],[-2.72411,53.2996],[-2.72273,53.30022],[-2.72292,53.3017],[-2.71881,53.30374],[-2.71759,53.30472]]]}},{"type":"Feature","properties":{"id":"E01018686","name":"E01018686","parent":"E06000050","type":"LSOA","pop":1461,"r":72,"ff":19,"ffd":1300.5,"ffs":0.4872,"g":33,"co":2,"mo":0,"sa":0,"ic":0},"geometry":{"type":"Polygon","coordinates":[[[-2.71204,53.30593],[-2.70853,53.30207],[-2.70652,53.30082],[-2.70235,53.30054],[-2.69988,53.29945],[-2.69837,53.29925],[-2.69663,53.29942],[-2.69537,53.30017],[-2.69525,53.30166],[-2.69639,53.30213],[-2.69631,53.30334],[-2.69355,53.30304],[-2.69017,53.30116],[-2.69593,53.29749],[-2.69858,53.29536],[-2.70242,53.29451],[-2.70628,53.29512],[-2.70792,53.29582],[-2.70934,53.2971],[-2.71011,53.29643],[-2.71193,53.29601],[-2.7132,53.29622],[-2.71443,53.29688],[-2.71462,53.29664],[-2.71548,53.29656],[-2.71611,53.29709],[-2.71719,53.2966],[-2.71775,53.29729],[-2.71822,53.29733],[-2.71773,53.29791],[-2.71577,53.29796],[-2.71707,53.2988],[-2.71291,53.30069],[-2.7137,53.30178],[-2.71263,53.30189],[-2.71236,53.30303],[-2.7138,53.30315],[-2.71515,53.3027],[-2.71759,53.30472],[-2.71417,53.30681],[-2.71204,53.30593]]]}},{"type":"Feature","properties":{"id":"E01018687","name":"E01018687","parent":"E06000050","type":"LSOA","pop":1314,"r":65,"ff":17,"ffd":1293.8,"ffs":0.5,"g":31,"co":2,"mo":0,"sa":0,"ic":1},"geometry":{"type":"Polygon","coordinates":[[[-2.68622,53.29567],[-2.68296,53.29135],[-2.68196,53.29067],[-2.68351,53.28885],[-2.68658,53.28666],[-2.68728,53.28643],[-2.6888,53.28742],[-2.68945,53.28741],[-2.69133,53.28681],[-2.69248,53.28684],[-2.6946,53.28595],[-2.69664,53.28625],[-2.70061,53.28575],[-2.70218,53.2829],[-2.70221,53.28236],[-2.70295,53.28178],[-2.70469,53.2822],[-2.71018,53.28636],[-2.71301,53.28644],[-2.71337,53.28766],[-2.71449,53.28776],[-2.715,53.28845],[-2.71611,53.28894],[-2.7165,53.29006],[-2.71567,53.29096],[-2.71322,53.29109],[-2.71246,53.29204],[-2.71403,53.29208],[-2.71527,53.29254],[-2.71522,53.2931],[-2.71617,53.29423],[-2.71503,53.29477],[-2.71501,53.29507],[-2.71548,53.29509],[-2.71548,53.29656],[-2.71462,53.29664],[-2.71443,53.29688],[-2.7132,53.29622],[-2.71193,53.29601],[-2.71011,53.29643],[-2.70934,53.2971],[-2.70792,53.29582],[-2.70628,53.29512],[-2.70242,53.29451],[-2.69858,53.29536],[-2.69593,53.29749],[-2.69017,53.30116],[-2.68813,53.30021],[-2.68734,53.29911],[-2.68622,53.29567]]]}},{"type":"Feature","properties":{"id":"E01018688","name":"E01018688","parent":"E06000050","type":"LSOA","pop":1573,"r":61,"ff":18,"ffd":1144.3,"ffs":0.5143,"g":26,"co":2,"mo":0,"sa":0,"ic":1},"geometry":{"type":"Polygon","coordinates":[[[-2.71707,53.2988],[-2.71577,53.29796],[-2.71773,53.29791],[-2.71822,53.29733],[-2.71775,53.29729],[-2.71719,53.2966],[-2.71611,53.29709],[-2.71548,53.29656],[-2.71548,53.29509],[-2.71501,53.29507],[-2.71503,53.29477],[-2.71617,53.29423],[-2.71522,53.2931],[-2.71527,53.29254],[-2.71403,53.29208],[-2.71246,53.29204],[-2.71322,53.29109],[-2.71567,53.29096],[-2.7165,53.29006],[-2.71994,53.2901],[-2.72031,53.29054],[-2.7204,53.29323],[-2.72086,53.29341],[-2.72147,53.29315],[-2.72259,53.29369],[-2.72424,53.29384],[-2.72459,53.29351],[-2.72424,53.2935],[-2.72537,53.29247],[-2.72738,53.29355],[-2.72819,53.29309],[-2.72788,53.29397],[-2.72946,53.29405],[-2.72966,53.29439],[-2.73035,53.29439],[-2.72933,53.29541],[-2.73056,53.29754],[-2.73065,53.29791],[-2.73007,53.29818],[-2.7286,53.29704],[-2.72659,53.29639],[-2.72599,53.29642],[-2.72453,53.29726],[-2.72392,53.29716],[-2.71849,53.29818],[-2.71833,53.29866],[-2.7178,53.29847],[-2.71781,53.29925],[-2.71698,53.29915],[-2.71707,53.2988]]]}},{"type":"Feature","properties":{"id":"E01018689","name":"E01018689","parent":"E06000050","type":"LSOA","pop":1461,"r":43,"ff":8,"ffd":547.6,"ffs":0.4706,"g":26,"co":2,"mo":0,"sa":0,"ic":1},"geometry":{"type":"Polygon","coordinates":[[[-2.74736,53.31241],[-2.74292,53.30928],[-2.74082,53.30821],[-2.73948,53.30696],[-2.73859,53.30676],[-2.73653,53.30663],[-2.73474,53.30702],[-2.73395,53.30776],[-2.733,53.3104],[-2.73222,53.31118],[-2.73065,53.31198],[-2.72816,53.31241],[-2.72415,53.31246],[-2.71895,53.30866],[-2.71417,53.30681],[-2.71759,53.30472],[-2.71881,53.30374],[-2.72292,53.3017],[-2.72273,53.30022],[-2.72411,53.2996],[-2.724,53.299],[-2.7231,53.29915],[-2.72342,53.29889],[-2.72268,53.29797],[-2.72215,53.29805],[-2.72227,53.29835],[-2.72047,53.29827],[-2.72092,53.29863],[-2.72011,53.29901],[-2.71926,53.29883],[-2.71947,53.29913],[-2.71908,53.29922],[-2.71833,53.29866],[-2.71849,53.29818],[-2.72392,53.29716],[-2.72453,53.29726],[-2.72599,53.29642],[-2.72659,53.29639],[-2.7286,53.29704],[-2.73007,53.29818],[-2.73065,53.29791],[-2.72933,53.29541],[-2.73035,53.29439],[-2.72966,53.29439],[-2.72946,53.29405],[-2.72788,53.29397],[-2.72819,53.29309],[-2.72738,53.29355],[-2.72537,53.29247],[-2.72424,53.2935],[-2.72459,53.29351],[-2.72424,53.29384],[-2.72259,53.29369],[-2.72147,53.29315],[-2.72086,53.29341],[-2.7204,53.29323],[-2.72031,53.29054],[-2.71994,53.2901],[-2.72402,53.29159],[-2.72423,53.29098],[-2.72513,53.29152],[-2.72706,53.29179],[-2.72937,53.29318],[-2.72929,53.29372],[-2.74931,53.28519],[-2.75352,53.28826],[-2.76323,53.29043],[-2.76519,53.29011],[-2.76652,53.28951],[-2.76643,53.2878],[-2.76692,53.28757],[-2.76846,53.28768],[-2.7694,53.28668],[-2.77182,53.28657],[-2.77306,53.2859],[-2.7746,53.28583],[-2.77738,53.28498],[-2.77995,53.28491],[-2.78115,53.28422],[-2.7823,53.2844],[-2.78381,53.28561],[-2.78641,53.28545],[-2.78792,53.28611],[-2.78875,53.28746],[-2.78762,53.28838],[-2.78792,53.28936],[-2.78837,53.28953],[-2.79048,53.28921],[-2.79167,53.28989],[-2.79099,53.29268],[-2.78965,53.29364],[-2.7899,53.29461],[-2.78895,53.29541],[-2.78875,53.29673],[-2.78585,53.29763],[-2.76138,53.31007],[-2.76015,53.31039],[-2.75945,53.31013],[-2.75907,53.31065],[-2.75589,53.31129],[-2.75465,53.31181],[-2.75239,53.3136],[-2.75243,53.31498],[-2.74736,53.31241]]]}},{"type":"Feature","properties":{"id":"E01018690","name":"E01018690","parent":"E06000050","type":"LSOA","pop":2079,"r":58,"ff":15,"ffd":721.5,"ffs":0.4839,"g":27,"co":2,"mo":0,"sa":0,"ic":1},"geometry":{"type":"Polygon","coordinates":[[[-2.72485,53.29125],[-2.72423,53.29098],[-2.72402,53.29159],[-2.71994,53.2901],[-2.7165,53.29006],[-2.71611,53.28894],[-2.715,53.28845],[-2.71449,53.28776],[-2.71337,53.28766],[-2.71301,53.28644],[-2.71018,53.28636],[-2.70469,53.2822],[-2.70295,53.28178],[-2.70434,53.28003],[-2.70548,53.27927],[-2.70824,53.27835],[-2.71101,53.27699],[-2.71252,53.2767],[-2.71393,53.27507],[-2.71565,53.27028],[-2.71449,53.26795],[-2.71521,53.26755],[-2.71767,53.26734],[-2.71948,53.26579],[-2.71487,53.26298],[-2.71705,53.26176],[-2.71899,53.26187],[-2.72424,53.26113],[-2.73257,53.26549],[-2.73978,53.26792],[-2.74235,53.26966],[-2.74389,53.26894],[-2.74578,53.26897],[-2.74812,53.2729],[-2.74875,53.27905],[-2.74711,53.27954],[-2.74701,53.28011],[-2.7476,53.28368],[-2.74902,53.28452],[-2.74931,53.28519],[-2.72929,53.29372],[-2.72937,53.29318],[-2.72706,53.29179],[-2.72513,53.29152],[-2.72485,53.29125]]]}},{"type":"Feature","properties":{"id":"E01018691","name":"E01018691","parent":"E06000050","type":"LSOA","pop":1751,"r":81,"ff":25,"ffd":1427.8,"ffs":0.5102,"g":31,"co":0,"mo":0,"sa":0,"ic":0},"geometry":{"type":"Polygon","coordinates":[[[-2.54192,53.25398],[-2.54122,53.25253],[-2.54047,53.25285],[-2.54019,53.25261],[-2.5398,53.25144],[-2.53899,53.25161],[-2.53787,53.25113],[-2.53777,53.25083],[-2.53595,53.25111],[-2.53624,53.25079],[-2.53293,53.24821],[-2.53184,53.24774],[-2.53058,53.24772],[-2.52903,53.2497],[-2.52588,53.24905],[-2.52531,53.2487],[-2.52352,53.24858],[-2.52431,53.24686],[-2.52297,53.24634],[-2.52347,53.24517],[-2.52569,53.24172],[-2.52695,53.24018],[-2.52704,53.24117],[-2.52627,53.24331],[-2.52623,53.2444],[-2.52751,53.24494],[-2.53242,53.2441],[-2.53304,53.24454],[-2.5348,53.24495],[-2.53514,53.24529],[-2.53637,53.2455],[-2.54049,53.24417],[-2.54138,53.24474],[-2.54343,53.24221],[-2.54454,53.24246],[-2.54543,53.24189],[-2.54536,53.24143],[-2.54714,53.24054],[-2.55008,53.24239],[-2.54904,53.24267],[-2.54751,53.24177],[-2.54675,53.2422],[-2.54872,53.24338],[-2.54764,53.24353],[-2.54653,53.24424],[-2.54701,53.24458],[-2.54788,53.24432],[-2.54899,53.24478],[-2.54861,53.24543],[-2.54894,53.24639],[-2.55009,53.24717],[-2.54904,53.24799],[-2.54881,53.24911],[-2.54559,53.24979],[-2.54517,53.24957],[-2.54548,53.24924],[-2.54455,53.24896],[-2.54461,53.24927],[-2.54341,53.24805],[-2.54286,53.24828],[-2.54341,53.2499],[-2.54539,53.24982],[-2.54625,53.2507],[-2.54853,53.25093],[-2.54852,53.25159],[-2.54535,53.25552],[-2.54273,53.25598],[-2.54192,53.25398]]]}},{"type":"Feature","properties":{"id":"E01018692","name":"E01018692","parent":"E06000050","type":"LSOA","pop":1949,"r":17,"ff":12,"ffd":615.7,"ffs":0.7059,"g":0,"co":1,"mo":3,"sa":1,"ic":1},"geometry":{"type":"Polygon","coordinates":[[[-2.5556,53.24491],[-2.55406,53.24444],[-2.55497,53.24341],[-2.55401,53.24297],[-2.55501,53.24235],[-2.55445,53.24207],[-2.55323,53.24243],[-2.55349,53.24269],[-2.55313,53.24273],[-2.55282,53.24212],[-2.55386,53.24077],[-2.55558,53.24178],[-2.55795,53.24116],[-2.55744,53.23946],[-2.55691,53.23967],[-2.55574,53.23929],[-2.55533,53.23839],[-2.55154,53.23599],[-2.54707,53.23514],[-2.54369,53.23347],[-2.53942,53.23234],[-2.53928,53.23186],[-2.53803,53.23127],[-2.53965,53.23053],[-2.5404,53.22914],[-2.5404,53.22815],[-2.53852,53.2265],[-2.53379,53.22389],[-2.52559,53.21565],[-2.52452,53.21503],[-2.52605,53.21414],[-2.52883,53.21393],[-2.53011,53.21318],[-2.53197,53.21368],[-2.53248,53.21335],[-2.53463,53.21318],[-2.53565,53.21265],[-2.53723,53.21316],[-2.53887,53.21315],[-2.53943,53.21351],[-2.54233,53.21309],[-2.545,53.21332],[-2.54961,53.21203],[-2.55131,53.21054],[-2.55312,53.20966],[-2.5533,53.20881],[-2.55358,53.20916],[-2.55572,53.20769],[-2.55812,53.20702],[-2.55982,53.20588],[-2.56341,53.20456],[-2.56372,53.20381],[-2.56214,53.20215],[-2.56407,53.20132],[-2.56394,53.19941],[-2.56586,53.19931],[-2.56719,53.19785],[-2.56599,53.19705],[-2.5658,53.19676],[-2.5662,53.1967],[-2.56516,53.19585],[-2.56249,53.19646],[-2.56258,53.19592],[-2.5606,53.19501],[-2.55991,53.19434],[-2.56049,53.19394],[-2.56165,53.19383],[-2.5621,53.19479],[-2.56386,53.19449],[-2.5642,53.19425],[-2.56344,53.19387],[-2.56503,53.1924],[-2.56556,53.19301],[-2.56514,53.19319],[-2.56524,53.19361],[-2.56747,53.19349],[-2.56699,53.19285],[-2.57033,53.19162],[-2.5696,53.19096],[-2.57032,53.19036],[-2.56999,53.18985],[-2.57002,53.1893],[-2.57045,53.18913],[-2.57018,53.18806],[-2.57461,53.18721],[-2.57423,53.18763],[-2.57455,53.18813],[-2.57673,53.18896],[-2.57632,53.19],[-2.57668,53.19058],[-2.57634,53.19053],[-2.57603,53.1916],[-2.57658,53.19263],[-2.57819,53.19295],[-2.57814,53.1933],[-2.57879,53.19354],[-2.58021,53.19515],[-2.57933,53.19574],[-2.57992,53.19697],[-2.58435,53.19935],[-2.58714,53.19964],[-2.58936,53.19921],[-2.5947,53.20087],[-2.59568,53.20096],[-2.59791,53.20035],[-2.60025,53.20032],[-2.60217,53.1997],[-2.60547,53.20043],[-2.61198,53.204],[-2.61335,53.20396],[-2.62534,53.20676],[-2.62189,53.21093],[-2.61441,53.2211],[-2.60986,53.21846],[-2.60755,53.22058],[-2.6058,53.22074],[-2.60435,53.22126],[-2.60054,53.22123],[-2.59707,53.22256],[-2.59608,53.22375],[-2.59043,53.22373],[-2.58728,53.22457],[-2.58318,53.22497],[-2.58089,53.22689],[-2.57933,53.22704],[-2.57781,53.22789],[-2.57696,53.22777],[-2.57583,53.22871],[-2.57389,53.22941],[-2.57327,53.22903],[-2.57262,53.22951],[-2.57141,53.22962],[-2.56643,53.22755],[-2.56619,53.22795],[-2.56833,53.22979],[-2.57323,53.23147],[-2.57194,53.23231],[-2.57455,53.23364],[-2.57385,53.23391],[-2.57548,53.23571],[-2.56787,53.23712],[-2.56896,53.23871],[-2.56963,53.23864],[-2.57132,53.23746],[-2.57334,53.23794],[-2.57297,53.23821],[-2.57375,53.23902],[-2.57305,53.23943],[-2.57163,53.23846],[-2.56989,53.23907],[-2.56987,53.24017],[-2.57044,53.24009],[-2.57086,53.24055],[-2.56991,53.24099],[-2.57051,53.2445],[-2.57141,53.24448],[-2.57179,53.24511],[-2.57083,53.24527],[-2.56138,53.24558],[-2.55919,53.24583],[-2.55633,53.24564],[-2.5556,53.24491]]]}},{"type":"Feature","properties":{"id":"E01018693","name":"E01018693","parent":"E06000050","type":"LSOA","pop":2173,"r":78,"ff":24,"ffd":1104.5,"ffs":0.5217,"g":31,"co":0,"mo":0,"sa":0,"ic":0},"geometry":{"type":"Polygon","coordinates":[[[-2.55539,53.25612],[-2.54911,53.25526],[-2.54769,53.25531],[-2.54584,53.25583],[-2.54472,53.25572],[-2.54535,53.25552],[-2.54852,53.25159],[-2.54853,53.25093],[-2.54625,53.2507],[-2.54539,53.24982],[-2.54341,53.2499],[-2.54286,53.24828],[-2.54341,53.24805],[-2.54461,53.24927],[-2.54455,53.24896],[-2.54548,53.24924],[-2.54517,53.24957],[-2.54559,53.24979],[-2.54881,53.24911],[-2.54904,53.24799],[-2.55009,53.24717],[-2.54894,53.24639],[-2.54861,53.24543],[-2.54899,53.24478],[-2.54788,53.24432],[-2.54701,53.24458],[-2.54653,53.24424],[-2.54764,53.24353],[-2.54872,53.24338],[-2.54675,53.2422],[-2.54751,53.24177],[-2.54904,53.24267],[-2.55008,53.24239],[-2.54714,53.24054],[-2.54892,53.23932],[-2.55115,53.24042],[-2.55231,53.23955],[-2.55373,53.24],[-2.55419,53.23981],[-2.55502,53.24026],[-2.55579,53.24002],[-2.55667,53.24152],[-2.55558,53.24178],[-2.55386,53.24077],[-2.55282,53.24212],[-2.55313,53.24273],[-2.55349,53.24269],[-2.55323,53.24243],[-2.55445,53.24207],[-2.55501,53.24235],[-2.55401,53.24297],[-2.55497,53.24341],[-2.55406,53.24444],[-2.5556,53.24491],[-2.55633,53.24564],[-2.55919,53.24583],[-2.56138,53.24558],[-2.57083,53.24527],[-2.57204,53.24786],[-2.57089,53.25125],[-2.56825,53.25101],[-2.56597,53.25136],[-2.56439,53.25195],[-2.55903,53.25585],[-2.55539,53.25612]]]}},{"type":"Feature","properties":{"id":"E01018694","name":"E01018694","parent":"E06000050","type":"LSOA","pop":2709,"r":82,"ff":26,"ffd":959.8,"ffs":0.52,"g":31,"co":0,"mo":0,"sa":0,"ic":0},"geometry":{"type":"Polygon","coordinates":[[[-2.53304,53.24454],[-2.53242,53.2441],[-2.52751,53.24494],[-2.52623,53.2444],[-2.52627,53.24331],[-2.52704,53.24117],[-2.52695,53.24018],[-2.53037,53.23772],[-2.5346,53.23417],[-2.5368,53.23176],[-2.53803,53.23127],[-2.53928,53.23186],[-2.53942,53.23234],[-2.54369,53.23347],[-2.54707,53.23514],[-2.55154,53.23599],[-2.55533,53.23839],[-2.55574,53.23929],[-2.55691,53.23967],[-2.55744,53.23946],[-2.55795,53.24116],[-2.55667,53.24152],[-2.55579,53.24002],[-2.55502,53.24026],[-2.55419,53.23981],[-2.55373,53.24],[-2.55231,53.23955],[-2.55115,53.24042],[-2.54892,53.23932],[-2.54714,53.24054],[-2.54536,53.24143],[-2.54543,53.24189],[-2.54454,53.24246],[-2.54343,53.24221],[-2.54138,53.24474],[-2.54049,53.24417],[-2.53637,53.2455],[-2.53514,53.24529],[-2.5348,53.24495],[-2.53304,53.24454]]]}},{"type":"Feature","properties":{"id":"E01018695","name":"E01018695","parent":"E06000050","type":"LSOA","pop":2085,"r":192,"ff":55,"ffd":2637.9,"ffs":0.5392,"g":88,"co":2,"mo":0,"sa":0,"ic":0},"geometry":{"type":"Polygon","coordinates":[[[-2.77209,53.26851],[-2.77178,53.2682],[-2.77089,53.26828],[-2.77049,53.26752],[-2.77045,53.26819],[-2.76981,53.26821],[-2.76964,53.26738],[-2.76938,53.26795],[-2.76785,53.26805],[-2.76876,53.26718],[-2.76869,53.26636],[-2.76797,53.26581],[-2.76735,53.26608],[-2.76614,53.26558],[-2.76589,53.26525],[-2.76873,53.26434],[-2.76892,53.26373],[-2.77026,53.26323],[-2.76933,53.26067],[-2.77427,53.26051],[-2.7793,53.26078],[-2.77885,53.26169],[-2.77927,53.26275],[-2.77889,53.26319],[-2.77803,53.26515],[-2.77919,53.26757],[-2.77796,53.26877],[-2.77174,53.27029],[-2.77082,53.26937],[-2.77163,53.26935],[-2.77209,53.26851]]]}},{"type":"Feature","properties":{"id":"E01018696","name":"E01018696","parent":"E06000050","type":"LSOA","pop":1444,"r":127,"ff":38,"ffd":2631.6,"ffs":0.5672,"g":59,"co":2,"mo":0,"sa":0,"ic":0},"geometry":{"type":"Polygon","coordinates":[[[-2.75352,53.28826],[-2.74931,53.28519],[-2.74902,53.28452],[-2.7476,53.28368],[-2.74701,53.28011],[-2.74711,53.27954],[-2.74875,53.27905],[-2.74812,53.2729],[-2.74578,53.26897],[-2.75832,53.26922],[-2.75978,53.2687],[-2.76005,53.26892],[-2.7628,53.2682],[-2.76323,53.26835],[-2.76274,53.26799],[-2.76305,53.2679],[-2.76418,53.26858],[-2.76365,53.26859],[-2.76505,53.26947],[-2.76403,53.26964],[-2.76204,53.27122],[-2.76273,53.27341],[-2.76473,53.27456],[-2.76403,53.27488],[-2.76583,53.27533],[-2.76561,53.27585],[-2.76425,53.27615],[-2.76364,53.27712],[-2.76575,53.2763],[-2.76613,53.27654],[-2.76658,53.27629],[-2.76664,53.27667],[-2.76801,53.27716],[-2.77258,53.27388],[-2.77919,53.26757],[-2.77877,53.26982],[-2.77922,53.27185],[-2.78133,53.27339],[-2.78163,53.27401],[-2.7829,53.27444],[-2.78427,53.27566],[-2.78347,53.27768],[-2.78688,53.27882],[-2.78656,53.2808],[-2.78094,53.28323],[-2.78115,53.28422],[-2.77995,53.28491],[-2.77738,53.28498],[-2.7746,53.28583],[-2.77306,53.2859],[-2.77182,53.28657],[-2.7694,53.28668],[-2.76846,53.28768],[-2.76692,53.28757],[-2.76643,53.2878],[-2.76652,53.28951],[-2.76519,53.29011],[-2.76323,53.29043],[-2.75352,53.28826]]]}},{"type":"Feature","properties":{"id":"E01018697","name":"E01018697","parent":"E06000050","type":"LSOA","pop":1867,"r":85,"ff":37,"ffd":1981.8,"ffs":0.5068,"g":9,"co":2,"mo":1,"sa":0,"ic":0},"geometry":{"type":"Polygon","coordinates":[[[-2.76664,53.27667],[-2.76658,53.27629],[-2.76613,53.27654],[-2.76575,53.2763],[-2.76364,53.27712],[-2.76425,53.27615],[-2.76561,53.27585],[-2.76583,53.27533],[-2.76403,53.27488],[-2.76473,53.27456],[-2.76273,53.27341],[-2.76204,53.27122],[-2.76403,53.26964],[-2.76505,53.26947],[-2.76365,53.26859],[-2.76418,53.26858],[-2.76305,53.2679],[-2.76274,53.26799],[-2.76323,53.26835],[-2.7628,53.2682],[-2.76005,53.26892],[-2.75978,53.2687],[-2.76614,53.26558],[-2.76735,53.26608],[-2.76797,53.26581],[-2.76869,53.26636],[-2.76876,53.26718],[-2.76785,53.26805],[-2.76938,53.26795],[-2.76964,53.26738],[-2.76981,53.26821],[-2.77045,53.26819],[-2.77049,53.26752],[-2.77089,53.26828],[-2.77178,53.2682],[-2.77209,53.26851],[-2.77163,53.26935],[-2.77082,53.26937],[-2.77174,53.27029],[-2.77796,53.26877],[-2.77258,53.27388],[-2.76801,53.27716],[-2.76664,53.27667]]]}},{"type":"Feature","properties":{"id":"E01018698","name":"E01018698","parent":"E06000050","type":"LSOA","pop":2015,"r":7,"ff":6,"ffd":297.8,"ffs":0.8571,"g":0,"co":3,"mo":1,"sa":1,"ic":1},"geometry":{"type":"Polygon","coordinates":[[[-2.6726,53.28815],[-2.67272,53.28517],[-2.67226,53.28426],[-2.66986,53.28318],[-2.66714,53.28248],[-2.66611,53.28244],[-2.66494,53.28279],[-2.65885,53.28655],[-2.65741,53.28687],[-2.64832,53.28627],[-2.64705,53.28567],[-2.64488,53.28302],[-2.64801,53.2823],[-2.64999,53.28243],[-2.65154,53.28174],[-2.65173,53.27994],[-2.65083,53.27321],[-2.64919,53.27189],[-2.64968,53.27106],[-2.64964,53.26915],[-2.64885,53.26875],[-2.64963,53.26845],[-2.64956,53.26657],[-2.65038,53.26606],[-2.65205,53.26636],[-2.65547,53.26494],[-2.65732,53.26482],[-2.65945,53.26378],[-2.66195,53.26197],[-2.66219,53.26126],[-2.66345,53.26099],[-2.66465,53.26012],[-2.66613,53.25783],[-2.66899,53.25437],[-2.67262,53.25581],[-2.67361,53.25495],[-2.67522,53.2557],[-2.67598,53.25644],[-2.67719,53.25637],[-2.67806,53.25677],[-2.68042,53.25646],[-2.68176,53.25662],[-2.68277,53.25632],[-2.68975,53.25736],[-2.68896,53.25621],[-2.69175,53.25248],[-2.69374,53.25293],[-2.69445,53.25568],[-2.70121,53.2565],[-2.71705,53.26176],[-2.71487,53.26298],[-2.71948,53.26579],[-2.71767,53.26734],[-2.71521,53.26755],[-2.71449,53.26795],[-2.71565,53.27028],[-2.71393,53.27507],[-2.71252,53.2767],[-2.71101,53.27699],[-2.70824,53.27835],[-2.70548,53.27927],[-2.70434,53.28003],[-2.70295,53.28178],[-2.70221,53.28236],[-2.70218,53.2829],[-2.70061,53.28575],[-2.69664,53.28625],[-2.6946,53.28595],[-2.69248,53.28684],[-2.69133,53.28681],[-2.68945,53.28741],[-2.6888,53.28742],[-2.68728,53.28643],[-2.68658,53.28666],[-2.68351,53.28885],[-2.68196,53.29067],[-2.67747,53.29008],[-2.67302,53.28869],[-2.6726,53.28815]]]}},{"type":"Feature","properties":{"id":"E01018699","name":"E01018699","parent":"E06000050","type":"LSOA","pop":1583,"r":86,"ff":25,"ffd":1579.3,"ffs":0.463,"g":31,"co":0,"mo":0,"sa":0,"ic":0},"geometry":{"type":"Polygon","coordinates":[[[-2.50866,53.24795],[-2.50876,53.24723],[-2.50962,53.24716],[-2.50989,53.24678],[-2.50788,53.24673],[-2.50775,53.24772],[-2.50618,53.24768],[-2.50752,53.24641],[-2.50931,53.24565],[-2.5083,53.2451],[-2.50881,53.24461],[-2.5083,53.2437],[-2.50866,53.24319],[-2.50929,53.24308],[-2.5085,53.24284],[-2.50701,53.24013],[-2.51028,53.23973],[-2.51305,53.2389],[-2.51299,53.24022],[-2.51212,53.24242],[-2.51357,53.24253],[-2.51338,53.24175],[-2.51449,53.24133],[-2.51486,53.24196],[-2.5146,53.24271],[-2.51509,53.24315],[-2.51666,53.24359],[-2.51588,53.244],[-2.51586,53.24444],[-2.51671,53.24501],[-2.51661,53.2453],[-2.51562,53.24609],[-2.51502,53.24558],[-2.51525,53.24511],[-2.51471,53.24501],[-2.51406,53.24702],[-2.5132,53.24749],[-2.51204,53.24772],[-2.51121,53.24755],[-2.51147,53.24803],[-2.50914,53.2483],[-2.50866,53.24795]]]}},{"type":"Feature","properties":{"id":"E01018700","name":"E01018700","parent":"E06000050","type":"LSOA","pop":1912,"r":87,"ff":26,"ffd":1359.8,"ffs":0.4727,"g":31,"co":0,"mo":0,"sa":0,"ic":0},"geometry":{"type":"Polygon","coordinates":[[[-2.5195,53.24747],[-2.51765,53.24697],[-2.5153,53.24742],[-2.51406,53.24729],[-2.51471,53.24501],[-2.51525,53.24511],[-2.51502,53.24558],[-2.51562,53.24609],[-2.51661,53.2453],[-2.51671,53.24501],[-2.51586,53.24444],[-2.51588,53.244],[-2.51666,53.24359],[-2.51509,53.24315],[-2.5146,53.24271],[-2.51486,53.24196],[-2.51449,53.24133],[-2.51338,53.24175],[-2.51357,53.24253],[-2.51212,53.24242],[-2.51299,53.24022],[-2.51572,53.24087],[-2.51651,53.24018],[-2.51993,53.2391],[-2.52039,53.24024],[-2.5209,53.24055],[-2.52127,53.24036],[-2.52165,53.24079],[-2.52054,53.24116],[-2.52085,53.24147],[-2.52044,53.24176],[-2.52111,53.24209],[-2.52228,53.241],[-2.52304,53.24132],[-2.52379,53.24088],[-2.52569,53.24172],[-2.52347,53.24517],[-2.52297,53.24634],[-2.52129,53.24818],[-2.5195,53.24747]]]}},{"type":"Feature","properties":{"id":"E01018701","name":"E01018701","parent":"E06000050","type":"LSOA","pop":1464,"r":83,"ff":25,"ffd":1707.7,"ffs":0.4902,"g":31,"co":0,"mo":0,"sa":0,"ic":0},"geometry":{"type":"Polygon","coordinates":[[[-2.49364,53.24802],[-2.49384,53.24669],[-2.49269,53.24636],[-2.49391,53.24577],[-2.4929,53.24503],[-2.50099,53.24081],[-2.50701,53.24013],[-2.5085,53.24284],[-2.50929,53.24308],[-2.50866,53.24319],[-2.5083,53.2437],[-2.50881,53.24461],[-2.5083,53.2451],[-2.50931,53.24565],[-2.50752,53.24641],[-2.50618,53.24768],[-2.50539,53.24742],[-2.50492,53.24769],[-2.50434,53.24664],[-2.50184,53.24695],[-2.50178,53.24656],[-2.49849,53.24633],[-2.49798,53.24674],[-2.49657,53.24668],[-2.49806,53.24946],[-2.49641,53.2501],[-2.49601,53.24824],[-2.49364,53.24802]]]}},{"type":"Feature","properties":{"id":"E01018702","name":"E01018702","parent":"E06000050","type":"LSOA","pop":1464,"r":87,"ff":26,"ffd":1776.0,"ffs":0.4727,"g":31,"co":0,"mo":0,"sa":0,"ic":0},"geometry":{"type":"Polygon","coordinates":[[[-2.52054,53.24116],[-2.52165,53.24079],[-2.52127,53.24036],[-2.5209,53.24055],[-2.52039,53.24024],[-2.51993,53.2391],[-2.51651,53.24018],[-2.51572,53.24087],[-2.51299,53.24022],[-2.51305,53.2389],[-2.52275,53.23591],[-2.52466,53.23572],[-2.52633,53.23596],[-2.53037,53.23772],[-2.52695,53.24018],[-2.52569,53.24172],[-2.52379,53.24088],[-2.52304,53.24132],[-2.52228,53.241],[-2.52111,53.24209],[-2.52044,53.24176],[-2.52085,53.24147],[-2.52054,53.24116]]]}},{"type":"Feature","properties":{"id":"E01018703","name":"E01018703","parent":"E06000050","type":"LSOA","pop":2372,"r":83,"ff":25,"ffd":1054.0,"ffs":0.4902,"g":31,"co":0,"mo":0,"sa":0,"ic":0},"geometry":{"type":"Polygon","coordinates":[[[-2.50872,53.25579],[-2.5089,53.25483],[-2.5104,53.25517],[-2.51074,53.25494],[-2.50945,53.25445],[-2.50908,53.25356],[-2.50958,53.25293],[-2.50894,53.25258],[-2.50765,53.25317],[-2.50738,53.25396],[-2.50615,53.25387],[-2.50573,53.25333],[-2.50646,53.25251],[-2.50567,53.25224],[-2.50412,53.25273],[-2.50395,53.25353],[-2.50295,53.25391],[-2.50254,53.25383],[-2.50224,53.25278],[-2.5015,53.25282],[-2.49992,53.25358],[-2.50056,53.25421],[-2.5003,53.25447],[-2.49936,53.25471],[-2.49863,53.25542],[-2.49776,53.25506],[-2.49615,53.25499],[-2.49609,53.25459],[-2.49743,53.25394],[-2.49391,53.25159],[-2.49716,53.25128],[-2.4972,53.25098],[-2.49618,53.25036],[-2.49641,53.2501],[-2.49806,53.24946],[-2.49657,53.24668],[-2.49798,53.24674],[-2.49849,53.24633],[-2.50178,53.24656],[-2.50184,53.24695],[-2.50434,53.24664],[-2.50492,53.24769],[-2.50539,53.24742],[-2.50618,53.24768],[-2.50775,53.24772],[-2.50788,53.24673],[-2.50989,53.24678],[-2.50962,53.24716],[-2.50876,53.24723],[-2.50866,53.24795],[-2.50914,53.2483],[-2.51147,53.24803],[-2.51121,53.24755],[-2.51204,53.24772],[-2.5132,53.24749],[-2.514,53.24698],[-2.51406,53.24729],[-2.5153,53.24742],[-2.51765,53.24697],[-2.52129,53.24818],[-2.5183,53.25088],[-2.5159,53.25161],[-2.51524,53.25223],[-2.51552,53.25302],[-2.51512,53.25361],[-2.51589,53.25417],[-2.51319,53.25503],[-2.50872,53.25579]]]}},{"type":"Feature","properties":{"id":"E01018704","name":"E01018704","parent":"E06000050","type":"LSOA","pop":1518,"r":79,"ff":22,"ffd":1449.3,"ffs":0.4583,"g":30,"co":0,"mo":0,"sa":0,"ic":0},"geometry":{"type":"Polygon","coordinates":[[[-2.45133,53.28346],[-2.44893,53.28178],[-2.44804,53.2817],[-2.44737,53.28071],[-2.44762,53.28055],[-2.44689,53.28011],[-2.44721,53.27962],[-2.44839,53.27938],[-2.44785,53.27893],[-2.44839,53.27842],[-2.44928,53.27878],[-2.45048,53.27817],[-2.44985,53.27748],[-2.45008,53.27717],[-2.44884,53.27624],[-2.44849,53.27546],[-2.45157,53.27455],[-2.45158,53.27414],[-2.45102,53.27403],[-2.45385,53.27113],[-2.45651,53.27094],[-2.45885,53.27116],[-2.46265,53.27079],[-2.4622,53.27113],[-2.46263,53.27138],[-2.45823,53.27264],[-2.45926,53.27375],[-2.45931,53.27538],[-2.46051,53.27491],[-2.46001,53.27357],[-2.46054,53.2731],[-2.46123,53.27332],[-2.46169,53.27279],[-2.46287,53.27287],[-2.46324,53.27259],[-2.46363,53.27316],[-2.4631,53.27332],[-2.46398,53.27378],[-2.46356,53.27389],[-2.46376,53.27443],[-2.46418,53.27435],[-2.466,53.2757],[-2.46744,53.2754],[-2.46739,53.27474],[-2.46793,53.27418],[-2.46908,53.274],[-2.46706,53.27234],[-2.46623,53.27247],[-2.46603,53.27355],[-2.4651,53.27361],[-2.46459,53.27311],[-2.46568,53.27235],[-2.46541,53.27125],[-2.46598,53.27085],[-2.46547,53.27033],[-2.46592,53.26996],[-2.46518,53.26995],[-2.46481,53.26959],[-2.46598,53.26916],[-2.46705,53.26763],[-2.47352,53.26697],[-2.47313,53.26807],[-2.47367,53.26904],[-2.47437,53.26878],[-2.47717,53.26894],[-2.47824,53.26811],[-2.479,53.26846],[-2.47962,53.26832],[-2.47937,53.26862],[-2.47997,53.26865],[-2.48065,53.26828],[-2.48127,53.26833],[-2.48123,53.26786],[-2.48247,53.26802],[-2.48438,53.26737],[-2.48543,53.26755],[-2.48596,53.26721],[-2.48782,53.26787],[-2.49063,53.26736],[-2.49277,53.26792],[-2.49539,53.26718],[-2.49621,53.26653],[-2.49711,53.26686],[-2.49843,53.26855],[-2.50093,53.26764],[-2.50261,53.26818],[-2.50285,53.26729],[-2.50444,53.26782],[-2.50518,53.26782],[-2.50566,53.26737],[-2.50663,53.26774],[-2.50722,53.26771],[-2.50767,53.26806],[-2.5075,53.26945],[-2.50887,53.27184],[-2.50991,53.27256],[-2.50889,53.27439],[-2.50756,53.27491],[-2.50571,53.27477],[-2.50466,53.27446],[-2.50557,53.27424],[-2.50625,53.27316],[-2.50614,53.27016],[-2.50451,53.26988],[-2.49718,53.27143],[-2.49133,53.27443],[-2.48787,53.27741],[-2.48398,53.2794],[-2.48304,53.28012],[-2.48332,53.28041],[-2.48234,53.2817],[-2.47963,53.27846],[-2.47852,53.2793],[-2.47739,53.27908],[-2.47558,53.27689],[-2.47438,53.27684],[-2.47317,53.27766],[-2.473,53.27879],[-2.46996,53.28125],[-2.47058,53.28229],[-2.46962,53.28262],[-2.46953,53.2833],[-2.471,53.28372],[-2.47254,53.28375],[-2.47194,53.28427],[-2.47116,53.28415],[-2.47065,53.28444],[-2.46861,53.28396],[-2.4684,53.28421],[-2.46745,53.28399],[-2.46789,53.2838],[-2.46765,53.28365],[-2.46258,53.28294],[-2.45675,53.2855],[-2.45222,53.28414],[-2.45225,53.2837],[-2.45133,53.28346]]]}},{"type":"Feature","properties":{"id":"E01018705","name":"E01018705","parent":"E06000050","type":"LSOA","pop":1405,"r":69,"ff":20,"ffd":1423.5,"ffs":0.4878,"g":27,"co":2,"mo":2,"sa":0,"ic":0},"geometry":{"type":"Polygon","coordinates":[[[-2.47244,53.28662],[-2.46999,53.28569],[-2.46448,53.28724],[-2.45675,53.2855],[-2.46258,53.28294],[-2.46765,53.28365],[-2.46789,53.2838],[-2.46745,53.28399],[-2.4684,53.28421],[-2.46861,53.28396],[-2.47065,53.28444],[-2.47116,53.28415],[-2.47194,53.28427],[-2.47254,53.28375],[-2.471,53.28372],[-2.46953,53.2833],[-2.46962,53.28262],[-2.47058,53.28229],[-2.46996,53.28125],[-2.473,53.27879],[-2.47317,53.27766],[-2.47438,53.27684],[-2.47558,53.27689],[-2.47739,53.27908],[-2.47852,53.2793],[-2.47963,53.27846],[-2.48234,53.2817],[-2.48103,53.28394],[-2.48117,53.28524],[-2.47998,53.28535],[-2.47936,53.28597],[-2.47822,53.2895],[-2.47199,53.28731],[-2.47244,53.28662]]]}},{"type":"Feature","properties":{"id":"E01018706","name":"E01018706","parent":"E06000050","type":"LSOA","pop":1987,"r":79,"ff":22,"ffd":1107.2,"ffs":0.4583,"g":30,"co":0,"mo":0,"sa":0,"ic":0},"geometry":{"type":"Polygon","coordinates":[[[-2.466,53.2757],[-2.46418,53.27435],[-2.46376,53.27443],[-2.46356,53.27389],[-2.46398,53.27378],[-2.4631,53.27332],[-2.46363,53.27316],[-2.46324,53.27259],[-2.46287,53.27287],[-2.46169,53.27279],[-2.46123,53.27332],[-2.46054,53.2731],[-2.46001,53.27357],[-2.46051,53.27491],[-2.45931,53.27538],[-2.45926,53.27375],[-2.45823,53.27264],[-2.46263,53.27138],[-2.4622,53.27113],[-2.46265,53.27079],[-2.45885,53.27116],[-2.45651,53.27094],[-2.45385,53.27113],[-2.45102,53.27403],[-2.45158,53.27414],[-2.45157,53.27455],[-2.44849,53.27546],[-2.44693,53.27439],[-2.44651,53.27226],[-2.44527,53.27261],[-2.44412,53.27047],[-2.44006,53.26931],[-2.46705,53.26763],[-2.46598,53.26916],[-2.46481,53.26959],[-2.46518,53.26995],[-2.46592,53.26996],[-2.46547,53.27033],[-2.46598,53.27085],[-2.46541,53.27125],[-2.46568,53.27235],[-2.46459,53.27311],[-2.4651,53.27361],[-2.46603,53.27355],[-2.46623,53.27247],[-2.46706,53.27234],[-2.46908,53.274],[-2.46793,53.27418],[-2.46739,53.27474],[-2.46744,53.2754],[-2.466,53.2757]]]}},{"type":"Feature","properties":{"id":"E01018707","name":"E01018707","parent":"E06000050","type":"LSOA","pop":1708,"r":1,"ff":1,"ffd":58.5,"ffs":1.0,"g":0,"co":1,"mo":3,"sa":3,"ic":3},"geometry":{"type":"Polygon","coordinates":[[[-2.65538,53.2128],[-2.65197,53.20493],[-2.64359,53.20293],[-2.63061,53.20041],[-2.64072,53.18799],[-2.64089,53.18653],[-2.63889,53.18571],[-2.63663,53.18614],[-2.63524,53.18593],[-2.6364,53.18498],[-2.63741,53.18484],[-2.6387,53.18403],[-2.63953,53.18294],[-2.64074,53.1822],[-2.64043,53.18159],[-2.64076,53.181],[-2.63897,53.18073],[-2.63955,53.17959],[-2.6401,53.17925],[-2.64292,53.17954],[-2.64383,53.17939],[-2.64498,53.18001],[-2.6467,53.17888],[-2.64931,53.17517],[-2.65544,53.17417],[-2.657,53.17022],[-2.6575,53.17031],[-2.65799,53.16974],[-2.65884,53.16965],[-2.66087,53.17006],[-2.66087,53.1693],[-2.66166,53.16862],[-2.66288,53.16816],[-2.66568,53.16802],[-2.66614,53.16894],[-2.67099,53.16911],[-2.67118,53.16819],[-2.67281,53.16755],[-2.67371,53.16812],[-2.68096,53.1673],[-2.68088,53.1676],[-2.68218,53.16758],[-2.68501,53.167],[-2.68502,53.16746],[-2.68716,53.16738],[-2.69163,53.168],[-2.69348,53.1679],[-2.69203,53.17085],[-2.69358,53.17595],[-2.69706,53.17897],[-2.69891,53.17896],[-2.69859,53.18099],[-2.69804,53.1817],[-2.69589,53.18091],[-2.6938,53.18129],[-2.69039,53.1811],[-2.68929,53.18554],[-2.6875,53.18489],[-2.6856,53.18475],[-2.68432,53.18532],[-2.6842,53.18574],[-2.68039,53.1852],[-2.67719,53.18777],[-2.67571,53.18839],[-2.67521,53.18912],[-2.6745,53.19311],[-2.67498,53.19438],[-2.67709,53.19778],[-2.67835,53.19879],[-2.68034,53.19965],[-2.68235,53.20004],[-2.69028,53.20048],[-2.69031,53.20084],[-2.69281,53.2013],[-2.69412,53.20066],[-2.69402,53.2],[-2.69466,53.19955],[-2.69516,53.19839],[-2.69639,53.1977],[-2.69803,53.19698],[-2.69866,53.19706],[-2.70426,53.19556],[-2.70712,53.19837],[-2.70806,53.2006],[-2.71052,53.20331],[-2.70954,53.20383],[-2.70895,53.2035],[-2.7078,53.20453],[-2.70765,53.20423],[-2.7057,53.20425],[-2.70551,53.2052],[-2.70478,53.20528],[-2.70459,53.20707],[-2.70333,53.2073],[-2.70162,53.20691],[-2.70067,53.21438],[-2.70245,53.21494],[-2.7042,53.21508],[-2.70486,53.21903],[-2.70412,53.2201],[-2.70307,53.2245],[-2.7031,53.22633],[-2.70348,53.22757],[-2.70467,53.22853],[-2.70521,53.22978],[-2.70699,53.23021],[-2.70821,53.23169],[-2.71095,53.23298],[-2.71192,53.23391],[-2.71182,53.23457],[-2.70907,53.23629],[-2.7062,53.23699],[-2.70119,53.23886],[-2.68803,53.23942],[-2.68239,53.24155],[-2.67456,53.2416],[-2.67119,53.24189],[-2.67011,53.241],[-2.67109,53.24037],[-2.66988,53.23973],[-2.66857,53.23782],[-2.66706,53.23759],[-2.66572,53.22688],[-2.65538,53.2128]]]}},{"type":"Feature","properties":{"id":"E01018708","name":"E01018708","parent":"E06000050","type":"LSOA","pop":2201,"r":6,"ff":4,"ffd":181.7,"ffs":0.6667,"g":0,"co":3,"mo":3,"sa":3,"ic":1},"geometry":{"type":"Polygon","coordinates":[[[-2.61684,53.32065],[-2.61352,53.31892],[-2.61007,53.31803],[-2.60983,53.31769],[-2.61046,53.31742],[-2.60991,53.31688],[-2.61012,53.31632],[-2.60972,53.3162],[-2.60935,53.315],[-2.60828,53.31479],[-2.6101,53.31274],[-2.60899,53.31156],[-2.60835,53.31164],[-2.60756,53.31092],[-2.60696,53.31094],[-2.60615,53.31028],[-2.60558,53.31032],[-2.6053,53.30991],[-2.60284,53.30992],[-2.60215,53.30945],[-2.60184,53.30977],[-2.60129,53.30972],[-2.60108,53.30911],[-2.60035,53.30875],[-2.60062,53.30864],[-2.60007,53.30859],[-2.60058,53.30834],[-2.59908,53.30781],[-2.59821,53.30791],[-2.59831,53.30711],[-2.59717,53.30674],[-2.59739,53.3064],[-2.59668,53.3059],[-2.59712,53.30579],[-2.59634,53.30559],[-2.59583,53.30463],[-2.59635,53.30424],[-2.5958,53.30417],[-2.596,53.30391],[-2.59536,53.30352],[-2.59603,53.30354],[-2.59605,53.30328],[-2.59564,53.30306],[-2.59509,53.30324],[-2.59507,53.30286],[-2.59428,53.30281],[-2.59444,53.30252],[-2.59349,53.30221],[-2.59292,53.30234],[-2.59298,53.30184],[-2.59214,53.30166],[-2.59224,53.30137],[-2.59087,53.30137],[-2.58897,53.30089],[-2.5877,53.29945],[-2.59093,53.29675],[-2.59279,53.29392],[-2.591,53.29008],[-2.5923,53.28892],[-2.59514,53.28758],[-2.59548,53.2868],[-2.59496,53.28562],[-2.59566,53.28438],[-2.59732,53.28321],[-2.59832,53.28312],[-2.59966,53.28247],[-2.60012,53.28262],[-2.60207,53.28216],[-2.60427,53.28104],[-2.6019,53.28051],[-2.60073,53.2797],[-2.59986,53.27755],[-2.59576,53.27501],[-2.59503,53.27343],[-2.59394,53.27258],[-2.59158,53.27179],[-2.59125,53.27093],[-2.59276,53.26961],[-2.59251,53.26766],[-2.59142,53.26629],[-2.59165,53.26246],[-2.59758,53.26247],[-2.59777,53.26272],[-2.60112,53.2627],[-2.60553,53.26335],[-2.60641,53.26245],[-2.60717,53.26248],[-2.60534,53.25975],[-2.60599,53.25941],[-2.60544,53.25855],[-2.6062,53.25823],[-2.6054,53.25786],[-2.60598,53.25732],[-2.60497,53.25646],[-2.60538,53.25595],[-2.60312,53.25358],[-2.604,53.25315],[-2.60389,53.25273],[-2.60443,53.25255],[-2.60415,53.25229],[-2.62031,53.25342],[-2.62342,53.25171],[-2.6238,53.25091],[-2.62686,53.25029],[-2.62649,53.24686],[-2.62589,53.24574],[-2.62409,53.24433],[-2.6239,53.24394],[-2.62588,53.24199],[-2.62601,53.24131],[-2.62779,53.2403],[-2.63105,53.2393],[-2.63266,53.23949],[-2.63405,53.23921],[-2.63664,53.24221],[-2.63468,53.24816],[-2.63496,53.24941],[-2.63334,53.24943],[-2.63401,53.25048],[-2.6356,53.25073],[-2.63578,53.25104],[-2.639,53.25085],[-2.6386,53.25214],[-2.63703,53.25408],[-2.64177,53.25429],[-2.64264,53.2552],[-2.63939,53.25707],[-2.63824,53.25843],[-2.63957,53.25881],[-2.64028,53.25973],[-2.63934,53.26059],[-2.63911,53.26147],[-2.64122,53.26254],[-2.64074,53.26306],[-2.64261,53.26419],[-2.64332,53.26415],[-2.64632,53.26558],[-2.64693,53.26548],[-2.6479,53.26633],[-2.64956,53.26657],[-2.64963,53.26845],[-2.64885,53.26875],[-2.64964,53.26915],[-2.64968,53.27106],[-2.64919,53.27189],[-2.65083,53.27321],[-2.65173,53.27994],[-2.65154,53.28174],[-2.64999,53.28243],[-2.64801,53.2823],[-2.64488,53.28302],[-2.64705,53.28567],[-2.64832,53.28627],[-2.65741,53.28687],[-2.65885,53.28655],[-2.66494,53.28279],[-2.66611,53.28244],[-2.66714,53.28248],[-2.66986,53.28318],[-2.67226,53.28426],[-2.67272,53.28517],[-2.6726,53.28815],[-2.67302,53.28869],[-2.67747,53.29008],[-2.68196,53.29067],[-2.68296,53.29135],[-2.68622,53.29567],[-2.68734,53.29911],[-2.68813,53.30021],[-2.69355,53.30304],[-2.69631,53.30334],[-2.69639,53.30213],[-2.69525,53.30166],[-2.69537,53.30017],[-2.69663,53.29942],[-2.69837,53.29925],[-2.69988,53.29945],[-2.70235,53.30054],[-2.70652,53.30082],[-2.70853,53.30207],[-2.71204,53.30593],[-2.71895,53.30866],[-2.72415,53.31246],[-2.72353,53.31314],[-2.71522,53.31175],[-2.70746,53.30946],[-2.7008,53.30581],[-2.70017,53.30603],[-2.6933,53.31009],[-2.69351,53.31024],[-2.68758,53.31338],[-2.68725,53.31403],[-2.68535,53.31533],[-2.67851,53.31422],[-2.64753,53.30788],[-2.644,53.3065],[-2.64156,53.30504],[-2.64321,53.30706],[-2.64506,53.31014],[-2.63985,53.30939],[-2.63905,53.3096],[-2.63887,53.3101],[-2.63572,53.30795],[-2.63251,53.30752],[-2.62989,53.30808],[-2.62997,53.30785],[-2.62946,53.30778],[-2.62752,53.30865],[-2.62412,53.3094],[-2.62471,53.31178],[-2.62273,53.31201],[-2.6178,53.31614],[-2.61983,53.31687],[-2.61747,53.3176],[-2.61787,53.3182],[-2.62103,53.31915],[-2.61993,53.32032],[-2.61854,53.32027],[-2.61684,53.32065]]]}},{"type":"Feature","properties":{"id":"E01018709","name":"E01018709","parent":"E06000050","type":"LSOA","pop":1509,"r":75,"ff":23,"ffd":1524.2,"ffs":0.5227,"g":30,"co":0,"mo":0,"sa":0,"ic":0},"geometry":{"type":"Polygon","coordinates":[[[-2.52004,53.2572],[-2.52119,53.25699],[-2.52025,53.25651],[-2.52097,53.25586],[-2.52007,53.25566],[-2.51964,53.25508],[-2.51993,53.25435],[-2.52066,53.25368],[-2.52231,53.25322],[-2.52175,53.25241],[-2.52126,53.25251],[-2.52107,53.25198],[-2.52186,53.25179],[-2.52227,53.25231],[-2.52613,53.25178],[-2.52675,53.25216],[-2.527,53.25458],[-2.52544,53.25505],[-2.52575,53.25532],[-2.5244,53.25588],[-2.52505,53.25633],[-2.52445,53.25658],[-2.52356,53.25641],[-2.52299,53.25659],[-2.52302,53.25695],[-2.52242,53.2568],[-2.52236,53.25713],[-2.52201,53.2573],[-2.52152,53.25704],[-2.52013,53.25757],[-2.52004,53.2572]]]}},{"type":"Feature","properties":{"id":"E01018710","name":"E01018710","parent":"E06000050","type":"LSOA","pop":1417,"r":75,"ff":23,"ffd":1623.1,"ffs":0.5227,"g":30,"co":0,"mo":0,"sa":0,"ic":0},"geometry":{"type":"Polygon","coordinates":[[[-2.51589,53.25417],[-2.51512,53.25361],[-2.51552,53.25302],[-2.51524,53.25223],[-2.5159,53.25161],[-2.5183,53.25088],[-2.52033,53.24911],[-2.52297,53.24634],[-2.52431,53.24686],[-2.52352,53.24858],[-2.52531,53.2487],[-2.52588,53.24905],[-2.52903,53.2497],[-2.53058,53.24772],[-2.53184,53.24774],[-2.53293,53.24821],[-2.53624,53.25079],[-2.53501,53.25167],[-2.53385,53.25202],[-2.5341,53.25145],[-2.53008,53.25169],[-2.52959,53.25237],[-2.52881,53.25207],[-2.52909,53.25267],[-2.52856,53.25301],[-2.52806,53.25281],[-2.52695,53.25308],[-2.52675,53.25216],[-2.52613,53.25178],[-2.52227,53.25231],[-2.52186,53.25179],[-2.52107,53.25198],[-2.52126,53.25251],[-2.51926,53.2531],[-2.51982,53.25379],[-2.51931,53.25425],[-2.51882,53.25414],[-2.51858,53.25455],[-2.51796,53.25456],[-2.51763,53.2551],[-2.51581,53.25557],[-2.51589,53.25417]]]}},{"type":"Feature","properties":{"id":"E01018711","name":"E01018711","parent":"E06000050","type":"LSOA","pop":1529,"r":75,"ff":23,"ffd":1504.3,"ffs":0.5227,"g":30,"co":0,"mo":2,"sa":0,"ic":0},"geometry":{"type":"Polygon","coordinates":[[[-2.53144,53.26064],[-2.53093,53.26042],[-2.52951,53.26061],[-2.52836,53.25822],[-2.52705,53.25853],[-2.5267,53.25688],[-2.527,53.25458],[-2.52675,53.25316],[-2.52806,53.25281],[-2.52856,53.25301],[-2.52909,53.25267],[-2.52881,53.25207],[-2.52959,53.25237],[-2.53008,53.25169],[-2.5341,53.25145],[-2.53385,53.25202],[-2.53501,53.25167],[-2.53595,53.25111],[-2.53777,53.25083],[-2.53787,53.25113],[-2.53899,53.25161],[-2.5398,53.25144],[-2.54019,53.25261],[-2.54047,53.25285],[-2.54122,53.25253],[-2.54192,53.25398],[-2.5398,53.25443],[-2.53622,53.25654],[-2.53144,53.26064]]]}},{"type":"Feature","properties":{"id":"E01018712","name":"E01018712","parent":"E06000050","type":"LSOA","pop":1428,"r":76,"ff":23,"ffd":1610.6,"ffs":0.5227,"g":31,"co":0,"mo":0,"sa":0,"ic":0},"geometry":{"type":"Polygon","coordinates":[[[-2.51592,53.26047],[-2.51565,53.25936],[-2.51614,53.25819],[-2.51619,53.25712],[-2.51509,53.25655],[-2.51581,53.25557],[-2.51763,53.2551],[-2.51796,53.25456],[-2.51858,53.25455],[-2.51882,53.25414],[-2.51931,53.25425],[-2.51982,53.25379],[-2.51926,53.2531],[-2.52175,53.25241],[-2.52231,53.25322],[-2.52066,53.25368],[-2.51993,53.25435],[-2.51964,53.25508],[-2.52007,53.25566],[-2.52097,53.25586],[-2.52025,53.25651],[-2.52119,53.25699],[-2.52004,53.2572],[-2.52013,53.25757],[-2.52152,53.25704],[-2.52201,53.2573],[-2.52236,53.25713],[-2.52242,53.2568],[-2.52302,53.25695],[-2.52299,53.25659],[-2.52356,53.25641],[-2.52445,53.25658],[-2.52505,53.25633],[-2.5244,53.25588],[-2.52575,53.25532],[-2.52544,53.25505],[-2.527,53.25458],[-2.5267,53.25688],[-2.52705,53.25853],[-2.52823,53.26029],[-2.52371,53.25949],[-2.52467,53.25888],[-2.52409,53.25854],[-2.52211,53.26045],[-2.51988,53.25977],[-2.51743,53.25957],[-2.51662,53.26058],[-2.51592,53.26047]]]}},{"type":"Feature","properties":{"id":"E01018714","name":"E01018714","parent":"E06000050","type":"LSOA","pop":1999,"r":78,"ff":23,"ffd":1150.6,"ffs":0.4894,"g":30,"co":0,"mo":0,"sa":0,"ic":0},"geometry":{"type":"Polygon","coordinates":[[[-2.50767,53.26806],[-2.50722,53.26771],[-2.50663,53.26774],[-2.50697,53.26715],[-2.50508,53.26576],[-2.50493,53.2645],[-2.50242,53.26388],[-2.50052,53.26301],[-2.49882,53.26328],[-2.49802,53.26224],[-2.49852,53.26154],[-2.49891,53.26132],[-2.50106,53.2614],[-2.50083,53.26078],[-2.49992,53.26072],[-2.50087,53.26024],[-2.50153,53.26028],[-2.50279,53.26113],[-2.50278,53.26153],[-2.50378,53.26145],[-2.50536,53.26063],[-2.5051,53.25963],[-2.50313,53.25981],[-2.50333,53.25933],[-2.50278,53.25881],[-2.50607,53.25716],[-2.5072,53.25761],[-2.50674,53.25819],[-2.50829,53.25792],[-2.50744,53.25538],[-2.50792,53.25422],[-2.5089,53.25483],[-2.50872,53.25579],[-2.51319,53.25503],[-2.51589,53.25417],[-2.51581,53.25557],[-2.51509,53.25655],[-2.51619,53.25712],[-2.51614,53.25819],[-2.51565,53.25936],[-2.51592,53.26047],[-2.51571,53.26249],[-2.51392,53.26472],[-2.51419,53.26738],[-2.5169,53.26812],[-2.51824,53.26951],[-2.51492,53.2698],[-2.51401,53.2703],[-2.51323,53.2716],[-2.50991,53.27256],[-2.50887,53.27184],[-2.5075,53.26945],[-2.50767,53.26806]]]}},{"type":"Feature","properties":{"id":"E01018715","name":"E01018715","parent":"E06000050","type":"LSOA","pop":1701,"r":83,"ff":24,"ffd":1410.9,"ffs":0.4706,"g":31,"co":0,"mo":0,"sa":0,"ic":0},"geometry":{"type":"Polygon","coordinates":[[[-2.47367,53.26904],[-2.47313,53.26807],[-2.47461,53.26247],[-2.47563,53.26103],[-2.48412,53.26143],[-2.48653,53.26124],[-2.48888,53.26078],[-2.48809,53.25979],[-2.48852,53.25835],[-2.48637,53.25781],[-2.48639,53.25759],[-2.48746,53.25764],[-2.48749,53.25718],[-2.48837,53.25727],[-2.48926,53.25553],[-2.49131,53.25648],[-2.49055,53.25748],[-2.4913,53.25771],[-2.49136,53.25829],[-2.49244,53.25878],[-2.49198,53.25989],[-2.49303,53.25968],[-2.49475,53.26023],[-2.49255,53.26196],[-2.49407,53.26171],[-2.4951,53.26095],[-2.49643,53.26069],[-2.49852,53.26154],[-2.49802,53.26224],[-2.49882,53.26328],[-2.50052,53.26301],[-2.50242,53.26388],[-2.50493,53.2645],[-2.50508,53.26576],[-2.50697,53.26715],[-2.50663,53.26774],[-2.50566,53.26737],[-2.50518,53.26782],[-2.50444,53.26782],[-2.50285,53.26729],[-2.50261,53.26818],[-2.50093,53.26764],[-2.49843,53.26855],[-2.49711,53.26686],[-2.49621,53.26653],[-2.49539,53.26718],[-2.49277,53.26792],[-2.49063,53.26736],[-2.48782,53.26787],[-2.48596,53.26721],[-2.48543,53.26755],[-2.48438,53.26737],[-2.48247,53.26802],[-2.48123,53.26786],[-2.48127,53.26833],[-2.48065,53.26828],[-2.47997,53.26865],[-2.47937,53.26862],[-2.47962,53.26832],[-2.479,53.26846],[-2.47824,53.26811],[-2.47717,53.26894],[-2.47437,53.26878],[-2.47367,53.26904]]]}},{"type":"Feature","properties":{"id":"E01018716","name":"E01018716","parent":"E06000050","type":"LSOA","pop":1569,"r":83,"ff":24,"ffd":1529.6,"ffs":0.4706,"g":31,"co":0,"mo":0,"sa":0,"ic":0},"geometry":{"type":"Polygon","coordinates":[[[-2.49475,53.26023],[-2.49303,53.25968],[-2.49198,53.25989],[-2.49244,53.25878],[-2.49136,53.25829],[-2.4913,53.25771],[-2.49055,53.25748],[-2.49131,53.25648],[-2.48926,53.25553],[-2.48878,53.25425],[-2.49192,53.25352],[-2.49331,53.25426],[-2.4941,53.25361],[-2.49207,53.25141],[-2.49257,53.25122],[-2.49264,53.25029],[-2.49327,53.24968],[-2.49364,53.24802],[-2.49601,53.24824],[-2.49641,53.2501],[-2.49618,53.25036],[-2.4972,53.25098],[-2.49716,53.25128],[-2.49391,53.25159],[-2.49743,53.25394],[-2.49609,53.25459],[-2.49615,53.25499],[-2.49776,53.25506],[-2.49863,53.25542],[-2.49936,53.25471],[-2.5003,53.25447],[-2.50029,53.25568],[-2.50186,53.25754],[-2.50112,53.2572],[-2.50033,53.25774],[-2.49973,53.25753],[-2.49968,53.258],[-2.4985,53.25802],[-2.49573,53.2598],[-2.49612,53.26022],[-2.49407,53.26171],[-2.49255,53.26196],[-2.49475,53.26023]]]}},{"type":"Feature","properties":{"id":"E01018717","name":"E01018717","parent":"E06000050","type":"LSOA","pop":1857,"r":79,"ff":23,"ffd":1238.6,"ffs":0.4792,"g":30,"co":0,"mo":0,"sa":0,"ic":0},"geometry":{"type":"Polygon","coordinates":[[[-2.50153,53.26028],[-2.50087,53.26024],[-2.49992,53.26072],[-2.50083,53.26078],[-2.50106,53.2614],[-2.49891,53.26132],[-2.49852,53.26154],[-2.49643,53.26069],[-2.4951,53.26095],[-2.49612,53.26022],[-2.49573,53.2598],[-2.4985,53.25802],[-2.49968,53.258],[-2.49973,53.25753],[-2.50033,53.25774],[-2.50112,53.2572],[-2.50186,53.25754],[-2.50029,53.25568],[-2.5003,53.25447],[-2.50056,53.25421],[-2.49992,53.25358],[-2.5015,53.25282],[-2.50224,53.25278],[-2.50254,53.25383],[-2.50295,53.25391],[-2.50395,53.25353],[-2.50412,53.25273],[-2.50567,53.25224],[-2.50646,53.25251],[-2.50573,53.25333],[-2.50615,53.25387],[-2.50738,53.25396],[-2.50765,53.25317],[-2.50894,53.25258],[-2.50958,53.25293],[-2.50908,53.25356],[-2.50945,53.25445],[-2.51074,53.25494],[-2.5104,53.25517],[-2.5089,53.25483],[-2.50792,53.25422],[-2.50744,53.25538],[-2.50829,53.25792],[-2.50674,53.25819],[-2.5072,53.25761],[-2.50607,53.25716],[-2.50278,53.25881],[-2.50333,53.25933],[-2.50313,53.25981],[-2.5051,53.25963],[-2.50536,53.26063],[-2.50378,53.26145],[-2.50278,53.26153],[-2.50279,53.26113],[-2.50153,53.26028]]]}},{"type":"Feature","properties":{"id":"E01018718","name":"E01018718","parent":"E06000050","type":"LSOA","pop":1925,"r":83,"ff":25,"ffd":1298.7,"ffs":0.4902,"g":31,"co":0,"mo":0,"sa":0,"ic":0},"geometry":{"type":"Polygon","coordinates":[[[-2.47563,53.26103],[-2.47472,53.26072],[-2.47462,53.26094],[-2.46946,53.25803],[-2.46848,53.2586],[-2.46545,53.25652],[-2.46545,53.25593],[-2.46403,53.25567],[-2.46808,53.25202],[-2.46964,53.25125],[-2.47321,53.25035],[-2.45887,53.2242],[-2.4614,53.22394],[-2.4621,53.22333],[-2.46352,53.22302],[-2.46396,53.22331],[-2.46479,53.22309],[-2.46938,53.2287],[-2.47593,53.2333],[-2.47837,53.23542],[-2.48141,53.23975],[-2.48844,53.24746],[-2.48553,53.24903],[-2.48325,53.24981],[-2.48386,53.25034],[-2.48068,53.25245],[-2.47808,53.25489],[-2.47794,53.25576],[-2.48011,53.25634],[-2.48039,53.25609],[-2.47947,53.25581],[-2.48125,53.25372],[-2.48215,53.25346],[-2.48287,53.25398],[-2.4832,53.25378],[-2.48449,53.25482],[-2.48551,53.25514],[-2.48548,53.25575],[-2.48465,53.25701],[-2.48512,53.2571],[-2.48514,53.25747],[-2.48852,53.25835],[-2.48809,53.25979],[-2.48888,53.26078],[-2.48653,53.26124],[-2.48412,53.26143],[-2.47563,53.26103]]]}},{"type":"Feature","properties":{"id":"E01018719","name":"E01018719","parent":"E06000050","type":"LSOA","pop":1540,"r":83,"ff":25,"ffd":1623.4,"ffs":0.4902,"g":31,"co":0,"mo":0,"sa":0,"ic":0},"geometry":{"type":"Polygon","coordinates":[[[-2.48637,53.25781],[-2.48514,53.25747],[-2.48512,53.2571],[-2.48465,53.25701],[-2.48548,53.25575],[-2.48551,53.25514],[-2.48449,53.25482],[-2.4832,53.25378],[-2.48405,53.25329],[-2.48567,53.253],[-2.48568,53.25276],[-2.48418,53.25282],[-2.4834,53.25245],[-2.48469,53.25137],[-2.48619,53.25094],[-2.48709,53.25139],[-2.48712,53.25203],[-2.48819,53.25204],[-2.49082,53.25116],[-2.49327,53.24968],[-2.49264,53.25029],[-2.49257,53.25122],[-2.49207,53.25141],[-2.4941,53.25361],[-2.49331,53.25426],[-2.49192,53.25352],[-2.48878,53.25425],[-2.48926,53.25553],[-2.48837,53.25727],[-2.48749,53.25718],[-2.48746,53.25764],[-2.48639,53.25759],[-2.48637,53.25781]]]}},{"type":"Feature","properties":{"id":"E01018720","name":"E01018720","parent":"E06000050","type":"LSOA","pop":1988,"r":83,"ff":25,"ffd":1257.5,"ffs":0.4902,"g":31,"co":0,"mo":0,"sa":0,"ic":0},"geometry":{"type":"Polygon","coordinates":[[[-2.47808,53.25489],[-2.48068,53.25245],[-2.48386,53.25034],[-2.48325,53.24981],[-2.48553,53.24903],[-2.4929,53.24503],[-2.49391,53.24577],[-2.49269,53.24636],[-2.49384,53.24669],[-2.49327,53.24968],[-2.49082,53.25116],[-2.48819,53.25204],[-2.48712,53.25203],[-2.48709,53.25139],[-2.48619,53.25094],[-2.48469,53.25137],[-2.4834,53.25245],[-2.48418,53.25282],[-2.48568,53.25276],[-2.48567,53.253],[-2.48405,53.25329],[-2.48287,53.25398],[-2.48215,53.25346],[-2.48125,53.25372],[-2.47947,53.25581],[-2.48039,53.25609],[-2.48011,53.25634],[-2.47794,53.25576],[-2.47808,53.25489]]]}},{"type":"Feature","properties":{"id":"E01018721","name":"E01018721","parent":"E06000050","type":"LSOA","pop":2286,"r":60,"ff":16,"ffd":699.9,"ffs":0.4571,"g":24,"co":2,"mo":2,"sa":0,"ic":0},"geometry":{"type":"Polygon","coordinates":[[[-2.49397,53.3433],[-2.49507,53.34169],[-2.49432,53.34075],[-2.49788,53.33769],[-2.5031,53.33167],[-2.50436,53.32688],[-2.50968,53.32449],[-2.51223,53.32154],[-2.50698,53.31853],[-2.50429,53.31434],[-2.50295,53.31337],[-2.5045,53.31304],[-2.50557,53.31193],[-2.50524,53.30976],[-2.50271,53.30699],[-2.5026,53.30518],[-2.50204,53.30461],[-2.50092,53.3044],[-2.50066,53.30168],[-2.50169,53.29862],[-2.49825,53.29979],[-2.49782,53.29984],[-2.49759,53.29934],[-2.49701,53.29599],[-2.49778,53.29483],[-2.49749,53.29331],[-2.49818,53.29175],[-2.49801,53.28991],[-2.49565,53.29049],[-2.4878,53.29104],[-2.47887,53.28977],[-2.47822,53.2895],[-2.47936,53.28597],[-2.47998,53.28535],[-2.48117,53.28524],[-2.48103,53.28394],[-2.48234,53.2817],[-2.48332,53.28041],[-2.48304,53.28012],[-2.48398,53.2794],[-2.48787,53.27741],[-2.49133,53.27443],[-2.49718,53.27143],[-2.50451,53.26988],[-2.50614,53.27016],[-2.50625,53.27316],[-2.50557,53.27424],[-2.50466,53.27446],[-2.50571,53.27477],[-2.50423,53.27481],[-2.50366,53.27539],[-2.50346,53.27641],[-2.50396,53.27757],[-2.5068,53.27962],[-2.50905,53.27996],[-2.51021,53.28216],[-2.51229,53.28332],[-2.51394,53.2836],[-2.51527,53.28438],[-2.51539,53.28503],[-2.51596,53.28534],[-2.51625,53.2875],[-2.51938,53.28717],[-2.52439,53.28583],[-2.52479,53.28849],[-2.52451,53.28926],[-2.52602,53.28951],[-2.52674,53.29035],[-2.52732,53.28995],[-2.52829,53.29064],[-2.52911,53.29038],[-2.53006,53.29097],[-2.52978,53.29201],[-2.52837,53.29258],[-2.52872,53.29329],[-2.52929,53.29342],[-2.52928,53.29398],[-2.52865,53.29488],[-2.52738,53.29557],[-2.52722,53.29659],[-2.52958,53.29759],[-2.53306,53.29784],[-2.53584,53.29844],[-2.53764,53.29919],[-2.53885,53.29993],[-2.54277,53.30104],[-2.54389,53.30182],[-2.54685,53.30258],[-2.54742,53.30193],[-2.54716,53.30071],[-2.55035,53.29743],[-2.55154,53.29833],[-2.55196,53.29749],[-2.55364,53.29851],[-2.5552,53.29855],[-2.55786,53.29512],[-2.55857,53.29513],[-2.56054,53.29621],[-2.56295,53.29691],[-2.56594,53.29694],[-2.56636,53.29752],[-2.56808,53.29683],[-2.57023,53.29729],[-2.57424,53.29737],[-2.57634,53.29781],[-2.57679,53.29648],[-2.57767,53.2966],[-2.57774,53.29628],[-2.57835,53.29616],[-2.58339,53.29833],[-2.58838,53.2989],[-2.5877,53.29945],[-2.58897,53.30089],[-2.59087,53.30137],[-2.59224,53.30137],[-2.59214,53.30166],[-2.59298,53.30184],[-2.59292,53.30234],[-2.59349,53.30221],[-2.59444,53.30252],[-2.59428,53.30281],[-2.59507,53.30286],[-2.59509,53.30324],[-2.59564,53.30306],[-2.59605,53.30328],[-2.59603,53.30354],[-2.59536,53.30352],[-2.596,53.30391],[-2.5958,53.30417],[-2.59635,53.30424],[-2.59583,53.30463],[-2.59634,53.30559],[-2.59712,53.30579],[-2.59668,53.3059],[-2.59739,53.3064],[-2.59717,53.30674],[-2.59831,53.30711],[-2.59821,53.30791],[-2.59908,53.30781],[-2.60058,53.30834],[-2.60007,53.30859],[-2.60062,53.30864],[-2.60035,53.30875],[-2.60108,53.30911],[-2.60129,53.30972],[-2.60184,53.30977],[-2.60215,53.30945],[-2.60284,53.30992],[-2.6053,53.30991],[-2.60558,53.31032],[-2.60615,53.31028],[-2.60696,53.31094],[-2.60756,53.31092],[-2.60835,53.31164],[-2.60899,53.31156],[-2.60942,53.31212],[-2.60904,53.3121],[-2.60914,53.31268],[-2.608,53.31386],[-2.60652,53.31403],[-2.60641,53.31483],[-2.60472,53.31552],[-2.60357,53.31797],[-2.60236,53.3185],[-2.59937,53.31868],[-2.59876,53.31907],[-2.59674,53.31938],[-2.59525,53.32016],[-2.59522,53.32245],[-2.5926,53.32244],[-2.59274,53.32474],[-2.59008,53.32589],[-2.5885,53.32595],[-2.58811,53.32648],[-2.58833,53.32743],[-2.58635,53.32874],[-2.58629,53.3294],[-2.58135,53.32828],[-2.58023,53.32861],[-2.57958,53.32784],[-2.57865,53.32763],[-2.57894,53.32706],[-2.57836,53.32602],[-2.57682,53.32612],[-2.5754,53.32568],[-2.56924,53.32524],[-2.5676,53.32533],[-2.56643,53.32416],[-2.56309,53.32308],[-2.56025,53.32389],[-2.55884,53.32571],[-2.55737,53.32611],[-2.55383,53.32873],[-2.55166,53.33237],[-2.54828,53.33103],[-2.54453,53.33053],[-2.54307,53.33236],[-2.54114,53.33348],[-2.53945,53.33639],[-2.53827,53.33592],[-2.51839,53.34239],[-2.51599,53.34277],[-2.51408,53.3427],[-2.51243,53.34212],[-2.50845,53.34299],[-2.50333,53.34216],[-2.50105,53.34365],[-2.49826,53.34458],[-2.49662,53.34474],[-2.49397,53.3433]]]}},{"type":"Feature","properties":{"id":"E01018722","name":"E01018722","parent":"E06000050","type":"LSOA","pop":2658,"r":6,"ff":2,"ffd":75.2,"ffs":0.4,"g":1,"co":3,"mo":3,"sa":3,"ic":3},"geometry":{"type":"Polygon","coordinates":[[[-2.42805,53.26139],[-2.42742,53.26117],[-2.42717,53.26153],[-2.42379,53.26061],[-2.42302,53.25995],[-2.41712,53.26476],[-2.4164,53.2645],[-2.41591,53.26501],[-2.41481,53.26459],[-2.41445,53.26508],[-2.41501,53.26545],[-2.41445,53.26602],[-2.41496,53.2669],[-2.41401,53.26695],[-2.41455,53.26827],[-2.41418,53.26807],[-2.41375,53.2683],[-2.41347,53.26798],[-2.41275,53.26812],[-2.41288,53.26785],[-2.41248,53.26776],[-2.41161,53.26822],[-2.41035,53.26811],[-2.40892,53.26839],[-2.40765,53.26716],[-2.40663,53.26738],[-2.40634,53.26692],[-2.4048,53.2671],[-2.40353,53.26682],[-2.40307,53.26663],[-2.40332,53.26621],[-2.40234,53.26621],[-2.39998,53.2653],[-2.3996,53.26579],[-2.399,53.26565],[-2.39722,53.2661],[-2.39669,53.26686],[-2.3959,53.26639],[-2.3954,53.26647],[-2.39566,53.26666],[-2.39408,53.26679],[-2.3914,53.26536],[-2.39174,53.26457],[-2.39112,53.2643],[-2.39033,53.26413],[-2.38938,53.26506],[-2.38793,53.26467],[-2.38824,53.26232],[-2.38891,53.2624],[-2.38921,53.26217],[-2.38826,53.2617],[-2.38823,53.26125],[-2.38629,53.26095],[-2.38583,53.2618],[-2.38558,53.26274],[-2.3874,53.26258],[-2.3874,53.2636],[-2.38686,53.26404],[-2.38585,53.26374],[-2.38525,53.26399],[-2.38497,53.26338],[-2.38406,53.26284],[-2.38322,53.26294],[-2.38336,53.26266],[-2.38293,53.26254],[-2.37928,53.26306],[-2.37899,53.26338],[-2.3792,53.26058],[-2.38179,53.25895],[-2.38128,53.25867],[-2.38154,53.25784],[-2.38058,53.25686],[-2.37971,53.25647],[-2.37939,53.25665],[-2.37867,53.25603],[-2.37723,53.25604],[-2.3772,53.2556],[-2.3758,53.2558],[-2.37553,53.25533],[-2.37422,53.25526],[-2.37404,53.25489],[-2.37468,53.25475],[-2.3744,53.25451],[-2.3735,53.25471],[-2.37261,53.25431],[-2.37219,53.25451],[-2.37142,53.25433],[-2.37107,53.25458],[-2.37093,53.25436],[-2.37036,53.25442],[-2.37002,53.2534],[-2.36902,53.25339],[-2.36879,53.25276],[-2.36803,53.25272],[-2.36807,53.25231],[-2.36724,53.25209],[-2.36726,53.25112],[-2.36675,53.25085],[-2.36623,53.25111],[-2.36463,53.25058],[-2.36509,53.24987],[-2.36461,53.24924],[-2.36508,53.24904],[-2.36411,53.24849],[-2.36248,53.24855],[-2.36149,53.24903],[-2.36063,53.24883],[-2.36038,53.2492],[-2.35944,53.24882],[-2.35924,53.24918],[-2.3576,53.24936],[-2.35711,53.24917],[-2.3565,53.24941],[-2.35588,53.24876],[-2.35424,53.2492],[-2.35418,53.24866],[-2.35309,53.24833],[-2.35173,53.24862],[-2.35112,53.24839],[-2.35096,53.24885],[-2.34907,53.24901],[-2.34901,53.24867],[-2.35079,53.24588],[-2.35015,53.2436],[-2.34635,53.24094],[-2.35265,53.23695],[-2.35339,53.23691],[-2.35371,53.23597],[-2.35911,53.23332],[-2.35951,53.23058],[-2.36116,53.2284],[-2.36146,53.22707],[-2.36383,53.22364],[-2.36796,53.22332],[-2.37765,53.22709],[-2.38091,53.22779],[-2.38672,53.23073],[-2.39632,53.23433],[-2.39872,53.23205],[-2.39689,53.23116],[-2.39698,53.23069],[-2.39887,53.22827],[-2.40248,53.22969],[-2.40282,53.2293],[-2.40101,53.22834],[-2.40148,53.22788],[-2.39906,53.22673],[-2.39926,53.22583],[-2.39789,53.22518],[-2.39897,53.22402],[-2.39962,53.224],[-2.40112,53.22172],[-2.40308,53.22115],[-2.407,53.22131],[-2.40803,53.22092],[-2.40987,53.22104],[-2.41073,53.22075],[-2.4129,53.22116],[-2.41369,53.2199],[-2.41359,53.21933],[-2.41418,53.2193],[-2.41232,53.21258],[-2.40917,53.21271],[-2.40857,53.20961],[-2.41012,53.20569],[-2.40629,53.20399],[-2.40364,53.2042],[-2.4029,53.20338],[-2.40089,53.20328],[-2.39949,53.20389],[-2.3985,53.20527],[-2.39686,53.20489],[-2.39593,53.20606],[-2.39472,53.20576],[-2.39356,53.20494],[-2.393,53.20319],[-2.39237,53.20278],[-2.39206,53.20038],[-2.39052,53.1981],[-2.38986,53.19609],[-2.38735,53.19609],[-2.38683,53.19683],[-2.38449,53.19659],[-2.38443,53.19687],[-2.38287,53.19653],[-2.3823,53.19676],[-2.38193,53.19624],[-2.37955,53.19644],[-2.37725,53.19576],[-2.37638,53.19595],[-2.37457,53.19555],[-2.37256,53.19555],[-2.37268,53.19423],[-2.37191,53.19267],[-2.37243,53.19238],[-2.37115,53.19044],[-2.37334,53.18946],[-2.37463,53.18944],[-2.37607,53.18891],[-2.37686,53.18727],[-2.37287,53.18644],[-2.37383,53.18544],[-2.37349,53.1851],[-2.37137,53.18467],[-2.37015,53.18372],[-2.36915,53.18353],[-2.36873,53.18293],[-2.37217,53.1789],[-2.37372,53.17877],[-2.37473,53.17655],[-2.37779,53.17379],[-2.37681,53.17327],[-2.37832,53.17201],[-2.38359,53.17365],[-2.38469,53.17454],[-2.38739,53.17572],[-2.3885,53.17682],[-2.38944,53.17722],[-2.38998,53.17804],[-2.39125,53.17832],[-2.39221,53.17987],[-2.39329,53.17989],[-2.39619,53.17883],[-2.39797,53.17723],[-2.39879,53.1747],[-2.39922,53.17448],[-2.39794,53.1723],[-2.40658,53.17414],[-2.40556,53.17478],[-2.41036,53.17811],[-2.41275,53.18091],[-2.41282,53.18384],[-2.41375,53.18394],[-2.41532,53.18665],[-2.41747,53.18894],[-2.42074,53.19025],[-2.42182,53.19115],[-2.42704,53.193],[-2.42581,53.19387],[-2.42639,53.19504],[-2.42894,53.19496],[-2.4294,53.19658],[-2.43065,53.19801],[-2.43447,53.19672],[-2.43534,53.19784],[-2.43672,53.19745],[-2.43784,53.19824],[-2.4386,53.20015],[-2.4401,53.19978],[-2.44095,53.20046],[-2.44289,53.20133],[-2.44592,53.2012],[-2.4479,53.19995],[-2.45107,53.19935],[-2.45267,53.20054],[-2.45422,53.20077],[-2.45432,53.20167],[-2.45564,53.20182],[-2.45609,53.20253],[-2.45663,53.20257],[-2.45674,53.20195],[-2.45796,53.20148],[-2.45975,53.20148],[-2.4604,53.2],[-2.46025,53.19908],[-2.4608,53.19898],[-2.46258,53.19945],[-2.4642,53.20132],[-2.46412,53.20182],[-2.46316,53.20227],[-2.4644,53.20374],[-2.46853,53.20407],[-2.46878,53.20425],[-2.46724,53.20631],[-2.46946,53.20739],[-2.47096,53.2072],[-2.47147,53.20828],[-2.47298,53.20804],[-2.47395,53.20891],[-2.47559,53.20895],[-2.47505,53.20963],[-2.47397,53.2099],[-2.47403,53.21054],[-2.47304,53.2113],[-2.47311,53.21157],[-2.4742,53.21188],[-2.47401,53.21244],[-2.47179,53.2129],[-2.471,53.21179],[-2.47049,53.21185],[-2.46917,53.21319],[-2.46722,53.21395],[-2.46345,53.2147],[-2.46054,53.21616],[-2.45998,53.21684],[-2.46479,53.22309],[-2.46396,53.22331],[-2.46352,53.22302],[-2.4621,53.22333],[-2.4614,53.22394],[-2.45887,53.2242],[-2.47321,53.25035],[-2.46964,53.25125],[-2.46808,53.25202],[-2.46403,53.25567],[-2.46545,53.25593],[-2.46545,53.25652],[-2.46848,53.2586],[-2.46946,53.25803],[-2.47462,53.26094],[-2.47472,53.26072],[-2.47563,53.26103],[-2.47461,53.26247],[-2.47352,53.26697],[-2.46705,53.26763],[-2.44006,53.26931],[-2.43546,53.26933],[-2.43373,53.26864],[-2.43162,53.26595],[-2.42982,53.26495],[-2.42843,53.26461],[-2.42642,53.26326],[-2.42805,53.26139]]]}},{"type":"Feature","properties":{"id":"E01018723","name":"E01018723","parent":"E06000050","type":"LSOA","pop":1561,"r":1,"ff":1,"ffd":64.1,"ffs":1.0,"g":0,"co":1,"mo":3,"sa":3,"ic":1},"geometry":{"type":"Polygon","coordinates":[[[-2.66614,53.16894],[-2.66568,53.16802],[-2.66288,53.16816],[-2.66166,53.16862],[-2.65939,53.16694],[-2.65701,53.16704],[-2.65679,53.15845],[-2.65767,53.15858],[-2.65826,53.16312],[-2.65864,53.16462],[-2.6596,53.1659],[-2.66144,53.16653],[-2.66202,53.16549],[-2.66447,53.16594],[-2.66616,53.16529],[-2.66766,53.16336],[-2.66765,53.16207],[-2.66888,53.16205],[-2.669,53.16137],[-2.66963,53.16109],[-2.66946,53.1605],[-2.67189,53.15991],[-2.66909,53.15943],[-2.6692,53.15905],[-2.67044,53.15846],[-2.67344,53.15968],[-2.67252,53.15634],[-2.67092,53.15632],[-2.67007,53.15665],[-2.66761,53.15616],[-2.66723,53.15661],[-2.66746,53.15741],[-2.66613,53.15704],[-2.66488,53.15728],[-2.66447,53.15662],[-2.66518,53.15653],[-2.66536,53.15618],[-2.6649,53.15604],[-2.66364,53.15646],[-2.6631,53.15557],[-2.66125,53.15598],[-2.66029,53.15661],[-2.65841,53.15623],[-2.65985,53.15542],[-2.6596,53.15522],[-2.66023,53.1548],[-2.66115,53.15532],[-2.66396,53.15478],[-2.66379,53.15449],[-2.66477,53.15435],[-2.66502,53.15388],[-2.66621,53.15399],[-2.66377,53.15113],[-2.66473,53.14992],[-2.66672,53.14997],[-2.66764,53.14922],[-2.66924,53.14892],[-2.6716,53.1503],[-2.67228,53.15115],[-2.67298,53.1513],[-2.67662,53.15102],[-2.67908,53.15147],[-2.6807,53.15107],[-2.6812,53.15193],[-2.68319,53.15227],[-2.68436,53.15181],[-2.68677,53.15206],[-2.6905,53.1515],[-2.69363,53.15259],[-2.69359,53.15394],[-2.69418,53.15488],[-2.69494,53.15721],[-2.69451,53.15855],[-2.69097,53.15868],[-2.69061,53.16095],[-2.68951,53.16257],[-2.69007,53.16538],[-2.69342,53.16542],[-2.69348,53.1679],[-2.69163,53.168],[-2.68716,53.16738],[-2.68502,53.16746],[-2.68501,53.167],[-2.68218,53.16758],[-2.68088,53.1676],[-2.68096,53.1673],[-2.67371,53.16812],[-2.67281,53.16755],[-2.67118,53.16819],[-2.67099,53.16911],[-2.66614,53.16894]]]}},{"type":"Feature","properties":{"id":"E01018724","name":"E01018724","parent":"E06000050","type":"LSOA","pop":1753,"r":1,"ff":1,"ffd":57.0,"ffs":1.0,"g":0,"co":1,"mo":3,"sa":3,"ic":1},"geometry":{"type":"Polygon","coordinates":[[[-2.6596,53.1659],[-2.65864,53.16462],[-2.65826,53.16312],[-2.65767,53.15858],[-2.65679,53.15845],[-2.65508,53.15728],[-2.65352,53.15558],[-2.65472,53.15502],[-2.65203,53.15364],[-2.64812,53.15225],[-2.64746,53.15141],[-2.64527,53.15014],[-2.64791,53.14957],[-2.64848,53.14876],[-2.64971,53.14858],[-2.65245,53.14703],[-2.65637,53.14627],[-2.65746,53.14651],[-2.65761,53.14702],[-2.65837,53.14735],[-2.66075,53.14775],[-2.6627,53.14927],[-2.66473,53.14992],[-2.66377,53.15113],[-2.66621,53.15399],[-2.66502,53.15388],[-2.66477,53.15435],[-2.66379,53.15449],[-2.66396,53.15478],[-2.66115,53.15532],[-2.66023,53.1548],[-2.6596,53.15522],[-2.65985,53.15542],[-2.65841,53.15623],[-2.66029,53.15661],[-2.66125,53.15598],[-2.6631,53.15557],[-2.66364,53.15646],[-2.6649,53.15604],[-2.66536,53.15618],[-2.66518,53.15653],[-2.66447,53.15662],[-2.66488,53.15728],[-2.66613,53.15704],[-2.66746,53.15741],[-2.66723,53.15661],[-2.66761,53.15616],[-2.67007,53.15665],[-2.67092,53.15632],[-2.67252,53.15634],[-2.67344,53.15968],[-2.67044,53.15846],[-2.6692,53.15905],[-2.66909,53.15943],[-2.67189,53.15991],[-2.66946,53.1605],[-2.66963,53.16109],[-2.669,53.16137],[-2.66888,53.16205],[-2.66765,53.16207],[-2.66766,53.16336],[-2.66616,53.16529],[-2.66447,53.16594],[-2.66202,53.16549],[-2.66144,53.16653],[-2.6596,53.1659]]]}},{"type":"Feature","properties":{"id":"E01018725","name":"E01018725","parent":"E06000050","type":"LSOA","pop":1467,"r":1,"ff":1,"ffd":68.2,"ffs":1.0,"g":0,"co":3,"mo":3,"sa":3,"ic":3},"geometry":{"type":"Polygon","coordinates":[[[-2.62342,53.20631],[-2.61335,53.20396],[-2.61198,53.204],[-2.60547,53.20043],[-2.60217,53.1997],[-2.60025,53.20032],[-2.59791,53.20035],[-2.59568,53.20096],[-2.5947,53.20087],[-2.58936,53.19921],[-2.58714,53.19964],[-2.58435,53.19935],[-2.57992,53.19697],[-2.57933,53.19574],[-2.58021,53.19515],[-2.57879,53.19354],[-2.57814,53.1933],[-2.57819,53.19295],[-2.57658,53.19263],[-2.57603,53.1916],[-2.57634,53.19053],[-2.57668,53.19058],[-2.57632,53.19],[-2.57673,53.18896],[-2.57455,53.18813],[-2.57423,53.18763],[-2.57529,53.18586],[-2.57352,53.18281],[-2.57078,53.18174],[-2.56887,53.18013],[-2.56857,53.17881],[-2.56923,53.17824],[-2.56924,53.17739],[-2.56733,53.17684],[-2.56642,53.17554],[-2.56519,53.17527],[-2.56503,53.17488],[-2.56365,53.17493],[-2.56225,53.17454],[-2.56215,53.17402],[-2.56054,53.1732],[-2.55975,53.17383],[-2.55928,53.17506],[-2.55949,53.17691],[-2.55838,53.17895],[-2.55462,53.18146],[-2.54995,53.1794],[-2.54943,53.17901],[-2.54538,53.18016],[-2.54348,53.18117],[-2.53724,53.17774],[-2.53929,53.17629],[-2.538,53.17527],[-2.53616,53.17444],[-2.53717,53.17374],[-2.53714,53.17321],[-2.53583,53.17256],[-2.53559,53.17292],[-2.53323,53.17268],[-2.53326,53.17209],[-2.52967,53.17235],[-2.52921,53.1716],[-2.53185,53.17115],[-2.53071,53.16885],[-2.52344,53.16988],[-2.52202,53.16968],[-2.5188,53.1718],[-2.51958,53.17318],[-2.51841,53.17348],[-2.51736,53.17417],[-2.51596,53.1769],[-2.51758,53.18014],[-2.51626,53.18173],[-2.51249,53.18171],[-2.51139,53.18345],[-2.50764,53.18206],[-2.50479,53.18201],[-2.50475,53.18166],[-2.50612,53.18104],[-2.50561,53.18071],[-2.50351,53.18123],[-2.50291,53.18057],[-2.5032,53.18001],[-2.50193,53.17966],[-2.50015,53.17884],[-2.50051,53.1782],[-2.50012,53.17767],[-2.49971,53.17758],[-2.49925,53.17806],[-2.49849,53.17801],[-2.49909,53.17763],[-2.49638,53.17678],[-2.49485,53.17528],[-2.49321,53.1758],[-2.49175,53.17541],[-2.49132,53.17488],[-2.48899,53.17423],[-2.48737,53.17241],[-2.48719,53.17148],[-2.48844,53.17125],[-2.48915,53.16942],[-2.49048,53.1698],[-2.49125,53.16927],[-2.49307,53.16884],[-2.49257,53.16782],[-2.49485,53.16617],[-2.49619,53.16428],[-2.4967,53.16403],[-2.49815,53.1642],[-2.49922,53.16368],[-2.4997,53.16413],[-2.50059,53.16369],[-2.50107,53.16385],[-2.50107,53.16351],[-2.50174,53.16357],[-2.50118,53.16316],[-2.50147,53.16203],[-2.50086,53.16169],[-2.50164,53.16039],[-2.50298,53.15965],[-2.50421,53.16003],[-2.50566,53.15968],[-2.50612,53.15897],[-2.50652,53.15922],[-2.50761,53.15894],[-2.50774,53.15941],[-2.50936,53.15948],[-2.5101,53.15919],[-2.51082,53.15945],[-2.51247,53.15876],[-2.51198,53.15834],[-2.51241,53.15803],[-2.51337,53.15801],[-2.51433,53.15893],[-2.51684,53.15898],[-2.51711,53.15956],[-2.51827,53.16013],[-2.51997,53.16007],[-2.52064,53.1604],[-2.52122,53.15967],[-2.52301,53.15913],[-2.52258,53.156],[-2.52284,53.15535],[-2.52424,53.15422],[-2.52735,53.1527],[-2.53276,53.1522],[-2.54269,53.14972],[-2.54754,53.15119],[-2.55061,53.15304],[-2.55369,53.15565],[-2.55394,53.15715],[-2.55558,53.15778],[-2.5585,53.15962],[-2.55717,53.16044],[-2.56159,53.16266],[-2.56284,53.16265],[-2.565,53.16206],[-2.56657,53.16228],[-2.56676,53.16261],[-2.5682,53.16246],[-2.57255,53.16349],[-2.57425,53.16145],[-2.57667,53.16198],[-2.57885,53.16007],[-2.58079,53.15936],[-2.58034,53.15914],[-2.58098,53.15804],[-2.58286,53.15773],[-2.58359,53.15554],[-2.58616,53.1565],[-2.58674,53.15732],[-2.59164,53.15724],[-2.59334,53.15823],[-2.59651,53.15887],[-2.59749,53.1552],[-2.59579,53.15272],[-2.59341,53.15085],[-2.59225,53.14903],[-2.5888,53.14658],[-2.58972,53.14633],[-2.58994,53.14587],[-2.59071,53.14599],[-2.59053,53.14561],[-2.59097,53.14539],[-2.59064,53.1451],[-2.59236,53.1445],[-2.5926,53.145],[-2.59432,53.14453],[-2.59605,53.14485],[-2.59686,53.14472],[-2.59722,53.14542],[-2.59776,53.14545],[-2.59867,53.14619],[-2.60014,53.14652],[-2.60311,53.14572],[-2.60365,53.14509],[-2.60447,53.14515],[-2.60572,53.14584],[-2.60609,53.14685],[-2.60777,53.14803],[-2.6079,53.14858],[-2.60832,53.14865],[-2.60795,53.1488],[-2.60819,53.14913],[-2.6088,53.14917],[-2.60947,53.14997],[-2.61178,53.15056],[-2.61288,53.15033],[-2.61431,53.1507],[-2.6168,53.15015],[-2.61921,53.15016],[-2.62035,53.15027],[-2.62105,53.15116],[-2.62239,53.15136],[-2.62279,53.15115],[-2.62334,53.15141],[-2.62523,53.15081],[-2.62653,53.14997],[-2.62983,53.15031],[-2.63188,53.14994],[-2.63553,53.15078],[-2.63767,53.15064],[-2.64056,53.15117],[-2.64237,53.15068],[-2.6435,53.15081],[-2.64527,53.15014],[-2.64746,53.15141],[-2.64812,53.15225],[-2.65203,53.15364],[-2.65472,53.15502],[-2.65352,53.15558],[-2.65508,53.15728],[-2.65679,53.15845],[-2.65701,53.16704],[-2.65939,53.16694],[-2.66166,53.16862],[-2.66087,53.1693],[-2.66087,53.17006],[-2.65884,53.16965],[-2.65799,53.16974],[-2.6575,53.17031],[-2.657,53.17022],[-2.65544,53.17417],[-2.64931,53.17517],[-2.6467,53.17888],[-2.64498,53.18001],[-2.64383,53.17939],[-2.64292,53.17954],[-2.6401,53.17925],[-2.63955,53.17959],[-2.63897,53.18073],[-2.64076,53.181],[-2.64043,53.18159],[-2.64074,53.1822],[-2.63953,53.18294],[-2.6387,53.18403],[-2.63741,53.18484],[-2.6364,53.18498],[-2.63524,53.18593],[-2.63663,53.18614],[-2.63889,53.18571],[-2.64089,53.18653],[-2.64072,53.18799],[-2.62534,53.20676],[-2.62342,53.20631]]]}},{"type":"Feature","properties":{"id":"E01018726","name":"E01018726","parent":"E06000050","type":"LSOA","pop":1487,"r":60,"ff":18,"ffd":1210.5,"ffs":0.5455,"g":26,"co":0,"mo":2,"sa":0,"ic":0},"geometry":{"type":"Polygon","coordinates":[[[-2.55912,53.26755],[-2.56,53.26666],[-2.5604,53.26525],[-2.56196,53.26432],[-2.5643,53.26376],[-2.56521,53.2639],[-2.56625,53.26307],[-2.56716,53.26303],[-2.5674,53.26277],[-2.56753,53.26244],[-2.56632,53.26212],[-2.5665,53.26194],[-2.56738,53.26167],[-2.56867,53.26173],[-2.56863,53.2614],[-2.57057,53.26075],[-2.57031,53.26195],[-2.57135,53.26225],[-2.57316,53.2618],[-2.5737,53.26227],[-2.57335,53.26264],[-2.57431,53.2629],[-2.57465,53.26262],[-2.57538,53.26398],[-2.57643,53.26412],[-2.57647,53.2637],[-2.57782,53.26355],[-2.57814,53.2639],[-2.57861,53.26375],[-2.58006,53.26436],[-2.58097,53.26508],[-2.58169,53.26495],[-2.58216,53.26528],[-2.58215,53.26571],[-2.58309,53.26611],[-2.57991,53.26778],[-2.57859,53.26927],[-2.57738,53.26835],[-2.57384,53.26683],[-2.57119,53.26668],[-2.56649,53.26833],[-2.56187,53.271],[-2.56057,53.27089],[-2.55985,53.27041],[-2.55983,53.26879],[-2.55912,53.26755]]]}},{"type":"Feature","properties":{"id":"E01018727","name":"E01018727","parent":"E06000050","type":"LSOA","pop":1726,"r":60,"ff":17,"ffd":984.9,"ffs":0.5152,"g":26,"co":2,"mo":2,"sa":0,"ic":0},"geometry":{"type":"Polygon","coordinates":[[[-2.57644,53.27302],[-2.57303,53.27201],[-2.5697,53.2716],[-2.56462,53.27203],[-2.56187,53.271],[-2.56649,53.26833],[-2.57119,53.26668],[-2.57384,53.26683],[-2.57738,53.26835],[-2.57859,53.26927],[-2.57991,53.26778],[-2.58309,53.26611],[-2.58215,53.26571],[-2.58216,53.26528],[-2.58169,53.26495],[-2.58097,53.26508],[-2.58006,53.26436],[-2.57861,53.26375],[-2.57814,53.2639],[-2.57782,53.26355],[-2.57647,53.2637],[-2.57643,53.26412],[-2.57538,53.26398],[-2.57465,53.26262],[-2.57431,53.2629],[-2.57335,53.26264],[-2.5737,53.26227],[-2.57316,53.2618],[-2.57315,53.26129],[-2.57229,53.26125],[-2.57218,53.2608],[-2.57345,53.26094],[-2.57402,53.2601],[-2.57743,53.2613],[-2.5784,53.26001],[-2.58028,53.26084],[-2.58202,53.26119],[-2.58147,53.26032],[-2.58281,53.25967],[-2.58352,53.25764],[-2.58239,53.25689],[-2.58128,53.25655],[-2.5812,53.25673],[-2.58023,53.25619],[-2.58108,53.25549],[-2.57113,53.2505],[-2.57204,53.24786],[-2.57083,53.24527],[-2.57179,53.24511],[-2.57141,53.24448],[-2.57051,53.2445],[-2.56991,53.24099],[-2.57086,53.24055],[-2.57044,53.24009],[-2.56987,53.24017],[-2.56989,53.23907],[-2.57163,53.23846],[-2.57305,53.23943],[-2.57375,53.23902],[-2.57297,53.23821],[-2.57334,53.23794],[-2.57132,53.23746],[-2.56963,53.23864],[-2.56896,53.23871],[-2.56787,53.23712],[-2.57548,53.23571],[-2.57385,53.23391],[-2.57455,53.23364],[-2.57579,53.23554],[-2.57816,53.23706],[-2.57511,53.23912],[-2.57585,53.23989],[-2.57566,53.24029],[-2.57737,53.24024],[-2.57657,53.24182],[-2.57811,53.24433],[-2.58421,53.24333],[-2.59288,53.24125],[-2.59423,53.24436],[-2.59799,53.25116],[-2.6029,53.25241],[-2.60415,53.25229],[-2.60443,53.25255],[-2.60389,53.25273],[-2.604,53.25315],[-2.60312,53.25358],[-2.60538,53.25595],[-2.60497,53.25646],[-2.60598,53.25732],[-2.6054,53.25786],[-2.6062,53.25823],[-2.60544,53.25855],[-2.60599,53.25941],[-2.60534,53.25975],[-2.60717,53.26248],[-2.60641,53.26245],[-2.60553,53.26335],[-2.60112,53.2627],[-2.59777,53.26272],[-2.59758,53.26247],[-2.59165,53.26246],[-2.59142,53.26629],[-2.59251,53.26766],[-2.59276,53.26961],[-2.59125,53.27093],[-2.59158,53.27179],[-2.58827,53.27139],[-2.58097,53.27295],[-2.57894,53.27278],[-2.57644,53.27302]]]}},{"type":"Feature","properties":{"id":"E01018728","name":"E01018728","parent":"E06000050","type":"LSOA","pop":1671,"r":65,"ff":20,"ffd":1196.9,"ffs":0.5556,"g":28,"co":0,"mo":2,"sa":0,"ic":0},"geometry":{"type":"Polygon","coordinates":[[[-2.56398,53.26233],[-2.56326,53.26228],[-2.56162,53.26286],[-2.56076,53.26273],[-2.5579,53.26027],[-2.55706,53.26004],[-2.55721,53.25939],[-2.55836,53.25928],[-2.55495,53.258],[-2.546,53.25635],[-2.54291,53.25666],[-2.54273,53.25598],[-2.54472,53.25572],[-2.54584,53.25583],[-2.54769,53.25531],[-2.54911,53.25526],[-2.55539,53.25612],[-2.55718,53.25609],[-2.55903,53.25585],[-2.56439,53.25195],[-2.56597,53.25136],[-2.56825,53.25101],[-2.57089,53.25125],[-2.57259,53.25204],[-2.56813,53.25461],[-2.56757,53.25458],[-2.56718,53.2557],[-2.56773,53.25603],[-2.56658,53.25641],[-2.5671,53.25682],[-2.56795,53.25665],[-2.56841,53.25806],[-2.56936,53.25793],[-2.56934,53.25829],[-2.57022,53.25881],[-2.57402,53.2601],[-2.57345,53.26094],[-2.57218,53.2608],[-2.57229,53.26125],[-2.57315,53.26129],[-2.57316,53.2618],[-2.57135,53.26225],[-2.57031,53.26195],[-2.57057,53.26075],[-2.56863,53.2614],[-2.56867,53.26173],[-2.56738,53.26167],[-2.5665,53.26194],[-2.56632,53.26212],[-2.56753,53.26244],[-2.5674,53.26277],[-2.56716,53.26303],[-2.56625,53.26307],[-2.56521,53.2639],[-2.5643,53.26376],[-2.56398,53.26233]]]}},{"type":"Feature","properties":{"id":"E01018729","name":"E01018729","parent":"E06000050","type":"LSOA","pop":1719,"r":63,"ff":19,"ffd":1105.3,"ffs":0.5429,"g":27,"co":0,"mo":2,"sa":0,"ic":0},"geometry":{"type":"Polygon","coordinates":[[[-2.57402,53.2601],[-2.57022,53.25881],[-2.56934,53.25829],[-2.56936,53.25793],[-2.56841,53.25806],[-2.56795,53.25665],[-2.5671,53.25682],[-2.56658,53.25641],[-2.56773,53.25603],[-2.56718,53.2557],[-2.56757,53.25458],[-2.56813,53.25461],[-2.57259,53.25204],[-2.57089,53.25125],[-2.57113,53.2505],[-2.58108,53.25549],[-2.58023,53.25619],[-2.5812,53.25673],[-2.58128,53.25655],[-2.58239,53.25689],[-2.58352,53.25764],[-2.58281,53.25967],[-2.58147,53.26032],[-2.58202,53.26119],[-2.58028,53.26084],[-2.5784,53.26001],[-2.57743,53.2613],[-2.57402,53.2601]]]}},{"type":"Feature","properties":{"id":"E01018730","name":"E01018730","parent":"E06000050","type":"LSOA","pop":1453,"r":53,"ff":12,"ffd":825.9,"ffs":0.5,"g":28,"co":0,"mo":0,"sa":2,"ic":0},"geometry":{"type":"Polygon","coordinates":[[[-2.53341,53.18844],[-2.5329,53.18815],[-2.53223,53.18826],[-2.5323,53.18779],[-2.5317,53.18787],[-2.53119,53.18745],[-2.5304,53.18743],[-2.53023,53.18792],[-2.52969,53.18796],[-2.52975,53.18765],[-2.52903,53.18737],[-2.52697,53.18751],[-2.52635,53.18683],[-2.52666,53.18661],[-2.52712,53.18717],[-2.52778,53.18712],[-2.52749,53.18595],[-2.52815,53.18558],[-2.52736,53.18543],[-2.52766,53.18522],[-2.5273,53.185],[-2.52961,53.18357],[-2.52909,53.18349],[-2.53078,53.1821],[-2.53045,53.18192],[-2.53074,53.1817],[-2.53167,53.182],[-2.53204,53.18175],[-2.53689,53.18642],[-2.53564,53.18668],[-2.5354,53.18702],[-2.5346,53.18696],[-2.53446,53.1872],[-2.5348,53.18759],[-2.5351,53.18731],[-2.53621,53.18773],[-2.53431,53.18867],[-2.53333,53.18897],[-2.53293,53.18876],[-2.53341,53.18844]]]}},{"type":"Feature","properties":{"id":"E01018731","name":"E01018731","parent":"E06000050","type":"LSOA","pop":2198,"r":60,"ff":13,"ffd":591.4,"ffs":0.4333,"g":29,"co":0,"mo":0,"sa":2,"ic":0},"geometry":{"type":"Polygon","coordinates":[[[-2.51488,53.18848],[-2.51421,53.18643],[-2.51139,53.18345],[-2.51249,53.18171],[-2.51427,53.18161],[-2.51688,53.18491],[-2.5194,53.1848],[-2.51949,53.18507],[-2.52223,53.18457],[-2.5232,53.18577],[-2.52527,53.18472],[-2.52592,53.18512],[-2.52909,53.18349],[-2.52961,53.18357],[-2.5273,53.185],[-2.52766,53.18522],[-2.52736,53.18543],[-2.52815,53.18558],[-2.52749,53.18595],[-2.52778,53.18712],[-2.52712,53.18717],[-2.52666,53.18661],[-2.52635,53.18683],[-2.52697,53.18751],[-2.52903,53.18737],[-2.52975,53.18765],[-2.52969,53.18796],[-2.52736,53.18926],[-2.52747,53.19025],[-2.52553,53.19117],[-2.52595,53.19238],[-2.52206,53.19256],[-2.51726,53.1931],[-2.51719,53.19192],[-2.51816,53.19126],[-2.5181,53.19081],[-2.51488,53.18848]]]}},{"type":"Feature","properties":{"id":"E01018732","name":"E01018732","parent":"E06000050","type":"LSOA","pop":1364,"r":57,"ff":13,"ffd":953.1,"ffs":0.5,"g":30,"co":0,"mo":0,"sa":2,"ic":0},"geometry":{"type":"Polygon","coordinates":[[[-2.52736,53.18926],[-2.52969,53.18796],[-2.53023,53.18792],[-2.5304,53.18743],[-2.53119,53.18745],[-2.5317,53.18787],[-2.5323,53.18779],[-2.53223,53.18826],[-2.5329,53.18815],[-2.53341,53.18844],[-2.53293,53.18876],[-2.53333,53.18897],[-2.53621,53.18773],[-2.5351,53.18731],[-2.5348,53.18759],[-2.53446,53.1872],[-2.5346,53.18696],[-2.5354,53.18702],[-2.53564,53.18668],[-2.53689,53.18642],[-2.53759,53.18691],[-2.53838,53.18654],[-2.54084,53.18756],[-2.53964,53.18787],[-2.53886,53.18888],[-2.53983,53.18912],[-2.53982,53.18959],[-2.5345,53.1911],[-2.53137,53.19262],[-2.52943,53.19282],[-2.52595,53.19238],[-2.52553,53.19117],[-2.52747,53.19025],[-2.52736,53.18926]]]}},{"type":"Feature","properties":{"id":"E01018733","name":"E01018733","parent":"E06000050","type":"LSOA","pop":1444,"r":67,"ff":17,"ffd":1177.3,"ffs":0.4595,"g":29,"co":0,"mo":0,"sa":2,"ic":0},"geometry":{"type":"Polygon","coordinates":[[[-2.48237,53.19804],[-2.47987,53.19666],[-2.47849,53.19741],[-2.47735,53.19694],[-2.47732,53.19581],[-2.47907,53.19539],[-2.47854,53.19297],[-2.47711,53.19345],[-2.47377,53.1912],[-2.47161,53.18866],[-2.47308,53.18823],[-2.47138,53.18655],[-2.47441,53.18525],[-2.48023,53.17981],[-2.48311,53.17926],[-2.48452,53.17868],[-2.48416,53.17776],[-2.48504,53.17734],[-2.48867,53.177],[-2.48992,53.17609],[-2.49175,53.17541],[-2.49321,53.1758],[-2.49485,53.17528],[-2.49638,53.17678],[-2.49909,53.17763],[-2.49849,53.17801],[-2.49925,53.17806],[-2.49971,53.17758],[-2.50012,53.17767],[-2.50051,53.1782],[-2.50015,53.17884],[-2.50193,53.17966],[-2.50042,53.18335],[-2.49792,53.1855],[-2.49593,53.18637],[-2.49737,53.18826],[-2.49958,53.18878],[-2.50069,53.18853],[-2.50105,53.18898],[-2.5003,53.18909],[-2.50102,53.19026],[-2.50065,53.19037],[-2.50011,53.18988],[-2.49818,53.19064],[-2.49813,53.19082],[-2.49959,53.19092],[-2.49949,53.1913],[-2.49991,53.19167],[-2.49928,53.19215],[-2.49964,53.19198],[-2.49983,53.19235],[-2.50063,53.19211],[-2.50088,53.19286],[-2.50152,53.19279],[-2.50271,53.19405],[-2.50236,53.19422],[-2.50204,53.19401],[-2.49975,53.19482],[-2.5004,53.19525],[-2.50089,53.19512],[-2.50327,53.19564],[-2.50169,53.19655],[-2.50161,53.19758],[-2.50057,53.19762],[-2.49821,53.19497],[-2.4938,53.19614],[-2.49312,53.19523],[-2.48698,53.1968],[-2.48795,53.19831],[-2.48677,53.19852],[-2.48644,53.19775],[-2.48233,53.19862],[-2.48237,53.19804]]]}},{"type":"Feature","properties":{"id":"E01018734","name":"E01018734","parent":"E06000050","type":"LSOA","pop":1218,"r":67,"ff":17,"ffd":1395.7,"ffs":0.4595,"g":29,"co":0,"mo":0,"sa":2,"ic":0},"geometry":{"type":"Polygon","coordinates":[[[-2.50327,53.19564],[-2.50089,53.19512],[-2.5004,53.19525],[-2.49975,53.19482],[-2.50204,53.19401],[-2.50236,53.19422],[-2.50271,53.19405],[-2.50152,53.19279],[-2.50088,53.19286],[-2.50063,53.19211],[-2.49983,53.19235],[-2.49964,53.19198],[-2.49928,53.19215],[-2.49991,53.19167],[-2.50119,53.19171],[-2.50175,53.1914],[-2.50156,53.19113],[-2.50818,53.19031],[-2.50892,53.19098],[-2.51182,53.19172],[-2.51119,53.1921],[-2.50919,53.19249],[-2.50939,53.19279],[-2.50936,53.19417],[-2.5065,53.19458],[-2.50638,53.19418],[-2.50574,53.19431],[-2.50564,53.19492],[-2.50489,53.19499],[-2.50327,53.19564]]]}},{"type":"Feature","properties":{"id":"E01018735","name":"E01018735","parent":"E06000050","type":"LSOA","pop":1414,"r":68,"ff":17,"ffd":1202.3,"ffs":0.4595,"g":30,"co":0,"mo":0,"sa":2,"ic":0},"geometry":{"type":"Polygon","coordinates":[[[-2.51655,53.19181],[-2.5156,53.19047],[-2.51511,53.19064],[-2.5137,53.19021],[-2.51305,53.1904],[-2.51225,53.19021],[-2.51203,53.19076],[-2.51259,53.19165],[-2.51182,53.19172],[-2.50892,53.19098],[-2.50818,53.19031],[-2.50156,53.19113],[-2.50175,53.1914],[-2.50119,53.19171],[-2.49991,53.19167],[-2.49949,53.1913],[-2.49959,53.19092],[-2.49813,53.19082],[-2.49818,53.19064],[-2.50011,53.18988],[-2.50065,53.19037],[-2.50102,53.19026],[-2.5003,53.18909],[-2.50105,53.18898],[-2.50069,53.18853],[-2.49958,53.18878],[-2.49737,53.18826],[-2.49593,53.18637],[-2.49792,53.1855],[-2.50042,53.18335],[-2.50193,53.17966],[-2.5032,53.18001],[-2.50291,53.18057],[-2.50351,53.18123],[-2.50561,53.18071],[-2.50612,53.18104],[-2.50475,53.18166],[-2.50479,53.18201],[-2.50764,53.18206],[-2.51139,53.18345],[-2.51421,53.18643],[-2.51488,53.18848],[-2.5181,53.19081],[-2.51816,53.19126],[-2.51719,53.19192],[-2.51655,53.19181]]]}},{"type":"Feature","properties":{"id":"E01018736","name":"E01018736","parent":"E06000050","type":"LSOA","pop":1808,"r":53,"ff":12,"ffd":663.7,"ffs":0.5,"g":28,"co":0,"mo":0,"sa":2,"ic":0},"geometry":{"type":"Polygon","coordinates":[[[-2.5525,53.1939],[-2.55092,53.1934],[-2.55044,53.19361],[-2.5486,53.19263],[-2.5482,53.19308],[-2.54665,53.1924],[-2.54604,53.19245],[-2.54644,53.19287],[-2.54592,53.19307],[-2.54221,53.19181],[-2.54199,53.19206],[-2.5412,53.1918],[-2.54149,53.19137],[-2.54028,53.19078],[-2.54104,53.19029],[-2.5401,53.18965],[-2.54058,53.18945],[-2.54028,53.18897],[-2.54166,53.18853],[-2.54221,53.1889],[-2.5455,53.18756],[-2.54383,53.18595],[-2.54487,53.1852],[-2.54612,53.18579],[-2.54708,53.18651],[-2.54739,53.18778],[-2.54627,53.18725],[-2.54597,53.18823],[-2.54676,53.18818],[-2.54877,53.18921],[-2.54733,53.19027],[-2.54834,53.19073],[-2.55144,53.18952],[-2.55227,53.18983],[-2.55291,53.18966],[-2.55401,53.19042],[-2.55383,53.191],[-2.5545,53.19147],[-2.55408,53.19179],[-2.55523,53.19236],[-2.55502,53.19279],[-2.55453,53.19289],[-2.55354,53.19228],[-2.55279,53.19287],[-2.5525,53.1939]]]}},{"type":"Feature","properties":{"id":"E01018737","name":"E01018737","parent":"E06000050","type":"LSOA","pop":2693,"r":53,"ff":12,"ffd":445.6,"ffs":0.5,"g":28,"co":0,"mo":0,"sa":2,"ic":0},"geometry":{"type":"Polygon","coordinates":[[[-2.56341,53.20456],[-2.56134,53.20301],[-2.56098,53.20314],[-2.56021,53.20279],[-2.55758,53.20403],[-2.55704,53.20369],[-2.56066,53.20154],[-2.56026,53.20047],[-2.55961,53.20075],[-2.55929,53.20011],[-2.55784,53.19876],[-2.55706,53.19855],[-2.55648,53.19893],[-2.55598,53.19873],[-2.55672,53.19788],[-2.55622,53.19771],[-2.55604,53.19792],[-2.55429,53.19733],[-2.55163,53.1959],[-2.55098,53.19498],[-2.55062,53.19507],[-2.54854,53.19389],[-2.54816,53.19417],[-2.54777,53.19401],[-2.54786,53.19375],[-2.54592,53.19307],[-2.54644,53.19287],[-2.54604,53.19245],[-2.54665,53.1924],[-2.5482,53.19308],[-2.5486,53.19263],[-2.55044,53.19361],[-2.55092,53.1934],[-2.5525,53.1939],[-2.55279,53.19287],[-2.55354,53.19228],[-2.55453,53.19289],[-2.55502,53.19279],[-2.55523,53.19236],[-2.55408,53.19179],[-2.5545,53.19147],[-2.55383,53.191],[-2.55401,53.19042],[-2.55291,53.18966],[-2.55227,53.18983],[-2.55144,53.18952],[-2.55231,53.18904],[-2.55254,53.18872],[-2.55213,53.18799],[-2.55186,53.18675],[-2.55085,53.18571],[-2.55177,53.18548],[-2.55294,53.18624],[-2.55509,53.18502],[-2.5581,53.18509],[-2.55924,53.18456],[-2.56265,53.18693],[-2.56539,53.18965],[-2.5749,53.18512],[-2.57529,53.18586],[-2.57461,53.18721],[-2.57018,53.18806],[-2.57045,53.18913],[-2.57002,53.1893],[-2.56999,53.18985],[-2.57032,53.19036],[-2.5696,53.19096],[-2.57033,53.19162],[-2.56699,53.19285],[-2.56747,53.19349],[-2.56524,53.19361],[-2.56514,53.19319],[-2.56556,53.19301],[-2.56503,53.1924],[-2.56344,53.19387],[-2.5642,53.19425],[-2.56386,53.19449],[-2.5621,53.19479],[-2.56165,53.19383],[-2.56049,53.19394],[-2.55991,53.19434],[-2.5606,53.19501],[-2.56258,53.19592],[-2.56249,53.19646],[-2.56516,53.19585],[-2.5662,53.1967],[-2.5658,53.19676],[-2.56599,53.19705],[-2.56719,53.19785],[-2.56586,53.19931],[-2.56394,53.19941],[-2.56407,53.20132],[-2.56214,53.20215],[-2.56372,53.20381],[-2.56341,53.20456]]]}},{"type":"Feature","properties":{"id":"E01018738","name":"E01018738","parent":"E06000050","type":"LSOA","pop":1975,"r":53,"ff":12,"ffd":607.6,"ffs":0.5,"g":28,"co":0,"mo":0,"sa":2,"ic":0},"geometry":{"type":"Polygon","coordinates":[[[-2.54852,53.18905],[-2.54676,53.18818],[-2.54597,53.18823],[-2.54627,53.18725],[-2.54739,53.18778],[-2.54708,53.18651],[-2.54612,53.18579],[-2.5467,53.18552],[-2.54731,53.18578],[-2.54747,53.18548],[-2.54806,53.18573],[-2.54848,53.18539],[-2.54751,53.18505],[-2.54705,53.18525],[-2.54577,53.18465],[-2.54638,53.18424],[-2.54744,53.18393],[-2.54679,53.18356],[-2.5474,53.18314],[-2.55051,53.1843],[-2.55221,53.18317],[-2.55009,53.18087],[-2.54995,53.1794],[-2.55462,53.18146],[-2.55838,53.17895],[-2.55949,53.17691],[-2.55928,53.17506],[-2.55975,53.17383],[-2.56054,53.1732],[-2.56215,53.17402],[-2.56225,53.17454],[-2.56365,53.17493],[-2.56503,53.17488],[-2.56519,53.17527],[-2.56642,53.17554],[-2.56733,53.17684],[-2.56924,53.17739],[-2.56923,53.17824],[-2.56857,53.17881],[-2.56887,53.18013],[-2.57078,53.18174],[-2.57352,53.18281],[-2.5749,53.18512],[-2.56539,53.18965],[-2.56265,53.18693],[-2.55924,53.18456],[-2.5581,53.18509],[-2.55509,53.18502],[-2.55294,53.18624],[-2.55177,53.18548],[-2.55085,53.18571],[-2.55186,53.18675],[-2.55213,53.18799],[-2.55254,53.18872],[-2.55231,53.18904],[-2.55144,53.18952],[-2.54834,53.19073],[-2.54733,53.19027],[-2.54877,53.18921],[-2.54852,53.18905]]]}},{"type":"Feature","properties":{"id":"E01018739","name":"E01018739","parent":"E06000050","type":"LSOA","pop":2237,"r":51,"ff":12,"ffd":536.4,"ffs":0.5,"g":27,"co":0,"mo":0,"sa":2,"ic":0},"geometry":{"type":"Polygon","coordinates":[[[-2.53886,53.18888],[-2.53964,53.18787],[-2.54084,53.18756],[-2.53838,53.18654],[-2.53929,53.18532],[-2.54194,53.18282],[-2.54154,53.18237],[-2.54295,53.18143],[-2.54185,53.18099],[-2.54239,53.18059],[-2.54348,53.18117],[-2.54538,53.18016],[-2.54943,53.17901],[-2.54995,53.1794],[-2.55009,53.18087],[-2.55221,53.18317],[-2.55051,53.1843],[-2.5474,53.18314],[-2.54679,53.18356],[-2.54744,53.18393],[-2.54638,53.18424],[-2.54577,53.18465],[-2.54705,53.18525],[-2.54751,53.18505],[-2.54848,53.18539],[-2.54806,53.18573],[-2.54747,53.18548],[-2.54731,53.18578],[-2.5467,53.18552],[-2.54612,53.18579],[-2.54487,53.1852],[-2.54383,53.18595],[-2.5455,53.18756],[-2.54221,53.1889],[-2.54166,53.18853],[-2.54028,53.18897],[-2.54058,53.18945],[-2.5401,53.18965],[-2.53982,53.18959],[-2.53983,53.18912],[-2.53886,53.18888]]]}},{"type":"Feature","properties":{"id":"E01018740","name":"E01018740","parent":"E06000050","type":"LSOA","pop":1528,"r":50,"ff":14,"ffd":916.2,"ffs":0.56,"g":25,"co":0,"mo":0,"sa":2,"ic":0},"geometry":{"type":"Polygon","coordinates":[[[-2.52917,53.17431],[-2.52975,53.17363],[-2.52879,53.1735],[-2.52841,53.17378],[-2.52807,53.17349],[-2.52906,53.17309],[-2.53065,53.17334],[-2.53074,53.17371],[-2.53115,53.17342],[-2.53151,53.17353],[-2.53178,53.1742],[-2.53253,53.17384],[-2.53316,53.17424],[-2.53385,53.1736],[-2.53562,53.17504],[-2.53457,53.17639],[-2.53594,53.1764],[-2.5379,53.17725],[-2.53724,53.17774],[-2.53788,53.17808],[-2.53774,53.17819],[-2.5385,53.17895],[-2.53646,53.17974],[-2.53673,53.1802],[-2.53262,53.18156],[-2.53362,53.1809],[-2.53279,53.17869],[-2.53309,53.17842],[-2.53206,53.17797],[-2.5325,53.17742],[-2.53167,53.17707],[-2.53193,53.17655],[-2.5304,53.17628],[-2.52968,53.17537],[-2.52918,53.17533],[-2.52989,53.17468],[-2.52917,53.17431]]]}},{"type":"Feature","properties":{"id":"E01018741","name":"E01018741","parent":"E06000050","type":"LSOA","pop":1188,"r":51,"ff":12,"ffd":1010.1,"ffs":0.5,"g":27,"co":0,"mo":0,"sa":2,"ic":0},"geometry":{"type":"Polygon","coordinates":[[[-2.53774,53.17819],[-2.53788,53.17808],[-2.54239,53.18059],[-2.54185,53.18099],[-2.54295,53.18143],[-2.54154,53.18237],[-2.54194,53.18282],[-2.54138,53.18346],[-2.53929,53.18532],[-2.53838,53.18654],[-2.53759,53.18691],[-2.53436,53.18411],[-2.53204,53.18175],[-2.53673,53.1802],[-2.53646,53.17974],[-2.5385,53.17895],[-2.53774,53.17819]]]}},{"type":"Feature","properties":{"id":"E01018742","name":"E01018742","parent":"E06000050","type":"LSOA","pop":2368,"r":50,"ff":14,"ffd":591.2,"ffs":0.56,"g":25,"co":0,"mo":0,"sa":2,"ic":0},"geometry":{"type":"Polygon","coordinates":[[[-2.5232,53.18577],[-2.52223,53.18457],[-2.51949,53.18507],[-2.5194,53.1848],[-2.51688,53.18491],[-2.51427,53.18161],[-2.51626,53.18173],[-2.51758,53.18014],[-2.51596,53.1769],[-2.51736,53.17417],[-2.51841,53.17348],[-2.51958,53.17318],[-2.5188,53.1718],[-2.52202,53.16968],[-2.52344,53.16988],[-2.53071,53.16885],[-2.53185,53.17115],[-2.52921,53.1716],[-2.52967,53.17235],[-2.53326,53.17209],[-2.53323,53.17268],[-2.53559,53.17292],[-2.53583,53.17256],[-2.53714,53.17321],[-2.53717,53.17374],[-2.53616,53.17444],[-2.538,53.17527],[-2.53929,53.17629],[-2.5379,53.17725],[-2.53594,53.1764],[-2.53457,53.17639],[-2.53562,53.17504],[-2.53385,53.1736],[-2.53316,53.17424],[-2.53253,53.17384],[-2.53178,53.1742],[-2.53151,53.17353],[-2.53115,53.17342],[-2.53074,53.17371],[-2.53065,53.17334],[-2.52906,53.17309],[-2.52807,53.17349],[-2.52841,53.17378],[-2.52879,53.1735],[-2.52975,53.17363],[-2.52917,53.17431],[-2.52989,53.17468],[-2.52918,53.17533],[-2.52968,53.17537],[-2.5304,53.17628],[-2.53193,53.17655],[-2.53167,53.17707],[-2.5325,53.17742],[-2.53206,53.17797],[-2.53309,53.17842],[-2.53279,53.17869],[-2.53362,53.1809],[-2.53167,53.182],[-2.53074,53.1817],[-2.53045,53.18192],[-2.53078,53.1821],[-2.52909,53.18349],[-2.52592,53.18512],[-2.52527,53.18472],[-2.5232,53.18577]]]}},{"type":"Feature","properties":{"id":"E01018743","name":"E01018743","parent":"E06000050","type":"LSOA","pop":1269,"r":14,"ff":10,"ffd":788.0,"ffs":0.7143,"g":0,"co":1,"mo":1,"sa":3,"ic":1},"geometry":{"type":"Polygon","coordinates":[[[-2.52021,53.21335],[-2.52008,53.21283],[-2.5211,53.21132],[-2.5174,53.20867],[-2.51743,53.20763],[-2.51955,53.2067],[-2.52017,53.20517],[-2.51913,53.2032],[-2.51768,53.20232],[-2.5176,53.20131],[-2.51974,53.20092],[-2.52141,53.19976],[-2.5214,53.19748],[-2.5187,53.19575],[-2.5205,53.19541],[-2.52345,53.19746],[-2.52324,53.19881],[-2.52237,53.19957],[-2.52328,53.1998],[-2.52974,53.19919],[-2.53057,53.19772],[-2.53118,53.19786],[-2.53139,53.19861],[-2.53251,53.19811],[-2.53138,53.19713],[-2.53182,53.1968],[-2.53291,53.19658],[-2.53243,53.1975],[-2.53312,53.19793],[-2.53421,53.19757],[-2.53468,53.19807],[-2.5349,53.19775],[-2.53533,53.19782],[-2.53532,53.19749],[-2.53662,53.19722],[-2.53853,53.19831],[-2.53939,53.1986],[-2.54013,53.19946],[-2.53933,53.20024],[-2.54282,53.20172],[-2.54474,53.20093],[-2.55064,53.20308],[-2.55559,53.2021],[-2.55929,53.20011],[-2.55961,53.20075],[-2.56026,53.20047],[-2.56066,53.20154],[-2.55704,53.20369],[-2.55758,53.20403],[-2.56021,53.20279],[-2.56098,53.20314],[-2.56134,53.20301],[-2.56341,53.20456],[-2.55982,53.20588],[-2.55812,53.20702],[-2.55572,53.20769],[-2.55358,53.20916],[-2.5533,53.20881],[-2.55312,53.20966],[-2.55131,53.21054],[-2.54961,53.21203],[-2.545,53.21332],[-2.54233,53.21309],[-2.53943,53.21351],[-2.53887,53.21315],[-2.53723,53.21316],[-2.53565,53.21265],[-2.53463,53.21318],[-2.53248,53.21335],[-2.53197,53.21368],[-2.53011,53.21318],[-2.52883,53.21393],[-2.52605,53.21414],[-2.52452,53.21503],[-2.52021,53.21335]]]}},{"type":"Feature","properties":{"id":"E01018744","name":"E01018744","parent":"E06000050","type":"LSOA","pop":1724,"r":53,"ff":12,"ffd":696.1,"ffs":0.5,"g":28,"co":0,"mo":0,"sa":2,"ic":0},"geometry":{"type":"Polygon","coordinates":[[[-2.55064,53.20308],[-2.54474,53.20093],[-2.54282,53.20172],[-2.53933,53.20024],[-2.54013,53.19946],[-2.5412,53.19966],[-2.54206,53.1985],[-2.54315,53.1986],[-2.54297,53.19834],[-2.54045,53.19764],[-2.53922,53.1966],[-2.53985,53.19587],[-2.53839,53.19537],[-2.53871,53.19506],[-2.53663,53.19401],[-2.53866,53.19316],[-2.5396,53.19339],[-2.53947,53.19393],[-2.54081,53.19403],[-2.5406,53.1947],[-2.53968,53.1951],[-2.53949,53.19535],[-2.54172,53.1956],[-2.5421,53.19594],[-2.5428,53.19569],[-2.54331,53.19596],[-2.5461,53.1948],[-2.54527,53.19435],[-2.54536,53.19373],[-2.54602,53.19351],[-2.54587,53.19305],[-2.54786,53.19375],[-2.54777,53.19401],[-2.54816,53.19417],[-2.54854,53.19389],[-2.55062,53.19507],[-2.55098,53.19498],[-2.55163,53.1959],[-2.55429,53.19733],[-2.55604,53.19792],[-2.55622,53.19771],[-2.55672,53.19788],[-2.55598,53.19873],[-2.55648,53.19893],[-2.55706,53.19855],[-2.55784,53.19876],[-2.55929,53.20011],[-2.55559,53.2021],[-2.55064,53.20308]]]}},{"type":"Feature","properties":{"id":"E01018745","name":"E01018745","parent":"E06000050","type":"LSOA","pop":1568,"r":53,"ff":12,"ffd":765.3,"ffs":0.5,"g":28,"co":0,"mo":0,"sa":2,"ic":0},"geometry":{"type":"Polygon","coordinates":[[[-2.54331,53.19596],[-2.5428,53.19569],[-2.5421,53.19594],[-2.54172,53.1956],[-2.53949,53.19535],[-2.53968,53.1951],[-2.5406,53.1947],[-2.54081,53.19403],[-2.53947,53.19393],[-2.5396,53.19339],[-2.53866,53.19316],[-2.53799,53.19237],[-2.53875,53.19174],[-2.5381,53.19148],[-2.53621,53.19168],[-2.53544,53.19217],[-2.53511,53.19301],[-2.53438,53.19284],[-2.53312,53.19172],[-2.5367,53.19038],[-2.53982,53.18959],[-2.5401,53.18965],[-2.54104,53.19029],[-2.54028,53.19078],[-2.54149,53.19137],[-2.5412,53.1918],[-2.54199,53.19206],[-2.54221,53.19181],[-2.54587,53.19305],[-2.54602,53.19351],[-2.54536,53.19373],[-2.54527,53.19435],[-2.5461,53.1948],[-2.54331,53.19596]]]}},{"type":"Feature","properties":{"id":"E01018746","name":"E01018746","parent":"E06000050","type":"LSOA","pop":2106,"r":53,"ff":12,"ffd":569.8,"ffs":0.5,"g":28,"co":0,"mo":0,"sa":2,"ic":0},"geometry":{"type":"Polygon","coordinates":[[[-2.52324,53.19881],[-2.52345,53.19746],[-2.5205,53.19541],[-2.5187,53.19575],[-2.51726,53.1931],[-2.52206,53.19256],[-2.52595,53.19238],[-2.52943,53.19282],[-2.53137,53.19262],[-2.53312,53.19172],[-2.53438,53.19284],[-2.53511,53.19301],[-2.53544,53.19217],[-2.53621,53.19168],[-2.5381,53.19148],[-2.53875,53.19174],[-2.53799,53.19237],[-2.53866,53.19316],[-2.53663,53.19401],[-2.53871,53.19506],[-2.53839,53.19537],[-2.53985,53.19587],[-2.53922,53.1966],[-2.54045,53.19764],[-2.54297,53.19834],[-2.54315,53.1986],[-2.54206,53.1985],[-2.5412,53.19966],[-2.54013,53.19946],[-2.53939,53.1986],[-2.53853,53.19831],[-2.53662,53.19722],[-2.53532,53.19749],[-2.53533,53.19782],[-2.5349,53.19775],[-2.53468,53.19807],[-2.53421,53.19757],[-2.53312,53.19793],[-2.53243,53.1975],[-2.53291,53.19658],[-2.53182,53.1968],[-2.53138,53.19713],[-2.53251,53.19811],[-2.53139,53.19861],[-2.53118,53.19786],[-2.53057,53.19772],[-2.52974,53.19919],[-2.52328,53.1998],[-2.52237,53.19957],[-2.52324,53.19881]]]}},{"type":"Feature","properties":{"id":"E01018747","name":"E01018747","parent":"E06000050","type":"LSOA","pop":1686,"r":71,"ff":17,"ffd":1008.3,"ffs":0.4359,"g":31,"co":0,"mo":0,"sa":2,"ic":0},"geometry":{"type":"Polygon","coordinates":[[[-2.51292,53.20026],[-2.5121,53.2],[-2.51058,53.20026],[-2.5114,53.19888],[-2.50696,53.19817],[-2.5053,53.19595],[-2.50418,53.19577],[-2.50377,53.19542],[-2.50564,53.19492],[-2.50574,53.19431],[-2.50638,53.19418],[-2.5065,53.19458],[-2.50936,53.19417],[-2.50939,53.19279],[-2.50919,53.19249],[-2.51259,53.19165],[-2.51203,53.19076],[-2.51225,53.19021],[-2.51305,53.1904],[-2.5137,53.19021],[-2.51511,53.19064],[-2.5156,53.19047],[-2.51655,53.19181],[-2.51719,53.19192],[-2.51726,53.1931],[-2.5187,53.19575],[-2.5214,53.19748],[-2.52141,53.19976],[-2.51974,53.20092],[-2.5176,53.20131],[-2.51458,53.20077],[-2.51292,53.20026]]]}},{"type":"Feature","properties":{"id":"E01018748","name":"E01018748","parent":"E06000050","type":"LSOA","pop":1451,"r":71,"ff":17,"ffd":1171.6,"ffs":0.4359,"g":31,"co":0,"mo":0,"sa":2,"ic":0},"geometry":{"type":"Polygon","coordinates":[[[-2.50355,53.20124],[-2.50057,53.19762],[-2.50161,53.19758],[-2.50169,53.19655],[-2.50377,53.19542],[-2.50418,53.19577],[-2.5053,53.19595],[-2.50696,53.19817],[-2.50658,53.19979],[-2.5059,53.19978],[-2.50582,53.20015],[-2.50539,53.20019],[-2.50522,53.20079],[-2.50355,53.20124]]]}},{"type":"Feature","properties":{"id":"E01018749","name":"E01018749","parent":"E06000050","type":"LSOA","pop":2709,"r":74,"ff":18,"ffd":664.5,"ffs":0.4286,"g":31,"co":0,"mo":0,"sa":2,"ic":0},"geometry":{"type":"Polygon","coordinates":[[[-2.51014,53.2109],[-2.50626,53.20964],[-2.5044,53.21057],[-2.50175,53.2089],[-2.49887,53.20833],[-2.49823,53.20734],[-2.4948,53.20805],[-2.49072,53.20794],[-2.48776,53.20494],[-2.48688,53.20491],[-2.48009,53.20187],[-2.47367,53.19879],[-2.47336,53.19827],[-2.47643,53.19803],[-2.47735,53.19694],[-2.47849,53.19741],[-2.47987,53.19666],[-2.48237,53.19804],[-2.48233,53.19862],[-2.48644,53.19775],[-2.48677,53.19852],[-2.48795,53.19831],[-2.48698,53.1968],[-2.49312,53.19523],[-2.4938,53.19614],[-2.49821,53.19497],[-2.50355,53.20124],[-2.50522,53.20079],[-2.50539,53.20019],[-2.50582,53.20015],[-2.5059,53.19978],[-2.50658,53.19979],[-2.50696,53.19817],[-2.5114,53.19888],[-2.51058,53.20026],[-2.5121,53.2],[-2.51458,53.20077],[-2.5176,53.20131],[-2.51768,53.20232],[-2.51913,53.2032],[-2.52017,53.20517],[-2.51955,53.2067],[-2.51743,53.20763],[-2.5174,53.20867],[-2.51622,53.20928],[-2.51401,53.20943],[-2.51321,53.21023],[-2.51304,53.21092],[-2.51093,53.2115],[-2.51014,53.2109]]]}},{"type":"Feature","properties":{"id":"E01032930","name":"E01032930","parent":"E06000050","type":"LSOA","pop":2354,"r":267,"ff":107,"ffd":4545.5,"ffs":0.5602,"g":73,"co":0,"mo":0,"sa":0,"ic":0},"geometry":{"type":"Polygon","coordinates":[[[-2.87598,53.19546],[-2.87273,53.19512],[-2.8729,53.19407],[-2.87324,53.19399],[-2.87323,53.19441],[-2.87388,53.19443],[-2.87415,53.1934],[-2.87562,53.19254],[-2.87695,53.19244],[-2.8778,53.19277],[-2.87801,53.19367],[-2.87997,53.19365],[-2.88008,53.19393],[-2.87855,53.19397],[-2.87855,53.19435],[-2.87812,53.19439],[-2.87942,53.19488],[-2.87937,53.19513],[-2.88102,53.19521],[-2.8823,53.19199],[-2.88325,53.1918],[-2.88343,53.19215],[-2.88517,53.19362],[-2.88673,53.19431],[-2.88484,53.19646],[-2.88262,53.19788],[-2.87598,53.19546]]]}},{"type":"Feature","properties":{"id":"E01032931","name":"E01032931","parent":"E06000050","type":"LSOA","pop":1204,"r":257,"ff":100,"ffd":8305.6,"ffs":0.5525,"g":73,"co":0,"mo":0,"sa":0,"ic":0},"geometry":{"type":"Polygon","coordinates":[[[-2.88008,53.19393],[-2.87997,53.19365],[-2.87801,53.19367],[-2.8778,53.19277],[-2.87695,53.19244],[-2.87562,53.19254],[-2.87319,53.19323],[-2.87304,53.1937],[-2.87238,53.19375],[-2.87258,53.19396],[-2.87204,53.19413],[-2.87189,53.1936],[-2.87054,53.19366],[-2.86883,53.19331],[-2.87014,53.19266],[-2.87026,53.19223],[-2.87213,53.19192],[-2.87124,53.19084],[-2.87161,53.19039],[-2.87341,53.19139],[-2.87496,53.19149],[-2.87632,53.19122],[-2.87893,53.18993],[-2.88113,53.19221],[-2.8823,53.19199],[-2.88102,53.19521],[-2.87937,53.19513],[-2.87942,53.19488],[-2.87812,53.19439],[-2.87855,53.19435],[-2.87855,53.19397],[-2.88008,53.19393]]]}},{"type":"Feature","properties":{"id":"E01035365","name":"E01035365","parent":"E06000050","type":"LSOA","pop":1483,"r":390,"ff":114,"ffd":7687.1,"ffs":0.4851,"g":151,"co":0,"mo":0,"sa":0,"ic":0},"geometry":{"type":"MultiPolygon","coordinates":[[[[-2.88308,53.29156],[-2.8869,53.28921],[-2.88802,53.28945],[-2.89022,53.29024],[-2.89552,53.29352],[-2.89673,53.29395],[-2.89667,53.29424],[-2.89575,53.29445],[-2.89775,53.29469],[-2.9008,53.29651],[-2.90087,53.29692],[-2.89626,53.29663],[-2.88832,53.29521],[-2.88758,53.29366],[-2.8858,53.29281],[-2.88256,53.29189],[-2.88308,53.29156]]],[[[-2.93955,53.31042],[-2.9316,53.30607],[-2.92878,53.30828],[-2.92002,53.30532],[-2.91771,53.30609],[-2.91478,53.30566],[-2.91136,53.30417],[-2.9077,53.30149],[-2.90586,53.30114],[-2.90158,53.29651],[-2.89904,53.29492],[-2.89394,53.29197],[-2.89257,53.29155],[-2.89037,53.29002],[-2.88813,53.28928],[-2.88706,53.28912],[-2.8913,53.28651],[-2.89048,53.28517],[-2.88757,53.28339],[-2.88581,53.2814],[-2.89707,53.28219],[-2.89498,53.28437],[-2.8957,53.28454],[-2.89579,53.28424],[-2.89649,53.28468],[-2.89487,53.28604],[-2.89645,53.28581],[-2.89694,53.28694],[-2.89664,53.28748],[-2.89728,53.28775],[-2.89774,53.28747],[-2.89949,53.28884],[-2.90095,53.28839],[-2.90128,53.28814],[-2.90066,53.28804],[-2.90139,53.28765],[-2.902,53.28806],[-2.90277,53.28805],[-2.90332,53.28761],[-2.9037,53.2878],[-2.90553,53.28689],[-2.90569,53.28764],[-2.90688,53.28769],[-2.90691,53.28888],[-2.9089,53.29012],[-2.90648,53.29169],[-2.90684,53.29271],[-2.9076,53.29282],[-2.90772,53.29393],[-2.91429,53.29696],[-2.91817,53.29761],[-2.92132,53.29741],[-2.92163,53.29791],[-2.92241,53.298],[-2.92306,53.2977],[-2.92297,53.2971],[-2.92734,53.29571],[-2.92967,53.29533],[-2.93292,53.29536],[-2.93564,53.29596],[-2.94233,53.29978],[-2.94129,53.3003],[-2.94257,53.30112],[-2.94659,53.30553],[-2.93955,53.31042]]]]}},{"type":"Feature","properties":{"id":"E01035366","name":"E01035366","parent":"E06000050","type":"LSOA","pop":2679,"r":120,"ff":48,"ffd":1791.7,"ffs":0.4848,"g":17,"co":0,"mo":1,"sa":0,"ic":0},"geometry":{"type":"Polygon","coordinates":[[[-2.92163,53.29791],[-2.92132,53.29741],[-2.91817,53.29761],[-2.91429,53.29696],[-2.90772,53.29393],[-2.9076,53.29282],[-2.90684,53.29271],[-2.90648,53.29169],[-2.9089,53.29012],[-2.90691,53.28888],[-2.90702,53.28562],[-2.90882,53.28455],[-2.90946,53.28302],[-2.91886,53.28368],[-2.91877,53.28464],[-2.91828,53.28464],[-2.91796,53.2855],[-2.91867,53.28619],[-2.91747,53.28709],[-2.91784,53.28706],[-2.91789,53.28742],[-2.9164,53.2877],[-2.91674,53.2893],[-2.9226,53.29049],[-2.92191,53.29111],[-2.92065,53.2936],[-2.92185,53.29737],[-2.92297,53.2971],[-2.92306,53.2977],[-2.92241,53.298],[-2.92163,53.29791]]]}},{"type":"Feature","properties":{"id":"E01035367","name":"E01035367","parent":"E06000050","type":"LSOA","pop":1316,"r":366,"ff":108,"ffd":8206.7,"ffs":0.4954,"g":144,"co":0,"mo":0,"sa":0,"ic":0},"geometry":{"type":"Polygon","coordinates":[[[-2.89826,53.288],[-2.89774,53.28747],[-2.89728,53.28775],[-2.89664,53.28748],[-2.89694,53.28694],[-2.89659,53.28623],[-2.89698,53.28645],[-2.89757,53.28602],[-2.89697,53.28536],[-2.89731,53.28474],[-2.89854,53.28409],[-2.89895,53.28441],[-2.89834,53.28488],[-2.89934,53.28453],[-2.90087,53.28348],[-2.90275,53.28431],[-2.90181,53.28469],[-2.90274,53.28563],[-2.90282,53.28663],[-2.90367,53.2873],[-2.90332,53.28761],[-2.90277,53.28805],[-2.902,53.28806],[-2.90139,53.28765],[-2.90066,53.28804],[-2.90128,53.28814],[-2.90095,53.28839],[-2.89949,53.28884],[-2.89826,53.288]]]}},{"type":"Feature","properties":{"id":"E01035368","name":"E01035368","parent":"E06000050","type":"LSOA","pop":1418,"r":322,"ff":104,"ffd":7334.3,"ffs":0.5622,"g":134,"co":0,"mo":0,"sa":0,"ic":0},"geometry":{"type":"Polygon","coordinates":[[[-2.90367,53.2873],[-2.90282,53.28663],[-2.90274,53.28563],[-2.90181,53.28469],[-2.90275,53.28431],[-2.90087,53.28348],[-2.89934,53.28453],[-2.89834,53.28488],[-2.89895,53.28441],[-2.89854,53.28409],[-2.89731,53.28474],[-2.89697,53.28536],[-2.89757,53.28602],[-2.89698,53.28645],[-2.89659,53.28623],[-2.89645,53.28581],[-2.89487,53.28604],[-2.89649,53.28468],[-2.89579,53.28424],[-2.8957,53.28454],[-2.89498,53.28437],[-2.89707,53.28219],[-2.90946,53.28302],[-2.90882,53.28455],[-2.90702,53.28562],[-2.90688,53.28769],[-2.90569,53.28764],[-2.90553,53.28689],[-2.9037,53.2878],[-2.90332,53.28761],[-2.90367,53.2873]]]}},{"type":"Feature","properties":{"id":"E01035369","name":"E01035369","parent":"E06000050","type":"LSOA","pop":1357,"r":69,"ff":21,"ffd":1547.5,"ffs":0.5385,"g":29,"co":0,"mo":2,"sa":0,"ic":0},"geometry":{"type":"Polygon","coordinates":[[[-2.5216,53.26826],[-2.52044,53.26802],[-2.51958,53.26849],[-2.51971,53.2689],[-2.52135,53.26918],[-2.52012,53.2698],[-2.51893,53.26995],[-2.51824,53.26951],[-2.5169,53.26812],[-2.51419,53.26738],[-2.51392,53.26472],[-2.51571,53.26249],[-2.51592,53.26047],[-2.51662,53.26058],[-2.51743,53.25957],[-2.51988,53.25977],[-2.52075,53.26177],[-2.52036,53.26229],[-2.51908,53.26229],[-2.51925,53.26294],[-2.51989,53.26295],[-2.5199,53.26408],[-2.5211,53.26421],[-2.52118,53.2636],[-2.52249,53.26359],[-2.52299,53.26437],[-2.52813,53.26534],[-2.5288,53.26509],[-2.52887,53.26573],[-2.52965,53.26509],[-2.52938,53.26388],[-2.52962,53.26371],[-2.52986,53.26428],[-2.53071,53.26439],[-2.53098,53.26557],[-2.53171,53.26502],[-2.53142,53.26462],[-2.53176,53.26391],[-2.53491,53.26571],[-2.53609,53.26538],[-2.53595,53.26577],[-2.53652,53.26617],[-2.5358,53.2664],[-2.53688,53.26728],[-2.53895,53.26658],[-2.53804,53.26568],[-2.53892,53.2658],[-2.54027,53.26449],[-2.54537,53.26362],[-2.54618,53.26621],[-2.54578,53.26679],[-2.54044,53.26893],[-2.53882,53.27047],[-2.53548,53.27141],[-2.53124,53.27161],[-2.52919,53.27261],[-2.52779,53.27263],[-2.52646,53.27222],[-2.5244,53.27009],[-2.5216,53.26826]]]}},{"type":"Feature","properties":{"id":"E01035370","name":"E01035370","parent":"E06000050","type":"LSOA","pop":1714,"r":64,"ff":21,"ffd":1225.2,"ffs":0.5833,"g":27,"co":0,"mo":2,"sa":0,"ic":0},"geometry":{"type":"Polygon","coordinates":[[[-2.53595,53.26577],[-2.53609,53.26538],[-2.53491,53.26571],[-2.53176,53.26391],[-2.53142,53.26462],[-2.53171,53.26502],[-2.53098,53.26557],[-2.53071,53.26439],[-2.52986,53.26428],[-2.52967,53.26376],[-2.53038,53.26238],[-2.53148,53.26227],[-2.53163,53.26276],[-2.5345,53.26129],[-2.53739,53.26147],[-2.53906,53.26086],[-2.5393,53.2602],[-2.53855,53.25959],[-2.53987,53.26029],[-2.54003,53.26094],[-2.53951,53.26119],[-2.54066,53.26154],[-2.54066,53.26195],[-2.5397,53.26211],[-2.53983,53.26286],[-2.53919,53.26407],[-2.54027,53.26449],[-2.53892,53.2658],[-2.53804,53.26568],[-2.53895,53.26658],[-2.53688,53.26728],[-2.5358,53.2664],[-2.53652,53.26617],[-2.53595,53.26577]]]}},{"type":"Feature","properties":{"id":"E01035371","name":"E01035371","parent":"E06000050","type":"LSOA","pop":1170,"r":75,"ff":23,"ffd":1965.8,"ffs":0.5227,"g":30,"co":0,"mo":2,"sa":0,"ic":0},"geometry":{"type":"Polygon","coordinates":[[[-2.52887,53.26573],[-2.5288,53.26509],[-2.52813,53.26534],[-2.52299,53.26437],[-2.52249,53.26359],[-2.52118,53.2636],[-2.5211,53.26421],[-2.5199,53.26408],[-2.51989,53.26295],[-2.51925,53.26294],[-2.51908,53.26229],[-2.52036,53.26229],[-2.52075,53.26177],[-2.51988,53.25977],[-2.52211,53.26045],[-2.52409,53.25854],[-2.52467,53.25888],[-2.52371,53.25949],[-2.52336,53.26027],[-2.52861,53.26119],[-2.52831,53.26154],[-2.5298,53.26178],[-2.53038,53.26238],[-2.52967,53.26376],[-2.52938,53.26388],[-2.52965,53.26509],[-2.52887,53.26573]]]}},{"type":"Feature","properties":{"id":"E01035372","name":"E01035372","parent":"E06000050","type":"LSOA","pop":1922,"r":65,"ff":21,"ffd":1092.6,"ffs":0.5676,"g":27,"co":0,"mo":2,"sa":0,"ic":0},"geometry":{"type":"Polygon","coordinates":[[[-2.53987,53.26029],[-2.53855,53.25959],[-2.5393,53.2602],[-2.53906,53.26086],[-2.53739,53.26147],[-2.5345,53.26129],[-2.53163,53.26276],[-2.53148,53.26227],[-2.53038,53.26238],[-2.5298,53.26178],[-2.52831,53.26154],[-2.52861,53.26119],[-2.52336,53.26027],[-2.52371,53.25949],[-2.52823,53.26029],[-2.52705,53.25853],[-2.52836,53.25822],[-2.52951,53.26061],[-2.53093,53.26042],[-2.53144,53.26064],[-2.53622,53.25654],[-2.5398,53.25443],[-2.54192,53.25398],[-2.54291,53.25666],[-2.546,53.25635],[-2.55495,53.258],[-2.55836,53.25928],[-2.55721,53.25939],[-2.55706,53.26004],[-2.55335,53.261],[-2.55247,53.26082],[-2.55156,53.26008],[-2.55001,53.26017],[-2.54915,53.26076],[-2.54839,53.26233],[-2.54603,53.26241],[-2.54538,53.26285],[-2.54537,53.26362],[-2.54027,53.26449],[-2.53919,53.26407],[-2.53983,53.26286],[-2.5397,53.26211],[-2.54066,53.26195],[-2.54066,53.26154],[-2.53951,53.26119],[-2.54003,53.26094],[-2.53987,53.26029]]]}},{"type":"Feature","properties":{"id":"E01035373","name":"E01035373","parent":"E06000050","type":"LSOA","pop":1235,"r":267,"ff":106,"ffd":8583.0,"ffs":0.555,"g":73,"co":0,"mo":0,"sa":0,"ic":0},"geometry":{"type":"Polygon","coordinates":[[[-2.8863,53.20057],[-2.88605,53.1997],[-2.88484,53.19857],[-2.88262,53.19788],[-2.88484,53.19646],[-2.88477,53.1967],[-2.88583,53.19686],[-2.88742,53.19632],[-2.88949,53.19829],[-2.89128,53.198],[-2.89219,53.19844],[-2.89179,53.19895],[-2.89241,53.19977],[-2.89232,53.20049],[-2.88765,53.20082],[-2.88652,53.20111],[-2.8863,53.20057]]]}},{"type":"Feature","properties":{"id":"E01035374","name":"E01035374","parent":"E06000050","type":"LSOA","pop":1179,"r":268,"ff":107,"ffd":9075.5,"ffs":0.5573,"g":73,"co":0,"mo":0,"sa":0,"ic":0},"geometry":{"type":"Polygon","coordinates":[[[-2.89219,53.19844],[-2.89128,53.198],[-2.88949,53.19829],[-2.88742,53.19632],[-2.88583,53.19686],[-2.88477,53.1967],[-2.8859,53.19523],[-2.88639,53.19543],[-2.88799,53.19461],[-2.89012,53.19537],[-2.88985,53.19513],[-2.89133,53.19465],[-2.89169,53.19528],[-2.89347,53.1954],[-2.89181,53.19565],[-2.89262,53.19724],[-2.89356,53.20062],[-2.89232,53.20049],[-2.89241,53.19977],[-2.89179,53.19895],[-2.89219,53.19844]]]}},{"type":"Feature","properties":{"id":"E01035375","name":"E01035375","parent":"E06000050","type":"LSOA","pop":1713,"r":232,"ff":96,"ffd":5604.2,"ffs":0.589,"g":66,"co":0,"mo":0,"sa":0,"ic":0},"geometry":{"type":"Polygon","coordinates":[[[-2.89356,53.20062],[-2.89262,53.19724],[-2.89181,53.19565],[-2.89393,53.19534],[-2.89351,53.19428],[-2.89654,53.19378],[-2.89639,53.1947],[-2.89772,53.19596],[-2.89735,53.19614],[-2.89765,53.19658],[-2.89561,53.19692],[-2.89459,53.19653],[-2.89513,53.1973],[-2.89439,53.19755],[-2.8944,53.20038],[-2.89577,53.20017],[-2.89619,53.20081],[-2.89594,53.2012],[-2.89356,53.20062]]]}},{"type":"Feature","properties":{"id":"E01035376","name":"E01035376","parent":"E06000050","type":"LSOA","pop":1842,"r":250,"ff":103,"ffd":5591.7,"ffs":0.5722,"g":67,"co":0,"mo":0,"sa":0,"ic":0},"geometry":{"type":"Polygon","coordinates":[[[-2.89169,53.19528],[-2.89133,53.19465],[-2.88985,53.19513],[-2.89012,53.19537],[-2.88799,53.19461],[-2.88639,53.19543],[-2.8859,53.19523],[-2.88673,53.19431],[-2.88517,53.19362],[-2.88343,53.19215],[-2.88325,53.1918],[-2.88242,53.19197],[-2.88221,53.19122],[-2.88429,53.19097],[-2.88348,53.19053],[-2.88472,53.19012],[-2.88483,53.18958],[-2.88489,53.19004],[-2.8853,53.1898],[-2.88686,53.19032],[-2.88748,53.19007],[-2.88731,53.18957],[-2.88787,53.18916],[-2.88904,53.1888],[-2.88982,53.18875],[-2.88932,53.18925],[-2.88936,53.19005],[-2.89144,53.18957],[-2.89186,53.18994],[-2.89418,53.18955],[-2.89376,53.18833],[-2.89437,53.18819],[-2.89577,53.19135],[-2.898,53.19113],[-2.89924,53.19139],[-2.89781,53.19324],[-2.89708,53.19387],[-2.89654,53.19378],[-2.89351,53.19428],[-2.89393,53.19534],[-2.89169,53.19528]]]}},{"type":"Feature","properties":{"id":"E01035377","name":"E01035377","parent":"E06000050","type":"LSOA","pop":1949,"r":231,"ff":96,"ffd":4925.6,"ffs":0.589,"g":65,"co":0,"mo":0,"sa":0,"ic":0},"geometry":{"type":"Polygon","coordinates":[[[-2.89772,53.19596],[-2.89639,53.1947],[-2.89654,53.19378],[-2.89708,53.19387],[-2.89781,53.19324],[-2.90003,53.19031],[-2.9042,53.18693],[-2.90417,53.18728],[-2.90244,53.18987],[-2.9026,53.19144],[-2.90243,53.19247],[-2.90193,53.19257],[-2.9024,53.19306],[-2.90114,53.19385],[-2.90007,53.19368],[-2.9003,53.19469],[-2.9016,53.19613],[-2.90115,53.19623],[-2.90061,53.1959],[-2.89936,53.1963],[-2.89933,53.19681],[-2.8989,53.19689],[-2.89772,53.19596]]]}},{"type":"Feature","properties":{"id":"E01035378","name":"E01035378","parent":"E06000050","type":"LSOA","pop":1320,"r":215,"ff":88,"ffd":6666.7,"ffs":0.5752,"g":60,"co":0,"mo":0,"sa":0,"ic":0},"geometry":{"type":"Polygon","coordinates":[[[-2.87893,53.18993],[-2.88081,53.18879],[-2.8856,53.18749],[-2.88835,53.18584],[-2.88864,53.18611],[-2.8892,53.18577],[-2.8897,53.18587],[-2.892,53.18435],[-2.89314,53.18404],[-2.90079,53.18377],[-2.90296,53.18466],[-2.90426,53.18626],[-2.9042,53.18693],[-2.90003,53.19031],[-2.89924,53.19139],[-2.898,53.19113],[-2.89577,53.19135],[-2.89437,53.18819],[-2.89376,53.18833],[-2.89418,53.18955],[-2.89186,53.18994],[-2.89144,53.18957],[-2.88936,53.19005],[-2.88932,53.18925],[-2.88982,53.18875],[-2.88787,53.18916],[-2.88731,53.18957],[-2.88748,53.19007],[-2.88686,53.19032],[-2.8853,53.1898],[-2.88489,53.19004],[-2.88483,53.18958],[-2.88472,53.19012],[-2.88348,53.19053],[-2.88429,53.19097],[-2.88221,53.19122],[-2.88242,53.19197],[-2.88113,53.19221],[-2.87893,53.18993]]]}},{"type":"Feature","properties":{"id":"E01035379","name":"E01035379","parent":"E06000050","type":"LSOA","pop":1404,"r":208,"ff":74,"ffd":5270.7,"ffs":0.5286,"g":65,"co":0,"mo":2,"sa":0,"ic":0},"geometry":{"type":"Polygon","coordinates":[[[-2.85979,53.17865],[-2.85839,53.17813],[-2.85746,53.17694],[-2.85547,53.17562],[-2.85483,53.17555],[-2.85471,53.17423],[-2.85373,53.17448],[-2.85305,53.17348],[-2.85368,53.17328],[-2.85338,53.17214],[-2.85291,53.17215],[-2.85316,53.17177],[-2.85453,53.17177],[-2.85524,53.17259],[-2.85654,53.1722],[-2.85735,53.17312],[-2.85772,53.17304],[-2.85751,53.17243],[-2.85818,53.17195],[-2.85907,53.1724],[-2.86072,53.17199],[-2.86165,53.17249],[-2.86229,53.17232],[-2.86581,53.17595],[-2.86527,53.17622],[-2.86362,53.17456],[-2.86273,53.17488],[-2.86265,53.17578],[-2.86164,53.17575],[-2.86329,53.17717],[-2.86364,53.17837],[-2.86236,53.17812],[-2.85979,53.17865]]]}},{"type":"Feature","properties":{"id":"E01035380","name":"E01035380","parent":"E06000050","type":"LSOA","pop":1718,"r":196,"ff":71,"ffd":4132.7,"ffs":0.5379,"g":61,"co":0,"mo":2,"sa":0,"ic":0},"geometry":{"type":"Polygon","coordinates":[[[-2.85089,53.17523],[-2.84839,53.17163],[-2.84409,53.16715],[-2.84941,53.16719],[-2.85337,53.16755],[-2.85326,53.16805],[-2.85491,53.1686],[-2.85668,53.16883],[-2.85779,53.16858],[-2.86011,53.17039],[-2.85938,53.17078],[-2.85984,53.17106],[-2.85914,53.17105],[-2.85907,53.17146],[-2.85727,53.17188],[-2.85692,53.17159],[-2.8564,53.17183],[-2.85654,53.1722],[-2.85524,53.17259],[-2.85453,53.17177],[-2.85316,53.17177],[-2.85291,53.17215],[-2.85338,53.17214],[-2.85368,53.17328],[-2.85305,53.17348],[-2.85373,53.17448],[-2.85471,53.17423],[-2.85483,53.17555],[-2.8528,53.17583],[-2.85089,53.17523]]]}},{"type":"Feature","properties":{"id":"E01035381","name":"E01035381","parent":"E06000050","type":"LSOA","pop":1494,"r":237,"ff":91,"ffd":6091.0,"ffs":0.5482,"g":68,"co":0,"mo":2,"sa":0,"ic":0},"geometry":{"type":"Polygon","coordinates":[[[-2.86329,53.17717],[-2.86164,53.17575],[-2.86265,53.17578],[-2.86273,53.17488],[-2.86362,53.17456],[-2.86527,53.17622],[-2.86581,53.17595],[-2.86229,53.17232],[-2.86165,53.17249],[-2.86072,53.17199],[-2.85907,53.1724],[-2.85818,53.17195],[-2.85751,53.17243],[-2.85772,53.17304],[-2.85735,53.17312],[-2.8564,53.17183],[-2.85692,53.17159],[-2.85727,53.17188],[-2.85907,53.17146],[-2.85914,53.17105],[-2.85984,53.17106],[-2.85938,53.17078],[-2.86011,53.17039],[-2.85779,53.16858],[-2.85668,53.16883],[-2.85491,53.1686],[-2.85326,53.16805],[-2.85337,53.16755],[-2.85527,53.16789],[-2.85647,53.16712],[-2.8521,53.16333],[-2.85441,53.16325],[-2.85357,53.16231],[-2.85461,53.16186],[-2.85165,53.15906],[-2.85067,53.15712],[-2.85359,53.15592],[-2.85237,53.15487],[-2.85131,53.15268],[-2.85475,53.15165],[-2.85309,53.14929],[-2.8544,53.14876],[-2.85387,53.14713],[-2.85696,53.14681],[-2.8594,53.14613],[-2.8621,53.14614],[-2.86277,53.14746],[-2.86356,53.14798],[-2.86672,53.14827],[-2.87083,53.14777],[-2.87559,53.14959],[-2.87694,53.15049],[-2.87699,53.15118],[-2.87491,53.15441],[-2.87456,53.15675],[-2.87517,53.16099],[-2.87931,53.16552],[-2.88028,53.16861],[-2.88139,53.17],[-2.8817,53.17165],[-2.87157,53.18062],[-2.86844,53.18036],[-2.86684,53.17962],[-2.86489,53.17902],[-2.86364,53.17837],[-2.86329,53.17717]]]}}]}