{"type":"FeatureCollection","features":[{"type":"Feature","properties":{"id":"E01018750","name":"E01018750","parent":"E06000052","type":"LSOA","pop":2257,"r":2,"ff":1,"ffd":44.3,"ffs":0.5,"g":0,"co":3,"mo":3,"sa":3,"ic":1},"geometry":{"type":"Polygon","coordinates":[[[-4.30039,50.50417],[-4.29785,50.50206],[-4.29498,50.49862],[-4.2947,50.49733],[-4.29215,50.49491],[-4.29232,50.49434],[-4.30189,50.49788],[-4.30243,50.49721],[-4.30794,50.49675],[-4.30875,50.49563],[-4.31099,50.49398],[-4.31463,50.49438],[-4.31681,50.49571],[-4.31709,50.49667],[-4.32267,50.49454],[-4.32596,50.49452],[-4.3291,50.49818],[-4.32922,50.49906],[-4.3284,50.49988],[-4.3288,50.50104],[-4.32759,50.50143],[-4.3253,50.50034],[-4.32438,50.50119],[-4.32224,50.50207],[-4.31947,50.50216],[-4.31807,50.5032],[-4.3173,50.50337],[-4.31705,50.5019],[-4.31788,50.50056],[-4.31726,50.50057],[-4.31676,50.50091],[-4.31235,50.50098],[-4.31216,50.50167],[-4.31128,50.50205],[-4.31033,50.50141],[-4.30937,50.50172],[-4.31078,50.50255],[-4.31073,50.50281],[-4.3118,50.50276],[-4.31217,50.50326],[-4.31183,50.50324],[-4.31186,50.50366],[-4.30799,50.50404],[-4.30779,50.50372],[-4.30651,50.50397],[-4.30224,50.50308],[-4.30145,50.50438],[-4.30093,50.50448],[-4.30039,50.50417]]]}},{"type":"Feature","properties":{"id":"E01018751","name":"E01018751","parent":"E06000052","type":"LSOA","pop":1694,"r":2,"ff":1,"ffd":59.0,"ffs":0.5,"g":0,"co":3,"mo":3,"sa":3,"ic":1},"geometry":{"type":"Polygon","coordinates":[[[-4.30372,50.51503],[-4.29548,50.51298],[-4.29178,50.51318],[-4.2879,50.51386],[-4.28597,50.51179],[-4.28247,50.50927],[-4.27914,50.50599],[-4.27821,50.50457],[-4.27811,50.5034],[-4.27979,50.50347],[-4.28323,50.5026],[-4.28802,50.50241],[-4.29018,50.50048],[-4.29042,50.49934],[-4.29106,50.49909],[-4.2918,50.49804],[-4.29175,50.49716],[-4.29048,50.49515],[-4.29118,50.49411],[-4.29664,50.49221],[-4.29697,50.49176],[-4.29946,50.49081],[-4.30146,50.48935],[-4.30379,50.48914],[-4.30565,50.48851],[-4.31128,50.48748],[-4.31361,50.48605],[-4.31724,50.48527],[-4.31948,50.48568],[-4.32318,50.4858],[-4.32518,50.48653],[-4.32653,50.48742],[-4.3309,50.48744],[-4.3315,50.48921],[-4.33341,50.48921],[-4.33382,50.49019],[-4.33695,50.49057],[-4.33956,50.4913],[-4.34021,50.49089],[-4.3412,50.49077],[-4.34398,50.49323],[-4.34455,50.49494],[-4.34151,50.49612],[-4.34107,50.49708],[-4.33879,50.49921],[-4.33749,50.49983],[-4.33534,50.5024],[-4.3333,50.50318],[-4.33243,50.50639],[-4.33421,50.50808],[-4.33441,50.50925],[-4.33373,50.51054],[-4.33131,50.5115],[-4.32603,50.50857],[-4.32894,50.50705],[-4.32894,50.50585],[-4.32701,50.50617],[-4.32508,50.50546],[-4.32383,50.50553],[-4.32247,50.50471],[-4.3221,50.50534],[-4.31842,50.5043],[-4.31762,50.50356],[-4.31579,50.50377],[-4.31511,50.50426],[-4.31528,50.50478],[-4.31404,50.50482],[-4.31333,50.50606],[-4.31339,50.5068],[-4.31255,50.50736],[-4.3134,50.50763],[-4.31345,50.50794],[-4.31063,50.50808],[-4.30953,50.50871],[-4.30788,50.50817],[-4.30776,50.5074],[-4.30845,50.50602],[-4.30838,50.50459],[-4.3096,50.50459],[-4.3115,50.5036],[-4.31186,50.50366],[-4.31183,50.50324],[-4.31217,50.50326],[-4.3118,50.50276],[-4.31073,50.50281],[-4.31078,50.50255],[-4.30937,50.50172],[-4.31033,50.50141],[-4.31128,50.50205],[-4.31216,50.50167],[-4.31235,50.50098],[-4.31676,50.50091],[-4.31726,50.50057],[-4.31788,50.50056],[-4.31705,50.5019],[-4.3173,50.50337],[-4.31807,50.5032],[-4.31947,50.50216],[-4.32224,50.50207],[-4.32438,50.50119],[-4.3253,50.50034],[-4.32759,50.50143],[-4.3288,50.50104],[-4.3284,50.49988],[-4.32922,50.49906],[-4.3291,50.49818],[-4.32596,50.49452],[-4.32267,50.49454],[-4.31709,50.49667],[-4.31681,50.49571],[-4.31463,50.49438],[-4.31099,50.49398],[-4.30875,50.49563],[-4.30794,50.49675],[-4.30243,50.49721],[-4.30189,50.49788],[-4.29232,50.49434],[-4.29215,50.49491],[-4.2947,50.49733],[-4.29498,50.49862],[-4.29785,50.50206],[-4.30039,50.50417],[-4.29657,50.50373],[-4.29807,50.50624],[-4.30065,50.50746],[-4.3032,50.51023],[-4.30441,50.51059],[-4.30507,50.5113],[-4.30372,50.51503]]]}},{"type":"Feature","properties":{"id":"E01018752","name":"E01018752","parent":"E06000052","type":"LSOA","pop":2472,"r":2,"ff":1,"ffd":40.5,"ffs":0.5,"g":0,"co":3,"mo":3,"sa":3,"ic":3},"geometry":{"type":"Polygon","coordinates":[[[-4.30695,50.52139],[-4.30729,50.52056],[-4.30496,50.52044],[-4.30661,50.51684],[-4.30537,50.51568],[-4.30372,50.51503],[-4.30507,50.5113],[-4.30441,50.51059],[-4.3032,50.51023],[-4.30065,50.50746],[-4.29807,50.50624],[-4.29657,50.50373],[-4.30039,50.50417],[-4.30093,50.50448],[-4.30145,50.50438],[-4.30224,50.50308],[-4.30651,50.50397],[-4.30779,50.50372],[-4.30799,50.50404],[-4.3115,50.5036],[-4.3096,50.50459],[-4.30838,50.50459],[-4.30845,50.50602],[-4.30776,50.5074],[-4.30788,50.50817],[-4.30953,50.50871],[-4.31063,50.50808],[-4.31345,50.50794],[-4.3134,50.50763],[-4.31255,50.50736],[-4.31339,50.5068],[-4.31333,50.50606],[-4.31404,50.50482],[-4.31528,50.50478],[-4.31511,50.50426],[-4.31579,50.50377],[-4.31762,50.50356],[-4.31842,50.5043],[-4.3221,50.50534],[-4.32247,50.50471],[-4.32383,50.50553],[-4.32508,50.50546],[-4.32701,50.50617],[-4.32894,50.50585],[-4.32894,50.50705],[-4.32603,50.50857],[-4.33131,50.5115],[-4.32873,50.5123],[-4.33047,50.51464],[-4.32879,50.51491],[-4.32857,50.5157],[-4.32772,50.5162],[-4.32819,50.51642],[-4.32626,50.51861],[-4.32557,50.51839],[-4.32328,50.52143],[-4.32219,50.52106],[-4.31983,50.52275],[-4.31761,50.52314],[-4.31434,50.52435],[-4.31217,50.52302],[-4.31188,50.5224],[-4.30983,50.52221],[-4.30695,50.52139]]]}},{"type":"Feature","properties":{"id":"E01018753","name":"E01018753","parent":"E06000052","type":"LSOA","pop":1907,"r":1,"ff":1,"ffd":52.4,"ffs":1.0,"g":0,"co":3,"mo":3,"sa":3,"ic":3},"geometry":{"type":"Polygon","coordinates":[[[-4.22689,50.52982],[-4.22704,50.52955],[-4.22836,50.52966],[-4.23225,50.529],[-4.22822,50.52737],[-4.22858,50.52672],[-4.2274,50.52559],[-4.23103,50.52629],[-4.23181,50.52609],[-4.22788,50.52508],[-4.22582,50.52329],[-4.22901,50.52244],[-4.23131,50.52062],[-4.23303,50.52077],[-4.23414,50.52039],[-4.23289,50.51882],[-4.23327,50.51873],[-4.23287,50.51821],[-4.23574,50.51769],[-4.2367,50.5181],[-4.23692,50.51761],[-4.23725,50.51766],[-4.23716,50.51651],[-4.23616,50.51628],[-4.23872,50.5164],[-4.23919,50.51541],[-4.23859,50.51461],[-4.24094,50.51371],[-4.24281,50.51218],[-4.2414,50.50954],[-4.2397,50.50818],[-4.24361,50.50566],[-4.24356,50.5053],[-4.24454,50.50506],[-4.24766,50.50636],[-4.24759,50.50417],[-4.24715,50.50332],[-4.25078,50.50177],[-4.25048,50.50091],[-4.25354,50.50055],[-4.25359,50.50226],[-4.25411,50.50326],[-4.25558,50.50374],[-4.25763,50.50299],[-4.25805,50.50383],[-4.26011,50.50534],[-4.26079,50.50519],[-4.26242,50.5055],[-4.26673,50.50497],[-4.26626,50.50417],[-4.26138,50.50126],[-4.26155,50.50016],[-4.26644,50.5004],[-4.26783,50.50114],[-4.271,50.50166],[-4.27295,50.50298],[-4.2767,50.50301],[-4.27811,50.5034],[-4.27821,50.50457],[-4.27914,50.50599],[-4.28247,50.50927],[-4.28597,50.51179],[-4.2879,50.51386],[-4.27718,50.51609],[-4.27102,50.51699],[-4.27129,50.51834],[-4.27261,50.52045],[-4.27445,50.52184],[-4.2747,50.52533],[-4.27301,50.52759],[-4.27111,50.52872],[-4.27062,50.52966],[-4.27061,50.53188],[-4.26906,50.53372],[-4.26877,50.53527],[-4.2635,50.536],[-4.25783,50.53893],[-4.25557,50.54037],[-4.25474,50.54254],[-4.25342,50.54364],[-4.24816,50.54393],[-4.24417,50.54352],[-4.24149,50.54269],[-4.24017,50.54142],[-4.23741,50.53499],[-4.23593,50.5332],[-4.233,50.53124],[-4.22929,50.53081],[-4.22689,50.52982]]]}},{"type":"Feature","properties":{"id":"E01018754","name":"E01018754","parent":"E06000052","type":"LSOA","pop":1994,"r":1,"ff":1,"ffd":50.2,"ffs":1.0,"g":0,"co":3,"mo":3,"sa":3,"ic":3},"geometry":{"type":"Polygon","coordinates":[[[-4.21329,50.53453],[-4.20992,50.53352],[-4.20834,50.53376],[-4.20731,50.53356],[-4.20684,50.53321],[-4.20703,50.53276],[-4.21148,50.52995],[-4.21203,50.52861],[-4.21388,50.52897],[-4.21483,50.5287],[-4.21276,50.52757],[-4.21409,50.52635],[-4.21537,50.52607],[-4.21528,50.52566],[-4.21465,50.52505],[-4.21421,50.52516],[-4.21414,50.5257],[-4.2134,50.52556],[-4.21382,50.5254],[-4.21349,50.52467],[-4.21446,50.5242],[-4.21617,50.5243],[-4.21876,50.52354],[-4.21865,50.52327],[-4.21739,50.52318],[-4.21696,50.52127],[-4.21504,50.52287],[-4.21359,50.52289],[-4.21326,50.52248],[-4.21382,50.52108],[-4.21322,50.52049],[-4.2145,50.51987],[-4.21428,50.51957],[-4.21453,50.51876],[-4.21689,50.51859],[-4.21722,50.51759],[-4.21697,50.51714],[-4.21576,50.51673],[-4.214,50.51551],[-4.21384,50.51441],[-4.21521,50.51419],[-4.21888,50.51429],[-4.21943,50.51253],[-4.22093,50.51303],[-4.22187,50.51444],[-4.22139,50.51522],[-4.22261,50.51543],[-4.22343,50.51623],[-4.22401,50.51631],[-4.22445,50.51724],[-4.22537,50.51687],[-4.22491,50.51621],[-4.2244,50.51614],[-4.22466,50.51574],[-4.22534,50.51586],[-4.22516,50.51555],[-4.23188,50.51587],[-4.23233,50.51538],[-4.23358,50.51571],[-4.23363,50.51534],[-4.23257,50.515],[-4.23344,50.5148],[-4.23606,50.51433],[-4.23859,50.51461],[-4.23919,50.51541],[-4.23872,50.5164],[-4.23616,50.51628],[-4.23716,50.51651],[-4.23725,50.51766],[-4.23692,50.51761],[-4.2367,50.5181],[-4.23574,50.51769],[-4.23287,50.51821],[-4.23327,50.51873],[-4.23289,50.51882],[-4.23414,50.52039],[-4.23303,50.52077],[-4.23131,50.52062],[-4.22901,50.52244],[-4.22582,50.52329],[-4.22788,50.52508],[-4.23181,50.52609],[-4.23103,50.52629],[-4.2274,50.52559],[-4.22858,50.52672],[-4.22822,50.52737],[-4.23225,50.529],[-4.22836,50.52966],[-4.22704,50.52955],[-4.22689,50.52982],[-4.22522,50.52977],[-4.21846,50.53225],[-4.21591,50.53399],[-4.2145,50.53457],[-4.21329,50.53453]]]}},{"type":"Feature","properties":{"id":"E01018755","name":"E01018755","parent":"E06000052","type":"LSOA","pop":1456,"r":1,"ff":1,"ffd":68.7,"ffs":1.0,"g":0,"co":3,"mo":3,"sa":3,"ic":3},"geometry":{"type":"MultiPolygon","coordinates":[[[[-4.20904,50.51349],[-4.20902,50.51347],[-4.20903,50.51347],[-4.20904,50.51349]]],[[[-4.20737,50.51691],[-4.20776,50.51662],[-4.20725,50.51707],[-4.20737,50.51691]]],[[[-4.21135,50.5259],[-4.21058,50.5248],[-4.20701,50.52162],[-4.20619,50.51939],[-4.20638,50.51824],[-4.2072,50.51713],[-4.20893,50.51599],[-4.20886,50.51638],[-4.20954,50.51572],[-4.20993,50.51423],[-4.2095,50.51341],[-4.20879,50.51305],[-4.20352,50.51349],[-4.20203,50.51327],[-4.2028,50.50802],[-4.20347,50.50807],[-4.2028,50.50791],[-4.20347,50.50515],[-4.20321,50.50391],[-4.20383,50.504],[-4.20322,50.50377],[-4.20291,50.50297],[-4.2017,50.50254],[-4.19968,50.50236],[-4.19399,50.50263],[-4.19322,50.50315],[-4.19109,50.50682],[-4.18772,50.50791],[-4.18551,50.50816],[-4.18393,50.50749],[-4.18098,50.50369],[-4.18057,50.50264],[-4.18111,50.50115],[-4.18248,50.50022],[-4.18583,50.49989],[-4.18945,50.4987],[-4.19321,50.49916],[-4.19473,50.49886],[-4.19552,50.49828],[-4.19418,50.49559],[-4.19481,50.49398],[-4.19557,50.49349],[-4.20077,50.49249],[-4.20179,50.4943],[-4.20344,50.49504],[-4.2039,50.49558],[-4.20438,50.49554],[-4.20545,50.49721],[-4.20428,50.49727],[-4.204,50.49796],[-4.20228,50.49859],[-4.20238,50.49927],[-4.20315,50.49966],[-4.20439,50.50194],[-4.21144,50.50231],[-4.21633,50.50312],[-4.21722,50.50562],[-4.21868,50.50536],[-4.21945,50.50572],[-4.21983,50.50546],[-4.21937,50.50507],[-4.22064,50.50472],[-4.2229,50.50492],[-4.22282,50.50639],[-4.22921,50.50871],[-4.22707,50.5113],[-4.22713,50.51175],[-4.22992,50.51407],[-4.2318,50.51409],[-4.23332,50.51445],[-4.23344,50.5148],[-4.23257,50.515],[-4.23363,50.51534],[-4.23358,50.51571],[-4.23233,50.51538],[-4.23188,50.51587],[-4.22516,50.51555],[-4.22534,50.51586],[-4.22466,50.51574],[-4.2244,50.51614],[-4.22491,50.51621],[-4.22537,50.51687],[-4.22445,50.51724],[-4.22401,50.51631],[-4.22343,50.51623],[-4.22261,50.51543],[-4.22139,50.51522],[-4.22187,50.51444],[-4.22093,50.51303],[-4.21943,50.51253],[-4.21888,50.51429],[-4.21521,50.51419],[-4.21384,50.51441],[-4.214,50.51551],[-4.21576,50.51673],[-4.21697,50.51714],[-4.21722,50.51759],[-4.21689,50.51859],[-4.21453,50.51876],[-4.21428,50.51957],[-4.2145,50.51987],[-4.21322,50.52049],[-4.21382,50.52108],[-4.21326,50.52248],[-4.21359,50.52289],[-4.21504,50.52287],[-4.21696,50.52127],[-4.21739,50.52318],[-4.21865,50.52327],[-4.21876,50.52354],[-4.21617,50.5243],[-4.21446,50.5242],[-4.21349,50.52467],[-4.21382,50.5254],[-4.2134,50.52556],[-4.21414,50.5257],[-4.21421,50.52516],[-4.21465,50.52505],[-4.21528,50.52566],[-4.21537,50.52607],[-4.21409,50.52635],[-4.21276,50.52757],[-4.21483,50.5287],[-4.21388,50.52897],[-4.21203,50.52861],[-4.21135,50.5259]]]]}},{"type":"Feature","properties":{"id":"E01018756","name":"E01018756","parent":"E06000052","type":"LSOA","pop":1571,"r":1,"ff":1,"ffd":63.7,"ffs":1.0,"g":0,"co":3,"mo":3,"sa":3,"ic":3},"geometry":{"type":"MultiPolygon","coordinates":[[[[-4.22544,50.49005],[-4.22552,50.48998],[-4.22547,50.49008],[-4.22544,50.49005]]],[[[-4.23332,50.51445],[-4.2318,50.51409],[-4.22992,50.51407],[-4.22713,50.51175],[-4.22707,50.5113],[-4.22921,50.50871],[-4.22282,50.50639],[-4.2229,50.50492],[-4.22064,50.50472],[-4.21937,50.50507],[-4.21983,50.50546],[-4.21945,50.50572],[-4.21868,50.50536],[-4.21722,50.50562],[-4.21633,50.50312],[-4.21144,50.50231],[-4.20439,50.50194],[-4.20315,50.49966],[-4.20238,50.49927],[-4.20228,50.49859],[-4.204,50.49796],[-4.20428,50.49727],[-4.20545,50.49721],[-4.20438,50.49554],[-4.2039,50.49558],[-4.20344,50.49504],[-4.20179,50.4943],[-4.20077,50.49249],[-4.20396,50.4929],[-4.20657,50.49565],[-4.20983,50.4969],[-4.21813,50.49844],[-4.22022,50.49852],[-4.22062,50.49886],[-4.22182,50.49674],[-4.22092,50.49406],[-4.22126,50.49281],[-4.22478,50.48989],[-4.22529,50.48981],[-4.22546,50.4898],[-4.22529,50.49014],[-4.22631,50.49032],[-4.22696,50.49019],[-4.22677,50.48988],[-4.22728,50.48986],[-4.22756,50.49032],[-4.22957,50.49094],[-4.23159,50.49109],[-4.23267,50.492],[-4.23439,50.49251],[-4.23721,50.49295],[-4.24051,50.49248],[-4.2424,50.4935],[-4.24864,50.49415],[-4.25161,50.49411],[-4.25244,50.49503],[-4.25245,50.49697],[-4.25323,50.49789],[-4.25596,50.49847],[-4.25744,50.49948],[-4.25963,50.50022],[-4.26155,50.50016],[-4.26138,50.50126],[-4.26626,50.50417],[-4.26673,50.50497],[-4.26242,50.5055],[-4.26079,50.50519],[-4.26011,50.50534],[-4.25805,50.50383],[-4.25763,50.50299],[-4.25558,50.50374],[-4.25411,50.50326],[-4.25359,50.50226],[-4.25354,50.50055],[-4.25048,50.50091],[-4.25078,50.50177],[-4.24715,50.50332],[-4.24759,50.50417],[-4.24766,50.50636],[-4.24454,50.50506],[-4.24356,50.5053],[-4.24361,50.50566],[-4.2397,50.50818],[-4.2414,50.50954],[-4.24281,50.51218],[-4.24094,50.51371],[-4.23859,50.51461],[-4.23606,50.51433],[-4.23344,50.5148],[-4.23332,50.51445]]]]}},{"type":"Feature","properties":{"id":"E01018757","name":"E01018757","parent":"E06000052","type":"LSOA","pop":2105,"r":1,"ff":0,"ffd":0.0,"ffs":null,"g":1,"co":1,"mo":3,"sa":3,"ic":1},"geometry":{"type":"MultiPolygon","coordinates":[[[[-4.3084,50.39061],[-4.30828,50.39056],[-4.30844,50.3906],[-4.3084,50.39061]]],[[[-4.39028,50.41267],[-4.3889,50.41222],[-4.38801,50.41241],[-4.387,50.41201],[-4.38677,50.41232],[-4.3856,50.4118],[-4.38539,50.41195],[-4.38591,50.41084],[-4.385,50.41038],[-4.38126,50.40976],[-4.38072,50.40863],[-4.38144,50.407],[-4.3811,50.40689],[-4.37377,50.40541],[-4.37116,50.40754],[-4.36626,50.40684],[-4.36477,50.40615],[-4.36132,50.406],[-4.36199,50.40484],[-4.36047,50.40454],[-4.36078,50.40174],[-4.36213,50.40172],[-4.36216,50.40114],[-4.36365,50.40119],[-4.36431,50.40076],[-4.36584,50.40121],[-4.36612,50.39879],[-4.36403,50.39768],[-4.36191,50.39533],[-4.36167,50.39323],[-4.36249,50.39141],[-4.35931,50.39235],[-4.35636,50.39237],[-4.35585,50.39206],[-4.35522,50.39051],[-4.35407,50.38989],[-4.35058,50.38986],[-4.3471,50.38937],[-4.34589,50.3896],[-4.34293,50.39144],[-4.33949,50.39027],[-4.33465,50.38934],[-4.33185,50.38952],[-4.32937,50.38914],[-4.33163,50.38853],[-4.33095,50.38818],[-4.33045,50.38644],[-4.32955,50.38591],[-4.32952,50.38356],[-4.32753,50.38223],[-4.32741,50.38113],[-4.32804,50.38067],[-4.32592,50.38001],[-4.32378,50.37978],[-4.32342,50.38029],[-4.32406,50.38106],[-4.32364,50.38119],[-4.32401,50.38203],[-4.32245,50.38292],[-4.32052,50.3832],[-4.32032,50.38375],[-4.31956,50.38411],[-4.3202,50.38443],[-4.31974,50.38633],[-4.31884,50.38667],[-4.31929,50.38867],[-4.32086,50.38942],[-4.31979,50.38921],[-4.31861,50.38946],[-4.3198,50.38929],[-4.31997,50.38956],[-4.32061,50.38952],[-4.31982,50.38999],[-4.31959,50.38961],[-4.31894,50.38963],[-4.31952,50.39005],[-4.31874,50.39],[-4.31691,50.3892],[-4.31536,50.38912],[-4.31391,50.38948],[-4.31436,50.38913],[-4.31351,50.38921],[-4.31384,50.3895],[-4.31486,50.38938],[-4.31492,50.38959],[-4.31437,50.38963],[-4.31487,50.38965],[-4.31524,50.38924],[-4.316,50.38935],[-4.31475,50.39001],[-4.31283,50.38993],[-4.31337,50.3894],[-4.31286,50.38924],[-4.31309,50.38945],[-4.31261,50.38987],[-4.31219,50.38968],[-4.31236,50.38939],[-4.31205,50.38961],[-4.3111,50.3894],[-4.30975,50.39022],[-4.30853,50.39041],[-4.30743,50.39006],[-4.30673,50.38933],[-4.30708,50.38924],[-4.30743,50.3888],[-4.30804,50.38894],[-4.30777,50.38844],[-4.30844,50.3887],[-4.30793,50.38825],[-4.30865,50.38782],[-4.30816,50.38778],[-4.30686,50.38922],[-4.30489,50.38776],[-4.30535,50.38743],[-4.30466,50.38775],[-4.30337,50.38752],[-4.30221,50.388],[-4.30233,50.38774],[-4.30239,50.38744],[-4.30208,50.38719],[-4.30217,50.38758],[-4.30183,50.38759],[-4.30155,50.38721],[-4.30158,50.38764],[-4.30228,50.38778],[-4.30124,50.38815],[-4.30188,50.38823],[-4.30092,50.38864],[-4.29561,50.38739],[-4.29646,50.38617],[-4.29615,50.38449],[-4.29695,50.38352],[-4.2976,50.38324],[-4.29916,50.38365],[-4.30072,50.38345],[-4.30251,50.38197],[-4.30394,50.38202],[-4.30377,50.38151],[-4.30312,50.38193],[-4.30236,50.38191],[-4.30278,50.38132],[-4.30503,50.38097],[-4.30513,50.37864],[-4.30613,50.37698],[-4.30615,50.37632],[-4.30584,50.37645],[-4.30695,50.37541],[-4.30708,50.37473],[-4.30686,50.37546],[-4.30497,50.37695],[-4.30428,50.37817],[-4.30443,50.38044],[-4.30219,50.38134],[-4.30144,50.38271],[-4.29931,50.38341],[-4.29733,50.38298],[-4.29655,50.38238],[-4.29652,50.38257],[-4.29629,50.38249],[-4.29657,50.38318],[-4.29668,50.38255],[-4.2968,50.38304],[-4.29719,50.38297],[-4.29585,50.38404],[-4.29575,50.38607],[-4.29516,50.38677],[-4.29392,50.38592],[-4.29407,50.38541],[-4.29292,50.38524],[-4.29139,50.3842],[-4.28693,50.38276],[-4.28501,50.38126],[-4.28418,50.37985],[-4.27982,50.37768],[-4.2793,50.37623],[-4.27751,50.37457],[-4.2758,50.37394],[-4.27451,50.37392],[-4.27267,50.37423],[-4.27082,50.37517],[-4.26816,50.37527],[-4.26874,50.37343],[-4.27056,50.3735],[-4.27302,50.37278],[-4.2729,50.37296],[-4.27347,50.37297],[-4.27417,50.37279],[-4.27331,50.37274],[-4.2741,50.37229],[-4.27534,50.37259],[-4.27649,50.37243],[-4.27917,50.37192],[-4.27928,50.37141],[-4.2795,50.37188],[-4.28194,50.37168],[-4.2824,50.37141],[-4.27827,50.3713],[-4.27995,50.36973],[-4.27897,50.36863],[-4.27731,50.36767],[-4.27768,50.36744],[-4.27567,50.36332],[-4.27722,50.35854],[-4.27909,50.35575],[-4.27971,50.35595],[-4.28024,50.35582],[-4.28262,50.35684],[-4.28679,50.35722],[-4.28866,50.35751],[-4.28879,50.35777],[-4.28981,50.35765],[-4.29186,50.35876],[-4.29648,50.35874],[-4.29739,50.35959],[-4.29838,50.35952],[-4.29903,50.35988],[-4.30035,50.3595],[-4.30137,50.36017],[-4.30388,50.36066],[-4.3058,50.36039],[-4.30815,50.3614],[-4.31353,50.36119],[-4.31471,50.36089],[-4.31503,50.36103],[-4.31457,50.36117],[-4.31635,50.36197],[-4.31758,50.36193],[-4.31997,50.3611],[-4.32091,50.36158],[-4.32256,50.36167],[-4.32351,50.36126],[-4.32346,50.36145],[-4.3244,50.36183],[-4.32638,50.36198],[-4.3273,50.36142],[-4.32723,50.36168],[-4.32793,50.36189],[-4.32984,50.36182],[-4.33214,50.36232],[-4.33295,50.36205],[-4.33353,50.36134],[-4.33607,50.36033],[-4.33678,50.35964],[-4.33825,50.35949],[-4.34439,50.36074],[-4.35161,50.36115],[-4.352,50.36147],[-4.35534,50.36178],[-4.35792,50.36142],[-4.35857,50.36094],[-4.35839,50.36071],[-4.35928,50.36093],[-4.36175,50.36018],[-4.36705,50.36029],[-4.37938,50.36238],[-4.38731,50.36438],[-4.38608,50.36482],[-4.38695,50.36565],[-4.38653,50.3649],[-4.39292,50.36323],[-4.40158,50.36361],[-4.40393,50.36601],[-4.40349,50.36784],[-4.40441,50.36803],[-4.40464,50.3693],[-4.40368,50.37127],[-4.40127,50.3708],[-4.40084,50.37026],[-4.40009,50.37035],[-4.39913,50.36936],[-4.39861,50.36765],[-4.39812,50.36764],[-4.39241,50.36842],[-4.39169,50.369],[-4.3921,50.37017],[-4.39069,50.37062],[-4.3899,50.37148],[-4.39112,50.37145],[-4.39026,50.37244],[-4.39194,50.37321],[-4.39218,50.37369],[-4.39265,50.3736],[-4.39441,50.37466],[-4.39513,50.37459],[-4.3932,50.37619],[-4.39405,50.3772],[-4.40043,50.37896],[-4.40328,50.38066],[-4.40401,50.38264],[-4.40334,50.38381],[-4.40345,50.38468],[-4.40406,50.38521],[-4.40471,50.3852],[-4.40424,50.38634],[-4.40304,50.38762],[-4.39983,50.38944],[-4.39839,50.38992],[-4.39796,50.39057],[-4.39573,50.39133],[-4.39574,50.39184],[-4.39292,50.39164],[-4.39134,50.39196],[-4.39201,50.39352],[-4.38999,50.39398],[-4.39133,50.39558],[-4.38874,50.39684],[-4.38579,50.39718],[-4.38662,50.39818],[-4.38739,50.3984],[-4.3875,50.39947],[-4.3891,50.40093],[-4.39189,50.40126],[-4.39299,50.40184],[-4.39346,50.40389],[-4.39284,50.40609],[-4.39107,50.40747],[-4.39241,50.40867],[-4.39172,50.40947],[-4.39112,50.41221],[-4.39145,50.41319],[-4.39106,50.4133],[-4.39028,50.41267]]]]}},{"type":"Feature","properties":{"id":"E01018759","name":"E01018759","parent":"E06000052","type":"LSOA","pop":1582,"r":2,"ff":1,"ffd":63.2,"ffs":0.5,"g":0,"co":1,"mo":3,"sa":3,"ic":3},"geometry":{"type":"MultiPolygon","coordinates":[[[[-4.46579,50.37591],[-4.46607,50.37649],[-4.46602,50.37652],[-4.46598,50.37641],[-4.46579,50.37591]]],[[[-4.46477,50.37913],[-4.46476,50.37899],[-4.46486,50.3791],[-4.46477,50.37913]]],[[[-4.46486,50.37922],[-4.46492,50.37918],[-4.46519,50.37949],[-4.46496,50.37932],[-4.46486,50.37922]]],[[[-4.46494,50.37667],[-4.46508,50.37586],[-4.46475,50.37508],[-4.46455,50.37488],[-4.46383,50.37446],[-4.46255,50.37404],[-4.46409,50.37441],[-4.46435,50.37399],[-4.46425,50.37454],[-4.465,50.37495],[-4.46513,50.3764],[-4.46556,50.37675],[-4.46507,50.37666],[-4.46462,50.37893],[-4.46475,50.37932],[-4.46552,50.38003],[-4.46455,50.3793],[-4.46427,50.37881],[-4.46494,50.37667]]],[[[-4.46513,50.38131],[-4.46537,50.38126],[-4.46442,50.38157],[-4.46482,50.38136],[-4.46513,50.38131]]],[[[-4.46337,50.38316],[-4.4634,50.38308],[-4.46415,50.38427],[-4.46368,50.38373],[-4.46337,50.38316]]],[[[-4.45476,50.43239],[-4.4552,50.43104],[-4.45601,50.43022],[-4.45579,50.42968],[-4.45625,50.42861],[-4.45522,50.42877],[-4.45001,50.4279],[-4.44687,50.42855],[-4.44323,50.4281],[-4.44154,50.42676],[-4.44122,50.42606],[-4.44044,50.42602],[-4.43813,50.42672],[-4.43507,50.42558],[-4.4346,50.42364],[-4.43313,50.42395],[-4.43014,50.42537],[-4.4296,50.42403],[-4.42658,50.42321],[-4.4197,50.42376],[-4.41786,50.42343],[-4.41719,50.42238],[-4.41636,50.42207],[-4.41288,50.42221],[-4.41128,50.42101],[-4.41183,50.41995],[-4.41472,50.41917],[-4.4172,50.41927],[-4.42006,50.41824],[-4.42383,50.41836],[-4.42835,50.41789],[-4.42963,50.41811],[-4.43213,50.41937],[-4.43049,50.41726],[-4.42638,50.41347],[-4.4233,50.41308],[-4.41848,50.41418],[-4.41424,50.41457],[-4.41074,50.41396],[-4.40899,50.41397],[-4.40654,50.41201],[-4.40344,50.41272],[-4.39966,50.41196],[-4.39748,50.4124],[-4.39479,50.41222],[-4.39407,50.40945],[-4.39463,50.40788],[-4.39284,50.40609],[-4.39346,50.40389],[-4.39299,50.40184],[-4.39189,50.40126],[-4.3891,50.40093],[-4.3875,50.39947],[-4.38739,50.3984],[-4.38662,50.39818],[-4.38579,50.39718],[-4.38874,50.39684],[-4.39133,50.39558],[-4.38999,50.39398],[-4.39201,50.39352],[-4.39134,50.39196],[-4.39292,50.39164],[-4.39574,50.39184],[-4.39573,50.39133],[-4.39796,50.39057],[-4.39839,50.38992],[-4.39983,50.38944],[-4.40304,50.38762],[-4.40424,50.38634],[-4.40471,50.3852],[-4.40783,50.38561],[-4.40898,50.38649],[-4.41012,50.38692],[-4.41069,50.38684],[-4.41176,50.38624],[-4.4144,50.38636],[-4.41535,50.38608],[-4.41747,50.38677],[-4.42209,50.38614],[-4.42288,50.3865],[-4.42299,50.38607],[-4.42591,50.38496],[-4.42787,50.38506],[-4.42714,50.38277],[-4.42772,50.38276],[-4.43099,50.38133],[-4.43129,50.38183],[-4.43184,50.38193],[-4.43329,50.38138],[-4.436,50.38128],[-4.43762,50.38022],[-4.43981,50.3805],[-4.44508,50.38015],[-4.44639,50.37889],[-4.45137,50.37654],[-4.45452,50.37292],[-4.45538,50.37119],[-4.45917,50.36965],[-4.46023,50.37221],[-4.46135,50.37346],[-4.4625,50.37408],[-4.46155,50.37374],[-4.46267,50.37441],[-4.46442,50.37485],[-4.46483,50.37537],[-4.4646,50.37766],[-4.46403,50.37875],[-4.46432,50.37926],[-4.46558,50.38017],[-4.46585,50.38094],[-4.46453,50.38129],[-4.46584,50.38101],[-4.46591,50.38084],[-4.46563,50.38007],[-4.46593,50.38052],[-4.46594,50.38106],[-4.46466,50.38134],[-4.46279,50.38209],[-4.46335,50.383],[-4.46326,50.3832],[-4.46359,50.38379],[-4.4646,50.38517],[-4.46476,50.38641],[-4.46517,50.38663],[-4.46473,50.38683],[-4.46514,50.38681],[-4.46485,50.38738],[-4.46689,50.38938],[-4.46675,50.3907],[-4.46703,50.38951],[-4.46738,50.38986],[-4.46716,50.39062],[-4.46592,50.39196],[-4.46392,50.39311],[-4.46378,50.39433],[-4.46631,50.39825],[-4.468,50.3993],[-4.46853,50.40175],[-4.46746,50.40306],[-4.46612,50.40374],[-4.46578,50.40502],[-4.46883,50.40528],[-4.47129,50.40605],[-4.47396,50.40843],[-4.4744,50.40903],[-4.47449,50.41068],[-4.47491,50.41069],[-4.47605,50.41167],[-4.47627,50.41213],[-4.47588,50.41285],[-4.47809,50.41547],[-4.47767,50.41675],[-4.47817,50.42045],[-4.47988,50.42101],[-4.48855,50.42081],[-4.4899,50.4227],[-4.49108,50.42294],[-4.49135,50.4236],[-4.49211,50.42381],[-4.49376,50.42577],[-4.49398,50.42803],[-4.49349,50.43073],[-4.49229,50.43013],[-4.49042,50.4301],[-4.48784,50.43051],[-4.48171,50.43265],[-4.47994,50.43257],[-4.47628,50.43163],[-4.47188,50.43174],[-4.47085,50.43196],[-4.4693,50.43089],[-4.46595,50.43191],[-4.46435,50.43401],[-4.46057,50.43606],[-4.46358,50.43751],[-4.46742,50.43861],[-4.46762,50.44168],[-4.46675,50.44191],[-4.46627,50.44236],[-4.46422,50.44251],[-4.46096,50.44223],[-4.45979,50.44098],[-4.45783,50.43979],[-4.45677,50.43832],[-4.45366,50.43753],[-4.45458,50.43617],[-4.45514,50.43385],[-4.45476,50.43239]]]]}},{"type":"Feature","properties":{"id":"E01018760","name":"E01018760","parent":"E06000052","type":"LSOA","pop":1390,"r":0,"ff":0,"ffd":0.0,"ffs":null,"g":0,"co":3,"mo":3,"sa":3,"ic":3},"geometry":{"type":"MultiPolygon","coordinates":[[[[-4.48582,50.36543],[-4.48571,50.36535],[-4.48583,50.36542],[-4.48582,50.36543]]],[[[-4.48499,50.36749],[-4.48528,50.36686],[-4.48501,50.36755],[-4.48499,50.36749]]],[[[-4.48583,50.36761],[-4.48582,50.3676],[-4.48584,50.3676],[-4.48583,50.36761]]],[[[-4.48505,50.36766],[-4.48503,50.36759],[-4.48527,50.36759],[-4.48505,50.36766]]],[[[-4.48528,50.36819],[-4.48528,50.36818],[-4.48532,50.36824],[-4.48525,50.36822],[-4.48528,50.36819]]],[[[-4.46435,50.37399],[-4.46436,50.37398],[-4.46435,50.37399],[-4.46435,50.37399]]],[[[-4.46461,50.37881],[-4.46467,50.37866],[-4.46464,50.37884],[-4.46461,50.37881]]],[[[-4.46279,50.38209],[-4.46409,50.38167],[-4.46388,50.3818],[-4.46335,50.383],[-4.46279,50.38209]]],[[[-4.46689,50.38938],[-4.46521,50.38769],[-4.46692,50.38917],[-4.46689,50.38938]]],[[[-4.49501,50.43318],[-4.49349,50.43073],[-4.49398,50.42803],[-4.49376,50.42577],[-4.49211,50.42381],[-4.49135,50.4236],[-4.49108,50.42294],[-4.4899,50.4227],[-4.48855,50.42081],[-4.47988,50.42101],[-4.47817,50.42045],[-4.47767,50.41675],[-4.47809,50.41547],[-4.47588,50.41285],[-4.47627,50.41213],[-4.47605,50.41167],[-4.47491,50.41069],[-4.47449,50.41068],[-4.4744,50.40903],[-4.47396,50.40843],[-4.47129,50.40605],[-4.46883,50.40528],[-4.46578,50.40502],[-4.46612,50.40374],[-4.46746,50.40306],[-4.46853,50.40175],[-4.468,50.3993],[-4.46631,50.39825],[-4.46378,50.39433],[-4.46392,50.39311],[-4.46592,50.39196],[-4.46716,50.39062],[-4.46738,50.38986],[-4.46703,50.38951],[-4.46709,50.38927],[-4.46494,50.38741],[-4.46504,50.38717],[-4.4653,50.38745],[-4.46528,50.38665],[-4.4647,50.38515],[-4.4634,50.38308],[-4.46403,50.38177],[-4.4661,50.38102],[-4.46572,50.37987],[-4.46492,50.37918],[-4.46528,50.37894],[-4.46486,50.3791],[-4.46474,50.3786],[-4.46522,50.37723],[-4.46583,50.37738],[-4.4653,50.37714],[-4.4661,50.37674],[-4.4658,50.37591],[-4.4667,50.37587],[-4.4668,50.37563],[-4.46549,50.37416],[-4.46226,50.37283],[-4.46012,50.36813],[-4.46057,50.36738],[-4.45907,50.36629],[-4.45932,50.36524],[-4.45826,50.3624],[-4.45949,50.3605],[-4.45936,50.35915],[-4.4596,50.35931],[-4.46207,50.35875],[-4.46426,50.35895],[-4.4672,50.36078],[-4.46775,50.36284],[-4.46918,50.36362],[-4.47736,50.36325],[-4.47956,50.3629],[-4.48179,50.36473],[-4.48311,50.36474],[-4.48339,50.36497],[-4.48353,50.36458],[-4.48434,50.36447],[-4.48499,50.36489],[-4.48571,50.36548],[-4.48485,50.36765],[-4.48508,50.36778],[-4.48566,50.3676],[-4.48515,50.36824],[-4.48617,50.36858],[-4.48645,50.36903],[-4.48754,50.36907],[-4.48703,50.36921],[-4.48787,50.36962],[-4.48757,50.37007],[-4.48799,50.37018],[-4.48778,50.37104],[-4.48823,50.37132],[-4.48834,50.37226],[-4.48948,50.37263],[-4.49058,50.37366],[-4.49079,50.37481],[-4.4915,50.37576],[-4.49337,50.3763],[-4.49704,50.37939],[-4.49798,50.38115],[-4.49766,50.38337],[-4.49806,50.38494],[-4.49843,50.38557],[-4.50152,50.38709],[-4.5024,50.38828],[-4.50309,50.38832],[-4.50337,50.3891],[-4.50468,50.38956],[-4.50657,50.3894],[-4.51225,50.38735],[-4.51418,50.38553],[-4.51727,50.38602],[-4.51929,50.3866],[-4.5194,50.38687],[-4.52173,50.38726],[-4.52886,50.38576],[-4.53504,50.38698],[-4.53699,50.38687],[-4.53847,50.38638],[-4.53885,50.38329],[-4.54054,50.38243],[-4.54045,50.38174],[-4.54211,50.38201],[-4.5425,50.3815],[-4.54472,50.38042],[-4.54796,50.37991],[-4.55136,50.37878],[-4.55275,50.37865],[-4.55464,50.37738],[-4.55484,50.37672],[-4.55692,50.37496],[-4.56196,50.37448],[-4.56425,50.37381],[-4.56711,50.37088],[-4.57243,50.36863],[-4.57251,50.36805],[-4.57102,50.36664],[-4.57082,50.36504],[-4.57161,50.36351],[-4.57431,50.36118],[-4.57827,50.35898],[-4.57959,50.35895],[-4.57928,50.36065],[-4.58045,50.36231],[-4.58106,50.36244],[-4.586,50.36081],[-4.58566,50.36362],[-4.58399,50.36578],[-4.58331,50.36934],[-4.58603,50.37033],[-4.59036,50.371],[-4.59109,50.37072],[-4.59428,50.37049],[-4.60013,50.37079],[-4.60167,50.37032],[-4.60144,50.37116],[-4.60078,50.37156],[-4.60109,50.37179],[-4.60073,50.37417],[-4.59905,50.37478],[-4.59863,50.37533],[-4.59813,50.37623],[-4.59841,50.37652],[-4.59753,50.37713],[-4.59666,50.37845],[-4.59712,50.37953],[-4.59655,50.37986],[-4.59628,50.38096],[-4.59548,50.38136],[-4.59523,50.3824],[-4.59446,50.38263],[-4.59471,50.38428],[-4.59436,50.38484],[-4.59281,50.38617],[-4.58811,50.3873],[-4.58991,50.38908],[-4.58752,50.38991],[-4.58635,50.39072],[-4.58568,50.39057],[-4.58552,50.39124],[-4.58412,50.39132],[-4.58361,50.38881],[-4.5824,50.38921],[-4.57929,50.3945],[-4.58066,50.40169],[-4.57954,50.40906],[-4.58011,50.40919],[-4.57684,50.41644],[-4.57462,50.41945],[-4.57261,50.42425],[-4.57187,50.42657],[-4.56892,50.42702],[-4.56876,50.42607],[-4.56781,50.42516],[-4.56317,50.42267],[-4.56245,50.42259],[-4.55821,50.42051],[-4.55567,50.41788],[-4.55125,50.41969],[-4.54975,50.41943],[-4.54798,50.41971],[-4.54539,50.42131],[-4.54292,50.42196],[-4.5421,50.42286],[-4.5399,50.42388],[-4.53877,50.42382],[-4.53619,50.42428],[-4.53327,50.42267],[-4.53071,50.42231],[-4.52807,50.42124],[-4.52756,50.42074],[-4.52738,50.41894],[-4.52624,50.41838],[-4.52207,50.41727],[-4.52132,50.41735],[-4.5205,50.41673],[-4.5156,50.41631],[-4.51461,50.41685],[-4.51442,50.41754],[-4.51551,50.4183],[-4.51599,50.41945],[-4.51545,50.42084],[-4.51593,50.42156],[-4.51508,50.42278],[-4.51485,50.42348],[-4.51516,50.42362],[-4.51472,50.42379],[-4.51507,50.42439],[-4.51347,50.42509],[-4.51344,50.42644],[-4.51302,50.42693],[-4.51003,50.4276],[-4.50822,50.42897],[-4.5049,50.43047],[-4.50155,50.43078],[-4.49891,50.43184],[-4.49787,50.43169],[-4.4962,50.43288],[-4.49501,50.43318]]]]}},{"type":"Feature","properties":{"id":"E01018761","name":"E01018761","parent":"E06000052","type":"LSOA","pop":1807,"r":1,"ff":1,"ffd":55.3,"ffs":1.0,"g":0,"co":3,"mo":3,"sa":3,"ic":3},"geometry":{"type":"MultiPolygon","coordinates":[[[[-4.48434,50.36447],[-4.48447,50.36445],[-4.48499,50.36489],[-4.48434,50.36447]]],[[[-4.48557,50.3676],[-4.48569,50.36755],[-4.48566,50.3676],[-4.48557,50.3676]]],[[[-4.48548,50.36847],[-4.48537,50.36831],[-4.48617,50.36858],[-4.48548,50.36847]]],[[[-4.5002,50.38653],[-4.49843,50.38557],[-4.49806,50.38494],[-4.49766,50.38337],[-4.49798,50.38115],[-4.49704,50.37939],[-4.49337,50.3763],[-4.4915,50.37576],[-4.49079,50.37481],[-4.49058,50.37366],[-4.48948,50.37263],[-4.48834,50.37226],[-4.48823,50.37132],[-4.48778,50.37104],[-4.48799,50.37018],[-4.48757,50.37007],[-4.48787,50.36962],[-4.48703,50.36921],[-4.48754,50.36907],[-4.48718,50.36903],[-4.48771,50.36904],[-4.48652,50.36893],[-4.48619,50.3685],[-4.48528,50.36818],[-4.48585,50.36769],[-4.48579,50.36749],[-4.48501,50.36755],[-4.48591,50.36549],[-4.48422,50.36423],[-4.48635,50.36288],[-4.4856,50.36148],[-4.48603,50.36025],[-4.48822,50.359],[-4.48826,50.35694],[-4.49038,50.35389],[-4.49425,50.35178],[-4.50049,50.35078],[-4.50461,50.35048],[-4.50722,50.34957],[-4.50791,50.3505],[-4.51026,50.35173],[-4.51205,50.35073],[-4.51517,50.34991],[-4.51753,50.34835],[-4.51834,50.34724],[-4.52089,50.34656],[-4.52245,50.34574],[-4.5239,50.34668],[-4.52519,50.3467],[-4.52211,50.34509],[-4.5214,50.34377],[-4.52201,50.34259],[-4.52136,50.34112],[-4.52233,50.34021],[-4.52305,50.33783],[-4.52397,50.33641],[-4.52559,50.33752],[-4.52507,50.33617],[-4.52464,50.33597],[-4.52584,50.33441],[-4.52225,50.33249],[-4.52071,50.33103],[-4.52095,50.33061],[-4.52321,50.33187],[-4.52334,50.33054],[-4.52437,50.32997],[-4.52609,50.32812],[-4.52654,50.32698],[-4.52734,50.32678],[-4.52713,50.32642],[-4.52764,50.32606],[-4.52873,50.32597],[-4.52902,50.32563],[-4.52986,50.32543],[-4.5298,50.32563],[-4.53177,50.3249],[-4.53204,50.32486],[-4.53205,50.3252],[-4.53291,50.32493],[-4.53285,50.32518],[-4.53383,50.32502],[-4.53416,50.32467],[-4.53549,50.32481],[-4.53546,50.32444],[-4.53622,50.32449],[-4.53646,50.32423],[-4.53685,50.32443],[-4.5368,50.32421],[-4.53894,50.32377],[-4.53874,50.32429],[-4.54001,50.32412],[-4.53957,50.32457],[-4.5431,50.32412],[-4.54395,50.32446],[-4.54416,50.32497],[-4.54491,50.32498],[-4.54503,50.32475],[-4.54692,50.32474],[-4.54654,50.3243],[-4.54751,50.32447],[-4.54731,50.32418],[-4.54761,50.32406],[-4.54894,50.32434],[-4.54993,50.32406],[-4.55146,50.32431],[-4.55123,50.32497],[-4.55193,50.32473],[-4.55226,50.32491],[-4.55151,50.32565],[-4.55348,50.32558],[-4.55371,50.32578],[-4.55339,50.32585],[-4.55388,50.32598],[-4.5547,50.32555],[-4.55544,50.32559],[-4.55567,50.32611],[-4.55699,50.32605],[-4.55635,50.32623],[-4.55791,50.32643],[-4.55885,50.32775],[-4.55965,50.3276],[-4.56009,50.32782],[-4.56017,50.3275],[-4.56091,50.32736],[-4.56104,50.32783],[-4.56207,50.32815],[-4.56367,50.32793],[-4.56646,50.32857],[-4.56771,50.32858],[-4.5676,50.32889],[-4.56803,50.32867],[-4.56861,50.32899],[-4.56906,50.32892],[-4.57009,50.32925],[-4.56999,50.32955],[-4.57164,50.32982],[-4.5719,50.33036],[-4.57293,50.33008],[-4.57272,50.33065],[-4.57412,50.33038],[-4.57353,50.33097],[-4.57437,50.33081],[-4.57443,50.33056],[-4.576,50.33106],[-4.57551,50.33134],[-4.57597,50.33188],[-4.57732,50.33142],[-4.57765,50.33146],[-4.57741,50.33165],[-4.57832,50.33163],[-4.57775,50.33215],[-4.57841,50.33252],[-4.57796,50.33493],[-4.57735,50.33561],[-4.57793,50.33647],[-4.57384,50.33887],[-4.57101,50.33957],[-4.56933,50.34053],[-4.5714,50.34299],[-4.57308,50.34369],[-4.57542,50.34615],[-4.57808,50.34752],[-4.57821,50.34806],[-4.57762,50.34877],[-4.57916,50.34946],[-4.57767,50.34996],[-4.57604,50.34994],[-4.57346,50.35042],[-4.57104,50.35141],[-4.56986,50.35257],[-4.57032,50.35358],[-4.57041,50.35591],[-4.57211,50.35618],[-4.57486,50.35604],[-4.57888,50.35491],[-4.58021,50.35575],[-4.58335,50.35697],[-4.5826,50.35739],[-4.58192,50.35739],[-4.57959,50.35895],[-4.57827,50.35898],[-4.57431,50.36118],[-4.57161,50.36351],[-4.57082,50.36504],[-4.57102,50.36664],[-4.57251,50.36805],[-4.57243,50.36863],[-4.56711,50.37088],[-4.56425,50.37381],[-4.56196,50.37448],[-4.55692,50.37496],[-4.55484,50.37672],[-4.55464,50.37738],[-4.55275,50.37865],[-4.55136,50.37878],[-4.54796,50.37991],[-4.54472,50.38042],[-4.5425,50.3815],[-4.54211,50.38201],[-4.54045,50.38174],[-4.54054,50.38243],[-4.53885,50.38329],[-4.53847,50.38638],[-4.53699,50.38687],[-4.53504,50.38698],[-4.52886,50.38576],[-4.52173,50.38726],[-4.5194,50.38687],[-4.51929,50.3866],[-4.51727,50.38602],[-4.51418,50.38553],[-4.51225,50.38735],[-4.50657,50.3894],[-4.50468,50.38956],[-4.50337,50.3891],[-4.50309,50.38832],[-4.5024,50.38828],[-4.50152,50.38709],[-4.5002,50.38653]]]]}},{"type":"Feature","properties":{"id":"E01018762","name":"E01018762","parent":"E06000052","type":"LSOA","pop":1161,"r":1,"ff":1,"ffd":86.1,"ffs":1.0,"g":0,"co":3,"mo":3,"sa":3,"ic":3},"geometry":{"type":"Polygon","coordinates":[[[-4.48209,50.36452],[-4.48069,50.36296],[-4.47921,50.36238],[-4.46932,50.36262],[-4.46897,50.36208],[-4.46917,50.36128],[-4.46834,50.36001],[-4.46504,50.35813],[-4.46382,50.35782],[-4.46394,50.35728],[-4.46873,50.35624],[-4.47309,50.35484],[-4.47584,50.35267],[-4.47764,50.35189],[-4.48336,50.35118],[-4.48496,50.35157],[-4.48678,50.3505],[-4.48666,50.34813],[-4.48575,50.34593],[-4.48525,50.34253],[-4.48443,50.3416],[-4.48238,50.34034],[-4.48095,50.3384],[-4.48077,50.33586],[-4.4814,50.33431],[-4.48181,50.33447],[-4.48232,50.33419],[-4.48279,50.33423],[-4.48344,50.33445],[-4.483,50.33443],[-4.48363,50.3346],[-4.48363,50.33489],[-4.48462,50.33496],[-4.48553,50.33571],[-4.48786,50.33531],[-4.48809,50.33554],[-4.48865,50.33522],[-4.49157,50.33538],[-4.49176,50.33575],[-4.49257,50.33575],[-4.49222,50.33581],[-4.49253,50.3359],[-4.49219,50.33598],[-4.49236,50.33661],[-4.4936,50.33714],[-4.49664,50.33681],[-4.49695,50.33729],[-4.49753,50.33739],[-4.49822,50.33714],[-4.4981,50.33675],[-4.49935,50.33556],[-4.49902,50.33539],[-4.49967,50.33522],[-4.49932,50.33464],[-4.49997,50.3347],[-4.49929,50.33346],[-4.49888,50.33346],[-4.49956,50.33287],[-4.49917,50.33263],[-4.4997,50.3323],[-4.50036,50.33239],[-4.49975,50.33213],[-4.50117,50.33164],[-4.50184,50.33063],[-4.50285,50.33083],[-4.5025,50.33055],[-4.50388,50.33057],[-4.50304,50.33061],[-4.50382,50.33093],[-4.50474,50.33066],[-4.50586,50.33082],[-4.50681,50.33041],[-4.50753,50.33083],[-4.50737,50.33124],[-4.50804,50.33105],[-4.50818,50.33055],[-4.51032,50.33053],[-4.51182,50.32998],[-4.51255,50.33032],[-4.51223,50.33002],[-4.51279,50.32987],[-4.51274,50.33016],[-4.5133,50.33008],[-4.51302,50.33031],[-4.51378,50.33035],[-4.51329,50.3305],[-4.51402,50.33046],[-4.51383,50.33083],[-4.51586,50.33108],[-4.51674,50.3316],[-4.51836,50.33144],[-4.5183,50.33123],[-4.5171,50.33123],[-4.51681,50.33092],[-4.51602,50.33116],[-4.51675,50.33069],[-4.51611,50.33022],[-4.51517,50.33013],[-4.51487,50.32998],[-4.51492,50.32979],[-4.5167,50.3299],[-4.51645,50.32971],[-4.51689,50.32931],[-4.51923,50.32865],[-4.519,50.32831],[-4.52037,50.328],[-4.5211,50.32827],[-4.52109,50.32796],[-4.52273,50.3276],[-4.52252,50.32732],[-4.52359,50.3273],[-4.52351,50.3276],[-4.52472,50.32744],[-4.52475,50.32787],[-4.52501,50.32762],[-4.52563,50.32771],[-4.52548,50.32726],[-4.52654,50.32698],[-4.52609,50.32812],[-4.52437,50.32997],[-4.52334,50.33054],[-4.52321,50.33187],[-4.52095,50.33061],[-4.52071,50.33103],[-4.52225,50.33249],[-4.52584,50.33441],[-4.52464,50.33597],[-4.52507,50.33617],[-4.52559,50.33752],[-4.52397,50.33641],[-4.52305,50.33783],[-4.52233,50.34021],[-4.52136,50.34112],[-4.52201,50.34259],[-4.5214,50.34377],[-4.52211,50.34509],[-4.52519,50.3467],[-4.5239,50.34668],[-4.52245,50.34574],[-4.52089,50.34656],[-4.51834,50.34724],[-4.51753,50.34835],[-4.51517,50.34991],[-4.51205,50.35073],[-4.51026,50.35173],[-4.50791,50.3505],[-4.50722,50.34957],[-4.50461,50.35048],[-4.50049,50.35078],[-4.49425,50.35178],[-4.49038,50.35389],[-4.48826,50.35694],[-4.48822,50.359],[-4.48603,50.36025],[-4.4856,50.36148],[-4.48635,50.36288],[-4.48422,50.36423],[-4.48209,50.36452]]]}},{"type":"Feature","properties":{"id":"E01018763","name":"E01018763","parent":"E06000052","type":"LSOA","pop":1103,"r":4,"ff":2,"ffd":181.3,"ffs":0.6667,"g":1,"co":3,"mo":3,"sa":3,"ic":1},"geometry":{"type":"MultiPolygon","coordinates":[[[[-4.3165,50.41373],[-4.31669,50.41364],[-4.31696,50.41371],[-4.31694,50.41372],[-4.3165,50.41373]]],[[[-4.31359,50.41405],[-4.31353,50.4139],[-4.31364,50.41409],[-4.31359,50.41405]]],[[[-4.31875,50.41423],[-4.31873,50.41422],[-4.31875,50.41423],[-4.31875,50.41423]]],[[[-4.31484,50.41425],[-4.31477,50.41424],[-4.31537,50.41431],[-4.31537,50.41431],[-4.31484,50.41425]]],[[[-4.31905,50.41534],[-4.31906,50.41524],[-4.31909,50.41536],[-4.31905,50.41534]]],[[[-4.27273,50.41689],[-4.27281,50.41686],[-4.27277,50.41748],[-4.27273,50.41689]]],[[[-4.31415,50.44468],[-4.31286,50.44379],[-4.30967,50.44275],[-4.30447,50.44226],[-4.30286,50.44241],[-4.30172,50.44289],[-4.30033,50.44291],[-4.30005,50.44217],[-4.29901,50.44193],[-4.29924,50.44117],[-4.29855,50.43928],[-4.29653,50.43827],[-4.29543,50.43688],[-4.29192,50.43673],[-4.29068,50.43697],[-4.28995,50.43637],[-4.28801,50.43579],[-4.28758,50.43494],[-4.28441,50.43357],[-4.28106,50.4326],[-4.27741,50.42964],[-4.27608,50.42816],[-4.27595,50.4275],[-4.27532,50.42652],[-4.27534,50.42552],[-4.27576,50.4252],[-4.27601,50.42449],[-4.27551,50.42222],[-4.27328,50.4207],[-4.27357,50.42009],[-4.27278,50.41935],[-4.27332,50.41814],[-4.27285,50.41706],[-4.27464,50.41635],[-4.27644,50.41493],[-4.27795,50.41457],[-4.27886,50.41395],[-4.27932,50.41278],[-4.27845,50.41186],[-4.27934,50.41219],[-4.27841,50.41141],[-4.27837,50.41077],[-4.27875,50.40988],[-4.27911,50.41029],[-4.27989,50.41023],[-4.27916,50.41021],[-4.27892,50.40948],[-4.28008,50.40968],[-4.27922,50.40917],[-4.27893,50.40928],[-4.27858,50.40812],[-4.27977,50.40848],[-4.28011,50.40791],[-4.28033,50.4079],[-4.27972,50.40756],[-4.27978,50.40816],[-4.27867,50.40777],[-4.27917,50.40701],[-4.27983,50.40726],[-4.27973,50.407],[-4.28032,50.40692],[-4.27913,50.40681],[-4.27996,50.40627],[-4.28048,50.40644],[-4.28062,50.40614],[-4.28009,50.40618],[-4.28137,50.40481],[-4.28151,50.40331],[-4.28079,50.40134],[-4.28203,50.39868],[-4.28312,50.3981],[-4.28292,50.39774],[-4.28615,50.39585],[-4.28845,50.39488],[-4.29045,50.39481],[-4.29163,50.39409],[-4.29174,50.39214],[-4.29235,50.39187],[-4.29237,50.39098],[-4.29261,50.39081],[-4.29338,50.39108],[-4.29255,50.39064],[-4.29359,50.38907],[-4.29446,50.38952],[-4.29927,50.39066],[-4.30022,50.39157],[-4.29976,50.39096],[-4.30046,50.39104],[-4.30172,50.39264],[-4.30162,50.39389],[-4.30099,50.39467],[-4.29926,50.39469],[-4.29938,50.39442],[-4.29919,50.39461],[-4.29921,50.39468],[-4.29938,50.39477],[-4.29959,50.39476],[-4.29959,50.39484],[-4.30089,50.39476],[-4.29981,50.39576],[-4.29938,50.39706],[-4.29874,50.39661],[-4.29801,50.39655],[-4.29813,50.39681],[-4.29729,50.39731],[-4.2975,50.39745],[-4.29855,50.39677],[-4.29897,50.39689],[-4.30027,50.39964],[-4.29954,50.39967],[-4.29887,50.39926],[-4.29773,50.39938],[-4.29683,50.39985],[-4.2982,50.3996],[-4.30002,50.39978],[-4.30052,50.39972],[-4.3004,50.39949],[-4.30214,50.39991],[-4.30415,50.39977],[-4.305,50.4],[-4.30546,50.40076],[-4.30582,50.40064],[-4.30576,50.40161],[-4.30241,50.40436],[-4.30317,50.40543],[-4.30485,50.40669],[-4.30492,50.40724],[-4.3039,50.40718],[-4.30441,50.40686],[-4.3035,50.40676],[-4.30315,50.40693],[-4.30372,50.40717],[-4.30312,50.40719],[-4.30311,50.40694],[-4.30196,50.40749],[-4.30289,50.4071],[-4.30264,50.40729],[-4.30265,50.40746],[-4.30276,50.40756],[-4.30289,50.40759],[-4.3032,50.40752],[-4.30376,50.40729],[-4.30289,50.40757],[-4.30266,50.40736],[-4.30296,50.40722],[-4.30433,50.40726],[-4.305,50.40745],[-4.30555,50.40812],[-4.30742,50.4081],[-4.30842,50.40892],[-4.30748,50.40988],[-4.30792,50.41098],[-4.30908,50.41123],[-4.30988,50.41096],[-4.30993,50.41124],[-4.31014,50.41099],[-4.3092,50.41064],[-4.30933,50.41112],[-4.3084,50.41102],[-4.30777,50.41042],[-4.30843,50.41062],[-4.3098,50.41028],[-4.31057,50.41061],[-4.31173,50.41133],[-4.31134,50.4125],[-4.3132,50.41343],[-4.31358,50.41421],[-4.31549,50.41442],[-4.31639,50.41379],[-4.31715,50.41378],[-4.31881,50.41443],[-4.319,50.41549],[-4.31809,50.41549],[-4.31762,50.4162],[-4.31897,50.41829],[-4.32061,50.418],[-4.32087,50.41841],[-4.32519,50.41806],[-4.32731,50.41983],[-4.32909,50.41988],[-4.32932,50.42037],[-4.32892,50.42099],[-4.32941,50.42194],[-4.32852,50.42241],[-4.33134,50.42383],[-4.33186,50.42457],[-4.33117,50.42564],[-4.32808,50.42589],[-4.33121,50.42793],[-4.33216,50.42941],[-4.33137,50.43165],[-4.32992,50.43276],[-4.3296,50.43394],[-4.33144,50.43819],[-4.33087,50.43856],[-4.33068,50.4404],[-4.33232,50.44196],[-4.33155,50.4423],[-4.32733,50.44161],[-4.32963,50.44409],[-4.32763,50.44443],[-4.32338,50.44361],[-4.32174,50.44361],[-4.32008,50.4441],[-4.31845,50.444],[-4.31551,50.44493],[-4.31415,50.44468]]]]}},{"type":"Feature","properties":{"id":"E01018764","name":"E01018764","parent":"E06000052","type":"LSOA","pop":1460,"r":8,"ff":4,"ffd":274.0,"ffs":0.5714,"g":1,"co":3,"mo":3,"sa":3,"ic":1},"geometry":{"type":"MultiPolygon","coordinates":[[[[-4.21948,50.42712],[-4.21963,50.42691],[-4.22023,50.42709],[-4.22065,50.4265],[-4.21921,50.427],[-4.21868,50.42685],[-4.22006,50.42606],[-4.22111,50.42594],[-4.22154,50.42632],[-4.22146,50.42605],[-4.22194,50.42613],[-4.22163,50.42637],[-4.22107,50.42655],[-4.2216,50.42691],[-4.22141,50.42717],[-4.22097,50.42718],[-4.22113,50.42696],[-4.22066,50.42696],[-4.22049,50.42733],[-4.21948,50.42712]]],[[[-4.22831,50.42948],[-4.2302,50.42912],[-4.22832,50.42959],[-4.22831,50.42948]]],[[[-4.24526,50.46685],[-4.24487,50.46655],[-4.24497,50.4666],[-4.24526,50.46685]]],[[[-4.25161,50.46815],[-4.25017,50.46715],[-4.25022,50.46644],[-4.24808,50.46632],[-4.24579,50.46703],[-4.24483,50.46643],[-4.2433,50.4662],[-4.24298,50.46551],[-4.24257,50.46525],[-4.24102,50.46478],[-4.23962,50.46496],[-4.23978,50.46345],[-4.24043,50.46262],[-4.23989,50.46073],[-4.23791,50.45776],[-4.23488,50.45583],[-4.23388,50.4561],[-4.23059,50.45501],[-4.22836,50.45534],[-4.22398,50.45875],[-4.22445,50.46111],[-4.22291,50.46265],[-4.22119,50.4633],[-4.22039,50.46286],[-4.22004,50.46288],[-4.21972,50.46336],[-4.22035,50.46294],[-4.22103,50.46356],[-4.22068,50.46386],[-4.21776,50.46443],[-4.21694,50.46379],[-4.21526,50.46117],[-4.2149,50.46121],[-4.21331,50.4593],[-4.21165,50.45621],[-4.21139,50.45402],[-4.21275,50.45281],[-4.21193,50.45263],[-4.21144,50.45286],[-4.21081,50.4525],[-4.21067,50.45034],[-4.21126,50.45028],[-4.21047,50.45017],[-4.20935,50.44878],[-4.20987,50.44568],[-4.21042,50.44606],[-4.21156,50.44567],[-4.20928,50.44542],[-4.20704,50.44371],[-4.2052,50.4432],[-4.20479,50.44341],[-4.20394,50.44274],[-4.20322,50.44262],[-4.20353,50.4425],[-4.20317,50.44224],[-4.20571,50.44158],[-4.2058,50.44054],[-4.20055,50.43795],[-4.19939,50.43642],[-4.19931,50.43572],[-4.20152,50.43444],[-4.20201,50.4333],[-4.20308,50.4326],[-4.20259,50.43137],[-4.20376,50.43078],[-4.20377,50.42996],[-4.20571,50.42919],[-4.20675,50.42955],[-4.21428,50.42973],[-4.21499,50.42954],[-4.21615,50.42832],[-4.21704,50.42893],[-4.21708,50.42938],[-4.21645,50.42952],[-4.21704,50.42949],[-4.21662,50.4298],[-4.21719,50.42975],[-4.21756,50.42952],[-4.2172,50.42948],[-4.21827,50.42913],[-4.21763,50.42901],[-4.21771,50.42859],[-4.21862,50.42911],[-4.21817,50.42929],[-4.21886,50.42932],[-4.21905,50.42902],[-4.21866,50.42903],[-4.21895,50.42881],[-4.21826,50.42838],[-4.21893,50.42857],[-4.21832,50.42811],[-4.21747,50.42826],[-4.21808,50.42806],[-4.21799,50.42782],[-4.21911,50.4281],[-4.21925,50.42883],[-4.22032,50.42829],[-4.21959,50.4285],[-4.21942,50.42812],[-4.21983,50.42832],[-4.21955,50.42811],[-4.21904,50.42797],[-4.21885,50.42742],[-4.22034,50.42823],[-4.21952,50.4273],[-4.22091,50.42808],[-4.2206,50.42756],[-4.22144,50.428],[-4.22267,50.4279],[-4.2214,50.42784],[-4.22067,50.42739],[-4.22196,50.42762],[-4.22219,50.42716],[-4.22137,50.42658],[-4.2219,50.42631],[-4.22234,50.42684],[-4.22228,50.42624],[-4.22254,50.42677],[-4.22285,50.42667],[-4.22248,50.42724],[-4.22296,50.42725],[-4.22262,50.42709],[-4.223,50.42684],[-4.22372,50.42774],[-4.22417,50.42779],[-4.22393,50.42812],[-4.22432,50.42786],[-4.22465,50.42813],[-4.22426,50.42823],[-4.22517,50.42838],[-4.2249,50.42889],[-4.22547,50.42873],[-4.22493,50.42891],[-4.22488,50.42929],[-4.22569,50.42893],[-4.22547,50.42928],[-4.22577,50.42923],[-4.22595,50.42988],[-4.22505,50.42999],[-4.22471,50.42972],[-4.22578,50.43077],[-4.22563,50.4314],[-4.22501,50.43126],[-4.22561,50.43186],[-4.2248,50.43197],[-4.22559,50.43245],[-4.22574,50.43292],[-4.22499,50.43334],[-4.22583,50.43379],[-4.22637,50.43556],[-4.22756,50.43614],[-4.22881,50.43632],[-4.23013,50.43615],[-4.23258,50.43692],[-4.23308,50.43777],[-4.23256,50.4383],[-4.23303,50.43865],[-4.23408,50.43835],[-4.23563,50.4388],[-4.23638,50.43868],[-4.23679,50.43891],[-4.23717,50.43881],[-4.23831,50.43904],[-4.23763,50.43878],[-4.23704,50.43877],[-4.23685,50.43887],[-4.2364,50.43864],[-4.23686,50.43863],[-4.23435,50.43813],[-4.23343,50.43762],[-4.23428,50.43645],[-4.23276,50.43627],[-4.2307,50.43534],[-4.2286,50.43549],[-4.22863,50.43568],[-4.22731,50.43517],[-4.22809,50.43508],[-4.22732,50.43283],[-4.22673,50.43298],[-4.22714,50.43271],[-4.22689,50.42997],[-4.23226,50.42871],[-4.23428,50.42879],[-4.23301,50.42868],[-4.2373,50.42857],[-4.2403,50.42903],[-4.24267,50.42846],[-4.24736,50.42841],[-4.25438,50.43025],[-4.25568,50.43096],[-4.25586,50.43151],[-4.25815,50.43132],[-4.26817,50.4317],[-4.26851,50.43151],[-4.27293,50.43183],[-4.27482,50.43166],[-4.27619,50.43115],[-4.27756,50.42981],[-4.28106,50.4326],[-4.28441,50.43357],[-4.28758,50.43494],[-4.28801,50.43579],[-4.28995,50.43637],[-4.29068,50.43697],[-4.29192,50.43673],[-4.29543,50.43688],[-4.29653,50.43827],[-4.29855,50.43928],[-4.29924,50.44117],[-4.29901,50.44193],[-4.30005,50.44217],[-4.30033,50.44291],[-4.30333,50.44577],[-4.30702,50.44736],[-4.3075,50.4481],[-4.30766,50.44988],[-4.30528,50.45035],[-4.30373,50.4532],[-4.30206,50.45395],[-4.30157,50.45354],[-4.30197,50.45095],[-4.3027,50.44986],[-4.30235,50.44719],[-4.29941,50.44784],[-4.2947,50.44755],[-4.29047,50.44824],[-4.28812,50.44951],[-4.28676,50.44963],[-4.28495,50.44651],[-4.28275,50.4456],[-4.27966,50.44572],[-4.27766,50.44959],[-4.27826,50.45164],[-4.281,50.45321],[-4.28166,50.45434],[-4.28295,50.45512],[-4.28367,50.45601],[-4.28896,50.45657],[-4.29093,50.45623],[-4.29198,50.45672],[-4.29588,50.45676],[-4.29392,50.45757],[-4.29362,50.45886],[-4.29611,50.46226],[-4.29764,50.4604],[-4.29845,50.45832],[-4.30177,50.45894],[-4.30032,50.46371],[-4.30128,50.46458],[-4.30066,50.46514],[-4.29825,50.46504],[-4.29733,50.4655],[-4.29524,50.46555],[-4.29385,50.4666],[-4.29261,50.46702],[-4.29118,50.46695],[-4.29171,50.46498],[-4.29086,50.46387],[-4.28643,50.46257],[-4.28445,50.46232],[-4.28393,50.4619],[-4.2829,50.46169],[-4.27912,50.46459],[-4.2785,50.46593],[-4.2773,50.46652],[-4.27469,50.46663],[-4.27419,50.46609],[-4.27254,50.4659],[-4.27096,50.46513],[-4.27045,50.46553],[-4.2707,50.46577],[-4.26869,50.46591],[-4.26723,50.46637],[-4.2653,50.46725],[-4.26477,50.46786],[-4.26279,50.46775],[-4.26069,50.4681],[-4.25898,50.46944],[-4.25784,50.4698],[-4.25603,50.46992],[-4.25484,50.46963],[-4.25345,50.46854],[-4.25161,50.46815]]]]}},{"type":"Feature","properties":{"id":"E01018765","name":"E01018765","parent":"E06000052","type":"LSOA","pop":1496,"r":3,"ff":1,"ffd":66.8,"ffs":0.5,"g":1,"co":3,"mo":3,"sa":3,"ic":1},"geometry":{"type":"MultiPolygon","coordinates":[[[[-4.24132,50.46487],[-4.24137,50.46486],[-4.24164,50.46497],[-4.24136,50.46488],[-4.24132,50.46487]]],[[[-4.24579,50.46703],[-4.2459,50.46702],[-4.24582,50.46705],[-4.24579,50.46703]]],[[[-4.22529,50.48981],[-4.22547,50.48978],[-4.22546,50.4898],[-4.22529,50.48981]]],[[[-4.22728,50.48986],[-4.22728,50.48986],[-4.22728,50.48986],[-4.22728,50.48986]]],[[[-4.22691,50.4902],[-4.22695,50.49016],[-4.22696,50.49019],[-4.22691,50.4902]]],[[[-4.22542,50.49019],[-4.22543,50.49017],[-4.22589,50.49025],[-4.22542,50.49019]]],[[[-4.2264,50.49031],[-4.22651,50.4903],[-4.22645,50.49032],[-4.2264,50.49031]]],[[[-4.26644,50.5004],[-4.25963,50.50022],[-4.25744,50.49948],[-4.25596,50.49847],[-4.25323,50.49789],[-4.25245,50.49697],[-4.25244,50.49503],[-4.25161,50.49411],[-4.24864,50.49415],[-4.2424,50.4935],[-4.24051,50.49248],[-4.23721,50.49295],[-4.23439,50.49251],[-4.23267,50.492],[-4.23159,50.49109],[-4.22957,50.49094],[-4.22807,50.49043],[-4.23069,50.49101],[-4.22756,50.49025],[-4.22742,50.48984],[-4.22666,50.4898],[-4.22687,50.49015],[-4.22645,50.49024],[-4.22547,50.49008],[-4.22582,50.48968],[-4.2244,50.48975],[-4.22433,50.48881],[-4.22239,50.48584],[-4.22166,50.48556],[-4.22165,50.48521],[-4.222,50.48542],[-4.22123,50.48471],[-4.2214,50.48533],[-4.2205,50.48495],[-4.21879,50.48357],[-4.2187,50.47837],[-4.21921,50.47802],[-4.21859,50.47802],[-4.21878,50.47746],[-4.21937,50.47724],[-4.21865,50.47736],[-4.21849,50.47686],[-4.21923,50.47546],[-4.22628,50.4725],[-4.22979,50.47136],[-4.2359,50.4684],[-4.23586,50.4688],[-4.23652,50.4679],[-4.2386,50.46636],[-4.23933,50.46522],[-4.24126,50.46491],[-4.24274,50.46548],[-4.24299,50.46617],[-4.24369,50.46649],[-4.24487,50.46655],[-4.24561,50.46713],[-4.24704,50.46701],[-4.24812,50.4664],[-4.25022,50.46644],[-4.25017,50.46715],[-4.25161,50.46815],[-4.25345,50.46854],[-4.25484,50.46963],[-4.25603,50.46992],[-4.25784,50.4698],[-4.25898,50.46944],[-4.26069,50.4681],[-4.26279,50.46775],[-4.26477,50.46786],[-4.2653,50.46725],[-4.26723,50.46637],[-4.26869,50.46591],[-4.2707,50.46577],[-4.27045,50.46553],[-4.27096,50.46513],[-4.27254,50.4659],[-4.27419,50.46609],[-4.27469,50.46663],[-4.2773,50.46652],[-4.2785,50.46593],[-4.27912,50.46459],[-4.2829,50.46169],[-4.28393,50.4619],[-4.28445,50.46232],[-4.28643,50.46257],[-4.29086,50.46387],[-4.29171,50.46498],[-4.29118,50.46695],[-4.29261,50.46702],[-4.29385,50.4666],[-4.29524,50.46555],[-4.29733,50.4655],[-4.29825,50.46504],[-4.30066,50.46514],[-4.30128,50.46458],[-4.30032,50.46371],[-4.30177,50.45894],[-4.29845,50.45832],[-4.29764,50.4604],[-4.29611,50.46226],[-4.29362,50.45886],[-4.29392,50.45757],[-4.29588,50.45676],[-4.29198,50.45672],[-4.29093,50.45623],[-4.28896,50.45657],[-4.28367,50.45601],[-4.28295,50.45512],[-4.28166,50.45434],[-4.281,50.45321],[-4.27826,50.45164],[-4.27766,50.44959],[-4.27966,50.44572],[-4.28275,50.4456],[-4.28495,50.44651],[-4.28676,50.44963],[-4.28812,50.44951],[-4.29047,50.44824],[-4.2947,50.44755],[-4.29941,50.44784],[-4.30235,50.44719],[-4.3027,50.44986],[-4.30197,50.45095],[-4.30157,50.45354],[-4.30206,50.45395],[-4.30373,50.4532],[-4.30528,50.45035],[-4.30766,50.44988],[-4.31184,50.45381],[-4.31246,50.45512],[-4.31241,50.45633],[-4.3138,50.458],[-4.31443,50.45846],[-4.31448,50.45911],[-4.31774,50.46017],[-4.31867,50.46098],[-4.31934,50.46233],[-4.32077,50.46315],[-4.32537,50.46421],[-4.3297,50.46444],[-4.33047,50.46543],[-4.33213,50.46626],[-4.33408,50.46813],[-4.33382,50.46964],[-4.33348,50.4704],[-4.33382,50.47136],[-4.33544,50.47202],[-4.33687,50.47415],[-4.33604,50.47514],[-4.33606,50.47586],[-4.33496,50.47673],[-4.33482,50.47793],[-4.33291,50.47918],[-4.33277,50.48012],[-4.33183,50.48059],[-4.33279,50.48172],[-4.33354,50.4837],[-4.33295,50.48586],[-4.3309,50.48744],[-4.32653,50.48742],[-4.32518,50.48653],[-4.32318,50.4858],[-4.31948,50.48568],[-4.31724,50.48527],[-4.31361,50.48605],[-4.31128,50.48748],[-4.30565,50.48851],[-4.30379,50.48914],[-4.30146,50.48935],[-4.29946,50.49081],[-4.29697,50.49176],[-4.29664,50.49221],[-4.29118,50.49411],[-4.29048,50.49515],[-4.29175,50.49716],[-4.2918,50.49804],[-4.29106,50.49909],[-4.29042,50.49934],[-4.29018,50.50048],[-4.28802,50.50241],[-4.28323,50.5026],[-4.27979,50.50347],[-4.27811,50.5034],[-4.2767,50.50301],[-4.27295,50.50298],[-4.271,50.50166],[-4.26783,50.50114],[-4.26644,50.5004]]]]}},{"type":"Feature","properties":{"id":"E01018766","name":"E01018766","parent":"E06000052","type":"LSOA","pop":1676,"r":1,"ff":0,"ffd":0.0,"ffs":0.0,"g":0,"co":3,"mo":3,"sa":3,"ic":3},"geometry":{"type":"Polygon","coordinates":[[[-4.61249,50.45967],[-4.61107,50.45883],[-4.60769,50.45767],[-4.60681,50.45785],[-4.60605,50.45865],[-4.60292,50.45877],[-4.60198,50.4593],[-4.59743,50.45926],[-4.59466,50.45885],[-4.59333,50.45785],[-4.59261,50.45652],[-4.59055,50.45548],[-4.58938,50.45555],[-4.58776,50.45628],[-4.58589,50.45646],[-4.58443,50.45618],[-4.58283,50.455],[-4.58049,50.45437],[-4.57638,50.45429],[-4.57624,50.45317],[-4.57691,50.45165],[-4.5778,50.45114],[-4.57783,50.44995],[-4.58161,50.44728],[-4.58314,50.44585],[-4.58299,50.44542],[-4.58119,50.44474],[-4.58059,50.4432],[-4.57352,50.44234],[-4.57237,50.44205],[-4.57217,50.44113],[-4.56687,50.44166],[-4.56551,50.44162],[-4.56448,50.43934],[-4.56533,50.43813],[-4.568,50.43621],[-4.57009,50.43538],[-4.57183,50.4337],[-4.57234,50.43205],[-4.57187,50.42657],[-4.57261,50.42425],[-4.57462,50.41945],[-4.57684,50.41644],[-4.58011,50.40919],[-4.57954,50.40906],[-4.58066,50.40169],[-4.57929,50.3945],[-4.5824,50.38921],[-4.58361,50.38881],[-4.58412,50.39132],[-4.58552,50.39124],[-4.58568,50.39057],[-4.58635,50.39072],[-4.58752,50.38991],[-4.58991,50.38908],[-4.58811,50.3873],[-4.59281,50.38617],[-4.59436,50.38484],[-4.59471,50.38428],[-4.59446,50.38263],[-4.59523,50.3824],[-4.59548,50.38136],[-4.59628,50.38096],[-4.59655,50.37986],[-4.59712,50.37953],[-4.59666,50.37845],[-4.59753,50.37713],[-4.59841,50.37652],[-4.59813,50.37623],[-4.59863,50.37533],[-4.59905,50.37478],[-4.60073,50.37417],[-4.60109,50.37179],[-4.60078,50.37156],[-4.60144,50.37116],[-4.60167,50.37032],[-4.60013,50.37079],[-4.59428,50.37049],[-4.59109,50.37072],[-4.59036,50.371],[-4.58603,50.37033],[-4.58331,50.36934],[-4.58399,50.36578],[-4.58566,50.36362],[-4.586,50.36081],[-4.58106,50.36244],[-4.58045,50.36231],[-4.57928,50.36065],[-4.57959,50.35895],[-4.58192,50.35739],[-4.5826,50.35739],[-4.58335,50.35697],[-4.58021,50.35575],[-4.57888,50.35491],[-4.57486,50.35604],[-4.57211,50.35618],[-4.57041,50.35591],[-4.57032,50.35358],[-4.56986,50.35257],[-4.57104,50.35141],[-4.57346,50.35042],[-4.57604,50.34994],[-4.57767,50.34996],[-4.57916,50.34946],[-4.57762,50.34877],[-4.57821,50.34806],[-4.57808,50.34752],[-4.57542,50.34615],[-4.57308,50.34369],[-4.5714,50.34299],[-4.56933,50.34053],[-4.57101,50.33957],[-4.57384,50.33887],[-4.57793,50.33647],[-4.57735,50.33561],[-4.57796,50.33493],[-4.57841,50.33252],[-4.58005,50.33217],[-4.58042,50.33179],[-4.58126,50.3318],[-4.58112,50.33161],[-4.58235,50.33157],[-4.58169,50.33137],[-4.58266,50.33103],[-4.58303,50.33103],[-4.5827,50.33124],[-4.5834,50.33122],[-4.58319,50.33202],[-4.58372,50.33187],[-4.58413,50.33227],[-4.58625,50.33185],[-4.5875,50.33212],[-4.58896,50.33059],[-4.58987,50.33073],[-4.58968,50.3304],[-4.59061,50.33049],[-4.59037,50.33004],[-4.59099,50.32948],[-4.59227,50.32935],[-4.5918,50.32914],[-4.59229,50.32897],[-4.59197,50.32879],[-4.59243,50.32834],[-4.59309,50.32834],[-4.59391,50.32787],[-4.59506,50.32797],[-4.59456,50.32746],[-4.5958,50.32724],[-4.59553,50.32702],[-4.59626,50.32683],[-4.59617,50.32659],[-4.59716,50.32669],[-4.59717,50.32541],[-4.59666,50.32534],[-4.59709,50.32467],[-4.59681,50.32465],[-4.59842,50.32389],[-4.59856,50.3241],[-4.6001,50.32414],[-4.60061,50.32385],[-4.6019,50.32435],[-4.60177,50.32476],[-4.60231,50.32451],[-4.60245,50.32585],[-4.60131,50.32652],[-4.60132,50.32698],[-4.60345,50.32791],[-4.60305,50.32831],[-4.60347,50.32868],[-4.60629,50.32867],[-4.60665,50.32896],[-4.60687,50.32854],[-4.6083,50.32885],[-4.60892,50.32833],[-4.60945,50.32873],[-4.61049,50.32829],[-4.61037,50.32804],[-4.61082,50.32831],[-4.61192,50.32793],[-4.61221,50.32822],[-4.61268,50.32763],[-4.6135,50.32752],[-4.61332,50.3271],[-4.61425,50.32637],[-4.61418,50.32606],[-4.61434,50.32589],[-4.61505,50.32592],[-4.61475,50.32571],[-4.61502,50.32501],[-4.6173,50.32428],[-4.61859,50.32422],[-4.61857,50.32387],[-4.62042,50.3241],[-4.62041,50.32446],[-4.62083,50.32418],[-4.62379,50.32464],[-4.62453,50.32404],[-4.62723,50.32435],[-4.62841,50.3243],[-4.62917,50.32481],[-4.6308,50.32424],[-4.63309,50.32434],[-4.63302,50.3246],[-4.63371,50.32459],[-4.63399,50.32505],[-4.63364,50.32565],[-4.63456,50.32508],[-4.63495,50.32535],[-4.63519,50.32479],[-4.63583,50.32514],[-4.63538,50.32549],[-4.63602,50.32556],[-4.63647,50.32609],[-4.63764,50.32593],[-4.63865,50.3262],[-4.63899,50.32674],[-4.63825,50.32704],[-4.6393,50.32707],[-4.63975,50.32827],[-4.63892,50.32846],[-4.63912,50.32885],[-4.63835,50.32899],[-4.63846,50.32985],[-4.63767,50.32984],[-4.63597,50.32903],[-4.63505,50.32911],[-4.63476,50.32965],[-4.63429,50.32909],[-4.6332,50.32995],[-4.63157,50.33058],[-4.63022,50.33242],[-4.6309,50.33143],[-4.62991,50.33246],[-4.62829,50.33243],[-4.62758,50.33282],[-4.62502,50.33322],[-4.62319,50.33313],[-4.62341,50.33359],[-4.62248,50.3343],[-4.61731,50.33413],[-4.61607,50.33466],[-4.61517,50.33579],[-4.61398,50.33607],[-4.61199,50.33716],[-4.61033,50.33735],[-4.61021,50.33708],[-4.60913,50.33757],[-4.6088,50.33808],[-4.60912,50.33859],[-4.60923,50.33812],[-4.61036,50.3374],[-4.61149,50.33774],[-4.61343,50.33748],[-4.61715,50.33544],[-4.62254,50.33578],[-4.62399,50.33541],[-4.62591,50.33443],[-4.62966,50.33458],[-4.62967,50.33825],[-4.63043,50.33956],[-4.63015,50.3398],[-4.63115,50.34036],[-4.63143,50.34136],[-4.62877,50.34348],[-4.62911,50.34392],[-4.6289,50.34497],[-4.62987,50.34581],[-4.62915,50.34586],[-4.62827,50.3466],[-4.62719,50.34642],[-4.62781,50.34682],[-4.62739,50.34793],[-4.62797,50.34811],[-4.62842,50.3476],[-4.63084,50.34657],[-4.63228,50.34693],[-4.63523,50.34692],[-4.636,50.34725],[-4.63469,50.34898],[-4.63446,50.35],[-4.63652,50.35596],[-4.63578,50.3583],[-4.63407,50.35836],[-4.62792,50.35722],[-4.62548,50.35761],[-4.62466,50.35706],[-4.6245,50.35776],[-4.62238,50.3589],[-4.62047,50.35869],[-4.61754,50.35761],[-4.61463,50.35739],[-4.60907,50.35865],[-4.60696,50.35989],[-4.60644,50.36102],[-4.60722,50.36012],[-4.6081,50.35995],[-4.6086,50.35942],[-4.61093,50.35897],[-4.61312,50.35807],[-4.61684,50.3581],[-4.62041,50.35944],[-4.62246,50.35986],[-4.62407,50.36118],[-4.6238,50.35972],[-4.62785,50.35822],[-4.63098,50.35872],[-4.63598,50.3601],[-4.63587,50.36147],[-4.63397,50.36359],[-4.63353,50.3655],[-4.63377,50.36734],[-4.63436,50.3683],[-4.63348,50.36874],[-4.63479,50.36927],[-4.63541,50.37032],[-4.63361,50.37441],[-4.63395,50.37688],[-4.6332,50.37696],[-4.63417,50.3783],[-4.63351,50.37935],[-4.63151,50.38054],[-4.62589,50.38048],[-4.62529,50.3811],[-4.62244,50.38173],[-4.62071,50.38252],[-4.61981,50.38203],[-4.62034,50.38261],[-4.61857,50.38311],[-4.61787,50.3839],[-4.61576,50.38503],[-4.61627,50.38495],[-4.61587,50.38561],[-4.61663,50.38481],[-4.61834,50.38393],[-4.62142,50.38308],[-4.62236,50.38254],[-4.62351,50.38249],[-4.62588,50.38125],[-4.62769,50.38087],[-4.63025,50.38096],[-4.63035,50.3818],[-4.63067,50.38208],[-4.63098,50.38097],[-4.63349,50.38069],[-4.63477,50.37962],[-4.63591,50.37987],[-4.63517,50.3792],[-4.63625,50.37629],[-4.63612,50.37398],[-4.63646,50.37339],[-4.63794,50.37308],[-4.64732,50.38039],[-4.65088,50.38192],[-4.65338,50.38237],[-4.65326,50.38287],[-4.65397,50.38381],[-4.65617,50.38504],[-4.6593,50.38793],[-4.65917,50.38839],[-4.65825,50.38866],[-4.66033,50.38851],[-4.65794,50.38895],[-4.65502,50.39063],[-4.65069,50.39599],[-4.64977,50.39636],[-4.64998,50.39665],[-4.64915,50.39742],[-4.65132,50.3984],[-4.65017,50.3994],[-4.65121,50.40183],[-4.6506,50.40403],[-4.64978,50.40401],[-4.64933,50.40732],[-4.64942,50.40801],[-4.64748,50.40948],[-4.64646,50.4118],[-4.64592,50.41457],[-4.6436,50.41816],[-4.64583,50.41885],[-4.6474,50.41979],[-4.64805,50.41936],[-4.64962,50.41983],[-4.64995,50.41961],[-4.65206,50.4207],[-4.6525,50.42046],[-4.65334,50.42059],[-4.65453,50.4217],[-4.65674,50.42207],[-4.65692,50.42248],[-4.65598,50.42269],[-4.65612,50.42293],[-4.65887,50.42389],[-4.65937,50.42334],[-4.66027,50.42385],[-4.66023,50.42427],[-4.66123,50.42463],[-4.66289,50.42467],[-4.66596,50.42621],[-4.66797,50.42654],[-4.66728,50.42815],[-4.66837,50.42825],[-4.67056,50.43018],[-4.67222,50.43086],[-4.67412,50.43237],[-4.67371,50.43272],[-4.67449,50.43294],[-4.67516,50.4338],[-4.67524,50.43538],[-4.67828,50.43485],[-4.68091,50.43597],[-4.68129,50.43681],[-4.68056,50.43827],[-4.67827,50.43977],[-4.67795,50.44105],[-4.67716,50.44191],[-4.67619,50.44237],[-4.67421,50.44211],[-4.67336,50.44239],[-4.67243,50.44311],[-4.67241,50.44427],[-4.67111,50.44417],[-4.67148,50.44511],[-4.67116,50.44551],[-4.66878,50.44624],[-4.66671,50.44587],[-4.66356,50.44629],[-4.66194,50.44742],[-4.66165,50.44842],[-4.66051,50.44939],[-4.66016,50.45046],[-4.6573,50.45064],[-4.6563,50.44966],[-4.65464,50.44933],[-4.65253,50.4484],[-4.64716,50.44487],[-4.64601,50.44364],[-4.63634,50.44283],[-4.63511,50.44405],[-4.63573,50.44771],[-4.63441,50.45047],[-4.63416,50.45357],[-4.63493,50.45433],[-4.635,50.45496],[-4.63422,50.45605],[-4.63205,50.45629],[-4.63115,50.45739],[-4.62993,50.45795],[-4.62664,50.45869],[-4.6223,50.45709],[-4.62157,50.45776],[-4.62172,50.45835],[-4.6213,50.45875],[-4.6191,50.45949],[-4.61741,50.45906],[-4.61496,50.45973],[-4.61249,50.45967]]]}},{"type":"Feature","properties":{"id":"E01018767","name":"E01018767","parent":"E06000052","type":"LSOA","pop":1482,"r":2,"ff":1,"ffd":67.5,"ffs":0.5,"g":0,"co":1,"mo":3,"sa":3,"ic":1},"geometry":{"type":"Polygon","coordinates":[[[-4.46106,50.46172],[-4.46089,50.46126],[-4.46023,50.46189],[-4.45994,50.46179],[-4.46043,50.45991],[-4.45986,50.45973],[-4.45965,50.46006],[-4.45911,50.46003],[-4.45933,50.45908],[-4.4602,50.45936],[-4.45946,50.45839],[-4.45853,50.4584],[-4.45855,50.45762],[-4.4578,50.45802],[-4.45711,50.45793],[-4.45683,50.45759],[-4.45727,50.45749],[-4.45705,50.45713],[-4.45762,50.45609],[-4.45454,50.4551],[-4.45379,50.4545],[-4.45884,50.45367],[-4.46049,50.45385],[-4.46062,50.45492],[-4.45997,50.45552],[-4.46107,50.4558],[-4.46072,50.45663],[-4.46375,50.45693],[-4.46387,50.4586],[-4.46482,50.45844],[-4.46534,50.45783],[-4.46622,50.45787],[-4.46594,50.45852],[-4.46593,50.45998],[-4.46504,50.4611],[-4.46446,50.46317],[-4.46405,50.46374],[-4.46686,50.46442],[-4.4659,50.46571],[-4.46586,50.46655],[-4.46188,50.46851],[-4.46089,50.4686],[-4.46187,50.46384],[-4.46106,50.46172]]]}},{"type":"Feature","properties":{"id":"E01018768","name":"E01018768","parent":"E06000052","type":"LSOA","pop":2214,"r":2,"ff":1,"ffd":45.2,"ffs":0.5,"g":0,"co":1,"mo":3,"sa":3,"ic":1},"geometry":{"type":"Polygon","coordinates":[[[-4.45176,50.45993],[-4.4509,50.45935],[-4.45168,50.459],[-4.4515,50.45878],[-4.45037,50.45906],[-4.44944,50.45895],[-4.44974,50.4586],[-4.44943,50.458],[-4.44894,50.45789],[-4.44898,50.4575],[-4.44831,50.45761],[-4.44787,50.4582],[-4.4485,50.45848],[-4.44877,50.45906],[-4.44139,50.45862],[-4.44118,50.45831],[-4.44189,50.45707],[-4.44159,50.45661],[-4.43974,50.45579],[-4.44013,50.4552],[-4.43865,50.45363],[-4.43885,50.45174],[-4.44068,50.45252],[-4.44313,50.45182],[-4.44633,50.45185],[-4.44814,50.45103],[-4.44975,50.45109],[-4.45081,50.45067],[-4.4543,50.4509],[-4.45754,50.45228],[-4.45884,50.45367],[-4.45379,50.4545],[-4.45454,50.4551],[-4.45762,50.45609],[-4.45705,50.45713],[-4.45727,50.45749],[-4.45683,50.45759],[-4.45711,50.45793],[-4.45676,50.45834],[-4.45393,50.45641],[-4.45172,50.45559],[-4.45097,50.45486],[-4.45013,50.45475],[-4.44979,50.45659],[-4.45064,50.45606],[-4.45071,50.45638],[-4.45257,50.45737],[-4.45242,50.45779],[-4.45384,50.45818],[-4.45383,50.45886],[-4.45453,50.45881],[-4.45474,50.45955],[-4.4529,50.45949],[-4.45262,50.45962],[-4.45307,50.45981],[-4.45292,50.46018],[-4.45176,50.45993]]]}},{"type":"Feature","properties":{"id":"E01018770","name":"E01018770","parent":"E06000052","type":"LSOA","pop":1307,"r":2,"ff":1,"ffd":76.5,"ffs":0.5,"g":0,"co":1,"mo":3,"sa":3,"ic":1},"geometry":{"type":"Polygon","coordinates":[[[-4.46605,50.45434],[-4.46521,50.45373],[-4.46727,50.45411],[-4.46748,50.45383],[-4.46662,50.45313],[-4.46687,50.45209],[-4.46615,50.45129],[-4.46652,50.45108],[-4.46611,50.45093],[-4.46654,50.45019],[-4.46846,50.45116],[-4.46974,50.45054],[-4.46823,50.44988],[-4.46865,50.44927],[-4.47701,50.44982],[-4.47667,50.45124],[-4.47572,50.45117],[-4.47656,50.45194],[-4.47489,50.45253],[-4.47427,50.45196],[-4.47344,50.45256],[-4.47301,50.4533],[-4.47179,50.45347],[-4.47243,50.45403],[-4.47142,50.45441],[-4.47156,50.45474],[-4.46996,50.45511],[-4.46636,50.45518],[-4.46605,50.45434]]]}},{"type":"Feature","properties":{"id":"E01018771","name":"E01018771","parent":"E06000052","type":"LSOA","pop":1436,"r":2,"ff":1,"ffd":69.6,"ffs":0.5,"g":0,"co":1,"mo":3,"sa":3,"ic":1},"geometry":{"type":"Polygon","coordinates":[[[-4.46012,50.45565],[-4.45997,50.45552],[-4.46062,50.45492],[-4.46049,50.45385],[-4.45884,50.45367],[-4.45754,50.45228],[-4.4543,50.4509],[-4.45081,50.45067],[-4.45244,50.44996],[-4.45311,50.4503],[-4.45387,50.44985],[-4.45876,50.44976],[-4.46249,50.44796],[-4.46294,50.44841],[-4.46294,50.44963],[-4.46571,50.44933],[-4.46654,50.45019],[-4.46611,50.45093],[-4.46652,50.45108],[-4.46615,50.45129],[-4.46687,50.45209],[-4.46662,50.45313],[-4.46748,50.45383],[-4.46727,50.45411],[-4.46521,50.45373],[-4.46605,50.45434],[-4.46636,50.45518],[-4.46484,50.4555],[-4.46464,50.45573],[-4.46273,50.45573],[-4.46194,50.45549],[-4.46148,50.45595],[-4.46012,50.45565]]]}},{"type":"Feature","properties":{"id":"E01018772","name":"E01018772","parent":"E06000052","type":"LSOA","pop":1841,"r":2,"ff":1,"ffd":54.3,"ffs":0.5,"g":0,"co":1,"mo":3,"sa":3,"ic":1},"geometry":{"type":"Polygon","coordinates":[[[-4.48,50.45538],[-4.47952,50.45488],[-4.47892,50.45563],[-4.47732,50.45579],[-4.47466,50.45651],[-4.47438,50.45589],[-4.47078,50.45606],[-4.47046,50.45546],[-4.47102,50.45536],[-4.46996,50.45511],[-4.47156,50.45474],[-4.47142,50.45441],[-4.47243,50.45403],[-4.47179,50.45347],[-4.47301,50.4533],[-4.47344,50.45256],[-4.47427,50.45196],[-4.47489,50.45253],[-4.47656,50.45194],[-4.47572,50.45117],[-4.47667,50.45124],[-4.47701,50.44982],[-4.46865,50.44927],[-4.46823,50.44988],[-4.46974,50.45054],[-4.46846,50.45116],[-4.46654,50.45019],[-4.46571,50.44933],[-4.46294,50.44963],[-4.46294,50.44841],[-4.46249,50.44796],[-4.46552,50.44637],[-4.46698,50.44472],[-4.46675,50.44191],[-4.47063,50.44115],[-4.47307,50.4397],[-4.47471,50.43957],[-4.47566,50.43872],[-4.47657,50.4387],[-4.47672,50.43961],[-4.47783,50.44131],[-4.47902,50.44242],[-4.48026,50.44257],[-4.48145,50.4451],[-4.48457,50.44902],[-4.48545,50.45067],[-4.4867,50.45095],[-4.49121,50.45394],[-4.49111,50.4551],[-4.49218,50.4568],[-4.49205,50.45867],[-4.49159,50.45916],[-4.49022,50.4592],[-4.49066,50.45844],[-4.48579,50.45845],[-4.48616,50.45764],[-4.48291,50.45729],[-4.48298,50.45705],[-4.4819,50.45677],[-4.48192,50.45607],[-4.48,50.45538]]]}},{"type":"Feature","properties":{"id":"E01018773","name":"E01018773","parent":"E06000052","type":"LSOA","pop":1513,"r":1,"ff":1,"ffd":66.1,"ffs":1.0,"g":0,"co":1,"mo":3,"sa":3,"ic":3},"geometry":{"type":"MultiPolygon","coordinates":[[[[-4.44853,50.33712],[-4.44639,50.33657],[-4.44917,50.33624],[-4.45009,50.33569],[-4.45158,50.33552],[-4.45223,50.33572],[-4.45164,50.33623],[-4.45231,50.33643],[-4.45293,50.33622],[-4.45246,50.33664],[-4.45309,50.33673],[-4.45286,50.33698],[-4.45325,50.3369],[-4.45314,50.33742],[-4.45051,50.33895],[-4.45009,50.33832],[-4.44939,50.33826],[-4.44926,50.33763],[-4.44853,50.33712]]],[[[-4.45444,50.35504],[-4.455,50.3549],[-4.45534,50.35663],[-4.45514,50.35666],[-4.45444,50.35504]]],[[[-4.4568,50.35677],[-4.45606,50.35383],[-4.45662,50.35379],[-4.45629,50.35408],[-4.4567,50.3542],[-4.45668,50.35485],[-4.45695,50.35504],[-4.45784,50.3538],[-4.45847,50.35363],[-4.45831,50.35329],[-4.45889,50.35288],[-4.45958,50.35295],[-4.45965,50.35317],[-4.46205,50.35267],[-4.46216,50.35226],[-4.461,50.35262],[-4.46046,50.35205],[-4.46302,50.35122],[-4.46238,50.35042],[-4.4591,50.34958],[-4.45814,50.3483],[-4.45674,50.34798],[-4.45447,50.34623],[-4.45338,50.34729],[-4.4529,50.34926],[-4.45202,50.34968],[-4.45269,50.35038],[-4.45213,50.35019],[-4.45148,50.35053],[-4.4512,50.35045],[-4.45109,50.34972],[-4.45059,50.34945],[-4.45083,50.34766],[-4.45246,50.34487],[-4.45767,50.3439],[-4.4585,50.34329],[-4.45822,50.3431],[-4.45858,50.34238],[-4.46014,50.34134],[-4.46298,50.34158],[-4.46315,50.34132],[-4.46599,50.34082],[-4.46672,50.33985],[-4.46723,50.34034],[-4.468,50.34029],[-4.46831,50.33998],[-4.47082,50.3394],[-4.47087,50.33906],[-4.4731,50.33855],[-4.47311,50.33801],[-4.47342,50.33807],[-4.47296,50.33751],[-4.47336,50.33747],[-4.47283,50.33697],[-4.47317,50.33696],[-4.47188,50.33611],[-4.47218,50.33588],[-4.47189,50.33558],[-4.47111,50.33558],[-4.47196,50.33517],[-4.47165,50.33492],[-4.47192,50.33467],[-4.47126,50.33469],[-4.47196,50.33436],[-4.47162,50.33428],[-4.47203,50.33415],[-4.4715,50.33408],[-4.47245,50.33409],[-4.47267,50.33367],[-4.47233,50.33342],[-4.47305,50.33308],[-4.47448,50.33292],[-4.47551,50.33331],[-4.47532,50.33312],[-4.47658,50.33305],[-4.4764,50.33341],[-4.47781,50.3334],[-4.47841,50.33386],[-4.47924,50.33346],[-4.47947,50.33364],[-4.47912,50.33383],[-4.48026,50.33385],[-4.4814,50.33431],[-4.48077,50.33586],[-4.48095,50.3384],[-4.48238,50.34034],[-4.48443,50.3416],[-4.48525,50.34253],[-4.48575,50.34593],[-4.48666,50.34813],[-4.48678,50.3505],[-4.48496,50.35157],[-4.48336,50.35118],[-4.47764,50.35189],[-4.47584,50.35267],[-4.47309,50.35484],[-4.46873,50.35624],[-4.46394,50.35728],[-4.46382,50.35782],[-4.45926,50.35872],[-4.45716,50.35815],[-4.45661,50.35762],[-4.4568,50.35677]]]]}},{"type":"Feature","properties":{"id":"E01018774","name":"E01018774","parent":"E06000052","type":"LSOA","pop":1900,"r":1,"ff":1,"ffd":52.6,"ffs":1.0,"g":0,"co":1,"mo":3,"sa":3,"ic":3},"geometry":{"type":"Polygon","coordinates":[[[-4.41747,50.38677],[-4.41535,50.38608],[-4.4144,50.38636],[-4.41176,50.38624],[-4.41069,50.38684],[-4.41012,50.38692],[-4.40898,50.38649],[-4.40783,50.38561],[-4.40406,50.38521],[-4.40345,50.38468],[-4.40334,50.38381],[-4.40401,50.38264],[-4.40328,50.38066],[-4.40043,50.37896],[-4.39405,50.3772],[-4.3932,50.37619],[-4.39513,50.37459],[-4.39441,50.37466],[-4.39265,50.3736],[-4.39218,50.37369],[-4.39194,50.37321],[-4.39026,50.37244],[-4.39112,50.37145],[-4.3899,50.37148],[-4.39069,50.37062],[-4.3921,50.37017],[-4.39169,50.369],[-4.39241,50.36842],[-4.39812,50.36764],[-4.39861,50.36765],[-4.39913,50.36936],[-4.40009,50.37035],[-4.40084,50.37026],[-4.40127,50.3708],[-4.40368,50.37127],[-4.40464,50.3693],[-4.40441,50.36803],[-4.40349,50.36784],[-4.40393,50.36601],[-4.40158,50.36361],[-4.41022,50.36415],[-4.4118,50.36382],[-4.41246,50.36338],[-4.41362,50.36332],[-4.41475,50.36281],[-4.41618,50.36282],[-4.41817,50.36213],[-4.42225,50.36176],[-4.42746,50.36183],[-4.43244,50.36084],[-4.43406,50.36084],[-4.43444,50.36055],[-4.43534,50.36105],[-4.4352,50.36051],[-4.43495,50.3608],[-4.43471,50.36064],[-4.43525,50.36047],[-4.43542,50.36119],[-4.43644,50.36107],[-4.43795,50.35942],[-4.43821,50.35978],[-4.43882,50.35962],[-4.43959,50.36033],[-4.4395,50.36095],[-4.44002,50.36046],[-4.44074,50.3606],[-4.44305,50.36188],[-4.44588,50.35984],[-4.44451,50.35871],[-4.44618,50.35824],[-4.44723,50.35717],[-4.44767,50.35716],[-4.44756,50.35686],[-4.4481,50.35703],[-4.44759,50.35855],[-4.4488,50.35882],[-4.44854,50.36205],[-4.44747,50.36246],[-4.44855,50.3624],[-4.44864,50.36298],[-4.44915,50.3628],[-4.44904,50.36258],[-4.44982,50.36229],[-4.45005,50.36127],[-4.45044,50.36116],[-4.45092,50.36115],[-4.45191,50.36182],[-4.45302,50.36157],[-4.45519,50.36055],[-4.45567,50.36088],[-4.45663,50.36091],[-4.45638,50.36208],[-4.45741,50.36461],[-4.45722,50.36648],[-4.45917,50.36965],[-4.45538,50.37119],[-4.45452,50.37292],[-4.45137,50.37654],[-4.44639,50.37889],[-4.44508,50.38015],[-4.43981,50.3805],[-4.43762,50.38022],[-4.436,50.38128],[-4.43329,50.38138],[-4.43184,50.38193],[-4.43129,50.38183],[-4.43099,50.38133],[-4.42772,50.38276],[-4.42714,50.38277],[-4.42787,50.38506],[-4.42591,50.38496],[-4.42299,50.38607],[-4.42288,50.3865],[-4.42209,50.38614],[-4.41747,50.38677]]]}},{"type":"Feature","properties":{"id":"E01018777","name":"E01018777","parent":"E06000052","type":"LSOA","pop":2029,"r":0,"ff":0,"ffd":0.0,"ffs":null,"g":0,"co":3,"mo":3,"sa":3,"ic":1},"geometry":{"type":"Polygon","coordinates":[[[-4.38937,50.57272],[-4.38749,50.57236],[-4.38531,50.57266],[-4.38191,50.57231],[-4.38,50.5729],[-4.37922,50.57245],[-4.37599,50.57182],[-4.37513,50.57073],[-4.37353,50.5698],[-4.37168,50.5696],[-4.37009,50.56983],[-4.36887,50.56887],[-4.3686,50.56818],[-4.36745,50.56847],[-4.36691,50.56813],[-4.36458,50.56817],[-4.36277,50.56894],[-4.36124,50.5687],[-4.36104,50.56842],[-4.35791,50.56838],[-4.3553,50.56806],[-4.35088,50.56921],[-4.3516,50.5678],[-4.35191,50.56651],[-4.35161,50.56467],[-4.35234,50.5631],[-4.35719,50.56175],[-4.35847,50.56009],[-4.36162,50.55739],[-4.3639,50.55606],[-4.36368,50.55516],[-4.36233,50.55381],[-4.36132,50.55051],[-4.35973,50.54948],[-4.35728,50.54747],[-4.35875,50.54677],[-4.35868,50.54618],[-4.35165,50.54465],[-4.3479,50.5426],[-4.3483,50.54044],[-4.34977,50.53974],[-4.35275,50.53551],[-4.35124,50.53364],[-4.34924,50.53454],[-4.34525,50.53419],[-4.34273,50.53451],[-4.34069,50.53528],[-4.34064,50.53606],[-4.33936,50.53683],[-4.33612,50.53443],[-4.33695,50.53338],[-4.33789,50.53294],[-4.33817,50.53095],[-4.33538,50.52914],[-4.33683,50.52826],[-4.33563,50.52732],[-4.33588,50.5269],[-4.33756,50.52596],[-4.33437,50.52411],[-4.33407,50.52234],[-4.32846,50.52078],[-4.32437,50.52003],[-4.32557,50.51839],[-4.32626,50.51861],[-4.32819,50.51642],[-4.32772,50.5162],[-4.32857,50.5157],[-4.32879,50.51491],[-4.33047,50.51464],[-4.32873,50.5123],[-4.33373,50.51054],[-4.33441,50.50925],[-4.33421,50.50808],[-4.33243,50.50639],[-4.3333,50.50318],[-4.33534,50.5024],[-4.33749,50.49983],[-4.33879,50.49921],[-4.34107,50.49708],[-4.34151,50.49612],[-4.34455,50.49494],[-4.34398,50.49323],[-4.34519,50.4931],[-4.34613,50.49354],[-4.34601,50.49447],[-4.34688,50.49492],[-4.34741,50.4959],[-4.3492,50.49565],[-4.3498,50.496],[-4.35022,50.49692],[-4.35165,50.49613],[-4.35238,50.49699],[-4.35372,50.49691],[-4.35404,50.49722],[-4.35415,50.49976],[-4.35335,50.50037],[-4.35421,50.5012],[-4.3573,50.50247],[-4.35912,50.50256],[-4.35995,50.50314],[-4.36148,50.50331],[-4.36585,50.50461],[-4.36831,50.50591],[-4.36883,50.50712],[-4.36851,50.50774],[-4.36878,50.50849],[-4.37054,50.50997],[-4.37147,50.51131],[-4.37109,50.51283],[-4.37179,50.51419],[-4.37418,50.51379],[-4.38254,50.51436],[-4.38539,50.51416],[-4.38903,50.51538],[-4.3899,50.51613],[-4.39156,50.51666],[-4.39389,50.51629],[-4.39473,50.51633],[-4.39662,50.51803],[-4.39838,50.51851],[-4.40268,50.51738],[-4.4082,50.51679],[-4.41149,50.51485],[-4.41393,50.51444],[-4.41835,50.51237],[-4.4205,50.51178],[-4.4232,50.51158],[-4.42346,50.51114],[-4.4244,50.51078],[-4.42578,50.50874],[-4.42732,50.50785],[-4.42635,50.50686],[-4.42645,50.50486],[-4.42609,50.50424],[-4.43448,50.50585],[-4.43764,50.50689],[-4.44089,50.50864],[-4.4442,50.51175],[-4.4485,50.51392],[-4.45008,50.51446],[-4.4535,50.51094],[-4.45399,50.51097],[-4.45477,50.51333],[-4.45554,50.51408],[-4.45972,50.51594],[-4.46018,50.51808],[-4.46267,50.52209],[-4.46417,50.52307],[-4.46634,50.52386],[-4.46902,50.52566],[-4.47128,50.52833],[-4.47319,50.53164],[-4.47435,50.53205],[-4.47783,50.53432],[-4.47992,50.53631],[-4.48166,50.54044],[-4.48172,50.54158],[-4.48099,50.54087],[-4.47977,50.54068],[-4.47394,50.54232],[-4.47244,50.5424],[-4.47145,50.54162],[-4.46579,50.5424],[-4.46144,50.54353],[-4.45445,50.54149],[-4.44721,50.54198],[-4.44518,50.54173],[-4.44052,50.5448],[-4.43734,50.54535],[-4.43576,50.54436],[-4.43383,50.54418],[-4.43144,50.54439],[-4.42807,50.54277],[-4.4257,50.54261],[-4.42329,50.54181],[-4.42094,50.54192],[-4.4187,50.54258],[-4.41875,50.54304],[-4.41678,50.54351],[-4.414,50.54323],[-4.41313,50.54375],[-4.41261,50.54508],[-4.4114,50.5462],[-4.41,50.5486],[-4.41494,50.54968],[-4.41263,50.5513],[-4.40368,50.55286],[-4.40142,50.55289],[-4.40054,50.55197],[-4.39672,50.55236],[-4.39623,50.5525],[-4.39679,50.55328],[-4.3949,50.554],[-4.39416,50.55476],[-4.39402,50.55506],[-4.39651,50.55639],[-4.39831,50.55947],[-4.40155,50.56184],[-4.39941,50.56315],[-4.39913,50.56436],[-4.3975,50.56429],[-4.39697,50.56558],[-4.39624,50.56544],[-4.39569,50.56686],[-4.39434,50.56783],[-4.3964,50.56902],[-4.39973,50.56939],[-4.39918,50.57027],[-4.39993,50.57144],[-4.39964,50.57214],[-4.39766,50.57348],[-4.39679,50.57465],[-4.39444,50.57551],[-4.39291,50.5755],[-4.39092,50.57342],[-4.38937,50.57272]]]}},{"type":"Feature","properties":{"id":"E01018778","name":"E01018778","parent":"E06000052","type":"LSOA","pop":1774,"r":2,"ff":1,"ffd":56.4,"ffs":0.5,"g":0,"co":1,"mo":3,"sa":3,"ic":1},"geometry":{"type":"Polygon","coordinates":[[[-4.38997,50.45344],[-4.38874,50.45238],[-4.38892,50.45211],[-4.38778,50.45188],[-4.38813,50.45146],[-4.38485,50.44967],[-4.38448,50.44996],[-4.38367,50.44974],[-4.38142,50.44891],[-4.38105,50.44843],[-4.38042,50.44872],[-4.37723,50.44705],[-4.37702,50.4466],[-4.37619,50.4463],[-4.37665,50.44586],[-4.37567,50.44552],[-4.37623,50.44502],[-4.37526,50.44375],[-4.37423,50.44374],[-4.37426,50.44321],[-4.37269,50.4428],[-4.37248,50.44207],[-4.3714,50.44196],[-4.37065,50.44222],[-4.37014,50.44168],[-4.36934,50.44162],[-4.36866,50.44084],[-4.36855,50.43987],[-4.36805,50.43964],[-4.36824,50.43918],[-4.36775,50.43884],[-4.36695,50.43888],[-4.36653,50.43771],[-4.3653,50.43757],[-4.36348,50.43848],[-4.36235,50.43845],[-4.3608,50.43793],[-4.35934,50.43644],[-4.35986,50.43608],[-4.35976,50.4357],[-4.35743,50.43492],[-4.35693,50.43454],[-4.35684,50.43376],[-4.35631,50.43361],[-4.35658,50.43337],[-4.35589,50.43296],[-4.35424,50.43278],[-4.35333,50.43155],[-4.35223,50.43141],[-4.3525,50.43061],[-4.3499,50.42975],[-4.35032,50.4288],[-4.35218,50.42842],[-4.35255,50.42742],[-4.35353,50.42694],[-4.35456,50.42708],[-4.35638,50.42657],[-4.35851,50.42654],[-4.35926,50.4262],[-4.35986,50.42631],[-4.36013,50.42706],[-4.36091,50.42738],[-4.36363,50.42762],[-4.36692,50.42852],[-4.36737,50.4295],[-4.3686,50.42984],[-4.37022,50.42881],[-4.37578,50.4287],[-4.38197,50.42718],[-4.38545,50.42749],[-4.38633,50.42731],[-4.3889,50.42598],[-4.39152,50.42409],[-4.39311,50.42186],[-4.39511,50.4212],[-4.39626,50.42049],[-4.39688,50.41951],[-4.39788,50.41914],[-4.39753,50.4178],[-4.39681,50.41733],[-4.39633,50.4162],[-4.39464,50.41518],[-4.39479,50.41222],[-4.39748,50.4124],[-4.39966,50.41196],[-4.40344,50.41272],[-4.40654,50.41201],[-4.40899,50.41397],[-4.41074,50.41396],[-4.41424,50.41457],[-4.41848,50.41418],[-4.4233,50.41308],[-4.42638,50.41347],[-4.43049,50.41726],[-4.43213,50.41937],[-4.42963,50.41811],[-4.42835,50.41789],[-4.42383,50.41836],[-4.42006,50.41824],[-4.4172,50.41927],[-4.41472,50.41917],[-4.41183,50.41995],[-4.41128,50.42101],[-4.41288,50.42221],[-4.41636,50.42207],[-4.41719,50.42238],[-4.41786,50.42343],[-4.4197,50.42376],[-4.42658,50.42321],[-4.4296,50.42403],[-4.43014,50.42537],[-4.43313,50.42395],[-4.4346,50.42364],[-4.43507,50.42558],[-4.43813,50.42672],[-4.44044,50.42602],[-4.44122,50.42606],[-4.44154,50.42676],[-4.44323,50.4281],[-4.44687,50.42855],[-4.45001,50.4279],[-4.45522,50.42877],[-4.45625,50.42861],[-4.45579,50.42968],[-4.45601,50.43022],[-4.4552,50.43104],[-4.45476,50.43239],[-4.45514,50.43385],[-4.45458,50.43617],[-4.45366,50.43753],[-4.45677,50.43832],[-4.45783,50.43979],[-4.45979,50.44098],[-4.46096,50.44223],[-4.46422,50.44251],[-4.46627,50.44236],[-4.46675,50.44191],[-4.46698,50.44472],[-4.46552,50.44637],[-4.45876,50.44976],[-4.45387,50.44985],[-4.45311,50.4503],[-4.45244,50.44996],[-4.44975,50.45109],[-4.44814,50.45103],[-4.44633,50.45185],[-4.44313,50.45182],[-4.44068,50.45252],[-4.43885,50.45174],[-4.43865,50.45363],[-4.44013,50.4552],[-4.43974,50.45579],[-4.44159,50.45661],[-4.44189,50.45707],[-4.44118,50.45831],[-4.44139,50.45862],[-4.44134,50.45899],[-4.44494,50.46124],[-4.44483,50.46227],[-4.44581,50.46483],[-4.44537,50.46881],[-4.44614,50.4699],[-4.44607,50.47121],[-4.4436,50.47186],[-4.4382,50.47457],[-4.43717,50.47534],[-4.43678,50.4765],[-4.43504,50.47762],[-4.43253,50.47798],[-4.42961,50.479],[-4.42786,50.48058],[-4.42782,50.48158],[-4.42569,50.4821],[-4.42631,50.48246],[-4.42431,50.48469],[-4.42017,50.48575],[-4.41852,50.4848],[-4.41656,50.48456],[-4.41509,50.48393],[-4.41135,50.48166],[-4.40893,50.48082],[-4.40735,50.48082],[-4.40654,50.47976],[-4.4068,50.47786],[-4.404,50.47639],[-4.40363,50.47533],[-4.40152,50.47442],[-4.40144,50.47372],[-4.40099,50.47347],[-4.40204,50.472],[-4.40582,50.46971],[-4.40477,50.46673],[-4.40524,50.46637],[-4.40521,50.4651],[-4.40454,50.46486],[-4.40448,50.46409],[-4.40288,50.463],[-4.40276,50.4624],[-4.40169,50.46137],[-4.40111,50.45916],[-4.39778,50.45797],[-4.39671,50.45674],[-4.39428,50.45638],[-4.39389,50.45591],[-4.39272,50.45579],[-4.39246,50.45533],[-4.39151,50.45529],[-4.39084,50.45456],[-4.39106,50.45417],[-4.38997,50.45344]]]}},{"type":"Feature","properties":{"id":"E01018779","name":"E01018779","parent":"E06000052","type":"LSOA","pop":2302,"r":1,"ff":1,"ffd":43.4,"ffs":1.0,"g":0,"co":1,"mo":3,"sa":3,"ic":1},"geometry":{"type":"Polygon","coordinates":[[[-4.39473,50.51633],[-4.39389,50.51629],[-4.39156,50.51666],[-4.3899,50.51613],[-4.38903,50.51538],[-4.38539,50.51416],[-4.38254,50.51436],[-4.37418,50.51379],[-4.37179,50.51419],[-4.37109,50.51283],[-4.37147,50.51131],[-4.37054,50.50997],[-4.36878,50.50849],[-4.36851,50.50774],[-4.36883,50.50712],[-4.36831,50.50591],[-4.36585,50.50461],[-4.36148,50.50331],[-4.35995,50.50314],[-4.35912,50.50256],[-4.3573,50.50247],[-4.35421,50.5012],[-4.35335,50.50037],[-4.35415,50.49976],[-4.35404,50.49722],[-4.35372,50.49691],[-4.35238,50.49699],[-4.35165,50.49613],[-4.35022,50.49692],[-4.3498,50.496],[-4.3492,50.49565],[-4.34741,50.4959],[-4.34688,50.49492],[-4.34601,50.49447],[-4.34613,50.49354],[-4.34519,50.4931],[-4.34398,50.49323],[-4.3412,50.49077],[-4.34021,50.49089],[-4.33956,50.4913],[-4.33695,50.49057],[-4.33382,50.49019],[-4.33341,50.48921],[-4.3315,50.48921],[-4.3309,50.48744],[-4.33295,50.48586],[-4.33354,50.4837],[-4.33279,50.48172],[-4.33183,50.48059],[-4.33277,50.48012],[-4.33291,50.47918],[-4.33482,50.47793],[-4.33496,50.47673],[-4.33606,50.47586],[-4.33604,50.47514],[-4.33687,50.47415],[-4.33544,50.47202],[-4.33382,50.47136],[-4.33348,50.4704],[-4.33382,50.46964],[-4.33527,50.47015],[-4.33961,50.4699],[-4.34251,50.46915],[-4.34479,50.46925],[-4.34484,50.46787],[-4.34684,50.46696],[-4.35254,50.46575],[-4.35505,50.46551],[-4.36138,50.46729],[-4.36504,50.46991],[-4.368,50.47082],[-4.37101,50.47303],[-4.37495,50.47258],[-4.37566,50.47204],[-4.37601,50.47107],[-4.37966,50.47174],[-4.38323,50.47302],[-4.384,50.47376],[-4.38523,50.47378],[-4.39168,50.47065],[-4.39358,50.46934],[-4.39498,50.46909],[-4.39847,50.46949],[-4.40118,50.46854],[-4.40162,50.46778],[-4.40281,50.46704],[-4.40477,50.46673],[-4.40582,50.46971],[-4.40204,50.472],[-4.40099,50.47347],[-4.40144,50.47372],[-4.40152,50.47442],[-4.40363,50.47533],[-4.404,50.47639],[-4.4068,50.47786],[-4.40654,50.47976],[-4.40735,50.48082],[-4.40756,50.48194],[-4.40639,50.48364],[-4.40687,50.48465],[-4.40634,50.4859],[-4.40734,50.48659],[-4.40817,50.48783],[-4.40868,50.4878],[-4.41289,50.49342],[-4.41432,50.4942],[-4.41851,50.49986],[-4.41985,50.50094],[-4.4227,50.50082],[-4.42364,50.5022],[-4.42327,50.50339],[-4.42609,50.50424],[-4.42645,50.50486],[-4.42635,50.50686],[-4.42732,50.50785],[-4.42578,50.50874],[-4.4244,50.51078],[-4.42346,50.51114],[-4.4232,50.51158],[-4.4205,50.51178],[-4.41835,50.51237],[-4.41393,50.51444],[-4.41149,50.51485],[-4.4082,50.51679],[-4.40268,50.51738],[-4.39838,50.51851],[-4.39662,50.51803],[-4.39473,50.51633]]]}},{"type":"Feature","properties":{"id":"E01018780","name":"E01018780","parent":"E06000052","type":"LSOA","pop":2405,"r":1,"ff":0,"ffd":0.0,"ffs":null,"g":1,"co":1,"mo":3,"sa":3,"ic":3},"geometry":{"type":"Polygon","coordinates":[[[-4.22937,50.36343],[-4.22679,50.36298],[-4.22204,50.36338],[-4.22077,50.36276],[-4.21973,50.36277],[-4.21744,50.3622],[-4.21865,50.36074],[-4.22174,50.35996],[-4.224,50.35875],[-4.2182,50.3597],[-4.21591,50.35901],[-4.21566,50.35739],[-4.21449,50.3555],[-4.21461,50.35498],[-4.21373,50.35478],[-4.21353,50.35419],[-4.2118,50.35496],[-4.21265,50.35599],[-4.21208,50.35723],[-4.21245,50.35794],[-4.21229,50.35905],[-4.21271,50.35918],[-4.20851,50.35954],[-4.20772,50.3607],[-4.20847,50.36149],[-4.2063,50.36172],[-4.20291,50.36081],[-4.2021,50.36004],[-4.19775,50.35968],[-4.19695,50.35945],[-4.19653,50.3586],[-4.19722,50.35765],[-4.1971,50.3572],[-4.19806,50.35705],[-4.19835,50.35674],[-4.19734,50.35632],[-4.19747,50.3555],[-4.19659,50.35517],[-4.19675,50.35486],[-4.19669,50.35429],[-4.19629,50.35402],[-4.19666,50.3537],[-4.19716,50.35384],[-4.19734,50.35324],[-4.19827,50.35325],[-4.19806,50.35286],[-4.19912,50.35243],[-4.20051,50.35273],[-4.20131,50.35257],[-4.20269,50.35146],[-4.20333,50.35039],[-4.20311,50.34937],[-4.20403,50.34882],[-4.20529,50.349],[-4.20538,50.34871],[-4.20657,50.35055],[-4.20837,50.35103],[-4.20903,50.35049],[-4.20958,50.35083],[-4.21014,50.35046],[-4.20981,50.34943],[-4.20679,50.34838],[-4.20711,50.34794],[-4.20851,50.3474],[-4.20847,50.34706],[-4.20762,50.34691],[-4.20636,50.34713],[-4.20551,50.34799],[-4.20513,50.3473],[-4.20409,50.34688],[-4.20279,50.34744],[-4.20366,50.34679],[-4.20563,50.3467],[-4.21146,50.34516],[-4.21532,50.34519],[-4.21496,50.34481],[-4.2153,50.34439],[-4.21638,50.34517],[-4.22324,50.34461],[-4.22593,50.34403],[-4.22764,50.34479],[-4.23068,50.34472],[-4.23461,50.34529],[-4.23408,50.34602],[-4.23419,50.34753],[-4.2347,50.34764],[-4.23493,50.34836],[-4.23373,50.34826],[-4.23417,50.34955],[-4.23526,50.35017],[-4.23572,50.3514],[-4.23564,50.35329],[-4.23801,50.35412],[-4.245,50.35518],[-4.24495,50.3561],[-4.24127,50.35734],[-4.24083,50.35835],[-4.23747,50.3581],[-4.23604,50.35913],[-4.23577,50.35975],[-4.23395,50.35898],[-4.23265,50.36178],[-4.2315,50.36208],[-4.23277,50.36376],[-4.23125,50.36376],[-4.22937,50.36343]]]}},{"type":"Feature","properties":{"id":"E01018781","name":"E01018781","parent":"E06000052","type":"LSOA","pop":1736,"r":1,"ff":0,"ffd":0.0,"ffs":null,"g":1,"co":1,"mo":3,"sa":3,"ic":3},"geometry":{"type":"MultiPolygon","coordinates":[[[[-4.20311,50.34937],[-4.20394,50.34881],[-4.20403,50.34882],[-4.20311,50.34937]]],[[[-4.20108,50.35261],[-4.20125,50.35258],[-4.2012,50.35262],[-4.20108,50.35261]]],[[[-4.19662,50.35495],[-4.19665,50.35469],[-4.19675,50.35486],[-4.19662,50.35495]]],[[[-4.19659,50.35519],[-4.19659,50.35517],[-4.19743,50.35548],[-4.19659,50.35519]]],[[[-4.19728,50.3563],[-4.19739,50.35583],[-4.19734,50.35632],[-4.19728,50.3563]]],[[[-4.19717,50.35718],[-4.19834,50.35675],[-4.19835,50.35675],[-4.19806,50.35705],[-4.19717,50.35718]]],[[[-4.2231,50.3589],[-4.22389,50.35868],[-4.22368,50.35881],[-4.2231,50.3589]]],[[[-4.19682,50.35941],[-4.19673,50.35916],[-4.19695,50.35945],[-4.19682,50.35941]]],[[[-4.19821,50.35981],[-4.19775,50.35968],[-4.20162,50.36001],[-4.19821,50.35981]]],[[[-4.2182,50.3597],[-4.21822,50.3597],[-4.2182,50.3597],[-4.2182,50.3597]]],[[[-4.22179,50.35993],[-4.22208,50.35977],[-4.22185,50.35991],[-4.22179,50.35993]]],[[[-4.20291,50.36081],[-4.20464,50.36117],[-4.205,50.36137],[-4.20291,50.36081]]],[[[-4.21743,50.36221],[-4.21744,50.3622],[-4.21973,50.36277],[-4.21968,50.36277],[-4.21743,50.36221]]],[[[-4.22073,50.36276],[-4.22077,50.36276],[-4.22194,50.36333],[-4.22073,50.36276]]],[[[-4.22689,50.36299],[-4.22695,50.36299],[-4.22937,50.36343],[-4.22689,50.36299]]],[[[-4.2116,50.39263],[-4.2101,50.39222],[-4.20915,50.39114],[-4.20683,50.38996],[-4.20596,50.38908],[-4.20525,50.38894],[-4.20495,50.3892],[-4.20492,50.38894],[-4.20221,50.38838],[-4.20162,50.38769],[-4.20213,50.38711],[-4.20424,50.38694],[-4.20578,50.38736],[-4.208,50.38729],[-4.20953,50.38589],[-4.20938,50.38557],[-4.20854,50.38556],[-4.20857,50.38543],[-4.20938,50.38546],[-4.20908,50.38326],[-4.20982,50.38282],[-4.21117,50.38321],[-4.2162,50.38293],[-4.21818,50.38228],[-4.21857,50.3823],[-4.21857,50.38197],[-4.21994,50.38104],[-4.2232,50.38037],[-4.2321,50.37762],[-4.23739,50.37486],[-4.23627,50.37313],[-4.23584,50.36988],[-4.237,50.36519],[-4.23588,50.36443],[-4.23707,50.36359],[-4.23787,50.36194],[-4.23949,50.36171],[-4.23782,50.36168],[-4.23741,50.36221],[-4.23683,50.36219],[-4.23671,50.36333],[-4.23668,50.36308],[-4.23645,50.36325],[-4.23671,50.36351],[-4.23588,50.36394],[-4.23583,50.36376],[-4.23277,50.36376],[-4.2315,50.36208],[-4.23265,50.36178],[-4.23395,50.35898],[-4.23577,50.35975],[-4.23604,50.35913],[-4.23747,50.3581],[-4.24083,50.35835],[-4.24127,50.35734],[-4.24495,50.3561],[-4.245,50.35518],[-4.23801,50.35412],[-4.23564,50.35329],[-4.23572,50.3514],[-4.23526,50.35017],[-4.23417,50.34955],[-4.23373,50.34826],[-4.23493,50.34836],[-4.2347,50.34764],[-4.23419,50.34753],[-4.23408,50.34602],[-4.23461,50.34529],[-4.23068,50.34472],[-4.22764,50.34479],[-4.22593,50.34403],[-4.22324,50.34461],[-4.21638,50.34517],[-4.2153,50.34439],[-4.21496,50.34481],[-4.21532,50.34519],[-4.21146,50.34516],[-4.20563,50.3467],[-4.20366,50.34679],[-4.20279,50.34744],[-4.201,50.34821],[-4.20021,50.34885],[-4.19772,50.34928],[-4.19707,50.34977],[-4.19534,50.34981],[-4.19354,50.3505],[-4.19242,50.35057],[-4.19225,50.35106],[-4.19103,50.35146],[-4.19294,50.35219],[-4.19355,50.35288],[-4.19336,50.35369],[-4.19114,50.35435],[-4.19004,50.35515],[-4.18695,50.35549],[-4.18692,50.35579],[-4.18739,50.35588],[-4.18652,50.35659],[-4.18426,50.35664],[-4.18303,50.35711],[-4.18056,50.36023],[-4.1782,50.36082],[-4.17855,50.36052],[-4.17806,50.3603],[-4.17798,50.36057],[-4.17764,50.36051],[-4.17782,50.36071],[-4.17715,50.36066],[-4.17708,50.36108],[-4.17439,50.36056],[-4.17449,50.35967],[-4.17399,50.35922],[-4.17171,50.3589],[-4.17143,50.35811],[-4.17257,50.35689],[-4.17304,50.35561],[-4.17151,50.35476],[-4.17112,50.35399],[-4.16854,50.35306],[-4.16787,50.35209],[-4.16693,50.35195],[-4.16665,50.35149],[-4.16727,50.35005],[-4.16639,50.34861],[-4.1667,50.34656],[-4.16737,50.34565],[-4.16914,50.34458],[-4.16917,50.34411],[-4.16933,50.34391],[-4.16993,50.34359],[-4.16923,50.34413],[-4.1696,50.3445],[-4.17099,50.34383],[-4.17134,50.34339],[-4.17128,50.34324],[-4.17034,50.34302],[-4.17378,50.34351],[-4.17676,50.34319],[-4.18043,50.34208],[-4.18082,50.3414],[-4.18597,50.34123],[-4.18659,50.34077],[-4.18808,50.34089],[-4.18979,50.34001],[-4.18969,50.33967],[-4.19041,50.33986],[-4.19134,50.33941],[-4.19272,50.33817],[-4.19584,50.33653],[-4.19593,50.33606],[-4.19646,50.33614],[-4.19861,50.33468],[-4.19996,50.33425],[-4.20127,50.33287],[-4.20058,50.3325],[-4.20034,50.33184],[-4.20137,50.33131],[-4.20092,50.32954],[-4.19982,50.32921],[-4.1994,50.32845],[-4.19742,50.32738],[-4.19456,50.32634],[-4.19234,50.32528],[-4.19241,50.32503],[-4.19196,50.32495],[-4.19231,50.32531],[-4.19189,50.32533],[-4.1918,50.32496],[-4.19043,50.32436],[-4.19103,50.32426],[-4.18952,50.32357],[-4.19019,50.32356],[-4.18945,50.32331],[-4.18898,50.32281],[-4.18969,50.32296],[-4.1889,50.32233],[-4.1902,50.32207],[-4.18893,50.32161],[-4.18905,50.32143],[-4.18962,50.32148],[-4.18938,50.32132],[-4.19012,50.32116],[-4.18964,50.32106],[-4.19008,50.32101],[-4.18919,50.32073],[-4.18962,50.32046],[-4.18883,50.32008],[-4.18973,50.3196],[-4.18865,50.31942],[-4.18905,50.31877],[-4.18946,50.31877],[-4.18887,50.3184],[-4.18933,50.31817],[-4.18853,50.31813],[-4.1884,50.31773],[-4.19035,50.31774],[-4.19182,50.31807],[-4.19155,50.3176],[-4.19422,50.31855],[-4.19359,50.31817],[-4.1941,50.31795],[-4.19585,50.31838],[-4.19682,50.31811],[-4.19757,50.31855],[-4.19768,50.31819],[-4.19804,50.31835],[-4.19828,50.31811],[-4.20036,50.3181],[-4.20283,50.31855],[-4.20451,50.31826],[-4.20528,50.31845],[-4.20479,50.31826],[-4.2051,50.31811],[-4.20656,50.31858],[-4.2105,50.31834],[-4.21054,50.31808],[-4.21335,50.31752],[-4.21321,50.31729],[-4.21484,50.31656],[-4.21572,50.31662],[-4.21476,50.31625],[-4.21625,50.31589],[-4.21684,50.31531],[-4.2189,50.31515],[-4.21864,50.31491],[-4.21973,50.31455],[-4.22135,50.31466],[-4.2215,50.314],[-4.22083,50.31355],[-4.22109,50.31335],[-4.22047,50.31316],[-4.22089,50.31301],[-4.2201,50.31278],[-4.22062,50.31258],[-4.22029,50.31232],[-4.22111,50.31231],[-4.22263,50.31135],[-4.22424,50.31161],[-4.22478,50.31253],[-4.22628,50.31293],[-4.22581,50.31303],[-4.22587,50.31336],[-4.22687,50.3137],[-4.22631,50.31389],[-4.22678,50.31409],[-4.22543,50.31435],[-4.22569,50.3147],[-4.22467,50.31473],[-4.22368,50.31517],[-4.22324,50.31623],[-4.22401,50.31652],[-4.22319,50.31658],[-4.22349,50.31713],[-4.22421,50.31715],[-4.22585,50.3182],[-4.2264,50.3181],[-4.22607,50.31834],[-4.22667,50.31826],[-4.22634,50.31852],[-4.22689,50.31852],[-4.22716,50.31888],[-4.22682,50.31888],[-4.22728,50.3191],[-4.22535,50.32015],[-4.22457,50.3199],[-4.22514,50.32025],[-4.22318,50.32114],[-4.22243,50.32094],[-4.2226,50.32122],[-4.22188,50.32112],[-4.22238,50.32138],[-4.22212,50.32166],[-4.21965,50.32249],[-4.22029,50.32286],[-4.21995,50.323],[-4.22049,50.32305],[-4.22008,50.32321],[-4.22046,50.32327],[-4.22034,50.32365],[-4.21952,50.3237],[-4.2194,50.32396],[-4.21993,50.32431],[-4.21952,50.32461],[-4.22038,50.32532],[-4.22042,50.32614],[-4.22097,50.32635],[-4.22072,50.32659],[-4.22133,50.32722],[-4.22237,50.32728],[-4.22185,50.32768],[-4.22208,50.32811],[-4.22315,50.32854],[-4.22326,50.32903],[-4.22431,50.32977],[-4.22589,50.33043],[-4.22594,50.33116],[-4.22669,50.33141],[-4.22753,50.33232],[-4.22822,50.33238],[-4.22917,50.3335],[-4.23301,50.33532],[-4.23412,50.33637],[-4.23613,50.3375],[-4.24152,50.33999],[-4.24469,50.34206],[-4.24818,50.3429],[-4.24865,50.34366],[-4.24969,50.34373],[-4.25058,50.34446],[-4.25173,50.34422],[-4.25209,50.34462],[-4.2525,50.34448],[-4.25248,50.34504],[-4.25308,50.34555],[-4.25453,50.34574],[-4.255,50.34638],[-4.25639,50.34692],[-4.25887,50.34719],[-4.26029,50.34676],[-4.2597,50.34748],[-4.26056,50.34838],[-4.26172,50.34824],[-4.26223,50.34868],[-4.2634,50.34839],[-4.26317,50.34889],[-4.26399,50.34923],[-4.26418,50.34979],[-4.26655,50.34999],[-4.26708,50.35076],[-4.26806,50.35077],[-4.26961,50.352],[-4.27054,50.3522],[-4.27049,50.35257],[-4.27711,50.35487],[-4.27711,50.35512],[-4.27909,50.35575],[-4.27722,50.35854],[-4.27567,50.36332],[-4.27768,50.36744],[-4.27731,50.36767],[-4.27897,50.36863],[-4.27995,50.36973],[-4.27827,50.3713],[-4.2737,50.37174],[-4.27197,50.37225],[-4.27191,50.37262],[-4.27004,50.37284],[-4.27067,50.37239],[-4.27221,50.37199],[-4.26985,50.37222],[-4.26935,50.37272],[-4.26835,50.37259],[-4.26915,50.37227],[-4.26752,50.37223],[-4.26639,50.37288],[-4.26706,50.37354],[-4.26623,50.37416],[-4.26617,50.37477],[-4.26286,50.37614],[-4.25997,50.37672],[-4.25812,50.37674],[-4.25733,50.37644],[-4.25828,50.37588],[-4.2576,50.37589],[-4.25817,50.37544],[-4.25907,50.37529],[-4.25978,50.37578],[-4.25951,50.37493],[-4.25859,50.37458],[-4.25787,50.37484],[-4.25801,50.3745],[-4.25768,50.37456],[-4.25715,50.37489],[-4.2577,50.37556],[-4.25726,50.37578],[-4.25738,50.37611],[-4.25696,50.37577],[-4.25705,50.37618],[-4.25653,50.37605],[-4.25695,50.37563],[-4.25647,50.37591],[-4.25627,50.37576],[-4.25591,50.37596],[-4.25626,50.37642],[-4.25556,50.37616],[-4.256,50.37574],[-4.2568,50.37546],[-4.25552,50.37578],[-4.25536,50.37632],[-4.2532,50.3762],[-4.2512,50.3758],[-4.25053,50.3747],[-4.24914,50.37451],[-4.24951,50.37634],[-4.24901,50.37701],[-4.24933,50.37732],[-4.24505,50.37723],[-4.2445,50.37807],[-4.24348,50.37825],[-4.24366,50.37887],[-4.23975,50.38011],[-4.23832,50.3813],[-4.23701,50.38148],[-4.23756,50.38202],[-4.23742,50.38318],[-4.2334,50.38414],[-4.23424,50.3842],[-4.23508,50.38468],[-4.23545,50.38745],[-4.23352,50.3887],[-4.23282,50.38874],[-4.23189,50.38992],[-4.23032,50.39048],[-4.22839,50.38944],[-4.22614,50.38935],[-4.22325,50.39035],[-4.22168,50.39142],[-4.2199,50.39112],[-4.21851,50.39199],[-4.21555,50.39241],[-4.21452,50.39226],[-4.21301,50.39272],[-4.2116,50.39263]]]]}},{"type":"Feature","properties":{"id":"E01018782","name":"E01018782","parent":"E06000052","type":"LSOA","pop":1574,"r":2,"ff":1,"ffd":63.5,"ffs":0.5,"g":0,"co":1,"mo":3,"sa":3,"ic":1},"geometry":{"type":"Polygon","coordinates":[[[-4.46031,50.49843],[-4.45978,50.49769],[-4.45818,50.49787],[-4.4576,50.49724],[-4.45808,50.49687],[-4.45676,50.49509],[-4.45769,50.49398],[-4.46019,50.49307],[-4.46267,50.49307],[-4.46267,50.49255],[-4.46438,50.49311],[-4.46348,50.49227],[-4.46261,50.49208],[-4.46252,50.49158],[-4.46192,50.49179],[-4.46184,50.49141],[-4.46249,50.49135],[-4.46194,50.48978],[-4.46135,50.4899],[-4.45993,50.48927],[-4.4598,50.48822],[-4.45871,50.48784],[-4.45779,50.48819],[-4.45749,50.488],[-4.45756,50.48723],[-4.45952,50.48739],[-4.46069,50.48608],[-4.46358,50.48695],[-4.46549,50.48715],[-4.46747,50.48694],[-4.46811,50.48722],[-4.46903,50.48712],[-4.46879,50.4868],[-4.46951,50.48673],[-4.46991,50.48708],[-4.47023,50.48669],[-4.47094,50.48663],[-4.47146,50.48683],[-4.47104,50.48713],[-4.47249,50.48766],[-4.4731,50.48738],[-4.47298,50.48691],[-4.47398,50.48682],[-4.47413,50.48648],[-4.47617,50.48666],[-4.47604,50.48516],[-4.47716,50.48338],[-4.47493,50.48085],[-4.47156,50.48057],[-4.46984,50.48106],[-4.46828,50.48109],[-4.46655,50.48313],[-4.4638,50.47983],[-4.46281,50.47921],[-4.46131,50.4761],[-4.46317,50.4758],[-4.46773,50.47574],[-4.47815,50.47454],[-4.4803,50.47468],[-4.48121,50.47532],[-4.48346,50.47538],[-4.48379,50.47513],[-4.48529,50.47522],[-4.48537,50.47469],[-4.48666,50.47452],[-4.48883,50.47364],[-4.48863,50.4741],[-4.48899,50.47432],[-4.48911,50.47402],[-4.49212,50.47335],[-4.49223,50.47278],[-4.49362,50.47164],[-4.49271,50.46902],[-4.49328,50.46779],[-4.49652,50.46952],[-4.4991,50.46969],[-4.50122,50.47062],[-4.51032,50.47057],[-4.5152,50.46947],[-4.51727,50.46871],[-4.51792,50.46828],[-4.52021,50.46866],[-4.52074,50.46911],[-4.52112,50.46818],[-4.52283,50.46678],[-4.52346,50.46726],[-4.52648,50.46639],[-4.52685,50.46573],[-4.52882,50.46597],[-4.53543,50.46372],[-4.53671,50.46355],[-4.53775,50.46409],[-4.53791,50.46531],[-4.53675,50.46683],[-4.5335,50.46603],[-4.53277,50.46649],[-4.53246,50.47063],[-4.53118,50.47238],[-4.53114,50.47443],[-4.52819,50.47488],[-4.52697,50.47548],[-4.52744,50.47629],[-4.52978,50.47726],[-4.52989,50.47791],[-4.52886,50.4782],[-4.52941,50.4793],[-4.52908,50.48021],[-4.53001,50.48215],[-4.52895,50.4837],[-4.52419,50.48357],[-4.52076,50.48596],[-4.5202,50.48777],[-4.5164,50.48862],[-4.51561,50.48928],[-4.51055,50.48867],[-4.50935,50.48913],[-4.50707,50.48567],[-4.50691,50.48599],[-4.50579,50.48542],[-4.50426,50.48537],[-4.50035,50.48688],[-4.49846,50.48678],[-4.49649,50.48753],[-4.4958,50.48725],[-4.49382,50.48757],[-4.49427,50.48796],[-4.49174,50.49049],[-4.49051,50.49248],[-4.48735,50.49311],[-4.47864,50.49596],[-4.47926,50.49745],[-4.48039,50.49821],[-4.48075,50.50019],[-4.47615,50.50052],[-4.47485,50.49989],[-4.47433,50.49813],[-4.47382,50.49821],[-4.47447,50.49694],[-4.46826,50.49847],[-4.47108,50.50127],[-4.46894,50.50302],[-4.46768,50.50555],[-4.46451,50.50774],[-4.46131,50.50317],[-4.45922,50.50148],[-4.46036,50.49943],[-4.46031,50.49843]]]}},{"type":"Feature","properties":{"id":"E01018783","name":"E01018783","parent":"E06000052","type":"LSOA","pop":1503,"r":2,"ff":1,"ffd":66.5,"ffs":0.5,"g":0,"co":1,"mo":3,"sa":3,"ic":1},"geometry":{"type":"Polygon","coordinates":[[[-4.4442,50.51175],[-4.44089,50.50864],[-4.43764,50.50689],[-4.43448,50.50585],[-4.42609,50.50424],[-4.42327,50.50339],[-4.42364,50.5022],[-4.4227,50.50082],[-4.41985,50.50094],[-4.41851,50.49986],[-4.41432,50.4942],[-4.41289,50.49342],[-4.40868,50.4878],[-4.40817,50.48783],[-4.40734,50.48659],[-4.40634,50.4859],[-4.40687,50.48465],[-4.40639,50.48364],[-4.40756,50.48194],[-4.40735,50.48082],[-4.40893,50.48082],[-4.41135,50.48166],[-4.41509,50.48393],[-4.41656,50.48456],[-4.41852,50.4848],[-4.42017,50.48575],[-4.42431,50.48469],[-4.42631,50.48246],[-4.42569,50.4821],[-4.42782,50.48158],[-4.42786,50.48058],[-4.42961,50.479],[-4.43253,50.47798],[-4.43504,50.47762],[-4.43678,50.4765],[-4.43717,50.47534],[-4.4382,50.47457],[-4.4436,50.47186],[-4.44607,50.47121],[-4.44625,50.47239],[-4.44552,50.47413],[-4.44327,50.47637],[-4.44341,50.47732],[-4.44452,50.47791],[-4.45305,50.47723],[-4.45509,50.47765],[-4.45693,50.47752],[-4.46131,50.4761],[-4.46281,50.47921],[-4.4638,50.47983],[-4.46655,50.48313],[-4.46828,50.48109],[-4.46984,50.48106],[-4.47156,50.48057],[-4.47493,50.48085],[-4.47716,50.48338],[-4.47604,50.48516],[-4.47617,50.48666],[-4.47413,50.48648],[-4.47398,50.48682],[-4.47298,50.48691],[-4.4731,50.48738],[-4.47249,50.48766],[-4.47104,50.48713],[-4.47146,50.48683],[-4.47094,50.48663],[-4.47023,50.48669],[-4.46991,50.48708],[-4.46951,50.48673],[-4.46879,50.4868],[-4.46903,50.48712],[-4.46811,50.48722],[-4.46747,50.48694],[-4.46549,50.48715],[-4.46358,50.48695],[-4.46069,50.48608],[-4.45952,50.48739],[-4.45756,50.48723],[-4.45749,50.488],[-4.45779,50.48819],[-4.45871,50.48784],[-4.4598,50.48822],[-4.45993,50.48927],[-4.46135,50.4899],[-4.46194,50.48978],[-4.46249,50.49135],[-4.46184,50.49141],[-4.46192,50.49179],[-4.46252,50.49158],[-4.46261,50.49208],[-4.46348,50.49227],[-4.46438,50.49311],[-4.46267,50.49255],[-4.46267,50.49307],[-4.46019,50.49307],[-4.45769,50.49398],[-4.45676,50.49509],[-4.45808,50.49687],[-4.4576,50.49724],[-4.45818,50.49787],[-4.45978,50.49769],[-4.46031,50.49843],[-4.46036,50.49943],[-4.45922,50.50148],[-4.46131,50.50317],[-4.46451,50.50774],[-4.46163,50.50934],[-4.45532,50.51373],[-4.45477,50.51333],[-4.45399,50.51097],[-4.4535,50.51094],[-4.45008,50.51446],[-4.4485,50.51392],[-4.4442,50.51175]]]}},{"type":"Feature","properties":{"id":"E01018784","name":"E01018784","parent":"E06000052","type":"LSOA","pop":1596,"r":0,"ff":0,"ffd":0.0,"ffs":null,"g":0,"co":3,"mo":3,"sa":3,"ic":3},"geometry":{"type":"Polygon","coordinates":[[[-4.54775,50.55794],[-4.54784,50.55688],[-4.54848,50.55589],[-4.54498,50.55268],[-4.54492,50.55215],[-4.54145,50.54974],[-4.54027,50.54779],[-4.53835,50.54633],[-4.53562,50.54326],[-4.53437,50.54264],[-4.534,50.54332],[-4.52776,50.54697],[-4.5211,50.54905],[-4.51941,50.55096],[-4.5192,50.55233],[-4.51816,50.55435],[-4.51883,50.5556],[-4.51725,50.55666],[-4.51375,50.55789],[-4.50979,50.55829],[-4.50742,50.55938],[-4.50344,50.55911],[-4.50365,50.55925],[-4.50258,50.55893],[-4.50124,50.55789],[-4.49838,50.55782],[-4.49565,50.55709],[-4.4958,50.55621],[-4.49425,50.55415],[-4.49259,50.55354],[-4.48991,50.55088],[-4.48791,50.54968],[-4.48716,50.54981],[-4.48744,50.54937],[-4.48657,50.54941],[-4.48592,50.54885],[-4.48488,50.54741],[-4.48535,50.54709],[-4.48488,50.54686],[-4.48472,50.54585],[-4.48415,50.5456],[-4.48367,50.54335],[-4.48172,50.54158],[-4.48166,50.54044],[-4.47992,50.53631],[-4.47783,50.53432],[-4.47435,50.53205],[-4.47319,50.53164],[-4.47128,50.52833],[-4.46902,50.52566],[-4.46634,50.52386],[-4.46417,50.52307],[-4.46267,50.52209],[-4.46018,50.51808],[-4.45972,50.51594],[-4.45554,50.51408],[-4.45532,50.51373],[-4.46163,50.50934],[-4.46451,50.50774],[-4.46768,50.50555],[-4.46894,50.50302],[-4.47108,50.50127],[-4.46826,50.49847],[-4.47447,50.49694],[-4.47382,50.49821],[-4.47433,50.49813],[-4.47485,50.49989],[-4.47615,50.50052],[-4.48075,50.50019],[-4.48039,50.49821],[-4.47926,50.49745],[-4.47864,50.49596],[-4.48735,50.49311],[-4.49051,50.49248],[-4.49174,50.49049],[-4.49427,50.48796],[-4.49382,50.48757],[-4.4958,50.48725],[-4.49649,50.48753],[-4.49846,50.48678],[-4.50035,50.48688],[-4.50426,50.48537],[-4.50579,50.48542],[-4.50691,50.48599],[-4.50707,50.48567],[-4.50935,50.48913],[-4.51055,50.48867],[-4.51561,50.48928],[-4.5164,50.48862],[-4.5202,50.48777],[-4.52076,50.48596],[-4.52419,50.48357],[-4.52895,50.4837],[-4.53001,50.48215],[-4.52908,50.48021],[-4.52941,50.4793],[-4.52886,50.4782],[-4.52989,50.47791],[-4.52978,50.47726],[-4.52744,50.47629],[-4.52697,50.47548],[-4.52819,50.47488],[-4.53114,50.47443],[-4.53118,50.47238],[-4.53246,50.47063],[-4.53277,50.46649],[-4.5335,50.46603],[-4.53675,50.46683],[-4.53791,50.46531],[-4.53775,50.46409],[-4.53933,50.46344],[-4.54078,50.46328],[-4.54312,50.46362],[-4.54429,50.463],[-4.54514,50.46026],[-4.54578,50.45958],[-4.54822,50.45862],[-4.55064,50.45863],[-4.55199,50.45894],[-4.55235,50.45832],[-4.55177,50.45716],[-4.55245,50.45631],[-4.55525,50.45577],[-4.55663,50.4558],[-4.55933,50.45448],[-4.56081,50.45419],[-4.56645,50.45484],[-4.56835,50.45561],[-4.57175,50.45519],[-4.57402,50.45421],[-4.58049,50.45437],[-4.58283,50.455],[-4.58443,50.45618],[-4.58589,50.45646],[-4.58776,50.45628],[-4.58938,50.45555],[-4.59055,50.45548],[-4.59261,50.45652],[-4.59333,50.45785],[-4.59466,50.45885],[-4.59743,50.45926],[-4.60198,50.4593],[-4.60292,50.45877],[-4.60605,50.45865],[-4.60681,50.45785],[-4.60769,50.45767],[-4.61107,50.45883],[-4.61249,50.45967],[-4.61496,50.45973],[-4.61741,50.45906],[-4.6191,50.45949],[-4.6184,50.46115],[-4.61686,50.46158],[-4.61642,50.46259],[-4.61743,50.46356],[-4.61672,50.46451],[-4.61752,50.46647],[-4.61724,50.46763],[-4.61345,50.47164],[-4.61158,50.47552],[-4.61179,50.47684],[-4.61309,50.47888],[-4.61362,50.48089],[-4.61913,50.48719],[-4.61255,50.49075],[-4.613,50.49142],[-4.61203,50.49453],[-4.61032,50.4947],[-4.60866,50.49591],[-4.60909,50.49808],[-4.60948,50.49879],[-4.61225,50.49884],[-4.61289,50.49981],[-4.61298,50.50043],[-4.61178,50.50166],[-4.61293,50.50226],[-4.6121,50.50362],[-4.61266,50.50418],[-4.613,50.50407],[-4.61286,50.50485],[-4.6123,50.50557],[-4.61047,50.50648],[-4.61133,50.50733],[-4.61187,50.50863],[-4.61159,50.50904],[-4.61323,50.51002],[-4.61336,50.51122],[-4.61558,50.51259],[-4.6154,50.51375],[-4.61599,50.51488],[-4.61466,50.51778],[-4.6065,50.52313],[-4.60544,50.52503],[-4.60603,50.52798],[-4.60705,50.52976],[-4.60966,50.53212],[-4.61133,50.53253],[-4.61071,50.53345],[-4.61072,50.5345],[-4.60902,50.53395],[-4.59341,50.53868],[-4.58943,50.54036],[-4.58559,50.54299],[-4.58093,50.54706],[-4.57975,50.54786],[-4.5794,50.54772],[-4.57367,50.55365],[-4.56991,50.55826],[-4.56841,50.55925],[-4.56473,50.56032],[-4.5614,50.55959],[-4.56001,50.55801],[-4.55833,50.55693],[-4.55663,50.56046],[-4.55555,50.5615],[-4.55444,50.56186],[-4.55074,50.56136],[-4.54929,50.56017],[-4.54835,50.55807],[-4.54775,50.55794]]]}},{"type":"Feature","properties":{"id":"E01018785","name":"E01018785","parent":"E06000052","type":"LSOA","pop":1917,"r":3,"ff":1,"ffd":52.2,"ffs":0.5,"g":1,"co":3,"mo":3,"sa":3,"ic":1},"geometry":{"type":"MultiPolygon","coordinates":[[[[-4.30761,50.41028],[-4.30761,50.4102],[-4.30764,50.41029],[-4.30761,50.41028]]],[[[-4.30881,50.41046],[-4.30937,50.41023],[-4.3098,50.41028],[-4.30881,50.41046]]],[[[-4.31057,50.41061],[-4.31001,50.4103],[-4.3101,50.41031],[-4.31057,50.41061]]],[[[-4.31157,50.41209],[-4.31173,50.41133],[-4.31192,50.41145],[-4.31157,50.41209]]],[[[-4.31638,50.41379],[-4.31639,50.41379],[-4.31587,50.41407],[-4.31616,50.4138],[-4.31638,50.41379]]],[[[-4.31898,50.41498],[-4.31881,50.41443],[-4.31896,50.41449],[-4.31898,50.41498]]],[[[-4.37966,50.47174],[-4.37601,50.47107],[-4.37566,50.47204],[-4.37495,50.47258],[-4.37101,50.47303],[-4.368,50.47082],[-4.36504,50.46991],[-4.36138,50.46729],[-4.35505,50.46551],[-4.35254,50.46575],[-4.34684,50.46696],[-4.34484,50.46787],[-4.34479,50.46925],[-4.34251,50.46915],[-4.33961,50.4699],[-4.33527,50.47015],[-4.33382,50.46964],[-4.33408,50.46813],[-4.33213,50.46626],[-4.33047,50.46543],[-4.3297,50.46444],[-4.32537,50.46421],[-4.32077,50.46315],[-4.31934,50.46233],[-4.31867,50.46098],[-4.31774,50.46017],[-4.31448,50.45911],[-4.31443,50.45846],[-4.3138,50.458],[-4.31241,50.45633],[-4.31246,50.45512],[-4.31184,50.45381],[-4.30766,50.44988],[-4.3075,50.4481],[-4.30702,50.44736],[-4.30333,50.44577],[-4.30033,50.44291],[-4.30172,50.44289],[-4.30286,50.44241],[-4.30447,50.44226],[-4.30967,50.44275],[-4.31286,50.44379],[-4.31415,50.44468],[-4.31551,50.44493],[-4.31845,50.444],[-4.32008,50.4441],[-4.32174,50.44361],[-4.32338,50.44361],[-4.32763,50.44443],[-4.32963,50.44409],[-4.32733,50.44161],[-4.33155,50.4423],[-4.33232,50.44196],[-4.33068,50.4404],[-4.33087,50.43856],[-4.33144,50.43819],[-4.3296,50.43394],[-4.32992,50.43276],[-4.33137,50.43165],[-4.33216,50.42941],[-4.33121,50.42793],[-4.32808,50.42589],[-4.33117,50.42564],[-4.33186,50.42457],[-4.33134,50.42383],[-4.32852,50.42241],[-4.32941,50.42194],[-4.32892,50.42099],[-4.32932,50.42037],[-4.32909,50.41988],[-4.32731,50.41983],[-4.32519,50.41806],[-4.32087,50.41841],[-4.32061,50.418],[-4.31897,50.41829],[-4.31762,50.4162],[-4.31809,50.41549],[-4.319,50.41549],[-4.32045,50.41592],[-4.32201,50.41536],[-4.32244,50.41401],[-4.32366,50.41348],[-4.32484,50.41245],[-4.32668,50.41217],[-4.32487,50.41236],[-4.32232,50.41397],[-4.32196,50.41528],[-4.32029,50.41583],[-4.31909,50.41536],[-4.3191,50.41436],[-4.31735,50.4137],[-4.31603,50.41375],[-4.31537,50.41431],[-4.31364,50.41409],[-4.31333,50.41335],[-4.31154,50.4125],[-4.3121,50.41141],[-4.30996,50.41006],[-4.30842,50.41044],[-4.30774,50.41019],[-4.30873,50.40914],[-4.30864,50.40877],[-4.30743,50.40786],[-4.30557,50.4077],[-4.30539,50.40632],[-4.30466,50.40555],[-4.30327,50.40518],[-4.30289,50.40456],[-4.30413,50.40369],[-4.30498,50.40376],[-4.30478,50.40402],[-4.30507,50.40372],[-4.30469,50.40358],[-4.30604,50.40304],[-4.30694,50.40116],[-4.30658,50.3989],[-4.3058,50.39865],[-4.30509,50.39879],[-4.30418,50.39827],[-4.30486,50.39831],[-4.30448,50.39814],[-4.30245,50.39767],[-4.30154,50.3967],[-4.30153,50.39595],[-4.30237,50.39502],[-4.30235,50.39577],[-4.30367,50.39236],[-4.30215,50.39014],[-4.30306,50.38924],[-4.30329,50.38811],[-4.30493,50.38831],[-4.30688,50.39022],[-4.30884,50.3907],[-4.30845,50.39093],[-4.30852,50.39125],[-4.30826,50.39145],[-4.30878,50.39121],[-4.30854,50.39096],[-4.31104,50.38998],[-4.31107,50.39019],[-4.31133,50.39],[-4.3129,50.39033],[-4.31538,50.39037],[-4.31684,50.38953],[-4.31903,50.39046],[-4.32111,50.38988],[-4.32298,50.38992],[-4.32283,50.38957],[-4.32371,50.38953],[-4.32504,50.38886],[-4.32088,50.38942],[-4.31929,50.38867],[-4.31884,50.38667],[-4.31974,50.38633],[-4.3202,50.38443],[-4.31956,50.38411],[-4.32032,50.38375],[-4.32052,50.3832],[-4.32245,50.38292],[-4.32401,50.38203],[-4.32364,50.38119],[-4.32406,50.38106],[-4.32342,50.38029],[-4.32378,50.37978],[-4.32592,50.38001],[-4.32804,50.38067],[-4.32741,50.38113],[-4.32753,50.38223],[-4.32952,50.38356],[-4.32955,50.38591],[-4.33045,50.38644],[-4.33095,50.38818],[-4.33163,50.38853],[-4.32937,50.38914],[-4.33185,50.38952],[-4.33465,50.38934],[-4.33949,50.39027],[-4.34293,50.39144],[-4.34589,50.3896],[-4.3471,50.38937],[-4.35058,50.38986],[-4.35407,50.38989],[-4.35522,50.39051],[-4.35585,50.39206],[-4.35636,50.39237],[-4.35931,50.39235],[-4.36249,50.39141],[-4.36167,50.39323],[-4.36191,50.39533],[-4.36403,50.39768],[-4.36612,50.39879],[-4.36584,50.40121],[-4.36431,50.40076],[-4.36365,50.40119],[-4.36216,50.40114],[-4.36213,50.40172],[-4.36078,50.40174],[-4.36047,50.40454],[-4.36199,50.40484],[-4.36132,50.406],[-4.36477,50.40615],[-4.36626,50.40684],[-4.37116,50.40754],[-4.37377,50.40541],[-4.3811,50.40689],[-4.38144,50.407],[-4.38072,50.40863],[-4.38126,50.40976],[-4.385,50.41038],[-4.38591,50.41084],[-4.38539,50.41195],[-4.3856,50.4118],[-4.38677,50.41232],[-4.387,50.41201],[-4.38801,50.41241],[-4.3889,50.41222],[-4.39028,50.41267],[-4.39106,50.4133],[-4.39145,50.41319],[-4.39112,50.41221],[-4.39172,50.40947],[-4.39241,50.40867],[-4.39107,50.40747],[-4.39284,50.40609],[-4.39463,50.40788],[-4.39407,50.40945],[-4.39479,50.41222],[-4.39464,50.41518],[-4.39633,50.4162],[-4.39681,50.41733],[-4.39753,50.4178],[-4.39788,50.41914],[-4.39688,50.41951],[-4.39626,50.42049],[-4.39511,50.4212],[-4.39311,50.42186],[-4.39152,50.42409],[-4.3889,50.42598],[-4.38633,50.42731],[-4.38545,50.42749],[-4.38197,50.42718],[-4.37578,50.4287],[-4.37022,50.42881],[-4.3686,50.42984],[-4.36737,50.4295],[-4.36692,50.42852],[-4.36363,50.42762],[-4.36091,50.42738],[-4.36013,50.42706],[-4.35986,50.42631],[-4.35926,50.4262],[-4.35851,50.42654],[-4.35638,50.42657],[-4.35456,50.42708],[-4.35353,50.42694],[-4.35255,50.42742],[-4.35218,50.42842],[-4.35032,50.4288],[-4.3499,50.42975],[-4.3525,50.43061],[-4.35223,50.43141],[-4.35333,50.43155],[-4.35424,50.43278],[-4.35589,50.43296],[-4.35658,50.43337],[-4.35631,50.43361],[-4.35684,50.43376],[-4.35693,50.43454],[-4.35743,50.43492],[-4.35976,50.4357],[-4.35986,50.43608],[-4.35934,50.43644],[-4.3608,50.43793],[-4.36235,50.43845],[-4.36348,50.43848],[-4.3653,50.43757],[-4.36653,50.43771],[-4.36695,50.43888],[-4.36775,50.43884],[-4.36824,50.43918],[-4.36805,50.43964],[-4.36855,50.43987],[-4.36866,50.44084],[-4.36934,50.44162],[-4.37014,50.44168],[-4.37065,50.44222],[-4.3714,50.44196],[-4.37248,50.44207],[-4.37269,50.4428],[-4.37426,50.44321],[-4.37423,50.44374],[-4.37526,50.44375],[-4.37623,50.44502],[-4.37567,50.44552],[-4.37665,50.44586],[-4.37619,50.4463],[-4.37702,50.4466],[-4.37723,50.44705],[-4.38042,50.44872],[-4.38105,50.44843],[-4.38142,50.44891],[-4.38367,50.44974],[-4.38448,50.44996],[-4.38485,50.44967],[-4.38813,50.45146],[-4.38778,50.45188],[-4.38892,50.45211],[-4.38874,50.45238],[-4.39106,50.45417],[-4.39084,50.45456],[-4.39151,50.45529],[-4.39246,50.45533],[-4.39272,50.45579],[-4.39389,50.45591],[-4.39428,50.45638],[-4.39671,50.45674],[-4.39778,50.45797],[-4.40111,50.45916],[-4.40169,50.46137],[-4.40276,50.4624],[-4.40288,50.463],[-4.40448,50.46409],[-4.40454,50.46486],[-4.40521,50.4651],[-4.40524,50.46637],[-4.40477,50.46673],[-4.40281,50.46704],[-4.40162,50.46778],[-4.40118,50.46854],[-4.39847,50.46949],[-4.39498,50.46909],[-4.39358,50.46934],[-4.39168,50.47065],[-4.38523,50.47378],[-4.384,50.47376],[-4.38323,50.47302],[-4.37966,50.47174]]]]}},{"type":"Feature","properties":{"id":"E01018786","name":"E01018786","parent":"E06000052","type":"LSOA","pop":1282,"r":116,"ff":20,"ffd":1560.1,"ffs":0.3774,"g":61,"co":2,"mo":2,"sa":2,"ic":0},"geometry":{"type":"Polygon","coordinates":[[[-4.2259,50.41359],[-4.22597,50.41301],[-4.22655,50.413],[-4.22621,50.41238],[-4.22297,50.41198],[-4.22397,50.41081],[-4.2245,50.41048],[-4.22687,50.41055],[-4.2263,50.40978],[-4.2264,50.40908],[-4.22773,50.40914],[-4.22769,50.40882],[-4.23172,50.4083],[-4.23166,50.40803],[-4.23272,50.40757],[-4.23287,50.40906],[-4.2325,50.40943],[-4.23114,50.40933],[-4.23056,50.40949],[-4.23068,50.40984],[-4.22986,50.40992],[-4.22949,50.40929],[-4.2288,50.40928],[-4.22856,50.4095],[-4.22942,50.4096],[-4.2297,50.40992],[-4.22901,50.41074],[-4.22912,50.41161],[-4.22975,50.41165],[-4.23196,50.41284],[-4.23192,50.41322],[-4.23161,50.41359],[-4.23076,50.4137],[-4.22871,50.41347],[-4.23001,50.41487],[-4.22554,50.41456],[-4.2259,50.41359]]]}},{"type":"Feature","properties":{"id":"E01018787","name":"E01018787","parent":"E06000052","type":"LSOA","pop":1716,"r":94,"ff":18,"ffd":1049.0,"ffs":0.45,"g":53,"co":2,"mo":0,"sa":2,"ic":0},"geometry":{"type":"MultiPolygon","coordinates":[[[[-4.22194,50.42417],[-4.22193,50.42393],[-4.22194,50.42393],[-4.22194,50.42417]]],[[[-4.23206,50.42875],[-4.23224,50.42871],[-4.23226,50.42871],[-4.23206,50.42875]]],[[[-4.27293,50.43183],[-4.26851,50.43151],[-4.26817,50.4317],[-4.25815,50.43132],[-4.25586,50.43151],[-4.25568,50.43096],[-4.25438,50.43025],[-4.24736,50.42841],[-4.24267,50.42846],[-4.2403,50.42903],[-4.2373,50.42857],[-4.23211,50.4286],[-4.22831,50.42948],[-4.2282,50.42824],[-4.22783,50.42801],[-4.22819,50.42806],[-4.22444,50.42702],[-4.22409,50.42653],[-4.22454,50.42569],[-4.22394,50.42539],[-4.22969,50.42522],[-4.22841,50.42478],[-4.22592,50.42485],[-4.22474,50.42427],[-4.223,50.42435],[-4.22284,50.42347],[-4.2237,50.42222],[-4.22552,50.42037],[-4.22368,50.41886],[-4.22794,50.41826],[-4.22765,50.41797],[-4.22821,50.41692],[-4.2293,50.41653],[-4.23264,50.41603],[-4.23298,50.41583],[-4.23178,50.41508],[-4.233,50.41418],[-4.23351,50.41438],[-4.23449,50.41415],[-4.23531,50.41529],[-4.23683,50.41573],[-4.23809,50.41528],[-4.23544,50.41333],[-4.23799,50.41345],[-4.2384,50.41288],[-4.23699,50.41311],[-4.23692,50.41278],[-4.23637,50.41274],[-4.23672,50.41168],[-4.23935,50.41162],[-4.24153,50.41113],[-4.24334,50.41118],[-4.24477,50.41235],[-4.24437,50.41339],[-4.24375,50.41341],[-4.2441,50.41366],[-4.24615,50.41302],[-4.24663,50.41247],[-4.24742,50.41258],[-4.25226,50.41082],[-4.25353,50.41119],[-4.25889,50.41158],[-4.26308,50.41103],[-4.26555,50.41117],[-4.26825,50.4106],[-4.27534,50.41058],[-4.27542,50.40983],[-4.27779,50.40986],[-4.27777,50.41112],[-4.27853,50.41283],[-4.27841,50.41396],[-4.27581,50.41482],[-4.27436,50.41622],[-4.27282,50.41677],[-4.27268,50.41883],[-4.27179,50.41955],[-4.27186,50.41985],[-4.27305,50.42004],[-4.2729,50.42069],[-4.27522,50.42217],[-4.27581,50.42466],[-4.2751,50.42555],[-4.27505,50.42636],[-4.27592,50.42818],[-4.27678,50.42938],[-4.27756,50.42981],[-4.27619,50.43115],[-4.27482,50.43166],[-4.27293,50.43183]]]]}},{"type":"Feature","properties":{"id":"E01018788","name":"E01018788","parent":"E06000052","type":"LSOA","pop":1471,"r":100,"ff":20,"ffd":1359.6,"ffs":0.4651,"g":56,"co":2,"mo":0,"sa":2,"ic":0},"geometry":{"type":"Polygon","coordinates":[[[-4.23531,50.41529],[-4.23449,50.41415],[-4.23351,50.41438],[-4.233,50.41418],[-4.23178,50.41508],[-4.23001,50.41487],[-4.22871,50.41347],[-4.23076,50.4137],[-4.23161,50.41359],[-4.23192,50.41322],[-4.23196,50.41284],[-4.22975,50.41165],[-4.22912,50.41161],[-4.22901,50.41074],[-4.2297,50.40992],[-4.22942,50.4096],[-4.22856,50.4095],[-4.2288,50.40928],[-4.22949,50.40929],[-4.22986,50.40992],[-4.23068,50.40984],[-4.23056,50.40949],[-4.23114,50.40933],[-4.2325,50.40943],[-4.23287,50.40906],[-4.23272,50.40757],[-4.23394,50.4073],[-4.23489,50.40677],[-4.23428,50.40756],[-4.23543,50.4106],[-4.23512,50.41132],[-4.23672,50.41168],[-4.23637,50.41274],[-4.23692,50.41278],[-4.23699,50.41311],[-4.2384,50.41288],[-4.23799,50.41345],[-4.23544,50.41333],[-4.23809,50.41528],[-4.23683,50.41573],[-4.23531,50.41529]]]}},{"type":"Feature","properties":{"id":"E01018789","name":"E01018789","parent":"E06000052","type":"LSOA","pop":1345,"r":121,"ff":21,"ffd":1561.3,"ffs":0.375,"g":63,"co":2,"mo":0,"sa":2,"ic":0},"geometry":{"type":"Polygon","coordinates":[[[-4.22044,50.40584],[-4.21988,50.4052],[-4.21785,50.40514],[-4.21784,50.40573],[-4.21598,50.40531],[-4.21655,50.40471],[-4.21652,50.40323],[-4.21488,50.40287],[-4.21473,50.40308],[-4.21359,50.40301],[-4.21316,50.40259],[-4.21295,50.4028],[-4.21246,50.40265],[-4.2123,50.40231],[-4.21302,50.402],[-4.21408,50.40242],[-4.21608,50.40076],[-4.2179,50.40132],[-4.21921,50.40129],[-4.21943,50.40179],[-4.22009,50.4015],[-4.22328,50.4012],[-4.2249,50.40493],[-4.22829,50.4045],[-4.22866,50.40511],[-4.22827,50.4053],[-4.22861,50.4054],[-4.22853,50.40586],[-4.22824,50.40585],[-4.22774,50.40536],[-4.22501,50.40544],[-4.22505,50.40585],[-4.22244,50.40647],[-4.22158,50.40756],[-4.22041,50.40667],[-4.21971,50.40643],[-4.22044,50.40584]]]}},{"type":"Feature","properties":{"id":"E01018790","name":"E01018790","parent":"E06000052","type":"LSOA","pop":1148,"r":123,"ff":21,"ffd":1829.3,"ffs":0.3621,"g":63,"co":2,"mo":0,"sa":2,"ic":0},"geometry":{"type":"Polygon","coordinates":[[[-4.22397,50.41081],[-4.21921,50.41],[-4.21929,50.40912],[-4.21784,50.40914],[-4.21718,50.40858],[-4.21766,50.40812],[-4.21891,50.40775],[-4.21796,50.4076],[-4.21774,50.40716],[-4.21734,50.4073],[-4.21642,50.40632],[-4.21756,50.40608],[-4.21971,50.40643],[-4.22041,50.40667],[-4.22158,50.40756],[-4.22244,50.40647],[-4.22505,50.40585],[-4.22501,50.40544],[-4.22774,50.40536],[-4.22824,50.40585],[-4.22812,50.40677],[-4.22681,50.40816],[-4.2264,50.40908],[-4.2263,50.40978],[-4.22687,50.41055],[-4.2245,50.41048],[-4.22397,50.41081]]]}},{"type":"Feature","properties":{"id":"E01018791","name":"E01018791","parent":"E06000052","type":"LSOA","pop":1342,"r":134,"ff":26,"ffd":1937.4,"ffs":0.3881,"g":65,"co":2,"mo":0,"sa":2,"ic":0},"geometry":{"type":"Polygon","coordinates":[[[-4.21521,50.40781],[-4.21442,50.40774],[-4.21426,50.40799],[-4.21196,50.40785],[-4.21152,50.40754],[-4.21085,50.40755],[-4.21029,50.40712],[-4.20976,50.40761],[-4.20957,50.40723],[-4.20907,50.40754],[-4.2081,50.40741],[-4.20799,50.40702],[-4.20705,50.40773],[-4.20579,50.4077],[-4.20642,50.40731],[-4.20649,50.40689],[-4.20632,50.40688],[-4.20661,50.40678],[-4.207,50.40605],[-4.20761,50.40603],[-4.20888,50.40525],[-4.21354,50.40481],[-4.21267,50.40427],[-4.21099,50.40409],[-4.21054,50.40427],[-4.21012,50.40379],[-4.21018,50.40243],[-4.21129,50.40053],[-4.21197,50.40009],[-4.21187,50.39932],[-4.21522,50.39884],[-4.21771,50.39751],[-4.22141,50.39753],[-4.22453,50.39653],[-4.22606,50.39744],[-4.2234,50.3997],[-4.22328,50.4012],[-4.22009,50.4015],[-4.21943,50.40179],[-4.21921,50.40129],[-4.2179,50.40132],[-4.21608,50.40076],[-4.21408,50.40242],[-4.21302,50.402],[-4.2123,50.40231],[-4.21246,50.40265],[-4.21295,50.4028],[-4.21316,50.40259],[-4.21359,50.40301],[-4.21473,50.40308],[-4.21488,50.40287],[-4.21652,50.40323],[-4.21655,50.40471],[-4.21598,50.40531],[-4.21784,50.40573],[-4.21785,50.40514],[-4.21988,50.4052],[-4.22044,50.40584],[-4.21971,50.40643],[-4.21756,50.40608],[-4.21642,50.40632],[-4.21734,50.4073],[-4.21774,50.40716],[-4.21796,50.4076],[-4.21891,50.40775],[-4.21766,50.40812],[-4.21718,50.40858],[-4.21784,50.40914],[-4.21697,50.40938],[-4.21555,50.40905],[-4.21525,50.40862],[-4.21619,50.40851],[-4.21521,50.40781]]]}},{"type":"Feature","properties":{"id":"E01018792","name":"E01018792","parent":"E06000052","type":"LSOA","pop":2730,"r":137,"ff":26,"ffd":952.4,"ffs":0.3714,"g":65,"co":2,"mo":2,"sa":2,"ic":0},"geometry":{"type":"MultiPolygon","coordinates":[[[[-4.21282,50.4164],[-4.21361,50.41621],[-4.21236,50.41689],[-4.21199,50.41681],[-4.21169,50.41647],[-4.21282,50.4164]]],[[[-4.21343,50.42671],[-4.21253,50.42619],[-4.2116,50.4263],[-4.20987,50.42536],[-4.21133,50.42405],[-4.21127,50.42308],[-4.21062,50.42217],[-4.21112,50.42199],[-4.2115,50.42094],[-4.21083,50.42062],[-4.21068,50.42013],[-4.21095,50.41819],[-4.21153,50.41775],[-4.21168,50.4168],[-4.21233,50.41692],[-4.21365,50.4162],[-4.21658,50.41551],[-4.21444,50.41392],[-4.2154,50.41347],[-4.21412,50.4127],[-4.21159,50.41019],[-4.21028,50.40927],[-4.21035,50.40905],[-4.2123,50.40951],[-4.21287,50.40879],[-4.21355,50.40885],[-4.21355,50.40932],[-4.21411,50.40953],[-4.21512,50.40934],[-4.21677,50.41019],[-4.22372,50.4112],[-4.22297,50.41198],[-4.22621,50.41238],[-4.22655,50.413],[-4.22597,50.41301],[-4.22554,50.41456],[-4.23178,50.41508],[-4.23298,50.41583],[-4.23264,50.41603],[-4.2293,50.41653],[-4.22821,50.41692],[-4.22765,50.41797],[-4.22794,50.41826],[-4.22368,50.41886],[-4.22552,50.42037],[-4.2237,50.42222],[-4.22386,50.42199],[-4.22179,50.4234],[-4.22095,50.42336],[-4.22193,50.42393],[-4.22181,50.42486],[-4.22242,50.42533],[-4.21884,50.42505],[-4.21803,50.42594],[-4.21656,50.4259],[-4.21571,50.42618],[-4.21669,50.42605],[-4.21575,50.42651],[-4.21514,50.42623],[-4.213,50.4261],[-4.21503,50.42627],[-4.2152,50.42652],[-4.21448,50.42678],[-4.21343,50.42671]]]]}},{"type":"Feature","properties":{"id":"E01018793","name":"E01018793","parent":"E06000052","type":"LSOA","pop":1664,"r":164,"ff":34,"ffd":2043.3,"ffs":0.3864,"g":74,"co":2,"mo":2,"sa":2,"ic":0},"geometry":{"type":"Polygon","coordinates":[[[-4.21164,50.41641],[-4.21165,50.41393],[-4.21054,50.4135],[-4.20781,50.41099],[-4.2071,50.41086],[-4.20635,50.40923],[-4.20676,50.40889],[-4.20583,50.40805],[-4.2058,50.40779],[-4.20705,50.40773],[-4.20799,50.40702],[-4.2081,50.40741],[-4.20907,50.40754],[-4.20957,50.40723],[-4.20976,50.40761],[-4.21029,50.40712],[-4.21085,50.40755],[-4.21152,50.40754],[-4.21196,50.40785],[-4.21426,50.40799],[-4.21442,50.40774],[-4.21521,50.40781],[-4.21619,50.40851],[-4.21525,50.40862],[-4.21555,50.40905],[-4.21697,50.40938],[-4.21784,50.40914],[-4.21929,50.40912],[-4.21921,50.41],[-4.22397,50.41081],[-4.22372,50.4112],[-4.21677,50.41019],[-4.21512,50.40934],[-4.21411,50.40953],[-4.21355,50.40932],[-4.21355,50.40885],[-4.21287,50.40879],[-4.2123,50.40951],[-4.21035,50.40905],[-4.21028,50.40927],[-4.21159,50.41019],[-4.21412,50.4127],[-4.2154,50.41347],[-4.21444,50.41392],[-4.21658,50.41551],[-4.21365,50.4162],[-4.21558,50.41507],[-4.21361,50.41621],[-4.21164,50.41641]]]}},{"type":"Feature","properties":{"id":"E01018794","name":"E01018794","parent":"E06000052","type":"LSOA","pop":1409,"r":104,"ff":20,"ffd":1419.4,"ffs":0.4255,"g":56,"co":2,"mo":0,"sa":2,"ic":0},"geometry":{"type":"Polygon","coordinates":[[[-4.23428,50.40756],[-4.23489,50.40677],[-4.23394,50.4073],[-4.23166,50.40803],[-4.23172,50.4083],[-4.22769,50.40882],[-4.22773,50.40914],[-4.2264,50.40908],[-4.22681,50.40816],[-4.22812,50.40677],[-4.22824,50.40585],[-4.22853,50.40586],[-4.22861,50.4054],[-4.22827,50.4053],[-4.22866,50.40511],[-4.22815,50.40419],[-4.22873,50.40385],[-4.22972,50.40405],[-4.22983,50.40471],[-4.23027,50.4048],[-4.23069,50.40462],[-4.23016,50.40441],[-4.23032,50.40386],[-4.23111,50.40391],[-4.23105,50.40364],[-4.23199,50.40325],[-4.23224,50.40359],[-4.23328,50.40348],[-4.2349,50.4029],[-4.2344,50.40373],[-4.23579,50.40416],[-4.23537,50.40548],[-4.23583,50.40568],[-4.2353,50.4073],[-4.23599,50.40744],[-4.23668,50.40909],[-4.23586,50.4093],[-4.23486,50.40921],[-4.23428,50.40756]]]}},{"type":"Feature","properties":{"id":"E01018795","name":"E01018795","parent":"E06000052","type":"LSOA","pop":1182,"r":98,"ff":19,"ffd":1607.4,"ffs":0.4318,"g":53,"co":2,"mo":0,"sa":2,"ic":0},"geometry":{"type":"MultiPolygon","coordinates":[[[[-4.28516,50.3886],[-4.28544,50.38839],[-4.28448,50.38854],[-4.28426,50.38779],[-4.28498,50.38811],[-4.28571,50.38796],[-4.28495,50.38807],[-4.28437,50.38771],[-4.2842,50.38708],[-4.28291,50.38593],[-4.28397,50.3856],[-4.28405,50.38518],[-4.28497,50.38545],[-4.28504,50.38526],[-4.28413,50.38509],[-4.28471,50.38446],[-4.28597,50.38528],[-4.28529,50.38569],[-4.28609,50.38537],[-4.28742,50.38603],[-4.28722,50.38668],[-4.28768,50.38645],[-4.28857,50.38719],[-4.28845,50.38788],[-4.28756,50.38843],[-4.28549,50.38903],[-4.28516,50.3886]]],[[[-4.24801,50.38962],[-4.24801,50.38917],[-4.24709,50.38978],[-4.2465,50.38947],[-4.24757,50.38902],[-4.2471,50.38903],[-4.24707,50.38877],[-4.24647,50.38942],[-4.24564,50.38895],[-4.24604,50.38763],[-4.24744,50.3881],[-4.24718,50.38853],[-4.24619,50.38891],[-4.24733,50.38852],[-4.24784,50.38858],[-4.24783,50.38905],[-4.24843,50.38904],[-4.24855,50.3897],[-4.24724,50.3898],[-4.24801,50.38962]]],[[[-4.24437,50.41339],[-4.24477,50.41235],[-4.24334,50.41118],[-4.24153,50.41113],[-4.2406,50.40848],[-4.23974,50.40799],[-4.23853,50.40781],[-4.23792,50.40736],[-4.23813,50.4067],[-4.23714,50.40657],[-4.23711,50.40573],[-4.23583,50.40568],[-4.23537,50.40548],[-4.23579,50.40416],[-4.2344,50.40373],[-4.2349,50.4029],[-4.23328,50.40348],[-4.23224,50.40359],[-4.23199,50.40325],[-4.23105,50.40364],[-4.23111,50.40391],[-4.23032,50.40386],[-4.23016,50.40441],[-4.23069,50.40462],[-4.23027,50.4048],[-4.22983,50.40471],[-4.22972,50.40405],[-4.22873,50.40385],[-4.22815,50.40419],[-4.22832,50.40446],[-4.22829,50.40469],[-4.22829,50.4045],[-4.2249,50.40493],[-4.22328,50.4012],[-4.2234,50.3997],[-4.22606,50.39744],[-4.22462,50.39653],[-4.22527,50.3965],[-4.22564,50.39611],[-4.22588,50.39507],[-4.2252,50.39481],[-4.2262,50.39371],[-4.2273,50.3933],[-4.22999,50.39376],[-4.23025,50.39424],[-4.22959,50.39527],[-4.23055,50.39615],[-4.22874,50.39722],[-4.22963,50.39732],[-4.23021,50.39695],[-4.23243,50.39726],[-4.23309,50.39853],[-4.23273,50.39886],[-4.23324,50.40075],[-4.23573,50.4015],[-4.23594,50.40184],[-4.23581,50.40149],[-4.23352,50.39999],[-4.23468,50.39784],[-4.23406,50.39767],[-4.23232,50.39604],[-4.23297,50.39569],[-4.23239,50.3961],[-4.23388,50.39739],[-4.23536,50.39635],[-4.23502,50.39601],[-4.23304,50.39561],[-4.23213,50.39479],[-4.23211,50.39441],[-4.23306,50.39396],[-4.23294,50.39363],[-4.23348,50.39399],[-4.23407,50.39376],[-4.23401,50.39355],[-4.23302,50.39356],[-4.23419,50.39351],[-4.23462,50.39323],[-4.2349,50.39345],[-4.23683,50.3934],[-4.23994,50.39258],[-4.24033,50.39213],[-4.24212,50.39155],[-4.24244,50.39072],[-4.24161,50.38977],[-4.24375,50.38921],[-4.24723,50.39064],[-4.24841,50.39153],[-4.24935,50.39171],[-4.2491,50.39207],[-4.24875,50.39179],[-4.2491,50.39234],[-4.24718,50.39389],[-4.24855,50.39375],[-4.24988,50.3931],[-4.25069,50.39304],[-4.25228,50.39355],[-4.25463,50.39377],[-4.25352,50.39333],[-4.25207,50.39322],[-4.25113,50.3923],[-4.25166,50.39221],[-4.25188,50.39158],[-4.25063,50.39175],[-4.24943,50.39076],[-4.24778,50.39062],[-4.25364,50.38896],[-4.25569,50.38949],[-4.25723,50.38892],[-4.25852,50.3891],[-4.258,50.38843],[-4.25753,50.38841],[-4.25785,50.38831],[-4.25661,50.38818],[-4.256,50.38854],[-4.25538,50.38809],[-4.25319,50.38784],[-4.25197,50.3882],[-4.25159,50.38897],[-4.25044,50.38889],[-4.24962,50.38924],[-4.24927,50.38892],[-4.24958,50.38875],[-4.24601,50.38756],[-4.24538,50.38694],[-4.24838,50.38506],[-4.25349,50.38424],[-4.25406,50.38324],[-4.2557,50.38353],[-4.25607,50.38408],[-4.25818,50.38514],[-4.26014,50.38549],[-4.26215,50.38626],[-4.2632,50.38614],[-4.26641,50.38721],[-4.26837,50.38689],[-4.26983,50.38557],[-4.27013,50.38576],[-4.26949,50.38634],[-4.27055,50.38596],[-4.27033,50.38627],[-4.27099,50.38656],[-4.27082,50.38678],[-4.27167,50.3869],[-4.27113,50.38671],[-4.27205,50.38658],[-4.27196,50.38615],[-4.2711,50.3864],[-4.27074,50.38606],[-4.27137,50.38577],[-4.2704,50.38563],[-4.27243,50.38558],[-4.27294,50.38593],[-4.27303,50.38506],[-4.27247,50.38471],[-4.27183,50.38505],[-4.27249,50.38485],[-4.27267,50.38509],[-4.27172,50.38517],[-4.27131,50.38552],[-4.2705,50.38478],[-4.27064,50.3796],[-4.27148,50.379],[-4.27171,50.37769],[-4.27334,50.37681],[-4.2744,50.37674],[-4.2752,50.37713],[-4.27626,50.37701],[-4.27795,50.3788],[-4.2827,50.38154],[-4.28367,50.38305],[-4.28366,50.38368],[-4.28428,50.38415],[-4.28357,50.38518],[-4.28226,50.38553],[-4.28179,50.38607],[-4.28145,50.38599],[-4.28185,50.38623],[-4.28163,50.38702],[-4.28035,50.38779],[-4.27996,50.38772],[-4.28075,50.38791],[-4.28061,50.38771],[-4.28134,50.38749],[-4.28163,50.38792],[-4.28176,50.38756],[-4.2823,50.38751],[-4.28144,50.38738],[-4.28204,50.38708],[-4.28197,50.38615],[-4.28263,50.38556],[-4.28245,50.38615],[-4.28331,50.38656],[-4.2827,50.38659],[-4.28252,50.38691],[-4.28281,50.38662],[-4.28379,50.38707],[-4.28381,50.38784],[-4.28311,50.38851],[-4.28384,50.38851],[-4.284,50.38816],[-4.28422,50.38851],[-4.28491,50.38869],[-4.28514,50.389],[-4.28321,50.38959],[-4.28338,50.38907],[-4.28265,50.38907],[-4.28355,50.39004],[-4.28279,50.39019],[-4.28236,50.39085],[-4.28142,50.39134],[-4.2841,50.39003],[-4.28373,50.38962],[-4.28531,50.38929],[-4.28546,50.38992],[-4.28548,50.38925],[-4.28716,50.3888],[-4.28738,50.38895],[-4.28693,50.38898],[-4.28639,50.38963],[-4.28732,50.38908],[-4.28692,50.39003],[-4.28781,50.39075],[-4.28796,50.39178],[-4.28809,50.39088],[-4.28773,50.3905],[-4.28846,50.39029],[-4.28775,50.39045],[-4.2875,50.39002],[-4.28859,50.38973],[-4.2884,50.38955],[-4.28757,50.38977],[-4.28757,50.38918],[-4.28793,50.3888],[-4.2883,50.38909],[-4.2881,50.38883],[-4.2885,50.38876],[-4.28806,50.38861],[-4.28911,50.38796],[-4.28993,50.38933],[-4.28968,50.3899],[-4.29004,50.3897],[-4.29032,50.3904],[-4.28964,50.39046],[-4.28964,50.39106],[-4.28972,50.39046],[-4.29017,50.39064],[-4.28991,50.39248],[-4.28773,50.39228],[-4.28896,50.39271],[-4.28892,50.3931],[-4.28686,50.39452],[-4.28294,50.39606],[-4.28178,50.39782],[-4.28067,50.39853],[-4.27959,50.39844],[-4.27832,50.39785],[-4.27659,50.39769],[-4.28067,50.39884],[-4.27987,50.40068],[-4.2805,50.4029],[-4.28027,50.40413],[-4.27985,50.40473],[-4.27978,50.40452],[-4.27931,50.40444],[-4.27879,50.40458],[-4.27962,50.40456],[-4.27992,50.40499],[-4.27787,50.40745],[-4.27685,50.40734],[-4.27724,50.40794],[-4.27702,50.40747],[-4.27771,50.40746],[-4.27783,50.40773],[-4.27779,50.40986],[-4.27542,50.40983],[-4.27534,50.41058],[-4.26825,50.4106],[-4.26555,50.41117],[-4.26308,50.41103],[-4.25889,50.41158],[-4.25353,50.41119],[-4.25226,50.41082],[-4.24742,50.41258],[-4.24663,50.41247],[-4.24615,50.41302],[-4.2441,50.41366],[-4.24375,50.41341],[-4.24437,50.41339]]]]}},{"type":"Feature","properties":{"id":"E01018796","name":"E01018796","parent":"E06000052","type":"LSOA","pop":1152,"r":90,"ff":18,"ffd":1562.5,"ffs":0.4737,"g":51,"co":2,"mo":0,"sa":2,"ic":0},"geometry":{"type":"Polygon","coordinates":[[[-4.23543,50.4106],[-4.23486,50.40921],[-4.23586,50.4093],[-4.23668,50.40909],[-4.23599,50.40744],[-4.2353,50.4073],[-4.23583,50.40568],[-4.23711,50.40573],[-4.23714,50.40657],[-4.23813,50.4067],[-4.23792,50.40736],[-4.23853,50.40781],[-4.23974,50.40799],[-4.2406,50.40848],[-4.24153,50.41113],[-4.23935,50.41162],[-4.23672,50.41168],[-4.23512,50.41132],[-4.23543,50.4106]]]}},{"type":"Feature","properties":{"id":"E01018797","name":"E01018797","parent":"E06000052","type":"LSOA","pop":1063,"r":1,"ff":0,"ffd":0.0,"ffs":null,"g":1,"co":1,"mo":3,"sa":1,"ic":1},"geometry":{"type":"Polygon","coordinates":[[[-4.19435,50.37634],[-4.19387,50.37574],[-4.19301,50.37585],[-4.19288,50.37461],[-4.19477,50.37364],[-4.19414,50.37307],[-4.19466,50.37283],[-4.19478,50.37186],[-4.19792,50.37106],[-4.1995,50.37022],[-4.20121,50.37026],[-4.19964,50.37096],[-4.20161,50.37184],[-4.20126,50.3721],[-4.20089,50.37196],[-4.20098,50.3723],[-4.20182,50.37228],[-4.20203,50.37267],[-4.1997,50.37388],[-4.1979,50.37311],[-4.19748,50.37414],[-4.19683,50.37367],[-4.19665,50.37403],[-4.19635,50.3739],[-4.19714,50.37452],[-4.19629,50.37442],[-4.19683,50.37486],[-4.19619,50.37503],[-4.19691,50.37621],[-4.19669,50.37687],[-4.19435,50.37634]]]}},{"type":"Feature","properties":{"id":"E01018798","name":"E01018798","parent":"E06000052","type":"LSOA","pop":1487,"r":1,"ff":0,"ffd":0.0,"ffs":null,"g":1,"co":1,"mo":3,"sa":1,"ic":1},"geometry":{"type":"Polygon","coordinates":[[[-4.20473,50.37773],[-4.20469,50.37748],[-4.20615,50.3776],[-4.20744,50.37675],[-4.20687,50.37614],[-4.20479,50.37688],[-4.20382,50.37669],[-4.20329,50.37617],[-4.2033,50.37549],[-4.20383,50.37536],[-4.20339,50.37468],[-4.20275,50.37484],[-4.20235,50.3744],[-4.20259,50.37414],[-4.20191,50.37408],[-4.20096,50.37504],[-4.20159,50.37551],[-4.20081,50.37585],[-4.20075,50.37635],[-4.2022,50.37649],[-4.20204,50.3768],[-4.20073,50.37672],[-4.20066,50.37635],[-4.1999,50.3763],[-4.19938,50.37637],[-4.19937,50.37665],[-4.19795,50.37656],[-4.19811,50.37783],[-4.19766,50.37817],[-4.1985,50.37812],[-4.19926,50.37847],[-4.20007,50.37804],[-4.19996,50.37867],[-4.19651,50.37832],[-4.19775,50.37752],[-4.19748,50.37705],[-4.19669,50.37687],[-4.19691,50.37621],[-4.19619,50.37503],[-4.19683,50.37486],[-4.19629,50.37442],[-4.19714,50.37452],[-4.19635,50.3739],[-4.19665,50.37403],[-4.19683,50.37367],[-4.19748,50.37414],[-4.1979,50.37311],[-4.1997,50.37388],[-4.20203,50.37267],[-4.20182,50.37228],[-4.20098,50.3723],[-4.20089,50.37196],[-4.20126,50.3721],[-4.20161,50.37184],[-4.2049,50.37348],[-4.20524,50.37393],[-4.20609,50.37402],[-4.2064,50.37488],[-4.20763,50.37497],[-4.20803,50.37556],[-4.20868,50.37544],[-4.20896,50.37599],[-4.20735,50.37604],[-4.20782,50.37753],[-4.20723,50.37843],[-4.20743,50.37917],[-4.20473,50.37773]]]}},{"type":"Feature","properties":{"id":"E01018799","name":"E01018799","parent":"E06000052","type":"LSOA","pop":1161,"r":1,"ff":0,"ffd":0.0,"ffs":null,"g":1,"co":1,"mo":3,"sa":1,"ic":1},"geometry":{"type":"Polygon","coordinates":[[[-4.20854,50.38556],[-4.20528,50.38511],[-4.20337,50.38387],[-4.19883,50.38323],[-4.19792,50.38189],[-4.19903,50.38127],[-4.20254,50.38075],[-4.20236,50.37904],[-4.19986,50.37873],[-4.20007,50.37804],[-4.19926,50.37847],[-4.1985,50.37812],[-4.19766,50.37817],[-4.19811,50.37783],[-4.19795,50.37656],[-4.19937,50.37665],[-4.19938,50.37637],[-4.1999,50.3763],[-4.20066,50.37635],[-4.20073,50.37672],[-4.20204,50.3768],[-4.2022,50.37649],[-4.20075,50.37635],[-4.20081,50.37585],[-4.20159,50.37551],[-4.20096,50.37504],[-4.20191,50.37408],[-4.20259,50.37414],[-4.20235,50.3744],[-4.20275,50.37484],[-4.20339,50.37468],[-4.20383,50.37536],[-4.2033,50.37549],[-4.20329,50.37617],[-4.20382,50.37669],[-4.20479,50.37688],[-4.20687,50.37614],[-4.20744,50.37675],[-4.20615,50.3776],[-4.20469,50.37748],[-4.20473,50.37773],[-4.20743,50.37917],[-4.20914,50.38052],[-4.20982,50.38282],[-4.20908,50.38326],[-4.20938,50.38546],[-4.20857,50.38543],[-4.20854,50.38556]]]}},{"type":"Feature","properties":{"id":"E01018800","name":"E01018800","parent":"E06000052","type":"LSOA","pop":1489,"r":1,"ff":0,"ffd":0.0,"ffs":null,"g":1,"co":1,"mo":3,"sa":1,"ic":1},"geometry":{"type":"Polygon","coordinates":[[[-4.21483,50.3756],[-4.21439,50.37516],[-4.21335,50.37524],[-4.21253,50.37468],[-4.20896,50.37599],[-4.20868,50.37544],[-4.20803,50.37556],[-4.20763,50.37497],[-4.2064,50.37488],[-4.20609,50.37402],[-4.20524,50.37393],[-4.2049,50.37348],[-4.19964,50.37096],[-4.20133,50.37026],[-4.20488,50.37161],[-4.2068,50.37197],[-4.20663,50.37226],[-4.20715,50.37249],[-4.20798,50.37191],[-4.2089,50.37265],[-4.21087,50.37306],[-4.21122,50.37344],[-4.21104,50.37307],[-4.20859,50.37235],[-4.20865,50.37147],[-4.20752,50.37105],[-4.20696,50.37037],[-4.20774,50.36999],[-4.20803,50.37052],[-4.20856,50.37038],[-4.20951,50.37075],[-4.21026,50.37146],[-4.21132,50.37126],[-4.21181,50.37185],[-4.2137,50.37012],[-4.21554,50.36942],[-4.21722,50.37152],[-4.21604,50.37294],[-4.21597,50.37438],[-4.21545,50.37464],[-4.21714,50.37581],[-4.21638,50.37609],[-4.21483,50.3756]]]}},{"type":"Feature","properties":{"id":"E01018803","name":"E01018803","parent":"E06000052","type":"LSOA","pop":1952,"r":7,"ff":2,"ffd":102.5,"ffs":0.2857,"g":0,"co":1,"mo":3,"sa":1,"ic":1},"geometry":{"type":"Polygon","coordinates":[[[-5.05612,50.15536],[-5.05593,50.15364],[-5.05477,50.15367],[-5.05429,50.15338],[-5.05418,50.15363],[-5.05289,50.1535],[-5.05234,50.1538],[-5.05224,50.15315],[-5.05205,50.15387],[-5.05197,50.1532],[-5.05176,50.1536],[-5.05165,50.15322],[-5.05065,50.15326],[-5.05054,50.15353],[-5.05186,50.15402],[-5.05176,50.15425],[-5.05044,50.15355],[-5.05056,50.15327],[-5.04929,50.15581],[-5.05016,50.15327],[-5.04725,50.15166],[-5.04743,50.15023],[-5.04496,50.14961],[-5.04445,50.14848],[-5.04488,50.14807],[-5.0442,50.14785],[-5.04409,50.1469],[-5.04354,50.14696],[-5.04374,50.14578],[-5.04322,50.14576],[-5.04299,50.14521],[-5.04352,50.14483],[-5.04284,50.14485],[-5.04324,50.14461],[-5.04262,50.14471],[-5.04188,50.14392],[-5.04318,50.14346],[-5.04377,50.14345],[-5.04353,50.14375],[-5.04421,50.14382],[-5.04454,50.14406],[-5.04423,50.14443],[-5.04605,50.14425],[-5.04614,50.14462],[-5.04701,50.14455],[-5.04687,50.14473],[-5.04793,50.14456],[-5.04909,50.14537],[-5.04894,50.14545],[-5.04923,50.14547],[-5.04895,50.14561],[-5.04997,50.14588],[-5.05065,50.14722],[-5.05161,50.14799],[-5.05295,50.14835],[-5.05312,50.14817],[-5.05317,50.14842],[-5.05595,50.14818],[-5.05765,50.14776],[-5.0612,50.14615],[-5.06714,50.14475],[-5.06832,50.14416],[-5.06892,50.1434],[-5.06934,50.14337],[-5.06993,50.14402],[-5.06985,50.14456],[-5.06907,50.14513],[-5.06771,50.14504],[-5.0679,50.14647],[-5.066,50.14714],[-5.06539,50.14687],[-5.06547,50.14724],[-5.06342,50.14785],[-5.06379,50.14848],[-5.06333,50.14898],[-5.06598,50.15093],[-5.06681,50.15065],[-5.06686,50.15102],[-5.0665,50.15178],[-5.06667,50.15216],[-5.06609,50.15236],[-5.06579,50.1517],[-5.06506,50.1519],[-5.06525,50.1524],[-5.06473,50.15264],[-5.06461,50.1519],[-5.06377,50.15241],[-5.06342,50.15201],[-5.0638,50.15181],[-5.06352,50.1516],[-5.06264,50.15178],[-5.06236,50.15156],[-5.06141,50.1518],[-5.06054,50.15132],[-5.06026,50.15181],[-5.0595,50.15151],[-5.05863,50.15163],[-5.06002,50.15348],[-5.05657,50.15383],[-5.05675,50.15665],[-5.05898,50.15669],[-5.05448,50.15693],[-5.05507,50.15562],[-5.05612,50.15536]]]}},{"type":"Feature","properties":{"id":"E01018804","name":"E01018804","parent":"E06000052","type":"LSOA","pop":1867,"r":7,"ff":2,"ffd":107.1,"ffs":0.2857,"g":0,"co":1,"mo":3,"sa":1,"ic":1},"geometry":{"type":"Polygon","coordinates":[[[-5.07013,50.15655],[-5.07037,50.15614],[-5.06941,50.15591],[-5.06838,50.15522],[-5.06774,50.15539],[-5.06732,50.1544],[-5.0677,50.15426],[-5.066,50.15293],[-5.06571,50.15337],[-5.06509,50.15285],[-5.06547,50.15305],[-5.06587,50.15274],[-5.06525,50.1524],[-5.06506,50.1519],[-5.06579,50.1517],[-5.06609,50.15236],[-5.06667,50.15216],[-5.0665,50.15178],[-5.06686,50.15102],[-5.06771,50.15067],[-5.06823,50.15171],[-5.06701,50.15164],[-5.06839,50.15232],[-5.06861,50.15289],[-5.0695,50.15257],[-5.06944,50.15168],[-5.07056,50.15116],[-5.0707,50.15138],[-5.07238,50.15093],[-5.07214,50.15056],[-5.07273,50.14989],[-5.07419,50.1503],[-5.07435,50.15068],[-5.07283,50.15149],[-5.07327,50.15194],[-5.07304,50.15256],[-5.07393,50.15299],[-5.07358,50.15326],[-5.07307,50.15297],[-5.07138,50.15456],[-5.071,50.15499],[-5.07146,50.15526],[-5.07127,50.15573],[-5.07081,50.1559],[-5.07113,50.15629],[-5.07013,50.15655]]]}},{"type":"Feature","properties":{"id":"E01018805","name":"E01018805","parent":"E06000052","type":"LSOA","pop":1585,"r":7,"ff":2,"ffd":126.2,"ffs":0.2857,"g":0,"co":1,"mo":3,"sa":1,"ic":1},"geometry":{"type":"Polygon","coordinates":[[[-5.06839,50.15232],[-5.06701,50.15164],[-5.06823,50.15171],[-5.06771,50.15067],[-5.06686,50.15102],[-5.06681,50.15065],[-5.06598,50.15093],[-5.06333,50.14898],[-5.06379,50.14848],[-5.06342,50.14785],[-5.06547,50.14724],[-5.06539,50.14687],[-5.066,50.14714],[-5.0679,50.14647],[-5.06771,50.14504],[-5.06907,50.14513],[-5.06985,50.14456],[-5.06993,50.14402],[-5.06934,50.14337],[-5.06892,50.1434],[-5.06943,50.14275],[-5.0706,50.14198],[-5.07116,50.14199],[-5.07149,50.14148],[-5.07427,50.14062],[-5.0757,50.14088],[-5.0769,50.14007],[-5.07655,50.13965],[-5.07682,50.13933],[-5.07746,50.1393],[-5.07689,50.14251],[-5.07811,50.14495],[-5.07777,50.14537],[-5.07501,50.14587],[-5.07479,50.14649],[-5.0764,50.14678],[-5.07658,50.14839],[-5.07716,50.14859],[-5.07517,50.14922],[-5.0748,50.14953],[-5.07546,50.14988],[-5.07502,50.15022],[-5.07435,50.14986],[-5.07403,50.15006],[-5.07218,50.14893],[-5.07111,50.1493],[-5.07129,50.14973],[-5.07171,50.14961],[-5.0715,50.14998],[-5.06999,50.14995],[-5.0702,50.15045],[-5.07053,50.15041],[-5.07056,50.15116],[-5.06944,50.15168],[-5.0695,50.15257],[-5.06861,50.15289],[-5.06839,50.15232]]]}},{"type":"Feature","properties":{"id":"E01018806","name":"E01018806","parent":"E06000052","type":"LSOA","pop":1598,"r":7,"ff":2,"ffd":125.2,"ffs":0.2857,"g":0,"co":1,"mo":3,"sa":1,"ic":1},"geometry":{"type":"Polygon","coordinates":[[[-5.07435,50.15068],[-5.07419,50.1503],[-5.07273,50.14989],[-5.07214,50.15056],[-5.07238,50.15093],[-5.0707,50.15138],[-5.07053,50.15041],[-5.0702,50.15045],[-5.06999,50.14995],[-5.0715,50.14998],[-5.07171,50.14961],[-5.07129,50.14973],[-5.07111,50.1493],[-5.07218,50.14893],[-5.07403,50.15006],[-5.07435,50.14986],[-5.07502,50.15022],[-5.07546,50.14988],[-5.0748,50.14953],[-5.07517,50.14922],[-5.07716,50.14859],[-5.07658,50.14839],[-5.0764,50.14678],[-5.08003,50.14813],[-5.08156,50.14896],[-5.08282,50.14991],[-5.08115,50.1502],[-5.08013,50.15105],[-5.07812,50.15058],[-5.07781,50.1508],[-5.07704,50.15039],[-5.07679,50.15058],[-5.07714,50.15077],[-5.07393,50.15299],[-5.07304,50.15256],[-5.07327,50.15194],[-5.07283,50.15149],[-5.07435,50.15068]]]}},{"type":"Feature","properties":{"id":"E01018807","name":"E01018807","parent":"E06000052","type":"LSOA","pop":2287,"r":23,"ff":8,"ffd":349.8,"ffs":0.4211,"g":4,"co":1,"mo":3,"sa":0,"ic":1},"geometry":{"type":"Polygon","coordinates":[[[-5.05109,50.26093],[-5.0488,50.26045],[-5.04754,50.25866],[-5.04695,50.25868],[-5.04404,50.25424],[-5.04262,50.25262],[-5.04129,50.25223],[-5.03924,50.24915],[-5.04012,50.24806],[-5.04172,50.24782],[-5.04345,50.24789],[-5.04654,50.249],[-5.05049,50.24827],[-5.05082,50.24882],[-5.05643,50.24845],[-5.05844,50.24895],[-5.06092,50.25078],[-5.06132,50.24992],[-5.06264,50.25058],[-5.06474,50.25231],[-5.06514,50.2536],[-5.0662,50.25483],[-5.06848,50.25617],[-5.06981,50.25843],[-5.06758,50.25929],[-5.06574,50.26068],[-5.06447,50.25879],[-5.06142,50.25671],[-5.0588,50.25574],[-5.05827,50.25674],[-5.05674,50.25762],[-5.05559,50.25753],[-5.05545,50.25709],[-5.05408,50.25758],[-5.05361,50.25816],[-5.05375,50.25871],[-5.05451,50.25887],[-5.05417,50.25975],[-5.05482,50.25958],[-5.05479,50.26125],[-5.053,50.26105],[-5.05263,50.26075],[-5.05231,50.26158],[-5.05109,50.26093]]]}},{"type":"Feature","properties":{"id":"E01018808","name":"E01018808","parent":"E06000052","type":"LSOA","pop":1623,"r":23,"ff":8,"ffd":492.9,"ffs":0.4211,"g":4,"co":1,"mo":3,"sa":0,"ic":1},"geometry":{"type":"Polygon","coordinates":[[[-5.05617,50.26126],[-5.05685,50.25985],[-5.05482,50.25958],[-5.05417,50.25975],[-5.05451,50.25887],[-5.05375,50.25871],[-5.05361,50.25816],[-5.05408,50.25758],[-5.05545,50.25709],[-5.05559,50.25753],[-5.05674,50.25762],[-5.05827,50.25674],[-5.0588,50.25574],[-5.06142,50.25671],[-5.06447,50.25879],[-5.06574,50.26068],[-5.0641,50.26042],[-5.06426,50.25987],[-5.0629,50.2586],[-5.06237,50.25897],[-5.06294,50.25946],[-5.06279,50.26012],[-5.06214,50.26056],[-5.06177,50.26026],[-5.0611,50.26083],[-5.05891,50.26162],[-5.05883,50.26191],[-5.05714,50.26236],[-5.05704,50.26187],[-5.05642,50.26171],[-5.05617,50.26126]]]}},{"type":"Feature","properties":{"id":"E01018810","name":"E01018810","parent":"E06000052","type":"LSOA","pop":1440,"r":23,"ff":8,"ffd":555.6,"ffs":0.4211,"g":4,"co":1,"mo":3,"sa":0,"ic":1},"geometry":{"type":"Polygon","coordinates":[[[-5.06828,50.26679],[-5.06677,50.26653],[-5.06582,50.26679],[-5.06368,50.26571],[-5.0638,50.26515],[-5.06082,50.26455],[-5.06269,50.26416],[-5.06277,50.26356],[-5.06037,50.26329],[-5.05816,50.26248],[-5.05898,50.26213],[-5.05883,50.26191],[-5.05891,50.26162],[-5.0611,50.26083],[-5.06177,50.26026],[-5.06214,50.26056],[-5.06279,50.26012],[-5.06294,50.25946],[-5.06237,50.25897],[-5.0629,50.2586],[-5.06426,50.25987],[-5.0641,50.26042],[-5.06547,50.26073],[-5.06758,50.25929],[-5.06981,50.25843],[-5.06848,50.25617],[-5.07384,50.25675],[-5.07642,50.25613],[-5.07076,50.26138],[-5.07043,50.26228],[-5.07144,50.26283],[-5.07022,50.26448],[-5.07117,50.2651],[-5.06853,50.26626],[-5.06828,50.26679]]]}},{"type":"Feature","properties":{"id":"E01018811","name":"E01018811","parent":"E06000052","type":"LSOA","pop":1612,"r":7,"ff":2,"ffd":124.1,"ffs":0.2857,"g":0,"co":1,"mo":3,"sa":1,"ic":1},"geometry":{"type":"Polygon","coordinates":[[[-5.0949,50.14873],[-5.09442,50.14867],[-5.09249,50.14946],[-5.09165,50.14952],[-5.09082,50.14802],[-5.08905,50.14699],[-5.0884,50.14693],[-5.08884,50.14636],[-5.09059,50.1459],[-5.09,50.14568],[-5.09031,50.14503],[-5.08944,50.1445],[-5.08776,50.14442],[-5.08647,50.14483],[-5.08487,50.14447],[-5.08483,50.14404],[-5.08672,50.14264],[-5.0899,50.14112],[-5.09059,50.14144],[-5.09045,50.14197],[-5.09146,50.14151],[-5.09404,50.14311],[-5.09522,50.14466],[-5.0955,50.147],[-5.09555,50.14936],[-5.09502,50.1495],[-5.0949,50.14873]]]}},{"type":"Feature","properties":{"id":"E01018812","name":"E01018812","parent":"E06000052","type":"LSOA","pop":1820,"r":7,"ff":2,"ffd":109.9,"ffs":0.2857,"g":0,"co":3,"mo":3,"sa":1,"ic":1},"geometry":{"type":"Polygon","coordinates":[[[-5.08404,50.1512],[-5.08282,50.14991],[-5.08156,50.14896],[-5.08003,50.14813],[-5.0764,50.14678],[-5.07479,50.14649],[-5.07501,50.14587],[-5.07777,50.14537],[-5.07814,50.14505],[-5.07812,50.14487],[-5.0789,50.14494],[-5.07973,50.14456],[-5.07991,50.14402],[-5.07895,50.14202],[-5.0825,50.1419],[-5.08458,50.14325],[-5.08487,50.14447],[-5.08647,50.14483],[-5.08776,50.14442],[-5.08944,50.1445],[-5.09031,50.14503],[-5.09,50.14568],[-5.09059,50.1459],[-5.08884,50.14636],[-5.0884,50.14693],[-5.08782,50.14668],[-5.08645,50.14719],[-5.08544,50.14812],[-5.08596,50.14828],[-5.08658,50.14762],[-5.08726,50.1476],[-5.08685,50.14849],[-5.08821,50.14869],[-5.08789,50.14945],[-5.08676,50.14934],[-5.08622,50.14997],[-5.08488,50.15],[-5.08404,50.1512]]]}},{"type":"Feature","properties":{"id":"E01018813","name":"E01018813","parent":"E06000052","type":"LSOA","pop":1751,"r":7,"ff":2,"ffd":114.2,"ffs":0.2857,"g":0,"co":3,"mo":3,"sa":1,"ic":1},"geometry":{"type":"Polygon","coordinates":[[[-5.07809,50.14491],[-5.07689,50.14251],[-5.07746,50.1393],[-5.07682,50.13933],[-5.07694,50.13722],[-5.07627,50.13701],[-5.07564,50.13606],[-5.07504,50.13594],[-5.07539,50.13589],[-5.07512,50.13541],[-5.07408,50.13561],[-5.07355,50.13527],[-5.07388,50.13496],[-5.07347,50.13498],[-5.07398,50.13481],[-5.07336,50.13478],[-5.07296,50.13433],[-5.07523,50.13353],[-5.07718,50.13337],[-5.07651,50.13322],[-5.07693,50.13301],[-5.07931,50.13287],[-5.08011,50.1319],[-5.08204,50.13061],[-5.08152,50.12961],[-5.08233,50.1293],[-5.08189,50.12928],[-5.08213,50.12896],[-5.08344,50.12879],[-5.08533,50.1279],[-5.08535,50.12815],[-5.08613,50.12761],[-5.08774,50.12732],[-5.08857,50.12663],[-5.09039,50.12678],[-5.09369,50.12607],[-5.09307,50.12462],[-5.09133,50.12456],[-5.09417,50.12419],[-5.09666,50.12828],[-5.09679,50.12919],[-5.09635,50.13032],[-5.0956,50.1308],[-5.09582,50.13171],[-5.09499,50.13347],[-5.09376,50.13448],[-5.09381,50.13495],[-5.09329,50.13537],[-5.09287,50.13817],[-5.09107,50.14082],[-5.09146,50.14151],[-5.09045,50.14197],[-5.09059,50.14144],[-5.0899,50.14112],[-5.08672,50.14264],[-5.08483,50.14404],[-5.08458,50.14325],[-5.0825,50.1419],[-5.07895,50.14202],[-5.07991,50.14402],[-5.07973,50.14456],[-5.0789,50.14494],[-5.07812,50.14487],[-5.07814,50.14505],[-5.07777,50.14537],[-5.07809,50.14491]]]}},{"type":"Feature","properties":{"id":"E01018814","name":"E01018814","parent":"E06000052","type":"LSOA","pop":1499,"r":7,"ff":2,"ffd":133.4,"ffs":0.2857,"g":0,"co":1,"mo":3,"sa":1,"ic":1},"geometry":{"type":"Polygon","coordinates":[[[-5.09948,50.15559],[-5.09666,50.1553],[-5.0966,50.15549],[-5.09355,50.15493],[-5.08913,50.15324],[-5.08891,50.15349],[-5.08673,50.15273],[-5.08601,50.15299],[-5.08572,50.15273],[-5.08536,50.15284],[-5.08404,50.1512],[-5.08488,50.15],[-5.08622,50.14997],[-5.08676,50.14934],[-5.08789,50.14945],[-5.08821,50.14869],[-5.08685,50.14849],[-5.08726,50.1476],[-5.08658,50.14762],[-5.08596,50.14828],[-5.08544,50.14812],[-5.08645,50.14719],[-5.08782,50.14668],[-5.08905,50.14699],[-5.09082,50.14802],[-5.09165,50.14952],[-5.09249,50.14946],[-5.09442,50.14867],[-5.0949,50.14873],[-5.09502,50.1495],[-5.09555,50.14936],[-5.09715,50.15045],[-5.09848,50.15238],[-5.09874,50.15368],[-5.10031,50.15519],[-5.09948,50.15559]]]}},{"type":"Feature","properties":{"id":"E01018815","name":"E01018815","parent":"E06000052","type":"LSOA","pop":2688,"r":7,"ff":4,"ffd":148.8,"ffs":0.5714,"g":0,"co":1,"mo":3,"sa":3,"ic":1},"geometry":{"type":"Polygon","coordinates":[[[-5.00064,50.37102],[-4.9984,50.36884],[-4.99732,50.36314],[-4.99692,50.36317],[-4.99624,50.36176],[-4.99478,50.36091],[-4.99711,50.35984],[-5.00075,50.35731],[-5.00235,50.35465],[-5.0033,50.35392],[-5.00653,50.35265],[-5.00544,50.35101],[-5.00554,50.34829],[-5.00511,50.3467],[-5.00158,50.34513],[-4.99901,50.34354],[-5.00448,50.3447],[-5.00905,50.34464],[-5.00934,50.34501],[-5.01321,50.34553],[-5.0175,50.34672],[-5.02427,50.34715],[-5.02323,50.34504],[-5.01978,50.34249],[-5.01985,50.34115],[-5.01906,50.3395],[-5.01743,50.33805],[-5.01563,50.33513],[-5.01496,50.33486],[-5.01229,50.33502],[-5.01102,50.33457],[-5.01019,50.33466],[-5.00874,50.33386],[-5.00799,50.33404],[-5.00673,50.33373],[-5.00569,50.33403],[-5.00538,50.33121],[-5.0052,50.3306],[-5.00463,50.3305],[-5.00491,50.32728],[-5.01021,50.32743],[-5.00972,50.32583],[-5.00875,50.32501],[-5.00771,50.32472],[-5.00722,50.32404],[-5.00717,50.32308],[-5.00681,50.32296],[-5.0071,50.32233],[-5.00548,50.31993],[-5.0066,50.31976],[-5.00945,50.31834],[-5.00997,50.3182],[-5.01007,50.31841],[-5.01113,50.31801],[-5.00843,50.31629],[-5.00264,50.31137],[-4.99157,50.31128],[-4.9925,50.30966],[-4.99486,50.30835],[-4.99775,50.30614],[-4.99689,50.30546],[-4.99524,50.30182],[-4.99534,50.30101],[-5.0006,50.30021],[-5.00205,50.29974],[-5.00284,50.2991],[-5.00229,50.29724],[-5.00153,50.29722],[-5.00177,50.29593],[-5.00041,50.2939],[-5.00405,50.29277],[-5.00498,50.29215],[-5.01053,50.29155],[-5.01019,50.29379],[-5.00922,50.29517],[-5.00927,50.29615],[-5.01068,50.29652],[-5.01697,50.29687],[-5.01948,50.29764],[-5.02657,50.29739],[-5.02763,50.29818],[-5.02906,50.29833],[-5.02995,50.29877],[-5.03133,50.30005],[-5.0335,50.29929],[-5.03417,50.29763],[-5.03674,50.29625],[-5.04236,50.29522],[-5.04597,50.29501],[-5.04866,50.29518],[-5.04777,50.29336],[-5.04797,50.29295],[-5.04916,50.29247],[-5.05165,50.29219],[-5.05183,50.29276],[-5.05366,50.29393],[-5.0558,50.29666],[-5.05682,50.30276],[-5.05749,50.30336],[-5.05944,50.30304],[-5.05911,50.3027],[-5.06049,50.3022],[-5.064,50.30257],[-5.06523,50.30036],[-5.06749,50.29994],[-5.06772,50.29908],[-5.07767,50.29775],[-5.08019,50.29872],[-5.08214,50.29867],[-5.08499,50.29922],[-5.08612,50.29992],[-5.08708,50.30008],[-5.09204,50.30008],[-5.09485,50.30066],[-5.09973,50.30276],[-5.10231,50.30311],[-5.10478,50.3042],[-5.10263,50.30522],[-5.09896,50.30629],[-5.09689,50.30753],[-5.09463,50.3103],[-5.09665,50.31078],[-5.09529,50.31232],[-5.09318,50.31368],[-5.09178,50.31239],[-5.08559,50.31656],[-5.08451,50.31765],[-5.08437,50.31944],[-5.0878,50.32312],[-5.08705,50.32493],[-5.08874,50.32654],[-5.08891,50.32723],[-5.09065,50.32746],[-5.09142,50.32814],[-5.08263,50.32934],[-5.0841,50.33189],[-5.08505,50.33191],[-5.08597,50.33293],[-5.08763,50.33338],[-5.08802,50.33398],[-5.087,50.3343],[-5.08756,50.33522],[-5.08902,50.33507],[-5.09101,50.33609],[-5.09135,50.33722],[-5.09265,50.3389],[-5.09043,50.34125],[-5.07721,50.34137],[-5.05288,50.34455],[-5.05404,50.3513],[-5.055,50.35111],[-5.05216,50.35369],[-5.04917,50.35435],[-5.04677,50.35438],[-5.04289,50.35685],[-5.03924,50.35756],[-5.03622,50.35752],[-5.03567,50.36076],[-5.03452,50.36052],[-5.03361,50.36168],[-5.03377,50.36346],[-5.03361,50.36405],[-5.03311,50.36386],[-5.03281,50.365],[-5.03317,50.3681],[-5.0259,50.36796],[-5.02229,50.36738],[-5.0233,50.37025],[-5.02195,50.37017],[-5.01952,50.37084],[-5.01613,50.37105],[-5.01737,50.37273],[-5.01709,50.37462],[-5.01846,50.37811],[-5.00572,50.38115],[-5.00088,50.37819],[-5.00149,50.37489],[-5.00064,50.37102]]]}},{"type":"Feature","properties":{"id":"E01018816","name":"E01018816","parent":"E06000052","type":"LSOA","pop":1603,"r":8,"ff":4,"ffd":249.5,"ffs":0.5,"g":0,"co":1,"mo":3,"sa":3,"ic":1},"geometry":{"type":"Polygon","coordinates":[[[-5.06868,50.2251],[-5.06921,50.22339],[-5.06882,50.22222],[-5.06607,50.22244],[-5.06159,50.22485],[-5.0586,50.22536],[-5.0546,50.22667],[-5.05008,50.22601],[-5.0483,50.22628],[-5.04565,50.22597],[-5.04434,50.22644],[-5.04392,50.2273],[-5.04363,50.22711],[-5.03962,50.22839],[-5.03581,50.22671],[-5.03412,50.22477],[-5.03226,50.22484],[-5.03111,50.22414],[-5.03097,50.22357],[-5.03201,50.22314],[-5.03266,50.22319],[-5.04178,50.22104],[-5.03943,50.22105],[-5.0373,50.22049],[-5.03475,50.22133],[-5.0335,50.22206],[-5.03062,50.2224],[-5.0296,50.22215],[-5.02814,50.22102],[-5.02785,50.21726],[-5.02856,50.21682],[-5.02817,50.21645],[-5.02861,50.21444],[-5.02837,50.21282],[-5.02742,50.21121],[-5.02841,50.20992],[-5.02969,50.20899],[-5.03063,50.2088],[-5.03267,50.2099],[-5.03253,50.2118],[-5.03321,50.21237],[-5.03898,50.21266],[-5.03911,50.21179],[-5.03811,50.21199],[-5.03655,50.21146],[-5.03605,50.2097],[-5.0368,50.20846],[-5.03791,50.20782],[-5.0384,50.20639],[-5.04047,50.20467],[-5.04308,50.2043],[-5.0452,50.20582],[-5.04602,50.20707],[-5.04744,50.20783],[-5.04752,50.20866],[-5.04808,50.20903],[-5.04772,50.20629],[-5.04557,50.20508],[-5.04392,50.20331],[-5.04473,50.20298],[-5.04829,50.20292],[-5.05017,50.20236],[-5.05173,50.20086],[-5.0533,50.19997],[-5.05378,50.19865],[-5.055,50.19792],[-5.0559,50.19527],[-5.05911,50.19324],[-5.05976,50.19338],[-5.06,50.19393],[-5.05909,50.19471],[-5.058,50.19679],[-5.05785,50.19828],[-5.05874,50.19944],[-5.06126,50.20053],[-5.06332,50.20217],[-5.06492,50.20269],[-5.06501,50.20683],[-5.06561,50.20771],[-5.06534,50.20781],[-5.0663,50.20819],[-5.06707,50.20944],[-5.06659,50.20937],[-5.06662,50.21051],[-5.06757,50.20942],[-5.06799,50.20687],[-5.0701,50.20567],[-5.07483,50.20841],[-5.07677,50.20799],[-5.07964,50.20817],[-5.07958,50.20782],[-5.07982,50.20822],[-5.08102,50.20839],[-5.08123,50.20893],[-5.0813,50.20861],[-5.0818,50.20921],[-5.08263,50.20944],[-5.08148,50.20923],[-5.08181,50.20944],[-5.08302,50.20981],[-5.08531,50.20951],[-5.0875,50.20975],[-5.08581,50.20942],[-5.08423,50.20952],[-5.08494,50.20932],[-5.08496,50.20898],[-5.08577,50.20906],[-5.08489,50.20852],[-5.08835,50.20922],[-5.08868,50.2096],[-5.0888,50.20939],[-5.08892,50.21004],[-5.0875,50.20994],[-5.0869,50.2105],[-5.08679,50.21129],[-5.08724,50.21185],[-5.08957,50.21171],[-5.08945,50.21117],[-5.09058,50.21128],[-5.09156,50.21185],[-5.09059,50.21236],[-5.09174,50.21295],[-5.09085,50.2139],[-5.09199,50.21423],[-5.09242,50.2149],[-5.093,50.21508],[-5.09452,50.21502],[-5.09556,50.21661],[-5.09323,50.21721],[-5.09253,50.21656],[-5.09177,50.21653],[-5.0886,50.21888],[-5.08578,50.22034],[-5.08585,50.21927],[-5.08421,50.21929],[-5.08343,50.22015],[-5.08115,50.21986],[-5.07999,50.22045],[-5.07752,50.22002],[-5.07646,50.22081],[-5.07504,50.22107],[-5.07434,50.22059],[-5.0751,50.21901],[-5.07211,50.21891],[-5.07361,50.22066],[-5.07297,50.22109],[-5.07013,50.22098],[-5.07048,50.22368],[-5.07504,50.22293],[-5.07769,50.22352],[-5.07937,50.22338],[-5.08129,50.22441],[-5.08126,50.22558],[-5.07759,50.22857],[-5.07405,50.22954],[-5.07295,50.22824],[-5.07044,50.22671],[-5.06868,50.2251]]]}},{"type":"Feature","properties":{"id":"E01018817","name":"E01018817","parent":"E06000052","type":"LSOA","pop":2161,"r":10,"ff":6,"ffd":277.6,"ffs":0.6,"g":0,"co":1,"mo":3,"sa":3,"ic":1},"geometry":{"type":"MultiPolygon","coordinates":[[[[-5.09692,50.20992],[-5.0969,50.20989],[-5.09711,50.20996],[-5.09692,50.20992]]],[[[-5.13859,50.25962],[-5.13557,50.25886],[-5.13198,50.25915],[-5.13036,50.25852],[-5.12896,50.25844],[-5.12512,50.25677],[-5.12305,50.2562],[-5.11553,50.25498],[-5.11398,50.2535],[-5.11264,50.25297],[-5.10499,50.252],[-5.09682,50.25175],[-5.09447,50.2522],[-5.09069,50.25354],[-5.08905,50.25344],[-5.08481,50.25406],[-5.08291,50.25519],[-5.08037,50.25584],[-5.07642,50.25613],[-5.07384,50.25675],[-5.06848,50.25617],[-5.0662,50.25483],[-5.06514,50.2536],[-5.06474,50.25231],[-5.06264,50.25058],[-5.06132,50.24992],[-5.06092,50.25078],[-5.05844,50.24895],[-5.05643,50.24845],[-5.05082,50.24882],[-5.05049,50.24827],[-5.0526,50.24823],[-5.0517,50.24799],[-5.05246,50.2477],[-5.05101,50.24781],[-5.05244,50.24743],[-5.05562,50.24736],[-5.0542,50.24726],[-5.0473,50.24768],[-5.04265,50.24689],[-5.04202,50.24651],[-5.04216,50.24622],[-5.04181,50.24645],[-5.04099,50.24623],[-5.04021,50.24595],[-5.04015,50.24564],[-5.03722,50.24625],[-5.03525,50.246],[-5.03569,50.2438],[-5.03272,50.24296],[-5.02987,50.2417],[-5.03041,50.24041],[-5.03185,50.23979],[-5.03121,50.23817],[-5.03058,50.23823],[-5.02937,50.23898],[-5.0272,50.24126],[-5.02275,50.24298],[-5.02174,50.24297],[-5.02008,50.24233],[-5.01707,50.24169],[-5.01606,50.24073],[-5.01612,50.24004],[-5.01953,50.23703],[-5.02089,50.23512],[-5.02228,50.23486],[-5.02423,50.23509],[-5.02121,50.2342],[-5.0218,50.23281],[-5.02082,50.23263],[-5.01936,50.23138],[-5.01872,50.23022],[-5.01878,50.22912],[-5.01786,50.2265],[-5.01786,50.22591],[-5.01829,50.22565],[-5.02071,50.22558],[-5.02412,50.22478],[-5.02521,50.22493],[-5.02781,50.22357],[-5.02928,50.22347],[-5.0292,50.22436],[-5.03064,50.22531],[-5.03422,50.22651],[-5.0329,50.22743],[-5.03288,50.22795],[-5.03626,50.22773],[-5.03766,50.22834],[-5.03832,50.22932],[-5.03895,50.22953],[-5.04048,50.22926],[-5.04369,50.22761],[-5.04435,50.22758],[-5.04392,50.2273],[-5.04434,50.22644],[-5.04565,50.22597],[-5.0483,50.22628],[-5.05008,50.22601],[-5.0546,50.22667],[-5.0586,50.22536],[-5.06159,50.22485],[-5.06607,50.22244],[-5.06882,50.22222],[-5.06921,50.22339],[-5.06868,50.2251],[-5.07044,50.22671],[-5.07295,50.22824],[-5.07405,50.22954],[-5.07759,50.22857],[-5.07844,50.22852],[-5.07771,50.23097],[-5.07469,50.23126],[-5.07276,50.23198],[-5.07206,50.23187],[-5.07214,50.23148],[-5.07383,50.22987],[-5.0728,50.22868],[-5.07105,50.22903],[-5.06918,50.2265],[-5.06772,50.2266],[-5.06257,50.2286],[-5.06167,50.22953],[-5.06311,50.23],[-5.06493,50.23006],[-5.06493,50.23098],[-5.06407,50.23103],[-5.06389,50.23167],[-5.06415,50.23297],[-5.06157,50.23339],[-5.05781,50.2323],[-5.05471,50.23263],[-5.05343,50.23238],[-5.05109,50.23698],[-5.04908,50.23936],[-5.05491,50.24128],[-5.06284,50.242],[-5.06388,50.24045],[-5.06508,50.24084],[-5.06663,50.24043],[-5.06933,50.23871],[-5.07053,50.23717],[-5.07047,50.23592],[-5.07142,50.23443],[-5.07161,50.23285],[-5.07429,50.23468],[-5.07438,50.23576],[-5.07592,50.23544],[-5.0768,50.23316],[-5.08333,50.23157],[-5.08188,50.23075],[-5.08905,50.2306],[-5.08916,50.2308],[-5.09038,50.2307],[-5.09098,50.23218],[-5.09546,50.2337],[-5.09762,50.23138],[-5.09979,50.23112],[-5.10262,50.22938],[-5.10082,50.22728],[-5.09494,50.2277],[-5.0934,50.22796],[-5.09223,50.22855],[-5.09093,50.22866],[-5.09174,50.22797],[-5.09014,50.22795],[-5.08964,50.22721],[-5.09258,50.22618],[-5.0923,50.22488],[-5.09331,50.22412],[-5.09072,50.22348],[-5.09104,50.22311],[-5.08928,50.22303],[-5.08785,50.22152],[-5.08751,50.22165],[-5.0881,50.22219],[-5.08612,50.22283],[-5.08524,50.22269],[-5.08547,50.22191],[-5.08633,50.22144],[-5.08678,50.2217],[-5.08692,50.22123],[-5.08776,50.2213],[-5.0881,50.22075],[-5.08632,50.22068],[-5.08578,50.22034],[-5.0886,50.21888],[-5.09177,50.21653],[-5.09253,50.21656],[-5.09323,50.21721],[-5.09556,50.21661],[-5.09452,50.21502],[-5.093,50.21508],[-5.09242,50.2149],[-5.09199,50.21423],[-5.09085,50.2139],[-5.09174,50.21295],[-5.09059,50.21236],[-5.09156,50.21185],[-5.09058,50.21128],[-5.08945,50.21117],[-5.08957,50.21171],[-5.08724,50.21185],[-5.08679,50.21129],[-5.0869,50.2105],[-5.0875,50.20994],[-5.08892,50.21004],[-5.08887,50.20928],[-5.09172,50.20933],[-5.09191,50.20955],[-5.09309,50.20939],[-5.09318,50.20973],[-5.09339,50.20939],[-5.09479,50.20952],[-5.09541,50.20984],[-5.09525,50.21013],[-5.09555,50.20994],[-5.09722,50.21123],[-5.09731,50.21086],[-5.09643,50.21002],[-5.09777,50.21023],[-5.10083,50.2161],[-5.1038,50.21866],[-5.10592,50.22229],[-5.10648,50.22437],[-5.10868,50.22618],[-5.11021,50.22713],[-5.1142,50.22865],[-5.11792,50.22934],[-5.12236,50.22962],[-5.13465,50.23293],[-5.13561,50.2336],[-5.13751,50.23379],[-5.13929,50.23434],[-5.13986,50.23491],[-5.14088,50.23492],[-5.1422,50.23634],[-5.14497,50.23776],[-5.14672,50.23787],[-5.14675,50.23814],[-5.14838,50.23774],[-5.14996,50.23777],[-5.15261,50.23846],[-5.15455,50.24046],[-5.15924,50.24338],[-5.16131,50.24359],[-5.16105,50.24432],[-5.15817,50.24614],[-5.15727,50.24584],[-5.15633,50.24684],[-5.15537,50.2467],[-5.15524,50.24897],[-5.15357,50.24885],[-5.15338,50.24812],[-5.15234,50.24714],[-5.15103,50.24811],[-5.15043,50.24935],[-5.14929,50.24831],[-5.1476,50.24843],[-5.14673,50.24816],[-5.14486,50.24844],[-5.14114,50.24962],[-5.14361,50.25296],[-5.14711,50.25404],[-5.14754,50.25514],[-5.14571,50.2573],[-5.14557,50.25944],[-5.14608,50.2605],[-5.14192,50.26173],[-5.14102,50.26054],[-5.13859,50.25962]]]]}},{"type":"Feature","properties":{"id":"E01018818","name":"E01018818","parent":"E06000052","type":"LSOA","pop":1890,"r":11,"ff":6,"ffd":317.5,"ffs":0.5455,"g":0,"co":1,"mo":3,"sa":1,"ic":1},"geometry":{"type":"Polygon","coordinates":[[[-5.05491,50.24128],[-5.04908,50.23936],[-5.05109,50.23698],[-5.05343,50.23238],[-5.05471,50.23263],[-5.05781,50.2323],[-5.06157,50.23339],[-5.06415,50.23297],[-5.06389,50.23167],[-5.06407,50.23103],[-5.06493,50.23098],[-5.06493,50.23006],[-5.06311,50.23],[-5.06167,50.22953],[-5.06257,50.2286],[-5.06772,50.2266],[-5.06918,50.2265],[-5.07105,50.22903],[-5.0728,50.22868],[-5.07383,50.22987],[-5.07214,50.23148],[-5.07206,50.23187],[-5.07276,50.23198],[-5.07469,50.23126],[-5.07771,50.23097],[-5.07844,50.22852],[-5.07759,50.22857],[-5.08126,50.22558],[-5.08129,50.22441],[-5.07937,50.22338],[-5.07769,50.22352],[-5.07504,50.22293],[-5.07048,50.22368],[-5.07013,50.22098],[-5.07297,50.22109],[-5.07361,50.22066],[-5.07211,50.21891],[-5.0751,50.21901],[-5.07434,50.22059],[-5.07504,50.22107],[-5.07646,50.22081],[-5.07752,50.22002],[-5.07999,50.22045],[-5.08115,50.21986],[-5.08343,50.22015],[-5.08421,50.21929],[-5.08585,50.21927],[-5.08578,50.22034],[-5.08632,50.22068],[-5.0881,50.22075],[-5.08776,50.2213],[-5.08692,50.22123],[-5.08678,50.2217],[-5.08633,50.22144],[-5.08547,50.22191],[-5.08524,50.22269],[-5.08612,50.22283],[-5.0881,50.22219],[-5.08751,50.22165],[-5.08785,50.22152],[-5.08928,50.22303],[-5.09104,50.22311],[-5.09072,50.22348],[-5.09331,50.22412],[-5.0923,50.22488],[-5.09258,50.22618],[-5.08964,50.22721],[-5.09014,50.22795],[-5.09174,50.22797],[-5.09093,50.22866],[-5.09223,50.22855],[-5.0934,50.22796],[-5.09494,50.2277],[-5.10082,50.22728],[-5.10262,50.22938],[-5.09979,50.23112],[-5.09762,50.23138],[-5.09546,50.2337],[-5.09098,50.23218],[-5.09038,50.2307],[-5.08916,50.2308],[-5.08905,50.2306],[-5.08188,50.23075],[-5.08333,50.23157],[-5.0768,50.23316],[-5.07592,50.23544],[-5.07438,50.23576],[-5.07429,50.23468],[-5.07161,50.23285],[-5.07142,50.23443],[-5.07047,50.23592],[-5.07053,50.23717],[-5.06933,50.23871],[-5.06663,50.24043],[-5.06508,50.24084],[-5.06388,50.24045],[-5.06284,50.242],[-5.05491,50.24128]]]}},{"type":"Feature","properties":{"id":"E01018819","name":"E01018819","parent":"E06000052","type":"LSOA","pop":1491,"r":24,"ff":9,"ffd":603.6,"ffs":0.45,"g":4,"co":1,"mo":3,"sa":0,"ic":1},"geometry":{"type":"Polygon","coordinates":[[[-5.12741,50.27285],[-5.12462,50.27277],[-5.12312,50.27322],[-5.11947,50.27339],[-5.11581,50.27293],[-5.11044,50.27335],[-5.10629,50.27421],[-5.10422,50.27434],[-5.10174,50.27396],[-5.09754,50.27496],[-5.09608,50.27483],[-5.09455,50.27425],[-5.09621,50.27171],[-5.09792,50.27105],[-5.10111,50.269],[-5.10405,50.26774],[-5.1048,50.26722],[-5.10455,50.26703],[-5.10551,50.26663],[-5.10633,50.26701],[-5.10704,50.26678],[-5.1065,50.26604],[-5.10596,50.26593],[-5.10572,50.26463],[-5.10642,50.26471],[-5.10546,50.2637],[-5.1141,50.26449],[-5.11446,50.26386],[-5.11667,50.26398],[-5.1162,50.26352],[-5.11697,50.26345],[-5.11587,50.26007],[-5.11479,50.26047],[-5.11449,50.26005],[-5.11303,50.26045],[-5.11179,50.25975],[-5.11323,50.25925],[-5.11462,50.2593],[-5.11525,50.25821],[-5.11356,50.25676],[-5.10824,50.25593],[-5.10479,50.25818],[-5.1011,50.25754],[-5.09706,50.2575],[-5.0953,50.25928],[-5.09492,50.25879],[-5.09404,50.25911],[-5.09285,50.25907],[-5.09128,50.25863],[-5.08882,50.25535],[-5.07881,50.25708],[-5.07962,50.25613],[-5.08291,50.25519],[-5.08481,50.25406],[-5.08905,50.25344],[-5.09069,50.25354],[-5.09447,50.2522],[-5.09682,50.25175],[-5.10499,50.252],[-5.11264,50.25297],[-5.11398,50.2535],[-5.11553,50.25498],[-5.12305,50.2562],[-5.12512,50.25677],[-5.12896,50.25844],[-5.13036,50.25852],[-5.13198,50.25915],[-5.13557,50.25886],[-5.13859,50.25962],[-5.14102,50.26054],[-5.14192,50.26173],[-5.14286,50.26349],[-5.14135,50.26378],[-5.14028,50.26213],[-5.12971,50.26402],[-5.12871,50.26265],[-5.12715,50.26335],[-5.12761,50.26417],[-5.12662,50.26412],[-5.12646,50.26453],[-5.12697,50.26483],[-5.12831,50.26448],[-5.1282,50.26503],[-5.12782,50.26498],[-5.1287,50.26577],[-5.12823,50.26664],[-5.13532,50.269],[-5.13417,50.27014],[-5.13612,50.27459],[-5.1391,50.27588],[-5.1335,50.27692],[-5.12878,50.2784],[-5.1278,50.27758],[-5.12672,50.27481],[-5.12741,50.27285]]]}},{"type":"Feature","properties":{"id":"E01018820","name":"E01018820","parent":"E06000052","type":"LSOA","pop":1885,"r":12,"ff":9,"ffd":477.5,"ffs":0.75,"g":0,"co":3,"mo":3,"sa":3,"ic":1},"geometry":{"type":"Polygon","coordinates":[[[-5.13516,50.28767],[-5.13406,50.28686],[-5.13281,50.28696],[-5.13324,50.28267],[-5.13036,50.27888],[-5.13031,50.27782],[-5.1335,50.27692],[-5.1391,50.27588],[-5.13612,50.27459],[-5.13417,50.27014],[-5.13532,50.269],[-5.12823,50.26664],[-5.1287,50.26577],[-5.12782,50.26498],[-5.1282,50.26503],[-5.12831,50.26448],[-5.12697,50.26483],[-5.12646,50.26453],[-5.12662,50.26412],[-5.12761,50.26417],[-5.12715,50.26335],[-5.12871,50.26265],[-5.12971,50.26402],[-5.14028,50.26213],[-5.14135,50.26378],[-5.14286,50.26349],[-5.14192,50.26173],[-5.14608,50.2605],[-5.14557,50.25944],[-5.14571,50.2573],[-5.14754,50.25514],[-5.14711,50.25404],[-5.14361,50.25296],[-5.14114,50.24962],[-5.14486,50.24844],[-5.14673,50.24816],[-5.1476,50.24843],[-5.14929,50.24831],[-5.15043,50.24935],[-5.15103,50.24811],[-5.15234,50.24714],[-5.15338,50.24812],[-5.15357,50.24885],[-5.15524,50.24897],[-5.15537,50.2467],[-5.15633,50.24684],[-5.15727,50.24584],[-5.15817,50.24614],[-5.16105,50.24432],[-5.16131,50.24359],[-5.16632,50.2435],[-5.17017,50.2446],[-5.17101,50.24538],[-5.17524,50.24719],[-5.17732,50.24766],[-5.18057,50.24775],[-5.18404,50.2484],[-5.18755,50.25024],[-5.18799,50.25126],[-5.18902,50.25218],[-5.19098,50.25321],[-5.1945,50.25417],[-5.19652,50.25516],[-5.19294,50.25897],[-5.19069,50.26087],[-5.18522,50.26635],[-5.18133,50.26941],[-5.1781,50.27126],[-5.17723,50.27193],[-5.17626,50.27215],[-5.17281,50.27392],[-5.17174,50.27496],[-5.15995,50.28195],[-5.15623,50.28454],[-5.14928,50.28849],[-5.14628,50.28975],[-5.14393,50.2914],[-5.14326,50.29052],[-5.13504,50.28875],[-5.13516,50.28767]]]}},{"type":"Feature","properties":{"id":"E01018821","name":"E01018821","parent":"E06000052","type":"LSOA","pop":1884,"r":11,"ff":7,"ffd":371.5,"ffs":0.6364,"g":0,"co":1,"mo":3,"sa":1,"ic":1},"geometry":{"type":"Polygon","coordinates":[[[-5.08019,50.29872],[-5.07767,50.29775],[-5.0692,50.2988],[-5.06772,50.29908],[-5.06749,50.29994],[-5.06523,50.30036],[-5.064,50.30257],[-5.06049,50.3022],[-5.05911,50.3027],[-5.05944,50.30304],[-5.05749,50.30336],[-5.05682,50.30276],[-5.0558,50.29666],[-5.05366,50.29393],[-5.05183,50.29276],[-5.05165,50.29219],[-5.05265,50.29159],[-5.05312,50.29063],[-5.05451,50.29001],[-5.05577,50.28755],[-5.05688,50.28671],[-5.0574,50.28482],[-5.05878,50.28273],[-5.05792,50.28168],[-5.05787,50.28063],[-5.05687,50.27968],[-5.05666,50.2787],[-5.05567,50.27761],[-5.05609,50.27626],[-5.05578,50.27523],[-5.05732,50.27507],[-5.05918,50.2752],[-5.06102,50.2758],[-5.06305,50.27527],[-5.06455,50.2755],[-5.06399,50.27982],[-5.06667,50.28013],[-5.06852,50.2784],[-5.07129,50.27733],[-5.07119,50.27696],[-5.07297,50.27702],[-5.07476,50.27585],[-5.07533,50.27581],[-5.07764,50.27204],[-5.08,50.27219],[-5.08039,50.27277],[-5.0844,50.27275],[-5.08712,50.27305],[-5.09008,50.27455],[-5.09446,50.27452],[-5.09455,50.27425],[-5.09608,50.27483],[-5.09754,50.27496],[-5.10174,50.27396],[-5.10422,50.27434],[-5.10629,50.27421],[-5.11044,50.27335],[-5.11581,50.27293],[-5.11947,50.27339],[-5.12312,50.27322],[-5.12462,50.27277],[-5.12741,50.27285],[-5.12672,50.27481],[-5.1278,50.27758],[-5.12878,50.2784],[-5.13031,50.27782],[-5.13036,50.27888],[-5.13324,50.28267],[-5.13281,50.28696],[-5.13406,50.28686],[-5.13516,50.28767],[-5.13504,50.28875],[-5.14326,50.29052],[-5.14393,50.2914],[-5.14116,50.29287],[-5.13233,50.29555],[-5.12167,50.29814],[-5.11197,50.30122],[-5.10478,50.3042],[-5.10231,50.30311],[-5.09973,50.30276],[-5.09485,50.30066],[-5.09204,50.30008],[-5.08708,50.30008],[-5.08612,50.29992],[-5.08499,50.29922],[-5.08214,50.29867],[-5.08019,50.29872]]]}},{"type":"Feature","properties":{"id":"E01018822","name":"E01018822","parent":"E06000052","type":"LSOA","pop":1408,"r":24,"ff":9,"ffd":639.2,"ffs":0.45,"g":4,"co":1,"mo":3,"sa":0,"ic":1},"geometry":{"type":"Polygon","coordinates":[[[-5.11086,50.26423],[-5.10624,50.26369],[-5.10536,50.26233],[-5.10559,50.26166],[-5.09849,50.25922],[-5.09667,50.25886],[-5.09608,50.25941],[-5.0953,50.25928],[-5.09706,50.2575],[-5.1011,50.25754],[-5.10479,50.25818],[-5.10824,50.25593],[-5.11356,50.25676],[-5.11525,50.25821],[-5.11462,50.2593],[-5.11323,50.25925],[-5.11179,50.25975],[-5.11303,50.26045],[-5.11449,50.26005],[-5.11479,50.26047],[-5.11587,50.26007],[-5.11697,50.26345],[-5.1162,50.26352],[-5.11667,50.26398],[-5.11446,50.26386],[-5.1141,50.26449],[-5.11086,50.26423]]]}},{"type":"Feature","properties":{"id":"E01018823","name":"E01018823","parent":"E06000052","type":"LSOA","pop":1485,"r":23,"ff":8,"ffd":538.7,"ffs":0.4211,"g":4,"co":1,"mo":3,"sa":0,"ic":1},"geometry":{"type":"Polygon","coordinates":[[[-5.039,50.26959],[-5.03872,50.26847],[-5.039,50.26822],[-5.03982,50.26847],[-5.04019,50.26824],[-5.03998,50.26767],[-5.04062,50.26748],[-5.04341,50.26572],[-5.04468,50.2647],[-5.04742,50.26536],[-5.04861,50.26546],[-5.05042,50.26601],[-5.05149,50.26675],[-5.05218,50.26676],[-5.05269,50.26608],[-5.0535,50.26667],[-5.0537,50.26742],[-5.05312,50.26841],[-5.05303,50.26898],[-5.05156,50.26879],[-5.05083,50.26905],[-5.05042,50.26874],[-5.04985,50.2691],[-5.04954,50.26849],[-5.05065,50.26845],[-5.05101,50.26807],[-5.05093,50.26771],[-5.05002,50.26743],[-5.04888,50.2675],[-5.0466,50.26902],[-5.04797,50.26967],[-5.04751,50.27044],[-5.04595,50.2707],[-5.0461,50.27011],[-5.04565,50.27],[-5.04612,50.26876],[-5.0437,50.26829],[-5.04325,50.26897],[-5.04216,50.26894],[-5.04274,50.27046],[-5.04238,50.27179],[-5.04111,50.2716],[-5.04109,50.27092],[-5.04194,50.27054],[-5.0418,50.27035],[-5.04084,50.27028],[-5.04002,50.26963],[-5.039,50.26959]]]}},{"type":"Feature","properties":{"id":"E01018824","name":"E01018824","parent":"E06000052","type":"LSOA","pop":2719,"r":23,"ff":8,"ffd":294.2,"ffs":0.4211,"g":4,"co":1,"mo":3,"sa":0,"ic":1},"geometry":{"type":"Polygon","coordinates":[[[-5.04324,50.27816],[-5.04102,50.27798],[-5.03857,50.27819],[-5.03917,50.27765],[-5.03833,50.27586],[-5.03652,50.27478],[-5.0371,50.27416],[-5.03558,50.27447],[-5.03504,50.2734],[-5.03091,50.27397],[-5.03049,50.27321],[-5.03458,50.27213],[-5.03575,50.27091],[-5.03705,50.26829],[-5.03998,50.26767],[-5.04019,50.26824],[-5.03982,50.26847],[-5.039,50.26822],[-5.03872,50.26847],[-5.039,50.26959],[-5.04002,50.26963],[-5.04084,50.27028],[-5.0418,50.27035],[-5.04194,50.27054],[-5.04109,50.27092],[-5.04111,50.2716],[-5.04238,50.27179],[-5.04274,50.27046],[-5.04216,50.26894],[-5.04325,50.26897],[-5.0437,50.26829],[-5.04612,50.26876],[-5.04565,50.27],[-5.0461,50.27011],[-5.04595,50.2707],[-5.04751,50.27044],[-5.04797,50.26967],[-5.0466,50.26902],[-5.04888,50.2675],[-5.05002,50.26743],[-5.05093,50.26771],[-5.05101,50.26807],[-5.05065,50.26845],[-5.04954,50.26849],[-5.04985,50.2691],[-5.05042,50.26874],[-5.05083,50.26905],[-5.05156,50.26879],[-5.05303,50.26898],[-5.05305,50.27083],[-5.05418,50.27191],[-5.0485,50.27169],[-5.04678,50.27521],[-5.04442,50.27749],[-5.04324,50.27816]]]}},{"type":"Feature","properties":{"id":"E01018825","name":"E01018825","parent":"E06000052","type":"LSOA","pop":1710,"r":24,"ff":8,"ffd":467.8,"ffs":0.4706,"g":7,"co":2,"mo":2,"sa":3,"ic":1},"geometry":{"type":"Polygon","coordinates":[[[-5.22582,50.29051],[-5.22532,50.28999],[-5.22171,50.29089],[-5.21461,50.29138],[-5.21403,50.29009],[-5.21454,50.28986],[-5.21549,50.28549],[-5.21613,50.28515],[-5.21859,50.28526],[-5.22022,50.28346],[-5.22007,50.28245],[-5.21471,50.28129],[-5.21192,50.2802],[-5.21199,50.27989],[-5.21302,50.27979],[-5.2122,50.27933],[-5.21242,50.27881],[-5.21181,50.27785],[-5.21038,50.27995],[-5.20797,50.27986],[-5.20903,50.27843],[-5.2043,50.27751],[-5.20388,50.27729],[-5.20378,50.27611],[-5.20023,50.2754],[-5.19539,50.27584],[-5.19538,50.27407],[-5.19242,50.27129],[-5.19367,50.27081],[-5.19288,50.26871],[-5.19134,50.26662],[-5.19029,50.26597],[-5.19073,50.26277],[-5.19142,50.26226],[-5.19265,50.26221],[-5.193,50.26136],[-5.19245,50.26085],[-5.19069,50.26087],[-5.19294,50.25897],[-5.19652,50.25516],[-5.19895,50.25594],[-5.20033,50.25808],[-5.20177,50.25922],[-5.20561,50.25987],[-5.20925,50.25944],[-5.21063,50.25966],[-5.21545,50.26343],[-5.21837,50.26438],[-5.21883,50.26482],[-5.22328,50.2651],[-5.22598,50.26722],[-5.22758,50.2677],[-5.23075,50.26757],[-5.23355,50.26818],[-5.23516,50.27177],[-5.23777,50.27453],[-5.2396,50.27721],[-5.24068,50.27683],[-5.24221,50.27812],[-5.24099,50.27866],[-5.24102,50.27995],[-5.24276,50.27943],[-5.24564,50.27709],[-5.25146,50.28191],[-5.25011,50.28302],[-5.25061,50.28349],[-5.24962,50.28331],[-5.24704,50.28425],[-5.24551,50.28587],[-5.2457,50.28667],[-5.2437,50.28687],[-5.24236,50.28865],[-5.24307,50.28946],[-5.24316,50.29033],[-5.24172,50.29102],[-5.24132,50.29172],[-5.2418,50.29209],[-5.2413,50.29233],[-5.2418,50.29319],[-5.24031,50.29379],[-5.24033,50.29472],[-5.23888,50.29538],[-5.2384,50.29608],[-5.23544,50.29615],[-5.23416,50.29479],[-5.23301,50.29432],[-5.23012,50.29385],[-5.22757,50.29284],[-5.22582,50.29051]]]}},{"type":"Feature","properties":{"id":"E01018826","name":"E01018826","parent":"E06000052","type":"LSOA","pop":2516,"r":24,"ff":9,"ffd":357.7,"ffs":0.5294,"g":7,"co":2,"mo":2,"sa":3,"ic":1},"geometry":{"type":"Polygon","coordinates":[[[-5.16249,50.28957],[-5.1642,50.28829],[-5.16421,50.28728],[-5.16321,50.28486],[-5.16366,50.28357],[-5.16263,50.28244],[-5.16628,50.27831],[-5.17174,50.27496],[-5.17281,50.27392],[-5.17626,50.27215],[-5.17723,50.27193],[-5.1781,50.27126],[-5.18133,50.26941],[-5.18522,50.26635],[-5.19069,50.26087],[-5.19245,50.26085],[-5.193,50.26136],[-5.19265,50.26221],[-5.19142,50.26226],[-5.19073,50.26277],[-5.19029,50.26597],[-5.19134,50.26662],[-5.19288,50.26871],[-5.19367,50.27081],[-5.19242,50.27129],[-5.19538,50.27407],[-5.19539,50.27584],[-5.20023,50.2754],[-5.20378,50.27611],[-5.20388,50.27729],[-5.2043,50.27751],[-5.20903,50.27843],[-5.20797,50.27986],[-5.21038,50.27995],[-5.21181,50.27785],[-5.21242,50.27881],[-5.2122,50.27933],[-5.21302,50.27979],[-5.21199,50.27989],[-5.21192,50.2802],[-5.21471,50.28129],[-5.22007,50.28245],[-5.22022,50.28346],[-5.21859,50.28526],[-5.21613,50.28515],[-5.21549,50.28549],[-5.21454,50.28986],[-5.21403,50.29009],[-5.21461,50.29138],[-5.20264,50.29157],[-5.19231,50.29233],[-5.18909,50.291],[-5.18465,50.2883],[-5.17819,50.29043],[-5.1709,50.29381],[-5.16715,50.29448],[-5.16093,50.29501],[-5.16036,50.29425],[-5.16087,50.29344],[-5.16066,50.29277],[-5.16109,50.2927],[-5.16098,50.29184],[-5.16249,50.28957]]]}},{"type":"Feature","properties":{"id":"E01018827","name":"E01018827","parent":"E06000052","type":"LSOA","pop":1557,"r":5,"ff":1,"ffd":64.2,"ffs":0.2,"g":0,"co":3,"mo":3,"sa":1,"ic":1},"geometry":{"type":"MultiPolygon","coordinates":[[[[-5.10087,50.20915],[-5.10068,50.20912],[-5.10097,50.20913],[-5.10087,50.20915]]],[[[-5.11783,50.21232],[-5.11592,50.21032],[-5.11203,50.21171],[-5.11267,50.21098],[-5.11158,50.20823],[-5.11281,50.20739],[-5.11253,50.20683],[-5.11404,50.20654],[-5.1142,50.20639],[-5.11475,50.20657],[-5.11418,50.20618],[-5.11599,50.20506],[-5.11742,50.20525],[-5.11812,50.20474],[-5.11839,50.20425],[-5.11738,50.2052],[-5.11606,50.20493],[-5.11426,50.20601],[-5.11387,50.20649],[-5.10999,50.20727],[-5.10844,50.20701],[-5.10715,50.20762],[-5.10599,50.20766],[-5.10336,50.2086],[-5.10087,50.20907],[-5.09987,50.20893],[-5.09845,50.20801],[-5.09571,50.20766],[-5.095,50.20708],[-5.09305,50.20646],[-5.08811,50.2071],[-5.08449,50.20643],[-5.08372,50.20564],[-5.08268,50.20618],[-5.08057,50.20648],[-5.07919,50.20645],[-5.07623,50.20557],[-5.07546,50.20468],[-5.07571,50.20273],[-5.07392,50.20162],[-5.07382,50.19985],[-5.07233,50.19972],[-5.07067,50.19888],[-5.0692,50.19874],[-5.06611,50.19683],[-5.06603,50.19622],[-5.06436,50.19653],[-5.06388,50.19639],[-5.06406,50.19611],[-5.06343,50.19619],[-5.06419,50.19559],[-5.06428,50.19505],[-5.06345,50.1945],[-5.06333,50.19339],[-5.06273,50.1927],[-5.06045,50.19126],[-5.05857,50.19079],[-5.05826,50.19045],[-5.05655,50.19027],[-5.05461,50.18656],[-5.05415,50.1865],[-5.05452,50.18649],[-5.0549,50.18481],[-5.0541,50.18164],[-5.05431,50.18056],[-5.05447,50.18025],[-5.05532,50.17971],[-5.05794,50.1789],[-5.06074,50.17844],[-5.06345,50.1793],[-5.06551,50.17954],[-5.06676,50.18031],[-5.0666,50.18067],[-5.06693,50.18052],[-5.06913,50.18213],[-5.07189,50.18254],[-5.0749,50.18371],[-5.07623,50.18378],[-5.0773,50.18422],[-5.07548,50.18319],[-5.07523,50.18249],[-5.07419,50.18222],[-5.0739,50.18175],[-5.07345,50.18201],[-5.07366,50.18167],[-5.07213,50.18103],[-5.07023,50.17953],[-5.06899,50.179],[-5.06494,50.17834],[-5.065,50.17768],[-5.06396,50.17834],[-5.06335,50.17834],[-5.06168,50.17764],[-5.05856,50.17731],[-5.05927,50.17571],[-5.05909,50.17462],[-5.06293,50.17525],[-5.06791,50.17438],[-5.07049,50.17494],[-5.07445,50.18061],[-5.07515,50.18069],[-5.07612,50.17962],[-5.078,50.17858],[-5.07757,50.17987],[-5.07534,50.18129],[-5.07634,50.18158],[-5.07578,50.182],[-5.07694,50.18305],[-5.07752,50.18271],[-5.078,50.18327],[-5.07766,50.18422],[-5.07594,50.18492],[-5.07612,50.18454],[-5.07571,50.18416],[-5.07419,50.18422],[-5.06929,50.18647],[-5.06904,50.18782],[-5.06775,50.18972],[-5.06899,50.1904],[-5.06862,50.1907],[-5.07131,50.19223],[-5.0722,50.19166],[-5.07479,50.19267],[-5.07579,50.1914],[-5.07531,50.19001],[-5.07467,50.18948],[-5.07564,50.1883],[-5.07674,50.18822],[-5.07637,50.18759],[-5.07708,50.18725],[-5.07666,50.18727],[-5.07658,50.18654],[-5.07802,50.18623],[-5.08176,50.18638],[-5.08166,50.18697],[-5.08271,50.18719],[-5.08326,50.1866],[-5.08542,50.18578],[-5.0865,50.18615],[-5.08517,50.18698],[-5.0856,50.18807],[-5.08905,50.18871],[-5.09318,50.18809],[-5.09876,50.18675],[-5.10293,50.18853],[-5.10655,50.19074],[-5.11097,50.19239],[-5.11323,50.19486],[-5.11794,50.19588],[-5.1214,50.19609],[-5.12362,50.19658],[-5.12398,50.19834],[-5.12469,50.19945],[-5.12295,50.2011],[-5.12162,50.20118],[-5.12145,50.20159],[-5.12098,50.2015],[-5.12128,50.20178],[-5.11902,50.20316],[-5.11873,50.20446],[-5.11953,50.20389],[-5.12056,50.20446],[-5.12119,50.20376],[-5.12195,50.20425],[-5.12169,50.20437],[-5.12451,50.20478],[-5.12439,50.20515],[-5.12228,50.20618],[-5.12137,50.20624],[-5.12078,50.20582],[-5.11984,50.20667],[-5.11909,50.20868],[-5.11978,50.20902],[-5.11898,50.21019],[-5.11961,50.21045],[-5.11948,50.21073],[-5.11901,50.21071],[-5.11883,50.21168],[-5.11828,50.2117],[-5.11851,50.21272],[-5.11778,50.21297],[-5.11845,50.21347],[-5.11774,50.21368],[-5.11433,50.21291],[-5.11783,50.21232]]]]}},{"type":"Feature","properties":{"id":"E01018828","name":"E01018828","parent":"E06000052","type":"LSOA","pop":1492,"r":5,"ff":1,"ffd":67.0,"ffs":0.2,"g":0,"co":3,"mo":3,"sa":1,"ic":1},"geometry":{"type":"Polygon","coordinates":[[[-5.07479,50.19267],[-5.0722,50.19166],[-5.07131,50.19223],[-5.06862,50.1907],[-5.06899,50.1904],[-5.06775,50.18972],[-5.06904,50.18782],[-5.06929,50.18647],[-5.07419,50.18422],[-5.07571,50.18416],[-5.07612,50.18454],[-5.07594,50.18492],[-5.07766,50.18422],[-5.078,50.18327],[-5.07752,50.18271],[-5.07694,50.18305],[-5.07578,50.182],[-5.07634,50.18158],[-5.07534,50.18129],[-5.07757,50.17987],[-5.078,50.17858],[-5.07612,50.17962],[-5.07515,50.18069],[-5.07445,50.18061],[-5.07049,50.17494],[-5.06791,50.17438],[-5.06293,50.17525],[-5.05909,50.17462],[-5.05927,50.17571],[-5.05856,50.17731],[-5.05775,50.17753],[-5.05764,50.17793],[-5.05521,50.17796],[-5.05502,50.17816],[-5.05572,50.17834],[-5.05382,50.17819],[-5.05447,50.17769],[-5.05332,50.17711],[-5.05281,50.17715],[-5.05259,50.17745],[-5.05266,50.17776],[-5.05239,50.17722],[-5.05041,50.17729],[-5.04865,50.1765],[-5.04552,50.17572],[-5.04492,50.17521],[-5.04463,50.17409],[-5.04575,50.17227],[-5.04554,50.17071],[-5.04643,50.16873],[-5.0524,50.16359],[-5.05363,50.16316],[-5.0532,50.16293],[-5.05362,50.16233],[-5.05635,50.16121],[-5.05751,50.16135],[-5.05862,50.16217],[-5.05981,50.16231],[-5.05992,50.16209],[-5.06006,50.16245],[-5.06394,50.16204],[-5.06469,50.16232],[-5.06934,50.16172],[-5.06907,50.16188],[-5.06969,50.16293],[-5.06991,50.16314],[-5.07053,50.16303],[-5.07011,50.16336],[-5.07075,50.16411],[-5.07045,50.16438],[-5.07176,50.16503],[-5.07258,50.1649],[-5.07241,50.16516],[-5.07475,50.1656],[-5.075,50.16667],[-5.07556,50.16691],[-5.07519,50.16729],[-5.07652,50.16746],[-5.07875,50.1668],[-5.07964,50.16696],[-5.07992,50.16804],[-5.08086,50.16882],[-5.08124,50.16758],[-5.08453,50.1669],[-5.08676,50.16811],[-5.09008,50.16888],[-5.09061,50.17004],[-5.09168,50.17061],[-5.09346,50.17379],[-5.09502,50.17545],[-5.09693,50.17626],[-5.09741,50.17691],[-5.09714,50.17735],[-5.09897,50.17828],[-5.09907,50.17851],[-5.09687,50.17895],[-5.09499,50.17987],[-5.09016,50.18139],[-5.08925,50.18214],[-5.0865,50.18615],[-5.08542,50.18578],[-5.08326,50.1866],[-5.08271,50.18719],[-5.08166,50.18697],[-5.08176,50.18638],[-5.07802,50.18623],[-5.07658,50.18654],[-5.07666,50.18727],[-5.07708,50.18725],[-5.07637,50.18759],[-5.07674,50.18822],[-5.07564,50.1883],[-5.07467,50.18948],[-5.07531,50.19001],[-5.07579,50.1914],[-5.07479,50.19267]]]}},{"type":"Feature","properties":{"id":"E01018829","name":"E01018829","parent":"E06000052","type":"LSOA","pop":1378,"r":14,"ff":7,"ffd":508.0,"ffs":0.5,"g":0,"co":1,"mo":1,"sa":3,"ic":1},"geometry":{"type":"Polygon","coordinates":[[[-5.14996,50.23777],[-5.14838,50.23774],[-5.14675,50.23814],[-5.14672,50.23787],[-5.14497,50.23776],[-5.1422,50.23634],[-5.14088,50.23492],[-5.13986,50.23491],[-5.13929,50.23434],[-5.13751,50.23379],[-5.13561,50.2336],[-5.13465,50.23293],[-5.12236,50.22962],[-5.12281,50.22903],[-5.12286,50.22759],[-5.12217,50.22741],[-5.12268,50.22636],[-5.12575,50.22362],[-5.12566,50.22323],[-5.12706,50.22281],[-5.13001,50.22128],[-5.13011,50.22084],[-5.13133,50.22043],[-5.13371,50.22314],[-5.13524,50.22192],[-5.13765,50.22124],[-5.1369,50.21968],[-5.13754,50.21953],[-5.1371,50.21885],[-5.13774,50.21854],[-5.13913,50.21916],[-5.14006,50.2189],[-5.14062,50.21833],[-5.14146,50.21839],[-5.14178,50.2176],[-5.14143,50.21714],[-5.14509,50.21667],[-5.14433,50.21879],[-5.14555,50.2194],[-5.14695,50.21926],[-5.14696,50.21704],[-5.14678,50.21652],[-5.14606,50.2166],[-5.14595,50.21562],[-5.14741,50.21552],[-5.14902,50.21621],[-5.14701,50.21646],[-5.14782,50.21728],[-5.14935,50.21683],[-5.14916,50.21621],[-5.15283,50.21614],[-5.15155,50.21298],[-5.15181,50.21181],[-5.1513,50.2117],[-5.14583,50.21228],[-5.14444,50.21393],[-5.14402,50.21365],[-5.14359,50.21422],[-5.14102,50.21348],[-5.14055,50.21398],[-5.13492,50.21387],[-5.13472,50.2136],[-5.14217,50.21255],[-5.14504,50.21126],[-5.14738,50.20929],[-5.15059,50.2084],[-5.15184,50.20691],[-5.15524,50.20605],[-5.15633,50.20529],[-5.16069,50.20486],[-5.16225,50.20407],[-5.16323,50.20197],[-5.1647,50.20304],[-5.1676,50.20117],[-5.16701,50.2009],[-5.17062,50.20081],[-5.17243,50.20044],[-5.17356,50.20064],[-5.17535,50.20026],[-5.17612,50.20077],[-5.1779,50.20093],[-5.17776,50.20192],[-5.18162,50.20101],[-5.18499,50.20096],[-5.18491,50.20007],[-5.18763,50.1972],[-5.18946,50.19782],[-5.19152,50.19947],[-5.19415,50.20019],[-5.19736,50.20075],[-5.19931,50.20187],[-5.19557,50.20338],[-5.19251,50.20533],[-5.19029,50.2059],[-5.19015,50.20725],[-5.18941,50.20795],[-5.18785,50.20818],[-5.18748,50.20902],[-5.18574,50.20967],[-5.18509,50.21039],[-5.18429,50.2101],[-5.18237,50.21206],[-5.1818,50.21206],[-5.18186,50.21275],[-5.18422,50.21281],[-5.18478,50.21476],[-5.18249,50.2147],[-5.18255,50.21492],[-5.18194,50.21496],[-5.18287,50.21719],[-5.18387,50.21828],[-5.18349,50.21913],[-5.18365,50.2193],[-5.18488,50.21897],[-5.18535,50.22116],[-5.18584,50.22124],[-5.18495,50.22202],[-5.18576,50.22234],[-5.1843,50.22284],[-5.18448,50.22445],[-5.17956,50.22537],[-5.17997,50.22599],[-5.17378,50.22685],[-5.1739,50.22838],[-5.17485,50.22868],[-5.17566,50.22942],[-5.17322,50.23067],[-5.17264,50.23004],[-5.1721,50.23032],[-5.17377,50.23219],[-5.17517,50.23282],[-5.1768,50.23226],[-5.17795,50.23247],[-5.1787,50.23322],[-5.17963,50.23289],[-5.17957,50.23511],[-5.17844,50.23611],[-5.17737,50.24025],[-5.18082,50.24236],[-5.1843,50.24353],[-5.18489,50.24423],[-5.18627,50.24464],[-5.18589,50.24661],[-5.18472,50.24763],[-5.18511,50.2489],[-5.18404,50.2484],[-5.18057,50.24775],[-5.17732,50.24766],[-5.17524,50.24719],[-5.17101,50.24538],[-5.17017,50.2446],[-5.16632,50.2435],[-5.16131,50.24359],[-5.15924,50.24338],[-5.15455,50.24046],[-5.15261,50.23846],[-5.14996,50.23777]]]}},{"type":"Feature","properties":{"id":"E01018830","name":"E01018830","parent":"E06000052","type":"LSOA","pop":1702,"r":7,"ff":4,"ffd":235.0,"ffs":0.5714,"g":0,"co":3,"mo":3,"sa":3,"ic":1},"geometry":{"type":"MultiPolygon","coordinates":[[[[-5.09572,50.20767],[-5.09571,50.20766],[-5.09595,50.2077],[-5.09572,50.20767]]],[[[-5.10592,50.22229],[-5.1038,50.21866],[-5.10083,50.2161],[-5.09853,50.21159],[-5.09821,50.21054],[-5.09777,50.21009],[-5.0969,50.20989],[-5.09607,50.20881],[-5.09064,50.20739],[-5.08765,50.20768],[-5.08743,50.2074],[-5.09074,50.20726],[-5.09715,50.20829],[-5.0966,50.20805],[-5.0973,50.20809],[-5.09958,50.20964],[-5.10016,50.21171],[-5.09963,50.20963],[-5.09756,50.20808],[-5.09989,50.2091],[-5.10186,50.20916],[-5.10474,50.20849],[-5.10574,50.20788],[-5.10722,50.2077],[-5.10848,50.20711],[-5.1101,50.20734],[-5.11253,50.20683],[-5.11281,50.20739],[-5.11158,50.20823],[-5.11267,50.21098],[-5.11203,50.21171],[-5.11592,50.21032],[-5.11783,50.21232],[-5.11433,50.21291],[-5.11774,50.21368],[-5.11845,50.21347],[-5.11778,50.21297],[-5.11851,50.21272],[-5.11828,50.2117],[-5.11883,50.21168],[-5.11901,50.21071],[-5.11948,50.21073],[-5.11961,50.21045],[-5.11898,50.21019],[-5.11978,50.20902],[-5.11909,50.20868],[-5.11984,50.20667],[-5.12078,50.20582],[-5.12137,50.20624],[-5.12228,50.20618],[-5.12439,50.20515],[-5.12451,50.20478],[-5.12169,50.20437],[-5.12195,50.20425],[-5.12119,50.20376],[-5.12056,50.20446],[-5.11953,50.20389],[-5.11873,50.20446],[-5.11902,50.20316],[-5.12128,50.20178],[-5.12098,50.2015],[-5.12145,50.20159],[-5.12162,50.20118],[-5.12295,50.2011],[-5.12405,50.19999],[-5.12492,50.20019],[-5.12572,50.19964],[-5.12686,50.19986],[-5.12735,50.19909],[-5.13078,50.19837],[-5.13325,50.1989],[-5.13443,50.19855],[-5.13401,50.19759],[-5.13435,50.19706],[-5.13638,50.19643],[-5.13863,50.1968],[-5.14036,50.19757],[-5.14199,50.19768],[-5.14258,50.19804],[-5.14283,50.19892],[-5.14417,50.19917],[-5.14512,50.19889],[-5.14722,50.19931],[-5.14588,50.20228],[-5.14646,50.20373],[-5.14865,50.20374],[-5.14924,50.20508],[-5.15184,50.20691],[-5.15059,50.2084],[-5.14738,50.20929],[-5.14504,50.21126],[-5.14217,50.21255],[-5.13472,50.2136],[-5.13492,50.21387],[-5.14055,50.21398],[-5.14102,50.21348],[-5.14359,50.21422],[-5.14402,50.21365],[-5.14444,50.21393],[-5.14583,50.21228],[-5.1513,50.2117],[-5.15181,50.21181],[-5.15155,50.21298],[-5.15283,50.21614],[-5.14916,50.21621],[-5.14935,50.21683],[-5.14782,50.21728],[-5.14701,50.21646],[-5.14902,50.21621],[-5.14741,50.21552],[-5.14595,50.21562],[-5.14606,50.2166],[-5.14678,50.21652],[-5.14696,50.21704],[-5.14695,50.21926],[-5.14555,50.2194],[-5.14433,50.21879],[-5.14509,50.21667],[-5.14143,50.21714],[-5.14178,50.2176],[-5.14146,50.21839],[-5.14062,50.21833],[-5.14006,50.2189],[-5.13913,50.21916],[-5.13774,50.21854],[-5.1371,50.21885],[-5.13754,50.21953],[-5.1369,50.21968],[-5.13765,50.22124],[-5.13524,50.22192],[-5.13371,50.22314],[-5.13133,50.22043],[-5.13011,50.22084],[-5.13001,50.22128],[-5.12706,50.22281],[-5.12566,50.22323],[-5.12575,50.22362],[-5.12268,50.22636],[-5.12217,50.22741],[-5.12286,50.22759],[-5.12281,50.22903],[-5.12236,50.22962],[-5.11792,50.22934],[-5.1142,50.22865],[-5.11021,50.22713],[-5.10868,50.22618],[-5.10648,50.22437],[-5.10592,50.22229]]]]}},{"type":"Feature","properties":{"id":"E01018831","name":"E01018831","parent":"E06000052","type":"LSOA","pop":1516,"r":3,"ff":2,"ffd":131.9,"ffs":0.6667,"g":0,"co":1,"mo":1,"sa":3,"ic":3},"geometry":{"type":"Polygon","coordinates":[[[-5.07035,50.39472],[-5.06816,50.39394],[-5.06695,50.39409],[-5.06642,50.39464],[-5.06354,50.39442],[-5.06316,50.39341],[-5.06176,50.39339],[-5.0613,50.39398],[-5.06076,50.39381],[-5.0602,50.39418],[-5.0583,50.39372],[-5.05746,50.39394],[-5.05577,50.39361],[-5.05559,50.39323],[-5.05433,50.3935],[-5.05346,50.39302],[-5.05283,50.39319],[-5.05277,50.39276],[-5.05138,50.39334],[-5.04926,50.39335],[-5.04697,50.39298],[-5.04703,50.39382],[-5.04537,50.39436],[-5.04589,50.39452],[-5.04503,50.39509],[-5.04357,50.39533],[-5.04076,50.39515],[-5.0391,50.39542],[-5.0341,50.39539],[-5.03096,50.39569],[-5.02783,50.39428],[-5.02526,50.39392],[-5.02149,50.39281],[-5.01487,50.39249],[-5.01317,50.39269],[-5.00936,50.39429],[-5.00499,50.39555],[-5.00261,50.3958],[-4.99867,50.39563],[-4.99571,50.39451],[-4.99081,50.39331],[-4.98622,50.39089],[-4.98409,50.38897],[-4.98697,50.38631],[-4.98824,50.3858],[-4.98984,50.38342],[-4.99073,50.3837],[-4.99524,50.38254],[-4.99784,50.38292],[-4.99872,50.38204],[-5.00048,50.37812],[-5.00088,50.37819],[-5.00572,50.38115],[-5.01846,50.37811],[-5.01709,50.37462],[-5.01737,50.37273],[-5.01613,50.37105],[-5.01952,50.37084],[-5.02195,50.37017],[-5.0233,50.37025],[-5.02229,50.36738],[-5.0259,50.36796],[-5.03317,50.3681],[-5.03281,50.365],[-5.03311,50.36386],[-5.03361,50.36405],[-5.03377,50.36346],[-5.03361,50.36168],[-5.03452,50.36052],[-5.03567,50.36076],[-5.03622,50.35752],[-5.03924,50.35756],[-5.04289,50.35685],[-5.04677,50.35438],[-5.04917,50.35435],[-5.05216,50.35369],[-5.055,50.35111],[-5.05404,50.3513],[-5.05288,50.34455],[-5.07721,50.34137],[-5.09043,50.34125],[-5.09214,50.34482],[-5.09136,50.35211],[-5.0986,50.35986],[-5.09724,50.3623],[-5.09572,50.36351],[-5.09571,50.36527],[-5.09698,50.36569],[-5.09397,50.36955],[-5.09179,50.37093],[-5.09057,50.37213],[-5.08573,50.36993],[-5.08496,50.37109],[-5.08302,50.37093],[-5.08354,50.37293],[-5.08175,50.37402],[-5.08104,50.37534],[-5.08015,50.3753],[-5.07975,50.37556],[-5.07962,50.37609],[-5.08086,50.37821],[-5.08011,50.37959],[-5.07697,50.3813],[-5.07256,50.38174],[-5.06852,50.3837],[-5.07044,50.38524],[-5.07215,50.38764],[-5.07225,50.38844],[-5.073,50.38883],[-5.07373,50.39211],[-5.07187,50.39405],[-5.07035,50.39472]]]}},{"type":"Feature","properties":{"id":"E01018832","name":"E01018832","parent":"E06000052","type":"LSOA","pop":1362,"r":5,"ff":3,"ffd":220.3,"ffs":0.6,"g":0,"co":1,"mo":1,"sa":1,"ic":3},"geometry":{"type":"MultiPolygon","coordinates":[[[[-5.14524,50.38875],[-5.14524,50.38874],[-5.14525,50.38874],[-5.14524,50.38875]]],[[[-5.14447,50.38921],[-5.14477,50.38903],[-5.14461,50.38926],[-5.14447,50.38921]]],[[[-5.06969,50.39721],[-5.06974,50.39704],[-5.06983,50.39713],[-5.06969,50.39721]]],[[[-5.13817,50.40395],[-5.13788,50.40374],[-5.1382,50.40393],[-5.13817,50.40395]]],[[[-5.14421,50.40545],[-5.14373,50.40495],[-5.14332,50.40498],[-5.14241,50.40367],[-5.14225,50.40407],[-5.14126,50.40404],[-5.14121,50.40349],[-5.13945,50.4031],[-5.13915,50.40241],[-5.13864,50.40255],[-5.13834,50.40226],[-5.13838,50.40276],[-5.13699,50.40234],[-5.13669,50.40154],[-5.13586,50.40144],[-5.13369,50.39964],[-5.13359,50.39859],[-5.13274,50.39811],[-5.13113,50.39776],[-5.13064,50.39823],[-5.12462,50.39682],[-5.1215,50.39711],[-5.11979,50.39774],[-5.11757,50.39734],[-5.11607,50.39641],[-5.11135,50.39514],[-5.10907,50.39501],[-5.10821,50.39449],[-5.10145,50.39368],[-5.09931,50.39314],[-5.09842,50.39636],[-5.09618,50.39543],[-5.09606,50.397],[-5.09327,50.39749],[-5.0907,50.3968],[-5.09074,50.39757],[-5.09018,50.39822],[-5.08824,50.39712],[-5.08723,50.39806],[-5.08179,50.39779],[-5.08156,50.39936],[-5.07919,50.39875],[-5.07796,50.39874],[-5.07808,50.3973],[-5.07541,50.39775],[-5.07537,50.39739],[-5.07407,50.3977],[-5.07406,50.39728],[-5.07115,50.39814],[-5.07044,50.39798],[-5.07057,50.39971],[-5.0701,50.39892],[-5.0702,50.39867],[-5.06953,50.39778],[-5.06991,50.39711],[-5.06773,50.39505],[-5.06642,50.39464],[-5.06695,50.39409],[-5.06816,50.39394],[-5.07035,50.39472],[-5.07187,50.39405],[-5.07373,50.39211],[-5.073,50.38883],[-5.07225,50.38844],[-5.07215,50.38764],[-5.07044,50.38524],[-5.06852,50.3837],[-5.07256,50.38174],[-5.07697,50.3813],[-5.08011,50.37959],[-5.08086,50.37821],[-5.07962,50.37609],[-5.07975,50.37556],[-5.08015,50.3753],[-5.08104,50.37534],[-5.08175,50.37402],[-5.08354,50.37293],[-5.08302,50.37093],[-5.08496,50.37109],[-5.08573,50.36993],[-5.09057,50.37213],[-5.09179,50.37093],[-5.09397,50.36955],[-5.09698,50.36569],[-5.10039,50.36646],[-5.10285,50.36791],[-5.105,50.368],[-5.10777,50.36904],[-5.11106,50.36963],[-5.11144,50.37001],[-5.11728,50.37119],[-5.11733,50.37099],[-5.11863,50.37115],[-5.11944,50.37079],[-5.12222,50.37276],[-5.12183,50.373],[-5.1231,50.37368],[-5.12581,50.37438],[-5.12824,50.37602],[-5.13057,50.37606],[-5.13087,50.37699],[-5.13289,50.37765],[-5.13372,50.37913],[-5.13591,50.38073],[-5.13757,50.38291],[-5.13855,50.3829],[-5.14082,50.38389],[-5.14115,50.38472],[-5.14064,50.38485],[-5.1407,50.38532],[-5.14273,50.3864],[-5.1423,50.38703],[-5.14279,50.38751],[-5.14242,50.38786],[-5.14398,50.38906],[-5.1437,50.38934],[-5.14453,50.38939],[-5.14505,50.38889],[-5.14582,50.38884],[-5.14687,50.39035],[-5.14269,50.39541],[-5.14323,50.39637],[-5.14408,50.39647],[-5.14442,50.39723],[-5.14394,50.39741],[-5.1445,50.39754],[-5.14477,50.39819],[-5.14556,50.39786],[-5.14584,50.39792],[-5.14611,50.39804],[-5.14582,50.3985],[-5.14701,50.39868],[-5.14686,50.39883],[-5.14748,50.39895],[-5.14719,50.39906],[-5.14789,50.3992],[-5.14676,50.39964],[-5.1467,50.39985],[-5.14741,50.39996],[-5.14681,50.40016],[-5.1489,50.40057],[-5.14828,50.40103],[-5.14859,50.40156],[-5.14949,50.40169],[-5.14773,50.4022],[-5.14781,50.40246],[-5.14895,50.40265],[-5.14707,50.40294],[-5.1483,50.40397],[-5.14729,50.4042],[-5.14798,50.40465],[-5.14706,50.40516],[-5.14743,50.40519],[-5.14659,50.40526],[-5.14637,50.40487],[-5.14625,50.40535],[-5.14535,50.4051],[-5.14421,50.40545]]]]}},{"type":"Feature","properties":{"id":"E01018833","name":"E01018833","parent":"E06000052","type":"LSOA","pop":2059,"r":6,"ff":2,"ffd":97.1,"ffs":0.3333,"g":0,"co":1,"mo":3,"sa":3,"ic":1},"geometry":{"type":"Polygon","coordinates":[[[-5.14706,50.3901],[-5.14611,50.38886],[-5.14533,50.38872],[-5.14447,50.38921],[-5.14317,50.38856],[-5.14242,50.38786],[-5.14279,50.38751],[-5.1423,50.38703],[-5.14273,50.3864],[-5.1407,50.38532],[-5.14064,50.38485],[-5.14115,50.38472],[-5.14082,50.38389],[-5.13855,50.3829],[-5.13757,50.38291],[-5.13591,50.38073],[-5.13372,50.37913],[-5.13289,50.37765],[-5.13087,50.37699],[-5.13057,50.37606],[-5.12824,50.37602],[-5.12581,50.37438],[-5.1231,50.37368],[-5.12183,50.373],[-5.12222,50.37276],[-5.11944,50.37079],[-5.11863,50.37115],[-5.11733,50.37099],[-5.11728,50.37119],[-5.11144,50.37001],[-5.11106,50.36963],[-5.10777,50.36904],[-5.105,50.368],[-5.10285,50.36791],[-5.10039,50.36646],[-5.09571,50.36527],[-5.09572,50.36351],[-5.09724,50.3623],[-5.0986,50.35986],[-5.09136,50.35211],[-5.09214,50.34482],[-5.09043,50.34125],[-5.09265,50.3389],[-5.09135,50.33722],[-5.09101,50.33609],[-5.08902,50.33507],[-5.08756,50.33522],[-5.087,50.3343],[-5.08802,50.33398],[-5.08763,50.33338],[-5.08597,50.33293],[-5.08505,50.33191],[-5.0841,50.33189],[-5.08263,50.32934],[-5.09142,50.32814],[-5.09065,50.32746],[-5.08891,50.32723],[-5.08874,50.32654],[-5.08705,50.32493],[-5.0878,50.32312],[-5.08437,50.31944],[-5.08451,50.31765],[-5.08559,50.31656],[-5.09178,50.31239],[-5.09459,50.3147],[-5.09385,50.31625],[-5.09415,50.3168],[-5.09593,50.31796],[-5.09892,50.31866],[-5.10163,50.31884],[-5.10259,50.31935],[-5.10907,50.3212],[-5.10861,50.32529],[-5.11262,50.32559],[-5.11754,50.32641],[-5.1188,50.32796],[-5.12006,50.32869],[-5.12742,50.33063],[-5.12976,50.3316],[-5.13115,50.33272],[-5.13448,50.33341],[-5.13558,50.33319],[-5.13765,50.33363],[-5.13875,50.33432],[-5.13905,50.33493],[-5.13953,50.33956],[-5.13926,50.34113],[-5.13741,50.34329],[-5.13315,50.35011],[-5.13575,50.35133],[-5.13683,50.35077],[-5.13965,50.35134],[-5.14423,50.35382],[-5.14921,50.35603],[-5.14997,50.35579],[-5.1531,50.35573],[-5.1533,50.35606],[-5.15173,50.35771],[-5.14865,50.36941],[-5.14649,50.37527],[-5.14954,50.37729],[-5.15104,50.37734],[-5.1515,50.37776],[-5.15233,50.37773],[-5.15264,50.37809],[-5.15355,50.37815],[-5.1542,50.37881],[-5.15585,50.37911],[-5.15552,50.37929],[-5.15606,50.3795],[-5.15556,50.37957],[-5.1561,50.37986],[-5.1559,50.38023],[-5.15418,50.38005],[-5.15458,50.3805],[-5.15318,50.38044],[-5.15122,50.38126],[-5.15047,50.38068],[-5.15087,50.38136],[-5.14977,50.38109],[-5.14951,50.38148],[-5.1496,50.38177],[-5.15096,50.38183],[-5.15186,50.38251],[-5.15295,50.38277],[-5.15181,50.38348],[-5.15132,50.38352],[-5.15251,50.38415],[-5.15168,50.38427],[-5.15474,50.38496],[-5.15499,50.38528],[-5.15385,50.38526],[-5.15359,50.3854],[-5.1539,50.38567],[-5.15307,50.38582],[-5.15451,50.38634],[-5.15367,50.38632],[-5.15609,50.38719],[-5.15476,50.38775],[-5.1561,50.38825],[-5.15696,50.38816],[-5.15749,50.38833],[-5.1564,50.38862],[-5.15681,50.38881],[-5.15642,50.389],[-5.15738,50.38929],[-5.15768,50.38959],[-5.1571,50.38977],[-5.15498,50.38928],[-5.15469,50.38902],[-5.1538,50.38926],[-5.15282,50.38902],[-5.15192,50.38957],[-5.15036,50.38941],[-5.14906,50.38982],[-5.14917,50.39015],[-5.14706,50.3901]]]}},{"type":"Feature","properties":{"id":"E01018834","name":"E01018834","parent":"E06000052","type":"LSOA","pop":1983,"r":6,"ff":2,"ffd":100.9,"ffs":0.3333,"g":0,"co":1,"mo":3,"sa":1,"ic":1},"geometry":{"type":"Polygon","coordinates":[[[-5.11514,50.17146],[-5.11547,50.17076],[-5.11592,50.17075],[-5.11642,50.17021],[-5.11592,50.16988],[-5.11669,50.16988],[-5.11671,50.16958],[-5.11561,50.16879],[-5.11465,50.16963],[-5.11407,50.16961],[-5.11302,50.16767],[-5.11254,50.16759],[-5.11224,50.16816],[-5.11148,50.16828],[-5.11108,50.16779],[-5.11041,50.16776],[-5.10936,50.1666],[-5.1106,50.16421],[-5.1104,50.16298],[-5.11114,50.16258],[-5.11195,50.1629],[-5.11595,50.16137],[-5.11734,50.16159],[-5.11839,50.16079],[-5.1198,50.16048],[-5.12,50.16079],[-5.12154,50.16021],[-5.12342,50.16009],[-5.1236,50.16146],[-5.12493,50.16248],[-5.1256,50.16237],[-5.12669,50.1633],[-5.12656,50.16375],[-5.12553,50.16426],[-5.12472,50.16428],[-5.12477,50.16531],[-5.1227,50.16575],[-5.11984,50.17039],[-5.12003,50.17083],[-5.11711,50.17255],[-5.11645,50.17223],[-5.11629,50.1718],[-5.11514,50.17146]]]}},{"type":"Feature","properties":{"id":"E01018835","name":"E01018835","parent":"E06000052","type":"LSOA","pop":2386,"r":6,"ff":2,"ffd":83.8,"ffs":0.3333,"g":0,"co":1,"mo":3,"sa":1,"ic":1},"geometry":{"type":"Polygon","coordinates":[[[-5.11361,50.17685],[-5.10809,50.17167],[-5.10767,50.17068],[-5.10681,50.17049],[-5.10659,50.16988],[-5.10682,50.16932],[-5.10643,50.16899],[-5.1084,50.16918],[-5.10802,50.16963],[-5.10889,50.16987],[-5.10966,50.17101],[-5.11048,50.17009],[-5.11001,50.16936],[-5.10944,50.16927],[-5.10973,50.16892],[-5.10953,50.16858],[-5.1105,50.16843],[-5.11041,50.16776],[-5.11108,50.16779],[-5.11148,50.16828],[-5.11224,50.16816],[-5.11254,50.16759],[-5.11302,50.16767],[-5.11407,50.16961],[-5.11465,50.16963],[-5.11561,50.16879],[-5.11671,50.16958],[-5.11669,50.16988],[-5.11592,50.16988],[-5.11642,50.17021],[-5.11592,50.17075],[-5.11547,50.17076],[-5.11514,50.17146],[-5.11629,50.1718],[-5.11645,50.17223],[-5.11711,50.17255],[-5.11724,50.17303],[-5.11807,50.1735],[-5.12009,50.17368],[-5.12087,50.17454],[-5.12049,50.1748],[-5.12063,50.17547],[-5.11935,50.17548],[-5.11519,50.17669],[-5.11361,50.17685]]]}},{"type":"Feature","properties":{"id":"E01018836","name":"E01018836","parent":"E06000052","type":"LSOA","pop":1745,"r":6,"ff":2,"ffd":114.6,"ffs":0.3333,"g":0,"co":1,"mo":3,"sa":1,"ic":1},"geometry":{"type":"Polygon","coordinates":[[[-5.1084,50.16918],[-5.10643,50.16899],[-5.10682,50.16932],[-5.10659,50.16988],[-5.10564,50.16923],[-5.10529,50.17044],[-5.10443,50.17064],[-5.10387,50.16999],[-5.10299,50.16976],[-5.10379,50.1686],[-5.10307,50.16829],[-5.10207,50.16842],[-5.10189,50.16786],[-5.09999,50.16745],[-5.10021,50.16711],[-5.10097,50.16714],[-5.103,50.16673],[-5.10246,50.16631],[-5.10318,50.16542],[-5.10412,50.16559],[-5.10544,50.16468],[-5.10675,50.16454],[-5.1105,50.16263],[-5.11114,50.16258],[-5.1104,50.16298],[-5.1106,50.16421],[-5.10936,50.1666],[-5.11041,50.16776],[-5.1105,50.16843],[-5.10953,50.16858],[-5.10973,50.16892],[-5.10944,50.16927],[-5.11001,50.16936],[-5.11048,50.17009],[-5.10966,50.17101],[-5.10889,50.16987],[-5.10802,50.16963],[-5.1084,50.16918]]]}},{"type":"Feature","properties":{"id":"E01018837","name":"E01018837","parent":"E06000052","type":"LSOA","pop":2598,"r":6,"ff":2,"ffd":77.0,"ffs":0.3333,"g":0,"co":1,"mo":3,"sa":1,"ic":1},"geometry":{"type":"MultiPolygon","coordinates":[[[[-5.08537,50.16336],[-5.08523,50.16271],[-5.08334,50.16302],[-5.08531,50.16224],[-5.08598,50.16237],[-5.08604,50.16321],[-5.08537,50.16336]]],[[[-5.09897,50.17828],[-5.09714,50.17735],[-5.09741,50.17691],[-5.09693,50.17626],[-5.09502,50.17545],[-5.09346,50.17379],[-5.09168,50.17061],[-5.09214,50.16966],[-5.09181,50.16869],[-5.09382,50.16754],[-5.0965,50.16828],[-5.09903,50.16966],[-5.1001,50.16971],[-5.10034,50.16928],[-5.10215,50.1698],[-5.09965,50.16887],[-5.0972,50.16745],[-5.09787,50.16724],[-5.0971,50.16715],[-5.09711,50.16686],[-5.10074,50.16631],[-5.09941,50.16618],[-5.09484,50.16662],[-5.09431,50.16655],[-5.09431,50.1663],[-5.09421,50.16653],[-5.09135,50.16616],[-5.08943,50.16519],[-5.08799,50.16499],[-5.08697,50.16422],[-5.08831,50.16329],[-5.08946,50.16365],[-5.09004,50.16425],[-5.09131,50.16223],[-5.09261,50.16227],[-5.09394,50.1612],[-5.09522,50.16274],[-5.09659,50.16368],[-5.10057,50.16452],[-5.10544,50.16468],[-5.10412,50.16559],[-5.10318,50.16542],[-5.10246,50.16631],[-5.103,50.16673],[-5.10097,50.16714],[-5.10021,50.16711],[-5.09999,50.16745],[-5.10189,50.16786],[-5.10207,50.16842],[-5.10307,50.16829],[-5.10379,50.1686],[-5.10299,50.16976],[-5.10387,50.16999],[-5.10443,50.17064],[-5.10529,50.17044],[-5.10564,50.16923],[-5.10659,50.16988],[-5.10681,50.17049],[-5.10767,50.17068],[-5.10809,50.17167],[-5.11361,50.17685],[-5.11235,50.17799],[-5.11184,50.1778],[-5.10934,50.17889],[-5.10677,50.17921],[-5.10345,50.18039],[-5.1021,50.17837],[-5.09897,50.17828]]]]}},{"type":"Feature","properties":{"id":"E01018838","name":"E01018838","parent":"E06000052","type":"LSOA","pop":1619,"r":7,"ff":2,"ffd":123.5,"ffs":0.2857,"g":0,"co":1,"mo":3,"sa":1,"ic":1},"geometry":{"type":"Polygon","coordinates":[[[-5.07931,50.16043],[-5.07786,50.1598],[-5.07837,50.15888],[-5.07806,50.15868],[-5.07761,50.1591],[-5.07709,50.15898],[-5.07685,50.15806],[-5.0757,50.15787],[-5.07526,50.1567],[-5.07679,50.15598],[-5.07628,50.15551],[-5.07676,50.15517],[-5.07725,50.15527],[-5.07783,50.15436],[-5.07901,50.15467],[-5.07975,50.15448],[-5.08056,50.15461],[-5.08107,50.15426],[-5.08113,50.1546],[-5.08171,50.15465],[-5.08175,50.1556],[-5.08526,50.15964],[-5.08397,50.16035],[-5.08247,50.15996],[-5.08244,50.16029],[-5.08155,50.16043],[-5.08118,50.1603],[-5.08048,50.16096],[-5.0791,50.16145],[-5.0787,50.16109],[-5.0793,50.16083],[-5.07931,50.16043]]]}},{"type":"Feature","properties":{"id":"E01018839","name":"E01018839","parent":"E06000052","type":"LSOA","pop":1220,"r":7,"ff":2,"ffd":163.9,"ffs":0.2857,"g":0,"co":1,"mo":3,"sa":1,"ic":1},"geometry":{"type":"MultiPolygon","coordinates":[[[[-5.07027,50.15653],[-5.07032,50.15652],[-5.07027,50.15653],[-5.07027,50.15653]]],[[[-5.07729,50.16287],[-5.07407,50.1611],[-5.07358,50.16125],[-5.07407,50.16055],[-5.0735,50.15949],[-5.07361,50.15879],[-5.07316,50.1586],[-5.07277,50.1587],[-5.07272,50.15833],[-5.07217,50.15774],[-5.0711,50.15719],[-5.0706,50.15644],[-5.07113,50.15629],[-5.07081,50.1559],[-5.07189,50.1559],[-5.07253,50.15626],[-5.07199,50.15669],[-5.07298,50.1573],[-5.07277,50.15758],[-5.07316,50.15785],[-5.07411,50.15807],[-5.07346,50.15641],[-5.07438,50.15611],[-5.07481,50.15623],[-5.07628,50.15551],[-5.07679,50.15598],[-5.07526,50.1567],[-5.0757,50.15787],[-5.07685,50.15806],[-5.07709,50.15898],[-5.07761,50.1591],[-5.07806,50.15868],[-5.07837,50.15888],[-5.07786,50.1598],[-5.07788,50.16018],[-5.07655,50.16054],[-5.07845,50.16182],[-5.07852,50.16248],[-5.0778,50.16213],[-5.07766,50.1625],[-5.07833,50.16277],[-5.07729,50.16287]]]]}},{"type":"Feature","properties":{"id":"E01018840","name":"E01018840","parent":"E06000052","type":"LSOA","pop":1982,"r":7,"ff":2,"ffd":100.9,"ffs":0.2857,"g":0,"co":1,"mo":3,"sa":1,"ic":1},"geometry":{"type":"Polygon","coordinates":[[[-5.07253,50.15626],[-5.07189,50.1559],[-5.07081,50.1559],[-5.07127,50.15573],[-5.07146,50.15526],[-5.071,50.15499],[-5.07307,50.15297],[-5.07358,50.15326],[-5.07714,50.15077],[-5.07679,50.15058],[-5.07704,50.15039],[-5.07781,50.1508],[-5.07812,50.15058],[-5.0784,50.15131],[-5.07898,50.15194],[-5.081,50.15256],[-5.0817,50.15353],[-5.08171,50.15465],[-5.08113,50.1546],[-5.08107,50.15426],[-5.08056,50.15461],[-5.07975,50.15448],[-5.07901,50.15467],[-5.07783,50.15436],[-5.07725,50.15527],[-5.07676,50.15517],[-5.07481,50.15623],[-5.07438,50.15611],[-5.07346,50.15641],[-5.07411,50.15807],[-5.07316,50.15785],[-5.07277,50.15758],[-5.07298,50.1573],[-5.07199,50.15669],[-5.07253,50.15626]]]}},{"type":"Feature","properties":{"id":"E01018841","name":"E01018841","parent":"E06000052","type":"LSOA","pop":1614,"r":7,"ff":2,"ffd":123.9,"ffs":0.2857,"g":0,"co":1,"mo":3,"sa":1,"ic":1},"geometry":{"type":"Polygon","coordinates":[[[-5.07713,50.16326],[-5.0767,50.16262],[-5.07501,50.16164],[-5.07514,50.16157],[-5.07729,50.16287],[-5.07833,50.16277],[-5.07766,50.1625],[-5.0778,50.16213],[-5.07852,50.16248],[-5.07845,50.16182],[-5.07655,50.16054],[-5.07788,50.16018],[-5.07786,50.1598],[-5.07931,50.16043],[-5.0793,50.16083],[-5.0787,50.16109],[-5.0791,50.16145],[-5.08048,50.16096],[-5.08118,50.1603],[-5.08155,50.16043],[-5.08244,50.16029],[-5.08247,50.15996],[-5.08397,50.16035],[-5.08526,50.15964],[-5.08689,50.16109],[-5.08831,50.16329],[-5.08697,50.16422],[-5.08604,50.16321],[-5.08598,50.16237],[-5.08531,50.16224],[-5.08326,50.16303],[-5.08275,50.16409],[-5.08178,50.1644],[-5.08186,50.16484],[-5.08084,50.16501],[-5.08065,50.16451],[-5.07975,50.16441],[-5.07713,50.16326]]]}},{"type":"Feature","properties":{"id":"E01018842","name":"E01018842","parent":"E06000052","type":"LSOA","pop":1734,"r":5,"ff":1,"ffd":57.7,"ffs":0.2,"g":0,"co":1,"mo":3,"sa":3,"ic":1},"geometry":{"type":"Polygon","coordinates":[[[-5.13965,50.35134],[-5.13683,50.35077],[-5.13575,50.35133],[-5.13315,50.35011],[-5.13741,50.34329],[-5.14061,50.34291],[-5.14387,50.34301],[-5.14568,50.34112],[-5.14775,50.34063],[-5.14875,50.33863],[-5.15112,50.33959],[-5.15166,50.33799],[-5.15438,50.33858],[-5.15455,50.33891],[-5.15663,50.34037],[-5.15813,50.33808],[-5.16092,50.3351],[-5.16137,50.33559],[-5.15956,50.33711],[-5.16064,50.33773],[-5.16306,50.33803],[-5.16274,50.33912],[-5.16182,50.33956],[-5.16058,50.33967],[-5.15985,50.34029],[-5.16003,50.34061],[-5.16223,50.34013],[-5.16238,50.34042],[-5.16152,50.34093],[-5.16226,50.34135],[-5.16404,50.34469],[-5.16264,50.3448],[-5.16266,50.34506],[-5.16303,50.34522],[-5.16231,50.34613],[-5.16055,50.34592],[-5.15725,50.34612],[-5.15743,50.34643],[-5.15705,50.34645],[-5.15647,50.34599],[-5.15696,50.34345],[-5.15759,50.34291],[-5.15754,50.3423],[-5.15808,50.34184],[-5.15746,50.34181],[-5.15704,50.3422],[-5.15593,50.34227],[-5.15519,50.34277],[-5.15518,50.34362],[-5.15467,50.34368],[-5.15479,50.34151],[-5.15337,50.34177],[-5.15276,50.3412],[-5.15067,50.34152],[-5.15065,50.34077],[-5.14992,50.34062],[-5.14883,50.34096],[-5.14929,50.34227],[-5.14871,50.34277],[-5.14902,50.3431],[-5.15022,50.34296],[-5.15047,50.34371],[-5.14944,50.34356],[-5.14873,50.34446],[-5.14901,50.34466],[-5.14767,50.34509],[-5.14725,50.34589],[-5.14507,50.34571],[-5.14546,50.346],[-5.14375,50.34745],[-5.14335,50.34832],[-5.14423,50.35382],[-5.13965,50.35134]]]}},{"type":"Feature","properties":{"id":"E01018843","name":"E01018843","parent":"E06000052","type":"LSOA","pop":1480,"r":6,"ff":2,"ffd":135.1,"ffs":0.3333,"g":0,"co":1,"mo":3,"sa":3,"ic":1},"geometry":{"type":"Polygon","coordinates":[[[-5.16404,50.34469],[-5.16226,50.34135],[-5.16152,50.34093],[-5.16238,50.34042],[-5.16223,50.34013],[-5.16003,50.34061],[-5.15985,50.34029],[-5.16058,50.33967],[-5.16182,50.33956],[-5.16274,50.33912],[-5.16306,50.33803],[-5.16064,50.33773],[-5.15956,50.33711],[-5.16137,50.33559],[-5.16092,50.3351],[-5.15813,50.33808],[-5.15663,50.34037],[-5.15455,50.33891],[-5.15438,50.33858],[-5.15166,50.33799],[-5.15112,50.33959],[-5.14875,50.33863],[-5.14775,50.34063],[-5.14568,50.34112],[-5.14387,50.34301],[-5.14061,50.34291],[-5.13741,50.34329],[-5.13926,50.34113],[-5.13953,50.33956],[-5.13905,50.33493],[-5.13875,50.33432],[-5.13765,50.33363],[-5.13558,50.33319],[-5.13448,50.33341],[-5.13115,50.33272],[-5.12976,50.3316],[-5.12742,50.33063],[-5.12006,50.32869],[-5.1188,50.32796],[-5.11754,50.32641],[-5.11262,50.32559],[-5.10861,50.32529],[-5.10907,50.3212],[-5.10259,50.31935],[-5.10163,50.31884],[-5.09892,50.31866],[-5.09593,50.31796],[-5.09415,50.3168],[-5.09385,50.31625],[-5.09459,50.3147],[-5.09318,50.31368],[-5.09529,50.31232],[-5.09665,50.31078],[-5.09463,50.3103],[-5.09689,50.30753],[-5.09896,50.30629],[-5.10263,50.30522],[-5.11197,50.30122],[-5.12167,50.29814],[-5.13233,50.29555],[-5.14116,50.29287],[-5.14393,50.2914],[-5.14628,50.28975],[-5.14928,50.28849],[-5.15623,50.28454],[-5.15995,50.28195],[-5.16628,50.27831],[-5.16263,50.28244],[-5.16366,50.28357],[-5.16321,50.28486],[-5.16421,50.28728],[-5.1642,50.28829],[-5.16249,50.28957],[-5.16098,50.29184],[-5.16109,50.2927],[-5.16066,50.29277],[-5.16087,50.29344],[-5.16036,50.29425],[-5.16093,50.29501],[-5.16126,50.29595],[-5.16101,50.29719],[-5.15984,50.29912],[-5.16109,50.30226],[-5.16096,50.30336],[-5.16415,50.30579],[-5.1643,50.30671],[-5.16587,50.30866],[-5.16602,50.31066],[-5.16657,50.31339],[-5.165,50.31588],[-5.16466,50.31776],[-5.16469,50.3188],[-5.16379,50.32073],[-5.16413,50.32277],[-5.16385,50.32364],[-5.16384,50.32448],[-5.16284,50.3256],[-5.16291,50.32979],[-5.16194,50.33198],[-5.1633,50.3324],[-5.16709,50.33145],[-5.17125,50.33256],[-5.17605,50.33458],[-5.18084,50.33498],[-5.18098,50.33547],[-5.18025,50.33565],[-5.17993,50.33628],[-5.18047,50.33709],[-5.18061,50.33849],[-5.18124,50.33876],[-5.18167,50.33922],[-5.18198,50.34],[-5.18117,50.33993],[-5.18148,50.34034],[-5.18004,50.34067],[-5.17848,50.34054],[-5.1786,50.34071],[-5.17752,50.34097],[-5.17606,50.34068],[-5.17458,50.34113],[-5.17351,50.34069],[-5.17182,50.34117],[-5.17179,50.34086],[-5.17131,50.34092],[-5.17043,50.34177],[-5.16971,50.34138],[-5.16986,50.34206],[-5.16813,50.34347],[-5.16878,50.34414],[-5.16769,50.3444],[-5.16586,50.34429],[-5.16485,50.34465],[-5.16404,50.34469]]]}},{"type":"Feature","properties":{"id":"E01018844","name":"E01018844","parent":"E06000052","type":"LSOA","pop":1217,"r":5,"ff":1,"ffd":82.2,"ffs":0.2,"g":0,"co":1,"mo":3,"sa":3,"ic":1},"geometry":{"type":"Polygon","coordinates":[[[-5.14921,50.35603],[-5.14423,50.35382],[-5.14335,50.34832],[-5.14375,50.34745],[-5.14546,50.346],[-5.14507,50.34571],[-5.14725,50.34589],[-5.14767,50.34509],[-5.14901,50.34466],[-5.14873,50.34446],[-5.14944,50.34356],[-5.15047,50.34371],[-5.15022,50.34296],[-5.14902,50.3431],[-5.14871,50.34277],[-5.14929,50.34227],[-5.14883,50.34096],[-5.14992,50.34062],[-5.15065,50.34077],[-5.15067,50.34152],[-5.15276,50.3412],[-5.15337,50.34177],[-5.15479,50.34151],[-5.15467,50.34368],[-5.15518,50.34362],[-5.15519,50.34277],[-5.15593,50.34227],[-5.15704,50.3422],[-5.15746,50.34181],[-5.15808,50.34184],[-5.15754,50.3423],[-5.15759,50.34291],[-5.15696,50.34345],[-5.15647,50.34599],[-5.15705,50.34645],[-5.15743,50.34643],[-5.15725,50.34612],[-5.16055,50.34592],[-5.16231,50.34613],[-5.16185,50.3468],[-5.16038,50.34621],[-5.16018,50.34636],[-5.16066,50.34653],[-5.15768,50.34737],[-5.1574,50.34779],[-5.15532,50.34615],[-5.15449,50.34636],[-5.15385,50.34614],[-5.15443,50.34683],[-5.15418,50.34727],[-5.15495,50.34724],[-5.15514,50.34763],[-5.15507,50.34888],[-5.15371,50.35188],[-5.15432,50.35305],[-5.15365,50.35346],[-5.15388,50.35434],[-5.15323,50.35493],[-5.15362,50.35536],[-5.1531,50.35573],[-5.14997,50.35579],[-5.14921,50.35603]]]}},{"type":"Feature","properties":{"id":"E01018845","name":"E01018845","parent":"E06000052","type":"LSOA","pop":1957,"r":5,"ff":3,"ffd":153.3,"ffs":0.6,"g":0,"co":3,"mo":3,"sa":3,"ic":3},"geometry":{"type":"Polygon","coordinates":[[[-4.95283,50.31724],[-4.95147,50.31625],[-4.94995,50.31671],[-4.94677,50.31644],[-4.94499,50.31556],[-4.94412,50.31441],[-4.9407,50.31476],[-4.93859,50.31424],[-4.93761,50.31368],[-4.93542,50.3135],[-4.93319,50.31373],[-4.93301,50.31407],[-4.92816,50.31388],[-4.92786,50.3131],[-4.92676,50.31326],[-4.92607,50.31075],[-4.92165,50.31103],[-4.92154,50.31062],[-4.91899,50.31018],[-4.91445,50.3088],[-4.91312,50.30819],[-4.91262,50.3069],[-4.90938,50.30588],[-4.90668,50.30611],[-4.9066,50.30501],[-4.90526,50.30522],[-4.90211,50.30255],[-4.90191,50.3012],[-4.90322,50.29942],[-4.90465,50.29995],[-4.90987,50.30054],[-4.91079,50.30099],[-4.9127,50.30056],[-4.91135,50.29878],[-4.91126,50.29761],[-4.91032,50.2976],[-4.90946,50.29679],[-4.9095,50.2951],[-4.90681,50.29541],[-4.9065,50.29371],[-4.90409,50.29196],[-4.90342,50.29117],[-4.90325,50.29013],[-4.90498,50.28764],[-4.90374,50.28733],[-4.90088,50.28559],[-4.89814,50.2864],[-4.89487,50.2867],[-4.89003,50.28796],[-4.88691,50.28774],[-4.88465,50.28811],[-4.88399,50.28798],[-4.88001,50.2901],[-4.87569,50.29092],[-4.87399,50.29196],[-4.87308,50.29205],[-4.87072,50.28853],[-4.8704,50.28577],[-4.86878,50.28502],[-4.86976,50.28489],[-4.86998,50.2816],[-4.86802,50.27873],[-4.86838,50.27799],[-4.87597,50.27482],[-4.8774,50.27392],[-4.87921,50.27195],[-4.88161,50.27104],[-4.88191,50.27068],[-4.88152,50.26998],[-4.8786,50.26757],[-4.87884,50.26623],[-4.87706,50.26479],[-4.87541,50.26412],[-4.87522,50.26343],[-4.87595,50.26302],[-4.87578,50.26233],[-4.87424,50.26097],[-4.87599,50.25935],[-4.8764,50.2573],[-4.87754,50.25574],[-4.87745,50.25454],[-4.87587,50.25341],[-4.87562,50.25226],[-4.87447,50.25113],[-4.87447,50.24972],[-4.87208,50.24842],[-4.87498,50.24743],[-4.8784,50.24923],[-4.88315,50.25014],[-4.88483,50.25013],[-4.88668,50.25161],[-4.88856,50.25229],[-4.88895,50.2533],[-4.88963,50.25376],[-4.89477,50.25475],[-4.89724,50.25685],[-4.90162,50.25684],[-4.90483,50.25714],[-4.90548,50.25746],[-4.90497,50.25904],[-4.90572,50.2613],[-4.90642,50.26177],[-4.9118,50.26267],[-4.91479,50.26365],[-4.91859,50.26326],[-4.92029,50.265],[-4.91846,50.26563],[-4.9182,50.266],[-4.9188,50.26645],[-4.91763,50.26749],[-4.9174,50.2687],[-4.91801,50.26949],[-4.91829,50.27131],[-4.91589,50.27407],[-4.91713,50.27484],[-4.92205,50.27628],[-4.92711,50.27568],[-4.92924,50.2757],[-4.9316,50.27517],[-4.93323,50.27569],[-4.9358,50.27559],[-4.93765,50.27631],[-4.94029,50.2749],[-4.94462,50.27417],[-4.94595,50.27351],[-4.94703,50.27157],[-4.94666,50.26839],[-4.94815,50.26757],[-4.94932,50.26614],[-4.95196,50.26482],[-4.95346,50.26294],[-4.95445,50.26229],[-4.95425,50.26133],[-4.95573,50.26105],[-4.95893,50.26123],[-4.96134,50.26182],[-4.96336,50.26152],[-4.96851,50.26339],[-4.96898,50.26417],[-4.97071,50.26478],[-4.97278,50.26534],[-4.97501,50.26539],[-4.97519,50.26737],[-4.97609,50.26895],[-4.97273,50.27122],[-4.97134,50.27279],[-4.97037,50.27637],[-4.97601,50.27714],[-4.97836,50.27888],[-4.97853,50.28021],[-4.98166,50.28126],[-4.98517,50.28342],[-4.98527,50.28395],[-4.98466,50.28447],[-4.98477,50.28533],[-4.98987,50.28516],[-4.99055,50.2844],[-4.99061,50.28313],[-4.99175,50.28255],[-4.99312,50.28281],[-4.99458,50.28226],[-4.99773,50.28179],[-4.99875,50.2805],[-5.00027,50.28117],[-5.00622,50.28229],[-5.00593,50.28519],[-5.00754,50.28589],[-5.00881,50.28564],[-5.01048,50.28588],[-5.01219,50.28555],[-5.01568,50.28631],[-5.01733,50.28703],[-5.01746,50.28744],[-5.01669,50.28812],[-5.0107,50.29075],[-5.01053,50.29155],[-5.00498,50.29215],[-5.00405,50.29277],[-5.00041,50.2939],[-5.00177,50.29593],[-5.00153,50.29722],[-5.00229,50.29724],[-5.00284,50.2991],[-5.00205,50.29974],[-5.0006,50.30021],[-4.99534,50.30101],[-4.99524,50.30182],[-4.99689,50.30546],[-4.99775,50.30614],[-4.99486,50.30835],[-4.9925,50.30966],[-4.99157,50.31128],[-4.98958,50.31157],[-4.98814,50.31101],[-4.98655,50.30894],[-4.98718,50.30848],[-4.98696,50.30692],[-4.9833,50.3078],[-4.98272,50.30738],[-4.98161,50.3073],[-4.97486,50.30847],[-4.96837,50.30885],[-4.96702,50.30854],[-4.96572,50.30861],[-4.96439,50.31143],[-4.96272,50.31347],[-4.95716,50.31297],[-4.95635,50.31474],[-4.95691,50.31664],[-4.95533,50.31663],[-4.95283,50.31724]],[[-4.95132,50.29885],[-4.95216,50.29523],[-4.95293,50.29525],[-4.95326,50.29479],[-4.95408,50.29466],[-4.95791,50.29469],[-4.95968,50.29282],[-4.96027,50.29285],[-4.95984,50.29343],[-4.95997,50.29452],[-4.96086,50.29446],[-4.9614,50.29627],[-4.96363,50.29778],[-4.96406,50.29717],[-4.96467,50.29714],[-4.96626,50.29263],[-4.96457,50.28974],[-4.96492,50.2886],[-4.96036,50.28625],[-4.95722,50.28658],[-4.95485,50.28581],[-4.9524,50.28861],[-4.95012,50.28836],[-4.94772,50.28914],[-4.94838,50.29046],[-4.94807,50.29079],[-4.94657,50.29055],[-4.9462,50.29101],[-4.94538,50.29137],[-4.94281,50.29019],[-4.94165,50.29187],[-4.94158,50.29266],[-4.94344,50.29294],[-4.94667,50.2929],[-4.9467,50.2935],[-4.94596,50.29443],[-4.94778,50.2963],[-4.94735,50.29813],[-4.95132,50.29885]]]}},{"type":"Feature","properties":{"id":"E01018846","name":"E01018846","parent":"E06000052","type":"LSOA","pop":1534,"r":9,"ff":5,"ffd":325.9,"ffs":0.5556,"g":0,"co":1,"mo":3,"sa":3,"ic":1},"geometry":{"type":"MultiPolygon","coordinates":[[[[-4.96427,50.24152],[-4.96521,50.24084],[-4.96504,50.24116],[-4.96427,50.24152]]],[[[-4.9638,50.24214],[-4.96393,50.24187],[-4.96392,50.24242],[-4.9638,50.24214]]],[[[-5.02763,50.29818],[-5.02657,50.29739],[-5.01948,50.29764],[-5.01697,50.29687],[-5.01068,50.29652],[-5.00927,50.29615],[-5.00922,50.29517],[-5.01019,50.29379],[-5.0107,50.29075],[-5.01669,50.28812],[-5.01746,50.28744],[-5.01733,50.28703],[-5.01568,50.28631],[-5.01219,50.28555],[-5.01048,50.28588],[-5.00881,50.28564],[-5.00754,50.28589],[-5.00593,50.28519],[-5.00622,50.28229],[-5.00027,50.28117],[-4.99875,50.2805],[-4.99773,50.28179],[-4.99458,50.28226],[-4.99312,50.28281],[-4.99175,50.28255],[-4.99061,50.28313],[-4.99055,50.2844],[-4.98987,50.28516],[-4.98477,50.28533],[-4.98466,50.28447],[-4.98527,50.28395],[-4.98517,50.28342],[-4.98166,50.28126],[-4.97853,50.28021],[-4.97836,50.27888],[-4.97601,50.27714],[-4.97037,50.27637],[-4.97134,50.27279],[-4.97273,50.27122],[-4.97609,50.26895],[-4.97519,50.26737],[-4.97501,50.26539],[-4.97278,50.26534],[-4.97071,50.26478],[-4.96898,50.26417],[-4.96851,50.26339],[-4.96336,50.26152],[-4.96134,50.26182],[-4.95893,50.26123],[-4.95573,50.26105],[-4.95425,50.26133],[-4.95445,50.26229],[-4.95346,50.26294],[-4.95196,50.26482],[-4.94932,50.26614],[-4.94815,50.26757],[-4.94666,50.26839],[-4.94703,50.27157],[-4.94595,50.27351],[-4.94462,50.27417],[-4.94029,50.2749],[-4.93765,50.27631],[-4.9358,50.27559],[-4.93323,50.27569],[-4.9316,50.27517],[-4.92924,50.2757],[-4.92711,50.27568],[-4.92205,50.27628],[-4.91713,50.27484],[-4.91589,50.27407],[-4.91829,50.27131],[-4.91801,50.26949],[-4.9174,50.2687],[-4.91763,50.26749],[-4.9188,50.26645],[-4.9182,50.266],[-4.91846,50.26563],[-4.92029,50.265],[-4.91859,50.26326],[-4.91479,50.26365],[-4.9118,50.26267],[-4.90642,50.26177],[-4.90572,50.2613],[-4.90497,50.25904],[-4.90548,50.25746],[-4.91211,50.25913],[-4.91436,50.25943],[-4.91453,50.25805],[-4.91591,50.25566],[-4.91594,50.25488],[-4.9173,50.25376],[-4.91914,50.25576],[-4.92175,50.25743],[-4.92283,50.25903],[-4.92521,50.25945],[-4.92768,50.2594],[-4.92941,50.25734],[-4.93291,50.25557],[-4.93798,50.25502],[-4.93968,50.25446],[-4.94437,50.25124],[-4.94648,50.24825],[-4.94909,50.24619],[-4.95111,50.24569],[-4.95261,50.24575],[-4.95768,50.24678],[-4.96163,50.24527],[-4.96352,50.24413],[-4.9643,50.24323],[-4.96421,50.24304],[-4.96442,50.24323],[-4.9641,50.24177],[-4.96512,50.24131],[-4.9655,50.24078],[-4.96569,50.24126],[-4.96575,50.2399],[-4.96469,50.23826],[-4.96539,50.23759],[-4.966,50.23753],[-4.96579,50.23914],[-4.96674,50.23946],[-4.96692,50.23927],[-4.96666,50.24033],[-4.96707,50.2401],[-4.96746,50.2405],[-4.96699,50.2399],[-4.96738,50.23929],[-4.96842,50.23881],[-4.96871,50.23806],[-4.96945,50.23793],[-4.97119,50.23618],[-4.97225,50.23585],[-4.97489,50.23607],[-4.97572,50.2364],[-4.97631,50.23595],[-4.97611,50.23652],[-4.97649,50.23668],[-4.97609,50.23666],[-4.9764,50.23697],[-4.97587,50.23661],[-4.97607,50.23695],[-4.97555,50.23709],[-4.97512,50.23645],[-4.97543,50.23708],[-4.97509,50.23701],[-4.97514,50.23728],[-4.97649,50.23713],[-4.97678,50.23757],[-4.97868,50.23802],[-4.97888,50.23766],[-4.97718,50.2372],[-4.9773,50.23609],[-4.97692,50.2356],[-4.97476,50.23523],[-4.97495,50.23437],[-4.97616,50.234],[-4.97954,50.23425],[-4.98224,50.23367],[-4.98422,50.23289],[-4.98572,50.23165],[-4.98479,50.22877],[-4.98648,50.22851],[-4.99021,50.22714],[-4.99059,50.22725],[-4.99064,50.22688],[-4.99202,50.22637],[-4.99433,50.22612],[-4.99581,50.22651],[-4.99897,50.22574],[-4.99969,50.22524],[-5.0015,50.22494],[-5.00193,50.22512],[-5.00131,50.22662],[-5.00355,50.22567],[-5.00579,50.22809],[-5.00724,50.2286],[-5.01114,50.22885],[-5.01217,50.22857],[-5.014,50.22744],[-5.01484,50.22786],[-5.01479,50.22892],[-5.01368,50.22973],[-5.0135,50.23029],[-5.0152,50.23024],[-5.01505,50.23091],[-5.01605,50.23178],[-5.01637,50.23434],[-5.0152,50.23663],[-5.013,50.23712],[-5.01425,50.23742],[-5.01269,50.23945],[-5.01215,50.24084],[-5.01338,50.24268],[-5.01543,50.24383],[-5.01734,50.24466],[-5.02037,50.24469],[-5.02178,50.24505],[-5.02104,50.24591],[-5.01973,50.24661],[-5.01722,50.24718],[-5.01227,50.24908],[-5.01023,50.24907],[-5.01056,50.24956],[-5.00976,50.2501],[-5.00866,50.25185],[-5.00875,50.25323],[-5.00912,50.2538],[-5.01016,50.2541],[-5.01059,50.25484],[-5.01056,50.25639],[-5.01007,50.25777],[-5.00884,50.25891],[-5.00831,50.26054],[-5.00611,50.2638],[-5.00574,50.26636],[-5.0045,50.2667],[-5.00199,50.2686],[-5.00249,50.27109],[-5.00098,50.27372],[-4.99697,50.27581],[-4.9948,50.27742],[-4.99417,50.27712],[-4.9942,50.27743],[-4.99465,50.27748],[-4.99453,50.27819],[-4.99329,50.2785],[-4.99269,50.27935],[-4.99146,50.27998],[-4.99269,50.27953],[-4.99387,50.27851],[-4.99406,50.27891],[-4.99537,50.27732],[-4.99726,50.27668],[-5.00011,50.27474],[-5.00299,50.2735],[-5.00449,50.27112],[-5.00449,50.27045],[-5.00362,50.2702],[-5.00375,50.26968],[-5.00487,50.2685],[-5.00563,50.26842],[-5.0072,50.26754],[-5.008,50.26611],[-5.00934,50.26511],[-5.01039,50.26318],[-5.01061,50.26182],[-5.01204,50.26053],[-5.01353,50.25813],[-5.01378,50.25693],[-5.01544,50.25567],[-5.01399,50.25521],[-5.012,50.25281],[-5.01155,50.25142],[-5.01368,50.25045],[-5.01621,50.25019],[-5.01984,50.2481],[-5.02023,50.24803],[-5.02101,50.24944],[-5.02135,50.24841],[-5.02103,50.24781],[-5.02308,50.2466],[-5.02417,50.24487],[-5.02677,50.24315],[-5.02797,50.24297],[-5.02926,50.24356],[-5.02953,50.24453],[-5.03174,50.24633],[-5.03336,50.24906],[-5.03449,50.24966],[-5.03448,50.24987],[-5.03042,50.25434],[-5.0304,50.25541],[-5.02805,50.25473],[-5.02599,50.25794],[-5.02451,50.25862],[-5.02512,50.25897],[-5.02394,50.26012],[-5.02539,50.26079],[-5.02677,50.26195],[-5.02735,50.26173],[-5.0279,50.26339],[-5.02998,50.26447],[-5.02919,50.2653],[-5.02867,50.26495],[-5.02794,50.26524],[-5.02648,50.26509],[-5.02863,50.26674],[-5.02921,50.26697],[-5.02994,50.26799],[-5.03021,50.26991],[-5.02976,50.27007],[-5.03074,50.27138],[-5.02993,50.27246],[-5.03091,50.27397],[-5.03504,50.2734],[-5.03558,50.27447],[-5.0371,50.27416],[-5.03652,50.27478],[-5.03833,50.27586],[-5.03917,50.27765],[-5.03857,50.27819],[-5.04102,50.27798],[-5.04324,50.27816],[-5.04442,50.27749],[-5.04678,50.27521],[-5.0485,50.27169],[-5.05418,50.27191],[-5.05467,50.27398],[-5.05609,50.27519],[-5.05578,50.27523],[-5.05609,50.27626],[-5.05567,50.27761],[-5.05666,50.2787],[-5.05687,50.27968],[-5.05787,50.28063],[-5.05792,50.28168],[-5.05878,50.28273],[-5.0574,50.28482],[-5.05688,50.28671],[-5.05577,50.28755],[-5.05451,50.29001],[-5.05312,50.29063],[-5.05265,50.29159],[-5.05165,50.29219],[-5.04916,50.29247],[-5.04797,50.29295],[-5.04777,50.29336],[-5.04866,50.29518],[-5.04597,50.29501],[-5.04236,50.29522],[-5.03674,50.29625],[-5.03417,50.29763],[-5.0335,50.29929],[-5.03133,50.30005],[-5.02995,50.29877],[-5.02906,50.29833],[-5.02763,50.29818]]]]}},{"type":"Feature","properties":{"id":"E01018847","name":"E01018847","parent":"E06000052","type":"LSOA","pop":1875,"r":4,"ff":2,"ffd":106.7,"ffs":0.5,"g":0,"co":3,"mo":3,"sa":3,"ic":1},"geometry":{"type":"Polygon","coordinates":[[[-4.92688,50.36086],[-4.92737,50.35869],[-4.92581,50.35812],[-4.92373,50.35565],[-4.92236,50.35469],[-4.9225,50.35347],[-4.92457,50.35003],[-4.92467,50.34761],[-4.92408,50.34596],[-4.92486,50.34336],[-4.92518,50.33814],[-4.92453,50.33496],[-4.92246,50.33009],[-4.91821,50.33105],[-4.91708,50.33106],[-4.907,50.32887],[-4.90743,50.32734],[-4.90549,50.32465],[-4.90245,50.32253],[-4.89989,50.32131],[-4.89932,50.31921],[-4.90073,50.31712],[-4.90035,50.31479],[-4.89915,50.31183],[-4.8992,50.31082],[-4.90537,50.30766],[-4.90567,50.30714],[-4.90526,50.30522],[-4.9066,50.30501],[-4.90668,50.30611],[-4.90938,50.30588],[-4.91262,50.3069],[-4.91312,50.30819],[-4.91445,50.3088],[-4.91899,50.31018],[-4.92154,50.31062],[-4.92165,50.31103],[-4.92607,50.31075],[-4.92676,50.31326],[-4.92786,50.3131],[-4.92816,50.31388],[-4.93301,50.31407],[-4.93319,50.31373],[-4.93542,50.3135],[-4.93761,50.31368],[-4.93859,50.31424],[-4.9407,50.31476],[-4.94412,50.31441],[-4.94499,50.31556],[-4.94677,50.31644],[-4.94995,50.31671],[-4.95147,50.31625],[-4.95283,50.31724],[-4.95533,50.31663],[-4.95691,50.31664],[-4.95635,50.31474],[-4.95716,50.31297],[-4.96272,50.31347],[-4.96439,50.31143],[-4.96572,50.30861],[-4.96702,50.30854],[-4.96837,50.30885],[-4.97486,50.30847],[-4.98161,50.3073],[-4.98272,50.30738],[-4.9833,50.3078],[-4.98696,50.30692],[-4.98718,50.30848],[-4.98655,50.30894],[-4.98814,50.31101],[-4.98958,50.31157],[-4.99157,50.31128],[-5.00264,50.31137],[-5.00843,50.31629],[-5.01113,50.31801],[-5.01007,50.31841],[-5.00997,50.3182],[-5.00945,50.31834],[-5.0066,50.31976],[-5.00548,50.31993],[-5.0071,50.32233],[-5.00681,50.32296],[-5.00717,50.32308],[-5.00722,50.32404],[-5.00771,50.32472],[-5.00875,50.32501],[-5.00972,50.32583],[-5.01021,50.32743],[-5.00491,50.32728],[-5.00463,50.3305],[-5.0052,50.3306],[-5.00538,50.33121],[-5.00569,50.33403],[-5.00673,50.33373],[-5.00799,50.33404],[-5.00874,50.33386],[-5.01019,50.33466],[-5.01102,50.33457],[-5.01229,50.33502],[-5.01496,50.33486],[-5.01563,50.33513],[-5.01743,50.33805],[-5.01906,50.3395],[-5.01985,50.34115],[-5.01978,50.34249],[-5.02323,50.34504],[-5.02427,50.34715],[-5.0175,50.34672],[-5.01321,50.34553],[-5.00934,50.34501],[-5.00905,50.34464],[-5.00448,50.3447],[-4.99901,50.34354],[-4.99346,50.3408],[-4.99269,50.34175],[-4.9917,50.34174],[-4.99155,50.34242],[-4.98969,50.34169],[-4.988,50.34194],[-4.98791,50.34167],[-4.97755,50.34084],[-4.97768,50.33955],[-4.97404,50.33944],[-4.97303,50.33582],[-4.9722,50.33689],[-4.971,50.33765],[-4.97127,50.33872],[-4.97193,50.33931],[-4.97179,50.34019],[-4.9725,50.34034],[-4.974,50.34257],[-4.97232,50.34349],[-4.9717,50.34514],[-4.97135,50.34536],[-4.96717,50.34462],[-4.96719,50.34497],[-4.96181,50.34514],[-4.95429,50.34467],[-4.9501,50.34482],[-4.9443,50.34326],[-4.94243,50.34457],[-4.94275,50.34784],[-4.94803,50.35264],[-4.95247,50.3594],[-4.95047,50.35987],[-4.94763,50.35985],[-4.94531,50.35943],[-4.94496,50.35708],[-4.93717,50.35972],[-4.9369,50.35935],[-4.9323,50.3609],[-4.93198,50.36056],[-4.93097,50.36051],[-4.92861,50.36109],[-4.92688,50.36086]]]}},{"type":"Feature","properties":{"id":"E01018848","name":"E01018848","parent":"E06000052","type":"LSOA","pop":1656,"r":6,"ff":4,"ffd":241.5,"ffs":0.6667,"g":0,"co":1,"mo":3,"sa":3,"ic":1},"geometry":{"type":"Polygon","coordinates":[[[-4.94778,50.2963],[-4.94596,50.29443],[-4.9467,50.2935],[-4.94667,50.2929],[-4.94344,50.29294],[-4.94158,50.29266],[-4.94165,50.29187],[-4.94281,50.29019],[-4.94538,50.29137],[-4.9462,50.29101],[-4.94657,50.29055],[-4.94807,50.29079],[-4.94838,50.29046],[-4.94772,50.28914],[-4.95012,50.28836],[-4.9524,50.28861],[-4.95485,50.28581],[-4.95722,50.28658],[-4.96036,50.28625],[-4.96492,50.2886],[-4.96457,50.28974],[-4.96626,50.29263],[-4.96467,50.29714],[-4.96406,50.29717],[-4.96363,50.29778],[-4.9614,50.29627],[-4.96086,50.29446],[-4.95997,50.29452],[-4.95984,50.29343],[-4.96027,50.29285],[-4.95968,50.29282],[-4.95791,50.29469],[-4.95408,50.29466],[-4.95326,50.29479],[-4.95293,50.29525],[-4.95216,50.29523],[-4.95132,50.29885],[-4.94735,50.29813],[-4.94778,50.2963]]]}},{"type":"Feature","properties":{"id":"E01018849","name":"E01018849","parent":"E06000052","type":"LSOA","pop":1831,"r":4,"ff":2,"ffd":109.2,"ffs":0.5,"g":0,"co":3,"mo":3,"sa":3,"ic":3},"geometry":{"type":"Polygon","coordinates":[[[-5.00649,50.21159],[-5.00537,50.21042],[-5.00831,50.20606],[-5.00546,50.20494],[-5.0034,50.20311],[-5.00149,50.20267],[-4.99949,50.20262],[-4.99566,50.20384],[-4.99403,50.20375],[-4.99198,50.20434],[-4.99016,50.20559],[-4.98683,50.20688],[-4.98444,50.20941],[-4.98357,50.20979],[-4.98215,50.20968],[-4.98088,50.2092],[-4.97735,50.20944],[-4.97276,50.209],[-4.97036,50.20937],[-4.96552,50.21103],[-4.96241,50.21032],[-4.9567,50.20773],[-4.95417,50.20567],[-4.95189,50.2043],[-4.95757,50.2022],[-4.9577,50.20167],[-4.95864,50.20128],[-4.95864,50.20081],[-4.96002,50.20011],[-4.95964,50.20003],[-4.96046,50.19923],[-4.96005,50.19921],[-4.96001,50.19878],[-4.96106,50.19873],[-4.9627,50.19768],[-4.96288,50.19709],[-4.96202,50.19647],[-4.96228,50.19603],[-4.96368,50.19587],[-4.96517,50.19491],[-4.96581,50.19397],[-4.96534,50.19405],[-4.96553,50.19384],[-4.96665,50.19362],[-4.96867,50.1921],[-4.96885,50.19165],[-4.96835,50.19152],[-4.96902,50.19147],[-4.96845,50.19117],[-4.96904,50.19091],[-4.96858,50.19081],[-4.96884,50.19025],[-4.96843,50.18972],[-4.96883,50.18949],[-4.96801,50.18862],[-4.96852,50.18832],[-4.96777,50.18783],[-4.96815,50.18777],[-4.96778,50.18727],[-4.96825,50.18635],[-4.96794,50.18644],[-4.96807,50.18592],[-4.96758,50.18585],[-4.96822,50.18561],[-4.96865,50.18604],[-4.96927,50.18574],[-4.97016,50.18587],[-4.97066,50.18642],[-4.97222,50.18631],[-4.9736,50.18565],[-4.97352,50.18468],[-4.97466,50.18243],[-4.97468,50.17984],[-4.97372,50.17901],[-4.97301,50.17903],[-4.97276,50.17935],[-4.97284,50.17908],[-4.97148,50.17887],[-4.97152,50.17814],[-4.97097,50.17805],[-4.97251,50.17639],[-4.97259,50.17551],[-4.97319,50.17539],[-4.97282,50.17507],[-4.97396,50.17277],[-4.97371,50.1725],[-4.97411,50.17134],[-4.97365,50.17071],[-4.97418,50.16983],[-4.97389,50.16934],[-4.97353,50.16939],[-4.97357,50.16607],[-4.97251,50.16467],[-4.97335,50.16357],[-4.97361,50.16395],[-4.97469,50.16341],[-4.97499,50.16353],[-4.97501,50.1632],[-4.97643,50.16249],[-4.97723,50.16177],[-4.97701,50.16158],[-4.9778,50.16119],[-4.97734,50.16098],[-4.97774,50.16065],[-4.97835,50.16065],[-4.97888,50.16017],[-4.97991,50.1603],[-4.98153,50.1597],[-4.98389,50.15779],[-4.98459,50.15596],[-4.98376,50.15509],[-4.98424,50.15445],[-4.98402,50.15355],[-4.98273,50.15338],[-4.98272,50.15296],[-4.98227,50.15287],[-4.98272,50.15249],[-4.98196,50.15264],[-4.98248,50.15223],[-4.98179,50.15214],[-4.98197,50.15181],[-4.98457,50.14987],[-4.98527,50.14987],[-4.98494,50.15037],[-4.98528,50.15056],[-4.98725,50.14964],[-4.98788,50.1498],[-4.98755,50.15004],[-4.98801,50.15054],[-4.99032,50.14987],[-4.99112,50.15027],[-4.99602,50.14863],[-4.99718,50.14765],[-4.99766,50.14668],[-4.99911,50.14565],[-4.99958,50.1451],[-5.00359,50.143],[-5.00484,50.14314],[-5.0058,50.14131],[-5.00638,50.14079],[-5.00726,50.14075],[-5.00763,50.14009],[-5.00882,50.13947],[-5.00904,50.14003],[-5.00961,50.1393],[-5.00945,50.13964],[-5.0098,50.13932],[-5.0108,50.13953],[-5.01087,50.14064],[-5.01176,50.14027],[-5.01179,50.14071],[-5.01245,50.14059],[-5.0122,50.14078],[-5.01269,50.14135],[-5.01388,50.14063],[-5.01413,50.14056],[-5.01403,50.14077],[-5.01501,50.14047],[-5.0149,50.14067],[-5.01534,50.14058],[-5.01518,50.14077],[-5.01616,50.14116],[-5.01492,50.14321],[-5.01528,50.14336],[-5.01465,50.14422],[-5.01491,50.14431],[-5.01428,50.14478],[-5.01499,50.14482],[-5.01525,50.14574],[-5.01649,50.14601],[-5.01593,50.14656],[-5.01617,50.14681],[-5.01657,50.14671],[-5.01627,50.148],[-5.01777,50.14812],[-5.01804,50.14851],[-5.01756,50.14937],[-5.01312,50.15155],[-5.01111,50.15361],[-5.00952,50.15404],[-5.00854,50.15374],[-5.00791,50.15289],[-5.0085,50.15223],[-5.00904,50.15213],[-5.00858,50.15117],[-5.00717,50.1507],[-5.00595,50.15131],[-5.00432,50.15046],[-5.00371,50.15093],[-5.00441,50.15155],[-5.00398,50.15328],[-5.00072,50.15545],[-5.00032,50.15671],[-4.9994,50.15728],[-4.99929,50.158],[-4.99994,50.15868],[-5.00004,50.15951],[-4.99885,50.16166],[-4.99727,50.16173],[-4.99339,50.16073],[-4.99103,50.16139],[-4.98856,50.16097],[-4.98751,50.1612],[-4.9867,50.16097],[-4.98662,50.15997],[-4.98606,50.16064],[-4.98616,50.16133],[-4.98714,50.1616],[-4.9875,50.16122],[-4.98702,50.16207],[-4.98533,50.16313],[-4.98697,50.16275],[-4.98798,50.16176],[-4.99101,50.1622],[-4.99275,50.16162],[-4.99356,50.16167],[-4.99576,50.16317],[-4.99718,50.16308],[-4.99712,50.16385],[-4.99605,50.16542],[-4.99355,50.16742],[-4.99382,50.16801],[-4.99454,50.16809],[-4.99576,50.16702],[-4.99673,50.16671],[-4.99911,50.16687],[-4.99955,50.16726],[-5.00094,50.16733],[-5.00153,50.16765],[-5.00164,50.16962],[-4.99909,50.16934],[-4.99748,50.16961],[-4.99565,50.17092],[-4.99601,50.17186],[-4.99572,50.17227],[-4.99458,50.17242],[-4.99345,50.17357],[-4.99309,50.17441],[-4.99334,50.17561],[-4.98919,50.1776],[-4.98937,50.17789],[-4.98847,50.17841],[-4.98861,50.17936],[-4.98894,50.17933],[-4.98875,50.17983],[-4.98903,50.17959],[-4.98924,50.1786],[-4.99066,50.17765],[-4.99379,50.1769],[-4.99638,50.17524],[-4.99654,50.17661],[-4.99525,50.17823],[-4.99499,50.17923],[-4.9962,50.18062],[-4.99541,50.18205],[-4.9957,50.1828],[-4.99689,50.18364],[-4.99846,50.18383],[-4.99716,50.1852],[-4.99697,50.18726],[-4.99761,50.18876],[-4.9979,50.1857],[-4.99945,50.1839],[-4.99947,50.18326],[-4.99768,50.1832],[-4.99648,50.18194],[-4.99731,50.1809],[-4.9969,50.17921],[-4.9973,50.17794],[-4.99859,50.17579],[-4.99797,50.17441],[-4.99657,50.17359],[-4.99849,50.1718],[-4.999,50.1718],[-4.99893,50.17122],[-4.99988,50.17086],[-5.00206,50.17106],[-5.00594,50.17076],[-5.00414,50.17008],[-5.004,50.16954],[-5.00504,50.16918],[-5.0054,50.16863],[-5.00471,50.16879],[-5.00422,50.16762],[-5.00363,50.16752],[-5.00166,50.16571],[-5.00062,50.1652],[-5.00224,50.16457],[-5.0031,50.1631],[-5.00597,50.16158],[-5.00484,50.15904],[-5.00422,50.15858],[-5.00481,50.15712],[-5.00617,50.15638],[-5.00733,50.15659],[-5.00858,50.15706],[-5.01058,50.15854],[-5.01175,50.15896],[-5.01269,50.15885],[-5.01377,50.15916],[-5.01504,50.15819],[-5.01433,50.15805],[-5.01527,50.15797],[-5.01731,50.15724],[-5.01969,50.15735],[-5.02103,50.15667],[-5.02226,50.15538],[-5.0238,50.15475],[-5.02453,50.155],[-5.02494,50.15565],[-5.02615,50.1561],[-5.02821,50.15848],[-5.02745,50.16146],[-5.02534,50.16293],[-5.02417,50.16431],[-5.02377,50.16648],[-5.02301,50.16741],[-5.02339,50.16811],[-5.02149,50.1713],[-5.02305,50.17272],[-5.02316,50.17346],[-5.02212,50.17526],[-5.02064,50.17582],[-5.01987,50.17653],[-5.01984,50.18051],[-5.02052,50.18129],[-5.01765,50.18254],[-5.01576,50.18464],[-5.01584,50.18404],[-5.01673,50.18322],[-5.01543,50.18231],[-5.01469,50.18205],[-5.01422,50.18224],[-5.01481,50.18329],[-5.0141,50.18338],[-5.01392,50.18369],[-5.01428,50.18399],[-5.01513,50.1837],[-5.01529,50.18429],[-5.01394,50.18773],[-5.01453,50.18875],[-5.01452,50.19046],[-5.01534,50.18952],[-5.01547,50.18774],[-5.01662,50.18786],[-5.01651,50.18747],[-5.0157,50.18717],[-5.01717,50.18439],[-5.01917,50.18399],[-5.01986,50.18421],[-5.02062,50.18376],[-5.02151,50.18386],[-5.02184,50.18329],[-5.02437,50.18192],[-5.02568,50.18229],[-5.02781,50.18611],[-5.02842,50.19184],[-5.02936,50.19285],[-5.02916,50.19438],[-5.03151,50.20031],[-5.03491,50.20328],[-5.03418,50.20463],[-5.03288,50.20535],[-5.0306,50.20538],[-5.02789,50.20416],[-5.02677,50.20396],[-5.02962,50.206],[-5.02908,50.20655],[-5.02731,50.20711],[-5.02557,50.20837],[-5.02447,50.20994],[-5.02443,50.21126],[-5.02313,50.21157],[-5.02212,50.21134],[-5.01897,50.20998],[-5.01764,50.20984],[-5.01411,50.2103],[-5.01375,50.21008],[-5.01204,50.21109],[-5.01165,50.21167],[-5.01055,50.21119],[-5.00895,50.21221],[-5.00649,50.21159]]]}},{"type":"Feature","properties":{"id":"E01018850","name":"E01018850","parent":"E06000052","type":"LSOA","pop":1290,"r":4,"ff":2,"ffd":155.0,"ffs":0.5,"g":0,"co":3,"mo":3,"sa":3,"ic":3},"geometry":{"type":"MultiPolygon","coordinates":[[[[-4.90482,50.19519],[-4.90556,50.19477],[-4.90598,50.19534],[-4.90566,50.1956],[-4.90405,50.196],[-4.90482,50.19519]]],[[[-4.96572,50.24046],[-4.96573,50.24037],[-4.96575,50.24044],[-4.96572,50.24046]]],[[[-4.91914,50.25576],[-4.9173,50.25376],[-4.91594,50.25488],[-4.91591,50.25566],[-4.91453,50.25805],[-4.91436,50.25943],[-4.91211,50.25913],[-4.90548,50.25746],[-4.90483,50.25714],[-4.90162,50.25684],[-4.89724,50.25685],[-4.89477,50.25475],[-4.88963,50.25376],[-4.88895,50.2533],[-4.88856,50.25229],[-4.88668,50.25161],[-4.88483,50.25013],[-4.88315,50.25014],[-4.8784,50.24923],[-4.87498,50.24743],[-4.87208,50.24842],[-4.86871,50.24756],[-4.86844,50.24627],[-4.86783,50.24569],[-4.86554,50.2453],[-4.86438,50.24465],[-4.86434,50.24407],[-4.86532,50.24347],[-4.86697,50.24092],[-4.8662,50.23996],[-4.8647,50.23936],[-4.86435,50.23787],[-4.86239,50.23592],[-4.86296,50.23595],[-4.86438,50.23506],[-4.86596,50.23477],[-4.86598,50.23428],[-4.8653,50.23397],[-4.86551,50.23364],[-4.86623,50.23337],[-4.86685,50.23363],[-4.86768,50.23329],[-4.86756,50.23302],[-4.86788,50.23321],[-4.86862,50.23301],[-4.86911,50.23238],[-4.87065,50.23163],[-4.87188,50.2319],[-4.87243,50.23176],[-4.87272,50.23114],[-4.87365,50.23119],[-4.87413,50.23047],[-4.87348,50.23023],[-4.87393,50.2301],[-4.87387,50.22975],[-4.87314,50.2296],[-4.87335,50.22922],[-4.87348,50.22952],[-4.8739,50.22939],[-4.87392,50.22869],[-4.8757,50.22715],[-4.8758,50.22677],[-4.8754,50.22674],[-4.87606,50.22638],[-4.87614,50.22572],[-4.87578,50.22543],[-4.87618,50.22464],[-4.87749,50.22466],[-4.87949,50.22409],[-4.87958,50.22374],[-4.88054,50.22365],[-4.88301,50.22413],[-4.88433,50.22282],[-4.88383,50.22286],[-4.88518,50.22208],[-4.88473,50.22196],[-4.88522,50.22174],[-4.88464,50.22156],[-4.88524,50.22124],[-4.88515,50.22093],[-4.88565,50.2205],[-4.88613,50.2209],[-4.88637,50.22059],[-4.88652,50.22083],[-4.8871,50.21994],[-4.88805,50.21963],[-4.8876,50.21928],[-4.88848,50.21893],[-4.88879,50.21825],[-4.89009,50.21849],[-4.8904,50.21902],[-4.89175,50.21867],[-4.89072,50.21821],[-4.89095,50.21735],[-4.89156,50.21775],[-4.89282,50.21712],[-4.89364,50.21599],[-4.89325,50.21552],[-4.8935,50.21466],[-4.8946,50.21439],[-4.89508,50.2136],[-4.8956,50.21342],[-4.89535,50.21322],[-4.8969,50.21284],[-4.89683,50.21314],[-4.89984,50.21426],[-4.90099,50.21374],[-4.90134,50.21314],[-4.90256,50.21267],[-4.90367,50.21173],[-4.90308,50.21175],[-4.9037,50.2115],[-4.90328,50.21149],[-4.90364,50.211],[-4.90334,50.21085],[-4.90479,50.20956],[-4.9039,50.20887],[-4.90255,50.20895],[-4.90257,50.20864],[-4.90327,50.20857],[-4.90254,50.20808],[-4.90277,50.20787],[-4.90248,50.20763],[-4.90339,50.20622],[-4.90482,50.205],[-4.90574,50.20533],[-4.90598,50.20518],[-4.90683,50.20577],[-4.90835,50.20621],[-4.91062,50.2054],[-4.91012,50.2036],[-4.91047,50.20336],[-4.91032,50.20274],[-4.90985,50.20248],[-4.91023,50.20227],[-4.91027,50.2015],[-4.91119,50.20098],[-4.91084,50.20018],[-4.91169,50.19988],[-4.91156,50.19955],[-4.91315,50.19969],[-4.91599,50.19717],[-4.91834,50.19661],[-4.91895,50.19611],[-4.92188,50.1955],[-4.92236,50.19644],[-4.92272,50.19627],[-4.92209,50.19742],[-4.92247,50.19821],[-4.9222,50.19903],[-4.92269,50.19986],[-4.92309,50.19986],[-4.92302,50.20052],[-4.92272,50.20073],[-4.9231,50.20075],[-4.92311,50.20143],[-4.92352,50.20126],[-4.92288,50.2018],[-4.92326,50.20201],[-4.92356,50.20183],[-4.92354,50.20223],[-4.92416,50.20237],[-4.92424,50.20212],[-4.92528,50.20193],[-4.92566,50.20278],[-4.92706,50.20353],[-4.92734,50.20338],[-4.92748,50.20382],[-4.92846,50.20443],[-4.929,50.20438],[-4.92914,50.20478],[-4.93151,50.2056],[-4.93197,50.20641],[-4.93285,50.2065],[-4.93374,50.20709],[-4.93836,50.20711],[-4.94866,50.20565],[-4.94969,50.20492],[-4.95189,50.2043],[-4.95417,50.20567],[-4.9567,50.20773],[-4.96241,50.21032],[-4.96552,50.21103],[-4.97036,50.20937],[-4.97276,50.209],[-4.97735,50.20944],[-4.98088,50.2092],[-4.98215,50.20968],[-4.98357,50.20979],[-4.98444,50.20941],[-4.98683,50.20688],[-4.99016,50.20559],[-4.99198,50.20434],[-4.99403,50.20375],[-4.99566,50.20384],[-4.99949,50.20262],[-5.00149,50.20267],[-5.0034,50.20311],[-5.00546,50.20494],[-5.00831,50.20606],[-5.00537,50.21042],[-5.00649,50.21159],[-5.00895,50.21221],[-5.01055,50.21119],[-5.01165,50.21167],[-5.01204,50.21109],[-5.01375,50.21008],[-5.01411,50.2103],[-5.01764,50.20984],[-5.01897,50.20998],[-5.02212,50.21134],[-5.02313,50.21157],[-5.02464,50.21248],[-5.02517,50.21446],[-5.0239,50.21475],[-5.02497,50.2152],[-5.02469,50.21645],[-5.02553,50.21733],[-5.0246,50.21892],[-5.02454,50.22065],[-5.02394,50.22162],[-5.02282,50.22269],[-5.02041,50.22217],[-5.01832,50.22222],[-5.01676,50.22259],[-5.01307,50.22506],[-5.00927,50.22709],[-5.00857,50.22681],[-5.00606,50.2241],[-5.00642,50.22244],[-5.00613,50.22212],[-5.00503,50.22184],[-5.0054,50.22267],[-5.00443,50.22338],[-4.99897,50.22339],[-4.99712,50.22366],[-4.99434,50.22474],[-4.99236,50.2227],[-4.99222,50.22155],[-4.99132,50.2229],[-4.99283,50.22463],[-4.98864,50.22521],[-4.98666,50.22592],[-4.98467,50.22577],[-4.98209,50.22671],[-4.98092,50.22623],[-4.98025,50.22518],[-4.98025,50.22376],[-4.98091,50.22275],[-4.97983,50.22183],[-4.97983,50.22137],[-4.97936,50.22175],[-4.97949,50.22294],[-4.97828,50.2237],[-4.97913,50.22432],[-4.97879,50.22521],[-4.97923,50.22709],[-4.97676,50.22756],[-4.97531,50.22685],[-4.97258,50.22674],[-4.97208,50.22649],[-4.97264,50.22595],[-4.97202,50.22584],[-4.97099,50.22692],[-4.9709,50.22817],[-4.97158,50.22923],[-4.97237,50.22965],[-4.97543,50.2292],[-4.97731,50.22948],[-4.97963,50.22919],[-4.98093,50.22956],[-4.98185,50.2295],[-4.98327,50.23172],[-4.98277,50.23231],[-4.97884,50.23263],[-4.97733,50.23238],[-4.97615,50.23145],[-4.97193,50.23083],[-4.97081,50.23097],[-4.96932,50.23213],[-4.96578,50.23233],[-4.96469,50.23189],[-4.96482,50.23126],[-4.96441,50.23147],[-4.96484,50.22963],[-4.96347,50.22857],[-4.96206,50.22834],[-4.9621,50.22794],[-4.96076,50.22782],[-4.96029,50.22734],[-4.96071,50.22783],[-4.96195,50.22796],[-4.96195,50.22835],[-4.96334,50.22862],[-4.96428,50.22949],[-4.96431,50.23014],[-4.96358,50.23074],[-4.96398,50.23221],[-4.96713,50.23343],[-4.96712,50.23474],[-4.96558,50.23646],[-4.96547,50.23611],[-4.96517,50.23638],[-4.9653,50.23711],[-4.96342,50.23919],[-4.962,50.23918],[-4.96221,50.23898],[-4.96195,50.23913],[-4.95996,50.23847],[-4.95817,50.23876],[-4.95772,50.23782],[-4.95782,50.23868],[-4.95697,50.23931],[-4.9566,50.23936],[-4.95526,50.24005],[-4.95357,50.23917],[-4.95157,50.23891],[-4.95355,50.23929],[-4.95515,50.24008],[-4.95529,50.24007],[-4.95667,50.23938],[-4.957,50.23932],[-4.95781,50.23873],[-4.95848,50.23898],[-4.95858,50.23875],[-4.95997,50.23864],[-4.96011,50.23888],[-4.95967,50.23908],[-4.96022,50.23891],[-4.96028,50.2387],[-4.96261,50.23935],[-4.96327,50.23933],[-4.96422,50.23898],[-4.96468,50.23951],[-4.9644,50.23876],[-4.96565,50.24038],[-4.96393,50.24167],[-4.9638,50.24214],[-4.96392,50.24277],[-4.9643,50.24323],[-4.96352,50.24413],[-4.96163,50.24527],[-4.95768,50.24678],[-4.95261,50.24575],[-4.95111,50.24569],[-4.94909,50.24619],[-4.94648,50.24825],[-4.94437,50.25124],[-4.93968,50.25446],[-4.93798,50.25502],[-4.93291,50.25557],[-4.92941,50.25734],[-4.92768,50.2594],[-4.92521,50.25945],[-4.92283,50.25903],[-4.92175,50.25743],[-4.91914,50.25576]]]]}},{"type":"Feature","properties":{"id":"E01018851","name":"E01018851","parent":"E06000052","type":"LSOA","pop":1384,"r":7,"ff":3,"ffd":216.8,"ffs":0.4286,"g":0,"co":1,"mo":3,"sa":3,"ic":1},"geometry":{"type":"Polygon","coordinates":[[[-5.19718,50.32223],[-5.19855,50.31809],[-5.20244,50.31849],[-5.2027,50.31795],[-5.20347,50.31809],[-5.20431,50.31784],[-5.20446,50.31725],[-5.20359,50.31736],[-5.20271,50.31638],[-5.20252,50.31562],[-5.20315,50.31522],[-5.2031,50.31468],[-5.20227,50.31354],[-5.20117,50.31298],[-5.20121,50.31268],[-5.19991,50.31221],[-5.19934,50.31243],[-5.19795,50.31202],[-5.19748,50.31073],[-5.19636,50.31032],[-5.19624,50.30973],[-5.19767,50.30855],[-5.19756,50.30824],[-5.19839,50.30791],[-5.19872,50.3074],[-5.19851,50.30669],[-5.20029,50.30868],[-5.20109,50.30856],[-5.20258,50.30887],[-5.20318,50.30838],[-5.20372,50.30847],[-5.20349,50.30864],[-5.20413,50.30892],[-5.20334,50.30903],[-5.20413,50.30948],[-5.20473,50.30946],[-5.20522,50.30915],[-5.20692,50.30915],[-5.20747,50.30964],[-5.20715,50.31003],[-5.2101,50.31187],[-5.21175,50.31201],[-5.2119,50.31219],[-5.21041,50.31306],[-5.21268,50.31369],[-5.21321,50.31354],[-5.21375,50.3151],[-5.21278,50.31567],[-5.21376,50.31903],[-5.21284,50.32126],[-5.2103,50.32109],[-5.20977,50.32132],[-5.20853,50.32068],[-5.20807,50.32093],[-5.20845,50.32106],[-5.20832,50.32127],[-5.20805,50.32122],[-5.20751,50.32153],[-5.20703,50.32137],[-5.20741,50.32106],[-5.20625,50.32123],[-5.20593,50.32156],[-5.20626,50.32188],[-5.2053,50.32183],[-5.2046,50.32211],[-5.20327,50.32038],[-5.20191,50.31984],[-5.20073,50.3201],[-5.19847,50.32215],[-5.19732,50.32259],[-5.19718,50.32223]]]}},{"type":"Feature","properties":{"id":"E01018853","name":"E01018853","parent":"E06000052","type":"LSOA","pop":2946,"r":22,"ff":7,"ffd":237.6,"ffs":0.3889,"g":4,"co":1,"mo":3,"sa":0,"ic":1},"geometry":{"type":"Polygon","coordinates":[[[-5.02863,50.26674],[-5.02648,50.26509],[-5.02794,50.26524],[-5.02867,50.26495],[-5.02919,50.2653],[-5.02998,50.26447],[-5.03066,50.26456],[-5.0313,50.2642],[-5.03086,50.26306],[-5.03205,50.26183],[-5.03534,50.26257],[-5.03628,50.26304],[-5.03797,50.2651],[-5.03915,50.26524],[-5.04034,50.26492],[-5.03898,50.26447],[-5.03936,50.26417],[-5.03878,50.26348],[-5.03786,50.26342],[-5.03783,50.2625],[-5.04022,50.26239],[-5.03993,50.26292],[-5.0409,50.26331],[-5.04127,50.26251],[-5.04591,50.26375],[-5.04341,50.26572],[-5.04062,50.26748],[-5.03705,50.26829],[-5.03575,50.27091],[-5.03458,50.27213],[-5.03049,50.27321],[-5.02993,50.27246],[-5.03074,50.27138],[-5.02976,50.27007],[-5.03021,50.26991],[-5.02994,50.26799],[-5.02921,50.26697],[-5.02863,50.26674]]]}},{"type":"Feature","properties":{"id":"E01018854","name":"E01018854","parent":"E06000052","type":"LSOA","pop":1479,"r":22,"ff":7,"ffd":473.3,"ffs":0.3889,"g":4,"co":1,"mo":3,"sa":0,"ic":1},"geometry":{"type":"Polygon","coordinates":[[[-5.03534,50.26257],[-5.03205,50.26183],[-5.03086,50.26306],[-5.0313,50.2642],[-5.03066,50.26456],[-5.02998,50.26447],[-5.0279,50.26339],[-5.02735,50.26173],[-5.02677,50.26195],[-5.02539,50.26079],[-5.02394,50.26012],[-5.02512,50.25897],[-5.02451,50.25862],[-5.02599,50.25794],[-5.02805,50.25473],[-5.0304,50.25541],[-5.03042,50.25434],[-5.03448,50.24987],[-5.03449,50.24966],[-5.03644,50.24963],[-5.03835,50.24997],[-5.0408,50.25227],[-5.04108,50.2522],[-5.04126,50.25306],[-5.04039,50.25385],[-5.04026,50.25464],[-5.04335,50.25642],[-5.04467,50.2576],[-5.04698,50.26297],[-5.04591,50.26375],[-5.04127,50.26251],[-5.0409,50.26331],[-5.03993,50.26292],[-5.04022,50.26239],[-5.03783,50.2625],[-5.03786,50.26342],[-5.03878,50.26348],[-5.03936,50.26417],[-5.03898,50.26447],[-5.04034,50.26492],[-5.03915,50.26524],[-5.03797,50.2651],[-5.03628,50.26304],[-5.03534,50.26257]]]}},{"type":"Feature","properties":{"id":"E01018856","name":"E01018856","parent":"E06000052","type":"LSOA","pop":1411,"r":23,"ff":8,"ffd":567.0,"ffs":0.4211,"g":4,"co":1,"mo":3,"sa":0,"ic":1},"geometry":{"type":"Polygon","coordinates":[[[-5.08664,50.26923],[-5.0853,50.2691],[-5.08232,50.26979],[-5.08027,50.26913],[-5.07908,50.26772],[-5.07877,50.26822],[-5.07912,50.26734],[-5.08094,50.26629],[-5.081,50.26472],[-5.08001,50.26433],[-5.07845,50.26421],[-5.07836,50.26461],[-5.07657,50.2642],[-5.07652,50.26453],[-5.07523,50.26447],[-5.07482,50.26382],[-5.07482,50.26318],[-5.0739,50.26242],[-5.07389,50.26141],[-5.07076,50.26138],[-5.07642,50.25613],[-5.08037,50.25584],[-5.07962,50.25613],[-5.0782,50.25751],[-5.08077,50.25914],[-5.07969,50.2594],[-5.07944,50.25992],[-5.07832,50.26009],[-5.07752,50.26162],[-5.07848,50.26179],[-5.07822,50.26138],[-5.07854,50.26092],[-5.07931,50.26112],[-5.07868,50.26228],[-5.08057,50.26266],[-5.08067,50.26292],[-5.08268,50.26293],[-5.08227,50.26249],[-5.08239,50.26204],[-5.08556,50.26277],[-5.08915,50.26331],[-5.08896,50.26367],[-5.08926,50.26733],[-5.09232,50.26795],[-5.09279,50.26855],[-5.09117,50.26966],[-5.08942,50.26882],[-5.08803,50.26901],[-5.08785,50.26978],[-5.08728,50.26978],[-5.08664,50.26923]]]}},{"type":"Feature","properties":{"id":"E01018857","name":"E01018857","parent":"E06000052","type":"LSOA","pop":1517,"r":23,"ff":8,"ffd":527.4,"ffs":0.4211,"g":4,"co":1,"mo":3,"sa":0,"ic":1},"geometry":{"type":"Polygon","coordinates":[[[-5.06399,50.27982],[-5.06455,50.2755],[-5.0636,50.27545],[-5.06323,50.27327],[-5.06405,50.2724],[-5.06482,50.27234],[-5.06407,50.2716],[-5.06407,50.27082],[-5.06813,50.27125],[-5.0694,50.26994],[-5.06828,50.26909],[-5.06613,50.2692],[-5.06456,50.26869],[-5.06462,50.26936],[-5.06559,50.26933],[-5.06492,50.26988],[-5.06421,50.26954],[-5.06409,50.26881],[-5.06363,50.26856],[-5.06425,50.26812],[-5.06402,50.26763],[-5.06344,50.26729],[-5.06217,50.26756],[-5.06059,50.26713],[-5.0606,50.26681],[-5.05706,50.26601],[-5.06082,50.26455],[-5.0638,50.26515],[-5.06368,50.26571],[-5.06582,50.26679],[-5.06677,50.26653],[-5.06828,50.26679],[-5.06853,50.26626],[-5.07117,50.2651],[-5.07022,50.26448],[-5.07144,50.26283],[-5.07043,50.26228],[-5.07076,50.26138],[-5.07389,50.26141],[-5.0739,50.26242],[-5.07482,50.26318],[-5.07482,50.26382],[-5.07523,50.26447],[-5.07652,50.26453],[-5.07657,50.2642],[-5.07836,50.26461],[-5.07845,50.26421],[-5.08001,50.26433],[-5.081,50.26472],[-5.08094,50.26629],[-5.07912,50.26734],[-5.07764,50.27204],[-5.07533,50.27581],[-5.07476,50.27585],[-5.07297,50.27702],[-5.07119,50.27696],[-5.07129,50.27733],[-5.06852,50.2784],[-5.06667,50.28013],[-5.06399,50.27982]]]}},{"type":"Feature","properties":{"id":"E01018858","name":"E01018858","parent":"E06000052","type":"LSOA","pop":1441,"r":23,"ff":8,"ffd":555.2,"ffs":0.4211,"g":4,"co":1,"mo":3,"sa":0,"ic":1},"geometry":{"type":"Polygon","coordinates":[[[-5.06102,50.2758],[-5.05918,50.2752],[-5.05732,50.27507],[-5.05609,50.27519],[-5.05467,50.27398],[-5.05418,50.27191],[-5.05305,50.27083],[-5.05312,50.26841],[-5.0537,50.26742],[-5.05706,50.26601],[-5.0606,50.26681],[-5.06059,50.26713],[-5.06217,50.26756],[-5.06344,50.26729],[-5.06402,50.26763],[-5.06425,50.26812],[-5.06363,50.26856],[-5.06409,50.26881],[-5.06421,50.26954],[-5.06492,50.26988],[-5.06559,50.26933],[-5.06462,50.26936],[-5.06456,50.26869],[-5.06613,50.2692],[-5.06828,50.26909],[-5.0694,50.26994],[-5.06813,50.27125],[-5.06407,50.27082],[-5.06407,50.2716],[-5.06482,50.27234],[-5.06405,50.2724],[-5.06323,50.27327],[-5.0636,50.27545],[-5.06305,50.27527],[-5.06102,50.2758]]]}},{"type":"Feature","properties":{"id":"E01018859","name":"E01018859","parent":"E06000052","type":"LSOA","pop":1818,"r":7,"ff":2,"ffd":110.0,"ffs":0.2857,"g":0,"co":1,"mo":3,"sa":1,"ic":1},"geometry":{"type":"Polygon","coordinates":[[[-5.09384,50.15841],[-5.09417,50.15738],[-5.09354,50.15741],[-5.09305,50.15642],[-5.09219,50.15644],[-5.09114,50.15712],[-5.09056,50.15704],[-5.08963,50.15679],[-5.08771,50.15551],[-5.08498,50.1564],[-5.08412,50.15656],[-5.08401,50.1563],[-5.08349,50.15677],[-5.0852,50.15885],[-5.08466,50.15911],[-5.08175,50.1556],[-5.0817,50.15353],[-5.081,50.15256],[-5.07898,50.15194],[-5.0784,50.15131],[-5.07812,50.15058],[-5.08013,50.15105],[-5.08115,50.1502],[-5.08282,50.14991],[-5.08536,50.15284],[-5.08572,50.15273],[-5.08601,50.15299],[-5.08673,50.15273],[-5.08891,50.15349],[-5.08913,50.15324],[-5.09355,50.15493],[-5.0966,50.15549],[-5.09666,50.1553],[-5.09948,50.15559],[-5.10031,50.15519],[-5.10117,50.15697],[-5.10029,50.15908],[-5.10042,50.15955],[-5.09773,50.15975],[-5.0956,50.16056],[-5.09548,50.15927],[-5.09384,50.15841]]]}},{"type":"Feature","properties":{"id":"E01018860","name":"E01018860","parent":"E06000052","type":"LSOA","pop":1894,"r":7,"ff":2,"ffd":105.6,"ffs":0.2857,"g":0,"co":1,"mo":3,"sa":1,"ic":1},"geometry":{"type":"Polygon","coordinates":[[[-5.08831,50.16329],[-5.08689,50.16109],[-5.08466,50.15911],[-5.0852,50.15885],[-5.08349,50.15677],[-5.08401,50.1563],[-5.08412,50.15656],[-5.08498,50.1564],[-5.08771,50.15551],[-5.08963,50.15679],[-5.09056,50.15704],[-5.09114,50.15712],[-5.09219,50.15644],[-5.09305,50.15642],[-5.09354,50.15741],[-5.09417,50.15738],[-5.09384,50.15841],[-5.09548,50.15927],[-5.0956,50.16056],[-5.09394,50.1612],[-5.09261,50.16227],[-5.09131,50.16223],[-5.09004,50.16425],[-5.08946,50.16365],[-5.08831,50.16329]]]}},{"type":"Feature","properties":{"id":"E01018861","name":"E01018861","parent":"E06000052","type":"LSOA","pop":1623,"r":7,"ff":3,"ffd":184.8,"ffs":0.4286,"g":0,"co":3,"mo":3,"sa":3,"ic":3},"geometry":{"type":"Polygon","coordinates":[[[-5.31676,50.12652],[-5.31614,50.12517],[-5.31622,50.12131],[-5.31231,50.11807],[-5.31238,50.11725],[-5.31307,50.11592],[-5.31334,50.11636],[-5.31481,50.11535],[-5.31801,50.11454],[-5.31824,50.11203],[-5.31943,50.10971],[-5.31892,50.10912],[-5.31947,50.10902],[-5.31959,50.10865],[-5.31779,50.10537],[-5.31927,50.10194],[-5.32022,50.09853],[-5.31966,50.09319],[-5.32143,50.09268],[-5.32297,50.09125],[-5.32712,50.08967],[-5.32683,50.08919],[-5.32859,50.08766],[-5.32828,50.08809],[-5.32883,50.08798],[-5.3288,50.08816],[-5.32833,50.08878],[-5.32878,50.08914],[-5.33023,50.08867],[-5.33188,50.08941],[-5.33219,50.09045],[-5.33491,50.09137],[-5.33649,50.09103],[-5.33743,50.09135],[-5.33771,50.09117],[-5.33831,50.09178],[-5.33912,50.09197],[-5.34068,50.09166],[-5.34182,50.09193],[-5.34216,50.09169],[-5.34265,50.09187],[-5.34371,50.09165],[-5.34633,50.09254],[-5.34631,50.09229],[-5.34784,50.09171],[-5.34889,50.09212],[-5.35114,50.09091],[-5.35211,50.09123],[-5.35263,50.09084],[-5.35721,50.09647],[-5.3552,50.09781],[-5.35435,50.10014],[-5.35199,50.1017],[-5.35318,50.10241],[-5.35515,50.10125],[-5.35667,50.10323],[-5.35629,50.10374],[-5.35948,50.10517],[-5.35732,50.10639],[-5.35803,50.10797],[-5.3586,50.10821],[-5.35754,50.11039],[-5.34999,50.11135],[-5.35015,50.11358],[-5.3536,50.11696],[-5.35777,50.11925],[-5.35706,50.12011],[-5.35742,50.12266],[-5.35263,50.12708],[-5.35193,50.12827],[-5.34965,50.1289],[-5.34725,50.1286],[-5.3461,50.12923],[-5.34472,50.1307],[-5.345,50.1311],[-5.34393,50.13144],[-5.34323,50.1321],[-5.34145,50.13218],[-5.33983,50.13134],[-5.3404,50.1308],[-5.34233,50.13027],[-5.34142,50.1296],[-5.34296,50.12906],[-5.34297,50.12876],[-5.34097,50.12656],[-5.33748,50.12486],[-5.3375,50.12614],[-5.33646,50.1265],[-5.33574,50.12627],[-5.33485,50.12639],[-5.33482,50.1256],[-5.3321,50.12522],[-5.32926,50.1273],[-5.32809,50.12897],[-5.3273,50.1291],[-5.32368,50.13239],[-5.32471,50.13385],[-5.3255,50.13413],[-5.32586,50.13575],[-5.32316,50.13643],[-5.32174,50.13567],[-5.3164,50.13134],[-5.3144,50.12994],[-5.31675,50.12958],[-5.31629,50.12811],[-5.31676,50.12652]]]}},{"type":"Feature","properties":{"id":"E01018862","name":"E01018862","parent":"E06000052","type":"LSOA","pop":1503,"r":3,"ff":2,"ffd":133.1,"ffs":0.6667,"g":0,"co":3,"mo":3,"sa":3,"ic":1},"geometry":{"type":"Polygon","coordinates":[[[-5.35777,50.11925],[-5.3536,50.11696],[-5.35015,50.11358],[-5.34999,50.11135],[-5.35754,50.11039],[-5.3586,50.10821],[-5.35803,50.10797],[-5.35732,50.10639],[-5.35948,50.10517],[-5.35629,50.10374],[-5.35667,50.10323],[-5.35515,50.10125],[-5.35318,50.10241],[-5.35199,50.1017],[-5.35435,50.10014],[-5.3552,50.09781],[-5.35721,50.09647],[-5.35263,50.09084],[-5.35333,50.09031],[-5.35434,50.09053],[-5.35464,50.09015],[-5.35631,50.09046],[-5.35616,50.09004],[-5.35697,50.09018],[-5.35778,50.08922],[-5.35912,50.0895],[-5.35961,50.08924],[-5.35988,50.0895],[-5.36026,50.08914],[-5.36057,50.08943],[-5.36134,50.08941],[-5.36178,50.0889],[-5.36319,50.089],[-5.36326,50.08914],[-5.36244,50.08942],[-5.3637,50.08934],[-5.36375,50.08961],[-5.36325,50.0897],[-5.36363,50.0902],[-5.36422,50.09013],[-5.36384,50.09069],[-5.36437,50.09118],[-5.36454,50.09096],[-5.36478,50.09113],[-5.36433,50.09138],[-5.36538,50.09222],[-5.36627,50.09365],[-5.36779,50.09379],[-5.36902,50.09328],[-5.36925,50.0938],[-5.36971,50.09382],[-5.37033,50.09335],[-5.37087,50.09343],[-5.37166,50.09315],[-5.37224,50.09334],[-5.37274,50.0937],[-5.3724,50.09388],[-5.37256,50.09527],[-5.37486,50.09677],[-5.37448,50.09719],[-5.37485,50.09765],[-5.38431,50.1016],[-5.39163,50.10348],[-5.39388,50.10351],[-5.39526,50.10307],[-5.39567,50.10269],[-5.39533,50.10238],[-5.39576,50.10144],[-5.39651,50.10117],[-5.3973,50.10157],[-5.39678,50.10118],[-5.39773,50.10109],[-5.39747,50.10075],[-5.39879,50.10089],[-5.39888,50.1012],[-5.39954,50.10113],[-5.40008,50.10182],[-5.40133,50.10181],[-5.40248,50.10243],[-5.40258,50.10283],[-5.40367,50.10272],[-5.40404,50.10313],[-5.40447,50.10308],[-5.40448,50.10353],[-5.40588,50.10364],[-5.40583,50.10412],[-5.40689,50.10375],[-5.40681,50.104],[-5.40773,50.10404],[-5.40886,50.10454],[-5.41308,50.10391],[-5.41556,50.10205],[-5.4158,50.10208],[-5.41804,50.10379],[-5.4187,50.10681],[-5.41996,50.10839],[-5.4202,50.10942],[-5.41949,50.10996],[-5.41733,50.11051],[-5.41645,50.11131],[-5.4164,50.11271],[-5.41496,50.11574],[-5.40994,50.11469],[-5.40394,50.11581],[-5.40259,50.11694],[-5.40208,50.11819],[-5.40106,50.11904],[-5.40158,50.11926],[-5.40088,50.12026],[-5.40004,50.12026],[-5.39996,50.1214],[-5.39787,50.12155],[-5.39753,50.12211],[-5.39826,50.12261],[-5.39703,50.12387],[-5.39554,50.12372],[-5.39363,50.12402],[-5.3912,50.12532],[-5.38769,50.12591],[-5.38631,50.12522],[-5.38564,50.12445],[-5.38467,50.1252],[-5.38533,50.12599],[-5.38253,50.12762],[-5.3821,50.12851],[-5.38023,50.12812],[-5.38051,50.12951],[-5.38217,50.12901],[-5.38253,50.12954],[-5.38075,50.13021],[-5.38162,50.13125],[-5.38011,50.13169],[-5.37886,50.13102],[-5.37859,50.13048],[-5.37676,50.13164],[-5.37521,50.13138],[-5.3747,50.13196],[-5.37325,50.12958],[-5.37185,50.12877],[-5.36749,50.12876],[-5.36741,50.12825],[-5.3662,50.12774],[-5.36427,50.12784],[-5.3648,50.12601],[-5.36354,50.12536],[-5.36299,50.12466],[-5.3645,50.12357],[-5.36448,50.12192],[-5.36387,50.12157],[-5.36038,50.12222],[-5.35777,50.11925]]]}},{"type":"Feature","properties":{"id":"E01018863","name":"E01018863","parent":"E06000052","type":"LSOA","pop":1778,"r":22,"ff":6,"ffd":337.5,"ffs":0.3529,"g":5,"co":0,"mo":2,"sa":3,"ic":1},"geometry":{"type":"Polygon","coordinates":[[[-5.31628,50.196],[-5.31569,50.19566],[-5.31469,50.1957],[-5.31369,50.19471],[-5.31169,50.1945],[-5.3098,50.19403],[-5.30878,50.19341],[-5.30803,50.19229],[-5.30677,50.19163],[-5.30329,50.19018],[-5.30278,50.19032],[-5.30107,50.18994],[-5.3009,50.18952],[-5.29738,50.18819],[-5.29493,50.18655],[-5.29099,50.18561],[-5.29025,50.18577],[-5.28923,50.18532],[-5.28615,50.18175],[-5.28605,50.18116],[-5.28517,50.18067],[-5.28355,50.18018],[-5.2797,50.18016],[-5.2783,50.17975],[-5.27609,50.17969],[-5.2753,50.17871],[-5.2671,50.18263],[-5.26295,50.18369],[-5.26129,50.18505],[-5.25814,50.18604],[-5.25517,50.18806],[-5.25518,50.18601],[-5.25418,50.18433],[-5.25407,50.18308],[-5.25579,50.17875],[-5.25546,50.17756],[-5.2541,50.17627],[-5.25418,50.17572],[-5.2535,50.17502],[-5.25401,50.17354],[-5.25495,50.17321],[-5.2563,50.17175],[-5.2559,50.1698],[-5.25696,50.16946],[-5.25777,50.16861],[-5.25762,50.16704],[-5.25794,50.16688],[-5.25714,50.16588],[-5.25672,50.1642],[-5.25738,50.16307],[-5.25805,50.16282],[-5.25818,50.16228],[-5.26383,50.16209],[-5.26645,50.15959],[-5.26712,50.15765],[-5.26664,50.15681],[-5.26766,50.15558],[-5.26498,50.15296],[-5.26448,50.15171],[-5.2655,50.15054],[-5.26594,50.14895],[-5.26847,50.14813],[-5.26966,50.14712],[-5.26978,50.14638],[-5.27183,50.14715],[-5.27369,50.14843],[-5.27621,50.14919],[-5.27804,50.14892],[-5.28282,50.14669],[-5.28574,50.14605],[-5.28892,50.14858],[-5.29082,50.14853],[-5.29493,50.147],[-5.29808,50.14514],[-5.30287,50.14374],[-5.30811,50.14173],[-5.31124,50.13962],[-5.31233,50.14187],[-5.31438,50.14302],[-5.31484,50.14312],[-5.31563,50.14248],[-5.32054,50.14266],[-5.32482,50.1436],[-5.32511,50.14399],[-5.32652,50.14428],[-5.32209,50.14605],[-5.31706,50.14607],[-5.31345,50.14808],[-5.31395,50.1503],[-5.31477,50.15125],[-5.31345,50.15441],[-5.31442,50.15637],[-5.31421,50.15662],[-5.31637,50.15649],[-5.31698,50.15698],[-5.31483,50.15719],[-5.31564,50.15955],[-5.31596,50.16251],[-5.31682,50.16302],[-5.31622,50.16713],[-5.31593,50.16769],[-5.31222,50.16911],[-5.31428,50.16919],[-5.31465,50.17116],[-5.31425,50.17506],[-5.31488,50.1758],[-5.3205,50.17664],[-5.32248,50.17659],[-5.32287,50.17728],[-5.32144,50.17788],[-5.32199,50.17844],[-5.32178,50.17902],[-5.32278,50.18013],[-5.32303,50.1811],[-5.32464,50.1816],[-5.32513,50.18234],[-5.32603,50.18497],[-5.32528,50.18642],[-5.32462,50.18865],[-5.32323,50.19022],[-5.31936,50.19188],[-5.31795,50.19332],[-5.31708,50.19366],[-5.3167,50.19432],[-5.31719,50.19588],[-5.31628,50.196]]]}},{"type":"Feature","properties":{"id":"E01018864","name":"E01018864","parent":"E06000052","type":"LSOA","pop":1813,"r":10,"ff":4,"ffd":220.6,"ffs":0.4,"g":0,"co":1,"mo":3,"sa":3,"ic":1},"geometry":{"type":"Polygon","coordinates":[[[-5.31622,50.16713],[-5.31682,50.16302],[-5.31596,50.16251],[-5.31564,50.15955],[-5.31483,50.15719],[-5.31698,50.15698],[-5.31637,50.15649],[-5.31421,50.15662],[-5.31442,50.15637],[-5.31345,50.15441],[-5.31477,50.15125],[-5.31395,50.1503],[-5.31345,50.14808],[-5.31706,50.14607],[-5.32209,50.14605],[-5.32652,50.14428],[-5.32511,50.14399],[-5.32482,50.1436],[-5.32054,50.14266],[-5.31563,50.14248],[-5.31484,50.14312],[-5.31438,50.14302],[-5.31233,50.14187],[-5.31124,50.13962],[-5.31197,50.1366],[-5.31309,50.13442],[-5.31436,50.13437],[-5.31451,50.13345],[-5.3164,50.13134],[-5.32174,50.13567],[-5.32316,50.13643],[-5.32586,50.13575],[-5.3255,50.13413],[-5.32471,50.13385],[-5.32368,50.13239],[-5.3273,50.1291],[-5.32809,50.12897],[-5.32926,50.1273],[-5.3321,50.12522],[-5.33482,50.1256],[-5.33485,50.12639],[-5.33574,50.12627],[-5.33646,50.1265],[-5.3375,50.12614],[-5.33748,50.12486],[-5.34097,50.12656],[-5.34297,50.12876],[-5.34296,50.12906],[-5.34142,50.1296],[-5.34233,50.13027],[-5.3404,50.1308],[-5.33983,50.13134],[-5.34145,50.13218],[-5.34323,50.1321],[-5.34393,50.13144],[-5.345,50.1311],[-5.34472,50.1307],[-5.3461,50.12923],[-5.34725,50.1286],[-5.34965,50.1289],[-5.35193,50.12827],[-5.35263,50.12708],[-5.35742,50.12266],[-5.35706,50.12011],[-5.35777,50.11925],[-5.36038,50.12222],[-5.36387,50.12157],[-5.36448,50.12192],[-5.3645,50.12357],[-5.36299,50.12466],[-5.36354,50.12536],[-5.3648,50.12601],[-5.36427,50.12784],[-5.3662,50.12774],[-5.36741,50.12825],[-5.36749,50.12876],[-5.37185,50.12877],[-5.37325,50.12958],[-5.3747,50.13196],[-5.37521,50.13138],[-5.37676,50.13164],[-5.37859,50.13048],[-5.37886,50.13102],[-5.38011,50.13169],[-5.38162,50.13125],[-5.38075,50.13021],[-5.38253,50.12954],[-5.38217,50.12901],[-5.38051,50.12951],[-5.38023,50.12812],[-5.3821,50.12851],[-5.38253,50.12762],[-5.38533,50.12599],[-5.38467,50.1252],[-5.38564,50.12445],[-5.38631,50.12522],[-5.38769,50.12591],[-5.3912,50.12532],[-5.39363,50.12402],[-5.39554,50.12372],[-5.39703,50.12387],[-5.39671,50.12599],[-5.39953,50.13096],[-5.40106,50.13312],[-5.40211,50.13369],[-5.40176,50.13428],[-5.39768,50.13414],[-5.39594,50.13463],[-5.39279,50.13674],[-5.39088,50.13857],[-5.38911,50.13901],[-5.38853,50.13977],[-5.38543,50.14085],[-5.38371,50.14207],[-5.38209,50.14248],[-5.38338,50.14454],[-5.38647,50.14405],[-5.3898,50.14666],[-5.3922,50.14517],[-5.39266,50.14561],[-5.3891,50.1474],[-5.38492,50.14806],[-5.38446,50.14904],[-5.37794,50.15139],[-5.37613,50.15273],[-5.37446,50.15305],[-5.37557,50.15454],[-5.38168,50.15861],[-5.37561,50.16319],[-5.37215,50.16278],[-5.36236,50.1633],[-5.36218,50.16403],[-5.36005,50.16356],[-5.35278,50.16319],[-5.33734,50.16749],[-5.33311,50.16952],[-5.32801,50.17049],[-5.33106,50.17739],[-5.33104,50.17866],[-5.32995,50.17865],[-5.32786,50.17795],[-5.32411,50.17772],[-5.32287,50.17728],[-5.32248,50.17659],[-5.3205,50.17664],[-5.31488,50.1758],[-5.31425,50.17506],[-5.31465,50.17116],[-5.31428,50.16919],[-5.31222,50.16911],[-5.31593,50.16769],[-5.31622,50.16713]]]}},{"type":"Feature","properties":{"id":"E01018865","name":"E01018865","parent":"E06000052","type":"LSOA","pop":2359,"r":36,"ff":14,"ffd":593.5,"ffs":0.4828,"g":7,"co":0,"mo":0,"sa":3,"ic":1},"geometry":{"type":"Polygon","coordinates":[[[-5.28288,50.22647],[-5.28215,50.22505],[-5.28107,50.22528],[-5.27988,50.22495],[-5.27714,50.22603],[-5.27685,50.22557],[-5.27772,50.22518],[-5.27736,50.22485],[-5.27758,50.22441],[-5.279,50.22433],[-5.27847,50.22306],[-5.28042,50.22193],[-5.27924,50.22034],[-5.27929,50.21969],[-5.28085,50.21992],[-5.28162,50.22085],[-5.28403,50.2209],[-5.28477,50.22045],[-5.28586,50.22072],[-5.28543,50.2212],[-5.28627,50.22078],[-5.28679,50.22286],[-5.28923,50.22227],[-5.28987,50.22292],[-5.29136,50.22243],[-5.29264,50.22327],[-5.29305,50.22316],[-5.29308,50.22398],[-5.29455,50.22506],[-5.2994,50.22348],[-5.30029,50.2283],[-5.29988,50.22874],[-5.29809,50.22926],[-5.29635,50.23052],[-5.29641,50.23122],[-5.2932,50.23115],[-5.28535,50.2281],[-5.28288,50.22647]]]}},{"type":"Feature","properties":{"id":"E01018866","name":"E01018866","parent":"E06000052","type":"LSOA","pop":2309,"r":35,"ff":13,"ffd":563.0,"ffs":0.4643,"g":7,"co":0,"mo":0,"sa":3,"ic":1},"geometry":{"type":"Polygon","coordinates":[[[-5.29421,50.21838],[-5.29517,50.21757],[-5.29471,50.21697],[-5.29601,50.21684],[-5.29625,50.21724],[-5.29722,50.21724],[-5.29758,50.21804],[-5.29871,50.21778],[-5.30018,50.21793],[-5.30075,50.2176],[-5.30283,50.21946],[-5.30197,50.22203],[-5.29966,50.22279],[-5.2994,50.22348],[-5.29455,50.22506],[-5.29308,50.22398],[-5.29305,50.22316],[-5.29368,50.2204],[-5.29359,50.21997],[-5.29433,50.21948],[-5.29421,50.21838]]]}},{"type":"Feature","properties":{"id":"E01018868","name":"E01018868","parent":"E06000052","type":"LSOA","pop":1996,"r":35,"ff":13,"ffd":651.3,"ffs":0.4643,"g":7,"co":0,"mo":0,"sa":3,"ic":1},"geometry":{"type":"Polygon","coordinates":[[[-5.28995,50.21842],[-5.29018,50.21733],[-5.29085,50.21712],[-5.29113,50.21737],[-5.29159,50.21702],[-5.29185,50.21722],[-5.29232,50.21676],[-5.29169,50.21648],[-5.29113,50.21655],[-5.2907,50.21616],[-5.29033,50.21434],[-5.29124,50.21399],[-5.29315,50.21472],[-5.2948,50.21276],[-5.29568,50.2123],[-5.29561,50.21257],[-5.29666,50.21324],[-5.29692,50.21284],[-5.29747,50.21303],[-5.29689,50.21436],[-5.29989,50.21398],[-5.29913,50.21532],[-5.30075,50.2176],[-5.30018,50.21793],[-5.29871,50.21778],[-5.29758,50.21804],[-5.29722,50.21724],[-5.29625,50.21724],[-5.29601,50.21684],[-5.29471,50.21697],[-5.29517,50.21757],[-5.29421,50.21838],[-5.29433,50.21948],[-5.29359,50.21997],[-5.2918,50.21932],[-5.2917,50.2186],[-5.28995,50.21842]]]}},{"type":"Feature","properties":{"id":"E01018869","name":"E01018869","parent":"E06000052","type":"LSOA","pop":1712,"r":35,"ff":13,"ffd":759.3,"ffs":0.4643,"g":7,"co":0,"mo":0,"sa":3,"ic":1},"geometry":{"type":"Polygon","coordinates":[[[-5.27338,50.21368],[-5.27266,50.21208],[-5.26941,50.20974],[-5.26799,50.20738],[-5.26782,50.20639],[-5.26641,50.20547],[-5.26561,50.20417],[-5.26627,50.20333],[-5.26904,50.20427],[-5.2704,50.20418],[-5.2706,50.20449],[-5.27166,50.20393],[-5.27591,50.20487],[-5.27773,50.20441],[-5.28004,50.20565],[-5.28096,50.20651],[-5.28119,50.20732],[-5.28324,50.20703],[-5.28366,50.20739],[-5.28565,50.20696],[-5.28516,50.20527],[-5.28717,50.20582],[-5.28875,50.20541],[-5.28895,50.20612],[-5.28767,50.20651],[-5.28845,50.20667],[-5.28897,50.2063],[-5.28924,50.20651],[-5.2885,50.20668],[-5.29046,50.20729],[-5.29036,50.2077],[-5.29117,50.20776],[-5.29406,50.20895],[-5.29207,50.2095],[-5.29062,50.21017],[-5.29077,50.2105],[-5.29225,50.20978],[-5.29289,50.21012],[-5.29053,50.21137],[-5.29116,50.21154],[-5.29163,50.21241],[-5.2887,50.21324],[-5.28788,50.21247],[-5.28846,50.21166],[-5.2894,50.21126],[-5.28925,50.21062],[-5.29038,50.20999],[-5.28912,50.2094],[-5.28746,50.20931],[-5.28726,50.20895],[-5.28629,50.20977],[-5.28552,50.20907],[-5.28504,50.20944],[-5.28451,50.20907],[-5.28322,50.20893],[-5.28281,50.20939],[-5.28307,50.21025],[-5.28185,50.21043],[-5.28176,50.21079],[-5.28106,50.21102],[-5.28135,50.21139],[-5.28003,50.21198],[-5.28139,50.21196],[-5.28217,50.21111],[-5.28441,50.21418],[-5.28251,50.21479],[-5.27968,50.21606],[-5.2777,50.21726],[-5.27416,50.21625],[-5.27343,50.21575],[-5.27338,50.21368]]]}},{"type":"Feature","properties":{"id":"E01018870","name":"E01018870","parent":"E06000052","type":"LSOA","pop":1409,"r":35,"ff":13,"ffd":922.6,"ffs":0.4643,"g":7,"co":0,"mo":0,"sa":3,"ic":1},"geometry":{"type":"Polygon","coordinates":[[[-5.28291,50.21203],[-5.28217,50.21111],[-5.28139,50.21196],[-5.28003,50.21198],[-5.28135,50.21139],[-5.28106,50.21102],[-5.28176,50.21079],[-5.28185,50.21043],[-5.28307,50.21025],[-5.28281,50.20939],[-5.28322,50.20893],[-5.28451,50.20907],[-5.28504,50.20944],[-5.28552,50.20907],[-5.28629,50.20977],[-5.28726,50.20895],[-5.28746,50.20931],[-5.28912,50.2094],[-5.29038,50.20999],[-5.28925,50.21062],[-5.2894,50.21126],[-5.28846,50.21166],[-5.28788,50.21247],[-5.2887,50.21324],[-5.28851,50.21336],[-5.28441,50.21418],[-5.28336,50.21292],[-5.28291,50.21203]]]}},{"type":"Feature","properties":{"id":"E01018871","name":"E01018871","parent":"E06000052","type":"LSOA","pop":1704,"r":35,"ff":13,"ffd":762.9,"ffs":0.4643,"g":7,"co":0,"mo":0,"sa":3,"ic":1},"geometry":{"type":"Polygon","coordinates":[[[-5.29315,50.21472],[-5.29124,50.21399],[-5.29033,50.21434],[-5.28997,50.21408],[-5.2896,50.21433],[-5.28881,50.21387],[-5.28814,50.21398],[-5.2887,50.21324],[-5.29163,50.21241],[-5.29116,50.21154],[-5.29053,50.21137],[-5.29289,50.21012],[-5.29225,50.20978],[-5.29077,50.2105],[-5.29062,50.21017],[-5.29207,50.2095],[-5.29406,50.20895],[-5.29117,50.20776],[-5.29151,50.20732],[-5.29103,50.20682],[-5.29163,50.2066],[-5.2915,50.20601],[-5.29207,50.20567],[-5.29104,50.20487],[-5.29179,50.20438],[-5.2941,50.20389],[-5.29526,50.20322],[-5.29662,50.20346],[-5.29795,50.20438],[-5.2974,50.205],[-5.29917,50.20447],[-5.30354,50.20537],[-5.30314,50.20544],[-5.303,50.20613],[-5.30421,50.20809],[-5.29686,50.21042],[-5.29695,50.21055],[-5.29321,50.21187],[-5.2948,50.21276],[-5.29315,50.21472]]]}},{"type":"Feature","properties":{"id":"E01018872","name":"E01018872","parent":"E06000052","type":"LSOA","pop":1165,"r":34,"ff":12,"ffd":1030.0,"ffs":0.4444,"g":7,"co":2,"mo":0,"sa":3,"ic":1},"geometry":{"type":"Polygon","coordinates":[[[-5.30354,50.20537],[-5.29917,50.20447],[-5.2974,50.205],[-5.29795,50.20438],[-5.29662,50.20346],[-5.29526,50.20322],[-5.29413,50.20144],[-5.29127,50.20048],[-5.29069,50.19916],[-5.28839,50.19755],[-5.2828,50.19818],[-5.28204,50.19737],[-5.28224,50.19575],[-5.28034,50.19553],[-5.27998,50.19504],[-5.27929,50.19486],[-5.27869,50.19546],[-5.27812,50.19519],[-5.27754,50.1954],[-5.27706,50.19474],[-5.27649,50.1949],[-5.27623,50.19459],[-5.27642,50.19558],[-5.27761,50.19631],[-5.27831,50.19611],[-5.27855,50.19637],[-5.27893,50.19723],[-5.27843,50.19727],[-5.27959,50.19729],[-5.27865,50.19779],[-5.2777,50.19756],[-5.2779,50.19869],[-5.27747,50.19902],[-5.27669,50.19886],[-5.27465,50.19969],[-5.27529,50.20031],[-5.27615,50.2001],[-5.27679,50.20031],[-5.27879,50.19959],[-5.27936,50.20117],[-5.2802,50.2007],[-5.28008,50.20106],[-5.28079,50.20155],[-5.28009,50.20197],[-5.28068,50.20299],[-5.27784,50.20413],[-5.27773,50.20441],[-5.27591,50.20487],[-5.27166,50.20393],[-5.2706,50.20449],[-5.2704,50.20418],[-5.26904,50.20427],[-5.26627,50.20333],[-5.26561,50.20417],[-5.26357,50.20222],[-5.26264,50.2018],[-5.26072,50.19862],[-5.26033,50.19688],[-5.25684,50.19354],[-5.256,50.19039],[-5.25508,50.18955],[-5.25562,50.1894],[-5.25517,50.18806],[-5.25814,50.18604],[-5.26129,50.18505],[-5.26295,50.18369],[-5.2671,50.18263],[-5.2753,50.17871],[-5.27609,50.17969],[-5.2783,50.17975],[-5.2797,50.18016],[-5.28355,50.18018],[-5.28517,50.18067],[-5.28605,50.18116],[-5.28615,50.18175],[-5.28923,50.18532],[-5.29025,50.18577],[-5.29099,50.18561],[-5.29493,50.18655],[-5.29738,50.18819],[-5.3009,50.18952],[-5.30107,50.18994],[-5.30278,50.19032],[-5.30329,50.19018],[-5.30677,50.19163],[-5.30858,50.19488],[-5.30778,50.19628],[-5.30502,50.19846],[-5.30418,50.2001],[-5.30475,50.20277],[-5.30399,50.20394],[-5.30387,50.20532],[-5.30354,50.20537]]]}},{"type":"Feature","properties":{"id":"E01018873","name":"E01018873","parent":"E06000052","type":"LSOA","pop":1183,"r":34,"ff":12,"ffd":1014.4,"ffs":0.4444,"g":7,"co":0,"mo":0,"sa":3,"ic":1},"geometry":{"type":"Polygon","coordinates":[[[-5.28924,50.20651],[-5.28897,50.2063],[-5.28845,50.20667],[-5.28767,50.20651],[-5.28895,50.20612],[-5.28875,50.20541],[-5.28717,50.20582],[-5.28516,50.20527],[-5.28565,50.20696],[-5.28366,50.20739],[-5.28324,50.20703],[-5.28119,50.20732],[-5.28096,50.20651],[-5.28004,50.20565],[-5.27773,50.20441],[-5.27784,50.20413],[-5.28068,50.20299],[-5.28009,50.20197],[-5.28079,50.20155],[-5.28008,50.20106],[-5.2802,50.2007],[-5.27936,50.20117],[-5.27879,50.19959],[-5.27679,50.20031],[-5.27615,50.2001],[-5.27529,50.20031],[-5.27465,50.19969],[-5.27669,50.19886],[-5.27747,50.19902],[-5.2779,50.19869],[-5.2777,50.19756],[-5.27865,50.19779],[-5.27959,50.19729],[-5.27843,50.19727],[-5.27893,50.19723],[-5.27855,50.19637],[-5.27831,50.19611],[-5.27761,50.19631],[-5.27642,50.19558],[-5.27623,50.19459],[-5.27649,50.1949],[-5.27706,50.19474],[-5.27754,50.1954],[-5.27812,50.19519],[-5.27869,50.19546],[-5.27929,50.19486],[-5.27998,50.19504],[-5.28034,50.19553],[-5.28224,50.19575],[-5.28204,50.19737],[-5.2828,50.19818],[-5.28839,50.19755],[-5.29069,50.19916],[-5.29127,50.20048],[-5.29413,50.20144],[-5.29526,50.20322],[-5.2941,50.20389],[-5.29179,50.20438],[-5.29104,50.20487],[-5.29207,50.20567],[-5.2915,50.20601],[-5.29163,50.2066],[-5.29103,50.20682],[-5.29151,50.20732],[-5.29117,50.20776],[-5.29036,50.2077],[-5.29046,50.20729],[-5.2885,50.20668],[-5.28924,50.20651]]]}},{"type":"Feature","properties":{"id":"E01018874","name":"E01018874","parent":"E06000052","type":"LSOA","pop":1341,"r":35,"ff":13,"ffd":969.4,"ffs":0.4643,"g":7,"co":0,"mo":0,"sa":3,"ic":1},"geometry":{"type":"Polygon","coordinates":[[[-5.29943,50.22424],[-5.2994,50.22348],[-5.29966,50.22279],[-5.30197,50.22203],[-5.30283,50.21946],[-5.30326,50.21896],[-5.30218,50.21828],[-5.30288,50.21821],[-5.30283,50.2174],[-5.30377,50.2171],[-5.30343,50.2165],[-5.30394,50.21603],[-5.30432,50.21621],[-5.3055,50.21564],[-5.30639,50.21615],[-5.30701,50.21598],[-5.30782,50.2163],[-5.30844,50.21571],[-5.31005,50.21621],[-5.31536,50.21643],[-5.31528,50.21666],[-5.31436,50.21723],[-5.31226,50.21708],[-5.31211,50.21892],[-5.31072,50.21952],[-5.3106,50.21997],[-5.30753,50.22097],[-5.30781,50.22119],[-5.30985,50.22134],[-5.31263,50.22283],[-5.30909,50.22407],[-5.30693,50.22366],[-5.30543,50.22374],[-5.30364,50.22424],[-5.29943,50.22424]]]}},{"type":"Feature","properties":{"id":"E01018875","name":"E01018875","parent":"E06000052","type":"LSOA","pop":1378,"r":35,"ff":13,"ffd":943.4,"ffs":0.4643,"g":7,"co":0,"mo":0,"sa":3,"ic":1},"geometry":{"type":"Polygon","coordinates":[[[-5.30283,50.21634],[-5.30293,50.21579],[-5.3022,50.21566],[-5.30169,50.21606],[-5.30128,50.21596],[-5.30265,50.21371],[-5.30169,50.21365],[-5.30074,50.21299],[-5.30184,50.21249],[-5.30185,50.21218],[-5.30307,50.21146],[-5.30431,50.21168],[-5.30468,50.21321],[-5.30585,50.21326],[-5.30576,50.21248],[-5.30785,50.21239],[-5.3086,50.21271],[-5.30862,50.21301],[-5.30992,50.21257],[-5.31082,50.21324],[-5.31149,50.21292],[-5.31264,50.21357],[-5.30992,50.21573],[-5.31005,50.21621],[-5.30844,50.21571],[-5.30782,50.2163],[-5.30701,50.21598],[-5.30639,50.21615],[-5.3055,50.21564],[-5.30432,50.21621],[-5.30394,50.21603],[-5.30343,50.2165],[-5.30283,50.21634]]]}},{"type":"Feature","properties":{"id":"E01018876","name":"E01018876","parent":"E06000052","type":"LSOA","pop":1543,"r":35,"ff":13,"ffd":842.5,"ffs":0.4643,"g":7,"co":0,"mo":0,"sa":3,"ic":1},"geometry":{"type":"Polygon","coordinates":[[[-5.29641,50.23122],[-5.29635,50.23052],[-5.29809,50.22926],[-5.29988,50.22874],[-5.30029,50.2283],[-5.29943,50.22424],[-5.30364,50.22424],[-5.30543,50.22374],[-5.30693,50.22366],[-5.30909,50.22407],[-5.31263,50.22283],[-5.30985,50.22134],[-5.30781,50.22119],[-5.30753,50.22097],[-5.3106,50.21997],[-5.31072,50.21952],[-5.31211,50.21892],[-5.31226,50.21708],[-5.31436,50.21723],[-5.31528,50.21666],[-5.31536,50.21643],[-5.31005,50.21621],[-5.30992,50.21573],[-5.31264,50.21357],[-5.31149,50.21292],[-5.31216,50.2122],[-5.31122,50.21136],[-5.31456,50.21121],[-5.31345,50.2102],[-5.31395,50.20942],[-5.31311,50.20951],[-5.31022,50.2083],[-5.30885,50.20841],[-5.30874,50.20796],[-5.30961,50.20682],[-5.31201,50.20632],[-5.3107,50.20587],[-5.31026,50.20443],[-5.31166,50.20449],[-5.31524,50.20561],[-5.31896,50.20529],[-5.3184,50.20451],[-5.31844,50.20332],[-5.31972,50.20316],[-5.32221,50.20515],[-5.32213,50.20677],[-5.32377,50.20751],[-5.32421,50.20862],[-5.32609,50.20988],[-5.33127,50.20979],[-5.3335,50.2086],[-5.33682,50.2079],[-5.33846,50.20813],[-5.34123,50.20908],[-5.34149,50.20887],[-5.34783,50.21088],[-5.35167,50.21441],[-5.3516,50.21522],[-5.35221,50.21633],[-5.35338,50.21718],[-5.35469,50.2166],[-5.3556,50.21746],[-5.35725,50.22133],[-5.36069,50.22444],[-5.36367,50.22487],[-5.36722,50.22465],[-5.37227,50.22642],[-5.37516,50.22826],[-5.37762,50.22898],[-5.38073,50.22913],[-5.38344,50.22854],[-5.38516,50.22876],[-5.38593,50.22994],[-5.38342,50.232],[-5.38217,50.23444],[-5.38125,50.23414],[-5.3794,50.23467],[-5.37664,50.23592],[-5.37401,50.23661],[-5.3732,50.23707],[-5.37231,50.2368],[-5.37009,50.23714],[-5.37005,50.23679],[-5.36838,50.23617],[-5.36742,50.23702],[-5.36648,50.23693],[-5.36647,50.23804],[-5.36501,50.2378],[-5.36471,50.23815],[-5.36383,50.23789],[-5.36351,50.23737],[-5.36291,50.23771],[-5.36224,50.23724],[-5.3618,50.23739],[-5.36198,50.23792],[-5.36157,50.23839],[-5.36006,50.23885],[-5.3586,50.23872],[-5.3579,50.23989],[-5.35575,50.24045],[-5.35604,50.24013],[-5.35285,50.24046],[-5.35239,50.24019],[-5.3515,50.24027],[-5.35118,50.23957],[-5.35034,50.23939],[-5.35029,50.23882],[-5.34788,50.23911],[-5.34728,50.2385],[-5.34683,50.2388],[-5.34645,50.23861],[-5.34636,50.23815],[-5.3459,50.23842],[-5.34569,50.23802],[-5.34274,50.238],[-5.34188,50.23814],[-5.34174,50.23875],[-5.34085,50.2385],[-5.33955,50.23934],[-5.33813,50.23934],[-5.33661,50.23998],[-5.33633,50.23974],[-5.33535,50.23993],[-5.33485,50.2403],[-5.33527,50.24092],[-5.33476,50.24083],[-5.33365,50.24167],[-5.33212,50.24166],[-5.33062,50.2421],[-5.32828,50.23815],[-5.3245,50.23412],[-5.32544,50.23297],[-5.32133,50.23216],[-5.31642,50.22947],[-5.31133,50.22866],[-5.30595,50.22848],[-5.29832,50.2302],[-5.29641,50.23122]]]}},{"type":"Feature","properties":{"id":"E01018877","name":"E01018877","parent":"E06000052","type":"LSOA","pop":1671,"r":35,"ff":13,"ffd":778.0,"ffs":0.4643,"g":7,"co":0,"mo":0,"sa":3,"ic":1},"geometry":{"type":"Polygon","coordinates":[[[-5.31082,50.21324],[-5.30992,50.21257],[-5.30862,50.21301],[-5.3086,50.21271],[-5.30785,50.21239],[-5.30576,50.21248],[-5.30585,50.21326],[-5.30468,50.21321],[-5.30431,50.21168],[-5.30307,50.21146],[-5.30185,50.21218],[-5.30067,50.21199],[-5.30055,50.20996],[-5.29996,50.21028],[-5.29969,50.21117],[-5.29773,50.21136],[-5.29686,50.21042],[-5.30421,50.20809],[-5.303,50.20613],[-5.30314,50.20544],[-5.30387,50.20532],[-5.30399,50.20394],[-5.30475,50.20277],[-5.30418,50.2001],[-5.30502,50.19846],[-5.30778,50.19628],[-5.30858,50.19488],[-5.30677,50.19163],[-5.30803,50.19229],[-5.30878,50.19341],[-5.3098,50.19403],[-5.31169,50.1945],[-5.31369,50.19471],[-5.31469,50.1957],[-5.31569,50.19566],[-5.31628,50.196],[-5.31719,50.19588],[-5.31812,50.1963],[-5.31853,50.19704],[-5.31932,50.19763],[-5.31914,50.19807],[-5.32064,50.2005],[-5.32072,50.20184],[-5.32221,50.20417],[-5.32221,50.20515],[-5.31972,50.20316],[-5.31844,50.20332],[-5.3184,50.20451],[-5.31896,50.20529],[-5.31524,50.20561],[-5.31166,50.20449],[-5.31026,50.20443],[-5.3107,50.20587],[-5.31201,50.20632],[-5.30961,50.20682],[-5.30874,50.20796],[-5.30885,50.20841],[-5.31022,50.2083],[-5.31311,50.20951],[-5.31395,50.20942],[-5.31345,50.2102],[-5.31456,50.21121],[-5.31122,50.21136],[-5.31216,50.2122],[-5.31149,50.21292],[-5.31082,50.21324]]]}},{"type":"Feature","properties":{"id":"E01018878","name":"E01018878","parent":"E06000052","type":"LSOA","pop":1750,"r":35,"ff":13,"ffd":742.9,"ffs":0.4643,"g":7,"co":0,"mo":0,"sa":3,"ic":1},"geometry":{"type":"Polygon","coordinates":[[[-5.30001,50.2164],[-5.29913,50.21532],[-5.29989,50.21398],[-5.29689,50.21436],[-5.29747,50.21303],[-5.29692,50.21284],[-5.29666,50.21324],[-5.29561,50.21257],[-5.29568,50.2123],[-5.2948,50.21276],[-5.29321,50.21187],[-5.29695,50.21055],[-5.29773,50.21136],[-5.29969,50.21117],[-5.29996,50.21028],[-5.30055,50.20996],[-5.30067,50.21199],[-5.30185,50.21218],[-5.30184,50.21249],[-5.30074,50.21299],[-5.30169,50.21365],[-5.30265,50.21371],[-5.30128,50.21596],[-5.30169,50.21606],[-5.3022,50.21566],[-5.30293,50.21579],[-5.30283,50.21634],[-5.30343,50.2165],[-5.30377,50.2171],[-5.30283,50.2174],[-5.30288,50.21821],[-5.30218,50.21828],[-5.30326,50.21896],[-5.30283,50.21946],[-5.30075,50.2176],[-5.30001,50.2164]]]}},{"type":"Feature","properties":{"id":"E01018879","name":"E01018879","parent":"E06000052","type":"LSOA","pop":1899,"r":3,"ff":1,"ffd":52.7,"ffs":0.3333,"g":0,"co":3,"mo":3,"sa":3,"ic":1},"geometry":{"type":"Polygon","coordinates":[[[-5.11978,50.1376],[-5.11684,50.13452],[-5.11539,50.13463],[-5.11452,50.13347],[-5.11558,50.13192],[-5.11552,50.13139],[-5.11361,50.13054],[-5.11148,50.13084],[-5.11009,50.1307],[-5.10484,50.12712],[-5.10267,50.12623],[-5.09962,50.12334],[-5.09836,50.12336],[-5.09434,50.12447],[-5.09417,50.12419],[-5.09133,50.12456],[-5.0906,50.12458],[-5.09051,50.1242],[-5.08981,50.12436],[-5.08946,50.124],[-5.08973,50.12375],[-5.08925,50.12372],[-5.09024,50.12328],[-5.09051,50.12253],[-5.09033,50.12207],[-5.08963,50.1218],[-5.0899,50.1216],[-5.08931,50.12142],[-5.08984,50.12069],[-5.08936,50.12077],[-5.08894,50.12039],[-5.09028,50.11952],[-5.0909,50.11949],[-5.09077,50.11922],[-5.09136,50.1189],[-5.09102,50.11817],[-5.09018,50.11818],[-5.09048,50.11798],[-5.0897,50.11785],[-5.09091,50.11786],[-5.0899,50.11752],[-5.09113,50.11693],[-5.09126,50.1144],[-5.0906,50.1139],[-5.0902,50.11403],[-5.09038,50.11373],[-5.08888,50.11354],[-5.08884,50.11272],[-5.0876,50.1127],[-5.08777,50.11246],[-5.08722,50.11234],[-5.08697,50.11181],[-5.08664,50.11197],[-5.08681,50.11162],[-5.08637,50.11128],[-5.08543,50.11129],[-5.08471,50.11179],[-5.08449,50.11143],[-5.08267,50.11097],[-5.08268,50.11062],[-5.08176,50.11067],[-5.08147,50.10998],[-5.08177,50.10939],[-5.08354,50.10911],[-5.08496,50.1095],[-5.08546,50.1093],[-5.09145,50.10295],[-5.09363,50.10298],[-5.0961,50.10214],[-5.09844,50.10015],[-5.09945,50.09975],[-5.10215,50.09978],[-5.10274,50.10051],[-5.10332,50.10057],[-5.10309,50.10098],[-5.10405,50.10134],[-5.10475,50.10242],[-5.1063,50.10231],[-5.10764,50.10304],[-5.11129,50.10402],[-5.11395,50.10302],[-5.11522,50.10386],[-5.11579,50.10377],[-5.11824,50.10245],[-5.12023,50.10217],[-5.12067,50.10151],[-5.12156,50.1011],[-5.12164,50.10014],[-5.12413,50.09909],[-5.12759,50.09983],[-5.1282,50.10028],[-5.13023,50.09963],[-5.13324,50.09995],[-5.13521,50.10074],[-5.13642,50.10041],[-5.13726,50.1007],[-5.13802,50.10033],[-5.13928,50.10043],[-5.14026,50.10022],[-5.13903,50.10102],[-5.13787,50.10345],[-5.13831,50.10382],[-5.13966,50.10362],[-5.14014,50.10414],[-5.13949,50.10591],[-5.13487,50.10851],[-5.13338,50.10854],[-5.13188,50.10898],[-5.13034,50.11019],[-5.13426,50.10945],[-5.13741,50.11112],[-5.13791,50.11172],[-5.13775,50.11073],[-5.13625,50.10973],[-5.13993,50.10746],[-5.1409,50.10625],[-5.14191,50.10626],[-5.14204,50.10673],[-5.14302,50.10682],[-5.14291,50.10728],[-5.14406,50.10837],[-5.14516,50.1077],[-5.14658,50.10759],[-5.14694,50.10629],[-5.14574,50.10438],[-5.14616,50.10334],[-5.15015,50.10545],[-5.15548,50.10761],[-5.15414,50.10971],[-5.15366,50.11188],[-5.14599,50.11431],[-5.14788,50.11716],[-5.15105,50.1184],[-5.15353,50.1189],[-5.15575,50.11657],[-5.15746,50.11589],[-5.15782,50.11628],[-5.15915,50.1145],[-5.16035,50.11536],[-5.16104,50.11678],[-5.16382,50.11619],[-5.16603,50.11816],[-5.1654,50.11919],[-5.16663,50.11926],[-5.16534,50.1213],[-5.16271,50.12229],[-5.16044,50.12358],[-5.15812,50.12346],[-5.15457,50.12692],[-5.15495,50.1285],[-5.15359,50.12938],[-5.1516,50.13317],[-5.15057,50.1341],[-5.14918,50.13441],[-5.14548,50.13386],[-5.14491,50.13399],[-5.14146,50.1359],[-5.13987,50.13578],[-5.13737,50.13628],[-5.13449,50.1343],[-5.12871,50.13364],[-5.12424,50.13665],[-5.12187,50.13676],[-5.11978,50.1376]]]}},{"type":"Feature","properties":{"id":"E01018880","name":"E01018880","parent":"E06000052","type":"LSOA","pop":2419,"r":1,"ff":0,"ffd":0.0,"ffs":0.0,"g":0,"co":3,"mo":3,"sa":3,"ic":1},"geometry":{"type":"Polygon","coordinates":[[[-5.17111,50.15282],[-5.16771,50.15009],[-5.16417,50.14398],[-5.16277,50.14337],[-5.15957,50.14046],[-5.16027,50.1394],[-5.15958,50.1366],[-5.15834,50.13528],[-5.15652,50.13446],[-5.15335,50.13398],[-5.15302,50.13183],[-5.15263,50.13257],[-5.1516,50.13317],[-5.15359,50.12938],[-5.15495,50.1285],[-5.15457,50.12692],[-5.15812,50.12346],[-5.16044,50.12358],[-5.16271,50.12229],[-5.16534,50.1213],[-5.16663,50.11926],[-5.1654,50.11919],[-5.16603,50.11816],[-5.16382,50.11619],[-5.16104,50.11678],[-5.16035,50.11536],[-5.15915,50.1145],[-5.15782,50.11628],[-5.15746,50.11589],[-5.15575,50.11657],[-5.15353,50.1189],[-5.15105,50.1184],[-5.14788,50.11716],[-5.14599,50.11431],[-5.15366,50.11188],[-5.15414,50.10971],[-5.15548,50.10761],[-5.15015,50.10545],[-5.14616,50.10334],[-5.14574,50.10438],[-5.14694,50.10629],[-5.14658,50.10759],[-5.14516,50.1077],[-5.14406,50.10837],[-5.14291,50.10728],[-5.14302,50.10682],[-5.14204,50.10673],[-5.14191,50.10626],[-5.14293,50.10628],[-5.14339,50.10697],[-5.14468,50.10717],[-5.14314,50.10576],[-5.14152,50.10537],[-5.14162,50.1042],[-5.14115,50.10328],[-5.1419,50.10294],[-5.14093,50.1028],[-5.14075,50.10251],[-5.14363,50.09888],[-5.14559,50.09795],[-5.14736,50.09781],[-5.14989,50.09897],[-5.15172,50.09908],[-5.15384,50.09833],[-5.15425,50.09778],[-5.15596,50.09692],[-5.15826,50.09655],[-5.16317,50.09673],[-5.16457,50.09774],[-5.16456,50.10007],[-5.16334,50.10087],[-5.16323,50.10191],[-5.16133,50.10366],[-5.16142,50.10495],[-5.15938,50.10798],[-5.15973,50.10944],[-5.16256,50.11217],[-5.16331,50.11256],[-5.16385,50.11259],[-5.16373,50.11225],[-5.1649,50.1126],[-5.16529,50.11221],[-5.16487,50.11246],[-5.16394,50.11211],[-5.16156,50.10952],[-5.16134,50.10856],[-5.16181,50.10793],[-5.16148,50.10751],[-5.16232,50.10679],[-5.16277,50.10573],[-5.1629,50.10393],[-5.16438,50.10305],[-5.16465,50.10251],[-5.16535,50.10232],[-5.16659,50.10271],[-5.16926,50.10555],[-5.17036,50.10591],[-5.16789,50.10236],[-5.16499,50.10147],[-5.16655,50.1002],[-5.16913,50.09978],[-5.16653,50.09927],[-5.16641,50.09739],[-5.16727,50.0967],[-5.16625,50.09645],[-5.16429,50.09516],[-5.159,50.09473],[-5.15846,50.09428],[-5.15917,50.09378],[-5.16189,50.09386],[-5.16389,50.09348],[-5.16593,50.09346],[-5.17189,50.09165],[-5.17285,50.09101],[-5.1737,50.09097],[-5.17465,50.09206],[-5.17433,50.09049],[-5.17468,50.09031],[-5.17598,50.09083],[-5.17858,50.09086],[-5.18139,50.08992],[-5.18416,50.08957],[-5.18467,50.08968],[-5.18491,50.09083],[-5.18558,50.08985],[-5.18708,50.08947],[-5.19045,50.0899],[-5.19229,50.09056],[-5.19588,50.08978],[-5.19733,50.08995],[-5.19949,50.09179],[-5.19908,50.0939],[-5.20086,50.09169],[-5.20351,50.09146],[-5.20671,50.0954],[-5.20841,50.09646],[-5.20669,50.09425],[-5.2071,50.09456],[-5.20744,50.09434],[-5.2068,50.09405],[-5.20746,50.09399],[-5.20848,50.09457],[-5.21115,50.0939],[-5.20648,50.09312],[-5.2042,50.09111],[-5.20289,50.09077],[-5.204,50.09009],[-5.20704,50.0901],[-5.2084,50.08873],[-5.20997,50.08771],[-5.21049,50.08671],[-5.21188,50.08621],[-5.21188,50.08552],[-5.21618,50.08531],[-5.2173,50.08549],[-5.21984,50.08474],[-5.22105,50.08506],[-5.22455,50.08486],[-5.22633,50.08527],[-5.22751,50.08457],[-5.233,50.08433],[-5.23728,50.08366],[-5.23939,50.08901],[-5.23902,50.08996],[-5.23678,50.09163],[-5.23646,50.09255],[-5.23972,50.09571],[-5.24127,50.09566],[-5.2424,50.09762],[-5.24202,50.09887],[-5.24229,50.09941],[-5.24336,50.10019],[-5.24612,50.10351],[-5.24375,50.10654],[-5.24417,50.10809],[-5.24385,50.10908],[-5.24425,50.10944],[-5.23995,50.11147],[-5.23869,50.11182],[-5.23594,50.11355],[-5.23414,50.11536],[-5.23433,50.11784],[-5.23384,50.11897],[-5.23528,50.12032],[-5.23238,50.11947],[-5.23038,50.11989],[-5.22926,50.11958],[-5.22727,50.12007],[-5.22642,50.1196],[-5.22329,50.11893],[-5.22255,50.12025],[-5.21612,50.12024],[-5.21481,50.11959],[-5.21354,50.11976],[-5.2127,50.12041],[-5.21243,50.12231],[-5.21154,50.12358],[-5.21135,50.12808],[-5.20852,50.12994],[-5.20821,50.13059],[-5.2086,50.13239],[-5.20935,50.13357],[-5.20999,50.1339],[-5.21166,50.13396],[-5.21312,50.13525],[-5.21375,50.13772],[-5.21228,50.13933],[-5.21172,50.14079],[-5.20915,50.1425],[-5.2084,50.14549],[-5.20308,50.14705],[-5.20161,50.14806],[-5.19731,50.14989],[-5.19638,50.14999],[-5.19465,50.14966],[-5.19247,50.15066],[-5.19144,50.15006],[-5.19065,50.14884],[-5.18881,50.14763],[-5.18543,50.14906],[-5.18536,50.15004],[-5.18352,50.15003],[-5.18287,50.15119],[-5.18324,50.15292],[-5.1784,50.15496],[-5.18029,50.1596],[-5.18079,50.16176],[-5.18049,50.16261],[-5.17899,50.16211],[-5.17777,50.1612],[-5.1731,50.15544],[-5.17146,50.15455],[-5.17111,50.15282]]]}},{"type":"Feature","properties":{"id":"E01018881","name":"E01018881","parent":"E06000052","type":"LSOA","pop":2075,"r":1,"ff":0,"ffd":0.0,"ffs":0.0,"g":0,"co":1,"mo":3,"sa":3,"ic":3},"geometry":{"type":"MultiPolygon","coordinates":[[[[-5.22642,49.97242],[-5.22586,49.97144],[-5.22649,49.97189],[-5.22642,49.97242]]],[[[-5.15824,50.00696],[-5.1594,50.00608],[-5.16066,50.00593],[-5.16135,50.00629],[-5.16263,50.00604],[-5.16326,50.00571],[-5.16359,50.00498],[-5.16453,50.00489],[-5.1667,50.00371],[-5.16672,50.00321],[-5.16744,50.00276],[-5.16723,50.00224],[-5.16791,50.00215],[-5.16863,50.00119],[-5.16833,50.00114],[-5.16906,50.00072],[-5.16953,49.99929],[-5.16912,49.9992],[-5.16981,49.99898],[-5.16968,49.99865],[-5.17067,49.99875],[-5.17135,49.99851],[-5.17123,49.99801],[-5.17196,49.99727],[-5.172,49.99538],[-5.17127,49.99457],[-5.17155,49.99372],[-5.17107,49.99346],[-5.17128,49.9931],[-5.17076,49.9925],[-5.1711,49.99195],[-5.1702,49.99175],[-5.17097,49.99157],[-5.17036,49.99136],[-5.17033,49.991],[-5.17089,49.99085],[-5.17105,49.99097],[-5.17102,49.99081],[-5.1713,49.99074],[-5.17207,49.99111],[-5.17257,49.99085],[-5.17283,49.98907],[-5.17347,49.98902],[-5.17353,49.98857],[-5.17397,49.98871],[-5.17403,49.98844],[-5.17465,49.98862],[-5.17469,49.98785],[-5.17576,49.98825],[-5.17565,49.98804],[-5.17772,49.98675],[-5.17897,49.98743],[-5.17948,49.98733],[-5.17898,49.98675],[-5.17929,49.98659],[-5.17973,49.98694],[-5.18013,49.98619],[-5.17906,49.98531],[-5.17938,49.98504],[-5.17936,49.98465],[-5.18003,49.98458],[-5.18002,49.98252],[-5.18038,49.98248],[-5.18066,49.98144],[-5.18112,49.98134],[-5.18129,49.98175],[-5.18215,49.98056],[-5.1833,49.98048],[-5.18407,49.98081],[-5.18468,49.98065],[-5.18478,49.98034],[-5.18548,49.98034],[-5.18478,49.97995],[-5.18531,49.98007],[-5.1852,49.97963],[-5.18618,49.97936],[-5.18559,49.97902],[-5.18611,49.97895],[-5.18561,49.9784],[-5.18493,49.97819],[-5.18545,49.97818],[-5.18558,49.97794],[-5.18519,49.97787],[-5.186,49.97753],[-5.18565,49.9761],[-5.18617,49.97596],[-5.18622,49.97532],[-5.18668,49.97521],[-5.18635,49.97512],[-5.18737,49.97471],[-5.18713,49.97444],[-5.18858,49.97412],[-5.18881,49.97354],[-5.18826,49.97335],[-5.18832,49.97208],[-5.18744,49.97165],[-5.18739,49.97142],[-5.18838,49.97139],[-5.18737,49.9708],[-5.18758,49.97032],[-5.18689,49.9698],[-5.1871,49.96935],[-5.18508,49.96941],[-5.18458,49.96877],[-5.18536,49.96887],[-5.18514,49.968],[-5.18445,49.96762],[-5.18385,49.96778],[-5.18326,49.96712],[-5.18383,49.96725],[-5.18415,49.9671],[-5.18403,49.96701],[-5.1842,49.96681],[-5.18466,49.96668],[-5.18408,49.96651],[-5.18444,49.966],[-5.18547,49.96604],[-5.18607,49.96576],[-5.18603,49.96544],[-5.18619,49.96529],[-5.18666,49.96514],[-5.18516,49.96387],[-5.18548,49.96362],[-5.18536,49.96353],[-5.18561,49.96309],[-5.18714,49.96288],[-5.18702,49.96277],[-5.18864,49.9624],[-5.18997,49.96319],[-5.18954,49.96209],[-5.19022,49.96168],[-5.19082,49.9617],[-5.19109,49.96196],[-5.19138,49.96176],[-5.19119,49.96207],[-5.19188,49.96216],[-5.19189,49.9625],[-5.19297,49.96263],[-5.19268,49.96295],[-5.19359,49.96297],[-5.19431,49.96352],[-5.19478,49.96339],[-5.19693,49.96395],[-5.19762,49.96362],[-5.19686,49.96274],[-5.19753,49.96298],[-5.19823,49.96279],[-5.19816,49.96231],[-5.1985,49.96264],[-5.19885,49.9622],[-5.19955,49.96239],[-5.19921,49.96183],[-5.19995,49.96146],[-5.1993,49.96098],[-5.20026,49.96092],[-5.19952,49.96066],[-5.19984,49.96022],[-5.19891,49.95965],[-5.1997,49.95936],[-5.19932,49.95911],[-5.1997,49.95895],[-5.20008,49.95936],[-5.20082,49.95938],[-5.20222,49.95913],[-5.20247,49.95879],[-5.20263,49.95909],[-5.20457,49.95916],[-5.20571,49.95956],[-5.20606,49.95934],[-5.20555,49.95885],[-5.20661,49.9587],[-5.20697,49.9593],[-5.20771,49.9591],[-5.20707,49.95937],[-5.20763,49.95955],[-5.20755,49.95979],[-5.20882,49.95944],[-5.20893,49.95971],[-5.20945,49.95959],[-5.20941,49.95988],[-5.21023,49.9598],[-5.2101,49.96001],[-5.21279,49.95923],[-5.21591,49.95953],[-5.2162,49.95986],[-5.21556,49.96024],[-5.21598,49.9611],[-5.21587,49.96123],[-5.21624,49.96163],[-5.2159,49.96178],[-5.21619,49.96179],[-5.21597,49.96203],[-5.21641,49.96247],[-5.21607,49.96325],[-5.21654,49.96319],[-5.21691,49.9636],[-5.21625,49.96381],[-5.21651,49.96403],[-5.2159,49.96431],[-5.21592,49.96467],[-5.21517,49.96494],[-5.21655,49.96518],[-5.2162,49.96637],[-5.21668,49.96661],[-5.21595,49.9668],[-5.21645,49.96741],[-5.21592,49.9679],[-5.21763,49.96801],[-5.21718,49.96913],[-5.21798,49.96932],[-5.21788,49.96972],[-5.21883,49.97092],[-5.22064,49.97193],[-5.22393,49.97245],[-5.22584,49.97242],[-5.22609,49.97309],[-5.22723,49.97333],[-5.22742,49.97407],[-5.228,49.97406],[-5.22803,49.97356],[-5.22831,49.97374],[-5.22886,49.97371],[-5.23024,49.97535],[-5.23077,49.97513],[-5.23061,49.97474],[-5.23112,49.97498],[-5.23149,49.97551],[-5.23126,49.97657],[-5.23036,49.97742],[-5.22804,49.97812],[-5.22768,49.97885],[-5.22608,49.97999],[-5.22577,49.98152],[-5.22471,49.98229],[-5.22314,49.98215],[-5.222,49.98368],[-5.21904,49.98461],[-5.21932,49.98619],[-5.22008,49.98732],[-5.22151,49.98853],[-5.22346,49.98935],[-5.22339,49.9898],[-5.22386,49.99015],[-5.2254,49.99064],[-5.22616,49.99141],[-5.22609,49.99666],[-5.22403,49.99985],[-5.22495,50.00322],[-5.21716,50.00356],[-5.22086,50.01058],[-5.21911,50.01279],[-5.21641,50.01358],[-5.21511,50.01769],[-5.21553,50.01876],[-5.21491,50.02215],[-5.21383,50.02419],[-5.21112,50.02665],[-5.20467,50.03062],[-5.20524,50.03081],[-5.19595,50.03591],[-5.1885,50.04109],[-5.17858,50.04643],[-5.17725,50.04804],[-5.17596,50.04734],[-5.17272,50.04105],[-5.16713,50.03531],[-5.17105,50.03115],[-5.16933,50.02873],[-5.16891,50.02683],[-5.15923,50.02326],[-5.15685,50.01852],[-5.15654,50.01613],[-5.15588,50.01546],[-5.15615,50.01395],[-5.15657,50.01291],[-5.15809,50.012],[-5.15856,50.01105],[-5.15761,50.00964],[-5.15765,50.00866],[-5.15673,50.00752],[-5.15824,50.00696]]]]}},{"type":"Feature","properties":{"id":"E01018882","name":"E01018882","parent":"E06000052","type":"LSOA","pop":1495,"r":7,"ff":3,"ffd":200.7,"ffs":0.4286,"g":0,"co":1,"mo":3,"sa":3,"ic":3},"geometry":{"type":"Polygon","coordinates":[[[-5.27542,50.11403],[-5.27548,50.11301],[-5.27491,50.11255],[-5.27529,50.11236],[-5.27471,50.11172],[-5.27508,50.11152],[-5.27502,50.11046],[-5.27442,50.1098],[-5.27521,50.10965],[-5.27531,50.10911],[-5.27586,50.10911],[-5.27534,50.109],[-5.27549,50.10866],[-5.27484,50.10845],[-5.27465,50.108],[-5.27593,50.10709],[-5.27543,50.10616],[-5.27482,50.10629],[-5.27447,50.10576],[-5.2751,50.1054],[-5.27432,50.10514],[-5.27473,50.10446],[-5.27441,50.10408],[-5.27518,50.10377],[-5.27599,50.10411],[-5.27662,50.10389],[-5.27689,50.10341],[-5.27637,50.10281],[-5.2757,50.10265],[-5.27749,50.10209],[-5.27733,50.10171],[-5.27798,50.10118],[-5.2804,50.10224],[-5.27987,50.10174],[-5.28084,50.10119],[-5.2831,50.10358],[-5.28553,50.10429],[-5.28898,50.10448],[-5.29294,50.10625],[-5.29017,50.10795],[-5.28678,50.10938],[-5.28586,50.11091],[-5.28227,50.11044],[-5.2825,50.11093],[-5.28044,50.1114],[-5.28085,50.11254],[-5.27877,50.1137],[-5.27823,50.11343],[-5.27668,50.11425],[-5.27542,50.11403]]]}},{"type":"Feature","properties":{"id":"E01018883","name":"E01018883","parent":"E06000052","type":"LSOA","pop":1815,"r":7,"ff":3,"ffd":165.3,"ffs":0.4286,"g":0,"co":1,"mo":3,"sa":3,"ic":3},"geometry":{"type":"Polygon","coordinates":[[[-5.26959,50.11978],[-5.2689,50.11976],[-5.26857,50.12004],[-5.26666,50.11982],[-5.26494,50.11858],[-5.26341,50.11951],[-5.26285,50.11953],[-5.26052,50.119],[-5.25884,50.11811],[-5.25564,50.11808],[-5.25426,50.11772],[-5.25349,50.11872],[-5.25234,50.11943],[-5.25229,50.11857],[-5.25121,50.11849],[-5.24773,50.11947],[-5.24652,50.11722],[-5.2466,50.1164],[-5.24398,50.11702],[-5.24424,50.11629],[-5.24277,50.11437],[-5.24268,50.11363],[-5.24169,50.11273],[-5.24054,50.11243],[-5.23995,50.11147],[-5.24425,50.10944],[-5.24385,50.10908],[-5.24417,50.10809],[-5.24375,50.10654],[-5.24612,50.10351],[-5.24336,50.10019],[-5.24229,50.09941],[-5.24202,50.09887],[-5.2424,50.09762],[-5.24127,50.09566],[-5.24446,50.09475],[-5.24526,50.09418],[-5.24511,50.09371],[-5.24733,50.09351],[-5.25028,50.09473],[-5.25463,50.09566],[-5.256,50.09631],[-5.25687,50.09794],[-5.25494,50.10175],[-5.2575,50.10321],[-5.2587,50.10453],[-5.25809,50.10595],[-5.26021,50.10717],[-5.26063,50.10825],[-5.25998,50.10824],[-5.26034,50.10877],[-5.26086,50.10873],[-5.26123,50.10968],[-5.26175,50.10959],[-5.26193,50.11058],[-5.26258,50.11023],[-5.26463,50.11024],[-5.26464,50.10949],[-5.26531,50.10947],[-5.26555,50.10979],[-5.26507,50.10988],[-5.26511,50.11022],[-5.26718,50.1102],[-5.26669,50.11107],[-5.26639,50.11078],[-5.26444,50.11116],[-5.26468,50.1117],[-5.26388,50.11194],[-5.26249,50.11211],[-5.26196,50.11181],[-5.26262,50.1128],[-5.26182,50.11324],[-5.26147,50.11404],[-5.26298,50.11575],[-5.26462,50.11535],[-5.26612,50.11566],[-5.26655,50.11513],[-5.26974,50.11448],[-5.26994,50.11357],[-5.26775,50.11341],[-5.26808,50.1116],[-5.26857,50.11155],[-5.26859,50.11099],[-5.27006,50.10907],[-5.26979,50.10807],[-5.27073,50.10716],[-5.27154,50.1072],[-5.27224,50.10795],[-5.27288,50.10761],[-5.27465,50.108],[-5.27484,50.10845],[-5.27549,50.10866],[-5.27534,50.109],[-5.27586,50.10911],[-5.27531,50.10911],[-5.27521,50.10965],[-5.27442,50.1098],[-5.27502,50.11046],[-5.27508,50.11152],[-5.27471,50.11172],[-5.27529,50.11236],[-5.27491,50.11255],[-5.27548,50.11301],[-5.27542,50.11403],[-5.27668,50.11425],[-5.27823,50.11343],[-5.27877,50.1137],[-5.27843,50.1141],[-5.27889,50.11461],[-5.28016,50.11495],[-5.28066,50.1144],[-5.28065,50.11529],[-5.28175,50.11597],[-5.28213,50.11662],[-5.28316,50.11611],[-5.28441,50.11619],[-5.2836,50.11707],[-5.28391,50.11721],[-5.28127,50.1195],[-5.27965,50.1194],[-5.27816,50.11969],[-5.27465,50.12192],[-5.27299,50.12224],[-5.27088,50.12185],[-5.26962,50.12056],[-5.26959,50.11978]]]}},{"type":"Feature","properties":{"id":"E01018884","name":"E01018884","parent":"E06000052","type":"LSOA","pop":1578,"r":7,"ff":3,"ffd":190.1,"ffs":0.4286,"g":0,"co":1,"mo":3,"sa":3,"ic":3},"geometry":{"type":"Polygon","coordinates":[[[-5.26612,50.11566],[-5.26462,50.11535],[-5.26298,50.11575],[-5.26147,50.11404],[-5.26182,50.11324],[-5.26262,50.1128],[-5.26196,50.11181],[-5.26249,50.11211],[-5.26388,50.11194],[-5.26468,50.1117],[-5.26444,50.11116],[-5.26639,50.11078],[-5.26669,50.11107],[-5.26718,50.1102],[-5.26511,50.11022],[-5.26507,50.10988],[-5.26555,50.10979],[-5.26531,50.10947],[-5.26464,50.10949],[-5.26463,50.11024],[-5.26258,50.11023],[-5.26193,50.11058],[-5.26175,50.10959],[-5.26123,50.10968],[-5.26086,50.10873],[-5.26034,50.10877],[-5.25998,50.10824],[-5.26162,50.10828],[-5.26742,50.10573],[-5.26782,50.10594],[-5.26738,50.1063],[-5.26759,50.10616],[-5.26851,50.10664],[-5.26901,50.10762],[-5.26979,50.10807],[-5.27006,50.10907],[-5.26859,50.11099],[-5.26857,50.11155],[-5.26808,50.1116],[-5.26775,50.11341],[-5.26994,50.11357],[-5.26974,50.11448],[-5.26655,50.11513],[-5.26612,50.11566]]]}},{"type":"Feature","properties":{"id":"E01018885","name":"E01018885","parent":"E06000052","type":"LSOA","pop":1397,"r":7,"ff":3,"ffd":214.7,"ffs":0.4286,"g":0,"co":1,"mo":3,"sa":3,"ic":3},"geometry":{"type":"Polygon","coordinates":[[[-5.27465,50.108],[-5.27288,50.10761],[-5.27224,50.10795],[-5.27154,50.1072],[-5.27073,50.10716],[-5.26979,50.10807],[-5.26901,50.10762],[-5.26851,50.10664],[-5.26759,50.10616],[-5.26738,50.1063],[-5.26782,50.10594],[-5.26742,50.10573],[-5.26948,50.10397],[-5.27153,50.10253],[-5.27414,50.10104],[-5.27757,50.10043],[-5.27707,50.09947],[-5.27789,50.09914],[-5.28084,50.10119],[-5.27987,50.10174],[-5.2804,50.10224],[-5.27798,50.10118],[-5.27733,50.10171],[-5.27749,50.10209],[-5.2757,50.10265],[-5.27637,50.10281],[-5.27689,50.10341],[-5.27662,50.10389],[-5.27599,50.10411],[-5.27518,50.10377],[-5.27441,50.10408],[-5.27473,50.10446],[-5.27432,50.10514],[-5.2751,50.1054],[-5.27447,50.10576],[-5.27482,50.10629],[-5.27543,50.10616],[-5.27593,50.10709],[-5.27465,50.108]]]}},{"type":"Feature","properties":{"id":"E01018886","name":"E01018886","parent":"E06000052","type":"LSOA","pop":1633,"r":7,"ff":3,"ffd":183.7,"ffs":0.4286,"g":0,"co":1,"mo":3,"sa":3,"ic":3},"geometry":{"type":"Polygon","coordinates":[[[-5.25687,50.09794],[-5.256,50.09631],[-5.25463,50.09566],[-5.25028,50.09473],[-5.24733,50.09351],[-5.24511,50.09371],[-5.2442,50.09291],[-5.24459,50.09093],[-5.24431,50.08982],[-5.2457,50.08673],[-5.25296,50.08504],[-5.25842,50.08309],[-5.26232,50.08039],[-5.26837,50.07815],[-5.27136,50.0762],[-5.27425,50.07518],[-5.27544,50.07513],[-5.2752,50.07465],[-5.27718,50.07404],[-5.27958,50.07364],[-5.28426,50.07122],[-5.28629,50.07109],[-5.29122,50.07158],[-5.29136,50.07371],[-5.28967,50.07689],[-5.2889,50.08308],[-5.287,50.08534],[-5.28396,50.08662],[-5.28174,50.08596],[-5.27792,50.08678],[-5.27449,50.0883],[-5.27127,50.08753],[-5.2693,50.08753],[-5.26865,50.08889],[-5.26699,50.09009],[-5.26862,50.09214],[-5.26646,50.09353],[-5.27022,50.09348],[-5.27053,50.09306],[-5.2726,50.09329],[-5.2724,50.09582],[-5.27337,50.09584],[-5.27317,50.09655],[-5.2739,50.09704],[-5.27265,50.09714],[-5.272,50.09874],[-5.27021,50.0986],[-5.27051,50.09813],[-5.26947,50.09747],[-5.26874,50.09752],[-5.26638,50.09851],[-5.26649,50.09949],[-5.26539,50.10047],[-5.26461,50.10069],[-5.26484,50.10097],[-5.26199,50.10155],[-5.25947,50.10232],[-5.25832,50.10302],[-5.2575,50.10321],[-5.25494,50.10175],[-5.25687,50.09794]]]}},{"type":"Feature","properties":{"id":"E01018887","name":"E01018887","parent":"E06000052","type":"LSOA","pop":1947,"r":7,"ff":3,"ffd":154.1,"ffs":0.4286,"g":0,"co":1,"mo":3,"sa":3,"ic":3},"geometry":{"type":"Polygon","coordinates":[[[-5.29294,50.10625],[-5.28898,50.10448],[-5.28553,50.10429],[-5.2831,50.10358],[-5.28084,50.10119],[-5.27789,50.09914],[-5.27707,50.09947],[-5.27757,50.10043],[-5.27414,50.10104],[-5.27153,50.10253],[-5.2703,50.10211],[-5.26848,50.10306],[-5.26825,50.10273],[-5.26907,50.10209],[-5.27099,50.10178],[-5.27122,50.10208],[-5.27283,50.10129],[-5.27286,50.10066],[-5.27167,50.10032],[-5.27081,50.09968],[-5.27209,50.09899],[-5.272,50.09874],[-5.27265,50.09714],[-5.2739,50.09704],[-5.27317,50.09655],[-5.27337,50.09584],[-5.2724,50.09582],[-5.2726,50.09329],[-5.27053,50.09306],[-5.27022,50.09348],[-5.26646,50.09353],[-5.26862,50.09214],[-5.26699,50.09009],[-5.26865,50.08889],[-5.2693,50.08753],[-5.27127,50.08753],[-5.27449,50.0883],[-5.27792,50.08678],[-5.28174,50.08596],[-5.28396,50.08662],[-5.28252,50.08698],[-5.28225,50.08853],[-5.28245,50.08899],[-5.2841,50.08896],[-5.28996,50.0898],[-5.29336,50.09174],[-5.29497,50.09319],[-5.29469,50.09588],[-5.29369,50.09929],[-5.29633,50.10188],[-5.2976,50.10382],[-5.29704,50.10393],[-5.29708,50.10496],[-5.29577,50.10474],[-5.29294,50.10625]]]}},{"type":"Feature","properties":{"id":"E01018888","name":"E01018888","parent":"E06000052","type":"LSOA","pop":2422,"r":7,"ff":3,"ffd":123.9,"ffs":0.4286,"g":0,"co":1,"mo":3,"sa":3,"ic":3},"geometry":{"type":"Polygon","coordinates":[[[-5.2582,50.10409],[-5.2575,50.10321],[-5.25832,50.10302],[-5.25947,50.10232],[-5.26199,50.10155],[-5.26484,50.10097],[-5.26461,50.10069],[-5.26539,50.10047],[-5.26649,50.09949],[-5.26638,50.09851],[-5.26874,50.09752],[-5.26947,50.09747],[-5.27051,50.09813],[-5.27021,50.0986],[-5.272,50.09874],[-5.27209,50.09899],[-5.27081,50.09968],[-5.27167,50.10032],[-5.27286,50.10066],[-5.27283,50.10129],[-5.27122,50.10208],[-5.27099,50.10178],[-5.26907,50.10209],[-5.26825,50.10273],[-5.26848,50.10306],[-5.2703,50.10211],[-5.27153,50.10253],[-5.26948,50.10397],[-5.26742,50.10573],[-5.26162,50.10828],[-5.26063,50.10825],[-5.26021,50.10717],[-5.25809,50.10595],[-5.2587,50.10453],[-5.2582,50.10409]]]}},{"type":"Feature","properties":{"id":"E01018889","name":"E01018889","parent":"E06000052","type":"LSOA","pop":1311,"r":33,"ff":11,"ffd":839.1,"ffs":0.4231,"g":7,"co":0,"mo":0,"sa":3,"ic":1},"geometry":{"type":"Polygon","coordinates":[[[-5.2564,50.25183],[-5.25571,50.25066],[-5.25541,50.24946],[-5.25371,50.24683],[-5.25355,50.24529],[-5.25574,50.24521],[-5.25811,50.24346],[-5.25927,50.24195],[-5.26263,50.239],[-5.26396,50.23843],[-5.26487,50.23971],[-5.26644,50.24086],[-5.26539,50.24225],[-5.26397,50.24123],[-5.26272,50.24095],[-5.26228,50.24127],[-5.2632,50.24169],[-5.26325,50.24253],[-5.26274,50.24328],[-5.26179,50.24343],[-5.26158,50.24407],[-5.26287,50.24436],[-5.26302,50.2452],[-5.26642,50.24552],[-5.2664,50.24504],[-5.26563,50.24477],[-5.26561,50.24399],[-5.26424,50.24403],[-5.26403,50.24379],[-5.26501,50.24303],[-5.26548,50.24321],[-5.26659,50.24427],[-5.26654,50.24465],[-5.2677,50.24501],[-5.26762,50.24549],[-5.26702,50.24565],[-5.26686,50.24603],[-5.2654,50.2467],[-5.26696,50.24782],[-5.26671,50.24807],[-5.26601,50.24804],[-5.26509,50.24857],[-5.264,50.24851],[-5.26361,50.24938],[-5.26229,50.2498],[-5.26092,50.24973],[-5.25988,50.24913],[-5.25823,50.25022],[-5.25899,50.25152],[-5.26008,50.25115],[-5.25975,50.25212],[-5.2564,50.25183]]]}},{"type":"Feature","properties":{"id":"E01018890","name":"E01018890","parent":"E06000052","type":"LSOA","pop":1778,"r":35,"ff":13,"ffd":731.2,"ffs":0.4643,"g":7,"co":0,"mo":0,"sa":3,"ic":1},"geometry":{"type":"Polygon","coordinates":[[[-5.2875,50.25477],[-5.28541,50.2543],[-5.28506,50.25484],[-5.2838,50.25459],[-5.28124,50.2536],[-5.27964,50.25239],[-5.27852,50.25219],[-5.27771,50.25271],[-5.27718,50.25369],[-5.27587,50.2536],[-5.27701,50.25119],[-5.27578,50.24955],[-5.27432,50.24881],[-5.27311,50.24946],[-5.2713,50.24971],[-5.27024,50.24919],[-5.26961,50.24924],[-5.269,50.2483],[-5.27047,50.24763],[-5.27021,50.24657],[-5.27066,50.24576],[-5.27281,50.24601],[-5.27353,50.24421],[-5.27318,50.24407],[-5.27154,50.24489],[-5.27075,50.2447],[-5.27081,50.24503],[-5.26851,50.24559],[-5.26818,50.2455],[-5.26826,50.24402],[-5.26789,50.24397],[-5.26806,50.24285],[-5.26656,50.24233],[-5.26539,50.24225],[-5.26644,50.24086],[-5.26487,50.23971],[-5.26174,50.23492],[-5.2719,50.23229],[-5.28018,50.22981],[-5.28309,50.23294],[-5.28335,50.23383],[-5.28422,50.23396],[-5.28508,50.23591],[-5.28785,50.23597],[-5.2882,50.23538],[-5.28937,50.23553],[-5.29014,50.23456],[-5.29083,50.2358],[-5.28896,50.2367],[-5.28927,50.23965],[-5.28974,50.24011],[-5.28524,50.2385],[-5.28346,50.23872],[-5.28316,50.24123],[-5.28249,50.24216],[-5.28002,50.24325],[-5.27828,50.24274],[-5.27772,50.24306],[-5.27809,50.24413],[-5.27901,50.24437],[-5.28009,50.24331],[-5.28197,50.24506],[-5.28337,50.24691],[-5.28506,50.24634],[-5.28605,50.24694],[-5.28975,50.24747],[-5.29081,50.24839],[-5.29268,50.24882],[-5.29311,50.24963],[-5.29673,50.25086],[-5.29879,50.24975],[-5.30085,50.25255],[-5.29798,50.25402],[-5.29801,50.25379],[-5.29494,50.25363],[-5.29317,50.25266],[-5.28883,50.252],[-5.28967,50.25323],[-5.28957,50.25478],[-5.2875,50.25477]]]}},{"type":"Feature","properties":{"id":"E01018891","name":"E01018891","parent":"E06000052","type":"LSOA","pop":1326,"r":35,"ff":13,"ffd":980.4,"ffs":0.4643,"g":7,"co":0,"mo":2,"sa":3,"ic":1},"geometry":{"type":"MultiPolygon","coordinates":[[[[-5.3091,50.25583],[-5.30378,50.25368],[-5.29965,50.25317],[-5.30085,50.25255],[-5.29879,50.24975],[-5.29673,50.25086],[-5.29311,50.24963],[-5.29268,50.24882],[-5.29081,50.24839],[-5.28975,50.24747],[-5.28605,50.24694],[-5.28506,50.24634],[-5.28337,50.24691],[-5.28197,50.24506],[-5.28009,50.24331],[-5.27901,50.24437],[-5.27809,50.24413],[-5.27772,50.24306],[-5.27828,50.24274],[-5.28002,50.24325],[-5.28249,50.24216],[-5.28316,50.24123],[-5.28346,50.23872],[-5.28524,50.2385],[-5.28974,50.24011],[-5.28927,50.23965],[-5.28896,50.2367],[-5.29083,50.2358],[-5.29014,50.23456],[-5.28937,50.23553],[-5.2882,50.23538],[-5.28785,50.23597],[-5.28508,50.23591],[-5.28422,50.23396],[-5.28335,50.23383],[-5.28309,50.23294],[-5.28018,50.22981],[-5.28535,50.2281],[-5.2932,50.23115],[-5.29641,50.23122],[-5.29832,50.2302],[-5.30595,50.22848],[-5.31133,50.22866],[-5.31642,50.22947],[-5.32133,50.23216],[-5.32544,50.23297],[-5.3245,50.23412],[-5.32828,50.23815],[-5.33062,50.2421],[-5.32838,50.24276],[-5.32781,50.24388],[-5.32595,50.24391],[-5.32481,50.24427],[-5.32301,50.24591],[-5.32301,50.2466],[-5.32004,50.24773],[-5.3198,50.24844],[-5.3204,50.24891],[-5.32018,50.24914],[-5.31567,50.24942],[-5.31427,50.25028],[-5.31384,50.25088],[-5.31423,50.25177],[-5.31284,50.2527],[-5.31198,50.25464],[-5.31211,50.25496],[-5.31327,50.25485],[-5.31368,50.25504],[-5.31213,50.25543],[-5.31178,50.255],[-5.31051,50.25467],[-5.30989,50.25496],[-5.30953,50.25586],[-5.3091,50.25583]]],[[[-5.31013,50.25587],[-5.31026,50.25591],[-5.30984,50.25588],[-5.31013,50.25587]]]]}},{"type":"Feature","properties":{"id":"E01018892","name":"E01018892","parent":"E06000052","type":"LSOA","pop":1690,"r":33,"ff":11,"ffd":650.9,"ffs":0.4231,"g":7,"co":0,"mo":0,"sa":3,"ic":1},"geometry":{"type":"Polygon","coordinates":[[[-5.25404,50.2819],[-5.25326,50.2815],[-5.25146,50.28191],[-5.24564,50.27709],[-5.24276,50.27943],[-5.24102,50.27995],[-5.24099,50.27866],[-5.24221,50.27812],[-5.24068,50.27683],[-5.2396,50.27721],[-5.23777,50.27453],[-5.23516,50.27177],[-5.23355,50.26818],[-5.23075,50.26757],[-5.23359,50.26623],[-5.23918,50.26425],[-5.24178,50.26391],[-5.2444,50.26291],[-5.24763,50.2616],[-5.24966,50.25987],[-5.25297,50.2597],[-5.25832,50.25868],[-5.26009,50.25863],[-5.26178,50.25805],[-5.26183,50.2579],[-5.2622,50.25789],[-5.26221,50.25758],[-5.2637,50.25735],[-5.26366,50.25695],[-5.26437,50.25686],[-5.26402,50.25666],[-5.26526,50.25668],[-5.26595,50.25569],[-5.26754,50.2555],[-5.26954,50.25455],[-5.27059,50.25399],[-5.2714,50.25296],[-5.2732,50.25259],[-5.27376,50.25316],[-5.27718,50.25369],[-5.27771,50.25271],[-5.27852,50.25219],[-5.27964,50.25239],[-5.28124,50.2536],[-5.2838,50.25459],[-5.28506,50.25484],[-5.28541,50.2543],[-5.2875,50.25477],[-5.28957,50.25478],[-5.28967,50.25323],[-5.28883,50.252],[-5.29317,50.25266],[-5.29494,50.25363],[-5.29801,50.25379],[-5.29798,50.25402],[-5.29965,50.25317],[-5.30378,50.25368],[-5.3091,50.25583],[-5.31026,50.25591],[-5.31098,50.25664],[-5.31078,50.25704],[-5.31007,50.25741],[-5.30998,50.25711],[-5.30901,50.25804],[-5.30627,50.25947],[-5.30572,50.25869],[-5.3051,50.25872],[-5.30603,50.2597],[-5.3055,50.25982],[-5.30492,50.25907],[-5.30416,50.25931],[-5.30351,50.25994],[-5.30379,50.26025],[-5.30306,50.26024],[-5.30235,50.26093],[-5.30349,50.26146],[-5.30225,50.26182],[-5.3037,50.26172],[-5.30171,50.26232],[-5.30074,50.26284],[-5.2996,50.26251],[-5.29942,50.262],[-5.29868,50.26191],[-5.29877,50.26163],[-5.29719,50.2618],[-5.29724,50.26116],[-5.29604,50.26105],[-5.29199,50.26207],[-5.29255,50.26323],[-5.29152,50.26176],[-5.29123,50.26199],[-5.28919,50.26105],[-5.28914,50.26131],[-5.2918,50.26247],[-5.29118,50.2632],[-5.29156,50.26319],[-5.29143,50.2636],[-5.2922,50.26423],[-5.29065,50.26457],[-5.28977,50.2639],[-5.28903,50.26386],[-5.28741,50.26464],[-5.28549,50.26485],[-5.2847,50.26583],[-5.28505,50.26688],[-5.28686,50.26712],[-5.28773,50.26758],[-5.28303,50.2689],[-5.28267,50.26942],[-5.28303,50.26958],[-5.28277,50.26996],[-5.28171,50.27031],[-5.2804,50.27132],[-5.27802,50.27196],[-5.27861,50.27223],[-5.27827,50.27248],[-5.27881,50.27232],[-5.27948,50.27249],[-5.27879,50.27307],[-5.27921,50.27332],[-5.27803,50.27392],[-5.27398,50.27488],[-5.27314,50.27488],[-5.27317,50.27438],[-5.27106,50.27506],[-5.27074,50.27483],[-5.27016,50.27482],[-5.26955,50.27521],[-5.26843,50.27493],[-5.26529,50.2754],[-5.26478,50.27533],[-5.26399,50.27484],[-5.26345,50.27496],[-5.2627,50.27586],[-5.26401,50.2766],[-5.26267,50.27697],[-5.26257,50.27665],[-5.26121,50.27639],[-5.26003,50.27726],[-5.25996,50.27828],[-5.26088,50.27873],[-5.2606,50.27892],[-5.26151,50.27909],[-5.26173,50.27969],[-5.26061,50.27981],[-5.25854,50.28063],[-5.25711,50.2807],[-5.25628,50.28123],[-5.25765,50.28119],[-5.25671,50.28171],[-5.25523,50.28148],[-5.25404,50.2819]]]}},{"type":"Feature","properties":{"id":"E01018893","name":"E01018893","parent":"E06000052","type":"LSOA","pop":1434,"r":33,"ff":11,"ffd":767.1,"ffs":0.4231,"g":7,"co":0,"mo":0,"sa":3,"ic":1},"geometry":{"type":"Polygon","coordinates":[[[-5.25941,50.25701],[-5.25765,50.25528],[-5.25663,50.25274],[-5.25589,50.25216],[-5.25571,50.25066],[-5.2564,50.25183],[-5.25975,50.25212],[-5.26008,50.25115],[-5.25899,50.25152],[-5.25823,50.25022],[-5.25988,50.24913],[-5.26092,50.24973],[-5.26229,50.2498],[-5.26361,50.24938],[-5.264,50.24851],[-5.26509,50.24857],[-5.26601,50.24804],[-5.26671,50.24807],[-5.26696,50.24782],[-5.2654,50.2467],[-5.26686,50.24603],[-5.26702,50.24565],[-5.26762,50.24549],[-5.2677,50.24501],[-5.26654,50.24465],[-5.26659,50.24427],[-5.26548,50.24321],[-5.26501,50.24303],[-5.26403,50.24379],[-5.26424,50.24403],[-5.26561,50.24399],[-5.26563,50.24477],[-5.2664,50.24504],[-5.26642,50.24552],[-5.26302,50.2452],[-5.26287,50.24436],[-5.26158,50.24407],[-5.26179,50.24343],[-5.26274,50.24328],[-5.26325,50.24253],[-5.2632,50.24169],[-5.26228,50.24127],[-5.26272,50.24095],[-5.26397,50.24123],[-5.26539,50.24225],[-5.26656,50.24233],[-5.26806,50.24285],[-5.26789,50.24397],[-5.26826,50.24402],[-5.26818,50.2455],[-5.26851,50.24559],[-5.27081,50.24503],[-5.27075,50.2447],[-5.27154,50.24489],[-5.27318,50.24407],[-5.27353,50.24421],[-5.27281,50.24601],[-5.27066,50.24576],[-5.27021,50.24657],[-5.27047,50.24763],[-5.269,50.2483],[-5.26961,50.24924],[-5.27024,50.24919],[-5.2713,50.24971],[-5.27311,50.24946],[-5.27432,50.24881],[-5.27578,50.24955],[-5.27701,50.25119],[-5.27587,50.2536],[-5.27376,50.25316],[-5.2732,50.25259],[-5.2714,50.25296],[-5.27059,50.25399],[-5.26754,50.2555],[-5.26595,50.25569],[-5.26526,50.25668],[-5.26402,50.25666],[-5.26437,50.25686],[-5.26366,50.25695],[-5.2637,50.25735],[-5.26221,50.25758],[-5.2622,50.25789],[-5.26183,50.2579],[-5.25941,50.25701]]]}},{"type":"Feature","properties":{"id":"E01018894","name":"E01018894","parent":"E06000052","type":"LSOA","pop":2046,"r":33,"ff":11,"ffd":537.6,"ffs":0.4231,"g":7,"co":0,"mo":0,"sa":3,"ic":1},"geometry":{"type":"Polygon","coordinates":[[[-5.23808,50.22386],[-5.23817,50.22287],[-5.23686,50.22018],[-5.23734,50.21809],[-5.23015,50.21111],[-5.22913,50.21126],[-5.22847,50.21102],[-5.22797,50.20949],[-5.22835,50.20748],[-5.22915,50.20657],[-5.22907,50.20598],[-5.2282,50.20537],[-5.22916,50.2047],[-5.22932,50.20489],[-5.23386,50.20317],[-5.23637,50.20169],[-5.23639,50.20116],[-5.23752,50.20077],[-5.23731,50.20012],[-5.23772,50.20011],[-5.23775,50.19959],[-5.24016,50.19848],[-5.24133,50.19832],[-5.24314,50.19686],[-5.24406,50.19719],[-5.24477,50.19631],[-5.24801,50.19403],[-5.2489,50.19277],[-5.24954,50.19129],[-5.24937,50.19038],[-5.25517,50.18806],[-5.25562,50.1894],[-5.25508,50.18955],[-5.256,50.19039],[-5.25684,50.19354],[-5.26033,50.19688],[-5.26072,50.19862],[-5.26264,50.2018],[-5.26357,50.20222],[-5.26573,50.20444],[-5.26342,50.20601],[-5.26188,50.206],[-5.26107,50.20652],[-5.25897,50.20678],[-5.25842,50.20742],[-5.25914,50.2079],[-5.25945,50.2099],[-5.25889,50.20993],[-5.25881,50.21191],[-5.25742,50.21198],[-5.25709,50.21257],[-5.25733,50.21357],[-5.25651,50.21412],[-5.25335,50.21371],[-5.25245,50.21402],[-5.25207,50.21355],[-5.24935,50.21436],[-5.25067,50.21549],[-5.24978,50.21595],[-5.2493,50.2167],[-5.25132,50.21857],[-5.251,50.21957],[-5.2533,50.22017],[-5.25237,50.22107],[-5.25201,50.22207],[-5.24885,50.22381],[-5.24596,50.22345],[-5.24379,50.22355],[-5.24167,50.22313],[-5.23927,50.22506],[-5.23808,50.22386]]]}},{"type":"Feature","properties":{"id":"E01018895","name":"E01018895","parent":"E06000052","type":"LSOA","pop":2017,"r":35,"ff":13,"ffd":644.5,"ffs":0.4643,"g":7,"co":0,"mo":0,"sa":3,"ic":1},"geometry":{"type":"Polygon","coordinates":[[[-5.24762,50.23233],[-5.24493,50.23153],[-5.24361,50.23068],[-5.23953,50.2262],[-5.23927,50.22506],[-5.24167,50.22313],[-5.24379,50.22355],[-5.24596,50.22345],[-5.24885,50.22381],[-5.25201,50.22207],[-5.25237,50.22107],[-5.2533,50.22017],[-5.25813,50.22074],[-5.25817,50.22164],[-5.25644,50.22235],[-5.25691,50.22334],[-5.25595,50.22368],[-5.25645,50.22399],[-5.25551,50.22438],[-5.25548,50.22536],[-5.25636,50.22714],[-5.26139,50.22559],[-5.26403,50.22546],[-5.26572,50.22711],[-5.2665,50.22858],[-5.26725,50.22848],[-5.26463,50.22885],[-5.26542,50.22915],[-5.26525,50.22955],[-5.26433,50.22969],[-5.26394,50.22932],[-5.26344,50.23114],[-5.26066,50.23022],[-5.26026,50.23063],[-5.25981,50.23014],[-5.2589,50.23042],[-5.25863,50.22998],[-5.25765,50.23039],[-5.25642,50.22988],[-5.25677,50.23137],[-5.25632,50.23151],[-5.25612,50.23128],[-5.25582,50.23151],[-5.25595,50.23358],[-5.25358,50.23426],[-5.25398,50.23542],[-5.25355,50.23627],[-5.25309,50.23631],[-5.25317,50.23566],[-5.25202,50.23405],[-5.24762,50.23233]]]}},{"type":"Feature","properties":{"id":"E01018896","name":"E01018896","parent":"E06000052","type":"LSOA","pop":1432,"r":35,"ff":13,"ffd":907.8,"ffs":0.4643,"g":7,"co":0,"mo":0,"sa":3,"ic":1},"geometry":{"type":"Polygon","coordinates":[[[-5.25358,50.23426],[-5.25595,50.23358],[-5.25582,50.23151],[-5.25612,50.23128],[-5.25894,50.23384],[-5.26069,50.23335],[-5.2611,50.23378],[-5.26308,50.23324],[-5.26337,50.23309],[-5.263,50.23262],[-5.26386,50.23221],[-5.26462,50.23238],[-5.26485,50.23183],[-5.26468,50.23165],[-5.26714,50.23133],[-5.26781,50.23064],[-5.26745,50.23094],[-5.26602,50.22984],[-5.26813,50.22881],[-5.2687,50.22942],[-5.26914,50.22909],[-5.26939,50.22923],[-5.26927,50.22954],[-5.27049,50.2296],[-5.27131,50.2301],[-5.2707,50.23142],[-5.2719,50.23229],[-5.26174,50.23492],[-5.26396,50.23843],[-5.26263,50.239],[-5.25927,50.24195],[-5.25811,50.24346],[-5.25574,50.24521],[-5.25355,50.24529],[-5.25215,50.24266],[-5.25239,50.24026],[-5.25339,50.2373],[-5.25309,50.23631],[-5.25355,50.23627],[-5.25398,50.23542],[-5.25358,50.23426]]]}},{"type":"Feature","properties":{"id":"E01018897","name":"E01018897","parent":"E06000052","type":"LSOA","pop":2484,"r":35,"ff":13,"ffd":523.3,"ffs":0.4643,"g":7,"co":0,"mo":0,"sa":3,"ic":1},"geometry":{"type":"Polygon","coordinates":[[[-5.26939,50.22923],[-5.26914,50.22909],[-5.2687,50.22942],[-5.26813,50.22881],[-5.26725,50.22848],[-5.2665,50.22858],[-5.26572,50.22711],[-5.26403,50.22546],[-5.26139,50.22559],[-5.25636,50.22714],[-5.25548,50.22536],[-5.25551,50.22438],[-5.25645,50.22399],[-5.25595,50.22368],[-5.25691,50.22334],[-5.25644,50.22235],[-5.25817,50.22164],[-5.25813,50.22074],[-5.2533,50.22017],[-5.251,50.21957],[-5.25132,50.21857],[-5.2493,50.2167],[-5.24978,50.21595],[-5.25067,50.21549],[-5.24935,50.21436],[-5.25207,50.21355],[-5.25245,50.21402],[-5.25335,50.21371],[-5.25651,50.21412],[-5.25733,50.21357],[-5.25709,50.21257],[-5.25742,50.21198],[-5.25881,50.21191],[-5.25889,50.20993],[-5.25945,50.2099],[-5.25914,50.2079],[-5.25842,50.20742],[-5.25897,50.20678],[-5.26107,50.20652],[-5.26188,50.206],[-5.26342,50.20601],[-5.26573,50.20444],[-5.26641,50.20547],[-5.26782,50.20639],[-5.26799,50.20738],[-5.26941,50.20974],[-5.27266,50.21208],[-5.27338,50.21368],[-5.27343,50.21575],[-5.27416,50.21625],[-5.2777,50.21726],[-5.27895,50.21787],[-5.27924,50.22034],[-5.28042,50.22193],[-5.27847,50.22306],[-5.279,50.22433],[-5.27758,50.22441],[-5.27736,50.22485],[-5.27772,50.22518],[-5.27685,50.22557],[-5.27714,50.22603],[-5.27988,50.22495],[-5.28107,50.22528],[-5.28215,50.22505],[-5.28288,50.22647],[-5.28535,50.2281],[-5.2719,50.23229],[-5.2707,50.23142],[-5.27131,50.2301],[-5.27049,50.2296],[-5.26927,50.22954],[-5.26939,50.22923]]]}},{"type":"Feature","properties":{"id":"E01018898","name":"E01018898","parent":"E06000052","type":"LSOA","pop":1263,"r":35,"ff":13,"ffd":1029.3,"ffs":0.4643,"g":7,"co":0,"mo":0,"sa":3,"ic":1},"geometry":{"type":"Polygon","coordinates":[[[-5.25894,50.23384],[-5.25632,50.23151],[-5.25677,50.23137],[-5.25642,50.22988],[-5.25765,50.23039],[-5.25863,50.22998],[-5.2589,50.23042],[-5.25981,50.23014],[-5.26026,50.23063],[-5.26066,50.23022],[-5.26344,50.23114],[-5.26394,50.22932],[-5.26433,50.22969],[-5.26525,50.22955],[-5.26542,50.22915],[-5.26463,50.22885],[-5.26725,50.22848],[-5.26813,50.22881],[-5.26602,50.22984],[-5.26745,50.23094],[-5.26781,50.23064],[-5.26714,50.23133],[-5.26468,50.23165],[-5.26485,50.23183],[-5.26462,50.23238],[-5.26386,50.23221],[-5.263,50.23262],[-5.26337,50.23309],[-5.26308,50.23324],[-5.2611,50.23378],[-5.26069,50.23335],[-5.25894,50.23384]]]}},{"type":"Feature","properties":{"id":"E01018899","name":"E01018899","parent":"E06000052","type":"LSOA","pop":3392,"r":6,"ff":2,"ffd":59.0,"ffs":0.3333,"g":0,"co":3,"mo":3,"sa":1,"ic":1},"geometry":{"type":"Polygon","coordinates":[[[-5.14669,50.17713],[-5.14973,50.17566],[-5.14786,50.1741],[-5.14527,50.17312],[-5.14409,50.17315],[-5.14263,50.17378],[-5.14024,50.17413],[-5.13801,50.17554],[-5.13112,50.17622],[-5.13101,50.17669],[-5.12847,50.17688],[-5.1218,50.1789],[-5.12069,50.17852],[-5.12068,50.17786],[-5.12008,50.17746],[-5.12063,50.17547],[-5.12049,50.1748],[-5.12087,50.17454],[-5.12009,50.17368],[-5.11807,50.1735],[-5.11724,50.17303],[-5.11711,50.17255],[-5.12003,50.17083],[-5.11984,50.17039],[-5.1227,50.16575],[-5.12477,50.16531],[-5.12472,50.16428],[-5.12553,50.16426],[-5.12656,50.16375],[-5.12669,50.1633],[-5.1256,50.16237],[-5.12493,50.16248],[-5.1236,50.16146],[-5.12342,50.16009],[-5.12154,50.16021],[-5.12,50.16079],[-5.1198,50.16048],[-5.12111,50.15994],[-5.1245,50.15963],[-5.12669,50.15703],[-5.12909,50.15609],[-5.12929,50.15533],[-5.13078,50.15394],[-5.13199,50.15339],[-5.13275,50.15121],[-5.1361,50.1484],[-5.13718,50.14611],[-5.13854,50.14472],[-5.14089,50.14374],[-5.1423,50.14411],[-5.14261,50.14374],[-5.14406,50.14405],[-5.14463,50.14352],[-5.1445,50.14207],[-5.14362,50.14144],[-5.14354,50.14079],[-5.1447,50.13916],[-5.14295,50.1392],[-5.14147,50.13876],[-5.14099,50.1381],[-5.14145,50.13715],[-5.14115,50.13648],[-5.14177,50.13608],[-5.14146,50.1359],[-5.14491,50.13399],[-5.14548,50.13386],[-5.14918,50.13441],[-5.15057,50.1341],[-5.1516,50.13317],[-5.15263,50.13257],[-5.15302,50.13183],[-5.15335,50.13398],[-5.15652,50.13446],[-5.15834,50.13528],[-5.15958,50.1366],[-5.16027,50.1394],[-5.15957,50.14046],[-5.16277,50.14337],[-5.16417,50.14398],[-5.16771,50.15009],[-5.17111,50.15282],[-5.17146,50.15455],[-5.16973,50.15809],[-5.17063,50.16031],[-5.16925,50.1614],[-5.16737,50.16236],[-5.16545,50.1617],[-5.16439,50.16223],[-5.16439,50.16283],[-5.16263,50.16282],[-5.16206,50.1622],[-5.16051,50.16261],[-5.16072,50.1631],[-5.15999,50.16363],[-5.15681,50.16355],[-5.15721,50.16385],[-5.15505,50.16447],[-5.1515,50.16665],[-5.15331,50.16796],[-5.15423,50.16805],[-5.15765,50.17041],[-5.15909,50.1727],[-5.15753,50.17513],[-5.15747,50.17622],[-5.15802,50.1767],[-5.15479,50.17659],[-5.15327,50.1775],[-5.15233,50.17861],[-5.15199,50.1801],[-5.15018,50.17971],[-5.14754,50.17828],[-5.14669,50.17713]]]}},{"type":"Feature","properties":{"id":"E01018900","name":"E01018900","parent":"E06000052","type":"LSOA","pop":2508,"r":7,"ff":2,"ffd":79.7,"ffs":0.2857,"g":0,"co":3,"mo":3,"sa":1,"ic":1},"geometry":{"type":"Polygon","coordinates":[[[-5.09659,50.16368],[-5.09522,50.16274],[-5.09394,50.1612],[-5.09773,50.15975],[-5.10042,50.15955],[-5.10029,50.15908],[-5.10117,50.15697],[-5.10031,50.15519],[-5.09874,50.15368],[-5.09848,50.15238],[-5.09715,50.15045],[-5.09555,50.14936],[-5.0955,50.147],[-5.09522,50.14466],[-5.09404,50.14311],[-5.09146,50.14151],[-5.09107,50.14082],[-5.09287,50.13817],[-5.09329,50.13537],[-5.09381,50.13495],[-5.09376,50.13448],[-5.09499,50.13347],[-5.09582,50.13171],[-5.0956,50.1308],[-5.09635,50.13032],[-5.09679,50.12919],[-5.09666,50.12828],[-5.09434,50.12447],[-5.09836,50.12336],[-5.09962,50.12334],[-5.10267,50.12623],[-5.10484,50.12712],[-5.11009,50.1307],[-5.11148,50.13084],[-5.11361,50.13054],[-5.11552,50.13139],[-5.11558,50.13192],[-5.11452,50.13347],[-5.11539,50.13463],[-5.11684,50.13452],[-5.11978,50.1376],[-5.12187,50.13676],[-5.12424,50.13665],[-5.12871,50.13364],[-5.13449,50.1343],[-5.13737,50.13628],[-5.13987,50.13578],[-5.14146,50.1359],[-5.14177,50.13608],[-5.14115,50.13648],[-5.14145,50.13715],[-5.14099,50.1381],[-5.14147,50.13876],[-5.14295,50.1392],[-5.1447,50.13916],[-5.14354,50.14079],[-5.14362,50.14144],[-5.1445,50.14207],[-5.14463,50.14352],[-5.14406,50.14405],[-5.14261,50.14374],[-5.1423,50.14411],[-5.14089,50.14374],[-5.13854,50.14472],[-5.13718,50.14611],[-5.1361,50.1484],[-5.13275,50.15121],[-5.13199,50.15339],[-5.13078,50.15394],[-5.12929,50.15533],[-5.12909,50.15609],[-5.12669,50.15703],[-5.1245,50.15963],[-5.12111,50.15994],[-5.1198,50.16048],[-5.11839,50.16079],[-5.11734,50.16159],[-5.11595,50.16137],[-5.11195,50.1629],[-5.11114,50.16258],[-5.1105,50.16263],[-5.10675,50.16454],[-5.10544,50.16468],[-5.10057,50.16452],[-5.09659,50.16368]]]}},{"type":"Feature","properties":{"id":"E01018901","name":"E01018901","parent":"E06000052","type":"LSOA","pop":1568,"r":7,"ff":4,"ffd":255.1,"ffs":0.5714,"g":0,"co":3,"mo":3,"sa":3,"ic":1},"geometry":{"type":"Polygon","coordinates":[[[-5.12405,50.19999],[-5.12469,50.19945],[-5.12398,50.19834],[-5.12362,50.19658],[-5.1214,50.19609],[-5.11794,50.19588],[-5.11323,50.19486],[-5.11097,50.19239],[-5.10655,50.19074],[-5.10293,50.18853],[-5.09876,50.18675],[-5.09318,50.18809],[-5.08905,50.18871],[-5.0856,50.18807],[-5.08517,50.18698],[-5.0865,50.18615],[-5.08925,50.18214],[-5.09016,50.18139],[-5.09499,50.17987],[-5.09687,50.17895],[-5.09907,50.17851],[-5.09897,50.17828],[-5.1021,50.17837],[-5.10345,50.18039],[-5.10677,50.17921],[-5.10934,50.17889],[-5.11184,50.1778],[-5.11235,50.17799],[-5.11361,50.17685],[-5.11519,50.17669],[-5.11935,50.17548],[-5.12063,50.17547],[-5.12008,50.17746],[-5.12068,50.17786],[-5.12069,50.17852],[-5.1218,50.1789],[-5.12847,50.17688],[-5.13101,50.17669],[-5.13112,50.17622],[-5.13801,50.17554],[-5.14024,50.17413],[-5.14263,50.17378],[-5.14409,50.17315],[-5.14527,50.17312],[-5.14786,50.1741],[-5.14973,50.17566],[-5.14669,50.17713],[-5.14754,50.17828],[-5.15018,50.17971],[-5.15199,50.1801],[-5.151,50.18209],[-5.15181,50.18284],[-5.15168,50.18344],[-5.15015,50.18329],[-5.15089,50.18562],[-5.15004,50.18615],[-5.15097,50.1866],[-5.15105,50.18771],[-5.14978,50.18907],[-5.14916,50.1908],[-5.14977,50.19309],[-5.15031,50.19316],[-5.14973,50.19425],[-5.14993,50.19484],[-5.14959,50.19515],[-5.15045,50.19629],[-5.14963,50.19716],[-5.14962,50.19786],[-5.14844,50.19907],[-5.14722,50.19931],[-5.14512,50.19889],[-5.14417,50.19917],[-5.14283,50.19892],[-5.14258,50.19804],[-5.14199,50.19768],[-5.14036,50.19757],[-5.13863,50.1968],[-5.13638,50.19643],[-5.13435,50.19706],[-5.13401,50.19759],[-5.13443,50.19855],[-5.13325,50.1989],[-5.13078,50.19837],[-5.12735,50.19909],[-5.12686,50.19986],[-5.12572,50.19964],[-5.12492,50.20019],[-5.12405,50.19999]]]}},{"type":"Feature","properties":{"id":"E01018902","name":"E01018902","parent":"E06000052","type":"LSOA","pop":1215,"r":1,"ff":0,"ffd":0.0,"ffs":0.0,"g":0,"co":3,"mo":3,"sa":3,"ic":3},"geometry":{"type":"Polygon","coordinates":[[[-5.13867,50.0946],[-5.13823,50.09423],[-5.13534,50.09538],[-5.13381,50.09546],[-5.13392,50.09488],[-5.13558,50.09329],[-5.13573,50.09137],[-5.13504,50.0927],[-5.13444,50.09308],[-5.13287,50.09289],[-5.13256,50.09313],[-5.13207,50.09289],[-5.13123,50.09321],[-5.13149,50.09338],[-5.12978,50.09393],[-5.12854,50.09488],[-5.12493,50.09627],[-5.12478,50.0961],[-5.11828,50.09621],[-5.11714,50.09586],[-5.11599,50.09498],[-5.11504,50.09542],[-5.11436,50.09467],[-5.11332,50.09511],[-5.11327,50.09487],[-5.11255,50.09496],[-5.11246,50.09458],[-5.1115,50.09467],[-5.11145,50.0943],[-5.1107,50.09436],[-5.10904,50.09347],[-5.10829,50.09399],[-5.10628,50.09451],[-5.10522,50.09456],[-5.10483,50.09425],[-5.10432,50.0944],[-5.10359,50.09336],[-5.10263,50.09342],[-5.10223,50.09306],[-5.10258,50.09289],[-5.10088,50.09215],[-5.10023,50.09116],[-5.09869,50.09047],[-5.09718,50.09059],[-5.09586,50.09029],[-5.09592,50.09005],[-5.09393,50.09059],[-5.09306,50.09027],[-5.09253,50.08958],[-5.0931,50.08957],[-5.09257,50.08883],[-5.093,50.08812],[-5.09483,50.08789],[-5.09799,50.08857],[-5.09926,50.08853],[-5.10164,50.08918],[-5.10261,50.08859],[-5.10325,50.08721],[-5.10412,50.08725],[-5.10725,50.08656],[-5.10882,50.08586],[-5.11028,50.08449],[-5.11158,50.08472],[-5.11292,50.08438],[-5.11463,50.0848],[-5.11583,50.08456],[-5.11624,50.08373],[-5.1179,50.08228],[-5.11703,50.08209],[-5.11617,50.08266],[-5.11515,50.0826],[-5.11531,50.08329],[-5.11411,50.08404],[-5.11192,50.08365],[-5.10921,50.08363],[-5.1075,50.08479],[-5.10292,50.08645],[-5.10308,50.08676],[-5.10201,50.08677],[-5.10113,50.08725],[-5.0994,50.08654],[-5.09957,50.08603],[-5.09913,50.08536],[-5.0966,50.08555],[-5.09594,50.08517],[-5.09516,50.08517],[-5.09459,50.08543],[-5.09491,50.08613],[-5.09322,50.08568],[-5.09027,50.08613],[-5.08958,50.08572],[-5.08898,50.08588],[-5.08768,50.0857],[-5.08948,50.0836],[-5.08934,50.08332],[-5.09003,50.08318],[-5.09021,50.0807],[-5.09158,50.08007],[-5.09087,50.07769],[-5.09255,50.076],[-5.09531,50.07624],[-5.09601,50.07488],[-5.0975,50.07346],[-5.09824,50.07003],[-5.10451,50.0662],[-5.10756,50.06542],[-5.1087,50.06625],[-5.1093,50.06595],[-5.11201,50.06572],[-5.11369,50.06742],[-5.1158,50.06683],[-5.11849,50.06538],[-5.1205,50.06471],[-5.12174,50.0647],[-5.12259,50.06528],[-5.12297,50.064],[-5.12383,50.06395],[-5.1247,50.06297],[-5.12599,50.06236],[-5.12459,50.06124],[-5.12449,50.06047],[-5.1267,50.06],[-5.12731,50.06117],[-5.13002,50.06122],[-5.12942,50.06171],[-5.13452,50.0628],[-5.13576,50.06353],[-5.13812,50.06415],[-5.13874,50.06469],[-5.14265,50.06302],[-5.14376,50.06135],[-5.14989,50.06142],[-5.15046,50.06073],[-5.15038,50.06013],[-5.15452,50.05835],[-5.15495,50.05794],[-5.15487,50.05718],[-5.15637,50.05616],[-5.15739,50.05574],[-5.15891,50.05646],[-5.15886,50.05593],[-5.16099,50.05468],[-5.16124,50.05485],[-5.1654,50.05146],[-5.17596,50.04734],[-5.17725,50.04804],[-5.17835,50.04661],[-5.17849,50.05277],[-5.17805,50.05591],[-5.17836,50.05621],[-5.17733,50.05813],[-5.17782,50.05876],[-5.17718,50.05928],[-5.17952,50.05914],[-5.18228,50.05958],[-5.18795,50.06125],[-5.18851,50.06107],[-5.18957,50.05954],[-5.1943,50.06218],[-5.19442,50.06188],[-5.20215,50.06123],[-5.20433,50.06007],[-5.20961,50.06004],[-5.2096,50.06522],[-5.21145,50.06593],[-5.21277,50.06806],[-5.2115,50.06908],[-5.21165,50.07027],[-5.21114,50.07102],[-5.21174,50.0711],[-5.21165,50.0713],[-5.20995,50.07285],[-5.20714,50.07401],[-5.20552,50.07379],[-5.20396,50.07313],[-5.202,50.07304],[-5.20389,50.07636],[-5.2078,50.07767],[-5.20823,50.07645],[-5.20976,50.07653],[-5.21025,50.07704],[-5.20737,50.07892],[-5.20842,50.07957],[-5.21146,50.07828],[-5.21479,50.07783],[-5.21471,50.07849],[-5.21321,50.07995],[-5.21089,50.08135],[-5.21031,50.08253],[-5.20893,50.08323],[-5.20856,50.08274],[-5.20842,50.08322],[-5.20902,50.08412],[-5.21108,50.08473],[-5.21188,50.08552],[-5.21188,50.08621],[-5.21049,50.08671],[-5.20997,50.08771],[-5.20632,50.0898],[-5.20291,50.08958],[-5.20165,50.08982],[-5.2003,50.08961],[-5.20039,50.08876],[-5.19463,50.08928],[-5.19209,50.0883],[-5.18904,50.08756],[-5.18887,50.08685],[-5.19107,50.08556],[-5.19221,50.08436],[-5.19406,50.08369],[-5.19698,50.08147],[-5.19643,50.08145],[-5.19446,50.08242],[-5.19317,50.08157],[-5.1922,50.08003],[-5.19256,50.08132],[-5.19348,50.08233],[-5.1933,50.08289],[-5.19237,50.08351],[-5.19098,50.08377],[-5.1893,50.08512],[-5.18784,50.0855],[-5.18754,50.0859],[-5.18638,50.08587],[-5.18574,50.08754],[-5.18481,50.08799],[-5.17878,50.08959],[-5.17979,50.08749],[-5.1789,50.08588],[-5.17876,50.08722],[-5.17749,50.08937],[-5.17688,50.08941],[-5.17534,50.08859],[-5.17383,50.08855],[-5.17061,50.09056],[-5.1683,50.09097],[-5.16724,50.09026],[-5.16666,50.09121],[-5.16316,50.09186],[-5.16276,50.09159],[-5.16046,50.09138],[-5.1592,50.09182],[-5.15617,50.09222],[-5.15559,50.09291],[-5.15482,50.09319],[-5.15234,50.09275],[-5.15206,50.09184],[-5.15055,50.0905],[-5.15095,50.0902],[-5.14963,50.08897],[-5.14937,50.08814],[-5.1499,50.08788],[-5.14883,50.08771],[-5.14856,50.08575],[-5.14764,50.08534],[-5.14833,50.08691],[-5.14833,50.08869],[-5.14948,50.09027],[-5.14964,50.09145],[-5.1506,50.09221],[-5.15044,50.09334],[-5.15097,50.09412],[-5.14778,50.09531],[-5.14362,50.09582],[-5.1412,50.09647],[-5.13992,50.09655],[-5.13826,50.09587],[-5.13802,50.09504],[-5.13867,50.0946]]]}},{"type":"Feature","properties":{"id":"E01018903","name":"E01018903","parent":"E06000052","type":"LSOA","pop":1303,"r":5,"ff":1,"ffd":76.7,"ffs":0.2,"g":0,"co":1,"mo":3,"sa":3,"ic":3},"geometry":{"type":"Polygon","coordinates":[[[-5.23939,50.08901],[-5.23728,50.08366],[-5.233,50.08433],[-5.22751,50.08457],[-5.22633,50.08527],[-5.22455,50.08486],[-5.22105,50.08506],[-5.21984,50.08474],[-5.2173,50.08549],[-5.21618,50.08531],[-5.21188,50.08552],[-5.21108,50.08473],[-5.20902,50.08412],[-5.20842,50.08322],[-5.20856,50.08274],[-5.20893,50.08323],[-5.21031,50.08253],[-5.21089,50.08135],[-5.21321,50.07995],[-5.21471,50.07849],[-5.21479,50.07783],[-5.21146,50.07828],[-5.20842,50.07957],[-5.20737,50.07892],[-5.21025,50.07704],[-5.20976,50.07653],[-5.20823,50.07645],[-5.2078,50.07767],[-5.20389,50.07636],[-5.202,50.07304],[-5.20396,50.07313],[-5.20552,50.07379],[-5.20714,50.07401],[-5.20995,50.07285],[-5.21165,50.0713],[-5.21174,50.0711],[-5.21114,50.07102],[-5.21165,50.07027],[-5.2115,50.06908],[-5.21277,50.06806],[-5.21145,50.06593],[-5.2096,50.06522],[-5.20961,50.06004],[-5.20433,50.06007],[-5.20215,50.06123],[-5.19442,50.06188],[-5.1943,50.06218],[-5.18957,50.05954],[-5.18851,50.06107],[-5.18795,50.06125],[-5.18228,50.05958],[-5.17952,50.05914],[-5.17718,50.05928],[-5.17782,50.05876],[-5.17733,50.05813],[-5.17836,50.05621],[-5.17805,50.05591],[-5.17849,50.05277],[-5.17835,50.04661],[-5.1885,50.04109],[-5.18983,50.04102],[-5.1934,50.0396],[-5.19943,50.03816],[-5.20386,50.03762],[-5.20828,50.03665],[-5.2122,50.03637],[-5.21852,50.03673],[-5.21992,50.03784],[-5.22153,50.03778],[-5.22262,50.03736],[-5.22342,50.03755],[-5.2247,50.03687],[-5.22617,50.03814],[-5.22581,50.0383],[-5.22775,50.03941],[-5.22857,50.03935],[-5.23105,50.04001],[-5.23321,50.03922],[-5.23431,50.03965],[-5.23675,50.03953],[-5.23694,50.03981],[-5.23904,50.03998],[-5.24046,50.04059],[-5.24164,50.0405],[-5.24667,50.04148],[-5.24945,50.04103],[-5.25028,50.03953],[-5.25283,50.03659],[-5.25515,50.03491],[-5.26008,50.03455],[-5.26129,50.03413],[-5.26203,50.03439],[-5.26313,50.03413],[-5.26534,50.03418],[-5.26543,50.03432],[-5.26606,50.0342],[-5.26608,50.03455],[-5.26696,50.03502],[-5.26641,50.03519],[-5.26693,50.03552],[-5.26623,50.03591],[-5.26662,50.03613],[-5.26642,50.03652],[-5.26704,50.03656],[-5.26712,50.03711],[-5.26646,50.03749],[-5.26816,50.03842],[-5.26874,50.03845],[-5.26893,50.0381],[-5.26979,50.0379],[-5.27003,50.03847],[-5.27137,50.03847],[-5.27075,50.03923],[-5.27008,50.03929],[-5.27036,50.0396],[-5.27001,50.03978],[-5.27156,50.04113],[-5.2723,50.04095],[-5.27277,50.04157],[-5.27369,50.04175],[-5.27421,50.0414],[-5.27459,50.04188],[-5.27519,50.04153],[-5.27547,50.04183],[-5.27615,50.04177],[-5.27682,50.04109],[-5.27693,50.04157],[-5.27768,50.0418],[-5.27811,50.04156],[-5.27785,50.04191],[-5.27817,50.04207],[-5.28005,50.04186],[-5.28019,50.04262],[-5.27904,50.043],[-5.27939,50.04321],[-5.27895,50.04351],[-5.28007,50.04341],[-5.27946,50.04396],[-5.28035,50.04405],[-5.28104,50.04333],[-5.28163,50.04336],[-5.28111,50.04442],[-5.2804,50.04451],[-5.28056,50.04473],[-5.27984,50.04522],[-5.27891,50.0455],[-5.27849,50.04639],[-5.27884,50.04669],[-5.2779,50.04672],[-5.27698,50.04772],[-5.27644,50.0476],[-5.27576,50.04823],[-5.27559,50.05025],[-5.27675,50.05029],[-5.27745,50.05068],[-5.27709,50.05098],[-5.27786,50.05119],[-5.27695,50.05208],[-5.27754,50.05281],[-5.27869,50.05281],[-5.27855,50.05323],[-5.27891,50.05338],[-5.27836,50.0549],[-5.28316,50.06013],[-5.28596,50.06252],[-5.28652,50.06261],[-5.28688,50.06337],[-5.28744,50.06339],[-5.28865,50.06466],[-5.28967,50.06509],[-5.29027,50.06606],[-5.29695,50.07034],[-5.29469,50.07066],[-5.29122,50.07158],[-5.28629,50.07109],[-5.28426,50.07122],[-5.27958,50.07364],[-5.27718,50.07404],[-5.2752,50.07465],[-5.27544,50.07513],[-5.27425,50.07518],[-5.27136,50.0762],[-5.26837,50.07815],[-5.26232,50.08039],[-5.25842,50.08309],[-5.25296,50.08504],[-5.2457,50.08673],[-5.24431,50.08982],[-5.24459,50.09093],[-5.2442,50.09291],[-5.24511,50.09371],[-5.24526,50.09418],[-5.24446,50.09475],[-5.24127,50.09566],[-5.23972,50.09571],[-5.23646,50.09255],[-5.23678,50.09163],[-5.23902,50.08996],[-5.23939,50.08901]]]}},{"type":"Feature","properties":{"id":"E01018904","name":"E01018904","parent":"E06000052","type":"LSOA","pop":2186,"r":1,"ff":0,"ffd":0.0,"ffs":0.0,"g":0,"co":1,"mo":3,"sa":3,"ic":3},"geometry":{"type":"MultiPolygon","coordinates":[[[[-5.23442,49.97426],[-5.23251,49.97427],[-5.23176,49.97319],[-5.23303,49.97338],[-5.23284,49.97356],[-5.23322,49.97384],[-5.23451,49.97393],[-5.23442,49.97426]]],[[[-5.26611,50.01264],[-5.26589,50.01254],[-5.26625,50.01243],[-5.2651,50.01182],[-5.26549,50.01143],[-5.26673,50.0119],[-5.26722,50.01155],[-5.26874,50.01189],[-5.26861,50.01216],[-5.26716,50.01242],[-5.2674,50.01292],[-5.26705,50.01326],[-5.26634,50.01309],[-5.26611,50.01264]]],[[[-5.26238,50.03431],[-5.26243,50.03429],[-5.2624,50.03431],[-5.26238,50.03431]]],[[[-5.24667,50.04148],[-5.24164,50.0405],[-5.24046,50.04059],[-5.23904,50.03998],[-5.23694,50.03981],[-5.23675,50.03953],[-5.23431,50.03965],[-5.23321,50.03922],[-5.23105,50.04001],[-5.22857,50.03935],[-5.22775,50.03941],[-5.22581,50.0383],[-5.22617,50.03814],[-5.2247,50.03687],[-5.22342,50.03755],[-5.22262,50.03736],[-5.22153,50.03778],[-5.21992,50.03784],[-5.21852,50.03673],[-5.2122,50.03637],[-5.20828,50.03665],[-5.20386,50.03762],[-5.19943,50.03816],[-5.1934,50.0396],[-5.18983,50.04102],[-5.1885,50.04109],[-5.19595,50.03591],[-5.20524,50.03081],[-5.20467,50.03062],[-5.21112,50.02665],[-5.21383,50.02419],[-5.21491,50.02215],[-5.21553,50.01876],[-5.21511,50.01769],[-5.21641,50.01358],[-5.21911,50.01279],[-5.22086,50.01058],[-5.21716,50.00356],[-5.22495,50.00322],[-5.22403,49.99985],[-5.22609,49.99666],[-5.22616,49.99141],[-5.2254,49.99064],[-5.22386,49.99015],[-5.22339,49.9898],[-5.22346,49.98935],[-5.22151,49.98853],[-5.22008,49.98732],[-5.21932,49.98619],[-5.21904,49.98461],[-5.222,49.98368],[-5.22314,49.98215],[-5.22471,49.98229],[-5.22577,49.98152],[-5.22608,49.97999],[-5.22768,49.97885],[-5.22804,49.97812],[-5.23036,49.97742],[-5.23126,49.97657],[-5.23149,49.97551],[-5.23112,49.97498],[-5.23166,49.97445],[-5.23557,49.97598],[-5.23599,49.97558],[-5.23617,49.97571],[-5.23581,49.97601],[-5.23625,49.9765],[-5.23751,49.97657],[-5.2372,49.97588],[-5.23775,49.97572],[-5.23851,49.97569],[-5.23896,49.97601],[-5.23946,49.97563],[-5.24001,49.97604],[-5.24033,49.97577],[-5.24102,49.97608],[-5.24108,49.97573],[-5.24185,49.97588],[-5.24192,49.97555],[-5.24237,49.97564],[-5.24188,49.97524],[-5.24195,49.97465],[-5.24364,49.97515],[-5.24475,49.97598],[-5.2447,49.97571],[-5.24513,49.97592],[-5.24496,49.97566],[-5.24523,49.97577],[-5.2452,49.97552],[-5.24539,49.97576],[-5.24535,49.9754],[-5.24563,49.9755],[-5.2469,49.97702],[-5.24533,49.97759],[-5.24663,49.97832],[-5.24633,49.9793],[-5.24665,49.97957],[-5.24874,49.97934],[-5.2489,49.97961],[-5.24862,49.98002],[-5.24733,49.98003],[-5.24774,49.98132],[-5.24615,49.98149],[-5.24714,49.9818],[-5.24688,49.98188],[-5.24696,49.98239],[-5.24632,49.98209],[-5.24557,49.98216],[-5.24702,49.98279],[-5.24726,49.98304],[-5.24664,49.98305],[-5.24713,49.98322],[-5.24693,49.98342],[-5.24517,49.98376],[-5.24454,49.98371],[-5.24455,49.98386],[-5.24391,49.98396],[-5.24494,49.9842],[-5.24483,49.98491],[-5.24563,49.98502],[-5.24509,49.98535],[-5.24551,49.98571],[-5.24623,49.9855],[-5.24644,49.9859],[-5.247,49.98575],[-5.24796,49.986],[-5.24796,49.98629],[-5.2494,49.98589],[-5.25214,49.98757],[-5.25291,49.98642],[-5.25354,49.98765],[-5.25508,49.98828],[-5.25514,49.9889],[-5.25465,49.98909],[-5.25497,49.98952],[-5.2544,49.98939],[-5.254,49.98961],[-5.25412,49.99044],[-5.25323,49.99013],[-5.25135,49.99137],[-5.25178,49.9919],[-5.25263,49.99178],[-5.25202,49.99251],[-5.25265,49.99406],[-5.25385,49.99471],[-5.25425,49.99476],[-5.2542,49.9945],[-5.25484,49.99509],[-5.25439,49.99541],[-5.25453,49.99664],[-5.25511,49.99676],[-5.25531,49.99744],[-5.25576,49.99704],[-5.25633,49.99738],[-5.2568,49.997],[-5.25755,49.99724],[-5.25741,49.99703],[-5.25832,49.9966],[-5.25879,49.997],[-5.25919,49.99649],[-5.25904,49.99672],[-5.25962,49.99649],[-5.26047,49.99667],[-5.26177,49.99746],[-5.26444,49.99821],[-5.26373,49.99818],[-5.26512,49.99868],[-5.26498,49.99938],[-5.26536,49.99891],[-5.26563,49.99992],[-5.26616,49.99977],[-5.26625,50.00038],[-5.26684,50.00046],[-5.2657,50.0015],[-5.26684,50.0013],[-5.2663,50.00176],[-5.26682,50.0018],[-5.26626,50.00237],[-5.26663,50.00248],[-5.26635,50.00283],[-5.26786,50.00279],[-5.26706,50.00342],[-5.26793,50.00339],[-5.26756,50.00393],[-5.26793,50.00413],[-5.26783,50.00466],[-5.26832,50.00436],[-5.26797,50.00479],[-5.26852,50.00468],[-5.26783,50.00521],[-5.26823,50.00521],[-5.26788,50.00555],[-5.26819,50.00593],[-5.26758,50.00661],[-5.26692,50.00633],[-5.26599,50.00675],[-5.26547,50.00644],[-5.26551,50.00704],[-5.26524,50.00684],[-5.26431,50.00718],[-5.26477,50.0076],[-5.26385,50.008],[-5.26414,50.0082],[-5.26378,50.00823],[-5.26414,50.00871],[-5.26372,50.00867],[-5.26373,50.00909],[-5.26229,50.00954],[-5.26247,50.01008],[-5.26161,50.01054],[-5.26193,50.01116],[-5.26142,50.01111],[-5.26149,50.01191],[-5.26084,50.01171],[-5.2611,50.01264],[-5.26042,50.01233],[-5.26047,50.01313],[-5.2592,50.01268],[-5.25925,50.01305],[-5.25873,50.01287],[-5.25841,50.01307],[-5.25857,50.0135],[-5.25774,50.01437],[-5.25888,50.01497],[-5.2581,50.01499],[-5.258,50.01541],[-5.25906,50.01543],[-5.25928,50.01498],[-5.2594,50.01594],[-5.26023,50.01618],[-5.26072,50.016],[-5.26134,50.01661],[-5.26073,50.01676],[-5.26046,50.01641],[-5.26008,50.01694],[-5.25952,50.01657],[-5.25878,50.01911],[-5.2578,50.02004],[-5.25731,50.02011],[-5.25736,50.02087],[-5.25656,50.02101],[-5.25592,50.02171],[-5.25646,50.02204],[-5.25647,50.02229],[-5.25588,50.02278],[-5.2563,50.02361],[-5.25694,50.02397],[-5.25822,50.02363],[-5.25863,50.02388],[-5.25762,50.02451],[-5.25949,50.02471],[-5.26,50.02524],[-5.26047,50.02505],[-5.26111,50.02529],[-5.26065,50.02623],[-5.26148,50.02598],[-5.26231,50.02668],[-5.26208,50.02713],[-5.26246,50.02683],[-5.26272,50.0271],[-5.26324,50.02697],[-5.26275,50.02745],[-5.26296,50.02775],[-5.26351,50.02774],[-5.26496,50.02895],[-5.26484,50.0293],[-5.26528,50.02932],[-5.26559,50.02992],[-5.26537,50.03075],[-5.26605,50.03083],[-5.26582,50.03145],[-5.26505,50.0319],[-5.26293,50.03229],[-5.26172,50.03291],[-5.26124,50.03334],[-5.2619,50.03423],[-5.26129,50.03413],[-5.26008,50.03455],[-5.25515,50.03491],[-5.25283,50.03659],[-5.25028,50.03953],[-5.24945,50.04103],[-5.24667,50.04148]]]]}},{"type":"Feature","properties":{"id":"E01018905","name":"E01018905","parent":"E06000052","type":"LSOA","pop":1504,"r":7,"ff":3,"ffd":199.5,"ffs":0.4286,"g":0,"co":1,"mo":3,"sa":3,"ic":3},"geometry":{"type":"Polygon","coordinates":[[[-5.27183,50.14715],[-5.26978,50.14638],[-5.26793,50.14477],[-5.26598,50.14368],[-5.26537,50.14265],[-5.26241,50.1412],[-5.26059,50.13872],[-5.25815,50.13808],[-5.2563,50.13806],[-5.25547,50.13751],[-5.25334,50.13567],[-5.25356,50.13475],[-5.25536,50.13326],[-5.25572,50.13233],[-5.25531,50.13126],[-5.25571,50.13067],[-5.25817,50.12933],[-5.2602,50.12769],[-5.26161,50.12617],[-5.26416,50.12436],[-5.26688,50.12356],[-5.26789,50.12231],[-5.26777,50.12159],[-5.26962,50.12056],[-5.27088,50.12185],[-5.27299,50.12224],[-5.27465,50.12192],[-5.27816,50.11969],[-5.27965,50.1194],[-5.28127,50.1195],[-5.28391,50.11721],[-5.2836,50.11707],[-5.28441,50.11619],[-5.28316,50.11611],[-5.28213,50.11662],[-5.28175,50.11597],[-5.28065,50.11529],[-5.28066,50.1144],[-5.28016,50.11495],[-5.27889,50.11461],[-5.27843,50.1141],[-5.27877,50.1137],[-5.28085,50.11254],[-5.28044,50.1114],[-5.2825,50.11093],[-5.28227,50.11044],[-5.28586,50.11091],[-5.28678,50.10938],[-5.29017,50.10795],[-5.29577,50.10474],[-5.29708,50.10496],[-5.29704,50.10393],[-5.2976,50.10382],[-5.29633,50.10188],[-5.29369,50.09929],[-5.29469,50.09588],[-5.29497,50.09319],[-5.29336,50.09174],[-5.28996,50.0898],[-5.2841,50.08896],[-5.28245,50.08899],[-5.28225,50.08853],[-5.28252,50.08698],[-5.28396,50.08662],[-5.287,50.08534],[-5.2889,50.08308],[-5.28967,50.07689],[-5.29136,50.07371],[-5.29122,50.07158],[-5.29469,50.07066],[-5.29695,50.07034],[-5.3032,50.07446],[-5.29978,50.07665],[-5.29799,50.0768],[-5.29863,50.07724],[-5.30637,50.07921],[-5.30726,50.07984],[-5.30821,50.08166],[-5.30645,50.08332],[-5.30743,50.08386],[-5.30692,50.08408],[-5.30727,50.08438],[-5.30777,50.08445],[-5.3085,50.08496],[-5.30734,50.08563],[-5.30733,50.08664],[-5.3092,50.08708],[-5.30985,50.0868],[-5.31014,50.08722],[-5.30924,50.08721],[-5.30944,50.08789],[-5.31082,50.08861],[-5.3125,50.08894],[-5.31272,50.08927],[-5.31264,50.08946],[-5.31397,50.0898],[-5.31409,50.09032],[-5.31522,50.09047],[-5.31545,50.09125],[-5.31713,50.0909],[-5.31757,50.09131],[-5.31918,50.09139],[-5.31918,50.09247],[-5.31973,50.09418],[-5.32022,50.09853],[-5.31927,50.10194],[-5.31779,50.10537],[-5.31959,50.10865],[-5.31947,50.10902],[-5.31892,50.10912],[-5.31943,50.10971],[-5.31824,50.11203],[-5.31801,50.11454],[-5.31481,50.11535],[-5.31334,50.11636],[-5.31307,50.11592],[-5.31238,50.11725],[-5.31231,50.11807],[-5.31622,50.12131],[-5.31614,50.12517],[-5.31676,50.12652],[-5.31629,50.12811],[-5.31675,50.12958],[-5.3144,50.12994],[-5.3164,50.13134],[-5.31451,50.13345],[-5.31436,50.13437],[-5.31309,50.13442],[-5.31197,50.1366],[-5.31124,50.13962],[-5.30811,50.14173],[-5.30287,50.14374],[-5.29808,50.14514],[-5.29493,50.147],[-5.29082,50.14853],[-5.28892,50.14858],[-5.28574,50.14605],[-5.28282,50.14669],[-5.27804,50.14892],[-5.27621,50.14919],[-5.27369,50.14843],[-5.27183,50.14715]]]}},{"type":"Feature","properties":{"id":"E01018906","name":"E01018906","parent":"E06000052","type":"LSOA","pop":1076,"r":7,"ff":3,"ffd":278.8,"ffs":0.4286,"g":0,"co":3,"mo":3,"sa":3,"ic":3},"geometry":{"type":"Polygon","coordinates":[[[-5.31757,50.09131],[-5.31713,50.0909],[-5.31545,50.09125],[-5.31522,50.09047],[-5.31409,50.09032],[-5.31397,50.0898],[-5.31264,50.08946],[-5.31317,50.08881],[-5.31369,50.08893],[-5.31305,50.08795],[-5.31408,50.08706],[-5.31451,50.08718],[-5.31477,50.0869],[-5.31362,50.08665],[-5.31426,50.08636],[-5.31451,50.08553],[-5.31419,50.08565],[-5.31347,50.08514],[-5.31254,50.08539],[-5.31225,50.0853],[-5.31013,50.08591],[-5.30907,50.08489],[-5.31018,50.0844],[-5.31065,50.08489],[-5.31158,50.08458],[-5.31188,50.08482],[-5.31334,50.08402],[-5.31291,50.08361],[-5.31327,50.08287],[-5.31229,50.08238],[-5.31339,50.08188],[-5.3134,50.0816],[-5.31419,50.08146],[-5.31326,50.08096],[-5.31343,50.08081],[-5.31653,50.08186],[-5.31699,50.08177],[-5.31715,50.08212],[-5.31847,50.08167],[-5.3158,50.08295],[-5.3163,50.08522],[-5.31764,50.08514],[-5.31774,50.08479],[-5.31712,50.08386],[-5.31643,50.08399],[-5.31695,50.08367],[-5.31654,50.08328],[-5.31809,50.08268],[-5.3207,50.08271],[-5.32154,50.08227],[-5.32131,50.08275],[-5.32226,50.08279],[-5.32279,50.08399],[-5.32365,50.08462],[-5.32407,50.08444],[-5.32423,50.08476],[-5.32515,50.08466],[-5.32654,50.0851],[-5.32656,50.08542],[-5.32716,50.08543],[-5.32767,50.08742],[-5.32816,50.08725],[-5.32859,50.08765],[-5.32683,50.08919],[-5.32712,50.08967],[-5.32297,50.09125],[-5.32143,50.09268],[-5.31966,50.09319],[-5.31973,50.09418],[-5.31918,50.09247],[-5.31918,50.09139],[-5.31757,50.09131]]]}},{"type":"Feature","properties":{"id":"E01018907","name":"E01018907","parent":"E06000052","type":"LSOA","pop":1286,"r":7,"ff":3,"ffd":233.3,"ffs":0.4286,"g":0,"co":3,"mo":3,"sa":3,"ic":3},"geometry":{"type":"Polygon","coordinates":[[[-5.3125,50.08894],[-5.31082,50.08861],[-5.30944,50.08789],[-5.30924,50.08721],[-5.31014,50.08722],[-5.30985,50.0868],[-5.3092,50.08708],[-5.30733,50.08664],[-5.30734,50.08563],[-5.3085,50.08496],[-5.30777,50.08445],[-5.30727,50.08438],[-5.30692,50.08408],[-5.30743,50.08386],[-5.30645,50.08332],[-5.30821,50.08166],[-5.30726,50.07984],[-5.30637,50.07921],[-5.29863,50.07724],[-5.29799,50.0768],[-5.29978,50.07665],[-5.3032,50.07446],[-5.30805,50.07764],[-5.30923,50.07876],[-5.31056,50.07916],[-5.31343,50.08081],[-5.31326,50.08096],[-5.31419,50.08146],[-5.3134,50.0816],[-5.31339,50.08188],[-5.31229,50.08238],[-5.31327,50.08287],[-5.31291,50.08361],[-5.31334,50.08402],[-5.31188,50.08482],[-5.31158,50.08458],[-5.31065,50.08489],[-5.31018,50.0844],[-5.30907,50.08489],[-5.31013,50.08591],[-5.31225,50.0853],[-5.31254,50.08539],[-5.31347,50.08514],[-5.31419,50.08565],[-5.31451,50.08553],[-5.31426,50.08636],[-5.31362,50.08665],[-5.31477,50.0869],[-5.31451,50.08718],[-5.31408,50.08706],[-5.31305,50.08795],[-5.31369,50.08893],[-5.31317,50.08881],[-5.31272,50.08927],[-5.3125,50.08894]]]}},{"type":"Feature","properties":{"id":"E01018908","name":"E01018908","parent":"E06000052","type":"LSOA","pop":2034,"r":33,"ff":11,"ffd":540.8,"ffs":0.4231,"g":7,"co":0,"mo":0,"sa":3,"ic":1},"geometry":{"type":"Polygon","coordinates":[[[-5.21063,50.25966],[-5.20925,50.25944],[-5.20561,50.25987],[-5.20177,50.25922],[-5.20033,50.25808],[-5.19895,50.25594],[-5.19652,50.25516],[-5.19757,50.25318],[-5.20016,50.25263],[-5.20235,50.25139],[-5.20962,50.25009],[-5.2097,50.24971],[-5.20852,50.24899],[-5.21298,50.24562],[-5.21416,50.2442],[-5.2146,50.24418],[-5.21593,50.24201],[-5.21773,50.2433],[-5.2175,50.24366],[-5.21833,50.24392],[-5.21808,50.24411],[-5.21964,50.2447],[-5.21904,50.24518],[-5.21973,50.24474],[-5.22021,50.24425],[-5.22112,50.24463],[-5.22156,50.24445],[-5.22329,50.24675],[-5.2241,50.24702],[-5.22534,50.24682],[-5.22615,50.24704],[-5.22548,50.2474],[-5.2262,50.24802],[-5.22923,50.24648],[-5.23333,50.24401],[-5.23384,50.24432],[-5.23455,50.24421],[-5.23496,50.24344],[-5.2369,50.24209],[-5.23695,50.24167],[-5.23917,50.24059],[-5.24226,50.23866],[-5.24079,50.23856],[-5.23971,50.23693],[-5.24006,50.23626],[-5.23918,50.23595],[-5.24166,50.23192],[-5.24243,50.23232],[-5.24309,50.23155],[-5.24304,50.23078],[-5.24361,50.23068],[-5.24493,50.23153],[-5.24762,50.23233],[-5.25202,50.23405],[-5.25317,50.23566],[-5.25309,50.23631],[-5.25339,50.2373],[-5.25239,50.24026],[-5.25215,50.24266],[-5.25355,50.24529],[-5.25371,50.24683],[-5.25541,50.24946],[-5.25589,50.25216],[-5.25663,50.25274],[-5.25765,50.25528],[-5.25941,50.25701],[-5.26183,50.2579],[-5.26009,50.25863],[-5.25832,50.25868],[-5.25297,50.2597],[-5.24966,50.25987],[-5.24763,50.2616],[-5.24178,50.26391],[-5.23918,50.26425],[-5.23359,50.26623],[-5.23075,50.26757],[-5.22758,50.2677],[-5.22598,50.26722],[-5.22328,50.2651],[-5.21883,50.26482],[-5.21837,50.26438],[-5.21545,50.26343],[-5.21063,50.25966]]]}},{"type":"Feature","properties":{"id":"E01018909","name":"E01018909","parent":"E06000052","type":"LSOA","pop":1723,"r":35,"ff":13,"ffd":754.5,"ffs":0.4643,"g":7,"co":0,"mo":0,"sa":3,"ic":1},"geometry":{"type":"Polygon","coordinates":[[[-5.21416,50.2442],[-5.21701,50.23954],[-5.22083,50.23647],[-5.22285,50.23621],[-5.22507,50.23634],[-5.22615,50.23553],[-5.22579,50.23526],[-5.22493,50.23535],[-5.22506,50.23503],[-5.22451,50.2349],[-5.22713,50.23439],[-5.22789,50.23445],[-5.22851,50.2353],[-5.22902,50.23517],[-5.22885,50.23589],[-5.2274,50.2376],[-5.22952,50.2382],[-5.23052,50.23754],[-5.23184,50.23904],[-5.23084,50.23966],[-5.23035,50.23933],[-5.22894,50.23995],[-5.22963,50.24037],[-5.22505,50.24192],[-5.22545,50.24015],[-5.22364,50.23988],[-5.22325,50.24159],[-5.22165,50.24283],[-5.21915,50.24245],[-5.2187,50.24209],[-5.21828,50.24248],[-5.21737,50.24234],[-5.21722,50.24189],[-5.21629,50.24182],[-5.21593,50.24201],[-5.2146,50.24418],[-5.21416,50.2442]]]}},{"type":"Feature","properties":{"id":"E01018910","name":"E01018910","parent":"E06000052","type":"LSOA","pop":2136,"r":35,"ff":13,"ffd":608.6,"ffs":0.4643,"g":7,"co":0,"mo":0,"sa":3,"ic":1},"geometry":{"type":"Polygon","coordinates":[[[-5.22615,50.24704],[-5.22534,50.24682],[-5.2241,50.24702],[-5.22329,50.24675],[-5.22156,50.24445],[-5.22112,50.24463],[-5.22021,50.24425],[-5.21973,50.24474],[-5.21904,50.24518],[-5.21964,50.2447],[-5.21808,50.24411],[-5.21833,50.24392],[-5.2175,50.24366],[-5.21773,50.2433],[-5.21593,50.24201],[-5.21629,50.24182],[-5.21722,50.24189],[-5.21737,50.24234],[-5.21828,50.24248],[-5.2187,50.24209],[-5.21915,50.24245],[-5.22165,50.24283],[-5.22325,50.24159],[-5.22364,50.23988],[-5.22545,50.24015],[-5.22505,50.24192],[-5.22963,50.24037],[-5.22894,50.23995],[-5.23035,50.23933],[-5.23084,50.23966],[-5.23184,50.23904],[-5.23052,50.23754],[-5.23006,50.23771],[-5.22911,50.23742],[-5.22959,50.23699],[-5.23067,50.23682],[-5.23095,50.23734],[-5.23252,50.23752],[-5.23366,50.23734],[-5.2338,50.23655],[-5.23444,50.23645],[-5.23401,50.23743],[-5.23524,50.23787],[-5.23576,50.23757],[-5.23566,50.23799],[-5.2371,50.23859],[-5.23598,50.24018],[-5.23734,50.24063],[-5.2369,50.24209],[-5.23496,50.24344],[-5.23455,50.24421],[-5.23384,50.24432],[-5.23333,50.24401],[-5.22923,50.24648],[-5.2262,50.24802],[-5.22548,50.2474],[-5.22615,50.24704]]]}},{"type":"Feature","properties":{"id":"E01018911","name":"E01018911","parent":"E06000052","type":"LSOA","pop":1889,"r":35,"ff":13,"ffd":688.2,"ffs":0.4643,"g":7,"co":0,"mo":0,"sa":3,"ic":1},"geometry":{"type":"Polygon","coordinates":[[[-5.23566,50.23799],[-5.23576,50.23757],[-5.23524,50.23787],[-5.23401,50.23743],[-5.23444,50.23645],[-5.2338,50.23655],[-5.23366,50.23734],[-5.23252,50.23752],[-5.23095,50.23734],[-5.23067,50.23682],[-5.22959,50.23699],[-5.22911,50.23742],[-5.23006,50.23771],[-5.22952,50.2382],[-5.2274,50.2376],[-5.22885,50.23589],[-5.22902,50.23517],[-5.22851,50.2353],[-5.22789,50.23445],[-5.22713,50.23439],[-5.22451,50.2349],[-5.22506,50.23503],[-5.22493,50.23535],[-5.22579,50.23526],[-5.22615,50.23553],[-5.22507,50.23634],[-5.22285,50.23621],[-5.22083,50.23647],[-5.22326,50.23467],[-5.22514,50.23427],[-5.23082,50.23256],[-5.23201,50.23313],[-5.23241,50.2329],[-5.23375,50.23347],[-5.2347,50.23228],[-5.2361,50.23204],[-5.23626,50.23245],[-5.23733,50.23275],[-5.2379,50.23265],[-5.23793,50.23216],[-5.23898,50.23189],[-5.24055,50.23168],[-5.24143,50.2321],[-5.24166,50.23192],[-5.23918,50.23595],[-5.24006,50.23626],[-5.23971,50.23693],[-5.24079,50.23856],[-5.24226,50.23866],[-5.23917,50.24059],[-5.23695,50.24167],[-5.23734,50.24063],[-5.23598,50.24018],[-5.2371,50.23859],[-5.23566,50.23799]]]}},{"type":"Feature","properties":{"id":"E01018912","name":"E01018912","parent":"E06000052","type":"LSOA","pop":2151,"r":36,"ff":13,"ffd":604.4,"ffs":0.4483,"g":7,"co":0,"mo":0,"sa":3,"ic":1},"geometry":{"type":"Polygon","coordinates":[[[-5.19758,50.24669],[-5.19801,50.24262],[-5.19868,50.24263],[-5.20018,50.24168],[-5.1995,50.24099],[-5.20215,50.24024],[-5.20084,50.237],[-5.20112,50.23658],[-5.20333,50.23636],[-5.20429,50.23588],[-5.20976,50.23455],[-5.21025,50.23482],[-5.2129,50.23478],[-5.21446,50.23507],[-5.21608,50.23372],[-5.21683,50.2325],[-5.21784,50.23257],[-5.2188,50.23239],[-5.21944,50.23271],[-5.22193,50.23266],[-5.22202,50.23342],[-5.22265,50.23371],[-5.22125,50.23527],[-5.22173,50.23567],[-5.21701,50.23954],[-5.21416,50.2442],[-5.21298,50.24562],[-5.20852,50.24899],[-5.2097,50.24971],[-5.20962,50.25009],[-5.20235,50.25139],[-5.20254,50.25049],[-5.20185,50.25032],[-5.2004,50.24857],[-5.19758,50.24669]]]}},{"type":"Feature","properties":{"id":"E01018913","name":"E01018913","parent":"E06000052","type":"LSOA","pop":1893,"r":35,"ff":13,"ffd":686.7,"ffs":0.4643,"g":7,"co":0,"mo":0,"sa":3,"ic":1},"geometry":{"type":"Polygon","coordinates":[[[-5.22092,50.23235],[-5.22012,50.23167],[-5.22052,50.2312],[-5.22013,50.23062],[-5.22064,50.23044],[-5.22043,50.23018],[-5.22097,50.22952],[-5.22114,50.22893],[-5.22044,50.22786],[-5.22134,50.22739],[-5.22187,50.2278],[-5.22204,50.22872],[-5.22265,50.22893],[-5.22221,50.22927],[-5.22363,50.22957],[-5.22395,50.23043],[-5.22463,50.23027],[-5.2243,50.22986],[-5.22613,50.23172],[-5.22647,50.23166],[-5.22519,50.22956],[-5.22622,50.22909],[-5.22705,50.22959],[-5.22723,50.22924],[-5.22824,50.22939],[-5.22825,50.22969],[-5.22883,50.22993],[-5.22985,50.22984],[-5.22991,50.22944],[-5.23083,50.22921],[-5.23211,50.23101],[-5.23041,50.23128],[-5.23078,50.23142],[-5.23042,50.2321],[-5.23082,50.23256],[-5.22514,50.23427],[-5.22326,50.23467],[-5.22173,50.23567],[-5.22125,50.23527],[-5.22265,50.23371],[-5.22202,50.23342],[-5.22193,50.23266],[-5.22101,50.23261],[-5.22092,50.23235]]]}},{"type":"Feature","properties":{"id":"E01018914","name":"E01018914","parent":"E06000052","type":"LSOA","pop":2201,"r":35,"ff":13,"ffd":590.6,"ffs":0.4643,"g":7,"co":0,"mo":0,"sa":3,"ic":1},"geometry":{"type":"Polygon","coordinates":[[[-5.23375,50.23347],[-5.23241,50.2329],[-5.23201,50.23313],[-5.23082,50.23256],[-5.23042,50.2321],[-5.23078,50.23142],[-5.23041,50.23128],[-5.23211,50.23101],[-5.23083,50.22921],[-5.22991,50.22944],[-5.22787,50.22872],[-5.2285,50.22668],[-5.22779,50.22663],[-5.22771,50.22718],[-5.22683,50.2271],[-5.22623,50.22794],[-5.22542,50.22774],[-5.22578,50.22726],[-5.22539,50.22676],[-5.22605,50.22494],[-5.22411,50.2261],[-5.22359,50.22707],[-5.22419,50.22841],[-5.2228,50.22746],[-5.22252,50.2276],[-5.22165,50.22659],[-5.22243,50.22603],[-5.22203,50.22497],[-5.22012,50.22487],[-5.21931,50.22442],[-5.21904,50.22472],[-5.21839,50.22428],[-5.22002,50.22373],[-5.21764,50.2226],[-5.21541,50.22068],[-5.21648,50.21958],[-5.21696,50.21812],[-5.21811,50.21692],[-5.21861,50.21688],[-5.21827,50.21602],[-5.21855,50.21535],[-5.22499,50.21096],[-5.22797,50.20949],[-5.22847,50.21102],[-5.22913,50.21126],[-5.23015,50.21111],[-5.23734,50.21809],[-5.23686,50.22018],[-5.23817,50.22287],[-5.23808,50.22386],[-5.23927,50.22506],[-5.23953,50.2262],[-5.24361,50.23068],[-5.24304,50.23078],[-5.24309,50.23155],[-5.24243,50.23232],[-5.24166,50.23192],[-5.24143,50.2321],[-5.24055,50.23168],[-5.23793,50.23216],[-5.2379,50.23265],[-5.23733,50.23275],[-5.23626,50.23245],[-5.2361,50.23204],[-5.2347,50.23228],[-5.23375,50.23347]]]}},{"type":"Feature","properties":{"id":"E01018915","name":"E01018915","parent":"E06000052","type":"LSOA","pop":2246,"r":34,"ff":12,"ffd":534.3,"ffs":0.4444,"g":7,"co":0,"mo":0,"sa":3,"ic":1},"geometry":{"type":"Polygon","coordinates":[[[-5.21944,50.23271],[-5.2188,50.23239],[-5.21784,50.23257],[-5.21683,50.2325],[-5.21622,50.23212],[-5.21656,50.23153],[-5.21638,50.23028],[-5.21082,50.22517],[-5.21352,50.22465],[-5.21839,50.22428],[-5.21904,50.22472],[-5.21931,50.22442],[-5.22012,50.22487],[-5.22203,50.22497],[-5.22243,50.22603],[-5.22165,50.22659],[-5.22252,50.2276],[-5.2228,50.22746],[-5.22419,50.22841],[-5.22359,50.22707],[-5.22411,50.2261],[-5.22605,50.22494],[-5.22539,50.22676],[-5.22578,50.22726],[-5.22542,50.22774],[-5.22623,50.22794],[-5.22683,50.2271],[-5.22771,50.22718],[-5.22779,50.22663],[-5.2285,50.22668],[-5.22787,50.22872],[-5.22991,50.22944],[-5.22985,50.22984],[-5.22883,50.22993],[-5.22825,50.22969],[-5.22824,50.22939],[-5.22723,50.22924],[-5.22705,50.22959],[-5.22622,50.22909],[-5.22519,50.22956],[-5.22647,50.23166],[-5.22613,50.23172],[-5.2243,50.22986],[-5.22463,50.23027],[-5.22395,50.23043],[-5.22363,50.22957],[-5.22221,50.22927],[-5.22265,50.22893],[-5.22204,50.22872],[-5.22187,50.2278],[-5.22134,50.22739],[-5.22044,50.22786],[-5.22114,50.22893],[-5.22097,50.22952],[-5.22043,50.23018],[-5.22064,50.23044],[-5.22013,50.23062],[-5.22052,50.2312],[-5.22012,50.23167],[-5.22101,50.23261],[-5.21944,50.23271]]]}},{"type":"Feature","properties":{"id":"E01018916","name":"E01018916","parent":"E06000052","type":"LSOA","pop":1392,"r":30,"ff":9,"ffd":646.6,"ffs":0.3913,"g":7,"co":0,"mo":0,"sa":3,"ic":1},"geometry":{"type":"Polygon","coordinates":[[[-5.18535,50.22116],[-5.18488,50.21897],[-5.18365,50.2193],[-5.18349,50.21913],[-5.18387,50.21828],[-5.18287,50.21719],[-5.18194,50.21496],[-5.18255,50.21492],[-5.18249,50.2147],[-5.18478,50.21476],[-5.18422,50.21281],[-5.18186,50.21275],[-5.1818,50.21206],[-5.18237,50.21206],[-5.18429,50.2101],[-5.18509,50.21039],[-5.18574,50.20967],[-5.18748,50.20902],[-5.18785,50.20818],[-5.18941,50.20795],[-5.19015,50.20725],[-5.19029,50.2059],[-5.19251,50.20533],[-5.19557,50.20338],[-5.19931,50.20187],[-5.20062,50.20256],[-5.20344,50.20137],[-5.20459,50.2014],[-5.20566,50.20198],[-5.20614,50.20401],[-5.20739,50.20443],[-5.21409,50.20443],[-5.21598,50.20418],[-5.21689,50.20447],[-5.22271,50.20359],[-5.22648,50.20415],[-5.22907,50.20598],[-5.22915,50.20657],[-5.22835,50.20748],[-5.22797,50.20949],[-5.22499,50.21096],[-5.21855,50.21535],[-5.21827,50.21602],[-5.21861,50.21688],[-5.21811,50.21692],[-5.21696,50.21812],[-5.21648,50.21958],[-5.21473,50.21975],[-5.21356,50.21935],[-5.21379,50.21865],[-5.21318,50.21747],[-5.21385,50.21626],[-5.21388,50.21518],[-5.21304,50.21213],[-5.21094,50.21386],[-5.20617,50.21445],[-5.205,50.21395],[-5.20576,50.2135],[-5.20631,50.21255],[-5.20774,50.21189],[-5.20674,50.21119],[-5.20571,50.21169],[-5.20372,50.21179],[-5.20346,50.21141],[-5.20106,50.21215],[-5.20029,50.21308],[-5.20018,50.21406],[-5.19885,50.21374],[-5.19792,50.2139],[-5.19725,50.21312],[-5.19516,50.21348],[-5.19435,50.21314],[-5.19348,50.21455],[-5.19504,50.21538],[-5.1955,50.21456],[-5.19639,50.21479],[-5.19663,50.21565],[-5.19627,50.21598],[-5.19796,50.21606],[-5.19999,50.21565],[-5.19998,50.21607],[-5.20085,50.21594],[-5.20091,50.21556],[-5.20179,50.21556],[-5.20199,50.21585],[-5.20205,50.21556],[-5.20316,50.21566],[-5.20362,50.21549],[-5.20445,50.21611],[-5.20389,50.21632],[-5.20426,50.21701],[-5.20392,50.21724],[-5.20511,50.2173],[-5.2048,50.21674],[-5.20525,50.2165],[-5.20927,50.21863],[-5.20777,50.21899],[-5.2072,50.21883],[-5.20729,50.21845],[-5.20371,50.21824],[-5.2031,50.21896],[-5.19927,50.21931],[-5.19994,50.21872],[-5.19889,50.21829],[-5.19777,50.21856],[-5.19574,50.21823],[-5.19491,50.21867],[-5.19626,50.21983],[-5.1954,50.22108],[-5.19213,50.22217],[-5.18875,50.22431],[-5.18433,50.22305],[-5.1843,50.22284],[-5.18576,50.22234],[-5.18495,50.22202],[-5.18584,50.22124],[-5.18535,50.22116]]]}},{"type":"Feature","properties":{"id":"E01018917","name":"E01018917","parent":"E06000052","type":"LSOA","pop":1447,"r":31,"ff":9,"ffd":622.0,"ffs":0.375,"g":7,"co":0,"mo":0,"sa":3,"ic":1},"geometry":{"type":"Polygon","coordinates":[[[-5.20841,50.22611],[-5.20066,50.22548],[-5.1985,50.22578],[-5.1991,50.22358],[-5.1989,50.22255],[-5.1999,50.22135],[-5.19487,50.22127],[-5.1954,50.22108],[-5.19626,50.21983],[-5.19491,50.21867],[-5.19574,50.21823],[-5.19777,50.21856],[-5.19889,50.21829],[-5.19994,50.21872],[-5.19927,50.21931],[-5.2031,50.21896],[-5.20371,50.21824],[-5.20729,50.21845],[-5.2072,50.21883],[-5.20777,50.21899],[-5.20927,50.21863],[-5.20525,50.2165],[-5.2048,50.21674],[-5.20511,50.2173],[-5.20392,50.21724],[-5.20426,50.21701],[-5.20389,50.21632],[-5.20445,50.21611],[-5.20362,50.21549],[-5.20316,50.21566],[-5.20205,50.21556],[-5.20199,50.21585],[-5.20179,50.21556],[-5.20091,50.21556],[-5.20085,50.21594],[-5.19998,50.21607],[-5.19999,50.21565],[-5.19796,50.21606],[-5.19627,50.21598],[-5.19663,50.21565],[-5.19639,50.21479],[-5.1955,50.21456],[-5.19504,50.21538],[-5.19348,50.21455],[-5.19435,50.21314],[-5.19516,50.21348],[-5.19725,50.21312],[-5.19792,50.2139],[-5.19885,50.21374],[-5.20018,50.21406],[-5.20029,50.21308],[-5.20106,50.21215],[-5.20346,50.21141],[-5.20372,50.21179],[-5.20571,50.21169],[-5.20674,50.21119],[-5.20774,50.21189],[-5.20631,50.21255],[-5.20576,50.2135],[-5.205,50.21395],[-5.20617,50.21445],[-5.21094,50.21386],[-5.21304,50.21213],[-5.21388,50.21518],[-5.21385,50.21626],[-5.21318,50.21747],[-5.21379,50.21865],[-5.21356,50.21935],[-5.21473,50.21975],[-5.21648,50.21958],[-5.21541,50.22068],[-5.21764,50.2226],[-5.22002,50.22373],[-5.21839,50.22428],[-5.21352,50.22465],[-5.21082,50.22517],[-5.20841,50.22611]]]}},{"type":"Feature","properties":{"id":"E01018918","name":"E01018918","parent":"E06000052","type":"LSOA","pop":1842,"r":28,"ff":8,"ffd":434.3,"ffs":0.381,"g":7,"co":0,"mo":0,"sa":3,"ic":1},"geometry":{"type":"Polygon","coordinates":[[[-5.1843,50.24353],[-5.18082,50.24236],[-5.17737,50.24025],[-5.17844,50.23611],[-5.17957,50.23511],[-5.17963,50.23289],[-5.18307,50.23343],[-5.18457,50.23317],[-5.18485,50.23214],[-5.18547,50.23183],[-5.18523,50.2311],[-5.18609,50.23066],[-5.18718,50.23135],[-5.1889,50.23147],[-5.18924,50.23214],[-5.19325,50.23372],[-5.19738,50.23266],[-5.19873,50.23157],[-5.19887,50.23004],[-5.19764,50.22961],[-5.1985,50.22578],[-5.20066,50.22548],[-5.20841,50.22611],[-5.21082,50.22517],[-5.21638,50.23028],[-5.21656,50.23153],[-5.21622,50.23212],[-5.21683,50.2325],[-5.21608,50.23372],[-5.21446,50.23507],[-5.2129,50.23478],[-5.21025,50.23482],[-5.20976,50.23455],[-5.20429,50.23588],[-5.20333,50.23636],[-5.20112,50.23658],[-5.20084,50.237],[-5.20215,50.24024],[-5.1995,50.24099],[-5.20018,50.24168],[-5.19868,50.24263],[-5.19801,50.24262],[-5.19758,50.24669],[-5.2004,50.24857],[-5.20185,50.25032],[-5.20254,50.25049],[-5.20235,50.25139],[-5.20016,50.25263],[-5.19757,50.25318],[-5.19652,50.25516],[-5.1945,50.25417],[-5.19098,50.25321],[-5.18902,50.25218],[-5.18799,50.25126],[-5.18755,50.25024],[-5.18511,50.2489],[-5.18472,50.24763],[-5.18589,50.24661],[-5.18627,50.24464],[-5.18489,50.24423],[-5.1843,50.24353]]]}},{"type":"Feature","properties":{"id":"E01018919","name":"E01018919","parent":"E06000052","type":"LSOA","pop":1523,"r":33,"ff":11,"ffd":722.3,"ffs":0.4231,"g":7,"co":0,"mo":0,"sa":3,"ic":1},"geometry":{"type":"Polygon","coordinates":[[[-5.18718,50.23135],[-5.18609,50.23066],[-5.18523,50.2311],[-5.18547,50.23183],[-5.18485,50.23214],[-5.18457,50.23317],[-5.18307,50.23343],[-5.17963,50.23289],[-5.1787,50.23322],[-5.17795,50.23247],[-5.1768,50.23226],[-5.17517,50.23282],[-5.17377,50.23219],[-5.1721,50.23032],[-5.17264,50.23004],[-5.17322,50.23067],[-5.17566,50.22942],[-5.17485,50.22868],[-5.1739,50.22838],[-5.17378,50.22685],[-5.17997,50.22599],[-5.17956,50.22537],[-5.18448,50.22445],[-5.18433,50.22305],[-5.18875,50.22431],[-5.19213,50.22217],[-5.19487,50.22127],[-5.1999,50.22135],[-5.1989,50.22255],[-5.1991,50.22358],[-5.19764,50.22961],[-5.19887,50.23004],[-5.19873,50.23157],[-5.19738,50.23266],[-5.19325,50.23372],[-5.18924,50.23214],[-5.1889,50.23147],[-5.18718,50.23135]]]}},{"type":"Feature","properties":{"id":"E01018920","name":"E01018920","parent":"E06000052","type":"LSOA","pop":2056,"r":1,"ff":0,"ffd":0.0,"ffs":0.0,"g":0,"co":3,"mo":3,"sa":3,"ic":3},"geometry":{"type":"Polygon","coordinates":[[[-5.0853,50.08402],[-5.08102,50.08304],[-5.07923,50.08364],[-5.07899,50.08457],[-5.07742,50.08577],[-5.076,50.08558],[-5.07613,50.08518],[-5.07682,50.08523],[-5.07663,50.08487],[-5.07738,50.08387],[-5.07706,50.08331],[-5.07513,50.08216],[-5.07496,50.0816],[-5.07581,50.08105],[-5.07631,50.08113],[-5.07591,50.08082],[-5.07678,50.08006],[-5.07635,50.07996],[-5.07724,50.07934],[-5.07779,50.07938],[-5.07675,50.07777],[-5.07776,50.07709],[-5.07855,50.077],[-5.07863,50.07671],[-5.07909,50.0768],[-5.07942,50.07633],[-5.07904,50.07562],[-5.07939,50.07516],[-5.07895,50.07498],[-5.07928,50.07478],[-5.07881,50.07444],[-5.07948,50.0743],[-5.07943,50.07405],[-5.07885,50.07402],[-5.07943,50.07281],[-5.07891,50.07274],[-5.0791,50.07218],[-5.07863,50.07195],[-5.07918,50.07187],[-5.07896,50.07094],[-5.07972,50.07061],[-5.07886,50.07026],[-5.07898,50.06968],[-5.07969,50.06937],[-5.07959,50.06879],[-5.07905,50.0683],[-5.07748,50.06786],[-5.07434,50.06779],[-5.07384,50.06754],[-5.07143,50.06803],[-5.07083,50.06762],[-5.0695,50.0679],[-5.06817,50.0673],[-5.06773,50.06763],[-5.06787,50.06722],[-5.06746,50.06706],[-5.06782,50.06676],[-5.06742,50.0668],[-5.06719,50.06636],[-5.06638,50.06637],[-5.06615,50.06602],[-5.06663,50.06541],[-5.06651,50.06399],[-5.06537,50.06254],[-5.06276,50.06207],[-5.06252,50.06141],[-5.06184,50.06171],[-5.0616,50.06152],[-5.0622,50.06116],[-5.06189,50.06079],[-5.06223,50.06055],[-5.06147,50.06041],[-5.0621,50.05994],[-5.06163,50.05959],[-5.06202,50.05927],[-5.06174,50.05862],[-5.06189,50.05837],[-5.06155,50.05817],[-5.06282,50.05746],[-5.06282,50.05702],[-5.06326,50.05718],[-5.06339,50.0566],[-5.06386,50.05684],[-5.06426,50.05667],[-5.06429,50.05568],[-5.06401,50.05527],[-5.06305,50.05494],[-5.06133,50.05536],[-5.0605,50.05491],[-5.06044,50.0552],[-5.05999,50.05509],[-5.05965,50.0547],[-5.0598,50.05438],[-5.05932,50.05433],[-5.05828,50.05365],[-5.05782,50.05278],[-5.05838,50.05267],[-5.05943,50.05157],[-5.05922,50.05098],[-5.0598,50.05111],[-5.06001,50.05077],[-5.06108,50.05098],[-5.06215,50.05038],[-5.06251,50.05061],[-5.06452,50.05028],[-5.06501,50.04918],[-5.0663,50.04819],[-5.0669,50.04642],[-5.06564,50.04379],[-5.06603,50.04373],[-5.06621,50.0429],[-5.06644,50.04307],[-5.06711,50.04272],[-5.06696,50.04181],[-5.06733,50.04101],[-5.06779,50.04162],[-5.06849,50.04157],[-5.06964,50.03995],[-5.06944,50.03754],[-5.06812,50.03639],[-5.06874,50.03523],[-5.07036,50.03459],[-5.07736,50.03394],[-5.07895,50.03285],[-5.08345,50.03189],[-5.08373,50.03212],[-5.08556,50.0322],[-5.08939,50.03133],[-5.0894,50.03094],[-5.09014,50.03086],[-5.09153,50.0299],[-5.09166,50.02946],[-5.09395,50.02836],[-5.0968,50.02637],[-5.09749,50.02481],[-5.09712,50.02336],[-5.09599,50.02329],[-5.09456,50.02255],[-5.09393,50.02271],[-5.09424,50.02299],[-5.09273,50.02255],[-5.09361,50.02169],[-5.09488,50.02153],[-5.09606,50.02087],[-5.09474,50.01793],[-5.09422,50.01724],[-5.09305,50.01661],[-5.09153,50.01638],[-5.09116,50.01571],[-5.09208,50.01519],[-5.0943,50.01598],[-5.09526,50.01599],[-5.0958,50.01562],[-5.09714,50.01401],[-5.09691,50.01323],[-5.09719,50.01332],[-5.09763,50.01258],[-5.09729,50.01141],[-5.09745,50.01124],[-5.09749,50.01005],[-5.09826,50.00908],[-5.09806,50.00843],[-5.09902,50.00814],[-5.09906,50.0076],[-5.09973,50.00772],[-5.10029,50.00535],[-5.10131,50.00425],[-5.10195,50.00415],[-5.10292,50.0047],[-5.10446,50.00496],[-5.10582,50.00484],[-5.10634,50.00515],[-5.10624,50.00482],[-5.10689,50.00499],[-5.10661,50.00487],[-5.10716,50.00487],[-5.10893,50.00388],[-5.10924,50.00333],[-5.1098,50.00336],[-5.1097,50.00293],[-5.11032,50.00286],[-5.10973,50.00247],[-5.11109,50.00305],[-5.11239,50.0028],[-5.11285,50.00298],[-5.11239,50.00321],[-5.11406,50.004],[-5.11412,50.00438],[-5.11492,50.00489],[-5.11544,50.00654],[-5.11629,50.00626],[-5.1168,50.00672],[-5.11745,50.00628],[-5.11916,50.00671],[-5.12029,50.00751],[-5.12045,50.00834],[-5.12097,50.00853],[-5.12109,50.00832],[-5.12151,50.00893],[-5.12259,50.00924],[-5.12249,50.00862],[-5.12325,50.00918],[-5.12309,50.00852],[-5.12418,50.0085],[-5.12411,50.00793],[-5.12515,50.00802],[-5.12565,50.00748],[-5.12729,50.00788],[-5.12786,50.00864],[-5.12933,50.00873],[-5.12969,50.0086],[-5.12924,50.00811],[-5.13032,50.00825],[-5.13255,50.00802],[-5.13258,50.0078],[-5.13324,50.00794],[-5.13326,50.00755],[-5.13274,50.00732],[-5.13326,50.00715],[-5.13253,50.00522],[-5.13296,50.00562],[-5.13328,50.00531],[-5.13384,50.00578],[-5.13467,50.00573],[-5.13455,50.00623],[-5.13509,50.00623],[-5.13479,50.00643],[-5.13505,50.00676],[-5.13554,50.00674],[-5.1354,50.00749],[-5.13626,50.00727],[-5.13662,50.00779],[-5.13744,50.00782],[-5.13791,50.0082],[-5.13896,50.0077],[-5.13993,50.00797],[-5.14173,50.00754],[-5.1427,50.0079],[-5.1431,50.00764],[-5.14336,50.00792],[-5.14475,50.00768],[-5.14542,50.00796],[-5.1486,50.00721],[-5.14922,50.00672],[-5.14947,50.00699],[-5.14972,50.0068],[-5.14976,50.0071],[-5.15111,50.00718],[-5.1512,50.00678],[-5.15176,50.00705],[-5.15156,50.00675],[-5.15236,50.00698],[-5.15264,50.00669],[-5.15279,50.00703],[-5.1537,50.00703],[-5.15507,50.00769],[-5.15673,50.00752],[-5.15765,50.00866],[-5.15761,50.00964],[-5.15856,50.01105],[-5.15809,50.012],[-5.15657,50.01291],[-5.15615,50.01395],[-5.15588,50.01546],[-5.15654,50.01613],[-5.15685,50.01852],[-5.15923,50.02326],[-5.16891,50.02683],[-5.16933,50.02873],[-5.17105,50.03115],[-5.16713,50.03531],[-5.17272,50.04105],[-5.17596,50.04734],[-5.1654,50.05146],[-5.16124,50.05485],[-5.16099,50.05468],[-5.15886,50.05593],[-5.15891,50.05646],[-5.15739,50.05574],[-5.15637,50.05616],[-5.15487,50.05718],[-5.15495,50.05794],[-5.15452,50.05835],[-5.15038,50.06013],[-5.15046,50.06073],[-5.14989,50.06142],[-5.14376,50.06135],[-5.14265,50.06302],[-5.13874,50.06469],[-5.13812,50.06415],[-5.13576,50.06353],[-5.13452,50.0628],[-5.12942,50.06171],[-5.13002,50.06122],[-5.12731,50.06117],[-5.1267,50.06],[-5.12449,50.06047],[-5.12459,50.06124],[-5.12599,50.06236],[-5.1247,50.06297],[-5.12383,50.06395],[-5.12297,50.064],[-5.12259,50.06528],[-5.12174,50.0647],[-5.1205,50.06471],[-5.11849,50.06538],[-5.1158,50.06683],[-5.11369,50.06742],[-5.11201,50.06572],[-5.1093,50.06595],[-5.1087,50.06625],[-5.10756,50.06542],[-5.10451,50.0662],[-5.09824,50.07003],[-5.0975,50.07346],[-5.09601,50.07488],[-5.09531,50.07624],[-5.09255,50.076],[-5.09087,50.07769],[-5.09158,50.08007],[-5.09021,50.0807],[-5.09003,50.08318],[-5.08934,50.08332],[-5.08948,50.0836],[-5.08768,50.0857],[-5.08737,50.08565],[-5.0853,50.08402]]]}},{"type":"Feature","properties":{"id":"E01018921","name":"E01018921","parent":"E06000052","type":"LSOA","pop":2228,"r":5,"ff":2,"ffd":89.8,"ffs":0.4,"g":0,"co":3,"mo":3,"sa":3,"ic":1},"geometry":{"type":"Polygon","coordinates":[[[-5.14646,50.20373],[-5.14588,50.20228],[-5.14722,50.19931],[-5.14844,50.19907],[-5.14962,50.19786],[-5.14963,50.19716],[-5.15045,50.19629],[-5.14959,50.19515],[-5.14993,50.19484],[-5.14973,50.19425],[-5.15031,50.19316],[-5.14977,50.19309],[-5.14916,50.1908],[-5.14978,50.18907],[-5.15105,50.18771],[-5.15097,50.1866],[-5.15004,50.18615],[-5.15089,50.18562],[-5.15015,50.18329],[-5.15168,50.18344],[-5.15181,50.18284],[-5.151,50.18209],[-5.15199,50.1801],[-5.15233,50.17861],[-5.15327,50.1775],[-5.15479,50.17659],[-5.15802,50.1767],[-5.15747,50.17622],[-5.15753,50.17513],[-5.15909,50.1727],[-5.15765,50.17041],[-5.15423,50.16805],[-5.15331,50.16796],[-5.1515,50.16665],[-5.15505,50.16447],[-5.15721,50.16385],[-5.15681,50.16355],[-5.15999,50.16363],[-5.16072,50.1631],[-5.16051,50.16261],[-5.16206,50.1622],[-5.16263,50.16282],[-5.16439,50.16283],[-5.16439,50.16223],[-5.16545,50.1617],[-5.16737,50.16236],[-5.16925,50.1614],[-5.17063,50.16031],[-5.16973,50.15809],[-5.17146,50.15455],[-5.1731,50.15544],[-5.17777,50.1612],[-5.17899,50.16211],[-5.18049,50.16261],[-5.18059,50.16331],[-5.17973,50.16371],[-5.17993,50.16394],[-5.1789,50.16522],[-5.17896,50.1661],[-5.17996,50.16724],[-5.18254,50.16804],[-5.186,50.16745],[-5.18747,50.16667],[-5.18942,50.16855],[-5.19099,50.16754],[-5.19331,50.16709],[-5.19705,50.16849],[-5.19752,50.17065],[-5.20123,50.17374],[-5.20134,50.17754],[-5.2031,50.18063],[-5.20244,50.1827],[-5.20446,50.18331],[-5.20646,50.1853],[-5.20681,50.18684],[-5.20764,50.1868],[-5.20726,50.18801],[-5.20785,50.18925],[-5.21221,50.19087],[-5.21319,50.19082],[-5.21388,50.19117],[-5.21492,50.19104],[-5.22059,50.19249],[-5.22247,50.19352],[-5.22388,50.19501],[-5.22533,50.1959],[-5.22679,50.19885],[-5.22663,50.20102],[-5.22842,50.20321],[-5.22648,50.20415],[-5.22271,50.20359],[-5.21689,50.20447],[-5.21598,50.20418],[-5.21409,50.20443],[-5.20739,50.20443],[-5.20614,50.20401],[-5.20566,50.20198],[-5.20459,50.2014],[-5.20344,50.20137],[-5.20062,50.20256],[-5.19736,50.20075],[-5.19415,50.20019],[-5.19152,50.19947],[-5.18946,50.19782],[-5.18763,50.1972],[-5.18491,50.20007],[-5.18499,50.20096],[-5.18162,50.20101],[-5.17776,50.20192],[-5.1779,50.20093],[-5.17612,50.20077],[-5.17535,50.20026],[-5.17356,50.20064],[-5.17243,50.20044],[-5.17062,50.20081],[-5.16701,50.2009],[-5.1676,50.20117],[-5.1647,50.20304],[-5.16323,50.20197],[-5.16225,50.20407],[-5.16069,50.20486],[-5.15633,50.20529],[-5.15524,50.20605],[-5.15184,50.20691],[-5.14924,50.20508],[-5.14865,50.20374],[-5.14646,50.20373]]]}},{"type":"Feature","properties":{"id":"E01018922","name":"E01018922","parent":"E06000052","type":"LSOA","pop":2694,"r":5,"ff":1,"ffd":37.1,"ffs":0.2,"g":0,"co":1,"mo":3,"sa":3,"ic":3},"geometry":{"type":"Polygon","coordinates":[[[-5.2282,50.20537],[-5.22648,50.20415],[-5.22842,50.20321],[-5.22663,50.20102],[-5.22679,50.19885],[-5.22533,50.1959],[-5.22388,50.19501],[-5.22247,50.19352],[-5.22059,50.19249],[-5.21492,50.19104],[-5.21388,50.19117],[-5.21319,50.19082],[-5.21221,50.19087],[-5.20785,50.18925],[-5.20726,50.18801],[-5.20764,50.1868],[-5.20681,50.18684],[-5.20646,50.1853],[-5.20446,50.18331],[-5.20244,50.1827],[-5.2031,50.18063],[-5.20134,50.17754],[-5.20123,50.17374],[-5.19752,50.17065],[-5.19705,50.16849],[-5.19331,50.16709],[-5.19099,50.16754],[-5.18942,50.16855],[-5.18747,50.16667],[-5.186,50.16745],[-5.18254,50.16804],[-5.17996,50.16724],[-5.17896,50.1661],[-5.1789,50.16522],[-5.17993,50.16394],[-5.17973,50.16371],[-5.18059,50.16331],[-5.18049,50.16261],[-5.18079,50.16176],[-5.18029,50.1596],[-5.1784,50.15496],[-5.18324,50.15292],[-5.18287,50.15119],[-5.18352,50.15003],[-5.18536,50.15004],[-5.18543,50.14906],[-5.18881,50.14763],[-5.19065,50.14884],[-5.19144,50.15006],[-5.19247,50.15066],[-5.19465,50.14966],[-5.19638,50.14999],[-5.19731,50.14989],[-5.20161,50.14806],[-5.20308,50.14705],[-5.2084,50.14549],[-5.20915,50.1425],[-5.21172,50.14079],[-5.21228,50.13933],[-5.21375,50.13772],[-5.21312,50.13525],[-5.21166,50.13396],[-5.20999,50.1339],[-5.20935,50.13357],[-5.2086,50.13239],[-5.20821,50.13059],[-5.20852,50.12994],[-5.21135,50.12808],[-5.21154,50.12358],[-5.21243,50.12231],[-5.2127,50.12041],[-5.21354,50.11976],[-5.21481,50.11959],[-5.21612,50.12024],[-5.22255,50.12025],[-5.22329,50.11893],[-5.22642,50.1196],[-5.22727,50.12007],[-5.22926,50.11958],[-5.23038,50.11989],[-5.23238,50.11947],[-5.23528,50.12032],[-5.23384,50.11897],[-5.23433,50.11784],[-5.23414,50.11536],[-5.23594,50.11355],[-5.23869,50.11182],[-5.23995,50.11147],[-5.24054,50.11243],[-5.24169,50.11273],[-5.24268,50.11363],[-5.24277,50.11437],[-5.24424,50.11629],[-5.24398,50.11702],[-5.2466,50.1164],[-5.24652,50.11722],[-5.24773,50.11947],[-5.25121,50.11849],[-5.25229,50.11857],[-5.25234,50.11943],[-5.25349,50.11872],[-5.25426,50.11772],[-5.25564,50.11808],[-5.25884,50.11811],[-5.26052,50.119],[-5.26285,50.11953],[-5.26341,50.11951],[-5.26494,50.11858],[-5.26666,50.11982],[-5.26857,50.12004],[-5.2689,50.11976],[-5.26959,50.11978],[-5.26962,50.12056],[-5.26777,50.12159],[-5.26789,50.12231],[-5.26688,50.12356],[-5.26416,50.12436],[-5.26161,50.12617],[-5.2602,50.12769],[-5.25817,50.12933],[-5.25571,50.13067],[-5.25531,50.13126],[-5.25572,50.13233],[-5.25536,50.13326],[-5.25356,50.13475],[-5.25334,50.13567],[-5.2563,50.13806],[-5.25815,50.13808],[-5.26059,50.13872],[-5.26241,50.1412],[-5.26537,50.14265],[-5.26598,50.14368],[-5.26793,50.14477],[-5.26978,50.14638],[-5.26966,50.14712],[-5.26847,50.14813],[-5.26594,50.14895],[-5.2655,50.15054],[-5.26448,50.15171],[-5.26498,50.15296],[-5.26766,50.15558],[-5.26664,50.15681],[-5.26712,50.15765],[-5.26645,50.15959],[-5.26383,50.16209],[-5.25818,50.16228],[-5.25805,50.16282],[-5.25738,50.16307],[-5.25672,50.1642],[-5.25714,50.16588],[-5.25794,50.16688],[-5.25762,50.16704],[-5.25777,50.16861],[-5.25696,50.16946],[-5.2559,50.1698],[-5.2563,50.17175],[-5.25495,50.17321],[-5.25401,50.17354],[-5.2535,50.17502],[-5.25418,50.17572],[-5.2541,50.17627],[-5.25546,50.17756],[-5.25579,50.17875],[-5.25407,50.18308],[-5.25418,50.18433],[-5.25518,50.18601],[-5.25517,50.18806],[-5.24937,50.19038],[-5.24954,50.19129],[-5.2489,50.19277],[-5.24801,50.19403],[-5.24477,50.19631],[-5.24406,50.19719],[-5.24314,50.19686],[-5.24133,50.19832],[-5.24016,50.19848],[-5.23775,50.19959],[-5.23772,50.20011],[-5.23731,50.20012],[-5.23752,50.20077],[-5.23639,50.20116],[-5.23637,50.20169],[-5.23386,50.20317],[-5.22932,50.20489],[-5.22916,50.2047],[-5.2282,50.20537]]]}},{"type":"Feature","properties":{"id":"E01018923","name":"E01018923","parent":"E06000052","type":"LSOA","pop":1390,"r":1,"ff":0,"ffd":0.0,"ffs":0.0,"g":0,"co":1,"mo":3,"sa":3,"ic":3},"geometry":{"type":"Polygon","coordinates":[[[-4.72419,50.56536],[-4.72131,50.56524],[-4.71966,50.56556],[-4.71622,50.5656],[-4.70897,50.56688],[-4.70717,50.56537],[-4.70518,50.56274],[-4.70928,50.56105],[-4.70743,50.55985],[-4.71198,50.55942],[-4.71267,50.55838],[-4.71167,50.55699],[-4.71189,50.55374],[-4.71036,50.55199],[-4.71017,50.55103],[-4.71124,50.54908],[-4.71141,50.54742],[-4.70749,50.54524],[-4.70433,50.54485],[-4.70359,50.54329],[-4.70262,50.54269],[-4.7023,50.54187],[-4.70244,50.54117],[-4.7038,50.54016],[-4.70508,50.53783],[-4.70622,50.53725],[-4.70664,50.53645],[-4.7075,50.53613],[-4.70788,50.53558],[-4.70765,50.53468],[-4.70661,50.53445],[-4.70627,50.53407],[-4.70636,50.53223],[-4.70455,50.53148],[-4.70463,50.53063],[-4.7043,50.52977],[-4.69986,50.52825],[-4.69767,50.52649],[-4.69835,50.52523],[-4.69747,50.52474],[-4.69865,50.52292],[-4.69806,50.52142],[-4.69928,50.51936],[-4.70045,50.51886],[-4.70167,50.51931],[-4.70341,50.51906],[-4.70572,50.51782],[-4.70707,50.51628],[-4.70853,50.51528],[-4.71703,50.51489],[-4.71892,50.51435],[-4.72105,50.5142],[-4.72353,50.51241],[-4.72533,50.51251],[-4.72887,50.51138],[-4.73162,50.51114],[-4.73307,50.51134],[-4.73492,50.5108],[-4.73522,50.50987],[-4.73315,50.5032],[-4.7337,50.50272],[-4.73595,50.50271],[-4.74003,50.50104],[-4.74151,50.49929],[-4.74338,50.49791],[-4.74326,50.49638],[-4.74523,50.49657],[-4.74611,50.49703],[-4.74658,50.49883],[-4.74769,50.49954],[-4.74946,50.50029],[-4.75194,50.50026],[-4.75108,50.50204],[-4.75225,50.5038],[-4.75241,50.50569],[-4.75393,50.50699],[-4.75971,50.51053],[-4.76272,50.51147],[-4.76621,50.51063],[-4.76851,50.51043],[-4.77085,50.51236],[-4.77152,50.51233],[-4.77267,50.51178],[-4.7729,50.51125],[-4.77362,50.51113],[-4.7748,50.51215],[-4.77432,50.51246],[-4.77706,50.51428],[-4.77435,50.51741],[-4.77204,50.51828],[-4.77248,50.5192],[-4.77435,50.51974],[-4.7803,50.52035],[-4.78496,50.52015],[-4.78802,50.52134],[-4.78865,50.52128],[-4.7881,50.52231],[-4.78854,50.52378],[-4.78761,50.52511],[-4.78604,50.52575],[-4.78361,50.52738],[-4.7818,50.53018],[-4.77802,50.5321],[-4.77775,50.5325],[-4.77661,50.53232],[-4.77348,50.53318],[-4.7714,50.53442],[-4.76989,50.53608],[-4.769,50.5382],[-4.76814,50.53902],[-4.76844,50.53915],[-4.76784,50.53953],[-4.76793,50.54102],[-4.76539,50.5434],[-4.76527,50.54496],[-4.76436,50.54575],[-4.76351,50.54575],[-4.76221,50.54649],[-4.76107,50.54663],[-4.75995,50.5486],[-4.76088,50.55153],[-4.75943,50.55246],[-4.75872,50.55341],[-4.75861,50.55434],[-4.75748,50.5547],[-4.75699,50.5563],[-4.75566,50.55775],[-4.75597,50.55906],[-4.75538,50.55991],[-4.75575,50.56026],[-4.75538,50.56096],[-4.75561,50.56165],[-4.75514,50.56204],[-4.7549,50.56351],[-4.75401,50.56379],[-4.75413,50.56423],[-4.75245,50.56559],[-4.75101,50.56614],[-4.75053,50.56726],[-4.74893,50.5687],[-4.74614,50.56917],[-4.74356,50.57046],[-4.74261,50.5713],[-4.74266,50.57243],[-4.74217,50.57292],[-4.74093,50.57324],[-4.73984,50.57505],[-4.73782,50.57565],[-4.73548,50.57777],[-4.7327,50.57755],[-4.73118,50.57563],[-4.73007,50.57497],[-4.7308,50.57438],[-4.72994,50.57359],[-4.73062,50.5734],[-4.72991,50.57099],[-4.72415,50.56611],[-4.72419,50.56536]]]}},{"type":"Feature","properties":{"id":"E01018924","name":"E01018924","parent":"E06000052","type":"LSOA","pop":1536,"r":0,"ff":0,"ffd":0.0,"ffs":null,"g":0,"co":1,"mo":3,"sa":3,"ic":3},"geometry":{"type":"MultiPolygon","coordinates":[[[[-4.8483,50.52819],[-4.84801,50.52721],[-4.84831,50.52694],[-4.84895,50.52725],[-4.84876,50.52755],[-4.84842,50.52737],[-4.84846,50.5277],[-4.84924,50.52745],[-4.8483,50.52819]]],[[[-4.85,50.52865],[-4.85074,50.5285],[-4.8506,50.52889],[-4.85033,50.52902],[-4.85,50.52865]]],[[[-4.85223,50.53103],[-4.85256,50.53058],[-4.85199,50.5308],[-4.85256,50.53037],[-4.85209,50.5306],[-4.85199,50.53028],[-4.85161,50.53034],[-4.85166,50.52993],[-4.85144,50.53028],[-4.85096,50.53012],[-4.85123,50.52967],[-4.85057,50.52992],[-4.85089,50.53005],[-4.85026,50.52993],[-4.85056,50.52969],[-4.84986,50.52976],[-4.84894,50.53027],[-4.84886,50.5298],[-4.84952,50.52971],[-4.8488,50.5297],[-4.84899,50.5292],[-4.84883,50.52902],[-4.84871,50.52935],[-4.84841,50.52872],[-4.84868,50.52854],[-4.8493,50.52915],[-4.84867,50.52829],[-4.84899,50.52815],[-4.84873,50.52804],[-4.8491,50.52806],[-4.84916,50.52762],[-4.85051,50.52833],[-4.8496,50.52824],[-4.84995,50.52852],[-4.84957,50.52881],[-4.8498,50.52914],[-4.85004,50.52902],[-4.84982,50.5293],[-4.85016,50.52902],[-4.85024,50.52937],[-4.84943,50.52949],[-4.8504,50.52948],[-4.8509,50.52976],[-4.85065,50.52954],[-4.85104,50.52948],[-4.85047,50.52943],[-4.85042,50.52916],[-4.85085,50.52923],[-4.85069,50.52904],[-4.85135,50.52881],[-4.85166,50.52905],[-4.85138,50.52925],[-4.8518,50.52913],[-4.85145,50.52951],[-4.85192,50.52914],[-4.85258,50.52952],[-4.85185,50.52954],[-4.85287,50.52965],[-4.85188,50.5297],[-4.85217,50.53007],[-4.8527,50.52973],[-4.8546,50.53033],[-4.85419,50.53093],[-4.85436,50.53058],[-4.85323,50.53069],[-4.85294,50.53041],[-4.85304,50.53072],[-4.85251,50.531],[-4.8532,50.531],[-4.85223,50.53103]]],[[[-4.84954,50.53255],[-4.84971,50.53239],[-4.84971,50.53244],[-4.84954,50.53255]]],[[[-4.84967,50.53264],[-4.84971,50.53259],[-4.84971,50.53264],[-4.84967,50.53264]]],[[[-4.82878,50.54175],[-4.82832,50.54073],[-4.82751,50.54091],[-4.82655,50.54071],[-4.82576,50.54004],[-4.82154,50.53926],[-4.81693,50.53754],[-4.8129,50.53814],[-4.8096,50.53732],[-4.80264,50.53194],[-4.79866,50.5307],[-4.79745,50.53],[-4.79641,50.52992],[-4.7937,50.52849],[-4.79148,50.52801],[-4.78678,50.52954],[-4.78259,50.52889],[-4.78361,50.52738],[-4.78604,50.52575],[-4.78761,50.52511],[-4.78854,50.52378],[-4.7881,50.52231],[-4.78865,50.52128],[-4.78802,50.52134],[-4.78496,50.52015],[-4.7803,50.52035],[-4.77435,50.51974],[-4.77248,50.5192],[-4.77204,50.51828],[-4.77435,50.51741],[-4.77706,50.51428],[-4.77432,50.51246],[-4.7748,50.51215],[-4.77362,50.51113],[-4.7729,50.51125],[-4.77267,50.51178],[-4.77152,50.51233],[-4.77085,50.51236],[-4.76851,50.51043],[-4.76621,50.51063],[-4.76272,50.51147],[-4.75971,50.51053],[-4.75393,50.50699],[-4.75241,50.50569],[-4.75225,50.5038],[-4.75108,50.50204],[-4.75194,50.50026],[-4.74946,50.50029],[-4.74769,50.49954],[-4.74658,50.49883],[-4.74611,50.49703],[-4.74523,50.49657],[-4.74326,50.49638],[-4.74312,50.49422],[-4.74389,50.49149],[-4.74342,50.48911],[-4.74434,50.48754],[-4.74745,50.48977],[-4.74969,50.49049],[-4.75557,50.48967],[-4.75866,50.48809],[-4.76163,50.48718],[-4.76522,50.4866],[-4.76865,50.48552],[-4.77125,50.4879],[-4.77361,50.48707],[-4.77506,50.48689],[-4.77895,50.48732],[-4.77994,50.48525],[-4.78618,50.48153],[-4.78753,50.48248],[-4.78972,50.48309],[-4.79013,50.48185],[-4.78938,50.47968],[-4.79009,50.47806],[-4.79221,50.47691],[-4.79404,50.47716],[-4.79413,50.47773],[-4.79547,50.47894],[-4.79675,50.47827],[-4.79812,50.4783],[-4.79909,50.47662],[-4.80069,50.46995],[-4.80188,50.46764],[-4.80467,50.46817],[-4.80788,50.46798],[-4.80876,50.46759],[-4.81137,50.46795],[-4.81416,50.47081],[-4.8175,50.47188],[-4.82611,50.47269],[-4.82621,50.4722],[-4.83736,50.47294],[-4.84463,50.47537],[-4.8502,50.47611],[-4.86068,50.47851],[-4.86508,50.47899],[-4.8694,50.47822],[-4.87557,50.47766],[-4.88672,50.47784],[-4.88654,50.4816],[-4.88714,50.48375],[-4.89213,50.4846],[-4.89423,50.48539],[-4.89462,50.48712],[-4.89616,50.48945],[-4.89572,50.49284],[-4.89447,50.49357],[-4.89358,50.49483],[-4.89509,50.49698],[-4.89196,50.49904],[-4.88779,50.50224],[-4.88851,50.50251],[-4.88835,50.50506],[-4.89202,50.50735],[-4.88741,50.50762],[-4.88716,50.51005],[-4.88731,50.51038],[-4.88848,50.51046],[-4.89022,50.51178],[-4.89187,50.51465],[-4.89217,50.51741],[-4.89291,50.51878],[-4.89539,50.52031],[-4.89531,50.5204],[-4.89681,50.52219],[-4.89668,50.52347],[-4.89749,50.52549],[-4.89719,50.52609],[-4.89939,50.52619],[-4.89543,50.52667],[-4.89116,50.52886],[-4.88526,50.53018],[-4.87766,50.53031],[-4.87571,50.52962],[-4.8731,50.52934],[-4.87036,50.5299],[-4.86841,50.5295],[-4.86384,50.52922],[-4.86234,50.5298],[-4.85924,50.52916],[-4.8548,50.5288],[-4.85259,50.52806],[-4.85004,50.52657],[-4.84898,50.52543],[-4.84885,50.52563],[-4.84823,50.52519],[-4.84766,50.52426],[-4.84715,50.52418],[-4.84776,50.52489],[-4.84628,50.5241],[-4.84666,50.52394],[-4.84551,50.52369],[-4.84602,50.52365],[-4.84562,50.52361],[-4.84818,50.5215],[-4.85082,50.52007],[-4.8503,50.51981],[-4.85313,50.51496],[-4.85243,50.51446],[-4.84883,50.51235],[-4.84484,50.51113],[-4.84448,50.5108],[-4.8436,50.51086],[-4.84349,50.50989],[-4.84191,50.50866],[-4.84023,50.50878],[-4.83695,50.50807],[-4.83604,50.50694],[-4.83469,50.50718],[-4.82856,50.50708],[-4.82572,50.50734],[-4.82328,50.50831],[-4.81693,50.50785],[-4.81617,50.50605],[-4.81624,50.50488],[-4.81709,50.50403],[-4.81671,50.50195],[-4.8141,50.50125],[-4.81211,50.49958],[-4.80978,50.49929],[-4.80896,50.49873],[-4.80712,50.4986],[-4.80507,50.4975],[-4.8052,50.49649],[-4.8027,50.49539],[-4.80316,50.49485],[-4.80294,50.49256],[-4.80296,50.49485],[-4.8025,50.49538],[-4.80307,50.49587],[-4.80485,50.49642],[-4.80467,50.49736],[-4.80587,50.49818],[-4.80771,50.49891],[-4.80878,50.49886],[-4.81031,50.49963],[-4.8117,50.49963],[-4.81413,50.50142],[-4.81643,50.50205],[-4.81617,50.5026],[-4.81678,50.50334],[-4.81669,50.50435],[-4.81598,50.50471],[-4.81607,50.50671],[-4.81666,50.50785],[-4.81383,50.50853],[-4.81277,50.50825],[-4.81211,50.5084],[-4.81078,50.50781],[-4.81,50.50775],[-4.80953,50.50803],[-4.80821,50.5079],[-4.80853,50.50857],[-4.80709,50.50887],[-4.80698,50.50942],[-4.80557,50.50999],[-4.8059,50.51009],[-4.80498,50.51139],[-4.80578,50.51026],[-4.80717,50.50943],[-4.80721,50.50886],[-4.80859,50.5087],[-4.80828,50.50797],[-4.8096,50.50807],[-4.81018,50.50779],[-4.81228,50.50848],[-4.81274,50.5083],[-4.81365,50.50857],[-4.81089,50.50924],[-4.81394,50.5103],[-4.81564,50.51127],[-4.81837,50.5139],[-4.81774,50.51426],[-4.81788,50.51497],[-4.81902,50.51551],[-4.82048,50.51714],[-4.82109,50.51676],[-4.82129,50.51799],[-4.822,50.51894],[-4.8225,50.51928],[-4.8239,50.51897],[-4.82513,50.51964],[-4.82679,50.52142],[-4.83008,50.52416],[-4.8335,50.52804],[-4.835,50.52632],[-4.83661,50.52553],[-4.84057,50.52491],[-4.84093,50.52515],[-4.84146,50.52492],[-4.84221,50.5251],[-4.8441,50.52459],[-4.84352,50.52458],[-4.84438,50.52424],[-4.84632,50.52536],[-4.84723,50.5261],[-4.84709,50.52633],[-4.84689,50.52597],[-4.84694,50.52637],[-4.84736,50.5265],[-4.84749,50.52627],[-4.84813,50.52678],[-4.84779,50.52706],[-4.84757,50.52683],[-4.84731,50.52719],[-4.84801,50.52751],[-4.84856,50.5306],[-4.8492,50.53115],[-4.84838,50.53228],[-4.8497,50.53312],[-4.84969,50.53351],[-4.84804,50.53372],[-4.84721,50.53334],[-4.846,50.53384],[-4.84403,50.53314],[-4.84176,50.53339],[-4.84032,50.53471],[-4.83829,50.53533],[-4.83767,50.53606],[-4.83525,50.53486],[-4.83452,50.53591],[-4.83311,50.53553],[-4.83127,50.53573],[-4.83125,50.53727],[-4.82993,50.53712],[-4.82949,50.53759],[-4.83066,50.53802],[-4.83193,50.53755],[-4.83228,50.53818],[-4.83157,50.53879],[-4.83005,50.53818],[-4.82973,50.53898],[-4.82872,50.53979],[-4.82919,50.54104],[-4.83025,50.54077],[-4.83059,50.54112],[-4.82999,50.5416],[-4.82878,50.54175]]]]}},{"type":"Feature","properties":{"id":"E01018925","name":"E01018925","parent":"E06000052","type":"LSOA","pop":2285,"r":2,"ff":1,"ffd":43.8,"ffs":0.5,"g":0,"co":3,"mo":3,"sa":3,"ic":1},"geometry":{"type":"Polygon","coordinates":[[[-4.54618,50.65212],[-4.54169,50.65011],[-4.54089,50.64987],[-4.54037,50.65048],[-4.53559,50.64872],[-4.53341,50.64761],[-4.5274,50.6465],[-4.52137,50.6464],[-4.52164,50.64603],[-4.5172,50.64283],[-4.52307,50.64057],[-4.52639,50.63619],[-4.52537,50.63292],[-4.52586,50.63293],[-4.52597,50.63256],[-4.52548,50.63086],[-4.52604,50.6305],[-4.52687,50.63048],[-4.52734,50.62886],[-4.52828,50.62774],[-4.52822,50.62689],[-4.52963,50.62565],[-4.5289,50.62506],[-4.5282,50.6251],[-4.52623,50.62412],[-4.52364,50.62394],[-4.52348,50.62353],[-4.52292,50.62341],[-4.52225,50.62367],[-4.52108,50.62288],[-4.52016,50.62303],[-4.51804,50.62202],[-4.51656,50.62209],[-4.51118,50.62421],[-4.50975,50.62443],[-4.50998,50.62484],[-4.50896,50.62528],[-4.50827,50.62536],[-4.50818,50.62506],[-4.50768,50.62537],[-4.50764,50.62506],[-4.50687,50.62492],[-4.5068,50.62527],[-4.50639,50.6253],[-4.50582,50.62486],[-4.50447,50.62577],[-4.50301,50.62586],[-4.50268,50.6255],[-4.50137,50.62611],[-4.49941,50.62598],[-4.49953,50.62626],[-4.49709,50.6259],[-4.49523,50.62527],[-4.49326,50.62512],[-4.49187,50.62549],[-4.49084,50.62523],[-4.49096,50.62468],[-4.48576,50.62308],[-4.48386,50.62349],[-4.48218,50.6232],[-4.48193,50.62396],[-4.48089,50.62411],[-4.47906,50.62282],[-4.47517,50.62158],[-4.47456,50.62167],[-4.47234,50.6211],[-4.47164,50.62157],[-4.47068,50.62144],[-4.47007,50.62169],[-4.46868,50.62096],[-4.46798,50.621],[-4.4683,50.62132],[-4.46735,50.62141],[-4.46637,50.62069],[-4.46744,50.61984],[-4.46867,50.61797],[-4.46917,50.61626],[-4.46865,50.61517],[-4.46981,50.61377],[-4.47284,50.61212],[-4.47329,50.61114],[-4.47431,50.61112],[-4.47572,50.60913],[-4.47582,50.60851],[-4.47356,50.60777],[-4.47386,50.60757],[-4.47348,50.60696],[-4.47389,50.60655],[-4.47357,50.60633],[-4.47364,50.60663],[-4.47314,50.6066],[-4.47273,50.60582],[-4.47491,50.60527],[-4.47489,50.60468],[-4.47639,50.60362],[-4.47745,50.60422],[-4.47878,50.60344],[-4.47752,50.60137],[-4.4737,50.5992],[-4.47595,50.59796],[-4.47479,50.59737],[-4.4756,50.59541],[-4.47154,50.59485],[-4.47213,50.59444],[-4.477,50.59342],[-4.47963,50.59168],[-4.47937,50.5904],[-4.48151,50.58972],[-4.48259,50.58979],[-4.48303,50.58773],[-4.48359,50.58769],[-4.48449,50.58651],[-4.48525,50.58649],[-4.48537,50.58487],[-4.48473,50.5844],[-4.48253,50.58368],[-4.48094,50.58365],[-4.48021,50.58303],[-4.47926,50.58311],[-4.47718,50.58393],[-4.47721,50.58486],[-4.47565,50.58499],[-4.47514,50.58639],[-4.47456,50.58658],[-4.47433,50.58785],[-4.47226,50.58845],[-4.47076,50.58802],[-4.4693,50.58705],[-4.46872,50.58721],[-4.46823,50.58678],[-4.46766,50.58698],[-4.46586,50.58672],[-4.46576,50.58627],[-4.46464,50.58617],[-4.46465,50.58562],[-4.46386,50.585],[-4.4607,50.58397],[-4.46083,50.58349],[-4.45866,50.58247],[-4.45822,50.58205],[-4.45858,50.58198],[-4.4585,50.58161],[-4.45802,50.58138],[-4.45755,50.58159],[-4.45625,50.58065],[-4.45629,50.58014],[-4.45502,50.57933],[-4.45463,50.57852],[-4.45272,50.57732],[-4.44826,50.57802],[-4.44529,50.58004],[-4.4441,50.58044],[-4.44226,50.58056],[-4.4362,50.57913],[-4.43509,50.5797],[-4.43354,50.58001],[-4.42937,50.58426],[-4.42835,50.5861],[-4.42354,50.58649],[-4.42231,50.58632],[-4.42063,50.58531],[-4.41772,50.58245],[-4.41494,50.58091],[-4.40857,50.58005],[-4.40377,50.5808],[-4.40013,50.58063],[-4.39813,50.58225],[-4.39651,50.58238],[-4.39566,50.58289],[-4.39442,50.58222],[-4.39413,50.58172],[-4.39571,50.57924],[-4.39534,50.57905],[-4.39461,50.57932],[-4.3943,50.57849],[-4.39263,50.57833],[-4.39358,50.57694],[-4.39291,50.5755],[-4.39444,50.57551],[-4.39679,50.57465],[-4.39766,50.57348],[-4.39964,50.57214],[-4.39993,50.57144],[-4.39918,50.57027],[-4.39973,50.56939],[-4.3964,50.56902],[-4.39434,50.56783],[-4.39569,50.56686],[-4.39624,50.56544],[-4.39697,50.56558],[-4.3975,50.56429],[-4.39913,50.56436],[-4.39941,50.56315],[-4.40155,50.56184],[-4.39831,50.55947],[-4.39651,50.55639],[-4.39402,50.55506],[-4.39416,50.55476],[-4.3949,50.554],[-4.39679,50.55328],[-4.39623,50.5525],[-4.39672,50.55236],[-4.40054,50.55197],[-4.40142,50.55289],[-4.40368,50.55286],[-4.41263,50.5513],[-4.41494,50.54968],[-4.41,50.5486],[-4.4114,50.5462],[-4.41261,50.54508],[-4.41313,50.54375],[-4.414,50.54323],[-4.41678,50.54351],[-4.41875,50.54304],[-4.4187,50.54258],[-4.42094,50.54192],[-4.42329,50.54181],[-4.4257,50.54261],[-4.42807,50.54277],[-4.43144,50.54439],[-4.43383,50.54418],[-4.43576,50.54436],[-4.43734,50.54535],[-4.44052,50.5448],[-4.44518,50.54173],[-4.44721,50.54198],[-4.45445,50.54149],[-4.46144,50.54353],[-4.46579,50.5424],[-4.47145,50.54162],[-4.47244,50.5424],[-4.47394,50.54232],[-4.47977,50.54068],[-4.48099,50.54087],[-4.48367,50.54335],[-4.48415,50.5456],[-4.48472,50.54585],[-4.48488,50.54686],[-4.48535,50.54709],[-4.48488,50.54741],[-4.48592,50.54885],[-4.48657,50.54941],[-4.48744,50.54937],[-4.48716,50.54981],[-4.48791,50.54968],[-4.48991,50.55088],[-4.49259,50.55354],[-4.49425,50.55415],[-4.4958,50.55621],[-4.49565,50.55709],[-4.49838,50.55782],[-4.50124,50.55789],[-4.50258,50.55893],[-4.50365,50.55925],[-4.50344,50.55911],[-4.50742,50.55938],[-4.50979,50.55829],[-4.51375,50.55789],[-4.51725,50.55666],[-4.51883,50.5556],[-4.51816,50.55435],[-4.5192,50.55233],[-4.51941,50.55096],[-4.5211,50.54905],[-4.52776,50.54697],[-4.534,50.54332],[-4.53437,50.54264],[-4.53562,50.54326],[-4.53835,50.54633],[-4.54027,50.54779],[-4.54145,50.54974],[-4.54492,50.55215],[-4.54498,50.55268],[-4.54848,50.55589],[-4.54784,50.55688],[-4.54775,50.55794],[-4.54835,50.55807],[-4.54929,50.56017],[-4.55074,50.56136],[-4.55444,50.56186],[-4.55555,50.5615],[-4.55663,50.56046],[-4.55833,50.55693],[-4.56001,50.55801],[-4.5614,50.55959],[-4.56473,50.56032],[-4.56841,50.55925],[-4.56991,50.55826],[-4.57018,50.55985],[-4.57563,50.55652],[-4.58081,50.55398],[-4.58186,50.55133],[-4.58261,50.55052],[-4.58635,50.54917],[-4.59001,50.55007],[-4.59313,50.5528],[-4.59428,50.55278],[-4.60196,50.55671],[-4.60132,50.55696],[-4.6011,50.55927],[-4.60294,50.56241],[-4.60413,50.56687],[-4.60148,50.56974],[-4.60129,50.57062],[-4.59851,50.57286],[-4.59871,50.57396],[-4.59933,50.57435],[-4.59972,50.5753],[-4.59657,50.57645],[-4.59612,50.57711],[-4.59456,50.57691],[-4.59337,50.57642],[-4.59219,50.57454],[-4.58788,50.5712],[-4.58432,50.57427],[-4.584,50.57525],[-4.58684,50.58046],[-4.58826,50.58211],[-4.59142,50.58815],[-4.59506,50.5917],[-4.59711,50.59315],[-4.5988,50.59509],[-4.60294,50.59672],[-4.60278,50.5987],[-4.60344,50.6005],[-4.60289,50.60606],[-4.59952,50.6146],[-4.59998,50.61464],[-4.60038,50.61839],[-4.59624,50.62393],[-4.59375,50.62588],[-4.59227,50.62757],[-4.58723,50.63003],[-4.58159,50.63211],[-4.57794,50.6331],[-4.58001,50.63399],[-4.57983,50.63562],[-4.58086,50.63648],[-4.58027,50.63686],[-4.58296,50.63789],[-4.58216,50.63851],[-4.57935,50.63905],[-4.57863,50.63975],[-4.57247,50.63864],[-4.57212,50.64002],[-4.57239,50.64099],[-4.57495,50.64439],[-4.57304,50.64418],[-4.57219,50.64247],[-4.57091,50.64179],[-4.56952,50.64157],[-4.56777,50.64244],[-4.56729,50.64228],[-4.5648,50.64061],[-4.56366,50.6392],[-4.56154,50.63818],[-4.55853,50.63768],[-4.55664,50.63795],[-4.55686,50.64062],[-4.5565,50.64106],[-4.55658,50.64228],[-4.55614,50.6424],[-4.55583,50.64353],[-4.55674,50.64555],[-4.55716,50.64564],[-4.55711,50.64839],[-4.55787,50.64867],[-4.5581,50.64924],[-4.55942,50.64983],[-4.55977,50.64966],[-4.56191,50.65079],[-4.56117,50.65144],[-4.56093,50.65251],[-4.55678,50.65548],[-4.55034,50.65284],[-4.54618,50.65212]]]}},{"type":"Feature","properties":{"id":"E01018926","name":"E01018926","parent":"E06000052","type":"LSOA","pop":2474,"r":2,"ff":0,"ffd":0.0,"ffs":0.0,"g":0,"co":3,"mo":3,"sa":3,"ic":1},"geometry":{"type":"Polygon","coordinates":[[[-4.60913,50.60272],[-4.60463,50.60172],[-4.60344,50.6005],[-4.60278,50.5987],[-4.60294,50.59672],[-4.5988,50.59509],[-4.59711,50.59315],[-4.59506,50.5917],[-4.59142,50.58815],[-4.58826,50.58211],[-4.58684,50.58046],[-4.584,50.57525],[-4.58432,50.57427],[-4.58788,50.5712],[-4.59219,50.57454],[-4.59337,50.57642],[-4.59456,50.57691],[-4.59612,50.57711],[-4.59657,50.57645],[-4.59972,50.5753],[-4.59933,50.57435],[-4.59871,50.57396],[-4.59851,50.57286],[-4.60129,50.57062],[-4.60148,50.56974],[-4.60413,50.56687],[-4.60294,50.56241],[-4.6011,50.55927],[-4.60132,50.55696],[-4.60196,50.55671],[-4.59428,50.55278],[-4.59313,50.5528],[-4.59001,50.55007],[-4.58635,50.54917],[-4.58261,50.55052],[-4.58186,50.55133],[-4.58081,50.55398],[-4.57563,50.55652],[-4.57018,50.55985],[-4.56991,50.55826],[-4.57367,50.55365],[-4.5794,50.54772],[-4.57975,50.54786],[-4.58093,50.54706],[-4.58559,50.54299],[-4.58943,50.54036],[-4.59341,50.53868],[-4.60902,50.53395],[-4.61072,50.5345],[-4.61071,50.53345],[-4.61133,50.53253],[-4.60966,50.53212],[-4.60705,50.52976],[-4.60603,50.52798],[-4.60544,50.52503],[-4.6065,50.52313],[-4.61466,50.51778],[-4.61599,50.51488],[-4.6154,50.51375],[-4.61558,50.51259],[-4.61336,50.51122],[-4.61323,50.51002],[-4.61159,50.50904],[-4.61187,50.50863],[-4.61133,50.50733],[-4.61047,50.50648],[-4.6123,50.50557],[-4.61286,50.50485],[-4.613,50.50407],[-4.61266,50.50418],[-4.6121,50.50362],[-4.61293,50.50226],[-4.61178,50.50166],[-4.61298,50.50043],[-4.61289,50.49981],[-4.61225,50.49884],[-4.60948,50.49879],[-4.60909,50.49808],[-4.60866,50.49591],[-4.61032,50.4947],[-4.61203,50.49453],[-4.613,50.49142],[-4.61255,50.49075],[-4.61913,50.48719],[-4.61362,50.48089],[-4.61309,50.47888],[-4.61179,50.47684],[-4.61158,50.47552],[-4.61345,50.47164],[-4.61724,50.46763],[-4.61752,50.46647],[-4.61672,50.46451],[-4.61743,50.46356],[-4.61642,50.46259],[-4.61686,50.46158],[-4.6184,50.46115],[-4.6191,50.45949],[-4.6213,50.45875],[-4.62172,50.45835],[-4.62157,50.45776],[-4.6223,50.45709],[-4.62664,50.45869],[-4.62993,50.45795],[-4.63115,50.45739],[-4.63205,50.45629],[-4.63422,50.45605],[-4.635,50.45496],[-4.63493,50.45433],[-4.63416,50.45357],[-4.63441,50.45047],[-4.63573,50.44771],[-4.63511,50.44405],[-4.63634,50.44283],[-4.64601,50.44364],[-4.64716,50.44487],[-4.65253,50.4484],[-4.65464,50.44933],[-4.6563,50.44966],[-4.6573,50.45064],[-4.66016,50.45046],[-4.66051,50.44939],[-4.66165,50.44842],[-4.66194,50.44742],[-4.66356,50.44629],[-4.66671,50.44587],[-4.66878,50.44624],[-4.67116,50.44551],[-4.67148,50.44511],[-4.67111,50.44417],[-4.67241,50.44427],[-4.6755,50.44505],[-4.67727,50.44717],[-4.67892,50.44826],[-4.67939,50.44824],[-4.68015,50.44908],[-4.68105,50.4493],[-4.68147,50.45005],[-4.68101,50.45022],[-4.68191,50.45198],[-4.6837,50.45385],[-4.68244,50.45821],[-4.68011,50.46053],[-4.67774,50.46071],[-4.67519,50.46158],[-4.67434,50.4623],[-4.67295,50.46221],[-4.67387,50.46335],[-4.67478,50.46355],[-4.67511,50.46409],[-4.67589,50.46415],[-4.67623,50.4651],[-4.67811,50.46556],[-4.6793,50.46755],[-4.67926,50.46929],[-4.68011,50.46896],[-4.68203,50.4691],[-4.68465,50.46999],[-4.68829,50.47174],[-4.69139,50.47206],[-4.69293,50.47259],[-4.69336,50.47458],[-4.69556,50.47571],[-4.6977,50.47742],[-4.69786,50.4787],[-4.70071,50.4807],[-4.69867,50.48222],[-4.69952,50.48615],[-4.7031,50.48457],[-4.70363,50.48319],[-4.70276,50.48218],[-4.70477,50.48157],[-4.70562,50.47996],[-4.70756,50.48019],[-4.71129,50.48009],[-4.71535,50.48088],[-4.71915,50.48058],[-4.72118,50.48013],[-4.72319,50.48061],[-4.72597,50.48014],[-4.73063,50.48028],[-4.73522,50.47956],[-4.73583,50.47893],[-4.7375,50.47849],[-4.73782,50.47887],[-4.73979,50.47756],[-4.74056,50.4765],[-4.74065,50.47558],[-4.74413,50.47492],[-4.74898,50.47572],[-4.74946,50.47623],[-4.75276,50.47744],[-4.75143,50.47755],[-4.75072,50.47869],[-4.7471,50.48122],[-4.74696,50.48213],[-4.74537,50.48261],[-4.74511,50.48407],[-4.74644,50.48568],[-4.74434,50.48754],[-4.74342,50.48911],[-4.74389,50.49149],[-4.74312,50.49422],[-4.74338,50.49791],[-4.74151,50.49929],[-4.74003,50.50104],[-4.73595,50.50271],[-4.7337,50.50272],[-4.73315,50.5032],[-4.73522,50.50987],[-4.73492,50.5108],[-4.73307,50.51134],[-4.73162,50.51114],[-4.72887,50.51138],[-4.72533,50.51251],[-4.72353,50.51241],[-4.72105,50.5142],[-4.71892,50.51435],[-4.71703,50.51489],[-4.70853,50.51528],[-4.70707,50.51628],[-4.70572,50.51782],[-4.70341,50.51906],[-4.70167,50.51931],[-4.70045,50.51886],[-4.69928,50.51936],[-4.69806,50.52142],[-4.69865,50.52292],[-4.69747,50.52474],[-4.69835,50.52523],[-4.69767,50.52649],[-4.69986,50.52825],[-4.7043,50.52977],[-4.70463,50.53063],[-4.70455,50.53148],[-4.70636,50.53223],[-4.70627,50.53407],[-4.70661,50.53445],[-4.70765,50.53468],[-4.70788,50.53558],[-4.7075,50.53613],[-4.70664,50.53645],[-4.70622,50.53725],[-4.70508,50.53783],[-4.7038,50.54016],[-4.70244,50.54117],[-4.7023,50.54187],[-4.70262,50.54269],[-4.70359,50.54329],[-4.70433,50.54485],[-4.70749,50.54524],[-4.71141,50.54742],[-4.71124,50.54908],[-4.71017,50.55103],[-4.71036,50.55199],[-4.71189,50.55374],[-4.71167,50.55699],[-4.71267,50.55838],[-4.71198,50.55942],[-4.70743,50.55985],[-4.70928,50.56105],[-4.70518,50.56274],[-4.70717,50.56537],[-4.70897,50.56688],[-4.70565,50.5672],[-4.70315,50.56782],[-4.70098,50.56876],[-4.70084,50.56914],[-4.70027,50.56922],[-4.69845,50.57057],[-4.69769,50.57211],[-4.69776,50.57343],[-4.69531,50.5746],[-4.69584,50.57547],[-4.69576,50.5764],[-4.69659,50.57731],[-4.69579,50.58124],[-4.69404,50.58424],[-4.69387,50.5867],[-4.69144,50.58899],[-4.69104,50.59003],[-4.69227,50.59037],[-4.69367,50.59012],[-4.69317,50.59113],[-4.69108,50.59181],[-4.68885,50.59356],[-4.6867,50.59352],[-4.68587,50.59174],[-4.68248,50.58917],[-4.68068,50.58688],[-4.67903,50.58613],[-4.67879,50.58526],[-4.67723,50.58459],[-4.67599,50.58462],[-4.67439,50.58552],[-4.67307,50.58731],[-4.67179,50.58759],[-4.6714,50.58871],[-4.67022,50.58898],[-4.66952,50.58879],[-4.66949,50.5893],[-4.66842,50.58992],[-4.66522,50.59064],[-4.66371,50.59147],[-4.66053,50.59129],[-4.65878,50.5916],[-4.65628,50.59408],[-4.65495,50.59462],[-4.65413,50.59451],[-4.65467,50.59565],[-4.65405,50.5979],[-4.65333,50.59827],[-4.65187,50.59844],[-4.65136,50.59908],[-4.6498,50.59967],[-4.64956,50.60025],[-4.64804,50.60056],[-4.64679,50.60128],[-4.64556,50.60126],[-4.64472,50.60206],[-4.63815,50.60349],[-4.6335,50.605],[-4.63292,50.60558],[-4.63169,50.60605],[-4.63048,50.60801],[-4.62739,50.61035],[-4.62164,50.61073],[-4.61783,50.61181],[-4.61637,50.61303],[-4.61601,50.6141],[-4.61513,50.61426],[-4.60756,50.60947],[-4.60913,50.60272]]]}},{"type":"Feature","properties":{"id":"E01018927","name":"E01018927","parent":"E06000052","type":"LSOA","pop":1676,"r":3,"ff":1,"ffd":59.7,"ffs":0.3333,"g":0,"co":1,"mo":1,"sa":1,"ic":1},"geometry":{"type":"Polygon","coordinates":[[[-4.72588,50.4793],[-4.72617,50.47742],[-4.72524,50.47674],[-4.72704,50.47468],[-4.72671,50.47442],[-4.72762,50.47425],[-4.72654,50.47395],[-4.72829,50.473],[-4.73083,50.473],[-4.73118,50.47182],[-4.7309,50.47171],[-4.73082,50.47123],[-4.73105,50.47049],[-4.73137,50.47029],[-4.73087,50.47002],[-4.73103,50.46974],[-4.73288,50.4701],[-4.73271,50.46977],[-4.73324,50.46959],[-4.73197,50.46931],[-4.73198,50.4677],[-4.73251,50.46757],[-4.73285,50.46834],[-4.73567,50.46905],[-4.73509,50.46936],[-4.73577,50.46995],[-4.73557,50.47033],[-4.73382,50.47032],[-4.7344,50.47069],[-4.7354,50.47066],[-4.73567,50.47084],[-4.73516,50.47102],[-4.73569,50.47162],[-4.73845,50.47264],[-4.73827,50.47287],[-4.74305,50.47386],[-4.7456,50.47384],[-4.74811,50.47448],[-4.74413,50.47492],[-4.74065,50.47558],[-4.74056,50.4765],[-4.73979,50.47756],[-4.73782,50.47887],[-4.7375,50.47849],[-4.73583,50.47893],[-4.73522,50.47956],[-4.73063,50.48028],[-4.72597,50.48014],[-4.72588,50.4793]]]}},{"type":"Feature","properties":{"id":"E01018928","name":"E01018928","parent":"E06000052","type":"LSOA","pop":1695,"r":3,"ff":1,"ffd":59.0,"ffs":0.3333,"g":0,"co":1,"mo":1,"sa":1,"ic":1},"geometry":{"type":"Polygon","coordinates":[[[-4.72591,50.4733],[-4.72446,50.47273],[-4.72138,50.47225],[-4.72228,50.47129],[-4.72361,50.47146],[-4.72485,50.46888],[-4.72566,50.46823],[-4.72685,50.46811],[-4.72711,50.4687],[-4.7281,50.46878],[-4.72865,50.46928],[-4.72911,50.46892],[-4.72949,50.46925],[-4.73057,50.46922],[-4.73094,50.46864],[-4.73188,50.46865],[-4.73197,50.46931],[-4.73324,50.46959],[-4.73271,50.46977],[-4.73288,50.4701],[-4.73103,50.46974],[-4.73087,50.47002],[-4.73137,50.47029],[-4.73105,50.47049],[-4.73082,50.47123],[-4.7309,50.47171],[-4.73118,50.47182],[-4.73083,50.473],[-4.72829,50.473],[-4.72654,50.47395],[-4.72591,50.4733]]]}},{"type":"Feature","properties":{"id":"E01018929","name":"E01018929","parent":"E06000052","type":"LSOA","pop":2119,"r":3,"ff":1,"ffd":47.2,"ffs":0.3333,"g":0,"co":1,"mo":1,"sa":1,"ic":1},"geometry":{"type":"Polygon","coordinates":[[[-4.73567,50.47084],[-4.7354,50.47066],[-4.7344,50.47069],[-4.73382,50.47032],[-4.73557,50.47033],[-4.73577,50.46995],[-4.73509,50.46936],[-4.73567,50.46905],[-4.73607,50.46917],[-4.73705,50.46866],[-4.7374,50.46809],[-4.73637,50.46743],[-4.73722,50.46672],[-4.73719,50.46611],[-4.73671,50.4659],[-4.73695,50.46559],[-4.73782,50.46577],[-4.73843,50.46545],[-4.7375,50.46476],[-4.73812,50.46449],[-4.73817,50.46388],[-4.73746,50.4637],[-4.73736,50.46326],[-4.7377,50.46334],[-4.739,50.46467],[-4.74078,50.4627],[-4.74127,50.46138],[-4.74353,50.45972],[-4.74614,50.46022],[-4.74595,50.46044],[-4.74691,50.46102],[-4.74902,50.4615],[-4.75173,50.46316],[-4.75274,50.46403],[-4.7524,50.4643],[-4.75344,50.46575],[-4.75407,50.46585],[-4.75418,50.46696],[-4.75634,50.47005],[-4.75879,50.47175],[-4.75918,50.47303],[-4.75734,50.47387],[-4.7559,50.47723],[-4.75276,50.47744],[-4.74946,50.47623],[-4.74898,50.47572],[-4.74413,50.47492],[-4.74811,50.47448],[-4.74759,50.47427],[-4.7456,50.47384],[-4.74305,50.47386],[-4.73827,50.47287],[-4.73845,50.47264],[-4.73569,50.47162],[-4.73516,50.47102],[-4.73567,50.47084]]]}},{"type":"Feature","properties":{"id":"E01018930","name":"E01018930","parent":"E06000052","type":"LSOA","pop":1628,"r":4,"ff":1,"ffd":61.4,"ffs":0.25,"g":0,"co":1,"mo":1,"sa":1,"ic":1},"geometry":{"type":"Polygon","coordinates":[[[-4.73285,50.46834],[-4.73251,50.46757],[-4.73198,50.4677],[-4.73188,50.46865],[-4.73094,50.46864],[-4.73057,50.46922],[-4.72949,50.46925],[-4.72911,50.46892],[-4.72865,50.46928],[-4.7281,50.46878],[-4.72711,50.4687],[-4.72685,50.46811],[-4.72566,50.46823],[-4.72604,50.46505],[-4.72676,50.4642],[-4.72707,50.46239],[-4.72759,50.46187],[-4.73139,50.46267],[-4.73163,50.46322],[-4.73311,50.4633],[-4.73386,50.46376],[-4.73379,50.46419],[-4.73297,50.46555],[-4.73252,50.46578],[-4.73254,50.46604],[-4.73334,50.4662],[-4.73349,50.4667],[-4.73461,50.4664],[-4.73432,50.46711],[-4.73531,50.46725],[-4.73619,50.46566],[-4.73719,50.46611],[-4.73722,50.46672],[-4.73637,50.46743],[-4.7374,50.46809],[-4.73705,50.46866],[-4.73607,50.46917],[-4.73285,50.46834]]]}},{"type":"Feature","properties":{"id":"E01018931","name":"E01018931","parent":"E06000052","type":"LSOA","pop":1079,"r":4,"ff":1,"ffd":92.7,"ffs":0.25,"g":0,"co":1,"mo":1,"sa":1,"ic":1},"geometry":{"type":"Polygon","coordinates":[[[-4.73432,50.46711],[-4.73461,50.4664],[-4.73349,50.4667],[-4.73334,50.4662],[-4.73254,50.46604],[-4.73252,50.46578],[-4.73297,50.46555],[-4.73379,50.46419],[-4.73386,50.46376],[-4.73311,50.4633],[-4.73163,50.46322],[-4.73139,50.46267],[-4.72759,50.46187],[-4.72765,50.45975],[-4.72714,50.45969],[-4.73077,50.45841],[-4.73312,50.45694],[-4.73308,50.45646],[-4.72444,50.45401],[-4.72159,50.45277],[-4.72236,50.45113],[-4.7298,50.45157],[-4.73617,50.4549],[-4.73831,50.45768],[-4.74191,50.45943],[-4.74353,50.45972],[-4.74127,50.46138],[-4.74078,50.4627],[-4.739,50.46467],[-4.7377,50.46334],[-4.73736,50.46326],[-4.73746,50.4637],[-4.73817,50.46388],[-4.73812,50.46449],[-4.7375,50.46476],[-4.73843,50.46545],[-4.73782,50.46577],[-4.73695,50.46559],[-4.73671,50.4659],[-4.73619,50.46566],[-4.73531,50.46725],[-4.73432,50.46711]]]}},{"type":"Feature","properties":{"id":"E01018932","name":"E01018932","parent":"E06000052","type":"LSOA","pop":1610,"r":3,"ff":1,"ffd":62.1,"ffs":0.3333,"g":0,"co":1,"mo":1,"sa":1,"ic":1},"geometry":{"type":"Polygon","coordinates":[[[-4.69991,50.48011],[-4.69786,50.4787],[-4.6977,50.47742],[-4.69556,50.47571],[-4.69336,50.47458],[-4.69293,50.47259],[-4.69139,50.47206],[-4.68829,50.47174],[-4.6891,50.47093],[-4.68918,50.46903],[-4.6906,50.4676],[-4.69376,50.46577],[-4.6953,50.46572],[-4.69793,50.46964],[-4.69889,50.47215],[-4.70004,50.47261],[-4.70076,50.47269],[-4.70101,50.47125],[-4.70437,50.4721],[-4.7047,50.47166],[-4.70689,50.47205],[-4.70588,50.47285],[-4.70768,50.47348],[-4.70883,50.47242],[-4.7083,50.47227],[-4.70897,50.47156],[-4.70974,50.47192],[-4.71032,50.47149],[-4.71165,50.47228],[-4.71249,50.4723],[-4.71245,50.47302],[-4.7135,50.47374],[-4.71348,50.47419],[-4.71429,50.47376],[-4.71572,50.47431],[-4.71569,50.47369],[-4.71522,50.47387],[-4.71564,50.47351],[-4.7162,50.47371],[-4.71627,50.47419],[-4.71689,50.47423],[-4.71722,50.47457],[-4.71923,50.47468],[-4.7192,50.47522],[-4.72045,50.47546],[-4.72119,50.47409],[-4.72104,50.47371],[-4.71902,50.47317],[-4.71887,50.47382],[-4.71814,50.47379],[-4.7186,50.47313],[-4.7184,50.47271],[-4.7196,50.47211],[-4.72052,50.47248],[-4.72135,50.47235],[-4.72446,50.47273],[-4.72591,50.4733],[-4.72654,50.47395],[-4.72762,50.47425],[-4.72671,50.47442],[-4.72704,50.47468],[-4.72524,50.47674],[-4.72617,50.47742],[-4.72588,50.4793],[-4.72597,50.48014],[-4.72319,50.48061],[-4.72118,50.48013],[-4.71915,50.48058],[-4.71535,50.48088],[-4.71129,50.48009],[-4.70756,50.48019],[-4.70562,50.47996],[-4.70477,50.48157],[-4.70276,50.48218],[-4.70363,50.48319],[-4.7031,50.48457],[-4.69952,50.48615],[-4.69867,50.48222],[-4.70071,50.4807],[-4.69991,50.48011]]]}},{"type":"Feature","properties":{"id":"E01018933","name":"E01018933","parent":"E06000052","type":"LSOA","pop":1955,"r":3,"ff":1,"ffd":51.2,"ffs":0.3333,"g":0,"co":1,"mo":1,"sa":1,"ic":1},"geometry":{"type":"Polygon","coordinates":[[[-4.71627,50.47419],[-4.7162,50.47371],[-4.71564,50.47351],[-4.71522,50.47387],[-4.71569,50.47369],[-4.71572,50.47431],[-4.71429,50.47376],[-4.71348,50.47419],[-4.7135,50.47374],[-4.71245,50.47302],[-4.71249,50.4723],[-4.714,50.47226],[-4.71549,50.47135],[-4.71547,50.47101],[-4.71423,50.47056],[-4.71255,50.46936],[-4.71493,50.46883],[-4.71488,50.46845],[-4.71599,50.46735],[-4.71588,50.46658],[-4.71527,50.4662],[-4.71606,50.46585],[-4.71724,50.46672],[-4.71755,50.4664],[-4.71844,50.46669],[-4.71876,50.46784],[-4.71932,50.46813],[-4.71852,50.47026],[-4.72024,50.47038],[-4.72067,50.4701],[-4.71999,50.46951],[-4.72066,50.46897],[-4.72023,50.46864],[-4.72102,50.46783],[-4.72485,50.46888],[-4.72361,50.47146],[-4.72228,50.47129],[-4.72135,50.47235],[-4.72052,50.47248],[-4.7196,50.47211],[-4.7184,50.47271],[-4.7186,50.47313],[-4.71814,50.47379],[-4.71887,50.47382],[-4.71902,50.47317],[-4.72104,50.47371],[-4.72119,50.47409],[-4.72045,50.47546],[-4.7192,50.47522],[-4.71923,50.47468],[-4.71722,50.47457],[-4.71689,50.47423],[-4.71627,50.47419]]]}},{"type":"Feature","properties":{"id":"E01018934","name":"E01018934","parent":"E06000052","type":"LSOA","pop":3117,"r":4,"ff":1,"ffd":32.1,"ffs":0.25,"g":0,"co":1,"mo":1,"sa":1,"ic":1},"geometry":{"type":"Polygon","coordinates":[[[-4.70689,50.47205],[-4.7047,50.47166],[-4.70437,50.4721],[-4.70101,50.47125],[-4.70076,50.47269],[-4.69889,50.47215],[-4.69793,50.46964],[-4.6953,50.46572],[-4.69376,50.46577],[-4.6906,50.4676],[-4.68918,50.46903],[-4.6891,50.47093],[-4.68829,50.47174],[-4.68465,50.46999],[-4.68203,50.4691],[-4.68011,50.46896],[-4.67926,50.46929],[-4.6793,50.46755],[-4.67811,50.46556],[-4.67623,50.4651],[-4.67589,50.46415],[-4.67511,50.46409],[-4.67478,50.46355],[-4.67387,50.46335],[-4.67295,50.46221],[-4.67434,50.4623],[-4.67519,50.46158],[-4.67774,50.46071],[-4.68011,50.46053],[-4.68244,50.45821],[-4.68315,50.45598],[-4.69486,50.4589],[-4.69775,50.4548],[-4.70099,50.45251],[-4.70304,50.45222],[-4.70812,50.45264],[-4.7082,50.45239],[-4.70889,50.45234],[-4.71107,50.45256],[-4.71106,50.45321],[-4.71153,50.45338],[-4.71452,50.4537],[-4.71316,50.45609],[-4.71226,50.45877],[-4.71346,50.45954],[-4.71433,50.46118],[-4.71201,50.46129],[-4.71037,50.4595],[-4.70927,50.45908],[-4.70932,50.45949],[-4.70853,50.45969],[-4.70797,50.46061],[-4.70693,50.46047],[-4.70688,50.45986],[-4.70636,50.45948],[-4.70538,50.45996],[-4.70669,50.46082],[-4.70602,50.46137],[-4.70339,50.46037],[-4.70311,50.46066],[-4.70161,50.46074],[-4.69979,50.46214],[-4.69783,50.46492],[-4.69924,50.46591],[-4.70253,50.46669],[-4.70257,50.46375],[-4.70552,50.46388],[-4.70946,50.46299],[-4.70993,50.46344],[-4.71226,50.46431],[-4.71231,50.46497],[-4.71339,50.4651],[-4.71363,50.46486],[-4.71414,50.46509],[-4.71433,50.46575],[-4.71588,50.46658],[-4.71599,50.46735],[-4.71488,50.46845],[-4.71493,50.46883],[-4.71255,50.46936],[-4.71423,50.47056],[-4.71547,50.47101],[-4.71549,50.47135],[-4.714,50.47226],[-4.71165,50.47228],[-4.71032,50.47149],[-4.70974,50.47192],[-4.70897,50.47156],[-4.7083,50.47227],[-4.70883,50.47242],[-4.70768,50.47348],[-4.70588,50.47285],[-4.70689,50.47205]]]}},{"type":"Feature","properties":{"id":"E01018935","name":"E01018935","parent":"E06000052","type":"LSOA","pop":2696,"r":4,"ff":1,"ffd":37.1,"ffs":0.25,"g":0,"co":1,"mo":1,"sa":1,"ic":1},"geometry":{"type":"Polygon","coordinates":[[[-4.71932,50.46813],[-4.71876,50.46784],[-4.71844,50.46669],[-4.71755,50.4664],[-4.71724,50.46672],[-4.71606,50.46585],[-4.71527,50.4662],[-4.71433,50.46575],[-4.71414,50.46509],[-4.71363,50.46486],[-4.71339,50.4651],[-4.71231,50.46497],[-4.71226,50.46431],[-4.70993,50.46344],[-4.70946,50.46299],[-4.70552,50.46388],[-4.70257,50.46375],[-4.70253,50.46669],[-4.69924,50.46591],[-4.69783,50.46492],[-4.69979,50.46214],[-4.70161,50.46074],[-4.70311,50.46066],[-4.70339,50.46037],[-4.70602,50.46137],[-4.70669,50.46082],[-4.70538,50.45996],[-4.70636,50.45948],[-4.70688,50.45986],[-4.70693,50.46047],[-4.70797,50.46061],[-4.70853,50.45969],[-4.70932,50.45949],[-4.70927,50.45908],[-4.71037,50.4595],[-4.71201,50.46129],[-4.71433,50.46118],[-4.71346,50.45954],[-4.71226,50.45877],[-4.71316,50.45609],[-4.71452,50.4537],[-4.71497,50.45379],[-4.71622,50.45195],[-4.71757,50.45103],[-4.71726,50.45093],[-4.71798,50.44936],[-4.71976,50.4498],[-4.72236,50.45113],[-4.72159,50.45277],[-4.72444,50.45401],[-4.73308,50.45646],[-4.73312,50.45694],[-4.73077,50.45841],[-4.72714,50.45969],[-4.72765,50.45975],[-4.72759,50.46187],[-4.72707,50.46239],[-4.72676,50.4642],[-4.72604,50.46505],[-4.72566,50.46823],[-4.72547,50.46848],[-4.72485,50.46888],[-4.72102,50.46783],[-4.72023,50.46864],[-4.72066,50.46897],[-4.71999,50.46951],[-4.72067,50.4701],[-4.72024,50.47038],[-4.71852,50.47026],[-4.71932,50.46813]]]}},{"type":"Feature","properties":{"id":"E01018936","name":"E01018936","parent":"E06000052","type":"LSOA","pop":1555,"r":5,"ff":2,"ffd":128.6,"ffs":0.4,"g":0,"co":3,"mo":3,"sa":3,"ic":3},"geometry":{"type":"Polygon","coordinates":[[[-4.54968,50.83586],[-4.54317,50.83441],[-4.54277,50.83469],[-4.53986,50.83432],[-4.53621,50.83271],[-4.53689,50.82954],[-4.53585,50.82988],[-4.5353,50.82955],[-4.53422,50.82963],[-4.53431,50.82926],[-4.53369,50.82894],[-4.53285,50.82904],[-4.53185,50.82867],[-4.53124,50.829],[-4.53069,50.82884],[-4.53171,50.82854],[-4.53344,50.82872],[-4.5347,50.82847],[-4.53536,50.82901],[-4.53509,50.82817],[-4.53603,50.8278],[-4.53582,50.82744],[-4.53669,50.82723],[-4.53667,50.82613],[-4.53725,50.82586],[-4.53829,50.82592],[-4.53894,50.82536],[-4.54018,50.82552],[-4.54048,50.82586],[-4.54107,50.82577],[-4.54131,50.82714],[-4.53967,50.82646],[-4.53847,50.82704],[-4.539,50.82762],[-4.53953,50.82756],[-4.53964,50.82796],[-4.54036,50.82767],[-4.54066,50.82807],[-4.54329,50.82761],[-4.54383,50.827],[-4.54472,50.82693],[-4.54657,50.82755],[-4.54739,50.82687],[-4.54722,50.82614],[-4.54671,50.8259],[-4.54765,50.82568],[-4.54753,50.82489],[-4.54838,50.82449],[-4.55109,50.82539],[-4.55732,50.82335],[-4.55771,50.8238],[-4.55813,50.82384],[-4.5582,50.82465],[-4.55872,50.82504],[-4.55794,50.8252],[-4.55819,50.82538],[-4.55743,50.82596],[-4.5574,50.82664],[-4.55669,50.82709],[-4.55711,50.82847],[-4.55868,50.82876],[-4.55709,50.82878],[-4.55746,50.82929],[-4.55654,50.82928],[-4.55652,50.82963],[-4.55597,50.8297],[-4.55647,50.83095],[-4.55743,50.83085],[-4.55686,50.83099],[-4.55669,50.83147],[-4.55616,50.83107],[-4.5557,50.83114],[-4.55598,50.83087],[-4.55521,50.82999],[-4.55253,50.82941],[-4.55198,50.82968],[-4.54993,50.82889],[-4.54785,50.82981],[-4.54667,50.82995],[-4.54739,50.83011],[-4.54999,50.82933],[-4.55103,50.82956],[-4.55202,50.83009],[-4.55184,50.8309],[-4.55227,50.83188],[-4.55379,50.83215],[-4.55374,50.8329],[-4.55439,50.83294],[-4.55397,50.83324],[-4.55442,50.83451],[-4.55392,50.83524],[-4.55395,50.83568],[-4.55273,50.83565],[-4.54975,50.8361],[-4.54968,50.83586]]]}},{"type":"Feature","properties":{"id":"E01018937","name":"E01018937","parent":"E06000052","type":"LSOA","pop":2114,"r":5,"ff":2,"ffd":94.6,"ffs":0.4,"g":0,"co":3,"mo":3,"sa":3,"ic":3},"geometry":{"type":"Polygon","coordinates":[[[-4.53555,50.83256],[-4.53464,50.83171],[-4.53337,50.83238],[-4.53277,50.83163],[-4.53349,50.8315],[-4.53139,50.83068],[-4.52886,50.83036],[-4.52886,50.82957],[-4.52813,50.82919],[-4.52848,50.8288],[-4.52715,50.82816],[-4.52691,50.82705],[-4.52765,50.82695],[-4.52703,50.82539],[-4.527,50.82467],[-4.52799,50.82459],[-4.52761,50.82417],[-4.52736,50.82325],[-4.52914,50.82276],[-4.52832,50.82138],[-4.5251,50.82121],[-4.52634,50.81926],[-4.52781,50.81922],[-4.52803,50.82046],[-4.53209,50.82062],[-4.53206,50.82151],[-4.53437,50.82114],[-4.53572,50.82139],[-4.53599,50.82234],[-4.53773,50.82251],[-4.53772,50.82329],[-4.53698,50.82347],[-4.53698,50.8245],[-4.53768,50.82448],[-4.53787,50.82475],[-4.53864,50.82457],[-4.53894,50.82536],[-4.53829,50.82592],[-4.53725,50.82586],[-4.53667,50.82613],[-4.53669,50.82723],[-4.53582,50.82744],[-4.53603,50.8278],[-4.53509,50.82817],[-4.53536,50.82901],[-4.5347,50.82847],[-4.53344,50.82872],[-4.53171,50.82854],[-4.53069,50.82884],[-4.53124,50.829],[-4.53185,50.82867],[-4.53285,50.82904],[-4.53369,50.82894],[-4.53431,50.82926],[-4.53422,50.82963],[-4.5353,50.82955],[-4.53585,50.82988],[-4.53689,50.82954],[-4.53621,50.83271],[-4.53555,50.83256]]]}},{"type":"Feature","properties":{"id":"E01018938","name":"E01018938","parent":"E06000052","type":"LSOA","pop":1620,"r":5,"ff":2,"ffd":123.5,"ffs":0.4,"g":0,"co":3,"mo":3,"sa":3,"ic":3},"geometry":{"type":"Polygon","coordinates":[[[-4.54066,50.82807],[-4.54036,50.82767],[-4.53964,50.82796],[-4.53953,50.82756],[-4.539,50.82762],[-4.53847,50.82704],[-4.53967,50.82646],[-4.54131,50.82714],[-4.54107,50.82577],[-4.54048,50.82586],[-4.54018,50.82552],[-4.53894,50.82536],[-4.53864,50.82457],[-4.53787,50.82475],[-4.53768,50.82448],[-4.53698,50.8245],[-4.53698,50.82347],[-4.53772,50.82329],[-4.53773,50.82251],[-4.53599,50.82234],[-4.53572,50.82139],[-4.53437,50.82114],[-4.53206,50.82151],[-4.53209,50.82062],[-4.52803,50.82046],[-4.52781,50.81922],[-4.52947,50.81886],[-4.52956,50.8179],[-4.53019,50.81768],[-4.52852,50.81575],[-4.52942,50.81468],[-4.53165,50.81444],[-4.53315,50.81458],[-4.53502,50.81356],[-4.53661,50.81509],[-4.53698,50.81494],[-4.53781,50.8157],[-4.53931,50.81489],[-4.53709,50.81354],[-4.53609,50.8125],[-4.53783,50.81237],[-4.53957,50.81185],[-4.54291,50.81024],[-4.54477,50.80979],[-4.55072,50.81],[-4.55687,50.8086],[-4.55681,50.80965],[-4.55768,50.81064],[-4.55676,50.81158],[-4.55679,50.81218],[-4.55703,50.81245],[-4.55781,50.81244],[-4.55711,50.81258],[-4.55647,50.81391],[-4.55692,50.81546],[-4.55762,50.81595],[-4.55686,50.81608],[-4.55619,50.8172],[-4.55641,50.81775],[-4.55699,50.81788],[-4.55662,50.81895],[-4.5568,50.81951],[-4.55744,50.8197],[-4.55682,50.81977],[-4.55718,50.81987],[-4.55727,50.82109],[-4.55785,50.82165],[-4.55667,50.82197],[-4.55657,50.82249],[-4.55732,50.82335],[-4.55109,50.82539],[-4.54838,50.82449],[-4.54753,50.82489],[-4.54765,50.82568],[-4.54671,50.8259],[-4.54722,50.82614],[-4.54739,50.82687],[-4.54657,50.82755],[-4.54472,50.82693],[-4.54383,50.827],[-4.54329,50.82761],[-4.54066,50.82807]]]}},{"type":"Feature","properties":{"id":"E01018940","name":"E01018940","parent":"E06000052","type":"LSOA","pop":1682,"r":1,"ff":0,"ffd":0.0,"ffs":0.0,"g":0,"co":1,"mo":3,"sa":3,"ic":3},"geometry":{"type":"Polygon","coordinates":[[[-4.69791,50.63522],[-4.69785,50.63498],[-4.69893,50.63458],[-4.70289,50.63386],[-4.70257,50.6334],[-4.70312,50.63196],[-4.70252,50.63131],[-4.70241,50.63058],[-4.70281,50.63052],[-4.70149,50.6264],[-4.7021,50.6251],[-4.70402,50.62337],[-4.70458,50.62344],[-4.70515,50.62207],[-4.70508,50.62028],[-4.7058,50.61858],[-4.70832,50.61849],[-4.70882,50.61476],[-4.7093,50.61324],[-4.71216,50.61384],[-4.71227,50.61357],[-4.71522,50.61385],[-4.71624,50.61346],[-4.71597,50.61206],[-4.71681,50.60903],[-4.722,50.60951],[-4.72621,50.60897],[-4.72822,50.6091],[-4.72953,50.60645],[-4.72887,50.60624],[-4.72877,50.60582],[-4.72902,50.60494],[-4.72867,50.60432],[-4.72925,50.60297],[-4.72861,50.60195],[-4.72882,50.60117],[-4.72748,50.59963],[-4.72612,50.59875],[-4.72579,50.59772],[-4.72614,50.59722],[-4.72545,50.59683],[-4.72541,50.59614],[-4.72642,50.59535],[-4.7258,50.59442],[-4.72633,50.593],[-4.72504,50.59335],[-4.72059,50.59327],[-4.71651,50.59408],[-4.71379,50.59421],[-4.7101,50.59238],[-4.70907,50.59233],[-4.70148,50.58974],[-4.69817,50.58815],[-4.69875,50.58756],[-4.69653,50.58723],[-4.69653,50.58688],[-4.69493,50.58673],[-4.69272,50.58847],[-4.69233,50.58817],[-4.69387,50.5867],[-4.69404,50.58424],[-4.69579,50.58124],[-4.69641,50.57861],[-4.69659,50.57731],[-4.69576,50.5764],[-4.69584,50.57547],[-4.69531,50.5746],[-4.69776,50.57343],[-4.69769,50.57211],[-4.69845,50.57057],[-4.70027,50.56922],[-4.70084,50.56914],[-4.70098,50.56876],[-4.70315,50.56782],[-4.70565,50.5672],[-4.70897,50.56688],[-4.71622,50.5656],[-4.71966,50.56556],[-4.72131,50.56524],[-4.72419,50.56536],[-4.72415,50.56611],[-4.72991,50.57099],[-4.73062,50.5734],[-4.72994,50.57359],[-4.7308,50.57438],[-4.73007,50.57497],[-4.73118,50.57563],[-4.7327,50.57755],[-4.73548,50.57777],[-4.73782,50.57565],[-4.73984,50.57505],[-4.74093,50.57324],[-4.74217,50.57292],[-4.74343,50.57346],[-4.74384,50.57425],[-4.74942,50.57703],[-4.7496,50.57871],[-4.75176,50.5802],[-4.75283,50.58186],[-4.75515,50.58309],[-4.75259,50.58419],[-4.75326,50.58489],[-4.75329,50.58625],[-4.7556,50.58662],[-4.75771,50.58461],[-4.76284,50.5831],[-4.76348,50.58427],[-4.7628,50.5867],[-4.764,50.58689],[-4.76472,50.58775],[-4.76487,50.58841],[-4.76403,50.58835],[-4.76389,50.58906],[-4.76503,50.58954],[-4.76368,50.59057],[-4.76485,50.59115],[-4.76627,50.59275],[-4.7671,50.59194],[-4.76704,50.59306],[-4.76747,50.59335],[-4.76918,50.59408],[-4.77103,50.59444],[-4.77855,50.59029],[-4.78309,50.59238],[-4.78379,50.59297],[-4.78354,50.59321],[-4.78391,50.5939],[-4.78774,50.59623],[-4.79005,50.59892],[-4.79076,50.60072],[-4.79063,50.60199],[-4.79124,50.60226],[-4.79069,50.60236],[-4.78963,50.60211],[-4.78843,50.60237],[-4.7883,50.60289],[-4.78989,50.60376],[-4.79012,50.60456],[-4.7883,50.60484],[-4.78833,50.60532],[-4.7875,50.60518],[-4.78738,50.60571],[-4.78608,50.60599],[-4.78556,50.60675],[-4.78478,50.60693],[-4.78517,50.6075],[-4.78477,50.60757],[-4.78531,50.60785],[-4.78418,50.60826],[-4.78521,50.60835],[-4.78454,50.60873],[-4.78515,50.60893],[-4.78479,50.60909],[-4.78395,50.60868],[-4.78393,50.609],[-4.78304,50.60878],[-4.78269,50.60914],[-4.78404,50.60977],[-4.78259,50.60955],[-4.78214,50.60984],[-4.78219,50.61105],[-4.78332,50.61159],[-4.78283,50.61152],[-4.783,50.61192],[-4.78241,50.61216],[-4.78211,50.61186],[-4.78098,50.61302],[-4.78048,50.61296],[-4.78026,50.61241],[-4.77995,50.61395],[-4.7776,50.61401],[-4.77826,50.61419],[-4.77805,50.6145],[-4.77874,50.61504],[-4.77622,50.61695],[-4.77681,50.61755],[-4.77551,50.61773],[-4.77512,50.61873],[-4.77427,50.61872],[-4.77394,50.61956],[-4.77425,50.62003],[-4.77364,50.61977],[-4.77342,50.61997],[-4.77336,50.62129],[-4.77253,50.62127],[-4.77044,50.62237],[-4.77115,50.62293],[-4.77074,50.62373],[-4.77116,50.62465],[-4.77031,50.62519],[-4.77018,50.626],[-4.77105,50.62647],[-4.77204,50.62794],[-4.77305,50.62836],[-4.77048,50.62987],[-4.77068,50.63042],[-4.77119,50.63041],[-4.77134,50.63071],[-4.7714,50.63139],[-4.77088,50.63187],[-4.77132,50.63193],[-4.77051,50.63253],[-4.77085,50.6332],[-4.77036,50.63306],[-4.7705,50.63237],[-4.77009,50.63317],[-4.76903,50.6336],[-4.76914,50.63449],[-4.769,50.63459],[-4.76758,50.6347],[-4.76512,50.63428],[-4.7639,50.6345],[-4.76289,50.63418],[-4.76227,50.63497],[-4.75522,50.63364],[-4.75424,50.63223],[-4.75215,50.6314],[-4.74735,50.62793],[-4.74616,50.62766],[-4.74431,50.62495],[-4.74221,50.62282],[-4.73853,50.623],[-4.73678,50.62237],[-4.73584,50.62384],[-4.73458,50.62358],[-4.73461,50.62388],[-4.73302,50.62512],[-4.73247,50.62295],[-4.73185,50.62312],[-4.7319,50.62134],[-4.73286,50.6213],[-4.73342,50.62096],[-4.73156,50.61985],[-4.73303,50.61964],[-4.73415,50.62018],[-4.73541,50.61987],[-4.73546,50.61963],[-4.73348,50.61553],[-4.73301,50.61567],[-4.73041,50.61892],[-4.72891,50.61782],[-4.72773,50.61896],[-4.72513,50.61814],[-4.7202,50.61576],[-4.71952,50.61583],[-4.71937,50.61506],[-4.71766,50.61509],[-4.7162,50.61617],[-4.71383,50.61642],[-4.71604,50.62074],[-4.7189,50.62314],[-4.71881,50.62752],[-4.71555,50.62747],[-4.71866,50.62896],[-4.71681,50.63067],[-4.71892,50.63265],[-4.71374,50.63539],[-4.70851,50.63738],[-4.7016,50.63905],[-4.69991,50.63915],[-4.69985,50.63856],[-4.69832,50.63716],[-4.69791,50.63522]]]}},{"type":"Feature","properties":{"id":"E01018941","name":"E01018941","parent":"E06000052","type":"LSOA","pop":1613,"r":2,"ff":1,"ffd":62.0,"ffs":0.5,"g":0,"co":3,"mo":3,"sa":3,"ic":3},"geometry":{"type":"Polygon","coordinates":[[[-4.7395,50.65559],[-4.73612,50.65341],[-4.73472,50.65012],[-4.73266,50.65003],[-4.73115,50.64868],[-4.73076,50.64885],[-4.72928,50.64859],[-4.7289,50.64883],[-4.72516,50.64916],[-4.7257,50.64984],[-4.72422,50.65033],[-4.72338,50.65199],[-4.72542,50.65371],[-4.72058,50.65342],[-4.71847,50.6519],[-4.7137,50.65192],[-4.70958,50.65201],[-4.70166,50.6539],[-4.70137,50.65323],[-4.7018,50.65296],[-4.69889,50.64639],[-4.69693,50.64457],[-4.69853,50.64298],[-4.69987,50.64229],[-4.7016,50.63905],[-4.70851,50.63738],[-4.71374,50.63539],[-4.71892,50.63265],[-4.71681,50.63067],[-4.71866,50.62896],[-4.71555,50.62747],[-4.71881,50.62752],[-4.7189,50.62314],[-4.71604,50.62074],[-4.71383,50.61642],[-4.7162,50.61617],[-4.71766,50.61509],[-4.71937,50.61506],[-4.71952,50.61583],[-4.7202,50.61576],[-4.72513,50.61814],[-4.72773,50.61896],[-4.72891,50.61782],[-4.73041,50.61892],[-4.73301,50.61567],[-4.73348,50.61553],[-4.73546,50.61963],[-4.73541,50.61987],[-4.73415,50.62018],[-4.73303,50.61964],[-4.73156,50.61985],[-4.73342,50.62096],[-4.73286,50.6213],[-4.7319,50.62134],[-4.73185,50.62312],[-4.73247,50.62295],[-4.73302,50.62512],[-4.73461,50.62388],[-4.73458,50.62358],[-4.73584,50.62384],[-4.73678,50.62237],[-4.73853,50.623],[-4.74221,50.62282],[-4.74431,50.62495],[-4.74616,50.62766],[-4.74735,50.62793],[-4.75215,50.6314],[-4.75424,50.63223],[-4.75522,50.63364],[-4.76227,50.63497],[-4.76289,50.63418],[-4.7639,50.6345],[-4.76512,50.63428],[-4.76758,50.6347],[-4.769,50.63459],[-4.76789,50.6354],[-4.76861,50.63799],[-4.76796,50.63953],[-4.76821,50.63979],[-4.76627,50.6403],[-4.76692,50.64043],[-4.76705,50.64108],[-4.76794,50.64161],[-4.76777,50.6423],[-4.76705,50.64309],[-4.76592,50.64345],[-4.76386,50.64266],[-4.76333,50.64326],[-4.76342,50.64408],[-4.76148,50.64453],[-4.76213,50.64471],[-4.76142,50.64467],[-4.76176,50.64509],[-4.76133,50.64583],[-4.76186,50.64576],[-4.76181,50.64605],[-4.76105,50.64618],[-4.76089,50.64596],[-4.76027,50.64686],[-4.76055,50.64724],[-4.76026,50.64794],[-4.76075,50.64847],[-4.76031,50.64881],[-4.76122,50.64945],[-4.7607,50.6495],[-4.75995,50.65142],[-4.75938,50.6517],[-4.75914,50.65212],[-4.75756,50.65292],[-4.75459,50.6532],[-4.75256,50.65303],[-4.75178,50.65053],[-4.75366,50.65067],[-4.75506,50.65113],[-4.75692,50.65097],[-4.75429,50.64928],[-4.75371,50.64855],[-4.7546,50.64776],[-4.75207,50.64571],[-4.7495,50.6462],[-4.75084,50.64884],[-4.74923,50.64991],[-4.74673,50.65007],[-4.74658,50.65041],[-4.74561,50.6506],[-4.74811,50.65194],[-4.74939,50.65322],[-4.74763,50.65323],[-4.74677,50.6552],[-4.74156,50.65703],[-4.7404,50.65681],[-4.7395,50.65559]]]}},{"type":"Feature","properties":{"id":"E01018942","name":"E01018942","parent":"E06000052","type":"LSOA","pop":1436,"r":2,"ff":1,"ffd":69.6,"ffs":0.5,"g":0,"co":3,"mo":3,"sa":3,"ic":3},"geometry":{"type":"Polygon","coordinates":[[[-4.72691,50.67846],[-4.71898,50.6736],[-4.71611,50.67242],[-4.71398,50.67079],[-4.71262,50.67026],[-4.71113,50.67086],[-4.71029,50.66962],[-4.70946,50.66978],[-4.70809,50.6674],[-4.70794,50.66631],[-4.70672,50.6661],[-4.707,50.66578],[-4.70572,50.66389],[-4.70362,50.66241],[-4.7027,50.65894],[-4.70284,50.65736],[-4.70198,50.65731],[-4.70166,50.6539],[-4.70958,50.65201],[-4.7137,50.65192],[-4.71847,50.6519],[-4.72058,50.65342],[-4.72542,50.65371],[-4.72338,50.65199],[-4.72422,50.65033],[-4.7257,50.64984],[-4.72516,50.64916],[-4.7289,50.64883],[-4.72928,50.64859],[-4.73076,50.64885],[-4.73115,50.64868],[-4.73266,50.65003],[-4.73472,50.65012],[-4.73612,50.65341],[-4.7395,50.65559],[-4.7404,50.65681],[-4.74156,50.65703],[-4.74677,50.6552],[-4.74763,50.65323],[-4.74939,50.65322],[-4.74811,50.65194],[-4.74561,50.6506],[-4.74658,50.65041],[-4.74673,50.65007],[-4.74923,50.64991],[-4.75084,50.64884],[-4.7495,50.6462],[-4.75207,50.64571],[-4.7546,50.64776],[-4.75371,50.64855],[-4.75429,50.64928],[-4.75692,50.65097],[-4.75506,50.65113],[-4.75366,50.65067],[-4.75178,50.65053],[-4.75256,50.65303],[-4.75459,50.6532],[-4.75756,50.65292],[-4.75914,50.65212],[-4.75872,50.65285],[-4.76048,50.6535],[-4.76034,50.654],[-4.76153,50.65367],[-4.76244,50.65404],[-4.76226,50.655],[-4.76439,50.65443],[-4.76428,50.65481],[-4.76596,50.65466],[-4.76663,50.65486],[-4.76653,50.65602],[-4.76695,50.65643],[-4.76557,50.65729],[-4.7648,50.6573],[-4.76496,50.65812],[-4.76415,50.65873],[-4.76423,50.65904],[-4.76578,50.65896],[-4.76614,50.65968],[-4.76589,50.65991],[-4.76564,50.65975],[-4.76569,50.6602],[-4.76465,50.66113],[-4.76368,50.66143],[-4.76377,50.6619],[-4.7631,50.66247],[-4.76276,50.66351],[-4.76069,50.66511],[-4.76037,50.6666],[-4.75894,50.66735],[-4.75956,50.66763],[-4.76025,50.66748],[-4.76014,50.66768],[-4.76173,50.66717],[-4.7635,50.66723],[-4.76476,50.6689],[-4.76439,50.66987],[-4.76342,50.66992],[-4.76297,50.67068],[-4.76198,50.67089],[-4.76026,50.66957],[-4.75974,50.6697],[-4.75929,50.66805],[-4.75793,50.66903],[-4.75797,50.66924],[-4.75862,50.66908],[-4.75865,50.66935],[-4.75745,50.66969],[-4.75707,50.67011],[-4.75783,50.67002],[-4.75798,50.67061],[-4.75778,50.67173],[-4.75709,50.67199],[-4.75566,50.67198],[-4.75559,50.6717],[-4.75528,50.67162],[-4.75558,50.67112],[-4.75347,50.67138],[-4.75388,50.67101],[-4.75331,50.67069],[-4.75113,50.67155],[-4.75062,50.67107],[-4.75035,50.67164],[-4.74993,50.67143],[-4.74976,50.67197],[-4.74893,50.67193],[-4.74718,50.67101],[-4.74643,50.67109],[-4.74531,50.67219],[-4.74395,50.67257],[-4.74367,50.67325],[-4.74406,50.67361],[-4.74547,50.6737],[-4.74584,50.67429],[-4.74676,50.67471],[-4.7467,50.67503],[-4.74405,50.67642],[-4.74336,50.67639],[-4.74193,50.67524],[-4.74284,50.6763],[-4.74221,50.6765],[-4.74243,50.67656],[-4.74218,50.67672],[-4.74018,50.67633],[-4.74069,50.67583],[-4.74101,50.6749],[-4.74142,50.67496],[-4.74173,50.67447],[-4.74159,50.67414],[-4.74035,50.67394],[-4.73979,50.67418],[-4.73898,50.67387],[-4.7391,50.67313],[-4.73822,50.67206],[-4.73833,50.67138],[-4.7377,50.67166],[-4.73739,50.6723],[-4.73703,50.67204],[-4.73587,50.67216],[-4.73505,50.6715],[-4.73352,50.67224],[-4.73288,50.67278],[-4.73279,50.67366],[-4.73218,50.67295],[-4.73146,50.67496],[-4.73065,50.67475],[-4.72976,50.67363],[-4.73034,50.67544],[-4.73011,50.67534],[-4.7298,50.67582],[-4.72892,50.67644],[-4.72812,50.67557],[-4.7288,50.67691],[-4.72857,50.67784],[-4.72888,50.67812],[-4.72884,50.6783],[-4.7283,50.67879],[-4.72832,50.679],[-4.72691,50.67846]]]}},{"type":"Feature","properties":{"id":"E01018943","name":"E01018943","parent":"E06000052","type":"LSOA","pop":2531,"r":0,"ff":0,"ffd":0.0,"ffs":null,"g":0,"co":3,"mo":3,"sa":3,"ic":3},"geometry":{"type":"Polygon","coordinates":[[[-4.46008,50.93018],[-4.45825,50.92933],[-4.45606,50.92887],[-4.45817,50.92684],[-4.45828,50.92414],[-4.45873,50.92301],[-4.46053,50.92057],[-4.46217,50.9194],[-4.46357,50.91639],[-4.46268,50.9135],[-4.45997,50.91076],[-4.45966,50.90924],[-4.4586,50.90843],[-4.45852,50.90767],[-4.45006,50.90591],[-4.44986,50.90556],[-4.45073,50.90351],[-4.44868,50.90209],[-4.44793,50.90201],[-4.44683,50.90091],[-4.4464,50.89824],[-4.44688,50.89602],[-4.44635,50.8957],[-4.44588,50.89448],[-4.44687,50.89253],[-4.4462,50.8922],[-4.44615,50.8911],[-4.44498,50.89024],[-4.44262,50.88948],[-4.4424,50.88912],[-4.4412,50.88887],[-4.44002,50.88817],[-4.43993,50.88692],[-4.43961,50.88697],[-4.43948,50.88661],[-4.43983,50.88639],[-4.43804,50.8827],[-4.43478,50.88148],[-4.43489,50.881],[-4.43403,50.88117],[-4.43224,50.88012],[-4.43243,50.87985],[-4.4318,50.87979],[-4.43164,50.87871],[-4.42996,50.87774],[-4.42905,50.87585],[-4.42748,50.87471],[-4.42649,50.87311],[-4.4271,50.87222],[-4.42546,50.87159],[-4.42375,50.87065],[-4.42408,50.87023],[-4.42349,50.86895],[-4.42405,50.86883],[-4.42256,50.86824],[-4.423,50.86808],[-4.42171,50.86751],[-4.4215,50.86677],[-4.42087,50.86671],[-4.42092,50.8662],[-4.42371,50.86652],[-4.43366,50.86551],[-4.44119,50.86523],[-4.44254,50.86453],[-4.4481,50.86288],[-4.44855,50.86195],[-4.44776,50.86008],[-4.44883,50.86],[-4.44912,50.85953],[-4.45082,50.85911],[-4.45255,50.85951],[-4.4558,50.85913],[-4.45946,50.85995],[-4.46089,50.8596],[-4.46067,50.85923],[-4.46427,50.85853],[-4.46947,50.85646],[-4.47444,50.85541],[-4.47717,50.85566],[-4.47832,50.85533],[-4.4797,50.85592],[-4.48517,50.85604],[-4.48748,50.85506],[-4.48795,50.85522],[-4.49652,50.85424],[-4.49615,50.85368],[-4.49786,50.85269],[-4.49758,50.85235],[-4.49806,50.85175],[-4.49618,50.85178],[-4.4951,50.85144],[-4.49392,50.84858],[-4.49456,50.84734],[-4.49645,50.84648],[-4.49698,50.84574],[-4.49895,50.84475],[-4.50089,50.84405],[-4.50261,50.84389],[-4.50487,50.84287],[-4.50568,50.84192],[-4.50687,50.84171],[-4.50897,50.84198],[-4.50744,50.84431],[-4.50723,50.84672],[-4.50805,50.84764],[-4.51038,50.84852],[-4.51167,50.84967],[-4.5132,50.85025],[-4.51328,50.8523],[-4.51408,50.85349],[-4.51387,50.8542],[-4.5153,50.85422],[-4.51647,50.85368],[-4.51706,50.85511],[-4.51804,50.85538],[-4.51999,50.85503],[-4.52134,50.85408],[-4.52302,50.85387],[-4.52336,50.8543],[-4.52455,50.85434],[-4.52654,50.85504],[-4.53358,50.85575],[-4.54601,50.8518],[-4.54769,50.84989],[-4.55444,50.84869],[-4.55514,50.84867],[-4.55621,50.84998],[-4.55812,50.85086],[-4.55677,50.85127],[-4.55611,50.85276],[-4.55659,50.8534],[-4.55618,50.8547],[-4.5566,50.85726],[-4.55641,50.86078],[-4.55712,50.86294],[-4.55757,50.86313],[-4.55713,50.86367],[-4.55725,50.86628],[-4.55767,50.86645],[-4.55737,50.86657],[-4.55762,50.86794],[-4.55843,50.86848],[-4.55868,50.86888],[-4.55836,50.86924],[-4.5591,50.86974],[-4.5585,50.87027],[-4.55846,50.87124],[-4.55965,50.87137],[-4.559,50.87195],[-4.5588,50.87402],[-4.55808,50.87519],[-4.5589,50.87594],[-4.56085,50.8757],[-4.56154,50.87616],[-4.56128,50.87627],[-4.56218,50.87638],[-4.56153,50.87651],[-4.56112,50.87698],[-4.5612,50.87736],[-4.56067,50.87773],[-4.56106,50.87798],[-4.56063,50.87798],[-4.5596,50.87896],[-4.55967,50.87965],[-4.56033,50.88044],[-4.56135,50.88074],[-4.56111,50.88137],[-4.56319,50.88262],[-4.56444,50.88419],[-4.56643,50.88527],[-4.56748,50.88537],[-4.56676,50.88548],[-4.56733,50.88562],[-4.56642,50.88597],[-4.56678,50.88647],[-4.56273,50.88779],[-4.56261,50.889],[-4.56191,50.89008],[-4.56226,50.89057],[-4.56285,50.89069],[-4.56149,50.89093],[-4.56106,50.89188],[-4.56372,50.89392],[-4.56453,50.89393],[-4.56565,50.89459],[-4.56402,50.89497],[-4.56344,50.89564],[-4.56379,50.89658],[-4.56489,50.89712],[-4.56437,50.89718],[-4.5643,50.89754],[-4.56512,50.89764],[-4.56445,50.89778],[-4.56574,50.89879],[-4.56492,50.89886],[-4.56499,50.89961],[-4.56402,50.89994],[-4.56407,50.90099],[-4.56561,50.90215],[-4.5654,50.90233],[-4.56642,50.90249],[-4.56644,50.90276],[-4.56743,50.90271],[-4.56704,50.90294],[-4.56754,50.90329],[-4.56992,50.90375],[-4.5694,50.90422],[-4.5686,50.9043],[-4.56877,50.90468],[-4.56585,50.90499],[-4.56506,50.90673],[-4.56566,50.90717],[-4.5667,50.90718],[-4.5656,50.90746],[-4.56652,50.9075],[-4.56501,50.90774],[-4.5635,50.90837],[-4.56346,50.90908],[-4.56387,50.90949],[-4.5647,50.90943],[-4.56535,50.91052],[-4.56474,50.91058],[-4.56528,50.91099],[-4.56423,50.91132],[-4.56438,50.91238],[-4.56283,50.91309],[-4.56246,50.91366],[-4.56254,50.91419],[-4.56389,50.91478],[-4.56394,50.91505],[-4.56344,50.91506],[-4.56388,50.91516],[-4.56264,50.91551],[-4.56221,50.91698],[-4.55999,50.91713],[-4.56014,50.91777],[-4.55833,50.91783],[-4.557,50.91848],[-4.55665,50.91931],[-4.55742,50.91985],[-4.55715,50.91995],[-4.55801,50.91996],[-4.55796,50.92044],[-4.55745,50.92061],[-4.55788,50.92064],[-4.55594,50.92147],[-4.55466,50.92271],[-4.55226,50.92401],[-4.55217,50.92524],[-4.55275,50.92558],[-4.55498,50.92587],[-4.55168,50.92618],[-4.54997,50.92672],[-4.54943,50.9273],[-4.5463,50.9283],[-4.54559,50.92813],[-4.54368,50.92909],[-4.54306,50.92851],[-4.54079,50.92885],[-4.53381,50.92677],[-4.53309,50.92686],[-4.53306,50.92718],[-4.53184,50.9267],[-4.53075,50.92686],[-4.53048,50.92666],[-4.52854,50.92694],[-4.52818,50.92726],[-4.52672,50.92705],[-4.522,50.92734],[-4.52177,50.92713],[-4.52006,50.92724],[-4.51718,50.92683],[-4.51669,50.92745],[-4.5164,50.92732],[-4.51435,50.92795],[-4.51084,50.92785],[-4.50958,50.92738],[-4.50722,50.92767],[-4.50673,50.92738],[-4.50476,50.92767],[-4.50359,50.9274],[-4.49947,50.92748],[-4.49796,50.92844],[-4.4968,50.9287],[-4.49244,50.92894],[-4.4921,50.92921],[-4.49038,50.92899],[-4.48915,50.92932],[-4.48681,50.92935],[-4.4811,50.93027],[-4.47154,50.93127],[-4.46466,50.93102],[-4.46008,50.93018]]]}},{"type":"Feature","properties":{"id":"E01018944","name":"E01018944","parent":"E06000052","type":"LSOA","pop":1092,"r":4,"ff":1,"ffd":91.6,"ffs":0.25,"g":0,"co":1,"mo":3,"sa":1,"ic":1},"geometry":{"type":"Polygon","coordinates":[[[-4.75561,50.46823],[-4.75532,50.46781],[-4.75488,50.46792],[-4.75418,50.46696],[-4.75407,50.46585],[-4.75344,50.46575],[-4.7524,50.4643],[-4.75274,50.46403],[-4.75173,50.46316],[-4.74902,50.4615],[-4.74691,50.46102],[-4.74595,50.46044],[-4.74614,50.46022],[-4.74191,50.45943],[-4.73831,50.45768],[-4.73617,50.4549],[-4.7298,50.45157],[-4.72236,50.45113],[-4.71976,50.4498],[-4.71798,50.44936],[-4.71726,50.45093],[-4.71757,50.45103],[-4.71622,50.45195],[-4.71497,50.45379],[-4.71153,50.45338],[-4.71106,50.45321],[-4.71107,50.45256],[-4.70889,50.45234],[-4.7082,50.45239],[-4.70812,50.45264],[-4.70304,50.45222],[-4.70099,50.45251],[-4.69775,50.4548],[-4.69486,50.4589],[-4.68315,50.45598],[-4.6837,50.45385],[-4.68191,50.45198],[-4.68101,50.45022],[-4.68147,50.45005],[-4.68105,50.4493],[-4.68015,50.44908],[-4.67939,50.44824],[-4.67892,50.44826],[-4.67727,50.44717],[-4.6755,50.44505],[-4.67241,50.44427],[-4.67243,50.44311],[-4.67336,50.44239],[-4.67421,50.44211],[-4.67619,50.44237],[-4.67716,50.44191],[-4.67795,50.44105],[-4.67827,50.43977],[-4.68056,50.43827],[-4.68129,50.43681],[-4.68091,50.43597],[-4.68251,50.43441],[-4.68152,50.43355],[-4.6817,50.43332],[-4.68672,50.43479],[-4.68992,50.43513],[-4.69013,50.43405],[-4.69071,50.43373],[-4.69238,50.43331],[-4.6949,50.43332],[-4.69624,50.43252],[-4.69858,50.43269],[-4.70357,50.43408],[-4.7058,50.43429],[-4.7069,50.43202],[-4.70623,50.43159],[-4.70503,50.42925],[-4.70753,50.42921],[-4.70743,50.429],[-4.71088,50.42828],[-4.71635,50.42823],[-4.72353,50.42859],[-4.72581,50.42822],[-4.73221,50.42821],[-4.7349,50.42701],[-4.73706,50.42464],[-4.73974,50.42263],[-4.74256,50.42206],[-4.74651,50.42165],[-4.75172,50.42256],[-4.75734,50.4264],[-4.76098,50.42739],[-4.76259,50.42863],[-4.76373,50.43036],[-4.76313,50.43119],[-4.76321,50.43309],[-4.76368,50.43516],[-4.76466,50.43619],[-4.75683,50.43814],[-4.76047,50.43819],[-4.76204,50.43938],[-4.76341,50.43974],[-4.76369,50.4403],[-4.76298,50.44103],[-4.76416,50.44136],[-4.76433,50.4419],[-4.76373,50.44252],[-4.76276,50.44282],[-4.76303,50.44427],[-4.76256,50.44421],[-4.76342,50.44495],[-4.76453,50.44495],[-4.76486,50.44554],[-4.76487,50.44614],[-4.76396,50.44565],[-4.76447,50.44604],[-4.76436,50.44723],[-4.76359,50.44732],[-4.76351,50.44767],[-4.76489,50.44721],[-4.76777,50.44688],[-4.76856,50.44601],[-4.7714,50.44643],[-4.77334,50.44565],[-4.77614,50.4472],[-4.77502,50.44762],[-4.77315,50.44949],[-4.77256,50.45352],[-4.77331,50.45406],[-4.77543,50.45405],[-4.77654,50.45494],[-4.77372,50.45574],[-4.76957,50.45555],[-4.76617,50.45586],[-4.76666,50.4576],[-4.76934,50.45876],[-4.77087,50.45904],[-4.77071,50.46107],[-4.77113,50.46265],[-4.76838,50.46353],[-4.76761,50.46347],[-4.76647,50.46449],[-4.76326,50.4639],[-4.76148,50.46063],[-4.76073,50.46065],[-4.75634,50.46764],[-4.75689,50.4679],[-4.75561,50.46823]]]}},{"type":"Feature","properties":{"id":"E01018945","name":"E01018945","parent":"E06000052","type":"LSOA","pop":1398,"r":3,"ff":1,"ffd":71.5,"ffs":0.3333,"g":0,"co":1,"mo":3,"sa":1,"ic":1},"geometry":{"type":"Polygon","coordinates":[[[-4.74434,50.48754],[-4.74644,50.48568],[-4.74511,50.48407],[-4.74537,50.48261],[-4.74696,50.48213],[-4.7471,50.48122],[-4.75072,50.47869],[-4.75143,50.47755],[-4.7559,50.47723],[-4.75734,50.47387],[-4.75918,50.47303],[-4.75879,50.47175],[-4.75634,50.47005],[-4.75488,50.46792],[-4.75532,50.46781],[-4.75561,50.46823],[-4.75689,50.4679],[-4.75634,50.46764],[-4.76073,50.46065],[-4.76148,50.46063],[-4.76326,50.4639],[-4.76647,50.46449],[-4.76761,50.46347],[-4.76838,50.46353],[-4.77113,50.46265],[-4.77071,50.46107],[-4.77087,50.45904],[-4.76934,50.45876],[-4.76666,50.4576],[-4.76617,50.45586],[-4.76957,50.45555],[-4.77372,50.45574],[-4.77654,50.45494],[-4.77543,50.45405],[-4.77331,50.45406],[-4.77256,50.45352],[-4.77315,50.44949],[-4.77502,50.44762],[-4.77614,50.4472],[-4.77334,50.44565],[-4.7714,50.44643],[-4.76856,50.44601],[-4.76777,50.44688],[-4.76489,50.44721],[-4.76351,50.44767],[-4.76359,50.44732],[-4.76436,50.44723],[-4.76447,50.44604],[-4.76396,50.44565],[-4.76487,50.44614],[-4.76486,50.44554],[-4.76453,50.44495],[-4.76342,50.44495],[-4.76256,50.44421],[-4.76303,50.44427],[-4.76276,50.44282],[-4.76373,50.44252],[-4.76433,50.4419],[-4.76416,50.44136],[-4.76298,50.44103],[-4.76369,50.4403],[-4.76341,50.43974],[-4.76204,50.43938],[-4.76047,50.43819],[-4.75683,50.43814],[-4.76466,50.43619],[-4.7648,50.43665],[-4.76742,50.43566],[-4.78867,50.43306],[-4.79821,50.42938],[-4.80308,50.43141],[-4.80113,50.43383],[-4.80038,50.43545],[-4.80159,50.43784],[-4.8029,50.43869],[-4.80663,50.44015],[-4.80839,50.4416],[-4.80921,50.44284],[-4.81073,50.43901],[-4.81224,50.43215],[-4.8203,50.43064],[-4.82116,50.42747],[-4.83002,50.42261],[-4.83699,50.41776],[-4.83779,50.42079],[-4.83918,50.42298],[-4.83855,50.42744],[-4.83943,50.42932],[-4.83907,50.43123],[-4.84441,50.4386],[-4.84474,50.44033],[-4.84622,50.44327],[-4.84636,50.44644],[-4.84588,50.44705],[-4.84641,50.44737],[-4.84422,50.45036],[-4.84299,50.45105],[-4.84181,50.45247],[-4.84218,50.45309],[-4.84106,50.45434],[-4.84069,50.45563],[-4.841,50.45663],[-4.83803,50.45744],[-4.83649,50.45829],[-4.83694,50.45844],[-4.83692,50.45976],[-4.83778,50.46106],[-4.83747,50.46104],[-4.83757,50.46203],[-4.83683,50.46339],[-4.83699,50.465],[-4.83773,50.46603],[-4.84295,50.4695],[-4.84386,50.47159],[-4.84157,50.47432],[-4.83736,50.47294],[-4.82621,50.4722],[-4.82611,50.47269],[-4.8175,50.47188],[-4.81416,50.47081],[-4.81137,50.46795],[-4.80876,50.46759],[-4.80788,50.46798],[-4.80467,50.46817],[-4.80188,50.46764],[-4.80069,50.46995],[-4.79909,50.47662],[-4.79812,50.4783],[-4.79675,50.47827],[-4.79547,50.47894],[-4.79413,50.47773],[-4.79404,50.47716],[-4.79221,50.47691],[-4.79009,50.47806],[-4.78938,50.47968],[-4.79013,50.48185],[-4.78972,50.48309],[-4.78753,50.48248],[-4.78618,50.48153],[-4.77994,50.48525],[-4.77895,50.48732],[-4.77506,50.48689],[-4.77361,50.48707],[-4.77125,50.4879],[-4.76865,50.48552],[-4.76522,50.4866],[-4.76163,50.48718],[-4.75866,50.48809],[-4.75557,50.48967],[-4.74969,50.49049],[-4.74745,50.48977],[-4.74434,50.48754]]]}},{"type":"Feature","properties":{"id":"E01018946","name":"E01018946","parent":"E06000052","type":"LSOA","pop":1458,"r":3,"ff":1,"ffd":68.6,"ffs":0.3333,"g":0,"co":3,"mo":3,"sa":3,"ic":1},"geometry":{"type":"Polygon","coordinates":[[[-4.36432,50.63399],[-4.36489,50.63372],[-4.36491,50.63321],[-4.3645,50.63336],[-4.36462,50.63263],[-4.36367,50.63199],[-4.36301,50.63222],[-4.36067,50.63006],[-4.3606,50.62951],[-4.36119,50.62947],[-4.36193,50.63025],[-4.36293,50.63009],[-4.36292,50.62932],[-4.36436,50.62899],[-4.36546,50.62721],[-4.3667,50.6267],[-4.36978,50.62131],[-4.3708,50.62286],[-4.37267,50.62384],[-4.3742,50.62441],[-4.37704,50.62464],[-4.37808,50.62625],[-4.37853,50.62794],[-4.37863,50.62971],[-4.37471,50.63106],[-4.37052,50.63369],[-4.36906,50.63379],[-4.36765,50.63426],[-4.36755,50.63386],[-4.36686,50.63426],[-4.36669,50.63501],[-4.36452,50.63441],[-4.36432,50.63399]]]}},{"type":"Feature","properties":{"id":"E01018948","name":"E01018948","parent":"E06000052","type":"LSOA","pop":1649,"r":3,"ff":1,"ffd":60.6,"ffs":0.3333,"g":0,"co":3,"mo":3,"sa":3,"ic":1},"geometry":{"type":"Polygon","coordinates":[[[-4.36267,50.65104],[-4.36259,50.65058],[-4.36539,50.64764],[-4.36349,50.64741],[-4.36407,50.64649],[-4.36548,50.64667],[-4.36554,50.64573],[-4.36642,50.64562],[-4.36674,50.64494],[-4.3665,50.64408],[-4.36703,50.64364],[-4.36607,50.64294],[-4.36533,50.64301],[-4.36513,50.6427],[-4.36434,50.64313],[-4.36457,50.64357],[-4.36384,50.64397],[-4.36346,50.64362],[-4.36255,50.64371],[-4.36251,50.64335],[-4.36045,50.64342],[-4.35853,50.64287],[-4.35914,50.64241],[-4.35949,50.6413],[-4.36301,50.64131],[-4.36396,50.64037],[-4.36336,50.63872],[-4.36186,50.6388],[-4.36108,50.63818],[-4.36093,50.63753],[-4.36147,50.63652],[-4.36224,50.63621],[-4.36153,50.63567],[-4.364,50.63502],[-4.36452,50.63441],[-4.36669,50.63501],[-4.36686,50.63426],[-4.36755,50.63386],[-4.36765,50.63426],[-4.36906,50.63379],[-4.37052,50.63369],[-4.36935,50.63557],[-4.37079,50.63778],[-4.37086,50.63862],[-4.36951,50.64052],[-4.37372,50.64038],[-4.37407,50.64068],[-4.37298,50.64109],[-4.37439,50.64327],[-4.37531,50.64452],[-4.37698,50.64535],[-4.3774,50.64537],[-4.37781,50.6448],[-4.37855,50.64493],[-4.37924,50.64466],[-4.38036,50.64531],[-4.38247,50.64507],[-4.38429,50.6453],[-4.38495,50.64491],[-4.38638,50.64498],[-4.38711,50.64682],[-4.38611,50.64939],[-4.39055,50.64953],[-4.38846,50.6512],[-4.38704,50.6515],[-4.3838,50.65162],[-4.37624,50.65073],[-4.36579,50.65206],[-4.36365,50.6516],[-4.36267,50.65104]]]}},{"type":"Feature","properties":{"id":"E01018949","name":"E01018949","parent":"E06000052","type":"LSOA","pop":1393,"r":3,"ff":1,"ffd":71.8,"ffs":0.3333,"g":0,"co":3,"mo":3,"sa":3,"ic":1},"geometry":{"type":"Polygon","coordinates":[[[-4.35326,50.64757],[-4.35146,50.64696],[-4.35369,50.64629],[-4.35676,50.64482],[-4.35174,50.64397],[-4.35157,50.64286],[-4.35011,50.64081],[-4.35208,50.6404],[-4.35914,50.64241],[-4.35853,50.64287],[-4.36045,50.64342],[-4.36251,50.64335],[-4.36255,50.64371],[-4.36346,50.64362],[-4.36384,50.64397],[-4.36457,50.64357],[-4.36434,50.64313],[-4.36513,50.6427],[-4.36533,50.64301],[-4.36607,50.64294],[-4.36703,50.64364],[-4.3665,50.64408],[-4.36674,50.64494],[-4.36642,50.64562],[-4.36554,50.64573],[-4.36548,50.64667],[-4.36407,50.64649],[-4.36349,50.64741],[-4.36043,50.64735],[-4.3583,50.64763],[-4.35326,50.64757]]]}},{"type":"Feature","properties":{"id":"E01018950","name":"E01018950","parent":"E06000052","type":"LSOA","pop":1656,"r":2,"ff":1,"ffd":60.4,"ffs":0.5,"g":0,"co":3,"mo":3,"sa":3,"ic":1},"geometry":{"type":"Polygon","coordinates":[[[-4.35914,50.64241],[-4.35208,50.6404],[-4.35282,50.63945],[-4.35221,50.63945],[-4.35218,50.6388],[-4.35146,50.63878],[-4.35103,50.63824],[-4.34964,50.63852],[-4.34899,50.63804],[-4.35257,50.63724],[-4.35387,50.63618],[-4.35428,50.63631],[-4.35395,50.63537],[-4.35437,50.6345],[-4.35532,50.63519],[-4.35604,50.63672],[-4.35668,50.63696],[-4.3567,50.63662],[-4.35868,50.63603],[-4.35761,50.63502],[-4.3572,50.63503],[-4.35765,50.63463],[-4.35697,50.63407],[-4.35698,50.63366],[-4.35639,50.63403],[-4.35501,50.63307],[-4.35586,50.63262],[-4.35713,50.63237],[-4.35734,50.63192],[-4.35872,50.63216],[-4.35862,50.63124],[-4.35937,50.63086],[-4.35967,50.63023],[-4.36067,50.63006],[-4.36301,50.63222],[-4.36367,50.63199],[-4.36462,50.63263],[-4.3645,50.63336],[-4.36491,50.63321],[-4.36489,50.63372],[-4.36432,50.63399],[-4.36452,50.63441],[-4.364,50.63502],[-4.36153,50.63567],[-4.36224,50.63621],[-4.36147,50.63652],[-4.36093,50.63753],[-4.36108,50.63818],[-4.36186,50.6388],[-4.36336,50.63872],[-4.36396,50.64037],[-4.36301,50.64131],[-4.35949,50.6413],[-4.35914,50.64241]]]}},{"type":"Feature","properties":{"id":"E01018951","name":"E01018951","parent":"E06000052","type":"LSOA","pop":2443,"r":3,"ff":2,"ffd":81.9,"ffs":0.6667,"g":0,"co":3,"mo":3,"sa":3,"ic":3},"geometry":{"type":"Polygon","coordinates":[[[-4.43365,50.85956],[-4.43728,50.85615],[-4.43738,50.85408],[-4.43638,50.85271],[-4.43918,50.85142],[-4.4396,50.85072],[-4.44008,50.85066],[-4.44005,50.84998],[-4.44044,50.84979],[-4.44,50.84962],[-4.4409,50.84903],[-4.44074,50.84785],[-4.44227,50.84696],[-4.44133,50.84665],[-4.442,50.8463],[-4.44137,50.84459],[-4.44053,50.84459],[-4.44041,50.84428],[-4.44086,50.84408],[-4.44044,50.84355],[-4.43969,50.84346],[-4.43991,50.84312],[-4.44099,50.84309],[-4.44101,50.84215],[-4.44153,50.84204],[-4.44119,50.84137],[-4.44234,50.8399],[-4.44195,50.8384],[-4.44245,50.83801],[-4.44212,50.83773],[-4.44256,50.83704],[-4.44338,50.83689],[-4.44312,50.83653],[-4.44352,50.83608],[-4.44302,50.83582],[-4.44366,50.83537],[-4.44262,50.83545],[-4.44225,50.8349],[-4.44348,50.83458],[-4.44259,50.83366],[-4.44298,50.83275],[-4.44255,50.83237],[-4.44276,50.83191],[-4.44334,50.83203],[-4.44317,50.83148],[-4.44408,50.83143],[-4.44377,50.83093],[-4.44426,50.82977],[-4.44382,50.82959],[-4.44403,50.82924],[-4.44346,50.82842],[-4.44365,50.82788],[-4.44414,50.82783],[-4.44335,50.82661],[-4.44281,50.82693],[-4.44292,50.82611],[-4.4423,50.82627],[-4.44207,50.82602],[-4.44184,50.82647],[-4.44051,50.82569],[-4.43983,50.82565],[-4.44011,50.82475],[-4.43894,50.82464],[-4.43938,50.82412],[-4.43855,50.82315],[-4.43926,50.82304],[-4.43914,50.82267],[-4.43966,50.82256],[-4.43991,50.82202],[-4.44013,50.82262],[-4.44102,50.82218],[-4.44116,50.8215],[-4.44185,50.82138],[-4.44205,50.82053],[-4.44242,50.82045],[-4.44236,50.81981],[-4.44137,50.81906],[-4.44201,50.8187],[-4.44128,50.81839],[-4.44222,50.81745],[-4.44272,50.81787],[-4.44322,50.81777],[-4.44312,50.81649],[-4.4427,50.81616],[-4.44396,50.81568],[-4.44402,50.81532],[-4.44466,50.81527],[-4.44464,50.81458],[-4.44538,50.81428],[-4.446,50.81347],[-4.44509,50.81178],[-4.4453,50.81143],[-4.44477,50.81132],[-4.44543,50.81086],[-4.44513,50.81052],[-4.44609,50.8093],[-4.44722,50.80862],[-4.44688,50.80827],[-4.4475,50.80802],[-4.44783,50.80824],[-4.44844,50.80778],[-4.4493,50.8079],[-4.44922,50.80741],[-4.44965,50.80719],[-4.45019,50.80734],[-4.45102,50.80671],[-4.45168,50.80684],[-4.45291,50.80588],[-4.45269,50.80545],[-4.45311,50.80514],[-4.45211,50.80509],[-4.45175,50.8048],[-4.45419,50.80415],[-4.45776,50.80397],[-4.46002,50.80328],[-4.46341,50.80173],[-4.46976,50.80114],[-4.47048,50.80123],[-4.47126,50.80198],[-4.47241,50.80225],[-4.47461,50.80179],[-4.47274,50.80027],[-4.47684,50.79944],[-4.47575,50.79888],[-4.47444,50.79732],[-4.48383,50.79607],[-4.48459,50.79639],[-4.48995,50.79632],[-4.4897,50.79522],[-4.4935,50.79305],[-4.49276,50.79251],[-4.49296,50.79225],[-4.48914,50.79142],[-4.48872,50.7911],[-4.4864,50.79097],[-4.48398,50.79143],[-4.48016,50.79079],[-4.4777,50.79002],[-4.4757,50.78913],[-4.47636,50.78764],[-4.47486,50.78539],[-4.47802,50.78617],[-4.48155,50.78647],[-4.48753,50.7857],[-4.48975,50.78566],[-4.49328,50.78455],[-4.49573,50.78466],[-4.49896,50.78393],[-4.50391,50.78098],[-4.50601,50.7815],[-4.50649,50.78208],[-4.50824,50.78236],[-4.50896,50.78273],[-4.5088,50.78307],[-4.51077,50.78343],[-4.51111,50.7833],[-4.51178,50.78362],[-4.51227,50.78339],[-4.51197,50.78236],[-4.51247,50.78172],[-4.51142,50.7814],[-4.51141,50.78111],[-4.51178,50.78092],[-4.5116,50.78057],[-4.51237,50.78041],[-4.51194,50.78034],[-4.51242,50.78012],[-4.51182,50.77965],[-4.51195,50.77917],[-4.51333,50.77845],[-4.51305,50.77798],[-4.51378,50.7776],[-4.51357,50.77669],[-4.51437,50.77614],[-4.51428,50.77556],[-4.51457,50.77529],[-4.51493,50.77549],[-4.51524,50.77418],[-4.51689,50.77341],[-4.51682,50.77253],[-4.51831,50.77236],[-4.51854,50.77175],[-4.51797,50.77117],[-4.51819,50.77062],[-4.51563,50.77032],[-4.51262,50.77082],[-4.51205,50.77015],[-4.51097,50.76967],[-4.51065,50.76899],[-4.51298,50.76704],[-4.51365,50.76693],[-4.51344,50.76669],[-4.51416,50.76606],[-4.51419,50.76553],[-4.51495,50.76513],[-4.51421,50.76373],[-4.51463,50.76323],[-4.51398,50.76242],[-4.51432,50.76173],[-4.51469,50.76169],[-4.51521,50.763],[-4.51689,50.76443],[-4.51583,50.76586],[-4.51654,50.76725],[-4.5192,50.76896],[-4.52041,50.76806],[-4.52189,50.76767],[-4.5216,50.76707],[-4.5223,50.76742],[-4.52317,50.7671],[-4.52338,50.76643],[-4.52525,50.76625],[-4.52541,50.7655],[-4.52678,50.76496],[-4.52741,50.76404],[-4.52825,50.76397],[-4.52844,50.76343],[-4.52934,50.7633],[-4.52912,50.76301],[-4.52955,50.76307],[-4.52933,50.76287],[-4.53008,50.76256],[-4.5302,50.76196],[-4.53152,50.76122],[-4.53187,50.7606],[-4.53147,50.76049],[-4.53226,50.76024],[-4.53259,50.75961],[-4.5329,50.7598],[-4.5332,50.75935],[-4.53322,50.75956],[-4.53397,50.75953],[-4.53398,50.75919],[-4.53432,50.75928],[-4.53507,50.75856],[-4.53603,50.75838],[-4.5368,50.75849],[-4.53707,50.75812],[-4.53732,50.75831],[-4.53795,50.75799],[-4.53875,50.75818],[-4.53917,50.75785],[-4.53949,50.75799],[-4.53937,50.75762],[-4.54017,50.7577],[-4.54101,50.75728],[-4.54169,50.7563],[-4.5437,50.75535],[-4.54358,50.75513],[-4.54574,50.75451],[-4.54674,50.75346],[-4.54701,50.75035],[-4.54981,50.74961],[-4.55466,50.7495],[-4.55547,50.74815],[-4.55828,50.74736],[-4.55872,50.74343],[-4.5622,50.7404],[-4.5632,50.74117],[-4.564,50.7431],[-4.56692,50.74547],[-4.569,50.74608],[-4.5755,50.74547],[-4.57804,50.74557],[-4.57945,50.74603],[-4.58079,50.74753],[-4.58224,50.74848],[-4.58309,50.74994],[-4.58268,50.75015],[-4.5825,50.75141],[-4.5818,50.75172],[-4.58127,50.75405],[-4.58156,50.75506],[-4.58217,50.75542],[-4.58189,50.75579],[-4.58228,50.75592],[-4.58221,50.75692],[-4.5814,50.75799],[-4.58183,50.75806],[-4.58087,50.7589],[-4.58108,50.75977],[-4.58053,50.76031],[-4.58087,50.7604],[-4.58039,50.76056],[-4.58147,50.76226],[-4.58332,50.76243],[-4.58812,50.76407],[-4.58798,50.76548],[-4.58838,50.76615],[-4.58931,50.7664],[-4.58978,50.76674],[-4.58771,50.76879],[-4.58459,50.76997],[-4.58369,50.77105],[-4.58411,50.77165],[-4.58349,50.77176],[-4.58255,50.77127],[-4.58092,50.77175],[-4.57772,50.77161],[-4.57606,50.77204],[-4.57506,50.77283],[-4.57291,50.77662],[-4.57196,50.77702],[-4.57052,50.77701],[-4.56744,50.77761],[-4.56669,50.77856],[-4.56677,50.77906],[-4.56743,50.77903],[-4.56612,50.77932],[-4.56491,50.78023],[-4.56405,50.78033],[-4.56194,50.78133],[-4.56126,50.78267],[-4.56127,50.78383],[-4.55976,50.78522],[-4.55826,50.78815],[-4.55702,50.79387],[-4.55737,50.79556],[-4.55684,50.79669],[-4.55696,50.79858],[-4.55784,50.79944],[-4.55956,50.7998],[-4.5598,50.80029],[-4.561,50.80053],[-4.56031,50.80103],[-4.55874,50.80112],[-4.55826,50.80184],[-4.55878,50.80309],[-4.55941,50.8032],[-4.55843,50.80347],[-4.55831,50.80436],[-4.56016,50.8052],[-4.55918,50.80518],[-4.55981,50.80573],[-4.55968,50.80618],[-4.55737,50.80747],[-4.5572,50.80804],[-4.55767,50.80806],[-4.55688,50.80823],[-4.55687,50.8086],[-4.55072,50.81],[-4.54477,50.80979],[-4.54291,50.81024],[-4.53957,50.81185],[-4.53783,50.81237],[-4.53659,50.81241],[-4.53681,50.81218],[-4.53594,50.81209],[-4.53645,50.81167],[-4.53578,50.81157],[-4.53601,50.81129],[-4.53506,50.81135],[-4.53505,50.81108],[-4.53461,50.81104],[-4.53517,50.81069],[-4.53484,50.80885],[-4.53562,50.80865],[-4.53523,50.80842],[-4.53582,50.80703],[-4.53669,50.80647],[-4.53635,50.80607],[-4.53395,50.80554],[-4.53045,50.80594],[-4.52724,50.80742],[-4.52651,50.80823],[-4.52605,50.80835],[-4.52439,50.81034],[-4.52442,50.81087],[-4.52355,50.81115],[-4.52367,50.81186],[-4.52241,50.81185],[-4.52061,50.81248],[-4.52,50.81319],[-4.52065,50.81382],[-4.51937,50.81493],[-4.51899,50.81482],[-4.5179,50.81559],[-4.51672,50.81545],[-4.51638,50.81605],[-4.51596,50.81602],[-4.51585,50.81661],[-4.51529,50.81668],[-4.51559,50.81707],[-4.51512,50.81715],[-4.51541,50.81732],[-4.51505,50.81785],[-4.51576,50.81802],[-4.51537,50.81859],[-4.51614,50.81979],[-4.5159,50.82013],[-4.51526,50.8202],[-4.51531,50.82074],[-4.51427,50.82112],[-4.5104,50.82165],[-4.50769,50.82166],[-4.50515,50.82114],[-4.49967,50.82106],[-4.49814,50.82206],[-4.49878,50.82355],[-4.49819,50.82452],[-4.50011,50.82605],[-4.50113,50.82859],[-4.49853,50.82946],[-4.49803,50.82926],[-4.49691,50.82958],[-4.49437,50.82941],[-4.49259,50.8303],[-4.49145,50.83038],[-4.49208,50.832],[-4.49362,50.83142],[-4.49433,50.83256],[-4.49512,50.83208],[-4.49767,50.83198],[-4.49769,50.83341],[-4.49636,50.83338],[-4.49594,50.83452],[-4.49808,50.83727],[-4.49549,50.83856],[-4.49617,50.84019],[-4.49392,50.84106],[-4.49203,50.84122],[-4.49323,50.8423],[-4.49588,50.84284],[-4.49498,50.84382],[-4.49472,50.84542],[-4.49645,50.84648],[-4.49456,50.84734],[-4.49392,50.84858],[-4.4951,50.85144],[-4.49618,50.85178],[-4.49806,50.85175],[-4.49758,50.85235],[-4.49786,50.85269],[-4.49615,50.85368],[-4.49652,50.85424],[-4.48795,50.85522],[-4.48748,50.85506],[-4.48517,50.85604],[-4.4797,50.85592],[-4.47832,50.85533],[-4.47717,50.85566],[-4.47444,50.85541],[-4.46947,50.85646],[-4.46427,50.85853],[-4.46067,50.85923],[-4.46089,50.8596],[-4.45946,50.85995],[-4.4558,50.85913],[-4.45255,50.85951],[-4.45082,50.85911],[-4.44912,50.85953],[-4.44883,50.86],[-4.44776,50.86008],[-4.44855,50.86195],[-4.4481,50.86288],[-4.44254,50.86453],[-4.44119,50.86523],[-4.43366,50.86551],[-4.43291,50.86193],[-4.43365,50.85956]]]}},{"type":"Feature","properties":{"id":"E01018952","name":"E01018952","parent":"E06000052","type":"LSOA","pop":1443,"r":3,"ff":1,"ffd":69.3,"ffs":0.3333,"g":0,"co":3,"mo":3,"sa":3,"ic":1},"geometry":{"type":"Polygon","coordinates":[[[-4.41263,50.66465],[-4.41146,50.66364],[-4.41153,50.66306],[-4.4103,50.66296],[-4.40998,50.66357],[-4.40836,50.66309],[-4.40779,50.66368],[-4.40637,50.66334],[-4.40562,50.66389],[-4.40293,50.66293],[-4.39929,50.66224],[-4.3975,50.66256],[-4.39617,50.66176],[-4.39345,50.6619],[-4.39287,50.66122],[-4.39219,50.66112],[-4.39049,50.66137],[-4.39031,50.66185],[-4.38908,50.66217],[-4.38874,50.66214],[-4.38879,50.6615],[-4.38792,50.66158],[-4.38784,50.66186],[-4.387,50.66115],[-4.38307,50.66074],[-4.38258,50.66093],[-4.38254,50.66157],[-4.38088,50.6618],[-4.37897,50.66164],[-4.37839,50.66133],[-4.378,50.6619],[-4.37591,50.66181],[-4.37553,50.66127],[-4.37448,50.66153],[-4.37408,50.66118],[-4.37314,50.66122],[-4.37154,50.66051],[-4.37019,50.65944],[-4.37019,50.6586],[-4.36915,50.65794],[-4.36931,50.65719],[-4.36681,50.65567],[-4.36229,50.65505],[-4.35901,50.65616],[-4.35347,50.65524],[-4.35188,50.65537],[-4.35094,50.65586],[-4.34955,50.65563],[-4.349,50.65601],[-4.34919,50.65662],[-4.34866,50.65728],[-4.34786,50.65693],[-4.34695,50.6575],[-4.3459,50.65717],[-4.34458,50.65789],[-4.34273,50.65723],[-4.34096,50.65835],[-4.33884,50.65771],[-4.33743,50.65656],[-4.33558,50.65564],[-4.33663,50.65441],[-4.33685,50.65265],[-4.33539,50.65224],[-4.33575,50.65131],[-4.33465,50.64911],[-4.33537,50.64732],[-4.33513,50.64644],[-4.33332,50.64357],[-4.33368,50.64144],[-4.33282,50.6408],[-4.33111,50.64042],[-4.33251,50.63926],[-4.33335,50.63973],[-4.33412,50.6396],[-4.33417,50.63922],[-4.33475,50.639],[-4.33536,50.63943],[-4.33565,50.63898],[-4.33627,50.63898],[-4.33686,50.63836],[-4.33722,50.63845],[-4.33779,50.63804],[-4.3388,50.63808],[-4.33872,50.63855],[-4.33974,50.63822],[-4.33993,50.63841],[-4.34036,50.63797],[-4.34092,50.63836],[-4.34154,50.63814],[-4.34182,50.63837],[-4.34266,50.63811],[-4.34239,50.6379],[-4.34329,50.63736],[-4.34429,50.63708],[-4.3449,50.6378],[-4.34518,50.63752],[-4.34577,50.63801],[-4.34625,50.63785],[-4.34899,50.63804],[-4.34964,50.63852],[-4.35103,50.63824],[-4.35146,50.63878],[-4.35218,50.6388],[-4.35221,50.63945],[-4.35282,50.63945],[-4.35208,50.6404],[-4.35011,50.64081],[-4.35157,50.64286],[-4.35174,50.64397],[-4.35676,50.64482],[-4.35369,50.64629],[-4.35146,50.64696],[-4.35326,50.64757],[-4.3583,50.64763],[-4.36043,50.64735],[-4.36539,50.64764],[-4.36259,50.65058],[-4.36267,50.65104],[-4.36365,50.6516],[-4.36579,50.65206],[-4.37624,50.65073],[-4.3838,50.65162],[-4.38704,50.6515],[-4.38846,50.6512],[-4.39055,50.64953],[-4.38611,50.64939],[-4.38711,50.64682],[-4.38638,50.64498],[-4.38495,50.64491],[-4.38429,50.6453],[-4.38247,50.64507],[-4.38036,50.64531],[-4.37924,50.64466],[-4.37855,50.64493],[-4.37781,50.6448],[-4.3774,50.64537],[-4.37698,50.64535],[-4.37531,50.64452],[-4.37439,50.64327],[-4.37298,50.64109],[-4.37407,50.64068],[-4.37372,50.64038],[-4.36951,50.64052],[-4.37086,50.63862],[-4.37079,50.63778],[-4.36935,50.63557],[-4.37052,50.63369],[-4.37471,50.63106],[-4.37863,50.62971],[-4.38092,50.62955],[-4.38769,50.63001],[-4.39758,50.6319],[-4.39886,50.63185],[-4.40444,50.63014],[-4.40927,50.6278],[-4.41027,50.6271],[-4.41511,50.62482],[-4.42225,50.62243],[-4.42358,50.62223],[-4.42753,50.62243],[-4.43436,50.62185],[-4.44037,50.62286],[-4.44581,50.62436],[-4.44546,50.62581],[-4.44628,50.62725],[-4.44472,50.62912],[-4.44475,50.62973],[-4.44528,50.63072],[-4.44843,50.63268],[-4.45009,50.63724],[-4.44969,50.6398],[-4.44911,50.63983],[-4.44718,50.6409],[-4.44012,50.64169],[-4.43856,50.64161],[-4.43695,50.64111],[-4.43442,50.64203],[-4.43556,50.64286],[-4.43724,50.64346],[-4.43844,50.64486],[-4.43815,50.64548],[-4.43932,50.64752],[-4.43949,50.64914],[-4.43691,50.65178],[-4.43449,50.65133],[-4.43362,50.65226],[-4.43115,50.65335],[-4.43098,50.6546],[-4.42938,50.65597],[-4.42838,50.65768],[-4.42532,50.65954],[-4.42561,50.66208],[-4.42363,50.6619],[-4.42334,50.66234],[-4.4221,50.66232],[-4.41952,50.66312],[-4.41741,50.66436],[-4.41685,50.66426],[-4.41576,50.66496],[-4.41466,50.66512],[-4.41263,50.66465]]]}},{"type":"Feature","properties":{"id":"E01018953","name":"E01018953","parent":"E06000052","type":"LSOA","pop":1367,"r":1,"ff":0,"ffd":0.0,"ffs":0.0,"g":0,"co":3,"mo":3,"sa":3,"ic":1},"geometry":{"type":"Polygon","coordinates":[[[-4.44917,50.72447],[-4.44529,50.72382],[-4.44316,50.72398],[-4.4428,50.72277],[-4.44083,50.72087],[-4.44069,50.71671],[-4.43877,50.71579],[-4.43677,50.71553],[-4.43572,50.715],[-4.43264,50.71167],[-4.43148,50.70987],[-4.43068,50.70969],[-4.42932,50.70865],[-4.42877,50.70776],[-4.4293,50.70632],[-4.42886,50.70567],[-4.42775,50.70484],[-4.42713,50.70486],[-4.42657,50.70441],[-4.42401,50.7036],[-4.42246,50.7026],[-4.42169,50.70088],[-4.42252,50.70011],[-4.42357,50.69997],[-4.42354,50.69942],[-4.42434,50.69883],[-4.4236,50.69845],[-4.42335,50.69719],[-4.42256,50.69694],[-4.41959,50.69422],[-4.41773,50.69342],[-4.41737,50.69273],[-4.41666,50.69325],[-4.41156,50.69349],[-4.41022,50.69319],[-4.40833,50.69324],[-4.40523,50.69381],[-4.40062,50.69265],[-4.39829,50.69075],[-4.39564,50.68925],[-4.39488,50.68969],[-4.39536,50.69027],[-4.39392,50.69058],[-4.39451,50.69116],[-4.39085,50.69157],[-4.39083,50.69185],[-4.38995,50.69203],[-4.38998,50.69147],[-4.38755,50.68996],[-4.38636,50.69053],[-4.38581,50.69063],[-4.38569,50.69026],[-4.38521,50.69026],[-4.38416,50.69078],[-4.38333,50.69016],[-4.38346,50.69082],[-4.3839,50.69095],[-4.38352,50.69137],[-4.38394,50.69228],[-4.38223,50.6927],[-4.37838,50.69457],[-4.37678,50.69581],[-4.3738,50.6965],[-4.37251,50.69765],[-4.37011,50.6989],[-4.36768,50.69951],[-4.36657,50.69914],[-4.36706,50.6986],[-4.3668,50.69811],[-4.3655,50.69779],[-4.36515,50.69806],[-4.36565,50.69853],[-4.36512,50.69847],[-4.36395,50.69734],[-4.36245,50.697],[-4.36258,50.69625],[-4.36216,50.69601],[-4.35985,50.69623],[-4.35804,50.6953],[-4.35495,50.69462],[-4.35419,50.69396],[-4.35303,50.6938],[-4.35244,50.69325],[-4.35329,50.69298],[-4.353,50.69138],[-4.35204,50.69079],[-4.3508,50.691],[-4.3501,50.69081],[-4.34894,50.68954],[-4.34865,50.68892],[-4.34914,50.68595],[-4.34844,50.68514],[-4.34848,50.68308],[-4.34758,50.68243],[-4.34622,50.68209],[-4.34669,50.68015],[-4.34627,50.67993],[-4.34543,50.68004],[-4.34524,50.67782],[-4.34441,50.67677],[-4.34469,50.67549],[-4.34706,50.67291],[-4.34677,50.67245],[-4.34441,50.67127],[-4.34452,50.67032],[-4.34555,50.66918],[-4.34588,50.66795],[-4.34461,50.66301],[-4.34272,50.66158],[-4.33953,50.66151],[-4.33885,50.66126],[-4.33962,50.65898],[-4.33884,50.65771],[-4.34096,50.65835],[-4.34273,50.65723],[-4.34458,50.65789],[-4.3459,50.65717],[-4.34695,50.6575],[-4.34786,50.65693],[-4.34866,50.65728],[-4.34919,50.65662],[-4.349,50.65601],[-4.34955,50.65563],[-4.35094,50.65586],[-4.35188,50.65537],[-4.35347,50.65524],[-4.35901,50.65616],[-4.36229,50.65505],[-4.36681,50.65567],[-4.36931,50.65719],[-4.36915,50.65794],[-4.37019,50.6586],[-4.37019,50.65944],[-4.37154,50.66051],[-4.37314,50.66122],[-4.37408,50.66118],[-4.37448,50.66153],[-4.37553,50.66127],[-4.37591,50.66181],[-4.378,50.6619],[-4.37839,50.66133],[-4.37897,50.66164],[-4.38088,50.6618],[-4.38254,50.66157],[-4.38258,50.66093],[-4.38307,50.66074],[-4.387,50.66115],[-4.38784,50.66186],[-4.38792,50.66158],[-4.38879,50.6615],[-4.38874,50.66214],[-4.38908,50.66217],[-4.39031,50.66185],[-4.39049,50.66137],[-4.39219,50.66112],[-4.39287,50.66122],[-4.39345,50.6619],[-4.39617,50.66176],[-4.3975,50.66256],[-4.39929,50.66224],[-4.40293,50.66293],[-4.40562,50.66389],[-4.40637,50.66334],[-4.40779,50.66368],[-4.40836,50.66309],[-4.40998,50.66357],[-4.4103,50.66296],[-4.41153,50.66306],[-4.41146,50.66364],[-4.41263,50.66465],[-4.41466,50.66512],[-4.41576,50.66496],[-4.41685,50.66426],[-4.41741,50.66436],[-4.41952,50.66312],[-4.4221,50.66232],[-4.42334,50.66234],[-4.42363,50.6619],[-4.42561,50.66208],[-4.42617,50.66311],[-4.42814,50.66475],[-4.42872,50.66482],[-4.42985,50.66415],[-4.43119,50.6645],[-4.43148,50.66509],[-4.4331,50.66563],[-4.43409,50.66497],[-4.43445,50.66561],[-4.4354,50.66558],[-4.43551,50.66593],[-4.43749,50.66631],[-4.4378,50.66691],[-4.44076,50.66775],[-4.44102,50.66817],[-4.44187,50.66789],[-4.44253,50.66834],[-4.44233,50.66915],[-4.44328,50.66873],[-4.44354,50.66957],[-4.44422,50.66934],[-4.44546,50.66973],[-4.44561,50.67],[-4.44464,50.6699],[-4.44462,50.67019],[-4.44603,50.67145],[-4.44724,50.67138],[-4.44774,50.6725],[-4.44733,50.67291],[-4.44925,50.6735],[-4.45413,50.67301],[-4.45563,50.67238],[-4.45588,50.67173],[-4.45618,50.67209],[-4.45853,50.67149],[-4.45947,50.67168],[-4.46105,50.67145],[-4.46151,50.6717],[-4.46171,50.67128],[-4.46224,50.67126],[-4.46445,50.67215],[-4.46622,50.67253],[-4.46673,50.67229],[-4.46801,50.67333],[-4.46903,50.67342],[-4.4699,50.67399],[-4.47054,50.67383],[-4.4718,50.67479],[-4.47333,50.67511],[-4.47368,50.67601],[-4.47515,50.67617],[-4.475,50.67555],[-4.47613,50.67568],[-4.47651,50.67609],[-4.4781,50.676],[-4.47894,50.67644],[-4.47927,50.67619],[-4.47997,50.67687],[-4.48218,50.67767],[-4.48278,50.67741],[-4.48223,50.67841],[-4.48315,50.67866],[-4.48507,50.67837],[-4.4844,50.67891],[-4.48462,50.6791],[-4.48723,50.67906],[-4.48757,50.67883],[-4.48878,50.67898],[-4.48966,50.67963],[-4.49126,50.68015],[-4.49286,50.68],[-4.49399,50.68049],[-4.49377,50.68128],[-4.49437,50.68148],[-4.49379,50.68198],[-4.49493,50.68337],[-4.4956,50.68332],[-4.49582,50.68562],[-4.49635,50.68618],[-4.49683,50.68566],[-4.49749,50.68662],[-4.49737,50.68714],[-4.49809,50.68755],[-4.49755,50.68791],[-4.49817,50.68816],[-4.49883,50.68779],[-4.49983,50.68788],[-4.49911,50.6889],[-4.49976,50.68876],[-4.50102,50.68937],[-4.50068,50.68978],[-4.50172,50.69011],[-4.50209,50.68992],[-4.50313,50.69117],[-4.50416,50.69166],[-4.50446,50.69209],[-4.50414,50.69265],[-4.50506,50.69309],[-4.50411,50.69347],[-4.50475,50.69459],[-4.50648,50.69565],[-4.5063,50.69622],[-4.50772,50.69657],[-4.50781,50.69742],[-4.50687,50.69807],[-4.50212,50.69998],[-4.50149,50.69984],[-4.50027,50.7007],[-4.50095,50.70171],[-4.50071,50.70251],[-4.50127,50.70474],[-4.50096,50.70575],[-4.50158,50.70648],[-4.50183,50.70806],[-4.50437,50.71049],[-4.50409,50.71083],[-4.50542,50.71116],[-4.50523,50.71358],[-4.49908,50.71871],[-4.49725,50.7185],[-4.49609,50.718],[-4.49484,50.71908],[-4.49262,50.7194],[-4.48928,50.72082],[-4.48578,50.72137],[-4.4791,50.72095],[-4.47854,50.72124],[-4.47822,50.72042],[-4.47893,50.71972],[-4.47861,50.71927],[-4.47756,50.71964],[-4.4739,50.72004],[-4.47016,50.72211],[-4.46584,50.72318],[-4.46403,50.72333],[-4.45754,50.72279],[-4.45579,50.72326],[-4.45168,50.72321],[-4.45147,50.72425],[-4.44917,50.72447]]]}},{"type":"Feature","properties":{"id":"E01018954","name":"E01018954","parent":"E06000052","type":"LSOA","pop":1737,"r":0,"ff":0,"ffd":0.0,"ffs":null,"g":0,"co":1,"mo":3,"sa":3,"ic":3},"geometry":{"type":"MultiPolygon","coordinates":[[[[-5.03516,50.48486],[-5.03537,50.48409],[-5.03586,50.48463],[-5.03516,50.48486]]],[[[-4.96529,50.51503],[-4.96506,50.51424],[-4.96291,50.51482],[-4.96073,50.51641],[-4.9588,50.51458],[-4.95835,50.51312],[-4.95602,50.51047],[-4.95561,50.50755],[-4.95425,50.50568],[-4.95115,50.50355],[-4.94852,50.50049],[-4.94656,50.49912],[-4.94489,50.49878],[-4.94658,50.49447],[-4.94865,50.49241],[-4.95121,50.49104],[-4.9497,50.48824],[-4.94885,50.48749],[-4.94929,50.48621],[-4.94916,50.48493],[-4.94759,50.48168],[-4.94197,50.47473],[-4.93967,50.4732],[-4.9422,50.47275],[-4.94895,50.47222],[-4.94979,50.47117],[-4.95534,50.47123],[-4.95831,50.47154],[-4.96202,50.47238],[-4.96378,50.47163],[-4.96721,50.47079],[-4.97323,50.47048],[-4.97824,50.47078],[-4.97837,50.47059],[-4.98357,50.47164],[-5.01298,50.47468],[-5.01585,50.47531],[-5.02828,50.47896],[-5.03132,50.47912],[-5.03612,50.4799],[-5.03555,50.48028],[-5.03584,50.48074],[-5.03622,50.48046],[-5.03741,50.4807],[-5.03654,50.48118],[-5.03584,50.48088],[-5.03587,50.48113],[-5.03497,50.48136],[-5.03405,50.48219],[-5.03473,50.48255],[-5.03417,50.48275],[-5.03372,50.48371],[-5.03505,50.48432],[-5.03454,50.48492],[-5.03408,50.48466],[-5.03381,50.48483],[-5.03419,50.48579],[-5.03337,50.48573],[-5.03302,50.48608],[-5.03369,50.48666],[-5.03462,50.48665],[-5.03449,50.48713],[-5.03386,50.48736],[-5.03393,50.48783],[-5.03312,50.4882],[-5.03321,50.4892],[-5.03428,50.48952],[-5.03491,50.4894],[-5.03446,50.4897],[-5.03561,50.49052],[-5.03585,50.49109],[-5.03625,50.49074],[-5.03669,50.49115],[-5.03658,50.4922],[-5.03588,50.49115],[-5.03614,50.49174],[-5.03468,50.49263],[-5.03487,50.49376],[-5.03534,50.49439],[-5.03546,50.49409],[-5.03639,50.49392],[-5.0366,50.49448],[-5.03811,50.49483],[-5.0386,50.49587],[-5.03968,50.49549],[-5.03882,50.49605],[-5.0401,50.49667],[-5.04101,50.49633],[-5.04324,50.49639],[-5.0435,50.49655],[-5.04326,50.49724],[-5.04402,50.49665],[-5.04532,50.49641],[-5.04529,50.49703],[-5.04591,50.49707],[-5.04681,50.49783],[-5.0445,50.49747],[-5.0437,50.49878],[-5.04132,50.49891],[-5.04151,50.49923],[-5.04284,50.4996],[-5.04243,50.49973],[-5.04187,50.49939],[-5.04221,50.49979],[-5.04189,50.50001],[-5.04238,50.50002],[-5.04212,50.50061],[-5.04147,50.50037],[-5.04124,50.49978],[-5.04096,50.49993],[-5.04197,50.50102],[-5.04246,50.50125],[-5.04269,50.50252],[-5.04197,50.50282],[-5.04043,50.5024],[-5.04012,50.50309],[-5.04076,50.50328],[-5.04063,50.50365],[-5.03981,50.50377],[-5.03803,50.50325],[-5.03751,50.50399],[-5.03727,50.50368],[-5.0369,50.50385],[-5.03711,50.50434],[-5.03671,50.50455],[-5.03553,50.50448],[-5.03524,50.50377],[-5.03438,50.50392],[-5.03491,50.50587],[-5.03405,50.50657],[-5.03552,50.5073],[-5.0349,50.50731],[-5.03409,50.50821],[-5.03357,50.50826],[-5.03365,50.50796],[-5.03309,50.50808],[-5.03338,50.50839],[-5.03316,50.50878],[-5.03247,50.50875],[-5.0316,50.50927],[-5.03181,50.50886],[-5.03066,50.50873],[-5.02844,50.5096],[-5.02794,50.50942],[-5.02843,50.50909],[-5.02755,50.50931],[-5.02565,50.50873],[-5.02425,50.50867],[-5.02422,50.50975],[-5.02307,50.50927],[-5.01993,50.50906],[-5.0182,50.50837],[-5.01584,50.50603],[-5.01436,50.50558],[-5.01398,50.50509],[-5.01056,50.50451],[-5.00646,50.50296],[-5.00245,50.50346],[-4.99644,50.50233],[-4.99104,50.50848],[-4.98937,50.50934],[-4.98853,50.50959],[-4.98599,50.50826],[-4.98135,50.50817],[-4.97786,50.50604],[-4.97617,50.5073],[-4.97165,50.50901],[-4.97262,50.51041],[-4.97283,50.5115],[-4.97157,50.51496],[-4.97195,50.51532],[-4.97151,50.51648],[-4.96971,50.5172],[-4.96784,50.51742],[-4.96529,50.51503]]]]}},{"type":"Feature","properties":{"id":"E01018955","name":"E01018955","parent":"E06000052","type":"LSOA","pop":1556,"r":1,"ff":0,"ffd":0.0,"ffs":0.0,"g":0,"co":1,"mo":3,"sa":3,"ic":3},"geometry":{"type":"MultiPolygon","coordinates":[[[[-5.02981,50.5151],[-5.03023,50.51542],[-5.02973,50.51582],[-5.02951,50.51522],[-5.02981,50.5151]]],[[[-5.02892,50.51561],[-5.02916,50.51528],[-5.02939,50.51589],[-5.02892,50.51561]]],[[[-5.02941,50.51641],[-5.02862,50.51587],[-5.02946,50.5162],[-5.02941,50.51641]]],[[[-5.02442,50.55163],[-5.02469,50.55099],[-5.02435,50.55021],[-5.02375,50.55022],[-5.02352,50.54986],[-5.0234,50.55018],[-5.02296,50.55001],[-5.02234,50.55017],[-5.02229,50.54985],[-5.02134,50.55018],[-5.02152,50.54973],[-5.02215,50.54953],[-5.02197,50.5485],[-5.02117,50.54752],[-5.02195,50.5471],[-5.02112,50.54718],[-5.02041,50.54656],[-5.02053,50.54593],[-5.01988,50.54589],[-5.01917,50.54524],[-5.01706,50.54493],[-5.01612,50.54453],[-5.01606,50.54419],[-5.01516,50.5441],[-5.01395,50.54485],[-5.01423,50.54515],[-5.01362,50.54528],[-5.01137,50.5451],[-5.0092,50.54542],[-5.00606,50.54636],[-5.00357,50.54653],[-5.00437,50.54547],[-5.00352,50.54534],[-5.0034,50.54499],[-5.00479,50.54437],[-5.00434,50.54423],[-5.0048,50.54319],[-5.00395,50.54303],[-5.00411,50.5426],[-5.00369,50.54253],[-5.00323,50.5414],[-5.00198,50.54084],[-4.99859,50.54031],[-4.99655,50.54028],[-4.99516,50.54076],[-4.99499,50.54057],[-4.9952,50.5395],[-4.99279,50.53886],[-4.99268,50.53816],[-4.99088,50.53787],[-4.98801,50.53612],[-4.98516,50.53533],[-4.98191,50.53381],[-4.98085,50.53369],[-4.97873,50.53192],[-4.97711,50.53111],[-4.97323,50.53005],[-4.97068,50.52989],[-4.97022,50.52915],[-4.96893,50.52847],[-4.96779,50.5269],[-4.96697,50.52648],[-4.96672,50.52586],[-4.96626,50.52593],[-4.96554,50.52481],[-4.96496,50.52475],[-4.96489,50.52399],[-4.96332,50.5217],[-4.96455,50.52088],[-4.96432,50.52001],[-4.96229,50.51749],[-4.96073,50.51641],[-4.96291,50.51482],[-4.96506,50.51424],[-4.96529,50.51503],[-4.96784,50.51742],[-4.96971,50.5172],[-4.97151,50.51648],[-4.97195,50.51532],[-4.97157,50.51496],[-4.97283,50.5115],[-4.97262,50.51041],[-4.97165,50.50901],[-4.97617,50.5073],[-4.97786,50.50604],[-4.98135,50.50817],[-4.98599,50.50826],[-4.98853,50.50959],[-4.99104,50.50848],[-4.99644,50.50233],[-5.00245,50.50346],[-5.00646,50.50296],[-5.01056,50.50451],[-5.01398,50.50509],[-5.01436,50.50558],[-5.01584,50.50603],[-5.0182,50.50837],[-5.01993,50.50906],[-5.02307,50.50927],[-5.02394,50.50972],[-5.02631,50.5104],[-5.02629,50.51077],[-5.02662,50.51059],[-5.02689,50.51078],[-5.02669,50.51102],[-5.02797,50.51109],[-5.02789,50.51148],[-5.02834,50.51124],[-5.02826,50.51177],[-5.02723,50.51163],[-5.02859,50.5123],[-5.02892,50.51204],[-5.0295,50.51278],[-5.02918,50.51333],[-5.0268,50.51404],[-5.02739,50.51457],[-5.02817,50.51428],[-5.02846,50.51476],[-5.0294,50.51457],[-5.02976,50.51494],[-5.02701,50.51609],[-5.02765,50.51703],[-5.02812,50.51692],[-5.02863,50.51732],[-5.02736,50.51763],[-5.02828,50.5182],[-5.02782,50.51853],[-5.02774,50.51941],[-5.02605,50.52027],[-5.02665,50.52031],[-5.02655,50.52056],[-5.02879,50.51999],[-5.0301,50.52027],[-5.02975,50.52066],[-5.02986,50.52083],[-5.02885,50.52119],[-5.02907,50.52153],[-5.02672,50.52236],[-5.02866,50.52192],[-5.02935,50.52211],[-5.0304,50.52189],[-5.02984,50.52226],[-5.02993,50.52246],[-5.02963,50.52282],[-5.0263,50.52354],[-5.02819,50.52365],[-5.02953,50.52329],[-5.02969,50.52342],[-5.02916,50.52369],[-5.02944,50.52377],[-5.02775,50.52432],[-5.0293,50.52443],[-5.02927,50.52478],[-5.02771,50.5254],[-5.02814,50.52533],[-5.02629,50.52624],[-5.02559,50.5257],[-5.02558,50.52595],[-5.02451,50.52554],[-5.02438,50.5252],[-5.0235,50.52546],[-5.02275,50.52619],[-5.0227,50.52662],[-5.02359,50.52697],[-5.02344,50.5273],[-5.02423,50.52717],[-5.02414,50.52762],[-5.02534,50.52801],[-5.02515,50.52876],[-5.02586,50.52883],[-5.02564,50.52895],[-5.02654,50.52944],[-5.02587,50.52984],[-5.02601,50.53006],[-5.02517,50.53011],[-5.02504,50.53089],[-5.02475,50.53062],[-5.02434,50.53074],[-5.02281,50.5323],[-5.02298,50.53541],[-5.02493,50.53741],[-5.02423,50.53866],[-5.02471,50.53957],[-5.02534,50.53951],[-5.02549,50.541],[-5.0264,50.54138],[-5.02641,50.54171],[-5.03001,50.54176],[-5.03074,50.54249],[-5.03157,50.54246],[-5.03255,50.54292],[-5.0333,50.54282],[-5.03366,50.54362],[-5.03432,50.54349],[-5.03459,50.5438],[-5.03393,50.54421],[-5.03511,50.54446],[-5.0349,50.54492],[-5.03572,50.54492],[-5.03529,50.54555],[-5.03812,50.54459],[-5.03982,50.54511],[-5.03974,50.54551],[-5.04,50.54565],[-5.03939,50.5462],[-5.03853,50.54657],[-5.03737,50.54654],[-5.03733,50.54704],[-5.03698,50.54634],[-5.03665,50.54663],[-5.03642,50.54646],[-5.03513,50.54774],[-5.03675,50.54911],[-5.03654,50.54948],[-5.03501,50.54972],[-5.03495,50.54989],[-5.03455,50.54987],[-5.03272,50.55046],[-5.0301,50.55057],[-5.02931,50.55085],[-5.0293,50.55116],[-5.02781,50.55149],[-5.02647,50.55141],[-5.02589,50.55066],[-5.02531,50.55143],[-5.02497,50.55125],[-5.02442,50.55163]]]]}},{"type":"Feature","properties":{"id":"E01018956","name":"E01018956","parent":"E06000052","type":"LSOA","pop":1087,"r":0,"ff":0,"ffd":0.0,"ffs":null,"g":0,"co":1,"mo":3,"sa":3,"ic":3},"geometry":{"type":"MultiPolygon","coordinates":[[[[-4.89939,50.52619],[-4.89937,50.52617],[-4.89949,50.52617],[-4.89939,50.52619]]],[[[-4.91771,50.53128],[-4.91037,50.53055],[-4.90952,50.53006],[-4.90975,50.52939],[-4.9086,50.52853],[-4.90889,50.52844],[-4.90994,50.52914],[-4.91087,50.52779],[-4.90852,50.52847],[-4.90597,50.52751],[-4.89972,50.52621],[-4.89913,50.5252],[-4.89932,50.52468],[-4.89883,50.52464],[-4.89822,50.52346],[-4.89946,50.52244],[-4.89791,50.52258],[-4.89681,50.52092],[-4.8956,50.52009],[-4.89539,50.52031],[-4.89291,50.51878],[-4.89217,50.51741],[-4.89187,50.51465],[-4.89022,50.51178],[-4.88848,50.51046],[-4.88731,50.51038],[-4.88716,50.51005],[-4.88741,50.50762],[-4.89202,50.50735],[-4.88835,50.50506],[-4.88851,50.50251],[-4.88779,50.50224],[-4.89196,50.49904],[-4.89509,50.49698],[-4.89358,50.49483],[-4.89447,50.49357],[-4.89572,50.49284],[-4.89616,50.48945],[-4.89462,50.48712],[-4.89423,50.48539],[-4.89213,50.4846],[-4.88714,50.48375],[-4.88654,50.4816],[-4.88672,50.47784],[-4.89359,50.47745],[-4.89535,50.47689],[-4.89985,50.4767],[-4.90841,50.47748],[-4.90899,50.47722],[-4.91196,50.47721],[-4.91204,50.47686],[-4.92025,50.47433],[-4.92593,50.4742],[-4.93219,50.47457],[-4.9376,50.47335],[-4.93967,50.4732],[-4.94197,50.47473],[-4.94759,50.48168],[-4.94916,50.48493],[-4.94929,50.48621],[-4.94885,50.48749],[-4.9497,50.48824],[-4.95121,50.49104],[-4.94865,50.49241],[-4.94658,50.49447],[-4.94489,50.49878],[-4.94656,50.49912],[-4.94852,50.50049],[-4.95115,50.50355],[-4.95425,50.50568],[-4.95561,50.50755],[-4.95602,50.51047],[-4.95835,50.51312],[-4.9588,50.51458],[-4.95536,50.51555],[-4.95426,50.51636],[-4.95242,50.51699],[-4.94369,50.518],[-4.94281,50.5184],[-4.94261,50.51938],[-4.94206,50.52063],[-4.94007,50.52045],[-4.93993,50.51678],[-4.93652,50.51166],[-4.93771,50.51355],[-4.93849,50.51591],[-4.93796,50.51608],[-4.93852,50.51625],[-4.93882,50.51725],[-4.93843,50.51752],[-4.93872,50.51815],[-4.93906,50.5181],[-4.93862,50.51872],[-4.93895,50.52122],[-4.93786,50.5222],[-4.93743,50.52331],[-4.93772,50.52466],[-4.93548,50.52502],[-4.93489,50.52585],[-4.93168,50.52532],[-4.92914,50.52438],[-4.92925,50.52643],[-4.92777,50.52714],[-4.9263,50.53029],[-4.92473,50.53118],[-4.92337,50.53106],[-4.9196,50.53147],[-4.91771,50.53128]]],[[[-4.93438,50.53266],[-4.93407,50.53248],[-4.93475,50.53261],[-4.93438,50.53266]]],[[[-4.93485,50.53813],[-4.93461,50.53708],[-4.93409,50.537],[-4.93381,50.53547],[-4.93478,50.53386],[-4.93482,50.53262],[-4.9359,50.53283],[-4.93724,50.5327],[-4.93754,50.53302],[-4.94004,50.53347],[-4.9391,50.53386],[-4.93799,50.53379],[-4.93805,50.53464],[-4.93906,50.53491],[-4.93944,50.53588],[-4.93743,50.5361],[-4.93772,50.5368],[-4.9367,50.53707],[-4.93686,50.53745],[-4.93627,50.53765],[-4.93594,50.53746],[-4.93485,50.53813]]]]}},{"type":"Feature","properties":{"id":"E01018957","name":"E01018957","parent":"E06000052","type":"LSOA","pop":1526,"r":1,"ff":0,"ffd":0.0,"ffs":0.0,"g":0,"co":1,"mo":3,"sa":3,"ic":3},"geometry":{"type":"MultiPolygon","coordinates":[[[[-4.94974,50.56938],[-4.94844,50.56873],[-4.94606,50.56904],[-4.94522,50.56884],[-4.94512,50.56915],[-4.94479,50.56852],[-4.94703,50.56437],[-4.94686,50.56305],[-4.94792,50.56116],[-4.94741,50.56099],[-4.94788,50.56048],[-4.94915,50.56028],[-4.94795,50.55983],[-4.94874,50.55875],[-4.94887,50.55728],[-4.94959,50.55656],[-4.94795,50.55572],[-4.9419,50.55436],[-4.94081,50.55434],[-4.93874,50.55332],[-4.93791,50.55162],[-4.93743,50.55117],[-4.94108,50.54811],[-4.94251,50.54739],[-4.94943,50.54583],[-4.95066,50.54355],[-4.94533,50.54124],[-4.94625,50.54028],[-4.94541,50.54026],[-4.9453,50.53969],[-4.9438,50.53912],[-4.94184,50.53731],[-4.94291,50.53756],[-4.94256,50.53684],[-4.94507,50.53592],[-4.94397,50.53557],[-4.9421,50.53588],[-4.94183,50.5346],[-4.94225,50.53318],[-4.94004,50.53347],[-4.93754,50.53302],[-4.93724,50.5327],[-4.9359,50.53283],[-4.93407,50.53248],[-4.93297,50.53184],[-4.93294,50.53148],[-4.93093,50.52991],[-4.93144,50.52977],[-4.9324,50.52799],[-4.93647,50.52794],[-4.93815,50.52752],[-4.93769,50.52733],[-4.93657,50.52756],[-4.93567,50.52714],[-4.93732,50.52631],[-4.93869,50.52514],[-4.94073,50.52125],[-4.94142,50.52086],[-4.9423,50.52086],[-4.94206,50.52063],[-4.94261,50.51938],[-4.94281,50.5184],[-4.94369,50.518],[-4.95242,50.51699],[-4.95426,50.51636],[-4.95536,50.51555],[-4.9588,50.51458],[-4.96073,50.51641],[-4.96229,50.51749],[-4.96432,50.52001],[-4.96455,50.52088],[-4.96332,50.5217],[-4.96489,50.52399],[-4.96496,50.52475],[-4.96554,50.52481],[-4.96626,50.52593],[-4.96672,50.52586],[-4.96697,50.52648],[-4.96779,50.5269],[-4.96893,50.52847],[-4.97022,50.52915],[-4.97068,50.52989],[-4.97323,50.53005],[-4.97711,50.53111],[-4.97873,50.53192],[-4.98085,50.53369],[-4.98191,50.53381],[-4.98516,50.53533],[-4.98801,50.53612],[-4.99088,50.53787],[-4.99268,50.53816],[-4.99279,50.53886],[-4.9952,50.5395],[-4.99499,50.54057],[-4.99516,50.54076],[-4.99512,50.54176],[-4.99482,50.54167],[-4.99442,50.54231],[-4.99383,50.54242],[-4.99417,50.54311],[-4.99287,50.5428],[-4.99267,50.54337],[-4.99128,50.54313],[-4.99038,50.5436],[-4.98957,50.54372],[-4.98953,50.54351],[-4.98943,50.54384],[-4.98895,50.54309],[-4.98871,50.54349],[-4.98756,50.54225],[-4.98698,50.54282],[-4.98634,50.54238],[-4.98562,50.54267],[-4.98541,50.54227],[-4.98458,50.54261],[-4.98455,50.54229],[-4.98427,50.54246],[-4.98387,50.54221],[-4.9835,50.54234],[-4.9833,50.54365],[-4.98102,50.54387],[-4.97998,50.54468],[-4.98055,50.54555],[-4.97988,50.54573],[-4.97947,50.54528],[-4.97891,50.54525],[-4.97856,50.54556],[-4.97837,50.54669],[-4.98112,50.54763],[-4.98157,50.54824],[-4.98106,50.54864],[-4.97999,50.54862],[-4.97653,50.54945],[-4.97738,50.5495],[-4.97749,50.55027],[-4.97709,50.54984],[-4.97653,50.54995],[-4.97642,50.55197],[-4.97527,50.55227],[-4.97476,50.5522],[-4.97478,50.55176],[-4.97404,50.55238],[-4.97433,50.55301],[-4.97484,50.55306],[-4.97526,50.55354],[-4.97439,50.5539],[-4.97411,50.55373],[-4.97306,50.5545],[-4.97363,50.55426],[-4.97357,50.55476],[-4.97279,50.55644],[-4.97229,50.55665],[-4.97218,50.55768],[-4.97183,50.55787],[-4.971,50.55758],[-4.96971,50.55877],[-4.96575,50.5582],[-4.96385,50.55915],[-4.96231,50.55934],[-4.96148,50.56041],[-4.95922,50.56136],[-4.95669,50.56288],[-4.95457,50.56294],[-4.95581,50.56406],[-4.95709,50.56463],[-4.95684,50.56519],[-4.95611,50.56512],[-4.95597,50.56597],[-4.95647,50.56668],[-4.95607,50.56692],[-4.95612,50.56746],[-4.95533,50.56723],[-4.95402,50.56788],[-4.95416,50.56821],[-4.95367,50.56861],[-4.95224,50.56925],[-4.94974,50.56938]]],[[[-4.99876,50.57224],[-4.99766,50.57216],[-4.99721,50.57258],[-4.99692,50.57219],[-4.9965,50.57229],[-4.99657,50.57189],[-4.99592,50.57229],[-4.99536,50.57164],[-4.997,50.57131],[-4.99806,50.5714],[-4.99938,50.57226],[-4.99897,50.57257],[-4.99876,50.57224]]]]}},{"type":"Feature","properties":{"id":"E01018958","name":"E01018958","parent":"E06000052","type":"LSOA","pop":988,"r":1,"ff":0,"ffd":0.0,"ffs":0.0,"g":0,"co":1,"mo":3,"sa":3,"ic":3},"geometry":{"type":"Polygon","coordinates":[[[-4.93623,50.54308],[-4.93601,50.54194],[-4.93637,50.54299],[-4.93702,50.54261],[-4.937,50.54189],[-4.93757,50.54211],[-4.93825,50.54185],[-4.93826,50.54148],[-4.9381,50.54118],[-4.9373,50.54118],[-4.93694,50.54177],[-4.93703,50.54121],[-4.93675,50.54134],[-4.93547,50.53894],[-4.93614,50.54108],[-4.93582,50.54104],[-4.93502,50.53862],[-4.93426,50.5379],[-4.93409,50.537],[-4.93461,50.53708],[-4.93485,50.53813],[-4.93594,50.53746],[-4.93627,50.53765],[-4.93686,50.53745],[-4.9367,50.53707],[-4.93772,50.5368],[-4.93743,50.5361],[-4.93944,50.53588],[-4.93906,50.53491],[-4.93805,50.53464],[-4.93799,50.53379],[-4.9391,50.53386],[-4.94004,50.53347],[-4.94225,50.53318],[-4.94183,50.5346],[-4.9421,50.53588],[-4.94397,50.53557],[-4.94507,50.53592],[-4.94256,50.53684],[-4.94291,50.53756],[-4.94184,50.53731],[-4.9438,50.53912],[-4.9453,50.53969],[-4.94541,50.54026],[-4.94625,50.54028],[-4.94533,50.54124],[-4.95066,50.54355],[-4.94943,50.54583],[-4.94251,50.54739],[-4.94108,50.54811],[-4.93743,50.55117],[-4.93517,50.54906],[-4.93403,50.54706],[-4.93446,50.54661],[-4.93429,50.54609],[-4.93516,50.54541],[-4.93527,50.54435],[-4.93575,50.54391],[-4.93537,50.54383],[-4.93623,50.54308]]]}},{"type":"Feature","properties":{"id":"E01018959","name":"E01018959","parent":"E06000052","type":"LSOA","pop":1495,"r":5,"ff":2,"ffd":133.8,"ffs":0.4,"g":0,"co":3,"mo":3,"sa":3,"ic":3},"geometry":{"type":"Polygon","coordinates":[[[-4.52336,50.8543],[-4.52302,50.85387],[-4.52134,50.85408],[-4.51999,50.85503],[-4.51804,50.85538],[-4.51706,50.85511],[-4.51647,50.85368],[-4.5153,50.85422],[-4.51387,50.8542],[-4.51408,50.85349],[-4.51328,50.8523],[-4.5132,50.85025],[-4.51167,50.84967],[-4.51038,50.84852],[-4.50805,50.84764],[-4.50723,50.84672],[-4.50744,50.84431],[-4.50897,50.84198],[-4.50687,50.84171],[-4.50568,50.84192],[-4.50487,50.84287],[-4.50261,50.84389],[-4.50089,50.84405],[-4.49895,50.84475],[-4.49698,50.84574],[-4.49645,50.84648],[-4.49472,50.84542],[-4.49498,50.84382],[-4.49588,50.84284],[-4.49323,50.8423],[-4.49203,50.84122],[-4.49392,50.84106],[-4.49617,50.84019],[-4.49549,50.83856],[-4.49808,50.83727],[-4.49594,50.83452],[-4.49636,50.83338],[-4.49769,50.83341],[-4.49767,50.83198],[-4.49512,50.83208],[-4.49433,50.83256],[-4.49362,50.83142],[-4.49208,50.832],[-4.49145,50.83038],[-4.49259,50.8303],[-4.49437,50.82941],[-4.49691,50.82958],[-4.49803,50.82926],[-4.49853,50.82946],[-4.50113,50.82859],[-4.50011,50.82605],[-4.49819,50.82452],[-4.49878,50.82355],[-4.49814,50.82206],[-4.49967,50.82106],[-4.50515,50.82114],[-4.50769,50.82166],[-4.50841,50.82303],[-4.5109,50.82469],[-4.50844,50.82805],[-4.50905,50.82864],[-4.5101,50.82877],[-4.5109,50.82951],[-4.50597,50.83019],[-4.50677,50.83077],[-4.50548,50.83273],[-4.50602,50.83433],[-4.50204,50.83442],[-4.49936,50.83711],[-4.50545,50.83869],[-4.50809,50.83791],[-4.50875,50.83614],[-4.5108,50.83708],[-4.5133,50.83767],[-4.51232,50.83879],[-4.51284,50.84032],[-4.51447,50.84019],[-4.51623,50.84102],[-4.51801,50.84016],[-4.51868,50.83834],[-4.52103,50.83945],[-4.52051,50.83904],[-4.5217,50.83852],[-4.52343,50.83907],[-4.52631,50.83927],[-4.52608,50.83842],[-4.52841,50.83836],[-4.53035,50.83674],[-4.53025,50.83609],[-4.5284,50.83447],[-4.52859,50.83349],[-4.52956,50.83337],[-4.5311,50.83399],[-4.53256,50.83356],[-4.53157,50.83283],[-4.53337,50.83238],[-4.53464,50.83171],[-4.53555,50.83256],[-4.53986,50.83432],[-4.54005,50.83508],[-4.53836,50.83515],[-4.53797,50.83491],[-4.53673,50.83543],[-4.536,50.83548],[-4.53602,50.83579],[-4.53419,50.83541],[-4.53351,50.8357],[-4.53535,50.83664],[-4.53998,50.83659],[-4.53941,50.837],[-4.5407,50.83795],[-4.53992,50.83838],[-4.54012,50.8403],[-4.53789,50.84012],[-4.5405,50.84104],[-4.54094,50.84239],[-4.54234,50.84263],[-4.54344,50.84165],[-4.54638,50.84099],[-4.54756,50.83974],[-4.54914,50.83893],[-4.55263,50.83913],[-4.55563,50.83863],[-4.55574,50.83911],[-4.55619,50.83916],[-4.55578,50.83917],[-4.55663,50.83931],[-4.55598,50.8405],[-4.55601,50.84105],[-4.55666,50.84105],[-4.55603,50.84112],[-4.55608,50.84138],[-4.55668,50.8414],[-4.55633,50.8415],[-4.55666,50.84266],[-4.5577,50.84299],[-4.55631,50.84347],[-4.55632,50.84382],[-4.55743,50.84386],[-4.55626,50.84409],[-4.55693,50.84441],[-4.55559,50.84469],[-4.55514,50.84867],[-4.54769,50.84989],[-4.54601,50.8518],[-4.53358,50.85575],[-4.52654,50.85504],[-4.52455,50.85434],[-4.52336,50.8543]]]}},{"type":"Feature","properties":{"id":"E01018960","name":"E01018960","parent":"E06000052","type":"LSOA","pop":2685,"r":5,"ff":2,"ffd":74.5,"ffs":0.4,"g":0,"co":3,"mo":3,"sa":3,"ic":3},"geometry":{"type":"Polygon","coordinates":[[[-4.51623,50.84102],[-4.51447,50.84019],[-4.51284,50.84032],[-4.51232,50.83879],[-4.5133,50.83767],[-4.5108,50.83708],[-4.50875,50.83614],[-4.50809,50.83791],[-4.50545,50.83869],[-4.49936,50.83711],[-4.50204,50.83442],[-4.50602,50.83433],[-4.50548,50.83273],[-4.50677,50.83077],[-4.50597,50.83019],[-4.5109,50.82951],[-4.5101,50.82877],[-4.50905,50.82864],[-4.50844,50.82805],[-4.5109,50.82469],[-4.50841,50.82303],[-4.50769,50.82166],[-4.5104,50.82165],[-4.51427,50.82112],[-4.51531,50.82074],[-4.51526,50.8202],[-4.5159,50.82013],[-4.51614,50.81979],[-4.51537,50.81859],[-4.51576,50.81802],[-4.51505,50.81785],[-4.51541,50.81732],[-4.51512,50.81715],[-4.51559,50.81707],[-4.51529,50.81668],[-4.51585,50.81661],[-4.51596,50.81602],[-4.51638,50.81605],[-4.51672,50.81545],[-4.5179,50.81559],[-4.51899,50.81482],[-4.51937,50.81493],[-4.52065,50.81382],[-4.52,50.81319],[-4.52061,50.81248],[-4.52241,50.81185],[-4.52367,50.81186],[-4.52355,50.81115],[-4.52442,50.81087],[-4.52439,50.81034],[-4.52605,50.80835],[-4.52651,50.80823],[-4.52724,50.80742],[-4.53045,50.80594],[-4.53395,50.80554],[-4.53635,50.80607],[-4.53669,50.80647],[-4.53582,50.80703],[-4.53523,50.80842],[-4.53562,50.80865],[-4.53484,50.80885],[-4.53517,50.81069],[-4.53461,50.81104],[-4.53505,50.81108],[-4.53506,50.81135],[-4.53601,50.81129],[-4.53578,50.81157],[-4.53645,50.81167],[-4.53594,50.81209],[-4.53681,50.81218],[-4.53609,50.8125],[-4.53709,50.81354],[-4.53931,50.81489],[-4.53781,50.8157],[-4.53698,50.81494],[-4.53661,50.81509],[-4.53502,50.81356],[-4.53315,50.81458],[-4.53165,50.81444],[-4.52942,50.81468],[-4.52852,50.81575],[-4.53019,50.81768],[-4.52956,50.8179],[-4.52947,50.81886],[-4.52781,50.81922],[-4.52634,50.81926],[-4.5251,50.82121],[-4.52832,50.82138],[-4.52914,50.82276],[-4.52736,50.82325],[-4.52761,50.82417],[-4.52799,50.82459],[-4.527,50.82467],[-4.52703,50.82539],[-4.52765,50.82695],[-4.52691,50.82705],[-4.52715,50.82816],[-4.52848,50.8288],[-4.52813,50.82919],[-4.52886,50.82957],[-4.52886,50.83036],[-4.53139,50.83068],[-4.53349,50.8315],[-4.53277,50.83163],[-4.53337,50.83238],[-4.53157,50.83283],[-4.53256,50.83356],[-4.5311,50.83399],[-4.52956,50.83337],[-4.52859,50.83349],[-4.5284,50.83447],[-4.53025,50.83609],[-4.53035,50.83674],[-4.52841,50.83836],[-4.52608,50.83842],[-4.52631,50.83927],[-4.52343,50.83907],[-4.5217,50.83852],[-4.52051,50.83904],[-4.52103,50.83945],[-4.51868,50.83834],[-4.51801,50.84016],[-4.51623,50.84102]]]}},{"type":"Feature","properties":{"id":"E01018961","name":"E01018961","parent":"E06000052","type":"LSOA","pop":1345,"r":5,"ff":2,"ffd":148.7,"ffs":0.4,"g":0,"co":3,"mo":3,"sa":3,"ic":3},"geometry":{"type":"Polygon","coordinates":[[[-4.5405,50.84104],[-4.53789,50.84012],[-4.54012,50.8403],[-4.53992,50.83838],[-4.5407,50.83795],[-4.53941,50.837],[-4.53998,50.83659],[-4.53535,50.83664],[-4.53351,50.8357],[-4.53419,50.83541],[-4.53602,50.83579],[-4.536,50.83548],[-4.53673,50.83543],[-4.53797,50.83491],[-4.53836,50.83515],[-4.54005,50.83508],[-4.53986,50.83432],[-4.54277,50.83469],[-4.54317,50.83441],[-4.54968,50.83586],[-4.54975,50.8361],[-4.55273,50.83565],[-4.55395,50.83568],[-4.554,50.83626],[-4.5548,50.83676],[-4.55612,50.83686],[-4.55568,50.83711],[-4.556,50.83752],[-4.55563,50.83863],[-4.55263,50.83913],[-4.54914,50.83893],[-4.54756,50.83974],[-4.54638,50.84099],[-4.54344,50.84165],[-4.54234,50.84263],[-4.54094,50.84239],[-4.5405,50.84104]]]}},{"type":"Feature","properties":{"id":"E01018962","name":"E01018962","parent":"E06000052","type":"LSOA","pop":1848,"r":1,"ff":0,"ffd":0.0,"ffs":0.0,"g":0,"co":1,"mo":3,"sa":3,"ic":3},"geometry":{"type":"Polygon","coordinates":[[[-4.79076,50.60072],[-4.79005,50.59892],[-4.78774,50.59623],[-4.78391,50.5939],[-4.78354,50.59321],[-4.78379,50.59297],[-4.78309,50.59238],[-4.77855,50.59029],[-4.77103,50.59444],[-4.76918,50.59408],[-4.76747,50.59335],[-4.76704,50.59306],[-4.7671,50.59194],[-4.76627,50.59275],[-4.76485,50.59115],[-4.76368,50.59057],[-4.76503,50.58954],[-4.76389,50.58906],[-4.76403,50.58835],[-4.76487,50.58841],[-4.76472,50.58775],[-4.764,50.58689],[-4.7628,50.5867],[-4.76348,50.58427],[-4.76284,50.5831],[-4.75771,50.58461],[-4.7556,50.58662],[-4.75329,50.58625],[-4.75326,50.58489],[-4.75259,50.58419],[-4.75515,50.58309],[-4.75283,50.58186],[-4.75176,50.5802],[-4.7496,50.57871],[-4.74942,50.57703],[-4.74384,50.57425],[-4.74343,50.57346],[-4.74217,50.57292],[-4.74266,50.57243],[-4.74261,50.5713],[-4.74356,50.57046],[-4.74614,50.56917],[-4.74893,50.5687],[-4.75053,50.56726],[-4.75101,50.56614],[-4.75245,50.56559],[-4.75413,50.56423],[-4.75401,50.56379],[-4.7549,50.56351],[-4.75514,50.56204],[-4.75561,50.56165],[-4.75538,50.56096],[-4.75575,50.56026],[-4.75538,50.55991],[-4.75597,50.55906],[-4.75566,50.55775],[-4.75699,50.5563],[-4.75748,50.5547],[-4.75861,50.55434],[-4.75872,50.55341],[-4.75943,50.55246],[-4.76088,50.55153],[-4.75995,50.5486],[-4.76107,50.54663],[-4.76221,50.54649],[-4.76351,50.54575],[-4.76436,50.54575],[-4.76527,50.54496],[-4.76539,50.5434],[-4.76793,50.54102],[-4.76784,50.53953],[-4.76844,50.53915],[-4.76814,50.53902],[-4.769,50.5382],[-4.76989,50.53608],[-4.7714,50.53442],[-4.77348,50.53318],[-4.77661,50.53232],[-4.77775,50.5325],[-4.77802,50.5321],[-4.7818,50.53018],[-4.78259,50.52889],[-4.78678,50.52954],[-4.79148,50.52801],[-4.7937,50.52849],[-4.79641,50.52992],[-4.79745,50.53],[-4.79866,50.5307],[-4.80264,50.53194],[-4.8096,50.53732],[-4.8129,50.53814],[-4.81693,50.53754],[-4.82154,50.53926],[-4.82576,50.54004],[-4.82655,50.54071],[-4.82751,50.54091],[-4.82832,50.54073],[-4.82878,50.54175],[-4.82999,50.5416],[-4.83059,50.54112],[-4.83025,50.54077],[-4.82919,50.54104],[-4.82872,50.53979],[-4.82973,50.53898],[-4.83005,50.53818],[-4.83157,50.53879],[-4.83228,50.53818],[-4.83193,50.53755],[-4.83066,50.53802],[-4.82949,50.53759],[-4.82993,50.53712],[-4.83125,50.53727],[-4.83127,50.53573],[-4.83311,50.53553],[-4.83452,50.53591],[-4.83525,50.53486],[-4.83818,50.53644],[-4.83966,50.53661],[-4.83928,50.53737],[-4.84034,50.5374],[-4.84202,50.53638],[-4.84285,50.53638],[-4.84475,50.53773],[-4.8478,50.53908],[-4.84909,50.54152],[-4.85101,50.54159],[-4.85359,50.54105],[-4.85497,50.54216],[-4.85656,50.54225],[-4.8568,50.5425],[-4.85546,50.54461],[-4.85225,50.54564],[-4.85015,50.54693],[-4.84627,50.54771],[-4.84517,50.5483],[-4.844,50.54807],[-4.84339,50.54722],[-4.84169,50.54749],[-4.84195,50.54833],[-4.84164,50.5485],[-4.83565,50.55051],[-4.83221,50.55094],[-4.83312,50.55292],[-4.83394,50.55338],[-4.83509,50.55483],[-4.83529,50.55624],[-4.83395,50.55791],[-4.83468,50.55864],[-4.83576,50.55899],[-4.83643,50.56026],[-4.83781,50.56039],[-4.83929,50.56125],[-4.84269,50.56124],[-4.8459,50.56185],[-4.84967,50.56376],[-4.85415,50.56527],[-4.85572,50.56701],[-4.85773,50.5685],[-4.85719,50.56946],[-4.85716,50.57224],[-4.85607,50.57237],[-4.85644,50.57325],[-4.85764,50.57337],[-4.85965,50.57485],[-4.86202,50.57566],[-4.86476,50.57724],[-4.86558,50.57806],[-4.86604,50.58108],[-4.86391,50.58374],[-4.86408,50.58533],[-4.86674,50.58867],[-4.86783,50.58926],[-4.86889,50.59027],[-4.86992,50.59055],[-4.87178,50.59052],[-4.87213,50.59086],[-4.87192,50.59125],[-4.87092,50.59147],[-4.87157,50.59184],[-4.87143,50.59206],[-4.87205,50.592],[-4.87169,50.59214],[-4.87208,50.59237],[-4.87171,50.59277],[-4.8719,50.59387],[-4.86999,50.59537],[-4.86888,50.59536],[-4.86766,50.59428],[-4.86491,50.59421],[-4.86454,50.59354],[-4.86411,50.59349],[-4.86445,50.59326],[-4.86338,50.59306],[-4.86222,50.59333],[-4.86122,50.59301],[-4.85979,50.5932],[-4.85688,50.59423],[-4.85683,50.59481],[-4.85744,50.59535],[-4.85603,50.59572],[-4.85564,50.59622],[-4.85408,50.59679],[-4.85346,50.5966],[-4.85065,50.59708],[-4.8506,50.59836],[-4.84931,50.59879],[-4.84747,50.59833],[-4.84672,50.59778],[-4.8476,50.59688],[-4.84756,50.59663],[-4.84682,50.59648],[-4.84671,50.59546],[-4.84419,50.59567],[-4.84397,50.59534],[-4.84459,50.59539],[-4.84391,50.59509],[-4.84358,50.59432],[-4.84283,50.59477],[-4.84228,50.59474],[-4.84282,50.59431],[-4.84201,50.59443],[-4.84182,50.59309],[-4.84112,50.5934],[-4.84006,50.59485],[-4.83927,50.59488],[-4.83901,50.59537],[-4.83824,50.59546],[-4.83731,50.59603],[-4.83519,50.59576],[-4.83532,50.59496],[-4.83496,50.59476],[-4.83492,50.5944],[-4.83513,50.5941],[-4.83429,50.59416],[-4.83505,50.59388],[-4.83486,50.59326],[-4.83449,50.59339],[-4.83426,50.59277],[-4.83244,50.59214],[-4.83203,50.59285],[-4.83253,50.59356],[-4.83365,50.5939],[-4.83238,50.5939],[-4.83288,50.59445],[-4.83272,50.59501],[-4.83212,50.59528],[-4.83127,50.59521],[-4.8303,50.59571],[-4.82864,50.59548],[-4.82835,50.59496],[-4.82807,50.59527],[-4.82711,50.59492],[-4.82699,50.59425],[-4.82644,50.59437],[-4.82619,50.59401],[-4.82531,50.59403],[-4.82348,50.593],[-4.82292,50.59341],[-4.82489,50.59474],[-4.82524,50.59561],[-4.82439,50.59505],[-4.82433,50.59524],[-4.82332,50.59481],[-4.82304,50.59535],[-4.82261,50.5952],[-4.82218,50.59554],[-4.82102,50.59563],[-4.82129,50.59432],[-4.8184,50.59554],[-4.81822,50.59517],[-4.81754,50.59519],[-4.8175,50.59606],[-4.81549,50.59581],[-4.81602,50.59625],[-4.81505,50.59639],[-4.81518,50.59658],[-4.81263,50.5959],[-4.81231,50.59628],[-4.81054,50.59624],[-4.8087,50.59709],[-4.80747,50.59708],[-4.80681,50.59669],[-4.80655,50.59727],[-4.80493,50.59664],[-4.80401,50.59701],[-4.80307,50.59694],[-4.80343,50.59753],[-4.80256,50.59731],[-4.80275,50.59761],[-4.80201,50.59754],[-4.80162,50.5978],[-4.80005,50.59719],[-4.79979,50.59761],[-4.79822,50.59752],[-4.79592,50.59823],[-4.79641,50.59907],[-4.79496,50.59905],[-4.79461,50.59957],[-4.79337,50.60007],[-4.79284,50.60092],[-4.79289,50.60139],[-4.79354,50.60172],[-4.79124,50.60226],[-4.79063,50.60199],[-4.79076,50.60072]]]}},{"type":"Feature","properties":{"id":"E01018965","name":"E01018965","parent":"E06000052","type":"LSOA","pop":2429,"r":3,"ff":1,"ffd":41.2,"ffs":0.3333,"g":0,"co":3,"mo":3,"sa":3,"ic":1},"geometry":{"type":"Polygon","coordinates":[[[-4.46196,50.63628],[-4.46011,50.63624],[-4.45729,50.63676],[-4.45589,50.63573],[-4.45425,50.63576],[-4.45009,50.63724],[-4.44843,50.63268],[-4.44528,50.63072],[-4.44475,50.62973],[-4.44472,50.62912],[-4.44628,50.62725],[-4.44546,50.62581],[-4.44581,50.62436],[-4.44037,50.62286],[-4.43436,50.62185],[-4.42753,50.62243],[-4.42358,50.62223],[-4.42225,50.62243],[-4.41511,50.62482],[-4.41027,50.6271],[-4.40927,50.6278],[-4.40444,50.63014],[-4.39886,50.63185],[-4.39758,50.6319],[-4.38769,50.63001],[-4.38092,50.62955],[-4.37863,50.62971],[-4.37853,50.62794],[-4.37808,50.62625],[-4.37704,50.62464],[-4.3742,50.62441],[-4.3708,50.62286],[-4.36909,50.61992],[-4.36714,50.61887],[-4.36686,50.61825],[-4.36548,50.61807],[-4.35994,50.61471],[-4.35321,50.61287],[-4.35183,50.61297],[-4.35017,50.61261],[-4.34951,50.61286],[-4.34783,50.61283],[-4.34518,50.61243],[-4.3452,50.61328],[-4.3442,50.61476],[-4.34363,50.61499],[-4.34274,50.61669],[-4.34294,50.61815],[-4.34256,50.61903],[-4.34382,50.6209],[-4.34382,50.62394],[-4.34103,50.6249],[-4.33868,50.62525],[-4.33813,50.62652],[-4.3384,50.62793],[-4.33701,50.6277],[-4.33635,50.62928],[-4.33535,50.62977],[-4.33605,50.63133],[-4.33272,50.63324],[-4.33218,50.63526],[-4.33262,50.63696],[-4.3304,50.63843],[-4.33056,50.63941],[-4.33018,50.63975],[-4.32713,50.6406],[-4.3282,50.64059],[-4.32984,50.64008],[-4.33124,50.64034],[-4.33111,50.64042],[-4.32986,50.64023],[-4.32804,50.64075],[-4.3259,50.64056],[-4.32524,50.64023],[-4.32602,50.63849],[-4.3259,50.63788],[-4.31957,50.636],[-4.31391,50.63612],[-4.3116,50.63745],[-4.31053,50.63642],[-4.30901,50.63571],[-4.30407,50.63617],[-4.30233,50.63559],[-4.30079,50.63444],[-4.30011,50.63341],[-4.30012,50.63254],[-4.30195,50.63123],[-4.30263,50.62965],[-4.30177,50.62673],[-4.30211,50.62532],[-4.30617,50.62092],[-4.30747,50.62022],[-4.30749,50.61842],[-4.30576,50.6157],[-4.30639,50.6141],[-4.30373,50.6122],[-4.30343,50.61153],[-4.30715,50.60425],[-4.30845,50.60269],[-4.31222,50.60431],[-4.3129,50.60389],[-4.31424,50.60472],[-4.31591,50.60346],[-4.32025,50.60233],[-4.32038,50.60272],[-4.32154,50.60271],[-4.32191,50.60234],[-4.32332,50.60268],[-4.32777,50.60202],[-4.32852,50.60444],[-4.33252,50.60365],[-4.33998,50.60323],[-4.33988,50.60218],[-4.34086,50.60273],[-4.34156,50.60234],[-4.34275,50.60248],[-4.34494,50.60217],[-4.34667,50.60106],[-4.34901,50.6006],[-4.35216,50.60079],[-4.35407,50.60137],[-4.35726,50.60121],[-4.35737,50.60097],[-4.36037,50.60114],[-4.361,50.60091],[-4.3641,50.60133],[-4.36456,50.60039],[-4.36415,50.59844],[-4.36459,50.59842],[-4.36541,50.5969],[-4.36714,50.59675],[-4.36688,50.5947],[-4.36737,50.59419],[-4.36511,50.59215],[-4.36191,50.59226],[-4.36225,50.59143],[-4.36575,50.59091],[-4.36875,50.5897],[-4.37125,50.58985],[-4.37408,50.58947],[-4.37585,50.58886],[-4.37813,50.5892],[-4.37894,50.58908],[-4.37926,50.59053],[-4.38,50.59075],[-4.38017,50.59156],[-4.38173,50.59181],[-4.38145,50.58944],[-4.38822,50.58898],[-4.39241,50.58939],[-4.39338,50.5889],[-4.39456,50.58764],[-4.39636,50.58656],[-4.39705,50.58523],[-4.39566,50.58289],[-4.39651,50.58238],[-4.39813,50.58225],[-4.40013,50.58063],[-4.40377,50.5808],[-4.40857,50.58005],[-4.41494,50.58091],[-4.41772,50.58245],[-4.42063,50.58531],[-4.42231,50.58632],[-4.42354,50.58649],[-4.42835,50.5861],[-4.42937,50.58426],[-4.43354,50.58001],[-4.43509,50.5797],[-4.4362,50.57913],[-4.44226,50.58056],[-4.4441,50.58044],[-4.44529,50.58004],[-4.44826,50.57802],[-4.45272,50.57732],[-4.45463,50.57852],[-4.45502,50.57933],[-4.45629,50.58014],[-4.45625,50.58065],[-4.45755,50.58159],[-4.45802,50.58138],[-4.4585,50.58161],[-4.45858,50.58198],[-4.45822,50.58205],[-4.45866,50.58247],[-4.46083,50.58349],[-4.4607,50.58397],[-4.46386,50.585],[-4.46465,50.58562],[-4.46464,50.58617],[-4.46576,50.58627],[-4.46586,50.58672],[-4.46766,50.58698],[-4.46823,50.58678],[-4.46872,50.58721],[-4.4693,50.58705],[-4.47076,50.58802],[-4.47226,50.58845],[-4.47433,50.58785],[-4.47456,50.58658],[-4.47514,50.58639],[-4.47565,50.58499],[-4.47721,50.58486],[-4.47718,50.58393],[-4.47926,50.58311],[-4.48021,50.58303],[-4.48094,50.58365],[-4.48253,50.58368],[-4.48473,50.5844],[-4.48537,50.58487],[-4.48525,50.58649],[-4.48449,50.58651],[-4.48359,50.58769],[-4.48303,50.58773],[-4.48259,50.58979],[-4.48151,50.58972],[-4.47937,50.5904],[-4.47963,50.59168],[-4.477,50.59342],[-4.47213,50.59444],[-4.47154,50.59485],[-4.4756,50.59541],[-4.47479,50.59737],[-4.47595,50.59796],[-4.4737,50.5992],[-4.47752,50.60137],[-4.47878,50.60344],[-4.47745,50.60422],[-4.47639,50.60362],[-4.47489,50.60468],[-4.47491,50.60527],[-4.47273,50.60582],[-4.47314,50.6066],[-4.47364,50.60663],[-4.47357,50.60633],[-4.47389,50.60655],[-4.47348,50.60696],[-4.47386,50.60757],[-4.47356,50.60777],[-4.47582,50.60851],[-4.47572,50.60913],[-4.47431,50.61112],[-4.47329,50.61114],[-4.47284,50.61212],[-4.46981,50.61377],[-4.46865,50.61517],[-4.46917,50.61626],[-4.46867,50.61797],[-4.46744,50.61984],[-4.46637,50.62069],[-4.46735,50.62141],[-4.4683,50.62132],[-4.46798,50.621],[-4.46868,50.62096],[-4.47007,50.62169],[-4.47068,50.62144],[-4.47164,50.62157],[-4.47234,50.6211],[-4.47456,50.62167],[-4.47517,50.62158],[-4.47906,50.62282],[-4.48089,50.62411],[-4.48111,50.62594],[-4.4803,50.62757],[-4.48029,50.62945],[-4.47902,50.63103],[-4.47918,50.63241],[-4.47184,50.63213],[-4.47186,50.63302],[-4.46764,50.63426],[-4.46645,50.63644],[-4.46649,50.63753],[-4.46582,50.63795],[-4.46382,50.63804],[-4.46221,50.63789],[-4.46222,50.6375],[-4.46035,50.63753],[-4.4603,50.63727],[-4.4622,50.63704],[-4.46196,50.63628]]]}},{"type":"Feature","properties":{"id":"E01018966","name":"E01018966","parent":"E06000052","type":"LSOA","pop":1138,"r":2,"ff":1,"ffd":87.9,"ffs":0.5,"g":0,"co":3,"mo":3,"sa":3,"ic":1},"geometry":{"type":"Polygon","coordinates":[[[-4.31424,50.60472],[-4.3129,50.60389],[-4.31222,50.60431],[-4.30845,50.60269],[-4.3069,50.5999],[-4.30631,50.59477],[-4.3075,50.59349],[-4.31117,50.5919],[-4.31218,50.5893],[-4.31122,50.58487],[-4.30833,50.58185],[-4.30806,50.57894],[-4.30692,50.57859],[-4.30593,50.57873],[-4.29837,50.5837],[-4.29412,50.58438],[-4.29133,50.58386],[-4.29027,50.58305],[-4.28956,50.58148],[-4.28966,50.57857],[-4.28886,50.57637],[-4.28656,50.5751],[-4.28508,50.57507],[-4.28313,50.57592],[-4.2819,50.57715],[-4.28198,50.5784],[-4.28588,50.58234],[-4.28655,50.58399],[-4.28601,50.58466],[-4.28526,50.58482],[-4.28077,50.58396],[-4.27253,50.58286],[-4.27115,50.58221],[-4.2698,50.57988],[-4.26972,50.57898],[-4.27786,50.57478],[-4.27934,50.57085],[-4.27952,50.56917],[-4.27443,50.56593],[-4.27357,50.5648],[-4.27343,50.56249],[-4.27249,50.56164],[-4.26599,50.55886],[-4.26347,50.55698],[-4.26146,50.55466],[-4.25995,50.55215],[-4.25946,50.55003],[-4.25995,50.54772],[-4.2593,50.54576],[-4.26003,50.54454],[-4.26089,50.54398],[-4.26523,50.54322],[-4.26754,50.54209],[-4.26877,50.54307],[-4.27167,50.54362],[-4.27315,50.54336],[-4.27612,50.54351],[-4.27585,50.54445],[-4.27621,50.54582],[-4.27867,50.54584],[-4.28185,50.54669],[-4.28759,50.5435],[-4.2868,50.54034],[-4.28793,50.54037],[-4.29168,50.54235],[-4.29467,50.54346],[-4.29338,50.54446],[-4.29561,50.54723],[-4.29548,50.54812],[-4.29477,50.54929],[-4.29517,50.54941],[-4.29369,50.55013],[-4.28474,50.5492],[-4.28315,50.54937],[-4.28513,50.55357],[-4.28511,50.5563],[-4.29092,50.55734],[-4.2937,50.55626],[-4.30041,50.55821],[-4.29777,50.56217],[-4.30095,50.56313],[-4.30566,50.56395],[-4.3057,50.56319],[-4.30459,50.56075],[-4.31387,50.55785],[-4.31311,50.55517],[-4.31531,50.55479],[-4.31652,50.55397],[-4.32,50.55429],[-4.31895,50.55323],[-4.31911,50.55187],[-4.31599,50.55127],[-4.31745,50.55086],[-4.31738,50.55048],[-4.31915,50.54961],[-4.31979,50.55055],[-4.31966,50.55143],[-4.32083,50.55207],[-4.32313,50.55207],[-4.32641,50.55152],[-4.33261,50.54979],[-4.33944,50.54974],[-4.34266,50.54908],[-4.34826,50.54869],[-4.35665,50.5468],[-4.35475,50.55047],[-4.35973,50.54948],[-4.36132,50.55051],[-4.36233,50.55381],[-4.36368,50.55516],[-4.3639,50.55606],[-4.36162,50.55739],[-4.35847,50.56009],[-4.35719,50.56175],[-4.35234,50.5631],[-4.35161,50.56467],[-4.35191,50.56651],[-4.3516,50.5678],[-4.35088,50.56921],[-4.3553,50.56806],[-4.35791,50.56838],[-4.36104,50.56842],[-4.36124,50.5687],[-4.36277,50.56894],[-4.36458,50.56817],[-4.36691,50.56813],[-4.36745,50.56847],[-4.3686,50.56818],[-4.36887,50.56887],[-4.37009,50.56983],[-4.37168,50.5696],[-4.37353,50.5698],[-4.37513,50.57073],[-4.37599,50.57182],[-4.37922,50.57245],[-4.38,50.5729],[-4.38191,50.57231],[-4.38531,50.57266],[-4.38749,50.57236],[-4.38937,50.57272],[-4.39092,50.57342],[-4.39291,50.5755],[-4.39358,50.57694],[-4.39263,50.57833],[-4.3943,50.57849],[-4.39461,50.57932],[-4.39534,50.57905],[-4.39571,50.57924],[-4.39413,50.58172],[-4.39442,50.58222],[-4.39566,50.58289],[-4.39705,50.58523],[-4.39636,50.58656],[-4.39456,50.58764],[-4.39338,50.5889],[-4.39241,50.58939],[-4.38822,50.58898],[-4.38145,50.58944],[-4.38173,50.59181],[-4.38017,50.59156],[-4.38,50.59075],[-4.37926,50.59053],[-4.37894,50.58908],[-4.37813,50.5892],[-4.37585,50.58886],[-4.37408,50.58947],[-4.37125,50.58985],[-4.36875,50.5897],[-4.36575,50.59091],[-4.36225,50.59143],[-4.36191,50.59226],[-4.36511,50.59215],[-4.36737,50.59419],[-4.36688,50.5947],[-4.36714,50.59675],[-4.36541,50.5969],[-4.36459,50.59842],[-4.36415,50.59844],[-4.36456,50.60039],[-4.3641,50.60133],[-4.361,50.60091],[-4.36037,50.60114],[-4.35737,50.60097],[-4.35726,50.60121],[-4.35407,50.60137],[-4.35216,50.60079],[-4.34901,50.6006],[-4.34667,50.60106],[-4.34494,50.60217],[-4.34275,50.60248],[-4.34156,50.60234],[-4.34086,50.60273],[-4.33988,50.60218],[-4.33998,50.60323],[-4.33252,50.60365],[-4.32852,50.60444],[-4.32777,50.60202],[-4.32332,50.60268],[-4.32191,50.60234],[-4.32154,50.60271],[-4.32038,50.60272],[-4.32025,50.60233],[-4.31591,50.60346],[-4.31424,50.60472]]]}},{"type":"Feature","properties":{"id":"E01018967","name":"E01018967","parent":"E06000052","type":"LSOA","pop":1317,"r":2,"ff":1,"ffd":75.9,"ffs":0.5,"g":0,"co":3,"mo":3,"sa":3,"ic":3},"geometry":{"type":"Polygon","coordinates":[[[-4.30041,50.55821],[-4.2937,50.55626],[-4.29092,50.55734],[-4.28511,50.5563],[-4.28513,50.55357],[-4.28315,50.54937],[-4.28474,50.5492],[-4.29369,50.55013],[-4.29517,50.54941],[-4.29477,50.54929],[-4.29548,50.54812],[-4.29561,50.54723],[-4.29338,50.54446],[-4.29467,50.54346],[-4.29168,50.54235],[-4.28793,50.54037],[-4.2868,50.54034],[-4.28759,50.5435],[-4.28185,50.54669],[-4.27867,50.54584],[-4.27621,50.54582],[-4.27585,50.54445],[-4.27612,50.54351],[-4.27315,50.54336],[-4.27167,50.54362],[-4.26877,50.54307],[-4.26754,50.54209],[-4.27096,50.53922],[-4.27173,50.53775],[-4.27153,50.53659],[-4.26877,50.53527],[-4.26906,50.53372],[-4.27061,50.53188],[-4.27062,50.52966],[-4.27111,50.52872],[-4.27301,50.52759],[-4.2747,50.52533],[-4.27445,50.52184],[-4.27261,50.52045],[-4.27129,50.51834],[-4.27102,50.51699],[-4.27718,50.51609],[-4.29178,50.51318],[-4.29548,50.51298],[-4.30372,50.51503],[-4.30537,50.51568],[-4.30661,50.51684],[-4.30496,50.52044],[-4.30729,50.52056],[-4.30695,50.52139],[-4.30983,50.52221],[-4.31188,50.5224],[-4.31217,50.52302],[-4.31434,50.52435],[-4.31761,50.52314],[-4.31983,50.52275],[-4.32219,50.52106],[-4.32328,50.52143],[-4.32437,50.52003],[-4.32846,50.52078],[-4.33407,50.52234],[-4.33437,50.52411],[-4.33756,50.52596],[-4.33588,50.5269],[-4.33563,50.52732],[-4.33683,50.52826],[-4.33538,50.52914],[-4.33817,50.53095],[-4.33789,50.53294],[-4.33695,50.53338],[-4.33612,50.53443],[-4.33936,50.53683],[-4.34064,50.53606],[-4.34069,50.53528],[-4.34273,50.53451],[-4.34525,50.53419],[-4.34924,50.53454],[-4.35124,50.53364],[-4.35275,50.53551],[-4.34977,50.53974],[-4.3483,50.54044],[-4.3479,50.5426],[-4.35165,50.54465],[-4.35868,50.54618],[-4.35875,50.54677],[-4.35728,50.54747],[-4.35973,50.54948],[-4.35475,50.55047],[-4.35665,50.5468],[-4.34826,50.54869],[-4.34266,50.54908],[-4.33944,50.54974],[-4.33261,50.54979],[-4.32641,50.55152],[-4.32313,50.55207],[-4.32083,50.55207],[-4.31966,50.55143],[-4.31979,50.55055],[-4.31915,50.54961],[-4.31738,50.55048],[-4.31745,50.55086],[-4.31599,50.55127],[-4.31911,50.55187],[-4.31895,50.55323],[-4.32,50.55429],[-4.31652,50.55397],[-4.31531,50.55479],[-4.31311,50.55517],[-4.31387,50.55785],[-4.30459,50.56075],[-4.3057,50.56319],[-4.30566,50.56395],[-4.30095,50.56313],[-4.29777,50.56217],[-4.30041,50.55821]]]}},{"type":"Feature","properties":{"id":"E01018968","name":"E01018968","parent":"E06000052","type":"LSOA","pop":2539,"r":0,"ff":0,"ffd":0.0,"ffs":null,"g":0,"co":3,"mo":3,"sa":3,"ic":1},"geometry":{"type":"Polygon","coordinates":[[[-4.59084,50.72193],[-4.58448,50.71912],[-4.58292,50.72196],[-4.57135,50.72213],[-4.57017,50.72179],[-4.5696,50.72061],[-4.56828,50.71934],[-4.56833,50.71891],[-4.56712,50.71795],[-4.56573,50.71759],[-4.56503,50.71647],[-4.5619,50.71566],[-4.55992,50.71419],[-4.55923,50.71293],[-4.55952,50.71125],[-4.55891,50.71092],[-4.55981,50.71005],[-4.56116,50.71026],[-4.56038,50.70934],[-4.55922,50.70961],[-4.55784,50.70904],[-4.55674,50.70899],[-4.55616,50.70857],[-4.55591,50.70877],[-4.55452,50.7086],[-4.55249,50.70763],[-4.55237,50.70721],[-4.55089,50.70684],[-4.54989,50.70554],[-4.54831,50.70494],[-4.54853,50.70422],[-4.54806,50.70437],[-4.54714,50.70398],[-4.54693,50.70337],[-4.54541,50.70338],[-4.54378,50.70232],[-4.54285,50.7028],[-4.54255,50.70218],[-4.54139,50.7022],[-4.54166,50.70168],[-4.5408,50.70156],[-4.54074,50.70114],[-4.53951,50.70134],[-4.53807,50.70069],[-4.53794,50.7003],[-4.53696,50.7004],[-4.5371,50.69977],[-4.53608,50.69997],[-4.535,50.69961],[-4.53473,50.69985],[-4.53389,50.69932],[-4.53318,50.69966],[-4.53194,50.69891],[-4.5308,50.69889],[-4.5304,50.69856],[-4.5309,50.69789],[-4.5299,50.69738],[-4.52869,50.69787],[-4.52807,50.69727],[-4.52729,50.69749],[-4.52538,50.69711],[-4.52451,50.69755],[-4.52381,50.69702],[-4.52268,50.69768],[-4.52131,50.69755],[-4.52057,50.69801],[-4.52052,50.69747],[-4.51977,50.69712],[-4.51855,50.69797],[-4.5156,50.69832],[-4.51519,50.698],[-4.514,50.69807],[-4.51408,50.69886],[-4.51275,50.69881],[-4.51311,50.69941],[-4.51415,50.69973],[-4.51486,50.70068],[-4.5154,50.7007],[-4.51622,50.7021],[-4.51596,50.70286],[-4.51674,50.70384],[-4.51793,50.70438],[-4.51827,50.70518],[-4.52,50.70594],[-4.52066,50.70703],[-4.52253,50.70796],[-4.5225,50.70931],[-4.52305,50.70979],[-4.52272,50.71107],[-4.52076,50.71239],[-4.51569,50.71287],[-4.50846,50.71205],[-4.50743,50.71354],[-4.50523,50.71358],[-4.50542,50.71116],[-4.50409,50.71083],[-4.50437,50.71049],[-4.50183,50.70806],[-4.50158,50.70648],[-4.50096,50.70575],[-4.50127,50.70474],[-4.50071,50.70251],[-4.50095,50.70171],[-4.50027,50.7007],[-4.50149,50.69984],[-4.50212,50.69998],[-4.50687,50.69807],[-4.50781,50.69742],[-4.50772,50.69657],[-4.5063,50.69622],[-4.50648,50.69565],[-4.50475,50.69459],[-4.50411,50.69347],[-4.50506,50.69309],[-4.50414,50.69265],[-4.50446,50.69209],[-4.50416,50.69166],[-4.50313,50.69117],[-4.50209,50.68992],[-4.50172,50.69011],[-4.50068,50.68978],[-4.50102,50.68937],[-4.49976,50.68876],[-4.49911,50.6889],[-4.49983,50.68788],[-4.49883,50.68779],[-4.49817,50.68816],[-4.49755,50.68791],[-4.49809,50.68755],[-4.49737,50.68714],[-4.49749,50.68662],[-4.49683,50.68566],[-4.49635,50.68618],[-4.49582,50.68562],[-4.4956,50.68332],[-4.49493,50.68337],[-4.49379,50.68198],[-4.49437,50.68148],[-4.49377,50.68128],[-4.49399,50.68049],[-4.49286,50.68],[-4.49126,50.68015],[-4.48966,50.67963],[-4.48878,50.67898],[-4.48757,50.67883],[-4.48723,50.67906],[-4.48462,50.6791],[-4.4844,50.67891],[-4.48507,50.67837],[-4.48315,50.67866],[-4.48223,50.67841],[-4.48278,50.67741],[-4.48218,50.67767],[-4.47997,50.67687],[-4.47927,50.67619],[-4.47894,50.67644],[-4.4781,50.676],[-4.47651,50.67609],[-4.47613,50.67568],[-4.475,50.67555],[-4.47515,50.67617],[-4.47368,50.67601],[-4.47333,50.67511],[-4.4718,50.67479],[-4.47054,50.67383],[-4.4699,50.67399],[-4.46903,50.67342],[-4.46801,50.67333],[-4.46673,50.67229],[-4.46622,50.67253],[-4.46445,50.67215],[-4.46224,50.67126],[-4.46171,50.67128],[-4.46151,50.6717],[-4.46105,50.67145],[-4.45947,50.67168],[-4.45853,50.67149],[-4.45618,50.67209],[-4.45588,50.67173],[-4.45563,50.67238],[-4.45413,50.67301],[-4.44925,50.6735],[-4.44814,50.67317],[-4.44733,50.67291],[-4.44774,50.6725],[-4.44724,50.67138],[-4.44603,50.67145],[-4.44462,50.67019],[-4.44464,50.6699],[-4.44561,50.67],[-4.44546,50.66973],[-4.44422,50.66934],[-4.44354,50.66957],[-4.44328,50.66873],[-4.44233,50.66915],[-4.44253,50.66834],[-4.44187,50.66789],[-4.44102,50.66817],[-4.44076,50.66775],[-4.4378,50.66691],[-4.43749,50.66631],[-4.43551,50.66593],[-4.4354,50.66558],[-4.43445,50.66561],[-4.43409,50.66497],[-4.4331,50.66563],[-4.43148,50.66509],[-4.43119,50.6645],[-4.42985,50.66415],[-4.42872,50.66482],[-4.42814,50.66475],[-4.42617,50.66311],[-4.42561,50.66208],[-4.42532,50.65954],[-4.42838,50.65768],[-4.42938,50.65597],[-4.43098,50.6546],[-4.43115,50.65335],[-4.43362,50.65226],[-4.43449,50.65133],[-4.43691,50.65178],[-4.43949,50.64914],[-4.43932,50.64752],[-4.43815,50.64548],[-4.43844,50.64486],[-4.43724,50.64346],[-4.43556,50.64286],[-4.43442,50.64203],[-4.43695,50.64111],[-4.43856,50.64161],[-4.44012,50.64169],[-4.44718,50.6409],[-4.44911,50.63983],[-4.44969,50.6398],[-4.45009,50.63724],[-4.45425,50.63576],[-4.45589,50.63573],[-4.45729,50.63676],[-4.46011,50.63624],[-4.46196,50.63628],[-4.4622,50.63704],[-4.4603,50.63727],[-4.46035,50.63753],[-4.46222,50.6375],[-4.46221,50.63789],[-4.46382,50.63804],[-4.46582,50.63795],[-4.46649,50.63753],[-4.46645,50.63644],[-4.46764,50.63426],[-4.47186,50.63302],[-4.47184,50.63213],[-4.47918,50.63241],[-4.47902,50.63103],[-4.48029,50.62945],[-4.4803,50.62757],[-4.48111,50.62594],[-4.48089,50.62411],[-4.48193,50.62396],[-4.48218,50.6232],[-4.48386,50.62349],[-4.48576,50.62308],[-4.49096,50.62468],[-4.49084,50.62523],[-4.49187,50.62549],[-4.49326,50.62512],[-4.49523,50.62527],[-4.49709,50.6259],[-4.49953,50.62626],[-4.49941,50.62598],[-4.50137,50.62611],[-4.50268,50.6255],[-4.50301,50.62586],[-4.50447,50.62577],[-4.50582,50.62486],[-4.50639,50.6253],[-4.5068,50.62527],[-4.50687,50.62492],[-4.50764,50.62506],[-4.50768,50.62537],[-4.50818,50.62506],[-4.50827,50.62536],[-4.50896,50.62528],[-4.50998,50.62484],[-4.50975,50.62443],[-4.51118,50.62421],[-4.51656,50.62209],[-4.51804,50.62202],[-4.52016,50.62303],[-4.52108,50.62288],[-4.52225,50.62367],[-4.52292,50.62341],[-4.52348,50.62353],[-4.52364,50.62394],[-4.52623,50.62412],[-4.5282,50.6251],[-4.5289,50.62506],[-4.52963,50.62565],[-4.52822,50.62689],[-4.52828,50.62774],[-4.52734,50.62886],[-4.52687,50.63048],[-4.52604,50.6305],[-4.52548,50.63086],[-4.52597,50.63256],[-4.52586,50.63293],[-4.52537,50.63292],[-4.52639,50.63619],[-4.52499,50.63821],[-4.52307,50.64057],[-4.5172,50.64283],[-4.52164,50.64603],[-4.52137,50.6464],[-4.5274,50.6465],[-4.53341,50.64761],[-4.53559,50.64872],[-4.54037,50.65048],[-4.54089,50.64987],[-4.54169,50.65011],[-4.54618,50.65212],[-4.55034,50.65284],[-4.55678,50.65548],[-4.56093,50.65251],[-4.56117,50.65144],[-4.56191,50.65079],[-4.55977,50.64966],[-4.55942,50.64983],[-4.5581,50.64924],[-4.55787,50.64867],[-4.55711,50.64839],[-4.55716,50.64564],[-4.55674,50.64555],[-4.55583,50.64353],[-4.55614,50.6424],[-4.55658,50.64228],[-4.5565,50.64106],[-4.55686,50.64062],[-4.55664,50.63795],[-4.55853,50.63768],[-4.56154,50.63818],[-4.56366,50.6392],[-4.5648,50.64061],[-4.56729,50.64228],[-4.56777,50.64244],[-4.56952,50.64157],[-4.57091,50.64179],[-4.57219,50.64247],[-4.57304,50.64418],[-4.57495,50.64439],[-4.57239,50.64099],[-4.57212,50.64002],[-4.57247,50.63864],[-4.57863,50.63975],[-4.57935,50.63905],[-4.58216,50.63851],[-4.58296,50.63789],[-4.58027,50.63686],[-4.58086,50.63648],[-4.57983,50.63562],[-4.58001,50.63399],[-4.57794,50.6331],[-4.58159,50.63211],[-4.58723,50.63003],[-4.59227,50.62757],[-4.59375,50.62588],[-4.59624,50.62393],[-4.60038,50.61839],[-4.59998,50.61464],[-4.59952,50.6146],[-4.60289,50.60606],[-4.60344,50.6005],[-4.60463,50.60172],[-4.60913,50.60272],[-4.60756,50.60947],[-4.61513,50.61426],[-4.61601,50.6141],[-4.61637,50.61303],[-4.61783,50.61181],[-4.62164,50.61073],[-4.62739,50.61035],[-4.63048,50.60801],[-4.63169,50.60605],[-4.63292,50.60558],[-4.6335,50.605],[-4.63815,50.60349],[-4.64472,50.60206],[-4.64556,50.60126],[-4.64679,50.60128],[-4.64804,50.60056],[-4.64956,50.60025],[-4.6498,50.59967],[-4.65136,50.59908],[-4.65187,50.59844],[-4.65333,50.59827],[-4.65405,50.5979],[-4.65467,50.59565],[-4.65413,50.59451],[-4.65495,50.59462],[-4.65628,50.59408],[-4.65878,50.5916],[-4.66053,50.59129],[-4.66371,50.59147],[-4.66522,50.59064],[-4.66842,50.58992],[-4.66949,50.5893],[-4.66952,50.58879],[-4.67022,50.58898],[-4.6714,50.58871],[-4.67179,50.58759],[-4.67307,50.58731],[-4.67439,50.58552],[-4.67599,50.58462],[-4.67723,50.58459],[-4.67879,50.58526],[-4.67903,50.58613],[-4.68068,50.58688],[-4.68248,50.58917],[-4.68587,50.59174],[-4.6867,50.59352],[-4.68885,50.59356],[-4.69108,50.59181],[-4.69317,50.59113],[-4.69367,50.59012],[-4.69227,50.59037],[-4.69104,50.59003],[-4.69144,50.58899],[-4.69233,50.58817],[-4.69272,50.58847],[-4.69493,50.58673],[-4.69653,50.58688],[-4.69653,50.58723],[-4.69875,50.58756],[-4.69817,50.58815],[-4.70148,50.58974],[-4.6996,50.59117],[-4.69891,50.59305],[-4.69663,50.59479],[-4.69442,50.5973],[-4.69222,50.60205],[-4.68934,50.60625],[-4.68909,50.60648],[-4.68591,50.60668],[-4.68452,50.60717],[-4.68345,50.6068],[-4.68175,50.60767],[-4.68161,50.60815],[-4.68244,50.6088],[-4.68247,50.60945],[-4.68054,50.61159],[-4.68185,50.61293],[-4.68077,50.61439],[-4.67934,50.61488],[-4.67865,50.61596],[-4.6792,50.61701],[-4.67881,50.6186],[-4.67822,50.61865],[-4.67824,50.61839],[-4.67766,50.61828],[-4.67512,50.61855],[-4.67477,50.61832],[-4.6747,50.61855],[-4.67417,50.61825],[-4.67193,50.61871],[-4.67175,50.61843],[-4.67097,50.61888],[-4.66975,50.61921],[-4.66947,50.61962],[-4.66876,50.61931],[-4.66787,50.6194],[-4.66675,50.61814],[-4.66588,50.61783],[-4.66118,50.61853],[-4.6587,50.62051],[-4.65742,50.62075],[-4.65861,50.62106],[-4.66129,50.62262],[-4.66092,50.62289],[-4.66233,50.62395],[-4.66154,50.62465],[-4.66021,50.62498],[-4.65859,50.62626],[-4.65605,50.62734],[-4.65673,50.62724],[-4.6573,50.62771],[-4.6548,50.63056],[-4.6538,50.63094],[-4.65152,50.63289],[-4.6538,50.63324],[-4.65647,50.63426],[-4.65841,50.63542],[-4.65645,50.63655],[-4.65754,50.63724],[-4.65724,50.63768],[-4.65343,50.64051],[-4.64172,50.64563],[-4.64239,50.64667],[-4.64129,50.64775],[-4.64344,50.64882],[-4.6429,50.6499],[-4.65136,50.65152],[-4.65536,50.65308],[-4.65616,50.65385],[-4.66102,50.65549],[-4.66128,50.65627],[-4.65891,50.65731],[-4.65855,50.66069],[-4.65993,50.66318],[-4.65873,50.66526],[-4.6613,50.66575],[-4.66311,50.6667],[-4.6566,50.67013],[-4.65333,50.67128],[-4.65042,50.66986],[-4.64932,50.66973],[-4.64811,50.66915],[-4.64689,50.66924],[-4.64172,50.66857],[-4.64002,50.66727],[-4.63383,50.66466],[-4.63361,50.66421],[-4.63451,50.66407],[-4.63475,50.66306],[-4.63591,50.66277],[-4.63241,50.66169],[-4.62879,50.66196],[-4.62495,50.66265],[-4.62499,50.66334],[-4.62467,50.6637],[-4.62395,50.66362],[-4.62329,50.66494],[-4.62103,50.66616],[-4.61839,50.66898],[-4.61775,50.67021],[-4.61766,50.67195],[-4.61568,50.67188],[-4.61505,50.67257],[-4.61402,50.67447],[-4.61361,50.67701],[-4.61411,50.68134],[-4.61482,50.6813],[-4.61561,50.68468],[-4.61511,50.68509],[-4.61549,50.6886],[-4.61638,50.69082],[-4.61599,50.69291],[-4.61743,50.69644],[-4.61889,50.69748],[-4.62016,50.70126],[-4.6194,50.70357],[-4.6186,50.70428],[-4.61872,50.70492],[-4.61703,50.70587],[-4.62253,50.70838],[-4.6237,50.70929],[-4.62088,50.70989],[-4.61557,50.71002],[-4.61005,50.71097],[-4.60577,50.71232],[-4.60258,50.7123],[-4.60044,50.71324],[-4.59623,50.71312],[-4.59306,50.71252],[-4.59062,50.71272],[-4.5898,50.7157],[-4.59144,50.71703],[-4.59253,50.71693],[-4.59371,50.72036],[-4.59522,50.72127],[-4.59771,50.72175],[-4.59889,50.72233],[-4.59935,50.72291],[-4.59884,50.72416],[-4.59717,50.7233],[-4.59401,50.72231],[-4.59084,50.72193]]]}},{"type":"Feature","properties":{"id":"E01018969","name":"E01018969","parent":"E06000052","type":"LSOA","pop":2254,"r":0,"ff":0,"ffd":0.0,"ffs":null,"g":0,"co":3,"mo":3,"sa":3,"ic":3},"geometry":{"type":"Polygon","coordinates":[[[-4.58838,50.76615],[-4.58798,50.76548],[-4.58812,50.76407],[-4.58332,50.76243],[-4.58147,50.76226],[-4.58039,50.76056],[-4.58087,50.7604],[-4.58053,50.76031],[-4.58108,50.75977],[-4.58087,50.7589],[-4.58183,50.75806],[-4.5814,50.75799],[-4.58221,50.75692],[-4.58228,50.75592],[-4.58189,50.75579],[-4.58217,50.75542],[-4.58156,50.75506],[-4.58127,50.75405],[-4.5818,50.75172],[-4.5825,50.75141],[-4.58268,50.75015],[-4.58309,50.74994],[-4.58224,50.74848],[-4.58079,50.74753],[-4.57945,50.74603],[-4.57804,50.74557],[-4.5755,50.74547],[-4.569,50.74608],[-4.56692,50.74547],[-4.564,50.7431],[-4.5632,50.74117],[-4.5622,50.7404],[-4.56668,50.73743],[-4.57385,50.73335],[-4.57595,50.73165],[-4.57839,50.73031],[-4.57982,50.72991],[-4.58292,50.72196],[-4.58448,50.71912],[-4.59084,50.72193],[-4.59401,50.72231],[-4.59717,50.7233],[-4.59884,50.72416],[-4.59935,50.72291],[-4.59889,50.72233],[-4.59771,50.72175],[-4.59522,50.72127],[-4.59371,50.72036],[-4.59253,50.71693],[-4.59144,50.71703],[-4.5898,50.7157],[-4.59062,50.71272],[-4.59306,50.71252],[-4.59623,50.71312],[-4.60044,50.71324],[-4.60258,50.7123],[-4.60577,50.71232],[-4.61005,50.71097],[-4.61557,50.71002],[-4.62088,50.70989],[-4.6237,50.70929],[-4.62253,50.70838],[-4.61703,50.70587],[-4.61872,50.70492],[-4.6186,50.70428],[-4.6194,50.70357],[-4.62016,50.70126],[-4.61889,50.69748],[-4.61743,50.69644],[-4.61599,50.69291],[-4.61638,50.69082],[-4.61549,50.6886],[-4.61511,50.68509],[-4.61561,50.68468],[-4.61482,50.6813],[-4.61411,50.68134],[-4.61361,50.67701],[-4.61402,50.67447],[-4.61505,50.67257],[-4.61568,50.67188],[-4.61766,50.67195],[-4.61775,50.67021],[-4.61839,50.66898],[-4.62103,50.66616],[-4.62329,50.66494],[-4.62395,50.66362],[-4.62467,50.6637],[-4.62499,50.66334],[-4.62495,50.66265],[-4.62879,50.66196],[-4.63241,50.66169],[-4.63591,50.66277],[-4.63475,50.66306],[-4.63451,50.66407],[-4.63361,50.66421],[-4.63383,50.66466],[-4.64002,50.66727],[-4.64172,50.66857],[-4.64689,50.66924],[-4.64811,50.66915],[-4.64932,50.66973],[-4.65042,50.66986],[-4.65333,50.67128],[-4.6566,50.67013],[-4.66311,50.6667],[-4.6613,50.66575],[-4.65873,50.66526],[-4.65993,50.66318],[-4.65855,50.66069],[-4.65891,50.65731],[-4.66128,50.65627],[-4.66102,50.65549],[-4.65616,50.65385],[-4.65536,50.65308],[-4.65136,50.65152],[-4.6429,50.6499],[-4.64344,50.64882],[-4.64129,50.64775],[-4.64399,50.6452],[-4.64675,50.64382],[-4.65627,50.64178],[-4.65922,50.64196],[-4.66215,50.6406],[-4.66753,50.64093],[-4.67133,50.64044],[-4.67393,50.64083],[-4.67539,50.6402],[-4.67574,50.63934],[-4.67532,50.63918],[-4.67514,50.63774],[-4.67646,50.63632],[-4.67751,50.63709],[-4.67841,50.63719],[-4.68088,50.63838],[-4.68418,50.63897],[-4.68645,50.63736],[-4.68819,50.63728],[-4.68821,50.63658],[-4.69136,50.63662],[-4.69415,50.63624],[-4.69622,50.63534],[-4.69791,50.63522],[-4.69832,50.63716],[-4.69985,50.63856],[-4.69991,50.63915],[-4.7016,50.63905],[-4.69987,50.64229],[-4.69853,50.64298],[-4.69693,50.64457],[-4.69889,50.64639],[-4.7018,50.65296],[-4.70137,50.65323],[-4.70166,50.6539],[-4.70198,50.65731],[-4.70284,50.65736],[-4.7027,50.65894],[-4.70362,50.66241],[-4.70572,50.66389],[-4.707,50.66578],[-4.70672,50.6661],[-4.70794,50.66631],[-4.70809,50.6674],[-4.70946,50.66978],[-4.71029,50.66962],[-4.71113,50.67086],[-4.71262,50.67026],[-4.71398,50.67079],[-4.71611,50.67242],[-4.71898,50.6736],[-4.72691,50.67846],[-4.72832,50.679],[-4.72835,50.67927],[-4.72698,50.67978],[-4.72777,50.68019],[-4.72695,50.68083],[-4.72743,50.68136],[-4.72797,50.68148],[-4.72612,50.68238],[-4.72595,50.68278],[-4.72643,50.68282],[-4.72607,50.68402],[-4.72461,50.68427],[-4.72338,50.684],[-4.72375,50.68473],[-4.72312,50.68523],[-4.72218,50.68524],[-4.7218,50.68461],[-4.72122,50.68494],[-4.72,50.68459],[-4.72077,50.68404],[-4.71952,50.68416],[-4.71882,50.68362],[-4.718,50.68377],[-4.71759,50.68343],[-4.71685,50.68367],[-4.71639,50.68317],[-4.71619,50.68375],[-4.71485,50.68415],[-4.71513,50.68447],[-4.71335,50.68539],[-4.71214,50.68543],[-4.7119,50.6852],[-4.71072,50.68541],[-4.70942,50.68479],[-4.71054,50.6857],[-4.71003,50.68609],[-4.70915,50.68589],[-4.70826,50.68615],[-4.70707,50.68583],[-4.70615,50.68605],[-4.70547,50.68577],[-4.70506,50.68664],[-4.70253,50.68761],[-4.70352,50.68754],[-4.70404,50.68784],[-4.70367,50.68856],[-4.70611,50.68926],[-4.70536,50.69063],[-4.70249,50.69065],[-4.70173,50.68935],[-4.70157,50.69066],[-4.70038,50.69097],[-4.69923,50.69197],[-4.69834,50.6919],[-4.69822,50.69184],[-4.69857,50.69172],[-4.69829,50.6915],[-4.69525,50.69045],[-4.69899,50.69237],[-4.70024,50.69225],[-4.70127,50.69164],[-4.70148,50.69261],[-4.70002,50.69288],[-4.69847,50.69439],[-4.69652,50.69447],[-4.69522,50.69342],[-4.69449,50.69426],[-4.69439,50.69481],[-4.69413,50.69491],[-4.69285,50.69451],[-4.69082,50.69523],[-4.6903,50.69442],[-4.68944,50.69543],[-4.6866,50.69579],[-4.68526,50.69566],[-4.68436,50.69488],[-4.6826,50.69559],[-4.68025,50.69599],[-4.68017,50.6965],[-4.68057,50.69671],[-4.6801,50.6969],[-4.68462,50.69737],[-4.68434,50.69796],[-4.68511,50.69826],[-4.68499,50.69934],[-4.6854,50.69963],[-4.68383,50.70043],[-4.68436,50.70089],[-4.68359,50.70174],[-4.68217,50.70217],[-4.68122,50.70437],[-4.67961,50.70505],[-4.6795,50.70546],[-4.67733,50.70592],[-4.67637,50.70656],[-4.67303,50.70697],[-4.6719,50.70652],[-4.67199,50.70709],[-4.67132,50.70638],[-4.67143,50.70708],[-4.67089,50.7072],[-4.67046,50.70605],[-4.66998,50.70666],[-4.66812,50.70668],[-4.66749,50.70725],[-4.66772,50.70797],[-4.66714,50.7085],[-4.66553,50.70887],[-4.66604,50.70967],[-4.66664,50.7096],[-4.66719,50.70992],[-4.66745,50.71093],[-4.66613,50.71172],[-4.66067,50.7126],[-4.6609,50.71337],[-4.65988,50.71333],[-4.6588,50.71386],[-4.66003,50.71433],[-4.65997,50.71476],[-4.65606,50.71504],[-4.65519,50.71538],[-4.65458,50.71627],[-4.65523,50.7166],[-4.65468,50.71676],[-4.65491,50.71868],[-4.65431,50.71975],[-4.65456,50.72001],[-4.65344,50.72056],[-4.653,50.72154],[-4.65361,50.72213],[-4.65358,50.72278],[-4.65463,50.72287],[-4.65591,50.72351],[-4.65419,50.72341],[-4.65306,50.72403],[-4.65296,50.72467],[-4.65349,50.72468],[-4.65219,50.72494],[-4.64988,50.72688],[-4.64941,50.72895],[-4.65022,50.73063],[-4.64967,50.73088],[-4.64946,50.73183],[-4.65218,50.73576],[-4.65195,50.73662],[-4.65087,50.73679],[-4.6504,50.73752],[-4.65175,50.73832],[-4.65395,50.73852],[-4.65388,50.73984],[-4.65259,50.73977],[-4.65219,50.73916],[-4.65128,50.73942],[-4.64699,50.73942],[-4.64667,50.73896],[-4.64641,50.73916],[-4.64616,50.73882],[-4.64408,50.73828],[-4.64148,50.73811],[-4.63732,50.73984],[-4.63794,50.74043],[-4.63742,50.74085],[-4.63452,50.74096],[-4.634,50.74143],[-4.63396,50.7424],[-4.63626,50.74353],[-4.63831,50.74405],[-4.63976,50.74567],[-4.63904,50.74592],[-4.63688,50.74566],[-4.63614,50.74585],[-4.63602,50.74637],[-4.63694,50.74676],[-4.63428,50.74644],[-4.63501,50.74728],[-4.63389,50.74725],[-4.63613,50.74825],[-4.63434,50.74807],[-4.63461,50.74909],[-4.63374,50.7491],[-4.63398,50.74935],[-4.63262,50.74979],[-4.633,50.74994],[-4.63109,50.75025],[-4.62877,50.75033],[-4.62442,50.7499],[-4.62139,50.75108],[-4.61989,50.75133],[-4.61785,50.753],[-4.61861,50.75405],[-4.61729,50.75515],[-4.61734,50.75606],[-4.61922,50.75652],[-4.61511,50.75732],[-4.61489,50.75771],[-4.61534,50.75826],[-4.61642,50.75827],[-4.61506,50.75848],[-4.61498,50.75923],[-4.61383,50.76033],[-4.61044,50.7622],[-4.60594,50.76332],[-4.60372,50.76435],[-4.59916,50.76449],[-4.59667,50.76492],[-4.5939,50.7659],[-4.59167,50.76592],[-4.59028,50.76624],[-4.58978,50.76674],[-4.58931,50.7664],[-4.58838,50.76615]]]}},{"type":"Feature","properties":{"id":"E01018970","name":"E01018970","parent":"E06000052","type":"LSOA","pop":1624,"r":0,"ff":0,"ffd":0.0,"ffs":null,"g":0,"co":1,"mo":3,"sa":3,"ic":1},"geometry":{"type":"Polygon","coordinates":[[[-4.83008,50.52416],[-4.82679,50.52142],[-4.82513,50.51964],[-4.8239,50.51897],[-4.8225,50.51928],[-4.822,50.51894],[-4.82259,50.51749],[-4.82482,50.51662],[-4.82399,50.51619],[-4.82442,50.5156],[-4.82557,50.51585],[-4.82638,50.51504],[-4.82989,50.51575],[-4.83044,50.51641],[-4.82965,50.51672],[-4.83073,50.51695],[-4.83025,50.51771],[-4.83098,50.51795],[-4.83151,50.51744],[-4.83263,50.51734],[-4.83334,50.51764],[-4.83332,50.51823],[-4.83377,50.5181],[-4.83445,50.51855],[-4.83332,50.51946],[-4.83494,50.51949],[-4.83554,50.51915],[-4.836,50.51934],[-4.83535,50.52001],[-4.83618,50.52067],[-4.83853,50.52199],[-4.83919,50.5217],[-4.84079,50.52297],[-4.8415,50.52314],[-4.84129,50.52333],[-4.84187,50.52365],[-4.84011,50.52431],[-4.84057,50.52491],[-4.83661,50.52553],[-4.835,50.52632],[-4.8335,50.52804],[-4.83008,50.52416]]]}},{"type":"Feature","properties":{"id":"E01018971","name":"E01018971","parent":"E06000052","type":"LSOA","pop":1882,"r":0,"ff":0,"ffd":0.0,"ffs":null,"g":0,"co":1,"mo":3,"sa":3,"ic":1},"geometry":{"type":"MultiPolygon","coordinates":[[[[-4.84451,50.52315],[-4.84473,50.52297],[-4.84424,50.52302],[-4.84455,50.52278],[-4.844,50.52288],[-4.84083,50.52134],[-4.83984,50.52053],[-4.83901,50.51825],[-4.83937,50.51788],[-4.84078,50.51763],[-4.84136,50.51685],[-4.84104,50.51668],[-4.84139,50.51641],[-4.84041,50.5161],[-4.83921,50.51601],[-4.83911,50.51579],[-4.83792,50.51586],[-4.83722,50.51616],[-4.83807,50.51535],[-4.8379,50.51511],[-4.83675,50.51534],[-4.83668,50.51522],[-4.8391,50.51354],[-4.8409,50.51292],[-4.83911,50.51349],[-4.83665,50.51516],[-4.83658,50.51503],[-4.83863,50.51373],[-4.83766,50.51323],[-4.83728,50.51339],[-4.83737,50.51307],[-4.83804,50.51265],[-4.83847,50.51182],[-4.83786,50.51153],[-4.83811,50.51076],[-4.83573,50.51123],[-4.83571,50.50984],[-4.83513,50.50897],[-4.83238,50.50839],[-4.83261,50.5108],[-4.832,50.5109],[-4.83178,50.51144],[-4.8307,50.51118],[-4.83052,50.50882],[-4.8286,50.50747],[-4.82856,50.50708],[-4.83469,50.50718],[-4.83604,50.50694],[-4.83695,50.50807],[-4.84023,50.50878],[-4.84191,50.50866],[-4.84349,50.50989],[-4.8436,50.51086],[-4.84448,50.5108],[-4.84484,50.51113],[-4.84883,50.51235],[-4.85313,50.51496],[-4.8503,50.51981],[-4.85082,50.52007],[-4.84818,50.5215],[-4.84562,50.52361],[-4.84451,50.52315]]],[[[-4.84549,50.52369],[-4.84555,50.52363],[-4.84559,50.52363],[-4.84551,50.52369],[-4.84549,50.52369]]],[[[-4.84281,50.52378],[-4.84329,50.52362],[-4.84438,50.52424],[-4.84319,50.52458],[-4.84351,50.52413],[-4.84281,50.52378]]],[[[-4.84093,50.52515],[-4.84011,50.52431],[-4.84187,50.52365],[-4.84129,50.52333],[-4.8415,50.52314],[-4.84079,50.52297],[-4.83919,50.5217],[-4.83974,50.52146],[-4.84239,50.52317],[-4.84182,50.52339],[-4.84252,50.5232],[-4.84319,50.52338],[-4.84271,50.52374],[-4.84296,50.5246],[-4.84251,50.52477],[-4.84287,50.5244],[-4.8418,50.525],[-4.84301,50.52478],[-4.84221,50.5251],[-4.84146,50.52492],[-4.84093,50.52515]]]]}},{"type":"Feature","properties":{"id":"E01018972","name":"E01018972","parent":"E06000052","type":"LSOA","pop":1685,"r":0,"ff":0,"ffd":0.0,"ffs":null,"g":0,"co":1,"mo":3,"sa":3,"ic":1},"geometry":{"type":"MultiPolygon","coordinates":[[[[-4.83225,50.51543],[-4.83213,50.51518],[-4.83244,50.51529],[-4.83339,50.51435],[-4.83248,50.51382],[-4.83304,50.51365],[-4.83275,50.51322],[-4.83188,50.51273],[-4.8329,50.5129],[-4.83297,50.51254],[-4.83053,50.51205],[-4.8307,50.51118],[-4.83178,50.51144],[-4.832,50.5109],[-4.83261,50.5108],[-4.83238,50.50839],[-4.83513,50.50897],[-4.83571,50.50984],[-4.83573,50.51123],[-4.83811,50.51076],[-4.83786,50.51153],[-4.83847,50.51182],[-4.83804,50.51265],[-4.83737,50.51307],[-4.83728,50.51339],[-4.83766,50.51323],[-4.83863,50.51373],[-4.83658,50.51503],[-4.83665,50.51516],[-4.83578,50.51534],[-4.83488,50.51684],[-4.83225,50.51543]]],[[[-4.83506,50.51659],[-4.83578,50.51539],[-4.8379,50.51511],[-4.83807,50.51535],[-4.83722,50.51616],[-4.83792,50.51586],[-4.83911,50.51579],[-4.83921,50.51601],[-4.84041,50.5161],[-4.84139,50.51641],[-4.84104,50.51668],[-4.84136,50.51685],[-4.84078,50.51763],[-4.83937,50.51788],[-4.83901,50.51825],[-4.83984,50.52053],[-4.83506,50.51659]]],[[[-4.836,50.51934],[-4.83554,50.51915],[-4.83494,50.51949],[-4.83332,50.51946],[-4.83445,50.51855],[-4.83579,50.5184],[-4.83974,50.52146],[-4.83853,50.52199],[-4.83618,50.52067],[-4.83535,50.52001],[-4.836,50.51934]]]]}},{"type":"Feature","properties":{"id":"E01018973","name":"E01018973","parent":"E06000052","type":"LSOA","pop":1554,"r":0,"ff":0,"ffd":0.0,"ffs":null,"g":0,"co":1,"mo":3,"sa":3,"ic":1},"geometry":{"type":"MultiPolygon","coordinates":[[[[-4.81383,50.50853],[-4.81666,50.50785],[-4.81853,50.50903],[-4.81631,50.5092],[-4.81383,50.50853]]],[[[-4.83053,50.51301],[-4.8293,50.51269],[-4.82727,50.51372],[-4.82545,50.51359],[-4.82321,50.51253],[-4.82276,50.51085],[-4.82117,50.50939],[-4.81922,50.50903],[-4.81693,50.50785],[-4.82328,50.50831],[-4.82572,50.50734],[-4.82856,50.50708],[-4.8286,50.50747],[-4.83052,50.50882],[-4.8307,50.51118],[-4.83053,50.51205],[-4.83297,50.51254],[-4.8329,50.5129],[-4.83188,50.51273],[-4.83275,50.51322],[-4.83304,50.51365],[-4.83248,50.51382],[-4.83339,50.51435],[-4.83244,50.51529],[-4.83213,50.51518],[-4.83149,50.51383],[-4.83053,50.51301]]],[[[-4.82118,50.51703],[-4.82109,50.51676],[-4.82048,50.51714],[-4.81902,50.51551],[-4.81788,50.51497],[-4.81774,50.51426],[-4.81837,50.5139],[-4.81564,50.51127],[-4.81394,50.5103],[-4.81089,50.50924],[-4.81365,50.50857],[-4.81572,50.5092],[-4.82074,50.50943],[-4.82242,50.51108],[-4.82264,50.51246],[-4.8256,50.5139],[-4.82691,50.51406],[-4.82918,50.51307],[-4.83014,50.51311],[-4.83093,50.51386],[-4.83163,50.51571],[-4.83579,50.5184],[-4.83445,50.51855],[-4.83377,50.5181],[-4.83332,50.51823],[-4.83334,50.51764],[-4.83263,50.51734],[-4.83151,50.51744],[-4.83098,50.51795],[-4.83025,50.51771],[-4.83073,50.51695],[-4.82965,50.51672],[-4.83044,50.51641],[-4.82989,50.51575],[-4.82638,50.51504],[-4.82557,50.51585],[-4.82442,50.5156],[-4.82399,50.51619],[-4.82482,50.51662],[-4.82259,50.51749],[-4.822,50.51894],[-4.82129,50.51799],[-4.82118,50.51703]]]]}},{"type":"Feature","properties":{"id":"E01018974","name":"E01018974","parent":"E06000052","type":"LSOA","pop":2756,"r":0,"ff":0,"ffd":0.0,"ffs":null,"g":0,"co":3,"mo":3,"sa":3,"ic":3},"geometry":{"type":"Polygon","coordinates":[[[-4.47802,50.78617],[-4.47291,50.78495],[-4.46703,50.78502],[-4.46298,50.78402],[-4.45885,50.78371],[-4.45546,50.78384],[-4.45288,50.78468],[-4.45117,50.78574],[-4.44988,50.78489],[-4.4499,50.7846],[-4.4486,50.78381],[-4.44847,50.78234],[-4.44734,50.782],[-4.44729,50.78132],[-4.44624,50.78076],[-4.44653,50.77914],[-4.44601,50.77893],[-4.44636,50.77809],[-4.44592,50.77743],[-4.4449,50.77711],[-4.4458,50.77645],[-4.44484,50.77615],[-4.44459,50.77648],[-4.44401,50.77573],[-4.44355,50.77579],[-4.44383,50.77609],[-4.44347,50.77625],[-4.4421,50.77534],[-4.44159,50.77564],[-4.44098,50.77542],[-4.44092,50.77504],[-4.44009,50.77517],[-4.44011,50.77546],[-4.43874,50.77427],[-4.43744,50.7743],[-4.43702,50.77388],[-4.43756,50.77368],[-4.4363,50.77295],[-4.43621,50.77228],[-4.43487,50.77198],[-4.43453,50.77113],[-4.43351,50.77084],[-4.43404,50.7701],[-4.43345,50.76999],[-4.43297,50.77025],[-4.43305,50.76964],[-4.43231,50.76977],[-4.43234,50.76915],[-4.43156,50.76883],[-4.43052,50.76901],[-4.43,50.76937],[-4.42954,50.76883],[-4.42778,50.76896],[-4.42723,50.76835],[-4.42807,50.76746],[-4.42693,50.76732],[-4.42689,50.76698],[-4.42395,50.76506],[-4.42401,50.76465],[-4.42264,50.76458],[-4.42214,50.76427],[-4.41928,50.76509],[-4.41873,50.7649],[-4.41757,50.76515],[-4.41651,50.76487],[-4.41659,50.76426],[-4.41535,50.76438],[-4.41511,50.76409],[-4.41489,50.76454],[-4.41421,50.76458],[-4.4136,50.76441],[-4.41312,50.76369],[-4.41222,50.764],[-4.4115,50.76339],[-4.41088,50.76375],[-4.40999,50.76331],[-4.40955,50.76257],[-4.40884,50.76242],[-4.40903,50.76341],[-4.40978,50.76424],[-4.40931,50.76442],[-4.40984,50.76593],[-4.40927,50.76636],[-4.41006,50.76679],[-4.4093,50.76818],[-4.41016,50.76886],[-4.40972,50.76918],[-4.41008,50.76971],[-4.4115,50.76995],[-4.4122,50.77091],[-4.41316,50.77131],[-4.41275,50.77139],[-4.41343,50.77175],[-4.41307,50.7723],[-4.41393,50.77295],[-4.41442,50.77441],[-4.41297,50.77521],[-4.40325,50.77622],[-4.39351,50.77825],[-4.38904,50.77479],[-4.38779,50.77403],[-4.38678,50.77393],[-4.3852,50.77292],[-4.38402,50.7715],[-4.3818,50.77054],[-4.38106,50.77054],[-4.38021,50.76948],[-4.38081,50.76932],[-4.38132,50.76863],[-4.38418,50.76751],[-4.38491,50.76627],[-4.38491,50.76539],[-4.38739,50.76506],[-4.38662,50.76393],[-4.38788,50.75787],[-4.3876,50.75771],[-4.38544,50.75824],[-4.38453,50.75809],[-4.38209,50.75729],[-4.38163,50.75737],[-4.38115,50.75695],[-4.38145,50.75657],[-4.38082,50.75649],[-4.38178,50.75609],[-4.38175,50.75569],[-4.38109,50.75589],[-4.38083,50.75568],[-4.38144,50.75511],[-4.382,50.75519],[-4.38158,50.75469],[-4.38253,50.75425],[-4.38212,50.75362],[-4.38403,50.75285],[-4.38362,50.75175],[-4.3842,50.74993],[-4.38463,50.7498],[-4.38497,50.75025],[-4.38524,50.75006],[-4.38426,50.74884],[-4.38518,50.74865],[-4.38493,50.74772],[-4.38349,50.74659],[-4.38379,50.74593],[-4.38303,50.74573],[-4.38215,50.74595],[-4.38161,50.74495],[-4.38095,50.74499],[-4.37965,50.74433],[-4.37914,50.74305],[-4.37953,50.74104],[-4.37746,50.73955],[-4.37545,50.73896],[-4.37405,50.73792],[-4.37341,50.7348],[-4.37133,50.73345],[-4.37245,50.73188],[-4.37157,50.73113],[-4.37247,50.73069],[-4.37236,50.72941],[-4.37199,50.72924],[-4.37147,50.72965],[-4.3715,50.72867],[-4.37056,50.72867],[-4.37075,50.72762],[-4.37124,50.72731],[-4.36997,50.72618],[-4.36935,50.72347],[-4.36816,50.72333],[-4.36664,50.72239],[-4.36619,50.72246],[-4.36426,50.72124],[-4.3649,50.7208],[-4.36478,50.72052],[-4.3616,50.71895],[-4.36273,50.71806],[-4.36187,50.71785],[-4.36199,50.71689],[-4.36241,50.7167],[-4.36351,50.71723],[-4.36385,50.71568],[-4.36359,50.71469],[-4.36518,50.71378],[-4.36517,50.71277],[-4.36588,50.71266],[-4.36492,50.71219],[-4.36657,50.71127],[-4.3679,50.70945],[-4.36876,50.70925],[-4.36735,50.70737],[-4.36881,50.70593],[-4.36713,50.70391],[-4.3686,50.70336],[-4.36865,50.70277],[-4.36933,50.70255],[-4.36836,50.7018],[-4.36818,50.70254],[-4.36729,50.70252],[-4.36699,50.70129],[-4.36622,50.70084],[-4.36657,50.69914],[-4.36768,50.69951],[-4.37011,50.6989],[-4.37251,50.69765],[-4.3738,50.6965],[-4.37678,50.69581],[-4.37838,50.69457],[-4.38223,50.6927],[-4.38394,50.69228],[-4.38352,50.69137],[-4.3839,50.69095],[-4.38346,50.69082],[-4.38333,50.69016],[-4.38416,50.69078],[-4.38521,50.69026],[-4.38569,50.69026],[-4.38581,50.69063],[-4.38636,50.69053],[-4.38755,50.68996],[-4.38998,50.69147],[-4.38995,50.69203],[-4.39083,50.69185],[-4.39085,50.69157],[-4.39451,50.69116],[-4.39392,50.69058],[-4.39536,50.69027],[-4.39488,50.68969],[-4.39564,50.68925],[-4.39829,50.69075],[-4.40062,50.69265],[-4.40523,50.69381],[-4.40833,50.69324],[-4.41022,50.69319],[-4.41156,50.69349],[-4.41666,50.69325],[-4.41737,50.69273],[-4.41773,50.69342],[-4.41959,50.69422],[-4.42256,50.69694],[-4.42335,50.69719],[-4.4236,50.69845],[-4.42434,50.69883],[-4.42354,50.69942],[-4.42357,50.69997],[-4.42252,50.70011],[-4.42169,50.70088],[-4.42246,50.7026],[-4.42401,50.7036],[-4.42657,50.70441],[-4.42713,50.70486],[-4.42775,50.70484],[-4.42886,50.70567],[-4.4293,50.70632],[-4.42877,50.70776],[-4.42932,50.70865],[-4.43068,50.70969],[-4.43148,50.70987],[-4.43264,50.71167],[-4.43572,50.715],[-4.43677,50.71553],[-4.43877,50.71579],[-4.44069,50.71671],[-4.44083,50.72087],[-4.4428,50.72277],[-4.44316,50.72398],[-4.44529,50.72382],[-4.44917,50.72447],[-4.45147,50.72425],[-4.45168,50.72321],[-4.45579,50.72326],[-4.45754,50.72279],[-4.46403,50.72333],[-4.46584,50.72318],[-4.47016,50.72211],[-4.4739,50.72004],[-4.47756,50.71964],[-4.47861,50.71927],[-4.47893,50.71972],[-4.47822,50.72042],[-4.47854,50.72124],[-4.4791,50.72095],[-4.48578,50.72137],[-4.48928,50.72082],[-4.49262,50.7194],[-4.49484,50.71908],[-4.49609,50.718],[-4.49725,50.7185],[-4.49908,50.71871],[-4.50523,50.71358],[-4.50743,50.71354],[-4.50846,50.71205],[-4.51569,50.71287],[-4.52076,50.71239],[-4.52272,50.71107],[-4.52305,50.70979],[-4.5225,50.70931],[-4.52253,50.70796],[-4.52066,50.70703],[-4.52,50.70594],[-4.51827,50.70518],[-4.51793,50.70438],[-4.51674,50.70384],[-4.51596,50.70286],[-4.51622,50.7021],[-4.5154,50.7007],[-4.51486,50.70068],[-4.51415,50.69973],[-4.51311,50.69941],[-4.51275,50.69881],[-4.51408,50.69886],[-4.514,50.69807],[-4.51519,50.698],[-4.5156,50.69832],[-4.51855,50.69797],[-4.51977,50.69712],[-4.52052,50.69747],[-4.52057,50.69801],[-4.52131,50.69755],[-4.52268,50.69768],[-4.52381,50.69702],[-4.52451,50.69755],[-4.52538,50.69711],[-4.52729,50.69749],[-4.52807,50.69727],[-4.52869,50.69787],[-4.5299,50.69738],[-4.5309,50.69789],[-4.5304,50.69856],[-4.5308,50.69889],[-4.53194,50.69891],[-4.53318,50.69966],[-4.53389,50.69932],[-4.53473,50.69985],[-4.535,50.69961],[-4.53608,50.69997],[-4.5371,50.69977],[-4.53696,50.7004],[-4.53794,50.7003],[-4.53807,50.70069],[-4.53951,50.70134],[-4.54074,50.70114],[-4.5408,50.70156],[-4.54166,50.70168],[-4.54139,50.7022],[-4.54255,50.70218],[-4.54285,50.7028],[-4.54378,50.70232],[-4.54541,50.70338],[-4.54693,50.70337],[-4.54714,50.70398],[-4.54806,50.70437],[-4.54853,50.70422],[-4.54831,50.70494],[-4.54989,50.70554],[-4.55089,50.70684],[-4.55237,50.70721],[-4.55249,50.70763],[-4.55452,50.7086],[-4.55591,50.70877],[-4.55616,50.70857],[-4.55674,50.70899],[-4.55784,50.70904],[-4.55922,50.70961],[-4.56038,50.70934],[-4.56116,50.71026],[-4.55981,50.71005],[-4.55891,50.71092],[-4.55952,50.71125],[-4.55923,50.71293],[-4.55992,50.71419],[-4.5619,50.71566],[-4.56503,50.71647],[-4.56573,50.71759],[-4.56712,50.71795],[-4.56833,50.71891],[-4.56828,50.71934],[-4.5696,50.72061],[-4.57017,50.72179],[-4.57135,50.72213],[-4.58292,50.72196],[-4.57982,50.72991],[-4.57839,50.73031],[-4.57595,50.73165],[-4.57385,50.73335],[-4.56668,50.73743],[-4.5622,50.7404],[-4.55872,50.74343],[-4.55828,50.74736],[-4.55547,50.74815],[-4.55466,50.7495],[-4.54981,50.74961],[-4.54701,50.75035],[-4.54674,50.75346],[-4.54574,50.75451],[-4.54358,50.75513],[-4.5437,50.75535],[-4.54169,50.7563],[-4.54101,50.75728],[-4.54017,50.7577],[-4.53937,50.75762],[-4.53949,50.75799],[-4.53917,50.75785],[-4.53875,50.75818],[-4.53795,50.75799],[-4.53732,50.75831],[-4.53707,50.75812],[-4.5368,50.75849],[-4.53603,50.75838],[-4.53507,50.75856],[-4.53432,50.75928],[-4.53398,50.75919],[-4.53397,50.75953],[-4.53322,50.75956],[-4.5332,50.75935],[-4.5329,50.7598],[-4.53259,50.75961],[-4.53226,50.76024],[-4.53147,50.76049],[-4.53187,50.7606],[-4.53152,50.76122],[-4.5302,50.76196],[-4.53008,50.76256],[-4.52933,50.76287],[-4.52955,50.76307],[-4.52912,50.76301],[-4.52934,50.7633],[-4.52844,50.76343],[-4.52825,50.76397],[-4.52741,50.76404],[-4.52678,50.76496],[-4.52541,50.7655],[-4.52525,50.76625],[-4.52338,50.76643],[-4.52317,50.7671],[-4.5223,50.76742],[-4.5216,50.76707],[-4.52189,50.76767],[-4.52041,50.76806],[-4.5192,50.76896],[-4.51654,50.76725],[-4.51583,50.76586],[-4.51689,50.76443],[-4.51521,50.763],[-4.51469,50.76169],[-4.51432,50.76173],[-4.51398,50.76242],[-4.51463,50.76323],[-4.51421,50.76373],[-4.51495,50.76513],[-4.51419,50.76553],[-4.51416,50.76606],[-4.51344,50.76669],[-4.51365,50.76693],[-4.51298,50.76704],[-4.51065,50.76899],[-4.51097,50.76967],[-4.51205,50.77015],[-4.51262,50.77082],[-4.51563,50.77032],[-4.51819,50.77062],[-4.51797,50.77117],[-4.51854,50.77175],[-4.51831,50.77236],[-4.51682,50.77253],[-4.51689,50.77341],[-4.51524,50.77418],[-4.51493,50.77549],[-4.51457,50.77529],[-4.51428,50.77556],[-4.51437,50.77614],[-4.51357,50.77669],[-4.51378,50.7776],[-4.51305,50.77798],[-4.51333,50.77845],[-4.51195,50.77917],[-4.51182,50.77965],[-4.51242,50.78012],[-4.51194,50.78034],[-4.51237,50.78041],[-4.5116,50.78057],[-4.51178,50.78092],[-4.51141,50.78111],[-4.51142,50.7814],[-4.51247,50.78172],[-4.51197,50.78236],[-4.51227,50.78339],[-4.51178,50.78362],[-4.51111,50.7833],[-4.51077,50.78343],[-4.5088,50.78307],[-4.50896,50.78273],[-4.50824,50.78236],[-4.50649,50.78208],[-4.50601,50.7815],[-4.50391,50.78098],[-4.49896,50.78393],[-4.49573,50.78466],[-4.49328,50.78455],[-4.48975,50.78566],[-4.48753,50.7857],[-4.48155,50.78647],[-4.47802,50.78617]]]}},{"type":"Feature","properties":{"id":"E01018975","name":"E01018975","parent":"E06000052","type":"LSOA","pop":2155,"r":4,"ff":3,"ffd":139.2,"ffs":0.75,"g":0,"co":3,"mo":3,"sa":3,"ic":1},"geometry":{"type":"Polygon","coordinates":[[[-5.42643,50.12882],[-5.42159,50.12598],[-5.41642,50.12424],[-5.4184,50.11589],[-5.42278,50.1171],[-5.43155,50.11848],[-5.43576,50.12009],[-5.44746,50.12263],[-5.44659,50.12416],[-5.44493,50.12426],[-5.44247,50.12626],[-5.44192,50.12741],[-5.43993,50.12764],[-5.43835,50.12705],[-5.43548,50.1274],[-5.43355,50.12729],[-5.43318,50.12804],[-5.42964,50.12675],[-5.4287,50.12762],[-5.42643,50.12882]]]}},{"type":"Feature","properties":{"id":"E01018976","name":"E01018976","parent":"E06000052","type":"LSOA","pop":2014,"r":8,"ff":6,"ffd":297.9,"ffs":0.75,"g":0,"co":1,"mo":1,"sa":1,"ic":1},"geometry":{"type":"Polygon","coordinates":[[[-5.52243,50.13572],[-5.52038,50.13564],[-5.52049,50.13608],[-5.51893,50.13626],[-5.51805,50.13474],[-5.5188,50.13449],[-5.51888,50.13395],[-5.51857,50.13339],[-5.51801,50.13354],[-5.51823,50.13047],[-5.52031,50.13052],[-5.52156,50.13013],[-5.52179,50.13066],[-5.52374,50.13034],[-5.52371,50.13092],[-5.52728,50.1298],[-5.52657,50.12962],[-5.52646,50.12898],[-5.52841,50.12781],[-5.52946,50.12655],[-5.53993,50.12935],[-5.54503,50.12987],[-5.5462,50.12926],[-5.54605,50.12893],[-5.5455,50.12863],[-5.54661,50.12809],[-5.54914,50.12581],[-5.5497,50.12463],[-5.55074,50.12133],[-5.55329,50.11853],[-5.55531,50.11698],[-5.55712,50.11424],[-5.55755,50.11419],[-5.55946,50.11532],[-5.56157,50.11606],[-5.56958,50.11628],[-5.57045,50.11641],[-5.57245,50.11746],[-5.57295,50.11958],[-5.57188,50.12296],[-5.57018,50.12344],[-5.56849,50.12569],[-5.56771,50.12504],[-5.56679,50.12614],[-5.567,50.12738],[-5.56528,50.12761],[-5.56483,50.12819],[-5.56241,50.12797],[-5.56218,50.12745],[-5.55656,50.12991],[-5.55623,50.12975],[-5.55485,50.13069],[-5.55399,50.13046],[-5.55246,50.13102],[-5.5515,50.13104],[-5.55071,50.13158],[-5.55029,50.1312],[-5.54968,50.13198],[-5.5471,50.13235],[-5.54467,50.1332],[-5.54295,50.13332],[-5.54232,50.13308],[-5.53776,50.13544],[-5.53785,50.13504],[-5.53581,50.13519],[-5.5349,50.13483],[-5.53449,50.13579],[-5.53201,50.13541],[-5.53074,50.1359],[-5.52721,50.13445],[-5.52362,50.1351],[-5.52373,50.13575],[-5.52272,50.13668],[-5.52243,50.13572]],[[-5.55308,50.12822],[-5.55266,50.12776],[-5.55189,50.12782],[-5.55288,50.12741],[-5.55378,50.12795],[-5.5542,50.1277],[-5.55672,50.12799],[-5.55734,50.12734],[-5.55909,50.127],[-5.55806,50.12594],[-5.5572,50.12579],[-5.55682,50.12537],[-5.5571,50.12476],[-5.55657,50.12471],[-5.55665,50.12445],[-5.55776,50.12455],[-5.55904,50.12422],[-5.55758,50.12291],[-5.55609,50.12392],[-5.55384,50.12399],[-5.55281,50.12432],[-5.55278,50.12497],[-5.55339,50.12487],[-5.55466,50.12562],[-5.55582,50.12555],[-5.5552,50.12594],[-5.55545,50.12683],[-5.55503,50.12673],[-5.55481,50.12699],[-5.55308,50.12626],[-5.55146,50.12497],[-5.5495,50.12572],[-5.55101,50.12639],[-5.55074,50.12662],[-5.54967,50.12645],[-5.54896,50.12685],[-5.54891,50.12718],[-5.54983,50.12756],[-5.55016,50.12734],[-5.55054,50.12759],[-5.55006,50.12777],[-5.55043,50.12818],[-5.55041,50.12841],[-5.55117,50.12785],[-5.55183,50.12854],[-5.55308,50.12822]]]}},{"type":"Feature","properties":{"id":"E01018977","name":"E01018977","parent":"E06000052","type":"LSOA","pop":1293,"r":8,"ff":6,"ffd":464.0,"ffs":0.75,"g":0,"co":1,"mo":1,"sa":1,"ic":1},"geometry":{"type":"Polygon","coordinates":[[[-5.55183,50.12854],[-5.55117,50.12785],[-5.55041,50.12841],[-5.55043,50.12818],[-5.55006,50.12777],[-5.55054,50.12759],[-5.55016,50.12734],[-5.54983,50.12756],[-5.54891,50.12718],[-5.54896,50.12685],[-5.54967,50.12645],[-5.55074,50.12662],[-5.55101,50.12639],[-5.5495,50.12572],[-5.55146,50.12497],[-5.55308,50.12626],[-5.55481,50.12699],[-5.55503,50.12673],[-5.55545,50.12683],[-5.5552,50.12594],[-5.55582,50.12555],[-5.55466,50.12562],[-5.55339,50.12487],[-5.55278,50.12497],[-5.55281,50.12432],[-5.55384,50.12399],[-5.55609,50.12392],[-5.55758,50.12291],[-5.55904,50.12422],[-5.55776,50.12455],[-5.55665,50.12445],[-5.55657,50.12471],[-5.5571,50.12476],[-5.55682,50.12537],[-5.5572,50.12579],[-5.55806,50.12594],[-5.55909,50.127],[-5.55734,50.12734],[-5.55672,50.12799],[-5.5542,50.1277],[-5.55378,50.12795],[-5.55288,50.12741],[-5.55189,50.12782],[-5.55266,50.12776],[-5.55308,50.12822],[-5.55183,50.12854]]]}},{"type":"Feature","properties":{"id":"E01018978","name":"E01018978","parent":"E06000052","type":"LSOA","pop":1575,"r":11,"ff":5,"ffd":317.5,"ffs":0.4545,"g":0,"co":1,"mo":3,"sa":3,"ic":1},"geometry":{"type":"Polygon","coordinates":[[[-5.40787,50.20997],[-5.39925,50.20186],[-5.39638,50.20293],[-5.3957,50.20269],[-5.39457,50.20382],[-5.39431,50.20464],[-5.39045,50.20653],[-5.38827,50.20671],[-5.3863,50.20737],[-5.38568,50.20718],[-5.38397,50.20832],[-5.38344,50.20659],[-5.37918,50.20675],[-5.37572,50.20774],[-5.37286,50.2074],[-5.37143,50.20692],[-5.36917,50.20687],[-5.36909,50.20651],[-5.37411,50.20611],[-5.37546,50.20451],[-5.37531,50.20379],[-5.37231,50.20392],[-5.37129,50.20343],[-5.37014,50.20218],[-5.37261,50.20192],[-5.37522,50.20072],[-5.37636,50.20102],[-5.37711,50.2031],[-5.37784,50.20302],[-5.37811,50.20113],[-5.37994,50.20109],[-5.38052,50.20011],[-5.37951,50.19827],[-5.37785,50.19697],[-5.37719,50.19431],[-5.378,50.19344],[-5.38077,50.19194],[-5.38091,50.19159],[-5.37981,50.19077],[-5.37952,50.19009],[-5.37961,50.18927],[-5.38032,50.18881],[-5.3793,50.18678],[-5.38034,50.18486],[-5.38008,50.18421],[-5.38148,50.18423],[-5.38236,50.18346],[-5.38261,50.18252],[-5.37737,50.17609],[-5.38185,50.17245],[-5.38374,50.17044],[-5.3855,50.16968],[-5.38321,50.16624],[-5.38317,50.16479],[-5.39052,50.16663],[-5.3944,50.16699],[-5.39575,50.17064],[-5.39505,50.17136],[-5.39616,50.17214],[-5.40065,50.17281],[-5.40179,50.17269],[-5.40639,50.1741],[-5.40773,50.17389],[-5.40897,50.17408],[-5.41,50.17475],[-5.41351,50.17479],[-5.41595,50.17398],[-5.41822,50.17549],[-5.402,50.18351],[-5.40013,50.18506],[-5.39866,50.18708],[-5.39816,50.19063],[-5.3983,50.19171],[-5.39637,50.19163],[-5.39205,50.19296],[-5.3927,50.19344],[-5.39206,50.19368],[-5.39215,50.19484],[-5.39614,50.19476],[-5.39697,50.19532],[-5.39742,50.19647],[-5.398,50.19672],[-5.39892,50.19662],[-5.39949,50.19692],[-5.40148,50.19617],[-5.40182,50.19646],[-5.40199,50.19739],[-5.40313,50.1975],[-5.4052,50.19948],[-5.40846,50.19866],[-5.41472,50.203],[-5.41687,50.20486],[-5.41269,50.20752],[-5.40879,50.2105],[-5.40787,50.20997]]]}},{"type":"Feature","properties":{"id":"E01018979","name":"E01018979","parent":"E06000052","type":"LSOA","pop":1561,"r":19,"ff":5,"ffd":320.3,"ffs":0.3571,"g":5,"co":0,"mo":2,"sa":3,"ic":1},"geometry":{"type":"Polygon","coordinates":[[[-5.37318,50.20041],[-5.37272,50.19558],[-5.37123,50.19574],[-5.3634,50.19359],[-5.35807,50.19475],[-5.35187,50.19124],[-5.34784,50.1906],[-5.3449,50.1906],[-5.34181,50.19291],[-5.33913,50.19404],[-5.33831,50.19379],[-5.33689,50.19234],[-5.33586,50.19015],[-5.33345,50.19058],[-5.33327,50.18935],[-5.33094,50.18879],[-5.33079,50.18695],[-5.32528,50.18642],[-5.32603,50.18497],[-5.32513,50.18234],[-5.32464,50.1816],[-5.32303,50.1811],[-5.32278,50.18013],[-5.32178,50.17902],[-5.32199,50.17844],[-5.32144,50.17788],[-5.32287,50.17728],[-5.32411,50.17772],[-5.32786,50.17795],[-5.32995,50.17865],[-5.33104,50.17866],[-5.33106,50.17739],[-5.32801,50.17049],[-5.33311,50.16952],[-5.33734,50.16749],[-5.35278,50.16319],[-5.36005,50.16356],[-5.36218,50.16403],[-5.36236,50.1633],[-5.37215,50.16278],[-5.37561,50.16319],[-5.38168,50.15861],[-5.38228,50.15968],[-5.38406,50.16051],[-5.38308,50.16226],[-5.38321,50.16624],[-5.3855,50.16968],[-5.38374,50.17044],[-5.38185,50.17245],[-5.37737,50.17609],[-5.38261,50.18252],[-5.38236,50.18346],[-5.38148,50.18423],[-5.38008,50.18421],[-5.38034,50.18486],[-5.3793,50.18678],[-5.38032,50.18881],[-5.37961,50.18927],[-5.37952,50.19009],[-5.37981,50.19077],[-5.38091,50.19159],[-5.38077,50.19194],[-5.378,50.19344],[-5.37719,50.19431],[-5.37785,50.19697],[-5.37951,50.19827],[-5.37318,50.20041]]]}},{"type":"Feature","properties":{"id":"E01018980","name":"E01018980","parent":"E06000052","type":"LSOA","pop":1788,"r":11,"ff":5,"ffd":279.6,"ffs":0.4545,"g":0,"co":1,"mo":3,"sa":3,"ic":1},"geometry":{"type":"Polygon","coordinates":[[[-5.37707,50.24232],[-5.37636,50.24038],[-5.37481,50.23957],[-5.37505,50.23905],[-5.37372,50.2386],[-5.374,50.23751],[-5.37362,50.23724],[-5.37289,50.2375],[-5.3732,50.23707],[-5.37401,50.23661],[-5.37664,50.23592],[-5.3794,50.23467],[-5.38125,50.23414],[-5.38217,50.23444],[-5.38342,50.232],[-5.38593,50.22994],[-5.38516,50.22876],[-5.38344,50.22854],[-5.38073,50.22913],[-5.37762,50.22898],[-5.37516,50.22826],[-5.37227,50.22642],[-5.36722,50.22465],[-5.36367,50.22487],[-5.36069,50.22444],[-5.35725,50.22133],[-5.3556,50.21746],[-5.35469,50.2166],[-5.35338,50.21718],[-5.35221,50.21633],[-5.3516,50.21522],[-5.35167,50.21441],[-5.34783,50.21088],[-5.34668,50.21048],[-5.34149,50.20887],[-5.34123,50.20908],[-5.33846,50.20813],[-5.33682,50.2079],[-5.3335,50.2086],[-5.33127,50.20979],[-5.32609,50.20988],[-5.32421,50.20862],[-5.32377,50.20751],[-5.32213,50.20677],[-5.32221,50.20417],[-5.32072,50.20184],[-5.32064,50.2005],[-5.31914,50.19807],[-5.31932,50.19763],[-5.31853,50.19704],[-5.31812,50.1963],[-5.31719,50.19588],[-5.3167,50.19432],[-5.31708,50.19366],[-5.31795,50.19332],[-5.31936,50.19188],[-5.32323,50.19022],[-5.32462,50.18865],[-5.32528,50.18642],[-5.33079,50.18695],[-5.33094,50.18879],[-5.33327,50.18935],[-5.33345,50.19058],[-5.33586,50.19015],[-5.33689,50.19234],[-5.33831,50.19379],[-5.33913,50.19404],[-5.34181,50.19291],[-5.3449,50.1906],[-5.34784,50.1906],[-5.35187,50.19124],[-5.35807,50.19475],[-5.3634,50.19359],[-5.37123,50.19574],[-5.37272,50.19558],[-5.37318,50.20041],[-5.37951,50.19827],[-5.38052,50.20011],[-5.37994,50.20109],[-5.37811,50.20113],[-5.37784,50.20302],[-5.37711,50.2031],[-5.37636,50.20102],[-5.37522,50.20072],[-5.37261,50.20192],[-5.37014,50.20218],[-5.37129,50.20343],[-5.37231,50.20392],[-5.37531,50.20379],[-5.37546,50.20451],[-5.37411,50.20611],[-5.36909,50.20651],[-5.36917,50.20687],[-5.37143,50.20692],[-5.37286,50.2074],[-5.37572,50.20774],[-5.37918,50.20675],[-5.38344,50.20659],[-5.38397,50.20832],[-5.38568,50.20718],[-5.3863,50.20737],[-5.38827,50.20671],[-5.39045,50.20653],[-5.39431,50.20464],[-5.39457,50.20382],[-5.3957,50.20269],[-5.39638,50.20293],[-5.39925,50.20186],[-5.40787,50.20997],[-5.40879,50.2105],[-5.40198,50.21581],[-5.40046,50.2174],[-5.39803,50.22057],[-5.39822,50.22081],[-5.39703,50.22161],[-5.39702,50.22224],[-5.39663,50.22217],[-5.39652,50.22304],[-5.39611,50.22308],[-5.39596,50.22359],[-5.39608,50.22452],[-5.3945,50.22482],[-5.39363,50.22557],[-5.39095,50.22983],[-5.39105,50.23058],[-5.39154,50.23051],[-5.39211,50.23094],[-5.39165,50.23127],[-5.39142,50.23324],[-5.39225,50.23414],[-5.39278,50.23407],[-5.39244,50.23515],[-5.39339,50.23562],[-5.39291,50.23606],[-5.39461,50.23708],[-5.39519,50.23648],[-5.39565,50.23652],[-5.39554,50.23709],[-5.39474,50.23734],[-5.39463,50.23774],[-5.39519,50.23832],[-5.39466,50.23853],[-5.39496,50.23863],[-5.39466,50.23901],[-5.39498,50.2393],[-5.39544,50.2392],[-5.3952,50.23943],[-5.39583,50.23923],[-5.39535,50.2396],[-5.39579,50.23949],[-5.39583,50.23981],[-5.3954,50.24041],[-5.39491,50.24044],[-5.39411,50.24105],[-5.39347,50.24052],[-5.39341,50.24095],[-5.39266,50.24069],[-5.39198,50.24119],[-5.39148,50.241],[-5.39196,50.24047],[-5.39074,50.24051],[-5.39018,50.24028],[-5.3904,50.23987],[-5.38945,50.23973],[-5.38929,50.24003],[-5.38849,50.2401],[-5.38783,50.2412],[-5.38807,50.24035],[-5.38748,50.24076],[-5.38717,50.24047],[-5.38689,50.24089],[-5.3858,50.23994],[-5.3852,50.24004],[-5.38462,50.23973],[-5.3844,50.24095],[-5.38287,50.24107],[-5.38343,50.24149],[-5.38254,50.24171],[-5.3823,50.24208],[-5.3813,50.24207],[-5.38147,50.24279],[-5.38029,50.24364],[-5.3781,50.24407],[-5.3781,50.24326],[-5.3773,50.24313],[-5.37682,50.24269],[-5.37707,50.24232]]]}},{"type":"Feature","properties":{"id":"E01018981","name":"E01018981","parent":"E06000052","type":"LSOA","pop":2020,"r":9,"ff":4,"ffd":198.0,"ffs":0.4444,"g":0,"co":1,"mo":3,"sa":3,"ic":1},"geometry":{"type":"Polygon","coordinates":[[[-5.41199,50.20114],[-5.40846,50.19866],[-5.4052,50.19948],[-5.40313,50.1975],[-5.40199,50.19739],[-5.40182,50.19646],[-5.40148,50.19617],[-5.39949,50.19692],[-5.39892,50.19662],[-5.398,50.19672],[-5.39742,50.19647],[-5.39697,50.19532],[-5.39614,50.19476],[-5.39215,50.19484],[-5.39206,50.19368],[-5.3927,50.19344],[-5.39205,50.19296],[-5.39637,50.19163],[-5.3983,50.19171],[-5.39816,50.19063],[-5.40159,50.19067],[-5.40463,50.19038],[-5.40707,50.18948],[-5.40731,50.18981],[-5.40831,50.18977],[-5.40695,50.1906],[-5.4072,50.19092],[-5.40597,50.19231],[-5.40829,50.1909],[-5.40863,50.19111],[-5.40883,50.19166],[-5.40705,50.19283],[-5.40897,50.19188],[-5.40931,50.19239],[-5.4106,50.19302],[-5.41038,50.19329],[-5.4107,50.19307],[-5.4124,50.1939],[-5.41253,50.19476],[-5.41106,50.19537],[-5.4101,50.19502],[-5.4093,50.19543],[-5.40833,50.19548],[-5.40734,50.19491],[-5.40735,50.19538],[-5.40791,50.19564],[-5.40832,50.19548],[-5.40952,50.19626],[-5.4103,50.19609],[-5.41103,50.19712],[-5.41314,50.19876],[-5.41386,50.19992],[-5.41199,50.20114]]]}},{"type":"Feature","properties":{"id":"E01018982","name":"E01018982","parent":"E06000052","type":"LSOA","pop":2083,"r":9,"ff":4,"ffd":192.0,"ffs":0.4444,"g":0,"co":1,"mo":3,"sa":3,"ic":1},"geometry":{"type":"MultiPolygon","coordinates":[[[[-5.40597,50.19231],[-5.4072,50.19092],[-5.40695,50.1906],[-5.40831,50.18977],[-5.40731,50.18981],[-5.40707,50.18948],[-5.4091,50.18857],[-5.41039,50.18821],[-5.41475,50.1878],[-5.41644,50.18745],[-5.41893,50.18629],[-5.42041,50.18524],[-5.42085,50.18633],[-5.42267,50.18827],[-5.41973,50.18847],[-5.41541,50.19055],[-5.40904,50.19153],[-5.40883,50.19166],[-5.40863,50.19111],[-5.40829,50.1909],[-5.40597,50.19231]]],[[[-5.4106,50.19302],[-5.40931,50.19239],[-5.40897,50.19188],[-5.40973,50.1915],[-5.41234,50.19138],[-5.41016,50.1917],[-5.41009,50.19229],[-5.41089,50.19207],[-5.41114,50.19256],[-5.41084,50.19281],[-5.41017,50.19253],[-5.4106,50.19302]]],[[[-5.41103,50.19712],[-5.4103,50.19609],[-5.40952,50.19626],[-5.40832,50.19548],[-5.40791,50.19564],[-5.40735,50.19538],[-5.40734,50.19491],[-5.40833,50.19548],[-5.4093,50.19543],[-5.4101,50.19502],[-5.41106,50.19537],[-5.41253,50.19476],[-5.4124,50.1939],[-5.4107,50.19307],[-5.41214,50.19353],[-5.41344,50.19328],[-5.41954,50.19077],[-5.42253,50.18885],[-5.4223,50.18843],[-5.42325,50.18874],[-5.42342,50.18922],[-5.42577,50.18946],[-5.43017,50.19054],[-5.43174,50.19155],[-5.43218,50.1909],[-5.43353,50.19114],[-5.43442,50.19187],[-5.43366,50.19379],[-5.43306,50.19456],[-5.43066,50.1959],[-5.43009,50.19757],[-5.42866,50.19844],[-5.42786,50.19946],[-5.42397,50.20099],[-5.41687,50.20486],[-5.41472,50.203],[-5.41199,50.20114],[-5.41386,50.19992],[-5.41314,50.19876],[-5.41103,50.19712]]]]}},{"type":"Feature","properties":{"id":"E01018983","name":"E01018983","parent":"E06000052","type":"LSOA","pop":1532,"r":10,"ff":5,"ffd":326.4,"ffs":0.5,"g":0,"co":1,"mo":3,"sa":3,"ic":1},"geometry":{"type":"MultiPolygon","coordinates":[[[[-5.43368,50.17701],[-5.43678,50.17596],[-5.43703,50.17621],[-5.43377,50.17711],[-5.43144,50.17858],[-5.43368,50.17701]]],[[[-5.42728,50.18818],[-5.42516,50.18675],[-5.42446,50.18577],[-5.42487,50.18566],[-5.42528,50.18659],[-5.42595,50.18651],[-5.42708,50.18691],[-5.4285,50.18642],[-5.43247,50.18418],[-5.43301,50.1833],[-5.43025,50.18238],[-5.42974,50.18305],[-5.42632,50.18433],[-5.42521,50.1854],[-5.42478,50.18537],[-5.42429,50.18583],[-5.42394,50.18558],[-5.42506,50.18755],[-5.42479,50.18799],[-5.42162,50.18456],[-5.42131,50.18474],[-5.42219,50.1863],[-5.42489,50.18882],[-5.42261,50.18825],[-5.42085,50.18633],[-5.42041,50.18524],[-5.41914,50.18615],[-5.41822,50.18611],[-5.41807,50.18587],[-5.41892,50.18497],[-5.41946,50.18497],[-5.41984,50.1842],[-5.42067,50.18489],[-5.42201,50.1843],[-5.42139,50.18416],[-5.42142,50.18371],[-5.42284,50.18378],[-5.42197,50.18133],[-5.42021,50.17991],[-5.41926,50.17836],[-5.41794,50.17717],[-5.41622,50.17716],[-5.41534,50.17683],[-5.41822,50.17549],[-5.4192,50.17625],[-5.42138,50.17489],[-5.4226,50.17469],[-5.42451,50.17497],[-5.43024,50.17497],[-5.43121,50.17637],[-5.43117,50.17877],[-5.43048,50.18055],[-5.43066,50.18219],[-5.43311,50.18315],[-5.43318,50.18338],[-5.43249,50.1843],[-5.42909,50.18618],[-5.42905,50.18851],[-5.43056,50.18939],[-5.43308,50.18999],[-5.43399,50.19077],[-5.42728,50.18818]]]]}},{"type":"Feature","properties":{"id":"E01018985","name":"E01018985","parent":"E06000052","type":"LSOA","pop":2409,"r":11,"ff":6,"ffd":249.1,"ffs":0.5455,"g":0,"co":1,"mo":3,"sa":3,"ic":1},"geometry":{"type":"MultiPolygon","coordinates":[[[[-5.43709,50.17605],[-5.43773,50.17592],[-5.44048,50.1762],[-5.43969,50.17679],[-5.43709,50.17605]]],[[[-5.48092,50.19309],[-5.48246,50.19208],[-5.48051,50.19071],[-5.47917,50.19179],[-5.4776,50.19217],[-5.47643,50.19187],[-5.47585,50.19282],[-5.47447,50.19285],[-5.47322,50.19342],[-5.47263,50.19324],[-5.47248,50.19391],[-5.47127,50.1935],[-5.47135,50.1941],[-5.46988,50.19425],[-5.46963,50.19466],[-5.46911,50.19444],[-5.46827,50.19461],[-5.46336,50.1932],[-5.46295,50.19483],[-5.46371,50.1951],[-5.4635,50.19551],[-5.46216,50.1955],[-5.46221,50.19357],[-5.46162,50.19302],[-5.46186,50.19268],[-5.46226,50.19286],[-5.46283,50.19256],[-5.4637,50.19286],[-5.46531,50.19159],[-5.4643,50.19052],[-5.46304,50.19039],[-5.46231,50.18918],[-5.45899,50.18974],[-5.45829,50.19113],[-5.45708,50.19069],[-5.4559,50.19117],[-5.45278,50.19055],[-5.45015,50.19276],[-5.44911,50.19465],[-5.44855,50.19522],[-5.44313,50.19512],[-5.4397,50.19463],[-5.43813,50.19376],[-5.43681,50.19352],[-5.43488,50.1906],[-5.4334,50.18912],[-5.43287,50.18914],[-5.43142,50.18783],[-5.43079,50.18672],[-5.43383,50.18614],[-5.43575,50.1853],[-5.43705,50.1815],[-5.43815,50.1804],[-5.441,50.17855],[-5.44062,50.17682],[-5.44026,50.17689],[-5.44059,50.17672],[-5.43973,50.17695],[-5.44027,50.17666],[-5.44038,50.1763],[-5.44339,50.1765],[-5.44559,50.17765],[-5.44735,50.17595],[-5.44901,50.17594],[-5.46023,50.17326],[-5.46308,50.17325],[-5.46521,50.17594],[-5.4684,50.17874],[-5.46987,50.1791],[-5.4704,50.17952],[-5.4733,50.17958],[-5.47645,50.1819],[-5.47907,50.18241],[-5.48074,50.18371],[-5.48747,50.18542],[-5.4899,50.18692],[-5.48915,50.1874],[-5.48809,50.18742],[-5.48712,50.18833],[-5.48829,50.18952],[-5.48737,50.19078],[-5.48818,50.19093],[-5.48957,50.19286],[-5.48906,50.19315],[-5.48881,50.19284],[-5.48838,50.19293],[-5.48814,50.19365],[-5.48451,50.19484],[-5.48181,50.19691],[-5.48105,50.19614],[-5.47987,50.19339],[-5.48092,50.19309]]]]}},{"type":"Feature","properties":{"id":"E01018986","name":"E01018986","parent":"E06000052","type":"LSOA","pop":1463,"r":11,"ff":6,"ffd":410.1,"ffs":0.5455,"g":0,"co":1,"mo":3,"sa":3,"ic":1},"geometry":{"type":"Polygon","coordinates":[[[-5.46088,50.19784],[-5.46035,50.19773],[-5.45585,50.19818],[-5.45495,50.19735],[-5.45509,50.19631],[-5.45347,50.19531],[-5.44855,50.19522],[-5.44911,50.19465],[-5.45015,50.19276],[-5.45278,50.19055],[-5.4559,50.19117],[-5.45708,50.19069],[-5.45829,50.19113],[-5.45899,50.18974],[-5.46231,50.18918],[-5.46304,50.19039],[-5.4643,50.19052],[-5.46531,50.19159],[-5.4637,50.19286],[-5.46283,50.19256],[-5.46226,50.19286],[-5.46186,50.19268],[-5.46162,50.19302],[-5.46221,50.19357],[-5.46216,50.1955],[-5.4635,50.19551],[-5.46371,50.1951],[-5.46295,50.19483],[-5.46336,50.1932],[-5.46827,50.19461],[-5.46911,50.19444],[-5.46963,50.19466],[-5.46988,50.19425],[-5.47135,50.1941],[-5.47127,50.1935],[-5.47248,50.19391],[-5.47263,50.19324],[-5.47322,50.19342],[-5.47447,50.19285],[-5.47585,50.19282],[-5.47643,50.19187],[-5.4776,50.19217],[-5.47917,50.19179],[-5.48051,50.19071],[-5.48246,50.19208],[-5.48092,50.19309],[-5.47987,50.19339],[-5.48105,50.19614],[-5.48181,50.19691],[-5.48031,50.19751],[-5.47923,50.19705],[-5.47794,50.19806],[-5.47624,50.19609],[-5.47509,50.19542],[-5.47161,50.19681],[-5.46984,50.1957],[-5.46934,50.19491],[-5.46712,50.19637],[-5.46611,50.19746],[-5.47004,50.2002],[-5.46924,50.20024],[-5.46916,50.19987],[-5.46538,50.19876],[-5.46088,50.19784]]]}},{"type":"Feature","properties":{"id":"E01018987","name":"E01018987","parent":"E06000052","type":"LSOA","pop":2015,"r":6,"ff":5,"ffd":248.1,"ffs":0.8333,"g":0,"co":1,"mo":3,"sa":1,"ic":1},"geometry":{"type":"Polygon","coordinates":[[[-5.5373,50.21571],[-5.53695,50.21524],[-5.53547,50.2155],[-5.53494,50.21513],[-5.53416,50.21514],[-5.53324,50.2141],[-5.53134,50.21365],[-5.53076,50.21379],[-5.53039,50.21345],[-5.52968,50.21406],[-5.52867,50.21386],[-5.52853,50.2142],[-5.52721,50.21391],[-5.526,50.21203],[-5.52429,50.20611],[-5.52167,50.19935],[-5.52232,50.19834],[-5.52138,50.19801],[-5.51964,50.19655],[-5.51812,50.19619],[-5.51849,50.1955],[-5.51735,50.19483],[-5.51647,50.19368],[-5.51561,50.19421],[-5.51519,50.19405],[-5.51533,50.19271],[-5.51578,50.19223],[-5.51516,50.1921],[-5.51522,50.19177],[-5.51365,50.19088],[-5.51009,50.1901],[-5.50914,50.18827],[-5.50277,50.18836],[-5.49853,50.18965],[-5.49401,50.18953],[-5.4921,50.18874],[-5.49082,50.18736],[-5.48747,50.18542],[-5.48074,50.18371],[-5.47907,50.18241],[-5.47645,50.1819],[-5.4733,50.17958],[-5.4704,50.17952],[-5.46987,50.1791],[-5.4684,50.17874],[-5.46521,50.17594],[-5.46308,50.17325],[-5.46023,50.17326],[-5.44901,50.17594],[-5.44735,50.17595],[-5.44559,50.17765],[-5.44339,50.1765],[-5.43773,50.17592],[-5.44009,50.17502],[-5.44768,50.16875],[-5.45053,50.16724],[-5.4532,50.1665],[-5.45495,50.16528],[-5.45786,50.16389],[-5.45715,50.16337],[-5.45546,50.16325],[-5.45303,50.16077],[-5.45385,50.16004],[-5.45371,50.15968],[-5.45036,50.15925],[-5.45081,50.15861],[-5.44838,50.15731],[-5.44664,50.15593],[-5.44685,50.15493],[-5.44765,50.15473],[-5.44825,50.15344],[-5.45046,50.15078],[-5.44361,50.14655],[-5.44529,50.14461],[-5.44707,50.14384],[-5.44916,50.14499],[-5.45154,50.1469],[-5.45337,50.14748],[-5.4548,50.146],[-5.45645,50.14514],[-5.45385,50.14196],[-5.45898,50.13943],[-5.46101,50.13893],[-5.46423,50.1374],[-5.46739,50.13751],[-5.46474,50.13888],[-5.46635,50.13946],[-5.46622,50.13985],[-5.46695,50.14025],[-5.46875,50.14062],[-5.47216,50.14261],[-5.47522,50.14363],[-5.47445,50.14441],[-5.46906,50.14607],[-5.46822,50.14867],[-5.46895,50.15046],[-5.46868,50.15093],[-5.47048,50.15088],[-5.47375,50.14912],[-5.4749,50.14953],[-5.47475,50.14901],[-5.47621,50.14817],[-5.47589,50.14794],[-5.4767,50.14742],[-5.47892,50.14782],[-5.47879,50.14739],[-5.47951,50.14701],[-5.47961,50.14659],[-5.48022,50.14719],[-5.48165,50.14733],[-5.48273,50.14652],[-5.48372,50.14667],[-5.483,50.1475],[-5.48373,50.14828],[-5.48459,50.14758],[-5.4869,50.14905],[-5.48882,50.14744],[-5.4891,50.14767],[-5.48999,50.14744],[-5.48994,50.14797],[-5.49035,50.14806],[-5.49057,50.1471],[-5.49168,50.14777],[-5.49361,50.14781],[-5.49369,50.14737],[-5.49275,50.14658],[-5.49275,50.14574],[-5.49339,50.14505],[-5.49432,50.14496],[-5.49458,50.14447],[-5.49626,50.14491],[-5.49623,50.14545],[-5.49664,50.14507],[-5.49907,50.14609],[-5.50109,50.14784],[-5.50644,50.14687],[-5.50917,50.14689],[-5.51234,50.14976],[-5.51768,50.1494],[-5.51753,50.15107],[-5.5164,50.15195],[-5.52393,50.16015],[-5.52868,50.16328],[-5.53257,50.16643],[-5.53454,50.16657],[-5.54442,50.16992],[-5.55327,50.17171],[-5.54723,50.17576],[-5.54572,50.17566],[-5.54161,50.17693],[-5.54252,50.17851],[-5.5425,50.18213],[-5.5434,50.1863],[-5.54282,50.18813],[-5.53959,50.19195],[-5.53719,50.19344],[-5.53569,50.19404],[-5.53553,50.19387],[-5.53407,50.19476],[-5.52957,50.19543],[-5.52637,50.19634],[-5.52736,50.19755],[-5.53048,50.19941],[-5.53093,50.20068],[-5.53217,50.2021],[-5.5324,50.20339],[-5.53307,50.20351],[-5.53444,50.20453],[-5.53709,50.20504],[-5.53705,50.20576],[-5.53786,50.20601],[-5.54331,50.21073],[-5.54316,50.21163],[-5.54269,50.21179],[-5.54285,50.21214],[-5.54229,50.21202],[-5.54167,50.21281],[-5.54182,50.214],[-5.54132,50.21414],[-5.54066,50.21357],[-5.54075,50.21424],[-5.54031,50.21473],[-5.53973,50.21459],[-5.53878,50.21624],[-5.5373,50.21571]]]}},{"type":"Feature","properties":{"id":"E01018988","name":"E01018988","parent":"E06000052","type":"LSOA","pop":1813,"r":7,"ff":5,"ffd":275.8,"ffs":0.7143,"g":0,"co":1,"mo":3,"sa":1,"ic":1},"geometry":{"type":"Polygon","coordinates":[[[-5.50917,50.14689],[-5.50644,50.14687],[-5.50109,50.14784],[-5.49907,50.14609],[-5.49664,50.14507],[-5.49623,50.14545],[-5.49626,50.14491],[-5.49458,50.14447],[-5.49432,50.14496],[-5.49339,50.14505],[-5.49275,50.14574],[-5.49275,50.14658],[-5.49369,50.14737],[-5.49361,50.14781],[-5.49168,50.14777],[-5.49057,50.1471],[-5.49035,50.14806],[-5.48994,50.14797],[-5.48999,50.14744],[-5.4891,50.14767],[-5.48882,50.14744],[-5.4869,50.14905],[-5.48459,50.14758],[-5.48373,50.14828],[-5.483,50.1475],[-5.48372,50.14667],[-5.48273,50.14652],[-5.48165,50.14733],[-5.48022,50.14719],[-5.47961,50.14659],[-5.47951,50.14701],[-5.47879,50.14739],[-5.47892,50.14782],[-5.4767,50.14742],[-5.47589,50.14794],[-5.47621,50.14817],[-5.47475,50.14901],[-5.4749,50.14953],[-5.47375,50.14912],[-5.47048,50.15088],[-5.46868,50.15093],[-5.46895,50.15046],[-5.46822,50.14867],[-5.46906,50.14607],[-5.47445,50.14441],[-5.47522,50.14363],[-5.47216,50.14261],[-5.46875,50.14062],[-5.46695,50.14025],[-5.46622,50.13985],[-5.46635,50.13946],[-5.46474,50.13888],[-5.46739,50.13751],[-5.46958,50.13795],[-5.47095,50.13718],[-5.47604,50.13549],[-5.48037,50.13303],[-5.48115,50.13232],[-5.48232,50.12932],[-5.48185,50.12935],[-5.48045,50.12838],[-5.47989,50.12593],[-5.4807,50.12664],[-5.4839,50.12755],[-5.49593,50.12871],[-5.51767,50.1266],[-5.51823,50.13047],[-5.51801,50.13354],[-5.51857,50.13339],[-5.51888,50.13395],[-5.5188,50.13449],[-5.51805,50.13474],[-5.51893,50.13626],[-5.51666,50.13665],[-5.51691,50.13702],[-5.51412,50.13817],[-5.51455,50.13861],[-5.51286,50.1392],[-5.51343,50.14011],[-5.51251,50.14056],[-5.51217,50.14035],[-5.51192,50.14053],[-5.51328,50.14185],[-5.51464,50.14231],[-5.51483,50.14215],[-5.51578,50.14274],[-5.51645,50.14515],[-5.51792,50.14572],[-5.51915,50.14763],[-5.51766,50.14894],[-5.51768,50.1494],[-5.51234,50.14976],[-5.50917,50.14689]]]}},{"type":"Feature","properties":{"id":"E01018989","name":"E01018989","parent":"E06000052","type":"LSOA","pop":1905,"r":6,"ff":4,"ffd":210.0,"ffs":0.6667,"g":0,"co":1,"mo":3,"sa":1,"ic":1},"geometry":{"type":"Polygon","coordinates":[[[-5.54445,50.21245],[-5.54316,50.21163],[-5.54331,50.21073],[-5.53786,50.20601],[-5.53705,50.20576],[-5.53709,50.20504],[-5.53444,50.20453],[-5.53307,50.20351],[-5.5324,50.20339],[-5.53217,50.2021],[-5.53093,50.20068],[-5.53048,50.19941],[-5.52736,50.19755],[-5.52637,50.19634],[-5.52957,50.19543],[-5.53407,50.19476],[-5.53553,50.19387],[-5.53569,50.19404],[-5.53719,50.19344],[-5.53959,50.19195],[-5.54282,50.18813],[-5.5434,50.1863],[-5.5425,50.18213],[-5.54252,50.17851],[-5.54161,50.17693],[-5.54572,50.17566],[-5.54723,50.17576],[-5.55327,50.17171],[-5.54442,50.16992],[-5.53454,50.16657],[-5.53257,50.16643],[-5.52868,50.16328],[-5.52393,50.16015],[-5.5164,50.15195],[-5.51753,50.15107],[-5.51766,50.14894],[-5.51915,50.14763],[-5.51792,50.14572],[-5.51645,50.14515],[-5.51578,50.14274],[-5.51483,50.14215],[-5.51464,50.14231],[-5.51328,50.14185],[-5.51192,50.14053],[-5.51217,50.14035],[-5.51251,50.14056],[-5.51343,50.14011],[-5.51286,50.1392],[-5.51455,50.13861],[-5.51412,50.13817],[-5.51691,50.13702],[-5.51666,50.13665],[-5.52049,50.13608],[-5.52038,50.13564],[-5.52243,50.13572],[-5.52272,50.13668],[-5.52373,50.13575],[-5.52362,50.1351],[-5.52721,50.13445],[-5.53074,50.1359],[-5.53201,50.13541],[-5.53449,50.13579],[-5.5349,50.13483],[-5.53581,50.13519],[-5.53785,50.13504],[-5.53776,50.13544],[-5.54232,50.13308],[-5.54295,50.13332],[-5.54467,50.1332],[-5.5471,50.13235],[-5.54968,50.13198],[-5.55029,50.1312],[-5.55071,50.13158],[-5.5515,50.13104],[-5.55246,50.13102],[-5.55399,50.13046],[-5.55485,50.13069],[-5.55623,50.12975],[-5.55656,50.12991],[-5.56218,50.12745],[-5.56241,50.12797],[-5.56483,50.12819],[-5.56528,50.12761],[-5.567,50.12738],[-5.56679,50.12614],[-5.56771,50.12504],[-5.56849,50.12569],[-5.57018,50.12344],[-5.57188,50.12296],[-5.57295,50.11958],[-5.57245,50.11746],[-5.57387,50.11574],[-5.5736,50.11515],[-5.57261,50.11437],[-5.57045,50.11356],[-5.57003,50.11279],[-5.56686,50.11013],[-5.56675,50.10921],[-5.56466,50.10876],[-5.56518,50.10808],[-5.56483,50.10777],[-5.56548,50.10709],[-5.56534,50.10576],[-5.56556,50.10537],[-5.56705,50.10487],[-5.56931,50.10558],[-5.57146,50.10675],[-5.57354,50.10689],[-5.5748,50.10771],[-5.57602,50.10776],[-5.57677,50.10739],[-5.57846,50.10493],[-5.57963,50.10407],[-5.58169,50.10341],[-5.58338,50.10335],[-5.58687,50.10555],[-5.58884,50.10636],[-5.59073,50.10822],[-5.58952,50.11134],[-5.59062,50.11352],[-5.59067,50.11514],[-5.5933,50.11779],[-5.59306,50.11891],[-5.59166,50.11976],[-5.59197,50.12067],[-5.59341,50.12183],[-5.59331,50.12213],[-5.59417,50.12268],[-5.59506,50.12408],[-5.59696,50.1246],[-5.60144,50.12657],[-5.6026,50.12717],[-5.60325,50.12799],[-5.60416,50.12831],[-5.60462,50.12944],[-5.60686,50.1316],[-5.60693,50.13261],[-5.60965,50.13432],[-5.61423,50.14274],[-5.61854,50.14223],[-5.62678,50.14423],[-5.62921,50.14432],[-5.63227,50.14323],[-5.6362,50.14311],[-5.6378,50.14342],[-5.63928,50.14306],[-5.63934,50.14339],[-5.63888,50.14485],[-5.6375,50.14579],[-5.63636,50.14528],[-5.63601,50.14542],[-5.6364,50.1462],[-5.63561,50.1473],[-5.62843,50.15178],[-5.62746,50.15281],[-5.62398,50.15505],[-5.61745,50.15684],[-5.61727,50.15759],[-5.61644,50.15766],[-5.61519,50.15846],[-5.61267,50.15874],[-5.61248,50.15895],[-5.61323,50.15943],[-5.60896,50.16111],[-5.60332,50.16258],[-5.60235,50.16269],[-5.60207,50.16248],[-5.60023,50.16291],[-5.60251,50.1656],[-5.60527,50.16756],[-5.61274,50.1707],[-5.61719,50.17366],[-5.61873,50.17375],[-5.61979,50.17416],[-5.62147,50.17677],[-5.62132,50.17738],[-5.62083,50.17767],[-5.62038,50.17733],[-5.61999,50.17778],[-5.61896,50.17689],[-5.61784,50.17695],[-5.61783,50.1773],[-5.61848,50.17765],[-5.61857,50.17878],[-5.6176,50.17946],[-5.61713,50.17867],[-5.61675,50.17902],[-5.61627,50.17896],[-5.61618,50.17974],[-5.61567,50.18],[-5.61461,50.17979],[-5.61545,50.18052],[-5.61536,50.18099],[-5.61489,50.1811],[-5.61487,50.18186],[-5.61445,50.18195],[-5.61482,50.18063],[-5.61401,50.18167],[-5.61351,50.18162],[-5.61343,50.18185],[-5.61151,50.18168],[-5.61157,50.18135],[-5.61033,50.18166],[-5.61019,50.18091],[-5.60943,50.18102],[-5.60843,50.18069],[-5.60731,50.18079],[-5.60694,50.18108],[-5.60732,50.18266],[-5.60783,50.18243],[-5.6081,50.18268],[-5.60783,50.18329],[-5.60811,50.18324],[-5.60817,50.18391],[-5.60851,50.18407],[-5.60905,50.18388],[-5.60899,50.18513],[-5.60851,50.18563],[-5.6082,50.18544],[-5.60753,50.18631],[-5.60677,50.18598],[-5.60648,50.18614],[-5.60677,50.18564],[-5.60492,50.18553],[-5.60469,50.18614],[-5.60397,50.186],[-5.60426,50.18661],[-5.60306,50.18707],[-5.60348,50.18771],[-5.60338,50.18791],[-5.60353,50.18806],[-5.60318,50.18829],[-5.60337,50.18868],[-5.60254,50.18873],[-5.60169,50.18824],[-5.60217,50.18868],[-5.60182,50.18863],[-5.60131,50.1897],[-5.60061,50.18945],[-5.59947,50.18954],[-5.60014,50.19019],[-5.5986,50.19047],[-5.59898,50.19066],[-5.59892,50.19101],[-5.59983,50.19128],[-5.59968,50.19204],[-5.60048,50.19271],[-5.60054,50.19284],[-5.60028,50.19286],[-5.60067,50.19334],[-5.59957,50.19326],[-5.5994,50.19346],[-5.59845,50.1929],[-5.5976,50.19012],[-5.59706,50.18986],[-5.59658,50.18999],[-5.59562,50.18865],[-5.59523,50.18884],[-5.59483,50.18866],[-5.59478,50.18889],[-5.59435,50.18857],[-5.59407,50.18906],[-5.59319,50.18943],[-5.59347,50.18966],[-5.59268,50.18946],[-5.59262,50.1888],[-5.59214,50.18869],[-5.59164,50.18901],[-5.59086,50.18866],[-5.59078,50.18959],[-5.58963,50.19056],[-5.58992,50.19127],[-5.58937,50.19195],[-5.58885,50.19168],[-5.58839,50.19183],[-5.58859,50.19159],[-5.58762,50.19188],[-5.58768,50.19146],[-5.58689,50.19163],[-5.58547,50.19084],[-5.58524,50.19137],[-5.58501,50.19119],[-5.58465,50.19142],[-5.58567,50.19254],[-5.58529,50.19283],[-5.58576,50.19295],[-5.58573,50.19368],[-5.58616,50.19353],[-5.58579,50.19439],[-5.58548,50.19416],[-5.58506,50.19553],[-5.58417,50.19553],[-5.58404,50.19529],[-5.58332,50.19573],[-5.58296,50.19486],[-5.58151,50.19423],[-5.58078,50.19435],[-5.57979,50.19548],[-5.57741,50.195],[-5.57692,50.19569],[-5.5782,50.19753],[-5.57722,50.19699],[-5.57809,50.19802],[-5.5787,50.19796],[-5.57838,50.1986],[-5.57868,50.19873],[-5.57805,50.19914],[-5.57683,50.19893],[-5.57716,50.19963],[-5.57645,50.19989],[-5.5756,50.20097],[-5.5749,50.20114],[-5.57318,50.2],[-5.57276,50.20012],[-5.57237,50.19939],[-5.57256,50.19859],[-5.5717,50.1983],[-5.57053,50.19871],[-5.56963,50.19831],[-5.56823,50.19957],[-5.56541,50.19961],[-5.56474,50.20084],[-5.56409,50.20124],[-5.56441,50.20079],[-5.56386,50.20106],[-5.56389,50.20145],[-5.56239,50.20164],[-5.56178,50.20272],[-5.56063,50.20323],[-5.56024,50.20411],[-5.55943,50.2041],[-5.55946,50.20447],[-5.55721,50.20375],[-5.55517,50.20421],[-5.55476,50.20514],[-5.55505,50.2053],[-5.5546,50.20528],[-5.55452,50.20575],[-5.55502,50.20608],[-5.55358,50.20625],[-5.55489,50.20644],[-5.55422,50.2068],[-5.55473,50.20683],[-5.55397,50.20742],[-5.55512,50.20748],[-5.55496,50.20795],[-5.55531,50.20791],[-5.55541,50.20826],[-5.55507,50.20853],[-5.55582,50.20861],[-5.5551,50.20888],[-5.5549,50.20938],[-5.55361,50.20974],[-5.55191,50.20942],[-5.55205,50.2096],[-5.55115,50.20947],[-5.55071,50.20975],[-5.55008,50.20961],[-5.55058,50.21037],[-5.54965,50.21047],[-5.55006,50.21095],[-5.54894,50.21142],[-5.54863,50.212],[-5.54792,50.21182],[-5.54684,50.21221],[-5.54517,50.21186],[-5.54507,50.21224],[-5.54445,50.21245]]]}},{"type":"Feature","properties":{"id":"E01018990","name":"E01018990","parent":"E06000052","type":"LSOA","pop":1811,"r":6,"ff":5,"ffd":276.1,"ffs":0.8333,"g":0,"co":1,"mo":3,"sa":1,"ic":1},"geometry":{"type":"MultiPolygon","coordinates":[[[[-5.4781,50.11956],[-5.47872,50.11854],[-5.47713,50.11867],[-5.47726,50.11957],[-5.4769,50.11887],[-5.47565,50.11807],[-5.4754,50.11706],[-5.47615,50.11618],[-5.47762,50.11559],[-5.47901,50.11545],[-5.48029,50.11641],[-5.47834,50.11969],[-5.4781,50.11956]]],[[[-5.46739,50.13751],[-5.46423,50.1374],[-5.46383,50.13764],[-5.46327,50.13709],[-5.46507,50.13516],[-5.46489,50.13376],[-5.46157,50.13112],[-5.45862,50.13057],[-5.45568,50.12913],[-5.45491,50.12853],[-5.45243,50.12797],[-5.45179,50.12753],[-5.45203,50.12665],[-5.4504,50.12588],[-5.44888,50.1273],[-5.44733,50.12676],[-5.4446,50.12867],[-5.44192,50.12741],[-5.44247,50.12626],[-5.44493,50.12426],[-5.44659,50.12416],[-5.44746,50.12263],[-5.43576,50.12009],[-5.43155,50.11848],[-5.42278,50.1171],[-5.4184,50.11589],[-5.41894,50.11461],[-5.42111,50.11471],[-5.42187,50.11407],[-5.42617,50.11291],[-5.4254,50.11253],[-5.42572,50.11036],[-5.42431,50.10808],[-5.42479,50.10561],[-5.42411,50.10473],[-5.42414,50.10406],[-5.42615,50.10366],[-5.42774,50.10298],[-5.42875,50.10364],[-5.42799,50.10427],[-5.42915,50.10546],[-5.43124,50.10517],[-5.43216,50.10617],[-5.43223,50.10567],[-5.43227,50.10582],[-5.43337,50.10584],[-5.43354,50.10624],[-5.43411,50.10629],[-5.43406,50.10658],[-5.43446,50.10644],[-5.43441,50.10684],[-5.43484,50.10685],[-5.43402,50.10789],[-5.43452,50.10841],[-5.43554,50.1088],[-5.43598,50.10847],[-5.43612,50.10896],[-5.43693,50.10909],[-5.43697,50.10958],[-5.43938,50.11068],[-5.43998,50.11065],[-5.44073,50.11179],[-5.4446,50.11268],[-5.4473,50.11116],[-5.44825,50.11102],[-5.4482,50.11153],[-5.44909,50.11246],[-5.45039,50.11214],[-5.45051,50.11317],[-5.45116,50.11369],[-5.45375,50.11381],[-5.45328,50.11501],[-5.45402,50.11789],[-5.45471,50.11834],[-5.45895,50.11936],[-5.46056,50.12201],[-5.46259,50.12299],[-5.46417,50.12332],[-5.46841,50.12352],[-5.4702,50.12323],[-5.47071,50.12288],[-5.47046,50.12231],[-5.47122,50.12256],[-5.47132,50.12224],[-5.4718,50.12293],[-5.47234,50.12272],[-5.47224,50.1229],[-5.47333,50.1229],[-5.47571,50.12353],[-5.47989,50.12593],[-5.48045,50.12838],[-5.48185,50.12935],[-5.48232,50.12932],[-5.48115,50.13232],[-5.48037,50.13303],[-5.47604,50.13549],[-5.47095,50.13718],[-5.46958,50.13795],[-5.46739,50.13751]]]]}},{"type":"Feature","properties":{"id":"E01018991","name":"E01018991","parent":"E06000052","type":"LSOA","pop":1546,"r":4,"ff":4,"ffd":258.7,"ffs":1.0,"g":0,"co":1,"mo":3,"sa":3,"ic":3},"geometry":{"type":"MultiPolygon","coordinates":[[[[-5.67386,50.16171],[-5.67465,50.16167],[-5.67477,50.16225],[-5.67355,50.16255],[-5.67386,50.16171]]],[[[-5.62131,50.17428],[-5.6202,50.17379],[-5.61962,50.1739],[-5.61979,50.17416],[-5.61873,50.17375],[-5.61719,50.17366],[-5.61274,50.1707],[-5.60527,50.16756],[-5.60251,50.1656],[-5.60023,50.16291],[-5.60207,50.16248],[-5.60235,50.16269],[-5.60332,50.16258],[-5.60896,50.16111],[-5.61323,50.15943],[-5.61248,50.15895],[-5.61267,50.15874],[-5.61519,50.15846],[-5.61644,50.15766],[-5.61727,50.15759],[-5.61745,50.15684],[-5.62398,50.15505],[-5.62746,50.15281],[-5.62843,50.15178],[-5.63561,50.1473],[-5.6364,50.1462],[-5.63601,50.14542],[-5.63636,50.14528],[-5.6375,50.14579],[-5.63888,50.14485],[-5.63934,50.14339],[-5.63928,50.14306],[-5.64206,50.14171],[-5.64626,50.14043],[-5.64722,50.14153],[-5.6499,50.14292],[-5.65209,50.14261],[-5.65915,50.14346],[-5.65769,50.14235],[-5.65758,50.14101],[-5.65919,50.13953],[-5.65905,50.13629],[-5.66787,50.13577],[-5.6687,50.13602],[-5.67648,50.13616],[-5.67647,50.13729],[-5.67603,50.13852],[-5.67633,50.13955],[-5.67567,50.14043],[-5.6703,50.13964],[-5.66917,50.14073],[-5.67142,50.14247],[-5.67331,50.14475],[-5.67392,50.14492],[-5.6737,50.14544],[-5.67315,50.14531],[-5.67234,50.14581],[-5.67284,50.14604],[-5.6735,50.14586],[-5.67496,50.14713],[-5.67557,50.15001],[-5.67619,50.15099],[-5.67812,50.15135],[-5.68188,50.15363],[-5.68025,50.15448],[-5.68103,50.15494],[-5.68179,50.15472],[-5.68277,50.15569],[-5.68085,50.15588],[-5.68109,50.15615],[-5.68098,50.15628],[-5.68047,50.15632],[-5.68056,50.15727],[-5.67911,50.15834],[-5.67959,50.15908],[-5.67882,50.15933],[-5.67841,50.15899],[-5.67833,50.15947],[-5.67737,50.16012],[-5.67582,50.16024],[-5.6761,50.16045],[-5.6757,50.16056],[-5.6752,50.16036],[-5.6757,50.16113],[-5.67431,50.1613],[-5.674,50.16114],[-5.67308,50.16223],[-5.67255,50.16232],[-5.67171,50.16199],[-5.67216,50.16249],[-5.67119,50.16271],[-5.67232,50.16328],[-5.67202,50.16393],[-5.67295,50.16446],[-5.67261,50.1648],[-5.67323,50.16503],[-5.67268,50.1654],[-5.67352,50.1652],[-5.67306,50.16558],[-5.67324,50.16602],[-5.67268,50.16596],[-5.67306,50.16624],[-5.67189,50.16585],[-5.67247,50.16639],[-5.67194,50.16639],[-5.67154,50.16678],[-5.67025,50.16647],[-5.67041,50.1661],[-5.66882,50.16609],[-5.66812,50.16531],[-5.66674,50.16591],[-5.66638,50.16564],[-5.66533,50.16577],[-5.66486,50.16542],[-5.66238,50.16539],[-5.66251,50.16503],[-5.66218,50.16501],[-5.66252,50.16476],[-5.66129,50.1647],[-5.66032,50.16402],[-5.65997,50.16419],[-5.66002,50.16396],[-5.65917,50.16375],[-5.65792,50.1638],[-5.65684,50.16424],[-5.65657,50.16488],[-5.65608,50.16458],[-5.65628,50.16621],[-5.65567,50.16599],[-5.65594,50.16635],[-5.65483,50.16653],[-5.65445,50.16713],[-5.65345,50.16719],[-5.65353,50.16758],[-5.65321,50.16728],[-5.65254,50.16765],[-5.65187,50.16733],[-5.65126,50.1682],[-5.64898,50.16768],[-5.6485,50.1682],[-5.64638,50.16795],[-5.64577,50.16841],[-5.64614,50.16888],[-5.64524,50.16886],[-5.64496,50.16814],[-5.64464,50.16841],[-5.64366,50.16787],[-5.64275,50.16812],[-5.641,50.16746],[-5.64005,50.16755],[-5.63997,50.16731],[-5.63773,50.16743],[-5.63866,50.16764],[-5.63829,50.16819],[-5.63771,50.16747],[-5.63638,50.16739],[-5.63639,50.16807],[-5.63576,50.16787],[-5.63551,50.16826],[-5.63483,50.16836],[-5.63401,50.16822],[-5.63381,50.16753],[-5.63376,50.16793],[-5.63268,50.1679],[-5.63216,50.16834],[-5.63183,50.16788],[-5.63126,50.16801],[-5.63115,50.16739],[-5.6309,50.16798],[-5.62939,50.16766],[-5.6289,50.16781],[-5.6289,50.16834],[-5.62801,50.16841],[-5.62744,50.16878],[-5.62761,50.16952],[-5.62607,50.16913],[-5.62539,50.16924],[-5.62549,50.16981],[-5.62475,50.17047],[-5.62549,50.17166],[-5.62507,50.17211],[-5.62442,50.172],[-5.62445,50.17245],[-5.6243,50.1724],[-5.62447,50.17285],[-5.62365,50.17323],[-5.62338,50.17277],[-5.62243,50.17315],[-5.62153,50.17283],[-5.62222,50.17398],[-5.62185,50.17429],[-5.62131,50.17428]]]]}},{"type":"Feature","properties":{"id":"E01018992","name":"E01018992","parent":"E06000052","type":"LSOA","pop":1771,"r":4,"ff":4,"ffd":225.9,"ffs":1.0,"g":0,"co":1,"mo":3,"sa":3,"ic":3},"geometry":{"type":"Polygon","coordinates":[[[-5.68277,50.15569],[-5.68179,50.15472],[-5.68103,50.15494],[-5.68025,50.15448],[-5.68188,50.15363],[-5.67812,50.15135],[-5.67619,50.15099],[-5.67557,50.15001],[-5.67496,50.14713],[-5.6735,50.14586],[-5.67284,50.14604],[-5.67234,50.14581],[-5.67315,50.14531],[-5.6737,50.14544],[-5.67392,50.14492],[-5.67331,50.14475],[-5.67142,50.14247],[-5.66917,50.14073],[-5.6703,50.13964],[-5.67567,50.14043],[-5.67633,50.13955],[-5.67603,50.13852],[-5.67647,50.13729],[-5.67648,50.13616],[-5.6687,50.13602],[-5.66787,50.13577],[-5.65905,50.13629],[-5.65919,50.13953],[-5.65758,50.14101],[-5.65769,50.14235],[-5.65915,50.14346],[-5.65209,50.14261],[-5.6499,50.14292],[-5.64722,50.14153],[-5.64626,50.14043],[-5.65066,50.14009],[-5.64941,50.13485],[-5.64966,50.12984],[-5.64783,50.12804],[-5.64806,50.12767],[-5.64704,50.12704],[-5.64622,50.1252],[-5.64348,50.12383],[-5.63834,50.11893],[-5.63514,50.11647],[-5.63484,50.11438],[-5.63392,50.11444],[-5.63235,50.11268],[-5.63313,50.11073],[-5.63574,50.10837],[-5.63689,50.1054],[-5.63812,50.10379],[-5.64073,50.10358],[-5.6441,50.10378],[-5.64641,50.10328],[-5.64891,50.10228],[-5.64965,50.10176],[-5.65134,50.09801],[-5.65367,50.09677],[-5.65351,50.09566],[-5.65398,50.09435],[-5.65696,50.09232],[-5.65813,50.09032],[-5.66047,50.08905],[-5.67332,50.08693],[-5.67795,50.08587],[-5.68028,50.08572],[-5.68393,50.08698],[-5.68769,50.0878],[-5.68913,50.08835],[-5.68896,50.08848],[-5.68859,50.09038],[-5.68922,50.09235],[-5.69158,50.09415],[-5.69408,50.09431],[-5.69414,50.0946],[-5.69461,50.09444],[-5.69409,50.09529],[-5.69422,50.09599],[-5.69589,50.0977],[-5.69641,50.09758],[-5.69657,50.09806],[-5.69699,50.098],[-5.69713,50.09872],[-5.69756,50.09888],[-5.69709,50.09903],[-5.69753,50.0994],[-5.69698,50.10031],[-5.69738,50.10152],[-5.69672,50.10308],[-5.69708,50.105],[-5.69833,50.10649],[-5.69888,50.10845],[-5.69789,50.10949],[-5.69735,50.11084],[-5.69845,50.11175],[-5.70075,50.11263],[-5.69943,50.11497],[-5.70077,50.11599],[-5.7002,50.11672],[-5.70064,50.11724],[-5.70018,50.11771],[-5.70107,50.11875],[-5.70046,50.11894],[-5.70046,50.11952],[-5.70144,50.1198],[-5.70308,50.12091],[-5.703,50.12119],[-5.70336,50.12114],[-5.70338,50.12148],[-5.70545,50.12239],[-5.70535,50.12305],[-5.70504,50.12284],[-5.70621,50.12497],[-5.70555,50.12551],[-5.70583,50.12602],[-5.70933,50.1266],[-5.71006,50.12692],[-5.71018,50.12736],[-5.70937,50.12788],[-5.7086,50.12789],[-5.70914,50.12823],[-5.70801,50.12853],[-5.70783,50.12894],[-5.70737,50.12891],[-5.70745,50.12864],[-5.70709,50.12887],[-5.70715,50.12862],[-5.70638,50.12873],[-5.70599,50.12843],[-5.70571,50.1287],[-5.70541,50.12833],[-5.70427,50.12813],[-5.70363,50.1284],[-5.70207,50.13029],[-5.70262,50.13082],[-5.70238,50.13095],[-5.70341,50.13147],[-5.70198,50.1317],[-5.70219,50.1318],[-5.70197,50.13186],[-5.70312,50.13227],[-5.70317,50.13269],[-5.70403,50.1331],[-5.70385,50.13342],[-5.70328,50.13335],[-5.7036,50.13391],[-5.70427,50.13389],[-5.70418,50.13418],[-5.70456,50.13434],[-5.7052,50.13428],[-5.70464,50.13439],[-5.70489,50.13485],[-5.70364,50.13484],[-5.70392,50.13527],[-5.70353,50.13536],[-5.70208,50.13468],[-5.70219,50.13503],[-5.70151,50.13523],[-5.70127,50.13575],[-5.7008,50.1359],[-5.70137,50.13611],[-5.70045,50.13672],[-5.69952,50.13663],[-5.69883,50.13707],[-5.69746,50.13653],[-5.69584,50.13664],[-5.69504,50.13718],[-5.69507,50.13756],[-5.69461,50.13737],[-5.69406,50.13754],[-5.69445,50.138],[-5.69339,50.13807],[-5.69386,50.13896],[-5.69341,50.13989],[-5.69376,50.14062],[-5.69316,50.14083],[-5.69395,50.141],[-5.69401,50.14134],[-5.69342,50.14157],[-5.69249,50.14139],[-5.69238,50.14216],[-5.69298,50.1423],[-5.69254,50.14249],[-5.69291,50.1427],[-5.69414,50.14306],[-5.69418,50.14319],[-5.69354,50.14317],[-5.69385,50.1435],[-5.69374,50.14358],[-5.69414,50.14381],[-5.69361,50.1443],[-5.69403,50.14443],[-5.69387,50.14479],[-5.69427,50.14491],[-5.69439,50.14578],[-5.69413,50.14565],[-5.69364,50.14696],[-5.69301,50.14681],[-5.69271,50.14631],[-5.69304,50.14733],[-5.69234,50.14712],[-5.69274,50.14743],[-5.69155,50.14743],[-5.69176,50.14773],[-5.69136,50.14786],[-5.69181,50.14792],[-5.69287,50.14901],[-5.69244,50.14887],[-5.69217,50.14918],[-5.69161,50.14916],[-5.69179,50.14977],[-5.69149,50.14998],[-5.69189,50.15033],[-5.69079,50.15049],[-5.69081,50.15065],[-5.69048,50.15052],[-5.69089,50.15094],[-5.69055,50.15089],[-5.69045,50.15135],[-5.68993,50.1515],[-5.68938,50.15133],[-5.68955,50.1515],[-5.68946,50.15219],[-5.68889,50.15185],[-5.68879,50.15218],[-5.68773,50.15225],[-5.68665,50.15186],[-5.68723,50.15261],[-5.68701,50.15293],[-5.68657,50.1525],[-5.68619,50.15273],[-5.68598,50.15252],[-5.68559,50.1534],[-5.68475,50.15302],[-5.685,50.15395],[-5.68408,50.15383],[-5.68441,50.15434],[-5.68418,50.15417],[-5.68358,50.15528],[-5.68277,50.15569]],[[-5.69363,50.12667],[-5.69176,50.12256],[-5.69062,50.12256],[-5.68974,50.12347],[-5.68763,50.12272],[-5.68895,50.12095],[-5.68748,50.12039],[-5.68449,50.1211],[-5.68309,50.12222],[-5.6828,50.12135],[-5.68321,50.12045],[-5.68472,50.11954],[-5.68523,50.11773],[-5.68386,50.11741],[-5.68319,50.11771],[-5.68162,50.11761],[-5.67954,50.11722],[-5.67855,50.11875],[-5.68085,50.11944],[-5.6804,50.11962],[-5.68004,50.12184],[-5.67945,50.12205],[-5.67969,50.12303],[-5.6801,50.12315],[-5.68056,50.12362],[-5.68008,50.12404],[-5.67904,50.12422],[-5.6806,50.12556],[-5.67919,50.12559],[-5.67912,50.12536],[-5.67863,50.12647],[-5.67907,50.12686],[-5.68209,50.12768],[-5.68233,50.12653],[-5.68402,50.1268],[-5.68459,50.12626],[-5.6844,50.12602],[-5.68699,50.12626],[-5.68814,50.12609],[-5.69188,50.1281],[-5.69363,50.12667]]]}},{"type":"Feature","properties":{"id":"E01018993","name":"E01018993","parent":"E06000052","type":"LSOA","pop":1520,"r":4,"ff":4,"ffd":263.2,"ffs":1.0,"g":0,"co":1,"mo":3,"sa":3,"ic":3},"geometry":{"type":"Polygon","coordinates":[[[-5.69188,50.1281],[-5.68814,50.12609],[-5.68699,50.12626],[-5.6844,50.12602],[-5.68459,50.12626],[-5.68402,50.1268],[-5.68233,50.12653],[-5.68209,50.12768],[-5.67907,50.12686],[-5.67863,50.12647],[-5.67912,50.12536],[-5.67919,50.12559],[-5.6806,50.12556],[-5.67904,50.12422],[-5.68008,50.12404],[-5.68056,50.12362],[-5.6801,50.12315],[-5.67969,50.12303],[-5.67945,50.12205],[-5.68004,50.12184],[-5.6804,50.11962],[-5.68085,50.11944],[-5.67855,50.11875],[-5.67954,50.11722],[-5.68162,50.11761],[-5.68319,50.11771],[-5.68386,50.11741],[-5.68523,50.11773],[-5.68472,50.11954],[-5.68321,50.12045],[-5.6828,50.12135],[-5.68309,50.12222],[-5.68449,50.1211],[-5.68748,50.12039],[-5.68895,50.12095],[-5.68763,50.12272],[-5.68974,50.12347],[-5.69062,50.12256],[-5.69176,50.12256],[-5.69363,50.12667],[-5.69188,50.1281]]]}},{"type":"Feature","properties":{"id":"E01018994","name":"E01018994","parent":"E06000052","type":"LSOA","pop":2039,"r":8,"ff":6,"ffd":294.3,"ffs":0.75,"g":0,"co":1,"mo":1,"sa":1,"ic":1},"geometry":{"type":"Polygon","coordinates":[[[-5.54326,50.12745],[-5.54247,50.12627],[-5.54157,50.12635],[-5.5411,50.12575],[-5.54332,50.12526],[-5.54356,50.12423],[-5.54426,50.12377],[-5.54455,50.1193],[-5.54305,50.11947],[-5.5426,50.11821],[-5.54319,50.11825],[-5.54331,50.11866],[-5.54416,50.11814],[-5.54389,50.1178],[-5.5431,50.11787],[-5.54251,50.11745],[-5.54249,50.11686],[-5.54229,50.11657],[-5.54406,50.1164],[-5.54423,50.1166],[-5.54556,50.11624],[-5.54609,50.11667],[-5.54926,50.11586],[-5.55063,50.1167],[-5.55155,50.11586],[-5.5527,50.11419],[-5.55617,50.11377],[-5.55712,50.11424],[-5.55531,50.11698],[-5.55329,50.11853],[-5.55074,50.12133],[-5.5497,50.12463],[-5.54914,50.12581],[-5.54661,50.12809],[-5.5455,50.12863],[-5.54439,50.12777],[-5.54334,50.12773],[-5.54326,50.12745]]]}},{"type":"Feature","properties":{"id":"E01018995","name":"E01018995","parent":"E06000052","type":"LSOA","pop":2042,"r":8,"ff":6,"ffd":293.8,"ffs":0.75,"g":0,"co":1,"mo":1,"sa":1,"ic":1},"geometry":{"type":"Polygon","coordinates":[[[-5.53939,50.12079],[-5.53788,50.11886],[-5.5363,50.11739],[-5.53667,50.11724],[-5.53683,50.11674],[-5.53716,50.11694],[-5.53775,50.11661],[-5.53764,50.11623],[-5.5381,50.11601],[-5.53857,50.11664],[-5.54095,50.11536],[-5.54114,50.11581],[-5.54405,50.1161],[-5.54406,50.1164],[-5.54229,50.11657],[-5.54249,50.11686],[-5.54251,50.11745],[-5.5431,50.11787],[-5.54389,50.1178],[-5.54416,50.11814],[-5.54331,50.11866],[-5.54319,50.11825],[-5.5426,50.11821],[-5.54305,50.11947],[-5.54455,50.1193],[-5.54426,50.12377],[-5.54356,50.12423],[-5.54332,50.12526],[-5.5411,50.12575],[-5.54011,50.1249],[-5.53946,50.12238],[-5.53939,50.12079]]]}},{"type":"Feature","properties":{"id":"E01018996","name":"E01018996","parent":"E06000052","type":"LSOA","pop":1469,"r":8,"ff":6,"ffd":408.4,"ffs":0.75,"g":0,"co":1,"mo":1,"sa":1,"ic":1},"geometry":{"type":"Polygon","coordinates":[[[-5.52371,50.13092],[-5.52374,50.13034],[-5.52179,50.13066],[-5.52156,50.13013],[-5.52031,50.13052],[-5.51823,50.13047],[-5.51767,50.1266],[-5.52466,50.12598],[-5.52505,50.12634],[-5.52497,50.12589],[-5.52816,50.12509],[-5.53047,50.12341],[-5.53063,50.12233],[-5.53127,50.12178],[-5.53082,50.12082],[-5.53208,50.12099],[-5.5332,50.12182],[-5.53234,50.12262],[-5.53416,50.12277],[-5.53424,50.12319],[-5.53368,50.12312],[-5.53378,50.12341],[-5.53417,50.1234],[-5.53393,50.12392],[-5.53468,50.12395],[-5.53473,50.12372],[-5.53603,50.12405],[-5.53618,50.12384],[-5.53657,50.12391],[-5.53746,50.1243],[-5.53829,50.12513],[-5.53954,50.12518],[-5.54007,50.12492],[-5.54037,50.12585],[-5.53369,50.12553],[-5.53382,50.1265],[-5.5315,50.12582],[-5.53123,50.12606],[-5.53209,50.1265],[-5.53189,50.12677],[-5.53432,50.12722],[-5.53535,50.12806],[-5.52946,50.12655],[-5.52841,50.12781],[-5.52646,50.12898],[-5.52657,50.12962],[-5.52728,50.1298],[-5.52371,50.13092]]]}},{"type":"Feature","properties":{"id":"E01018997","name":"E01018997","parent":"E06000052","type":"LSOA","pop":1495,"r":8,"ff":6,"ffd":401.3,"ffs":0.75,"g":0,"co":1,"mo":1,"sa":1,"ic":1},"geometry":{"type":"Polygon","coordinates":[[[-5.53189,50.12677],[-5.53209,50.1265],[-5.53123,50.12606],[-5.5315,50.12582],[-5.53382,50.1265],[-5.53369,50.12553],[-5.54037,50.12585],[-5.54011,50.1249],[-5.54157,50.12635],[-5.54247,50.12627],[-5.54334,50.12773],[-5.54439,50.12777],[-5.54605,50.12893],[-5.5462,50.12926],[-5.54503,50.12987],[-5.53993,50.12935],[-5.53535,50.12806],[-5.53432,50.12722],[-5.53189,50.12677]]]}},{"type":"Feature","properties":{"id":"E01018998","name":"E01018998","parent":"E06000052","type":"LSOA","pop":1348,"r":8,"ff":6,"ffd":445.1,"ffs":0.75,"g":0,"co":1,"mo":1,"sa":1,"ic":1},"geometry":{"type":"Polygon","coordinates":[[[-5.53657,50.12391],[-5.53618,50.12384],[-5.53603,50.12405],[-5.53473,50.12372],[-5.53468,50.12395],[-5.53393,50.12392],[-5.53417,50.1234],[-5.53378,50.12341],[-5.53368,50.12312],[-5.53424,50.12319],[-5.53416,50.12277],[-5.53327,50.12271],[-5.53351,50.12243],[-5.53411,50.12253],[-5.53363,50.12148],[-5.53436,50.12129],[-5.53443,50.12172],[-5.53601,50.12187],[-5.53767,50.12117],[-5.53827,50.1212],[-5.53879,50.12226],[-5.53946,50.12238],[-5.54011,50.1249],[-5.53954,50.12518],[-5.53829,50.12513],[-5.53746,50.1243],[-5.53657,50.12391]]]}},{"type":"Feature","properties":{"id":"E01018999","name":"E01018999","parent":"E06000052","type":"LSOA","pop":1635,"r":8,"ff":6,"ffd":367.0,"ffs":0.75,"g":0,"co":1,"mo":1,"sa":1,"ic":1},"geometry":{"type":"Polygon","coordinates":[[[-5.53234,50.12262],[-5.5332,50.12182],[-5.53208,50.12099],[-5.53082,50.12082],[-5.52973,50.11846],[-5.53082,50.1202],[-5.53095,50.11994],[-5.53326,50.11933],[-5.53342,50.11861],[-5.53432,50.11843],[-5.53552,50.11754],[-5.53673,50.11796],[-5.53788,50.11886],[-5.53939,50.12079],[-5.53946,50.12238],[-5.53879,50.12226],[-5.53827,50.1212],[-5.53767,50.12117],[-5.53601,50.12187],[-5.53443,50.12172],[-5.53436,50.12129],[-5.53363,50.12148],[-5.53411,50.12253],[-5.53351,50.12243],[-5.53327,50.12271],[-5.53234,50.12262]]]}},{"type":"Feature","properties":{"id":"E01019000","name":"E01019000","parent":"E06000052","type":"LSOA","pop":1399,"r":8,"ff":6,"ffd":428.9,"ffs":0.75,"g":0,"co":1,"mo":1,"sa":1,"ic":1},"geometry":{"type":"Polygon","coordinates":[[[-5.5506,50.11668],[-5.54926,50.11586],[-5.54609,50.11667],[-5.54556,50.11624],[-5.54423,50.1166],[-5.54405,50.1161],[-5.54114,50.11581],[-5.54095,50.11536],[-5.54146,50.1147],[-5.54263,50.11488],[-5.54301,50.11397],[-5.54389,50.11462],[-5.54481,50.11456],[-5.54574,50.11341],[-5.54552,50.11278],[-5.54425,50.1131],[-5.54374,50.1127],[-5.54257,50.11267],[-5.54197,50.11204],[-5.54075,50.11272],[-5.53749,50.11403],[-5.53742,50.1139],[-5.54559,50.10971],[-5.54785,50.10792],[-5.54817,50.10729],[-5.54864,50.10826],[-5.55209,50.10965],[-5.55285,50.11013],[-5.55269,50.11043],[-5.55458,50.11061],[-5.5549,50.11183],[-5.55617,50.11377],[-5.5527,50.11419],[-5.55155,50.11586],[-5.5506,50.11668]]]}},{"type":"Feature","properties":{"id":"E01019001","name":"E01019001","parent":"E06000052","type":"LSOA","pop":1513,"r":8,"ff":6,"ffd":396.6,"ffs":0.75,"g":0,"co":1,"mo":1,"sa":1,"ic":1},"geometry":{"type":"Polygon","coordinates":[[[-5.53342,50.11861],[-5.53367,50.11754],[-5.53316,50.11711],[-5.53248,50.11768],[-5.53175,50.11725],[-5.53045,50.11763],[-5.52969,50.11713],[-5.5285,50.11752],[-5.52915,50.11725],[-5.52946,50.11646],[-5.53085,50.1157],[-5.53118,50.11415],[-5.53263,50.11523],[-5.53742,50.1139],[-5.53749,50.11403],[-5.54075,50.11272],[-5.54197,50.11204],[-5.54257,50.11267],[-5.54374,50.1127],[-5.54425,50.1131],[-5.54552,50.11278],[-5.54574,50.11341],[-5.54481,50.11456],[-5.54389,50.11462],[-5.54301,50.11397],[-5.54263,50.11488],[-5.54146,50.1147],[-5.54095,50.11536],[-5.53857,50.11664],[-5.5381,50.11601],[-5.53764,50.11623],[-5.53775,50.11661],[-5.53716,50.11694],[-5.53683,50.11674],[-5.53667,50.11724],[-5.5363,50.11739],[-5.53673,50.11796],[-5.53552,50.11754],[-5.53432,50.11843],[-5.53342,50.11861]]]}},{"type":"Feature","properties":{"id":"E01019002","name":"E01019002","parent":"E06000052","type":"LSOA","pop":1183,"r":8,"ff":6,"ffd":507.2,"ffs":0.75,"g":0,"co":1,"mo":3,"sa":1,"ic":1},"geometry":{"type":"Polygon","coordinates":[[[-5.56,50.1005],[-5.55959,50.09755],[-5.55785,50.09787],[-5.55485,50.09705],[-5.55395,50.09734],[-5.55223,50.09553],[-5.55016,50.09471],[-5.54913,50.09362],[-5.54642,50.09573],[-5.54591,50.09517],[-5.54492,50.09521],[-5.54553,50.09879],[-5.54625,50.09932],[-5.54767,50.0993],[-5.54827,50.09997],[-5.54737,50.10093],[-5.54554,50.10068],[-5.54602,50.10117],[-5.547,50.10122],[-5.54747,50.10188],[-5.5469,50.1019],[-5.54568,50.10134],[-5.54393,50.10202],[-5.54322,50.10262],[-5.54387,50.10195],[-5.54303,50.09953],[-5.53967,50.09753],[-5.53851,50.09594],[-5.53853,50.09489],[-5.53822,50.09516],[-5.5387,50.09451],[-5.53814,50.09292],[-5.53382,50.08937],[-5.53329,50.08851],[-5.53565,50.08548],[-5.53564,50.08451],[-5.53773,50.08355],[-5.53783,50.08286],[-5.5379,50.08364],[-5.53914,50.08314],[-5.53853,50.08211],[-5.53767,50.08264],[-5.53888,50.08158],[-5.53816,50.08013],[-5.53867,50.07941],[-5.53839,50.07872],[-5.53857,50.07872],[-5.53857,50.07841],[-5.53949,50.07828],[-5.53985,50.07688],[-5.53948,50.07581],[-5.54016,50.07522],[-5.54165,50.07564],[-5.54306,50.07571],[-5.54444,50.07536],[-5.54567,50.07553],[-5.54605,50.07639],[-5.54689,50.07652],[-5.54818,50.07659],[-5.54832,50.07603],[-5.54994,50.07596],[-5.54974,50.07697],[-5.5535,50.07829],[-5.55358,50.07806],[-5.55808,50.07736],[-5.55804,50.07801],[-5.55717,50.07822],[-5.55806,50.07921],[-5.55728,50.08061],[-5.5587,50.08289],[-5.5588,50.08378],[-5.55843,50.08478],[-5.55759,50.08482],[-5.55734,50.08601],[-5.55693,50.08578],[-5.5565,50.08662],[-5.55685,50.08677],[-5.55695,50.08832],[-5.55817,50.08863],[-5.55775,50.09077],[-5.55815,50.09169],[-5.5594,50.09274],[-5.56022,50.09262],[-5.56052,50.09314],[-5.5602,50.09491],[-5.56265,50.09628],[-5.56394,50.09803],[-5.56538,50.09824],[-5.56657,50.09962],[-5.56632,50.10066],[-5.56712,50.10072],[-5.56677,50.10189],[-5.56498,50.10446],[-5.56485,50.10489],[-5.56556,50.10537],[-5.56534,50.10576],[-5.56286,50.10608],[-5.55992,50.10582],[-5.55851,50.10542],[-5.55729,50.10466],[-5.5576,50.10287],[-5.5584,50.10144],[-5.55898,50.10079],[-5.56,50.1005]]]}},{"type":"Feature","properties":{"id":"E01019003","name":"E01019003","parent":"E06000052","type":"LSOA","pop":1680,"r":7,"ff":5,"ffd":297.6,"ffs":0.7143,"g":0,"co":1,"mo":1,"sa":1,"ic":1},"geometry":{"type":"Polygon","coordinates":[[[-5.55946,50.11532],[-5.55755,50.11419],[-5.55712,50.11424],[-5.55617,50.11377],[-5.5549,50.11183],[-5.55458,50.11061],[-5.55269,50.11043],[-5.55285,50.11013],[-5.55209,50.10965],[-5.54864,50.10826],[-5.5482,50.10731],[-5.5487,50.10726],[-5.54906,50.1076],[-5.55019,50.10688],[-5.55064,50.10697],[-5.55137,50.10667],[-5.55121,50.10594],[-5.55062,50.10599],[-5.55082,50.10555],[-5.5517,50.10516],[-5.55125,50.10504],[-5.5514,50.10465],[-5.551,50.10436],[-5.55171,50.10363],[-5.55116,50.10366],[-5.55111,50.10298],[-5.55159,50.10281],[-5.55143,50.1025],[-5.55198,50.10243],[-5.55223,50.10134],[-5.55133,50.10167],[-5.55106,50.10115],[-5.55155,50.10111],[-5.5514,50.10058],[-5.55012,50.10053],[-5.55169,50.09955],[-5.55224,50.09988],[-5.55395,50.09734],[-5.55485,50.09705],[-5.55785,50.09787],[-5.55959,50.09755],[-5.56,50.1005],[-5.55898,50.10079],[-5.5584,50.10144],[-5.5576,50.10287],[-5.55729,50.10466],[-5.55851,50.10542],[-5.55992,50.10582],[-5.56286,50.10608],[-5.56534,50.10576],[-5.56548,50.10709],[-5.56483,50.10777],[-5.56518,50.10808],[-5.56466,50.10876],[-5.56675,50.10921],[-5.56686,50.11013],[-5.57003,50.11279],[-5.57045,50.11356],[-5.57261,50.11437],[-5.5736,50.11515],[-5.57387,50.11574],[-5.57245,50.11746],[-5.57045,50.11641],[-5.56157,50.11606],[-5.55946,50.11532]]]}},{"type":"Feature","properties":{"id":"E01019004","name":"E01019004","parent":"E06000052","type":"LSOA","pop":1496,"r":7,"ff":5,"ffd":334.2,"ffs":0.7143,"g":0,"co":1,"mo":1,"sa":1,"ic":1},"geometry":{"type":"Polygon","coordinates":[[[-5.54906,50.1076],[-5.5487,50.10726],[-5.54817,50.10729],[-5.54851,50.10663],[-5.54925,50.10638],[-5.54361,50.10306],[-5.54865,50.1059],[-5.54877,50.10482],[-5.54811,50.1043],[-5.54934,50.1032],[-5.54803,50.10273],[-5.54755,50.10219],[-5.54667,50.10217],[-5.54699,50.10266],[-5.5465,50.10226],[-5.54632,50.10164],[-5.54584,50.10141],[-5.5469,50.1019],[-5.54747,50.10188],[-5.547,50.10122],[-5.54602,50.10117],[-5.54554,50.10068],[-5.54737,50.10093],[-5.54827,50.09997],[-5.54767,50.0993],[-5.54625,50.09932],[-5.54553,50.09879],[-5.54492,50.09521],[-5.54591,50.09517],[-5.54642,50.09573],[-5.54913,50.09362],[-5.55016,50.09471],[-5.55223,50.09553],[-5.55395,50.09734],[-5.55224,50.09988],[-5.55169,50.09955],[-5.55012,50.10053],[-5.5514,50.10058],[-5.55155,50.10111],[-5.55106,50.10115],[-5.55133,50.10167],[-5.55223,50.10134],[-5.55198,50.10243],[-5.55143,50.1025],[-5.55159,50.10281],[-5.55111,50.10298],[-5.55116,50.10366],[-5.55171,50.10363],[-5.551,50.10436],[-5.5514,50.10465],[-5.55125,50.10504],[-5.5517,50.10516],[-5.55082,50.10555],[-5.55062,50.10599],[-5.55121,50.10594],[-5.55137,50.10667],[-5.55064,50.10697],[-5.55019,50.10688],[-5.54906,50.1076]]]}},{"type":"Feature","properties":{"id":"E01019005","name":"E01019005","parent":"E06000052","type":"LSOA","pop":2226,"r":4,"ff":4,"ffd":179.7,"ffs":1.0,"g":0,"co":3,"mo":3,"sa":3,"ic":1},"geometry":{"type":"Polygon","coordinates":[[[-5.63812,50.10379],[-5.63652,50.09887],[-5.63681,50.09766],[-5.63589,50.09621],[-5.63315,50.09387],[-5.63052,50.09266],[-5.62713,50.0917],[-5.62636,50.09114],[-5.62067,50.09416],[-5.61531,50.09568],[-5.6117,50.09616],[-5.60902,50.09587],[-5.60554,50.09492],[-5.60274,50.09276],[-5.60211,50.09127],[-5.59912,50.08983],[-5.59824,50.08895],[-5.59768,50.08908],[-5.59669,50.08796],[-5.59395,50.08657],[-5.59339,50.0861],[-5.59373,50.08594],[-5.59096,50.08405],[-5.59811,50.08056],[-5.60932,50.07791],[-5.61115,50.07677],[-5.61118,50.07594],[-5.6159,50.0768],[-5.61865,50.07639],[-5.61988,50.07724],[-5.62021,50.07689],[-5.6178,50.07968],[-5.6188,50.08029],[-5.62261,50.07759],[-5.62259,50.07605],[-5.62217,50.07597],[-5.62213,50.07545],[-5.62287,50.0753],[-5.62314,50.07477],[-5.62438,50.07456],[-5.62369,50.07439],[-5.62412,50.07441],[-5.62378,50.07397],[-5.62341,50.0744],[-5.62287,50.07433],[-5.62295,50.07386],[-5.62229,50.07376],[-5.62112,50.07276],[-5.62157,50.07213],[-5.61984,50.07138],[-5.61739,50.06913],[-5.61785,50.06873],[-5.61571,50.06822],[-5.61312,50.06608],[-5.61617,50.06281],[-5.61535,50.06145],[-5.61469,50.05886],[-5.62002,50.05822],[-5.62301,50.0575],[-5.62345,50.05716],[-5.62315,50.0564],[-5.62061,50.05447],[-5.62023,50.05008],[-5.6207,50.04963],[-5.62237,50.04955],[-5.62344,50.05002],[-5.62415,50.04991],[-5.62385,50.04968],[-5.62428,50.04976],[-5.62413,50.04951],[-5.62507,50.04957],[-5.6254,50.04909],[-5.62474,50.0487],[-5.62561,50.04869],[-5.62513,50.04842],[-5.62564,50.0484],[-5.62534,50.04816],[-5.62589,50.04844],[-5.62565,50.04702],[-5.62864,50.04761],[-5.62929,50.04747],[-5.62861,50.04658],[-5.62897,50.04639],[-5.62786,50.04564],[-5.62792,50.04507],[-5.62821,50.04507],[-5.62809,50.04444],[-5.62873,50.04459],[-5.62853,50.04408],[-5.6295,50.0441],[-5.62951,50.04384],[-5.63032,50.04404],[-5.63008,50.04329],[-5.63073,50.04339],[-5.63087,50.04298],[-5.63303,50.04412],[-5.63307,50.04385],[-5.63394,50.04422],[-5.63434,50.04404],[-5.63446,50.04228],[-5.63581,50.04156],[-5.63509,50.04088],[-5.63581,50.04062],[-5.6362,50.04082],[-5.63638,50.04004],[-5.63764,50.04088],[-5.6374,50.04147],[-5.63706,50.04158],[-5.63793,50.04199],[-5.63752,50.0422],[-5.63788,50.04237],[-5.6377,50.04294],[-5.63851,50.04272],[-5.63888,50.04284],[-5.63926,50.04338],[-5.63984,50.04297],[-5.64003,50.04351],[-5.6406,50.04342],[-5.64122,50.04378],[-5.64097,50.04391],[-5.64271,50.04456],[-5.64321,50.04435],[-5.64329,50.04384],[-5.64407,50.04409],[-5.64435,50.04382],[-5.64504,50.04392],[-5.64559,50.04328],[-5.64725,50.04347],[-5.64812,50.04387],[-5.64862,50.04374],[-5.64847,50.04292],[-5.64968,50.0432],[-5.65022,50.04303],[-5.65097,50.04252],[-5.6501,50.04021],[-5.65089,50.04067],[-5.65083,50.04053],[-5.65152,50.04019],[-5.65181,50.0397],[-5.65243,50.03997],[-5.65241,50.03965],[-5.65324,50.0398],[-5.65275,50.03827],[-5.65351,50.03821],[-5.65329,50.03781],[-5.65434,50.03785],[-5.65643,50.03872],[-5.65688,50.03923],[-5.65843,50.03945],[-5.65897,50.03898],[-5.65947,50.03911],[-5.65978,50.03857],[-5.66075,50.0387],[-5.66071,50.03826],[-5.66129,50.0383],[-5.66092,50.03804],[-5.66149,50.03829],[-5.66161,50.03806],[-5.66207,50.03805],[-5.66196,50.03755],[-5.66293,50.03806],[-5.66327,50.03804],[-5.66312,50.03783],[-5.66334,50.03778],[-5.66402,50.03834],[-5.66577,50.03803],[-5.66606,50.03761],[-5.66647,50.03782],[-5.66651,50.03744],[-5.66968,50.03745],[-5.66984,50.03715],[-5.66928,50.03652],[-5.66978,50.03664],[-5.66991,50.03615],[-5.67224,50.03726],[-5.67206,50.03598],[-5.67292,50.03467],[-5.67342,50.03473],[-5.67334,50.035],[-5.67428,50.03488],[-5.67667,50.03566],[-5.67665,50.03523],[-5.67711,50.03521],[-5.67683,50.03485],[-5.67807,50.03529],[-5.67883,50.03521],[-5.67872,50.03511],[-5.67923,50.03497],[-5.68005,50.0356],[-5.6794,50.03583],[-5.6814,50.03643],[-5.68188,50.03735],[-5.68222,50.03699],[-5.68252,50.03699],[-5.68458,50.03792],[-5.6827,50.03839],[-5.68184,50.03926],[-5.682,50.03972],[-5.68293,50.03968],[-5.68348,50.04018],[-5.68487,50.04013],[-5.68538,50.04042],[-5.68543,50.04021],[-5.68578,50.04063],[-5.68616,50.04062],[-5.68612,50.04099],[-5.6866,50.04075],[-5.6869,50.04113],[-5.68654,50.04138],[-5.68687,50.04128],[-5.68733,50.04192],[-5.6881,50.04193],[-5.68695,50.04258],[-5.68718,50.04292],[-5.68774,50.0429],[-5.68747,50.04326],[-5.68829,50.04303],[-5.69072,50.04464],[-5.69105,50.04534],[-5.68946,50.04536],[-5.68914,50.04564],[-5.689,50.04615],[-5.68962,50.04659],[-5.68892,50.04642],[-5.68947,50.04678],[-5.6886,50.04682],[-5.68887,50.0473],[-5.68815,50.0476],[-5.6886,50.04791],[-5.68819,50.04825],[-5.68837,50.04853],[-5.6907,50.04953],[-5.69097,50.04926],[-5.69153,50.04966],[-5.69239,50.04941],[-5.69246,50.04989],[-5.69304,50.04981],[-5.69345,50.05009],[-5.69539,50.0496],[-5.69588,50.04977],[-5.69487,50.05042],[-5.69545,50.05053],[-5.69473,50.05069],[-5.69525,50.05083],[-5.69447,50.05129],[-5.69374,50.05102],[-5.69407,50.05126],[-5.69421,50.05186],[-5.69408,50.05265],[-5.69435,50.05283],[-5.69402,50.05326],[-5.69324,50.05324],[-5.69361,50.05293],[-5.69283,50.05334],[-5.69258,50.05401],[-5.69574,50.05493],[-5.69842,50.05526],[-5.70029,50.05612],[-5.70104,50.05589],[-5.70151,50.05512],[-5.70566,50.05497],[-5.70613,50.05587],[-5.70552,50.05657],[-5.70679,50.05703],[-5.70676,50.05753],[-5.71064,50.05811],[-5.71076,50.05855],[-5.70951,50.06061],[-5.71017,50.06104],[-5.7122,50.06131],[-5.71264,50.06209],[-5.71476,50.06301],[-5.71402,50.06373],[-5.71442,50.06394],[-5.71424,50.0642],[-5.71508,50.0642],[-5.7148,50.06455],[-5.71581,50.06523],[-5.71596,50.06541],[-5.71578,50.06569],[-5.71616,50.06588],[-5.71579,50.06617],[-5.71646,50.06629],[-5.71607,50.06647],[-5.7162,50.06652],[-5.71521,50.06739],[-5.71619,50.06776],[-5.71605,50.06858],[-5.71651,50.06845],[-5.7165,50.06869],[-5.71702,50.06879],[-5.71681,50.06896],[-5.71625,50.06927],[-5.71451,50.06863],[-5.71437,50.06908],[-5.71406,50.06885],[-5.71407,50.06906],[-5.71357,50.06899],[-5.7133,50.06966],[-5.7112,50.06998],[-5.70947,50.07123],[-5.70895,50.07318],[-5.70824,50.07369],[-5.70876,50.07384],[-5.70837,50.07426],[-5.70934,50.07436],[-5.70892,50.07446],[-5.70955,50.0752],[-5.70877,50.07607],[-5.70912,50.076],[-5.7096,50.07668],[-5.70881,50.07767],[-5.70672,50.07807],[-5.70481,50.07808],[-5.70429,50.07873],[-5.70469,50.07817],[-5.7036,50.07798],[-5.7019,50.07787],[-5.69876,50.07828],[-5.69479,50.08046],[-5.69266,50.08284],[-5.69171,50.08543],[-5.69098,50.08625],[-5.69098,50.08698],[-5.68913,50.08835],[-5.68769,50.0878],[-5.68393,50.08698],[-5.68028,50.08572],[-5.67795,50.08587],[-5.67332,50.08693],[-5.66047,50.08905],[-5.65813,50.09032],[-5.65696,50.09232],[-5.65398,50.09435],[-5.65351,50.09566],[-5.65367,50.09677],[-5.65134,50.09801],[-5.64965,50.10176],[-5.64891,50.10228],[-5.64641,50.10328],[-5.6441,50.10378],[-5.64073,50.10358],[-5.63812,50.10379]]]}},{"type":"Feature","properties":{"id":"E01019006","name":"E01019006","parent":"E06000052","type":"LSOA","pop":1576,"r":6,"ff":5,"ffd":317.3,"ffs":0.8333,"g":0,"co":1,"mo":3,"sa":3,"ic":1},"geometry":{"type":"Polygon","coordinates":[[[-5.62678,50.14423],[-5.61854,50.14223],[-5.61423,50.14274],[-5.60965,50.13432],[-5.60693,50.13261],[-5.60686,50.1316],[-5.60462,50.12944],[-5.60416,50.12831],[-5.60325,50.12799],[-5.6026,50.12717],[-5.60144,50.12657],[-5.59696,50.1246],[-5.59506,50.12408],[-5.59417,50.12268],[-5.59331,50.12213],[-5.59341,50.12183],[-5.59197,50.12067],[-5.59166,50.11976],[-5.59306,50.11891],[-5.5933,50.11779],[-5.59067,50.11514],[-5.59062,50.11352],[-5.58952,50.11134],[-5.59073,50.10822],[-5.58884,50.10636],[-5.58687,50.10555],[-5.58338,50.10335],[-5.58169,50.10341],[-5.57963,50.10407],[-5.57846,50.10493],[-5.57677,50.10739],[-5.57602,50.10776],[-5.5748,50.10771],[-5.57354,50.10689],[-5.57146,50.10675],[-5.56931,50.10558],[-5.56705,50.10487],[-5.56556,50.10537],[-5.56485,50.10489],[-5.56498,50.10446],[-5.56677,50.10189],[-5.56712,50.10072],[-5.56632,50.10066],[-5.56657,50.09962],[-5.56538,50.09824],[-5.56394,50.09803],[-5.56265,50.09628],[-5.5602,50.09491],[-5.56052,50.09314],[-5.56022,50.09262],[-5.5594,50.09274],[-5.55815,50.09169],[-5.55775,50.09077],[-5.55817,50.08863],[-5.55695,50.08832],[-5.55685,50.08677],[-5.5565,50.08662],[-5.55693,50.08578],[-5.55734,50.08601],[-5.55759,50.08482],[-5.55843,50.08478],[-5.5588,50.08378],[-5.5587,50.08289],[-5.55728,50.08061],[-5.55806,50.07921],[-5.55717,50.07822],[-5.55804,50.07801],[-5.55808,50.07736],[-5.55358,50.07806],[-5.5535,50.07829],[-5.54974,50.07697],[-5.54994,50.07596],[-5.54832,50.07603],[-5.54818,50.07659],[-5.54689,50.07652],[-5.54605,50.07639],[-5.54567,50.07553],[-5.54444,50.07536],[-5.54306,50.07571],[-5.54165,50.07564],[-5.54027,50.07516],[-5.54072,50.07492],[-5.54171,50.07308],[-5.54193,50.07154],[-5.54268,50.07098],[-5.5422,50.07063],[-5.54245,50.0703],[-5.54378,50.06999],[-5.54415,50.06939],[-5.54529,50.06931],[-5.54571,50.06889],[-5.54525,50.06873],[-5.5456,50.06864],[-5.54536,50.06834],[-5.54673,50.06829],[-5.54753,50.06709],[-5.5478,50.06725],[-5.54793,50.06694],[-5.54849,50.067],[-5.54827,50.0668],[-5.54871,50.06649],[-5.54883,50.06484],[-5.54918,50.06491],[-5.54928,50.06418],[-5.54994,50.06437],[-5.55018,50.06387],[-5.55069,50.06391],[-5.55038,50.06323],[-5.55083,50.06259],[-5.55035,50.06222],[-5.55217,50.06191],[-5.55257,50.06095],[-5.5529,50.06071],[-5.55341,50.06083],[-5.5534,50.06063],[-5.55459,50.05982],[-5.55532,50.0599],[-5.55512,50.06052],[-5.55606,50.06083],[-5.55641,50.06121],[-5.5581,50.06114],[-5.56061,50.0622],[-5.56312,50.06254],[-5.56401,50.06214],[-5.56391,50.06204],[-5.56409,50.06209],[-5.56397,50.062],[-5.56438,50.06174],[-5.56368,50.06158],[-5.56415,50.06103],[-5.56354,50.05965],[-5.56392,50.05968],[-5.56361,50.0594],[-5.56415,50.05913],[-5.56363,50.05888],[-5.56372,50.05825],[-5.56538,50.05759],[-5.56627,50.05755],[-5.56819,50.0562],[-5.5681,50.05609],[-5.56904,50.05502],[-5.57036,50.05529],[-5.57278,50.05488],[-5.5724,50.0542],[-5.57288,50.05436],[-5.57321,50.05391],[-5.57437,50.05318],[-5.57573,50.05309],[-5.57641,50.05261],[-5.5762,50.05232],[-5.57646,50.05208],[-5.57698,50.05188],[-5.57743,50.05204],[-5.5773,50.05173],[-5.57781,50.05169],[-5.5786,50.05232],[-5.58073,50.05262],[-5.58103,50.05322],[-5.58186,50.05256],[-5.58302,50.05292],[-5.58335,50.05256],[-5.58438,50.05332],[-5.58459,50.05266],[-5.58473,50.05272],[-5.58469,50.05236],[-5.5857,50.05264],[-5.58581,50.05203],[-5.58628,50.05164],[-5.58656,50.05196],[-5.58749,50.05136],[-5.5891,50.05124],[-5.58904,50.05103],[-5.59031,50.05091],[-5.58975,50.05045],[-5.58994,50.05023],[-5.59242,50.05203],[-5.59414,50.05262],[-5.59614,50.05265],[-5.59718,50.05229],[-5.59727,50.05201],[-5.59905,50.0522],[-5.60096,50.05189],[-5.6055,50.04886],[-5.60765,50.04825],[-5.61146,50.04944],[-5.61218,50.0495],[-5.61257,50.04898],[-5.61331,50.04947],[-5.61388,50.04945],[-5.61425,50.04993],[-5.61473,50.04943],[-5.6154,50.04972],[-5.61529,50.04926],[-5.61577,50.04882],[-5.61914,50.05122],[-5.61988,50.05091],[-5.61975,50.05014],[-5.62007,50.05023],[-5.62023,50.05008],[-5.62061,50.05447],[-5.62315,50.0564],[-5.62345,50.05716],[-5.62301,50.0575],[-5.62002,50.05822],[-5.61469,50.05886],[-5.61535,50.06145],[-5.61617,50.06281],[-5.61312,50.06608],[-5.61571,50.06822],[-5.61785,50.06873],[-5.61739,50.06913],[-5.61984,50.07138],[-5.62157,50.07213],[-5.62112,50.07276],[-5.62229,50.07376],[-5.62295,50.07386],[-5.62287,50.07433],[-5.62341,50.0744],[-5.62378,50.07397],[-5.62412,50.07441],[-5.62369,50.07439],[-5.62438,50.07456],[-5.62314,50.07477],[-5.62287,50.0753],[-5.62213,50.07545],[-5.62217,50.07597],[-5.62259,50.07605],[-5.62261,50.07759],[-5.6188,50.08029],[-5.6178,50.07968],[-5.62021,50.07689],[-5.61988,50.07724],[-5.61865,50.07639],[-5.6159,50.0768],[-5.61118,50.07594],[-5.61115,50.07677],[-5.60932,50.07791],[-5.59811,50.08056],[-5.59096,50.08405],[-5.59373,50.08594],[-5.59339,50.0861],[-5.59395,50.08657],[-5.59669,50.08796],[-5.59768,50.08908],[-5.59824,50.08895],[-5.59912,50.08983],[-5.60211,50.09127],[-5.60274,50.09276],[-5.60554,50.09492],[-5.60902,50.09587],[-5.6117,50.09616],[-5.61531,50.09568],[-5.62067,50.09416],[-5.62636,50.09114],[-5.62713,50.0917],[-5.63052,50.09266],[-5.63315,50.09387],[-5.63589,50.09621],[-5.63681,50.09766],[-5.63652,50.09887],[-5.63812,50.10379],[-5.63689,50.1054],[-5.63574,50.10837],[-5.63313,50.11073],[-5.63235,50.11268],[-5.63392,50.11444],[-5.63484,50.11438],[-5.63514,50.11647],[-5.63834,50.11893],[-5.64348,50.12383],[-5.64622,50.1252],[-5.64704,50.12704],[-5.64806,50.12767],[-5.64783,50.12804],[-5.64966,50.12984],[-5.64941,50.13485],[-5.65066,50.14009],[-5.64626,50.14043],[-5.64206,50.14171],[-5.63928,50.14306],[-5.6378,50.14342],[-5.6362,50.14311],[-5.63227,50.14323],[-5.62921,50.14432],[-5.62678,50.14423]]]}},{"type":"Feature","properties":{"id":"E01019007","name":"E01019007","parent":"E06000052","type":"LSOA","pop":2391,"r":9,"ff":5,"ffd":209.1,"ffs":0.5556,"g":0,"co":1,"mo":3,"sa":3,"ic":1},"geometry":{"type":"Polygon","coordinates":[[[-5.43121,50.17637],[-5.43024,50.17497],[-5.42451,50.17497],[-5.4226,50.17469],[-5.42138,50.17489],[-5.4192,50.17625],[-5.41595,50.17398],[-5.41351,50.17479],[-5.41,50.17475],[-5.40897,50.17408],[-5.40773,50.17389],[-5.40639,50.1741],[-5.40179,50.17269],[-5.40065,50.17281],[-5.39616,50.17214],[-5.39505,50.17136],[-5.39575,50.17064],[-5.3944,50.16699],[-5.39052,50.16663],[-5.38317,50.16479],[-5.38308,50.16226],[-5.38406,50.16051],[-5.38228,50.15968],[-5.38168,50.15861],[-5.37557,50.15454],[-5.37446,50.15305],[-5.37613,50.15273],[-5.37794,50.15139],[-5.38446,50.14904],[-5.38492,50.14806],[-5.3891,50.1474],[-5.39266,50.14561],[-5.3922,50.14517],[-5.3898,50.14666],[-5.38647,50.14405],[-5.38338,50.14454],[-5.38209,50.14248],[-5.38371,50.14207],[-5.38543,50.14085],[-5.38853,50.13977],[-5.38911,50.13901],[-5.39088,50.13857],[-5.39279,50.13674],[-5.39594,50.13463],[-5.39768,50.13414],[-5.40176,50.13428],[-5.40211,50.13369],[-5.40106,50.13312],[-5.39953,50.13096],[-5.39671,50.12599],[-5.39703,50.12387],[-5.39826,50.12261],[-5.39753,50.12211],[-5.39787,50.12155],[-5.39996,50.1214],[-5.40004,50.12026],[-5.40088,50.12026],[-5.40158,50.11926],[-5.40106,50.11904],[-5.40208,50.11819],[-5.40259,50.11694],[-5.40394,50.11581],[-5.40994,50.11469],[-5.41496,50.11574],[-5.4164,50.11271],[-5.41645,50.11131],[-5.41733,50.11051],[-5.41949,50.10996],[-5.4202,50.10942],[-5.41996,50.10839],[-5.4187,50.10681],[-5.41804,50.10379],[-5.41556,50.10205],[-5.41482,50.10104],[-5.41499,50.1007],[-5.41549,50.10072],[-5.41502,50.1003],[-5.41525,50.09988],[-5.41521,50.10004],[-5.41541,50.09991],[-5.4165,50.10006],[-5.41677,50.10035],[-5.41653,50.10056],[-5.41722,50.10107],[-5.41872,50.10116],[-5.41841,50.10003],[-5.41886,50.10016],[-5.41909,50.09977],[-5.41931,50.10003],[-5.41917,50.0994],[-5.41989,50.09886],[-5.42022,50.09884],[-5.42003,50.0992],[-5.42048,50.09943],[-5.42082,50.09904],[-5.42107,50.09917],[-5.421,50.09989],[-5.42206,50.09951],[-5.42249,50.0998],[-5.42325,50.0985],[-5.42413,50.09898],[-5.42505,50.09879],[-5.42604,50.099],[-5.42628,50.09849],[-5.4269,50.0986],[-5.42871,50.09712],[-5.4293,50.0969],[-5.4294,50.09754],[-5.42814,50.09854],[-5.42851,50.0984],[-5.42788,50.09913],[-5.42829,50.09929],[-5.42675,50.10097],[-5.42737,50.10097],[-5.42689,50.10116],[-5.42813,50.10224],[-5.42774,50.10298],[-5.42615,50.10366],[-5.42414,50.10406],[-5.42411,50.10473],[-5.42479,50.10561],[-5.42431,50.10808],[-5.42572,50.11036],[-5.4254,50.11253],[-5.42617,50.11291],[-5.42187,50.11407],[-5.42111,50.11471],[-5.41894,50.11461],[-5.4184,50.11589],[-5.41642,50.12424],[-5.42159,50.12598],[-5.42643,50.12882],[-5.4287,50.12762],[-5.42964,50.12675],[-5.43318,50.12804],[-5.43355,50.12729],[-5.43548,50.1274],[-5.43835,50.12705],[-5.43993,50.12764],[-5.44192,50.12741],[-5.4446,50.12867],[-5.44733,50.12676],[-5.44888,50.1273],[-5.4504,50.12588],[-5.45203,50.12665],[-5.45179,50.12753],[-5.45243,50.12797],[-5.45491,50.12853],[-5.45568,50.12913],[-5.45862,50.13057],[-5.46157,50.13112],[-5.46489,50.13376],[-5.46507,50.13516],[-5.46327,50.13709],[-5.46383,50.13764],[-5.46101,50.13893],[-5.45898,50.13943],[-5.45385,50.14196],[-5.45645,50.14514],[-5.4548,50.146],[-5.45337,50.14748],[-5.45154,50.1469],[-5.44916,50.14499],[-5.44707,50.14384],[-5.44529,50.14461],[-5.44361,50.14655],[-5.45046,50.15078],[-5.44825,50.15344],[-5.44765,50.15473],[-5.44685,50.15493],[-5.44664,50.15593],[-5.44838,50.15731],[-5.45081,50.15861],[-5.45036,50.15925],[-5.45371,50.15968],[-5.45385,50.16004],[-5.45303,50.16077],[-5.45546,50.16325],[-5.45715,50.16337],[-5.45786,50.16389],[-5.45495,50.16528],[-5.4532,50.1665],[-5.45053,50.16724],[-5.44768,50.16875],[-5.44009,50.17502],[-5.43709,50.17605],[-5.43392,50.17388],[-5.43241,50.17051],[-5.43222,50.16967],[-5.43358,50.1658],[-5.43295,50.16433],[-5.43352,50.16589],[-5.43216,50.16963],[-5.43231,50.1705],[-5.43388,50.17401],[-5.43681,50.17597],[-5.43368,50.17701],[-5.43113,50.1788],[-5.43121,50.17637]]]}},{"type":"Feature","properties":{"id":"E01019008","name":"E01019008","parent":"E06000052","type":"LSOA","pop":1354,"r":11,"ff":6,"ffd":443.1,"ffs":0.5455,"g":0,"co":1,"mo":3,"sa":3,"ic":1},"geometry":{"type":"Polygon","coordinates":[[[-5.48634,50.21234],[-5.48523,50.21096],[-5.48522,50.21042],[-5.48419,50.21022],[-5.48904,50.20817],[-5.48949,50.20755],[-5.48799,50.20616],[-5.48813,50.2057],[-5.4892,50.20529],[-5.48965,50.20564],[-5.49025,50.20563],[-5.49047,50.20488],[-5.49141,50.20509],[-5.49112,50.20433],[-5.49157,50.20422],[-5.49192,50.20449],[-5.49169,50.20558],[-5.49095,50.2055],[-5.49032,50.20606],[-5.49098,50.20678],[-5.4917,50.20676],[-5.49113,50.20714],[-5.49159,50.20741],[-5.49071,50.20778],[-5.49064,50.20803],[-5.49099,50.20785],[-5.49124,50.20803],[-5.49092,50.20836],[-5.49353,50.20949],[-5.49236,50.21089],[-5.49169,50.21117],[-5.49172,50.21174],[-5.49102,50.21107],[-5.4906,50.21101],[-5.48987,50.21145],[-5.48931,50.21133],[-5.48876,50.2115],[-5.48887,50.21182],[-5.48792,50.21189],[-5.48742,50.21229],[-5.48634,50.21234]]]}},{"type":"Feature","properties":{"id":"E01019009","name":"E01019009","parent":"E06000052","type":"LSOA","pop":1527,"r":11,"ff":6,"ffd":392.9,"ffs":0.5455,"g":0,"co":1,"mo":3,"sa":3,"ic":1},"geometry":{"type":"Polygon","coordinates":[[[-5.495,50.2182],[-5.49384,50.21727],[-5.49266,50.21464],[-5.49017,50.21269],[-5.49081,50.21247],[-5.49084,50.21276],[-5.4918,50.21287],[-5.49277,50.21366],[-5.49372,50.21327],[-5.49372,50.21274],[-5.49467,50.21276],[-5.49548,50.21175],[-5.49524,50.2107],[-5.49565,50.21023],[-5.49649,50.21058],[-5.49772,50.21063],[-5.4986,50.20847],[-5.49786,50.20825],[-5.49709,50.20842],[-5.49728,50.20771],[-5.49684,50.20747],[-5.4956,50.20848],[-5.49476,50.2074],[-5.49378,50.20736],[-5.49306,50.20775],[-5.49222,50.20699],[-5.49159,50.20741],[-5.49113,50.20714],[-5.4917,50.20676],[-5.49098,50.20678],[-5.49032,50.20606],[-5.49095,50.2055],[-5.49169,50.20558],[-5.49192,50.20449],[-5.49157,50.20422],[-5.49112,50.20433],[-5.49141,50.20509],[-5.49047,50.20488],[-5.49025,50.20563],[-5.48965,50.20564],[-5.4892,50.20529],[-5.48888,50.20422],[-5.49142,50.20378],[-5.49079,50.20293],[-5.49427,50.20132],[-5.49509,50.20121],[-5.49805,50.19879],[-5.49508,50.19638],[-5.49266,50.19794],[-5.49083,50.19805],[-5.49031,50.1978],[-5.48837,50.19826],[-5.48747,50.19732],[-5.48732,50.19645],[-5.4865,50.1961],[-5.48871,50.19532],[-5.48826,50.19432],[-5.48892,50.19409],[-5.48886,50.19385],[-5.48814,50.19365],[-5.48838,50.19293],[-5.48881,50.19284],[-5.48906,50.19315],[-5.48957,50.19286],[-5.48818,50.19093],[-5.48737,50.19078],[-5.48829,50.18952],[-5.48712,50.18833],[-5.48809,50.18742],[-5.48915,50.1874],[-5.4899,50.18692],[-5.49082,50.18736],[-5.4921,50.18874],[-5.49401,50.18953],[-5.49853,50.18965],[-5.50277,50.18836],[-5.50914,50.18827],[-5.51009,50.1901],[-5.51365,50.19088],[-5.51522,50.19177],[-5.51516,50.1921],[-5.51578,50.19223],[-5.51533,50.19271],[-5.51519,50.19405],[-5.51561,50.19421],[-5.51647,50.19368],[-5.51735,50.19483],[-5.51849,50.1955],[-5.51812,50.19619],[-5.51964,50.19655],[-5.52138,50.19801],[-5.52232,50.19834],[-5.52167,50.19935],[-5.52429,50.20611],[-5.526,50.21203],[-5.52721,50.21391],[-5.52562,50.21427],[-5.52498,50.21401],[-5.52466,50.21435],[-5.52356,50.21472],[-5.52153,50.21475],[-5.52178,50.21495],[-5.52016,50.21472],[-5.52038,50.21538],[-5.52096,50.21572],[-5.52045,50.21609],[-5.52071,50.21636],[-5.52015,50.21701],[-5.51942,50.21715],[-5.5194,50.2168],[-5.51846,50.21729],[-5.51801,50.21655],[-5.51776,50.21701],[-5.5174,50.21691],[-5.51687,50.21706],[-5.51569,50.21562],[-5.51484,50.21587],[-5.51426,50.21553],[-5.51281,50.21564],[-5.51253,50.21542],[-5.51127,50.21595],[-5.51063,50.21576],[-5.50965,50.21683],[-5.51031,50.21707],[-5.50986,50.21704],[-5.50974,50.21773],[-5.50887,50.21837],[-5.50862,50.21838],[-5.50855,50.21795],[-5.50797,50.21823],[-5.50806,50.2177],[-5.50711,50.21737],[-5.50642,50.21761],[-5.50613,50.21744],[-5.50524,50.21791],[-5.50405,50.21756],[-5.5036,50.21814],[-5.50285,50.21808],[-5.50229,50.21869],[-5.50222,50.21829],[-5.50082,50.2181],[-5.50062,50.21786],[-5.50064,50.21896],[-5.49832,50.21987],[-5.4955,50.21943],[-5.495,50.2182]]]}},{"type":"Feature","properties":{"id":"E01019010","name":"E01019010","parent":"E06000052","type":"LSOA","pop":1175,"r":11,"ff":6,"ffd":510.6,"ffs":0.5455,"g":0,"co":1,"mo":3,"sa":3,"ic":1},"geometry":{"type":"Polygon","coordinates":[[[-5.49053,50.21641],[-5.49011,50.21634],[-5.489,50.21686],[-5.4885,50.21691],[-5.48814,50.21674],[-5.4882,50.21602],[-5.48681,50.21505],[-5.48516,50.21493],[-5.48529,50.2126],[-5.48742,50.21229],[-5.48792,50.21189],[-5.48887,50.21182],[-5.48876,50.2115],[-5.48931,50.21133],[-5.48987,50.21145],[-5.4906,50.21101],[-5.49102,50.21107],[-5.49172,50.21174],[-5.49169,50.21117],[-5.49236,50.21089],[-5.49353,50.20949],[-5.49092,50.20836],[-5.49124,50.20803],[-5.49099,50.20785],[-5.49064,50.20803],[-5.49071,50.20778],[-5.49222,50.20699],[-5.49306,50.20775],[-5.49378,50.20736],[-5.49476,50.2074],[-5.4956,50.20848],[-5.49684,50.20747],[-5.49728,50.20771],[-5.49709,50.20842],[-5.49786,50.20825],[-5.4986,50.20847],[-5.49772,50.21063],[-5.49649,50.21058],[-5.49565,50.21023],[-5.49524,50.2107],[-5.49548,50.21175],[-5.49467,50.21276],[-5.49372,50.21274],[-5.49372,50.21327],[-5.49277,50.21366],[-5.4918,50.21287],[-5.49084,50.21276],[-5.49081,50.21247],[-5.49017,50.21269],[-5.49266,50.21464],[-5.49384,50.21727],[-5.49333,50.21686],[-5.49053,50.21641]]]}},{"type":"Feature","properties":{"id":"E01019011","name":"E01019011","parent":"E06000052","type":"LSOA","pop":1681,"r":9,"ff":4,"ffd":238.0,"ffs":0.4444,"g":0,"co":1,"mo":3,"sa":3,"ic":1},"geometry":{"type":"Polygon","coordinates":[[[-5.48373,50.21027],[-5.48303,50.20984],[-5.48216,50.21013],[-5.48174,50.20984],[-5.48119,50.20999],[-5.48046,50.20813],[-5.47879,50.20819],[-5.47887,50.2086],[-5.47826,50.20852],[-5.4762,50.20943],[-5.47393,50.20782],[-5.47226,50.20746],[-5.47113,50.20758],[-5.4711,50.20708],[-5.47036,50.20724],[-5.47031,50.20657],[-5.46942,50.20637],[-5.46916,50.20477],[-5.46972,50.20421],[-5.46897,50.20387],[-5.46965,50.2031],[-5.46922,50.20263],[-5.46991,50.20169],[-5.46941,50.20132],[-5.46962,50.20081],[-5.46924,50.20024],[-5.47004,50.2002],[-5.46611,50.19746],[-5.46712,50.19637],[-5.46934,50.19491],[-5.46984,50.1957],[-5.47161,50.19681],[-5.47509,50.19542],[-5.47624,50.19609],[-5.47794,50.19806],[-5.47923,50.19705],[-5.48031,50.19751],[-5.48181,50.19691],[-5.48451,50.19484],[-5.48814,50.19365],[-5.48886,50.19385],[-5.48892,50.19409],[-5.48826,50.19432],[-5.48871,50.19532],[-5.4865,50.1961],[-5.48732,50.19645],[-5.48747,50.19732],[-5.48837,50.19826],[-5.49031,50.1978],[-5.49083,50.19805],[-5.49266,50.19794],[-5.49508,50.19638],[-5.49805,50.19879],[-5.49509,50.20121],[-5.49427,50.20132],[-5.49079,50.20293],[-5.49142,50.20378],[-5.48888,50.20422],[-5.4892,50.20529],[-5.48813,50.2057],[-5.48799,50.20616],[-5.48949,50.20755],[-5.48904,50.20817],[-5.48373,50.21027]]]}},{"type":"Feature","properties":{"id":"E01019012","name":"E01019012","parent":"E06000052","type":"LSOA","pop":1155,"r":11,"ff":6,"ffd":519.5,"ffs":0.5455,"g":0,"co":1,"mo":3,"sa":3,"ic":1},"geometry":{"type":"Polygon","coordinates":[[[-5.4781,50.21923],[-5.47749,50.21873],[-5.47743,50.21899],[-5.47567,50.21886],[-5.47583,50.21854],[-5.47538,50.21814],[-5.47627,50.21744],[-5.4759,50.21693],[-5.475,50.21663],[-5.4762,50.21595],[-5.47625,50.21547],[-5.47564,50.21527],[-5.47634,50.21516],[-5.47668,50.2134],[-5.47662,50.21499],[-5.47947,50.2148],[-5.47972,50.21309],[-5.47876,50.21303],[-5.47951,50.21284],[-5.47952,50.21241],[-5.47848,50.21138],[-5.47761,50.21142],[-5.47712,50.21107],[-5.47728,50.2102],[-5.4762,50.20943],[-5.47826,50.20852],[-5.47887,50.2086],[-5.47879,50.20819],[-5.48046,50.20813],[-5.48119,50.20999],[-5.48174,50.20984],[-5.48216,50.21013],[-5.48303,50.20984],[-5.48374,50.21028],[-5.48522,50.21042],[-5.48523,50.21096],[-5.48634,50.21234],[-5.48529,50.2126],[-5.48516,50.21493],[-5.48434,50.21504],[-5.47984,50.21659],[-5.47951,50.21702],[-5.48015,50.21735],[-5.4798,50.21768],[-5.4801,50.21831],[-5.47963,50.21868],[-5.4781,50.21923]]]}},{"type":"Feature","properties":{"id":"E01019013","name":"E01019013","parent":"E06000052","type":"LSOA","pop":2038,"r":9,"ff":4,"ffd":196.3,"ffs":0.4444,"g":0,"co":3,"mo":3,"sa":3,"ic":1},"geometry":{"type":"Polygon","coordinates":[[[-4.75821,50.34887],[-4.75382,50.34698],[-4.75164,50.34498],[-4.74995,50.34272],[-4.75492,50.34098],[-4.75645,50.34072],[-4.7569,50.34127],[-4.75903,50.34041],[-4.75919,50.34064],[-4.76193,50.33991],[-4.76388,50.34307],[-4.76355,50.34383],[-4.76393,50.34406],[-4.769,50.34347],[-4.76908,50.34366],[-4.76858,50.34387],[-4.76883,50.34401],[-4.76769,50.34633],[-4.76676,50.34646],[-4.76749,50.34693],[-4.76719,50.34725],[-4.76603,50.34719],[-4.76598,50.34761],[-4.76479,50.34768],[-4.7654,50.34813],[-4.76448,50.34826],[-4.76409,50.34771],[-4.76302,50.34789],[-4.76261,50.3471],[-4.76133,50.34741],[-4.76179,50.3479],[-4.76105,50.34826],[-4.76108,50.34939],[-4.76083,50.34965],[-4.75821,50.34887]]]}},{"type":"Feature","properties":{"id":"E01019014","name":"E01019014","parent":"E06000052","type":"LSOA","pop":1471,"r":9,"ff":4,"ffd":271.9,"ffs":0.4444,"g":0,"co":3,"mo":3,"sa":3,"ic":1},"geometry":{"type":"Polygon","coordinates":[[[-4.76108,50.34939],[-4.76105,50.34826],[-4.76179,50.3479],[-4.76133,50.34741],[-4.76261,50.3471],[-4.76302,50.34789],[-4.76409,50.34771],[-4.76448,50.34826],[-4.7654,50.34813],[-4.76479,50.34768],[-4.76598,50.34761],[-4.76603,50.34719],[-4.76719,50.34725],[-4.76749,50.34693],[-4.76676,50.34646],[-4.76769,50.34633],[-4.76883,50.34401],[-4.76858,50.34387],[-4.76908,50.34366],[-4.769,50.34347],[-4.77321,50.34219],[-4.77316,50.34324],[-4.77235,50.34356],[-4.77079,50.34354],[-4.77166,50.34457],[-4.77265,50.34485],[-4.77292,50.34564],[-4.77331,50.34558],[-4.77318,50.34582],[-4.77253,50.34565],[-4.77211,50.345],[-4.77136,50.34534],[-4.77139,50.34587],[-4.77318,50.34754],[-4.77322,50.34832],[-4.77267,50.34861],[-4.7692,50.34798],[-4.76732,50.34793],[-4.76632,50.34856],[-4.76564,50.35186],[-4.76083,50.34965],[-4.76108,50.34939]]]}},{"type":"Feature","properties":{"id":"E01019015","name":"E01019015","parent":"E06000052","type":"LSOA","pop":1358,"r":9,"ff":4,"ffd":294.6,"ffs":0.4444,"g":0,"co":1,"mo":3,"sa":3,"ic":1},"geometry":{"type":"Polygon","coordinates":[[[-4.77492,50.35015],[-4.77405,50.34923],[-4.77268,50.34902],[-4.77267,50.34861],[-4.77322,50.34832],[-4.77318,50.34754],[-4.77139,50.34587],[-4.77136,50.34534],[-4.77211,50.345],[-4.77253,50.34565],[-4.77318,50.34582],[-4.77331,50.34558],[-4.77292,50.34564],[-4.77265,50.34485],[-4.77166,50.34457],[-4.77079,50.34354],[-4.77235,50.34356],[-4.77316,50.34324],[-4.77321,50.34219],[-4.7753,50.34177],[-4.77758,50.3441],[-4.77793,50.3448],[-4.77513,50.34666],[-4.77667,50.34756],[-4.77574,50.34763],[-4.77588,50.34796],[-4.77684,50.34792],[-4.77714,50.34827],[-4.77798,50.34779],[-4.77843,50.34843],[-4.77739,50.34888],[-4.77666,50.34854],[-4.77597,50.34897],[-4.7781,50.35006],[-4.77831,50.34986],[-4.77992,50.35026],[-4.77872,50.35193],[-4.77732,50.35124],[-4.77564,50.35118],[-4.77437,50.35078],[-4.77492,50.35015]]]}},{"type":"Feature","properties":{"id":"E01019016","name":"E01019016","parent":"E06000052","type":"LSOA","pop":1862,"r":9,"ff":4,"ffd":214.8,"ffs":0.4444,"g":0,"co":3,"mo":3,"sa":3,"ic":1},"geometry":{"type":"Polygon","coordinates":[[[-4.77602,50.35285],[-4.77167,50.35232],[-4.7703,50.35237],[-4.76951,50.35299],[-4.76564,50.35186],[-4.76632,50.34856],[-4.76732,50.34793],[-4.7692,50.34798],[-4.77267,50.34861],[-4.77268,50.34902],[-4.77405,50.34923],[-4.77492,50.35015],[-4.77437,50.35078],[-4.77564,50.35118],[-4.77625,50.35209],[-4.77602,50.35285]]]}},{"type":"Feature","properties":{"id":"E01019018","name":"E01019018","parent":"E06000052","type":"LSOA","pop":1587,"r":35,"ff":12,"ffd":756.1,"ffs":0.5,"g":11,"co":0,"mo":0,"sa":0,"ic":3},"geometry":{"type":"Polygon","coordinates":[[[-5.0582,50.41361],[-5.05753,50.41134],[-5.05721,50.40847],[-5.05677,50.40849],[-5.05633,50.40801],[-5.05572,50.40833],[-5.05529,50.407],[-5.0597,50.40607],[-5.06178,50.40627],[-5.06327,50.40678],[-5.06551,50.40812],[-5.06923,50.40916],[-5.07235,50.41085],[-5.07201,50.41199],[-5.07092,50.4135],[-5.06927,50.41315],[-5.06666,50.41218],[-5.06644,50.41142],[-5.0656,50.41075],[-5.06469,50.4106],[-5.06391,50.41005],[-5.0635,50.41045],[-5.06318,50.41007],[-5.06162,50.41014],[-5.06092,50.40925],[-5.05927,50.40902],[-5.05922,50.40964],[-5.06272,50.41098],[-5.06452,50.41114],[-5.06514,50.41158],[-5.06566,50.41142],[-5.06635,50.41207],[-5.06402,50.41272],[-5.06448,50.41281],[-5.06489,50.41348],[-5.06407,50.41341],[-5.06341,50.41297],[-5.06207,50.41293],[-5.06167,50.41521],[-5.05884,50.41547],[-5.05736,50.41513],[-5.0582,50.41361]]]}},{"type":"Feature","properties":{"id":"E01019019","name":"E01019019","parent":"E06000052","type":"LSOA","pop":1893,"r":35,"ff":12,"ffd":633.9,"ffs":0.5,"g":11,"co":0,"mo":0,"sa":0,"ic":3},"geometry":{"type":"Polygon","coordinates":[[[-5.06638,50.41946],[-5.06376,50.41854],[-5.06027,50.41866],[-5.05755,50.41899],[-5.05648,50.41883],[-5.05644,50.41838],[-5.05709,50.41833],[-5.05656,50.41665],[-5.05736,50.41513],[-5.05884,50.41547],[-5.06167,50.41521],[-5.06207,50.41293],[-5.06341,50.41297],[-5.06407,50.41341],[-5.06489,50.41348],[-5.06448,50.41281],[-5.06402,50.41272],[-5.06635,50.41207],[-5.06566,50.41142],[-5.06514,50.41158],[-5.06452,50.41114],[-5.06272,50.41098],[-5.05922,50.40964],[-5.05927,50.40902],[-5.06092,50.40925],[-5.06162,50.41014],[-5.06318,50.41007],[-5.0635,50.41045],[-5.06391,50.41005],[-5.06469,50.4106],[-5.0656,50.41075],[-5.06644,50.41142],[-5.06666,50.41218],[-5.06927,50.41315],[-5.07092,50.4135],[-5.07072,50.41391],[-5.07118,50.41434],[-5.07065,50.41518],[-5.06988,50.41549],[-5.07023,50.41609],[-5.07186,50.41729],[-5.0699,50.4186],[-5.06638,50.41946]]]}},{"type":"Feature","properties":{"id":"E01019020","name":"E01019020","parent":"E06000052","type":"LSOA","pop":1604,"r":35,"ff":12,"ffd":748.1,"ffs":0.5,"g":11,"co":0,"mo":0,"sa":0,"ic":3},"geometry":{"type":"Polygon","coordinates":[[[-5.06708,50.42048],[-5.06708,50.41927],[-5.0699,50.4186],[-5.07186,50.41729],[-5.07023,50.41609],[-5.06988,50.41549],[-5.07065,50.41518],[-5.07118,50.41434],[-5.07072,50.41391],[-5.07201,50.41199],[-5.07235,50.41085],[-5.07293,50.41121],[-5.07435,50.41053],[-5.07523,50.41104],[-5.07719,50.41105],[-5.07816,50.41147],[-5.07845,50.41178],[-5.07902,50.41189],[-5.07882,50.41285],[-5.07818,50.41421],[-5.0763,50.41524],[-5.07537,50.41598],[-5.07636,50.41701],[-5.07548,50.4168],[-5.07476,50.417],[-5.07266,50.41814],[-5.07265,50.41878],[-5.07148,50.41894],[-5.07189,50.41925],[-5.07119,50.4194],[-5.07089,50.41986],[-5.0716,50.4202],[-5.06986,50.42045],[-5.07025,50.42056],[-5.06941,50.42035],[-5.0678,50.42063],[-5.0683,50.42083],[-5.06749,50.42102],[-5.06708,50.42048]]]}},{"type":"Feature","properties":{"id":"E01019021","name":"E01019021","parent":"E06000052","type":"LSOA","pop":1626,"r":35,"ff":12,"ffd":738.0,"ffs":0.5,"g":11,"co":0,"mo":0,"sa":0,"ic":3},"geometry":{"type":"MultiPolygon","coordinates":[[[[-5.0723,50.4025],[-5.07216,50.40215],[-5.07264,50.40264],[-5.07263,50.40263],[-5.0723,50.4025]]],[[[-5.07307,50.40369],[-5.07394,50.40358],[-5.07395,50.40358],[-5.07307,50.4037],[-5.07307,50.40369]]],[[[-5.07453,50.40482],[-5.07454,50.40482],[-5.07488,50.40486],[-5.07453,50.40482]]],[[[-5.07885,50.40584],[-5.07871,50.40576],[-5.07889,50.40585],[-5.07885,50.40584]]],[[[-5.07831,50.41038],[-5.07741,50.4098],[-5.07405,50.40915],[-5.07346,50.40971],[-5.0724,50.40947],[-5.07131,50.41019],[-5.06923,50.40916],[-5.06696,50.40859],[-5.06723,50.40751],[-5.06596,50.40752],[-5.06522,50.40709],[-5.0657,50.40655],[-5.06645,50.407],[-5.06787,50.40687],[-5.06789,50.40645],[-5.06719,50.40614],[-5.0675,50.40582],[-5.06712,50.40567],[-5.06726,50.40522],[-5.0666,50.40542],[-5.06711,50.40503],[-5.06836,50.40545],[-5.06779,50.40588],[-5.06802,50.40601],[-5.06944,50.40603],[-5.07011,50.4059],[-5.07051,50.40494],[-5.07126,50.40511],[-5.072,50.40485],[-5.07137,50.40409],[-5.07077,50.40444],[-5.07035,50.40424],[-5.07023,50.40447],[-5.0695,50.40444],[-5.06662,50.4032],[-5.06621,50.40286],[-5.06668,50.40234],[-5.06668,50.40033],[-5.06936,50.39942],[-5.06904,50.39905],[-5.06941,50.39889],[-5.07017,50.39993],[-5.0706,50.3998],[-5.07155,50.40163],[-5.07223,50.40248],[-5.07279,50.40279],[-5.07299,50.40375],[-5.07397,50.40363],[-5.07493,50.40413],[-5.07434,50.40484],[-5.07746,50.40521],[-5.07801,50.40552],[-5.07707,50.40558],[-5.07801,50.40555],[-5.07846,50.40591],[-5.07902,50.40596],[-5.07865,50.40602],[-5.07848,50.40641],[-5.07766,50.40652],[-5.07787,50.40738],[-5.07815,50.40766],[-5.07867,50.40748],[-5.07911,50.4083],[-5.07847,50.40829],[-5.07855,50.40865],[-5.07949,50.40893],[-5.07925,50.40933],[-5.07927,50.41002],[-5.07865,50.40993],[-5.07831,50.41038]]]]}},{"type":"Feature","properties":{"id":"E01019022","name":"E01019022","parent":"E06000052","type":"LSOA","pop":1794,"r":35,"ff":12,"ffd":668.9,"ffs":0.5,"g":11,"co":0,"mo":0,"sa":0,"ic":3},"geometry":{"type":"Polygon","coordinates":[[[-5.07523,50.41104],[-5.07435,50.41053],[-5.07293,50.41121],[-5.07131,50.41019],[-5.0724,50.40947],[-5.07346,50.40971],[-5.07405,50.40915],[-5.07741,50.4098],[-5.07831,50.41038],[-5.07865,50.40993],[-5.07927,50.41002],[-5.07925,50.40933],[-5.07949,50.40893],[-5.07855,50.40865],[-5.07847,50.40829],[-5.07911,50.4083],[-5.07867,50.40748],[-5.07815,50.40766],[-5.07787,50.40738],[-5.07766,50.40652],[-5.07848,50.40641],[-5.07865,50.40602],[-5.08304,50.40637],[-5.08839,50.40835],[-5.0882,50.4093],[-5.08371,50.40907],[-5.08322,50.41081],[-5.08374,50.41157],[-5.07882,50.41285],[-5.07902,50.41189],[-5.07845,50.41178],[-5.07816,50.41147],[-5.07719,50.41105],[-5.07523,50.41104]]]}},{"type":"Feature","properties":{"id":"E01019023","name":"E01019023","parent":"E06000052","type":"LSOA","pop":1656,"r":35,"ff":12,"ffd":724.6,"ffs":0.5,"g":11,"co":0,"mo":0,"sa":0,"ic":3},"geometry":{"type":"Polygon","coordinates":[[[-5.06327,50.40678],[-5.06178,50.40627],[-5.0597,50.40607],[-5.05741,50.40651],[-5.05832,50.40593],[-5.06179,50.40516],[-5.06325,50.40335],[-5.06373,50.40218],[-5.06541,50.40194],[-5.06452,50.40101],[-5.06668,50.40033],[-5.06668,50.40234],[-5.06621,50.40286],[-5.06662,50.4032],[-5.0695,50.40444],[-5.07023,50.40447],[-5.07035,50.40424],[-5.07077,50.40444],[-5.07137,50.40409],[-5.072,50.40485],[-5.07126,50.40511],[-5.07051,50.40494],[-5.07011,50.4059],[-5.06944,50.40603],[-5.06802,50.40601],[-5.06779,50.40588],[-5.06836,50.40545],[-5.06711,50.40503],[-5.0666,50.40542],[-5.06726,50.40522],[-5.06712,50.40567],[-5.0675,50.40582],[-5.06719,50.40614],[-5.06789,50.40645],[-5.06787,50.40687],[-5.06645,50.407],[-5.0657,50.40655],[-5.06522,50.40709],[-5.06596,50.40752],[-5.06723,50.40751],[-5.06696,50.40859],[-5.06551,50.40812],[-5.06327,50.40678]]]}},{"type":"Feature","properties":{"id":"E01019024","name":"E01019024","parent":"E06000052","type":"LSOA","pop":1493,"r":7,"ff":3,"ffd":200.9,"ffs":0.4286,"g":0,"co":1,"mo":3,"sa":3,"ic":1},"geometry":{"type":"Polygon","coordinates":[[[-4.68618,50.37513],[-4.68487,50.37474],[-4.68388,50.37705],[-4.68287,50.37789],[-4.68312,50.37842],[-4.68062,50.37947],[-4.68005,50.37946],[-4.67964,50.37999],[-4.67775,50.38014],[-4.67487,50.37991],[-4.67435,50.3792],[-4.67441,50.37842],[-4.6732,50.37857],[-4.67291,50.37835],[-4.67254,50.37677],[-4.67305,50.37666],[-4.67225,50.37403],[-4.67016,50.37425],[-4.6703,50.37207],[-4.67079,50.37208],[-4.67152,50.37066],[-4.67199,50.3706],[-4.67202,50.36896],[-4.67155,50.36746],[-4.6689,50.36477],[-4.66903,50.36264],[-4.66772,50.36068],[-4.66805,50.36064],[-4.66717,50.35759],[-4.66502,50.35572],[-4.66386,50.35433],[-4.66315,50.35216],[-4.66516,50.35174],[-4.66635,50.35235],[-4.66757,50.35249],[-4.66958,50.35186],[-4.67155,50.35215],[-4.67167,50.35248],[-4.67464,50.35399],[-4.68121,50.35584],[-4.68097,50.3584],[-4.68211,50.35958],[-4.68714,50.36022],[-4.68848,50.36015],[-4.68806,50.35944],[-4.68665,50.3595],[-4.68682,50.35757],[-4.68791,50.3575],[-4.69006,50.35865],[-4.69116,50.35829],[-4.69141,50.35762],[-4.69237,50.35777],[-4.6939,50.35555],[-4.69536,50.35626],[-4.69524,50.35653],[-4.6958,50.35689],[-4.69417,50.35792],[-4.6954,50.35814],[-4.6958,50.35863],[-4.69635,50.35849],[-4.69729,50.35888],[-4.69953,50.35879],[-4.69903,50.35788],[-4.70377,50.35727],[-4.70418,50.35677],[-4.70476,50.35714],[-4.70549,50.35881],[-4.70691,50.35859],[-4.70733,50.35902],[-4.70917,50.35922],[-4.70835,50.35814],[-4.71157,50.35741],[-4.71371,50.3611],[-4.71479,50.3647],[-4.71331,50.36552],[-4.7126,50.36528],[-4.71018,50.36621],[-4.7097,50.36901],[-4.70844,50.37052],[-4.7085,50.37174],[-4.70584,50.3737],[-4.70495,50.37543],[-4.70327,50.37689],[-4.70159,50.37776],[-4.70128,50.38071],[-4.70246,50.38609],[-4.70228,50.38795],[-4.70096,50.38824],[-4.69999,50.38665],[-4.69742,50.38473],[-4.69286,50.38364],[-4.69172,50.38294],[-4.69055,50.38162],[-4.68975,50.37761],[-4.68796,50.37602],[-4.68618,50.37513]]]}},{"type":"Feature","properties":{"id":"E01019025","name":"E01019025","parent":"E06000052","type":"LSOA","pop":1700,"r":1,"ff":0,"ffd":0.0,"ffs":0.0,"g":0,"co":3,"mo":3,"sa":3,"ic":3},"geometry":{"type":"Polygon","coordinates":[[[-4.63501,50.34559],[-4.63661,50.34161],[-4.63832,50.34046],[-4.63986,50.34058],[-4.64235,50.3402],[-4.64441,50.34053],[-4.64567,50.34145],[-4.64705,50.3418],[-4.64802,50.34161],[-4.64829,50.34102],[-4.64793,50.34104],[-4.64791,50.34071],[-4.6489,50.33903],[-4.64716,50.33878],[-4.64604,50.3374],[-4.64738,50.33727],[-4.64706,50.33778],[-4.64869,50.3376],[-4.64986,50.3371],[-4.64975,50.33668],[-4.64832,50.33625],[-4.6471,50.33462],[-4.64487,50.33603],[-4.64338,50.33536],[-4.6431,50.334],[-4.63991,50.33473],[-4.63906,50.33453],[-4.63848,50.33495],[-4.63831,50.33454],[-4.6398,50.33403],[-4.63927,50.334],[-4.63919,50.33364],[-4.63831,50.33397],[-4.63894,50.33301],[-4.63942,50.33319],[-4.63995,50.33266],[-4.64063,50.33283],[-4.64118,50.33205],[-4.64296,50.33205],[-4.64303,50.33161],[-4.64209,50.33085],[-4.6429,50.32999],[-4.64416,50.32946],[-4.64558,50.32968],[-4.64571,50.32916],[-4.64393,50.32804],[-4.64491,50.32817],[-4.64545,50.32742],[-4.64662,50.32788],[-4.64661,50.32697],[-4.64707,50.32676],[-4.6478,50.32722],[-4.64886,50.32725],[-4.64956,50.32698],[-4.64934,50.3266],[-4.65065,50.32692],[-4.65104,50.32655],[-4.65172,50.32693],[-4.65212,50.3268],[-4.65243,50.3265],[-4.65213,50.32603],[-4.65314,50.32547],[-4.65209,50.32493],[-4.65252,50.32494],[-4.6526,50.32448],[-4.65332,50.32422],[-4.65313,50.32369],[-4.65356,50.32383],[-4.65344,50.32358],[-4.65422,50.32356],[-4.65449,50.32318],[-4.65482,50.32338],[-4.65487,50.32306],[-4.65512,50.32323],[-4.65546,50.32318],[-4.65517,50.32302],[-4.65658,50.32297],[-4.65632,50.32335],[-4.6569,50.32313],[-4.65777,50.32334],[-4.6579,50.32307],[-4.65905,50.3232],[-4.65965,50.32296],[-4.65954,50.32259],[-4.66147,50.32241],[-4.66195,50.322],[-4.662,50.32232],[-4.66223,50.32212],[-4.66251,50.32229],[-4.66249,50.322],[-4.66273,50.32225],[-4.66344,50.32213],[-4.66391,50.32165],[-4.66461,50.32189],[-4.66436,50.32233],[-4.66525,50.32361],[-4.666,50.32364],[-4.66644,50.32312],[-4.66762,50.32308],[-4.66799,50.32251],[-4.66755,50.32217],[-4.66823,50.32164],[-4.66815,50.32127],[-4.66755,50.32126],[-4.66713,50.32073],[-4.66863,50.3212],[-4.66948,50.31998],[-4.6692,50.31858],[-4.66873,50.31868],[-4.66898,50.31847],[-4.66863,50.3184],[-4.66926,50.31784],[-4.66889,50.31719],[-4.66961,50.31755],[-4.6698,50.31739],[-4.66887,50.31656],[-4.66933,50.31639],[-4.66882,50.31635],[-4.67039,50.31611],[-4.66946,50.31599],[-4.67024,50.3158],[-4.6699,50.31529],[-4.67034,50.315],[-4.6712,50.31521],[-4.67142,50.3148],[-4.67091,50.31435],[-4.67124,50.31412],[-4.67231,50.31423],[-4.67269,50.31389],[-4.67368,50.31448],[-4.67555,50.31462],[-4.67516,50.31476],[-4.67576,50.31525],[-4.67537,50.31563],[-4.67665,50.31792],[-4.67901,50.31854],[-4.68114,50.31828],[-4.6816,50.31856],[-4.68111,50.31891],[-4.68128,50.31951],[-4.68176,50.31978],[-4.68306,50.31964],[-4.68339,50.32006],[-4.68426,50.31986],[-4.68483,50.32012],[-4.68452,50.32049],[-4.68406,50.32032],[-4.68451,50.3206],[-4.68406,50.32092],[-4.68344,50.32098],[-4.6836,50.32121],[-4.68272,50.32152],[-4.68319,50.32158],[-4.6829,50.32194],[-4.68317,50.32205],[-4.68228,50.32225],[-4.68263,50.32245],[-4.68208,50.32261],[-4.68242,50.32298],[-4.68172,50.32335],[-4.6826,50.32394],[-4.68198,50.32493],[-4.68247,50.32514],[-4.68215,50.32548],[-4.68295,50.32576],[-4.68285,50.32597],[-4.6822,50.32583],[-4.68275,50.32639],[-4.6822,50.3266],[-4.68259,50.32698],[-4.68175,50.32771],[-4.68243,50.32809],[-4.68216,50.3302],[-4.68292,50.33089],[-4.68235,50.33171],[-4.68256,50.33209],[-4.68215,50.33226],[-4.68263,50.33313],[-4.68232,50.33344],[-4.68284,50.33385],[-4.68233,50.33395],[-4.68216,50.3346],[-4.68267,50.33528],[-4.68223,50.33562],[-4.68311,50.336],[-4.68198,50.33673],[-4.68234,50.3373],[-4.6819,50.33692],[-4.68146,50.33776],[-4.68198,50.33833],[-4.68344,50.33889],[-4.68512,50.33941],[-4.68583,50.33924],[-4.68561,50.34042],[-4.68626,50.34098],[-4.68818,50.34137],[-4.68871,50.34106],[-4.68958,50.34219],[-4.68891,50.34275],[-4.68938,50.34271],[-4.68894,50.34364],[-4.68973,50.34377],[-4.69029,50.3448],[-4.68985,50.34638],[-4.68965,50.34658],[-4.68943,50.34804],[-4.68981,50.34645],[-4.69153,50.3468],[-4.69161,50.34789],[-4.6905,50.34808],[-4.68977,50.34856],[-4.68921,50.35021],[-4.69018,50.35064],[-4.68954,50.351],[-4.69029,50.3513],[-4.69072,50.35095],[-4.69258,50.35327],[-4.69273,50.35405],[-4.69328,50.35413],[-4.6939,50.35555],[-4.69237,50.35777],[-4.69141,50.35762],[-4.69116,50.35829],[-4.69006,50.35865],[-4.68791,50.3575],[-4.68682,50.35757],[-4.68665,50.3595],[-4.68806,50.35944],[-4.68848,50.36015],[-4.68714,50.36022],[-4.68211,50.35958],[-4.68097,50.3584],[-4.68121,50.35584],[-4.67464,50.35399],[-4.67167,50.35248],[-4.67155,50.35215],[-4.66958,50.35186],[-4.66757,50.35249],[-4.66635,50.35235],[-4.66516,50.35174],[-4.66315,50.35216],[-4.66386,50.35433],[-4.66502,50.35572],[-4.66717,50.35759],[-4.66805,50.36064],[-4.66772,50.36068],[-4.66903,50.36264],[-4.6689,50.36477],[-4.67155,50.36746],[-4.67202,50.36896],[-4.67199,50.3706],[-4.67152,50.37066],[-4.67079,50.37208],[-4.6703,50.37207],[-4.67016,50.37425],[-4.67225,50.37403],[-4.67305,50.37666],[-4.67254,50.37677],[-4.67291,50.37835],[-4.6732,50.37857],[-4.67441,50.37842],[-4.67435,50.3792],[-4.67487,50.37991],[-4.67589,50.38061],[-4.66855,50.38318],[-4.66752,50.38384],[-4.66702,50.38472],[-4.66823,50.38691],[-4.6679,50.38676],[-4.66643,50.38729],[-4.66576,50.38813],[-4.66517,50.38822],[-4.66277,50.38992],[-4.6605,50.38662],[-4.65755,50.38423],[-4.65636,50.38091],[-4.65561,50.37994],[-4.65384,50.37869],[-4.65014,50.37753],[-4.6497,50.37706],[-4.65276,50.37588],[-4.6545,50.37386],[-4.65242,50.37531],[-4.64897,50.37634],[-4.64964,50.37703],[-4.64794,50.37637],[-4.64362,50.37279],[-4.63955,50.37138],[-4.63893,50.37032],[-4.63904,50.36667],[-4.63994,50.36401],[-4.6397,50.36221],[-4.6401,50.36376],[-4.63958,50.36576],[-4.64037,50.36514],[-4.64102,50.36313],[-4.6399,50.36178],[-4.63961,50.36207],[-4.63875,50.36017],[-4.63941,50.35661],[-4.63901,50.35414],[-4.63951,50.35479],[-4.6418,50.35458],[-4.64062,50.35409],[-4.63921,50.35384],[-4.63903,50.35405],[-4.63764,50.35241],[-4.63731,50.35148],[-4.63757,50.35179],[-4.63763,50.35159],[-4.63709,50.35117],[-4.63793,50.34768],[-4.63763,50.34667],[-4.63579,50.34567],[-4.63501,50.34559]]]}},{"type":"Feature","properties":{"id":"E01019026","name":"E01019026","parent":"E06000052","type":"LSOA","pop":1360,"r":7,"ff":3,"ffd":220.6,"ffs":0.4286,"g":0,"co":1,"mo":3,"sa":3,"ic":1},"geometry":{"type":"MultiPolygon","coordinates":[[[[-4.70526,50.34864],[-4.70469,50.34857],[-4.70536,50.34865],[-4.70526,50.34864]]],[[[-4.70733,50.35902],[-4.70691,50.35859],[-4.70549,50.35881],[-4.70476,50.35714],[-4.70418,50.35677],[-4.70377,50.35727],[-4.69903,50.35788],[-4.69953,50.35879],[-4.69729,50.35888],[-4.69635,50.35849],[-4.6958,50.35863],[-4.6954,50.35814],[-4.69417,50.35792],[-4.6958,50.35689],[-4.69524,50.35653],[-4.69536,50.35626],[-4.6939,50.35555],[-4.69328,50.35413],[-4.69273,50.35405],[-4.69258,50.35327],[-4.69072,50.35095],[-4.69029,50.3513],[-4.68954,50.351],[-4.69018,50.35064],[-4.68921,50.35021],[-4.68977,50.34856],[-4.6905,50.34808],[-4.69161,50.34789],[-4.69153,50.3468],[-4.69537,50.34769],[-4.69776,50.34783],[-4.70251,50.34691],[-4.70386,50.3491],[-4.70403,50.34868],[-4.70539,50.34867],[-4.70829,50.35113],[-4.71157,50.35741],[-4.70835,50.35814],[-4.70917,50.35922],[-4.70733,50.35902]]]]}},{"type":"Feature","properties":{"id":"E01019027","name":"E01019027","parent":"E06000052","type":"LSOA","pop":1202,"r":1,"ff":0,"ffd":0.0,"ffs":0.0,"g":0,"co":3,"mo":3,"sa":3,"ic":3},"geometry":{"type":"Polygon","coordinates":[[[-4.63322,50.34063],[-4.6336,50.34048],[-4.63364,50.33993],[-4.63259,50.33967],[-4.63197,50.33881],[-4.63337,50.33633],[-4.63427,50.33551],[-4.63417,50.33493],[-4.63739,50.3337],[-4.63786,50.33313],[-4.63747,50.33311],[-4.63891,50.33282],[-4.63914,50.33249],[-4.6404,50.33224],[-4.64029,50.33186],[-4.64123,50.33177],[-4.6421,50.33095],[-4.64303,50.33161],[-4.64296,50.33205],[-4.64118,50.33205],[-4.64063,50.33283],[-4.63995,50.33266],[-4.63942,50.33319],[-4.63894,50.33301],[-4.63831,50.33397],[-4.63919,50.33364],[-4.63927,50.334],[-4.6398,50.33403],[-4.63831,50.33454],[-4.63848,50.33495],[-4.63906,50.33453],[-4.63991,50.33473],[-4.6431,50.334],[-4.64338,50.33536],[-4.64487,50.33603],[-4.6471,50.33462],[-4.64832,50.33625],[-4.64975,50.33668],[-4.64986,50.3371],[-4.64869,50.3376],[-4.64706,50.33778],[-4.64738,50.33727],[-4.64604,50.3374],[-4.64716,50.33878],[-4.6489,50.33903],[-4.64791,50.34071],[-4.64793,50.34104],[-4.64829,50.34102],[-4.64802,50.34161],[-4.64705,50.3418],[-4.64567,50.34145],[-4.64441,50.34053],[-4.64235,50.3402],[-4.63986,50.34058],[-4.63832,50.34046],[-4.63661,50.34161],[-4.63501,50.34559],[-4.63312,50.3454],[-4.63115,50.34463],[-4.63123,50.34407],[-4.63297,50.34208],[-4.63322,50.34063]]]}},{"type":"Feature","properties":{"id":"E01019028","name":"E01019028","parent":"E06000052","type":"LSOA","pop":2098,"r":35,"ff":12,"ffd":572.0,"ffs":0.5,"g":11,"co":0,"mo":0,"sa":0,"ic":3},"geometry":{"type":"MultiPolygon","coordinates":[[[[-5.0866,50.4175],[-5.08666,50.41749],[-5.08664,50.41755],[-5.0866,50.41754],[-5.0866,50.4175]]],[[[-5.09787,50.42555],[-5.09746,50.42412],[-5.09677,50.42383],[-5.09717,50.42366],[-5.09679,50.42346],[-5.09713,50.42319],[-5.09596,50.42242],[-5.0966,50.42221],[-5.09508,50.42157],[-5.09419,50.42106],[-5.09396,50.42072],[-5.09259,50.42051],[-5.09207,50.42012],[-5.09141,50.42012],[-5.09143,50.42078],[-5.08975,50.42055],[-5.08945,50.42064],[-5.08969,50.42073],[-5.08773,50.42063],[-5.08805,50.42039],[-5.0876,50.42039],[-5.08717,50.41973],[-5.08739,50.41936],[-5.08685,50.41894],[-5.08735,50.41898],[-5.0868,50.41861],[-5.0876,50.41854],[-5.08647,50.41797],[-5.08782,50.41808],[-5.0885,50.41739],[-5.0874,50.41674],[-5.0866,50.41671],[-5.088,50.4161],[-5.08853,50.41627],[-5.08932,50.4159],[-5.08931,50.41619],[-5.0901,50.41614],[-5.09079,50.41526],[-5.0919,50.41533],[-5.09256,50.41402],[-5.09008,50.41394],[-5.08995,50.41472],[-5.089,50.41474],[-5.08904,50.41448],[-5.08819,50.41427],[-5.08812,50.41401],[-5.08944,50.41359],[-5.08935,50.4129],[-5.08872,50.41288],[-5.08857,50.41183],[-5.08682,50.41185],[-5.08684,50.41207],[-5.08556,50.41223],[-5.08489,50.41197],[-5.08523,50.41108],[-5.08374,50.41157],[-5.08322,50.41081],[-5.08371,50.40907],[-5.0882,50.4093],[-5.08784,50.41054],[-5.08915,50.41048],[-5.09048,50.40985],[-5.09148,50.4104],[-5.09134,50.41114],[-5.09088,50.41109],[-5.09075,50.41157],[-5.09155,50.41271],[-5.09272,50.41297],[-5.0929,50.41223],[-5.09337,50.41212],[-5.09342,50.41185],[-5.09888,50.41624],[-5.09965,50.4164],[-5.09787,50.41921],[-5.09833,50.41962],[-5.09794,50.41959],[-5.09945,50.42035],[-5.09877,50.42038],[-5.09944,50.42108],[-5.09861,50.42117],[-5.09987,50.42149],[-5.09858,50.42139],[-5.09906,50.42196],[-5.09848,50.42187],[-5.09855,50.42218],[-5.09774,50.4225],[-5.09822,50.42371],[-5.09998,50.42393],[-5.09981,50.42423],[-5.10028,50.42466],[-5.10095,50.42464],[-5.10143,50.42519],[-5.1007,50.42509],[-5.10135,50.42547],[-5.09974,50.42563],[-5.09974,50.42592],[-5.09787,50.42555]]]]}},{"type":"Feature","properties":{"id":"E01019029","name":"E01019029","parent":"E06000052","type":"LSOA","pop":1606,"r":35,"ff":12,"ffd":747.2,"ffs":0.5,"g":11,"co":0,"mo":0,"sa":0,"ic":3},"geometry":{"type":"MultiPolygon","coordinates":[[[[-5.08262,50.41562],[-5.08316,50.4156],[-5.08308,50.41601],[-5.08268,50.41599],[-5.08262,50.41562]]],[[[-5.07537,50.41598],[-5.0763,50.41524],[-5.07818,50.41421],[-5.07882,50.41285],[-5.08523,50.41108],[-5.08489,50.41197],[-5.08556,50.41223],[-5.08684,50.41207],[-5.08682,50.41185],[-5.08857,50.41183],[-5.08872,50.41288],[-5.08935,50.4129],[-5.08944,50.41359],[-5.08812,50.41401],[-5.08819,50.41427],[-5.08904,50.41448],[-5.089,50.41474],[-5.08995,50.41472],[-5.09008,50.41394],[-5.09256,50.41402],[-5.0919,50.41533],[-5.09079,50.41526],[-5.0901,50.41614],[-5.08931,50.41619],[-5.08932,50.4159],[-5.08853,50.41627],[-5.088,50.4161],[-5.0866,50.41671],[-5.0866,50.4159],[-5.08538,50.41511],[-5.08233,50.41518],[-5.08236,50.41588],[-5.0813,50.41601],[-5.08081,50.41598],[-5.08127,50.41558],[-5.08044,50.41581],[-5.07878,50.41552],[-5.07648,50.41636],[-5.0767,50.41709],[-5.07636,50.41701],[-5.07537,50.41598]]],[[[-5.0872,50.41676],[-5.0874,50.41674],[-5.08826,50.41718],[-5.08822,50.41726],[-5.0872,50.41676]]],[[[-5.0866,50.41682],[-5.08689,50.41679],[-5.08666,50.41749],[-5.0866,50.4175],[-5.0866,50.41682]]]]}},{"type":"Feature","properties":{"id":"E01019030","name":"E01019030","parent":"E06000052","type":"LSOA","pop":2000,"r":35,"ff":12,"ffd":600.0,"ffs":0.5,"g":11,"co":0,"mo":0,"sa":0,"ic":3},"geometry":{"type":"Polygon","coordinates":[[[-5.09888,50.41624],[-5.09342,50.41185],[-5.09337,50.41212],[-5.0929,50.41223],[-5.09272,50.41297],[-5.09155,50.41271],[-5.09075,50.41157],[-5.09088,50.41109],[-5.09134,50.41114],[-5.09148,50.4104],[-5.09048,50.40985],[-5.08915,50.41048],[-5.08784,50.41054],[-5.08839,50.40835],[-5.08304,50.40637],[-5.07885,50.40605],[-5.0806,50.40565],[-5.08086,50.40457],[-5.08237,50.4041],[-5.0832,50.4041],[-5.0836,50.40424],[-5.08317,50.40414],[-5.08239,50.40431],[-5.08117,50.405],[-5.08229,50.40448],[-5.08219,50.40491],[-5.08252,50.40431],[-5.08307,50.40485],[-5.0828,50.40442],[-5.08325,50.40442],[-5.0834,50.40478],[-5.08291,50.40504],[-5.08324,50.40501],[-5.08344,50.40473],[-5.08333,50.40434],[-5.0831,50.40422],[-5.0833,50.40425],[-5.08368,50.40468],[-5.08353,50.40433],[-5.08404,50.40451],[-5.08407,50.40498],[-5.08445,50.40482],[-5.08391,50.40436],[-5.08489,50.4046],[-5.08444,50.405],[-5.08491,50.40464],[-5.08596,50.40475],[-5.08617,50.40522],[-5.08483,50.40533],[-5.08611,50.40568],[-5.08646,50.40623],[-5.08815,50.40656],[-5.09024,50.40655],[-5.09339,50.40777],[-5.09993,50.40825],[-5.10034,50.40837],[-5.10016,50.40972],[-5.10047,50.41009],[-5.10318,50.41057],[-5.10197,50.41084],[-5.1022,50.41128],[-5.10021,50.41186],[-5.10251,50.41192],[-5.10268,50.41242],[-5.10396,50.41228],[-5.10677,50.41247],[-5.11056,50.41317],[-5.11295,50.4128],[-5.11356,50.41357],[-5.11299,50.41371],[-5.10985,50.41371],[-5.10591,50.41282],[-5.10536,50.41312],[-5.10508,50.41276],[-5.10461,50.4129],[-5.1041,50.41268],[-5.1037,50.41273],[-5.1039,50.41299],[-5.10243,50.41311],[-5.10234,50.41356],[-5.10133,50.414],[-5.09965,50.4164],[-5.09888,50.41624]]]}},{"type":"Feature","properties":{"id":"E01019031","name":"E01019031","parent":"E06000052","type":"LSOA","pop":1709,"r":8,"ff":5,"ffd":292.6,"ffs":0.625,"g":0,"co":1,"mo":1,"sa":1,"ic":3},"geometry":{"type":"MultiPolygon","coordinates":[[[[-5.07279,50.40279],[-5.07278,50.40278],[-5.07279,50.40278],[-5.07279,50.40279]]],[[[-5.07463,50.40455],[-5.07493,50.40413],[-5.07507,50.4042],[-5.07463,50.40455]]],[[[-5.13431,50.40858],[-5.13442,50.40848],[-5.13348,50.40838],[-5.13293,50.40756],[-5.13205,50.40713],[-5.13189,50.40668],[-5.13228,50.40665],[-5.13243,50.40617],[-5.13171,50.40643],[-5.13041,50.40544],[-5.13084,50.40525],[-5.1272,50.40477],[-5.12595,50.40384],[-5.12624,50.40445],[-5.12259,50.40492],[-5.1159,50.40829],[-5.11585,50.40872],[-5.11414,50.40827],[-5.11234,50.40821],[-5.10923,50.40889],[-5.10701,50.40852],[-5.10617,50.4081],[-5.1021,50.40794],[-5.10138,50.40777],[-5.10079,50.40708],[-5.10041,50.40535],[-5.09959,50.4047],[-5.09977,50.40586],[-5.09835,50.40638],[-5.097,50.40642],[-5.09465,50.40595],[-5.09141,50.40442],[-5.092,50.40482],[-5.09094,50.4048],[-5.08952,50.40421],[-5.0902,50.40434],[-5.08993,50.40411],[-5.08803,50.40364],[-5.08588,50.40365],[-5.08473,50.40395],[-5.0821,50.40383],[-5.08047,50.40451],[-5.07983,50.40515],[-5.08046,50.4048],[-5.08008,50.40563],[-5.07889,50.40585],[-5.0774,50.4051],[-5.07454,50.40482],[-5.07514,50.40431],[-5.07511,50.40408],[-5.07399,50.40357],[-5.07307,50.40369],[-5.0728,50.40271],[-5.07216,50.40215],[-5.07077,50.39975],[-5.07059,50.39972],[-5.07044,50.39798],[-5.07115,50.39814],[-5.07406,50.39728],[-5.07407,50.3977],[-5.07537,50.39739],[-5.07541,50.39775],[-5.07808,50.3973],[-5.07796,50.39874],[-5.07919,50.39875],[-5.08156,50.39936],[-5.08179,50.39779],[-5.08723,50.39806],[-5.08824,50.39712],[-5.09018,50.39822],[-5.09074,50.39757],[-5.0907,50.3968],[-5.09327,50.39749],[-5.09606,50.397],[-5.09618,50.39543],[-5.09842,50.39636],[-5.09931,50.39314],[-5.10145,50.39368],[-5.10821,50.39449],[-5.10907,50.39501],[-5.11135,50.39514],[-5.11607,50.39641],[-5.11757,50.39734],[-5.11979,50.39774],[-5.1215,50.39711],[-5.12462,50.39682],[-5.13064,50.39823],[-5.13113,50.39776],[-5.13274,50.39811],[-5.13359,50.39859],[-5.13369,50.39964],[-5.13567,50.40122],[-5.13609,50.40263],[-5.13817,50.40395],[-5.13723,50.40441],[-5.13767,50.40471],[-5.13711,50.40477],[-5.13785,50.40506],[-5.13758,50.40541],[-5.13698,50.40537],[-5.13777,50.40671],[-5.13722,50.40691],[-5.13752,50.40692],[-5.13652,50.40761],[-5.13708,50.40801],[-5.13609,50.4082],[-5.13625,50.4084],[-5.13527,50.40824],[-5.13599,50.40898],[-5.13431,50.40858]]],[[[-5.11339,50.41335],[-5.11295,50.4128],[-5.11056,50.41317],[-5.10677,50.41247],[-5.10396,50.41228],[-5.10268,50.41242],[-5.10251,50.41192],[-5.10021,50.41186],[-5.1022,50.41128],[-5.10197,50.41084],[-5.10318,50.41057],[-5.10047,50.41009],[-5.10016,50.40972],[-5.10034,50.40837],[-5.1015,50.4087],[-5.10355,50.4088],[-5.10518,50.40942],[-5.10842,50.40949],[-5.10946,50.40978],[-5.11059,50.40971],[-5.11191,50.40941],[-5.11253,50.4089],[-5.11386,50.40878],[-5.11647,50.40938],[-5.11897,50.40921],[-5.12127,50.40968],[-5.12304,50.41039],[-5.12326,50.41095],[-5.12448,50.41071],[-5.12581,50.41219],[-5.12472,50.41282],[-5.12375,50.4126],[-5.12392,50.4129],[-5.12337,50.41301],[-5.12292,50.4128],[-5.12139,50.4127],[-5.1215,50.41237],[-5.12029,50.41256],[-5.12045,50.41239],[-5.11807,50.41215],[-5.11767,50.41193],[-5.11677,50.412],[-5.11498,50.41173],[-5.11471,50.41191],[-5.11566,50.41222],[-5.11465,50.41214],[-5.11471,50.41229],[-5.11404,50.41234],[-5.11385,50.41271],[-5.11449,50.41288],[-5.11381,50.41331],[-5.11339,50.41335]]],[[[-5.11356,50.41357],[-5.11346,50.41345],[-5.11369,50.41354],[-5.11356,50.41357]]]]}},{"type":"Feature","properties":{"id":"E01019032","name":"E01019032","parent":"E06000052","type":"LSOA","pop":1450,"r":10,"ff":4,"ffd":275.9,"ffs":0.4,"g":0,"co":1,"mo":3,"sa":3,"ic":1},"geometry":{"type":"Polygon","coordinates":[[[-4.80532,50.34237],[-4.80545,50.34215],[-4.80657,50.34225],[-4.80671,50.3419],[-4.80408,50.34136],[-4.80426,50.34103],[-4.80495,50.341],[-4.804,50.33997],[-4.80418,50.33862],[-4.80372,50.33852],[-4.80308,50.33888],[-4.80222,50.33853],[-4.80132,50.33687],[-4.80163,50.33655],[-4.80122,50.33611],[-4.80144,50.3357],[-4.80048,50.33562],[-4.79931,50.33636],[-4.79856,50.33648],[-4.79869,50.3361],[-4.79822,50.33576],[-4.79954,50.33561],[-4.8017,50.33471],[-4.80303,50.33514],[-4.80365,50.33444],[-4.8049,50.33411],[-4.80444,50.33377],[-4.80359,50.3338],[-4.80317,50.33327],[-4.80688,50.33275],[-4.80804,50.33232],[-4.80833,50.33257],[-4.81037,50.3319],[-4.8109,50.33509],[-4.81204,50.33515],[-4.81193,50.33608],[-4.81042,50.33602],[-4.81004,50.33887],[-4.8097,50.33884],[-4.8104,50.34099],[-4.81023,50.34218],[-4.81386,50.34273],[-4.80636,50.34294],[-4.80533,50.34271],[-4.80532,50.34237]]]}},{"type":"Feature","properties":{"id":"E01019033","name":"E01019033","parent":"E06000052","type":"LSOA","pop":1574,"r":9,"ff":4,"ffd":254.1,"ffs":0.4444,"g":0,"co":1,"mo":3,"sa":3,"ic":1},"geometry":{"type":"Polygon","coordinates":[[[-4.80292,50.34098],[-4.80176,50.34016],[-4.80106,50.34087],[-4.79996,50.34016],[-4.80039,50.33987],[-4.79993,50.33975],[-4.80026,50.33939],[-4.79953,50.33917],[-4.7985,50.33975],[-4.79842,50.33908],[-4.79897,50.33872],[-4.79747,50.33767],[-4.79563,50.33843],[-4.79368,50.33818],[-4.79328,50.33825],[-4.79338,50.3385],[-4.79275,50.33854],[-4.79189,50.33816],[-4.79044,50.33865],[-4.79021,50.33826],[-4.79056,50.33797],[-4.79005,50.33772],[-4.79149,50.33785],[-4.79346,50.33646],[-4.79396,50.33469],[-4.79291,50.3329],[-4.79267,50.33117],[-4.79323,50.33105],[-4.79425,50.33143],[-4.79617,50.33089],[-4.79652,50.33165],[-4.79726,50.33178],[-4.79811,50.33256],[-4.79867,50.33229],[-4.79939,50.33254],[-4.80122,50.33382],[-4.80317,50.33327],[-4.80359,50.3338],[-4.80444,50.33377],[-4.8049,50.33411],[-4.80365,50.33444],[-4.80303,50.33514],[-4.8017,50.33471],[-4.79954,50.33561],[-4.79822,50.33576],[-4.79869,50.3361],[-4.79856,50.33648],[-4.79931,50.33636],[-4.80048,50.33562],[-4.80144,50.3357],[-4.80122,50.33611],[-4.80163,50.33655],[-4.80132,50.33687],[-4.80222,50.33853],[-4.80308,50.33888],[-4.80372,50.33852],[-4.80418,50.33862],[-4.804,50.33997],[-4.80495,50.341],[-4.80426,50.34103],[-4.80407,50.34217],[-4.80229,50.34161],[-4.80292,50.34098]]]}},{"type":"Feature","properties":{"id":"E01019034","name":"E01019034","parent":"E06000052","type":"LSOA","pop":1665,"r":9,"ff":4,"ffd":240.2,"ffs":0.4444,"g":0,"co":1,"mo":3,"sa":3,"ic":1},"geometry":{"type":"Polygon","coordinates":[[[-4.81726,50.36263],[-4.81654,50.36076],[-4.81231,50.35517],[-4.81082,50.35376],[-4.80793,50.35449],[-4.80414,50.3546],[-4.80435,50.35559],[-4.80314,50.35568],[-4.80142,50.35638],[-4.802,50.35799],[-4.80069,50.35842],[-4.80068,50.35888],[-4.8002,50.35839],[-4.79992,50.35856],[-4.79922,50.35974],[-4.79816,50.35994],[-4.79598,50.35959],[-4.79404,50.35876],[-4.79087,50.35907],[-4.79062,50.35842],[-4.7911,50.35792],[-4.7907,50.3573],[-4.78769,50.35534],[-4.78849,50.35399],[-4.78854,50.35223],[-4.78982,50.34985],[-4.7901,50.34841],[-4.79267,50.34571],[-4.79334,50.34593],[-4.79369,50.34742],[-4.79501,50.34428],[-4.79703,50.34292],[-4.79725,50.34221],[-4.79363,50.34053],[-4.79288,50.33924],[-4.79275,50.33854],[-4.79338,50.3385],[-4.79328,50.33825],[-4.79368,50.33818],[-4.79563,50.33843],[-4.79747,50.33767],[-4.79897,50.33872],[-4.79842,50.33908],[-4.7985,50.33975],[-4.79953,50.33917],[-4.80026,50.33939],[-4.79993,50.33975],[-4.80039,50.33987],[-4.79996,50.34016],[-4.80106,50.34087],[-4.80176,50.34016],[-4.80292,50.34098],[-4.80229,50.34161],[-4.80407,50.34217],[-4.80408,50.34136],[-4.80671,50.3419],[-4.80657,50.34225],[-4.80545,50.34215],[-4.80533,50.34271],[-4.80636,50.34294],[-4.81386,50.34273],[-4.81514,50.34316],[-4.81594,50.3441],[-4.81628,50.3456],[-4.81777,50.34779],[-4.82062,50.34947],[-4.82093,50.35037],[-4.82213,50.35112],[-4.82101,50.35496],[-4.82227,50.3571],[-4.82457,50.35858],[-4.82481,50.36101],[-4.82527,50.36183],[-4.82147,50.36188],[-4.81726,50.36263]]]}},{"type":"Feature","properties":{"id":"E01019035","name":"E01019035","parent":"E06000052","type":"LSOA","pop":1714,"r":3,"ff":1,"ffd":58.3,"ffs":0.3333,"g":0,"co":3,"mo":3,"sa":3,"ic":3},"geometry":{"type":"Polygon","coordinates":[[[-4.66553,50.41447],[-4.66541,50.41126],[-4.66512,50.41041],[-4.66291,50.40927],[-4.66126,50.40797],[-4.65958,50.40734],[-4.66066,50.40701],[-4.66084,50.40664],[-4.66036,50.40584],[-4.66126,50.40635],[-4.66202,50.40615],[-4.66126,50.40418],[-4.65705,50.40397],[-4.65403,50.40312],[-4.65413,50.40367],[-4.65202,50.40758],[-4.65065,50.40821],[-4.65033,50.40745],[-4.64933,50.40732],[-4.64978,50.40401],[-4.6506,50.40403],[-4.65121,50.40183],[-4.65017,50.3994],[-4.65132,50.3984],[-4.64915,50.39742],[-4.64998,50.39665],[-4.64977,50.39636],[-4.65069,50.39599],[-4.65502,50.39063],[-4.65794,50.38895],[-4.66033,50.38851],[-4.66081,50.3888],[-4.66195,50.39111],[-4.66169,50.39314],[-4.66234,50.39666],[-4.6636,50.39682],[-4.66396,50.39719],[-4.6632,50.39781],[-4.66346,50.39826],[-4.66518,50.39842],[-4.6647,50.39912],[-4.66555,50.39947],[-4.66525,50.3997],[-4.66592,50.39941],[-4.66679,50.39967],[-4.66866,50.40111],[-4.66788,50.40188],[-4.66847,50.40288],[-4.66796,50.40417],[-4.66891,50.40531],[-4.66627,50.40746],[-4.66738,50.41002],[-4.66769,50.41004],[-4.66663,50.40784],[-4.66914,50.40537],[-4.66822,50.40406],[-4.66883,50.40309],[-4.66818,50.40195],[-4.66896,50.40124],[-4.66753,50.39976],[-4.6665,50.39929],[-4.66509,50.39913],[-4.66556,50.39862],[-4.66533,50.39821],[-4.66352,50.39802],[-4.6644,50.39713],[-4.66256,50.39614],[-4.66228,50.39252],[-4.66291,50.39195],[-4.66306,50.39227],[-4.66285,50.39233],[-4.66282,50.39239],[-4.66291,50.39348],[-4.6629,50.39233],[-4.66321,50.39233],[-4.66387,50.39335],[-4.66387,50.39499],[-4.66402,50.39343],[-4.66441,50.39386],[-4.66289,50.39115],[-4.66322,50.39093],[-4.66472,50.39115],[-4.66698,50.39026],[-4.6676,50.38975],[-4.66847,50.38971],[-4.67162,50.39084],[-4.67395,50.39129],[-4.67508,50.39206],[-4.67629,50.39207],[-4.67753,50.39262],[-4.68125,50.39327],[-4.68374,50.3932],[-4.68646,50.39659],[-4.68858,50.39781],[-4.69063,50.39779],[-4.69132,50.39823],[-4.69354,50.39854],[-4.69381,50.39929],[-4.69336,50.39981],[-4.69271,50.39932],[-4.68901,50.40076],[-4.68447,50.4014],[-4.68351,50.3989],[-4.68066,50.39623],[-4.67749,50.39737],[-4.67557,50.39725],[-4.67464,50.39985],[-4.67538,50.40284],[-4.67827,50.40228],[-4.67856,50.40402],[-4.67655,50.40424],[-4.6736,50.40605],[-4.67131,50.4065],[-4.67085,50.40637],[-4.67125,50.40667],[-4.67222,50.40663],[-4.67149,50.40674],[-4.67151,50.40712],[-4.67205,50.4073],[-4.67164,50.40753],[-4.67246,50.40823],[-4.67249,50.40875],[-4.6717,50.40875],[-4.67137,50.40912],[-4.67292,50.41003],[-4.67241,50.41053],[-4.67252,50.41168],[-4.6751,50.41037],[-4.67521,50.40994],[-4.6771,50.40917],[-4.67677,50.40887],[-4.67747,50.40837],[-4.6787,50.40958],[-4.68012,50.41018],[-4.68035,50.41094],[-4.67838,50.41108],[-4.67217,50.41386],[-4.66994,50.41596],[-4.66873,50.41875],[-4.6684,50.41829],[-4.66401,50.41756],[-4.66553,50.41447]]]}},{"type":"Feature","properties":{"id":"E01019036","name":"E01019036","parent":"E06000052","type":"LSOA","pop":1853,"r":1,"ff":0,"ffd":0.0,"ffs":0.0,"g":0,"co":1,"mo":3,"sa":3,"ic":1},"geometry":{"type":"Polygon","coordinates":[[[-4.75172,50.42256],[-4.74651,50.42165],[-4.74256,50.42206],[-4.73974,50.42263],[-4.73706,50.42464],[-4.7349,50.42701],[-4.73221,50.42821],[-4.72581,50.42822],[-4.72353,50.42859],[-4.71635,50.42823],[-4.71088,50.42828],[-4.70743,50.429],[-4.70753,50.42921],[-4.70503,50.42925],[-4.70478,50.42896],[-4.70757,50.42747],[-4.7069,50.4264],[-4.70535,50.42499],[-4.70321,50.42506],[-4.70288,50.42541],[-4.69876,50.42512],[-4.69795,50.42404],[-4.69895,50.42124],[-4.69875,50.42005],[-4.69779,50.41907],[-4.70059,50.41827],[-4.70281,50.4188],[-4.704,50.41953],[-4.70945,50.42129],[-4.71164,50.41942],[-4.71279,50.4189],[-4.71078,50.41679],[-4.70652,50.41586],[-4.70663,50.4147],[-4.71045,50.41424],[-4.70948,50.41219],[-4.70926,50.41068],[-4.70775,50.41009],[-4.70772,50.40513],[-4.70567,50.40309],[-4.70722,50.40146],[-4.70712,50.40113],[-4.70479,50.40051],[-4.70268,50.40035],[-4.70102,50.40092],[-4.7008,50.40031],[-4.70192,50.39984],[-4.70205,50.3995],[-4.6986,50.39688],[-4.69697,50.39612],[-4.698,50.39539],[-4.69925,50.39334],[-4.69495,50.3934],[-4.69484,50.39386],[-4.69402,50.39367],[-4.69248,50.39266],[-4.69194,50.39096],[-4.69018,50.38925],[-4.68534,50.38966],[-4.68529,50.39089],[-4.6815,50.39041],[-4.68001,50.38978],[-4.67817,50.38759],[-4.67814,50.38631],[-4.68139,50.38596],[-4.68081,50.38337],[-4.67775,50.38014],[-4.67964,50.37999],[-4.68005,50.37946],[-4.68062,50.37947],[-4.68312,50.37842],[-4.68287,50.37789],[-4.68388,50.37705],[-4.68487,50.37474],[-4.68618,50.37513],[-4.68796,50.37602],[-4.68975,50.37761],[-4.69055,50.38162],[-4.69172,50.38294],[-4.69286,50.38364],[-4.69742,50.38473],[-4.69999,50.38665],[-4.70096,50.38824],[-4.70133,50.38826],[-4.70228,50.38795],[-4.70246,50.38609],[-4.70128,50.38071],[-4.70159,50.37776],[-4.70327,50.37689],[-4.70495,50.37543],[-4.70584,50.3737],[-4.7085,50.37174],[-4.70844,50.37052],[-4.7097,50.36901],[-4.71018,50.36621],[-4.7126,50.36528],[-4.71331,50.36552],[-4.71479,50.3647],[-4.71661,50.36498],[-4.71825,50.36566],[-4.72112,50.36514],[-4.72349,50.36569],[-4.72822,50.36452],[-4.73007,50.36438],[-4.73431,50.36503],[-4.73503,50.36487],[-4.7363,50.3653],[-4.74055,50.36506],[-4.74283,50.36596],[-4.74306,50.36727],[-4.74411,50.36818],[-4.74696,50.36748],[-4.74948,50.36784],[-4.75044,50.36765],[-4.75339,50.37438],[-4.75528,50.37625],[-4.76104,50.37837],[-4.76205,50.37937],[-4.76462,50.38107],[-4.76845,50.38719],[-4.76794,50.38877],[-4.76675,50.3899],[-4.76803,50.39332],[-4.76529,50.39636],[-4.77648,50.40171],[-4.78051,50.40515],[-4.78483,50.41208],[-4.78608,50.41291],[-4.79366,50.4193],[-4.79688,50.41964],[-4.80013,50.4209],[-4.80199,50.42217],[-4.80284,50.42368],[-4.80383,50.42431],[-4.80454,50.42579],[-4.80056,50.4276],[-4.79821,50.42938],[-4.78867,50.43306],[-4.76742,50.43566],[-4.7648,50.43665],[-4.76466,50.43619],[-4.76368,50.43516],[-4.76321,50.43309],[-4.76313,50.43119],[-4.76373,50.43036],[-4.76259,50.42863],[-4.76098,50.42739],[-4.75734,50.4264],[-4.75172,50.42256]]]}},{"type":"Feature","properties":{"id":"E01019037","name":"E01019037","parent":"E06000052","type":"LSOA","pop":1683,"r":3,"ff":1,"ffd":59.4,"ffs":0.3333,"g":0,"co":3,"mo":3,"sa":3,"ic":3},"geometry":{"type":"MultiPolygon","coordinates":[[[[-4.66322,50.39093],[-4.66324,50.39092],[-4.66326,50.39092],[-4.66322,50.39093]]],[[[-4.68091,50.43597],[-4.67828,50.43485],[-4.67524,50.43538],[-4.67516,50.4338],[-4.67449,50.43294],[-4.67371,50.43272],[-4.67412,50.43237],[-4.67222,50.43086],[-4.67056,50.43018],[-4.66837,50.42825],[-4.66728,50.42815],[-4.66797,50.42654],[-4.66596,50.42621],[-4.66289,50.42467],[-4.66123,50.42463],[-4.66023,50.42427],[-4.66027,50.42385],[-4.65937,50.42334],[-4.65887,50.42389],[-4.65612,50.42293],[-4.65598,50.42269],[-4.65692,50.42248],[-4.65674,50.42207],[-4.65453,50.4217],[-4.65334,50.42059],[-4.6525,50.42046],[-4.65206,50.4207],[-4.64995,50.41961],[-4.64962,50.41983],[-4.64805,50.41936],[-4.6474,50.41979],[-4.64583,50.41885],[-4.6436,50.41816],[-4.64592,50.41457],[-4.64646,50.4118],[-4.64748,50.40948],[-4.64942,50.40801],[-4.64933,50.40732],[-4.65033,50.40745],[-4.65065,50.40821],[-4.65202,50.40758],[-4.65413,50.40367],[-4.65403,50.40312],[-4.65705,50.40397],[-4.66126,50.40418],[-4.66202,50.40615],[-4.66126,50.40635],[-4.66036,50.40584],[-4.66084,50.40664],[-4.66066,50.40701],[-4.65958,50.40734],[-4.66126,50.40797],[-4.66291,50.40927],[-4.66512,50.41041],[-4.66541,50.41126],[-4.66553,50.41447],[-4.66401,50.41756],[-4.6684,50.41829],[-4.66873,50.41875],[-4.66994,50.41596],[-4.67217,50.41386],[-4.67838,50.41108],[-4.68035,50.41094],[-4.68012,50.41018],[-4.6787,50.40958],[-4.67747,50.40837],[-4.67677,50.40887],[-4.6771,50.40917],[-4.67521,50.40994],[-4.6751,50.41037],[-4.67252,50.41168],[-4.67241,50.41053],[-4.67292,50.41003],[-4.67137,50.40912],[-4.6717,50.40875],[-4.67249,50.40875],[-4.67246,50.40823],[-4.67164,50.40753],[-4.67205,50.4073],[-4.67151,50.40712],[-4.67149,50.40674],[-4.67222,50.40663],[-4.67125,50.40667],[-4.67085,50.40637],[-4.67131,50.4065],[-4.6736,50.40605],[-4.67655,50.40424],[-4.67856,50.40402],[-4.67827,50.40228],[-4.67538,50.40284],[-4.67464,50.39985],[-4.67557,50.39725],[-4.67749,50.39737],[-4.68066,50.39623],[-4.68351,50.3989],[-4.68447,50.4014],[-4.68901,50.40076],[-4.69271,50.39932],[-4.69336,50.39981],[-4.69381,50.39929],[-4.69354,50.39854],[-4.69132,50.39823],[-4.69063,50.39779],[-4.68858,50.39781],[-4.68646,50.39659],[-4.68374,50.3932],[-4.68125,50.39327],[-4.67753,50.39262],[-4.67629,50.39207],[-4.67508,50.39206],[-4.67395,50.39129],[-4.67162,50.39084],[-4.66847,50.38971],[-4.6676,50.38975],[-4.66698,50.39026],[-4.66543,50.39057],[-4.6648,50.39106],[-4.66285,50.39085],[-4.66277,50.38992],[-4.66517,50.38822],[-4.66576,50.38813],[-4.66643,50.38729],[-4.6679,50.38676],[-4.66823,50.38691],[-4.66702,50.38472],[-4.66752,50.38384],[-4.66855,50.38318],[-4.67589,50.38061],[-4.67487,50.37991],[-4.67775,50.38014],[-4.68081,50.38337],[-4.68139,50.38596],[-4.67814,50.38631],[-4.67817,50.38759],[-4.68001,50.38978],[-4.6815,50.39041],[-4.68529,50.39089],[-4.68534,50.38966],[-4.69018,50.38925],[-4.69194,50.39096],[-4.69248,50.39266],[-4.69402,50.39367],[-4.69484,50.39386],[-4.69495,50.3934],[-4.69925,50.39334],[-4.698,50.39539],[-4.69697,50.39612],[-4.6986,50.39688],[-4.70205,50.3995],[-4.70192,50.39984],[-4.7008,50.40031],[-4.70102,50.40092],[-4.70268,50.40035],[-4.70479,50.40051],[-4.70712,50.40113],[-4.70722,50.40146],[-4.70567,50.40309],[-4.70772,50.40513],[-4.70775,50.41009],[-4.70926,50.41068],[-4.70948,50.41219],[-4.71045,50.41424],[-4.70663,50.4147],[-4.70652,50.41586],[-4.71078,50.41679],[-4.71279,50.4189],[-4.71164,50.41942],[-4.70945,50.42129],[-4.704,50.41953],[-4.70281,50.4188],[-4.70059,50.41827],[-4.69779,50.41907],[-4.69875,50.42005],[-4.69895,50.42124],[-4.69795,50.42404],[-4.69876,50.42512],[-4.70288,50.42541],[-4.70321,50.42506],[-4.70535,50.42499],[-4.7069,50.4264],[-4.70757,50.42747],[-4.70478,50.42896],[-4.70623,50.43159],[-4.7069,50.43202],[-4.7058,50.43429],[-4.70357,50.43408],[-4.69858,50.43269],[-4.69624,50.43252],[-4.6949,50.43332],[-4.69238,50.43331],[-4.69071,50.43373],[-4.69013,50.43405],[-4.68992,50.43513],[-4.68672,50.43479],[-4.6817,50.43332],[-4.68152,50.43355],[-4.68251,50.43441],[-4.68091,50.43597]]]]}},{"type":"Feature","properties":{"id":"E01019038","name":"E01019038","parent":"E06000052","type":"LSOA","pop":1028,"r":5,"ff":1,"ffd":97.3,"ffs":0.2,"g":0,"co":3,"mo":3,"sa":3,"ic":1},"geometry":{"type":"Polygon","coordinates":[[[-4.79571,50.27094],[-4.79615,50.2696],[-4.79731,50.26966],[-4.79694,50.269],[-4.79761,50.2684],[-4.79521,50.26815],[-4.79607,50.269],[-4.79589,50.26935],[-4.79502,50.26947],[-4.79519,50.26972],[-4.79028,50.27042],[-4.79044,50.27094],[-4.79123,50.27112],[-4.79089,50.272],[-4.78857,50.27139],[-4.7883,50.27175],[-4.78723,50.27111],[-4.78703,50.27181],[-4.78583,50.27143],[-4.78313,50.27195],[-4.78291,50.27176],[-4.78407,50.27156],[-4.78357,50.27122],[-4.78417,50.27084],[-4.78271,50.27094],[-4.78396,50.27017],[-4.7828,50.26977],[-4.78256,50.26944],[-4.78324,50.2698],[-4.78435,50.26991],[-4.78571,50.26943],[-4.78448,50.26994],[-4.78475,50.27024],[-4.78678,50.27019],[-4.78682,50.26987],[-4.78643,50.26981],[-4.78702,50.2695],[-4.78675,50.26909],[-4.78623,50.26933],[-4.78667,50.26898],[-4.78468,50.26852],[-4.78281,50.26848],[-4.78185,50.26916],[-4.7832,50.2682],[-4.78256,50.26803],[-4.78293,50.26774],[-4.78223,50.26783],[-4.78277,50.26733],[-4.78225,50.26745],[-4.78264,50.2672],[-4.78204,50.2668],[-4.7829,50.26626],[-4.78234,50.26624],[-4.78422,50.2657],[-4.78443,50.26538],[-4.78436,50.2648],[-4.78397,50.26482],[-4.78413,50.26366],[-4.78359,50.26356],[-4.78389,50.26336],[-4.78345,50.26311],[-4.78552,50.26261],[-4.78594,50.26216],[-4.78568,50.26176],[-4.78487,50.26134],[-4.7828,50.26149],[-4.78214,50.26076],[-4.7809,50.26048],[-4.7809,50.25996],[-4.77878,50.2593],[-4.77882,50.25907],[-4.77822,50.25917],[-4.7785,50.25892],[-4.77697,50.25888],[-4.77628,50.25847],[-4.7747,50.25849],[-4.77476,50.25822],[-4.77401,50.25787],[-4.77129,50.25816],[-4.77044,50.25789],[-4.77125,50.25752],[-4.77016,50.25745],[-4.77063,50.25718],[-4.77036,50.25701],[-4.76956,50.25683],[-4.76836,50.25705],[-4.76844,50.25684],[-4.76699,50.25664],[-4.76864,50.25609],[-4.7697,50.25626],[-4.77081,50.2559],[-4.7708,50.2552],[-4.7716,50.25521],[-4.77218,50.25569],[-4.7739,50.25533],[-4.77603,50.25715],[-4.77837,50.25802],[-4.78032,50.25704],[-4.78146,50.25711],[-4.78208,50.25778],[-4.78444,50.25893],[-4.78504,50.25855],[-4.78674,50.25843],[-4.78701,50.25877],[-4.79141,50.25777],[-4.7953,50.25733],[-4.79623,50.25731],[-4.79773,50.25831],[-4.79956,50.25842],[-4.80235,50.25998],[-4.8031,50.26087],[-4.8032,50.26234],[-4.80173,50.26375],[-4.80217,50.26559],[-4.8019,50.26705],[-4.80412,50.26943],[-4.80438,50.27025],[-4.80564,50.27106],[-4.8041,50.27391],[-4.79776,50.27212],[-4.79571,50.27094]]]}},{"type":"Feature","properties":{"id":"E01019039","name":"E01019039","parent":"E06000052","type":"LSOA","pop":1323,"r":1,"ff":0,"ffd":0.0,"ffs":0.0,"g":0,"co":3,"mo":3,"sa":3,"ic":1},"geometry":{"type":"Polygon","coordinates":[[[-4.80402,50.27868],[-4.79996,50.27743],[-4.80122,50.27551],[-4.8041,50.27391],[-4.80564,50.27106],[-4.80438,50.27025],[-4.80412,50.26943],[-4.8019,50.26705],[-4.80217,50.26559],[-4.80173,50.26375],[-4.8032,50.26234],[-4.8031,50.26087],[-4.80235,50.25998],[-4.79956,50.25842],[-4.79773,50.25831],[-4.79623,50.25731],[-4.79141,50.25777],[-4.78701,50.25877],[-4.78674,50.25843],[-4.78504,50.25855],[-4.78444,50.25893],[-4.78208,50.25778],[-4.78146,50.25711],[-4.78032,50.25704],[-4.77837,50.25802],[-4.77603,50.25715],[-4.7739,50.25533],[-4.77218,50.25569],[-4.7716,50.25521],[-4.76972,50.25497],[-4.76956,50.25467],[-4.76888,50.25465],[-4.76925,50.25456],[-4.76882,50.25445],[-4.76906,50.25431],[-4.76801,50.25422],[-4.76846,50.25359],[-4.76928,50.2533],[-4.76863,50.25277],[-4.76937,50.25239],[-4.77055,50.25241],[-4.77004,50.25198],[-4.77186,50.25175],[-4.77157,50.25156],[-4.77196,50.25105],[-4.77299,50.25094],[-4.77255,50.25093],[-4.77295,50.2507],[-4.77448,50.25074],[-4.77499,50.25101],[-4.77764,50.25053],[-4.77812,50.24994],[-4.78082,50.24893],[-4.78555,50.24557],[-4.78575,50.24494],[-4.78513,50.24437],[-4.7858,50.24406],[-4.78541,50.2438],[-4.78648,50.2434],[-4.78636,50.24292],[-4.78812,50.24215],[-4.78796,50.24168],[-4.78737,50.24158],[-4.78828,50.24142],[-4.78816,50.24106],[-4.787,50.24032],[-4.78624,50.24063],[-4.78633,50.24075],[-4.78606,50.24058],[-4.78647,50.24044],[-4.78622,50.24004],[-4.78491,50.23979],[-4.78495,50.23939],[-4.78431,50.23921],[-4.78483,50.23898],[-4.78448,50.23894],[-4.78419,50.23841],[-4.78351,50.23849],[-4.78364,50.23823],[-4.78334,50.23839],[-4.78292,50.23788],[-4.78119,50.23786],[-4.78096,50.23747],[-4.78326,50.23666],[-4.78296,50.23652],[-4.7834,50.23629],[-4.78359,50.23533],[-4.78324,50.23533],[-4.78429,50.23484],[-4.78376,50.23495],[-4.78407,50.23467],[-4.78683,50.23506],[-4.79257,50.23357],[-4.79493,50.23259],[-4.79826,50.2302],[-4.79909,50.22666],[-4.79852,50.22584],[-4.79784,50.2258],[-4.79816,50.22498],[-4.79763,50.22414],[-4.7981,50.22396],[-4.79757,50.2235],[-4.79773,50.22313],[-4.79725,50.22308],[-4.79779,50.2228],[-4.79707,50.22187],[-4.7985,50.21952],[-4.7993,50.21924],[-4.80019,50.2194],[-4.80252,50.21875],[-4.8042,50.21891],[-4.80444,50.21852],[-4.80533,50.2189],[-4.80472,50.21946],[-4.80497,50.22028],[-4.8055,50.22048],[-4.80532,50.22078],[-4.80614,50.22106],[-4.80695,50.2208],[-4.80759,50.22104],[-4.80787,50.22198],[-4.80834,50.22185],[-4.80849,50.22313],[-4.80946,50.22328],[-4.81044,50.22298],[-4.81053,50.22479],[-4.81144,50.2251],[-4.81252,50.22467],[-4.81221,50.22703],[-4.81232,50.22729],[-4.81289,50.22726],[-4.81232,50.22774],[-4.81327,50.22983],[-4.81619,50.23079],[-4.81651,50.2305],[-4.81693,50.23071],[-4.81716,50.23043],[-4.8174,50.23069],[-4.81788,50.23055],[-4.81783,50.2309],[-4.81841,50.23075],[-4.818,50.23126],[-4.81958,50.23167],[-4.82071,50.23138],[-4.82083,50.23162],[-4.82126,50.23136],[-4.82149,50.23157],[-4.82222,50.23109],[-4.82265,50.23131],[-4.82382,50.23064],[-4.8239,50.23079],[-4.82539,50.23103],[-4.82807,50.23033],[-4.82978,50.23054],[-4.83064,50.23027],[-4.83038,50.23113],[-4.83086,50.23115],[-4.83013,50.23149],[-4.83084,50.23216],[-4.83129,50.2321],[-4.83133,50.23287],[-4.83193,50.23266],[-4.83199,50.23334],[-4.83246,50.23302],[-4.83283,50.2333],[-4.83358,50.23273],[-4.83364,50.23329],[-4.83453,50.23269],[-4.83427,50.23314],[-4.83496,50.23276],[-4.83605,50.23289],[-4.83703,50.23233],[-4.83854,50.23205],[-4.83904,50.23249],[-4.83872,50.23282],[-4.83935,50.23267],[-4.84013,50.23337],[-4.83938,50.23507],[-4.84036,50.23527],[-4.84071,50.23575],[-4.841,50.23553],[-4.84074,50.23589],[-4.84145,50.23689],[-4.84451,50.23672],[-4.84482,50.23483],[-4.84622,50.23515],[-4.84739,50.23488],[-4.84744,50.23509],[-4.84834,50.23506],[-4.8493,50.23447],[-4.84922,50.23508],[-4.84995,50.23486],[-4.85072,50.2352],[-4.85163,50.23465],[-4.85168,50.23502],[-4.85367,50.23539],[-4.85528,50.23525],[-4.85687,50.23457],[-4.85892,50.23519],[-4.86145,50.23487],[-4.86189,50.23589],[-4.86239,50.23592],[-4.86435,50.23787],[-4.8647,50.23936],[-4.8662,50.23996],[-4.86697,50.24092],[-4.86532,50.24347],[-4.86434,50.24407],[-4.86438,50.24465],[-4.86554,50.2453],[-4.86783,50.24569],[-4.86844,50.24627],[-4.86871,50.24756],[-4.87208,50.24842],[-4.87447,50.24972],[-4.87447,50.25113],[-4.87562,50.25226],[-4.87587,50.25341],[-4.87393,50.25467],[-4.87246,50.25509],[-4.86615,50.25593],[-4.86441,50.2557],[-4.86312,50.25589],[-4.86139,50.2554],[-4.8603,50.25591],[-4.85982,50.25692],[-4.86131,50.25837],[-4.86042,50.25933],[-4.86058,50.25967],[-4.85868,50.26087],[-4.85681,50.26115],[-4.85614,50.26157],[-4.85339,50.26142],[-4.84899,50.26224],[-4.84787,50.26149],[-4.84515,50.26383],[-4.84156,50.26487],[-4.8394,50.26597],[-4.83506,50.2672],[-4.83358,50.26816],[-4.82947,50.26958],[-4.82865,50.26975],[-4.82821,50.26914],[-4.82544,50.26779],[-4.82323,50.26754],[-4.82024,50.26661],[-4.81988,50.2672],[-4.81806,50.26834],[-4.81821,50.27089],[-4.81631,50.27103],[-4.8148,50.27174],[-4.81112,50.27091],[-4.81208,50.27243],[-4.81059,50.27442],[-4.80931,50.2751],[-4.80874,50.277],[-4.80655,50.27829],[-4.80469,50.27883],[-4.80402,50.27868]]]}},{"type":"Feature","properties":{"id":"E01019040","name":"E01019040","parent":"E06000052","type":"LSOA","pop":1229,"r":5,"ff":1,"ffd":81.4,"ffs":0.2,"g":0,"co":3,"mo":3,"sa":3,"ic":1},"geometry":{"type":"Polygon","coordinates":[[[-4.78353,50.30401],[-4.78268,50.30331],[-4.78143,50.3035],[-4.78105,50.303],[-4.78025,50.30341],[-4.77556,50.30172],[-4.77177,50.30082],[-4.77202,50.30034],[-4.77037,50.30011],[-4.76677,50.29773],[-4.76767,50.2969],[-4.76819,50.29705],[-4.77044,50.29633],[-4.77101,50.29553],[-4.77189,50.29565],[-4.77271,50.29527],[-4.77249,50.29458],[-4.77371,50.2944],[-4.77379,50.29381],[-4.77421,50.29375],[-4.77337,50.29315],[-4.77342,50.29268],[-4.77414,50.29224],[-4.77731,50.29103],[-4.778,50.29121],[-4.77826,50.29109],[-4.77795,50.29085],[-4.77868,50.29092],[-4.77879,50.29048],[-4.77828,50.29035],[-4.7799,50.29053],[-4.78072,50.29001],[-4.78124,50.29013],[-4.78066,50.28915],[-4.78241,50.28769],[-4.78436,50.28462],[-4.78347,50.28391],[-4.78382,50.28321],[-4.78258,50.28305],[-4.78285,50.28268],[-4.78209,50.28265],[-4.78305,50.28216],[-4.78325,50.28166],[-4.78278,50.28125],[-4.78113,50.28098],[-4.78108,50.28048],[-4.7804,50.28048],[-4.78037,50.28018],[-4.77833,50.2793],[-4.77847,50.27921],[-4.77778,50.27907],[-4.7787,50.27905],[-4.77981,50.27838],[-4.78077,50.27837],[-4.78064,50.27758],[-4.77987,50.27767],[-4.78136,50.27714],[-4.78216,50.27648],[-4.7818,50.27638],[-4.7821,50.27595],[-4.78329,50.27572],[-4.78394,50.27509],[-4.78427,50.27417],[-4.78391,50.2738],[-4.78463,50.27344],[-4.7839,50.27292],[-4.78428,50.27269],[-4.78381,50.27264],[-4.78407,50.27241],[-4.78333,50.27232],[-4.7838,50.27192],[-4.78285,50.27204],[-4.78583,50.27143],[-4.78703,50.27181],[-4.78723,50.27111],[-4.7883,50.27175],[-4.78857,50.27139],[-4.79089,50.272],[-4.79123,50.27112],[-4.79044,50.27094],[-4.79028,50.27042],[-4.79519,50.26972],[-4.79502,50.26947],[-4.79589,50.26935],[-4.79607,50.269],[-4.79521,50.26815],[-4.79761,50.2684],[-4.79694,50.269],[-4.79731,50.26966],[-4.79615,50.2696],[-4.79571,50.27094],[-4.79615,50.27132],[-4.79776,50.27212],[-4.8041,50.27391],[-4.80122,50.27551],[-4.79996,50.27743],[-4.80402,50.27868],[-4.80381,50.28105],[-4.80464,50.28233],[-4.80281,50.28398],[-4.80247,50.28541],[-4.80404,50.28649],[-4.80791,50.28766],[-4.81103,50.28816],[-4.81321,50.28797],[-4.81372,50.28923],[-4.80857,50.28956],[-4.8055,50.28903],[-4.8036,50.28977],[-4.80314,50.29026],[-4.80324,50.29124],[-4.8015,50.29254],[-4.79612,50.29374],[-4.79641,50.29471],[-4.79531,50.29471],[-4.795,50.29598],[-4.79168,50.29512],[-4.79009,50.29545],[-4.79051,50.29559],[-4.78992,50.29619],[-4.79066,50.29676],[-4.79098,50.29806],[-4.79022,50.29792],[-4.79016,50.29829],[-4.79129,50.29915],[-4.79273,50.29956],[-4.79304,50.30001],[-4.79047,50.30142],[-4.78863,50.30176],[-4.78777,50.30107],[-4.78495,50.30206],[-4.78351,50.30297],[-4.78353,50.30401]]]}},{"type":"Feature","properties":{"id":"E01019041","name":"E01019041","parent":"E06000052","type":"LSOA","pop":1864,"r":9,"ff":4,"ffd":214.6,"ffs":0.4444,"g":0,"co":1,"mo":3,"sa":3,"ic":1},"geometry":{"type":"Polygon","coordinates":[[[-4.78049,50.33962],[-4.77938,50.33916],[-4.77833,50.33926],[-4.77799,50.33826],[-4.77839,50.338],[-4.77781,50.33669],[-4.77867,50.33621],[-4.77965,50.33655],[-4.78037,50.33635],[-4.78031,50.33589],[-4.78065,50.33605],[-4.78116,50.33555],[-4.7807,50.33499],[-4.78144,50.33479],[-4.78306,50.33509],[-4.78329,50.33553],[-4.78342,50.33501],[-4.78481,50.33548],[-4.78461,50.33604],[-4.7858,50.33616],[-4.78683,50.33589],[-4.78729,50.33546],[-4.78815,50.3355],[-4.78836,50.33578],[-4.78981,50.3351],[-4.79152,50.33535],[-4.79396,50.33469],[-4.79346,50.33646],[-4.79149,50.33785],[-4.79005,50.33772],[-4.78711,50.33792],[-4.78709,50.33827],[-4.78756,50.33899],[-4.7844,50.33978],[-4.78043,50.3413],[-4.78006,50.34012],[-4.78049,50.33962]]]}},{"type":"Feature","properties":{"id":"E01019042","name":"E01019042","parent":"E06000052","type":"LSOA","pop":1789,"r":9,"ff":4,"ffd":223.6,"ffs":0.4444,"g":0,"co":1,"mo":3,"sa":3,"ic":1},"geometry":{"type":"Polygon","coordinates":[[[-4.77472,50.34188],[-4.7737,50.34119],[-4.77372,50.34083],[-4.77161,50.3415],[-4.77103,50.34075],[-4.77141,50.34028],[-4.77073,50.34045],[-4.77049,50.34005],[-4.76735,50.34007],[-4.76724,50.33982],[-4.76421,50.33949],[-4.76428,50.33917],[-4.76482,50.33918],[-4.76479,50.33876],[-4.76353,50.33876],[-4.76323,50.33807],[-4.76271,50.33799],[-4.76566,50.33737],[-4.76397,50.33659],[-4.76471,50.33601],[-4.76654,50.33602],[-4.76783,50.3364],[-4.76889,50.33593],[-4.76931,50.33615],[-4.7699,50.33569],[-4.7699,50.33645],[-4.76874,50.33735],[-4.76916,50.33816],[-4.77,50.3383],[-4.76958,50.33864],[-4.77038,50.33869],[-4.77067,50.33836],[-4.77196,50.33814],[-4.77248,50.33829],[-4.77207,50.3385],[-4.77807,50.33826],[-4.77833,50.33926],[-4.77938,50.33916],[-4.78049,50.33962],[-4.78006,50.34012],[-4.78043,50.3413],[-4.7785,50.34134],[-4.77472,50.34188]]]}},{"type":"Feature","properties":{"id":"E01019043","name":"E01019043","parent":"E06000052","type":"LSOA","pop":1975,"r":9,"ff":4,"ffd":202.5,"ffs":0.4444,"g":0,"co":1,"mo":3,"sa":3,"ic":1},"geometry":{"type":"Polygon","coordinates":[[[-4.77,50.3383],[-4.76916,50.33816],[-4.76874,50.33735],[-4.7699,50.33645],[-4.7699,50.33569],[-4.77047,50.33501],[-4.77143,50.33485],[-4.77119,50.33153],[-4.77421,50.3312],[-4.77655,50.33338],[-4.77854,50.33276],[-4.78449,50.33225],[-4.78549,50.3326],[-4.79267,50.33117],[-4.79291,50.3329],[-4.79396,50.33469],[-4.79152,50.33535],[-4.78981,50.3351],[-4.78836,50.33578],[-4.78815,50.3355],[-4.78729,50.33546],[-4.78683,50.33589],[-4.7858,50.33616],[-4.78461,50.33604],[-4.78481,50.33548],[-4.78342,50.33501],[-4.78329,50.33553],[-4.78306,50.33509],[-4.78144,50.33479],[-4.7807,50.33499],[-4.78116,50.33555],[-4.78065,50.33605],[-4.78031,50.33589],[-4.78037,50.33635],[-4.77965,50.33655],[-4.77867,50.33621],[-4.77781,50.33669],[-4.77839,50.338],[-4.77799,50.33826],[-4.77207,50.3385],[-4.77248,50.33829],[-4.77196,50.33814],[-4.77067,50.33836],[-4.77038,50.33869],[-4.76958,50.33864],[-4.77,50.3383]]]}},{"type":"Feature","properties":{"id":"E01019044","name":"E01019044","parent":"E06000052","type":"LSOA","pop":1479,"r":9,"ff":4,"ffd":270.5,"ffs":0.4444,"g":0,"co":3,"mo":3,"sa":3,"ic":1},"geometry":{"type":"Polygon","coordinates":[[[-4.76388,50.34307],[-4.76193,50.33991],[-4.75919,50.34064],[-4.75903,50.34041],[-4.7569,50.34127],[-4.75645,50.34072],[-4.75492,50.34098],[-4.75476,50.34055],[-4.75367,50.33999],[-4.75456,50.33961],[-4.75416,50.33893],[-4.75984,50.33806],[-4.76271,50.33799],[-4.76323,50.33807],[-4.76353,50.33876],[-4.76479,50.33876],[-4.76482,50.33918],[-4.76428,50.33917],[-4.76421,50.33949],[-4.76724,50.33982],[-4.76735,50.34007],[-4.77049,50.34005],[-4.77073,50.34045],[-4.77141,50.34028],[-4.77103,50.34075],[-4.77161,50.3415],[-4.77372,50.34083],[-4.7737,50.34119],[-4.77472,50.34188],[-4.769,50.34347],[-4.76393,50.34406],[-4.76355,50.34383],[-4.76388,50.34307]]]}},{"type":"Feature","properties":{"id":"E01019045","name":"E01019045","parent":"E06000052","type":"LSOA","pop":2891,"r":9,"ff":4,"ffd":138.4,"ffs":0.4444,"g":0,"co":1,"mo":3,"sa":3,"ic":1},"geometry":{"type":"Polygon","coordinates":[[[-4.78876,50.35972],[-4.78839,50.35918],[-4.78752,50.35974],[-4.78635,50.35872],[-4.78468,50.35831],[-4.78356,50.35965],[-4.78293,50.35829],[-4.76951,50.35299],[-4.7703,50.35237],[-4.77167,50.35232],[-4.77602,50.35285],[-4.77625,50.35209],[-4.77564,50.35118],[-4.77732,50.35124],[-4.77872,50.35193],[-4.77992,50.35026],[-4.77831,50.34986],[-4.7781,50.35006],[-4.77597,50.34897],[-4.77666,50.34854],[-4.77739,50.34888],[-4.77843,50.34843],[-4.77798,50.34779],[-4.77714,50.34827],[-4.77684,50.34792],[-4.77588,50.34796],[-4.77574,50.34763],[-4.77667,50.34756],[-4.77513,50.34666],[-4.77742,50.34517],[-4.7781,50.3456],[-4.77795,50.34611],[-4.77837,50.34641],[-4.77924,50.34614],[-4.78034,50.34749],[-4.77983,50.34804],[-4.78013,50.34871],[-4.78064,50.34866],[-4.78107,50.34784],[-4.78185,50.34777],[-4.78189,50.34638],[-4.78234,50.34653],[-4.78271,50.34549],[-4.78364,50.34498],[-4.78469,50.34493],[-4.78427,50.34466],[-4.78439,50.34421],[-4.78524,50.3429],[-4.78659,50.34304],[-4.78663,50.34376],[-4.78714,50.34403],[-4.79029,50.34391],[-4.7901,50.34841],[-4.78982,50.34985],[-4.78854,50.35223],[-4.78849,50.35399],[-4.78769,50.35534],[-4.7907,50.3573],[-4.7911,50.35792],[-4.79062,50.35842],[-4.79087,50.35907],[-4.79049,50.35948],[-4.7904,50.35911],[-4.78938,50.3589],[-4.78876,50.35972]]]}},{"type":"Feature","properties":{"id":"E01019046","name":"E01019046","parent":"E06000052","type":"LSOA","pop":1373,"r":9,"ff":4,"ffd":291.3,"ffs":0.4444,"g":0,"co":1,"mo":3,"sa":3,"ic":1},"geometry":{"type":"Polygon","coordinates":[[[-4.78034,50.34749],[-4.77924,50.34614],[-4.77837,50.34641],[-4.77795,50.34611],[-4.7781,50.3456],[-4.77742,50.34517],[-4.77793,50.3448],[-4.77758,50.3441],[-4.7753,50.34177],[-4.7785,50.34134],[-4.78043,50.3413],[-4.78115,50.34101],[-4.78146,50.3413],[-4.78094,50.34184],[-4.78043,50.34186],[-4.78026,50.34225],[-4.78096,50.34216],[-4.78133,50.34239],[-4.78115,50.34289],[-4.78149,50.34336],[-4.78229,50.34315],[-4.78263,50.34342],[-4.78169,50.34386],[-4.78171,50.34451],[-4.7823,50.34466],[-4.78284,50.34433],[-4.78323,50.34462],[-4.78439,50.34421],[-4.78427,50.34466],[-4.78469,50.34493],[-4.78364,50.34498],[-4.78271,50.34549],[-4.78234,50.34653],[-4.78189,50.34638],[-4.78185,50.34777],[-4.78107,50.34784],[-4.78064,50.34866],[-4.78013,50.34871],[-4.77983,50.34804],[-4.78034,50.34749]]]}},{"type":"Feature","properties":{"id":"E01019047","name":"E01019047","parent":"E06000052","type":"LSOA","pop":1547,"r":9,"ff":4,"ffd":258.6,"ffs":0.4444,"g":0,"co":1,"mo":3,"sa":3,"ic":1},"geometry":{"type":"Polygon","coordinates":[[[-4.7901,50.34841],[-4.79029,50.34391],[-4.78714,50.34403],[-4.78663,50.34376],[-4.78659,50.34304],[-4.78524,50.3429],[-4.78439,50.34421],[-4.78323,50.34462],[-4.78284,50.34433],[-4.7823,50.34466],[-4.78171,50.34451],[-4.78169,50.34386],[-4.78263,50.34342],[-4.78229,50.34315],[-4.78149,50.34336],[-4.78115,50.34289],[-4.78133,50.34239],[-4.78096,50.34216],[-4.78026,50.34225],[-4.78043,50.34186],[-4.78094,50.34184],[-4.78146,50.3413],[-4.78115,50.34101],[-4.7844,50.33978],[-4.78756,50.33899],[-4.78709,50.33827],[-4.78711,50.33792],[-4.79005,50.33772],[-4.79056,50.33797],[-4.79021,50.33826],[-4.79044,50.33865],[-4.79189,50.33816],[-4.79275,50.33854],[-4.79288,50.33924],[-4.79363,50.34053],[-4.79725,50.34221],[-4.79703,50.34292],[-4.79501,50.34428],[-4.79369,50.34742],[-4.79334,50.34593],[-4.79267,50.34571],[-4.7901,50.34841]]]}},{"type":"Feature","properties":{"id":"E01019048","name":"E01019048","parent":"E06000052","type":"LSOA","pop":1830,"r":35,"ff":12,"ffd":655.7,"ffs":0.5,"g":11,"co":0,"mo":0,"sa":0,"ic":3},"geometry":{"type":"MultiPolygon","coordinates":[[[[-5.06371,50.42769],[-5.06184,50.42724],[-5.06081,50.42673],[-5.0609,50.42635],[-5.06244,50.42598],[-5.06246,50.42619],[-5.0652,50.42633],[-5.06508,50.42673],[-5.06368,50.42674],[-5.06606,50.42687],[-5.06636,50.42726],[-5.06371,50.42769]]],[[[-5.02717,50.44928],[-5.02689,50.44797],[-5.02639,50.44791],[-5.0259,50.44732],[-5.02506,50.44748],[-5.02462,50.44608],[-5.02293,50.44602],[-5.0243,50.44566],[-5.02373,50.44458],[-5.02429,50.44451],[-5.02303,50.44175],[-5.02751,50.44141],[-5.02585,50.43703],[-5.02985,50.43545],[-5.03246,50.43374],[-5.03286,50.43275],[-5.0321,50.43091],[-5.03257,50.43071],[-5.03215,50.4301],[-5.03239,50.42977],[-5.03841,50.42943],[-5.03859,50.42915],[-5.03842,50.42816],[-5.03733,50.42811],[-5.03654,50.42628],[-5.03163,50.4255],[-5.03141,50.42436],[-5.03178,50.42436],[-5.03189,50.42349],[-5.03096,50.42138],[-5.03178,50.42073],[-5.03802,50.42137],[-5.03874,50.42115],[-5.03935,50.42196],[-5.03877,50.42333],[-5.0416,50.4242],[-5.0441,50.42623],[-5.04692,50.42573],[-5.04763,50.42491],[-5.04745,50.42231],[-5.04857,50.42234],[-5.04964,50.42144],[-5.0496,50.42106],[-5.05084,50.4215],[-5.05127,50.42133],[-5.05163,50.42183],[-5.05037,50.42207],[-5.05134,50.42275],[-5.05183,50.42269],[-5.05233,50.42326],[-5.05364,50.42199],[-5.05343,50.4214],[-5.05256,50.4208],[-5.05318,50.41867],[-5.05312,50.41813],[-5.05389,50.41821],[-5.05385,50.41855],[-5.0557,50.41878],[-5.05569,50.41926],[-5.0564,50.41958],[-5.05653,50.42014],[-5.05616,50.42034],[-5.05659,50.42031],[-5.05709,50.42117],[-5.05785,50.42123],[-5.05806,50.42178],[-5.05916,50.4216],[-5.05918,50.42125],[-5.05892,50.42082],[-5.05843,50.42094],[-5.05814,50.42027],[-5.06027,50.42004],[-5.06063,50.41953],[-5.06027,50.41866],[-5.06376,50.41854],[-5.06639,50.41946],[-5.06708,50.41927],[-5.06708,50.42048],[-5.06749,50.42102],[-5.06728,50.42107],[-5.06747,50.42164],[-5.06547,50.42171],[-5.06485,50.42274],[-5.06574,50.42316],[-5.06532,50.42342],[-5.06574,50.42365],[-5.06501,50.42385],[-5.06582,50.42401],[-5.0655,50.4243],[-5.0663,50.42448],[-5.06632,50.42476],[-5.06354,50.42486],[-5.06289,50.42447],[-5.05913,50.42412],[-5.05651,50.42553],[-5.05498,50.42565],[-5.05475,50.42584],[-5.05537,50.426],[-5.05887,50.42576],[-5.06064,50.42637],[-5.06066,50.42695],[-5.06017,50.42698],[-5.05959,50.42768],[-5.05734,50.42722],[-5.05716,50.42763],[-5.05573,50.42761],[-5.05546,50.42784],[-5.05533,50.42902],[-5.05616,50.42955],[-5.0555,50.42956],[-5.0544,50.43032],[-5.05352,50.43028],[-5.05338,50.4307],[-5.05411,50.43102],[-5.05345,50.43126],[-5.0541,50.43187],[-5.05322,50.43184],[-5.05275,50.4323],[-5.05278,50.43401],[-5.05173,50.4337],[-5.05052,50.43402],[-5.04913,50.43613],[-5.04815,50.43664],[-5.04859,50.4369],[-5.04815,50.43736],[-5.04887,50.43762],[-5.04819,50.43757],[-5.04836,50.43859],[-5.04695,50.43958],[-5.04658,50.44012],[-5.04684,50.44034],[-5.04629,50.44032],[-5.04576,50.44108],[-5.04522,50.44108],[-5.04379,50.44223],[-5.0418,50.44598],[-5.04184,50.4467],[-5.0407,50.44799],[-5.03776,50.44794],[-5.0327,50.44881],[-5.02717,50.44928]]]]}},{"type":"Feature","properties":{"id":"E01019050","name":"E01019050","parent":"E06000052","type":"LSOA","pop":2111,"r":31,"ff":9,"ffd":426.3,"ffs":0.45,"g":11,"co":0,"mo":2,"sa":0,"ic":3},"geometry":{"type":"Polygon","coordinates":[[[-5.0098,50.44092],[-5.00916,50.43466],[-5.00715,50.43498],[-5.00175,50.43415],[-4.99633,50.43374],[-4.99489,50.43406],[-4.99411,50.43149],[-4.99483,50.43151],[-4.99487,50.42989],[-4.99413,50.42909],[-4.99337,50.42888],[-4.99423,50.4252],[-4.99385,50.42463],[-4.99447,50.42362],[-4.99393,50.42138],[-4.99252,50.42134],[-4.99003,50.42068],[-4.98556,50.41834],[-4.98469,50.41732],[-4.98191,50.4162],[-4.97829,50.41527],[-4.97491,50.41523],[-4.97263,50.41365],[-4.97161,50.4126],[-4.97072,50.40974],[-4.97194,50.40724],[-4.97248,50.40452],[-4.96837,50.40004],[-4.97009,50.3994],[-4.97011,50.39907],[-4.97367,50.39704],[-4.97682,50.39575],[-4.98082,50.39358],[-4.98741,50.39144],[-4.99081,50.39331],[-4.99571,50.39451],[-4.99867,50.39563],[-5.00261,50.3958],[-5.00499,50.39555],[-5.00936,50.39429],[-5.01317,50.39269],[-5.01487,50.39249],[-5.02149,50.39281],[-5.02526,50.39392],[-5.02783,50.39428],[-5.03096,50.39569],[-5.0341,50.39539],[-5.0391,50.39542],[-5.04076,50.39515],[-5.04357,50.39533],[-5.04503,50.39509],[-5.04589,50.39452],[-5.0469,50.39433],[-5.04846,50.39456],[-5.0487,50.3956],[-5.04772,50.39756],[-5.04961,50.39784],[-5.04914,50.39921],[-5.05156,50.39971],[-5.05271,50.39954],[-5.05335,50.40081],[-5.05521,50.40132],[-5.05546,50.40186],[-5.05464,50.40203],[-5.05476,50.40289],[-5.0542,50.40335],[-5.04912,50.40427],[-5.0479,50.4054],[-5.04568,50.40526],[-5.04168,50.40575],[-5.02939,50.40408],[-5.02832,50.40678],[-5.02705,50.40629],[-5.02695,50.40881],[-5.02601,50.4096],[-5.02232,50.4108],[-5.02257,50.41211],[-5.02407,50.41236],[-5.02527,50.41309],[-5.02513,50.41356],[-5.02693,50.41514],[-5.02693,50.41672],[-5.03002,50.41692],[-5.03107,50.41758],[-5.03276,50.42018],[-5.03137,50.42078],[-5.03096,50.42138],[-5.03189,50.42349],[-5.03178,50.42436],[-5.03141,50.42436],[-5.03163,50.4255],[-5.03654,50.42628],[-5.03733,50.42811],[-5.03842,50.42816],[-5.03859,50.42915],[-5.03841,50.42943],[-5.03239,50.42977],[-5.03215,50.4301],[-5.03257,50.43071],[-5.0321,50.43091],[-5.03286,50.43275],[-5.03246,50.43374],[-5.02985,50.43545],[-5.02585,50.43703],[-5.02751,50.44141],[-5.02303,50.44175],[-5.02012,50.44222],[-5.01842,50.4436],[-5.01631,50.44395],[-5.00771,50.44344],[-5.0098,50.44092]]]}},{"type":"Feature","properties":{"id":"E01019051","name":"E01019051","parent":"E06000052","type":"LSOA","pop":1610,"r":35,"ff":12,"ffd":745.3,"ffs":0.5,"g":11,"co":0,"mo":0,"sa":0,"ic":3},"geometry":{"type":"Polygon","coordinates":[[[-5.03877,50.42333],[-5.03935,50.42196],[-5.03874,50.42115],[-5.03802,50.42137],[-5.0323,50.42084],[-5.03814,50.4205],[-5.03913,50.42011],[-5.03881,50.41983],[-5.0391,50.41939],[-5.0406,50.41986],[-5.04128,50.41939],[-5.04203,50.4195],[-5.04172,50.41864],[-5.04025,50.41837],[-5.04021,50.41789],[-5.04396,50.41796],[-5.04424,50.41812],[-5.04369,50.41913],[-5.04411,50.41921],[-5.04507,50.41865],[-5.04556,50.41874],[-5.04669,50.41757],[-5.04713,50.41772],[-5.04866,50.41762],[-5.04897,50.41814],[-5.04962,50.41831],[-5.05162,50.41816],[-5.05318,50.41867],[-5.05256,50.4208],[-5.05343,50.4214],[-5.05364,50.42199],[-5.05233,50.42326],[-5.05183,50.42269],[-5.05134,50.42275],[-5.05037,50.42207],[-5.05163,50.42183],[-5.05127,50.42133],[-5.05084,50.4215],[-5.0496,50.42106],[-5.04964,50.42144],[-5.04857,50.42234],[-5.04745,50.42231],[-5.04763,50.42491],[-5.04692,50.42573],[-5.0441,50.42623],[-5.0416,50.4242],[-5.03877,50.42333]]]}},{"type":"Feature","properties":{"id":"E01019052","name":"E01019052","parent":"E06000052","type":"LSOA","pop":2093,"r":4,"ff":1,"ffd":47.8,"ffs":0.25,"g":0,"co":1,"mo":3,"sa":3,"ic":1},"geometry":{"type":"Polygon","coordinates":[[[-4.86068,50.47851],[-4.8502,50.47611],[-4.84463,50.47537],[-4.84157,50.47432],[-4.84386,50.47159],[-4.84295,50.4695],[-4.83773,50.46603],[-4.83699,50.465],[-4.83683,50.46339],[-4.83757,50.46203],[-4.83747,50.46104],[-4.83778,50.46106],[-4.83692,50.45976],[-4.83694,50.45844],[-4.83649,50.45829],[-4.83803,50.45744],[-4.841,50.45663],[-4.84069,50.45563],[-4.84106,50.45434],[-4.84218,50.45309],[-4.84181,50.45247],[-4.84299,50.45105],[-4.84422,50.45036],[-4.84641,50.44737],[-4.84588,50.44705],[-4.84636,50.44644],[-4.84622,50.44327],[-4.84474,50.44033],[-4.84441,50.4386],[-4.83907,50.43123],[-4.83943,50.42932],[-4.83855,50.42744],[-4.83918,50.42298],[-4.83779,50.42079],[-4.83699,50.41776],[-4.83631,50.41816],[-4.83678,50.41774],[-4.8387,50.41698],[-4.83731,50.41531],[-4.83739,50.41345],[-4.83986,50.4118],[-4.83662,50.40977],[-4.83871,50.409],[-4.83712,50.40714],[-4.83745,50.40701],[-4.83688,50.40687],[-4.83514,50.40762],[-4.83551,50.40807],[-4.83516,50.40834],[-4.83416,50.40838],[-4.83335,50.40894],[-4.83347,50.41138],[-4.83171,50.41056],[-4.83123,50.41075],[-4.83123,50.41028],[-4.8304,50.41034],[-4.83007,50.40988],[-4.83107,50.40977],[-4.83134,50.40945],[-4.83058,50.40893],[-4.82967,50.40946],[-4.82915,50.40891],[-4.82955,50.40821],[-4.82906,50.40825],[-4.82877,50.40749],[-4.83233,50.40672],[-4.83299,50.40593],[-4.83234,50.40533],[-4.83026,50.40467],[-4.82877,50.40303],[-4.82862,50.40225],[-4.82797,50.40179],[-4.82711,50.39916],[-4.8291,50.39843],[-4.82977,50.39877],[-4.83036,50.39855],[-4.82919,50.39709],[-4.83031,50.3962],[-4.83249,50.39661],[-4.83278,50.39503],[-4.83201,50.39306],[-4.83545,50.39315],[-4.83849,50.39225],[-4.84104,50.39102],[-4.84426,50.39067],[-4.84761,50.39181],[-4.84855,50.39148],[-4.84927,50.39264],[-4.85118,50.39433],[-4.85282,50.39547],[-4.85385,50.39549],[-4.85439,50.39629],[-4.85685,50.39777],[-4.8576,50.39917],[-4.8577,50.40093],[-4.85929,50.40304],[-4.86095,50.40393],[-4.86541,50.40535],[-4.87509,50.40537],[-4.88453,50.40595],[-4.88932,50.40704],[-4.89118,50.40846],[-4.88087,50.41382],[-4.87957,50.41597],[-4.87942,50.41728],[-4.87834,50.41819],[-4.87723,50.42781],[-4.87999,50.42875],[-4.88115,50.42954],[-4.88315,50.43208],[-4.88347,50.43352],[-4.88428,50.43418],[-4.88648,50.4351],[-4.88938,50.43547],[-4.89045,50.43786],[-4.88872,50.4387],[-4.88476,50.442],[-4.89491,50.44336],[-4.89443,50.4443],[-4.89459,50.44579],[-4.89285,50.44532],[-4.89228,50.44594],[-4.89428,50.44628],[-4.89693,50.44625],[-4.8975,50.44713],[-4.8974,50.44843],[-4.89934,50.44848],[-4.90018,50.44824],[-4.90042,50.44952],[-4.9016,50.45034],[-4.90157,50.45161],[-4.90459,50.45193],[-4.90551,50.4524],[-4.90725,50.45252],[-4.90777,50.4528],[-4.9072,50.4532],[-4.90735,50.45375],[-4.90429,50.45488],[-4.90008,50.45328],[-4.89911,50.45369],[-4.89578,50.45374],[-4.89742,50.45516],[-4.89613,50.45937],[-4.89614,50.46138],[-4.89462,50.46321],[-4.89463,50.46505],[-4.89582,50.46907],[-4.89493,50.47367],[-4.89359,50.47745],[-4.88672,50.47784],[-4.87557,50.47766],[-4.8694,50.47822],[-4.86508,50.47899],[-4.86068,50.47851]]]}},{"type":"Feature","properties":{"id":"E01019053","name":"E01019053","parent":"E06000052","type":"LSOA","pop":2295,"r":4,"ff":1,"ffd":43.6,"ffs":0.25,"g":0,"co":1,"mo":3,"sa":3,"ic":1},"geometry":{"type":"Polygon","coordinates":[[[-4.78608,50.41291],[-4.78483,50.41208],[-4.78051,50.40515],[-4.79032,50.40403],[-4.78977,50.40366],[-4.78995,50.40304],[-4.79207,50.40165],[-4.79313,50.40052],[-4.79563,50.40319],[-4.7963,50.40272],[-4.7966,50.40017],[-4.79825,50.39936],[-4.79906,50.39958],[-4.79944,50.39902],[-4.79869,50.39795],[-4.79653,50.39728],[-4.80045,50.3949],[-4.81242,50.38863],[-4.8156,50.383],[-4.81927,50.38359],[-4.82339,50.38329],[-4.82611,50.38229],[-4.82988,50.37972],[-4.83537,50.38238],[-4.83686,50.38342],[-4.83871,50.38622],[-4.84062,50.38758],[-4.84281,50.39016],[-4.84426,50.39067],[-4.84104,50.39102],[-4.83849,50.39225],[-4.83545,50.39315],[-4.83201,50.39306],[-4.83278,50.39503],[-4.83249,50.39661],[-4.83031,50.3962],[-4.82919,50.39709],[-4.83036,50.39855],[-4.82977,50.39877],[-4.8291,50.39843],[-4.82711,50.39916],[-4.82797,50.40179],[-4.82862,50.40225],[-4.82877,50.40303],[-4.83026,50.40467],[-4.83234,50.40533],[-4.83299,50.40593],[-4.83233,50.40672],[-4.82877,50.40749],[-4.82906,50.40825],[-4.82955,50.40821],[-4.82915,50.40891],[-4.82967,50.40946],[-4.83058,50.40893],[-4.83134,50.40945],[-4.83107,50.40977],[-4.83007,50.40988],[-4.8304,50.41034],[-4.83123,50.41028],[-4.83123,50.41075],[-4.83171,50.41056],[-4.83347,50.41138],[-4.83335,50.40894],[-4.83416,50.40838],[-4.83516,50.40834],[-4.83551,50.40807],[-4.83514,50.40762],[-4.83688,50.40687],[-4.83745,50.40701],[-4.83712,50.40714],[-4.83871,50.409],[-4.83662,50.40977],[-4.83986,50.4118],[-4.83739,50.41345],[-4.83731,50.41531],[-4.8387,50.41698],[-4.83678,50.41774],[-4.83002,50.42261],[-4.82116,50.42747],[-4.8203,50.43064],[-4.81224,50.43215],[-4.81073,50.43901],[-4.80921,50.44284],[-4.80839,50.4416],[-4.80663,50.44015],[-4.8029,50.43869],[-4.80159,50.43784],[-4.80038,50.43545],[-4.80113,50.43383],[-4.80308,50.43141],[-4.79821,50.42938],[-4.80056,50.4276],[-4.80454,50.42579],[-4.80383,50.42431],[-4.80284,50.42368],[-4.80199,50.42217],[-4.80013,50.4209],[-4.79688,50.41964],[-4.79366,50.4193],[-4.78608,50.41291]]]}},{"type":"Feature","properties":{"id":"E01019054","name":"E01019054","parent":"E06000052","type":"LSOA","pop":1975,"r":4,"ff":1,"ffd":50.6,"ffs":0.25,"g":0,"co":1,"mo":3,"sa":3,"ic":1},"geometry":{"type":"Polygon","coordinates":[[[-4.84927,50.39264],[-4.84855,50.39148],[-4.84761,50.39181],[-4.84281,50.39016],[-4.84062,50.38758],[-4.83871,50.38622],[-4.83686,50.38342],[-4.83537,50.38238],[-4.82988,50.37972],[-4.83044,50.37818],[-4.83201,50.37706],[-4.83517,50.37195],[-4.83674,50.37042],[-4.83962,50.36187],[-4.84549,50.36261],[-4.84389,50.36357],[-4.84456,50.36368],[-4.84446,50.36414],[-4.84813,50.36393],[-4.84936,50.36415],[-4.85054,50.36495],[-4.85041,50.36548],[-4.85422,50.36612],[-4.8545,50.36643],[-4.85769,50.36708],[-4.85744,50.36741],[-4.85801,50.36788],[-4.85992,50.36683],[-4.86195,50.36697],[-4.86284,50.36765],[-4.86256,50.36866],[-4.86332,50.37098],[-4.86195,50.37163],[-4.86245,50.37216],[-4.86206,50.37262],[-4.86219,50.37292],[-4.86441,50.37288],[-4.86678,50.37327],[-4.86964,50.37167],[-4.87142,50.37014],[-4.87282,50.36932],[-4.87404,50.36911],[-4.8746,50.37066],[-4.87701,50.37178],[-4.88261,50.37004],[-4.88277,50.36762],[-4.88349,50.36612],[-4.88727,50.37007],[-4.88998,50.37184],[-4.89832,50.37492],[-4.90372,50.37456],[-4.90756,50.37471],[-4.91129,50.37321],[-4.91379,50.37135],[-4.91453,50.3734],[-4.91647,50.37504],[-4.91754,50.37502],[-4.91799,50.37572],[-4.91795,50.37788],[-4.9173,50.3788],[-4.91755,50.37917],[-4.91682,50.37954],[-4.91651,50.38091],[-4.91466,50.38265],[-4.91377,50.38251],[-4.91329,50.38292],[-4.91218,50.38297],[-4.91005,50.38392],[-4.90812,50.38437],[-4.9071,50.38525],[-4.90627,50.3853],[-4.90453,50.38738],[-4.90352,50.38805],[-4.90373,50.38961],[-4.90326,50.3923],[-4.90406,50.3942],[-4.90222,50.39673],[-4.90213,50.39917],[-4.90306,50.39995],[-4.901,50.4027],[-4.89919,50.40409],[-4.89295,50.40675],[-4.89118,50.40846],[-4.88932,50.40704],[-4.88453,50.40595],[-4.87509,50.40537],[-4.86541,50.40535],[-4.86095,50.40393],[-4.85929,50.40304],[-4.8577,50.40093],[-4.8576,50.39917],[-4.85685,50.39777],[-4.85439,50.39629],[-4.85385,50.39549],[-4.85282,50.39547],[-4.85118,50.39433],[-4.84927,50.39264]],[[-4.88871,50.38339],[-4.88813,50.38283],[-4.88694,50.38374],[-4.88535,50.38267],[-4.88512,50.38208],[-4.88557,50.38177],[-4.88467,50.38159],[-4.88373,50.38256],[-4.88319,50.3821],[-4.88241,50.38241],[-4.88509,50.38412],[-4.88477,50.38442],[-4.8834,50.38432],[-4.88323,50.38457],[-4.8823,50.3846],[-4.88203,50.38425],[-4.88246,50.38302],[-4.87985,50.38234],[-4.88008,50.38204],[-4.87889,50.38145],[-4.87593,50.38159],[-4.87427,50.38333],[-4.87181,50.38496],[-4.87257,50.38533],[-4.87438,50.3852],[-4.87531,50.38568],[-4.87704,50.38547],[-4.87805,50.38585],[-4.87942,50.38738],[-4.88129,50.38738],[-4.8818,50.38768],[-4.88113,50.38825],[-4.88225,50.38817],[-4.88387,50.38864],[-4.88459,50.38927],[-4.88607,50.38817],[-4.88781,50.38922],[-4.88739,50.38654],[-4.89048,50.38585],[-4.89059,50.38501],[-4.88871,50.38339]]]}},{"type":"Feature","properties":{"id":"E01019055","name":"E01019055","parent":"E06000052","type":"LSOA","pop":1571,"r":4,"ff":1,"ffd":63.7,"ffs":0.25,"g":0,"co":1,"mo":3,"sa":3,"ic":1},"geometry":{"type":"Polygon","coordinates":[[[-4.88781,50.38922],[-4.88607,50.38817],[-4.88459,50.38927],[-4.88387,50.38864],[-4.88225,50.38817],[-4.88113,50.38825],[-4.8818,50.38768],[-4.88129,50.38738],[-4.87942,50.38738],[-4.87805,50.38585],[-4.87704,50.38547],[-4.87531,50.38568],[-4.87438,50.3852],[-4.87257,50.38533],[-4.87181,50.38496],[-4.87427,50.38333],[-4.87593,50.38159],[-4.87762,50.38145],[-4.87889,50.38145],[-4.88008,50.38204],[-4.87985,50.38234],[-4.88246,50.38302],[-4.88203,50.38425],[-4.8823,50.3846],[-4.88323,50.38457],[-4.8834,50.38432],[-4.88477,50.38442],[-4.88509,50.38412],[-4.88241,50.38241],[-4.88319,50.3821],[-4.88373,50.38256],[-4.88467,50.38159],[-4.88557,50.38177],[-4.88512,50.38208],[-4.88535,50.38267],[-4.88694,50.38374],[-4.88813,50.38283],[-4.89059,50.38501],[-4.89048,50.38585],[-4.88739,50.38654],[-4.88781,50.38922]]]}},{"type":"Feature","properties":{"id":"E01019056","name":"E01019056","parent":"E06000052","type":"LSOA","pop":1379,"r":9,"ff":4,"ffd":290.1,"ffs":0.4444,"g":0,"co":1,"mo":3,"sa":3,"ic":1},"geometry":{"type":"Polygon","coordinates":[[[-4.72241,50.36183],[-4.7216,50.36072],[-4.71749,50.36083],[-4.7174,50.36115],[-4.71649,50.36133],[-4.71658,50.3607],[-4.71598,50.36007],[-4.7146,50.35759],[-4.71609,50.35605],[-4.71629,50.3556],[-4.71559,50.35545],[-4.71876,50.35377],[-4.72008,50.35372],[-4.71847,50.35291],[-4.71827,50.35186],[-4.71899,50.35163],[-4.72023,50.35178],[-4.71872,50.35018],[-4.7204,50.34992],[-4.72159,50.35011],[-4.72457,50.35129],[-4.72638,50.35127],[-4.72479,50.35184],[-4.72509,50.35203],[-4.72473,50.35243],[-4.72491,50.35405],[-4.72552,50.35552],[-4.72549,50.35717],[-4.72872,50.35812],[-4.72945,50.35938],[-4.72469,50.36065],[-4.72241,50.36183]]]}},{"type":"Feature","properties":{"id":"E01019057","name":"E01019057","parent":"E06000052","type":"LSOA","pop":1860,"r":8,"ff":3,"ffd":161.3,"ffs":0.375,"g":0,"co":1,"mo":3,"sa":3,"ic":1},"geometry":{"type":"Polygon","coordinates":[[[-4.74283,50.36596],[-4.74055,50.36506],[-4.7363,50.3653],[-4.73503,50.36487],[-4.73431,50.36503],[-4.73007,50.36438],[-4.72822,50.36452],[-4.72349,50.36569],[-4.72112,50.36514],[-4.71825,50.36566],[-4.71661,50.36498],[-4.71479,50.3647],[-4.71371,50.3611],[-4.70981,50.35423],[-4.71243,50.3543],[-4.7114,50.35343],[-4.71167,50.35282],[-4.71131,50.35272],[-4.71343,50.35118],[-4.7128,50.35082],[-4.71348,50.35052],[-4.71515,50.35034],[-4.71751,50.35057],[-4.71719,50.35086],[-4.71634,50.35098],[-4.71652,50.35135],[-4.71548,50.35099],[-4.71443,50.3516],[-4.71411,50.35134],[-4.7139,50.35159],[-4.71409,50.35252],[-4.71615,50.35224],[-4.71847,50.35291],[-4.72008,50.35372],[-4.71876,50.35377],[-4.71559,50.35545],[-4.71629,50.3556],[-4.71609,50.35605],[-4.7146,50.35759],[-4.71598,50.36007],[-4.71658,50.3607],[-4.71649,50.36133],[-4.7174,50.36115],[-4.71749,50.36083],[-4.7216,50.36072],[-4.72241,50.36183],[-4.72469,50.36065],[-4.72945,50.35938],[-4.73127,50.36255],[-4.73434,50.3607],[-4.73703,50.35978],[-4.73874,50.36107],[-4.74044,50.36186],[-4.74283,50.36454],[-4.74443,50.36378],[-4.74589,50.36369],[-4.747,50.36398],[-4.74736,50.36474],[-4.74546,50.36535],[-4.74572,50.36586],[-4.74438,50.36629],[-4.74448,50.36665],[-4.74306,50.36727],[-4.74283,50.36596]]]}},{"type":"Feature","properties":{"id":"E01019058","name":"E01019058","parent":"E06000052","type":"LSOA","pop":2280,"r":8,"ff":3,"ffd":131.6,"ffs":0.375,"g":0,"co":1,"mo":3,"sa":3,"ic":1},"geometry":{"type":"Polygon","coordinates":[[[-4.70829,50.35113],[-4.70539,50.34867],[-4.70554,50.34867],[-4.70394,50.34849],[-4.70242,50.34639],[-4.70029,50.34451],[-4.70111,50.34373],[-4.70574,50.34547],[-4.70591,50.34524],[-4.7043,50.3446],[-4.70439,50.34432],[-4.70563,50.34447],[-4.70572,50.34422],[-4.7045,50.34405],[-4.7046,50.34375],[-4.70688,50.34382],[-4.70563,50.34357],[-4.7057,50.34325],[-4.70465,50.34271],[-4.70446,50.34226],[-4.70233,50.34314],[-4.7009,50.34336],[-4.705,50.34175],[-4.70519,50.3411],[-4.70547,50.34092],[-4.71033,50.34377],[-4.71203,50.34301],[-4.71395,50.34264],[-4.71742,50.34284],[-4.71991,50.34268],[-4.71963,50.34328],[-4.72014,50.34404],[-4.71947,50.34667],[-4.71838,50.34778],[-4.71952,50.34769],[-4.72033,50.34873],[-4.72161,50.34833],[-4.72153,50.34892],[-4.72377,50.34952],[-4.72159,50.35011],[-4.7204,50.34992],[-4.71872,50.35018],[-4.72023,50.35178],[-4.71899,50.35163],[-4.71827,50.35186],[-4.71847,50.35291],[-4.71615,50.35224],[-4.71409,50.35252],[-4.7139,50.35159],[-4.71411,50.35134],[-4.71443,50.3516],[-4.71548,50.35099],[-4.71652,50.35135],[-4.71634,50.35098],[-4.71719,50.35086],[-4.71751,50.35057],[-4.71515,50.35034],[-4.71348,50.35052],[-4.7128,50.35082],[-4.71343,50.35118],[-4.71131,50.35272],[-4.71167,50.35282],[-4.7114,50.35343],[-4.71243,50.3543],[-4.70981,50.35423],[-4.70829,50.35113]]]}},{"type":"Feature","properties":{"id":"E01019059","name":"E01019059","parent":"E06000052","type":"LSOA","pop":1486,"r":10,"ff":5,"ffd":336.5,"ffs":0.5,"g":0,"co":1,"mo":3,"sa":3,"ic":1},"geometry":{"type":"Polygon","coordinates":[[[-4.747,50.36398],[-4.74589,50.36369],[-4.74443,50.36378],[-4.74283,50.36454],[-4.74044,50.36186],[-4.73874,50.36107],[-4.73703,50.35978],[-4.73434,50.3607],[-4.73127,50.36255],[-4.72872,50.35812],[-4.72549,50.35717],[-4.72552,50.35552],[-4.72491,50.35405],[-4.72473,50.35243],[-4.72509,50.35203],[-4.72479,50.35184],[-4.72638,50.35127],[-4.72457,50.35129],[-4.72159,50.35011],[-4.72377,50.34952],[-4.72153,50.34892],[-4.72161,50.34833],[-4.72033,50.34873],[-4.71952,50.34769],[-4.71838,50.34778],[-4.71947,50.34667],[-4.72014,50.34404],[-4.71963,50.34328],[-4.71991,50.34268],[-4.71742,50.34284],[-4.71395,50.34264],[-4.71203,50.34301],[-4.71033,50.34377],[-4.70547,50.34092],[-4.70621,50.34047],[-4.70601,50.34023],[-4.70649,50.34046],[-4.70886,50.34044],[-4.70996,50.34018],[-4.70987,50.33967],[-4.71018,50.34001],[-4.71127,50.33949],[-4.71317,50.33946],[-4.71339,50.33908],[-4.71757,50.33826],[-4.71768,50.33783],[-4.71857,50.33832],[-4.72478,50.33749],[-4.72504,50.33788],[-4.72593,50.33772],[-4.72598,50.33921],[-4.7243,50.33947],[-4.72129,50.34075],[-4.72144,50.34146],[-4.72256,50.34127],[-4.72176,50.34274],[-4.7243,50.34307],[-4.72588,50.34363],[-4.73584,50.34389],[-4.73882,50.34415],[-4.74138,50.34565],[-4.74394,50.34513],[-4.74492,50.34694],[-4.74512,50.34832],[-4.74572,50.34908],[-4.74734,50.35],[-4.74379,50.35105],[-4.74275,50.35201],[-4.74642,50.35538],[-4.74833,50.35845],[-4.74931,50.35915],[-4.74924,50.36016],[-4.74812,50.36034],[-4.74754,50.36078],[-4.74865,50.36193],[-4.74827,50.36375],[-4.74792,50.3645],[-4.74736,50.36474],[-4.747,50.36398]]]}},{"type":"Feature","properties":{"id":"E01019060","name":"E01019060","parent":"E06000052","type":"LSOA","pop":1363,"r":2,"ff":1,"ffd":73.4,"ffs":0.5,"g":0,"co":3,"mo":3,"sa":3,"ic":3},"geometry":{"type":"Polygon","coordinates":[[[-5.02828,50.47896],[-5.01585,50.47531],[-5.01298,50.47468],[-4.98357,50.47164],[-4.97837,50.47059],[-4.97824,50.47078],[-4.97323,50.47048],[-4.96721,50.47079],[-4.96378,50.47163],[-4.96202,50.47238],[-4.95831,50.47154],[-4.95534,50.47123],[-4.94979,50.47117],[-4.94895,50.47222],[-4.9422,50.47275],[-4.93967,50.4732],[-4.9376,50.47335],[-4.93219,50.47457],[-4.92593,50.4742],[-4.92025,50.47433],[-4.91204,50.47686],[-4.91196,50.47721],[-4.90899,50.47722],[-4.90841,50.47748],[-4.89985,50.4767],[-4.89535,50.47689],[-4.89359,50.47745],[-4.89493,50.47367],[-4.89582,50.46907],[-4.89463,50.46505],[-4.89462,50.46321],[-4.89614,50.46138],[-4.89613,50.45937],[-4.89742,50.45516],[-4.89578,50.45374],[-4.89911,50.45369],[-4.90008,50.45328],[-4.90429,50.45488],[-4.90735,50.45375],[-4.9072,50.4532],[-4.90777,50.4528],[-4.90725,50.45252],[-4.90551,50.4524],[-4.90459,50.45193],[-4.90157,50.45161],[-4.9016,50.45034],[-4.90042,50.44952],[-4.90018,50.44824],[-4.89934,50.44848],[-4.8974,50.44843],[-4.8975,50.44713],[-4.89693,50.44625],[-4.89428,50.44628],[-4.89228,50.44594],[-4.89285,50.44532],[-4.89459,50.44579],[-4.89443,50.4443],[-4.89491,50.44336],[-4.88476,50.442],[-4.88872,50.4387],[-4.89045,50.43786],[-4.88938,50.43547],[-4.89431,50.43593],[-4.89661,50.43566],[-4.90295,50.43591],[-4.90528,50.43623],[-4.9072,50.43709],[-4.91036,50.43711],[-4.91422,50.4361],[-4.91721,50.43602],[-4.92575,50.43682],[-4.92672,50.43701],[-4.92702,50.43748],[-4.93314,50.43821],[-4.93211,50.44124],[-4.93123,50.44733],[-4.937,50.44693],[-4.94114,50.44605],[-4.93925,50.44442],[-4.93986,50.44278],[-4.94077,50.44248],[-4.94327,50.44069],[-4.9464,50.44017],[-4.94905,50.43885],[-4.95199,50.4387],[-4.95193,50.43698],[-4.9533,50.43709],[-4.95418,50.4377],[-4.95672,50.43854],[-4.96069,50.43907],[-4.96603,50.44084],[-4.97351,50.4418],[-4.97543,50.44168],[-4.97227,50.4392],[-4.95961,50.43705],[-4.96018,50.43638],[-4.95878,50.43073],[-4.96304,50.4325],[-4.96686,50.43362],[-4.97388,50.43465],[-4.97979,50.43594],[-4.98592,50.43632],[-4.98481,50.43446],[-4.98606,50.43299],[-4.98678,50.4328],[-4.99324,50.43413],[-4.99489,50.43406],[-4.99633,50.43374],[-5.00175,50.43415],[-5.00715,50.43498],[-5.00916,50.43466],[-5.0098,50.44092],[-5.00771,50.44344],[-5.01631,50.44395],[-5.01842,50.4436],[-5.02012,50.44222],[-5.02303,50.44175],[-5.02429,50.44451],[-5.02373,50.44458],[-5.0243,50.44566],[-5.02293,50.44602],[-5.02462,50.44608],[-5.02506,50.44748],[-5.0259,50.44732],[-5.02639,50.44791],[-5.02689,50.44797],[-5.02717,50.44928],[-5.0327,50.44881],[-5.03776,50.44794],[-5.0407,50.44799],[-5.04034,50.44983],[-5.03987,50.45029],[-5.03961,50.45161],[-5.04038,50.45171],[-5.0394,50.45194],[-5.03963,50.45433],[-5.04019,50.45444],[-5.03992,50.45465],[-5.04061,50.45514],[-5.04166,50.45523],[-5.042,50.45592],[-5.04046,50.45731],[-5.04123,50.45748],[-5.04137,50.45783],[-5.04224,50.45774],[-5.04318,50.45861],[-5.0419,50.45943],[-5.03902,50.459],[-5.03818,50.46032],[-5.03846,50.46065],[-5.03944,50.46058],[-5.04108,50.46154],[-5.04166,50.46154],[-5.0419,50.46172],[-5.04176,50.46201],[-5.04229,50.46194],[-5.04182,50.4628],[-5.04251,50.46295],[-5.04248,50.46415],[-5.04217,50.46451],[-5.04187,50.46434],[-5.04194,50.46494],[-5.04129,50.46551],[-5.03884,50.46508],[-5.03902,50.46557],[-5.0386,50.46545],[-5.0377,50.46621],[-5.0366,50.46648],[-5.0357,50.46633],[-5.03531,50.46669],[-5.03334,50.4656],[-5.03195,50.46731],[-5.03248,50.46939],[-5.0347,50.47119],[-5.03585,50.47131],[-5.03636,50.4723],[-5.03764,50.47242],[-5.03813,50.47276],[-5.038,50.47313],[-5.03876,50.47328],[-5.03973,50.47416],[-5.03961,50.47482],[-5.03861,50.47499],[-5.03843,50.47567],[-5.03629,50.47557],[-5.03635,50.47596],[-5.03714,50.47627],[-5.03552,50.47702],[-5.03613,50.47693],[-5.03634,50.47757],[-5.03731,50.47786],[-5.0372,50.47886],[-5.03648,50.47921],[-5.03612,50.4799],[-5.03132,50.47912],[-5.02828,50.47896]]]}},{"type":"Feature","properties":{"id":"E01019061","name":"E01019061","parent":"E06000052","type":"LSOA","pop":1864,"r":1,"ff":0,"ffd":0.0,"ffs":0.0,"g":0,"co":1,"mo":3,"sa":3,"ic":3},"geometry":{"type":"Polygon","coordinates":[[[-4.93314,50.43821],[-4.9348,50.43549],[-4.93777,50.43134],[-4.94037,50.43158],[-4.94015,50.43227],[-4.93957,50.4322],[-4.93953,50.43247],[-4.93823,50.43266],[-4.93793,50.43341],[-4.93941,50.43336],[-4.93957,50.43399],[-4.94024,50.43377],[-4.94024,50.43291],[-4.94078,50.43292],[-4.94052,50.4345],[-4.93806,50.43493],[-4.93872,50.43533],[-4.9395,50.43547],[-4.93976,50.43503],[-4.94089,50.43563],[-4.94099,50.43508],[-4.94168,50.43501],[-4.942,50.43427],[-4.94291,50.43407],[-4.94287,50.43342],[-4.94373,50.43277],[-4.94328,50.43194],[-4.94778,50.43151],[-4.94736,50.43055],[-4.94823,50.43002],[-4.94836,50.42889],[-4.94992,50.42751],[-4.95495,50.42912],[-4.95878,50.43073],[-4.96018,50.43638],[-4.95961,50.43705],[-4.97227,50.4392],[-4.97543,50.44168],[-4.97351,50.4418],[-4.96603,50.44084],[-4.96069,50.43907],[-4.95672,50.43854],[-4.95418,50.4377],[-4.9533,50.43709],[-4.95193,50.43698],[-4.95199,50.4387],[-4.94905,50.43885],[-4.9464,50.44017],[-4.94327,50.44069],[-4.94077,50.44248],[-4.93986,50.44278],[-4.93925,50.44442],[-4.94114,50.44605],[-4.937,50.44693],[-4.93123,50.44733],[-4.93211,50.44124],[-4.93314,50.43821]]]}},{"type":"Feature","properties":{"id":"E01019062","name":"E01019062","parent":"E06000052","type":"LSOA","pop":1843,"r":1,"ff":0,"ffd":0.0,"ffs":0.0,"g":0,"co":1,"mo":3,"sa":3,"ic":3},"geometry":{"type":"Polygon","coordinates":[[[-4.94089,50.43563],[-4.93976,50.43503],[-4.9395,50.43547],[-4.93872,50.43533],[-4.93806,50.43493],[-4.94052,50.4345],[-4.94078,50.43292],[-4.94024,50.43291],[-4.94024,50.43377],[-4.93957,50.43399],[-4.93941,50.43336],[-4.93793,50.43341],[-4.93823,50.43266],[-4.93953,50.43247],[-4.93957,50.4322],[-4.94015,50.43227],[-4.94037,50.43158],[-4.93777,50.43134],[-4.93932,50.42801],[-4.94008,50.42411],[-4.94179,50.42381],[-4.94668,50.42643],[-4.94992,50.42751],[-4.94836,50.42889],[-4.94823,50.43002],[-4.94736,50.43055],[-4.94778,50.43151],[-4.94328,50.43194],[-4.94373,50.43277],[-4.94287,50.43342],[-4.94291,50.43407],[-4.942,50.43427],[-4.94168,50.43501],[-4.94099,50.43508],[-4.94089,50.43563]]]}},{"type":"Feature","properties":{"id":"E01019063","name":"E01019063","parent":"E06000052","type":"LSOA","pop":2315,"r":1,"ff":0,"ffd":0.0,"ffs":0.0,"g":0,"co":1,"mo":3,"sa":3,"ic":3},"geometry":{"type":"Polygon","coordinates":[[[-4.89919,50.40409],[-4.901,50.4027],[-4.90306,50.39995],[-4.90213,50.39917],[-4.90222,50.39673],[-4.90406,50.3942],[-4.90326,50.3923],[-4.90373,50.38961],[-4.90352,50.38805],[-4.90453,50.38738],[-4.90627,50.3853],[-4.9071,50.38525],[-4.90812,50.38437],[-4.91005,50.38392],[-4.91218,50.38297],[-4.91329,50.38292],[-4.91377,50.38251],[-4.91466,50.38265],[-4.91651,50.38091],[-4.91682,50.37954],[-4.91755,50.37917],[-4.9173,50.3788],[-4.91795,50.37788],[-4.91799,50.37572],[-4.91754,50.37502],[-4.91647,50.37504],[-4.91453,50.3734],[-4.91379,50.37135],[-4.91206,50.37081],[-4.91298,50.37093],[-4.91626,50.3705],[-4.91737,50.36998],[-4.91809,50.36866],[-4.9232,50.36711],[-4.92439,50.36584],[-4.92435,50.36282],[-4.92688,50.36086],[-4.92861,50.36109],[-4.93097,50.36051],[-4.93198,50.36056],[-4.9323,50.3609],[-4.9369,50.35935],[-4.93717,50.35972],[-4.94496,50.35708],[-4.94531,50.35943],[-4.94763,50.35985],[-4.95047,50.35987],[-4.95247,50.3594],[-4.94803,50.35264],[-4.94275,50.34784],[-4.94243,50.34457],[-4.9443,50.34326],[-4.9501,50.34482],[-4.95429,50.34467],[-4.96181,50.34514],[-4.96719,50.34497],[-4.96717,50.34462],[-4.97135,50.34536],[-4.9717,50.34514],[-4.97232,50.34349],[-4.974,50.34257],[-4.9725,50.34034],[-4.97179,50.34019],[-4.97193,50.33931],[-4.97127,50.33872],[-4.971,50.33765],[-4.9722,50.33689],[-4.97303,50.33582],[-4.97404,50.33944],[-4.97768,50.33955],[-4.97755,50.34084],[-4.98791,50.34167],[-4.988,50.34194],[-4.98969,50.34169],[-4.99155,50.34242],[-4.9917,50.34174],[-4.99269,50.34175],[-4.99346,50.3408],[-4.99901,50.34354],[-5.00158,50.34513],[-5.00511,50.3467],[-5.00554,50.34829],[-5.00544,50.35101],[-5.00653,50.35265],[-5.0033,50.35392],[-5.00235,50.35465],[-5.00075,50.35731],[-4.99711,50.35984],[-4.99478,50.36091],[-4.99624,50.36176],[-4.99692,50.36317],[-4.99732,50.36314],[-4.9984,50.36884],[-5.00064,50.37102],[-5.00149,50.37489],[-5.00088,50.37819],[-5.00048,50.37812],[-4.99872,50.38204],[-4.99784,50.38292],[-4.99524,50.38254],[-4.99073,50.3837],[-4.98984,50.38342],[-4.98824,50.3858],[-4.98697,50.38631],[-4.98409,50.38897],[-4.98622,50.39089],[-4.98741,50.39144],[-4.98082,50.39358],[-4.97682,50.39575],[-4.97954,50.39349],[-4.98236,50.39307],[-4.97902,50.39062],[-4.97718,50.38993],[-4.97783,50.38935],[-4.97833,50.38784],[-4.97784,50.38706],[-4.9757,50.38607],[-4.9729,50.38523],[-4.97232,50.38589],[-4.96731,50.38771],[-4.9644,50.38623],[-4.96095,50.38214],[-4.96618,50.3781],[-4.96475,50.37681],[-4.9648,50.37429],[-4.96434,50.37444],[-4.96277,50.37312],[-4.96168,50.37374],[-4.96096,50.3728],[-4.9603,50.37263],[-4.95733,50.37428],[-4.95486,50.37347],[-4.95472,50.37233],[-4.95386,50.3714],[-4.94957,50.36889],[-4.94774,50.36851],[-4.94597,50.36864],[-4.94656,50.36722],[-4.94249,50.36726],[-4.93407,50.36836],[-4.93394,50.371],[-4.93509,50.37309],[-4.93526,50.3745],[-4.93685,50.37716],[-4.93906,50.37879],[-4.93967,50.37816],[-4.94065,50.37826],[-4.94448,50.37725],[-4.94466,50.37793],[-4.94664,50.37821],[-4.94819,50.37698],[-4.95164,50.37667],[-4.95177,50.37711],[-4.94836,50.37818],[-4.94848,50.37839],[-4.94704,50.3785],[-4.94671,50.37975],[-4.94666,50.38008],[-4.94764,50.38038],[-4.94845,50.38134],[-4.94805,50.3839],[-4.9491,50.38452],[-4.9498,50.38605],[-4.95021,50.39003],[-4.94872,50.39322],[-4.94208,50.39102],[-4.94166,50.38873],[-4.93917,50.3876],[-4.93931,50.38607],[-4.93867,50.38591],[-4.94117,50.38578],[-4.94155,50.38465],[-4.9439,50.38366],[-4.94111,50.38267],[-4.93885,50.3824],[-4.93853,50.38345],[-4.93778,50.38423],[-4.9367,50.38463],[-4.93693,50.38678],[-4.9381,50.38689],[-4.93744,50.38765],[-4.93638,50.38755],[-4.93491,50.38692],[-4.93436,50.38621],[-4.9325,50.38691],[-4.93123,50.38781],[-4.93042,50.38764],[-4.93046,50.38839],[-4.93121,50.38933],[-4.93019,50.39099],[-4.9291,50.39163],[-4.92747,50.39209],[-4.92582,50.39164],[-4.92314,50.39441],[-4.92332,50.39488],[-4.92267,50.39524],[-4.92381,50.39768],[-4.92305,50.39807],[-4.92394,50.39817],[-4.92449,50.39913],[-4.92555,50.39813],[-4.92669,50.39883],[-4.92871,50.39898],[-4.93302,50.40056],[-4.93246,50.40184],[-4.93258,50.40415],[-4.93149,50.40595],[-4.92979,50.4067],[-4.92758,50.40687],[-4.92266,50.4061],[-4.91985,50.4047],[-4.91378,50.40407],[-4.90991,50.40298],[-4.90814,50.40269],[-4.90697,50.4029],[-4.90513,50.40425],[-4.90371,50.40484],[-4.89472,50.40785],[-4.89041,50.40886],[-4.89118,50.40846],[-4.89295,50.40675],[-4.89919,50.40409]]]}},{"type":"Feature","properties":{"id":"E01019064","name":"E01019064","parent":"E06000052","type":"LSOA","pop":2318,"r":1,"ff":0,"ffd":0.0,"ffs":0.0,"g":0,"co":1,"mo":3,"sa":3,"ic":3},"geometry":{"type":"Polygon","coordinates":[[[-4.92575,50.43682],[-4.91721,50.43602],[-4.91422,50.4361],[-4.91036,50.43711],[-4.9072,50.43709],[-4.90528,50.43623],[-4.90295,50.43591],[-4.89661,50.43566],[-4.89431,50.43593],[-4.88648,50.4351],[-4.88428,50.43418],[-4.88347,50.43352],[-4.88315,50.43208],[-4.88115,50.42954],[-4.87999,50.42875],[-4.87723,50.42781],[-4.87834,50.41819],[-4.87942,50.41728],[-4.87957,50.41597],[-4.88087,50.41382],[-4.89041,50.40886],[-4.89472,50.40785],[-4.90371,50.40484],[-4.90513,50.40425],[-4.90697,50.4029],[-4.90814,50.40269],[-4.90991,50.40298],[-4.91378,50.40407],[-4.91985,50.4047],[-4.92266,50.4061],[-4.92758,50.40687],[-4.92979,50.4067],[-4.93149,50.40595],[-4.93258,50.40415],[-4.93246,50.40184],[-4.93302,50.40056],[-4.92871,50.39898],[-4.92669,50.39883],[-4.92555,50.39813],[-4.92449,50.39913],[-4.92394,50.39817],[-4.92305,50.39807],[-4.92637,50.39615],[-4.93251,50.3985],[-4.9405,50.40118],[-4.94096,50.40069],[-4.94333,50.40019],[-4.94264,50.3991],[-4.94358,50.39793],[-4.94087,50.39715],[-4.941,50.39654],[-4.93983,50.39592],[-4.9389,50.39602],[-4.93926,50.39523],[-4.93867,50.39525],[-4.93585,50.3931],[-4.93378,50.39464],[-4.93307,50.39473],[-4.93173,50.39433],[-4.93203,50.39403],[-4.93156,50.39359],[-4.93214,50.39283],[-4.93305,50.39264],[-4.93351,50.39289],[-4.93458,50.39189],[-4.9332,50.39165],[-4.93656,50.38834],[-4.93583,50.38836],[-4.93448,50.38916],[-4.93332,50.38905],[-4.93233,50.38936],[-4.93277,50.38998],[-4.93187,50.38982],[-4.93163,50.39012],[-4.93092,50.38971],[-4.93121,50.38933],[-4.93046,50.38839],[-4.93042,50.38764],[-4.93123,50.38781],[-4.9325,50.38691],[-4.93436,50.38621],[-4.93491,50.38692],[-4.93638,50.38755],[-4.93744,50.38765],[-4.9381,50.38689],[-4.93693,50.38678],[-4.9367,50.38463],[-4.93778,50.38423],[-4.93853,50.38345],[-4.93885,50.3824],[-4.94111,50.38267],[-4.9439,50.38366],[-4.94155,50.38465],[-4.94117,50.38578],[-4.93867,50.38591],[-4.93931,50.38607],[-4.93917,50.3876],[-4.94166,50.38873],[-4.94208,50.39102],[-4.94872,50.39322],[-4.95021,50.39003],[-4.9498,50.38605],[-4.9491,50.38452],[-4.94805,50.3839],[-4.94845,50.38134],[-4.94764,50.38038],[-4.94666,50.38008],[-4.94671,50.37975],[-4.94704,50.3785],[-4.94848,50.37839],[-4.94836,50.37818],[-4.95177,50.37711],[-4.95164,50.37667],[-4.94819,50.37698],[-4.94664,50.37821],[-4.94466,50.37793],[-4.94448,50.37725],[-4.94065,50.37826],[-4.93967,50.37816],[-4.93906,50.37879],[-4.93685,50.37716],[-4.93526,50.3745],[-4.93509,50.37309],[-4.93394,50.371],[-4.93407,50.36836],[-4.94249,50.36726],[-4.94656,50.36722],[-4.94597,50.36864],[-4.94774,50.36851],[-4.94957,50.36889],[-4.95386,50.3714],[-4.95472,50.37233],[-4.95486,50.37347],[-4.95733,50.37428],[-4.9603,50.37263],[-4.96096,50.3728],[-4.96168,50.37374],[-4.96277,50.37312],[-4.96434,50.37444],[-4.9648,50.37429],[-4.96475,50.37681],[-4.96618,50.3781],[-4.96095,50.38214],[-4.9644,50.38623],[-4.96731,50.38771],[-4.97232,50.38589],[-4.9729,50.38523],[-4.9757,50.38607],[-4.97784,50.38706],[-4.97833,50.38784],[-4.97783,50.38935],[-4.97718,50.38993],[-4.97902,50.39062],[-4.98236,50.39307],[-4.97954,50.39349],[-4.97682,50.39575],[-4.97367,50.39704],[-4.97011,50.39907],[-4.97009,50.3994],[-4.96837,50.40004],[-4.97248,50.40452],[-4.97194,50.40724],[-4.97072,50.40974],[-4.97161,50.4126],[-4.97263,50.41365],[-4.97491,50.41523],[-4.97829,50.41527],[-4.98191,50.4162],[-4.98469,50.41732],[-4.98556,50.41834],[-4.99003,50.42068],[-4.99252,50.42134],[-4.99393,50.42138],[-4.99447,50.42362],[-4.99385,50.42463],[-4.99423,50.4252],[-4.99337,50.42888],[-4.99413,50.42909],[-4.99487,50.42989],[-4.99483,50.43151],[-4.99411,50.43149],[-4.99489,50.43406],[-4.99324,50.43413],[-4.98678,50.4328],[-4.98606,50.43299],[-4.98481,50.43446],[-4.98592,50.43632],[-4.97979,50.43594],[-4.97388,50.43465],[-4.96686,50.43362],[-4.96304,50.4325],[-4.95495,50.42912],[-4.94668,50.42643],[-4.94179,50.42381],[-4.94008,50.42411],[-4.93932,50.42801],[-4.93777,50.43134],[-4.9348,50.43549],[-4.93314,50.43821],[-4.92702,50.43748],[-4.92672,50.43701],[-4.92575,50.43682]]]}},{"type":"Feature","properties":{"id":"E01019065","name":"E01019065","parent":"E06000052","type":"LSOA","pop":1346,"r":1,"ff":0,"ffd":0.0,"ffs":0.0,"g":0,"co":1,"mo":3,"sa":3,"ic":3},"geometry":{"type":"Polygon","coordinates":[[[-4.93134,50.39807],[-4.92637,50.39615],[-4.92381,50.39768],[-4.92267,50.39524],[-4.92332,50.39488],[-4.92314,50.39441],[-4.92582,50.39164],[-4.92747,50.39209],[-4.9291,50.39163],[-4.93019,50.39099],[-4.93092,50.38971],[-4.93163,50.39012],[-4.93187,50.38982],[-4.93277,50.38998],[-4.93233,50.38936],[-4.93332,50.38905],[-4.93448,50.38916],[-4.93583,50.38836],[-4.93656,50.38834],[-4.9332,50.39165],[-4.93458,50.39189],[-4.93351,50.39289],[-4.93305,50.39264],[-4.93214,50.39283],[-4.93156,50.39359],[-4.93203,50.39403],[-4.93173,50.39433],[-4.93307,50.39473],[-4.93378,50.39464],[-4.93585,50.3931],[-4.93867,50.39525],[-4.93926,50.39523],[-4.9389,50.39602],[-4.93983,50.39592],[-4.941,50.39654],[-4.94087,50.39715],[-4.94358,50.39793],[-4.94264,50.3991],[-4.94333,50.40019],[-4.94096,50.40069],[-4.9405,50.40118],[-4.93134,50.39807]]]}},{"type":"Feature","properties":{"id":"E01019066","name":"E01019066","parent":"E06000052","type":"LSOA","pop":1348,"r":2,"ff":0,"ffd":0.0,"ffs":0.0,"g":0,"co":3,"mo":3,"sa":3,"ic":1},"geometry":{"type":"Polygon","coordinates":[[[-4.86999,50.31348],[-4.86511,50.3131],[-4.86275,50.31382],[-4.86205,50.31251],[-4.861,50.31307],[-4.86026,50.31218],[-4.85875,50.31296],[-4.85316,50.31409],[-4.85041,50.31239],[-4.84689,50.31173],[-4.84274,50.31213],[-4.84008,50.31298],[-4.8394,50.31258],[-4.83969,50.31285],[-4.83937,50.31419],[-4.84105,50.31495],[-4.84111,50.31647],[-4.84129,50.3166],[-4.84119,50.31696],[-4.84002,50.31739],[-4.8387,50.31721],[-4.83765,50.31838],[-4.83277,50.31784],[-4.83067,50.31827],[-4.82655,50.31656],[-4.82521,50.31537],[-4.82287,50.31573],[-4.8241,50.31413],[-4.82417,50.31287],[-4.82051,50.30667],[-4.8218,50.30509],[-4.82185,50.30424],[-4.82356,50.30433],[-4.82511,50.30241],[-4.82543,50.30033],[-4.82434,50.29805],[-4.82207,50.29694],[-4.8243,50.29635],[-4.82488,50.29497],[-4.83098,50.29316],[-4.8339,50.29262],[-4.83493,50.29132],[-4.83726,50.29058],[-4.84202,50.29002],[-4.84418,50.29025],[-4.84723,50.29121],[-4.84817,50.29095],[-4.84413,50.28766],[-4.8434,50.28387],[-4.84136,50.28296],[-4.83654,50.28198],[-4.83538,50.28198],[-4.8324,50.28295],[-4.83132,50.28103],[-4.83354,50.28074],[-4.83121,50.27986],[-4.83096,50.27932],[-4.83493,50.27875],[-4.83704,50.27802],[-4.83932,50.27647],[-4.839,50.27504],[-4.83722,50.27463],[-4.83191,50.27383],[-4.82908,50.27414],[-4.82871,50.27302],[-4.82942,50.27125],[-4.82947,50.26958],[-4.83358,50.26816],[-4.83506,50.2672],[-4.8394,50.26597],[-4.84156,50.26487],[-4.84515,50.26383],[-4.84787,50.26149],[-4.84899,50.26224],[-4.85339,50.26142],[-4.85614,50.26157],[-4.85681,50.26115],[-4.85868,50.26087],[-4.86058,50.25967],[-4.86042,50.25933],[-4.86131,50.25837],[-4.85982,50.25692],[-4.8603,50.25591],[-4.86139,50.2554],[-4.86312,50.25589],[-4.86441,50.2557],[-4.86615,50.25593],[-4.87246,50.25509],[-4.87393,50.25467],[-4.87587,50.25341],[-4.87745,50.25454],[-4.87754,50.25574],[-4.8764,50.2573],[-4.87599,50.25935],[-4.87424,50.26097],[-4.87578,50.26233],[-4.87595,50.26302],[-4.87522,50.26343],[-4.87541,50.26412],[-4.87706,50.26479],[-4.87884,50.26623],[-4.8786,50.26757],[-4.88152,50.26998],[-4.88191,50.27068],[-4.88161,50.27104],[-4.87921,50.27195],[-4.8774,50.27392],[-4.87597,50.27482],[-4.86838,50.27799],[-4.86802,50.27873],[-4.86998,50.2816],[-4.86976,50.28489],[-4.86878,50.28502],[-4.8704,50.28577],[-4.87072,50.28853],[-4.87308,50.29205],[-4.87399,50.29196],[-4.87569,50.29092],[-4.88001,50.2901],[-4.88399,50.28798],[-4.88465,50.28811],[-4.88691,50.28774],[-4.89003,50.28796],[-4.89487,50.2867],[-4.89814,50.2864],[-4.90088,50.28559],[-4.90374,50.28733],[-4.90498,50.28764],[-4.90325,50.29013],[-4.90342,50.29117],[-4.90409,50.29196],[-4.9065,50.29371],[-4.90681,50.29541],[-4.9095,50.2951],[-4.90946,50.29679],[-4.91032,50.2976],[-4.91126,50.29761],[-4.91135,50.29878],[-4.9127,50.30056],[-4.91079,50.30099],[-4.90987,50.30054],[-4.90465,50.29995],[-4.90322,50.29942],[-4.90191,50.3012],[-4.90211,50.30255],[-4.90526,50.30522],[-4.90567,50.30714],[-4.90537,50.30766],[-4.8992,50.31082],[-4.89915,50.31183],[-4.90035,50.31479],[-4.90053,50.31653],[-4.8989,50.31721],[-4.8971,50.31754],[-4.89077,50.31728],[-4.88583,50.3165],[-4.87766,50.31404],[-4.87369,50.31339],[-4.86999,50.31348]]]}},{"type":"Feature","properties":{"id":"E01019067","name":"E01019067","parent":"E06000052","type":"LSOA","pop":1643,"r":10,"ff":4,"ffd":243.5,"ffs":0.4,"g":0,"co":1,"mo":3,"sa":3,"ic":1},"geometry":{"type":"Polygon","coordinates":[[[-4.79939,50.33254],[-4.79867,50.33229],[-4.79811,50.33256],[-4.79726,50.33178],[-4.79652,50.33165],[-4.79617,50.33089],[-4.79425,50.33143],[-4.79323,50.33105],[-4.78549,50.3326],[-4.78449,50.33225],[-4.77854,50.33276],[-4.77655,50.33338],[-4.77421,50.3312],[-4.77119,50.33153],[-4.7717,50.32676],[-4.7713,50.32634],[-4.77016,50.32716],[-4.76818,50.32653],[-4.76804,50.32706],[-4.76562,50.32673],[-4.76499,50.32725],[-4.76435,50.32707],[-4.76386,50.32636],[-4.76321,50.32622],[-4.76201,50.32426],[-4.76246,50.32435],[-4.76263,50.32396],[-4.76311,50.32426],[-4.76496,50.32429],[-4.76614,50.32335],[-4.76681,50.32221],[-4.76606,50.3218],[-4.76692,50.32083],[-4.76616,50.31958],[-4.76658,50.31918],[-4.76558,50.31849],[-4.76585,50.31812],[-4.76567,50.31677],[-4.76523,50.31686],[-4.76528,50.31609],[-4.76361,50.31558],[-4.76425,50.31544],[-4.76373,50.31531],[-4.76438,50.31515],[-4.76473,50.31462],[-4.7643,50.31374],[-4.76492,50.31357],[-4.7651,50.31294],[-4.76325,50.31167],[-4.76371,50.31113],[-4.76343,50.31022],[-4.76108,50.30832],[-4.75807,50.30726],[-4.75546,50.30725],[-4.75497,50.3063],[-4.75402,50.30595],[-4.75438,50.30544],[-4.754,50.30488],[-4.75459,50.3048],[-4.7544,50.30409],[-4.75521,50.30362],[-4.75567,50.3016],[-4.755,50.30141],[-4.75539,50.30117],[-4.75513,50.30092],[-4.75456,50.30113],[-4.75497,50.30078],[-4.75268,50.29925],[-4.75254,50.29874],[-4.75326,50.29806],[-4.75364,50.29823],[-4.75402,50.2979],[-4.7557,50.29891],[-4.75614,50.29952],[-4.75552,50.29994],[-4.75647,50.30031],[-4.75733,50.29999],[-4.7574,50.2996],[-4.75816,50.29967],[-4.75861,50.29874],[-4.75937,50.29846],[-4.76125,50.29947],[-4.76193,50.29954],[-4.76184,50.30044],[-4.76282,50.30071],[-4.76565,50.29982],[-4.766,50.29918],[-4.76706,50.29919],[-4.76764,50.2986],[-4.76685,50.2978],[-4.77037,50.30011],[-4.77202,50.30034],[-4.77177,50.30082],[-4.77556,50.30172],[-4.78025,50.30341],[-4.78105,50.303],[-4.78143,50.3035],[-4.78268,50.30331],[-4.78353,50.30401],[-4.78351,50.30297],[-4.78495,50.30206],[-4.78777,50.30107],[-4.78863,50.30176],[-4.79047,50.30142],[-4.79304,50.30001],[-4.79273,50.29956],[-4.79129,50.29915],[-4.79016,50.29829],[-4.79022,50.29792],[-4.79098,50.29806],[-4.79066,50.29676],[-4.78992,50.29619],[-4.79051,50.29559],[-4.79009,50.29545],[-4.79168,50.29512],[-4.795,50.29598],[-4.79531,50.29471],[-4.79641,50.29471],[-4.79612,50.29374],[-4.8015,50.29254],[-4.80324,50.29124],[-4.80314,50.29026],[-4.8036,50.28977],[-4.8055,50.28903],[-4.80857,50.28956],[-4.81372,50.28923],[-4.81321,50.28797],[-4.81103,50.28816],[-4.80791,50.28766],[-4.80404,50.28649],[-4.80247,50.28541],[-4.80281,50.28398],[-4.80464,50.28233],[-4.80381,50.28105],[-4.80402,50.27868],[-4.80469,50.27883],[-4.80655,50.27829],[-4.80874,50.277],[-4.80931,50.2751],[-4.81059,50.27442],[-4.81208,50.27243],[-4.81112,50.27091],[-4.8148,50.27174],[-4.81631,50.27103],[-4.81821,50.27089],[-4.81806,50.26834],[-4.81988,50.2672],[-4.82024,50.26661],[-4.82323,50.26754],[-4.82544,50.26779],[-4.82821,50.26914],[-4.82865,50.26975],[-4.82947,50.26958],[-4.82942,50.27125],[-4.82871,50.27302],[-4.82908,50.27414],[-4.83191,50.27383],[-4.839,50.27504],[-4.83932,50.27647],[-4.83704,50.27802],[-4.83493,50.27875],[-4.83096,50.27932],[-4.83121,50.27986],[-4.83354,50.28074],[-4.83132,50.28103],[-4.8324,50.28295],[-4.83538,50.28198],[-4.83654,50.28198],[-4.84136,50.28296],[-4.8434,50.28387],[-4.84413,50.28766],[-4.84817,50.29095],[-4.84723,50.29121],[-4.84418,50.29025],[-4.84202,50.29002],[-4.83726,50.29058],[-4.83493,50.29132],[-4.8339,50.29262],[-4.83098,50.29316],[-4.82488,50.29497],[-4.8243,50.29635],[-4.82207,50.29694],[-4.82434,50.29805],[-4.82543,50.30033],[-4.82511,50.30241],[-4.82356,50.30433],[-4.82185,50.30424],[-4.8218,50.30509],[-4.82051,50.30667],[-4.82417,50.31287],[-4.8241,50.31413],[-4.82287,50.31573],[-4.82521,50.31537],[-4.82655,50.31656],[-4.82502,50.32007],[-4.82285,50.32082],[-4.82227,50.32048],[-4.82193,50.31836],[-4.82048,50.32011],[-4.81942,50.31998],[-4.81882,50.3202],[-4.81908,50.32095],[-4.81823,50.32108],[-4.8179,50.32057],[-4.81703,50.32083],[-4.81661,50.32068],[-4.81628,50.32006],[-4.81709,50.32006],[-4.81669,50.31925],[-4.81643,50.3197],[-4.81571,50.31936],[-4.81442,50.31985],[-4.81248,50.31939],[-4.81389,50.32232],[-4.81527,50.32339],[-4.8167,50.32693],[-4.81854,50.32877],[-4.80833,50.33257],[-4.80804,50.33232],[-4.80688,50.33275],[-4.80317,50.33327],[-4.80122,50.33382],[-4.79939,50.33254]]]}},{"type":"Feature","properties":{"id":"E01019068","name":"E01019068","parent":"E06000052","type":"LSOA","pop":1543,"r":10,"ff":4,"ffd":259.2,"ffs":0.4,"g":0,"co":1,"mo":3,"sa":3,"ic":1},"geometry":{"type":"Polygon","coordinates":[[[-4.81389,50.32232],[-4.81248,50.31939],[-4.81442,50.31985],[-4.81571,50.31936],[-4.81643,50.3197],[-4.81669,50.31925],[-4.81709,50.32006],[-4.81628,50.32006],[-4.81661,50.32068],[-4.81703,50.32083],[-4.8179,50.32057],[-4.81823,50.32108],[-4.81908,50.32095],[-4.81882,50.3202],[-4.81942,50.31998],[-4.82048,50.32011],[-4.82193,50.31836],[-4.82227,50.32048],[-4.82285,50.32082],[-4.82502,50.32007],[-4.82655,50.31656],[-4.83067,50.31827],[-4.83277,50.31784],[-4.83765,50.31838],[-4.8387,50.31721],[-4.84002,50.31739],[-4.84119,50.31696],[-4.84129,50.3166],[-4.84111,50.31647],[-4.84105,50.31495],[-4.83937,50.31419],[-4.83969,50.31285],[-4.8394,50.31258],[-4.84008,50.31298],[-4.84274,50.31213],[-4.84689,50.31173],[-4.85041,50.31239],[-4.85316,50.31409],[-4.85875,50.31296],[-4.86026,50.31218],[-4.861,50.31307],[-4.86205,50.31251],[-4.86275,50.31382],[-4.86046,50.31463],[-4.85693,50.3171],[-4.8564,50.31778],[-4.85627,50.31931],[-4.85516,50.31913],[-4.85211,50.32106],[-4.85202,50.32255],[-4.84706,50.32488],[-4.84522,50.3269],[-4.84289,50.33109],[-4.84127,50.3352],[-4.83961,50.33569],[-4.83737,50.33588],[-4.83569,50.33369],[-4.83579,50.33332],[-4.83364,50.33283],[-4.83294,50.33219],[-4.83034,50.33124],[-4.82967,50.3307],[-4.82727,50.33023],[-4.82533,50.33026],[-4.8216,50.32915],[-4.81941,50.32896],[-4.81848,50.32858],[-4.8167,50.32693],[-4.81527,50.32339],[-4.81389,50.32232]]]}},{"type":"Feature","properties":{"id":"E01019069","name":"E01019069","parent":"E06000052","type":"LSOA","pop":1284,"r":5,"ff":1,"ffd":77.9,"ffs":0.2,"g":0,"co":1,"mo":3,"sa":3,"ic":1},"geometry":{"type":"Polygon","coordinates":[[[-4.90756,50.37471],[-4.90372,50.37456],[-4.89832,50.37492],[-4.88998,50.37184],[-4.88727,50.37007],[-4.88349,50.36612],[-4.88277,50.36762],[-4.88261,50.37004],[-4.87701,50.37178],[-4.8746,50.37066],[-4.87404,50.36911],[-4.87282,50.36932],[-4.87142,50.37014],[-4.86964,50.37167],[-4.86678,50.37327],[-4.86441,50.37288],[-4.86483,50.37162],[-4.86446,50.37061],[-4.86753,50.36982],[-4.86856,50.36907],[-4.86836,50.36831],[-4.86917,50.36833],[-4.8692,50.36792],[-4.86949,50.36798],[-4.86969,50.36707],[-4.8708,50.36731],[-4.86994,50.3665],[-4.87016,50.36603],[-4.86976,50.36588],[-4.87008,50.36359],[-4.8695,50.36363],[-4.86952,50.36387],[-4.86829,50.36344],[-4.87047,50.36091],[-4.87258,50.36036],[-4.87412,50.35871],[-4.87537,50.35799],[-4.87558,50.35815],[-4.87741,50.35745],[-4.88174,50.35683],[-4.8823,50.35755],[-4.88305,50.35777],[-4.88437,50.35723],[-4.88512,50.35715],[-4.88553,50.35745],[-4.88609,50.35839],[-4.88635,50.36121],[-4.89269,50.36225],[-4.89221,50.35957],[-4.89374,50.35934],[-4.89353,50.35906],[-4.89606,50.35905],[-4.89637,50.35854],[-4.896,50.35802],[-4.89905,50.3573],[-4.8975,50.35671],[-4.90097,50.35604],[-4.90126,50.35249],[-4.9023,50.35478],[-4.90574,50.35534],[-4.90855,50.35547],[-4.90908,50.35491],[-4.91397,50.3542],[-4.91412,50.35467],[-4.91636,50.35366],[-4.91821,50.35475],[-4.9213,50.35563],[-4.92236,50.35469],[-4.92373,50.35565],[-4.92581,50.35812],[-4.92737,50.35869],[-4.92688,50.36086],[-4.92435,50.36282],[-4.92439,50.36584],[-4.9232,50.36711],[-4.91809,50.36866],[-4.91737,50.36998],[-4.91626,50.3705],[-4.91298,50.37093],[-4.91206,50.37081],[-4.91379,50.37135],[-4.91129,50.37321],[-4.90756,50.37471]]]}},{"type":"Feature","properties":{"id":"E01019070","name":"E01019070","parent":"E06000052","type":"LSOA","pop":2153,"r":7,"ff":2,"ffd":92.9,"ffs":0.2857,"g":0,"co":1,"mo":3,"sa":3,"ic":1},"geometry":{"type":"Polygon","coordinates":[[[-4.86256,50.36866],[-4.86284,50.36765],[-4.86195,50.36697],[-4.85992,50.36683],[-4.85801,50.36788],[-4.85744,50.36741],[-4.85769,50.36708],[-4.8545,50.36643],[-4.85422,50.36612],[-4.85041,50.36548],[-4.85054,50.36495],[-4.84936,50.36415],[-4.84813,50.36393],[-4.84446,50.36414],[-4.84456,50.36368],[-4.84389,50.36357],[-4.84549,50.36261],[-4.83962,50.36187],[-4.8421,50.35561],[-4.84159,50.3537],[-4.84105,50.34322],[-4.84288,50.34384],[-4.84448,50.34799],[-4.84604,50.34601],[-4.84839,50.34398],[-4.8481,50.34365],[-4.8489,50.34391],[-4.85041,50.34519],[-4.85229,50.34534],[-4.85303,50.34705],[-4.85209,50.34815],[-4.85273,50.34953],[-4.85336,50.35022],[-4.85506,50.34934],[-4.85772,50.34726],[-4.86107,50.34762],[-4.86125,50.34887],[-4.86189,50.34886],[-4.86303,50.34959],[-4.8647,50.35002],[-4.86409,50.35263],[-4.86425,50.35312],[-4.86659,50.3545],[-4.86569,50.35538],[-4.86791,50.3581],[-4.86851,50.35942],[-4.86865,50.3612],[-4.86943,50.36229],[-4.86829,50.36344],[-4.86952,50.36387],[-4.8695,50.36363],[-4.87008,50.36359],[-4.86976,50.36588],[-4.87016,50.36603],[-4.86994,50.3665],[-4.8708,50.36731],[-4.86969,50.36707],[-4.86949,50.36798],[-4.8692,50.36792],[-4.86917,50.36833],[-4.86836,50.36831],[-4.86856,50.36907],[-4.86753,50.36982],[-4.86446,50.37061],[-4.86483,50.37162],[-4.86441,50.37288],[-4.86219,50.37292],[-4.86206,50.37262],[-4.86245,50.37216],[-4.86195,50.37163],[-4.86332,50.37098],[-4.86256,50.36866]]]}},{"type":"Feature","properties":{"id":"E01019071","name":"E01019071","parent":"E06000052","type":"LSOA","pop":1863,"r":4,"ff":1,"ffd":53.7,"ffs":0.25,"g":0,"co":1,"mo":3,"sa":3,"ic":1},"geometry":{"type":"Polygon","coordinates":[[[-4.88635,50.36121],[-4.88609,50.35839],[-4.88553,50.35745],[-4.88512,50.35715],[-4.88437,50.35723],[-4.88305,50.35777],[-4.8823,50.35755],[-4.88174,50.35683],[-4.87741,50.35745],[-4.87558,50.35815],[-4.87537,50.35799],[-4.87412,50.35871],[-4.87258,50.36036],[-4.87047,50.36091],[-4.86943,50.36229],[-4.86865,50.3612],[-4.86851,50.35942],[-4.86791,50.3581],[-4.86569,50.35538],[-4.86659,50.3545],[-4.86425,50.35312],[-4.86409,50.35263],[-4.8647,50.35002],[-4.86303,50.34959],[-4.86189,50.34886],[-4.86125,50.34887],[-4.86107,50.34762],[-4.85772,50.34726],[-4.85506,50.34934],[-4.85336,50.35022],[-4.85273,50.34953],[-4.85209,50.34815],[-4.85303,50.34705],[-4.85229,50.34534],[-4.85417,50.3449],[-4.85488,50.34383],[-4.85583,50.34357],[-4.8578,50.34386],[-4.85876,50.3437],[-4.85853,50.34357],[-4.8599,50.34267],[-4.85717,50.34204],[-4.85643,50.34108],[-4.85726,50.33818],[-4.85433,50.33794],[-4.85061,50.33711],[-4.84861,50.33614],[-4.84405,50.33839],[-4.84198,50.33874],[-4.84176,50.33808],[-4.84086,50.33737],[-4.83744,50.33756],[-4.83747,50.33781],[-4.83667,50.33608],[-4.83614,50.33583],[-4.83961,50.33569],[-4.84127,50.3352],[-4.84289,50.33109],[-4.84522,50.3269],[-4.84706,50.32488],[-4.85202,50.32255],[-4.85211,50.32106],[-4.85516,50.31913],[-4.85627,50.31931],[-4.8564,50.31778],[-4.85693,50.3171],[-4.86046,50.31463],[-4.86511,50.3131],[-4.86999,50.31348],[-4.87369,50.31339],[-4.87766,50.31404],[-4.88583,50.3165],[-4.89077,50.31728],[-4.8971,50.31754],[-4.8989,50.31721],[-4.90053,50.31653],[-4.90073,50.31712],[-4.89932,50.31921],[-4.89989,50.32131],[-4.90245,50.32253],[-4.90549,50.32465],[-4.90743,50.32734],[-4.907,50.32887],[-4.91708,50.33106],[-4.91821,50.33105],[-4.92246,50.33009],[-4.92453,50.33496],[-4.92518,50.33814],[-4.92486,50.34336],[-4.92408,50.34596],[-4.92467,50.34761],[-4.92457,50.35003],[-4.9225,50.35347],[-4.92236,50.35469],[-4.9213,50.35563],[-4.91821,50.35475],[-4.91636,50.35366],[-4.91412,50.35467],[-4.91397,50.3542],[-4.90908,50.35491],[-4.90855,50.35547],[-4.90574,50.35534],[-4.9023,50.35478],[-4.90126,50.35249],[-4.90097,50.35604],[-4.8975,50.35671],[-4.89905,50.3573],[-4.896,50.35802],[-4.89637,50.35854],[-4.89606,50.35905],[-4.89353,50.35906],[-4.89374,50.35934],[-4.89221,50.35957],[-4.89269,50.36225],[-4.88635,50.36121]],[[-4.89012,50.34941],[-4.89094,50.34837],[-4.89177,50.34842],[-4.89216,50.34742],[-4.89303,50.34696],[-4.89345,50.34744],[-4.89541,50.34836],[-4.89584,50.3483],[-4.89552,50.34576],[-4.89715,50.34569],[-4.89918,50.34505],[-4.90024,50.34557],[-4.90093,50.34443],[-4.90065,50.34398],[-4.89778,50.3445],[-4.89498,50.34432],[-4.89396,50.34404],[-4.89406,50.34272],[-4.89552,50.33962],[-4.89292,50.33784],[-4.88986,50.33659],[-4.8896,50.3357],[-4.88772,50.33519],[-4.88669,50.33578],[-4.88586,50.33913],[-4.88622,50.34036],[-4.88843,50.34169],[-4.88827,50.343],[-4.88893,50.34313],[-4.88973,50.34429],[-4.89056,50.3443],[-4.89068,50.34543],[-4.89126,50.34578],[-4.88958,50.34672],[-4.89101,50.34753],[-4.89115,50.34797],[-4.89029,50.34869],[-4.88936,50.34854],[-4.88933,50.34907],[-4.89012,50.34941]]]}},{"type":"Feature","properties":{"id":"E01019072","name":"E01019072","parent":"E06000052","type":"LSOA","pop":1439,"r":4,"ff":1,"ffd":69.5,"ffs":0.25,"g":0,"co":1,"mo":3,"sa":3,"ic":1},"geometry":{"type":"Polygon","coordinates":[[[-4.88933,50.34907],[-4.88936,50.34854],[-4.89029,50.34869],[-4.89115,50.34797],[-4.89101,50.34753],[-4.88958,50.34672],[-4.89126,50.34578],[-4.89068,50.34543],[-4.89056,50.3443],[-4.88973,50.34429],[-4.88893,50.34313],[-4.88827,50.343],[-4.88843,50.34169],[-4.88622,50.34036],[-4.88586,50.33913],[-4.88669,50.33578],[-4.88772,50.33519],[-4.8896,50.3357],[-4.88986,50.33659],[-4.89292,50.33784],[-4.89552,50.33962],[-4.89406,50.34272],[-4.89396,50.34404],[-4.89498,50.34432],[-4.89778,50.3445],[-4.90065,50.34398],[-4.90093,50.34443],[-4.90024,50.34557],[-4.89918,50.34505],[-4.89715,50.34569],[-4.89552,50.34576],[-4.89584,50.3483],[-4.89541,50.34836],[-4.89345,50.34744],[-4.89303,50.34696],[-4.89216,50.34742],[-4.89177,50.34842],[-4.89094,50.34837],[-4.89012,50.34941],[-4.88933,50.34907]]]}},{"type":"Feature","properties":{"id":"E01019073","name":"E01019073","parent":"E06000052","type":"LSOA","pop":1617,"r":10,"ff":4,"ffd":247.4,"ffs":0.4,"g":0,"co":1,"mo":3,"sa":3,"ic":1},"geometry":{"type":"Polygon","coordinates":[[[-4.81594,50.3441],[-4.81514,50.34316],[-4.81386,50.34273],[-4.81023,50.34218],[-4.8104,50.34099],[-4.8097,50.33884],[-4.81004,50.33887],[-4.81042,50.33602],[-4.81193,50.33608],[-4.81204,50.33515],[-4.8109,50.33509],[-4.81037,50.3319],[-4.81854,50.32877],[-4.81848,50.32858],[-4.81941,50.32896],[-4.8216,50.32915],[-4.82533,50.33026],[-4.82727,50.33023],[-4.82967,50.3307],[-4.83034,50.33124],[-4.83294,50.33219],[-4.83364,50.33283],[-4.83579,50.33332],[-4.83569,50.33369],[-4.83737,50.33588],[-4.83614,50.33583],[-4.83667,50.33608],[-4.83747,50.33781],[-4.83744,50.33756],[-4.84086,50.33737],[-4.84176,50.33808],[-4.84198,50.33874],[-4.84405,50.33839],[-4.84861,50.33614],[-4.85061,50.33711],[-4.85433,50.33794],[-4.85726,50.33818],[-4.85643,50.34108],[-4.85717,50.34204],[-4.8599,50.34267],[-4.85853,50.34357],[-4.85876,50.3437],[-4.8578,50.34386],[-4.85583,50.34357],[-4.85488,50.34383],[-4.85417,50.3449],[-4.85229,50.34534],[-4.85041,50.34519],[-4.8489,50.34391],[-4.8481,50.34365],[-4.84839,50.34398],[-4.84604,50.34601],[-4.84448,50.34799],[-4.84288,50.34384],[-4.84105,50.34322],[-4.84159,50.3537],[-4.8421,50.35561],[-4.83962,50.36187],[-4.83674,50.37042],[-4.83517,50.37195],[-4.83166,50.37289],[-4.83133,50.37265],[-4.82796,50.36693],[-4.82747,50.36421],[-4.8258,50.3628],[-4.82481,50.36101],[-4.82457,50.35858],[-4.82227,50.3571],[-4.82101,50.35496],[-4.82213,50.35112],[-4.82093,50.35037],[-4.82062,50.34947],[-4.81777,50.34779],[-4.81628,50.3456],[-4.81594,50.3441]]]}},{"type":"Feature","properties":{"id":"E01019074","name":"E01019074","parent":"E06000052","type":"LSOA","pop":1884,"r":9,"ff":4,"ffd":212.3,"ffs":0.4444,"g":0,"co":1,"mo":3,"sa":3,"ic":1},"geometry":{"type":"Polygon","coordinates":[[[-4.76529,50.39636],[-4.76803,50.39332],[-4.76675,50.3899],[-4.76794,50.38877],[-4.76845,50.38719],[-4.76553,50.38248],[-4.76724,50.38109],[-4.77643,50.37936],[-4.7763,50.37859],[-4.77432,50.37866],[-4.77391,50.3774],[-4.77298,50.3777],[-4.77196,50.37585],[-4.77229,50.37478],[-4.77308,50.37435],[-4.77236,50.37327],[-4.77365,50.37314],[-4.77548,50.37399],[-4.77489,50.3724],[-4.77547,50.37193],[-4.77627,50.37192],[-4.77657,50.37125],[-4.77604,50.37016],[-4.77793,50.37061],[-4.77817,50.37153],[-4.77782,50.37181],[-4.77877,50.37199],[-4.77868,50.37237],[-4.78041,50.37373],[-4.78071,50.37437],[-4.77999,50.37556],[-4.78139,50.3757],[-4.78322,50.3745],[-4.78663,50.376],[-4.78436,50.37756],[-4.78483,50.37934],[-4.7841,50.37939],[-4.78466,50.38029],[-4.78746,50.38096],[-4.78689,50.38231],[-4.78814,50.38256],[-4.78922,50.38238],[-4.78967,50.38424],[-4.78894,50.38655],[-4.79257,50.38672],[-4.79341,50.38786],[-4.79382,50.38974],[-4.79438,50.39008],[-4.79416,50.39248],[-4.79519,50.39257],[-4.79552,50.39233],[-4.79653,50.39381],[-4.79553,50.39432],[-4.79408,50.39377],[-4.79368,50.39612],[-4.79323,50.39617],[-4.79312,50.39668],[-4.79226,50.39726],[-4.79118,50.39709],[-4.79098,50.3965],[-4.79208,50.39574],[-4.7914,50.39448],[-4.79155,50.39351],[-4.79062,50.39208],[-4.78918,50.39102],[-4.78669,50.3925],[-4.78762,50.39313],[-4.78549,50.39437],[-4.78357,50.39485],[-4.78333,50.3946],[-4.78256,50.39499],[-4.78109,50.39497],[-4.78007,50.39604],[-4.77788,50.39528],[-4.77724,50.39575],[-4.77462,50.39631],[-4.77186,50.39767],[-4.77109,50.39914],[-4.76529,50.39636]]]}},{"type":"Feature","properties":{"id":"E01019075","name":"E01019075","parent":"E06000052","type":"LSOA","pop":2102,"r":9,"ff":4,"ffd":190.3,"ffs":0.4444,"g":0,"co":1,"mo":3,"sa":3,"ic":1},"geometry":{"type":"Polygon","coordinates":[[[-4.80972,50.38554],[-4.80835,50.38457],[-4.80732,50.38526],[-4.80602,50.38325],[-4.80296,50.38175],[-4.8036,50.38077],[-4.80331,50.3802],[-4.80386,50.37905],[-4.80322,50.37696],[-4.80102,50.37675],[-4.79897,50.37597],[-4.79826,50.37633],[-4.79805,50.37602],[-4.7975,50.37628],[-4.79775,50.37725],[-4.79741,50.3781],[-4.79636,50.3779],[-4.79481,50.37901],[-4.79412,50.38011],[-4.79854,50.3809],[-4.79899,50.38127],[-4.79814,50.38159],[-4.79549,50.38145],[-4.79474,50.38036],[-4.79414,50.38033],[-4.79357,50.38273],[-4.79364,50.38425],[-4.78967,50.38424],[-4.78922,50.38238],[-4.78814,50.38256],[-4.78689,50.38231],[-4.78746,50.38096],[-4.78466,50.38029],[-4.7841,50.37939],[-4.78483,50.37934],[-4.78436,50.37756],[-4.78663,50.376],[-4.78322,50.3745],[-4.78139,50.3757],[-4.77999,50.37556],[-4.78071,50.37437],[-4.78041,50.37373],[-4.77868,50.37237],[-4.77877,50.37199],[-4.77782,50.37181],[-4.77817,50.37153],[-4.77793,50.37061],[-4.77604,50.37016],[-4.77657,50.37125],[-4.77627,50.37192],[-4.77547,50.37193],[-4.77489,50.3724],[-4.77548,50.37399],[-4.77365,50.37314],[-4.77236,50.37327],[-4.77308,50.37435],[-4.77229,50.37478],[-4.77196,50.37585],[-4.77298,50.3777],[-4.77391,50.3774],[-4.77432,50.37866],[-4.7763,50.37859],[-4.77643,50.37936],[-4.76724,50.38109],[-4.76553,50.38248],[-4.76462,50.38107],[-4.76205,50.37937],[-4.76104,50.37837],[-4.75528,50.37625],[-4.75339,50.37438],[-4.75044,50.36765],[-4.74948,50.36784],[-4.74696,50.36748],[-4.74411,50.36818],[-4.74306,50.36727],[-4.74448,50.36665],[-4.74438,50.36629],[-4.74572,50.36586],[-4.74546,50.36535],[-4.74792,50.3645],[-4.74827,50.36375],[-4.74865,50.36193],[-4.75006,50.36166],[-4.75159,50.3608],[-4.7522,50.36003],[-4.7544,50.35962],[-4.75617,50.35962],[-4.75738,50.36026],[-4.75814,50.35989],[-4.76037,50.36006],[-4.76039,50.35975],[-4.76126,50.35954],[-4.7646,50.3599],[-4.76501,50.35969],[-4.76605,50.35991],[-4.76675,50.36074],[-4.767,50.35966],[-4.7659,50.35763],[-4.76597,50.35571],[-4.76514,50.35487],[-4.76563,50.35186],[-4.76951,50.35299],[-4.78015,50.35706],[-4.78293,50.35829],[-4.78356,50.35965],[-4.78468,50.35831],[-4.78635,50.35872],[-4.78752,50.35974],[-4.78839,50.35918],[-4.78876,50.35972],[-4.78938,50.3589],[-4.7904,50.35911],[-4.79049,50.35948],[-4.79087,50.35907],[-4.79404,50.35876],[-4.79598,50.35959],[-4.79816,50.35994],[-4.79922,50.35974],[-4.79992,50.35856],[-4.8002,50.35839],[-4.80068,50.35888],[-4.80069,50.35842],[-4.802,50.35799],[-4.80142,50.35638],[-4.80314,50.35568],[-4.80435,50.35559],[-4.80414,50.3546],[-4.80793,50.35449],[-4.81082,50.35376],[-4.81231,50.35517],[-4.81654,50.36076],[-4.81726,50.36263],[-4.82147,50.36188],[-4.82527,50.36183],[-4.8258,50.3628],[-4.82747,50.36421],[-4.82796,50.36693],[-4.83133,50.37265],[-4.83166,50.37289],[-4.83517,50.37195],[-4.83201,50.37706],[-4.83044,50.37818],[-4.82988,50.37972],[-4.82611,50.38229],[-4.82339,50.38329],[-4.81927,50.38359],[-4.8156,50.383],[-4.81242,50.38863],[-4.81105,50.38938],[-4.81047,50.38834],[-4.81253,50.38586],[-4.80972,50.38554]]]}},{"type":"Feature","properties":{"id":"E01019076","name":"E01019076","parent":"E06000052","type":"LSOA","pop":2189,"r":5,"ff":1,"ffd":45.7,"ffs":0.2,"g":0,"co":1,"mo":3,"sa":3,"ic":1},"geometry":{"type":"Polygon","coordinates":[[[-4.77648,50.40171],[-4.77109,50.39914],[-4.77186,50.39767],[-4.77462,50.39631],[-4.77724,50.39575],[-4.77788,50.39528],[-4.78007,50.39604],[-4.78109,50.39497],[-4.78256,50.39499],[-4.78333,50.3946],[-4.78357,50.39485],[-4.78549,50.39437],[-4.78762,50.39313],[-4.78669,50.3925],[-4.78918,50.39102],[-4.79062,50.39208],[-4.79155,50.39351],[-4.7914,50.39448],[-4.79208,50.39574],[-4.79098,50.3965],[-4.79118,50.39709],[-4.79226,50.39726],[-4.79312,50.39668],[-4.79323,50.39617],[-4.79368,50.39612],[-4.79408,50.39377],[-4.79553,50.39432],[-4.79653,50.39381],[-4.79552,50.39233],[-4.79519,50.39257],[-4.79416,50.39248],[-4.79438,50.39008],[-4.79382,50.38974],[-4.79341,50.38786],[-4.79257,50.38672],[-4.78894,50.38655],[-4.78967,50.38424],[-4.79364,50.38425],[-4.79357,50.38273],[-4.79414,50.38033],[-4.79474,50.38036],[-4.79549,50.38145],[-4.79814,50.38159],[-4.79899,50.38127],[-4.79854,50.3809],[-4.79412,50.38011],[-4.79481,50.37901],[-4.79636,50.3779],[-4.79741,50.3781],[-4.79775,50.37725],[-4.7975,50.37628],[-4.79805,50.37602],[-4.79826,50.37633],[-4.79897,50.37597],[-4.80102,50.37675],[-4.80322,50.37696],[-4.80386,50.37905],[-4.80331,50.3802],[-4.8036,50.38077],[-4.80296,50.38175],[-4.80602,50.38325],[-4.80732,50.38526],[-4.80835,50.38457],[-4.80972,50.38554],[-4.81253,50.38586],[-4.81047,50.38834],[-4.81105,50.38938],[-4.80045,50.3949],[-4.79653,50.39728],[-4.79869,50.39795],[-4.79944,50.39902],[-4.79906,50.39958],[-4.79825,50.39936],[-4.7966,50.40017],[-4.7963,50.40272],[-4.79563,50.40319],[-4.79313,50.40052],[-4.79207,50.40165],[-4.78995,50.40304],[-4.78977,50.40366],[-4.79032,50.40403],[-4.78051,50.40515],[-4.77648,50.40171]]]}},{"type":"Feature","properties":{"id":"E01033289","name":"E01033289","parent":"E06000052","type":"LSOA","pop":1961,"r":0,"ff":0,"ffd":0.0,"ffs":null,"g":0,"co":1,"mo":3,"sa":3,"ic":3},"geometry":{"type":"Polygon","coordinates":[[[-4.92145,50.594],[-4.92063,50.59389],[-4.92047,50.59438],[-4.91866,50.59451],[-4.91802,50.59406],[-4.91904,50.59319],[-4.91896,50.59173],[-4.91927,50.59164],[-4.91868,50.59142],[-4.91867,50.59103],[-4.91846,50.59122],[-4.9169,50.59054],[-4.91618,50.59063],[-4.91607,50.58963],[-4.91669,50.58879],[-4.91598,50.58881],[-4.91617,50.58851],[-4.91578,50.58824],[-4.91432,50.58854],[-4.91391,50.58807],[-4.91364,50.58833],[-4.91329,50.58779],[-4.91293,50.58812],[-4.91178,50.58823],[-4.91145,50.58823],[-4.91131,50.58794],[-4.91011,50.58796],[-4.90964,50.58632],[-4.90992,50.58599],[-4.90938,50.58597],[-4.90927,50.58516],[-4.90857,50.58525],[-4.90829,50.58451],[-4.90688,50.58486],[-4.90429,50.58489],[-4.90427,50.58527],[-4.90271,50.58535],[-4.89999,50.58462],[-4.89987,50.58405],[-4.89909,50.58432],[-4.89918,50.5847],[-4.89878,50.58464],[-4.89654,50.58584],[-4.89594,50.58522],[-4.89466,50.5848],[-4.89031,50.58385],[-4.8894,50.58309],[-4.88914,50.58216],[-4.88875,50.58248],[-4.88621,50.58287],[-4.88531,50.58282],[-4.88523,50.5823],[-4.88438,50.58274],[-4.88438,50.58375],[-4.88302,50.5832],[-4.88127,50.58313],[-4.88157,50.58441],[-4.88223,50.58482],[-4.88193,50.58608],[-4.88145,50.58605],[-4.88126,50.58644],[-4.88028,50.58647],[-4.87927,50.5862],[-4.87879,50.58667],[-4.877,50.58696],[-4.87607,50.58636],[-4.87551,50.5872],[-4.87443,50.58777],[-4.87471,50.58807],[-4.87445,50.58851],[-4.87366,50.58871],[-4.87394,50.5898],[-4.87353,50.59082],[-4.87276,50.59044],[-4.87203,50.5894],[-4.87118,50.58997],[-4.86752,50.58897],[-4.86783,50.58926],[-4.86674,50.58867],[-4.86408,50.58533],[-4.86391,50.58374],[-4.86604,50.58108],[-4.86558,50.57806],[-4.86476,50.57724],[-4.86202,50.57566],[-4.85965,50.57485],[-4.85764,50.57337],[-4.85644,50.57325],[-4.85607,50.57237],[-4.85716,50.57224],[-4.85719,50.56946],[-4.85773,50.5685],[-4.85572,50.56701],[-4.85415,50.56527],[-4.84967,50.56376],[-4.8459,50.56185],[-4.84269,50.56124],[-4.83929,50.56125],[-4.83781,50.56039],[-4.83643,50.56026],[-4.83576,50.55899],[-4.83468,50.55864],[-4.83395,50.55791],[-4.83529,50.55624],[-4.83509,50.55483],[-4.83394,50.55338],[-4.83312,50.55292],[-4.83221,50.55094],[-4.83565,50.55051],[-4.84164,50.5485],[-4.84195,50.54833],[-4.84169,50.54749],[-4.84339,50.54722],[-4.844,50.54807],[-4.84517,50.5483],[-4.84627,50.54771],[-4.85015,50.54693],[-4.85225,50.54564],[-4.85546,50.54461],[-4.8568,50.5425],[-4.85656,50.54225],[-4.85497,50.54216],[-4.85359,50.54105],[-4.85101,50.54159],[-4.84909,50.54152],[-4.8478,50.53908],[-4.84475,50.53773],[-4.84285,50.53638],[-4.84202,50.53638],[-4.84034,50.5374],[-4.83928,50.53737],[-4.83966,50.53661],[-4.83818,50.53644],[-4.83767,50.53606],[-4.83829,50.53533],[-4.84032,50.53471],[-4.84176,50.53339],[-4.84403,50.53314],[-4.846,50.53384],[-4.84721,50.53334],[-4.84804,50.53372],[-4.84969,50.53351],[-4.8497,50.53312],[-4.85076,50.53354],[-4.85043,50.53286],[-4.8515,50.53282],[-4.85197,50.53324],[-4.85214,50.53302],[-4.85162,50.53273],[-4.85069,50.53277],[-4.85075,50.53249],[-4.85162,50.53258],[-4.85081,50.53224],[-4.85043,50.53273],[-4.84971,50.53264],[-4.84993,50.5323],[-4.84971,50.53239],[-4.8503,50.53184],[-4.85038,50.53083],[-4.8513,50.5312],[-4.85079,50.5312],[-4.85092,50.53146],[-4.85216,50.53153],[-4.85205,50.53176],[-4.85094,50.53163],[-4.85198,50.53181],[-4.85163,50.53203],[-4.85247,50.53167],[-4.85234,50.53213],[-4.85164,50.53232],[-4.85257,50.53241],[-4.85222,50.53228],[-4.85276,50.53208],[-4.85274,50.53166],[-4.85387,50.53219],[-4.85367,50.53239],[-4.85297,50.53223],[-4.85368,50.53246],[-4.85334,50.53271],[-4.85225,50.53251],[-4.85331,50.53275],[-4.85249,50.53302],[-4.85315,50.53308],[-4.85374,50.53259],[-4.85438,50.53299],[-4.85388,50.53261],[-4.85406,50.53235],[-4.85557,50.53333],[-4.85355,50.53329],[-4.85643,50.53428],[-4.85902,50.53448],[-4.85951,50.53555],[-4.86113,50.53607],[-4.86285,50.53552],[-4.86515,50.53391],[-4.8665,50.53382],[-4.86689,50.53416],[-4.8662,50.53571],[-4.86761,50.53723],[-4.86786,50.53691],[-4.86752,50.53698],[-4.86706,50.53639],[-4.86778,50.53639],[-4.86765,50.53584],[-4.86687,50.53547],[-4.86712,50.53482],[-4.86765,50.53495],[-4.86701,50.53431],[-4.86729,50.53404],[-4.86986,50.53361],[-4.87099,50.53376],[-4.87358,50.53476],[-4.87412,50.53454],[-4.87785,50.53444],[-4.87968,50.53493],[-4.87993,50.53414],[-4.8836,50.53458],[-4.8864,50.53451],[-4.88993,50.53626],[-4.89054,50.53614],[-4.88995,50.53428],[-4.89019,50.5334],[-4.89192,50.53235],[-4.89456,50.53134],[-4.89878,50.53078],[-4.90187,50.53142],[-4.90466,50.53294],[-4.90578,50.53399],[-4.90613,50.53505],[-4.90674,50.53533],[-4.91425,50.53707],[-4.91558,50.53819],[-4.91673,50.5403],[-4.91559,50.54114],[-4.91356,50.54161],[-4.91363,50.54227],[-4.91312,50.5423],[-4.91486,50.54336],[-4.91753,50.54335],[-4.91913,50.54369],[-4.91981,50.54338],[-4.92004,50.54379],[-4.92464,50.5444],[-4.92558,50.54478],[-4.92652,50.54551],[-4.92664,50.54765],[-4.92743,50.54854],[-4.93103,50.55064],[-4.93143,50.55136],[-4.93053,50.55284],[-4.92816,50.55517],[-4.92907,50.55647],[-4.92896,50.55705],[-4.92786,50.55817],[-4.9269,50.55854],[-4.92601,50.56109],[-4.92641,50.56174],[-4.92887,50.56228],[-4.93042,50.56315],[-4.93144,50.56481],[-4.93095,50.56525],[-4.93083,50.56483],[-4.93054,50.5653],[-4.92969,50.56545],[-4.92944,50.56639],[-4.92852,50.56644],[-4.92898,50.56674],[-4.92832,50.56691],[-4.92667,50.56848],[-4.92712,50.56934],[-4.92578,50.56958],[-4.92594,50.5699],[-4.92536,50.56996],[-4.92541,50.57079],[-4.92489,50.57106],[-4.9253,50.57112],[-4.92517,50.57163],[-4.9247,50.57181],[-4.92496,50.57197],[-4.92424,50.57191],[-4.92349,50.5731],[-4.92211,50.57322],[-4.92209,50.57412],[-4.9175,50.57453],[-4.91597,50.57541],[-4.91582,50.57595],[-4.91726,50.57746],[-4.91931,50.57862],[-4.91832,50.57922],[-4.91916,50.57927],[-4.91795,50.57969],[-4.91823,50.58026],[-4.92061,50.58],[-4.92077,50.58118],[-4.92144,50.58062],[-4.9223,50.5805],[-4.92459,50.58196],[-4.92445,50.58216],[-4.9251,50.58231],[-4.92485,50.58265],[-4.92528,50.58257],[-4.92571,50.58322],[-4.92631,50.58339],[-4.92614,50.58357],[-4.92762,50.58359],[-4.92731,50.584],[-4.92863,50.58399],[-4.9304,50.5846],[-4.93028,50.58486],[-4.9334,50.58588],[-4.93423,50.58589],[-4.93542,50.58674],[-4.93433,50.58824],[-4.9329,50.58893],[-4.93159,50.58884],[-4.93083,50.58845],[-4.93039,50.58874],[-4.9302,50.58866],[-4.93002,50.58899],[-4.92912,50.589],[-4.92667,50.58976],[-4.92514,50.59079],[-4.92388,50.59075],[-4.92272,50.59138],[-4.9212,50.59135],[-4.92173,50.59213],[-4.92114,50.59251],[-4.9236,50.59328],[-4.92361,50.59369],[-4.92463,50.59413],[-4.92234,50.5946],[-4.92145,50.594]]]}},{"type":"Feature","properties":{"id":"E01033291","name":"E01033291","parent":"E06000052","type":"LSOA","pop":1776,"r":1,"ff":0,"ffd":0.0,"ffs":0.0,"g":0,"co":3,"mo":3,"sa":3,"ic":3},"geometry":{"type":"Polygon","coordinates":[[[-4.64172,50.64563],[-4.65343,50.64051],[-4.65724,50.63768],[-4.65754,50.63724],[-4.65645,50.63655],[-4.65841,50.63542],[-4.65647,50.63426],[-4.6538,50.63324],[-4.65152,50.63289],[-4.6538,50.63094],[-4.6548,50.63056],[-4.6573,50.62771],[-4.65673,50.62724],[-4.65605,50.62734],[-4.65859,50.62626],[-4.66021,50.62498],[-4.66154,50.62465],[-4.66233,50.62395],[-4.66092,50.62289],[-4.66129,50.62262],[-4.65861,50.62106],[-4.65742,50.62075],[-4.6587,50.62051],[-4.66118,50.61853],[-4.66588,50.61783],[-4.66675,50.61814],[-4.66787,50.6194],[-4.66876,50.61931],[-4.66947,50.61962],[-4.66975,50.61921],[-4.67097,50.61888],[-4.67175,50.61843],[-4.67193,50.61871],[-4.67417,50.61825],[-4.6747,50.61855],[-4.67477,50.61832],[-4.67512,50.61855],[-4.67766,50.61828],[-4.67824,50.61839],[-4.67822,50.61865],[-4.67881,50.6186],[-4.67798,50.62104],[-4.6794,50.62233],[-4.68026,50.62253],[-4.68052,50.62213],[-4.68045,50.62231],[-4.68224,50.6225],[-4.68278,50.62067],[-4.68446,50.62099],[-4.68543,50.61986],[-4.68616,50.62171],[-4.6872,50.621],[-4.68832,50.61948],[-4.6882,50.61859],[-4.68964,50.61742],[-4.68875,50.61511],[-4.68787,50.61368],[-4.68642,50.61292],[-4.68458,50.61557],[-4.68342,50.61505],[-4.68041,50.61556],[-4.67911,50.61541],[-4.67934,50.61488],[-4.68077,50.61439],[-4.68185,50.61293],[-4.68054,50.61159],[-4.68247,50.60945],[-4.68244,50.6088],[-4.68161,50.60815],[-4.68175,50.60767],[-4.68345,50.6068],[-4.68452,50.60717],[-4.68591,50.60668],[-4.68909,50.60648],[-4.68934,50.60625],[-4.69222,50.60205],[-4.69442,50.5973],[-4.69663,50.59479],[-4.69891,50.59305],[-4.6996,50.59117],[-4.70148,50.58974],[-4.70907,50.59233],[-4.7101,50.59238],[-4.71379,50.59421],[-4.71651,50.59408],[-4.72059,50.59327],[-4.72504,50.59335],[-4.72633,50.593],[-4.7258,50.59442],[-4.72642,50.59535],[-4.72541,50.59614],[-4.72545,50.59683],[-4.72614,50.59722],[-4.72579,50.59772],[-4.72612,50.59875],[-4.72748,50.59963],[-4.72882,50.60117],[-4.72861,50.60195],[-4.72925,50.60297],[-4.72867,50.60432],[-4.72902,50.60494],[-4.72877,50.60582],[-4.72887,50.60624],[-4.72953,50.60645],[-4.72822,50.6091],[-4.72621,50.60897],[-4.722,50.60951],[-4.71681,50.60903],[-4.71597,50.61206],[-4.71624,50.61346],[-4.71522,50.61385],[-4.71227,50.61357],[-4.71216,50.61384],[-4.7093,50.61324],[-4.70882,50.61476],[-4.70832,50.61849],[-4.7058,50.61858],[-4.70508,50.62028],[-4.70515,50.62207],[-4.70458,50.62344],[-4.70402,50.62337],[-4.7021,50.6251],[-4.70149,50.6264],[-4.70281,50.63052],[-4.70241,50.63058],[-4.70252,50.63131],[-4.70312,50.63196],[-4.70257,50.6334],[-4.70289,50.63386],[-4.69893,50.63458],[-4.69785,50.63498],[-4.69791,50.63522],[-4.69622,50.63534],[-4.69415,50.63624],[-4.69136,50.63662],[-4.68821,50.63658],[-4.68819,50.63728],[-4.68645,50.63736],[-4.68418,50.63897],[-4.68088,50.63838],[-4.67841,50.63719],[-4.67751,50.63709],[-4.67646,50.63632],[-4.67514,50.63774],[-4.67532,50.63918],[-4.67574,50.63934],[-4.67539,50.6402],[-4.67393,50.64083],[-4.67133,50.64044],[-4.66753,50.64093],[-4.66215,50.6406],[-4.65922,50.64196],[-4.65627,50.64178],[-4.64675,50.64382],[-4.64399,50.6452],[-4.64239,50.64667],[-4.64172,50.64563]]]}},{"type":"Feature","properties":{"id":"E01033292","name":"E01033292","parent":"E06000052","type":"LSOA","pop":1498,"r":1,"ff":0,"ffd":0.0,"ffs":0.0,"g":0,"co":3,"mo":3,"sa":3,"ic":3},"geometry":{"type":"Polygon","coordinates":[[[-4.68045,50.62231],[-4.68052,50.62213],[-4.68026,50.62253],[-4.6794,50.62233],[-4.67798,50.62104],[-4.6792,50.61701],[-4.67865,50.61596],[-4.67911,50.61541],[-4.68041,50.61556],[-4.68342,50.61505],[-4.68458,50.61557],[-4.68642,50.61292],[-4.68787,50.61368],[-4.68875,50.61511],[-4.68964,50.61742],[-4.6882,50.61859],[-4.68832,50.61948],[-4.6872,50.621],[-4.68616,50.62171],[-4.68543,50.61986],[-4.68446,50.62099],[-4.68278,50.62067],[-4.68224,50.6225],[-4.68045,50.62231]]]}},{"type":"Feature","properties":{"id":"E01033294","name":"E01033294","parent":"E06000052","type":"LSOA","pop":2294,"r":1,"ff":0,"ffd":0.0,"ffs":null,"g":1,"co":1,"mo":3,"sa":3,"ic":1},"geometry":{"type":"Polygon","coordinates":[[[-4.20982,50.38282],[-4.20914,50.38052],[-4.20743,50.37917],[-4.20723,50.37843],[-4.20782,50.37753],[-4.20735,50.37604],[-4.20896,50.37599],[-4.21253,50.37468],[-4.21335,50.37524],[-4.21439,50.37516],[-4.21483,50.3756],[-4.21638,50.37609],[-4.21714,50.37581],[-4.21545,50.37464],[-4.21597,50.37438],[-4.21604,50.37294],[-4.21722,50.37152],[-4.21554,50.36942],[-4.2137,50.37012],[-4.21181,50.37185],[-4.21132,50.37126],[-4.21026,50.37146],[-4.20951,50.37075],[-4.20856,50.37038],[-4.20803,50.37052],[-4.20774,50.36999],[-4.21134,50.36978],[-4.21401,50.36928],[-4.21834,50.36758],[-4.21837,50.36693],[-4.21917,50.36681],[-4.22006,50.36732],[-4.21986,50.36832],[-4.22019,50.3686],[-4.22444,50.37062],[-4.22418,50.37022],[-4.22244,50.36953],[-4.22197,50.36887],[-4.22264,50.36871],[-4.22289,50.36787],[-4.22561,50.36678],[-4.22671,50.36666],[-4.22731,50.36625],[-4.22882,50.36632],[-4.22933,50.36566],[-4.23033,50.36543],[-4.23228,50.366],[-4.23447,50.36535],[-4.23602,50.36549],[-4.23678,50.36588],[-4.23584,50.36988],[-4.23627,50.37313],[-4.23739,50.37486],[-4.2321,50.37762],[-4.2232,50.38037],[-4.21994,50.38104],[-4.21857,50.38197],[-4.21857,50.3823],[-4.21818,50.38228],[-4.2162,50.38293],[-4.21117,50.38321],[-4.20982,50.38282]]]}},{"type":"Feature","properties":{"id":"E01034847","name":"E01034847","parent":"E06000052","type":"LSOA","pop":2046,"r":3,"ff":1,"ffd":48.9,"ffs":0.3333,"g":0,"co":3,"mo":3,"sa":3,"ic":1},"geometry":{"type":"Polygon","coordinates":[[[-4.32713,50.6406],[-4.33018,50.63975],[-4.33056,50.63941],[-4.3304,50.63843],[-4.33262,50.63696],[-4.33218,50.63526],[-4.33272,50.63324],[-4.33605,50.63133],[-4.33535,50.62977],[-4.33635,50.62928],[-4.33701,50.6277],[-4.3384,50.62793],[-4.33813,50.62652],[-4.33868,50.62525],[-4.34103,50.6249],[-4.34382,50.62394],[-4.34382,50.6209],[-4.34618,50.62106],[-4.34979,50.62291],[-4.34995,50.62606],[-4.35193,50.62705],[-4.35321,50.62731],[-4.35335,50.62772],[-4.35458,50.62808],[-4.35495,50.62866],[-4.35322,50.62901],[-4.35416,50.62934],[-4.35402,50.63047],[-4.35366,50.63062],[-4.354,50.63115],[-4.35345,50.63176],[-4.35203,50.63129],[-4.35063,50.63135],[-4.34892,50.63373],[-4.35115,50.63334],[-4.35294,50.63357],[-4.35308,50.63416],[-4.3525,50.63399],[-4.35103,50.63487],[-4.35119,50.63587],[-4.34767,50.63576],[-4.34625,50.63785],[-4.34577,50.63801],[-4.34518,50.63752],[-4.3449,50.6378],[-4.34429,50.63708],[-4.34329,50.63736],[-4.34239,50.6379],[-4.34266,50.63811],[-4.34182,50.63837],[-4.34154,50.63814],[-4.34092,50.63836],[-4.34036,50.63797],[-4.33993,50.63841],[-4.33974,50.63822],[-4.33872,50.63855],[-4.3388,50.63808],[-4.33779,50.63804],[-4.33722,50.63845],[-4.33686,50.63836],[-4.33627,50.63898],[-4.33565,50.63898],[-4.33536,50.63943],[-4.33475,50.639],[-4.33417,50.63922],[-4.33412,50.6396],[-4.33335,50.63973],[-4.33251,50.63926],[-4.33124,50.64034],[-4.32984,50.64008],[-4.3282,50.64059],[-4.32713,50.6406]]]}},{"type":"Feature","properties":{"id":"E01034848","name":"E01034848","parent":"E06000052","type":"LSOA","pop":2078,"r":3,"ff":1,"ffd":48.1,"ffs":0.3333,"g":0,"co":3,"mo":3,"sa":3,"ic":1},"geometry":{"type":"Polygon","coordinates":[[[-4.34625,50.63785],[-4.34767,50.63576],[-4.35119,50.63587],[-4.35103,50.63487],[-4.3525,50.63399],[-4.35308,50.63416],[-4.35294,50.63357],[-4.35115,50.63334],[-4.34892,50.63373],[-4.35063,50.63135],[-4.35203,50.63129],[-4.35345,50.63176],[-4.354,50.63115],[-4.35366,50.63062],[-4.35402,50.63047],[-4.35416,50.62934],[-4.35322,50.62901],[-4.35495,50.62866],[-4.35458,50.62808],[-4.35335,50.62772],[-4.35321,50.62731],[-4.35193,50.62705],[-4.34995,50.62606],[-4.34979,50.62291],[-4.34618,50.62106],[-4.34382,50.6209],[-4.34256,50.61903],[-4.34294,50.61815],[-4.34274,50.61669],[-4.34363,50.61499],[-4.3442,50.61476],[-4.3452,50.61328],[-4.34518,50.61243],[-4.34783,50.61283],[-4.34951,50.61286],[-4.35017,50.61261],[-4.35183,50.61297],[-4.35321,50.61287],[-4.35994,50.61471],[-4.36548,50.61807],[-4.36686,50.61825],[-4.36714,50.61887],[-4.36909,50.61992],[-4.36978,50.62131],[-4.3667,50.6267],[-4.36546,50.62721],[-4.36436,50.62899],[-4.36292,50.62932],[-4.36293,50.63009],[-4.36193,50.63025],[-4.36119,50.62947],[-4.3606,50.62951],[-4.36067,50.63006],[-4.35967,50.63023],[-4.35937,50.63086],[-4.35862,50.63124],[-4.35872,50.63216],[-4.35734,50.63192],[-4.35713,50.63237],[-4.35586,50.63262],[-4.35501,50.63307],[-4.35639,50.63403],[-4.35698,50.63366],[-4.35697,50.63407],[-4.35765,50.63463],[-4.3572,50.63503],[-4.35761,50.63502],[-4.35868,50.63603],[-4.3567,50.63662],[-4.35668,50.63696],[-4.35604,50.63672],[-4.35532,50.63519],[-4.35437,50.6345],[-4.35395,50.63537],[-4.35428,50.63631],[-4.35387,50.63618],[-4.35257,50.63724],[-4.34899,50.63804],[-4.34625,50.63785]]]}},{"type":"Feature","properties":{"id":"E01034849","name":"E01034849","parent":"E06000052","type":"LSOA","pop":1567,"r":2,"ff":1,"ffd":63.8,"ffs":0.5,"g":0,"co":1,"mo":3,"sa":3,"ic":1},"geometry":{"type":"Polygon","coordinates":[[[-4.44452,50.47791],[-4.44341,50.47732],[-4.44327,50.47637],[-4.44552,50.47413],[-4.44625,50.47239],[-4.44607,50.47121],[-4.44614,50.4699],[-4.44537,50.46881],[-4.44581,50.46483],[-4.44831,50.46409],[-4.4507,50.46252],[-4.45177,50.46277],[-4.4536,50.46262],[-4.45489,50.46283],[-4.45496,50.46256],[-4.45607,50.46281],[-4.4562,50.46258],[-4.4551,50.46222],[-4.45535,50.46177],[-4.45625,50.46197],[-4.45804,50.46175],[-4.46023,50.46189],[-4.46089,50.46126],[-4.46187,50.46384],[-4.46089,50.4686],[-4.46188,50.46851],[-4.46586,50.46655],[-4.4659,50.46571],[-4.46686,50.46442],[-4.46405,50.46374],[-4.46446,50.46317],[-4.46504,50.4611],[-4.46593,50.45998],[-4.46594,50.45852],[-4.46622,50.45787],[-4.46534,50.45783],[-4.46482,50.45844],[-4.46387,50.4586],[-4.46375,50.45693],[-4.46072,50.45663],[-4.46107,50.4558],[-4.46148,50.45595],[-4.46194,50.45549],[-4.46273,50.45573],[-4.46464,50.45573],[-4.46484,50.4555],[-4.46636,50.45518],[-4.46996,50.45511],[-4.47102,50.45536],[-4.47046,50.45546],[-4.47078,50.45606],[-4.47438,50.45589],[-4.47466,50.45651],[-4.47732,50.45579],[-4.47892,50.45563],[-4.47952,50.45488],[-4.48,50.45538],[-4.48192,50.45607],[-4.4819,50.45677],[-4.48298,50.45705],[-4.48291,50.45729],[-4.48616,50.45764],[-4.48579,50.45845],[-4.49066,50.45844],[-4.49022,50.4592],[-4.49159,50.45916],[-4.49087,50.46093],[-4.49096,50.46216],[-4.49183,50.46274],[-4.49206,50.46337],[-4.49134,50.46432],[-4.49233,50.4656],[-4.49253,50.4671],[-4.49328,50.46779],[-4.49271,50.46902],[-4.49362,50.47164],[-4.49223,50.47278],[-4.49212,50.47335],[-4.48911,50.47402],[-4.48899,50.47432],[-4.48863,50.4741],[-4.48883,50.47364],[-4.48666,50.47452],[-4.48537,50.47469],[-4.48529,50.47522],[-4.48379,50.47513],[-4.48346,50.47538],[-4.48121,50.47532],[-4.4803,50.47468],[-4.47815,50.47454],[-4.46773,50.47574],[-4.46317,50.4758],[-4.46131,50.4761],[-4.45693,50.47752],[-4.45509,50.47765],[-4.45305,50.47723],[-4.44452,50.47791]]]}},{"type":"Feature","properties":{"id":"E01034850","name":"E01034850","parent":"E06000052","type":"LSOA","pop":1856,"r":2,"ff":1,"ffd":53.9,"ffs":0.5,"g":0,"co":1,"mo":3,"sa":3,"ic":1},"geometry":{"type":"Polygon","coordinates":[[[-4.44581,50.46483],[-4.44483,50.46227],[-4.44494,50.46124],[-4.44134,50.45899],[-4.44139,50.45862],[-4.44877,50.45906],[-4.4485,50.45848],[-4.44787,50.4582],[-4.44831,50.45761],[-4.44898,50.4575],[-4.44894,50.45789],[-4.44943,50.458],[-4.44974,50.4586],[-4.44944,50.45895],[-4.45037,50.45906],[-4.4515,50.45878],[-4.45168,50.459],[-4.4509,50.45935],[-4.45176,50.45993],[-4.45292,50.46018],[-4.45307,50.45981],[-4.45262,50.45962],[-4.4529,50.45949],[-4.45474,50.45955],[-4.45453,50.45881],[-4.45383,50.45886],[-4.45384,50.45818],[-4.45242,50.45779],[-4.45257,50.45737],[-4.45071,50.45638],[-4.45064,50.45606],[-4.44979,50.45659],[-4.45013,50.45475],[-4.45097,50.45486],[-4.45172,50.45559],[-4.45393,50.45641],[-4.45676,50.45834],[-4.45711,50.45793],[-4.4578,50.45802],[-4.45855,50.45762],[-4.45853,50.4584],[-4.45946,50.45839],[-4.4602,50.45936],[-4.45933,50.45908],[-4.45911,50.46003],[-4.45965,50.46006],[-4.45986,50.45973],[-4.46043,50.45991],[-4.45994,50.46179],[-4.45804,50.46175],[-4.45625,50.46197],[-4.45535,50.46177],[-4.4551,50.46222],[-4.4562,50.46258],[-4.45607,50.46281],[-4.45496,50.46256],[-4.45489,50.46283],[-4.4536,50.46262],[-4.45177,50.46277],[-4.4507,50.46252],[-4.44831,50.46409],[-4.44581,50.46483]]]}},{"type":"Feature","properties":{"id":"E01034851","name":"E01034851","parent":"E06000052","type":"LSOA","pop":1287,"r":2,"ff":1,"ffd":77.7,"ffs":0.5,"g":0,"co":1,"mo":3,"sa":3,"ic":3},"geometry":{"type":"Polygon","coordinates":[[[-4.52037,50.45995],[-4.5183,50.45939],[-4.51711,50.45955],[-4.51536,50.46028],[-4.51484,50.46006],[-4.51589,50.45931],[-4.5171,50.459],[-4.51591,50.45786],[-4.51647,50.45777],[-4.5163,50.45744],[-4.517,50.45738],[-4.51717,50.45685],[-4.51614,50.45679],[-4.51588,50.45618],[-4.51522,50.45602],[-4.51448,50.45663],[-4.51044,50.45375],[-4.51004,50.45326],[-4.514,50.45293],[-4.5149,50.4532],[-4.51556,50.45291],[-4.51542,50.45268],[-4.5163,50.4527],[-4.52016,50.44918],[-4.52235,50.45075],[-4.52313,50.45196],[-4.52097,50.45393],[-4.52405,50.45543],[-4.52662,50.45595],[-4.52706,50.45881],[-4.52363,50.45795],[-4.52378,50.45856],[-4.52228,50.45908],[-4.52275,50.4611],[-4.52037,50.45995]]]}},{"type":"Feature","properties":{"id":"E01034852","name":"E01034852","parent":"E06000052","type":"LSOA","pop":1688,"r":2,"ff":1,"ffd":59.2,"ffs":0.5,"g":0,"co":1,"mo":3,"sa":3,"ic":3},"geometry":{"type":"Polygon","coordinates":[[[-4.49652,50.46952],[-4.49328,50.46779],[-4.49253,50.4671],[-4.49233,50.4656],[-4.49134,50.46432],[-4.49206,50.46337],[-4.49183,50.46274],[-4.49096,50.46216],[-4.49087,50.46093],[-4.49159,50.45916],[-4.49205,50.45867],[-4.49218,50.4568],[-4.49111,50.4551],[-4.49121,50.45394],[-4.4867,50.45095],[-4.48545,50.45067],[-4.48457,50.44902],[-4.48145,50.4451],[-4.48026,50.44257],[-4.47902,50.44242],[-4.47783,50.44131],[-4.47672,50.43961],[-4.47657,50.4387],[-4.47566,50.43872],[-4.47471,50.43957],[-4.47307,50.4397],[-4.47063,50.44115],[-4.46762,50.44168],[-4.46742,50.43861],[-4.46358,50.43751],[-4.46057,50.43606],[-4.46435,50.43401],[-4.46595,50.43191],[-4.4693,50.43089],[-4.47085,50.43196],[-4.47188,50.43174],[-4.47628,50.43163],[-4.47994,50.43257],[-4.48171,50.43265],[-4.48784,50.43051],[-4.49042,50.4301],[-4.49229,50.43013],[-4.49349,50.43073],[-4.49501,50.43318],[-4.4962,50.43288],[-4.49787,50.43169],[-4.49891,50.43184],[-4.50155,50.43078],[-4.5049,50.43047],[-4.50822,50.42897],[-4.51003,50.4276],[-4.51302,50.42693],[-4.51344,50.42644],[-4.51347,50.42509],[-4.51507,50.42439],[-4.51472,50.42379],[-4.51516,50.42362],[-4.51485,50.42348],[-4.51508,50.42278],[-4.51593,50.42156],[-4.51545,50.42084],[-4.51599,50.41945],[-4.51551,50.4183],[-4.51442,50.41754],[-4.51461,50.41685],[-4.5156,50.41631],[-4.5205,50.41673],[-4.52132,50.41735],[-4.52207,50.41727],[-4.52624,50.41838],[-4.52738,50.41894],[-4.52756,50.42074],[-4.52807,50.42124],[-4.53071,50.42231],[-4.53327,50.42267],[-4.53619,50.42428],[-4.53877,50.42382],[-4.5399,50.42388],[-4.5421,50.42286],[-4.54292,50.42196],[-4.54539,50.42131],[-4.54798,50.41971],[-4.54975,50.41943],[-4.55125,50.41969],[-4.55567,50.41788],[-4.55821,50.42051],[-4.56245,50.42259],[-4.56317,50.42267],[-4.56781,50.42516],[-4.56876,50.42607],[-4.56892,50.42702],[-4.57187,50.42657],[-4.57234,50.43205],[-4.57183,50.4337],[-4.57009,50.43538],[-4.568,50.43621],[-4.56533,50.43813],[-4.56448,50.43934],[-4.56551,50.44162],[-4.56687,50.44166],[-4.57217,50.44113],[-4.57237,50.44205],[-4.57352,50.44234],[-4.58059,50.4432],[-4.58119,50.44474],[-4.58299,50.44542],[-4.58314,50.44585],[-4.58161,50.44728],[-4.57783,50.44995],[-4.5778,50.45114],[-4.57691,50.45165],[-4.57624,50.45317],[-4.57638,50.45429],[-4.57402,50.45421],[-4.57175,50.45519],[-4.56835,50.45561],[-4.56645,50.45484],[-4.56081,50.45419],[-4.55933,50.45448],[-4.55663,50.4558],[-4.55525,50.45577],[-4.55245,50.45631],[-4.55177,50.45716],[-4.55235,50.45832],[-4.55199,50.45894],[-4.55064,50.45863],[-4.54822,50.45862],[-4.54578,50.45958],[-4.54514,50.46026],[-4.54429,50.463],[-4.54312,50.46362],[-4.54078,50.46328],[-4.53933,50.46344],[-4.53775,50.46409],[-4.53671,50.46355],[-4.53543,50.46372],[-4.52882,50.46597],[-4.52685,50.46573],[-4.52648,50.46639],[-4.52346,50.46726],[-4.52283,50.46678],[-4.52112,50.46818],[-4.52074,50.46911],[-4.52021,50.46866],[-4.51792,50.46828],[-4.51727,50.46871],[-4.5152,50.46947],[-4.51032,50.47057],[-4.50229,50.4707],[-4.50122,50.47062],[-4.4991,50.46969],[-4.49652,50.46952]],[[-4.52275,50.4611],[-4.52228,50.45908],[-4.52378,50.45856],[-4.52363,50.45795],[-4.52706,50.45881],[-4.52662,50.45595],[-4.52405,50.45543],[-4.52097,50.45393],[-4.52313,50.45196],[-4.52235,50.45075],[-4.52016,50.44918],[-4.5163,50.4527],[-4.51542,50.45268],[-4.51556,50.45291],[-4.5149,50.4532],[-4.514,50.45293],[-4.51004,50.45326],[-4.51044,50.45375],[-4.51448,50.45663],[-4.51522,50.45602],[-4.51588,50.45618],[-4.51614,50.45679],[-4.51717,50.45685],[-4.517,50.45738],[-4.5163,50.45744],[-4.51647,50.45777],[-4.51591,50.45786],[-4.5171,50.459],[-4.51589,50.45931],[-4.51484,50.46006],[-4.51536,50.46028],[-4.51711,50.45955],[-4.5183,50.45939],[-4.52037,50.45995],[-4.52275,50.4611]]]}},{"type":"Feature","properties":{"id":"E01034853","name":"E01034853","parent":"E06000052","type":"LSOA","pop":1292,"r":35,"ff":12,"ffd":928.8,"ffs":0.5,"g":11,"co":0,"mo":0,"sa":0,"ic":3},"geometry":{"type":"Polygon","coordinates":[[[-5.05709,50.42117],[-5.05659,50.42031],[-5.05616,50.42034],[-5.05653,50.42014],[-5.0564,50.41958],[-5.05569,50.41926],[-5.0557,50.41878],[-5.05385,50.41855],[-5.05389,50.41821],[-5.05312,50.41813],[-5.05318,50.41867],[-5.05162,50.41816],[-5.04962,50.41831],[-5.04897,50.41814],[-5.04866,50.41762],[-5.04713,50.41772],[-5.04669,50.41757],[-5.04556,50.41874],[-5.04507,50.41865],[-5.04411,50.41921],[-5.04369,50.41913],[-5.04424,50.41812],[-5.04396,50.41796],[-5.03904,50.41794],[-5.03897,50.41768],[-5.03981,50.41735],[-5.04284,50.41735],[-5.0428,50.41662],[-5.04467,50.41685],[-5.04512,50.41637],[-5.04857,50.41618],[-5.04847,50.41699],[-5.05284,50.4176],[-5.05507,50.41235],[-5.05088,50.41019],[-5.05432,50.40999],[-5.05627,50.41018],[-5.05677,50.40849],[-5.05721,50.40847],[-5.05753,50.41134],[-5.0582,50.41361],[-5.05656,50.41665],[-5.05709,50.41833],[-5.05644,50.41838],[-5.05648,50.41883],[-5.05755,50.41899],[-5.06027,50.41866],[-5.06063,50.41953],[-5.06027,50.42004],[-5.05814,50.42027],[-5.05843,50.42094],[-5.05892,50.42082],[-5.05918,50.42125],[-5.05916,50.4216],[-5.05806,50.42178],[-5.05785,50.42123],[-5.05709,50.42117]]]}},{"type":"Feature","properties":{"id":"E01034854","name":"E01034854","parent":"E06000052","type":"LSOA","pop":1846,"r":34,"ff":11,"ffd":595.9,"ffs":0.4783,"g":11,"co":0,"mo":0,"sa":0,"ic":3},"geometry":{"type":"Polygon","coordinates":[[[-5.03137,50.42078],[-5.03276,50.42018],[-5.03107,50.41758],[-5.03002,50.41692],[-5.02693,50.41672],[-5.02693,50.41514],[-5.02513,50.41356],[-5.02527,50.41309],[-5.02407,50.41236],[-5.02257,50.41211],[-5.02238,50.41175],[-5.02232,50.4108],[-5.02601,50.4096],[-5.02695,50.40881],[-5.02705,50.40629],[-5.02832,50.40678],[-5.02939,50.40408],[-5.04168,50.40575],[-5.04568,50.40526],[-5.04825,50.40547],[-5.04949,50.40914],[-5.0431,50.41046],[-5.04261,50.41139],[-5.0419,50.41154],[-5.04241,50.41302],[-5.04315,50.41286],[-5.0435,50.41316],[-5.04431,50.41286],[-5.04409,50.41372],[-5.04462,50.41414],[-5.04433,50.4143],[-5.04461,50.41569],[-5.04343,50.4158],[-5.04152,50.41546],[-5.0428,50.41662],[-5.04284,50.41735],[-5.03981,50.41735],[-5.03897,50.41768],[-5.03904,50.41794],[-5.04021,50.41789],[-5.04025,50.41837],[-5.04172,50.41864],[-5.04203,50.4195],[-5.04128,50.41939],[-5.0406,50.41986],[-5.0391,50.41939],[-5.03881,50.41983],[-5.03913,50.42011],[-5.03814,50.4205],[-5.0323,50.42084],[-5.03178,50.42073],[-5.03096,50.42138],[-5.03137,50.42078]]]}},{"type":"Feature","properties":{"id":"E01034855","name":"E01034855","parent":"E06000052","type":"LSOA","pop":2114,"r":34,"ff":11,"ffd":520.3,"ffs":0.4783,"g":11,"co":0,"mo":2,"sa":0,"ic":3},"geometry":{"type":"MultiPolygon","coordinates":[[[[-5.07007,50.39897],[-5.0701,50.39892],[-5.07057,50.39971],[-5.07038,50.39968],[-5.07007,50.39897]]],[[[-5.04847,50.41699],[-5.04857,50.41618],[-5.04512,50.41637],[-5.04467,50.41685],[-5.0428,50.41662],[-5.04152,50.41546],[-5.04343,50.4158],[-5.04461,50.41569],[-5.04433,50.4143],[-5.04462,50.41414],[-5.04409,50.41372],[-5.04431,50.41286],[-5.0435,50.41316],[-5.04315,50.41286],[-5.04241,50.41302],[-5.0419,50.41154],[-5.04261,50.41139],[-5.0431,50.41046],[-5.04949,50.40914],[-5.04825,50.40547],[-5.0479,50.4054],[-5.04912,50.40427],[-5.0542,50.40335],[-5.05476,50.40289],[-5.05464,50.40203],[-5.05546,50.40186],[-5.05521,50.40132],[-5.05335,50.40081],[-5.05271,50.39954],[-5.05156,50.39971],[-5.04914,50.39921],[-5.04961,50.39784],[-5.04772,50.39756],[-5.0487,50.3956],[-5.04846,50.39456],[-5.0469,50.39433],[-5.04589,50.39452],[-5.04537,50.39436],[-5.04703,50.39382],[-5.04697,50.39298],[-5.04926,50.39335],[-5.05138,50.39334],[-5.05277,50.39276],[-5.05283,50.39319],[-5.05346,50.39302],[-5.05433,50.3935],[-5.05559,50.39323],[-5.05577,50.39361],[-5.05746,50.39394],[-5.0583,50.39372],[-5.0602,50.39418],[-5.06076,50.39381],[-5.0613,50.39398],[-5.06176,50.39339],[-5.06316,50.39341],[-5.06354,50.39442],[-5.06642,50.39464],[-5.06773,50.39505],[-5.06976,50.39697],[-5.0692,50.39649],[-5.06974,50.39704],[-5.06952,50.3973],[-5.06946,50.39787],[-5.07027,50.39969],[-5.07052,50.39978],[-5.07017,50.39993],[-5.06941,50.39889],[-5.06904,50.39905],[-5.06936,50.39942],[-5.06452,50.40101],[-5.06541,50.40194],[-5.06373,50.40218],[-5.06325,50.40335],[-5.06179,50.40516],[-5.05832,50.40593],[-5.05741,50.40651],[-5.05529,50.407],[-5.05572,50.40833],[-5.05633,50.40801],[-5.05677,50.40849],[-5.05627,50.41018],[-5.05432,50.40999],[-5.05088,50.41019],[-5.05507,50.41235],[-5.05284,50.4176],[-5.04847,50.41699]]]]}},{"type":"Feature","properties":{"id":"E01034856","name":"E01034856","parent":"E06000052","type":"LSOA","pop":1856,"r":9,"ff":4,"ffd":215.5,"ffs":0.4444,"g":0,"co":3,"mo":3,"sa":3,"ic":1},"geometry":{"type":"Polygon","coordinates":[[[-4.74924,50.36016],[-4.74931,50.35915],[-4.74833,50.35845],[-4.74642,50.35538],[-4.74275,50.35201],[-4.74379,50.35105],[-4.74734,50.35],[-4.74572,50.34908],[-4.74512,50.34832],[-4.74492,50.34694],[-4.74394,50.34513],[-4.74138,50.34565],[-4.73882,50.34415],[-4.73584,50.34389],[-4.72588,50.34363],[-4.7243,50.34307],[-4.72176,50.34274],[-4.72256,50.34127],[-4.72144,50.34146],[-4.72129,50.34075],[-4.7243,50.33947],[-4.72598,50.33921],[-4.72593,50.33772],[-4.72504,50.33788],[-4.72478,50.33749],[-4.73341,50.33623],[-4.73577,50.33571],[-4.73725,50.33493],[-4.7377,50.33544],[-4.73892,50.33501],[-4.73976,50.33532],[-4.74323,50.33381],[-4.74303,50.33338],[-4.74466,50.33233],[-4.74546,50.33217],[-4.74555,50.3317],[-4.74598,50.33191],[-4.74673,50.33172],[-4.74699,50.33197],[-4.74757,50.33182],[-4.74814,50.33231],[-4.74893,50.33231],[-4.74973,50.33194],[-4.74947,50.33155],[-4.75043,50.33154],[-4.7525,50.33221],[-4.75278,50.33211],[-4.75366,50.33338],[-4.75652,50.33601],[-4.75743,50.33849],[-4.75416,50.33893],[-4.75456,50.33961],[-4.75367,50.33999],[-4.75476,50.34055],[-4.75492,50.34098],[-4.74995,50.34272],[-4.75164,50.34498],[-4.75382,50.34698],[-4.75821,50.34887],[-4.76083,50.34965],[-4.76563,50.35186],[-4.76514,50.35487],[-4.76597,50.35571],[-4.7659,50.35763],[-4.767,50.35966],[-4.76675,50.36074],[-4.76605,50.35991],[-4.76501,50.35969],[-4.7646,50.3599],[-4.76126,50.35954],[-4.76039,50.35975],[-4.76037,50.36006],[-4.75814,50.35989],[-4.75738,50.36026],[-4.75617,50.35962],[-4.7544,50.35962],[-4.7522,50.36003],[-4.75159,50.3608],[-4.75006,50.36166],[-4.74865,50.36193],[-4.74754,50.36078],[-4.74812,50.36034],[-4.74924,50.36016]]]}},{"type":"Feature","properties":{"id":"E01034857","name":"E01034857","parent":"E06000052","type":"LSOA","pop":1263,"r":9,"ff":4,"ffd":316.7,"ffs":0.4444,"g":0,"co":1,"mo":3,"sa":3,"ic":1},"geometry":{"type":"Polygon","coordinates":[[[-4.75743,50.33849],[-4.75652,50.33601],[-4.75366,50.33338],[-4.75278,50.33211],[-4.75588,50.33087],[-4.75647,50.33119],[-4.75685,50.33107],[-4.75675,50.33069],[-4.75605,50.33052],[-4.75687,50.33053],[-4.75686,50.32912],[-4.75776,50.32904],[-4.75777,50.32877],[-4.75979,50.3287],[-4.76307,50.32654],[-4.76321,50.32622],[-4.76386,50.32636],[-4.76435,50.32707],[-4.76499,50.32725],[-4.76562,50.32673],[-4.76804,50.32706],[-4.76818,50.32653],[-4.77016,50.32716],[-4.7713,50.32634],[-4.7717,50.32676],[-4.77119,50.33153],[-4.77143,50.33485],[-4.77047,50.33501],[-4.76931,50.33615],[-4.76889,50.33593],[-4.76783,50.3364],[-4.76654,50.33602],[-4.76471,50.33601],[-4.76397,50.33659],[-4.76566,50.33737],[-4.76271,50.33799],[-4.75984,50.33806],[-4.75743,50.33849]]]}},{"type":"Feature","properties":{"id":"E01034858","name":"E01034858","parent":"E06000052","type":"LSOA","pop":2241,"r":1,"ff":1,"ffd":44.6,"ffs":1.0,"g":0,"co":1,"mo":3,"sa":3,"ic":3},"geometry":{"type":"MultiPolygon","coordinates":[[[[-4.45629,50.35408],[-4.45662,50.35379],[-4.45606,50.35383],[-4.45587,50.35306],[-4.45394,50.35125],[-4.45148,50.35053],[-4.45213,50.35019],[-4.45269,50.35038],[-4.45202,50.34968],[-4.4529,50.34926],[-4.45338,50.34729],[-4.45447,50.34623],[-4.45674,50.34798],[-4.45814,50.3483],[-4.4591,50.34958],[-4.46238,50.35042],[-4.46302,50.35122],[-4.46046,50.35205],[-4.461,50.35262],[-4.46216,50.35226],[-4.46205,50.35267],[-4.45965,50.35317],[-4.45958,50.35295],[-4.45889,50.35288],[-4.45831,50.35329],[-4.45847,50.35363],[-4.45784,50.3538],[-4.45695,50.35504],[-4.45668,50.35485],[-4.4567,50.3542],[-4.45629,50.35408]]],[[[-4.44864,50.36298],[-4.44855,50.3624],[-4.44747,50.36246],[-4.44854,50.36205],[-4.4488,50.35882],[-4.44759,50.35855],[-4.4481,50.35703],[-4.44756,50.35686],[-4.44767,50.35716],[-4.44723,50.35717],[-4.44618,50.35824],[-4.44451,50.35871],[-4.44588,50.35984],[-4.44305,50.36188],[-4.44074,50.3606],[-4.44002,50.36046],[-4.4395,50.36095],[-4.43959,50.36033],[-4.43882,50.35962],[-4.44132,50.35872],[-4.44183,50.35802],[-4.44241,50.35806],[-4.44244,50.35768],[-4.44297,50.35778],[-4.4463,50.35493],[-4.44835,50.3542],[-4.4492,50.35299],[-4.45184,50.35259],[-4.45255,50.35151],[-4.45118,50.35095],[-4.45297,50.35156],[-4.45457,50.35273],[-4.455,50.3549],[-4.45444,50.35504],[-4.45514,50.35666],[-4.45534,50.35663],[-4.45569,50.35837],[-4.4568,50.36007],[-4.45663,50.36091],[-4.45567,50.36088],[-4.45519,50.36055],[-4.45302,50.36157],[-4.45191,50.36182],[-4.45092,50.36115],[-4.45044,50.36116],[-4.45005,50.36127],[-4.44982,50.36229],[-4.44904,50.36258],[-4.44915,50.3628],[-4.44864,50.36298]]]]}},{"type":"Feature","properties":{"id":"E01034859","name":"E01034859","parent":"E06000052","type":"LSOA","pop":1595,"r":7,"ff":3,"ffd":188.1,"ffs":0.4286,"g":0,"co":1,"mo":3,"sa":3,"ic":1},"geometry":{"type":"Polygon","coordinates":[[[-5.21518,50.32123],[-5.21284,50.32126],[-5.21376,50.31903],[-5.21278,50.31567],[-5.21375,50.3151],[-5.21321,50.31354],[-5.21268,50.31369],[-5.21041,50.31306],[-5.2119,50.31219],[-5.21175,50.31201],[-5.2101,50.31187],[-5.20715,50.31003],[-5.20747,50.30964],[-5.20692,50.30915],[-5.20522,50.30915],[-5.20473,50.30946],[-5.20413,50.30948],[-5.20334,50.30903],[-5.20413,50.30892],[-5.20349,50.30864],[-5.20372,50.30847],[-5.20318,50.30838],[-5.20258,50.30887],[-5.20109,50.30856],[-5.20043,50.30703],[-5.20062,50.30662],[-5.20061,50.30546],[-5.19914,50.30334],[-5.19799,50.30248],[-5.19626,50.29993],[-5.1926,50.2996],[-5.18988,50.2984],[-5.18911,50.29974],[-5.18813,50.30055],[-5.18877,50.30092],[-5.18654,50.30268],[-5.18684,50.30317],[-5.18601,50.30342],[-5.1856,50.30404],[-5.18291,50.30454],[-5.18484,50.30559],[-5.18452,50.30627],[-5.18484,50.30762],[-5.18666,50.30968],[-5.18607,50.31014],[-5.18071,50.30861],[-5.17959,50.3088],[-5.17568,50.30821],[-5.17514,50.30656],[-5.17265,50.30702],[-5.17219,50.3077],[-5.17284,50.30833],[-5.17264,50.30896],[-5.17141,50.30951],[-5.17074,50.31021],[-5.16849,50.31083],[-5.16602,50.31066],[-5.16587,50.30866],[-5.1643,50.30671],[-5.16415,50.30579],[-5.16096,50.30336],[-5.16109,50.30226],[-5.15984,50.29912],[-5.16101,50.29719],[-5.16126,50.29595],[-5.16093,50.29501],[-5.16715,50.29448],[-5.1709,50.29381],[-5.17819,50.29043],[-5.18465,50.2883],[-5.18909,50.291],[-5.19231,50.29233],[-5.20264,50.29157],[-5.21461,50.29138],[-5.22171,50.29089],[-5.22532,50.28999],[-5.22757,50.29284],[-5.23012,50.29385],[-5.23301,50.29432],[-5.23416,50.29479],[-5.23544,50.29615],[-5.2384,50.29608],[-5.23781,50.29683],[-5.23857,50.29719],[-5.23892,50.29791],[-5.23834,50.29815],[-5.23666,50.30045],[-5.23521,50.30028],[-5.23486,50.30048],[-5.23513,50.30103],[-5.23483,50.30113],[-5.2358,50.30169],[-5.23522,50.3024],[-5.23535,50.30284],[-5.23447,50.30351],[-5.23486,50.30372],[-5.23443,50.30378],[-5.23381,50.30478],[-5.23426,50.30616],[-5.23383,50.30696],[-5.23418,50.30755],[-5.23396,50.30792],[-5.23395,50.30888],[-5.23519,50.30922],[-5.2349,50.30959],[-5.23394,50.30964],[-5.23396,50.31043],[-5.23357,50.31045],[-5.23413,50.31121],[-5.2336,50.31154],[-5.23362,50.31176],[-5.23442,50.31224],[-5.23433,50.31371],[-5.23538,50.31526],[-5.23441,50.31558],[-5.23412,50.31619],[-5.2344,50.31675],[-5.23404,50.31699],[-5.23458,50.31715],[-5.23483,50.31794],[-5.23571,50.31827],[-5.23448,50.31853],[-5.23367,50.31929],[-5.23124,50.31899],[-5.23083,50.3194],[-5.23044,50.31923],[-5.22974,50.31958],[-5.22864,50.31951],[-5.22706,50.31988],[-5.22592,50.32033],[-5.22522,50.32106],[-5.22304,50.32151],[-5.22101,50.32242],[-5.2184,50.32118],[-5.21518,50.32123]]]}},{"type":"Feature","properties":{"id":"E01034860","name":"E01034860","parent":"E06000052","type":"LSOA","pop":1619,"r":7,"ff":3,"ffd":185.3,"ffs":0.4286,"g":0,"co":1,"mo":3,"sa":3,"ic":1},"geometry":{"type":"Polygon","coordinates":[[[-5.17605,50.33458],[-5.17125,50.33256],[-5.16709,50.33145],[-5.1633,50.3324],[-5.16194,50.33198],[-5.16291,50.32979],[-5.16284,50.3256],[-5.16384,50.32448],[-5.16385,50.32364],[-5.16413,50.32277],[-5.16379,50.32073],[-5.16469,50.3188],[-5.16466,50.31776],[-5.165,50.31588],[-5.16657,50.31339],[-5.16602,50.31066],[-5.16849,50.31083],[-5.17074,50.31021],[-5.17141,50.30951],[-5.17264,50.30896],[-5.17284,50.30833],[-5.17219,50.3077],[-5.17265,50.30702],[-5.17514,50.30656],[-5.17568,50.30821],[-5.17959,50.3088],[-5.18071,50.30861],[-5.18607,50.31014],[-5.18666,50.30968],[-5.18484,50.30762],[-5.18452,50.30627],[-5.18484,50.30559],[-5.18291,50.30454],[-5.1856,50.30404],[-5.18601,50.30342],[-5.18684,50.30317],[-5.18654,50.30268],[-5.18877,50.30092],[-5.18813,50.30055],[-5.18911,50.29974],[-5.18988,50.2984],[-5.1926,50.2996],[-5.19626,50.29993],[-5.19799,50.30248],[-5.19914,50.30334],[-5.20061,50.30546],[-5.20062,50.30662],[-5.20043,50.30703],[-5.20109,50.30856],[-5.20029,50.30868],[-5.19851,50.30669],[-5.19872,50.3074],[-5.19839,50.30791],[-5.19756,50.30824],[-5.19767,50.30855],[-5.19624,50.30973],[-5.19636,50.31032],[-5.19748,50.31073],[-5.19795,50.31202],[-5.19934,50.31243],[-5.19991,50.31221],[-5.20121,50.31268],[-5.20117,50.31298],[-5.20227,50.31354],[-5.2031,50.31468],[-5.20315,50.31522],[-5.20252,50.31562],[-5.20271,50.31638],[-5.20359,50.31736],[-5.20446,50.31725],[-5.20431,50.31784],[-5.20347,50.31809],[-5.2027,50.31795],[-5.20244,50.31849],[-5.19855,50.31809],[-5.19718,50.32223],[-5.19732,50.32259],[-5.19647,50.32292],[-5.19623,50.32367],[-5.19754,50.32413],[-5.19585,50.32459],[-5.19549,50.32519],[-5.19587,50.3257],[-5.19475,50.32565],[-5.19533,50.3263],[-5.19392,50.32664],[-5.19317,50.32658],[-5.19198,50.32592],[-5.19138,50.32611],[-5.19173,50.32671],[-5.19146,50.32777],[-5.18968,50.32798],[-5.18942,50.32837],[-5.18997,50.32892],[-5.19093,50.32885],[-5.18992,50.32917],[-5.19069,50.32947],[-5.18835,50.32988],[-5.18883,50.33113],[-5.18983,50.33139],[-5.18934,50.33222],[-5.18912,50.33165],[-5.18897,50.33237],[-5.18814,50.33248],[-5.18844,50.33277],[-5.18803,50.33297],[-5.18599,50.33255],[-5.18667,50.33305],[-5.18629,50.33349],[-5.18533,50.33328],[-5.18554,50.33271],[-5.18406,50.33294],[-5.18321,50.33253],[-5.18315,50.33319],[-5.18197,50.33363],[-5.18148,50.33347],[-5.18261,50.33424],[-5.18168,50.33434],[-5.18058,50.3338],[-5.1812,50.33425],[-5.18027,50.33442],[-5.18098,50.33483],[-5.18084,50.33498],[-5.17605,50.33458]]]}},{"type":"Feature","properties":{"id":"E01034862","name":"E01034862","parent":"E06000052","type":"LSOA","pop":1504,"r":23,"ff":8,"ffd":531.9,"ffs":0.4211,"g":4,"co":1,"mo":3,"sa":0,"ic":1},"geometry":{"type":"Polygon","coordinates":[[[-5.07764,50.27204],[-5.07908,50.26772],[-5.08027,50.26913],[-5.08232,50.26979],[-5.0853,50.2691],[-5.08664,50.26923],[-5.08728,50.26978],[-5.08785,50.26978],[-5.08803,50.26901],[-5.08942,50.26882],[-5.09117,50.26966],[-5.09279,50.26855],[-5.09232,50.26795],[-5.08926,50.26733],[-5.08896,50.26367],[-5.09147,50.26425],[-5.09209,50.26356],[-5.09257,50.26369],[-5.09312,50.26315],[-5.09282,50.26247],[-5.09201,50.26248],[-5.09253,50.2623],[-5.09258,50.2617],[-5.09133,50.26129],[-5.09159,50.26099],[-5.09345,50.26052],[-5.09443,50.26123],[-5.09517,50.26125],[-5.09515,50.26153],[-5.09629,50.26158],[-5.09636,50.26119],[-5.09687,50.26136],[-5.09849,50.25922],[-5.10559,50.26166],[-5.10536,50.26233],[-5.10624,50.26369],[-5.10546,50.2637],[-5.10642,50.26471],[-5.10572,50.26463],[-5.10596,50.26593],[-5.1065,50.26604],[-5.10704,50.26678],[-5.10633,50.26701],[-5.10551,50.26663],[-5.10455,50.26703],[-5.1048,50.26722],[-5.10405,50.26774],[-5.10111,50.269],[-5.09792,50.27105],[-5.09621,50.27171],[-5.09446,50.27452],[-5.09008,50.27455],[-5.08712,50.27305],[-5.0844,50.27275],[-5.08039,50.27277],[-5.08,50.27219],[-5.07764,50.27204]]]}},{"type":"Feature","properties":{"id":"E01034863","name":"E01034863","parent":"E06000052","type":"LSOA","pop":2342,"r":23,"ff":8,"ffd":341.6,"ffs":0.4211,"g":4,"co":1,"mo":3,"sa":0,"ic":1},"geometry":{"type":"Polygon","coordinates":[[[-5.08896,50.26367],[-5.08915,50.26331],[-5.08556,50.26277],[-5.08239,50.26204],[-5.08227,50.26249],[-5.08268,50.26293],[-5.08067,50.26292],[-5.08057,50.26266],[-5.07868,50.26228],[-5.07931,50.26112],[-5.07854,50.26092],[-5.07822,50.26138],[-5.07848,50.26179],[-5.07752,50.26162],[-5.07832,50.26009],[-5.07944,50.25992],[-5.07969,50.2594],[-5.08077,50.25914],[-5.0782,50.25751],[-5.07881,50.25708],[-5.08882,50.25535],[-5.09128,50.25863],[-5.09285,50.25907],[-5.09404,50.25911],[-5.09492,50.25879],[-5.0953,50.25928],[-5.09608,50.25941],[-5.09667,50.25886],[-5.09849,50.25922],[-5.09687,50.26136],[-5.09636,50.26119],[-5.09629,50.26158],[-5.09515,50.26153],[-5.09517,50.26125],[-5.09443,50.26123],[-5.09345,50.26052],[-5.09159,50.26099],[-5.09133,50.26129],[-5.09258,50.2617],[-5.09253,50.2623],[-5.09201,50.26248],[-5.09282,50.26247],[-5.09312,50.26315],[-5.09257,50.26369],[-5.09209,50.26356],[-5.09147,50.26425],[-5.08896,50.26367]]]}},{"type":"Feature","properties":{"id":"E01034864","name":"E01034864","parent":"E06000052","type":"LSOA","pop":1130,"r":23,"ff":8,"ffd":708.0,"ffs":0.4211,"g":4,"co":1,"mo":3,"sa":0,"ic":1},"geometry":{"type":"Polygon","coordinates":[[[-5.0535,50.26667],[-5.05269,50.26608],[-5.05218,50.26676],[-5.05149,50.26675],[-5.05042,50.26601],[-5.04861,50.26546],[-5.04742,50.26536],[-5.04468,50.2647],[-5.04698,50.26297],[-5.04771,50.26354],[-5.04845,50.26367],[-5.04789,50.26353],[-5.04715,50.26292],[-5.047,50.26246],[-5.04748,50.26268],[-5.04803,50.26342],[-5.05021,50.26415],[-5.04809,50.26329],[-5.04712,50.26201],[-5.04924,50.26203],[-5.04845,50.26188],[-5.0495,50.26192],[-5.049,50.26256],[-5.05025,50.26293],[-5.05007,50.26324],[-5.05075,50.2633],[-5.05121,50.26259],[-5.05106,50.26332],[-5.052,50.26326],[-5.05237,50.26402],[-5.05292,50.26427],[-5.05444,50.26392],[-5.05529,50.26401],[-5.05548,50.26358],[-5.05637,50.26366],[-5.05697,50.26407],[-5.05704,50.26376],[-5.05798,50.26371],[-5.05836,50.26413],[-5.05912,50.26337],[-5.06006,50.26347],[-5.05935,50.26396],[-5.06027,50.26462],[-5.06001,50.26485],[-5.0537,50.26742],[-5.0535,50.26667]]]}},{"type":"Feature","properties":{"id":"E01034865","name":"E01034865","parent":"E06000052","type":"LSOA","pop":1181,"r":23,"ff":8,"ffd":677.4,"ffs":0.4211,"g":4,"co":1,"mo":3,"sa":0,"ic":1},"geometry":{"type":"MultiPolygon","coordinates":[[[[-5.04589,50.26054],[-5.04592,50.26049],[-5.04598,50.26065],[-5.04589,50.26054]]],[[[-5.06006,50.26347],[-5.05912,50.26337],[-5.05836,50.26413],[-5.05798,50.26371],[-5.05704,50.26376],[-5.05697,50.26407],[-5.05637,50.26366],[-5.05548,50.26358],[-5.05529,50.26401],[-5.05444,50.26392],[-5.05292,50.26427],[-5.05237,50.26402],[-5.052,50.26326],[-5.05106,50.26332],[-5.05121,50.26259],[-5.05075,50.2633],[-5.05007,50.26324],[-5.05025,50.26293],[-5.049,50.26256],[-5.0495,50.26192],[-5.04728,50.26165],[-5.04641,50.26109],[-5.04621,50.26011],[-5.04647,50.25962],[-5.04708,50.25953],[-5.04695,50.25868],[-5.04754,50.25866],[-5.0488,50.26045],[-5.05109,50.26093],[-5.05231,50.26158],[-5.05263,50.26075],[-5.053,50.26105],[-5.05479,50.26125],[-5.05482,50.25958],[-5.05685,50.25985],[-5.05617,50.26126],[-5.05642,50.26171],[-5.05704,50.26187],[-5.05714,50.26236],[-5.05883,50.26191],[-5.05898,50.26213],[-5.05816,50.26248],[-5.06037,50.26329],[-5.06277,50.26356],[-5.06269,50.26416],[-5.06001,50.26485],[-5.06027,50.26462],[-5.05935,50.26396],[-5.06006,50.26347]]]]}},{"type":"Feature","properties":{"id":"E01034866","name":"E01034866","parent":"E06000052","type":"LSOA","pop":1670,"r":35,"ff":13,"ffd":778.4,"ffs":0.4643,"g":7,"co":0,"mo":0,"sa":3,"ic":1},"geometry":{"type":"Polygon","coordinates":[[[-5.29264,50.22327],[-5.29136,50.22243],[-5.28987,50.22292],[-5.28923,50.22227],[-5.28679,50.22286],[-5.28643,50.22103],[-5.28627,50.22078],[-5.28543,50.2212],[-5.28586,50.22072],[-5.28548,50.22052],[-5.28477,50.22045],[-5.28403,50.2209],[-5.28162,50.22085],[-5.28085,50.21992],[-5.27929,50.21969],[-5.27895,50.21787],[-5.27925,50.21803],[-5.28371,50.21704],[-5.28355,50.21639],[-5.28904,50.21618],[-5.29026,50.21532],[-5.29113,50.21655],[-5.29169,50.21648],[-5.29232,50.21676],[-5.29185,50.21722],[-5.29159,50.21702],[-5.29113,50.21737],[-5.29085,50.21712],[-5.29018,50.21733],[-5.28995,50.21842],[-5.2917,50.2186],[-5.2918,50.21932],[-5.29359,50.21995],[-5.29368,50.2204],[-5.29305,50.22316],[-5.29264,50.22327]]]}},{"type":"Feature","properties":{"id":"E01034867","name":"E01034867","parent":"E06000052","type":"LSOA","pop":1527,"r":36,"ff":14,"ffd":916.8,"ffs":0.4828,"g":7,"co":0,"mo":0,"sa":3,"ic":1},"geometry":{"type":"Polygon","coordinates":[[[-5.2777,50.21726],[-5.27968,50.21606],[-5.28251,50.21479],[-5.28441,50.21418],[-5.28851,50.21336],[-5.28814,50.21398],[-5.28881,50.21387],[-5.2896,50.21433],[-5.28997,50.21408],[-5.29033,50.21434],[-5.2907,50.21616],[-5.29026,50.21532],[-5.28904,50.21618],[-5.28355,50.21639],[-5.28371,50.21704],[-5.27925,50.21803],[-5.2777,50.21726]]]}},{"type":"Feature","properties":{"id":"E01034868","name":"E01034868","parent":"E06000052","type":"LSOA","pop":1841,"r":9,"ff":4,"ffd":217.3,"ffs":0.4444,"g":0,"co":1,"mo":3,"sa":3,"ic":1},"geometry":{"type":"Polygon","coordinates":[[[-5.39866,50.18708],[-5.40013,50.18506],[-5.402,50.18351],[-5.40895,50.18003],[-5.41188,50.18219],[-5.41464,50.18299],[-5.41511,50.18282],[-5.41583,50.18322],[-5.41499,50.18433],[-5.41546,50.18503],[-5.41318,50.1855],[-5.41295,50.18589],[-5.41132,50.18588],[-5.40972,50.18777],[-5.41039,50.18821],[-5.40463,50.19038],[-5.40159,50.19067],[-5.39816,50.19063],[-5.39866,50.18708]]]}},{"type":"Feature","properties":{"id":"E01034869","name":"E01034869","parent":"E06000052","type":"LSOA","pop":1663,"r":9,"ff":4,"ffd":240.5,"ffs":0.4444,"g":0,"co":1,"mo":3,"sa":3,"ic":1},"geometry":{"type":"Polygon","coordinates":[[[-5.41063,50.18679],[-5.41132,50.18588],[-5.41295,50.18589],[-5.41318,50.1855],[-5.41546,50.18503],[-5.41499,50.18433],[-5.41583,50.18322],[-5.41511,50.18282],[-5.41464,50.18299],[-5.41188,50.18219],[-5.40895,50.18003],[-5.41534,50.17683],[-5.41622,50.17716],[-5.41794,50.17717],[-5.41926,50.17836],[-5.42021,50.17991],[-5.42197,50.18133],[-5.42284,50.18378],[-5.42142,50.18371],[-5.42139,50.18416],[-5.42201,50.1843],[-5.42067,50.18489],[-5.41984,50.1842],[-5.41946,50.18497],[-5.41892,50.18497],[-5.41807,50.18587],[-5.41822,50.18611],[-5.41914,50.18615],[-5.41893,50.18629],[-5.41644,50.18745],[-5.41475,50.1878],[-5.41039,50.18821],[-5.40972,50.18777],[-5.41063,50.18679]]]}}]}