{"type":"FeatureCollection","features":[{"type":"Feature","properties":{"id":"E01016254","name":"E01016254","parent":"E06000037","type":"LSOA","pop":1516,"r":18,"ff":13,"ffd":857.5,"ffs":0.7222,"g":0,"co":1,"mo":3,"sa":1,"ic":3},"geometry":{"type":"Polygon","coordinates":[[[-1.16381,51.40025],[-1.16171,51.3992],[-1.16055,51.39967],[-1.15862,51.39982],[-1.15691,51.40097],[-1.15392,51.39934],[-1.15132,51.39972],[-1.15006,51.3986],[-1.15204,51.39748],[-1.15274,51.39788],[-1.15326,51.39742],[-1.15154,51.39646],[-1.14642,51.39967],[-1.1373,51.40033],[-1.1366,51.39996],[-1.13642,51.40032],[-1.13663,51.39972],[-1.13836,51.39848],[-1.13526,51.39634],[-1.13272,51.39769],[-1.13087,51.39662],[-1.13198,51.39595],[-1.13123,51.3955],[-1.13039,51.39543],[-1.13058,51.39484],[-1.1279,51.3926],[-1.12714,51.39316],[-1.12336,51.39078],[-1.12251,51.38619],[-1.12183,51.38486],[-1.12033,51.38344],[-1.11904,51.3829],[-1.1176,51.38137],[-1.1178,51.37819],[-1.11682,51.37756],[-1.11555,51.37747],[-1.11375,51.37483],[-1.11546,51.37421],[-1.11751,51.36809],[-1.11614,51.36645],[-1.11634,51.36506],[-1.11539,51.36255],[-1.11579,51.36047],[-1.11736,51.36],[-1.11924,51.3599],[-1.11928,51.36026],[-1.12017,51.36022],[-1.12014,51.36054],[-1.12372,51.36125],[-1.12466,51.35971],[-1.12477,51.3581],[-1.12876,51.3581],[-1.14027,51.35722],[-1.14404,51.35726],[-1.14705,51.35938],[-1.15728,51.36013],[-1.16962,51.36073],[-1.16654,51.36262],[-1.16646,51.36439],[-1.16522,51.36813],[-1.16595,51.36841],[-1.16628,51.37067],[-1.1657,51.3713],[-1.16559,51.37289],[-1.16468,51.3742],[-1.16401,51.37814],[-1.16237,51.37831],[-1.16195,51.37958],[-1.16314,51.38067],[-1.16387,51.38206],[-1.16234,51.38221],[-1.16218,51.38338],[-1.16568,51.38236],[-1.16595,51.38249],[-1.17076,51.38744],[-1.17076,51.38863],[-1.1716,51.3887],[-1.17468,51.3872],[-1.17515,51.38724],[-1.17527,51.38766],[-1.17474,51.38787],[-1.17549,51.38814],[-1.17557,51.38882],[-1.17589,51.38883],[-1.17677,51.38953],[-1.17642,51.38976],[-1.17778,51.39041],[-1.17794,51.39114],[-1.17833,51.39132],[-1.17962,51.39079],[-1.18099,51.39327],[-1.17958,51.39527],[-1.18036,51.39635],[-1.18139,51.39639],[-1.18146,51.39739],[-1.17932,51.39766],[-1.17963,51.39692],[-1.1804,51.39678],[-1.17915,51.39624],[-1.17822,51.39632],[-1.17686,51.39548],[-1.17599,51.39543],[-1.17633,51.39609],[-1.17587,51.39704],[-1.17729,51.39731],[-1.17835,51.39682],[-1.17906,51.39699],[-1.179,51.39763],[-1.17841,51.39755],[-1.17825,51.39788],[-1.1765,51.39772],[-1.17359,51.39814],[-1.17538,51.3971],[-1.17095,51.3968],[-1.1706,51.39818],[-1.16769,51.39964],[-1.1671,51.40123],[-1.16381,51.40025]]]}},{"type":"Feature","properties":{"id":"E01016255","name":"E01016255","parent":"E06000037","type":"LSOA","pop":1535,"r":58,"ff":23,"ffd":1498.4,"ffs":0.6053,"g":20,"co":0,"mo":2,"sa":2,"ic":3},"geometry":{"type":"Polygon","coordinates":[[[-1.17063,51.41495],[-1.16946,51.41415],[-1.16729,51.41484],[-1.16692,51.41318],[-1.16718,51.41192],[-1.16869,51.41088],[-1.17002,51.41093],[-1.16972,51.40896],[-1.17101,51.408],[-1.16903,51.40688],[-1.16168,51.40438],[-1.15957,51.40272],[-1.15799,51.40217],[-1.15691,51.40097],[-1.15862,51.39982],[-1.16055,51.39967],[-1.16171,51.3992],[-1.16381,51.40025],[-1.1671,51.40123],[-1.16769,51.39964],[-1.1706,51.39818],[-1.17095,51.3968],[-1.17538,51.3971],[-1.17359,51.39814],[-1.1765,51.39772],[-1.17825,51.39788],[-1.17841,51.39755],[-1.179,51.39763],[-1.17906,51.39699],[-1.17835,51.39682],[-1.17729,51.39731],[-1.17587,51.39704],[-1.17633,51.39609],[-1.17599,51.39543],[-1.17686,51.39548],[-1.17822,51.39632],[-1.17915,51.39624],[-1.1804,51.39678],[-1.17963,51.39692],[-1.17932,51.39766],[-1.18146,51.39739],[-1.18139,51.39639],[-1.18036,51.39635],[-1.17958,51.39527],[-1.18099,51.39327],[-1.17962,51.39079],[-1.17833,51.39132],[-1.17794,51.39114],[-1.17778,51.39041],[-1.17642,51.38976],[-1.17677,51.38953],[-1.17589,51.38883],[-1.17557,51.38882],[-1.17549,51.38814],[-1.17474,51.38787],[-1.17527,51.38766],[-1.17515,51.38724],[-1.17468,51.3872],[-1.1716,51.3887],[-1.17076,51.38863],[-1.17076,51.38744],[-1.16595,51.38249],[-1.16568,51.38236],[-1.16218,51.38338],[-1.16234,51.38221],[-1.16387,51.38206],[-1.16314,51.38067],[-1.16195,51.37958],[-1.16237,51.37831],[-1.16401,51.37814],[-1.16468,51.3742],[-1.16559,51.37289],[-1.1657,51.3713],[-1.16628,51.37067],[-1.16595,51.36841],[-1.16522,51.36813],[-1.16646,51.36439],[-1.16654,51.36262],[-1.16962,51.36073],[-1.16974,51.36047],[-1.17689,51.35732],[-1.18887,51.36322],[-1.1948,51.36374],[-1.19993,51.36469],[-1.2006,51.36567],[-1.20208,51.36619],[-1.20495,51.36645],[-1.20636,51.36622],[-1.20662,51.36695],[-1.20988,51.36668],[-1.21077,51.36715],[-1.21254,51.36608],[-1.21361,51.36633],[-1.21394,51.36575],[-1.21483,51.36612],[-1.21605,51.36591],[-1.21673,51.36622],[-1.21831,51.36586],[-1.21966,51.36634],[-1.22001,51.36685],[-1.22076,51.36694],[-1.22062,51.36752],[-1.22103,51.36759],[-1.22076,51.36847],[-1.21965,51.36956],[-1.22061,51.37086],[-1.22248,51.37231],[-1.22328,51.37525],[-1.2218,51.37558],[-1.21886,51.37725],[-1.21724,51.37934],[-1.21574,51.3842],[-1.21781,51.38562],[-1.21942,51.38728],[-1.20937,51.38882],[-1.20905,51.38919],[-1.21029,51.38984],[-1.21278,51.38994],[-1.21184,51.39098],[-1.21256,51.39161],[-1.21894,51.39022],[-1.21976,51.39284],[-1.22104,51.39305],[-1.22184,51.39361],[-1.22032,51.39801],[-1.22292,51.39794],[-1.2232,51.39971],[-1.22273,51.40079],[-1.22176,51.40115],[-1.21969,51.40127],[-1.21849,51.40482],[-1.21942,51.40649],[-1.2163,51.40999],[-1.21604,51.4113],[-1.21336,51.41119],[-1.21191,51.41143],[-1.20563,51.41048],[-1.20045,51.4085],[-1.19575,51.40842],[-1.19123,51.40881],[-1.18861,51.40957],[-1.19025,51.41059],[-1.19062,51.41142],[-1.19019,51.41173],[-1.18532,51.41269],[-1.18068,51.41298],[-1.17694,51.41283],[-1.1747,51.41332],[-1.17317,51.41327],[-1.17063,51.41495]]]}},{"type":"Feature","properties":{"id":"E01016256","name":"E01016256","parent":"E06000037","type":"LSOA","pop":1699,"r":9,"ff":4,"ffd":235.4,"ffs":0.4444,"g":0,"co":1,"mo":3,"sa":3,"ic":3},"geometry":{"type":"Polygon","coordinates":[[[-1.13769,51.51354],[-1.13378,51.51125],[-1.12797,51.51182],[-1.11905,51.51182],[-1.1146,51.51037],[-1.11287,51.50936],[-1.11099,51.50745],[-1.1092,51.50516],[-1.10697,51.5011],[-1.10803,51.50072],[-1.10514,51.49412],[-1.10278,51.49017],[-1.11246,51.48711],[-1.11893,51.48407],[-1.11812,51.48256],[-1.12114,51.48197],[-1.11984,51.47966],[-1.12051,51.47929],[-1.12172,51.47931],[-1.1215,51.47875],[-1.12226,51.47871],[-1.12243,51.47915],[-1.12507,51.47885],[-1.12506,51.47685],[-1.12637,51.47712],[-1.12694,51.47678],[-1.12709,51.47425],[-1.13719,51.47289],[-1.14614,51.47305],[-1.1533,51.47208],[-1.15523,51.47145],[-1.15627,51.47148],[-1.15858,51.47487],[-1.15912,51.47483],[-1.1607,51.47639],[-1.16054,51.47737],[-1.15925,51.47903],[-1.15996,51.48079],[-1.16282,51.48078],[-1.16456,51.48125],[-1.16461,51.48226],[-1.16714,51.48369],[-1.16793,51.48537],[-1.16696,51.48576],[-1.16832,51.48695],[-1.16572,51.4881],[-1.16862,51.48902],[-1.16344,51.49098],[-1.15984,51.49493],[-1.15958,51.4959],[-1.16002,51.49678],[-1.15858,51.49873],[-1.15768,51.49903],[-1.15154,51.50405],[-1.15052,51.50531],[-1.15022,51.50703],[-1.14595,51.50945],[-1.14313,51.51056],[-1.14219,51.51165],[-1.14038,51.5118],[-1.13769,51.51354]]]}},{"type":"Feature","properties":{"id":"E01016257","name":"E01016257","parent":"E06000037","type":"LSOA","pop":1313,"r":6,"ff":3,"ffd":228.5,"ffs":0.5,"g":0,"co":3,"mo":3,"sa":3,"ic":3},"geometry":{"type":"Polygon","coordinates":[[[-1.13753,51.52923],[-1.13819,51.52732],[-1.14354,51.52345],[-1.14401,51.52195],[-1.14302,51.5214],[-1.14325,51.52095],[-1.14254,51.52083],[-1.14324,51.51967],[-1.14213,51.51631],[-1.14153,51.51559],[-1.13769,51.51354],[-1.14038,51.5118],[-1.14219,51.51165],[-1.14313,51.51056],[-1.14595,51.50945],[-1.15022,51.50703],[-1.15052,51.50531],[-1.15154,51.50405],[-1.15768,51.49903],[-1.15858,51.49873],[-1.16002,51.49678],[-1.16443,51.4979],[-1.16876,51.49853],[-1.17065,51.49965],[-1.17458,51.50072],[-1.17624,51.50203],[-1.17805,51.50281],[-1.18215,51.50353],[-1.18592,51.50283],[-1.18945,51.50395],[-1.18853,51.50158],[-1.18871,51.50036],[-1.18735,51.49848],[-1.18911,51.4962],[-1.18996,51.49595],[-1.19283,51.49658],[-1.19608,51.49843],[-1.20596,51.49712],[-1.20729,51.49877],[-1.20728,51.49939],[-1.20995,51.50043],[-1.21267,51.50101],[-1.21504,51.4982],[-1.21669,51.49839],[-1.21693,51.49758],[-1.21796,51.49819],[-1.21788,51.49942],[-1.21904,51.50047],[-1.21511,51.50452],[-1.21891,51.5052],[-1.21837,51.50645],[-1.21865,51.5068],[-1.217,51.51018],[-1.22081,51.51138],[-1.22063,51.5128],[-1.22252,51.51471],[-1.22272,51.51628],[-1.2211,51.51696],[-1.22182,51.51796],[-1.22213,51.51825],[-1.22262,51.51801],[-1.22386,51.51885],[-1.22317,51.51921],[-1.22857,51.52321],[-1.22902,51.52436],[-1.23167,51.52454],[-1.23087,51.52785],[-1.23107,51.53266],[-1.22994,51.53461],[-1.22144,51.53615],[-1.21901,51.53691],[-1.21658,51.53623],[-1.21494,51.53609],[-1.21013,51.53644],[-1.20613,51.53753],[-1.20485,51.53761],[-1.20323,51.53673],[-1.2042,51.53428],[-1.20539,51.53339],[-1.20595,51.53193],[-1.20519,51.53052],[-1.20465,51.52839],[-1.19057,51.52999],[-1.18034,51.53195],[-1.17518,51.53341],[-1.17276,51.53376],[-1.16314,51.53426],[-1.15937,51.53493],[-1.16016,51.5366],[-1.1574,51.53737],[-1.15267,51.53939],[-1.14694,51.54064],[-1.14039,51.54291],[-1.13647,51.54019],[-1.13442,51.53531],[-1.13463,51.53286],[-1.13753,51.52923]]]}},{"type":"Feature","properties":{"id":"E01016258","name":"E01016258","parent":"E06000037","type":"LSOA","pop":1535,"r":191,"ff":58,"ffd":3778.5,"ffs":0.3973,"g":43,"co":0,"mo":2,"sa":0,"ic":0},"geometry":{"type":"Polygon","coordinates":[[[-1.05589,51.45849],[-1.05751,51.45668],[-1.05831,51.45675],[-1.05876,51.45611],[-1.05806,51.45624],[-1.05658,51.45571],[-1.05585,51.45617],[-1.05495,51.45633],[-1.05525,51.45677],[-1.05446,51.45702],[-1.05202,51.45651],[-1.05109,51.45671],[-1.05113,51.45507],[-1.05164,51.4548],[-1.05136,51.45422],[-1.05215,51.45397],[-1.05336,51.4543],[-1.05487,51.45351],[-1.05689,51.45355],[-1.05649,51.4533],[-1.05651,51.45227],[-1.05729,51.45242],[-1.05701,51.45179],[-1.0583,51.45127],[-1.05862,51.45169],[-1.05995,51.45151],[-1.05974,51.45086],[-1.05923,51.45087],[-1.05892,51.45013],[-1.05771,51.45051],[-1.05747,51.4493],[-1.05688,51.44947],[-1.05642,51.44988],[-1.0569,51.45007],[-1.05648,51.4503],[-1.05698,51.45072],[-1.05429,51.45179],[-1.05319,51.45277],[-1.05285,51.45228],[-1.05371,51.45142],[-1.05514,51.4514],[-1.05525,51.45107],[-1.05631,51.4508],[-1.05516,51.45022],[-1.05359,51.45018],[-1.05363,51.44964],[-1.05504,51.4488],[-1.05406,51.44666],[-1.05784,51.44601],[-1.059,51.44805],[-1.05788,51.44871],[-1.05826,51.44985],[-1.05937,51.44964],[-1.06576,51.44755],[-1.06543,51.44804],[-1.06595,51.44855],[-1.06575,51.45009],[-1.06628,51.4529],[-1.06546,51.45459],[-1.06598,51.45525],[-1.06514,51.45661],[-1.06509,51.45782],[-1.06386,51.45834],[-1.06423,51.45977],[-1.06354,51.46048],[-1.06367,51.46091],[-1.05944,51.4612],[-1.0578,51.46202],[-1.05541,51.46195],[-1.05354,51.4597],[-1.05532,51.45863],[-1.05589,51.45849]]]}},{"type":"Feature","properties":{"id":"E01016259","name":"E01016259","parent":"E06000037","type":"LSOA","pop":1562,"r":191,"ff":59,"ffd":3777.2,"ffs":0.396,"g":41,"co":0,"mo":2,"sa":0,"ic":0},"geometry":{"type":"Polygon","coordinates":[[[-1.05336,51.4543],[-1.05215,51.45397],[-1.05136,51.45422],[-1.05069,51.45402],[-1.0514,51.454],[-1.05163,51.45359],[-1.0492,51.4537],[-1.04919,51.45141],[-1.04852,51.45102],[-1.0487,51.45024],[-1.04945,51.4501],[-1.04917,51.44972],[-1.05062,51.44926],[-1.05111,51.44969],[-1.05047,51.45006],[-1.05048,51.4508],[-1.05162,51.45086],[-1.05131,51.45029],[-1.05169,51.44881],[-1.05281,51.44889],[-1.05288,51.44867],[-1.05189,51.448],[-1.05168,51.44643],[-1.05244,51.44548],[-1.05312,51.44548],[-1.05308,51.44492],[-1.05341,51.44495],[-1.05384,51.44406],[-1.05493,51.44399],[-1.05792,51.44105],[-1.06076,51.44102],[-1.06238,51.44062],[-1.06808,51.44039],[-1.06823,51.4407],[-1.06656,51.44145],[-1.06618,51.44199],[-1.06632,51.44287],[-1.06782,51.44428],[-1.06668,51.44477],[-1.06576,51.44755],[-1.05937,51.44964],[-1.05826,51.44985],[-1.05788,51.44871],[-1.059,51.44805],[-1.05784,51.44601],[-1.05406,51.44666],[-1.05504,51.4488],[-1.05363,51.44964],[-1.05359,51.45018],[-1.05516,51.45022],[-1.05631,51.4508],[-1.05525,51.45107],[-1.05514,51.4514],[-1.05371,51.45142],[-1.05285,51.45228],[-1.05319,51.45277],[-1.05429,51.45179],[-1.05698,51.45072],[-1.05648,51.4503],[-1.0569,51.45007],[-1.05642,51.44988],[-1.05688,51.44947],[-1.05747,51.4493],[-1.05771,51.45051],[-1.05892,51.45013],[-1.05923,51.45087],[-1.05974,51.45086],[-1.05995,51.45151],[-1.05862,51.45169],[-1.0583,51.45127],[-1.05701,51.45179],[-1.05729,51.45242],[-1.05651,51.45227],[-1.05649,51.4533],[-1.05689,51.45355],[-1.05487,51.45351],[-1.05336,51.4543]]]}},{"type":"Feature","properties":{"id":"E01016260","name":"E01016260","parent":"E06000037","type":"LSOA","pop":1632,"r":254,"ff":88,"ffd":5392.2,"ffs":0.4356,"g":50,"co":0,"mo":2,"sa":0,"ic":0},"geometry":{"type":"Polygon","coordinates":[[[-1.03297,51.4518],[-1.03403,51.45115],[-1.03549,51.45147],[-1.03514,51.45053],[-1.03759,51.45082],[-1.04187,51.44964],[-1.0418,51.44936],[-1.04252,51.4495],[-1.04429,51.44855],[-1.04602,51.44841],[-1.04742,51.44884],[-1.04764,51.44794],[-1.04669,51.44653],[-1.04536,51.44578],[-1.04473,51.44499],[-1.04839,51.44464],[-1.05107,51.4455],[-1.05244,51.44548],[-1.05168,51.44643],[-1.05189,51.448],[-1.05288,51.44867],[-1.05281,51.44889],[-1.05169,51.44881],[-1.05131,51.45029],[-1.05162,51.45086],[-1.05048,51.4508],[-1.05047,51.45006],[-1.05111,51.44969],[-1.05062,51.44926],[-1.04917,51.44972],[-1.04945,51.4501],[-1.0487,51.45024],[-1.04852,51.45102],[-1.04688,51.45021],[-1.03883,51.45263],[-1.03398,51.45273],[-1.03297,51.4518]]]}},{"type":"Feature","properties":{"id":"E01016261","name":"E01016261","parent":"E06000037","type":"LSOA","pop":1623,"r":196,"ff":61,"ffd":3758.5,"ffs":0.404,"g":43,"co":0,"mo":2,"sa":0,"ic":0},"geometry":{"type":"Polygon","coordinates":[[[-1.06226,51.46648],[-1.06178,51.46628],[-1.06103,51.46693],[-1.05948,51.46723],[-1.05976,51.4676],[-1.05904,51.46776],[-1.05706,51.46663],[-1.05643,51.4667],[-1.05654,51.46725],[-1.05612,51.4667],[-1.05448,51.46737],[-1.05399,51.46697],[-1.04996,51.46534],[-1.04845,51.46519],[-1.04789,51.46463],[-1.04784,51.46405],[-1.04845,51.46243],[-1.04977,51.4621],[-1.05283,51.46044],[-1.0539,51.46014],[-1.05541,51.46195],[-1.0578,51.46202],[-1.05944,51.4612],[-1.06367,51.46091],[-1.06635,51.46136],[-1.0669,51.46419],[-1.06599,51.46872],[-1.06518,51.47042],[-1.06256,51.4685],[-1.06319,51.46813],[-1.06226,51.46648]]]}},{"type":"Feature","properties":{"id":"E01016262","name":"E01016262","parent":"E06000037","type":"LSOA","pop":1405,"r":222,"ff":72,"ffd":5124.6,"ffs":0.4162,"g":47,"co":0,"mo":2,"sa":0,"ic":0},"geometry":{"type":"Polygon","coordinates":[[[-1.04887,51.45764],[-1.04672,51.45621],[-1.04787,51.45526],[-1.04708,51.45485],[-1.04799,51.45378],[-1.05163,51.45359],[-1.0514,51.454],[-1.05069,51.45402],[-1.05136,51.45422],[-1.05164,51.4548],[-1.05113,51.45507],[-1.05109,51.45671],[-1.05202,51.45651],[-1.05446,51.45702],[-1.05525,51.45677],[-1.05495,51.45633],[-1.05585,51.45617],[-1.05658,51.45571],[-1.05806,51.45624],[-1.05876,51.45611],[-1.05831,51.45675],[-1.05751,51.45668],[-1.05589,51.45849],[-1.05532,51.45863],[-1.05354,51.4597],[-1.0539,51.46014],[-1.05283,51.46044],[-1.04887,51.45764]]]}},{"type":"Feature","properties":{"id":"E01016263","name":"E01016263","parent":"E06000037","type":"LSOA","pop":2366,"r":69,"ff":17,"ffd":718.5,"ffs":0.3696,"g":23,"co":0,"mo":2,"sa":2,"ic":3},"geometry":{"type":"Polygon","coordinates":[[[-1.21698,51.46632],[-1.21313,51.46556],[-1.20926,51.46616],[-1.20908,51.4653],[-1.20791,51.4659],[-1.20453,51.46527],[-1.20435,51.46548],[-1.20359,51.46453],[-1.20364,51.46399],[-1.20178,51.46371],[-1.20178,51.46318],[-1.2009,51.4631],[-1.20113,51.4627],[-1.19887,51.46099],[-1.19787,51.46077],[-1.19803,51.46018],[-1.19921,51.45947],[-1.19926,51.45876],[-1.19676,51.45854],[-1.19759,51.45746],[-1.19556,51.45654],[-1.20662,51.45277],[-1.20729,51.45198],[-1.20703,51.45072],[-1.20902,51.45083],[-1.21173,51.44928],[-1.21375,51.4488],[-1.21523,51.44916],[-1.21857,51.44835],[-1.21989,51.44848],[-1.22007,51.44764],[-1.22146,51.44762],[-1.22241,51.44692],[-1.22481,51.44849],[-1.22594,51.44877],[-1.2297,51.44848],[-1.23,51.4482],[-1.23154,51.44874],[-1.23216,51.44848],[-1.23218,51.4479],[-1.23528,51.44772],[-1.23549,51.45006],[-1.23665,51.45123],[-1.2383,51.45043],[-1.24481,51.44974],[-1.24614,51.4488],[-1.24486,51.4473],[-1.24544,51.44549],[-1.24681,51.44473],[-1.24709,51.44218],[-1.24895,51.44153],[-1.25026,51.44142],[-1.25058,51.44184],[-1.25285,51.44147],[-1.25312,51.44017],[-1.25275,51.43862],[-1.25356,51.4384],[-1.25418,51.43774],[-1.25802,51.43556],[-1.25986,51.43529],[-1.26346,51.43587],[-1.26551,51.4346],[-1.26782,51.43528],[-1.26814,51.43501],[-1.27059,51.4368],[-1.27012,51.43795],[-1.27097,51.43985],[-1.27439,51.4445],[-1.27746,51.44607],[-1.27854,51.44835],[-1.27903,51.44891],[-1.28072,51.44923],[-1.28053,51.44973],[-1.2785,51.45181],[-1.27956,51.45239],[-1.27854,51.4539],[-1.27792,51.45364],[-1.27713,51.45436],[-1.2788,51.45749],[-1.27445,51.45999],[-1.27456,51.46041],[-1.2739,51.46113],[-1.27298,51.46105],[-1.27242,51.45957],[-1.27058,51.45932],[-1.27033,51.4602],[-1.269,51.46062],[-1.26908,51.46133],[-1.26752,51.46379],[-1.26572,51.46565],[-1.25515,51.46392],[-1.24388,51.4631],[-1.23239,51.46304],[-1.22562,51.46343],[-1.22586,51.46561],[-1.21698,51.46632]]]}},{"type":"Feature","properties":{"id":"E01016264","name":"E01016264","parent":"E06000037","type":"LSOA","pop":1756,"r":18,"ff":8,"ffd":455.6,"ffs":0.4444,"g":0,"co":3,"mo":3,"sa":3,"ic":3},"geometry":{"type":"Polygon","coordinates":[[[-1.12709,51.47425],[-1.12755,51.47031],[-1.12743,51.46728],[-1.1264,51.46403],[-1.12719,51.46173],[-1.12682,51.46096],[-1.12359,51.46012],[-1.1231,51.46043],[-1.12118,51.45962],[-1.11382,51.46019],[-1.10479,51.45999],[-1.09845,51.45918],[-1.10023,51.45846],[-1.10138,51.45892],[-1.10192,51.45884],[-1.10318,51.4574],[-1.10437,51.45694],[-1.10389,51.45637],[-1.10504,51.45566],[-1.10534,51.45441],[-1.10845,51.45162],[-1.11376,51.4487],[-1.11738,51.44403],[-1.12165,51.43912],[-1.12571,51.43643],[-1.12696,51.4347],[-1.12887,51.43333],[-1.13422,51.43343],[-1.13968,51.43404],[-1.14205,51.43521],[-1.14529,51.43512],[-1.14731,51.43564],[-1.14804,51.43443],[-1.15007,51.43276],[-1.15186,51.43183],[-1.15162,51.43162],[-1.15537,51.43123],[-1.15474,51.42793],[-1.15699,51.4272],[-1.16051,51.42958],[-1.16517,51.43125],[-1.16771,51.43252],[-1.16847,51.43442],[-1.16953,51.43421],[-1.17028,51.43444],[-1.17186,51.43359],[-1.1724,51.43381],[-1.17484,51.43353],[-1.17493,51.43231],[-1.1767,51.43092],[-1.17727,51.43134],[-1.17701,51.43222],[-1.18016,51.4316],[-1.18132,51.43171],[-1.18302,51.43302],[-1.18267,51.43363],[-1.18344,51.43455],[-1.18186,51.4366],[-1.18253,51.43737],[-1.18359,51.43725],[-1.18521,51.43741],[-1.18603,51.43786],[-1.18725,51.4377],[-1.18854,51.43791],[-1.18911,51.43746],[-1.19334,51.43737],[-1.19393,51.43647],[-1.19556,51.43631],[-1.19733,51.43999],[-1.19836,51.44003],[-1.2,51.4421],[-1.19926,51.44228],[-1.19922,51.44304],[-1.19575,51.44459],[-1.19418,51.44509],[-1.19149,51.44493],[-1.19197,51.44561],[-1.19125,51.44851],[-1.19261,51.45211],[-1.19131,51.4538],[-1.19425,51.45377],[-1.19556,51.45654],[-1.19759,51.45746],[-1.19676,51.45854],[-1.19081,51.45875],[-1.17737,51.4604],[-1.17147,51.46054],[-1.17136,51.46265],[-1.17287,51.46225],[-1.17291,51.46397],[-1.17208,51.46474],[-1.17273,51.46563],[-1.16958,51.46735],[-1.16619,51.46725],[-1.16096,51.46812],[-1.15616,51.4683],[-1.15473,51.46865],[-1.15417,51.46903],[-1.15627,51.47148],[-1.15523,51.47145],[-1.1533,51.47208],[-1.14614,51.47305],[-1.13719,51.47289],[-1.12709,51.47425]]]}},{"type":"Feature","properties":{"id":"E01016265","name":"E01016265","parent":"E06000037","type":"LSOA","pop":1567,"r":72,"ff":22,"ffd":1404.0,"ffs":0.44,"g":22,"co":2,"mo":2,"sa":0,"ic":3},"geometry":{"type":"Polygon","coordinates":[[[-1.19556,51.45654],[-1.19425,51.45377],[-1.19131,51.4538],[-1.19261,51.45211],[-1.19125,51.44851],[-1.19197,51.44561],[-1.19149,51.44493],[-1.19418,51.44509],[-1.19575,51.44459],[-1.19922,51.44304],[-1.19926,51.44228],[-1.2,51.4421],[-1.19836,51.44003],[-1.19733,51.43999],[-1.19556,51.43631],[-1.19393,51.43647],[-1.19334,51.43737],[-1.18911,51.43746],[-1.18854,51.43791],[-1.18725,51.4377],[-1.18603,51.43786],[-1.18521,51.43741],[-1.18359,51.43725],[-1.18253,51.43737],[-1.18186,51.4366],[-1.18344,51.43455],[-1.18267,51.43363],[-1.18312,51.43319],[-1.1828,51.42929],[-1.18367,51.42831],[-1.18424,51.42629],[-1.1848,51.42694],[-1.18619,51.42735],[-1.18626,51.4267],[-1.18728,51.42589],[-1.19008,51.42571],[-1.18927,51.4243],[-1.18912,51.42261],[-1.19006,51.42218],[-1.19364,51.42474],[-1.19696,51.42408],[-1.19717,51.4232],[-1.20016,51.42217],[-1.20242,51.42283],[-1.20274,51.41954],[-1.20183,51.41805],[-1.20869,51.41615],[-1.20703,51.41535],[-1.20803,51.41406],[-1.20825,51.4123],[-1.20782,51.41071],[-1.21191,51.41143],[-1.21336,51.41119],[-1.21604,51.4113],[-1.2203,51.41056],[-1.22546,51.41032],[-1.2283,51.41103],[-1.23023,51.41216],[-1.23241,51.41207],[-1.23317,51.41331],[-1.23608,51.41542],[-1.23513,51.41655],[-1.23529,51.41794],[-1.24013,51.42021],[-1.2433,51.42237],[-1.24681,51.42332],[-1.24959,51.42241],[-1.25145,51.42443],[-1.25327,51.42518],[-1.25426,51.42604],[-1.25444,51.42651],[-1.2531,51.42707],[-1.2538,51.4274],[-1.25533,51.42735],[-1.25949,51.43156],[-1.261,51.43228],[-1.2609,51.43323],[-1.26,51.43391],[-1.25975,51.4348],[-1.25784,51.43534],[-1.25802,51.43556],[-1.25418,51.43774],[-1.25356,51.4384],[-1.25275,51.43862],[-1.25312,51.44017],[-1.25285,51.44147],[-1.25058,51.44184],[-1.25026,51.44142],[-1.24895,51.44153],[-1.24709,51.44218],[-1.24681,51.44473],[-1.24544,51.44549],[-1.24486,51.4473],[-1.24614,51.4488],[-1.24481,51.44974],[-1.2383,51.45043],[-1.23665,51.45123],[-1.23549,51.45006],[-1.23528,51.44772],[-1.23218,51.4479],[-1.23216,51.44848],[-1.23154,51.44874],[-1.23,51.4482],[-1.2297,51.44848],[-1.22594,51.44877],[-1.22481,51.44849],[-1.22241,51.44692],[-1.22146,51.44762],[-1.22007,51.44764],[-1.21989,51.44848],[-1.21857,51.44835],[-1.21523,51.44916],[-1.21375,51.4488],[-1.21173,51.44928],[-1.20902,51.45083],[-1.20703,51.45072],[-1.20729,51.45198],[-1.20662,51.45277],[-1.19556,51.45654]]]}},{"type":"Feature","properties":{"id":"E01016266","name":"E01016266","parent":"E06000037","type":"LSOA","pop":1385,"r":19,"ff":11,"ffd":794.2,"ffs":0.5789,"g":0,"co":3,"mo":3,"sa":3,"ic":3},"geometry":{"type":"Polygon","coordinates":[[[-1.14731,51.43564],[-1.14529,51.43512],[-1.14205,51.43521],[-1.13968,51.43404],[-1.13422,51.43343],[-1.12887,51.43333],[-1.13165,51.43141],[-1.14359,51.42731],[-1.14693,51.42643],[-1.1491,51.42533],[-1.15127,51.42514],[-1.15152,51.42456],[-1.15341,51.42351],[-1.15531,51.42301],[-1.15785,51.42175],[-1.16124,51.42101],[-1.16561,51.42058],[-1.16603,51.42076],[-1.16731,51.42039],[-1.16884,51.41918],[-1.17063,51.41495],[-1.17317,51.41327],[-1.1747,51.41332],[-1.17694,51.41283],[-1.18068,51.41298],[-1.18532,51.41269],[-1.19019,51.41173],[-1.19062,51.41142],[-1.19025,51.41059],[-1.18861,51.40957],[-1.19123,51.40881],[-1.19575,51.40842],[-1.20045,51.4085],[-1.20563,51.41048],[-1.20782,51.41071],[-1.20825,51.4123],[-1.20803,51.41406],[-1.20703,51.41535],[-1.20869,51.41615],[-1.20183,51.41805],[-1.20274,51.41954],[-1.20242,51.42283],[-1.20016,51.42217],[-1.19717,51.4232],[-1.19696,51.42408],[-1.19364,51.42474],[-1.19006,51.42218],[-1.18912,51.42261],[-1.18927,51.4243],[-1.19008,51.42571],[-1.18728,51.42589],[-1.18626,51.4267],[-1.18619,51.42735],[-1.1848,51.42694],[-1.18424,51.42629],[-1.18367,51.42831],[-1.1828,51.42929],[-1.18312,51.43319],[-1.18267,51.43363],[-1.18302,51.43302],[-1.18132,51.43171],[-1.18016,51.4316],[-1.17701,51.43222],[-1.17727,51.43134],[-1.1767,51.43092],[-1.17493,51.43231],[-1.17484,51.43353],[-1.1724,51.43381],[-1.17186,51.43359],[-1.17028,51.43444],[-1.16953,51.43421],[-1.16847,51.43442],[-1.16771,51.43252],[-1.16517,51.43125],[-1.16051,51.42958],[-1.15699,51.4272],[-1.15474,51.42793],[-1.15537,51.43123],[-1.15162,51.43162],[-1.15186,51.43183],[-1.15007,51.43276],[-1.14804,51.43443],[-1.14731,51.43564]]]}},{"type":"Feature","properties":{"id":"E01016267","name":"E01016267","parent":"E06000037","type":"LSOA","pop":1506,"r":27,"ff":14,"ffd":929.6,"ffs":0.5185,"g":0,"co":1,"mo":3,"sa":3,"ic":1},"geometry":{"type":"Polygon","coordinates":[[[-1.05367,51.40108],[-1.05322,51.40068],[-1.05494,51.39973],[-1.05511,51.4002],[-1.05564,51.40018],[-1.05603,51.39975],[-1.05546,51.39947],[-1.05702,51.39878],[-1.05669,51.39826],[-1.05724,51.39735],[-1.05696,51.39676],[-1.05539,51.39635],[-1.05258,51.39638],[-1.05283,51.39524],[-1.05373,51.39536],[-1.05945,51.39476],[-1.06081,51.39411],[-1.06299,51.39368],[-1.06599,51.39262],[-1.06715,51.39282],[-1.06745,51.39263],[-1.07079,51.39639],[-1.07114,51.4011],[-1.06962,51.40152],[-1.06944,51.40119],[-1.07033,51.39997],[-1.06965,51.39978],[-1.06953,51.39915],[-1.06993,51.39899],[-1.0688,51.39826],[-1.06928,51.39727],[-1.06768,51.39579],[-1.06675,51.39576],[-1.06571,51.39682],[-1.06498,51.39675],[-1.06339,51.39757],[-1.06159,51.39745],[-1.06198,51.39705],[-1.06135,51.39678],[-1.06035,51.39725],[-1.06063,51.39764],[-1.05949,51.39765],[-1.0597,51.39798],[-1.05786,51.39896],[-1.05771,51.39941],[-1.05799,51.39966],[-1.0584,51.39946],[-1.05883,51.39988],[-1.0584,51.40003],[-1.059,51.40039],[-1.0584,51.40155],[-1.05815,51.40125],[-1.05715,51.40152],[-1.05697,51.40087],[-1.05754,51.40076],[-1.05649,51.40051],[-1.05564,51.40077],[-1.05549,51.40116],[-1.05496,51.40095],[-1.05431,51.40123],[-1.05402,51.40242],[-1.05316,51.40185],[-1.05367,51.40108]]]}},{"type":"Feature","properties":{"id":"E01016268","name":"E01016268","parent":"E06000037","type":"LSOA","pop":1735,"r":29,"ff":14,"ffd":806.9,"ffs":0.4828,"g":0,"co":1,"mo":3,"sa":1,"ic":1},"geometry":{"type":"Polygon","coordinates":[[[-1.06264,51.40391],[-1.06206,51.40288],[-1.06141,51.40304],[-1.06043,51.40247],[-1.06122,51.40212],[-1.05974,51.40123],[-1.06166,51.40026],[-1.06079,51.3998],[-1.06157,51.39887],[-1.06338,51.3986],[-1.06237,51.39758],[-1.06339,51.39757],[-1.06498,51.39675],[-1.06571,51.39682],[-1.06675,51.39576],[-1.06768,51.39579],[-1.06928,51.39727],[-1.0688,51.39826],[-1.06993,51.39899],[-1.06953,51.39915],[-1.06965,51.39978],[-1.07033,51.39997],[-1.06944,51.40119],[-1.06962,51.40152],[-1.06264,51.40391]]]}},{"type":"Feature","properties":{"id":"E01016269","name":"E01016269","parent":"E06000037","type":"LSOA","pop":1431,"r":29,"ff":15,"ffd":1048.2,"ffs":0.5172,"g":0,"co":1,"mo":3,"sa":1,"ic":1},"geometry":{"type":"Polygon","coordinates":[[[-1.02181,51.4367],[-1.02174,51.43573],[-1.01946,51.43581],[-1.01581,51.43535],[-1.01352,51.43553],[-1.01306,51.43458],[-1.01192,51.43465],[-1.01145,51.4343],[-1.01031,51.43461],[-1.00971,51.4342],[-1.0081,51.43509],[-1.00786,51.43443],[-1.00848,51.43407],[-1.00782,51.4338],[-1.00696,51.43408],[-1.00709,51.43443],[-1.00641,51.4339],[-1.00372,51.4339],[-1.00382,51.43262],[-1.002,51.43158],[-1.00072,51.42979],[-1.00115,51.42638],[-1.00277,51.42607],[-0.99955,51.4249],[-1.00031,51.42243],[-0.99924,51.42253],[-0.9992,51.42193],[-0.99996,51.42018],[-0.99802,51.41946],[-0.99824,51.4175],[-0.99788,51.41703],[-1.00024,51.41578],[-1.0014,51.41433],[-1.0002,51.41429],[-0.99977,51.41275],[-1.0016,51.41204],[-1.00537,51.4116],[-1.01203,51.4101],[-1.01364,51.41105],[-1.01874,51.41174],[-1.0222,51.41131],[-1.02512,51.41206],[-1.02491,51.40785],[-1.02411,51.40768],[-1.02227,51.40619],[-1.0242,51.40556],[-1.02563,51.40575],[-1.02893,51.40508],[-1.02914,51.40412],[-1.02999,51.40379],[-1.02986,51.40343],[-1.03071,51.40341],[-1.03134,51.40266],[-1.03078,51.40169],[-1.03163,51.39946],[-1.03514,51.39892],[-1.03547,51.39799],[-1.03749,51.3968],[-1.04053,51.39583],[-1.0433,51.39525],[-1.04336,51.39549],[-1.04609,51.39528],[-1.04733,51.39542],[-1.04969,51.39466],[-1.04999,51.395],[-1.05084,51.39484],[-1.05283,51.39524],[-1.05258,51.39638],[-1.05539,51.39635],[-1.05696,51.39676],[-1.05724,51.39735],[-1.05669,51.39826],[-1.05702,51.39878],[-1.05546,51.39947],[-1.05603,51.39975],[-1.05564,51.40018],[-1.05511,51.4002],[-1.05494,51.39973],[-1.05053,51.40246],[-1.05018,51.40193],[-1.0475,51.40085],[-1.04557,51.40154],[-1.04669,51.40289],[-1.04796,51.40327],[-1.04813,51.40388],[-1.04555,51.40542],[-1.04902,51.40654],[-1.04918,51.40698],[-1.04792,51.40769],[-1.04343,51.40763],[-1.04411,51.4101],[-1.04686,51.41059],[-1.04596,51.41113],[-1.04607,51.41167],[-1.04949,51.41113],[-1.05635,51.41044],[-1.05766,51.40998],[-1.06143,51.40976],[-1.06364,51.41294],[-1.06661,51.41436],[-1.06557,51.41542],[-1.06678,51.41613],[-1.069,51.41992],[-1.06898,51.4241],[-1.07348,51.423],[-1.07628,51.42293],[-1.07832,51.42359],[-1.0748,51.4258],[-1.07489,51.42603],[-1.0714,51.42859],[-1.06959,51.43063],[-1.06448,51.43178],[-1.05958,51.4317],[-1.05575,51.43231],[-1.05364,51.43381],[-1.05681,51.43534],[-1.04161,51.43636],[-1.02181,51.4367]]]}},{"type":"Feature","properties":{"id":"E01016270","name":"E01016270","parent":"E06000037","type":"LSOA","pop":1492,"r":30,"ff":15,"ffd":1005.4,"ffs":0.5,"g":0,"co":1,"mo":3,"sa":1,"ic":1},"geometry":{"type":"Polygon","coordinates":[[[-1.04411,51.4101],[-1.04343,51.40763],[-1.04792,51.40769],[-1.04918,51.40698],[-1.04902,51.40654],[-1.04555,51.40542],[-1.04813,51.40388],[-1.04796,51.40327],[-1.04669,51.40289],[-1.04557,51.40154],[-1.0475,51.40085],[-1.05018,51.40193],[-1.05053,51.40246],[-1.05322,51.40068],[-1.05367,51.40108],[-1.05316,51.40185],[-1.05402,51.40242],[-1.05431,51.40123],[-1.05496,51.40095],[-1.05549,51.40116],[-1.05564,51.40077],[-1.05649,51.40051],[-1.05754,51.40076],[-1.05697,51.40087],[-1.05715,51.40152],[-1.05815,51.40125],[-1.0584,51.40155],[-1.059,51.40039],[-1.0584,51.40003],[-1.05883,51.39988],[-1.0584,51.39946],[-1.05799,51.39966],[-1.05771,51.39941],[-1.05786,51.39896],[-1.0597,51.39798],[-1.05949,51.39765],[-1.06063,51.39764],[-1.06035,51.39725],[-1.06135,51.39678],[-1.06198,51.39705],[-1.06159,51.39745],[-1.06237,51.39758],[-1.06338,51.3986],[-1.06157,51.39887],[-1.06079,51.3998],[-1.06166,51.40026],[-1.05974,51.40123],[-1.06122,51.40212],[-1.06043,51.40247],[-1.06141,51.40304],[-1.06206,51.40288],[-1.06264,51.40391],[-1.06159,51.40425],[-1.06069,51.40506],[-1.06011,51.40585],[-1.06027,51.40795],[-1.05831,51.40904],[-1.05766,51.40998],[-1.05635,51.41044],[-1.04949,51.41113],[-1.04607,51.41167],[-1.04596,51.41113],[-1.04686,51.41059],[-1.04411,51.4101]]]}},{"type":"Feature","properties":{"id":"E01016271","name":"E01016271","parent":"E06000037","type":"LSOA","pop":1430,"r":297,"ff":106,"ffd":7412.6,"ffs":0.4398,"g":54,"co":0,"mo":0,"sa":0,"ic":0},"geometry":{"type":"Polygon","coordinates":[[[-1.02329,51.44385],[-1.02212,51.44093],[-1.02174,51.43829],[-1.02181,51.4367],[-1.027,51.43651],[-1.02672,51.43745],[-1.02702,51.438],[-1.02648,51.43829],[-1.0271,51.4394],[-1.02612,51.43956],[-1.02554,51.43887],[-1.0252,51.43971],[-1.02447,51.43935],[-1.02409,51.43952],[-1.02422,51.44013],[-1.02447,51.44037],[-1.02559,51.44039],[-1.02598,51.441],[-1.02484,51.44201],[-1.02587,51.44214],[-1.02618,51.44158],[-1.02718,51.44159],[-1.02783,51.44218],[-1.02659,51.44265],[-1.02672,51.44301],[-1.02898,51.4425],[-1.02857,51.44363],[-1.02723,51.44395],[-1.02346,51.44432],[-1.02329,51.44385]]]}},{"type":"Feature","properties":{"id":"E01016272","name":"E01016272","parent":"E06000037","type":"LSOA","pop":1542,"r":293,"ff":106,"ffd":6874.2,"ffs":0.4454,"g":53,"co":0,"mo":0,"sa":0,"ic":0},"geometry":{"type":"Polygon","coordinates":[[[-1.03297,51.4518],[-1.03062,51.44986],[-1.03023,51.4492],[-1.03011,51.44728],[-1.02672,51.44591],[-1.02597,51.44499],[-1.02655,51.44401],[-1.02857,51.44363],[-1.02898,51.4425],[-1.02672,51.44301],[-1.02659,51.44265],[-1.02783,51.44218],[-1.02718,51.44159],[-1.02779,51.44105],[-1.02752,51.44011],[-1.02874,51.43995],[-1.02876,51.43959],[-1.0282,51.43915],[-1.0277,51.43921],[-1.02723,51.43838],[-1.02823,51.43853],[-1.02827,51.43822],[-1.02883,51.43821],[-1.02976,51.43874],[-1.03073,51.43855],[-1.03078,51.43878],[-1.03243,51.43885],[-1.03293,51.43936],[-1.03317,51.44044],[-1.03267,51.44084],[-1.03323,51.44117],[-1.03274,51.44193],[-1.03194,51.44172],[-1.03194,51.44235],[-1.03269,51.44235],[-1.03273,51.44312],[-1.03684,51.44272],[-1.03683,51.44244],[-1.03836,51.44212],[-1.03961,51.44063],[-1.04135,51.44036],[-1.04272,51.44042],[-1.04299,51.44081],[-1.04144,51.44099],[-1.04112,51.44185],[-1.04504,51.44198],[-1.04459,51.44296],[-1.04473,51.44499],[-1.04536,51.44578],[-1.04669,51.44653],[-1.04764,51.44794],[-1.04742,51.44884],[-1.04602,51.44841],[-1.04429,51.44855],[-1.04252,51.4495],[-1.0418,51.44936],[-1.04187,51.44964],[-1.03759,51.45082],[-1.03514,51.45053],[-1.03549,51.45147],[-1.03403,51.45115],[-1.03297,51.4518]]]}},{"type":"Feature","properties":{"id":"E01016273","name":"E01016273","parent":"E06000037","type":"LSOA","pop":1711,"r":258,"ff":92,"ffd":5377.0,"ffs":0.4466,"g":50,"co":0,"mo":2,"sa":0,"ic":0},"geometry":{"type":"Polygon","coordinates":[[[-1.05107,51.4455],[-1.04839,51.44464],[-1.04473,51.44499],[-1.04459,51.44296],[-1.04485,51.44243],[-1.04977,51.44093],[-1.0537,51.44096],[-1.05546,51.44073],[-1.05792,51.44105],[-1.05493,51.44399],[-1.05384,51.44406],[-1.05341,51.44495],[-1.05308,51.44492],[-1.05312,51.44548],[-1.05107,51.4455]]]}},{"type":"Feature","properties":{"id":"E01016274","name":"E01016274","parent":"E06000037","type":"LSOA","pop":1437,"r":280,"ff":100,"ffd":6958.9,"ffs":0.4425,"g":52,"co":0,"mo":0,"sa":0,"ic":0},"geometry":{"type":"Polygon","coordinates":[[[-1.03273,51.44312],[-1.03269,51.44235],[-1.03194,51.44235],[-1.03194,51.44172],[-1.03274,51.44193],[-1.03323,51.44117],[-1.03267,51.44084],[-1.03317,51.44044],[-1.03293,51.43936],[-1.03243,51.43885],[-1.03078,51.43878],[-1.03073,51.43855],[-1.02976,51.43874],[-1.02883,51.43821],[-1.02827,51.43822],[-1.02823,51.43853],[-1.02723,51.43838],[-1.0277,51.43921],[-1.0282,51.43915],[-1.02876,51.43959],[-1.02874,51.43995],[-1.02752,51.44011],[-1.02779,51.44105],[-1.02728,51.44157],[-1.02618,51.44158],[-1.02587,51.44214],[-1.02484,51.44201],[-1.02598,51.441],[-1.02559,51.44039],[-1.02447,51.44037],[-1.02422,51.44013],[-1.02409,51.43952],[-1.02447,51.43935],[-1.0252,51.43971],[-1.02554,51.43887],[-1.02612,51.43956],[-1.0271,51.4394],[-1.02648,51.43829],[-1.02702,51.438],[-1.02672,51.43745],[-1.027,51.43651],[-1.04161,51.43636],[-1.03864,51.43836],[-1.03731,51.43864],[-1.03786,51.43915],[-1.03751,51.43996],[-1.03809,51.44068],[-1.03769,51.44126],[-1.03883,51.44152],[-1.03836,51.44212],[-1.03683,51.44244],[-1.03684,51.44272],[-1.03273,51.44312]]]}},{"type":"Feature","properties":{"id":"E01016275","name":"E01016275","parent":"E06000037","type":"LSOA","pop":1443,"r":266,"ff":94,"ffd":6514.2,"ffs":0.4393,"g":50,"co":0,"mo":0,"sa":0,"ic":0},"geometry":{"type":"Polygon","coordinates":[[[-1.04504,51.44198],[-1.04112,51.44185],[-1.04144,51.44099],[-1.04299,51.44081],[-1.04272,51.44042],[-1.04135,51.44036],[-1.03961,51.44063],[-1.03883,51.44152],[-1.03769,51.44126],[-1.03809,51.44068],[-1.03751,51.43996],[-1.03786,51.43915],[-1.03731,51.43864],[-1.03864,51.43836],[-1.04161,51.43636],[-1.0452,51.43622],[-1.04554,51.43896],[-1.04456,51.43898],[-1.04423,51.44009],[-1.04464,51.44069],[-1.04539,51.44088],[-1.04595,51.44041],[-1.04661,51.44072],[-1.04857,51.44019],[-1.04819,51.4394],[-1.04852,51.43911],[-1.04903,51.43917],[-1.04884,51.43863],[-1.05039,51.43832],[-1.05025,51.43965],[-1.05206,51.43964],[-1.05257,51.44022],[-1.05262,51.43982],[-1.05343,51.43985],[-1.05308,51.44095],[-1.04977,51.44093],[-1.04487,51.44243],[-1.04504,51.44198]]]}},{"type":"Feature","properties":{"id":"E01016276","name":"E01016276","parent":"E06000037","type":"LSOA","pop":1952,"r":253,"ff":90,"ffd":4610.7,"ffs":0.4478,"g":50,"co":0,"mo":0,"sa":0,"ic":0},"geometry":{"type":"Polygon","coordinates":[[[-1.05792,51.44105],[-1.05546,51.44073],[-1.05308,51.44095],[-1.05343,51.43985],[-1.05262,51.43982],[-1.05257,51.44022],[-1.05206,51.43964],[-1.05025,51.43965],[-1.05039,51.43832],[-1.04884,51.43863],[-1.04903,51.43917],[-1.04852,51.43911],[-1.04819,51.4394],[-1.04857,51.44019],[-1.04661,51.44072],[-1.04595,51.44041],[-1.04539,51.44088],[-1.04464,51.44069],[-1.04423,51.44009],[-1.04456,51.43898],[-1.04554,51.43896],[-1.0452,51.43622],[-1.05681,51.43534],[-1.06459,51.43854],[-1.06765,51.44031],[-1.06238,51.44062],[-1.06076,51.44102],[-1.05792,51.44105]]]}},{"type":"Feature","properties":{"id":"E01016277","name":"E01016277","parent":"E06000037","type":"LSOA","pop":1542,"r":69,"ff":19,"ffd":1232.2,"ffs":0.413,"g":23,"co":2,"mo":2,"sa":2,"ic":3},"geometry":{"type":"Polygon","coordinates":[[[-1.3278,51.48552],[-1.31895,51.48278],[-1.31118,51.48316],[-1.31036,51.48509],[-1.3084,51.48413],[-1.30413,51.48122],[-1.30384,51.48178],[-1.30158,51.48105],[-1.29918,51.48081],[-1.29531,51.47898],[-1.29221,51.47641],[-1.28971,51.47671],[-1.28964,51.47489],[-1.29167,51.47452],[-1.29301,51.47385],[-1.29184,51.47286],[-1.28759,51.47344],[-1.28769,51.47391],[-1.28877,51.47425],[-1.28897,51.47489],[-1.27907,51.47564],[-1.27724,51.4771],[-1.26945,51.47198],[-1.26873,51.47186],[-1.26874,51.47153],[-1.26542,51.47128],[-1.26561,51.47081],[-1.26527,51.47076],[-1.26304,51.47076],[-1.26278,51.46984],[-1.26312,51.46852],[-1.26607,51.4653],[-1.27052,51.46528],[-1.27482,51.46478],[-1.28165,51.46251],[-1.28621,51.45994],[-1.28981,51.45837],[-1.29001,51.45776],[-1.29161,51.45701],[-1.28942,51.45641],[-1.28617,51.45643],[-1.28736,51.45443],[-1.28537,51.45365],[-1.28295,51.45315],[-1.28288,51.45275],[-1.28474,51.45248],[-1.28688,51.4515],[-1.28819,51.44993],[-1.28874,51.44897],[-1.29232,51.44849],[-1.29427,51.44907],[-1.29667,51.45088],[-1.2968,51.45168],[-1.29796,51.45249],[-1.29785,51.45382],[-1.30094,51.45391],[-1.30145,51.45317],[-1.30105,51.45291],[-1.30359,51.44881],[-1.30565,51.44784],[-1.30903,51.44914],[-1.31049,51.44783],[-1.31187,51.44858],[-1.31297,51.44818],[-1.31478,51.44641],[-1.31247,51.44364],[-1.31004,51.44426],[-1.30334,51.44288],[-1.302,51.44195],[-1.30221,51.44009],[-1.30072,51.43859],[-1.30528,51.43509],[-1.3127,51.43618],[-1.31411,51.43368],[-1.31495,51.43411],[-1.31913,51.43364],[-1.32132,51.43311],[-1.32267,51.43241],[-1.3242,51.43218],[-1.33334,51.43171],[-1.3343,51.43538],[-1.33524,51.44101],[-1.33402,51.44124],[-1.33412,51.44466],[-1.33105,51.44666],[-1.33263,51.44747],[-1.3314,51.4489],[-1.33221,51.45126],[-1.33696,51.45324],[-1.33851,51.45475],[-1.33936,51.45602],[-1.3359,51.45755],[-1.33434,51.46033],[-1.33548,51.46496],[-1.33423,51.46485],[-1.3339,51.4662],[-1.33534,51.46641],[-1.33537,51.46663],[-1.33433,51.46992],[-1.33791,51.46967],[-1.33972,51.47031],[-1.34138,51.47162],[-1.34001,51.47262],[-1.33794,51.47676],[-1.33185,51.47586],[-1.33102,51.47685],[-1.32806,51.47896],[-1.32699,51.48104],[-1.32637,51.48343],[-1.32773,51.48483],[-1.3278,51.48552]]]}},{"type":"Feature","properties":{"id":"E01016279","name":"E01016279","parent":"E06000037","type":"LSOA","pop":2473,"r":88,"ff":29,"ffd":1172.7,"ffs":0.4462,"g":23,"co":0,"mo":2,"sa":0,"ic":3},"geometry":{"type":"Polygon","coordinates":[[[-1.31061,51.40962],[-1.30729,51.40777],[-1.30688,51.40892],[-1.3057,51.40863],[-1.30385,51.40864],[-1.3038,51.40826],[-1.30199,51.40737],[-1.3001,51.40693],[-1.30007,51.40602],[-1.30094,51.40544],[-1.3025,51.40543],[-1.30408,51.40504],[-1.30451,51.4044],[-1.30415,51.40374],[-1.30595,51.40356],[-1.30905,51.40417],[-1.31412,51.40565],[-1.31267,51.4072],[-1.31235,51.40858],[-1.31265,51.40923],[-1.31224,51.40935],[-1.31218,51.40902],[-1.31161,51.40903],[-1.31201,51.40941],[-1.31091,51.40944],[-1.31061,51.40962]]]}},{"type":"Feature","properties":{"id":"E01016280","name":"E01016280","parent":"E06000037","type":"LSOA","pop":1870,"r":88,"ff":29,"ffd":1550.8,"ffs":0.4462,"g":23,"co":0,"mo":2,"sa":0,"ic":3},"geometry":{"type":"Polygon","coordinates":[[[-1.30024,51.40946],[-1.29949,51.40916],[-1.29807,51.40916],[-1.29899,51.40867],[-1.29912,51.40818],[-1.29449,51.40742],[-1.29348,51.40788],[-1.28817,51.40725],[-1.28827,51.40492],[-1.29125,51.40447],[-1.29586,51.40438],[-1.29596,51.40171],[-1.29641,51.40093],[-1.30203,51.40225],[-1.30255,51.40347],[-1.3019,51.40361],[-1.30177,51.40401],[-1.30415,51.40374],[-1.30451,51.4044],[-1.30408,51.40504],[-1.3025,51.40543],[-1.30094,51.40544],[-1.30007,51.40602],[-1.3001,51.40693],[-1.30199,51.40737],[-1.3038,51.40826],[-1.30388,51.40896],[-1.30086,51.40877],[-1.30106,51.40928],[-1.30019,51.40969],[-1.30003,51.41037],[-1.29942,51.40999],[-1.30024,51.40946]]]}},{"type":"Feature","properties":{"id":"E01016281","name":"E01016281","parent":"E06000037","type":"LSOA","pop":1477,"r":88,"ff":29,"ffd":1963.4,"ffs":0.4462,"g":23,"co":0,"mo":2,"sa":0,"ic":3},"geometry":{"type":"Polygon","coordinates":[[[-1.30367,51.41307],[-1.30392,51.41162],[-1.30464,51.41179],[-1.3051,51.41093],[-1.30397,51.40939],[-1.30307,51.40933],[-1.30308,51.40898],[-1.30388,51.40896],[-1.30385,51.40864],[-1.3057,51.40863],[-1.30688,51.40892],[-1.30729,51.40777],[-1.31061,51.40962],[-1.31091,51.40944],[-1.31201,51.40941],[-1.31161,51.40903],[-1.31218,51.40902],[-1.31224,51.40935],[-1.31356,51.40929],[-1.31431,51.40952],[-1.31313,51.41124],[-1.31027,51.41456],[-1.30597,51.41366],[-1.30605,51.41341],[-1.30367,51.41307]]]}},{"type":"Feature","properties":{"id":"E01016282","name":"E01016282","parent":"E06000037","type":"LSOA","pop":1498,"r":88,"ff":29,"ffd":1935.9,"ffs":0.4462,"g":23,"co":0,"mo":2,"sa":0,"ic":3},"geometry":{"type":"Polygon","coordinates":[[[-1.29284,51.4121],[-1.29258,51.41108],[-1.29307,51.41074],[-1.29348,51.40788],[-1.29449,51.40742],[-1.29912,51.40818],[-1.29899,51.40867],[-1.29807,51.40916],[-1.29949,51.40916],[-1.30024,51.40946],[-1.29942,51.40999],[-1.30003,51.41037],[-1.30019,51.40969],[-1.30106,51.40928],[-1.30086,51.40877],[-1.30308,51.40898],[-1.30307,51.40933],[-1.30397,51.40939],[-1.3051,51.41093],[-1.30464,51.41179],[-1.30392,51.41162],[-1.30367,51.41307],[-1.29831,51.4125],[-1.29756,51.41185],[-1.29634,51.41212],[-1.29609,51.41399],[-1.29409,51.4138],[-1.29337,51.41311],[-1.29228,51.41284],[-1.29284,51.4121]]]}},{"type":"Feature","properties":{"id":"E01016284","name":"E01016284","parent":"E06000037","type":"LSOA","pop":1345,"r":84,"ff":26,"ffd":1933.1,"ffs":0.4262,"g":23,"co":0,"mo":2,"sa":0,"ic":3},"geometry":{"type":"Polygon","coordinates":[[[-1.25949,51.43156],[-1.25533,51.42735],[-1.2538,51.4274],[-1.2531,51.42707],[-1.25444,51.42651],[-1.25426,51.42604],[-1.25327,51.42518],[-1.25145,51.42443],[-1.24959,51.42241],[-1.25027,51.42169],[-1.25186,51.42092],[-1.25257,51.41953],[-1.25437,51.41867],[-1.25525,51.41748],[-1.25572,51.41516],[-1.25756,51.41414],[-1.25782,51.41363],[-1.25921,51.41339],[-1.25975,51.41242],[-1.26051,51.41203],[-1.26282,51.41206],[-1.26733,51.41071],[-1.26887,51.41096],[-1.27094,51.41257],[-1.27237,51.41309],[-1.27106,51.4132],[-1.27095,51.41351],[-1.26935,51.41383],[-1.26899,51.41598],[-1.26773,51.41587],[-1.2671,51.41878],[-1.2694,51.42085],[-1.26425,51.42114],[-1.26462,51.42215],[-1.26527,51.42242],[-1.26481,51.42304],[-1.26516,51.42339],[-1.26472,51.42354],[-1.26515,51.42398],[-1.2657,51.42425],[-1.26678,51.42418],[-1.26958,51.42359],[-1.26965,51.42556],[-1.26926,51.42608],[-1.26877,51.42738],[-1.26743,51.42755],[-1.26778,51.42798],[-1.26707,51.42843],[-1.26523,51.42825],[-1.26499,51.42846],[-1.26307,51.42837],[-1.26172,51.42885],[-1.26164,51.43109],[-1.25949,51.43156]]]}},{"type":"Feature","properties":{"id":"E01016285","name":"E01016285","parent":"E06000037","type":"LSOA","pop":1532,"r":4,"ff":3,"ffd":195.8,"ffs":0.75,"g":0,"co":1,"mo":3,"sa":3,"ic":3},"geometry":{"type":"Polygon","coordinates":[[[-1.18945,51.50395],[-1.18592,51.50283],[-1.18215,51.50353],[-1.17805,51.50281],[-1.17624,51.50203],[-1.17458,51.50072],[-1.17065,51.49965],[-1.16876,51.49853],[-1.16443,51.4979],[-1.16002,51.49678],[-1.15958,51.4959],[-1.15984,51.49493],[-1.16344,51.49098],[-1.16862,51.48902],[-1.16572,51.4881],[-1.16832,51.48695],[-1.16696,51.48576],[-1.16793,51.48537],[-1.16714,51.48369],[-1.16461,51.48226],[-1.16456,51.48125],[-1.16282,51.48078],[-1.15996,51.48079],[-1.15925,51.47903],[-1.16054,51.47737],[-1.1607,51.47639],[-1.15912,51.47483],[-1.15858,51.47487],[-1.15627,51.47148],[-1.15417,51.46903],[-1.15473,51.46865],[-1.15616,51.4683],[-1.16096,51.46812],[-1.16619,51.46725],[-1.16958,51.46735],[-1.17273,51.46563],[-1.17208,51.46474],[-1.17291,51.46397],[-1.17287,51.46225],[-1.17136,51.46265],[-1.17147,51.46054],[-1.17737,51.4604],[-1.19081,51.45875],[-1.19676,51.45854],[-1.19926,51.45876],[-1.19921,51.45947],[-1.19803,51.46018],[-1.19787,51.46077],[-1.19887,51.46099],[-1.20113,51.4627],[-1.2009,51.4631],[-1.20178,51.46318],[-1.20178,51.46371],[-1.20364,51.46399],[-1.20359,51.46453],[-1.20435,51.46548],[-1.20453,51.46527],[-1.20791,51.4659],[-1.20908,51.4653],[-1.20926,51.46616],[-1.21313,51.46556],[-1.21698,51.46632],[-1.22586,51.46561],[-1.22562,51.46343],[-1.23239,51.46304],[-1.24388,51.4631],[-1.25515,51.46392],[-1.26572,51.46565],[-1.26312,51.46852],[-1.26278,51.46984],[-1.26304,51.47076],[-1.26527,51.47076],[-1.26561,51.47081],[-1.26542,51.47128],[-1.26874,51.47153],[-1.26873,51.47186],[-1.26945,51.47198],[-1.27724,51.4771],[-1.27907,51.47564],[-1.28897,51.47489],[-1.28877,51.47425],[-1.28769,51.47391],[-1.28759,51.47344],[-1.29184,51.47286],[-1.29301,51.47385],[-1.29167,51.47452],[-1.28964,51.47489],[-1.28971,51.47671],[-1.29221,51.47641],[-1.29531,51.47898],[-1.29918,51.48081],[-1.30158,51.48105],[-1.29756,51.48512],[-1.2966,51.48657],[-1.29476,51.49352],[-1.29302,51.49799],[-1.29182,51.49837],[-1.28915,51.49773],[-1.286,51.49756],[-1.28489,51.4977],[-1.28453,51.49873],[-1.28334,51.49868],[-1.28232,51.49815],[-1.27733,51.49799],[-1.2767,51.49748],[-1.27608,51.49751],[-1.27547,51.50047],[-1.26955,51.49934],[-1.26689,51.50032],[-1.26404,51.49706],[-1.26356,51.49723],[-1.26388,51.49769],[-1.26165,51.49784],[-1.25824,51.49717],[-1.25572,51.49731],[-1.25547,51.49679],[-1.25039,51.49604],[-1.24696,51.49687],[-1.2463,51.49673],[-1.24191,51.49793],[-1.24183,51.49762],[-1.23375,51.49949],[-1.2331,51.49909],[-1.23148,51.4993],[-1.23128,51.49903],[-1.22896,51.49941],[-1.22707,51.49836],[-1.22592,51.49809],[-1.21796,51.49819],[-1.21693,51.49758],[-1.21669,51.49839],[-1.21504,51.4982],[-1.21267,51.50101],[-1.20995,51.50043],[-1.20728,51.49939],[-1.20729,51.49877],[-1.20596,51.49712],[-1.19608,51.49843],[-1.19283,51.49658],[-1.18996,51.49595],[-1.18911,51.4962],[-1.18735,51.49848],[-1.18871,51.50036],[-1.18853,51.50158],[-1.18945,51.50395]]]}},{"type":"Feature","properties":{"id":"E01016286","name":"E01016286","parent":"E06000037","type":"LSOA","pop":1813,"r":4,"ff":3,"ffd":165.5,"ffs":0.75,"g":0,"co":3,"mo":3,"sa":3,"ic":3},"geometry":{"type":"Polygon","coordinates":[[[-1.26066,51.53779],[-1.25677,51.53703],[-1.24227,51.53785],[-1.23566,51.5368],[-1.23252,51.53586],[-1.22994,51.53461],[-1.23107,51.53266],[-1.23087,51.52785],[-1.23167,51.52454],[-1.22902,51.52436],[-1.22857,51.52321],[-1.22317,51.51921],[-1.22386,51.51885],[-1.22262,51.51801],[-1.22213,51.51825],[-1.22182,51.51796],[-1.2211,51.51696],[-1.22272,51.51628],[-1.22252,51.51471],[-1.22063,51.5128],[-1.22081,51.51138],[-1.217,51.51018],[-1.21865,51.5068],[-1.21837,51.50645],[-1.21891,51.5052],[-1.21511,51.50452],[-1.21904,51.50047],[-1.21788,51.49942],[-1.21796,51.49819],[-1.22592,51.49809],[-1.22707,51.49836],[-1.22896,51.49941],[-1.23128,51.49903],[-1.23148,51.4993],[-1.2331,51.49909],[-1.23375,51.49949],[-1.24183,51.49762],[-1.24191,51.49793],[-1.2463,51.49673],[-1.24696,51.49687],[-1.25039,51.49604],[-1.25547,51.49679],[-1.25572,51.49731],[-1.25824,51.49717],[-1.26165,51.49784],[-1.26388,51.49769],[-1.26356,51.49723],[-1.26404,51.49706],[-1.26689,51.50032],[-1.26955,51.49934],[-1.27547,51.50047],[-1.27608,51.49751],[-1.2767,51.49748],[-1.27733,51.49799],[-1.27741,51.49949],[-1.2763,51.50301],[-1.27864,51.50481],[-1.27998,51.50529],[-1.28232,51.50925],[-1.2809,51.51036],[-1.28065,51.51157],[-1.27784,51.51121],[-1.27603,51.51555],[-1.27699,51.51566],[-1.27737,51.51732],[-1.27694,51.51832],[-1.27129,51.522],[-1.26352,51.52866],[-1.26628,51.53218],[-1.26955,51.53548],[-1.26634,51.54118],[-1.26066,51.53779]]]}},{"type":"Feature","properties":{"id":"E01016287","name":"E01016287","parent":"E06000037","type":"LSOA","pop":1422,"r":0,"ff":0,"ffd":0.0,"ffs":null,"g":0,"co":3,"mo":3,"sa":3,"ic":3},"geometry":{"type":"Polygon","coordinates":[[[-1.31176,51.55723],[-1.31081,51.55695],[-1.30938,51.55718],[-1.30786,51.5568],[-1.30608,51.5569],[-1.30337,51.55659],[-1.302,51.55506],[-1.29802,51.55356],[-1.2945,51.54876],[-1.29432,51.54786],[-1.29525,51.54808],[-1.29646,51.54766],[-1.29541,51.54674],[-1.29461,51.54435],[-1.30083,51.53608],[-1.30147,51.5351],[-1.30096,51.53499],[-1.3013,51.53432],[-1.3036,51.53247],[-1.30534,51.52996],[-1.30771,51.52859],[-1.31057,51.52625],[-1.31277,51.52504],[-1.31632,51.52381],[-1.31812,51.52253],[-1.31916,51.52308],[-1.32954,51.52239],[-1.33392,51.5217],[-1.33402,51.5209],[-1.33293,51.51977],[-1.33699,51.5185],[-1.3376,51.51818],[-1.33714,51.51761],[-1.34267,51.51492],[-1.34234,51.51318],[-1.34616,51.5138],[-1.34892,51.513],[-1.35051,51.51196],[-1.35435,51.51156],[-1.35525,51.50958],[-1.35926,51.51158],[-1.3625,51.51238],[-1.3627,51.51072],[-1.36501,51.50493],[-1.36573,51.50195],[-1.36693,51.50005],[-1.36483,51.50013],[-1.36511,51.49933],[-1.36636,51.49824],[-1.36595,51.4964],[-1.36745,51.49624],[-1.36635,51.49223],[-1.36851,51.49195],[-1.36883,51.4928],[-1.36964,51.49344],[-1.37131,51.49344],[-1.37204,51.49531],[-1.3793,51.49558],[-1.38197,51.49521],[-1.38438,51.49434],[-1.38711,51.49432],[-1.38715,51.49286],[-1.38849,51.49146],[-1.38898,51.48967],[-1.39125,51.48738],[-1.39295,51.48453],[-1.39301,51.48271],[-1.39561,51.47734],[-1.40008,51.4723],[-1.40699,51.47596],[-1.41032,51.4765],[-1.41226,51.47787],[-1.41285,51.47783],[-1.41416,51.47851],[-1.41628,51.48055],[-1.42569,51.48347],[-1.42767,51.48477],[-1.42872,51.48659],[-1.43019,51.48752],[-1.43621,51.48908],[-1.43463,51.49132],[-1.43336,51.49503],[-1.42867,51.49878],[-1.42862,51.5],[-1.42717,51.50191],[-1.4268,51.50308],[-1.42742,51.50569],[-1.43293,51.50424],[-1.43477,51.5034],[-1.43566,51.50252],[-1.43963,51.50191],[-1.4432,51.50245],[-1.4505,51.50489],[-1.45126,51.50408],[-1.45558,51.50526],[-1.45551,51.50576],[-1.45711,51.50607],[-1.45734,51.50656],[-1.45645,51.50919],[-1.45434,51.511],[-1.45482,51.51455],[-1.45433,51.51765],[-1.45497,51.52096],[-1.45479,51.52158],[-1.45187,51.52111],[-1.44512,51.52593],[-1.44962,51.52882],[-1.45237,51.52772],[-1.45317,51.52828],[-1.45563,51.52733],[-1.45839,51.52786],[-1.45931,51.52928],[-1.46025,51.52893],[-1.46152,51.52979],[-1.46206,51.52964],[-1.46299,51.53019],[-1.4648,51.53479],[-1.46479,51.53795],[-1.46442,51.53852],[-1.46321,51.53721],[-1.46184,51.53648],[-1.45676,51.53546],[-1.45493,51.53538],[-1.44783,51.53643],[-1.43965,51.53957],[-1.43713,51.54001],[-1.43099,51.54258],[-1.42657,51.54557],[-1.42565,51.54201],[-1.42277,51.53576],[-1.41934,51.53772],[-1.41802,51.53898],[-1.41749,51.53882],[-1.41621,51.53965],[-1.41371,51.5421],[-1.40988,51.5447],[-1.4049,51.54721],[-1.40433,51.54631],[-1.40029,51.54477],[-1.39821,51.54342],[-1.39585,51.54035],[-1.39246,51.54042],[-1.3889,51.53989],[-1.38677,51.53994],[-1.38378,51.54043],[-1.38216,51.54119],[-1.37696,51.54578],[-1.37795,51.54969],[-1.37283,51.55058],[-1.36973,51.552],[-1.36732,51.55247],[-1.36551,51.55114],[-1.36318,51.55004],[-1.36117,51.54798],[-1.35896,51.54668],[-1.35787,51.54648],[-1.35569,51.54675],[-1.35036,51.54688],[-1.34654,51.54389],[-1.34399,51.54338],[-1.34125,51.54406],[-1.33795,51.54578],[-1.3383,51.54751],[-1.33807,51.54931],[-1.337,51.55089],[-1.33644,51.55283],[-1.33478,51.55487],[-1.33313,51.56038],[-1.3287,51.56369],[-1.3264,51.55961],[-1.32041,51.55894],[-1.31531,51.55727],[-1.31176,51.55723]]]}},{"type":"Feature","properties":{"id":"E01016288","name":"E01016288","parent":"E06000037","type":"LSOA","pop":1709,"r":1,"ff":0,"ffd":0.0,"ffs":0.0,"g":0,"co":3,"mo":3,"sa":3,"ic":3},"geometry":{"type":"Polygon","coordinates":[[[-1.29408,51.55384],[-1.2895,51.55231],[-1.28755,51.55285],[-1.28654,51.55157],[-1.28552,51.54833],[-1.28376,51.54862],[-1.28032,51.54676],[-1.2702,51.54462],[-1.26789,51.54217],[-1.26634,51.54118],[-1.26955,51.53548],[-1.26628,51.53218],[-1.26352,51.52866],[-1.27129,51.522],[-1.27694,51.51832],[-1.27737,51.51732],[-1.27699,51.51566],[-1.27603,51.51555],[-1.27784,51.51121],[-1.28065,51.51157],[-1.2809,51.51036],[-1.28232,51.50925],[-1.27998,51.50529],[-1.27864,51.50481],[-1.2763,51.50301],[-1.27741,51.49949],[-1.27733,51.49799],[-1.28232,51.49815],[-1.28334,51.49868],[-1.28453,51.49873],[-1.28489,51.4977],[-1.286,51.49756],[-1.28915,51.49773],[-1.29182,51.49837],[-1.29302,51.49799],[-1.29476,51.49352],[-1.2966,51.48657],[-1.29756,51.48512],[-1.30158,51.48105],[-1.30384,51.48178],[-1.30413,51.48122],[-1.3084,51.48413],[-1.31036,51.48509],[-1.31118,51.48316],[-1.31895,51.48278],[-1.3278,51.48552],[-1.32773,51.48483],[-1.32637,51.48343],[-1.32699,51.48104],[-1.32806,51.47896],[-1.33102,51.47685],[-1.33185,51.47586],[-1.33794,51.47676],[-1.34001,51.47262],[-1.34138,51.47162],[-1.3453,51.47242],[-1.34904,51.47246],[-1.34926,51.47305],[-1.35416,51.47163],[-1.35551,51.47205],[-1.35618,51.47275],[-1.3567,51.47276],[-1.35757,51.4737],[-1.3581,51.47527],[-1.35944,51.47633],[-1.36394,51.47625],[-1.36677,51.47599],[-1.37486,51.47439],[-1.3788,51.4717],[-1.38107,51.47066],[-1.38728,51.47389],[-1.38923,51.47601],[-1.39474,51.47906],[-1.39301,51.48271],[-1.39295,51.48453],[-1.39125,51.48738],[-1.38898,51.48967],[-1.38849,51.49146],[-1.38715,51.49286],[-1.38711,51.49432],[-1.38438,51.49434],[-1.38197,51.49521],[-1.3793,51.49558],[-1.37204,51.49531],[-1.37131,51.49344],[-1.36964,51.49344],[-1.36883,51.4928],[-1.36851,51.49195],[-1.36635,51.49223],[-1.36745,51.49624],[-1.36595,51.4964],[-1.36636,51.49824],[-1.36511,51.49933],[-1.36483,51.50013],[-1.36693,51.50005],[-1.36573,51.50195],[-1.36501,51.50493],[-1.3627,51.51072],[-1.3625,51.51238],[-1.35926,51.51158],[-1.35525,51.50958],[-1.35435,51.51156],[-1.35051,51.51196],[-1.34892,51.513],[-1.34616,51.5138],[-1.34234,51.51318],[-1.34267,51.51492],[-1.33714,51.51761],[-1.3376,51.51818],[-1.33699,51.5185],[-1.33293,51.51977],[-1.33402,51.5209],[-1.33392,51.5217],[-1.32954,51.52239],[-1.31916,51.52308],[-1.31812,51.52253],[-1.31632,51.52381],[-1.31277,51.52504],[-1.31057,51.52625],[-1.30771,51.52859],[-1.30534,51.52996],[-1.3036,51.53247],[-1.3013,51.53432],[-1.30096,51.53499],[-1.30147,51.5351],[-1.30083,51.53608],[-1.29461,51.54435],[-1.29541,51.54674],[-1.29646,51.54766],[-1.29525,51.54808],[-1.29432,51.54786],[-1.2945,51.54876],[-1.29802,51.55356],[-1.29745,51.55341],[-1.29714,51.55288],[-1.29408,51.55384]]]}},{"type":"Feature","properties":{"id":"E01016289","name":"E01016289","parent":"E06000037","type":"LSOA","pop":1430,"r":82,"ff":28,"ffd":1958.0,"ffs":0.4746,"g":23,"co":0,"mo":2,"sa":0,"ic":3},"geometry":{"type":"Polygon","coordinates":[[[-1.34489,51.37942],[-1.34346,51.37879],[-1.34361,51.37823],[-1.34314,51.37783],[-1.34121,51.37775],[-1.33931,51.37658],[-1.33646,51.37541],[-1.33479,51.37549],[-1.33423,51.37224],[-1.33502,51.3698],[-1.3342,51.36944],[-1.33653,51.36929],[-1.33676,51.36906],[-1.33732,51.36942],[-1.33839,51.36857],[-1.34081,51.36902],[-1.3412,51.36855],[-1.34293,51.36912],[-1.34393,51.36911],[-1.3454,51.36885],[-1.34583,51.36829],[-1.34712,51.36812],[-1.34875,51.36723],[-1.35045,51.36722],[-1.35183,51.36782],[-1.35288,51.36726],[-1.35229,51.37082],[-1.35213,51.37512],[-1.35174,51.37547],[-1.35111,51.37505],[-1.35079,51.37536],[-1.35111,51.37551],[-1.34946,51.3752],[-1.3494,51.37657],[-1.35005,51.37674],[-1.34995,51.37701],[-1.34953,51.37753],[-1.34824,51.37735],[-1.34748,51.37862],[-1.34833,51.37903],[-1.3492,51.37901],[-1.34919,51.37928],[-1.34821,51.37916],[-1.34741,51.38036],[-1.34625,51.37974],[-1.34489,51.37942]]]}},{"type":"Feature","properties":{"id":"E01016290","name":"E01016290","parent":"E06000037","type":"LSOA","pop":1550,"r":82,"ff":28,"ffd":1806.5,"ffs":0.4746,"g":23,"co":0,"mo":2,"sa":0,"ic":3},"geometry":{"type":"Polygon","coordinates":[[[-1.34689,51.38161],[-1.34474,51.38123],[-1.34343,51.38224],[-1.34277,51.38165],[-1.34129,51.38178],[-1.34007,51.38237],[-1.33857,51.3825],[-1.33944,51.37963],[-1.33766,51.37899],[-1.33673,51.37817],[-1.33479,51.37549],[-1.33646,51.37541],[-1.33931,51.37658],[-1.34121,51.37775],[-1.34314,51.37783],[-1.34361,51.37823],[-1.34346,51.37879],[-1.34489,51.37942],[-1.34625,51.37974],[-1.34741,51.38036],[-1.34821,51.37916],[-1.34919,51.37928],[-1.3492,51.37901],[-1.34833,51.37903],[-1.34748,51.37862],[-1.34824,51.37735],[-1.34953,51.37753],[-1.34995,51.37701],[-1.35005,51.37674],[-1.3494,51.37657],[-1.34946,51.3752],[-1.35111,51.37551],[-1.35079,51.37536],[-1.35111,51.37505],[-1.35174,51.37547],[-1.35213,51.37512],[-1.35314,51.37525],[-1.35178,51.37971],[-1.35074,51.38119],[-1.35073,51.38209],[-1.35116,51.38245],[-1.3477,51.38289],[-1.34687,51.38241],[-1.34718,51.38172],[-1.34689,51.38161]]]}},{"type":"Feature","properties":{"id":"E01016291","name":"E01016291","parent":"E06000037","type":"LSOA","pop":1954,"r":85,"ff":29,"ffd":1484.1,"ffs":0.4677,"g":23,"co":0,"mo":2,"sa":0,"ic":3},"geometry":{"type":"Polygon","coordinates":[[[-1.3386,51.3946],[-1.33824,51.39244],[-1.33312,51.39395],[-1.3305,51.39228],[-1.33553,51.38636],[-1.33651,51.38675],[-1.33722,51.38585],[-1.33806,51.38608],[-1.33959,51.38579],[-1.34117,51.38662],[-1.33922,51.38925],[-1.33956,51.38983],[-1.34039,51.39006],[-1.34009,51.39018],[-1.34042,51.39142],[-1.34097,51.39157],[-1.34181,51.39046],[-1.34376,51.39099],[-1.34385,51.39141],[-1.343,51.39152],[-1.34302,51.39669],[-1.33927,51.39678],[-1.3386,51.3946]]]}},{"type":"Feature","properties":{"id":"E01016292","name":"E01016292","parent":"E06000037","type":"LSOA","pop":1633,"r":83,"ff":28,"ffd":1714.6,"ffs":0.4667,"g":23,"co":0,"mo":2,"sa":0,"ic":3},"geometry":{"type":"Polygon","coordinates":[[[-1.34042,51.39142],[-1.34009,51.39018],[-1.34039,51.39006],[-1.33956,51.38983],[-1.33922,51.38925],[-1.34117,51.38662],[-1.33959,51.38579],[-1.33806,51.38608],[-1.33722,51.38585],[-1.33651,51.38675],[-1.33553,51.38636],[-1.33691,51.38475],[-1.34007,51.38237],[-1.34129,51.38178],[-1.34277,51.38165],[-1.34343,51.38224],[-1.34474,51.38123],[-1.34718,51.38172],[-1.34687,51.38241],[-1.3477,51.38289],[-1.34696,51.38307],[-1.34215,51.38797],[-1.34308,51.38865],[-1.34381,51.38875],[-1.34287,51.39077],[-1.34181,51.39046],[-1.34097,51.39157],[-1.34042,51.39142]]]}},{"type":"Feature","properties":{"id":"E01016294","name":"E01016294","parent":"E06000037","type":"LSOA","pop":1499,"r":87,"ff":29,"ffd":1934.6,"ffs":0.4531,"g":23,"co":0,"mo":2,"sa":0,"ic":3},"geometry":{"type":"Polygon","coordinates":[[[-1.3136,51.3947],[-1.31286,51.39411],[-1.31061,51.39389],[-1.31037,51.39307],[-1.30945,51.39275],[-1.30808,51.39163],[-1.30754,51.39159],[-1.30761,51.3912],[-1.30913,51.3903],[-1.30997,51.39143],[-1.3097,51.39165],[-1.31033,51.39163],[-1.3106,51.39143],[-1.30988,51.39067],[-1.31012,51.38997],[-1.31072,51.38976],[-1.31103,51.38901],[-1.30959,51.3878],[-1.30992,51.38755],[-1.31252,51.38876],[-1.31325,51.38954],[-1.3141,51.38928],[-1.31457,51.38993],[-1.31575,51.38962],[-1.31581,51.39003],[-1.31676,51.39049],[-1.31813,51.39046],[-1.31794,51.39124],[-1.31972,51.39137],[-1.31956,51.39436],[-1.31983,51.39532],[-1.31819,51.39467],[-1.31602,51.39473],[-1.31586,51.39537],[-1.31333,51.39513],[-1.3133,51.39472],[-1.3136,51.3947]]]}},{"type":"Feature","properties":{"id":"E01016295","name":"E01016295","parent":"E06000037","type":"LSOA","pop":1547,"r":87,"ff":29,"ffd":1874.6,"ffs":0.4531,"g":23,"co":0,"mo":2,"sa":0,"ic":3},"geometry":{"type":"Polygon","coordinates":[[[-1.31794,51.39124],[-1.31813,51.39046],[-1.31676,51.39049],[-1.31581,51.39003],[-1.31575,51.38962],[-1.31457,51.38993],[-1.3141,51.38928],[-1.31325,51.38954],[-1.31252,51.38876],[-1.30992,51.38755],[-1.3086,51.38639],[-1.31251,51.38522],[-1.31215,51.38368],[-1.31353,51.38371],[-1.31594,51.38417],[-1.32086,51.38453],[-1.32012,51.38682],[-1.31972,51.39137],[-1.31794,51.39124]]]}},{"type":"Feature","properties":{"id":"E01016296","name":"E01016296","parent":"E06000037","type":"LSOA","pop":1570,"r":1,"ff":1,"ffd":63.7,"ffs":1.0,"g":0,"co":3,"mo":3,"sa":3,"ic":3},"geometry":{"type":"Polygon","coordinates":[[[-1.51539,51.41532],[-1.51567,51.41444],[-1.51477,51.41447],[-1.51307,51.41407],[-1.51295,51.41439],[-1.51155,51.4147],[-1.51171,51.41394],[-1.51081,51.41343],[-1.51003,51.41351],[-1.50978,51.41308],[-1.51056,51.41274],[-1.51008,51.41208],[-1.51118,51.41103],[-1.51127,51.4103],[-1.5095,51.40923],[-1.51036,51.40902],[-1.51245,51.40753],[-1.51318,51.40756],[-1.51342,51.4083],[-1.5144,51.4079],[-1.51397,51.40952],[-1.51483,51.40992],[-1.51478,51.40932],[-1.51534,51.40914],[-1.51568,51.40982],[-1.51671,51.40988],[-1.51683,51.40959],[-1.5174,51.40938],[-1.51753,51.40958],[-1.51734,51.41066],[-1.51836,51.41047],[-1.51954,51.40981],[-1.51959,51.41077],[-1.52107,51.41154],[-1.52002,51.41195],[-1.52032,51.41266],[-1.51963,51.4129],[-1.51998,51.41369],[-1.52061,51.41371],[-1.51907,51.41437],[-1.51978,51.41474],[-1.5163,51.41506],[-1.51634,51.41539],[-1.51539,51.41532]]]}},{"type":"Feature","properties":{"id":"E01016297","name":"E01016297","parent":"E06000037","type":"LSOA","pop":1815,"r":1,"ff":1,"ffd":55.1,"ffs":1.0,"g":0,"co":3,"mo":3,"sa":3,"ic":3},"geometry":{"type":"Polygon","coordinates":[[[-1.49756,51.41223],[-1.49577,51.41206],[-1.49641,51.41276],[-1.49617,51.41299],[-1.4946,51.4124],[-1.49328,51.41241],[-1.4928,51.41203],[-1.4887,51.41246],[-1.48634,51.41198],[-1.48676,51.41198],[-1.48692,51.41164],[-1.48817,51.41165],[-1.48947,51.40888],[-1.48437,51.40812],[-1.48257,51.40733],[-1.48436,51.40447],[-1.48435,51.4018],[-1.48659,51.39944],[-1.48899,51.39885],[-1.49105,51.3995],[-1.49267,51.39719],[-1.49306,51.39756],[-1.49545,51.3982],[-1.49869,51.39841],[-1.50985,51.40079],[-1.51232,51.40082],[-1.51221,51.40206],[-1.51283,51.40143],[-1.51625,51.40248],[-1.51936,51.40269],[-1.5199,51.40156],[-1.52399,51.40232],[-1.52272,51.40748],[-1.52339,51.4078],[-1.52201,51.40888],[-1.52418,51.40897],[-1.52098,51.40964],[-1.52045,51.40931],[-1.51964,51.41002],[-1.51954,51.40981],[-1.51836,51.41047],[-1.51734,51.41066],[-1.51753,51.40958],[-1.5174,51.40938],[-1.51683,51.40959],[-1.51671,51.40988],[-1.51568,51.40982],[-1.51534,51.40914],[-1.51478,51.40932],[-1.51483,51.40992],[-1.51397,51.40952],[-1.5144,51.4079],[-1.51342,51.4083],[-1.51318,51.40756],[-1.51245,51.40753],[-1.51036,51.40902],[-1.5095,51.40923],[-1.51127,51.4103],[-1.51118,51.41103],[-1.51008,51.41208],[-1.50959,51.41288],[-1.50484,51.4104],[-1.50402,51.41105],[-1.50345,51.41376],[-1.50038,51.41498],[-1.50063,51.41445],[-1.4984,51.41396],[-1.4991,51.41316],[-1.49756,51.41223]]]}},{"type":"Feature","properties":{"id":"E01016298","name":"E01016298","parent":"E06000037","type":"LSOA","pop":1234,"r":1,"ff":1,"ffd":81.0,"ffs":1.0,"g":0,"co":3,"mo":3,"sa":3,"ic":3},"geometry":{"type":"Polygon","coordinates":[[[-1.52297,51.45585],[-1.51884,51.45507],[-1.5171,51.45519],[-1.51398,51.4541],[-1.51182,51.45385],[-1.50647,51.45446],[-1.50332,51.45544],[-1.49944,51.45412],[-1.49459,51.45396],[-1.49039,51.45432],[-1.48898,51.45471],[-1.4892,51.455],[-1.47282,51.45051],[-1.47665,51.44745],[-1.48109,51.44457],[-1.4816,51.44467],[-1.48315,51.44341],[-1.4825,51.44297],[-1.48506,51.43954],[-1.48522,51.4387],[-1.48793,51.4366],[-1.48922,51.43452],[-1.48946,51.43322],[-1.49202,51.4302],[-1.49226,51.42837],[-1.4914,51.42643],[-1.49316,51.42235],[-1.4962,51.42224],[-1.50038,51.41498],[-1.50345,51.41376],[-1.50402,51.41105],[-1.50484,51.4104],[-1.50959,51.41288],[-1.51008,51.41208],[-1.51056,51.41274],[-1.50978,51.41308],[-1.51003,51.41351],[-1.51081,51.41343],[-1.51171,51.41394],[-1.51152,51.41473],[-1.51359,51.41527],[-1.51246,51.41596],[-1.51433,51.41651],[-1.51574,51.41634],[-1.51768,51.41679],[-1.52003,51.41696],[-1.52121,51.4167],[-1.52191,51.41627],[-1.5213,51.41537],[-1.52271,51.41553],[-1.52364,51.41592],[-1.52376,51.41634],[-1.52791,51.41733],[-1.52982,51.41607],[-1.53355,51.41499],[-1.53449,51.41351],[-1.52917,51.41367],[-1.53041,51.41228],[-1.53365,51.41129],[-1.53683,51.4093],[-1.53469,51.40873],[-1.53314,51.40706],[-1.53085,51.40712],[-1.52769,51.40821],[-1.52418,51.40897],[-1.52201,51.40888],[-1.52339,51.4078],[-1.52272,51.40748],[-1.52399,51.40232],[-1.5199,51.40156],[-1.51936,51.40269],[-1.51625,51.40248],[-1.51283,51.40143],[-1.51221,51.40206],[-1.51227,51.39998],[-1.51378,51.39773],[-1.51531,51.3974],[-1.51814,51.39791],[-1.52118,51.39547],[-1.52043,51.39533],[-1.52233,51.3933],[-1.51996,51.39202],[-1.51968,51.39234],[-1.51815,51.39246],[-1.51519,51.39207],[-1.51463,51.39131],[-1.51445,51.38901],[-1.51525,51.38894],[-1.51564,51.38848],[-1.51626,51.38875],[-1.51846,51.38667],[-1.51452,51.38605],[-1.51406,51.38524],[-1.51233,51.38579],[-1.51235,51.38603],[-1.50962,51.38582],[-1.50919,51.38556],[-1.5099,51.3835],[-1.50866,51.38332],[-1.51042,51.38009],[-1.51189,51.37825],[-1.51544,51.37758],[-1.51604,51.37763],[-1.51696,51.37878],[-1.51814,51.37907],[-1.52067,51.37928],[-1.52324,51.37862],[-1.52424,51.37806],[-1.5256,51.37805],[-1.52577,51.37838],[-1.52787,51.37893],[-1.52824,51.3792],[-1.52689,51.37995],[-1.52887,51.38139],[-1.5333,51.38336],[-1.53412,51.38415],[-1.53467,51.38433],[-1.53567,51.38408],[-1.53833,51.38554],[-1.53868,51.38705],[-1.53772,51.38832],[-1.54233,51.38962],[-1.54262,51.39046],[-1.54427,51.39014],[-1.54647,51.39054],[-1.54651,51.39106],[-1.54733,51.39117],[-1.54711,51.39326],[-1.54875,51.39302],[-1.54901,51.39472],[-1.55332,51.39474],[-1.5556,51.39558],[-1.55623,51.39644],[-1.55613,51.39841],[-1.55356,51.40154],[-1.55415,51.40348],[-1.55369,51.40668],[-1.5543,51.40763],[-1.55335,51.40847],[-1.55299,51.41004],[-1.55433,51.41031],[-1.55563,51.40941],[-1.55783,51.40908],[-1.55994,51.40813],[-1.56056,51.40823],[-1.56055,51.40855],[-1.56228,51.40824],[-1.56248,51.41127],[-1.56349,51.41323],[-1.56542,51.4133],[-1.56579,51.41383],[-1.56686,51.41389],[-1.5668,51.41437],[-1.56962,51.4147],[-1.56969,51.41515],[-1.57092,51.41531],[-1.57117,51.41646],[-1.56689,51.42104],[-1.56512,51.42204],[-1.56339,51.42101],[-1.56032,51.42039],[-1.55823,51.42051],[-1.55846,51.42168],[-1.55629,51.4216],[-1.55366,51.42241],[-1.55311,51.42128],[-1.54944,51.42238],[-1.54596,51.42275],[-1.54442,51.42354],[-1.54352,51.42476],[-1.54303,51.42461],[-1.5419,51.42546],[-1.53985,51.42571],[-1.53962,51.42611],[-1.53285,51.42562],[-1.5321,51.42479],[-1.53169,51.42513],[-1.52662,51.42393],[-1.52529,51.42502],[-1.52695,51.42579],[-1.52733,51.42656],[-1.52789,51.42681],[-1.52827,51.42796],[-1.53206,51.42956],[-1.52399,51.44134],[-1.52444,51.44289],[-1.52399,51.44748],[-1.5249,51.45027],[-1.52885,51.45399],[-1.52903,51.45551],[-1.52735,51.45572],[-1.52633,51.45529],[-1.52616,51.45572],[-1.52297,51.45585]]]}},{"type":"Feature","properties":{"id":"E01016299","name":"E01016299","parent":"E06000037","type":"LSOA","pop":1534,"r":1,"ff":1,"ffd":65.2,"ffs":1.0,"g":0,"co":3,"mo":3,"sa":3,"ic":3},"geometry":{"type":"Polygon","coordinates":[[[-1.52271,51.41553],[-1.5213,51.41537],[-1.52191,51.41627],[-1.52121,51.4167],[-1.52003,51.41696],[-1.51768,51.41679],[-1.51574,51.41634],[-1.51433,51.41651],[-1.51246,51.41596],[-1.51359,51.41527],[-1.51152,51.41473],[-1.51295,51.41439],[-1.51307,51.41407],[-1.51477,51.41447],[-1.51567,51.41444],[-1.51539,51.41532],[-1.51634,51.41539],[-1.5163,51.41506],[-1.51978,51.41474],[-1.51907,51.41437],[-1.52061,51.41371],[-1.51998,51.41369],[-1.51963,51.4129],[-1.52032,51.41266],[-1.52002,51.41195],[-1.52107,51.41154],[-1.51959,51.41077],[-1.51964,51.41002],[-1.52045,51.40931],[-1.52098,51.40964],[-1.52769,51.40821],[-1.53085,51.40712],[-1.53314,51.40706],[-1.53469,51.40873],[-1.53683,51.4093],[-1.53365,51.41129],[-1.53041,51.41228],[-1.52917,51.41367],[-1.53449,51.41351],[-1.53355,51.41499],[-1.52982,51.41607],[-1.52791,51.41733],[-1.52376,51.41634],[-1.52364,51.41592],[-1.52271,51.41553]]]}},{"type":"Feature","properties":{"id":"E01016300","name":"E01016300","parent":"E06000037","type":"LSOA","pop":1479,"r":44,"ff":12,"ffd":811.4,"ffs":0.3871,"g":13,"co":2,"mo":3,"sa":2,"ic":3},"geometry":{"type":"Polygon","coordinates":[[[-1.45086,51.40216],[-1.45086,51.40186],[-1.44972,51.402],[-1.45005,51.40127],[-1.44912,51.40052],[-1.44868,51.40088],[-1.44779,51.40073],[-1.44772,51.40023],[-1.44919,51.39994],[-1.44896,51.39947],[-1.44825,51.3998],[-1.44684,51.39976],[-1.44599,51.4002],[-1.44269,51.39994],[-1.44362,51.39878],[-1.44407,51.3967],[-1.44333,51.39656],[-1.44363,51.39564],[-1.44311,51.3947],[-1.44145,51.39382],[-1.43822,51.3933],[-1.43596,51.39534],[-1.43454,51.39487],[-1.43174,51.39108],[-1.43044,51.39014],[-1.42954,51.38858],[-1.43164,51.38655],[-1.43471,51.38564],[-1.43534,51.38697],[-1.43631,51.38767],[-1.44275,51.38678],[-1.44513,51.38893],[-1.44683,51.3885],[-1.44683,51.38809],[-1.44714,51.38821],[-1.44728,51.38656],[-1.45217,51.3877],[-1.45202,51.38935],[-1.45081,51.39034],[-1.45039,51.39145],[-1.45074,51.39208],[-1.45284,51.39329],[-1.45443,51.39743],[-1.45737,51.39801],[-1.45916,51.39942],[-1.4593,51.39965],[-1.45776,51.39977],[-1.45925,51.40057],[-1.45914,51.40294],[-1.45465,51.40219],[-1.45086,51.40216]]]}},{"type":"Feature","properties":{"id":"E01016301","name":"E01016301","parent":"E06000037","type":"LSOA","pop":2017,"r":24,"ff":9,"ffd":446.2,"ffs":0.5294,"g":7,"co":2,"mo":3,"sa":2,"ic":3},"geometry":{"type":"Polygon","coordinates":[[[-1.41628,51.48055],[-1.41416,51.47851],[-1.41285,51.47783],[-1.41226,51.47787],[-1.41032,51.4765],[-1.40699,51.47596],[-1.40008,51.4723],[-1.39561,51.47734],[-1.39474,51.47906],[-1.38923,51.47601],[-1.38728,51.47389],[-1.38107,51.47066],[-1.37708,51.46791],[-1.38102,51.46722],[-1.38192,51.46676],[-1.38672,51.46085],[-1.38971,51.45591],[-1.39243,51.4499],[-1.3924,51.4477],[-1.39364,51.44746],[-1.39396,51.44661],[-1.39608,51.44601],[-1.39553,51.44573],[-1.39532,51.44505],[-1.39656,51.44293],[-1.3959,51.43832],[-1.39806,51.43692],[-1.40286,51.43531],[-1.40618,51.43341],[-1.40998,51.43074],[-1.4085,51.42982],[-1.40916,51.42893],[-1.40847,51.42857],[-1.40837,51.42732],[-1.40751,51.42802],[-1.40162,51.4247],[-1.40307,51.42409],[-1.40663,51.4249],[-1.40743,51.42408],[-1.40888,51.42347],[-1.4091,51.42174],[-1.41187,51.41757],[-1.41216,51.413],[-1.40996,51.41281],[-1.4095,51.41211],[-1.41044,51.40797],[-1.40922,51.40471],[-1.40801,51.40351],[-1.41571,51.40381],[-1.43024,51.40322],[-1.43082,51.40256],[-1.42856,51.40241],[-1.42853,51.40211],[-1.43278,51.40201],[-1.43631,51.40254],[-1.43795,51.40234],[-1.44003,51.40498],[-1.44111,51.4051],[-1.44418,51.40476],[-1.44892,51.40489],[-1.4497,51.40457],[-1.44972,51.402],[-1.45086,51.40186],[-1.45086,51.40216],[-1.45465,51.40219],[-1.45914,51.40294],[-1.45925,51.40057],[-1.45776,51.39977],[-1.4593,51.39965],[-1.45737,51.39801],[-1.45443,51.39743],[-1.45284,51.39329],[-1.45074,51.39208],[-1.45039,51.39145],[-1.45081,51.39034],[-1.45202,51.38935],[-1.45217,51.3877],[-1.44728,51.38656],[-1.44714,51.38821],[-1.44683,51.38809],[-1.44683,51.3885],[-1.44513,51.38893],[-1.44275,51.38678],[-1.43631,51.38767],[-1.43534,51.38697],[-1.43471,51.38564],[-1.43164,51.38655],[-1.42954,51.38858],[-1.43044,51.39014],[-1.43174,51.39108],[-1.43454,51.39487],[-1.43596,51.39534],[-1.43519,51.39529],[-1.43511,51.3971],[-1.4322,51.39713],[-1.42178,51.39628],[-1.42109,51.39458],[-1.41856,51.39288],[-1.41968,51.39142],[-1.41989,51.38919],[-1.41745,51.38908],[-1.41695,51.38706],[-1.41326,51.38552],[-1.41406,51.38417],[-1.41394,51.38325],[-1.41468,51.3825],[-1.41266,51.38046],[-1.41109,51.37963],[-1.41061,51.37881],[-1.41049,51.37791],[-1.41149,51.37498],[-1.41061,51.37496],[-1.40938,51.3744],[-1.40744,51.3727],[-1.40935,51.37216],[-1.41027,51.37274],[-1.41117,51.37284],[-1.41563,51.37188],[-1.41757,51.37069],[-1.41907,51.36667],[-1.42159,51.36441],[-1.42266,51.36259],[-1.42675,51.36007],[-1.42727,51.35898],[-1.42763,51.35908],[-1.42783,51.35746],[-1.42857,51.35662],[-1.43223,51.3558],[-1.44051,51.35554],[-1.44411,51.35493],[-1.44361,51.35197],[-1.44422,51.34913],[-1.44494,51.34812],[-1.44117,51.34656],[-1.43673,51.34316],[-1.43346,51.34113],[-1.43312,51.34014],[-1.42969,51.33653],[-1.4508,51.33267],[-1.45358,51.3328],[-1.45561,51.3325],[-1.45816,51.33298],[-1.46064,51.33243],[-1.46552,51.33238],[-1.48218,51.33121],[-1.48844,51.33047],[-1.4907,51.32974],[-1.49525,51.32898],[-1.497,51.3292],[-1.49804,51.32903],[-1.4983,51.32938],[-1.49764,51.33119],[-1.49754,51.33323],[-1.49302,51.33799],[-1.49016,51.34202],[-1.48653,51.34537],[-1.48571,51.34772],[-1.48681,51.34943],[-1.48941,51.3504],[-1.49171,51.35224],[-1.49395,51.35237],[-1.49521,51.35285],[-1.49735,51.35456],[-1.4999,51.35549],[-1.50061,51.35627],[-1.49966,51.35848],[-1.50002,51.3607],[-1.49934,51.36145],[-1.49931,51.36328],[-1.49515,51.36772],[-1.49545,51.36966],[-1.49939,51.36903],[-1.50254,51.36886],[-1.50401,51.36983],[-1.50701,51.37052],[-1.5071,51.3709],[-1.50943,51.37109],[-1.51002,51.3719],[-1.51232,51.37181],[-1.51341,51.37205],[-1.51418,51.3761],[-1.51544,51.37758],[-1.51189,51.37825],[-1.51042,51.38009],[-1.50866,51.38332],[-1.5099,51.3835],[-1.50919,51.38556],[-1.50962,51.38582],[-1.51235,51.38603],[-1.51233,51.38579],[-1.51406,51.38524],[-1.51452,51.38605],[-1.51846,51.38667],[-1.51626,51.38875],[-1.51564,51.38848],[-1.51525,51.38894],[-1.51445,51.38901],[-1.51463,51.39131],[-1.51519,51.39207],[-1.51815,51.39246],[-1.51968,51.39234],[-1.51996,51.39202],[-1.52233,51.3933],[-1.52043,51.39533],[-1.52118,51.39547],[-1.51814,51.39791],[-1.51531,51.3974],[-1.51378,51.39773],[-1.51227,51.39998],[-1.51232,51.40082],[-1.50985,51.40079],[-1.49869,51.39841],[-1.49545,51.3982],[-1.49306,51.39756],[-1.49267,51.39719],[-1.49105,51.3995],[-1.48899,51.39885],[-1.48659,51.39944],[-1.48435,51.4018],[-1.48436,51.40447],[-1.48257,51.40733],[-1.48437,51.40812],[-1.48947,51.40888],[-1.48817,51.41165],[-1.48692,51.41164],[-1.48676,51.41198],[-1.48634,51.41198],[-1.4887,51.41246],[-1.4928,51.41203],[-1.49328,51.41241],[-1.4946,51.4124],[-1.49617,51.41299],[-1.49641,51.41276],[-1.49577,51.41206],[-1.49756,51.41223],[-1.4991,51.41316],[-1.4984,51.41396],[-1.50063,51.41445],[-1.4962,51.42224],[-1.49316,51.42235],[-1.4914,51.42643],[-1.49226,51.42837],[-1.49202,51.4302],[-1.48946,51.43322],[-1.48922,51.43452],[-1.48793,51.4366],[-1.48522,51.4387],[-1.48506,51.43954],[-1.4825,51.44297],[-1.48315,51.44341],[-1.4816,51.44467],[-1.48109,51.44457],[-1.47665,51.44745],[-1.47282,51.45051],[-1.46083,51.44834],[-1.45255,51.44746],[-1.45131,51.45008],[-1.4507,51.45041],[-1.45072,51.45191],[-1.44618,51.45213],[-1.44278,51.45378],[-1.44217,51.45559],[-1.43885,51.45794],[-1.44025,51.45886],[-1.44145,51.45877],[-1.44466,51.46169],[-1.44115,51.46339],[-1.4356,51.46726],[-1.43027,51.47225],[-1.42654,51.47759],[-1.42483,51.4793],[-1.42571,51.47976],[-1.42418,51.48056],[-1.42345,51.48033],[-1.42155,51.48172],[-1.42142,51.48222],[-1.41628,51.48055]]]}},{"type":"Feature","properties":{"id":"E01016302","name":"E01016302","parent":"E06000037","type":"LSOA","pop":1523,"r":59,"ff":19,"ffd":1247.5,"ffs":0.4419,"g":16,"co":0,"mo":2,"sa":2,"ic":3},"geometry":{"type":"Polygon","coordinates":[[[-1.44003,51.40498],[-1.43795,51.40234],[-1.43631,51.40254],[-1.43278,51.40201],[-1.42853,51.40211],[-1.42856,51.40241],[-1.43082,51.40256],[-1.43024,51.40322],[-1.41571,51.40381],[-1.40801,51.40351],[-1.39202,51.40223],[-1.3867,51.40116],[-1.37739,51.39829],[-1.37016,51.39735],[-1.35654,51.39689],[-1.3547,51.39718],[-1.35455,51.39692],[-1.35188,51.39685],[-1.34305,51.39701],[-1.343,51.39152],[-1.34385,51.39141],[-1.34376,51.39099],[-1.34287,51.39077],[-1.34381,51.38875],[-1.34308,51.38865],[-1.34215,51.38797],[-1.34696,51.38307],[-1.35116,51.38245],[-1.35073,51.38209],[-1.35074,51.38119],[-1.35178,51.37971],[-1.35314,51.37525],[-1.35213,51.37512],[-1.35229,51.37082],[-1.35288,51.36726],[-1.35475,51.36747],[-1.35546,51.36794],[-1.35705,51.36793],[-1.35845,51.3675],[-1.35913,51.36775],[-1.35959,51.36747],[-1.36055,51.36788],[-1.36176,51.36783],[-1.36267,51.36836],[-1.36327,51.36825],[-1.36379,51.36865],[-1.36627,51.36858],[-1.36857,51.36796],[-1.3719,51.36842],[-1.37358,51.36781],[-1.37615,51.36831],[-1.37787,51.36778],[-1.38836,51.37034],[-1.39294,51.37047],[-1.39661,51.37126],[-1.39963,51.37162],[-1.40141,51.37153],[-1.40192,51.37213],[-1.40491,51.37209],[-1.40744,51.3727],[-1.40938,51.3744],[-1.41061,51.37496],[-1.41149,51.37498],[-1.41049,51.37791],[-1.41061,51.37881],[-1.41109,51.37963],[-1.41266,51.38046],[-1.41468,51.3825],[-1.41394,51.38325],[-1.41406,51.38417],[-1.41326,51.38552],[-1.41695,51.38706],[-1.41745,51.38908],[-1.41989,51.38919],[-1.41968,51.39142],[-1.41856,51.39288],[-1.42109,51.39458],[-1.42178,51.39628],[-1.4322,51.39713],[-1.43511,51.3971],[-1.43519,51.39529],[-1.43596,51.39534],[-1.43822,51.3933],[-1.44145,51.39382],[-1.44311,51.3947],[-1.44363,51.39564],[-1.44333,51.39656],[-1.44407,51.3967],[-1.44362,51.39878],[-1.44269,51.39994],[-1.44599,51.4002],[-1.44684,51.39976],[-1.44825,51.3998],[-1.44896,51.39947],[-1.44919,51.39994],[-1.44772,51.40023],[-1.44779,51.40073],[-1.44868,51.40088],[-1.44912,51.40052],[-1.45005,51.40127],[-1.44972,51.402],[-1.4497,51.40457],[-1.44892,51.40489],[-1.44418,51.40476],[-1.44111,51.4051],[-1.44003,51.40498]]]}},{"type":"Feature","properties":{"id":"E01016303","name":"E01016303","parent":"E06000037","type":"LSOA","pop":1424,"r":1,"ff":1,"ffd":70.2,"ffs":1.0,"g":0,"co":3,"mo":3,"sa":3,"ic":3},"geometry":{"type":"Polygon","coordinates":[[[-1.47071,51.53001],[-1.47074,51.52861],[-1.46299,51.53019],[-1.46206,51.52964],[-1.46152,51.52979],[-1.46025,51.52893],[-1.45931,51.52928],[-1.45839,51.52786],[-1.45563,51.52733],[-1.45317,51.52828],[-1.45237,51.52772],[-1.44962,51.52882],[-1.44512,51.52593],[-1.45187,51.52111],[-1.45479,51.52158],[-1.45497,51.52096],[-1.45433,51.51765],[-1.45482,51.51455],[-1.45434,51.511],[-1.45645,51.50919],[-1.45734,51.50656],[-1.45711,51.50607],[-1.45551,51.50576],[-1.45558,51.50526],[-1.45126,51.50408],[-1.4505,51.50489],[-1.4432,51.50245],[-1.43963,51.50191],[-1.43566,51.50252],[-1.43477,51.5034],[-1.43293,51.50424],[-1.42742,51.50569],[-1.4268,51.50308],[-1.42717,51.50191],[-1.42862,51.5],[-1.42867,51.49878],[-1.43336,51.49503],[-1.43463,51.49132],[-1.43621,51.48908],[-1.43019,51.48752],[-1.42872,51.48659],[-1.42767,51.48477],[-1.42569,51.48347],[-1.42142,51.48222],[-1.42155,51.48172],[-1.42345,51.48033],[-1.42418,51.48056],[-1.42571,51.47976],[-1.42483,51.4793],[-1.42654,51.47759],[-1.43027,51.47225],[-1.4356,51.46726],[-1.44115,51.46339],[-1.44466,51.46169],[-1.44145,51.45877],[-1.44025,51.45886],[-1.43885,51.45794],[-1.44217,51.45559],[-1.44278,51.45378],[-1.44618,51.45213],[-1.45072,51.45191],[-1.4507,51.45041],[-1.45131,51.45008],[-1.45255,51.44746],[-1.46083,51.44834],[-1.47282,51.45051],[-1.4892,51.455],[-1.48898,51.45471],[-1.49039,51.45432],[-1.49459,51.45396],[-1.49944,51.45412],[-1.50332,51.45544],[-1.50647,51.45446],[-1.50712,51.45567],[-1.50682,51.459],[-1.50809,51.46143],[-1.5081,51.46426],[-1.50685,51.46628],[-1.50736,51.4674],[-1.50668,51.46805],[-1.50526,51.4683],[-1.50379,51.47087],[-1.49598,51.47905],[-1.49536,51.48052],[-1.49589,51.48324],[-1.4953,51.48349],[-1.49471,51.48503],[-1.493,51.48567],[-1.49198,51.48682],[-1.49118,51.48854],[-1.48888,51.48906],[-1.48915,51.48924],[-1.48779,51.49064],[-1.48769,51.49109],[-1.48948,51.49132],[-1.48391,51.50323],[-1.48288,51.50682],[-1.48288,51.5117],[-1.48409,51.51366],[-1.48325,51.51725],[-1.4824,51.51897],[-1.4774,51.52296],[-1.47713,51.52496],[-1.47561,51.52659],[-1.47644,51.52949],[-1.47625,51.53078],[-1.47071,51.53001]]]}},{"type":"Feature","properties":{"id":"E01016304","name":"E01016304","parent":"E06000037","type":"LSOA","pop":1574,"r":1,"ff":1,"ffd":63.5,"ffs":1.0,"g":0,"co":3,"mo":3,"sa":3,"ic":3},"geometry":{"type":"Polygon","coordinates":[[[-1.4774,51.52296],[-1.4824,51.51897],[-1.48325,51.51725],[-1.48409,51.51366],[-1.48288,51.5117],[-1.48288,51.50682],[-1.48391,51.50323],[-1.48948,51.49132],[-1.48769,51.49109],[-1.48779,51.49064],[-1.48915,51.48924],[-1.48888,51.48906],[-1.49118,51.48854],[-1.49198,51.48682],[-1.493,51.48567],[-1.49471,51.48503],[-1.4953,51.48349],[-1.49589,51.48324],[-1.49536,51.48052],[-1.49598,51.47905],[-1.50379,51.47087],[-1.50526,51.4683],[-1.50668,51.46805],[-1.50736,51.4674],[-1.50685,51.46628],[-1.5081,51.46426],[-1.50809,51.46143],[-1.50682,51.459],[-1.50712,51.45567],[-1.50647,51.45446],[-1.51182,51.45385],[-1.51398,51.4541],[-1.5171,51.45519],[-1.51884,51.45507],[-1.52297,51.45585],[-1.52616,51.45572],[-1.52633,51.45529],[-1.52735,51.45572],[-1.52903,51.45551],[-1.5348,51.45616],[-1.53874,51.45736],[-1.54172,51.45764],[-1.54468,51.45856],[-1.54839,51.46066],[-1.54961,51.46223],[-1.55094,51.46548],[-1.55738,51.46801],[-1.55953,51.46974],[-1.56071,51.47221],[-1.56114,51.4758],[-1.56159,51.47639],[-1.56273,51.47681],[-1.56683,51.47693],[-1.56688,51.47853],[-1.56852,51.4828],[-1.57045,51.48627],[-1.57361,51.48724],[-1.57678,51.48931],[-1.57933,51.4912],[-1.58245,51.49431],[-1.58341,51.49584],[-1.58227,51.49578],[-1.58352,51.49769],[-1.58264,51.49811],[-1.58206,51.49946],[-1.58227,51.50024],[-1.58262,51.50089],[-1.58577,51.50212],[-1.58566,51.50293],[-1.58608,51.50303],[-1.58701,51.50714],[-1.57504,51.50699],[-1.56714,51.50921],[-1.5608,51.51184],[-1.55745,51.51162],[-1.55153,51.51626],[-1.55101,51.51601],[-1.5502,51.51635],[-1.54797,51.51817],[-1.54625,51.51743],[-1.54666,51.51689],[-1.54242,51.51481],[-1.54102,51.51575],[-1.53784,51.51373],[-1.53639,51.51239],[-1.53747,51.51176],[-1.53785,51.51197],[-1.53915,51.51134],[-1.53827,51.51051],[-1.54228,51.50912],[-1.54148,51.50866],[-1.54182,51.50847],[-1.54157,51.50814],[-1.54072,51.5085],[-1.53951,51.5078],[-1.53826,51.50852],[-1.53673,51.50839],[-1.53598,51.50876],[-1.53465,51.5085],[-1.5344,51.50807],[-1.53569,51.50759],[-1.53507,51.50696],[-1.53482,51.50735],[-1.53238,51.50746],[-1.53128,51.50823],[-1.53066,51.50782],[-1.53077,51.50807],[-1.53023,51.50794],[-1.53034,51.50827],[-1.5295,51.50828],[-1.52983,51.50864],[-1.52624,51.51038],[-1.5255,51.50986],[-1.52596,51.50943],[-1.52547,51.50887],[-1.52615,51.50885],[-1.52652,51.50947],[-1.52703,51.5094],[-1.5285,51.50833],[-1.52836,51.50786],[-1.52901,51.50752],[-1.52815,51.5067],[-1.52762,51.50667],[-1.52761,51.50617],[-1.52825,51.50642],[-1.52878,51.50627],[-1.52978,51.50719],[-1.53026,51.5068],[-1.53005,51.50653],[-1.53037,51.50661],[-1.53036,51.5062],[-1.52953,51.50569],[-1.53074,51.50435],[-1.52894,51.50311],[-1.52805,51.50436],[-1.52608,51.50368],[-1.52579,51.50388],[-1.5243,51.50317],[-1.5268,51.5001],[-1.52665,51.49979],[-1.52421,51.50179],[-1.52143,51.49992],[-1.51747,51.49899],[-1.51708,51.49949],[-1.51911,51.50171],[-1.51516,51.50428],[-1.51692,51.50553],[-1.51756,51.50661],[-1.51766,51.50889],[-1.51641,51.51033],[-1.51502,51.51083],[-1.50678,51.51044],[-1.50009,51.51432],[-1.49447,51.51285],[-1.49492,51.52088],[-1.50321,51.51989],[-1.50485,51.51896],[-1.50836,51.51787],[-1.50956,51.51908],[-1.51016,51.51916],[-1.5103,51.51995],[-1.51162,51.52022],[-1.51135,51.52098],[-1.50807,51.52114],[-1.50917,51.52361],[-1.50585,51.52697],[-1.49875,51.5299],[-1.49586,51.53337],[-1.48786,51.53697],[-1.48802,51.53624],[-1.48586,51.53408],[-1.47707,51.53265],[-1.47653,51.53218],[-1.47625,51.53078],[-1.47644,51.52949],[-1.47561,51.52659],[-1.47713,51.52496],[-1.4774,51.52296]]]}},{"type":"Feature","properties":{"id":"E01016305","name":"E01016305","parent":"E06000037","type":"LSOA","pop":1220,"r":1,"ff":1,"ffd":82.0,"ffs":1.0,"g":0,"co":3,"mo":3,"sa":3,"ic":3},"geometry":{"type":"Polygon","coordinates":[[[-1.5474,51.55308],[-1.54707,51.5514],[-1.54295,51.55232],[-1.5421,51.55224],[-1.54103,51.55184],[-1.54024,51.55095],[-1.54027,51.54952],[-1.5354,51.54858],[-1.53231,51.54719],[-1.53096,51.54607],[-1.53018,51.54693],[-1.53072,51.54809],[-1.52131,51.5509],[-1.51668,51.55119],[-1.51373,51.55093],[-1.50894,51.54906],[-1.50474,51.54666],[-1.50123,51.5467],[-1.49546,51.54551],[-1.48956,51.54281],[-1.48603,51.54057],[-1.48758,51.53889],[-1.48786,51.53697],[-1.49586,51.53337],[-1.49875,51.5299],[-1.50585,51.52697],[-1.50917,51.52361],[-1.50807,51.52114],[-1.51135,51.52098],[-1.51162,51.52022],[-1.5103,51.51995],[-1.51016,51.51916],[-1.50956,51.51908],[-1.50836,51.51787],[-1.50485,51.51896],[-1.50321,51.51989],[-1.49492,51.52088],[-1.49447,51.51285],[-1.50009,51.51432],[-1.50678,51.51044],[-1.51502,51.51083],[-1.51641,51.51033],[-1.51925,51.51298],[-1.52307,51.51191],[-1.52287,51.51213],[-1.52328,51.51232],[-1.52463,51.51225],[-1.52761,51.51327],[-1.52794,51.5117],[-1.5284,51.51141],[-1.52879,51.51074],[-1.5285,51.50986],[-1.52698,51.51055],[-1.5264,51.5103],[-1.52983,51.50864],[-1.5295,51.50828],[-1.53034,51.50827],[-1.53023,51.50794],[-1.53077,51.50807],[-1.53066,51.50782],[-1.53128,51.50823],[-1.53238,51.50746],[-1.53482,51.50735],[-1.53507,51.50696],[-1.53569,51.50759],[-1.5344,51.50807],[-1.53465,51.5085],[-1.53598,51.50876],[-1.53673,51.50839],[-1.53826,51.50852],[-1.53951,51.5078],[-1.54072,51.5085],[-1.54157,51.50814],[-1.54182,51.50847],[-1.54148,51.50866],[-1.54228,51.50912],[-1.53827,51.51051],[-1.53915,51.51134],[-1.53785,51.51197],[-1.53747,51.51176],[-1.53639,51.51239],[-1.53784,51.51373],[-1.54102,51.51575],[-1.54242,51.51481],[-1.54666,51.51689],[-1.54625,51.51743],[-1.54797,51.51817],[-1.5502,51.51635],[-1.55101,51.51601],[-1.55153,51.51626],[-1.55745,51.51162],[-1.5608,51.51184],[-1.56714,51.50921],[-1.57504,51.50699],[-1.58701,51.50714],[-1.58721,51.51082],[-1.58806,51.51381],[-1.58709,51.51605],[-1.58542,51.52364],[-1.58449,51.52523],[-1.58514,51.52567],[-1.58334,51.52832],[-1.58152,51.53447],[-1.58119,51.53699],[-1.57668,51.53906],[-1.57379,51.54088],[-1.56936,51.54328],[-1.57026,51.54466],[-1.56987,51.54751],[-1.5661,51.54556],[-1.56105,51.55029],[-1.55637,51.55301],[-1.55501,51.55337],[-1.5474,51.55308]]]}},{"type":"Feature","properties":{"id":"E01016306","name":"E01016306","parent":"E06000037","type":"LSOA","pop":1360,"r":1,"ff":1,"ffd":73.5,"ffs":1.0,"g":0,"co":3,"mo":3,"sa":3,"ic":3},"geometry":{"type":"Polygon","coordinates":[[[-1.52761,51.51327],[-1.52463,51.51225],[-1.52328,51.51232],[-1.52287,51.51213],[-1.52307,51.51191],[-1.51925,51.51298],[-1.51641,51.51033],[-1.51766,51.50889],[-1.51756,51.50661],[-1.51692,51.50553],[-1.51516,51.50428],[-1.51911,51.50171],[-1.51708,51.49949],[-1.51747,51.49899],[-1.52143,51.49992],[-1.52421,51.50179],[-1.52665,51.49979],[-1.5268,51.5001],[-1.5243,51.50317],[-1.52579,51.50388],[-1.52608,51.50368],[-1.52805,51.50436],[-1.52894,51.50311],[-1.53074,51.50435],[-1.52953,51.50569],[-1.53036,51.5062],[-1.53037,51.50661],[-1.53005,51.50653],[-1.53026,51.5068],[-1.52978,51.50719],[-1.52878,51.50627],[-1.52825,51.50642],[-1.52761,51.50617],[-1.52762,51.50667],[-1.52815,51.5067],[-1.52901,51.50752],[-1.52836,51.50786],[-1.5285,51.50833],[-1.52703,51.5094],[-1.52652,51.50947],[-1.52615,51.50885],[-1.52547,51.50887],[-1.52596,51.50943],[-1.5255,51.50986],[-1.52624,51.51038],[-1.52698,51.51055],[-1.5285,51.50986],[-1.52879,51.51074],[-1.5284,51.51141],[-1.52794,51.5117],[-1.52761,51.51327]]]}},{"type":"Feature","properties":{"id":"E01016307","name":"E01016307","parent":"E06000037","type":"LSOA","pop":1705,"r":19,"ff":12,"ffd":703.8,"ffs":0.6316,"g":0,"co":1,"mo":3,"sa":3,"ic":1},"geometry":{"type":"Polygon","coordinates":[[[-1.06778,51.38353],[-1.06857,51.38316],[-1.06801,51.38255],[-1.06862,51.38265],[-1.07087,51.37949],[-1.07223,51.37906],[-1.07245,51.37873],[-1.07155,51.37845],[-1.07131,51.37871],[-1.07066,51.37862],[-1.07036,51.37811],[-1.06945,51.37791],[-1.06973,51.37771],[-1.06924,51.37652],[-1.06789,51.37587],[-1.06752,51.37634],[-1.06841,51.37655],[-1.06854,51.37688],[-1.06813,51.37724],[-1.06729,51.37731],[-1.06576,51.37783],[-1.0652,51.37881],[-1.06451,51.37888],[-1.06483,51.37927],[-1.06415,51.37929],[-1.06387,51.3797],[-1.065,51.37977],[-1.06405,51.381],[-1.06317,51.3812],[-1.06186,51.37991],[-1.061,51.37982],[-1.0609,51.37941],[-1.06141,51.37945],[-1.06125,51.37801],[-1.06241,51.37726],[-1.06213,51.37688],[-1.06245,51.37683],[-1.06079,51.37655],[-1.06079,51.37628],[-1.06328,51.37595],[-1.06364,51.37626],[-1.06517,51.37563],[-1.06686,51.37593],[-1.06929,51.37569],[-1.06915,51.37536],[-1.07102,51.37503],[-1.07162,51.3746],[-1.07255,51.37528],[-1.07786,51.37457],[-1.07999,51.37464],[-1.07598,51.37864],[-1.07535,51.3795],[-1.08345,51.38209],[-1.07529,51.38396],[-1.07238,51.38327],[-1.07149,51.38446],[-1.0701,51.38499],[-1.06713,51.38465],[-1.06778,51.38353]]]}},{"type":"Feature","properties":{"id":"E01016308","name":"E01016308","parent":"E06000037","type":"LSOA","pop":2023,"r":20,"ff":13,"ffd":642.6,"ffs":0.65,"g":0,"co":1,"mo":3,"sa":3,"ic":1},"geometry":{"type":"Polygon","coordinates":[[[-0.99263,51.38404],[-0.99024,51.38152],[-0.98581,51.37887],[-0.98372,51.37716],[-0.98424,51.37673],[-0.98172,51.37575],[-0.98361,51.37335],[-0.9838,51.37223],[-0.98328,51.37167],[-0.98526,51.37069],[-0.98768,51.37106],[-0.98828,51.37017],[-0.98908,51.37044],[-0.98955,51.36981],[-0.99009,51.36996],[-0.99053,51.36974],[-0.99023,51.36935],[-0.99088,51.36852],[-0.99047,51.36795],[-0.99182,51.36659],[-0.99174,51.36594],[-0.99104,51.36572],[-0.99096,51.36538],[-0.99144,51.36515],[-0.99053,51.36401],[-0.98801,51.36441],[-0.98623,51.36368],[-0.98612,51.36285],[-0.98714,51.36256],[-0.98688,51.36205],[-0.98757,51.36197],[-0.98885,51.36291],[-0.99017,51.36323],[-0.99077,51.36257],[-0.99291,51.36145],[-0.99287,51.36257],[-0.99422,51.36227],[-0.99632,51.36228],[-0.99926,51.36156],[-1.00022,51.36267],[-1.00231,51.36029],[-1.00469,51.36053],[-1.00773,51.35973],[-1.01112,51.35917],[-1.02265,51.35907],[-1.05002,51.35815],[-1.05025,51.35997],[-1.05152,51.36263],[-1.05308,51.36233],[-1.0554,51.36357],[-1.0558,51.36504],[-1.05859,51.36579],[-1.05916,51.3663],[-1.05915,51.36752],[-1.06015,51.36818],[-1.06212,51.36766],[-1.06306,51.36907],[-1.06259,51.36982],[-1.06556,51.37214],[-1.06894,51.37349],[-1.06921,51.37322],[-1.07162,51.3746],[-1.07102,51.37503],[-1.06915,51.37536],[-1.06929,51.37569],[-1.06686,51.37593],[-1.06517,51.37563],[-1.06364,51.37626],[-1.06328,51.37595],[-1.06079,51.37628],[-1.06079,51.37655],[-1.06245,51.37683],[-1.06213,51.37688],[-1.06241,51.37726],[-1.06125,51.37801],[-1.06141,51.37945],[-1.0609,51.37941],[-1.061,51.37982],[-1.06186,51.37991],[-1.06317,51.3812],[-1.06353,51.38222],[-1.06016,51.38328],[-1.05936,51.3848],[-1.05528,51.38415],[-1.05728,51.37876],[-1.05417,51.37912],[-1.05303,51.37843],[-1.05165,51.37804],[-1.04912,51.37833],[-1.04697,51.37705],[-1.04307,51.37654],[-1.04275,51.3778],[-1.04348,51.3784],[-1.04222,51.37853],[-1.04091,51.37912],[-1.03935,51.37894],[-1.03257,51.3795],[-1.03063,51.37942],[-1.02966,51.38109],[-1.02764,51.38092],[-1.02396,51.38118],[-1.02211,51.38256],[-1.02106,51.3843],[-1.02068,51.38362],[-1.01727,51.38465],[-1.01561,51.38468],[-1.01178,51.38898],[-1.00954,51.39219],[-1.00102,51.38903],[-0.99681,51.38597],[-0.99263,51.38404]]]}},{"type":"Feature","properties":{"id":"E01016309","name":"E01016309","parent":"E06000037","type":"LSOA","pop":2446,"r":24,"ff":13,"ffd":531.5,"ffs":0.5417,"g":0,"co":1,"mo":3,"sa":3,"ic":3},"geometry":{"type":"Polygon","coordinates":[[[-1.08595,51.40136],[-1.0838,51.40067],[-1.08295,51.40087],[-1.08165,51.39829],[-1.08328,51.39767],[-1.08095,51.39493],[-1.07757,51.38907],[-1.07771,51.38713],[-1.07016,51.38987],[-1.06715,51.39282],[-1.06599,51.39262],[-1.06299,51.39368],[-1.06081,51.39411],[-1.05945,51.39476],[-1.05373,51.39536],[-1.05084,51.39484],[-1.04999,51.395],[-1.04969,51.39466],[-1.04733,51.39542],[-1.04609,51.39528],[-1.04336,51.39549],[-1.0433,51.39525],[-1.04053,51.39583],[-1.03749,51.3968],[-1.03547,51.39799],[-1.03514,51.39892],[-1.03163,51.39946],[-1.03078,51.40169],[-1.03134,51.40266],[-1.03071,51.40341],[-1.02986,51.40343],[-1.02999,51.40379],[-1.02914,51.40412],[-1.02893,51.40508],[-1.02563,51.40575],[-1.0242,51.40556],[-1.02227,51.40619],[-1.02411,51.40768],[-1.02491,51.40785],[-1.02512,51.41206],[-1.0222,51.41131],[-1.01874,51.41174],[-1.01364,51.41105],[-1.01203,51.4101],[-1.00537,51.4116],[-1.0016,51.41204],[-0.99977,51.41275],[-0.99914,51.41225],[-1.0011,51.40936],[-1.00264,51.40865],[-1.00386,51.40722],[-1.0035,51.40513],[-1.00408,51.40367],[-1.00536,51.40241],[-1.00543,51.40178],[-1.00641,51.40131],[-1.0092,51.39862],[-1.00982,51.39657],[-1.01188,51.39287],[-1.00954,51.39219],[-1.01178,51.38898],[-1.01561,51.38468],[-1.01727,51.38465],[-1.02068,51.38362],[-1.02106,51.3843],[-1.02211,51.38256],[-1.02396,51.38118],[-1.02764,51.38092],[-1.02966,51.38109],[-1.03063,51.37942],[-1.03257,51.3795],[-1.03935,51.37894],[-1.04091,51.37912],[-1.04222,51.37853],[-1.04348,51.3784],[-1.04275,51.3778],[-1.04307,51.37654],[-1.04697,51.37705],[-1.04912,51.37833],[-1.05165,51.37804],[-1.05303,51.37843],[-1.05417,51.37912],[-1.05728,51.37876],[-1.05528,51.38415],[-1.05936,51.3848],[-1.06016,51.38328],[-1.06353,51.38222],[-1.06317,51.3812],[-1.06405,51.381],[-1.065,51.37977],[-1.06387,51.3797],[-1.06415,51.37929],[-1.06483,51.37927],[-1.06451,51.37888],[-1.0652,51.37881],[-1.06576,51.37783],[-1.06729,51.37731],[-1.06813,51.37724],[-1.06854,51.37688],[-1.06841,51.37655],[-1.06752,51.37634],[-1.06789,51.37587],[-1.06924,51.37652],[-1.06973,51.37771],[-1.06945,51.37791],[-1.07036,51.37811],[-1.07066,51.37862],[-1.07131,51.37871],[-1.07155,51.37845],[-1.07245,51.37873],[-1.07223,51.37906],[-1.07087,51.37949],[-1.06862,51.38265],[-1.06801,51.38255],[-1.06857,51.38316],[-1.06778,51.38353],[-1.06713,51.38465],[-1.0701,51.38499],[-1.07149,51.38446],[-1.07238,51.38327],[-1.07529,51.38396],[-1.08345,51.38209],[-1.08662,51.38392],[-1.09752,51.38173],[-1.09744,51.38137],[-1.0988,51.38011],[-1.10022,51.37943],[-1.11375,51.37483],[-1.11555,51.37747],[-1.11682,51.37756],[-1.1178,51.37819],[-1.1176,51.38137],[-1.11904,51.3829],[-1.12033,51.38344],[-1.12183,51.38486],[-1.12251,51.38619],[-1.12336,51.39078],[-1.12714,51.39316],[-1.1279,51.3926],[-1.13058,51.39484],[-1.13039,51.39543],[-1.13123,51.3955],[-1.13198,51.39595],[-1.13087,51.39662],[-1.13272,51.39769],[-1.13526,51.39634],[-1.13836,51.39848],[-1.13663,51.39972],[-1.13642,51.40032],[-1.13741,51.40092],[-1.13699,51.40091],[-1.13853,51.40133],[-1.13945,51.40244],[-1.13071,51.40572],[-1.12148,51.41386],[-1.1185,51.41672],[-1.11243,51.41973],[-1.10928,51.42089],[-1.10576,51.4179],[-1.10507,51.41765],[-1.1052,51.41743],[-1.09868,51.41506],[-1.09672,51.41389],[-1.09652,51.41306],[-1.09566,51.41227],[-1.09227,51.41091],[-1.08966,51.41048],[-1.0872,51.40772],[-1.08782,51.40579],[-1.0848,51.40477],[-1.08411,51.40352],[-1.0841,51.4031],[-1.08595,51.40136]]]}},{"type":"Feature","properties":{"id":"E01016310","name":"E01016310","parent":"E06000037","type":"LSOA","pop":1963,"r":88,"ff":29,"ffd":1477.3,"ffs":0.4462,"g":23,"co":0,"mo":2,"sa":0,"ic":3},"geometry":{"type":"Polygon","coordinates":[[[-1.32651,51.4112],[-1.32545,51.41102],[-1.32431,51.41134],[-1.32341,51.41228],[-1.32097,51.4119],[-1.3177,51.4071],[-1.31785,51.40675],[-1.32444,51.40565],[-1.32681,51.40608],[-1.32792,51.40681],[-1.32867,51.4064],[-1.33064,51.40703],[-1.33093,51.40802],[-1.33063,51.40812],[-1.3312,51.40828],[-1.33122,51.4087],[-1.33036,51.40868],[-1.32954,51.40764],[-1.32909,51.40787],[-1.32986,51.4088],[-1.32928,51.40909],[-1.32946,51.40993],[-1.33054,51.41019],[-1.33065,51.41061],[-1.33214,51.41057],[-1.333,51.40998],[-1.33341,51.41273],[-1.33233,51.41279],[-1.33205,51.41403],[-1.32651,51.4112]]]}},{"type":"Feature","properties":{"id":"E01016311","name":"E01016311","parent":"E06000037","type":"LSOA","pop":1685,"r":87,"ff":29,"ffd":1721.1,"ffs":0.4531,"g":23,"co":0,"mo":2,"sa":0,"ic":3},"geometry":{"type":"Polygon","coordinates":[[[-1.32986,51.4088],[-1.32909,51.40787],[-1.32954,51.40764],[-1.33036,51.40868],[-1.33122,51.4087],[-1.3312,51.40828],[-1.33063,51.40812],[-1.33093,51.40802],[-1.33064,51.40703],[-1.32867,51.4064],[-1.32792,51.40681],[-1.32681,51.40608],[-1.32816,51.40591],[-1.32763,51.40408],[-1.32724,51.4039],[-1.32688,51.40333],[-1.32669,51.40205],[-1.32916,51.40243],[-1.33179,51.4034],[-1.33294,51.40229],[-1.33303,51.40107],[-1.32817,51.40097],[-1.32805,51.40005],[-1.32843,51.39914],[-1.3267,51.39887],[-1.32663,51.39862],[-1.32926,51.39891],[-1.32972,51.39865],[-1.33045,51.39896],[-1.33126,51.39899],[-1.33136,51.39929],[-1.33076,51.39945],[-1.33094,51.39981],[-1.33148,51.3998],[-1.33183,51.40032],[-1.33735,51.3999],[-1.33798,51.40008],[-1.33867,51.40068],[-1.34157,51.40026],[-1.34187,51.40179],[-1.34039,51.40137],[-1.34141,51.40428],[-1.3364,51.40449],[-1.3365,51.40638],[-1.33392,51.40636],[-1.33724,51.40774],[-1.33721,51.408],[-1.33251,51.40752],[-1.333,51.40998],[-1.33214,51.41057],[-1.33065,51.41061],[-1.33054,51.41019],[-1.32946,51.40993],[-1.32928,51.40909],[-1.32986,51.4088]]]}},{"type":"Feature","properties":{"id":"E01016312","name":"E01016312","parent":"E06000037","type":"LSOA","pop":2019,"r":85,"ff":29,"ffd":1436.4,"ffs":0.4677,"g":23,"co":0,"mo":2,"sa":0,"ic":3},"geometry":{"type":"Polygon","coordinates":[[[-1.33798,51.40008],[-1.33735,51.3999],[-1.33183,51.40032],[-1.33148,51.3998],[-1.33094,51.39981],[-1.33076,51.39945],[-1.33136,51.39929],[-1.33126,51.39899],[-1.33045,51.39896],[-1.32972,51.39865],[-1.32926,51.39891],[-1.32663,51.39862],[-1.32672,51.39718],[-1.34302,51.39669],[-1.34305,51.39701],[-1.34138,51.39705],[-1.34127,51.398],[-1.34157,51.40026],[-1.33867,51.40068],[-1.33798,51.40008]]]}},{"type":"Feature","properties":{"id":"E01016313","name":"E01016313","parent":"E06000037","type":"LSOA","pop":1796,"r":111,"ff":34,"ffd":1893.1,"ffs":0.4198,"g":30,"co":0,"mo":2,"sa":0,"ic":0},"geometry":{"type":"Polygon","coordinates":[[[-1.07296,51.48499],[-1.07501,51.48313],[-1.0753,51.48191],[-1.07749,51.4767],[-1.07887,51.47749],[-1.07975,51.47666],[-1.07953,51.47614],[-1.07985,51.47597],[-1.0823,51.4768],[-1.0832,51.47677],[-1.08547,51.47837],[-1.08664,51.48],[-1.08487,51.48045],[-1.08661,51.48092],[-1.08657,51.48126],[-1.08483,51.48146],[-1.08468,51.48115],[-1.08398,51.48116],[-1.08439,51.48246],[-1.08505,51.48242],[-1.08525,51.48276],[-1.08465,51.48332],[-1.08402,51.48329],[-1.08394,51.48363],[-1.08476,51.48419],[-1.08624,51.48473],[-1.08613,51.48543],[-1.08552,51.48553],[-1.08489,51.48657],[-1.07705,51.48793],[-1.07305,51.48951],[-1.07115,51.48974],[-1.07094,51.48779],[-1.07145,51.48751],[-1.07145,51.48692],[-1.07252,51.4862],[-1.07296,51.48499]]]}},{"type":"Feature","properties":{"id":"E01016314","name":"E01016314","parent":"E06000037","type":"LSOA","pop":1589,"r":93,"ff":29,"ffd":1825.0,"ffs":0.4143,"g":23,"co":0,"mo":2,"sa":2,"ic":1},"geometry":{"type":"Polygon","coordinates":[[[-1.08967,51.48579],[-1.08825,51.48575],[-1.08489,51.48657],[-1.08552,51.48553],[-1.08613,51.48543],[-1.08624,51.48473],[-1.08476,51.48419],[-1.08394,51.48363],[-1.08402,51.48329],[-1.08465,51.48332],[-1.08525,51.48276],[-1.08505,51.48242],[-1.08439,51.48246],[-1.08398,51.48116],[-1.08468,51.48115],[-1.08483,51.48146],[-1.08657,51.48126],[-1.08661,51.48092],[-1.08487,51.48045],[-1.08664,51.48],[-1.08547,51.47837],[-1.0832,51.47677],[-1.08416,51.47674],[-1.08405,51.47536],[-1.09054,51.47484],[-1.09555,51.47339],[-1.10039,51.47306],[-1.10002,51.47202],[-1.1036,51.47133],[-1.10584,51.4706],[-1.10392,51.46994],[-1.10331,51.46917],[-1.10313,51.46887],[-1.10377,51.46883],[-1.10337,51.46641],[-1.11122,51.46683],[-1.11392,51.46506],[-1.11331,51.464],[-1.11298,51.4615],[-1.11382,51.46019],[-1.12118,51.45962],[-1.1231,51.46043],[-1.12359,51.46012],[-1.12682,51.46096],[-1.12719,51.46173],[-1.1264,51.46403],[-1.12743,51.46728],[-1.12755,51.47031],[-1.12694,51.47678],[-1.12637,51.47712],[-1.12506,51.47685],[-1.12507,51.47885],[-1.12243,51.47915],[-1.12226,51.47871],[-1.1215,51.47875],[-1.12172,51.47931],[-1.12051,51.47929],[-1.11984,51.47966],[-1.12114,51.48197],[-1.11812,51.48256],[-1.11893,51.48407],[-1.11246,51.48711],[-1.10278,51.49017],[-1.10084,51.48906],[-1.0899,51.48621],[-1.08967,51.48579]]]}},{"type":"Feature","properties":{"id":"E01016315","name":"E01016315","parent":"E06000037","type":"LSOA","pop":1704,"r":166,"ff":52,"ffd":3051.6,"ffs":0.4127,"g":39,"co":0,"mo":2,"sa":0,"ic":0},"geometry":{"type":"Polygon","coordinates":[[[-1.07482,51.47689],[-1.06958,51.47559],[-1.06786,51.47713],[-1.06697,51.47743],[-1.06425,51.47627],[-1.06384,51.47651],[-1.06286,51.47642],[-1.06263,51.47538],[-1.06302,51.47403],[-1.05796,51.47392],[-1.05751,51.47476],[-1.05532,51.47474],[-1.05509,51.47496],[-1.05278,51.47457],[-1.05244,51.47242],[-1.05191,51.47254],[-1.04973,51.47378],[-1.0488,51.47294],[-1.04928,51.47225],[-1.05059,51.4725],[-1.05085,51.47178],[-1.05017,51.47161],[-1.05039,51.47096],[-1.04939,51.46984],[-1.04986,51.46912],[-1.05029,51.46885],[-1.0515,51.46908],[-1.05179,51.46782],[-1.05432,51.46722],[-1.05448,51.46737],[-1.05612,51.4667],[-1.05654,51.46725],[-1.05643,51.4667],[-1.05706,51.46663],[-1.05904,51.46776],[-1.05976,51.4676],[-1.05948,51.46723],[-1.06103,51.46693],[-1.06178,51.46628],[-1.06226,51.46648],[-1.06319,51.46813],[-1.06256,51.4685],[-1.06518,51.47042],[-1.06599,51.46872],[-1.0669,51.46419],[-1.06667,51.46245],[-1.06635,51.46136],[-1.06367,51.46091],[-1.06354,51.46048],[-1.06423,51.45977],[-1.06386,51.45834],[-1.06509,51.45782],[-1.06514,51.45661],[-1.06598,51.45525],[-1.06546,51.45459],[-1.06628,51.4529],[-1.06575,51.45009],[-1.06595,51.44855],[-1.06543,51.44804],[-1.06576,51.44755],[-1.06668,51.44477],[-1.06782,51.44428],[-1.06632,51.44287],[-1.06618,51.44199],[-1.06656,51.44145],[-1.06823,51.4407],[-1.07105,51.44308],[-1.07422,51.44737],[-1.07736,51.4511],[-1.08094,51.4536],[-1.08609,51.45591],[-1.09405,51.4583],[-1.09845,51.45918],[-1.10479,51.45999],[-1.11382,51.46019],[-1.11298,51.4615],[-1.11331,51.464],[-1.11392,51.46506],[-1.11122,51.46683],[-1.10337,51.46641],[-1.10377,51.46883],[-1.10313,51.46887],[-1.10331,51.46917],[-1.10392,51.46994],[-1.10584,51.4706],[-1.1036,51.47133],[-1.10002,51.47202],[-1.10039,51.47306],[-1.09555,51.47339],[-1.09054,51.47484],[-1.08405,51.47536],[-1.08416,51.47674],[-1.0823,51.4768],[-1.07985,51.47597],[-1.07953,51.47614],[-1.07975,51.47666],[-1.07887,51.47749],[-1.07749,51.4767],[-1.07677,51.47854],[-1.07533,51.47804],[-1.07459,51.47723],[-1.07482,51.47689]]]}},{"type":"Feature","properties":{"id":"E01016316","name":"E01016316","parent":"E06000037","type":"LSOA","pop":2075,"r":173,"ff":52,"ffd":2506.0,"ffs":0.3939,"g":39,"co":0,"mo":2,"sa":0,"ic":0},"geometry":{"type":"Polygon","coordinates":[[[-1.03758,51.48402],[-1.03739,51.48238],[-1.03882,51.4794],[-1.03937,51.47947],[-1.0394,51.47921],[-1.04048,51.47889],[-1.04347,51.48053],[-1.04444,51.48012],[-1.04466,51.47946],[-1.04641,51.48024],[-1.04553,51.48143],[-1.04841,51.48213],[-1.04959,51.48134],[-1.05067,51.4816],[-1.05215,51.48251],[-1.05291,51.48349],[-1.05385,51.48208],[-1.05382,51.48141],[-1.05556,51.48134],[-1.05634,51.48158],[-1.05665,51.48118],[-1.0542,51.48093],[-1.05417,51.48127],[-1.05383,51.48124],[-1.0532,51.48068],[-1.05342,51.47976],[-1.05199,51.4796],[-1.05212,51.47911],[-1.05358,51.47868],[-1.05308,51.47827],[-1.05328,51.47774],[-1.05278,51.47756],[-1.05213,51.47777],[-1.05131,51.47709],[-1.05238,51.47657],[-1.0524,51.47597],[-1.0541,51.47535],[-1.05429,51.47485],[-1.05509,51.47496],[-1.05532,51.47474],[-1.05751,51.47476],[-1.05796,51.47392],[-1.06302,51.47403],[-1.06263,51.47538],[-1.06286,51.47642],[-1.06384,51.47651],[-1.06425,51.47627],[-1.06697,51.47743],[-1.06786,51.47713],[-1.06958,51.47559],[-1.07482,51.47689],[-1.07459,51.47723],[-1.07533,51.47804],[-1.07677,51.47854],[-1.0753,51.48191],[-1.07501,51.48313],[-1.07296,51.48499],[-1.07252,51.4862],[-1.07145,51.48692],[-1.07145,51.48751],[-1.07094,51.48779],[-1.07115,51.48974],[-1.05971,51.49179],[-1.05542,51.49204],[-1.05135,51.49186],[-1.04868,51.49078],[-1.04615,51.49017],[-1.0422,51.48865],[-1.0398,51.48664],[-1.03985,51.48544],[-1.03758,51.48402]]]}},{"type":"Feature","properties":{"id":"E01016317","name":"E01016317","parent":"E06000037","type":"LSOA","pop":1522,"r":143,"ff":41,"ffd":2693.8,"ffs":0.3942,"g":38,"co":0,"mo":2,"sa":0,"ic":0},"geometry":{"type":"Polygon","coordinates":[[[-1.05067,51.4816],[-1.04959,51.48134],[-1.04841,51.48213],[-1.04553,51.48143],[-1.04641,51.48024],[-1.04466,51.47946],[-1.04444,51.48012],[-1.04347,51.48053],[-1.04048,51.47889],[-1.0394,51.47921],[-1.03937,51.47947],[-1.03882,51.4794],[-1.03907,51.47696],[-1.03841,51.47611],[-1.03656,51.47523],[-1.03679,51.47506],[-1.03592,51.47442],[-1.03669,51.47339],[-1.03854,51.4721],[-1.04019,51.47257],[-1.03928,51.47343],[-1.04385,51.47453],[-1.04378,51.47488],[-1.04424,51.47501],[-1.04481,51.47419],[-1.04785,51.47473],[-1.04614,51.47551],[-1.04609,51.47638],[-1.0473,51.47794],[-1.04843,51.47705],[-1.04848,51.47768],[-1.04815,51.47801],[-1.04847,51.47911],[-1.04802,51.47932],[-1.05096,51.48044],[-1.0532,51.48068],[-1.05383,51.48124],[-1.05417,51.48127],[-1.0542,51.48093],[-1.05665,51.48118],[-1.05634,51.48158],[-1.05556,51.48134],[-1.05382,51.48141],[-1.05385,51.48208],[-1.05291,51.48349],[-1.05215,51.48251],[-1.05067,51.4816]]]}},{"type":"Feature","properties":{"id":"E01016318","name":"E01016318","parent":"E06000037","type":"LSOA","pop":1525,"r":185,"ff":59,"ffd":3868.9,"ffs":0.4069,"g":38,"co":0,"mo":2,"sa":0,"ic":0},"geometry":{"type":"Polygon","coordinates":[[[-1.04815,51.47801],[-1.04848,51.47768],[-1.04843,51.47705],[-1.0473,51.47794],[-1.04609,51.47638],[-1.04614,51.47551],[-1.04788,51.47475],[-1.0463,51.47449],[-1.04717,51.47366],[-1.0483,51.47391],[-1.0488,51.47294],[-1.04973,51.47378],[-1.05191,51.47254],[-1.05244,51.47242],[-1.05278,51.47457],[-1.05429,51.47485],[-1.0541,51.47535],[-1.0524,51.47597],[-1.05238,51.47657],[-1.05131,51.47709],[-1.05213,51.47777],[-1.05278,51.47756],[-1.05328,51.47774],[-1.05308,51.47827],[-1.05358,51.47868],[-1.05212,51.47911],[-1.05199,51.4796],[-1.05342,51.47976],[-1.0532,51.48068],[-1.05096,51.48044],[-1.04802,51.47932],[-1.04847,51.47911],[-1.04815,51.47801]]]}},{"type":"Feature","properties":{"id":"E01016319","name":"E01016319","parent":"E06000037","type":"LSOA","pop":1876,"r":85,"ff":29,"ffd":1545.8,"ffs":0.4677,"g":23,"co":0,"mo":2,"sa":0,"ic":3},"geometry":{"type":"Polygon","coordinates":[[[-1.32646,51.39404],[-1.32586,51.39336],[-1.32601,51.39311],[-1.32672,51.39322],[-1.32848,51.3926],[-1.32962,51.39309],[-1.3305,51.39228],[-1.33312,51.39395],[-1.33824,51.39244],[-1.3386,51.3946],[-1.33927,51.39678],[-1.32672,51.39718],[-1.32619,51.39521],[-1.32582,51.39504],[-1.32636,51.39452],[-1.32646,51.39404]]]}},{"type":"Feature","properties":{"id":"E01016320","name":"E01016320","parent":"E06000037","type":"LSOA","pop":1493,"r":87,"ff":29,"ffd":1942.4,"ffs":0.4531,"g":23,"co":0,"mo":2,"sa":0,"ic":3},"geometry":{"type":"Polygon","coordinates":[[[-1.31956,51.39436],[-1.31959,51.39224],[-1.32002,51.38893],[-1.3208,51.38939],[-1.32072,51.3897],[-1.32209,51.3896],[-1.32211,51.38992],[-1.32267,51.38988],[-1.3232,51.38937],[-1.3225,51.3882],[-1.32346,51.3881],[-1.32489,51.39003],[-1.32631,51.39086],[-1.32692,51.39225],[-1.32657,51.39268],[-1.3273,51.39299],[-1.32672,51.39322],[-1.32601,51.39311],[-1.32586,51.39336],[-1.32646,51.39404],[-1.32636,51.39452],[-1.32582,51.39504],[-1.32205,51.39557],[-1.32034,51.3962],[-1.31956,51.39436]]]}},{"type":"Feature","properties":{"id":"E01016321","name":"E01016321","parent":"E06000037","type":"LSOA","pop":1689,"r":85,"ff":29,"ffd":1717.0,"ffs":0.4677,"g":23,"co":0,"mo":2,"sa":0,"ic":3},"geometry":{"type":"Polygon","coordinates":[[[-1.32489,51.39003],[-1.32346,51.3881],[-1.3225,51.3882],[-1.3232,51.38937],[-1.32267,51.38988],[-1.32211,51.38992],[-1.32209,51.3896],[-1.32072,51.3897],[-1.3208,51.38939],[-1.32002,51.38893],[-1.32012,51.38682],[-1.32074,51.38471],[-1.32212,51.38448],[-1.32515,51.38475],[-1.32886,51.38451],[-1.32915,51.38531],[-1.32864,51.38536],[-1.32961,51.38736],[-1.33072,51.38753],[-1.33083,51.38782],[-1.32875,51.38787],[-1.32875,51.38808],[-1.32847,51.38765],[-1.32804,51.38781],[-1.32808,51.38892],[-1.32846,51.38914],[-1.32823,51.38978],[-1.32656,51.38996],[-1.3256,51.38974],[-1.32489,51.39003]]]}},{"type":"Feature","properties":{"id":"E01016322","name":"E01016322","parent":"E06000037","type":"LSOA","pop":1453,"r":85,"ff":29,"ffd":1995.9,"ffs":0.4677,"g":23,"co":0,"mo":2,"sa":0,"ic":3},"geometry":{"type":"Polygon","coordinates":[[[-1.32962,51.39309],[-1.32848,51.3926],[-1.3273,51.39299],[-1.32657,51.39268],[-1.32692,51.39225],[-1.32631,51.39086],[-1.32489,51.39003],[-1.3256,51.38974],[-1.32656,51.38996],[-1.32823,51.38978],[-1.32846,51.38914],[-1.32808,51.38892],[-1.32804,51.38781],[-1.32847,51.38765],[-1.32875,51.38808],[-1.32875,51.38787],[-1.33083,51.38782],[-1.33072,51.38753],[-1.32961,51.38736],[-1.32864,51.38536],[-1.32915,51.38531],[-1.32886,51.38451],[-1.32515,51.38475],[-1.32212,51.38448],[-1.32074,51.38471],[-1.32096,51.38384],[-1.32756,51.38373],[-1.33294,51.38258],[-1.33463,51.38192],[-1.33892,51.38159],[-1.33857,51.3825],[-1.34007,51.38237],[-1.33691,51.38475],[-1.3305,51.39228],[-1.32962,51.39309]]]}},{"type":"Feature","properties":{"id":"E01016323","name":"E01016323","parent":"E06000037","type":"LSOA","pop":1604,"r":84,"ff":28,"ffd":1745.6,"ffs":0.459,"g":23,"co":0,"mo":2,"sa":0,"ic":3},"geometry":{"type":"Polygon","coordinates":[[[-1.33027,51.42457],[-1.3293,51.42288],[-1.32945,51.42142],[-1.33028,51.42129],[-1.32974,51.42],[-1.32892,51.42028],[-1.32835,51.42014],[-1.32834,51.41899],[-1.32359,51.41969],[-1.32329,51.41837],[-1.32676,51.41691],[-1.32908,51.4171],[-1.32891,51.41648],[-1.32917,51.41625],[-1.32988,51.41641],[-1.32984,51.41575],[-1.33121,51.4159],[-1.33114,51.41642],[-1.33215,51.4167],[-1.33295,51.41746],[-1.33405,51.41723],[-1.33312,51.41667],[-1.33374,51.41607],[-1.33342,51.41568],[-1.33219,51.41586],[-1.3318,51.41526],[-1.33251,51.41519],[-1.33381,51.41445],[-1.33205,51.41403],[-1.33233,51.41279],[-1.33695,51.41256],[-1.33699,51.41007],[-1.33747,51.41006],[-1.33784,51.4112],[-1.33812,51.41101],[-1.3406,51.41113],[-1.34133,51.40895],[-1.34316,51.40943],[-1.34405,51.40848],[-1.3429,51.40803],[-1.34204,51.40829],[-1.34094,51.40798],[-1.33937,51.40675],[-1.33882,51.40699],[-1.33782,51.40674],[-1.33724,51.40774],[-1.33392,51.40636],[-1.3365,51.40638],[-1.3364,51.40449],[-1.34171,51.40427],[-1.34264,51.40667],[-1.34561,51.40558],[-1.34854,51.40314],[-1.35269,51.40278],[-1.35478,51.40117],[-1.35525,51.40722],[-1.35402,51.40608],[-1.34877,51.40866],[-1.35054,51.41048],[-1.35028,51.4108],[-1.35079,51.41172],[-1.35201,51.41283],[-1.34952,51.41518],[-1.35039,51.41546],[-1.34872,51.41748],[-1.34757,51.41726],[-1.34611,51.41957],[-1.34666,51.41973],[-1.34786,51.41942],[-1.34855,51.41995],[-1.34767,51.42042],[-1.34667,51.42165],[-1.34642,51.42287],[-1.34749,51.42324],[-1.34898,51.42455],[-1.34262,51.42656],[-1.3379,51.42423],[-1.33428,51.42495],[-1.33346,51.42678],[-1.32908,51.42732],[-1.32848,51.42607],[-1.33027,51.42457]]]}},{"type":"Feature","properties":{"id":"E01016324","name":"E01016324","parent":"E06000037","type":"LSOA","pop":1820,"r":88,"ff":29,"ffd":1593.4,"ffs":0.4462,"g":23,"co":2,"mo":2,"sa":0,"ic":3},"geometry":{"type":"Polygon","coordinates":[[[-1.29434,51.43596],[-1.29297,51.43472],[-1.29072,51.4337],[-1.28718,51.43294],[-1.28894,51.432],[-1.29066,51.43037],[-1.28929,51.42944],[-1.29087,51.42785],[-1.29152,51.42807],[-1.29232,51.42746],[-1.29155,51.42711],[-1.29206,51.42672],[-1.29044,51.42622],[-1.28999,51.42573],[-1.28861,51.42552],[-1.28898,51.42485],[-1.28859,51.42441],[-1.29081,51.42297],[-1.2899,51.42209],[-1.29183,51.4203],[-1.29268,51.41977],[-1.29507,51.42058],[-1.29675,51.41997],[-1.29929,51.41793],[-1.30424,51.41956],[-1.30853,51.41642],[-1.31313,51.41124],[-1.31431,51.40952],[-1.31529,51.40976],[-1.3163,51.40925],[-1.31603,51.40905],[-1.3164,51.40878],[-1.31912,51.40907],[-1.32097,51.4119],[-1.32341,51.41228],[-1.32431,51.41134],[-1.32545,51.41102],[-1.32651,51.4112],[-1.33205,51.41403],[-1.33381,51.41445],[-1.33251,51.41519],[-1.3318,51.41526],[-1.33219,51.41586],[-1.33342,51.41568],[-1.33374,51.41607],[-1.33312,51.41667],[-1.33405,51.41723],[-1.33295,51.41746],[-1.33215,51.4167],[-1.33114,51.41642],[-1.33121,51.4159],[-1.32984,51.41575],[-1.32988,51.41641],[-1.32917,51.41625],[-1.32891,51.41648],[-1.32908,51.4171],[-1.32676,51.41691],[-1.32329,51.41837],[-1.32359,51.41969],[-1.32834,51.41899],[-1.32835,51.42014],[-1.32892,51.42028],[-1.32974,51.42],[-1.33028,51.42129],[-1.32945,51.42142],[-1.3293,51.42288],[-1.33027,51.42457],[-1.32848,51.42607],[-1.32908,51.42732],[-1.33346,51.42678],[-1.33428,51.42495],[-1.3379,51.42423],[-1.34262,51.42656],[-1.34898,51.42455],[-1.35062,51.42807],[-1.34986,51.42913],[-1.35101,51.43043],[-1.34802,51.43136],[-1.34471,51.43126],[-1.34414,51.43223],[-1.34197,51.43294],[-1.33828,51.43209],[-1.33654,51.43543],[-1.3343,51.43538],[-1.33334,51.43171],[-1.3242,51.43218],[-1.32267,51.43241],[-1.32132,51.43311],[-1.31913,51.43364],[-1.31495,51.43411],[-1.31411,51.43368],[-1.3127,51.43618],[-1.30528,51.43509],[-1.29965,51.43938],[-1.29875,51.43848],[-1.29434,51.43596]]]}},{"type":"Feature","properties":{"id":"E01016325","name":"E01016325","parent":"E06000037","type":"LSOA","pop":1596,"r":86,"ff":29,"ffd":1817.0,"ffs":0.4603,"g":23,"co":0,"mo":2,"sa":0,"ic":3},"geometry":{"type":"Polygon","coordinates":[[[-1.33341,51.41273],[-1.33251,51.40752],[-1.33721,51.408],[-1.33782,51.40674],[-1.33882,51.40699],[-1.33937,51.40675],[-1.34094,51.40798],[-1.34204,51.40829],[-1.3429,51.40803],[-1.34405,51.40848],[-1.34316,51.40943],[-1.34133,51.40895],[-1.3406,51.41113],[-1.33812,51.41101],[-1.33784,51.4112],[-1.33747,51.41006],[-1.33699,51.41007],[-1.33695,51.41256],[-1.33341,51.41273]]]}},{"type":"Feature","properties":{"id":"E01016326","name":"E01016326","parent":"E06000037","type":"LSOA","pop":1373,"r":71,"ff":20,"ffd":1456.7,"ffs":0.4167,"g":23,"co":2,"mo":2,"sa":2,"ic":3},"geometry":{"type":"Polygon","coordinates":[[[-1.35757,51.4737],[-1.3567,51.47276],[-1.35618,51.47275],[-1.35551,51.47205],[-1.35416,51.47163],[-1.34926,51.47305],[-1.34904,51.47246],[-1.3453,51.47242],[-1.34138,51.47162],[-1.33972,51.47031],[-1.33791,51.46967],[-1.33433,51.46992],[-1.33537,51.46663],[-1.33534,51.46641],[-1.3339,51.4662],[-1.33423,51.46485],[-1.33548,51.46496],[-1.33434,51.46033],[-1.3359,51.45755],[-1.33936,51.45602],[-1.33851,51.45475],[-1.33696,51.45324],[-1.33221,51.45126],[-1.3314,51.4489],[-1.33263,51.44747],[-1.33105,51.44666],[-1.33412,51.44466],[-1.33402,51.44124],[-1.33524,51.44101],[-1.3343,51.43538],[-1.33654,51.43543],[-1.33828,51.43209],[-1.34197,51.43294],[-1.34414,51.43223],[-1.34471,51.43126],[-1.34802,51.43136],[-1.35101,51.43043],[-1.34986,51.42913],[-1.35062,51.42807],[-1.34898,51.42455],[-1.34749,51.42324],[-1.34642,51.42287],[-1.34667,51.42165],[-1.34767,51.42042],[-1.34855,51.41995],[-1.34786,51.41942],[-1.34666,51.41973],[-1.34611,51.41957],[-1.34757,51.41726],[-1.34872,51.41748],[-1.35039,51.41546],[-1.34952,51.41518],[-1.35201,51.41283],[-1.35079,51.41172],[-1.35028,51.4108],[-1.35054,51.41048],[-1.34877,51.40866],[-1.35402,51.40608],[-1.35525,51.40722],[-1.35478,51.40117],[-1.35269,51.40278],[-1.34854,51.40314],[-1.34561,51.40558],[-1.34264,51.40667],[-1.34171,51.40427],[-1.34141,51.40428],[-1.34039,51.40137],[-1.34187,51.40179],[-1.34127,51.398],[-1.34138,51.39705],[-1.35188,51.39685],[-1.35455,51.39692],[-1.3547,51.39718],[-1.35654,51.39689],[-1.37016,51.39735],[-1.37739,51.39829],[-1.3867,51.40116],[-1.39202,51.40223],[-1.40801,51.40351],[-1.40922,51.40471],[-1.41044,51.40797],[-1.4095,51.41211],[-1.40996,51.41281],[-1.41216,51.413],[-1.41187,51.41757],[-1.4091,51.42174],[-1.40888,51.42347],[-1.40743,51.42408],[-1.40663,51.4249],[-1.40307,51.42409],[-1.40162,51.4247],[-1.40751,51.42802],[-1.40837,51.42732],[-1.40847,51.42857],[-1.40916,51.42893],[-1.4085,51.42982],[-1.40998,51.43074],[-1.40618,51.43341],[-1.40286,51.43531],[-1.39806,51.43692],[-1.3959,51.43832],[-1.39656,51.44293],[-1.39532,51.44505],[-1.39553,51.44573],[-1.39608,51.44601],[-1.39396,51.44661],[-1.39364,51.44746],[-1.3924,51.4477],[-1.39243,51.4499],[-1.38971,51.45591],[-1.38672,51.46085],[-1.38192,51.46676],[-1.38102,51.46722],[-1.37708,51.46791],[-1.38107,51.47066],[-1.3788,51.4717],[-1.37486,51.47439],[-1.36677,51.47599],[-1.36394,51.47625],[-1.35944,51.47633],[-1.3581,51.47527],[-1.35757,51.4737]]]}},{"type":"Feature","properties":{"id":"E01016327","name":"E01016327","parent":"E06000037","type":"LSOA","pop":1238,"r":17,"ff":12,"ffd":969.3,"ffs":0.7059,"g":0,"co":1,"mo":3,"sa":3,"ic":3},"geometry":{"type":"Polygon","coordinates":[[[-1.1271,51.4215],[-1.1185,51.41672],[-1.12148,51.41386],[-1.13071,51.40572],[-1.13945,51.40244],[-1.13853,51.40133],[-1.13699,51.40091],[-1.13741,51.40092],[-1.13642,51.40032],[-1.1366,51.39996],[-1.1373,51.40033],[-1.14642,51.39967],[-1.15154,51.39646],[-1.15326,51.39742],[-1.15274,51.39788],[-1.15204,51.39748],[-1.15006,51.3986],[-1.15132,51.39972],[-1.15392,51.39934],[-1.15691,51.40097],[-1.15799,51.40217],[-1.15957,51.40272],[-1.16168,51.40438],[-1.16903,51.40688],[-1.17101,51.408],[-1.16972,51.40896],[-1.17002,51.41093],[-1.16869,51.41088],[-1.16718,51.41192],[-1.16692,51.41318],[-1.16729,51.41484],[-1.16946,51.41415],[-1.17063,51.41495],[-1.16884,51.41918],[-1.16731,51.42039],[-1.16603,51.42076],[-1.16561,51.42058],[-1.16124,51.42101],[-1.15785,51.42175],[-1.15531,51.42301],[-1.15341,51.42351],[-1.15152,51.42456],[-1.15127,51.42514],[-1.1491,51.42533],[-1.14693,51.42643],[-1.14359,51.42731],[-1.13604,51.42998],[-1.1351,51.43002],[-1.13107,51.42761],[-1.13027,51.42684],[-1.1292,51.42457],[-1.12929,51.4239],[-1.12782,51.42346],[-1.1271,51.42253],[-1.1271,51.4215]]]}},{"type":"Feature","properties":{"id":"E01016328","name":"E01016328","parent":"E06000037","type":"LSOA","pop":2060,"r":28,"ff":15,"ffd":728.2,"ffs":0.5357,"g":0,"co":1,"mo":3,"sa":3,"ic":1},"geometry":{"type":"Polygon","coordinates":[[[-1.09845,51.45918],[-1.09405,51.4583],[-1.08609,51.45591],[-1.08094,51.4536],[-1.07736,51.4511],[-1.07422,51.44737],[-1.07532,51.44718],[-1.07684,51.44606],[-1.07783,51.4458],[-1.07988,51.44416],[-1.08136,51.44445],[-1.08266,51.44408],[-1.08365,51.44489],[-1.08478,51.44383],[-1.08633,51.43956],[-1.09216,51.44036],[-1.09226,51.43147],[-1.09386,51.4309],[-1.08934,51.42728],[-1.08886,51.4274],[-1.0872,51.42602],[-1.08682,51.42616],[-1.08439,51.4249],[-1.08213,51.42553],[-1.07489,51.42603],[-1.0748,51.4258],[-1.07832,51.42359],[-1.07628,51.42293],[-1.07348,51.423],[-1.06898,51.4241],[-1.069,51.41992],[-1.06678,51.41613],[-1.06557,51.41542],[-1.06661,51.41436],[-1.06364,51.41294],[-1.06143,51.40976],[-1.05766,51.40998],[-1.05831,51.40904],[-1.06027,51.40795],[-1.06011,51.40585],[-1.06159,51.40425],[-1.07114,51.4011],[-1.07079,51.39639],[-1.06745,51.39263],[-1.07016,51.38987],[-1.07771,51.38713],[-1.07757,51.38907],[-1.08095,51.39493],[-1.08328,51.39767],[-1.08165,51.39829],[-1.08295,51.40087],[-1.0838,51.40067],[-1.08595,51.40136],[-1.0841,51.4031],[-1.08411,51.40352],[-1.0848,51.40477],[-1.08782,51.40579],[-1.0872,51.40772],[-1.08966,51.41048],[-1.09227,51.41091],[-1.09566,51.41227],[-1.09652,51.41306],[-1.09672,51.41389],[-1.09868,51.41506],[-1.1052,51.41743],[-1.10507,51.41765],[-1.10576,51.4179],[-1.10928,51.42089],[-1.11243,51.41973],[-1.1185,51.41672],[-1.1271,51.4215],[-1.1271,51.42253],[-1.12782,51.42346],[-1.12929,51.4239],[-1.1292,51.42457],[-1.13027,51.42684],[-1.13107,51.42761],[-1.1351,51.43002],[-1.13604,51.42998],[-1.13165,51.43141],[-1.12696,51.4347],[-1.12571,51.43643],[-1.12165,51.43912],[-1.11738,51.44403],[-1.11376,51.4487],[-1.10845,51.45162],[-1.10534,51.45441],[-1.10504,51.45566],[-1.10389,51.45637],[-1.10437,51.45694],[-1.10318,51.4574],[-1.10192,51.45884],[-1.10138,51.45892],[-1.10023,51.45846],[-1.09845,51.45918]]]}},{"type":"Feature","properties":{"id":"E01016329","name":"E01016329","parent":"E06000037","type":"LSOA","pop":1363,"r":89,"ff":29,"ffd":2127.7,"ffs":0.4394,"g":23,"co":0,"mo":2,"sa":0,"ic":3},"geometry":{"type":"Polygon","coordinates":[[[-1.26036,51.39671],[-1.26014,51.39631],[-1.25914,51.39631],[-1.25943,51.39575],[-1.25899,51.39519],[-1.25993,51.39452],[-1.26564,51.39531],[-1.26564,51.39622],[-1.26653,51.39624],[-1.26653,51.39722],[-1.26707,51.39723],[-1.26719,51.39811],[-1.26682,51.40074],[-1.26499,51.40079],[-1.26432,51.40159],[-1.26389,51.40137],[-1.26399,51.40026],[-1.26325,51.39967],[-1.26071,51.39938],[-1.26024,51.39907],[-1.26086,51.39873],[-1.25919,51.39853],[-1.25918,51.39711],[-1.26036,51.39671]]]}},{"type":"Feature","properties":{"id":"E01016330","name":"E01016330","parent":"E06000037","type":"LSOA","pop":1385,"r":89,"ff":29,"ffd":2093.9,"ffs":0.4394,"g":23,"co":0,"mo":2,"sa":0,"ic":3},"geometry":{"type":"Polygon","coordinates":[[[-1.25671,51.40172],[-1.25623,51.4008],[-1.2557,51.40083],[-1.25569,51.40123],[-1.25516,51.40119],[-1.25566,51.40132],[-1.25558,51.40165],[-1.25447,51.40153],[-1.25443,51.40038],[-1.25292,51.40027],[-1.25332,51.39788],[-1.25554,51.39786],[-1.25604,51.39565],[-1.25774,51.39586],[-1.25802,51.39425],[-1.25993,51.39452],[-1.25899,51.39519],[-1.25943,51.39575],[-1.25914,51.39631],[-1.26014,51.39631],[-1.26036,51.39671],[-1.25918,51.39711],[-1.25929,51.3982],[-1.25867,51.39965],[-1.25882,51.40078],[-1.25776,51.40126],[-1.25745,51.40204],[-1.25671,51.40172]]]}},{"type":"Feature","properties":{"id":"E01016331","name":"E01016331","parent":"E06000037","type":"LSOA","pop":1594,"r":85,"ff":27,"ffd":1693.9,"ffs":0.4355,"g":23,"co":0,"mo":2,"sa":0,"ic":3},"geometry":{"type":"Polygon","coordinates":[[[-1.26298,51.40982],[-1.25954,51.4092],[-1.25979,51.40794],[-1.25933,51.40384],[-1.26018,51.4037],[-1.26012,51.40444],[-1.26251,51.40445],[-1.26257,51.40557],[-1.26328,51.40618],[-1.26274,51.40678],[-1.26527,51.40704],[-1.2653,51.40623],[-1.26651,51.40622],[-1.26698,51.4052],[-1.26881,51.40533],[-1.26839,51.4066],[-1.26795,51.40898],[-1.26476,51.40883],[-1.2637,51.40969],[-1.26338,51.40955],[-1.26298,51.40982]]]}},{"type":"Feature","properties":{"id":"E01016332","name":"E01016332","parent":"E06000037","type":"LSOA","pop":1633,"r":72,"ff":23,"ffd":1408.5,"ffs":0.434,"g":19,"co":0,"mo":2,"sa":0,"ic":3},"geometry":{"type":"Polygon","coordinates":[[[-1.26257,51.40557],[-1.26251,51.40445],[-1.26012,51.40444],[-1.26018,51.4037],[-1.25933,51.40384],[-1.25491,51.40372],[-1.25447,51.40153],[-1.25558,51.40165],[-1.25566,51.40132],[-1.25516,51.40119],[-1.25569,51.40123],[-1.2557,51.40083],[-1.25623,51.4008],[-1.25671,51.40172],[-1.25745,51.40204],[-1.25776,51.40126],[-1.25882,51.40078],[-1.25867,51.39965],[-1.25919,51.39853],[-1.26086,51.39873],[-1.26024,51.39907],[-1.26071,51.39938],[-1.26325,51.39967],[-1.26399,51.40026],[-1.26389,51.40137],[-1.26432,51.40159],[-1.26499,51.40079],[-1.26682,51.40074],[-1.26635,51.4031],[-1.26587,51.40432],[-1.2689,51.40501],[-1.26881,51.40533],[-1.26698,51.4052],[-1.26651,51.40622],[-1.2653,51.40623],[-1.26527,51.40704],[-1.26274,51.40678],[-1.26328,51.40618],[-1.26257,51.40557]]]}},{"type":"Feature","properties":{"id":"E01016333","name":"E01016333","parent":"E06000037","type":"LSOA","pop":1281,"r":79,"ff":23,"ffd":1795.5,"ffs":0.4035,"g":22,"co":0,"mo":2,"sa":0,"ic":3},"geometry":{"type":"Polygon","coordinates":[[[-1.23317,51.41331],[-1.23241,51.41207],[-1.23023,51.41216],[-1.2283,51.41103],[-1.22546,51.41032],[-1.2203,51.41056],[-1.21604,51.4113],[-1.2163,51.40999],[-1.21942,51.40649],[-1.21849,51.40482],[-1.21969,51.40127],[-1.22176,51.40115],[-1.22273,51.40079],[-1.2232,51.39971],[-1.22292,51.39794],[-1.23026,51.39982],[-1.23625,51.4018],[-1.24016,51.40276],[-1.24518,51.40364],[-1.25045,51.40372],[-1.25096,51.40444],[-1.2495,51.40671],[-1.24817,51.40741],[-1.24835,51.40789],[-1.248,51.40795],[-1.24893,51.40916],[-1.25114,51.40899],[-1.25138,51.40956],[-1.25007,51.41],[-1.25095,51.41019],[-1.25254,51.40972],[-1.25288,51.41045],[-1.25221,51.41082],[-1.25285,51.41126],[-1.25384,51.41035],[-1.25482,51.41075],[-1.25578,51.41058],[-1.25622,51.41169],[-1.2529,51.41228],[-1.25721,51.41263],[-1.25782,51.41363],[-1.25756,51.41414],[-1.25572,51.41516],[-1.25525,51.41748],[-1.25437,51.41867],[-1.25257,51.41953],[-1.25186,51.42092],[-1.25027,51.42169],[-1.24959,51.42241],[-1.24681,51.42332],[-1.2433,51.42237],[-1.24013,51.42021],[-1.23529,51.41794],[-1.23513,51.41655],[-1.23608,51.41542],[-1.23317,51.41331]]]}},{"type":"Feature","properties":{"id":"E01016334","name":"E01016334","parent":"E06000037","type":"LSOA","pop":1682,"r":83,"ff":25,"ffd":1486.3,"ffs":0.4167,"g":23,"co":0,"mo":2,"sa":0,"ic":3},"geometry":{"type":"Polygon","coordinates":[[[-1.25288,51.41045],[-1.25254,51.40972],[-1.25095,51.41019],[-1.25007,51.41],[-1.25138,51.40956],[-1.25114,51.40899],[-1.24893,51.40916],[-1.248,51.40795],[-1.24835,51.40789],[-1.24817,51.40741],[-1.2495,51.40671],[-1.25096,51.40444],[-1.25045,51.40372],[-1.25784,51.40376],[-1.2565,51.40423],[-1.25712,51.40494],[-1.25645,51.40483],[-1.25636,51.40512],[-1.25483,51.40502],[-1.25392,51.40475],[-1.25312,51.40487],[-1.25318,51.40551],[-1.25233,51.40544],[-1.25204,51.40578],[-1.25247,51.40701],[-1.25365,51.40823],[-1.25389,51.40802],[-1.25423,51.40828],[-1.25459,51.40814],[-1.25437,51.40791],[-1.2547,51.40778],[-1.25515,51.40811],[-1.25549,51.40793],[-1.25603,51.40814],[-1.25705,51.40775],[-1.25733,51.40913],[-1.25578,51.41058],[-1.25482,51.41075],[-1.25384,51.41035],[-1.25285,51.41126],[-1.25221,51.41082],[-1.25288,51.41045]]]}},{"type":"Feature","properties":{"id":"E01016335","name":"E01016335","parent":"E06000037","type":"LSOA","pop":1490,"r":85,"ff":27,"ffd":1812.1,"ffs":0.4355,"g":23,"co":0,"mo":2,"sa":0,"ic":3},"geometry":{"type":"Polygon","coordinates":[[[-1.2529,51.41228],[-1.25622,51.41169],[-1.25578,51.41058],[-1.25733,51.40913],[-1.25705,51.40775],[-1.25719,51.4074],[-1.25777,51.40737],[-1.25813,51.40819],[-1.25932,51.40767],[-1.25926,51.40697],[-1.2597,51.40686],[-1.25979,51.40794],[-1.25954,51.4092],[-1.26298,51.40982],[-1.26338,51.40955],[-1.2637,51.40969],[-1.26476,51.40883],[-1.26795,51.40898],[-1.26733,51.41071],[-1.26282,51.41206],[-1.26051,51.41203],[-1.25975,51.41242],[-1.25921,51.41339],[-1.25782,51.41363],[-1.25721,51.41263],[-1.2529,51.41228]]]}},{"type":"Feature","properties":{"id":"E01016336","name":"E01016336","parent":"E06000037","type":"LSOA","pop":1315,"r":85,"ff":27,"ffd":2053.2,"ffs":0.4355,"g":23,"co":0,"mo":2,"sa":0,"ic":3},"geometry":{"type":"Polygon","coordinates":[[[-1.25423,51.40828],[-1.25389,51.40802],[-1.25365,51.40823],[-1.25247,51.40701],[-1.25204,51.40578],[-1.25233,51.40544],[-1.25318,51.40551],[-1.25312,51.40487],[-1.25392,51.40475],[-1.25483,51.40502],[-1.25636,51.40512],[-1.25645,51.40483],[-1.25712,51.40494],[-1.2565,51.40423],[-1.25784,51.40376],[-1.25933,51.40384],[-1.2597,51.40686],[-1.25926,51.40697],[-1.25932,51.40767],[-1.25813,51.40819],[-1.25777,51.40737],[-1.25719,51.4074],[-1.25705,51.40775],[-1.25603,51.40814],[-1.25549,51.40793],[-1.25515,51.40811],[-1.2547,51.40778],[-1.25437,51.40791],[-1.25459,51.40814],[-1.25423,51.40828]]]}},{"type":"Feature","properties":{"id":"E01016337","name":"E01016337","parent":"E06000037","type":"LSOA","pop":2322,"r":87,"ff":27,"ffd":1162.8,"ffs":0.4219,"g":23,"co":0,"mo":2,"sa":0,"ic":3},"geometry":{"type":"Polygon","coordinates":[[[-1.24846,51.40333],[-1.24844,51.40297],[-1.24682,51.403],[-1.24677,51.40256],[-1.24648,51.40265],[-1.24748,51.40154],[-1.247,51.40068],[-1.2476,51.40009],[-1.24861,51.39983],[-1.24703,51.39934],[-1.249,51.39898],[-1.24835,51.3964],[-1.24649,51.39557],[-1.24681,51.39526],[-1.2476,51.39519],[-1.25041,51.39632],[-1.25384,51.39627],[-1.25673,51.39511],[-1.25669,51.3948],[-1.25485,51.39443],[-1.25268,51.3947],[-1.25238,51.39438],[-1.25347,51.39238],[-1.25073,51.39012],[-1.24641,51.38932],[-1.24838,51.38666],[-1.24877,51.38522],[-1.25247,51.38236],[-1.25448,51.38179],[-1.259,51.38266],[-1.25886,51.38416],[-1.26214,51.3868],[-1.26706,51.39218],[-1.2702,51.39321],[-1.26051,51.39268],[-1.26145,51.39473],[-1.25802,51.39425],[-1.25774,51.39586],[-1.25604,51.39565],[-1.25554,51.39786],[-1.25332,51.39788],[-1.25292,51.40027],[-1.25443,51.40038],[-1.25438,51.40125],[-1.25491,51.40372],[-1.24897,51.40368],[-1.24904,51.40341],[-1.24846,51.40333]]]}},{"type":"Feature","properties":{"id":"E01016338","name":"E01016338","parent":"E06000037","type":"LSOA","pop":1725,"r":79,"ff":23,"ffd":1333.3,"ffs":0.4035,"g":22,"co":0,"mo":2,"sa":0,"ic":3},"geometry":{"type":"Polygon","coordinates":[[[-1.24518,51.40364],[-1.24016,51.40276],[-1.23625,51.4018],[-1.23663,51.40178],[-1.2369,51.40114],[-1.23815,51.40106],[-1.23869,51.40035],[-1.23812,51.40025],[-1.23853,51.40006],[-1.2383,51.39973],[-1.23882,51.39967],[-1.23779,51.39922],[-1.23806,51.39889],[-1.2407,51.39896],[-1.24046,51.398],[-1.24188,51.39797],[-1.24216,51.39765],[-1.24229,51.39795],[-1.24279,51.39792],[-1.24269,51.39763],[-1.24318,51.39756],[-1.24316,51.39735],[-1.24575,51.39694],[-1.24693,51.39714],[-1.24698,51.39687],[-1.2463,51.39687],[-1.24711,51.39574],[-1.24835,51.3964],[-1.249,51.39898],[-1.24703,51.39934],[-1.24861,51.39983],[-1.2476,51.40009],[-1.247,51.40068],[-1.24748,51.40154],[-1.24648,51.40265],[-1.24677,51.40256],[-1.24682,51.403],[-1.24844,51.40297],[-1.24846,51.40333],[-1.24904,51.40341],[-1.24897,51.40368],[-1.24518,51.40364]]]}},{"type":"Feature","properties":{"id":"E01016339","name":"E01016339","parent":"E06000037","type":"LSOA","pop":2967,"r":84,"ff":25,"ffd":842.6,"ffs":0.4032,"g":22,"co":0,"mo":2,"sa":0,"ic":3},"geometry":{"type":"Polygon","coordinates":[[[-1.23026,51.39982],[-1.22292,51.39794],[-1.22032,51.39801],[-1.22184,51.39361],[-1.22104,51.39305],[-1.21976,51.39284],[-1.21894,51.39022],[-1.21256,51.39161],[-1.21184,51.39098],[-1.21278,51.38994],[-1.21029,51.38984],[-1.20905,51.38919],[-1.20937,51.38882],[-1.21942,51.38728],[-1.21781,51.38562],[-1.21574,51.3842],[-1.21724,51.37934],[-1.21886,51.37725],[-1.2218,51.37558],[-1.22328,51.37525],[-1.22248,51.37231],[-1.22061,51.37086],[-1.21965,51.36956],[-1.22076,51.36847],[-1.22103,51.36759],[-1.2218,51.36779],[-1.22102,51.36859],[-1.2222,51.36869],[-1.22199,51.36945],[-1.22259,51.36975],[-1.22389,51.36918],[-1.22507,51.3695],[-1.22703,51.36878],[-1.22692,51.3685],[-1.2274,51.36831],[-1.22855,51.36828],[-1.22893,51.36784],[-1.22973,51.36801],[-1.23146,51.36747],[-1.23215,51.36768],[-1.2333,51.36713],[-1.23443,51.3676],[-1.23483,51.36706],[-1.23591,51.36757],[-1.23638,51.36702],[-1.23688,51.36719],[-1.23803,51.36683],[-1.23869,51.36721],[-1.23871,51.36675],[-1.24003,51.36656],[-1.24014,51.36623],[-1.24158,51.36622],[-1.24203,51.36691],[-1.24318,51.36711],[-1.24319,51.36783],[-1.24393,51.36743],[-1.24475,51.36742],[-1.24521,51.36811],[-1.24614,51.3684],[-1.24646,51.36954],[-1.24724,51.36947],[-1.24784,51.36981],[-1.24708,51.37021],[-1.24699,51.3711],[-1.24782,51.37074],[-1.24856,51.37183],[-1.25039,51.37163],[-1.25114,51.37204],[-1.25126,51.37183],[-1.25298,51.37202],[-1.25387,51.37144],[-1.25452,51.37208],[-1.25657,51.37183],[-1.25738,51.37211],[-1.25919,51.37142],[-1.25908,51.37016],[-1.26058,51.36958],[-1.26219,51.36838],[-1.26281,51.36858],[-1.26305,51.37017],[-1.26378,51.37016],[-1.26424,51.37061],[-1.2656,51.37082],[-1.26781,51.37032],[-1.2698,51.37038],[-1.26966,51.36944],[-1.27068,51.36883],[-1.27152,51.36981],[-1.27121,51.37113],[-1.27186,51.37216],[-1.27285,51.37274],[-1.27355,51.3762],[-1.27461,51.37767],[-1.27483,51.38112],[-1.27289,51.38235],[-1.27448,51.38274],[-1.2749,51.38442],[-1.27392,51.3861],[-1.27233,51.3868],[-1.27199,51.3875],[-1.27074,51.38799],[-1.26924,51.38924],[-1.26959,51.39014],[-1.27133,51.3904],[-1.27144,51.39144],[-1.2726,51.39152],[-1.27303,51.39224],[-1.27435,51.39246],[-1.27499,51.39336],[-1.27923,51.39465],[-1.28391,51.3966],[-1.27636,51.39658],[-1.26145,51.39473],[-1.26051,51.39268],[-1.2702,51.39321],[-1.26706,51.39218],[-1.26214,51.3868],[-1.25886,51.38416],[-1.259,51.38266],[-1.25448,51.38179],[-1.25247,51.38236],[-1.24877,51.38522],[-1.24838,51.38666],[-1.24641,51.38932],[-1.25073,51.39012],[-1.25347,51.39238],[-1.25238,51.39438],[-1.25268,51.3947],[-1.25485,51.39443],[-1.25669,51.3948],[-1.25673,51.39511],[-1.25384,51.39627],[-1.25125,51.39638],[-1.25041,51.39632],[-1.2476,51.39519],[-1.24681,51.39526],[-1.24649,51.39557],[-1.24711,51.39574],[-1.2463,51.39687],[-1.24698,51.39687],[-1.24693,51.39714],[-1.24575,51.39694],[-1.24316,51.39735],[-1.24318,51.39756],[-1.24269,51.39763],[-1.24279,51.39792],[-1.24229,51.39795],[-1.24216,51.39765],[-1.24188,51.39797],[-1.24046,51.398],[-1.2407,51.39896],[-1.23806,51.39889],[-1.23779,51.39922],[-1.23882,51.39967],[-1.2383,51.39973],[-1.23853,51.40006],[-1.23812,51.40025],[-1.23869,51.40035],[-1.23815,51.40106],[-1.2369,51.40114],[-1.23663,51.40178],[-1.23625,51.4018],[-1.23026,51.39982]]]}},{"type":"Feature","properties":{"id":"E01016340","name":"E01016340","parent":"E06000037","type":"LSOA","pop":2037,"r":86,"ff":27,"ffd":1325.5,"ffs":0.4286,"g":23,"co":0,"mo":2,"sa":0,"ic":3},"geometry":{"type":"Polygon","coordinates":[[[-1.27927,51.40969],[-1.2787,51.40949],[-1.27396,51.40971],[-1.27394,51.4093],[-1.26789,51.40949],[-1.26839,51.4066],[-1.2689,51.40501],[-1.26587,51.40432],[-1.26635,51.4031],[-1.26663,51.40409],[-1.26845,51.40443],[-1.26888,51.40386],[-1.26769,51.40371],[-1.26753,51.40339],[-1.26867,51.40354],[-1.26894,51.4032],[-1.26954,51.40323],[-1.26971,51.40358],[-1.26966,51.40441],[-1.27354,51.40473],[-1.27363,51.4053],[-1.27418,51.40545],[-1.27723,51.40523],[-1.28053,51.40555],[-1.28456,51.40633],[-1.28259,51.411],[-1.28033,51.41285],[-1.27845,51.41219],[-1.27942,51.41101],[-1.27927,51.40969]]]}},{"type":"Feature","properties":{"id":"E01016341","name":"E01016341","parent":"E06000037","type":"LSOA","pop":1296,"r":89,"ff":29,"ffd":2237.7,"ffs":0.4394,"g":23,"co":0,"mo":2,"sa":0,"ic":3},"geometry":{"type":"Polygon","coordinates":[[[-1.27354,51.40473],[-1.26966,51.40441],[-1.26971,51.40358],[-1.26954,51.40323],[-1.26894,51.4032],[-1.26867,51.40354],[-1.26753,51.40339],[-1.26769,51.40371],[-1.26888,51.40386],[-1.26845,51.40443],[-1.26663,51.40409],[-1.26635,51.4031],[-1.26719,51.39811],[-1.26707,51.39723],[-1.26653,51.39722],[-1.26653,51.39624],[-1.26564,51.39622],[-1.26564,51.39531],[-1.27636,51.39658],[-1.27543,51.39664],[-1.27485,51.39929],[-1.27355,51.40143],[-1.27585,51.40154],[-1.27569,51.40278],[-1.27749,51.40298],[-1.2774,51.40337],[-1.27638,51.40373],[-1.27645,51.40416],[-1.27582,51.40427],[-1.2756,51.40469],[-1.27689,51.40463],[-1.27723,51.40523],[-1.27418,51.40545],[-1.27363,51.4053],[-1.27354,51.40473]]]}},{"type":"Feature","properties":{"id":"E01016342","name":"E01016342","parent":"E06000037","type":"LSOA","pop":2079,"r":89,"ff":29,"ffd":1394.9,"ffs":0.4394,"g":23,"co":0,"mo":2,"sa":0,"ic":3},"geometry":{"type":"Polygon","coordinates":[[[-1.28764,51.41416],[-1.28593,51.41357],[-1.28487,51.41398],[-1.28033,51.41285],[-1.28259,51.411],[-1.28456,51.40633],[-1.28053,51.40555],[-1.27723,51.40523],[-1.27689,51.40463],[-1.2756,51.40469],[-1.27582,51.40427],[-1.27645,51.40416],[-1.27638,51.40373],[-1.2774,51.40337],[-1.27749,51.40298],[-1.27569,51.40278],[-1.27585,51.40154],[-1.27355,51.40143],[-1.27485,51.39929],[-1.27543,51.39664],[-1.28391,51.3966],[-1.28464,51.39732],[-1.2854,51.39748],[-1.28702,51.39908],[-1.28962,51.40078],[-1.29121,51.40063],[-1.29241,51.40139],[-1.29365,51.40126],[-1.29596,51.40171],[-1.29586,51.40438],[-1.29125,51.40447],[-1.28827,51.40492],[-1.28817,51.40725],[-1.29348,51.40788],[-1.29307,51.41074],[-1.29258,51.41108],[-1.29284,51.4121],[-1.29228,51.41284],[-1.29045,51.41451],[-1.28764,51.41416]]]}},{"type":"Feature","properties":{"id":"E01016343","name":"E01016343","parent":"E06000037","type":"LSOA","pop":1359,"r":86,"ff":27,"ffd":1986.8,"ffs":0.4286,"g":23,"co":0,"mo":2,"sa":0,"ic":3},"geometry":{"type":"Polygon","coordinates":[[[-1.26733,51.41071],[-1.26789,51.40949],[-1.27394,51.4093],[-1.27396,51.40971],[-1.2787,51.40949],[-1.27927,51.40969],[-1.27942,51.41101],[-1.27845,51.41219],[-1.27529,51.41337],[-1.27376,51.4137],[-1.27094,51.41257],[-1.26887,51.41096],[-1.26733,51.41071]]]}},{"type":"Feature","properties":{"id":"E01016344","name":"E01016344","parent":"E06000037","type":"LSOA","pop":1592,"r":144,"ff":55,"ffd":3454.8,"ffs":0.514,"g":37,"co":0,"mo":2,"sa":0,"ic":0},"geometry":{"type":"Polygon","coordinates":[[[-1.07422,51.44737],[-1.07105,51.44308],[-1.06823,51.4407],[-1.06808,51.44039],[-1.06765,51.44031],[-1.06459,51.43854],[-1.05777,51.43577],[-1.05364,51.43381],[-1.05575,51.43231],[-1.05958,51.4317],[-1.06448,51.43178],[-1.06464,51.43213],[-1.06404,51.43248],[-1.06477,51.4327],[-1.06577,51.43438],[-1.06647,51.43429],[-1.06661,51.43472],[-1.07362,51.43398],[-1.07341,51.43415],[-1.0752,51.43605],[-1.07551,51.43674],[-1.07327,51.43732],[-1.07267,51.43766],[-1.0728,51.43817],[-1.07688,51.43702],[-1.07709,51.43727],[-1.07852,51.4371],[-1.0791,51.43747],[-1.07978,51.43687],[-1.07925,51.43664],[-1.08219,51.43622],[-1.0817,51.43696],[-1.08206,51.43738],[-1.08715,51.43979],[-1.08633,51.43956],[-1.08478,51.44383],[-1.08365,51.44489],[-1.08266,51.44408],[-1.08136,51.44445],[-1.07988,51.44416],[-1.07783,51.4458],[-1.07684,51.44606],[-1.07532,51.44718],[-1.07422,51.44737]]]}},{"type":"Feature","properties":{"id":"E01016345","name":"E01016345","parent":"E06000037","type":"LSOA","pop":1508,"r":144,"ff":55,"ffd":3647.2,"ffs":0.514,"g":37,"co":0,"mo":2,"sa":0,"ic":0},"geometry":{"type":"Polygon","coordinates":[[[-1.0817,51.43696],[-1.08219,51.43622],[-1.07925,51.43664],[-1.07978,51.43687],[-1.0791,51.43747],[-1.07852,51.4371],[-1.07709,51.43727],[-1.07688,51.43702],[-1.0728,51.43817],[-1.07267,51.43766],[-1.07327,51.43732],[-1.07551,51.43674],[-1.0752,51.43605],[-1.07341,51.43415],[-1.07362,51.43398],[-1.06661,51.43472],[-1.06647,51.43429],[-1.06577,51.43438],[-1.06477,51.4327],[-1.06404,51.43248],[-1.06464,51.43213],[-1.06448,51.43178],[-1.06959,51.43063],[-1.0714,51.42859],[-1.07489,51.42603],[-1.08213,51.42553],[-1.08439,51.4249],[-1.08682,51.42616],[-1.0872,51.42602],[-1.08886,51.4274],[-1.08934,51.42728],[-1.09386,51.4309],[-1.09226,51.43147],[-1.09216,51.44036],[-1.08715,51.43979],[-1.08206,51.43738],[-1.0817,51.43696]]]}},{"type":"Feature","properties":{"id":"E01016346","name":"E01016346","parent":"E06000037","type":"LSOA","pop":1683,"r":88,"ff":29,"ffd":1723.1,"ffs":0.4462,"g":23,"co":0,"mo":2,"sa":0,"ic":3},"geometry":{"type":"Polygon","coordinates":[[[-1.31265,51.40923],[-1.31235,51.40858],[-1.31267,51.4072],[-1.31412,51.40565],[-1.30905,51.40417],[-1.30595,51.40356],[-1.30177,51.40401],[-1.3019,51.40361],[-1.30255,51.40347],[-1.30203,51.40225],[-1.29641,51.40093],[-1.29746,51.39988],[-1.30592,51.39948],[-1.3062,51.40058],[-1.30904,51.40065],[-1.31008,51.40196],[-1.31607,51.40092],[-1.31681,51.40137],[-1.31887,51.40131],[-1.31984,51.40184],[-1.3193,51.40271],[-1.32063,51.40306],[-1.32057,51.40478],[-1.3226,51.40477],[-1.32262,51.40496],[-1.32475,51.40487],[-1.32487,51.40512],[-1.32632,51.40487],[-1.32743,51.40526],[-1.32749,51.40602],[-1.32681,51.40608],[-1.32444,51.40565],[-1.31785,51.40675],[-1.3177,51.4071],[-1.31912,51.40907],[-1.3164,51.40878],[-1.31603,51.40905],[-1.3163,51.40925],[-1.31529,51.40976],[-1.31356,51.40929],[-1.31265,51.40923]]]}},{"type":"Feature","properties":{"id":"E01016348","name":"E01016348","parent":"E06000037","type":"LSOA","pop":2509,"r":88,"ff":29,"ffd":1155.8,"ffs":0.4462,"g":23,"co":0,"mo":2,"sa":0,"ic":3},"geometry":{"type":"Polygon","coordinates":[[[-1.32262,51.40496],[-1.3226,51.40477],[-1.32057,51.40478],[-1.32063,51.40306],[-1.3193,51.40271],[-1.31984,51.40184],[-1.31887,51.40131],[-1.31681,51.40137],[-1.31607,51.40092],[-1.31008,51.40196],[-1.30904,51.40065],[-1.3062,51.40058],[-1.30592,51.39948],[-1.31027,51.39902],[-1.31044,51.39843],[-1.31238,51.39829],[-1.31229,51.39669],[-1.31273,51.39667],[-1.31267,51.39556],[-1.31202,51.39558],[-1.31203,51.39527],[-1.31333,51.39513],[-1.31586,51.39537],[-1.31602,51.39473],[-1.31819,51.39467],[-1.31983,51.39532],[-1.32024,51.39603],[-1.32006,51.39625],[-1.31947,51.39631],[-1.31987,51.39643],[-1.31944,51.39693],[-1.31893,51.39689],[-1.31898,51.39652],[-1.31834,51.39664],[-1.31832,51.39698],[-1.3178,51.39671],[-1.31722,51.39688],[-1.31735,51.39794],[-1.31666,51.39801],[-1.31626,51.39898],[-1.31683,51.39901],[-1.31713,51.39867],[-1.31744,51.39942],[-1.3179,51.39936],[-1.32099,51.40034],[-1.31994,51.40189],[-1.32105,51.4013],[-1.32142,51.40256],[-1.32239,51.40303],[-1.32268,51.40431],[-1.32262,51.40496]]]}},{"type":"Feature","properties":{"id":"E01016349","name":"E01016349","parent":"E06000037","type":"LSOA","pop":1215,"r":203,"ff":64,"ffd":5267.5,"ffs":0.4025,"g":42,"co":0,"mo":2,"sa":0,"ic":0},"geometry":{"type":"Polygon","coordinates":[[[-1.04385,51.47453],[-1.03928,51.47343],[-1.04019,51.47257],[-1.03854,51.4721],[-1.04033,51.47076],[-1.04271,51.46943],[-1.04372,51.46973],[-1.04606,51.46825],[-1.04654,51.46862],[-1.04598,51.46899],[-1.04781,51.46965],[-1.04813,51.47013],[-1.04957,51.47076],[-1.04901,51.47022],[-1.04939,51.46984],[-1.05039,51.47096],[-1.05017,51.47161],[-1.05085,51.47178],[-1.05059,51.4725],[-1.04928,51.47225],[-1.0483,51.47391],[-1.04717,51.47366],[-1.0463,51.47449],[-1.04481,51.47419],[-1.04424,51.47501],[-1.04378,51.47488],[-1.04385,51.47453]]]}},{"type":"Feature","properties":{"id":"E01016350","name":"E01016350","parent":"E06000037","type":"LSOA","pop":1507,"r":204,"ff":63,"ffd":4180.5,"ffs":0.3962,"g":43,"co":0,"mo":2,"sa":0,"ic":0},"geometry":{"type":"Polygon","coordinates":[[[-1.04598,51.46899],[-1.04654,51.46862],[-1.04606,51.46825],[-1.04372,51.46973],[-1.04271,51.46943],[-1.04246,51.46905],[-1.04328,51.46845],[-1.04335,51.46748],[-1.04421,51.46703],[-1.0442,51.46555],[-1.04464,51.46503],[-1.04631,51.46495],[-1.04789,51.46463],[-1.04845,51.46519],[-1.04996,51.46534],[-1.05432,51.46722],[-1.05179,51.46782],[-1.0515,51.46908],[-1.05029,51.46885],[-1.04986,51.46912],[-1.04901,51.47022],[-1.04957,51.47076],[-1.04813,51.47013],[-1.04781,51.46965],[-1.04598,51.46899]]]}},{"type":"Feature","properties":{"id":"E01033851","name":"E01033851","parent":"E06000037","type":"LSOA","pop":3331,"r":81,"ff":24,"ffd":720.5,"ffs":0.4138,"g":23,"co":0,"mo":2,"sa":0,"ic":3},"geometry":{"type":"Polygon","coordinates":[[[-1.26908,51.46133],[-1.269,51.46062],[-1.27033,51.4602],[-1.27058,51.45932],[-1.27242,51.45957],[-1.27298,51.46105],[-1.2739,51.46113],[-1.27456,51.46041],[-1.27445,51.45999],[-1.2788,51.45749],[-1.27713,51.45436],[-1.27792,51.45364],[-1.27854,51.4539],[-1.27956,51.45239],[-1.2785,51.45181],[-1.28053,51.44973],[-1.28072,51.44923],[-1.27903,51.44891],[-1.27854,51.44835],[-1.27746,51.44607],[-1.27439,51.4445],[-1.27097,51.43985],[-1.27012,51.43795],[-1.27059,51.4368],[-1.26814,51.43501],[-1.26782,51.43528],[-1.26551,51.4346],[-1.26346,51.43587],[-1.25986,51.43529],[-1.25802,51.43556],[-1.25784,51.43534],[-1.25975,51.4348],[-1.26,51.43391],[-1.2609,51.43323],[-1.261,51.43228],[-1.25949,51.43156],[-1.26164,51.43109],[-1.26172,51.42885],[-1.26307,51.42837],[-1.26499,51.42846],[-1.26523,51.42825],[-1.26707,51.42843],[-1.26778,51.42798],[-1.26743,51.42755],[-1.26877,51.42738],[-1.26926,51.42608],[-1.26965,51.42556],[-1.26958,51.42359],[-1.2657,51.42425],[-1.26472,51.42354],[-1.26516,51.42339],[-1.26481,51.42304],[-1.26527,51.42242],[-1.26462,51.42215],[-1.26425,51.42114],[-1.2694,51.42085],[-1.2671,51.41878],[-1.26773,51.41587],[-1.26899,51.41598],[-1.26935,51.41383],[-1.27095,51.41351],[-1.27106,51.4132],[-1.27237,51.41309],[-1.27376,51.4137],[-1.27529,51.41337],[-1.27845,51.41219],[-1.28033,51.41285],[-1.28487,51.41398],[-1.28593,51.41357],[-1.28764,51.41416],[-1.29045,51.41451],[-1.29228,51.41284],[-1.29337,51.41311],[-1.29409,51.4138],[-1.29609,51.41399],[-1.29634,51.41212],[-1.29756,51.41185],[-1.29831,51.4125],[-1.30605,51.41341],[-1.30597,51.41366],[-1.31027,51.41456],[-1.30853,51.41642],[-1.30424,51.41956],[-1.29929,51.41793],[-1.29675,51.41997],[-1.29507,51.42058],[-1.29268,51.41977],[-1.29183,51.4203],[-1.2899,51.42209],[-1.29081,51.42297],[-1.28859,51.42441],[-1.28898,51.42485],[-1.28861,51.42552],[-1.28999,51.42573],[-1.29044,51.42622],[-1.29206,51.42672],[-1.29155,51.42711],[-1.29232,51.42746],[-1.29152,51.42807],[-1.29087,51.42785],[-1.28929,51.42944],[-1.29066,51.43037],[-1.28894,51.432],[-1.28718,51.43294],[-1.29072,51.4337],[-1.29297,51.43472],[-1.29434,51.43596],[-1.29875,51.43848],[-1.29965,51.43938],[-1.30072,51.43859],[-1.30221,51.44009],[-1.302,51.44195],[-1.30334,51.44288],[-1.31004,51.44426],[-1.31247,51.44364],[-1.31478,51.44641],[-1.31297,51.44818],[-1.31187,51.44858],[-1.31049,51.44783],[-1.30903,51.44914],[-1.30565,51.44784],[-1.30359,51.44881],[-1.30105,51.45291],[-1.30145,51.45317],[-1.30094,51.45391],[-1.29785,51.45382],[-1.29796,51.45249],[-1.2968,51.45168],[-1.29667,51.45088],[-1.29427,51.44907],[-1.29232,51.44849],[-1.28874,51.44897],[-1.28819,51.44993],[-1.28688,51.4515],[-1.28474,51.45248],[-1.28288,51.45275],[-1.28295,51.45315],[-1.28537,51.45365],[-1.28736,51.45443],[-1.28617,51.45643],[-1.28942,51.45641],[-1.29161,51.45701],[-1.29001,51.45776],[-1.28981,51.45837],[-1.28621,51.45994],[-1.28165,51.46251],[-1.27482,51.46478],[-1.27052,51.46528],[-1.26607,51.4653],[-1.26752,51.46379],[-1.26908,51.46133]]]}},{"type":"Feature","properties":{"id":"E01033852","name":"E01033852","parent":"E06000037","type":"LSOA","pop":1546,"r":87,"ff":29,"ffd":1875.8,"ffs":0.4531,"g":23,"co":0,"mo":2,"sa":0,"ic":3},"geometry":{"type":"Polygon","coordinates":[[[-1.27499,51.39336],[-1.27435,51.39246],[-1.27303,51.39224],[-1.2726,51.39152],[-1.27144,51.39144],[-1.27133,51.3904],[-1.26959,51.39014],[-1.26924,51.38924],[-1.27074,51.38799],[-1.27199,51.3875],[-1.27233,51.3868],[-1.27392,51.3861],[-1.2749,51.38442],[-1.27448,51.38274],[-1.27289,51.38235],[-1.27483,51.38112],[-1.27461,51.37767],[-1.27355,51.3762],[-1.27285,51.37274],[-1.27186,51.37216],[-1.27121,51.37113],[-1.27152,51.36981],[-1.27068,51.36883],[-1.27093,51.36844],[-1.27341,51.36752],[-1.27602,51.36735],[-1.27666,51.36814],[-1.27737,51.36806],[-1.27824,51.36882],[-1.27999,51.36835],[-1.28143,51.36835],[-1.28219,51.36796],[-1.28276,51.36809],[-1.28294,51.36764],[-1.28396,51.36764],[-1.2846,51.368],[-1.28681,51.36783],[-1.28712,51.36794],[-1.28686,51.36826],[-1.28759,51.36819],[-1.2899,51.36954],[-1.29,51.37007],[-1.29164,51.37004],[-1.29204,51.37043],[-1.29263,51.37034],[-1.29329,51.37105],[-1.29603,51.37057],[-1.29607,51.3703],[-1.29677,51.37043],[-1.29674,51.37071],[-1.29824,51.37052],[-1.30087,51.371],[-1.30344,51.37087],[-1.30392,51.37118],[-1.30721,51.37125],[-1.31095,51.37222],[-1.31135,51.37281],[-1.31206,51.37303],[-1.31458,51.37272],[-1.31522,51.37308],[-1.32063,51.37266],[-1.3224,51.37164],[-1.32421,51.3721],[-1.32471,51.37256],[-1.32645,51.37168],[-1.32765,51.37144],[-1.32823,51.37179],[-1.32925,51.37116],[-1.33001,51.3713],[-1.33269,51.37047],[-1.3333,51.37054],[-1.3342,51.36944],[-1.33502,51.3698],[-1.33423,51.37224],[-1.33479,51.37549],[-1.33673,51.37817],[-1.33766,51.37899],[-1.33944,51.37963],[-1.33892,51.38159],[-1.33463,51.38192],[-1.33294,51.38258],[-1.32756,51.38373],[-1.32096,51.38384],[-1.3192,51.38081],[-1.31875,51.3784],[-1.31821,51.37905],[-1.3112,51.37856],[-1.30993,51.37921],[-1.30889,51.37937],[-1.30807,51.38161],[-1.30943,51.3819],[-1.30935,51.38282],[-1.30718,51.38328],[-1.30631,51.38451],[-1.30675,51.3847],[-1.30346,51.38543],[-1.30327,51.38612],[-1.30272,51.38612],[-1.30255,51.3866],[-1.30167,51.3867],[-1.30121,51.38733],[-1.29983,51.38786],[-1.29872,51.38795],[-1.29775,51.38909],[-1.29887,51.38966],[-1.2996,51.38876],[-1.30077,51.38932],[-1.30311,51.38915],[-1.30373,51.38935],[-1.30402,51.38868],[-1.30473,51.38929],[-1.30624,51.38871],[-1.30701,51.39077],[-1.30761,51.3912],[-1.30754,51.39159],[-1.30808,51.39163],[-1.30945,51.39275],[-1.31037,51.39307],[-1.31061,51.39389],[-1.31286,51.39411],[-1.3136,51.3947],[-1.31122,51.39525],[-1.30795,51.39546],[-1.30654,51.39518],[-1.30584,51.39536],[-1.30331,51.39494],[-1.3028,51.39747],[-1.29863,51.39717],[-1.30065,51.39484],[-1.29918,51.39393],[-1.29393,51.39367],[-1.29378,51.39278],[-1.28908,51.39263],[-1.2854,51.39748],[-1.28464,51.39732],[-1.28391,51.3966],[-1.27923,51.39465],[-1.27499,51.39336]]]}},{"type":"Feature","properties":{"id":"E01033853","name":"E01033853","parent":"E06000037","type":"LSOA","pop":1875,"r":72,"ff":23,"ffd":1226.7,"ffs":0.434,"g":19,"co":0,"mo":2,"sa":0,"ic":3},"geometry":{"type":"Polygon","coordinates":[[[-1.30997,51.39143],[-1.30913,51.3903],[-1.30761,51.3912],[-1.30701,51.39077],[-1.30624,51.38871],[-1.30473,51.38929],[-1.30402,51.38868],[-1.30373,51.38935],[-1.30311,51.38915],[-1.30077,51.38932],[-1.2996,51.38876],[-1.29887,51.38966],[-1.29775,51.38909],[-1.29872,51.38795],[-1.29983,51.38786],[-1.30121,51.38733],[-1.30167,51.3867],[-1.30255,51.3866],[-1.30272,51.38612],[-1.30327,51.38612],[-1.30346,51.38543],[-1.30675,51.3847],[-1.30631,51.38451],[-1.30718,51.38328],[-1.30935,51.38282],[-1.30943,51.3819],[-1.30807,51.38161],[-1.30889,51.37937],[-1.30993,51.37921],[-1.3112,51.37856],[-1.31821,51.37905],[-1.31875,51.3784],[-1.3192,51.38081],[-1.32096,51.38384],[-1.32086,51.38453],[-1.31594,51.38417],[-1.31353,51.38371],[-1.31215,51.38368],[-1.31251,51.38522],[-1.3086,51.38639],[-1.30992,51.38755],[-1.30959,51.3878],[-1.31103,51.38901],[-1.31072,51.38976],[-1.31012,51.38997],[-1.30988,51.39067],[-1.3106,51.39143],[-1.31033,51.39163],[-1.3097,51.39165],[-1.30997,51.39143]]]}},{"type":"Feature","properties":{"id":"E01033854","name":"E01033854","parent":"E06000037","type":"LSOA","pop":2409,"r":88,"ff":29,"ffd":1203.8,"ffs":0.4462,"g":23,"co":0,"mo":2,"sa":0,"ic":3},"geometry":{"type":"Polygon","coordinates":[[[-1.29596,51.40171],[-1.29365,51.40126],[-1.29241,51.40139],[-1.29121,51.40063],[-1.28962,51.40078],[-1.28702,51.39908],[-1.2854,51.39748],[-1.28908,51.39263],[-1.29378,51.39278],[-1.29393,51.39367],[-1.29918,51.39393],[-1.30065,51.39484],[-1.29863,51.39717],[-1.3028,51.39747],[-1.30331,51.39494],[-1.30584,51.39536],[-1.30654,51.39518],[-1.30795,51.39546],[-1.31122,51.39525],[-1.3133,51.39472],[-1.31333,51.39513],[-1.31203,51.39527],[-1.31202,51.39558],[-1.31267,51.39556],[-1.31273,51.39667],[-1.31229,51.39669],[-1.31238,51.39829],[-1.31044,51.39843],[-1.31027,51.39902],[-1.30592,51.39948],[-1.29746,51.39988],[-1.29641,51.40093],[-1.29596,51.40171]]]}},{"type":"Feature","properties":{"id":"E01033855","name":"E01033855","parent":"E06000037","type":"LSOA","pop":1372,"r":87,"ff":29,"ffd":2113.7,"ffs":0.4531,"g":23,"co":0,"mo":2,"sa":0,"ic":3},"geometry":{"type":"Polygon","coordinates":[[[-1.32531,51.40162],[-1.32462,51.40125],[-1.32416,51.40132],[-1.32417,51.40023],[-1.32288,51.39988],[-1.32239,51.39929],[-1.3218,51.39898],[-1.32191,51.39818],[-1.32061,51.39799],[-1.32063,51.39748],[-1.32006,51.39625],[-1.32024,51.39603],[-1.32034,51.3962],[-1.32205,51.39557],[-1.32582,51.39504],[-1.32619,51.39521],[-1.32672,51.39718],[-1.3267,51.39887],[-1.32843,51.39914],[-1.32805,51.40005],[-1.32817,51.40097],[-1.33303,51.40107],[-1.33294,51.40229],[-1.33179,51.4034],[-1.32916,51.40243],[-1.32523,51.40194],[-1.32531,51.40162]]]}},{"type":"Feature","properties":{"id":"E01033856","name":"E01033856","parent":"E06000037","type":"LSOA","pop":1166,"r":88,"ff":29,"ffd":2487.1,"ffs":0.4462,"g":23,"co":0,"mo":2,"sa":0,"ic":3},"geometry":{"type":"Polygon","coordinates":[[[-1.32743,51.40526],[-1.32632,51.40487],[-1.32487,51.40512],[-1.32475,51.40487],[-1.32262,51.40496],[-1.32268,51.40431],[-1.32239,51.40303],[-1.32142,51.40256],[-1.32105,51.4013],[-1.31994,51.40189],[-1.32099,51.40034],[-1.3179,51.39936],[-1.31744,51.39942],[-1.31713,51.39867],[-1.31683,51.39901],[-1.31626,51.39898],[-1.31666,51.39801],[-1.31735,51.39794],[-1.31722,51.39688],[-1.3178,51.39671],[-1.31832,51.39698],[-1.31834,51.39664],[-1.31898,51.39652],[-1.31893,51.39689],[-1.31944,51.39693],[-1.31987,51.39643],[-1.31947,51.39631],[-1.32006,51.39625],[-1.32063,51.39748],[-1.32061,51.39799],[-1.32191,51.39818],[-1.3218,51.39898],[-1.32239,51.39929],[-1.32288,51.39988],[-1.32417,51.40023],[-1.32416,51.40132],[-1.32462,51.40125],[-1.32531,51.40162],[-1.32523,51.40194],[-1.32669,51.40205],[-1.32688,51.40333],[-1.32724,51.4039],[-1.32763,51.40408],[-1.32816,51.40591],[-1.32749,51.40602],[-1.32743,51.40526]]]}}]}