{"type":"FeatureCollection","features":[{"type":"Feature","properties":{"id":"E01013986","name":"E01013986","parent":"E06000019","type":"LSOA","pop":1604,"r":81,"ff":29,"ffd":1808.0,"ffs":0.4754,"g":19,"co":0,"mo":0,"sa":0,"ic":0},"geometry":{"type":"Polygon","coordinates":[[[-2.71005,52.06829],[-2.7097,52.06759],[-2.70889,52.06768],[-2.70901,52.06723],[-2.70845,52.06693],[-2.70815,52.0665],[-2.70859,52.06577],[-2.70636,52.06539],[-2.70563,52.06483],[-2.70618,52.06398],[-2.70575,52.06351],[-2.70659,52.06273],[-2.70517,52.06113],[-2.70536,52.06058],[-2.70591,52.06041],[-2.70548,52.06015],[-2.70613,52.05994],[-2.71274,52.0636],[-2.715,52.06592],[-2.71376,52.06615],[-2.71369,52.06567],[-2.71313,52.06592],[-2.7125,52.06583],[-2.71056,52.06743],[-2.71061,52.0681],[-2.71005,52.06829]]]}},{"type":"Feature","properties":{"id":"E01013987","name":"E01013987","parent":"E06000019","type":"LSOA","pop":1697,"r":12,"ff":8,"ffd":471.4,"ffs":0.6667,"g":0,"co":1,"mo":1,"sa":1,"ic":1},"geometry":{"type":"Polygon","coordinates":[[[-2.68577,52.07184],[-2.68894,52.07101],[-2.68979,52.07037],[-2.68958,52.06973],[-2.6856,52.07021],[-2.68621,52.06956],[-2.68741,52.06994],[-2.68784,52.06971],[-2.68722,52.06918],[-2.6879,52.06848],[-2.6875,52.0677],[-2.6891,52.06725],[-2.69,52.06738],[-2.68996,52.0668],[-2.6938,52.06538],[-2.69577,52.06581],[-2.69676,52.06533],[-2.69702,52.0658],[-2.69772,52.06584],[-2.69787,52.06555],[-2.69959,52.06601],[-2.7013,52.0658],[-2.70064,52.06509],[-2.69994,52.06507],[-2.70013,52.06428],[-2.69961,52.06318],[-2.70086,52.06195],[-2.70295,52.06112],[-2.70524,52.06286],[-2.70622,52.06248],[-2.70659,52.06273],[-2.70575,52.06351],[-2.70618,52.06398],[-2.70563,52.06483],[-2.70636,52.06539],[-2.70859,52.06577],[-2.70815,52.0665],[-2.70845,52.06693],[-2.70748,52.06754],[-2.70614,52.06752],[-2.7057,52.06855],[-2.70429,52.06872],[-2.70284,52.06945],[-2.70375,52.07035],[-2.70653,52.07004],[-2.7065,52.07047],[-2.70789,52.07053],[-2.70769,52.07145],[-2.70845,52.07142],[-2.70789,52.07209],[-2.70328,52.07388],[-2.6851,52.07276],[-2.68577,52.07184]]]}},{"type":"Feature","properties":{"id":"E01013988","name":"E01013988","parent":"E06000019","type":"LSOA","pop":1889,"r":80,"ff":28,"ffd":1482.3,"ffs":0.4667,"g":19,"co":0,"mo":0,"sa":0,"ic":0},"geometry":{"type":"Polygon","coordinates":[[[-2.6908,52.06561],[-2.68738,52.06413],[-2.68824,52.06373],[-2.69031,52.06346],[-2.6901,52.06306],[-2.69301,52.06324],[-2.69315,52.06211],[-2.6962,52.06094],[-2.69673,52.05996],[-2.69228,52.05882],[-2.69267,52.05839],[-2.69752,52.05577],[-2.7013,52.05496],[-2.70386,52.05603],[-2.70434,52.0577],[-2.70613,52.05994],[-2.70548,52.06015],[-2.70591,52.06041],[-2.70536,52.06058],[-2.70517,52.06113],[-2.70622,52.06248],[-2.70524,52.06286],[-2.70295,52.06112],[-2.70086,52.06195],[-2.69961,52.06318],[-2.70013,52.06428],[-2.69994,52.06507],[-2.70064,52.06509],[-2.7013,52.0658],[-2.69959,52.06601],[-2.69787,52.06555],[-2.69772,52.06584],[-2.69702,52.0658],[-2.69676,52.06533],[-2.69577,52.06581],[-2.6938,52.06538],[-2.6908,52.06645],[-2.69132,52.06625],[-2.69065,52.06593],[-2.6908,52.06561]]]}},{"type":"Feature","properties":{"id":"E01013989","name":"E01013989","parent":"E06000019","type":"LSOA","pop":1501,"r":81,"ff":29,"ffd":1932.0,"ffs":0.4754,"g":19,"co":0,"mo":0,"sa":0,"ic":0},"geometry":{"type":"Polygon","coordinates":[[[-2.70789,52.07209],[-2.70845,52.07142],[-2.70769,52.07145],[-2.70789,52.07053],[-2.7065,52.07047],[-2.70653,52.07004],[-2.70375,52.07035],[-2.70284,52.06945],[-2.70429,52.06872],[-2.7057,52.06855],[-2.70614,52.06752],[-2.70748,52.06754],[-2.70845,52.06693],[-2.70901,52.06723],[-2.70889,52.06768],[-2.7097,52.06759],[-2.71005,52.06829],[-2.71061,52.0681],[-2.71056,52.06743],[-2.7125,52.06583],[-2.71313,52.06592],[-2.71369,52.06567],[-2.71376,52.06615],[-2.715,52.06592],[-2.71539,52.06754],[-2.71483,52.06897],[-2.71354,52.07019],[-2.71155,52.07108],[-2.70789,52.07209]]]}},{"type":"Feature","properties":{"id":"E01013990","name":"E01013990","parent":"E06000019","type":"LSOA","pop":2137,"r":10,"ff":6,"ffd":280.8,"ffs":0.6,"g":0,"co":3,"mo":3,"sa":3,"ic":1},"geometry":{"type":"Polygon","coordinates":[[[-2.6875,52.0677],[-2.68664,52.06713],[-2.68783,52.06693],[-2.68782,52.06652],[-2.68599,52.06623],[-2.68621,52.06556],[-2.68702,52.06586],[-2.68762,52.06575],[-2.68736,52.0651],[-2.68538,52.06471],[-2.68527,52.06405],[-2.68109,52.0624],[-2.68081,52.06208],[-2.67749,52.06182],[-2.67611,52.06078],[-2.6747,52.06055],[-2.67402,52.06004],[-2.67357,52.06078],[-2.67268,52.06032],[-2.67195,52.06047],[-2.67176,52.0613],[-2.6706,52.06115],[-2.66783,52.06174],[-2.66677,52.06118],[-2.66181,52.06259],[-2.66119,52.0625],[-2.65858,52.06069],[-2.65738,52.06027],[-2.65738,52.05925],[-2.65795,52.05862],[-2.65599,52.05835],[-2.65518,52.05725],[-2.65512,52.05636],[-2.65477,52.05547],[-2.65353,52.05432],[-2.65377,52.05394],[-2.65265,52.05393],[-2.65147,52.05334],[-2.6522,52.05239],[-2.65178,52.05201],[-2.65114,52.05199],[-2.65065,52.05254],[-2.64971,52.05261],[-2.6482,52.05227],[-2.64841,52.05149],[-2.64781,52.05151],[-2.64744,52.05229],[-2.64704,52.05236],[-2.64654,52.05149],[-2.64697,52.05109],[-2.64572,52.0503],[-2.64383,52.05056],[-2.64215,52.04921],[-2.64102,52.04924],[-2.64065,52.04821],[-2.63998,52.04829],[-2.63963,52.04803],[-2.63979,52.04758],[-2.64065,52.04754],[-2.64167,52.04647],[-2.64129,52.04524],[-2.64232,52.04438],[-2.64178,52.04391],[-2.64248,52.04333],[-2.64214,52.04237],[-2.64161,52.04221],[-2.63871,52.04258],[-2.63655,52.0411],[-2.63383,52.04044],[-2.63184,52.04038],[-2.63562,52.04392],[-2.63493,52.04436],[-2.63373,52.04429],[-2.63196,52.04546],[-2.63209,52.04606],[-2.63161,52.04622],[-2.63111,52.04722],[-2.63269,52.04762],[-2.63276,52.04829],[-2.63206,52.04809],[-2.63139,52.04828],[-2.63144,52.04887],[-2.63044,52.04928],[-2.63001,52.05007],[-2.6303,52.05046],[-2.62973,52.05121],[-2.63098,52.05224],[-2.62976,52.05423],[-2.63035,52.05532],[-2.62738,52.05806],[-2.62603,52.05807],[-2.62631,52.05894],[-2.62568,52.0591],[-2.62626,52.0594],[-2.62537,52.05987],[-2.62589,52.06017],[-2.62509,52.06048],[-2.62279,52.0589],[-2.62054,52.0584],[-2.61939,52.05688],[-2.61267,52.05254],[-2.61201,52.05105],[-2.61133,52.05094],[-2.61119,52.04914],[-2.60992,52.0487],[-2.60995,52.04828],[-2.60942,52.04796],[-2.61061,52.04723],[-2.61218,52.0468],[-2.61455,52.04682],[-2.61609,52.04807],[-2.61624,52.05024],[-2.61717,52.05123],[-2.61794,52.05084],[-2.61956,52.04919],[-2.61881,52.04869],[-2.61912,52.04788],[-2.62018,52.04716],[-2.6205,52.04622],[-2.62304,52.04664],[-2.62522,52.04398],[-2.6243,52.04366],[-2.6234,52.04268],[-2.62449,52.04158],[-2.62364,52.03982],[-2.61667,52.03744],[-2.61382,52.03775],[-2.61222,52.03739],[-2.60947,52.03538],[-2.60631,52.03478],[-2.60454,52.03571],[-2.60356,52.0367],[-2.60222,52.03716],[-2.60297,52.03553],[-2.60151,52.03378],[-2.60091,52.03386],[-2.5983,52.03558],[-2.59685,52.0358],[-2.5967,52.03702],[-2.5957,52.03829],[-2.59787,52.04038],[-2.59536,52.04016],[-2.59312,52.03945],[-2.59206,52.03781],[-2.58678,52.03574],[-2.58569,52.03487],[-2.58475,52.03482],[-2.58446,52.03429],[-2.58369,52.03405],[-2.58327,52.03424],[-2.58242,52.03359],[-2.58154,52.03354],[-2.58215,52.03166],[-2.58359,52.03047],[-2.58545,52.02954],[-2.58573,52.02896],[-2.58488,52.0281],[-2.58468,52.02726],[-2.58533,52.02498],[-2.58771,52.02243],[-2.59034,52.02114],[-2.59188,52.01934],[-2.59297,52.01883],[-2.59306,52.01831],[-2.59602,52.01556],[-2.5967,52.01423],[-2.59653,52.01342],[-2.59269,52.01306],[-2.59121,52.0108],[-2.58966,52.0099],[-2.58836,52.00983],[-2.5883,52.00922],[-2.58684,52.00843],[-2.58542,52.00825],[-2.58556,52.0069],[-2.58423,52.00676],[-2.58423,52.00601],[-2.58263,52.00539],[-2.5866,52.00211],[-2.58684,52.00051],[-2.58643,51.99887],[-2.58743,51.99839],[-2.58656,51.99738],[-2.58836,51.99573],[-2.58985,51.99357],[-2.59656,51.99413],[-2.59942,51.99349],[-2.59923,51.99298],[-2.59813,51.99277],[-2.5982,51.99241],[-2.59946,51.99084],[-2.5993,51.98982],[-2.59977,51.98865],[-2.6008,51.9879],[-2.60165,51.99054],[-2.60239,51.9911],[-2.60344,51.99136],[-2.60834,51.99112],[-2.61557,51.99002],[-2.62038,51.9915],[-2.623,51.99042],[-2.6261,51.99011],[-2.63295,51.99125],[-2.63435,51.9923],[-2.63386,51.99365],[-2.63043,51.99586],[-2.62796,51.99953],[-2.62344,52.00145],[-2.62042,52.00206],[-2.61986,52.00271],[-2.6204,52.00411],[-2.62335,52.00467],[-2.62507,52.00596],[-2.62559,52.00718],[-2.62319,52.01027],[-2.62369,52.01178],[-2.62477,52.01312],[-2.62686,52.01321],[-2.63097,52.01181],[-2.63468,52.01153],[-2.63583,52.01176],[-2.63695,52.0125],[-2.63779,52.01391],[-2.63746,52.01545],[-2.63439,52.01715],[-2.63258,52.01924],[-2.63185,52.02277],[-2.63025,52.02648],[-2.63072,52.02742],[-2.63227,52.02943],[-2.63512,52.03101],[-2.63627,52.031],[-2.63726,52.03054],[-2.63857,52.02747],[-2.64109,52.02553],[-2.64409,52.02402],[-2.64711,52.02302],[-2.64981,52.02149],[-2.65403,52.02048],[-2.65575,52.02096],[-2.65655,52.02193],[-2.65619,52.02487],[-2.65697,52.02677],[-2.65928,52.02802],[-2.66591,52.03001],[-2.66743,52.03089],[-2.66795,52.03186],[-2.66727,52.03261],[-2.66036,52.03507],[-2.65706,52.03803],[-2.65697,52.03892],[-2.65852,52.04023],[-2.66296,52.03949],[-2.66462,52.03969],[-2.66739,52.04048],[-2.67507,52.04366],[-2.67251,52.04716],[-2.67522,52.04867],[-2.67626,52.05248],[-2.67764,52.0538],[-2.67989,52.05497],[-2.68182,52.05649],[-2.68124,52.05731],[-2.6813,52.0586],[-2.68161,52.05863],[-2.68196,52.06028],[-2.68358,52.0625],[-2.68671,52.06361],[-2.68738,52.06413],[-2.6908,52.06561],[-2.69065,52.06593],[-2.69132,52.06625],[-2.68996,52.0668],[-2.69,52.06738],[-2.6891,52.06725],[-2.6875,52.0677]]]}},{"type":"Feature","properties":{"id":"E01013991","name":"E01013991","parent":"E06000019","type":"LSOA","pop":1398,"r":9,"ff":5,"ffd":357.7,"ffs":0.5556,"g":0,"co":3,"mo":3,"sa":3,"ic":1},"geometry":{"type":"Polygon","coordinates":[[[-2.59345,52.08318],[-2.59557,52.08172],[-2.59936,52.08036],[-2.60285,52.08007],[-2.60241,52.07806],[-2.60212,52.07754],[-2.60086,52.07776],[-2.60027,52.07631],[-2.59649,52.07561],[-2.59546,52.07465],[-2.59268,52.07397],[-2.59258,52.0736],[-2.59389,52.07273],[-2.59295,52.0724],[-2.592,52.071],[-2.59011,52.07098],[-2.58893,52.07131],[-2.5858,52.07095],[-2.58561,52.0716],[-2.58491,52.07176],[-2.58574,52.07266],[-2.58584,52.07347],[-2.58512,52.07321],[-2.58417,52.07347],[-2.58397,52.07413],[-2.58341,52.07427],[-2.58333,52.07519],[-2.58177,52.07585],[-2.58152,52.07638],[-2.57934,52.07607],[-2.57826,52.07635],[-2.57657,52.0763],[-2.57592,52.07574],[-2.57459,52.07582],[-2.57367,52.07548],[-2.57163,52.07589],[-2.57152,52.07617],[-2.56996,52.07661],[-2.56842,52.07658],[-2.5659,52.07868],[-2.56479,52.08057],[-2.56513,52.08123],[-2.56012,52.08104],[-2.55708,52.08136],[-2.55406,52.08089],[-2.55391,52.08056],[-2.5531,52.08046],[-2.55153,52.08056],[-2.55117,52.08086],[-2.55082,52.08031],[-2.54907,52.08063],[-2.5472,52.07819],[-2.54305,52.07839],[-2.53837,52.07909],[-2.53737,52.07728],[-2.53823,52.07715],[-2.53821,52.07568],[-2.53699,52.07567],[-2.53685,52.07515],[-2.53701,52.07379],[-2.5386,52.07359],[-2.53759,52.07166],[-2.53816,52.07159],[-2.53723,52.07001],[-2.53694,52.06819],[-2.53748,52.06732],[-2.53406,52.06571],[-2.5305,52.06342],[-2.53273,52.06059],[-2.52946,52.0598],[-2.52633,52.05992],[-2.51918,52.05829],[-2.5175,52.05725],[-2.51902,52.05601],[-2.52124,52.0553],[-2.52323,52.05476],[-2.52537,52.05484],[-2.52678,52.0545],[-2.53204,52.05045],[-2.53305,52.05053],[-2.53764,52.04925],[-2.53848,52.04872],[-2.54047,52.04609],[-2.54239,52.04759],[-2.54455,52.04827],[-2.54654,52.04737],[-2.55199,52.04356],[-2.55346,52.04129],[-2.55499,52.04264],[-2.55628,52.04286],[-2.55789,52.04178],[-2.56097,52.04168],[-2.56257,52.04064],[-2.56306,52.03997],[-2.56571,52.03939],[-2.56846,52.038],[-2.57027,52.03797],[-2.5706,52.03763],[-2.57112,52.03762],[-2.57119,52.03789],[-2.57609,52.0378],[-2.58128,52.03859],[-2.5832,52.03808],[-2.58476,52.03808],[-2.58549,52.03746],[-2.58712,52.03725],[-2.58857,52.03634],[-2.59206,52.03781],[-2.59312,52.03945],[-2.59536,52.04016],[-2.59787,52.04038],[-2.5957,52.03829],[-2.5967,52.03702],[-2.59685,52.0358],[-2.5983,52.03558],[-2.60091,52.03386],[-2.60151,52.03378],[-2.60297,52.03553],[-2.60222,52.03716],[-2.60356,52.0367],[-2.60454,52.03571],[-2.60631,52.03478],[-2.60947,52.03538],[-2.61222,52.03739],[-2.61382,52.03775],[-2.61667,52.03744],[-2.62364,52.03982],[-2.62449,52.04158],[-2.6234,52.04268],[-2.6243,52.04366],[-2.62522,52.04398],[-2.62304,52.04664],[-2.6205,52.04622],[-2.62018,52.04716],[-2.61912,52.04788],[-2.61881,52.04869],[-2.61956,52.04919],[-2.61794,52.05084],[-2.61717,52.05123],[-2.61624,52.05024],[-2.61609,52.04807],[-2.61455,52.04682],[-2.61218,52.0468],[-2.61061,52.04723],[-2.60942,52.04796],[-2.60995,52.04828],[-2.60992,52.0487],[-2.61119,52.04914],[-2.61133,52.05094],[-2.61201,52.05105],[-2.61267,52.05254],[-2.61939,52.05688],[-2.62054,52.0584],[-2.62279,52.0589],[-2.62509,52.06048],[-2.62498,52.06083],[-2.62232,52.06163],[-2.62173,52.06237],[-2.61847,52.06433],[-2.61857,52.06474],[-2.62069,52.06605],[-2.62095,52.06668],[-2.62297,52.0682],[-2.62391,52.06795],[-2.62445,52.06866],[-2.62341,52.06883],[-2.62518,52.07243],[-2.62645,52.07384],[-2.62727,52.07606],[-2.62818,52.07702],[-2.62957,52.07774],[-2.62746,52.07847],[-2.62373,52.0787],[-2.62349,52.08131],[-2.62304,52.08195],[-2.62031,52.08189],[-2.61806,52.08238],[-2.61158,52.08301],[-2.61069,52.08284],[-2.60807,52.08331],[-2.60702,52.08326],[-2.60675,52.08286],[-2.60197,52.08285],[-2.59781,52.0842],[-2.59657,52.0859],[-2.59611,52.08525],[-2.59562,52.08523],[-2.59574,52.08469],[-2.59345,52.08318]]]}},{"type":"Feature","properties":{"id":"E01013992","name":"E01013992","parent":"E06000019","type":"LSOA","pop":1553,"r":79,"ff":29,"ffd":1867.4,"ffs":0.4833,"g":18,"co":0,"mo":0,"sa":0,"ic":0},"geometry":{"type":"Polygon","coordinates":[[[-2.73817,52.04018],[-2.73772,52.03988],[-2.73854,52.03949],[-2.73711,52.03892],[-2.73719,52.0384],[-2.73853,52.03801],[-2.73864,52.0376],[-2.73707,52.03679],[-2.73584,52.03685],[-2.7354,52.03624],[-2.73473,52.03603],[-2.73476,52.03557],[-2.7344,52.03545],[-2.73458,52.035],[-2.7356,52.03499],[-2.73756,52.03226],[-2.73948,52.03296],[-2.74111,52.03207],[-2.74331,52.03255],[-2.74472,52.03319],[-2.74714,52.0364],[-2.74778,52.03794],[-2.74871,52.03824],[-2.74872,52.03857],[-2.74928,52.03842],[-2.74956,52.03884],[-2.74937,52.03886],[-2.74935,52.03854],[-2.74893,52.03858],[-2.74622,52.03867],[-2.74599,52.03843],[-2.7446,52.03837],[-2.74462,52.03911],[-2.74407,52.03912],[-2.74407,52.03936],[-2.74292,52.03913],[-2.74276,52.03949],[-2.74181,52.03951],[-2.74191,52.03975],[-2.74115,52.03966],[-2.74127,52.03996],[-2.74008,52.04027],[-2.73957,52.04084],[-2.73848,52.03998],[-2.73817,52.04018]]]}},{"type":"Feature","properties":{"id":"E01013993","name":"E01013993","parent":"E06000019","type":"LSOA","pop":1582,"r":79,"ff":29,"ffd":1833.1,"ffs":0.4833,"g":18,"co":0,"mo":0,"sa":0,"ic":0},"geometry":{"type":"Polygon","coordinates":[[[-2.73111,52.03871],[-2.73012,52.03711],[-2.73087,52.03569],[-2.73203,52.03439],[-2.73664,52.03163],[-2.73756,52.03226],[-2.7356,52.03499],[-2.73458,52.035],[-2.7344,52.03545],[-2.73476,52.03557],[-2.73473,52.03603],[-2.7354,52.03624],[-2.73584,52.03685],[-2.73707,52.03679],[-2.73864,52.0376],[-2.73853,52.03801],[-2.73719,52.0384],[-2.73602,52.03829],[-2.7357,52.03913],[-2.73386,52.04121],[-2.73292,52.04139],[-2.73189,52.04111],[-2.73199,52.04065],[-2.7325,52.04061],[-2.73192,52.04029],[-2.73211,52.03998],[-2.73159,52.03988],[-2.73168,52.03903],[-2.73111,52.03871]]]}},{"type":"Feature","properties":{"id":"E01013994","name":"E01013994","parent":"E06000019","type":"LSOA","pop":1525,"r":80,"ff":29,"ffd":1901.6,"ffs":0.4833,"g":19,"co":0,"mo":0,"sa":0,"ic":0},"geometry":{"type":"Polygon","coordinates":[[[-2.72864,52.04422],[-2.72877,52.04317],[-2.73029,52.04279],[-2.73117,52.04298],[-2.73216,52.04385],[-2.7326,52.04371],[-2.73429,52.04577],[-2.73385,52.04601],[-2.73467,52.04634],[-2.73523,52.04708],[-2.73621,52.04729],[-2.73651,52.0479],[-2.72704,52.05028],[-2.72864,52.04422]]]}},{"type":"Feature","properties":{"id":"E01013995","name":"E01013995","parent":"E06000019","type":"LSOA","pop":1848,"r":80,"ff":29,"ffd":1569.3,"ffs":0.4833,"g":19,"co":0,"mo":0,"sa":0,"ic":0},"geometry":{"type":"Polygon","coordinates":[[[-2.73429,52.04577],[-2.7326,52.04371],[-2.73216,52.04385],[-2.73117,52.04298],[-2.73029,52.04279],[-2.72877,52.04317],[-2.7296,52.03848],[-2.73012,52.03711],[-2.73111,52.03871],[-2.73168,52.03903],[-2.73159,52.03988],[-2.73211,52.03998],[-2.73192,52.04029],[-2.7325,52.04061],[-2.73199,52.04065],[-2.73189,52.04111],[-2.73292,52.04139],[-2.73386,52.04121],[-2.7357,52.03913],[-2.73602,52.03829],[-2.73719,52.0384],[-2.73711,52.03892],[-2.73854,52.03949],[-2.73772,52.03988],[-2.73817,52.04018],[-2.73661,52.04124],[-2.73554,52.04259],[-2.73402,52.04281],[-2.7342,52.04307],[-2.73356,52.04341],[-2.73376,52.04418],[-2.7344,52.04477],[-2.73523,52.0448],[-2.73618,52.0456],[-2.73621,52.04729],[-2.73523,52.04708],[-2.73467,52.04634],[-2.73385,52.04601],[-2.73429,52.04577]]]}},{"type":"Feature","properties":{"id":"E01013996","name":"E01013996","parent":"E06000019","type":"LSOA","pop":1491,"r":79,"ff":29,"ffd":1945.0,"ffs":0.4833,"g":18,"co":0,"mo":0,"sa":0,"ic":0},"geometry":{"type":"Polygon","coordinates":[[[-2.73572,52.04523],[-2.73523,52.0448],[-2.7344,52.04477],[-2.73376,52.04418],[-2.73356,52.04341],[-2.7342,52.04307],[-2.73402,52.04281],[-2.73554,52.04259],[-2.73661,52.04124],[-2.73848,52.03998],[-2.73957,52.04084],[-2.74008,52.04027],[-2.74075,52.04018],[-2.74133,52.04065],[-2.74082,52.04075],[-2.74103,52.04128],[-2.74144,52.04106],[-2.74194,52.04128],[-2.74084,52.04278],[-2.74118,52.0432],[-2.74066,52.04341],[-2.74075,52.04456],[-2.74282,52.04416],[-2.74279,52.04492],[-2.74371,52.04456],[-2.74644,52.04519],[-2.74581,52.04531],[-2.74622,52.04591],[-2.73651,52.0479],[-2.73621,52.04729],[-2.73618,52.0456],[-2.73572,52.04523]]]}},{"type":"Feature","properties":{"id":"E01013997","name":"E01013997","parent":"E06000019","type":"LSOA","pop":1842,"r":79,"ff":29,"ffd":1574.4,"ffs":0.4833,"g":18,"co":0,"mo":0,"sa":0,"ic":0},"geometry":{"type":"Polygon","coordinates":[[[-2.75866,52.04625],[-2.75325,52.04491],[-2.7518,52.04491],[-2.74565,52.04605],[-2.74622,52.04591],[-2.74581,52.04531],[-2.74644,52.04519],[-2.74371,52.04456],[-2.74279,52.04492],[-2.74282,52.04416],[-2.74075,52.04456],[-2.74066,52.04341],[-2.74118,52.0432],[-2.74084,52.04278],[-2.74194,52.04128],[-2.74144,52.04106],[-2.74103,52.04128],[-2.74082,52.04075],[-2.74133,52.04065],[-2.74075,52.04018],[-2.74127,52.03996],[-2.74115,52.03966],[-2.74191,52.03975],[-2.74181,52.03951],[-2.74276,52.03949],[-2.74292,52.03913],[-2.74407,52.03936],[-2.74407,52.03912],[-2.74462,52.03911],[-2.7446,52.03837],[-2.74599,52.03843],[-2.74622,52.03867],[-2.74935,52.03854],[-2.74937,52.03886],[-2.75006,52.03868],[-2.75542,52.03948],[-2.76519,52.04235],[-2.76577,52.04355],[-2.76546,52.04436],[-2.76614,52.04458],[-2.76856,52.04451],[-2.76893,52.04523],[-2.76951,52.04513],[-2.76915,52.04625],[-2.76865,52.04607],[-2.76733,52.04739],[-2.76678,52.04742],[-2.76417,52.04642],[-2.75866,52.04625]]]}},{"type":"Feature","properties":{"id":"E01013998","name":"E01013998","parent":"E06000019","type":"LSOA","pop":1537,"r":3,"ff":1,"ffd":65.1,"ffs":0.3333,"g":0,"co":3,"mo":3,"sa":3,"ic":3},"geometry":{"type":"Polygon","coordinates":[[[-2.74168,52.3568],[-2.73825,52.35606],[-2.7359,52.35609],[-2.73271,52.35554],[-2.73378,52.35425],[-2.73532,52.35353],[-2.73606,52.35228],[-2.73849,52.35094],[-2.73886,52.34964],[-2.74118,52.34972],[-2.73862,52.34753],[-2.73977,52.34658],[-2.73905,52.34529],[-2.73804,52.34474],[-2.73793,52.34273],[-2.7399,52.34097],[-2.74098,52.34092],[-2.74321,52.33973],[-2.7441,52.33882],[-2.74551,52.33865],[-2.74555,52.33766],[-2.74657,52.3365],[-2.74834,52.33585],[-2.74838,52.3349],[-2.75215,52.33514],[-2.75301,52.33536],[-2.75334,52.33599],[-2.75563,52.33654],[-2.75706,52.33611],[-2.7585,52.33447],[-2.76699,52.33611],[-2.76487,52.33294],[-2.76322,52.3317],[-2.75985,52.33022],[-2.75852,52.32927],[-2.75645,52.32879],[-2.75597,52.32949],[-2.75569,52.32868],[-2.75338,52.32739],[-2.75259,52.3275],[-2.75145,52.32697],[-2.75055,52.32741],[-2.74949,52.32735],[-2.74591,52.32666],[-2.74549,52.3264],[-2.7467,52.32526],[-2.74618,52.32491],[-2.74532,52.32584],[-2.74401,52.32504],[-2.74331,52.32363],[-2.74279,52.3236],[-2.7418,52.32281],[-2.73872,52.32209],[-2.738,52.3213],[-2.73811,52.32029],[-2.73717,52.31948],[-2.73427,52.31965],[-2.73376,52.31941],[-2.7311,52.31968],[-2.73081,52.3202],[-2.72616,52.32031],[-2.72467,52.31985],[-2.72174,52.31748],[-2.71983,52.31674],[-2.71935,52.3127],[-2.71845,52.31206],[-2.71736,52.31181],[-2.7154,52.31069],[-2.71412,52.30886],[-2.71481,52.30829],[-2.71578,52.30854],[-2.71673,52.30831],[-2.71651,52.30859],[-2.71715,52.30898],[-2.71795,52.30879],[-2.71856,52.30903],[-2.71854,52.30842],[-2.72023,52.30884],[-2.7207,52.30838],[-2.72039,52.30798],[-2.72133,52.30756],[-2.72282,52.30764],[-2.72314,52.30741],[-2.72333,52.30684],[-2.7225,52.30653],[-2.72319,52.30617],[-2.72339,52.30484],[-2.72431,52.30415],[-2.7242,52.30276],[-2.72256,52.30125],[-2.72409,52.29878],[-2.72409,52.29778],[-2.72546,52.29642],[-2.72532,52.29473],[-2.72618,52.29323],[-2.72599,52.29218],[-2.72644,52.29208],[-2.72645,52.29087],[-2.72602,52.29027],[-2.72349,52.28913],[-2.72325,52.28839],[-2.7291,52.28588],[-2.72864,52.28373],[-2.73422,52.28257],[-2.73531,52.28314],[-2.73541,52.28389],[-2.73788,52.28421],[-2.74562,52.28438],[-2.74357,52.28204],[-2.74095,52.27997],[-2.74055,52.27901],[-2.74581,52.27824],[-2.74726,52.27748],[-2.75089,52.27433],[-2.75226,52.27401],[-2.75377,52.27425],[-2.75601,52.27562],[-2.75774,52.27589],[-2.76317,52.27501],[-2.76788,52.27488],[-2.77248,52.2733],[-2.7742,52.2734],[-2.77509,52.27279],[-2.77549,52.27286],[-2.78277,52.26986],[-2.78169,52.26944],[-2.77986,52.27015],[-2.77872,52.26954],[-2.77908,52.26927],[-2.77808,52.26849],[-2.77836,52.26834],[-2.78051,52.26837],[-2.78239,52.26942],[-2.78526,52.26883],[-2.78605,52.2691],[-2.78833,52.26897],[-2.7902,52.26843],[-2.78991,52.26804],[-2.79402,52.26985],[-2.79396,52.27044],[-2.7951,52.27053],[-2.79641,52.27139],[-2.79635,52.26985],[-2.80316,52.27064],[-2.8031,52.27106],[-2.80483,52.27152],[-2.80818,52.27075],[-2.81009,52.27151],[-2.81221,52.27296],[-2.81137,52.27398],[-2.8122,52.27462],[-2.81386,52.27428],[-2.81492,52.27495],[-2.81452,52.27529],[-2.81491,52.2757],[-2.81697,52.27533],[-2.81793,52.27479],[-2.81825,52.27595],[-2.81904,52.27619],[-2.81927,52.27703],[-2.8189,52.27757],[-2.81971,52.27884],[-2.8111,52.27912],[-2.80486,52.28009],[-2.80136,52.28136],[-2.80144,52.28074],[-2.79606,52.28025],[-2.79279,52.28045],[-2.79042,52.27994],[-2.78821,52.28166],[-2.78648,52.28199],[-2.78587,52.28175],[-2.78567,52.28114],[-2.78597,52.28048],[-2.78846,52.27885],[-2.78647,52.27738],[-2.78339,52.28013],[-2.78155,52.2799],[-2.78103,52.28014],[-2.78449,52.28117],[-2.78513,52.28339],[-2.78686,52.28425],[-2.78681,52.28483],[-2.78382,52.28482],[-2.7793,52.28623],[-2.77703,52.28249],[-2.774,52.28108],[-2.76875,52.282],[-2.76292,52.2855],[-2.76163,52.2868],[-2.76244,52.28759],[-2.76678,52.28539],[-2.76755,52.28538],[-2.76987,52.2845],[-2.7692,52.28556],[-2.76811,52.28588],[-2.76831,52.28614],[-2.76931,52.28585],[-2.77134,52.28618],[-2.76932,52.2866],[-2.76832,52.28622],[-2.76476,52.2879],[-2.76919,52.28717],[-2.76939,52.28756],[-2.77386,52.29005],[-2.7678,52.29406],[-2.76806,52.29423],[-2.7669,52.29512],[-2.76848,52.29626],[-2.76929,52.29751],[-2.76905,52.29782],[-2.77065,52.29876],[-2.77123,52.29967],[-2.77089,52.30014],[-2.77425,52.3004],[-2.77549,52.30092],[-2.77555,52.30143],[-2.77438,52.30154],[-2.77433,52.30255],[-2.77659,52.30219],[-2.78037,52.30249],[-2.78187,52.3028],[-2.78402,52.30379],[-2.78711,52.30398],[-2.78944,52.30453],[-2.78956,52.30416],[-2.7944,52.3041],[-2.79615,52.30313],[-2.79805,52.30258],[-2.79859,52.30364],[-2.7974,52.30459],[-2.79855,52.30562],[-2.79673,52.30524],[-2.79076,52.30864],[-2.78939,52.31014],[-2.79071,52.31083],[-2.78589,52.31461],[-2.78366,52.31768],[-2.7824,52.31807],[-2.78103,52.31909],[-2.77877,52.3192],[-2.7783,52.31961],[-2.77988,52.32209],[-2.77741,52.32341],[-2.7737,52.32403],[-2.77608,52.32462],[-2.77807,52.32561],[-2.77882,52.32682],[-2.77671,52.32696],[-2.77431,52.32781],[-2.7737,52.32897],[-2.77152,52.33036],[-2.77164,52.33116],[-2.77225,52.33127],[-2.77112,52.3317],[-2.77018,52.3329],[-2.76712,52.33503],[-2.76732,52.33589],[-2.76923,52.33725],[-2.76955,52.33805],[-2.76897,52.33949],[-2.76977,52.33971],[-2.76887,52.33964],[-2.76832,52.3401],[-2.76833,52.34302],[-2.76716,52.34483],[-2.76305,52.34708],[-2.76311,52.34825],[-2.76433,52.34968],[-2.76441,52.35044],[-2.76274,52.35158],[-2.76013,52.35217],[-2.75805,52.35416],[-2.75413,52.3546],[-2.75242,52.35596],[-2.75033,52.35595],[-2.7509,52.35721],[-2.75066,52.35802],[-2.74862,52.35902],[-2.74269,52.35935],[-2.74309,52.35913],[-2.74257,52.35748],[-2.74168,52.3568]]]}},{"type":"Feature","properties":{"id":"E01013999","name":"E01013999","parent":"E06000019","type":"LSOA","pop":1487,"r":2,"ff":1,"ffd":67.2,"ffs":0.5,"g":0,"co":3,"mo":3,"sa":3,"ic":3},"geometry":{"type":"Polygon","coordinates":[[[-2.78037,52.30249],[-2.77659,52.30219],[-2.77433,52.30255],[-2.77438,52.30154],[-2.77555,52.30143],[-2.77549,52.30092],[-2.77425,52.3004],[-2.77089,52.30014],[-2.77123,52.29967],[-2.77065,52.29876],[-2.76905,52.29782],[-2.76929,52.29751],[-2.76848,52.29626],[-2.7669,52.29512],[-2.76806,52.29423],[-2.7678,52.29406],[-2.77386,52.29005],[-2.76939,52.28756],[-2.76919,52.28717],[-2.76476,52.2879],[-2.76832,52.28622],[-2.76932,52.2866],[-2.77134,52.28618],[-2.76931,52.28585],[-2.76831,52.28614],[-2.76811,52.28588],[-2.7692,52.28556],[-2.76987,52.2845],[-2.76755,52.28538],[-2.76678,52.28539],[-2.76244,52.28759],[-2.76163,52.2868],[-2.76292,52.2855],[-2.76875,52.282],[-2.774,52.28108],[-2.77703,52.28249],[-2.7793,52.28623],[-2.78382,52.28482],[-2.78681,52.28483],[-2.78686,52.28425],[-2.78513,52.28339],[-2.78449,52.28117],[-2.78103,52.28014],[-2.78155,52.2799],[-2.78339,52.28013],[-2.78647,52.27738],[-2.78846,52.27885],[-2.78597,52.28048],[-2.78567,52.28114],[-2.78587,52.28175],[-2.78648,52.28199],[-2.78821,52.28166],[-2.79042,52.27994],[-2.79279,52.28045],[-2.79606,52.28025],[-2.80144,52.28074],[-2.80136,52.28136],[-2.80486,52.28009],[-2.8111,52.27912],[-2.81971,52.27884],[-2.8189,52.27757],[-2.81927,52.27703],[-2.81904,52.27619],[-2.81825,52.27595],[-2.81793,52.27479],[-2.81697,52.27533],[-2.81491,52.2757],[-2.81452,52.27529],[-2.81492,52.27495],[-2.81386,52.27428],[-2.8122,52.27462],[-2.81137,52.27398],[-2.81221,52.27296],[-2.81009,52.27151],[-2.80818,52.27075],[-2.80483,52.27152],[-2.8031,52.27106],[-2.80316,52.27064],[-2.79635,52.26985],[-2.79641,52.27139],[-2.7951,52.27053],[-2.79396,52.27044],[-2.79402,52.26985],[-2.78803,52.26715],[-2.78442,52.26668],[-2.78171,52.26591],[-2.78233,52.26273],[-2.78068,52.2625],[-2.77893,52.26271],[-2.78011,52.26173],[-2.77535,52.25874],[-2.77591,52.25804],[-2.77781,52.25744],[-2.78157,52.25396],[-2.78459,52.24777],[-2.78443,52.24722],[-2.78123,52.24526],[-2.77968,52.24384],[-2.77939,52.24284],[-2.77355,52.24159],[-2.76942,52.24138],[-2.76852,52.24109],[-2.76684,52.24147],[-2.76632,52.24203],[-2.76441,52.24019],[-2.76283,52.23994],[-2.76225,52.23934],[-2.76132,52.23904],[-2.7609,52.23943],[-2.76021,52.23928],[-2.7603,52.23869],[-2.75967,52.23863],[-2.75783,52.23746],[-2.75833,52.23721],[-2.75801,52.23647],[-2.75639,52.23513],[-2.75508,52.23221],[-2.75727,52.23261],[-2.75761,52.23207],[-2.75735,52.2316],[-2.75825,52.23156],[-2.75854,52.23105],[-2.75907,52.23178],[-2.75979,52.23107],[-2.76007,52.23151],[-2.76072,52.23146],[-2.76071,52.23184],[-2.76258,52.23244],[-2.7637,52.23133],[-2.76432,52.23173],[-2.76418,52.23141],[-2.76484,52.23095],[-2.76547,52.23098],[-2.76498,52.23134],[-2.76593,52.23134],[-2.76555,52.23092],[-2.76604,52.23069],[-2.76623,52.23119],[-2.76713,52.23103],[-2.76712,52.2316],[-2.76725,52.23122],[-2.76802,52.23143],[-2.76757,52.2309],[-2.76942,52.23094],[-2.76936,52.23127],[-2.7705,52.23143],[-2.77035,52.23188],[-2.77113,52.23212],[-2.77166,52.23197],[-2.7717,52.23243],[-2.77531,52.23249],[-2.77589,52.23228],[-2.77691,52.233],[-2.77743,52.23278],[-2.77803,52.23297],[-2.77759,52.23331],[-2.77797,52.23366],[-2.77936,52.23346],[-2.78052,52.23381],[-2.78105,52.23349],[-2.78226,52.23358],[-2.78271,52.2332],[-2.78479,52.23392],[-2.78739,52.23388],[-2.78818,52.23449],[-2.78811,52.23487],[-2.78998,52.23507],[-2.79077,52.23633],[-2.79177,52.23665],[-2.79154,52.23708],[-2.79275,52.23676],[-2.79347,52.23724],[-2.79351,52.23771],[-2.79489,52.2376],[-2.79521,52.23821],[-2.79579,52.23791],[-2.79682,52.23825],[-2.79754,52.2379],[-2.79835,52.23862],[-2.79886,52.23845],[-2.79859,52.23887],[-2.79908,52.23907],[-2.79986,52.23897],[-2.80203,52.2366],[-2.80347,52.23564],[-2.80324,52.23383],[-2.80391,52.23356],[-2.80106,52.23106],[-2.80126,52.23076],[-2.80065,52.23069],[-2.79988,52.22735],[-2.80035,52.22613],[-2.79732,52.22593],[-2.79669,52.22552],[-2.79688,52.22496],[-2.79645,52.2249],[-2.79674,52.22433],[-2.7958,52.22391],[-2.79766,52.22367],[-2.79776,52.2231],[-2.79852,52.22334],[-2.79981,52.2232],[-2.79908,52.2234],[-2.79892,52.2238],[-2.80016,52.22405],[-2.79995,52.22468],[-2.80138,52.22478],[-2.80269,52.22407],[-2.80386,52.22478],[-2.8049,52.22433],[-2.80474,52.22489],[-2.80518,52.22502],[-2.8071,52.22334],[-2.80758,52.22367],[-2.8103,52.22305],[-2.81061,52.22337],[-2.81141,52.22321],[-2.81203,52.22407],[-2.8127,52.22387],[-2.81291,52.22321],[-2.81418,52.22283],[-2.81362,52.22234],[-2.81394,52.22195],[-2.81475,52.2219],[-2.8141,52.22227],[-2.81475,52.22268],[-2.81525,52.22255],[-2.81524,52.22201],[-2.81664,52.22231],[-2.82104,52.22222],[-2.82183,52.22275],[-2.8229,52.22269],[-2.82305,52.22301],[-2.82257,52.22319],[-2.82291,52.22339],[-2.82389,52.22315],[-2.82388,52.22238],[-2.82571,52.22236],[-2.82593,52.22283],[-2.82661,52.22253],[-2.82707,52.22309],[-2.82857,52.22299],[-2.8293,52.22482],[-2.8309,52.22549],[-2.83372,52.2346],[-2.83414,52.23542],[-2.83666,52.23521],[-2.83841,52.23592],[-2.83985,52.23563],[-2.84132,52.23413],[-2.84633,52.2327],[-2.85091,52.23039],[-2.85344,52.23234],[-2.85395,52.23206],[-2.85585,52.23512],[-2.85576,52.23582],[-2.85804,52.23865],[-2.85998,52.24029],[-2.85778,52.24051],[-2.85574,52.24113],[-2.8533,52.24289],[-2.85323,52.24367],[-2.85069,52.24507],[-2.84973,52.24658],[-2.84822,52.24738],[-2.84521,52.24718],[-2.84245,52.24749],[-2.83971,52.24719],[-2.83786,52.24793],[-2.84399,52.26761],[-2.84337,52.2678],[-2.84396,52.26822],[-2.84339,52.26924],[-2.84374,52.27053],[-2.84293,52.27051],[-2.84259,52.27154],[-2.84345,52.27162],[-2.84338,52.27198],[-2.84232,52.27304],[-2.84162,52.27589],[-2.83896,52.28004],[-2.83923,52.28089],[-2.83427,52.28081],[-2.83421,52.28146],[-2.83154,52.28451],[-2.83109,52.28615],[-2.81878,52.2925],[-2.81691,52.29471],[-2.81556,52.29497],[-2.81319,52.29602],[-2.81141,52.29757],[-2.80697,52.29848],[-2.79805,52.30258],[-2.79615,52.30313],[-2.7944,52.3041],[-2.78956,52.30416],[-2.78944,52.30453],[-2.78711,52.30398],[-2.78402,52.30379],[-2.78187,52.3028],[-2.78037,52.30249]]]}},{"type":"Feature","properties":{"id":"E01014000","name":"E01014000","parent":"E06000019","type":"LSOA","pop":1302,"r":1,"ff":1,"ffd":76.8,"ffs":1.0,"g":0,"co":1,"mo":3,"sa":3,"ic":3},"geometry":{"type":"Polygon","coordinates":[[[-2.47221,52.28559],[-2.46746,52.28333],[-2.46531,52.2841],[-2.46358,52.28519],[-2.45538,52.28495],[-2.4514,52.28508],[-2.45162,52.28355],[-2.45126,52.28281],[-2.44815,52.28065],[-2.4441,52.27856],[-2.44176,52.2784],[-2.44024,52.27876],[-2.44019,52.27744],[-2.43845,52.2771],[-2.43818,52.27626],[-2.4341,52.27578],[-2.43438,52.27535],[-2.43319,52.27383],[-2.43216,52.27308],[-2.43062,52.27277],[-2.42984,52.27146],[-2.428,52.27061],[-2.43077,52.27043],[-2.43434,52.269],[-2.43707,52.26883],[-2.43693,52.26817],[-2.43769,52.26733],[-2.43768,52.26678],[-2.43939,52.26637],[-2.44048,52.26632],[-2.44179,52.26534],[-2.44661,52.26408],[-2.44651,52.26384],[-2.44734,52.26363],[-2.4529,52.26322],[-2.45513,52.26269],[-2.45693,52.2612],[-2.45976,52.26067],[-2.46183,52.25874],[-2.46509,52.25772],[-2.46955,52.25506],[-2.47268,52.25273],[-2.47368,52.25064],[-2.4738,52.24686],[-2.4747,52.24136],[-2.47493,52.2411],[-2.48117,52.24201],[-2.48102,52.24282],[-2.48045,52.243],[-2.48005,52.24397],[-2.47965,52.24383],[-2.47978,52.2443],[-2.48121,52.24502],[-2.48226,52.24515],[-2.48208,52.24564],[-2.4846,52.24566],[-2.48631,52.24517],[-2.48618,52.24473],[-2.48808,52.24427],[-2.48749,52.2435],[-2.4907,52.24307],[-2.49047,52.24255],[-2.49152,52.24223],[-2.4908,52.24105],[-2.49523,52.24032],[-2.49534,52.23905],[-2.49696,52.23887],[-2.4982,52.23905],[-2.49915,52.23581],[-2.49822,52.23455],[-2.49994,52.23385],[-2.49949,52.23299],[-2.50219,52.23221],[-2.50033,52.23192],[-2.5003,52.23161],[-2.50291,52.23192],[-2.5025,52.23074],[-2.50283,52.22978],[-2.5047,52.22783],[-2.50524,52.2267],[-2.5094,52.22722],[-2.50794,52.2243],[-2.50763,52.22432],[-2.50818,52.22314],[-2.50621,52.22212],[-2.50414,52.22157],[-2.50302,52.21936],[-2.50202,52.21955],[-2.49922,52.21912],[-2.49601,52.21944],[-2.49609,52.22075],[-2.49576,52.2208],[-2.49197,52.22058],[-2.49107,52.22019],[-2.48882,52.22],[-2.48948,52.2192],[-2.48903,52.21878],[-2.48961,52.21792],[-2.48926,52.21711],[-2.48853,52.21684],[-2.48891,52.21526],[-2.4849,52.2134],[-2.48418,52.21261],[-2.48405,52.21159],[-2.48445,52.21118],[-2.4824,52.21174],[-2.4822,52.21323],[-2.48018,52.21378],[-2.48004,52.21582],[-2.47891,52.21693],[-2.47727,52.21768],[-2.47649,52.21852],[-2.47585,52.21861],[-2.47587,52.2199],[-2.47932,52.21838],[-2.48124,52.21836],[-2.48168,52.22016],[-2.4833,52.22058],[-2.48672,52.22081],[-2.48784,52.22122],[-2.48661,52.22337],[-2.48231,52.2225],[-2.47803,52.22262],[-2.47317,52.2238],[-2.47177,52.22369],[-2.47017,52.22307],[-2.46758,52.22321],[-2.4645,52.22399],[-2.46094,52.22546],[-2.45986,52.22448],[-2.45628,52.22476],[-2.45586,52.22424],[-2.457,52.2198],[-2.45696,52.21842],[-2.45641,52.21747],[-2.45788,52.21516],[-2.4574,52.21476],[-2.45846,52.21473],[-2.45851,52.21513],[-2.46042,52.21525],[-2.46223,52.216],[-2.46485,52.21605],[-2.46511,52.21515],[-2.46659,52.21516],[-2.4665,52.2137],[-2.46572,52.21368],[-2.46577,52.21212],[-2.46711,52.21174],[-2.4664,52.21068],[-2.46683,52.21023],[-2.47016,52.20945],[-2.47561,52.20915],[-2.48024,52.20448],[-2.48128,52.20416],[-2.48078,52.20295],[-2.48104,52.20232],[-2.47969,52.19977],[-2.47965,52.19835],[-2.48141,52.19658],[-2.48282,52.19647],[-2.48315,52.19614],[-2.48331,52.19382],[-2.48244,52.19302],[-2.47993,52.19227],[-2.47586,52.18868],[-2.48118,52.19025],[-2.48254,52.18942],[-2.48414,52.18942],[-2.48428,52.1898],[-2.48623,52.18959],[-2.48653,52.18986],[-2.48881,52.18952],[-2.48908,52.18998],[-2.49049,52.18986],[-2.49084,52.19086],[-2.49286,52.19185],[-2.49498,52.19114],[-2.49536,52.19178],[-2.49943,52.19078],[-2.49984,52.19124],[-2.50115,52.19063],[-2.50145,52.19125],[-2.50309,52.19232],[-2.50303,52.194],[-2.50264,52.19424],[-2.50353,52.19791],[-2.50316,52.19818],[-2.5039,52.19972],[-2.50376,52.20034],[-2.50493,52.20068],[-2.5057,52.20219],[-2.50399,52.20364],[-2.50363,52.20447],[-2.50481,52.20519],[-2.5059,52.20523],[-2.50667,52.2059],[-2.51043,52.20707],[-2.51242,52.20687],[-2.5136,52.20729],[-2.514,52.20824],[-2.5164,52.20994],[-2.52254,52.21068],[-2.52583,52.21041],[-2.52739,52.21065],[-2.52938,52.21146],[-2.53212,52.2113],[-2.5324,52.21146],[-2.5313,52.21208],[-2.53209,52.21486],[-2.53391,52.21448],[-2.53408,52.21468],[-2.53585,52.21461],[-2.53618,52.21542],[-2.54548,52.21809],[-2.54648,52.2178],[-2.5468,52.21706],[-2.54613,52.21642],[-2.54635,52.21611],[-2.54444,52.21596],[-2.54497,52.21539],[-2.54399,52.21464],[-2.54448,52.2131],[-2.54359,52.21275],[-2.54377,52.21192],[-2.54414,52.21138],[-2.54532,52.21113],[-2.54529,52.21066],[-2.54787,52.21005],[-2.54776,52.20938],[-2.54822,52.20915],[-2.54628,52.20845],[-2.54577,52.20725],[-2.54595,52.20634],[-2.54533,52.20588],[-2.54574,52.20546],[-2.54504,52.20528],[-2.54422,52.20418],[-2.5414,52.2018],[-2.54068,52.20181],[-2.54025,52.201],[-2.54064,52.20044],[-2.54008,52.20007],[-2.5337,52.2027],[-2.53218,52.20176],[-2.53383,52.20133],[-2.53334,52.20075],[-2.53371,52.19979],[-2.53175,52.19772],[-2.53072,52.19798],[-2.53054,52.19745],[-2.53114,52.19721],[-2.53111,52.19641],[-2.52974,52.19536],[-2.52919,52.19301],[-2.53018,52.19275],[-2.53158,52.1912],[-2.53367,52.19149],[-2.53415,52.19104],[-2.53503,52.19105],[-2.53534,52.19028],[-2.53632,52.19026],[-2.53674,52.18978],[-2.53684,52.18999],[-2.53791,52.18981],[-2.53928,52.19093],[-2.54219,52.19151],[-2.54955,52.19405],[-2.5601,52.19463],[-2.56064,52.19477],[-2.56061,52.19537],[-2.5623,52.19532],[-2.56212,52.19332],[-2.56333,52.19209],[-2.5658,52.19217],[-2.56655,52.1931],[-2.5694,52.19435],[-2.57216,52.19662],[-2.57462,52.19715],[-2.57303,52.19871],[-2.57276,52.20188],[-2.57328,52.20411],[-2.57432,52.2055],[-2.5775,52.208],[-2.57663,52.20987],[-2.57541,52.21059],[-2.576,52.21207],[-2.57312,52.2141],[-2.57017,52.21552],[-2.57377,52.21601],[-2.57732,52.21579],[-2.58018,52.21626],[-2.58376,52.21585],[-2.58366,52.21672],[-2.58282,52.21807],[-2.58329,52.22053],[-2.58137,52.22187],[-2.57917,52.22177],[-2.57921,52.22349],[-2.58027,52.22495],[-2.58018,52.22691],[-2.58096,52.22724],[-2.57839,52.22772],[-2.57978,52.22925],[-2.58125,52.22888],[-2.58124,52.22924],[-2.58363,52.22882],[-2.58483,52.2295],[-2.58421,52.23052],[-2.58708,52.23118],[-2.58941,52.23125],[-2.58404,52.23473],[-2.5831,52.23573],[-2.58254,52.2373],[-2.57969,52.23959],[-2.57831,52.23996],[-2.57669,52.23973],[-2.57535,52.23989],[-2.57108,52.24126],[-2.56917,52.24059],[-2.56837,52.24121],[-2.56488,52.24247],[-2.56561,52.24413],[-2.56527,52.24457],[-2.56377,52.24502],[-2.56625,52.24713],[-2.56666,52.24918],[-2.56737,52.25014],[-2.55963,52.25195],[-2.55459,52.252],[-2.55318,52.25248],[-2.5527,52.25236],[-2.5525,52.25128],[-2.54795,52.2497],[-2.54109,52.25302],[-2.53971,52.25307],[-2.53898,52.25261],[-2.53902,52.25153],[-2.53581,52.25077],[-2.53456,52.25144],[-2.53413,52.25129],[-2.53167,52.25328],[-2.52899,52.2517],[-2.52942,52.25072],[-2.52887,52.24968],[-2.52743,52.24922],[-2.52582,52.2481],[-2.52514,52.24885],[-2.52339,52.24937],[-2.52257,52.25099],[-2.52244,52.25173],[-2.521,52.25211],[-2.51839,52.25427],[-2.51552,52.25601],[-2.51364,52.25574],[-2.51018,52.25646],[-2.50676,52.25662],[-2.50134,52.25743],[-2.49565,52.25694],[-2.49468,52.2613],[-2.49387,52.26185],[-2.49336,52.263],[-2.4936,52.26403],[-2.4963,52.26667],[-2.49781,52.26754],[-2.4986,52.26751],[-2.49934,52.2686],[-2.50098,52.26923],[-2.50407,52.27228],[-2.50403,52.27425],[-2.50447,52.27448],[-2.50423,52.27515],[-2.50356,52.27554],[-2.50311,52.27745],[-2.50077,52.27776],[-2.49723,52.27739],[-2.49567,52.27761],[-2.4937,52.27837],[-2.49201,52.27818],[-2.48917,52.28095],[-2.48832,52.28137],[-2.48703,52.28134],[-2.48642,52.28188],[-2.48502,52.28232],[-2.48361,52.28359],[-2.48338,52.28438],[-2.47596,52.28564],[-2.47332,52.28577],[-2.47221,52.28559]]]}},{"type":"Feature","properties":{"id":"E01014001","name":"E01014001","parent":"E06000019","type":"LSOA","pop":1732,"r":3,"ff":3,"ffd":173.2,"ffs":1.0,"g":0,"co":1,"mo":3,"sa":3,"ic":3},"geometry":{"type":"Polygon","coordinates":[[[-2.47978,52.2443],[-2.47965,52.24383],[-2.48005,52.24397],[-2.48045,52.243],[-2.48102,52.24282],[-2.48117,52.24201],[-2.47493,52.2411],[-2.4747,52.24136],[-2.47294,52.24113],[-2.47034,52.24007],[-2.46805,52.23835],[-2.4665,52.23764],[-2.46486,52.23437],[-2.46221,52.23504],[-2.45601,52.23574],[-2.4509,52.23671],[-2.45053,52.23623],[-2.44519,52.23638],[-2.44408,52.23563],[-2.4418,52.23602],[-2.43714,52.23761],[-2.43462,52.23695],[-2.43323,52.23704],[-2.43163,52.23662],[-2.43027,52.23668],[-2.42629,52.23612],[-2.42307,52.23726],[-2.42003,52.23527],[-2.41673,52.23377],[-2.41433,52.23176],[-2.41134,52.23145],[-2.40976,52.23102],[-2.40937,52.23064],[-2.4069,52.23079],[-2.40531,52.23126],[-2.40416,52.231],[-2.40209,52.23106],[-2.3994,52.23183],[-2.39904,52.23152],[-2.39648,52.23147],[-2.39524,52.23103],[-2.39329,52.231],[-2.39207,52.23033],[-2.39029,52.23035],[-2.38941,52.22997],[-2.38893,52.22935],[-2.3894,52.22734],[-2.38743,52.22634],[-2.38591,52.22645],[-2.38556,52.22587],[-2.3844,52.22523],[-2.38425,52.22459],[-2.3853,52.22299],[-2.38646,52.22223],[-2.38805,52.22189],[-2.38959,52.22207],[-2.39377,52.22425],[-2.39651,52.22476],[-2.39749,52.22454],[-2.39836,52.22383],[-2.39822,52.22303],[-2.39733,52.22232],[-2.39765,52.22168],[-2.40073,52.22137],[-2.40297,52.22177],[-2.40404,52.22125],[-2.40356,52.21959],[-2.40155,52.21739],[-2.40158,52.2154],[-2.39985,52.21452],[-2.39701,52.21235],[-2.39289,52.21033],[-2.39244,52.20939],[-2.39268,52.20861],[-2.39348,52.20766],[-2.3952,52.20689],[-2.396,52.20573],[-2.39722,52.20574],[-2.39822,52.20664],[-2.39975,52.20704],[-2.40234,52.20725],[-2.40277,52.20693],[-2.40038,52.2023],[-2.40048,52.20172],[-2.402,52.2019],[-2.40197,52.20133],[-2.40322,52.20177],[-2.40331,52.2024],[-2.40415,52.20219],[-2.40492,52.20247],[-2.4049,52.20276],[-2.40693,52.20321],[-2.40784,52.20275],[-2.40762,52.20225],[-2.40854,52.20154],[-2.40832,52.20059],[-2.40906,52.19951],[-2.4086,52.19889],[-2.40871,52.19636],[-2.41034,52.19546],[-2.4111,52.19329],[-2.41374,52.19192],[-2.41465,52.19037],[-2.41599,52.18965],[-2.41769,52.18945],[-2.41916,52.18783],[-2.4179,52.18658],[-2.41813,52.18594],[-2.41779,52.18563],[-2.41611,52.1852],[-2.41507,52.18326],[-2.41665,52.18217],[-2.41896,52.18166],[-2.4203,52.18044],[-2.42325,52.17987],[-2.42546,52.17702],[-2.42507,52.17689],[-2.42499,52.17619],[-2.42446,52.17624],[-2.42383,52.17574],[-2.42356,52.17493],[-2.4228,52.17474],[-2.4229,52.17364],[-2.42235,52.17357],[-2.42201,52.17241],[-2.42629,52.17253],[-2.42802,52.17214],[-2.42907,52.17234],[-2.43066,52.17187],[-2.43206,52.17218],[-2.433,52.17203],[-2.43542,52.171],[-2.43462,52.16983],[-2.43518,52.16822],[-2.44022,52.17216],[-2.44278,52.17274],[-2.44635,52.17304],[-2.44705,52.17318],[-2.44749,52.17371],[-2.4514,52.17428],[-2.45154,52.17468],[-2.45048,52.17461],[-2.44772,52.17533],[-2.44857,52.1767],[-2.45016,52.17725],[-2.45181,52.1767],[-2.45462,52.17444],[-2.45267,52.17396],[-2.45409,52.17291],[-2.45653,52.17359],[-2.45772,52.17277],[-2.45905,52.17246],[-2.4584,52.17142],[-2.45991,52.17029],[-2.46074,52.16801],[-2.46205,52.16756],[-2.46427,52.16774],[-2.46548,52.16929],[-2.46873,52.16901],[-2.47107,52.16972],[-2.47207,52.169],[-2.47271,52.169],[-2.47301,52.16999],[-2.47355,52.17026],[-2.47335,52.17056],[-2.47211,52.17084],[-2.47406,52.17268],[-2.48031,52.17175],[-2.48118,52.17226],[-2.48203,52.17226],[-2.48497,52.17152],[-2.48698,52.17072],[-2.49073,52.1702],[-2.48743,52.17155],[-2.48541,52.17358],[-2.4855,52.17399],[-2.48756,52.1747],[-2.48822,52.17563],[-2.4887,52.17766],[-2.48759,52.17797],[-2.4881,52.17847],[-2.48902,52.17874],[-2.48975,52.17818],[-2.49034,52.17855],[-2.49226,52.17876],[-2.49286,52.17859],[-2.49333,52.17912],[-2.49748,52.17884],[-2.49875,52.17952],[-2.50108,52.17824],[-2.50228,52.17801],[-2.50458,52.17827],[-2.50527,52.17884],[-2.50393,52.18078],[-2.50511,52.18199],[-2.50647,52.18232],[-2.50568,52.18336],[-2.50641,52.18355],[-2.50648,52.18453],[-2.50597,52.18468],[-2.50552,52.18578],[-2.50245,52.18609],[-2.50124,52.18664],[-2.50087,52.18701],[-2.50146,52.18743],[-2.50121,52.18812],[-2.50185,52.18838],[-2.50211,52.18923],[-2.50102,52.19014],[-2.50115,52.19063],[-2.49984,52.19124],[-2.49943,52.19078],[-2.49536,52.19178],[-2.49498,52.19114],[-2.49286,52.19185],[-2.49084,52.19086],[-2.49049,52.18986],[-2.48908,52.18998],[-2.48881,52.18952],[-2.48653,52.18986],[-2.48623,52.18959],[-2.48428,52.1898],[-2.48414,52.18942],[-2.48254,52.18942],[-2.48118,52.19025],[-2.47586,52.18868],[-2.47993,52.19227],[-2.48244,52.19302],[-2.48331,52.19382],[-2.48315,52.19614],[-2.48282,52.19647],[-2.48141,52.19658],[-2.47965,52.19835],[-2.47969,52.19977],[-2.48104,52.20232],[-2.48078,52.20295],[-2.48128,52.20416],[-2.48024,52.20448],[-2.47561,52.20915],[-2.47016,52.20945],[-2.46683,52.21023],[-2.4664,52.21068],[-2.46711,52.21174],[-2.46577,52.21212],[-2.46572,52.21368],[-2.4665,52.2137],[-2.46659,52.21516],[-2.46511,52.21515],[-2.46485,52.21605],[-2.46223,52.216],[-2.46042,52.21525],[-2.45851,52.21513],[-2.45846,52.21473],[-2.4574,52.21476],[-2.45788,52.21516],[-2.45641,52.21747],[-2.45696,52.21842],[-2.457,52.2198],[-2.45586,52.22424],[-2.45628,52.22476],[-2.45986,52.22448],[-2.46094,52.22546],[-2.4645,52.22399],[-2.46758,52.22321],[-2.47017,52.22307],[-2.47177,52.22369],[-2.47317,52.2238],[-2.47803,52.22262],[-2.48231,52.2225],[-2.48661,52.22337],[-2.48784,52.22122],[-2.48672,52.22081],[-2.4833,52.22058],[-2.48168,52.22016],[-2.48124,52.21836],[-2.47932,52.21838],[-2.47587,52.2199],[-2.47585,52.21861],[-2.47649,52.21852],[-2.47727,52.21768],[-2.47891,52.21693],[-2.48004,52.21582],[-2.48018,52.21378],[-2.4822,52.21323],[-2.4824,52.21174],[-2.48445,52.21118],[-2.48405,52.21159],[-2.48418,52.21261],[-2.4849,52.2134],[-2.48891,52.21526],[-2.48853,52.21684],[-2.48926,52.21711],[-2.48961,52.21792],[-2.48903,52.21878],[-2.48948,52.2192],[-2.48882,52.22],[-2.49107,52.22019],[-2.49197,52.22058],[-2.49576,52.2208],[-2.49609,52.22075],[-2.49601,52.21944],[-2.49922,52.21912],[-2.50202,52.21955],[-2.50302,52.21936],[-2.50414,52.22157],[-2.50621,52.22212],[-2.50818,52.22314],[-2.50763,52.22432],[-2.50794,52.2243],[-2.5094,52.22722],[-2.50524,52.2267],[-2.5047,52.22783],[-2.50283,52.22978],[-2.5025,52.23074],[-2.50291,52.23192],[-2.5003,52.23161],[-2.50033,52.23192],[-2.50219,52.23221],[-2.49949,52.23299],[-2.49994,52.23385],[-2.49822,52.23455],[-2.49915,52.23581],[-2.4982,52.23905],[-2.49696,52.23887],[-2.49534,52.23905],[-2.49523,52.24032],[-2.4908,52.24105],[-2.49152,52.24223],[-2.49047,52.24255],[-2.4907,52.24307],[-2.48749,52.2435],[-2.48808,52.24427],[-2.48618,52.24473],[-2.48631,52.24517],[-2.4846,52.24566],[-2.48208,52.24564],[-2.48226,52.24515],[-2.48121,52.24502],[-2.47978,52.2443]]]}},{"type":"Feature","properties":{"id":"E01014002","name":"E01014002","parent":"E06000019","type":"LSOA","pop":1458,"r":1,"ff":1,"ffd":68.6,"ffs":1.0,"g":0,"co":1,"mo":3,"sa":3,"ic":3},"geometry":{"type":"Polygon","coordinates":[[[-2.51904,52.1892],[-2.51891,52.18896],[-2.51739,52.1891],[-2.51699,52.18869],[-2.51738,52.18771],[-2.51648,52.18786],[-2.51622,52.18698],[-2.5154,52.18673],[-2.51344,52.18717],[-2.51375,52.18777],[-2.51321,52.1876],[-2.51199,52.18796],[-2.5114,52.18764],[-2.51054,52.18797],[-2.51043,52.18771],[-2.50663,52.18756],[-2.50605,52.18805],[-2.50493,52.18741],[-2.50124,52.18664],[-2.50245,52.18609],[-2.50552,52.18578],[-2.50597,52.18468],[-2.50648,52.18453],[-2.50641,52.18355],[-2.50568,52.18336],[-2.50647,52.18232],[-2.50511,52.18199],[-2.50393,52.18078],[-2.50527,52.17884],[-2.50458,52.17827],[-2.50228,52.17801],[-2.50108,52.17824],[-2.49875,52.17952],[-2.49748,52.17884],[-2.49333,52.17912],[-2.49286,52.17859],[-2.49226,52.17876],[-2.49034,52.17855],[-2.48975,52.17818],[-2.48902,52.17874],[-2.4881,52.17847],[-2.48759,52.17797],[-2.4887,52.17766],[-2.48822,52.17563],[-2.48756,52.1747],[-2.4855,52.17399],[-2.48541,52.17358],[-2.48743,52.17155],[-2.49073,52.1702],[-2.48698,52.17072],[-2.48497,52.17152],[-2.48549,52.17043],[-2.48362,52.16998],[-2.48242,52.16893],[-2.48667,52.16818],[-2.4883,52.1676],[-2.48916,52.16789],[-2.48951,52.16705],[-2.48873,52.16713],[-2.48839,52.1666],[-2.49063,52.16595],[-2.49098,52.16513],[-2.49432,52.16459],[-2.49473,52.16332],[-2.49432,52.1618],[-2.49473,52.16127],[-2.48992,52.16051],[-2.48944,52.15987],[-2.48858,52.15962],[-2.48846,52.15912],[-2.48784,52.15915],[-2.48762,52.15813],[-2.48634,52.15677],[-2.48668,52.15645],[-2.48569,52.15461],[-2.48602,52.15413],[-2.48526,52.15333],[-2.4845,52.15289],[-2.48396,52.15308],[-2.48338,52.15263],[-2.48412,52.15184],[-2.48345,52.15137],[-2.48368,52.15115],[-2.48301,52.15102],[-2.48348,52.1507],[-2.48353,52.14931],[-2.48588,52.14973],[-2.48765,52.14966],[-2.48831,52.14938],[-2.49056,52.1524],[-2.49682,52.15131],[-2.49817,52.1513],[-2.49981,52.15175],[-2.50757,52.15211],[-2.50695,52.14849],[-2.50977,52.14823],[-2.50934,52.14694],[-2.5087,52.14707],[-2.50865,52.1468],[-2.5087,52.14479],[-2.50923,52.14428],[-2.51009,52.14404],[-2.5109,52.14495],[-2.51321,52.14556],[-2.51461,52.14664],[-2.5159,52.14717],[-2.51732,52.14729],[-2.51724,52.14673],[-2.5186,52.14645],[-2.51825,52.14555],[-2.51708,52.14548],[-2.51737,52.14486],[-2.51842,52.14452],[-2.51947,52.14364],[-2.52323,52.14216],[-2.52607,52.14144],[-2.52762,52.14153],[-2.52859,52.14114],[-2.52906,52.1418],[-2.52764,52.14258],[-2.52914,52.14408],[-2.52875,52.14512],[-2.53041,52.14509],[-2.53064,52.14614],[-2.53229,52.14805],[-2.52994,52.14929],[-2.52463,52.15021],[-2.52353,52.15166],[-2.52819,52.15233],[-2.52887,52.15271],[-2.53088,52.15285],[-2.53354,52.15257],[-2.53629,52.15148],[-2.5365,52.15163],[-2.53388,52.1528],[-2.53486,52.15421],[-2.53455,52.1543],[-2.53488,52.15821],[-2.53434,52.15971],[-2.53481,52.1605],[-2.53368,52.16098],[-2.53253,52.16262],[-2.53429,52.16349],[-2.53536,52.16345],[-2.5353,52.16388],[-2.53487,52.16559],[-2.53367,52.16749],[-2.53029,52.16783],[-2.52771,52.1685],[-2.52648,52.16947],[-2.52274,52.17033],[-2.52201,52.17107],[-2.52232,52.17237],[-2.52272,52.17302],[-2.52461,52.17411],[-2.52358,52.17501],[-2.52364,52.17648],[-2.52574,52.1777],[-2.52972,52.17592],[-2.52844,52.17362],[-2.52967,52.17325],[-2.53107,52.1737],[-2.53317,52.17371],[-2.53546,52.17413],[-2.53873,52.17632],[-2.53901,52.17668],[-2.53774,52.17734],[-2.53752,52.17781],[-2.5391,52.18022],[-2.53895,52.18052],[-2.53694,52.18059],[-2.53459,52.1815],[-2.5306,52.18422],[-2.52685,52.18485],[-2.52393,52.185],[-2.52197,52.18648],[-2.51956,52.18634],[-2.52119,52.18873],[-2.51919,52.18891],[-2.51904,52.1892]]]}},{"type":"Feature","properties":{"id":"E01014003","name":"E01014003","parent":"E06000019","type":"LSOA","pop":1629,"r":1,"ff":1,"ffd":61.4,"ffs":1.0,"g":0,"co":1,"mo":3,"sa":3,"ic":3},"geometry":{"type":"Polygon","coordinates":[[[-2.53618,52.21542],[-2.53585,52.21461],[-2.53408,52.21468],[-2.53391,52.21448],[-2.53209,52.21486],[-2.5313,52.21208],[-2.5324,52.21146],[-2.53212,52.2113],[-2.52938,52.21146],[-2.52739,52.21065],[-2.52583,52.21041],[-2.52254,52.21068],[-2.5164,52.20994],[-2.514,52.20824],[-2.5136,52.20729],[-2.51242,52.20687],[-2.51043,52.20707],[-2.50667,52.2059],[-2.5059,52.20523],[-2.50481,52.20519],[-2.50363,52.20447],[-2.50399,52.20364],[-2.5057,52.20219],[-2.50493,52.20068],[-2.50376,52.20034],[-2.5039,52.19972],[-2.50316,52.19818],[-2.50353,52.19791],[-2.50334,52.19694],[-2.5072,52.19544],[-2.50963,52.19495],[-2.50944,52.19513],[-2.51106,52.19644],[-2.51209,52.196],[-2.51124,52.19392],[-2.51127,52.19286],[-2.50987,52.19156],[-2.51037,52.19106],[-2.51076,52.19153],[-2.51091,52.19106],[-2.51147,52.19101],[-2.51284,52.19184],[-2.51324,52.19152],[-2.5143,52.19147],[-2.51412,52.19112],[-2.5147,52.19127],[-2.51548,52.19059],[-2.51524,52.19013],[-2.5145,52.18954],[-2.51495,52.18781],[-2.51375,52.18777],[-2.51344,52.18717],[-2.5154,52.18673],[-2.51622,52.18698],[-2.51648,52.18786],[-2.51738,52.18771],[-2.51699,52.18869],[-2.51739,52.1891],[-2.51891,52.18896],[-2.51904,52.1892],[-2.51919,52.18891],[-2.52119,52.18873],[-2.51956,52.18634],[-2.52197,52.18648],[-2.52393,52.185],[-2.52685,52.18485],[-2.5306,52.18422],[-2.53459,52.1815],[-2.53694,52.18059],[-2.53895,52.18052],[-2.5391,52.18022],[-2.53752,52.17781],[-2.53774,52.17734],[-2.53901,52.17668],[-2.53873,52.17632],[-2.54162,52.1762],[-2.54594,52.17661],[-2.54821,52.17592],[-2.54925,52.17623],[-2.55323,52.17529],[-2.55291,52.17198],[-2.55178,52.17028],[-2.55317,52.16958],[-2.551,52.16692],[-2.55093,52.166],[-2.55358,52.16459],[-2.55604,52.16402],[-2.55893,52.16423],[-2.56328,52.16333],[-2.56389,52.1636],[-2.5635,52.16505],[-2.56471,52.16596],[-2.56419,52.16648],[-2.56488,52.16657],[-2.56458,52.16719],[-2.56565,52.16751],[-2.56574,52.16796],[-2.56679,52.16825],[-2.56689,52.16864],[-2.56871,52.16898],[-2.56912,52.16989],[-2.56989,52.17029],[-2.57126,52.17015],[-2.5724,52.17073],[-2.57233,52.17246],[-2.57521,52.17355],[-2.57539,52.17433],[-2.57579,52.1744],[-2.57609,52.17559],[-2.57553,52.17547],[-2.57496,52.17665],[-2.57459,52.17665],[-2.57456,52.17832],[-2.5742,52.17825],[-2.57382,52.17878],[-2.5732,52.17891],[-2.57339,52.17918],[-2.57212,52.17929],[-2.57148,52.1799],[-2.57146,52.18059],[-2.57278,52.18136],[-2.5717,52.18212],[-2.5738,52.18394],[-2.57395,52.18522],[-2.57194,52.18535],[-2.5711,52.18445],[-2.56898,52.18528],[-2.56862,52.18592],[-2.56766,52.18608],[-2.56741,52.18653],[-2.56784,52.18767],[-2.57242,52.18771],[-2.57389,52.18804],[-2.57437,52.18852],[-2.57218,52.18882],[-2.57146,52.18955],[-2.57135,52.19067],[-2.56655,52.1931],[-2.5658,52.19217],[-2.56333,52.19209],[-2.56212,52.19332],[-2.5623,52.19532],[-2.56061,52.19537],[-2.56064,52.19477],[-2.5601,52.19463],[-2.54955,52.19405],[-2.54219,52.19151],[-2.53928,52.19093],[-2.53791,52.18981],[-2.53684,52.18999],[-2.53674,52.18978],[-2.53632,52.19026],[-2.53534,52.19028],[-2.53503,52.19105],[-2.53415,52.19104],[-2.53367,52.19149],[-2.53158,52.1912],[-2.53018,52.19275],[-2.52919,52.19301],[-2.52974,52.19536],[-2.53111,52.19641],[-2.53114,52.19721],[-2.53054,52.19745],[-2.53072,52.19798],[-2.53175,52.19772],[-2.53371,52.19979],[-2.53334,52.20075],[-2.53383,52.20133],[-2.53218,52.20176],[-2.5337,52.2027],[-2.54008,52.20007],[-2.54064,52.20044],[-2.54025,52.201],[-2.54068,52.20181],[-2.5414,52.2018],[-2.54422,52.20418],[-2.54504,52.20528],[-2.54574,52.20546],[-2.54533,52.20588],[-2.54595,52.20634],[-2.54577,52.20725],[-2.54628,52.20845],[-2.54822,52.20915],[-2.54776,52.20938],[-2.54787,52.21005],[-2.54529,52.21066],[-2.54532,52.21113],[-2.54414,52.21138],[-2.54377,52.21192],[-2.54359,52.21275],[-2.54448,52.2131],[-2.54399,52.21464],[-2.54497,52.21539],[-2.54444,52.21596],[-2.54635,52.21611],[-2.54613,52.21642],[-2.5468,52.21706],[-2.54648,52.2178],[-2.54548,52.21809],[-2.53618,52.21542]]]}},{"type":"Feature","properties":{"id":"E01014004","name":"E01014004","parent":"E06000019","type":"LSOA","pop":1507,"r":1,"ff":1,"ffd":66.4,"ffs":1.0,"g":0,"co":1,"mo":3,"sa":3,"ic":3},"geometry":{"type":"Polygon","coordinates":[[[-2.60281,52.1971],[-2.60254,52.19611],[-2.60063,52.19634],[-2.59789,52.19555],[-2.59047,52.19476],[-2.58912,52.19431],[-2.58823,52.19441],[-2.58808,52.1937],[-2.58225,52.19354],[-2.58143,52.19198],[-2.57951,52.19132],[-2.5784,52.18921],[-2.57857,52.18877],[-2.57779,52.18853],[-2.57712,52.18718],[-2.57659,52.1872],[-2.57672,52.18787],[-2.57437,52.18852],[-2.57389,52.18804],[-2.57242,52.18771],[-2.56784,52.18767],[-2.56741,52.18653],[-2.56766,52.18608],[-2.56862,52.18592],[-2.56898,52.18528],[-2.5711,52.18445],[-2.57194,52.18535],[-2.57395,52.18522],[-2.5738,52.18394],[-2.5717,52.18212],[-2.57278,52.18136],[-2.57146,52.18059],[-2.57148,52.1799],[-2.57212,52.17929],[-2.57339,52.17918],[-2.5732,52.17891],[-2.57382,52.17878],[-2.5742,52.17825],[-2.57456,52.17832],[-2.57459,52.17665],[-2.57496,52.17665],[-2.57553,52.17547],[-2.57609,52.17559],[-2.57579,52.1744],[-2.57539,52.17433],[-2.57521,52.17355],[-2.57233,52.17246],[-2.5724,52.17073],[-2.57126,52.17015],[-2.56989,52.17029],[-2.56912,52.16989],[-2.56871,52.16898],[-2.56689,52.16864],[-2.56679,52.16825],[-2.56574,52.16796],[-2.56565,52.16751],[-2.56458,52.16719],[-2.56488,52.16657],[-2.56419,52.16648],[-2.56471,52.16596],[-2.5635,52.16505],[-2.56389,52.1636],[-2.56328,52.16333],[-2.55893,52.16423],[-2.55604,52.16402],[-2.55358,52.16459],[-2.55093,52.166],[-2.551,52.16692],[-2.55317,52.16958],[-2.55178,52.17028],[-2.55291,52.17198],[-2.55323,52.17529],[-2.54925,52.17623],[-2.54821,52.17592],[-2.54594,52.17661],[-2.54162,52.1762],[-2.53873,52.17632],[-2.53546,52.17413],[-2.53317,52.17371],[-2.53107,52.1737],[-2.52967,52.17325],[-2.52844,52.17362],[-2.52972,52.17592],[-2.52574,52.1777],[-2.52364,52.17648],[-2.52358,52.17501],[-2.52461,52.17411],[-2.52272,52.17302],[-2.52232,52.17237],[-2.52201,52.17107],[-2.52274,52.17033],[-2.52648,52.16947],[-2.52771,52.1685],[-2.53029,52.16783],[-2.53367,52.16749],[-2.53487,52.16559],[-2.53536,52.16345],[-2.53429,52.16349],[-2.53253,52.16262],[-2.53368,52.16098],[-2.53481,52.1605],[-2.53434,52.15971],[-2.53488,52.15821],[-2.53455,52.1543],[-2.53486,52.15421],[-2.53388,52.1528],[-2.5365,52.15163],[-2.53629,52.15148],[-2.53354,52.15257],[-2.53088,52.15285],[-2.52887,52.15271],[-2.52819,52.15233],[-2.52353,52.15166],[-2.52463,52.15021],[-2.52994,52.14929],[-2.53229,52.14805],[-2.53064,52.14614],[-2.53041,52.14509],[-2.52875,52.14512],[-2.52914,52.14408],[-2.52764,52.14258],[-2.52906,52.1418],[-2.52859,52.14114],[-2.5312,52.14019],[-2.53235,52.14019],[-2.53285,52.13598],[-2.53447,52.13585],[-2.53455,52.13456],[-2.537,52.13507],[-2.53763,52.13434],[-2.541,52.13293],[-2.54428,52.13209],[-2.54588,52.13211],[-2.54586,52.13245],[-2.54711,52.13332],[-2.54727,52.13431],[-2.54807,52.13466],[-2.54943,52.13394],[-2.55219,52.13356],[-2.55521,52.13379],[-2.56095,52.1331],[-2.56239,52.13273],[-2.56275,52.13226],[-2.56492,52.13268],[-2.56635,52.13369],[-2.56616,52.13529],[-2.56873,52.13489],[-2.5698,52.1373],[-2.57298,52.14071],[-2.57426,52.14142],[-2.57519,52.14269],[-2.57531,52.14429],[-2.57664,52.14391],[-2.58021,52.14391],[-2.58841,52.14282],[-2.5886,52.14218],[-2.59011,52.1424],[-2.59447,52.1404],[-2.59362,52.13973],[-2.59368,52.13808],[-2.5926,52.13711],[-2.59192,52.13488],[-2.59443,52.13346],[-2.59556,52.13244],[-2.59749,52.13158],[-2.59671,52.13079],[-2.59687,52.12971],[-2.59239,52.12951],[-2.5918,52.12772],[-2.59312,52.12612],[-2.59326,52.1248],[-2.59227,52.12372],[-2.58909,52.12311],[-2.5891,52.12269],[-2.58796,52.12205],[-2.5864,52.12036],[-2.586,52.11937],[-2.58697,52.11683],[-2.58893,52.11631],[-2.5879,52.11556],[-2.58777,52.11437],[-2.58997,52.10985],[-2.58936,52.10908],[-2.58907,52.10729],[-2.59043,52.10186],[-2.59015,52.10098],[-2.59137,52.10083],[-2.59234,52.10034],[-2.59398,52.10164],[-2.59474,52.10121],[-2.59612,52.10152],[-2.59704,52.10097],[-2.59818,52.1011],[-2.59958,52.10086],[-2.60206,52.10135],[-2.60258,52.10112],[-2.60318,52.1016],[-2.60374,52.1013],[-2.60522,52.10145],[-2.60575,52.10117],[-2.60718,52.10146],[-2.60779,52.10089],[-2.60923,52.10104],[-2.6114,52.10005],[-2.61255,52.10033],[-2.61284,52.10001],[-2.6133,52.10019],[-2.61374,52.09984],[-2.61428,52.09999],[-2.61491,52.09974],[-2.61565,52.10013],[-2.61618,52.0999],[-2.6168,52.10022],[-2.61708,52.09991],[-2.61834,52.10056],[-2.61967,52.10075],[-2.62429,52.09856],[-2.62517,52.09931],[-2.62304,52.10056],[-2.62372,52.10194],[-2.6259,52.10135],[-2.62719,52.1006],[-2.62769,52.10216],[-2.62995,52.10414],[-2.63077,52.10549],[-2.63298,52.10552],[-2.63316,52.10581],[-2.63711,52.10482],[-2.63821,52.10606],[-2.64122,52.10829],[-2.6352,52.10975],[-2.63725,52.11213],[-2.63662,52.1127],[-2.63626,52.11235],[-2.635,52.11313],[-2.63287,52.11323],[-2.63293,52.11364],[-2.63125,52.11531],[-2.62905,52.11603],[-2.62871,52.11568],[-2.62671,52.11567],[-2.62624,52.11592],[-2.62507,52.11565],[-2.62361,52.11589],[-2.62321,52.11632],[-2.6286,52.12021],[-2.63035,52.12032],[-2.63397,52.12137],[-2.63714,52.12128],[-2.63901,52.12173],[-2.64088,52.12245],[-2.64171,52.12333],[-2.64415,52.12339],[-2.64736,52.1274],[-2.64924,52.12746],[-2.65109,52.12706],[-2.65202,52.12871],[-2.653,52.1293],[-2.65311,52.12977],[-2.65089,52.13094],[-2.65221,52.13199],[-2.65232,52.13306],[-2.65446,52.13245],[-2.65471,52.13295],[-2.65232,52.13357],[-2.65239,52.13562],[-2.64921,52.1357],[-2.6465,52.13515],[-2.64412,52.1353],[-2.63696,52.13502],[-2.63035,52.13605],[-2.6211,52.13678],[-2.61913,52.13761],[-2.62122,52.13919],[-2.62087,52.14108],[-2.6223,52.14299],[-2.62455,52.1443],[-2.62064,52.14544],[-2.62199,52.14648],[-2.62335,52.14908],[-2.62305,52.14954],[-2.62419,52.14991],[-2.62438,52.1507],[-2.62396,52.15122],[-2.62459,52.15125],[-2.62439,52.15168],[-2.62653,52.15202],[-2.62536,52.15381],[-2.6238,52.1569],[-2.62246,52.15812],[-2.62233,52.15885],[-2.62287,52.15946],[-2.62395,52.15931],[-2.62473,52.15878],[-2.62624,52.15858],[-2.62673,52.15981],[-2.62346,52.16024],[-2.62543,52.1623],[-2.62534,52.16379],[-2.62952,52.16423],[-2.62988,52.16545],[-2.63119,52.16689],[-2.63133,52.16828],[-2.63481,52.17032],[-2.63647,52.17087],[-2.6401,52.17028],[-2.64212,52.17026],[-2.64339,52.17059],[-2.64418,52.17045],[-2.64571,52.1693],[-2.65044,52.16916],[-2.65225,52.17069],[-2.65218,52.17158],[-2.65292,52.17285],[-2.65218,52.173],[-2.64987,52.17536],[-2.64999,52.17596],[-2.65197,52.17742],[-2.65205,52.17803],[-2.65102,52.17891],[-2.65108,52.18088],[-2.64852,52.18205],[-2.64784,52.18329],[-2.64819,52.18384],[-2.64795,52.18472],[-2.64699,52.18669],[-2.64219,52.18764],[-2.64163,52.18808],[-2.63877,52.1887],[-2.63784,52.18913],[-2.6358,52.19175],[-2.63435,52.19216],[-2.63324,52.19155],[-2.63218,52.19023],[-2.62893,52.18925],[-2.62875,52.1881],[-2.62827,52.18811],[-2.6285,52.18914],[-2.62674,52.1902],[-2.62687,52.19042],[-2.62458,52.19105],[-2.62165,52.19052],[-2.61825,52.18944],[-2.61723,52.18847],[-2.61638,52.1867],[-2.61094,52.19081],[-2.61023,52.19176],[-2.61068,52.19244],[-2.61182,52.19247],[-2.61276,52.19306],[-2.61345,52.19499],[-2.61321,52.19621],[-2.61239,52.19669],[-2.61061,52.19697],[-2.60281,52.1971]]]}},{"type":"Feature","properties":{"id":"E01014005","name":"E01014005","parent":"E06000019","type":"LSOA","pop":1713,"r":1,"ff":1,"ffd":58.4,"ffs":1.0,"g":0,"co":1,"mo":3,"sa":3,"ic":3},"geometry":{"type":"Polygon","coordinates":[[[-2.50334,52.19694],[-2.50264,52.19424],[-2.50303,52.194],[-2.50309,52.19232],[-2.50145,52.19125],[-2.50102,52.19014],[-2.50211,52.18923],[-2.50185,52.18838],[-2.50121,52.18812],[-2.50146,52.18743],[-2.50087,52.18701],[-2.50124,52.18664],[-2.50493,52.18741],[-2.50605,52.18805],[-2.50663,52.18756],[-2.51043,52.18771],[-2.51054,52.18797],[-2.5114,52.18764],[-2.51199,52.18796],[-2.51321,52.1876],[-2.51495,52.18781],[-2.5145,52.18954],[-2.51524,52.19013],[-2.51548,52.19059],[-2.5147,52.19127],[-2.51412,52.19112],[-2.5143,52.19147],[-2.51324,52.19152],[-2.51284,52.19184],[-2.51147,52.19101],[-2.51091,52.19106],[-2.51076,52.19153],[-2.51037,52.19106],[-2.50987,52.19156],[-2.51127,52.19286],[-2.51124,52.19392],[-2.51209,52.196],[-2.51106,52.19644],[-2.50944,52.19513],[-2.50963,52.19495],[-2.5072,52.19544],[-2.50334,52.19694]]]}},{"type":"Feature","properties":{"id":"E01014006","name":"E01014006","parent":"E06000019","type":"LSOA","pop":1694,"r":13,"ff":8,"ffd":472.3,"ffs":0.6154,"g":0,"co":3,"mo":3,"sa":3,"ic":1},"geometry":{"type":"Polygon","coordinates":[[[-2.76317,52.12432],[-2.76275,52.12027],[-2.76143,52.12034],[-2.75622,52.11946],[-2.75225,52.11769],[-2.74941,52.11724],[-2.74616,52.11796],[-2.74729,52.11471],[-2.74339,52.11472],[-2.73861,52.11306],[-2.73905,52.11138],[-2.74059,52.11057],[-2.74098,52.10972],[-2.73978,52.10748],[-2.73875,52.10671],[-2.73785,52.1044],[-2.73748,52.10444],[-2.73725,52.10385],[-2.73685,52.10382],[-2.73652,52.10282],[-2.73476,52.10334],[-2.73438,52.10234],[-2.73552,52.10188],[-2.73902,52.10147],[-2.74146,52.10048],[-2.74423,52.1001],[-2.74376,52.09894],[-2.74584,52.09807],[-2.74423,52.09671],[-2.74573,52.09588],[-2.74409,52.09362],[-2.74259,52.09422],[-2.74114,52.09185],[-2.7408,52.09031],[-2.74201,52.08973],[-2.74236,52.08921],[-2.74257,52.08663],[-2.74391,52.08461],[-2.74481,52.08115],[-2.74588,52.07892],[-2.74523,52.07661],[-2.76364,52.07745],[-2.76558,52.08015],[-2.76688,52.08056],[-2.76686,52.08138],[-2.77047,52.08294],[-2.76973,52.08513],[-2.76846,52.0855],[-2.76942,52.08726],[-2.77058,52.08828],[-2.76972,52.08996],[-2.77021,52.09052],[-2.77413,52.0917],[-2.7768,52.09345],[-2.77764,52.09432],[-2.78336,52.09658],[-2.78591,52.09664],[-2.78701,52.09714],[-2.78734,52.09676],[-2.79211,52.09732],[-2.79367,52.09721],[-2.79445,52.09783],[-2.79668,52.09721],[-2.7998,52.10018],[-2.80333,52.10203],[-2.80362,52.10261],[-2.80332,52.10447],[-2.80263,52.1045],[-2.80322,52.10613],[-2.80276,52.10619],[-2.80283,52.10755],[-2.8032,52.10751],[-2.80433,52.1084],[-2.8045,52.11132],[-2.80379,52.1116],[-2.808,52.11409],[-2.80801,52.11701],[-2.80708,52.11772],[-2.80743,52.12036],[-2.80639,52.12024],[-2.80399,52.11865],[-2.80085,52.11818],[-2.79818,52.11813],[-2.79351,52.11891],[-2.7894,52.11872],[-2.78742,52.11972],[-2.78511,52.12204],[-2.78349,52.12238],[-2.77685,52.12248],[-2.77351,52.12113],[-2.77015,52.12103],[-2.7694,52.12136],[-2.76928,52.12268],[-2.76606,52.12509],[-2.76541,52.12516],[-2.76317,52.12432]]]}},{"type":"Feature","properties":{"id":"E01014008","name":"E01014008","parent":"E06000019","type":"LSOA","pop":1615,"r":0,"ff":0,"ffd":0.0,"ffs":null,"g":0,"co":1,"mo":3,"sa":3,"ic":3},"geometry":{"type":"Polygon","coordinates":[[[-2.93303,52.16903],[-2.93213,52.1676],[-2.92591,52.16822],[-2.92341,52.16771],[-2.92293,52.16716],[-2.92212,52.16737],[-2.91933,52.16679],[-2.91836,52.16575],[-2.91844,52.16502],[-2.91675,52.16268],[-2.91501,52.16099],[-2.91467,52.15993],[-2.91329,52.15939],[-2.91056,52.15703],[-2.91075,52.15648],[-2.90762,52.15668],[-2.90624,52.15582],[-2.90292,52.15529],[-2.90494,52.15271],[-2.90475,52.15153],[-2.90532,52.15083],[-2.90584,52.14794],[-2.90518,52.14745],[-2.90337,52.14731],[-2.90291,52.14639],[-2.90362,52.14526],[-2.90298,52.14448],[-2.90426,52.14214],[-2.90395,52.14106],[-2.90572,52.13865],[-2.9057,52.13658],[-2.90479,52.13583],[-2.90484,52.13403],[-2.90399,52.13316],[-2.90267,52.13273],[-2.90257,52.13141],[-2.90185,52.13018],[-2.89929,52.12894],[-2.90019,52.12889],[-2.90117,52.12684],[-2.90021,52.12553],[-2.8993,52.12537],[-2.89931,52.1245],[-2.89852,52.12379],[-2.8984,52.12234],[-2.90007,52.12082],[-2.89919,52.1203],[-2.90063,52.11913],[-2.89918,52.11753],[-2.89899,52.11622],[-2.89977,52.11382],[-2.89564,52.10947],[-2.89712,52.10764],[-2.89678,52.10715],[-2.8973,52.10678],[-2.89709,52.1063],[-2.89771,52.10601],[-2.89795,52.10413],[-2.8971,52.1036],[-2.89761,52.10353],[-2.89776,52.10299],[-2.89857,52.10275],[-2.89862,52.10246],[-2.8981,52.10129],[-2.89883,52.09932],[-2.89822,52.09864],[-2.89878,52.09789],[-2.89879,52.09631],[-2.89976,52.09552],[-2.9,52.09418],[-2.89965,52.09345],[-2.90018,52.09305],[-2.90055,52.09209],[-2.89968,52.09172],[-2.89971,52.09087],[-2.90058,52.08968],[-2.90006,52.08887],[-2.90069,52.0874],[-2.90163,52.08652],[-2.9028,52.08669],[-2.903,52.08645],[-2.90325,52.08553],[-2.90262,52.08475],[-2.90377,52.08435],[-2.904,52.08273],[-2.90619,52.08291],[-2.90685,52.08225],[-2.90607,52.0815],[-2.90655,52.08089],[-2.90606,52.0807],[-2.9063,52.08043],[-2.90523,52.07971],[-2.90511,52.07916],[-2.90695,52.07954],[-2.90977,52.08262],[-2.91153,52.08289],[-2.91266,52.08211],[-2.91175,52.07925],[-2.91192,52.07853],[-2.91323,52.07772],[-2.9151,52.07773],[-2.91705,52.08014],[-2.92235,52.08327],[-2.93018,52.08478],[-2.93807,52.08705],[-2.9409,52.08893],[-2.9441,52.0931],[-2.94606,52.09415],[-2.94768,52.09424],[-2.94873,52.0937],[-2.94851,52.09064],[-2.95061,52.08783],[-2.95344,52.08658],[-2.9565,52.08634],[-2.95987,52.08684],[-2.96546,52.08836],[-2.9678,52.08935],[-2.96949,52.09113],[-2.97057,52.09312],[-2.97076,52.09537],[-2.96816,52.09839],[-2.96601,52.10273],[-2.96677,52.10366],[-2.97083,52.1032],[-2.97356,52.10363],[-2.97597,52.10467],[-2.97658,52.10594],[-2.9781,52.10679],[-2.98278,52.10679],[-2.98682,52.10748],[-2.98739,52.10847],[-2.98591,52.11071],[-2.9834,52.11233],[-2.98325,52.11289],[-2.98494,52.11524],[-2.98696,52.11639],[-2.9886,52.11665],[-2.99047,52.11574],[-2.99083,52.1159],[-2.99134,52.11567],[-2.99529,52.11667],[-2.99703,52.11672],[-3.00213,52.115],[-3.00256,52.11532],[-3.0052,52.11497],[-3.00645,52.11747],[-3.0048,52.11926],[-3.00471,52.11996],[-3.00547,52.12034],[-3.00702,52.12237],[-3.00828,52.12315],[-3.01559,52.12427],[-3.01765,52.12378],[-3.01907,52.12251],[-3.02025,52.12211],[-3.0258,52.12175],[-3.02577,52.12233],[-3.02364,52.1229],[-3.02314,52.12595],[-3.02375,52.12674],[-3.02549,52.12732],[-3.02686,52.12743],[-3.03123,52.12718],[-3.03335,52.12861],[-3.03535,52.12865],[-3.0387,52.12805],[-3.04059,52.12841],[-3.03976,52.12848],[-3.04065,52.13111],[-3.03724,52.13273],[-3.03358,52.13323],[-3.02594,52.13568],[-3.01709,52.13514],[-3.01811,52.13854],[-3.01531,52.141],[-3.01861,52.1416],[-3.02087,52.14147],[-3.02277,52.14095],[-3.0241,52.14219],[-3.02356,52.1427],[-3.02571,52.14352],[-3.02744,52.14369],[-3.0286,52.1447],[-3.02637,52.14622],[-3.02478,52.14614],[-3.02438,52.14495],[-3.02179,52.1444],[-3.01767,52.14755],[-3.014,52.14617],[-3.01362,52.14429],[-3.01258,52.1433],[-3.01149,52.14278],[-3.00751,52.14248],[-3.00408,52.14514],[-3.00087,52.14614],[-3.0006,52.14508],[-2.9976,52.143],[-2.99451,52.14281],[-2.98849,52.14152],[-2.98714,52.14158],[-2.98651,52.14095],[-2.9859,52.14184],[-2.98627,52.14286],[-2.98534,52.14364],[-2.98579,52.144],[-2.98521,52.14463],[-2.98566,52.14506],[-2.98444,52.14544],[-2.98331,52.14499],[-2.98273,52.14754],[-2.98088,52.14764],[-2.98039,52.14831],[-2.97562,52.14667],[-2.97386,52.14637],[-2.97235,52.14725],[-2.96686,52.14915],[-2.9625,52.1492],[-2.96254,52.14943],[-2.96147,52.1497],[-2.96139,52.14922],[-2.96039,52.14862],[-2.96043,52.14805],[-2.95935,52.14806],[-2.95906,52.14738],[-2.95862,52.14732],[-2.95899,52.14689],[-2.95612,52.14608],[-2.95587,52.14742],[-2.9562,52.14824],[-2.95513,52.14873],[-2.95611,52.14992],[-2.9556,52.15202],[-2.95629,52.15315],[-2.95454,52.15509],[-2.95411,52.15616],[-2.9518,52.15718],[-2.9499,52.15735],[-2.94655,52.15672],[-2.94117,52.15676],[-2.93933,52.15616],[-2.93598,52.15602],[-2.93418,52.15488],[-2.93342,52.15481],[-2.93194,52.15564],[-2.93173,52.15639],[-2.93269,52.15746],[-2.93255,52.16094],[-2.9321,52.16137],[-2.9329,52.16224],[-2.93311,52.16366],[-2.93434,52.16533],[-2.93433,52.16862],[-2.93303,52.16903]]]}},{"type":"Feature","properties":{"id":"E01014009","name":"E01014009","parent":"E06000019","type":"LSOA","pop":1597,"r":0,"ff":0,"ffd":0.0,"ffs":null,"g":0,"co":1,"mo":3,"sa":3,"ic":3},"geometry":{"type":"Polygon","coordinates":[[[-3.09394,52.18423],[-3.09332,52.18387],[-3.09255,52.18411],[-3.09124,52.18347],[-3.08943,52.18368],[-3.08743,52.18352],[-3.08728,52.18326],[-3.08495,52.18383],[-3.08342,52.18387],[-3.08184,52.18347],[-3.0801,52.18388],[-3.07819,52.18316],[-3.07706,52.18312],[-3.07483,52.18215],[-3.07128,52.1791],[-3.07228,52.17901],[-3.07221,52.17856],[-3.07303,52.17821],[-3.07244,52.17794],[-3.07237,52.17617],[-3.07107,52.17494],[-3.07299,52.17378],[-3.07279,52.17329],[-3.0734,52.17295],[-3.0736,52.17217],[-3.07288,52.17201],[-3.07292,52.17149],[-3.07375,52.17166],[-3.07433,52.17075],[-3.07403,52.16952],[-3.07053,52.16775],[-3.06924,52.16806],[-3.06796,52.16751],[-3.06494,52.16721],[-3.06392,52.16681],[-3.06236,52.16568],[-3.06151,52.16409],[-3.05856,52.16291],[-3.05759,52.16187],[-3.06108,52.16159],[-3.06049,52.16025],[-3.06214,52.15986],[-3.06226,52.15867],[-3.06151,52.15789],[-3.05892,52.15883],[-3.05584,52.161],[-3.05382,52.16088],[-3.0511,52.16171],[-3.04857,52.16136],[-3.0466,52.16055],[-3.04529,52.16094],[-3.04421,52.16033],[-3.04505,52.16128],[-3.04415,52.16196],[-3.04081,52.16304],[-3.03755,52.16675],[-3.03365,52.16808],[-3.03315,52.16764],[-3.03264,52.16832],[-3.03306,52.16889],[-3.03268,52.16903],[-3.03492,52.17096],[-3.03337,52.17169],[-3.03122,52.17212],[-3.02775,52.17476],[-3.0243,52.1767],[-3.0184,52.17843],[-3.01377,52.17913],[-3.01236,52.1799],[-3.00839,52.18031],[-3.00589,52.18015],[-3.00449,52.18074],[-2.99757,52.17481],[-2.99474,52.17594],[-2.99309,52.17589],[-2.99227,52.17718],[-2.99174,52.17695],[-2.9913,52.17746],[-2.98996,52.17709],[-2.98932,52.17753],[-2.9859,52.17778],[-2.97037,52.17642],[-2.96618,52.17621],[-2.96152,52.17646],[-2.95988,52.17519],[-2.95727,52.17486],[-2.95477,52.17499],[-2.95319,52.17574],[-2.953,52.17547],[-2.95219,52.17562],[-2.95157,52.17401],[-2.95,52.17435],[-2.94904,52.17323],[-2.94812,52.17346],[-2.94662,52.17322],[-2.94638,52.17281],[-2.94418,52.1724],[-2.94205,52.17269],[-2.94034,52.17249],[-2.93994,52.17159],[-2.93838,52.17119],[-2.93819,52.17033],[-2.93673,52.16963],[-2.93601,52.16887],[-2.93467,52.16898],[-2.93433,52.16862],[-2.93434,52.16533],[-2.93311,52.16366],[-2.9329,52.16224],[-2.9321,52.16137],[-2.93255,52.16094],[-2.93269,52.15746],[-2.93173,52.15639],[-2.93194,52.15564],[-2.93342,52.15481],[-2.93418,52.15488],[-2.93598,52.15602],[-2.93933,52.15616],[-2.94117,52.15676],[-2.94655,52.15672],[-2.9499,52.15735],[-2.9518,52.15718],[-2.95411,52.15616],[-2.95454,52.15509],[-2.95629,52.15315],[-2.9556,52.15202],[-2.95611,52.14992],[-2.95513,52.14873],[-2.9562,52.14824],[-2.95587,52.14742],[-2.95612,52.14608],[-2.95899,52.14689],[-2.95862,52.14732],[-2.95906,52.14738],[-2.95935,52.14806],[-2.96043,52.14805],[-2.96039,52.14862],[-2.96139,52.14922],[-2.96147,52.1497],[-2.96254,52.14943],[-2.9625,52.1492],[-2.96686,52.14915],[-2.97235,52.14725],[-2.97386,52.14637],[-2.97562,52.14667],[-2.98039,52.14831],[-2.98088,52.14764],[-2.98273,52.14754],[-2.98331,52.14499],[-2.98444,52.14544],[-2.98566,52.14506],[-2.98521,52.14463],[-2.98579,52.144],[-2.98534,52.14364],[-2.98627,52.14286],[-2.9859,52.14184],[-2.98651,52.14095],[-2.98714,52.14158],[-2.98849,52.14152],[-2.99451,52.14281],[-2.9976,52.143],[-3.0006,52.14508],[-3.00087,52.14614],[-3.00408,52.14514],[-3.00751,52.14248],[-3.01149,52.14278],[-3.01258,52.1433],[-3.01362,52.14429],[-3.014,52.14617],[-3.01767,52.14755],[-3.02179,52.1444],[-3.02438,52.14495],[-3.02478,52.14614],[-3.02637,52.14622],[-3.0286,52.1447],[-3.02744,52.14369],[-3.02571,52.14352],[-3.02356,52.1427],[-3.0241,52.14219],[-3.02277,52.14095],[-3.02087,52.14147],[-3.01861,52.1416],[-3.01531,52.141],[-3.01811,52.13854],[-3.01709,52.13514],[-3.02594,52.13568],[-3.03358,52.13323],[-3.03724,52.13273],[-3.04065,52.13111],[-3.03976,52.12848],[-3.04059,52.12841],[-3.0387,52.12805],[-3.03535,52.12865],[-3.03335,52.12861],[-3.03123,52.12718],[-3.02686,52.12743],[-3.02549,52.12732],[-3.02375,52.12674],[-3.02314,52.12595],[-3.02364,52.1229],[-3.02577,52.12233],[-3.0258,52.12175],[-3.02025,52.12211],[-3.01907,52.12251],[-3.01765,52.12378],[-3.01559,52.12427],[-3.00828,52.12315],[-3.00702,52.12237],[-3.00547,52.12034],[-3.00471,52.11996],[-3.0048,52.11926],[-3.00645,52.11747],[-3.0052,52.11497],[-3.00256,52.11532],[-3.00213,52.115],[-2.99703,52.11672],[-2.99529,52.11667],[-2.99134,52.11567],[-2.99083,52.1159],[-2.99047,52.11574],[-2.99199,52.11482],[-2.99587,52.11355],[-2.99607,52.11056],[-2.99665,52.10986],[-2.99842,52.10927],[-3.00036,52.10918],[-3.00217,52.10848],[-3.00488,52.10832],[-3.00826,52.10747],[-3.01276,52.107],[-3.02168,52.10464],[-3.02798,52.10377],[-3.03761,52.10395],[-3.04161,52.10436],[-3.04267,52.10483],[-3.04199,52.10561],[-3.03539,52.1069],[-3.03448,52.10816],[-3.03483,52.10944],[-3.03605,52.1101],[-3.03823,52.11006],[-3.04285,52.10853],[-3.04417,52.1084],[-3.04553,52.10861],[-3.04696,52.10947],[-3.04846,52.10973],[-3.05227,52.10932],[-3.05542,52.10797],[-3.05737,52.10767],[-3.06438,52.10823],[-3.06586,52.10902],[-3.07029,52.10973],[-3.07072,52.11051],[-3.07046,52.11111],[-3.06829,52.11201],[-3.06431,52.1117],[-3.0628,52.11191],[-3.06196,52.11413],[-3.0624,52.1148],[-3.06698,52.1174],[-3.06957,52.11834],[-3.072,52.11984],[-3.0738,52.12048],[-3.07624,52.12066],[-3.08202,52.11984],[-3.08943,52.12158],[-3.09965,52.12018],[-3.10499,52.11673],[-3.10586,52.11691],[-3.10672,52.11874],[-3.10818,52.11898],[-3.10969,52.11968],[-3.11263,52.12019],[-3.11503,52.12158],[-3.11747,52.12203],[-3.12182,52.12161],[-3.12355,52.12186],[-3.12806,52.12457],[-3.13094,52.12429],[-3.13387,52.12307],[-3.13681,52.12332],[-3.13705,52.12394],[-3.13945,52.12598],[-3.13977,52.12673],[-3.14192,52.12787],[-3.14123,52.12992],[-3.13721,52.13132],[-3.13578,52.13327],[-3.13524,52.13316],[-3.13414,52.13359],[-3.13587,52.13791],[-3.13191,52.13804],[-3.12885,52.13782],[-3.12405,52.13876],[-3.11915,52.13879],[-3.11535,52.13918],[-3.10671,52.14186],[-3.09799,52.14386],[-3.09539,52.14394],[-3.09369,52.14431],[-3.0833,52.14835],[-3.07828,52.15221],[-3.07263,52.15564],[-3.07157,52.15819],[-3.07364,52.15922],[-3.07453,52.16011],[-3.07943,52.16138],[-3.08021,52.16225],[-3.08254,52.16305],[-3.08436,52.16314],[-3.08418,52.16294],[-3.08489,52.16279],[-3.0848,52.1625],[-3.08566,52.16196],[-3.08536,52.1615],[-3.08573,52.16058],[-3.08706,52.16041],[-3.08884,52.15928],[-3.08906,52.15827],[-3.08981,52.15858],[-3.09041,52.15838],[-3.08989,52.15799],[-3.09008,52.15731],[-3.09313,52.15691],[-3.09279,52.15631],[-3.09438,52.15564],[-3.09451,52.15521],[-3.09609,52.15517],[-3.0962,52.15545],[-3.09669,52.15511],[-3.0979,52.15514],[-3.09888,52.15471],[-3.09987,52.15628],[-3.10168,52.15739],[-3.10408,52.15694],[-3.10526,52.15716],[-3.1064,52.15848],[-3.1074,52.15857],[-3.1081,52.15901],[-3.10965,52.15919],[-3.11207,52.159],[-3.11299,52.15935],[-3.11339,52.1602],[-3.11693,52.16045],[-3.11775,52.16154],[-3.11944,52.16269],[-3.12243,52.16342],[-3.12199,52.16692],[-3.11246,52.17023],[-3.11243,52.1723],[-3.11177,52.17289],[-3.11249,52.17362],[-3.10906,52.175],[-3.10689,52.1764],[-3.10141,52.17727],[-3.10057,52.17833],[-3.0967,52.18047],[-3.09468,52.18384],[-3.09394,52.18423]]]}},{"type":"Feature","properties":{"id":"E01014010","name":"E01014010","parent":"E06000019","type":"LSOA","pop":2122,"r":81,"ff":29,"ffd":1366.6,"ffs":0.4754,"g":19,"co":0,"mo":0,"sa":0,"ic":0},"geometry":{"type":"Polygon","coordinates":[[[-2.7083,52.05928],[-2.70831,52.05832],[-2.70915,52.05782],[-2.7102,52.05847],[-2.71104,52.057],[-2.71223,52.05613],[-2.71119,52.05555],[-2.71094,52.05613],[-2.7101,52.0566],[-2.70944,52.05621],[-2.7104,52.05595],[-2.71021,52.05552],[-2.70945,52.05563],[-2.70808,52.05423],[-2.70858,52.05379],[-2.70962,52.054],[-2.70994,52.05497],[-2.71049,52.05501],[-2.71109,52.05455],[-2.71005,52.05404],[-2.71,52.05355],[-2.71099,52.0514],[-2.71145,52.05147],[-2.71224,52.05107],[-2.71484,52.05246],[-2.71759,52.05266],[-2.71987,52.05212],[-2.72055,52.05676],[-2.71671,52.06429],[-2.71869,52.06514],[-2.71717,52.06768],[-2.7151,52.06933],[-2.71354,52.07019],[-2.71483,52.06897],[-2.71539,52.06754],[-2.715,52.06592],[-2.71274,52.0636],[-2.70613,52.05994],[-2.7083,52.05928]]]}},{"type":"Feature","properties":{"id":"E01014011","name":"E01014011","parent":"E06000019","type":"LSOA","pop":1520,"r":81,"ff":29,"ffd":1907.9,"ffs":0.4754,"g":19,"co":0,"mo":0,"sa":0,"ic":0},"geometry":{"type":"Polygon","coordinates":[[[-2.70613,52.05994],[-2.70434,52.0577],[-2.7034,52.05429],[-2.7061,52.05254],[-2.70874,52.05129],[-2.70859,52.05086],[-2.71099,52.0514],[-2.71,52.05355],[-2.71005,52.05404],[-2.71109,52.05455],[-2.71049,52.05501],[-2.70994,52.05497],[-2.70962,52.054],[-2.70858,52.05379],[-2.70808,52.05423],[-2.70945,52.05563],[-2.71021,52.05552],[-2.7104,52.05595],[-2.70944,52.05621],[-2.7101,52.0566],[-2.71094,52.05613],[-2.71119,52.05555],[-2.71223,52.05613],[-2.71104,52.057],[-2.7102,52.05847],[-2.70915,52.05782],[-2.70831,52.05832],[-2.7083,52.05928],[-2.70613,52.05994]]]}},{"type":"Feature","properties":{"id":"E01014012","name":"E01014012","parent":"E06000019","type":"LSOA","pop":1720,"r":6,"ff":2,"ffd":116.3,"ffs":0.3333,"g":0,"co":3,"mo":3,"sa":1,"ic":1},"geometry":{"type":"Polygon","coordinates":[[[-2.77058,52.08828],[-2.76942,52.08726],[-2.76846,52.0855],[-2.76973,52.08513],[-2.77047,52.08294],[-2.76686,52.08138],[-2.76688,52.08056],[-2.76558,52.08015],[-2.76364,52.07745],[-2.76922,52.07762],[-2.76997,52.07485],[-2.76924,52.07418],[-2.76938,52.07343],[-2.77135,52.07196],[-2.77351,52.07172],[-2.77442,52.07071],[-2.7747,52.06955],[-2.75386,52.06554],[-2.75816,52.06277],[-2.75934,52.06233],[-2.7602,52.06037],[-2.75597,52.05973],[-2.75642,52.058],[-2.75514,52.05789],[-2.75496,52.05763],[-2.75551,52.05645],[-2.74762,52.05421],[-2.74715,52.05357],[-2.74619,52.05357],[-2.74544,52.0546],[-2.74318,52.0536],[-2.74501,52.05252],[-2.74515,52.05205],[-2.74385,52.05111],[-2.741,52.05196],[-2.73968,52.05088],[-2.73828,52.04928],[-2.74094,52.04839],[-2.74012,52.04719],[-2.7518,52.04491],[-2.75325,52.04491],[-2.75866,52.04625],[-2.76417,52.04642],[-2.76678,52.04742],[-2.76929,52.04965],[-2.77275,52.05151],[-2.77786,52.05255],[-2.78065,52.05264],[-2.78352,52.05229],[-2.78845,52.05018],[-2.78993,52.0499],[-2.79823,52.0508],[-2.80019,52.05146],[-2.80108,52.05315],[-2.80147,52.05646],[-2.80189,52.05704],[-2.80392,52.058],[-2.80706,52.05871],[-2.80882,52.06001],[-2.80906,52.06099],[-2.80822,52.06364],[-2.80921,52.06555],[-2.80972,52.06948],[-2.81023,52.07008],[-2.81126,52.07037],[-2.81199,52.0702],[-2.81316,52.0674],[-2.81427,52.06667],[-2.81505,52.06665],[-2.81814,52.06801],[-2.82167,52.07059],[-2.82424,52.07198],[-2.82725,52.07249],[-2.82797,52.07216],[-2.82813,52.07165],[-2.82931,52.07198],[-2.82952,52.07247],[-2.829,52.07306],[-2.82904,52.07821],[-2.83057,52.07882],[-2.83209,52.08018],[-2.83248,52.08099],[-2.83155,52.08108],[-2.83166,52.08185],[-2.83298,52.08189],[-2.83276,52.08283],[-2.83108,52.08341],[-2.82877,52.08523],[-2.8276,52.08542],[-2.82456,52.08438],[-2.82279,52.08504],[-2.82258,52.08476],[-2.82123,52.0848],[-2.82036,52.0842],[-2.81672,52.08399],[-2.8111,52.08194],[-2.81205,52.0812],[-2.81105,52.08026],[-2.80922,52.0801],[-2.80897,52.07959],[-2.80771,52.07941],[-2.80553,52.0794],[-2.80565,52.07972],[-2.80399,52.07957],[-2.80496,52.07984],[-2.80478,52.0804],[-2.80596,52.08262],[-2.80542,52.08291],[-2.80623,52.08288],[-2.80701,52.08353],[-2.8045,52.08503],[-2.80311,52.08418],[-2.80402,52.08352],[-2.80335,52.08301],[-2.80153,52.08428],[-2.79969,52.08346],[-2.79967,52.0824],[-2.79825,52.08239],[-2.79828,52.08128],[-2.79757,52.0802],[-2.79644,52.08028],[-2.79336,52.08134],[-2.79176,52.08124],[-2.79153,52.08094],[-2.78901,52.08184],[-2.78836,52.08176],[-2.78866,52.08228],[-2.78743,52.08235],[-2.78796,52.08359],[-2.78751,52.08371],[-2.78561,52.08407],[-2.78488,52.08259],[-2.78253,52.08303],[-2.78204,52.08192],[-2.77993,52.08277],[-2.77997,52.08331],[-2.77878,52.08327],[-2.77839,52.08373],[-2.77807,52.08346],[-2.77636,52.08452],[-2.77442,52.08481],[-2.77521,52.08708],[-2.77805,52.0869],[-2.77903,52.08776],[-2.78061,52.08733],[-2.78065,52.08836],[-2.78062,52.08874],[-2.77663,52.09021],[-2.77413,52.0917],[-2.77021,52.09052],[-2.76972,52.08996],[-2.77058,52.08828]]]}},{"type":"Feature","properties":{"id":"E01014013","name":"E01014013","parent":"E06000019","type":"LSOA","pop":2070,"r":10,"ff":6,"ffd":289.9,"ffs":0.6,"g":0,"co":3,"mo":3,"sa":3,"ic":1},"geometry":{"type":"Polygon","coordinates":[[[-2.80724,52.10286],[-2.80362,52.10261],[-2.80333,52.10203],[-2.7998,52.10018],[-2.79668,52.09721],[-2.79445,52.09783],[-2.79367,52.09721],[-2.79211,52.09732],[-2.78734,52.09676],[-2.78701,52.09714],[-2.78591,52.09664],[-2.78336,52.09658],[-2.77764,52.09432],[-2.7768,52.09345],[-2.77413,52.0917],[-2.77663,52.09021],[-2.78062,52.08874],[-2.78061,52.08733],[-2.77903,52.08776],[-2.77805,52.0869],[-2.77521,52.08708],[-2.77442,52.08481],[-2.77636,52.08452],[-2.77807,52.08346],[-2.77839,52.08373],[-2.77878,52.08327],[-2.77997,52.08331],[-2.77993,52.08277],[-2.78204,52.08192],[-2.78253,52.08303],[-2.78488,52.08259],[-2.78561,52.08407],[-2.78751,52.08371],[-2.78796,52.08359],[-2.78743,52.08235],[-2.78866,52.08228],[-2.78836,52.08176],[-2.78901,52.08184],[-2.79153,52.08094],[-2.79176,52.08124],[-2.79336,52.08134],[-2.79644,52.08028],[-2.79757,52.0802],[-2.79828,52.08128],[-2.79825,52.08239],[-2.79967,52.0824],[-2.79969,52.08346],[-2.80153,52.08428],[-2.80335,52.08301],[-2.80402,52.08352],[-2.80311,52.08418],[-2.8045,52.08503],[-2.80701,52.08353],[-2.80623,52.08288],[-2.80542,52.08291],[-2.80596,52.08262],[-2.80478,52.0804],[-2.80496,52.07984],[-2.80399,52.07957],[-2.80565,52.07972],[-2.80553,52.0794],[-2.80771,52.07941],[-2.80897,52.07959],[-2.80922,52.0801],[-2.81105,52.08026],[-2.81205,52.0812],[-2.8111,52.08194],[-2.81672,52.08399],[-2.81656,52.08722],[-2.81503,52.08734],[-2.81553,52.0915],[-2.8149,52.09393],[-2.81583,52.09498],[-2.81615,52.09656],[-2.81254,52.09706],[-2.81165,52.09957],[-2.81219,52.10155],[-2.81097,52.10158],[-2.81009,52.10333],[-2.80915,52.10263],[-2.80777,52.10358],[-2.80724,52.10286]]]}},{"type":"Feature","properties":{"id":"E01014014","name":"E01014014","parent":"E06000019","type":"LSOA","pop":1884,"r":1,"ff":1,"ffd":53.1,"ffs":1.0,"g":0,"co":1,"mo":3,"sa":3,"ic":1},"geometry":{"type":"Polygon","coordinates":[[[-2.4917,52.12079],[-2.49153,52.11992],[-2.49025,52.11992],[-2.49073,52.11798],[-2.4883,52.11661],[-2.47901,52.1166],[-2.47955,52.11808],[-2.47869,52.11818],[-2.47815,52.11678],[-2.47282,52.11702],[-2.47342,52.11514],[-2.47094,52.11511],[-2.4705,52.11651],[-2.47004,52.11647],[-2.47048,52.11511],[-2.46921,52.11507],[-2.46889,52.11639],[-2.46764,52.11613],[-2.46664,52.11275],[-2.46766,52.1091],[-2.46676,52.10665],[-2.46931,52.10494],[-2.47045,52.10362],[-2.47009,52.10135],[-2.47202,52.10031],[-2.47159,52.09939],[-2.47485,52.09917],[-2.47887,52.09744],[-2.47933,52.09574],[-2.48084,52.09391],[-2.48206,52.09326],[-2.48267,52.09125],[-2.48367,52.09005],[-2.48385,52.08906],[-2.48246,52.08829],[-2.48227,52.0873],[-2.484,52.08576],[-2.4846,52.08546],[-2.48576,52.08547],[-2.48785,52.08417],[-2.48866,52.08125],[-2.48873,52.07999],[-2.49036,52.07871],[-2.49351,52.0769],[-2.49411,52.07739],[-2.49564,52.07673],[-2.49604,52.07585],[-2.49505,52.07514],[-2.49477,52.07379],[-2.49306,52.07159],[-2.48982,52.06909],[-2.48891,52.06794],[-2.48775,52.06723],[-2.48529,52.06724],[-2.48192,52.06824],[-2.48042,52.06761],[-2.47654,52.06823],[-2.47534,52.06869],[-2.47215,52.06899],[-2.47125,52.06778],[-2.47242,52.06713],[-2.47401,52.06471],[-2.47341,52.06372],[-2.4736,52.06284],[-2.47079,52.06003],[-2.47153,52.05776],[-2.47204,52.05745],[-2.47159,52.05536],[-2.47457,52.05231],[-2.47302,52.04815],[-2.47224,52.04668],[-2.47156,52.04631],[-2.47196,52.04543],[-2.47055,52.04474],[-2.46995,52.04302],[-2.46797,52.04226],[-2.46699,52.04211],[-2.46668,52.0424],[-2.46437,52.04129],[-2.46035,52.03858],[-2.4651,52.0305],[-2.46559,52.03053],[-2.46688,52.02976],[-2.46656,52.02959],[-2.46705,52.02912],[-2.46625,52.02729],[-2.4662,52.02372],[-2.46849,52.02378],[-2.47075,52.02329],[-2.47119,52.02381],[-2.47386,52.02382],[-2.47893,52.02253],[-2.47742,52.01987],[-2.48037,52.01606],[-2.48286,52.01391],[-2.48339,52.01417],[-2.48462,52.01254],[-2.48717,52.01229],[-2.48763,52.01148],[-2.48956,52.01129],[-2.49027,52.01065],[-2.49125,52.01049],[-2.49147,52.01081],[-2.49266,52.01093],[-2.49259,52.01146],[-2.49348,52.01151],[-2.49511,52.01255],[-2.4952,52.01357],[-2.49662,52.01396],[-2.49614,52.01531],[-2.49776,52.01631],[-2.49734,52.01648],[-2.49771,52.01685],[-2.49834,52.01706],[-2.49787,52.01798],[-2.49836,52.01839],[-2.50009,52.0187],[-2.50124,52.01932],[-2.50311,52.01871],[-2.50359,52.01939],[-2.50461,52.01899],[-2.50419,52.01839],[-2.50567,52.01788],[-2.50651,52.01848],[-2.50914,52.01927],[-2.51213,52.02156],[-2.51352,52.02076],[-2.51401,52.02141],[-2.5162,52.02023],[-2.51754,52.0205],[-2.5183,52.02216],[-2.52214,52.02582],[-2.52169,52.0261],[-2.52275,52.02756],[-2.52481,52.02814],[-2.52431,52.02912],[-2.52587,52.03013],[-2.5261,52.02998],[-2.52662,52.03051],[-2.5264,52.03121],[-2.52971,52.03307],[-2.52917,52.03335],[-2.52944,52.03354],[-2.53173,52.0326],[-2.53306,52.0325],[-2.53028,52.03439],[-2.53164,52.03459],[-2.53183,52.03514],[-2.53108,52.03576],[-2.53128,52.03595],[-2.53406,52.03581],[-2.53633,52.03682],[-2.53745,52.03693],[-2.5374,52.03723],[-2.53884,52.03737],[-2.54024,52.03794],[-2.53794,52.03916],[-2.53942,52.03988],[-2.53548,52.04414],[-2.53689,52.04496],[-2.54047,52.04609],[-2.53848,52.04872],[-2.53764,52.04925],[-2.53305,52.05053],[-2.53204,52.05045],[-2.52678,52.0545],[-2.52537,52.05484],[-2.52323,52.05476],[-2.52124,52.0553],[-2.51902,52.05601],[-2.5175,52.05725],[-2.51918,52.05829],[-2.52633,52.05992],[-2.52946,52.0598],[-2.53273,52.06059],[-2.5305,52.06342],[-2.53406,52.06571],[-2.53748,52.06732],[-2.53694,52.06819],[-2.53723,52.07001],[-2.53816,52.07159],[-2.53759,52.07166],[-2.5386,52.07359],[-2.53701,52.07379],[-2.53685,52.07515],[-2.53699,52.07567],[-2.53821,52.07568],[-2.53823,52.07715],[-2.53737,52.07728],[-2.53837,52.07909],[-2.54305,52.07839],[-2.5472,52.07819],[-2.54907,52.08063],[-2.55082,52.08031],[-2.55117,52.08086],[-2.55153,52.08056],[-2.5531,52.08046],[-2.55391,52.08056],[-2.55406,52.08089],[-2.55708,52.08136],[-2.56012,52.08104],[-2.56513,52.08123],[-2.56479,52.08057],[-2.5659,52.07868],[-2.56842,52.07658],[-2.56996,52.07661],[-2.57152,52.07617],[-2.57163,52.07589],[-2.57367,52.07548],[-2.57459,52.07582],[-2.57592,52.07574],[-2.57657,52.0763],[-2.57826,52.07635],[-2.57934,52.07607],[-2.58152,52.07638],[-2.58177,52.07585],[-2.58333,52.07519],[-2.58341,52.07427],[-2.58397,52.07413],[-2.58417,52.07347],[-2.58512,52.07321],[-2.58584,52.07347],[-2.58574,52.07266],[-2.58491,52.07176],[-2.58561,52.0716],[-2.5858,52.07095],[-2.58893,52.07131],[-2.59011,52.07098],[-2.592,52.071],[-2.59295,52.0724],[-2.59389,52.07273],[-2.59258,52.0736],[-2.59268,52.07397],[-2.59546,52.07465],[-2.59649,52.07561],[-2.60027,52.07631],[-2.60086,52.07776],[-2.60212,52.07754],[-2.60241,52.07806],[-2.60285,52.08007],[-2.59936,52.08036],[-2.59557,52.08172],[-2.59345,52.08318],[-2.59574,52.08469],[-2.59562,52.08523],[-2.59611,52.08525],[-2.59657,52.0859],[-2.59565,52.08643],[-2.59444,52.08806],[-2.59144,52.08883],[-2.59102,52.08991],[-2.59148,52.09275],[-2.58988,52.09309],[-2.58766,52.09415],[-2.58466,52.08963],[-2.58372,52.09007],[-2.58328,52.08986],[-2.57855,52.09262],[-2.58072,52.09415],[-2.58234,52.09483],[-2.58235,52.09568],[-2.58342,52.09675],[-2.58407,52.09603],[-2.58358,52.09693],[-2.58481,52.09708],[-2.58438,52.09897],[-2.58704,52.09984],[-2.59084,52.09985],[-2.59234,52.10034],[-2.59137,52.10083],[-2.59015,52.10098],[-2.58758,52.10254],[-2.58682,52.10242],[-2.5847,52.10491],[-2.58037,52.1048],[-2.58,52.10574],[-2.57874,52.10694],[-2.58129,52.10835],[-2.58128,52.10942],[-2.57911,52.11093],[-2.57568,52.112],[-2.5729,52.11114],[-2.57071,52.11086],[-2.56691,52.10947],[-2.56604,52.10858],[-2.56642,52.10626],[-2.56535,52.10491],[-2.56305,52.10562],[-2.55908,52.10602],[-2.55884,52.1058],[-2.55223,52.10655],[-2.54865,52.10769],[-2.5428,52.109],[-2.53663,52.10936],[-2.53219,52.11109],[-2.52954,52.11134],[-2.52558,52.10974],[-2.52279,52.1075],[-2.52006,52.10691],[-2.51737,52.10686],[-2.51566,52.10558],[-2.51509,52.10427],[-2.51339,52.10256],[-2.51082,52.10209],[-2.50895,52.10095],[-2.50751,52.10063],[-2.50615,52.09988],[-2.50607,52.10034],[-2.50733,52.10096],[-2.50684,52.10315],[-2.50728,52.10546],[-2.50836,52.1069],[-2.50829,52.10893],[-2.50717,52.11059],[-2.50718,52.11204],[-2.50448,52.11704],[-2.50395,52.11733],[-2.50409,52.11794],[-2.50192,52.12035],[-2.50159,52.12025],[-2.50189,52.11919],[-2.50124,52.11995],[-2.49949,52.11916],[-2.49804,52.11912],[-2.49752,52.12076],[-2.49517,52.12074],[-2.4947,52.1223],[-2.49256,52.1219],[-2.49287,52.12087],[-2.4917,52.12079]]]}},{"type":"Feature","properties":{"id":"E01014015","name":"E01014015","parent":"E06000019","type":"LSOA","pop":1620,"r":1,"ff":1,"ffd":61.7,"ffs":1.0,"g":0,"co":1,"mo":3,"sa":3,"ic":3},"geometry":{"type":"Polygon","coordinates":[[[-2.45019,52.17468],[-2.45154,52.17468],[-2.4514,52.17428],[-2.44749,52.17371],[-2.44705,52.17318],[-2.44278,52.17274],[-2.44022,52.17216],[-2.43518,52.16822],[-2.43354,52.16727],[-2.43311,52.16739],[-2.43277,52.16682],[-2.43198,52.16649],[-2.4318,52.16524],[-2.43107,52.16519],[-2.42909,52.1636],[-2.42817,52.16336],[-2.42755,52.16254],[-2.42785,52.16249],[-2.42646,52.16148],[-2.42629,52.16096],[-2.42728,52.16081],[-2.42699,52.15837],[-2.42492,52.15714],[-2.4242,52.15603],[-2.42322,52.15554],[-2.42493,52.15463],[-2.42504,52.15415],[-2.42231,52.1514],[-2.42473,52.15061],[-2.42609,52.14964],[-2.42775,52.14899],[-2.42824,52.14819],[-2.42828,52.14656],[-2.43329,52.14446],[-2.4357,52.14396],[-2.43841,52.14279],[-2.44348,52.14134],[-2.44682,52.13936],[-2.44628,52.13835],[-2.44398,52.13717],[-2.44324,52.13731],[-2.4402,52.13692],[-2.43613,52.13713],[-2.43388,52.13637],[-2.43182,52.13743],[-2.43139,52.13807],[-2.42944,52.1378],[-2.42701,52.13822],[-2.42539,52.13677],[-2.42716,52.13592],[-2.42384,52.13497],[-2.42649,52.13264],[-2.42666,52.13142],[-2.43168,52.12839],[-2.43327,52.12836],[-2.43524,52.12718],[-2.43825,52.12695],[-2.43875,52.12568],[-2.43951,52.1252],[-2.442,52.12626],[-2.44507,52.12544],[-2.44583,52.12643],[-2.45109,52.1245],[-2.45145,52.12392],[-2.45261,52.12379],[-2.45476,52.12292],[-2.45479,52.12232],[-2.45291,52.12058],[-2.45295,52.12017],[-2.45011,52.11897],[-2.44948,52.11813],[-2.44962,52.1178],[-2.44881,52.11683],[-2.44995,52.11574],[-2.44944,52.11508],[-2.44642,52.11351],[-2.44655,52.11262],[-2.44715,52.11233],[-2.44757,52.11248],[-2.44837,52.11162],[-2.44784,52.11121],[-2.44839,52.11086],[-2.44832,52.10987],[-2.44888,52.10945],[-2.44867,52.10897],[-2.44909,52.10828],[-2.44967,52.1083],[-2.44995,52.10778],[-2.4526,52.10748],[-2.45336,52.10768],[-2.45894,52.10733],[-2.46222,52.10762],[-2.46528,52.10724],[-2.46516,52.10664],[-2.46676,52.10665],[-2.46766,52.1091],[-2.46664,52.11275],[-2.46764,52.11613],[-2.46889,52.11639],[-2.46921,52.11507],[-2.47048,52.11511],[-2.47004,52.11647],[-2.4705,52.11651],[-2.47094,52.11511],[-2.47342,52.11514],[-2.47282,52.11702],[-2.47815,52.11678],[-2.47869,52.11818],[-2.47955,52.11808],[-2.47901,52.1166],[-2.4883,52.11661],[-2.49073,52.11798],[-2.49025,52.11992],[-2.49153,52.11992],[-2.4917,52.12079],[-2.49287,52.12087],[-2.49256,52.1219],[-2.4947,52.1223],[-2.49517,52.12074],[-2.49752,52.12076],[-2.49804,52.11912],[-2.49949,52.11916],[-2.50124,52.11995],[-2.50189,52.11919],[-2.50159,52.12025],[-2.50192,52.12035],[-2.50409,52.11794],[-2.50395,52.11733],[-2.50448,52.11704],[-2.50718,52.11204],[-2.50717,52.11059],[-2.50829,52.10893],[-2.50836,52.1069],[-2.50728,52.10546],[-2.50684,52.10315],[-2.50733,52.10096],[-2.50607,52.10034],[-2.50615,52.09988],[-2.50751,52.10063],[-2.50895,52.10095],[-2.51082,52.10209],[-2.51339,52.10256],[-2.51509,52.10427],[-2.51566,52.10558],[-2.51737,52.10686],[-2.52006,52.10691],[-2.52279,52.1075],[-2.52558,52.10974],[-2.52954,52.11134],[-2.53219,52.11109],[-2.53663,52.10936],[-2.5428,52.109],[-2.54865,52.10769],[-2.55223,52.10655],[-2.55884,52.1058],[-2.55908,52.10602],[-2.56305,52.10562],[-2.56535,52.10491],[-2.56642,52.10626],[-2.56604,52.10858],[-2.56691,52.10947],[-2.57071,52.11086],[-2.5729,52.11114],[-2.57568,52.112],[-2.57911,52.11093],[-2.58128,52.10942],[-2.58129,52.10835],[-2.57874,52.10694],[-2.58,52.10574],[-2.58037,52.1048],[-2.5847,52.10491],[-2.58682,52.10242],[-2.58758,52.10254],[-2.59015,52.10098],[-2.59043,52.10186],[-2.58907,52.10729],[-2.58936,52.10908],[-2.58997,52.10985],[-2.58777,52.11437],[-2.5879,52.11556],[-2.58893,52.11631],[-2.58697,52.11683],[-2.586,52.11937],[-2.5864,52.12036],[-2.58796,52.12205],[-2.5891,52.12269],[-2.58909,52.12311],[-2.59227,52.12372],[-2.59326,52.1248],[-2.59312,52.12612],[-2.5918,52.12772],[-2.59239,52.12951],[-2.59687,52.12971],[-2.59671,52.13079],[-2.59749,52.13158],[-2.59556,52.13244],[-2.59443,52.13346],[-2.59192,52.13488],[-2.5926,52.13711],[-2.59368,52.13808],[-2.59362,52.13973],[-2.59447,52.1404],[-2.59011,52.1424],[-2.5886,52.14218],[-2.58841,52.14282],[-2.58021,52.14391],[-2.57664,52.14391],[-2.57531,52.14429],[-2.57519,52.14269],[-2.57426,52.14142],[-2.57298,52.14071],[-2.5698,52.1373],[-2.56873,52.13489],[-2.56616,52.13529],[-2.56635,52.13369],[-2.56492,52.13268],[-2.56275,52.13226],[-2.56239,52.13273],[-2.56095,52.1331],[-2.55521,52.13379],[-2.55219,52.13356],[-2.54943,52.13394],[-2.54807,52.13466],[-2.54727,52.13431],[-2.54711,52.13332],[-2.54586,52.13245],[-2.54588,52.13211],[-2.54428,52.13209],[-2.541,52.13293],[-2.53763,52.13434],[-2.537,52.13507],[-2.53455,52.13456],[-2.53447,52.13585],[-2.53285,52.13598],[-2.53235,52.14019],[-2.5312,52.14019],[-2.52762,52.14153],[-2.52607,52.14144],[-2.52323,52.14216],[-2.51947,52.14364],[-2.51842,52.14452],[-2.51737,52.14486],[-2.51708,52.14548],[-2.51825,52.14555],[-2.5186,52.14645],[-2.51724,52.14673],[-2.51732,52.14729],[-2.5159,52.14717],[-2.51461,52.14664],[-2.51321,52.14556],[-2.5109,52.14495],[-2.51009,52.14404],[-2.50923,52.14428],[-2.5087,52.14479],[-2.50865,52.1468],[-2.5087,52.14707],[-2.50934,52.14694],[-2.50977,52.14823],[-2.50695,52.14849],[-2.50757,52.15211],[-2.49981,52.15175],[-2.49817,52.1513],[-2.49682,52.15131],[-2.49056,52.1524],[-2.48831,52.14938],[-2.48765,52.14966],[-2.48588,52.14973],[-2.48353,52.14931],[-2.48348,52.1507],[-2.48301,52.15102],[-2.48368,52.15115],[-2.48345,52.15137],[-2.48412,52.15184],[-2.48338,52.15263],[-2.48396,52.15308],[-2.4845,52.15289],[-2.48526,52.15333],[-2.48602,52.15413],[-2.48569,52.15461],[-2.48668,52.15645],[-2.48634,52.15677],[-2.48762,52.15813],[-2.48784,52.15915],[-2.48846,52.15912],[-2.48858,52.15962],[-2.48944,52.15987],[-2.48992,52.16051],[-2.49473,52.16127],[-2.49432,52.1618],[-2.49473,52.16332],[-2.49432,52.16459],[-2.49098,52.16513],[-2.49063,52.16595],[-2.48839,52.1666],[-2.48873,52.16713],[-2.48951,52.16705],[-2.48916,52.16789],[-2.4883,52.1676],[-2.48667,52.16818],[-2.48242,52.16893],[-2.48362,52.16998],[-2.48549,52.17043],[-2.48497,52.17152],[-2.48203,52.17226],[-2.48118,52.17226],[-2.48031,52.17175],[-2.47406,52.17268],[-2.47211,52.17084],[-2.47335,52.17056],[-2.47355,52.17026],[-2.47301,52.16999],[-2.47271,52.169],[-2.47207,52.169],[-2.47107,52.16972],[-2.46873,52.16901],[-2.46548,52.16929],[-2.46427,52.16774],[-2.46205,52.16756],[-2.46074,52.16801],[-2.45991,52.17029],[-2.4584,52.17142],[-2.45905,52.17246],[-2.45772,52.17277],[-2.45653,52.17359],[-2.45409,52.17291],[-2.45267,52.17396],[-2.45462,52.17444],[-2.45181,52.1767],[-2.45016,52.17725],[-2.44857,52.1767],[-2.44772,52.17533],[-2.45019,52.17468]]]}},{"type":"Feature","properties":{"id":"E01014016","name":"E01014016","parent":"E06000019","type":"LSOA","pop":1533,"r":1,"ff":1,"ffd":65.2,"ffs":1.0,"g":0,"co":3,"mo":3,"sa":3,"ic":1},"geometry":{"type":"Polygon","coordinates":[[[-2.90401,52.1922],[-2.90326,52.19101],[-2.89932,52.19226],[-2.89906,52.19101],[-2.89815,52.18983],[-2.89758,52.18997],[-2.89657,52.18943],[-2.89748,52.18876],[-2.89699,52.18853],[-2.89735,52.18826],[-2.89595,52.18813],[-2.89469,52.18521],[-2.89503,52.18344],[-2.89334,52.18111],[-2.88578,52.17875],[-2.88282,52.18017],[-2.88133,52.18024],[-2.87657,52.18466],[-2.87722,52.18498],[-2.87651,52.18558],[-2.87426,52.18624],[-2.87299,52.18598],[-2.87277,52.18744],[-2.87337,52.18841],[-2.87335,52.1903],[-2.87425,52.1919],[-2.86857,52.19292],[-2.86513,52.19051],[-2.85983,52.19172],[-2.85916,52.19216],[-2.85785,52.19111],[-2.85822,52.1906],[-2.85792,52.19026],[-2.85857,52.18754],[-2.85999,52.18567],[-2.85851,52.18472],[-2.85845,52.18366],[-2.85738,52.1828],[-2.85786,52.18176],[-2.86073,52.1792],[-2.84847,52.17784],[-2.84989,52.18207],[-2.85135,52.18356],[-2.85498,52.18398],[-2.85547,52.18545],[-2.8564,52.18582],[-2.85616,52.18609],[-2.85674,52.18653],[-2.85598,52.18659],[-2.8552,52.18692],[-2.85542,52.18721],[-2.85292,52.18796],[-2.8527,52.18977],[-2.85069,52.1882],[-2.85126,52.18792],[-2.85059,52.18622],[-2.84694,52.18707],[-2.8434,52.1886],[-2.83838,52.19002],[-2.83695,52.19144],[-2.83306,52.19268],[-2.82491,52.19053],[-2.82351,52.18875],[-2.8249,52.18593],[-2.81738,52.18264],[-2.82362,52.18035],[-2.82542,52.18017],[-2.82622,52.17979],[-2.82676,52.17883],[-2.82859,52.17795],[-2.8253,52.1756],[-2.81892,52.17668],[-2.81178,52.17377],[-2.81026,52.17391],[-2.80895,52.17038],[-2.80907,52.16939],[-2.80864,52.16924],[-2.80886,52.16808],[-2.81062,52.16693],[-2.81166,52.16704],[-2.81603,52.16601],[-2.81715,52.16604],[-2.81704,52.16557],[-2.82109,52.16553],[-2.82056,52.16476],[-2.82171,52.16409],[-2.8226,52.16277],[-2.82209,52.16173],[-2.82423,52.16074],[-2.82622,52.16023],[-2.82876,52.15889],[-2.83315,52.15768],[-2.83715,52.1576],[-2.83999,52.15652],[-2.84216,52.15642],[-2.84267,52.15598],[-2.84468,52.15538],[-2.84914,52.1548],[-2.85108,52.15749],[-2.85265,52.15831],[-2.85476,52.15776],[-2.85442,52.15528],[-2.85507,52.1547],[-2.85554,52.15218],[-2.85675,52.14933],[-2.85769,52.14907],[-2.85949,52.14773],[-2.86135,52.14734],[-2.86117,52.14677],[-2.86377,52.14639],[-2.86301,52.14486],[-2.86349,52.14492],[-2.86385,52.14434],[-2.86558,52.13821],[-2.86637,52.1373],[-2.86805,52.13804],[-2.87632,52.13934],[-2.8749,52.13785],[-2.87883,52.1364],[-2.87988,52.13565],[-2.88001,52.13514],[-2.88301,52.13382],[-2.88342,52.13278],[-2.88588,52.13235],[-2.88549,52.13106],[-2.88881,52.13025],[-2.89163,52.12853],[-2.89523,52.12703],[-2.8974,52.12851],[-2.89929,52.12894],[-2.90185,52.13018],[-2.90257,52.13141],[-2.90267,52.13273],[-2.90399,52.13316],[-2.90484,52.13403],[-2.90479,52.13583],[-2.9057,52.13658],[-2.90572,52.13865],[-2.90395,52.14106],[-2.90426,52.14214],[-2.90298,52.14448],[-2.90362,52.14526],[-2.90291,52.14639],[-2.90337,52.14731],[-2.90518,52.14745],[-2.90584,52.14794],[-2.90532,52.15083],[-2.90475,52.15153],[-2.90494,52.15271],[-2.90292,52.15529],[-2.90624,52.15582],[-2.90762,52.15668],[-2.91075,52.15648],[-2.91056,52.15703],[-2.91329,52.15939],[-2.91467,52.15993],[-2.91501,52.16099],[-2.91675,52.16268],[-2.91844,52.16502],[-2.91836,52.16575],[-2.91933,52.16679],[-2.92212,52.16737],[-2.92293,52.16716],[-2.92341,52.16771],[-2.92503,52.16798],[-2.92422,52.1691],[-2.92318,52.16888],[-2.92214,52.17093],[-2.91657,52.17324],[-2.91748,52.1747],[-2.91602,52.17575],[-2.91478,52.17867],[-2.90859,52.18275],[-2.9082,52.18337],[-2.90955,52.18519],[-2.90988,52.18668],[-2.90774,52.18886],[-2.90399,52.19073],[-2.90603,52.1926],[-2.90492,52.1936],[-2.9042,52.1935],[-2.90346,52.19233],[-2.90401,52.1922]]]}},{"type":"Feature","properties":{"id":"E01014017","name":"E01014017","parent":"E06000019","type":"LSOA","pop":1404,"r":2,"ff":1,"ffd":71.2,"ffs":0.5,"g":0,"co":3,"mo":3,"sa":3,"ic":1},"geometry":{"type":"Polygon","coordinates":[[[-2.86739,52.24052],[-2.86639,52.24005],[-2.86551,52.24021],[-2.86256,52.23968],[-2.85998,52.24029],[-2.85804,52.23865],[-2.85576,52.23582],[-2.85585,52.23512],[-2.85395,52.23206],[-2.85344,52.23234],[-2.85091,52.23039],[-2.84633,52.2327],[-2.84132,52.23413],[-2.83985,52.23563],[-2.83841,52.23592],[-2.83666,52.23521],[-2.83414,52.23542],[-2.83372,52.2346],[-2.8309,52.22549],[-2.8293,52.22482],[-2.82857,52.22299],[-2.82707,52.22309],[-2.82661,52.22253],[-2.82593,52.22283],[-2.82571,52.22236],[-2.82388,52.22238],[-2.82389,52.22315],[-2.82291,52.22339],[-2.82257,52.22319],[-2.82305,52.22301],[-2.8229,52.22269],[-2.82183,52.22275],[-2.82104,52.22222],[-2.81664,52.22231],[-2.81524,52.22201],[-2.81525,52.22255],[-2.81475,52.22268],[-2.8141,52.22227],[-2.81475,52.2219],[-2.81394,52.22195],[-2.81362,52.22234],[-2.81418,52.22283],[-2.81291,52.22321],[-2.8127,52.22387],[-2.81203,52.22407],[-2.81141,52.22321],[-2.81061,52.22337],[-2.8103,52.22305],[-2.80758,52.22367],[-2.8071,52.22334],[-2.80518,52.22502],[-2.80474,52.22489],[-2.8049,52.22433],[-2.80386,52.22478],[-2.80269,52.22407],[-2.80138,52.22478],[-2.79995,52.22468],[-2.80016,52.22405],[-2.79892,52.2238],[-2.79908,52.2234],[-2.79981,52.2232],[-2.79852,52.22334],[-2.79686,52.22296],[-2.79632,52.22337],[-2.7943,52.22268],[-2.79342,52.22326],[-2.79317,52.22309],[-2.79373,52.22264],[-2.79254,52.22204],[-2.79265,52.22163],[-2.79162,52.22169],[-2.79186,52.22228],[-2.79127,52.22223],[-2.79147,52.22116],[-2.79091,52.22074],[-2.79165,52.22029],[-2.79193,52.21806],[-2.79104,52.21809],[-2.79072,52.21783],[-2.79095,52.21691],[-2.79032,52.21683],[-2.79058,52.21654],[-2.78995,52.21591],[-2.78881,52.21561],[-2.78811,52.21446],[-2.78855,52.21423],[-2.7892,52.21461],[-2.78899,52.21406],[-2.7894,52.21368],[-2.78836,52.21334],[-2.78779,52.21354],[-2.78836,52.213],[-2.78902,52.21294],[-2.78915,52.21181],[-2.78794,52.21145],[-2.7877,52.2109],[-2.78685,52.21136],[-2.78674,52.21067],[-2.7874,52.2102],[-2.78612,52.21016],[-2.78714,52.20931],[-2.78567,52.20798],[-2.78617,52.20654],[-2.7889,52.20612],[-2.79013,52.20669],[-2.79265,52.20611],[-2.80083,52.20515],[-2.80343,52.20366],[-2.80318,52.20291],[-2.80428,52.2029],[-2.80452,52.20261],[-2.80501,52.20277],[-2.80603,52.20221],[-2.80693,52.20256],[-2.80828,52.20107],[-2.8073,52.20007],[-2.80985,52.19893],[-2.81133,52.19766],[-2.81263,52.19721],[-2.8116,52.19641],[-2.81189,52.19614],[-2.81256,52.19622],[-2.81379,52.19386],[-2.81483,52.19314],[-2.81326,52.19185],[-2.8124,52.19191],[-2.80956,52.18986],[-2.80895,52.18811],[-2.80748,52.18624],[-2.80578,52.18664],[-2.80193,52.1884],[-2.79997,52.1871],[-2.79824,52.18883],[-2.79584,52.18829],[-2.79567,52.18856],[-2.79312,52.18707],[-2.79238,52.18733],[-2.79084,52.18657],[-2.78812,52.18702],[-2.78691,52.18686],[-2.78603,52.1863],[-2.78477,52.18712],[-2.78394,52.18626],[-2.78267,52.18648],[-2.78088,52.18495],[-2.77848,52.18398],[-2.77688,52.18274],[-2.77537,52.18224],[-2.77364,52.18213],[-2.76947,52.18273],[-2.76762,52.18253],[-2.76552,52.18273],[-2.76479,52.18507],[-2.7668,52.18512],[-2.76777,52.18589],[-2.76917,52.18646],[-2.77041,52.18639],[-2.77092,52.18692],[-2.7698,52.18748],[-2.76787,52.18739],[-2.7653,52.18802],[-2.76276,52.18479],[-2.75803,52.1853],[-2.75633,52.18453],[-2.75517,52.18294],[-2.7564,52.18261],[-2.75493,52.18049],[-2.75847,52.17863],[-2.75836,52.17808],[-2.76104,52.17569],[-2.75944,52.17516],[-2.75993,52.17457],[-2.76168,52.17297],[-2.7631,52.17297],[-2.76429,52.17231],[-2.76325,52.17153],[-2.76574,52.17008],[-2.76622,52.16956],[-2.76552,52.16931],[-2.76714,52.16851],[-2.7641,52.16569],[-2.77441,52.16391],[-2.77687,52.16384],[-2.779,52.16499],[-2.78019,52.16469],[-2.78155,52.16482],[-2.78516,52.16446],[-2.78563,52.16403],[-2.78788,52.1633],[-2.78898,52.1637],[-2.79268,52.16411],[-2.79477,52.16345],[-2.79529,52.16219],[-2.79742,52.16073],[-2.79859,52.16061],[-2.80022,52.15955],[-2.79837,52.15915],[-2.79927,52.15816],[-2.79531,52.15731],[-2.79623,52.15618],[-2.79475,52.15601],[-2.79497,52.15526],[-2.79806,52.156],[-2.79837,52.15553],[-2.80066,52.15574],[-2.80048,52.1554],[-2.80313,52.1531],[-2.80483,52.15372],[-2.80387,52.15525],[-2.80615,52.15609],[-2.80352,52.15822],[-2.80444,52.15944],[-2.80864,52.16924],[-2.80907,52.16939],[-2.80895,52.17038],[-2.81026,52.17391],[-2.81178,52.17377],[-2.81892,52.17668],[-2.8253,52.1756],[-2.82859,52.17795],[-2.82676,52.17883],[-2.82622,52.17979],[-2.82542,52.18017],[-2.82362,52.18035],[-2.81738,52.18264],[-2.8249,52.18593],[-2.82351,52.18875],[-2.82491,52.19053],[-2.83306,52.19268],[-2.83695,52.19144],[-2.83838,52.19002],[-2.8434,52.1886],[-2.84694,52.18707],[-2.85059,52.18622],[-2.85126,52.18792],[-2.85069,52.1882],[-2.8527,52.18977],[-2.85292,52.18796],[-2.85542,52.18721],[-2.8552,52.18692],[-2.85598,52.18659],[-2.85674,52.18653],[-2.85616,52.18609],[-2.8564,52.18582],[-2.85547,52.18545],[-2.85498,52.18398],[-2.85135,52.18356],[-2.84989,52.18207],[-2.84847,52.17784],[-2.86073,52.1792],[-2.85786,52.18176],[-2.85738,52.1828],[-2.85845,52.18366],[-2.85851,52.18472],[-2.85999,52.18567],[-2.85857,52.18754],[-2.85792,52.19026],[-2.85822,52.1906],[-2.85785,52.19111],[-2.85916,52.19216],[-2.85983,52.19172],[-2.86513,52.19051],[-2.86857,52.19292],[-2.87425,52.1919],[-2.87335,52.1903],[-2.87337,52.18841],[-2.87277,52.18744],[-2.87299,52.18598],[-2.87426,52.18624],[-2.87651,52.18558],[-2.87722,52.18498],[-2.87657,52.18466],[-2.88133,52.18024],[-2.88282,52.18017],[-2.88578,52.17875],[-2.89334,52.18111],[-2.89503,52.18344],[-2.89469,52.18521],[-2.89595,52.18813],[-2.89735,52.18826],[-2.89699,52.18853],[-2.89748,52.18876],[-2.89657,52.18943],[-2.89758,52.18997],[-2.89815,52.18983],[-2.89906,52.19101],[-2.89932,52.19226],[-2.90326,52.19101],[-2.90401,52.1922],[-2.90346,52.19233],[-2.9042,52.1935],[-2.90371,52.19392],[-2.90088,52.1942],[-2.89973,52.1949],[-2.8999,52.19508],[-2.8983,52.19519],[-2.89807,52.19573],[-2.89683,52.19613],[-2.89587,52.19591],[-2.89253,52.19679],[-2.89132,52.19664],[-2.88834,52.1971],[-2.88528,52.19936],[-2.88187,52.20049],[-2.88171,52.2009],[-2.87973,52.20088],[-2.87797,52.20141],[-2.87833,52.20165],[-2.87948,52.20141],[-2.88208,52.20276],[-2.88269,52.20356],[-2.88237,52.20383],[-2.88282,52.20569],[-2.88224,52.20662],[-2.8837,52.20764],[-2.88274,52.2094],[-2.88101,52.2102],[-2.87832,52.21257],[-2.87527,52.21359],[-2.87478,52.21613],[-2.87385,52.21764],[-2.87362,52.21849],[-2.87434,52.22032],[-2.87383,52.22083],[-2.87607,52.22104],[-2.87701,52.22168],[-2.87773,52.22169],[-2.87999,52.22314],[-2.88157,52.22282],[-2.88198,52.22412],[-2.88275,52.22398],[-2.88559,52.22232],[-2.88688,52.22335],[-2.88642,52.22362],[-2.88725,52.22374],[-2.88827,52.22346],[-2.88761,52.22323],[-2.88758,52.22286],[-2.88926,52.22284],[-2.88979,52.22222],[-2.89085,52.22262],[-2.89024,52.22307],[-2.89188,52.22313],[-2.89263,52.22439],[-2.89391,52.23159],[-2.88724,52.23144],[-2.88698,52.23695],[-2.88508,52.23723],[-2.88274,52.23712],[-2.8792,52.23803],[-2.87842,52.23777],[-2.87769,52.23813],[-2.87646,52.23803],[-2.87461,52.23847],[-2.87295,52.23833],[-2.87246,52.23931],[-2.87128,52.23943],[-2.8707,52.23908],[-2.86955,52.23926],[-2.86914,52.23979],[-2.86778,52.2404],[-2.8673,52.24028],[-2.86739,52.24052]]]}},{"type":"Feature","properties":{"id":"E01014018","name":"E01014018","parent":"E06000019","type":"LSOA","pop":1552,"r":0,"ff":0,"ffd":0.0,"ffs":null,"g":0,"co":1,"mo":3,"sa":3,"ic":3},"geometry":{"type":"Polygon","coordinates":[[[-3.08943,52.12158],[-3.08202,52.11984],[-3.07624,52.12066],[-3.0738,52.12048],[-3.072,52.11984],[-3.06957,52.11834],[-3.06698,52.1174],[-3.0624,52.1148],[-3.06196,52.11413],[-3.0628,52.11191],[-3.06431,52.1117],[-3.06829,52.11201],[-3.07046,52.11111],[-3.07072,52.11051],[-3.07029,52.10973],[-3.06586,52.10902],[-3.06438,52.10823],[-3.05737,52.10767],[-3.05542,52.10797],[-3.05227,52.10932],[-3.04846,52.10973],[-3.04696,52.10947],[-3.04553,52.10861],[-3.04417,52.1084],[-3.04285,52.10853],[-3.03823,52.11006],[-3.03605,52.1101],[-3.03483,52.10944],[-3.03448,52.10816],[-3.03539,52.1069],[-3.04199,52.10561],[-3.04267,52.10483],[-3.04161,52.10436],[-3.03761,52.10395],[-3.02798,52.10377],[-3.02168,52.10464],[-3.01276,52.107],[-3.00826,52.10747],[-3.00488,52.10832],[-3.00217,52.10848],[-3.00036,52.10918],[-2.99842,52.10927],[-2.99665,52.10986],[-2.99607,52.11056],[-2.99587,52.11355],[-2.99199,52.11482],[-2.9886,52.11665],[-2.98696,52.11639],[-2.98494,52.11524],[-2.98325,52.11289],[-2.9834,52.11233],[-2.98591,52.11071],[-2.98739,52.10847],[-2.98682,52.10748],[-2.98278,52.10679],[-2.9781,52.10679],[-2.97658,52.10594],[-2.97597,52.10467],[-2.97356,52.10363],[-2.97083,52.1032],[-2.96677,52.10366],[-2.96601,52.10273],[-2.96816,52.09839],[-2.97076,52.09537],[-2.97057,52.09312],[-2.96949,52.09113],[-2.9678,52.08935],[-2.96546,52.08836],[-2.95987,52.08684],[-2.9565,52.08634],[-2.95694,52.08541],[-2.95797,52.08475],[-2.95792,52.08297],[-2.96316,52.08292],[-2.95402,52.07715],[-2.95164,52.07516],[-2.95325,52.0733],[-2.95788,52.06968],[-2.95901,52.06853],[-2.96104,52.06819],[-2.9633,52.0665],[-2.97333,52.06156],[-2.97639,52.06121],[-2.97637,52.06154],[-2.97819,52.06249],[-2.97836,52.0632],[-2.9823,52.06392],[-2.98356,52.06378],[-2.98439,52.06304],[-2.9872,52.06437],[-2.98803,52.06356],[-2.98766,52.06319],[-2.9897,52.06232],[-2.99444,52.0621],[-2.99645,52.06266],[-2.99808,52.06244],[-3.00016,52.06361],[-3.00236,52.06332],[-3.00292,52.06241],[-3.00456,52.06152],[-3.00793,52.06084],[-3.00942,52.05935],[-3.01174,52.05915],[-3.01267,52.05873],[-3.01246,52.05851],[-3.01301,52.05818],[-3.01495,52.05789],[-3.01532,52.05659],[-3.0165,52.05582],[-3.02524,52.05197],[-3.02648,52.05002],[-3.03051,52.04777],[-3.03244,52.04594],[-3.03831,52.04901],[-3.05111,52.0528],[-3.05603,52.05299],[-3.06119,52.05263],[-3.06624,52.04952],[-3.06748,52.04971],[-3.06796,52.04826],[-3.06898,52.04729],[-3.0717,52.04586],[-3.07337,52.04545],[-3.07485,52.04401],[-3.0753,52.04114],[-3.07803,52.03972],[-3.08001,52.03943],[-3.08347,52.03972],[-3.08649,52.04114],[-3.09281,52.04748],[-3.09294,52.04871],[-3.09075,52.05016],[-3.09078,52.05083],[-3.09494,52.05293],[-3.09535,52.05353],[-3.09621,52.05384],[-3.09679,52.05483],[-3.09781,52.05486],[-3.09929,52.05609],[-3.09994,52.05722],[-3.10098,52.05736],[-3.1015,52.05826],[-3.10277,52.0587],[-3.10457,52.05881],[-3.10696,52.05988],[-3.1082,52.06117],[-3.10797,52.06192],[-3.10836,52.0624],[-3.10994,52.06334],[-3.11069,52.06344],[-3.11089,52.06393],[-3.11178,52.06406],[-3.11145,52.06487],[-3.11646,52.06586],[-3.11656,52.06637],[-3.11717,52.06651],[-3.11865,52.06842],[-3.11841,52.07013],[-3.12024,52.07183],[-3.11972,52.07278],[-3.12052,52.07352],[-3.12085,52.07453],[-3.12179,52.07482],[-3.12131,52.07611],[-3.12382,52.07778],[-3.12598,52.07833],[-3.12551,52.07969],[-3.12305,52.08213],[-3.12248,52.08339],[-3.11885,52.08883],[-3.11959,52.09164],[-3.12059,52.09256],[-3.12098,52.09369],[-3.12271,52.10316],[-3.1214,52.104],[-3.11977,52.10437],[-3.1172,52.10403],[-3.11301,52.10456],[-3.10797,52.10473],[-3.10547,52.10539],[-3.10467,52.10635],[-3.10471,52.1074],[-3.10742,52.1122],[-3.10791,52.11409],[-3.10744,52.11502],[-3.09965,52.12018],[-3.08943,52.12158]]]}},{"type":"Feature","properties":{"id":"E01014019","name":"E01014019","parent":"E06000019","type":"LSOA","pop":1507,"r":1,"ff":1,"ffd":66.4,"ffs":1.0,"g":0,"co":3,"mo":3,"sa":3,"ic":3},"geometry":{"type":"Polygon","coordinates":[[[-2.92235,52.08327],[-2.91705,52.08014],[-2.9151,52.07773],[-2.91323,52.07772],[-2.91192,52.07853],[-2.91175,52.07925],[-2.91266,52.08211],[-2.91153,52.08289],[-2.90977,52.08262],[-2.90695,52.07954],[-2.90511,52.07916],[-2.90174,52.07954],[-2.89631,52.07922],[-2.88994,52.07803],[-2.88474,52.07758],[-2.88022,52.07854],[-2.87457,52.07613],[-2.87522,52.07513],[-2.8753,52.07389],[-2.87924,52.07247],[-2.87971,52.07262],[-2.87875,52.07102],[-2.88075,52.07049],[-2.88112,52.0693],[-2.88026,52.06887],[-2.88051,52.06704],[-2.87869,52.06674],[-2.87825,52.06636],[-2.87699,52.06656],[-2.87671,52.06504],[-2.87695,52.06461],[-2.87806,52.06466],[-2.87832,52.06231],[-2.87864,52.06198],[-2.87953,52.06191],[-2.87991,52.06097],[-2.88106,52.06122],[-2.88199,52.0591],[-2.88257,52.05908],[-2.88255,52.05795],[-2.8841,52.05781],[-2.88542,52.05608],[-2.88693,52.05524],[-2.88645,52.05444],[-2.88761,52.0538],[-2.88758,52.05331],[-2.88997,52.05246],[-2.88962,52.05227],[-2.89001,52.052],[-2.88843,52.05149],[-2.88662,52.05008],[-2.88856,52.04901],[-2.88845,52.048],[-2.88712,52.04763],[-2.88687,52.04669],[-2.88952,52.04683],[-2.894,52.04556],[-2.89451,52.0444],[-2.89296,52.0442],[-2.89263,52.04206],[-2.89175,52.04082],[-2.89047,52.04062],[-2.89161,52.03865],[-2.89209,52.03873],[-2.89748,52.03619],[-2.89973,52.03544],[-2.9023,52.03403],[-2.90636,52.03692],[-2.91122,52.03875],[-2.91311,52.04025],[-2.9141,52.04017],[-2.91532,52.04073],[-2.9167,52.04092],[-2.92136,52.03969],[-2.92342,52.0386],[-2.92731,52.03754],[-2.92859,52.03774],[-2.92916,52.03738],[-2.9323,52.03685],[-2.93989,52.03591],[-2.94355,52.03507],[-2.94557,52.03415],[-2.94641,52.03475],[-2.9468,52.03458],[-2.94842,52.03517],[-2.95241,52.03496],[-2.95318,52.03434],[-2.95248,52.03345],[-2.9551,52.03246],[-2.95527,52.03206],[-2.95754,52.03231],[-2.95762,52.03158],[-2.95961,52.03005],[-2.96343,52.02846],[-2.9663,52.02774],[-2.97032,52.02769],[-2.97878,52.02665],[-2.98046,52.02621],[-2.98118,52.02702],[-2.98169,52.02695],[-2.98155,52.0272],[-2.982,52.02706],[-2.9836,52.02758],[-2.98893,52.02802],[-2.98929,52.02834],[-2.9927,52.02891],[-2.99379,52.02947],[-2.99322,52.0299],[-2.99426,52.03028],[-3.00199,52.03621],[-3.00311,52.03782],[-3.00291,52.03837],[-3.00084,52.03974],[-3.00208,52.04137],[-2.9993,52.04224],[-3.00238,52.04447],[-3.01044,52.04203],[-3.01123,52.04126],[-3.01351,52.04011],[-3.01739,52.03952],[-3.02277,52.03983],[-3.02475,52.04046],[-3.02973,52.04406],[-3.03192,52.04637],[-3.03051,52.04777],[-3.02648,52.05002],[-3.02524,52.05197],[-3.0165,52.05582],[-3.01532,52.05659],[-3.01495,52.05789],[-3.01301,52.05818],[-3.01246,52.05851],[-3.01267,52.05873],[-3.01174,52.05915],[-3.00942,52.05935],[-3.00793,52.06084],[-3.00456,52.06152],[-3.00292,52.06241],[-3.00236,52.06332],[-3.00016,52.06361],[-2.99808,52.06244],[-2.99645,52.06266],[-2.99444,52.0621],[-2.9897,52.06232],[-2.98766,52.06319],[-2.98803,52.06356],[-2.9872,52.06437],[-2.98439,52.06304],[-2.98356,52.06378],[-2.9823,52.06392],[-2.97836,52.0632],[-2.97819,52.06249],[-2.97637,52.06154],[-2.97639,52.06121],[-2.97333,52.06156],[-2.9633,52.0665],[-2.96104,52.06819],[-2.95901,52.06853],[-2.95788,52.06968],[-2.95325,52.0733],[-2.95164,52.07516],[-2.95402,52.07715],[-2.96316,52.08292],[-2.95792,52.08297],[-2.95797,52.08475],[-2.95694,52.08541],[-2.9565,52.08634],[-2.95344,52.08658],[-2.95061,52.08783],[-2.94851,52.09064],[-2.94873,52.0937],[-2.94768,52.09424],[-2.94606,52.09415],[-2.9441,52.0931],[-2.9409,52.08893],[-2.93807,52.08705],[-2.93018,52.08478],[-2.92235,52.08327]]]}},{"type":"Feature","properties":{"id":"E01014020","name":"E01014020","parent":"E06000019","type":"LSOA","pop":1613,"r":1,"ff":1,"ffd":62.0,"ffs":1.0,"g":0,"co":3,"mo":3,"sa":3,"ic":3},"geometry":{"type":"Polygon","coordinates":[[[-3.05111,52.0528],[-3.03831,52.04901],[-3.03244,52.04594],[-3.03192,52.04637],[-3.02973,52.04406],[-3.02475,52.04046],[-3.02277,52.03983],[-3.01739,52.03952],[-3.01351,52.04011],[-3.01123,52.04126],[-3.01044,52.04203],[-3.00238,52.04447],[-2.9993,52.04224],[-3.00208,52.04137],[-3.00084,52.03974],[-3.00291,52.03837],[-3.00311,52.03782],[-3.00199,52.03621],[-2.99426,52.03028],[-2.99322,52.0299],[-2.99379,52.02947],[-2.9927,52.02891],[-2.98929,52.02834],[-2.98893,52.02802],[-2.9836,52.02758],[-2.982,52.02706],[-2.98155,52.0272],[-2.98169,52.02695],[-2.98118,52.02702],[-2.98046,52.02621],[-2.97878,52.02665],[-2.97032,52.02769],[-2.9663,52.02774],[-2.96343,52.02846],[-2.95961,52.03005],[-2.95762,52.03158],[-2.95754,52.03231],[-2.95527,52.03206],[-2.9551,52.03246],[-2.95248,52.03345],[-2.95318,52.03434],[-2.95241,52.03496],[-2.94842,52.03517],[-2.9468,52.03458],[-2.94641,52.03475],[-2.94557,52.03415],[-2.94355,52.03507],[-2.93989,52.03591],[-2.9323,52.03685],[-2.92916,52.03738],[-2.92859,52.03774],[-2.92731,52.03754],[-2.92342,52.0386],[-2.92136,52.03969],[-2.9167,52.04092],[-2.91532,52.04073],[-2.9141,52.04017],[-2.91311,52.04025],[-2.91122,52.03875],[-2.90636,52.03692],[-2.9023,52.03403],[-2.90012,52.03284],[-2.89633,52.02974],[-2.89806,52.02884],[-2.89826,52.02815],[-2.89807,52.02733],[-2.8972,52.02669],[-2.89763,52.02639],[-2.89683,52.02519],[-2.89732,52.02455],[-2.89738,52.02295],[-2.89422,52.02249],[-2.89454,52.02204],[-2.8956,52.02192],[-2.89583,52.02083],[-2.88825,52.01911],[-2.8866,52.01924],[-2.88234,52.02086],[-2.8804,52.01945],[-2.88014,52.01901],[-2.88122,52.01865],[-2.8778,52.01494],[-2.87714,52.01352],[-2.87572,52.01255],[-2.87782,52.01082],[-2.87988,52.01174],[-2.88164,52.01164],[-2.8828,52.01197],[-2.88347,52.01167],[-2.88455,52.01198],[-2.88472,52.01153],[-2.88568,52.0115],[-2.88778,52.01197],[-2.8904,52.01419],[-2.89182,52.01425],[-2.8961,52.01595],[-2.89579,52.01705],[-2.89862,52.01669],[-2.89977,52.01755],[-2.90067,52.01776],[-2.90439,52.01727],[-2.9056,52.01664],[-2.90708,52.01662],[-2.90743,52.01595],[-2.90887,52.01539],[-2.91795,52.01446],[-2.92114,52.0127],[-2.92082,52.01167],[-2.92162,52.01135],[-2.92161,52.01098],[-2.92038,52.00984],[-2.92162,52.0083],[-2.9212,52.00812],[-2.92141,52.00781],[-2.92289,52.00832],[-2.92387,52.0082],[-2.92558,52.00658],[-2.92798,52.0051],[-2.92696,52.00428],[-2.92963,52.00322],[-2.92719,51.9998],[-2.92822,51.99685],[-2.92738,51.99634],[-2.92582,51.99613],[-2.92463,51.99484],[-2.92386,51.99477],[-2.92187,51.99344],[-2.92197,51.99218],[-2.92072,51.99072],[-2.92351,51.99101],[-2.92807,51.99057],[-2.93099,51.98985],[-2.9317,51.98996],[-2.93187,51.98898],[-2.93329,51.9882],[-2.93218,51.98482],[-2.93288,51.98487],[-2.93476,51.98419],[-2.93776,51.98429],[-2.93532,51.98147],[-2.93494,51.97795],[-2.93521,51.97584],[-2.93648,51.9759],[-2.93816,51.97549],[-2.94155,51.97387],[-2.94096,51.97326],[-2.93987,51.97288],[-2.93995,51.9722],[-2.93926,51.97194],[-2.93931,51.97157],[-2.93819,51.97152],[-2.9378,51.97096],[-2.93549,51.96995],[-2.93334,51.96803],[-2.93078,51.96733],[-2.93047,51.96691],[-2.92979,51.96713],[-2.92907,51.96664],[-2.92883,51.96683],[-2.92767,51.96609],[-2.92944,51.9661],[-2.92838,51.96485],[-2.92924,51.96436],[-2.92713,51.96314],[-2.92606,51.96201],[-2.92714,51.96131],[-2.92673,51.96107],[-2.92737,51.95999],[-2.92668,51.95976],[-2.92651,51.95889],[-2.92472,51.95837],[-2.92401,51.95862],[-2.92343,51.95822],[-2.9255,51.95728],[-2.92542,51.95518],[-2.92599,51.95391],[-2.92669,51.9534],[-2.93294,51.95155],[-2.93446,51.95074],[-2.93491,51.95084],[-2.93708,51.94961],[-2.93772,51.94777],[-2.93499,51.94657],[-2.93382,51.94524],[-2.93895,51.94436],[-2.93858,51.94195],[-2.93791,51.94102],[-2.93885,51.94027],[-2.94093,51.93959],[-2.94203,51.93955],[-2.94371,51.9384],[-2.94329,51.93677],[-2.94382,51.93577],[-2.94276,51.93419],[-2.94469,51.93288],[-2.94491,51.93154],[-2.94428,51.93066],[-2.9451,51.92891],[-2.94394,51.92856],[-2.94225,51.92731],[-2.94262,51.92632],[-2.94279,51.92007],[-2.94151,51.91819],[-2.94164,51.91688],[-2.94102,51.9159],[-2.93981,51.91506],[-2.93929,51.91317],[-2.9372,51.91229],[-2.93888,51.91188],[-2.9413,51.91],[-2.94268,51.90938],[-2.94483,51.90948],[-2.94682,51.90864],[-2.94873,51.9094],[-2.94983,51.90851],[-2.95157,51.90807],[-2.95175,51.90779],[-2.95101,51.9073],[-2.95197,51.90643],[-2.95309,51.9061],[-2.9579,51.90686],[-2.96078,51.90675],[-2.96505,51.90476],[-2.96654,51.90507],[-2.96843,51.90454],[-2.97083,51.90551],[-2.97185,51.90498],[-2.97283,51.90602],[-2.9725,51.90685],[-2.97284,51.90746],[-2.97245,51.90792],[-2.97289,51.90897],[-2.97537,51.90952],[-2.97392,51.91048],[-2.97236,51.91078],[-2.97234,51.91132],[-2.97357,51.91117],[-2.97387,51.91153],[-2.97219,51.91303],[-2.97117,51.91342],[-2.9714,51.91392],[-2.97278,51.91465],[-2.97284,51.9155],[-2.97378,51.91662],[-2.97313,51.91693],[-2.97335,51.91791],[-2.97495,51.9186],[-2.97621,51.92119],[-2.97411,51.92125],[-2.97399,51.92259],[-2.97503,51.92423],[-2.97449,51.92444],[-2.97451,51.92511],[-2.97617,51.92602],[-2.97667,51.92749],[-2.9773,51.92777],[-2.97779,51.92724],[-2.97929,51.92699],[-2.9806,51.92768],[-2.98123,51.92661],[-2.98366,51.92573],[-2.98656,51.92555],[-2.98713,51.92577],[-2.99889,51.92349],[-3.00235,51.92405],[-3.00812,51.92713],[-3.01001,51.93037],[-3.01027,51.93295],[-3.00858,51.93628],[-3.0085,51.938],[-3.01083,51.94087],[-3.0118,51.94296],[-3.01316,51.94495],[-3.02162,51.95004],[-3.02215,51.95085],[-3.02237,51.95287],[-3.02594,51.95728],[-3.03021,51.95883],[-3.03534,51.95974],[-3.03675,51.96163],[-3.03681,51.96245],[-3.03773,51.9634],[-3.03832,51.96514],[-3.03961,51.96648],[-3.04221,51.96811],[-3.05142,51.97209],[-3.05215,51.97295],[-3.05696,51.97523],[-3.05744,51.97648],[-3.05937,51.97797],[-3.05956,51.97862],[-3.06265,51.98006],[-3.06737,51.98314],[-3.06854,51.98445],[-3.06861,51.98709],[-3.06942,51.98949],[-3.0725,51.99216],[-3.07563,51.99586],[-3.0789,51.99763],[-3.08222,52.0024],[-3.08409,52.00411],[-3.08611,52.00998],[-3.0869,52.01391],[-3.09435,52.01872],[-3.0992,52.02269],[-3.09276,52.02898],[-3.09283,52.03153],[-3.09235,52.03319],[-3.09087,52.03538],[-3.08953,52.03627],[-3.08693,52.03916],[-3.08629,52.04019],[-3.08649,52.04114],[-3.08347,52.03972],[-3.08001,52.03943],[-3.07803,52.03972],[-3.0753,52.04114],[-3.07485,52.04401],[-3.07439,52.0446],[-3.07337,52.04545],[-3.0717,52.04586],[-3.06898,52.04729],[-3.06796,52.04826],[-3.06748,52.04971],[-3.06624,52.04952],[-3.06119,52.05263],[-3.05603,52.05299],[-3.05111,52.0528]]]}},{"type":"Feature","properties":{"id":"E01014021","name":"E01014021","parent":"E06000019","type":"LSOA","pop":1500,"r":1,"ff":1,"ffd":66.7,"ffs":1.0,"g":0,"co":3,"mo":3,"sa":3,"ic":3},"geometry":{"type":"Polygon","coordinates":[[[-2.89977,52.01755],[-2.89862,52.01669],[-2.89579,52.01705],[-2.8961,52.01595],[-2.89182,52.01425],[-2.8904,52.01419],[-2.88778,52.01197],[-2.88568,52.0115],[-2.88472,52.01153],[-2.88455,52.01198],[-2.88347,52.01167],[-2.8828,52.01197],[-2.88164,52.01164],[-2.87988,52.01174],[-2.87782,52.01082],[-2.87572,52.01255],[-2.87714,52.01352],[-2.8778,52.01494],[-2.87551,52.01621],[-2.87458,52.01565],[-2.87209,52.01684],[-2.87082,52.01596],[-2.87013,52.01591],[-2.86858,52.01674],[-2.86676,52.01585],[-2.86676,52.01536],[-2.86484,52.0149],[-2.86463,52.01517],[-2.86377,52.01472],[-2.86313,52.01502],[-2.86085,52.01414],[-2.86046,52.01251],[-2.86143,52.01126],[-2.85824,52.01046],[-2.85887,52.00929],[-2.85853,52.00806],[-2.85361,52.00678],[-2.85576,52.00428],[-2.85356,52.00357],[-2.85498,52.00257],[-2.85394,52.00176],[-2.85416,52.00101],[-2.84813,52.00059],[-2.84564,52.00086],[-2.84594,52.00349],[-2.84394,52.00475],[-2.84405,52.00525],[-2.84357,52.00571],[-2.8422,52.00519],[-2.84256,52.00486],[-2.83924,52.00166],[-2.83769,52.00211],[-2.83244,52.0024],[-2.83388,52.00046],[-2.83756,51.99941],[-2.83767,51.99881],[-2.84056,51.99932],[-2.84652,51.9993],[-2.84645,51.99685],[-2.85114,51.99699],[-2.85427,51.99622],[-2.85452,51.9958],[-2.85313,51.99426],[-2.85217,51.99223],[-2.84676,51.98659],[-2.84608,51.98542],[-2.84623,51.98463],[-2.85003,51.98316],[-2.85417,51.97953],[-2.85768,51.97732],[-2.86091,51.9747],[-2.86627,51.97284],[-2.87029,51.97232],[-2.87073,51.97211],[-2.87002,51.97101],[-2.86826,51.97138],[-2.86767,51.97092],[-2.86763,51.97036],[-2.86969,51.96864],[-2.86682,51.96729],[-2.86618,51.96667],[-2.8665,51.9664],[-2.86568,51.96576],[-2.86444,51.96526],[-2.86391,51.96603],[-2.86036,51.96467],[-2.8603,51.9641],[-2.86092,51.96307],[-2.86799,51.95717],[-2.87158,51.95319],[-2.8734,51.95445],[-2.87411,51.95351],[-2.87325,51.95317],[-2.87265,51.95224],[-2.87272,51.95091],[-2.87211,51.94985],[-2.87246,51.94925],[-2.87321,51.94667],[-2.87542,51.94566],[-2.87786,51.94551],[-2.87875,51.94488],[-2.87855,51.94436],[-2.88223,51.94285],[-2.88234,51.94166],[-2.88135,51.94162],[-2.88162,51.94101],[-2.8807,51.94024],[-2.8797,51.94],[-2.87971,51.93974],[-2.87822,51.93968],[-2.87666,51.93916],[-2.87563,51.93929],[-2.87515,51.93868],[-2.87454,51.93888],[-2.87449,51.93784],[-2.87399,51.93734],[-2.87468,51.93584],[-2.87565,51.93496],[-2.87542,51.93309],[-2.87796,51.93384],[-2.88275,51.9344],[-2.88852,51.93357],[-2.88911,51.93262],[-2.88899,51.93155],[-2.88718,51.92805],[-2.88999,51.92704],[-2.89217,51.92549],[-2.89309,51.9252],[-2.89698,51.92549],[-2.8982,51.92526],[-2.89988,51.92544],[-2.90083,51.92589],[-2.90291,51.92515],[-2.90414,51.92518],[-2.90514,51.92452],[-2.90651,51.92251],[-2.90828,51.92169],[-2.90817,51.92115],[-2.91177,51.91953],[-2.91291,51.92008],[-2.91534,51.91881],[-2.91611,51.91766],[-2.91916,51.91736],[-2.9201,51.91697],[-2.92027,51.91738],[-2.92742,51.91397],[-2.92834,51.91391],[-2.93091,51.91491],[-2.93401,51.91501],[-2.93564,51.91261],[-2.9372,51.91229],[-2.93929,51.91317],[-2.93981,51.91506],[-2.94102,51.9159],[-2.94164,51.91688],[-2.94151,51.91819],[-2.94279,51.92007],[-2.94262,51.92632],[-2.94225,51.92731],[-2.94394,51.92856],[-2.9451,51.92891],[-2.94428,51.93066],[-2.94491,51.93154],[-2.94469,51.93288],[-2.94276,51.93419],[-2.94382,51.93577],[-2.94329,51.93677],[-2.94371,51.9384],[-2.94203,51.93955],[-2.94093,51.93959],[-2.93885,51.94027],[-2.93791,51.94102],[-2.93858,51.94195],[-2.93895,51.94436],[-2.93382,51.94524],[-2.93499,51.94657],[-2.93772,51.94777],[-2.93708,51.94961],[-2.93491,51.95084],[-2.93446,51.95074],[-2.93294,51.95155],[-2.92669,51.9534],[-2.92599,51.95391],[-2.92542,51.95518],[-2.9255,51.95728],[-2.92343,51.95822],[-2.92401,51.95862],[-2.92472,51.95837],[-2.92651,51.95889],[-2.92668,51.95976],[-2.92737,51.95999],[-2.92673,51.96107],[-2.92714,51.96131],[-2.92606,51.96201],[-2.92713,51.96314],[-2.92924,51.96436],[-2.92838,51.96485],[-2.92944,51.9661],[-2.92767,51.96609],[-2.92883,51.96683],[-2.92907,51.96664],[-2.92979,51.96713],[-2.93047,51.96691],[-2.93078,51.96733],[-2.93334,51.96803],[-2.93549,51.96995],[-2.9378,51.97096],[-2.93819,51.97152],[-2.93931,51.97157],[-2.93926,51.97194],[-2.93995,51.9722],[-2.93987,51.97288],[-2.94096,51.97326],[-2.94155,51.97387],[-2.93816,51.97549],[-2.93648,51.9759],[-2.93521,51.97584],[-2.93494,51.97795],[-2.93532,51.98147],[-2.93776,51.98429],[-2.93476,51.98419],[-2.93288,51.98487],[-2.93218,51.98482],[-2.93329,51.9882],[-2.93187,51.98898],[-2.9317,51.98996],[-2.93099,51.98985],[-2.92807,51.99057],[-2.92351,51.99101],[-2.92072,51.99072],[-2.92197,51.99218],[-2.92187,51.99344],[-2.92386,51.99477],[-2.92463,51.99484],[-2.92582,51.99613],[-2.92738,51.99634],[-2.92822,51.99685],[-2.92719,51.9998],[-2.92963,52.00322],[-2.92696,52.00428],[-2.92798,52.0051],[-2.92558,52.00658],[-2.92387,52.0082],[-2.92289,52.00832],[-2.92141,52.00781],[-2.9212,52.00812],[-2.92162,52.0083],[-2.92038,52.00984],[-2.92161,52.01098],[-2.92162,52.01135],[-2.92082,52.01167],[-2.92114,52.0127],[-2.91795,52.01446],[-2.90887,52.01539],[-2.90743,52.01595],[-2.90708,52.01662],[-2.9056,52.01664],[-2.90439,52.01727],[-2.90067,52.01776],[-2.89977,52.01755]]]}},{"type":"Feature","properties":{"id":"E01014022","name":"E01014022","parent":"E06000019","type":"LSOA","pop":2364,"r":16,"ff":9,"ffd":380.7,"ffs":0.5625,"g":0,"co":3,"mo":3,"sa":3,"ic":1},"geometry":{"type":"Polygon","coordinates":[[[-2.66187,52.0771],[-2.66019,52.07555],[-2.65713,52.07673],[-2.65618,52.07649],[-2.65392,52.07751],[-2.64856,52.0779],[-2.64434,52.07881],[-2.64197,52.07896],[-2.64078,52.07848],[-2.63793,52.07834],[-2.63613,52.07775],[-2.63508,52.07711],[-2.6332,52.07674],[-2.62957,52.07774],[-2.62818,52.07702],[-2.62727,52.07606],[-2.62645,52.07384],[-2.62518,52.07243],[-2.62341,52.06883],[-2.62445,52.06866],[-2.62391,52.06795],[-2.62297,52.0682],[-2.62095,52.06668],[-2.62069,52.06605],[-2.61857,52.06474],[-2.61847,52.06433],[-2.62173,52.06237],[-2.62232,52.06163],[-2.62498,52.06083],[-2.62509,52.06048],[-2.62589,52.06017],[-2.62537,52.05987],[-2.62626,52.0594],[-2.62568,52.0591],[-2.62631,52.05894],[-2.62603,52.05807],[-2.62738,52.05806],[-2.63035,52.05532],[-2.62976,52.05423],[-2.63098,52.05224],[-2.62973,52.05121],[-2.6303,52.05046],[-2.63001,52.05007],[-2.63044,52.04928],[-2.63144,52.04887],[-2.63139,52.04828],[-2.63206,52.04809],[-2.63276,52.04829],[-2.63269,52.04762],[-2.63111,52.04722],[-2.63161,52.04622],[-2.63209,52.04606],[-2.63196,52.04546],[-2.63373,52.04429],[-2.63493,52.04436],[-2.63562,52.04392],[-2.63184,52.04038],[-2.63383,52.04044],[-2.63655,52.0411],[-2.63871,52.04258],[-2.64161,52.04221],[-2.64214,52.04237],[-2.64248,52.04333],[-2.64178,52.04391],[-2.64232,52.04438],[-2.64129,52.04524],[-2.64167,52.04647],[-2.64065,52.04754],[-2.63979,52.04758],[-2.63963,52.04803],[-2.63998,52.04829],[-2.64065,52.04821],[-2.64102,52.04924],[-2.64215,52.04921],[-2.64383,52.05056],[-2.64572,52.0503],[-2.64697,52.05109],[-2.64654,52.05149],[-2.64704,52.05236],[-2.64744,52.05229],[-2.64781,52.05151],[-2.64841,52.05149],[-2.6482,52.05227],[-2.64971,52.05261],[-2.65065,52.05254],[-2.65114,52.05199],[-2.65178,52.05201],[-2.6522,52.05239],[-2.65147,52.05334],[-2.65265,52.05393],[-2.65377,52.05394],[-2.65353,52.05432],[-2.65477,52.05547],[-2.65512,52.05636],[-2.65518,52.05725],[-2.65599,52.05835],[-2.65795,52.05862],[-2.65738,52.05925],[-2.65738,52.06027],[-2.65858,52.06069],[-2.66119,52.0625],[-2.66181,52.06259],[-2.66677,52.06118],[-2.66783,52.06174],[-2.6706,52.06115],[-2.67176,52.0613],[-2.67195,52.06047],[-2.67268,52.06032],[-2.67357,52.06078],[-2.67402,52.06004],[-2.6747,52.06055],[-2.67611,52.06078],[-2.67749,52.06182],[-2.68081,52.06208],[-2.68109,52.0624],[-2.68527,52.06405],[-2.68538,52.06471],[-2.68736,52.0651],[-2.68762,52.06575],[-2.68702,52.06586],[-2.68621,52.06556],[-2.68599,52.06623],[-2.68782,52.06652],[-2.68783,52.06693],[-2.68664,52.06713],[-2.6875,52.0677],[-2.6879,52.06848],[-2.68722,52.06918],[-2.68784,52.06971],[-2.68741,52.06994],[-2.68621,52.06956],[-2.6856,52.07021],[-2.68958,52.06973],[-2.68979,52.07037],[-2.68894,52.07101],[-2.68577,52.07184],[-2.6851,52.07276],[-2.68383,52.07265],[-2.68283,52.07325],[-2.68063,52.07303],[-2.67847,52.07499],[-2.67724,52.07497],[-2.6767,52.07577],[-2.6753,52.07611],[-2.67562,52.07637],[-2.67504,52.07677],[-2.6745,52.07666],[-2.67383,52.07717],[-2.67207,52.07767],[-2.67113,52.07927],[-2.67131,52.07986],[-2.66898,52.08024],[-2.66856,52.0807],[-2.66459,52.07982],[-2.66187,52.0771]]]}},{"type":"Feature","properties":{"id":"E01014023","name":"E01014023","parent":"E06000019","type":"LSOA","pop":2023,"r":13,"ff":8,"ffd":395.5,"ffs":0.6154,"g":0,"co":3,"mo":3,"sa":3,"ic":1},"geometry":{"type":"Polygon","coordinates":[[[-2.63901,52.12173],[-2.63714,52.12128],[-2.63397,52.12137],[-2.63035,52.12032],[-2.6286,52.12021],[-2.62321,52.11632],[-2.62361,52.11589],[-2.62507,52.11565],[-2.62624,52.11592],[-2.62671,52.11567],[-2.62871,52.11568],[-2.62905,52.11603],[-2.63125,52.11531],[-2.63293,52.11364],[-2.63287,52.11323],[-2.635,52.11313],[-2.63626,52.11235],[-2.63662,52.1127],[-2.63725,52.11213],[-2.6352,52.10975],[-2.64122,52.10829],[-2.63821,52.10606],[-2.63711,52.10482],[-2.63316,52.10581],[-2.63298,52.10552],[-2.63077,52.10549],[-2.62995,52.10414],[-2.62769,52.10216],[-2.62719,52.1006],[-2.6259,52.10135],[-2.62372,52.10194],[-2.62304,52.10056],[-2.62517,52.09931],[-2.62429,52.09856],[-2.61967,52.10075],[-2.61834,52.10056],[-2.61708,52.09991],[-2.6168,52.10022],[-2.61618,52.0999],[-2.61565,52.10013],[-2.61491,52.09974],[-2.61428,52.09999],[-2.61374,52.09984],[-2.6133,52.10019],[-2.61284,52.10001],[-2.61255,52.10033],[-2.6114,52.10005],[-2.60923,52.10104],[-2.60779,52.10089],[-2.60718,52.10146],[-2.60575,52.10117],[-2.60522,52.10145],[-2.60374,52.1013],[-2.60318,52.1016],[-2.60258,52.10112],[-2.60206,52.10135],[-2.59958,52.10086],[-2.59818,52.1011],[-2.59704,52.10097],[-2.59612,52.10152],[-2.59474,52.10121],[-2.59398,52.10164],[-2.59234,52.10034],[-2.59084,52.09985],[-2.58704,52.09984],[-2.58438,52.09897],[-2.58481,52.09708],[-2.58358,52.09693],[-2.58407,52.09603],[-2.58342,52.09675],[-2.58235,52.09568],[-2.58234,52.09483],[-2.58072,52.09415],[-2.57855,52.09262],[-2.58328,52.08986],[-2.58372,52.09007],[-2.58466,52.08963],[-2.58766,52.09415],[-2.58988,52.09309],[-2.59148,52.09275],[-2.59102,52.08991],[-2.59144,52.08883],[-2.59444,52.08806],[-2.59565,52.08643],[-2.59657,52.0859],[-2.59781,52.0842],[-2.60197,52.08285],[-2.60675,52.08286],[-2.60702,52.08326],[-2.60807,52.08331],[-2.61069,52.08284],[-2.61158,52.08301],[-2.61806,52.08238],[-2.62031,52.08189],[-2.62304,52.08195],[-2.62349,52.08131],[-2.62373,52.0787],[-2.62746,52.07847],[-2.6332,52.07674],[-2.63508,52.07711],[-2.63613,52.07775],[-2.63793,52.07834],[-2.64078,52.07848],[-2.64197,52.07896],[-2.64434,52.07881],[-2.64856,52.0779],[-2.65392,52.07751],[-2.65618,52.07649],[-2.65713,52.07673],[-2.66019,52.07555],[-2.66459,52.07982],[-2.66856,52.0807],[-2.66898,52.08024],[-2.67131,52.07986],[-2.67113,52.07927],[-2.67207,52.07767],[-2.67383,52.07717],[-2.6745,52.07666],[-2.67504,52.07677],[-2.67562,52.07637],[-2.6753,52.07611],[-2.6767,52.07577],[-2.67724,52.07497],[-2.67847,52.07499],[-2.67487,52.08223],[-2.67462,52.08438],[-2.67499,52.08565],[-2.67725,52.08828],[-2.68048,52.08786],[-2.68087,52.08816],[-2.6821,52.08816],[-2.68229,52.0885],[-2.68132,52.08903],[-2.68194,52.08923],[-2.68166,52.0898],[-2.67612,52.09053],[-2.67481,52.0883],[-2.67276,52.0892],[-2.67115,52.08759],[-2.66881,52.08906],[-2.66901,52.08953],[-2.66816,52.08972],[-2.66678,52.09066],[-2.66584,52.09052],[-2.66515,52.09081],[-2.66417,52.08988],[-2.66259,52.09052],[-2.66166,52.09146],[-2.65969,52.09156],[-2.65795,52.09371],[-2.65645,52.09401],[-2.65434,52.09505],[-2.65387,52.09641],[-2.65469,52.09657],[-2.657,52.09848],[-2.65778,52.09867],[-2.65749,52.09998],[-2.65831,52.1005],[-2.65806,52.10089],[-2.65901,52.10131],[-2.65918,52.10194],[-2.66027,52.10211],[-2.66093,52.10267],[-2.66074,52.1031],[-2.66134,52.10381],[-2.6599,52.10475],[-2.65883,52.10642],[-2.65959,52.10696],[-2.65911,52.10708],[-2.65911,52.10823],[-2.66,52.10924],[-2.65987,52.11118],[-2.66282,52.11234],[-2.66396,52.114],[-2.66369,52.11541],[-2.66222,52.11681],[-2.65985,52.11784],[-2.65992,52.11965],[-2.65906,52.11973],[-2.65924,52.12114],[-2.65869,52.12249],[-2.65689,52.12366],[-2.657,52.12423],[-2.65427,52.12617],[-2.65263,52.12629],[-2.65109,52.12706],[-2.64924,52.12746],[-2.64736,52.1274],[-2.64415,52.12339],[-2.64171,52.12333],[-2.64088,52.12245],[-2.63901,52.12173]]]}},{"type":"Feature","properties":{"id":"E01014024","name":"E01014024","parent":"E06000019","type":"LSOA","pop":1277,"r":2,"ff":1,"ffd":78.3,"ffs":0.5,"g":0,"co":3,"mo":3,"sa":3,"ic":3},"geometry":{"type":"Polygon","coordinates":[[[-2.56998,52.25282],[-2.56916,52.25083],[-2.56737,52.25014],[-2.56666,52.24918],[-2.56625,52.24713],[-2.56377,52.24502],[-2.56527,52.24457],[-2.56561,52.24413],[-2.56488,52.24247],[-2.56837,52.24121],[-2.56917,52.24059],[-2.57108,52.24126],[-2.57535,52.23989],[-2.57669,52.23973],[-2.57831,52.23996],[-2.57969,52.23959],[-2.58254,52.2373],[-2.5831,52.23573],[-2.58404,52.23473],[-2.58941,52.23125],[-2.58708,52.23118],[-2.58421,52.23052],[-2.58483,52.2295],[-2.58363,52.22882],[-2.58124,52.22924],[-2.58125,52.22888],[-2.57978,52.22925],[-2.57839,52.22772],[-2.58096,52.22724],[-2.58018,52.22691],[-2.58027,52.22495],[-2.57921,52.22349],[-2.57917,52.22177],[-2.58137,52.22187],[-2.58329,52.22053],[-2.58282,52.21807],[-2.58366,52.21672],[-2.58376,52.21585],[-2.58018,52.21626],[-2.57732,52.21579],[-2.57377,52.21601],[-2.57017,52.21552],[-2.57312,52.2141],[-2.576,52.21207],[-2.57541,52.21059],[-2.57663,52.20987],[-2.5775,52.208],[-2.57432,52.2055],[-2.57328,52.20411],[-2.57276,52.20188],[-2.57303,52.19871],[-2.57462,52.19715],[-2.57216,52.19662],[-2.5694,52.19435],[-2.56655,52.1931],[-2.57135,52.19067],[-2.57146,52.18955],[-2.57218,52.18882],[-2.57437,52.18852],[-2.57672,52.18787],[-2.57659,52.1872],[-2.57712,52.18718],[-2.57779,52.18853],[-2.57857,52.18877],[-2.5784,52.18921],[-2.57951,52.19132],[-2.58143,52.19198],[-2.58225,52.19354],[-2.58808,52.1937],[-2.58823,52.19441],[-2.58912,52.19431],[-2.59047,52.19476],[-2.59789,52.19555],[-2.60063,52.19634],[-2.60254,52.19611],[-2.60281,52.1971],[-2.61061,52.19697],[-2.61239,52.19669],[-2.61321,52.19621],[-2.61345,52.19499],[-2.61276,52.19306],[-2.61182,52.19247],[-2.61068,52.19244],[-2.61023,52.19176],[-2.61094,52.19081],[-2.61638,52.1867],[-2.61723,52.18847],[-2.61825,52.18944],[-2.62165,52.19052],[-2.62458,52.19105],[-2.62687,52.19042],[-2.62674,52.1902],[-2.6285,52.18914],[-2.62827,52.18811],[-2.62875,52.1881],[-2.62893,52.18925],[-2.63218,52.19023],[-2.63324,52.19155],[-2.63435,52.19216],[-2.6358,52.19175],[-2.63784,52.18913],[-2.63877,52.1887],[-2.64163,52.18808],[-2.64219,52.18764],[-2.64699,52.18669],[-2.64795,52.18472],[-2.64819,52.18384],[-2.64784,52.18329],[-2.64852,52.18205],[-2.65108,52.18088],[-2.65109,52.18006],[-2.65562,52.18011],[-2.65575,52.18105],[-2.65859,52.18095],[-2.65874,52.18154],[-2.66032,52.18147],[-2.66237,52.18232],[-2.6638,52.18342],[-2.66603,52.18343],[-2.66983,52.18496],[-2.67136,52.18514],[-2.67303,52.18484],[-2.67603,52.18381],[-2.67924,52.18177],[-2.6791,52.18097],[-2.67986,52.18021],[-2.68164,52.17933],[-2.68324,52.17921],[-2.68434,52.17878],[-2.68645,52.17977],[-2.68932,52.17951],[-2.6913,52.17796],[-2.69335,52.17768],[-2.69566,52.17642],[-2.69593,52.17571],[-2.6992,52.17445],[-2.7002,52.17359],[-2.70034,52.17294],[-2.70221,52.17196],[-2.70343,52.17278],[-2.70307,52.17368],[-2.70322,52.17633],[-2.7029,52.17734],[-2.70132,52.17843],[-2.70002,52.18121],[-2.70265,52.18167],[-2.70307,52.18208],[-2.70792,52.18163],[-2.70815,52.18256],[-2.71041,52.18248],[-2.71084,52.1792],[-2.71024,52.17772],[-2.71226,52.17776],[-2.71232,52.18031],[-2.71655,52.17983],[-2.71859,52.17996],[-2.71992,52.17646],[-2.72219,52.17783],[-2.72831,52.17857],[-2.73622,52.17804],[-2.73618,52.1763],[-2.73676,52.17502],[-2.73886,52.17519],[-2.73958,52.17486],[-2.74349,52.17487],[-2.74639,52.17428],[-2.74638,52.17373],[-2.74849,52.17388],[-2.74857,52.17467],[-2.74799,52.1755],[-2.74939,52.1773],[-2.74891,52.17797],[-2.74409,52.17891],[-2.74241,52.1803],[-2.73979,52.1808],[-2.73413,52.18309],[-2.73427,52.18539],[-2.7381,52.18458],[-2.73939,52.18666],[-2.73641,52.18646],[-2.73364,52.18675],[-2.73342,52.18651],[-2.73132,52.18715],[-2.7298,52.18725],[-2.72828,52.18676],[-2.72625,52.18689],[-2.72309,52.18618],[-2.7202,52.18655],[-2.71814,52.18639],[-2.71745,52.18664],[-2.7171,52.18773],[-2.71534,52.18827],[-2.71805,52.19041],[-2.71912,52.19226],[-2.71783,52.19434],[-2.71808,52.19519],[-2.71659,52.19515],[-2.71623,52.19596],[-2.71511,52.19563],[-2.71434,52.19656],[-2.71465,52.19771],[-2.71336,52.19909],[-2.71369,52.19964],[-2.71485,52.20006],[-2.71513,52.20159],[-2.71634,52.20128],[-2.7169,52.20141],[-2.71688,52.20178],[-2.71592,52.20197],[-2.71617,52.20246],[-2.71766,52.20226],[-2.7185,52.20274],[-2.71805,52.2036],[-2.71681,52.20391],[-2.71666,52.20468],[-2.71552,52.20524],[-2.71542,52.20633],[-2.71416,52.2072],[-2.71428,52.20795],[-2.71482,52.20836],[-2.71568,52.20827],[-2.71531,52.20765],[-2.71632,52.20694],[-2.71746,52.20759],[-2.71896,52.20719],[-2.71936,52.20774],[-2.72065,52.20837],[-2.72207,52.20826],[-2.72256,52.20759],[-2.72368,52.20769],[-2.72437,52.20704],[-2.72512,52.2075],[-2.72587,52.20714],[-2.72741,52.20804],[-2.72733,52.20849],[-2.72662,52.20889],[-2.72671,52.20975],[-2.72837,52.21073],[-2.72728,52.21158],[-2.72386,52.2128],[-2.7236,52.21247],[-2.72496,52.21194],[-2.72436,52.21118],[-2.71956,52.21094],[-2.71938,52.21129],[-2.72077,52.21236],[-2.72007,52.21283],[-2.72128,52.21309],[-2.72107,52.21379],[-2.72215,52.21424],[-2.72208,52.21537],[-2.72007,52.2141],[-2.71947,52.21444],[-2.71734,52.21311],[-2.71675,52.21365],[-2.71661,52.21463],[-2.71522,52.2152],[-2.71466,52.21474],[-2.7141,52.21513],[-2.71218,52.21405],[-2.71044,52.2138],[-2.70924,52.21302],[-2.70949,52.21282],[-2.70901,52.21231],[-2.70823,52.21228],[-2.7078,52.21183],[-2.7039,52.21184],[-2.70358,52.21115],[-2.70271,52.21112],[-2.70173,52.21126],[-2.70175,52.21146],[-2.69977,52.21153],[-2.70185,52.21482],[-2.70053,52.21526],[-2.69958,52.21538],[-2.69899,52.21363],[-2.69714,52.21367],[-2.69703,52.21328],[-2.69543,52.21339],[-2.69521,52.21302],[-2.69433,52.21302],[-2.69436,52.2119],[-2.69328,52.21198],[-2.69321,52.21351],[-2.69244,52.21354],[-2.69239,52.21332],[-2.69052,52.21363],[-2.69079,52.21434],[-2.68739,52.21353],[-2.6837,52.21357],[-2.68431,52.21507],[-2.68138,52.21553],[-2.68187,52.21606],[-2.67973,52.21619],[-2.67752,52.21681],[-2.67618,52.21784],[-2.67393,52.218],[-2.6726,52.21722],[-2.66911,52.21838],[-2.66483,52.21937],[-2.66481,52.22047],[-2.66426,52.22068],[-2.66403,52.21959],[-2.65949,52.22016],[-2.65937,52.22194],[-2.66154,52.22235],[-2.66343,52.22388],[-2.66456,52.22428],[-2.66558,52.22545],[-2.66534,52.22655],[-2.66582,52.22714],[-2.66547,52.22765],[-2.66613,52.2279],[-2.66535,52.22822],[-2.66593,52.22879],[-2.66486,52.23113],[-2.66582,52.2316],[-2.66566,52.23206],[-2.66661,52.23217],[-2.66756,52.23302],[-2.66742,52.23405],[-2.66594,52.23421],[-2.66469,52.23516],[-2.66484,52.23554],[-2.66405,52.23646],[-2.66331,52.23676],[-2.6618,52.23679],[-2.66097,52.23758],[-2.66096,52.23789],[-2.66292,52.23898],[-2.66276,52.23948],[-2.66219,52.23961],[-2.66231,52.23998],[-2.66181,52.23998],[-2.66105,52.24061],[-2.66167,52.24101],[-2.66193,52.24239],[-2.66091,52.2427],[-2.66007,52.24255],[-2.659,52.24305],[-2.65835,52.24282],[-2.65762,52.24342],[-2.65554,52.24377],[-2.65538,52.24427],[-2.65464,52.24452],[-2.65483,52.24508],[-2.65642,52.24623],[-2.65556,52.24721],[-2.65392,52.24819],[-2.65371,52.24795],[-2.65,52.24835],[-2.64903,52.24867],[-2.6482,52.24954],[-2.64692,52.2498],[-2.64257,52.24874],[-2.64134,52.24886],[-2.63988,52.24959],[-2.63861,52.24967],[-2.63791,52.25001],[-2.63656,52.24998],[-2.63599,52.25063],[-2.63549,52.25041],[-2.6354,52.25076],[-2.63423,52.25075],[-2.63325,52.24969],[-2.63284,52.24769],[-2.63427,52.24723],[-2.63146,52.24379],[-2.63074,52.24393],[-2.63051,52.24371],[-2.62897,52.24037],[-2.62159,52.242],[-2.6211,52.24269],[-2.62047,52.24204],[-2.61627,52.24335],[-2.61491,52.2418],[-2.61066,52.2426],[-2.61073,52.24335],[-2.61025,52.2437],[-2.60912,52.24385],[-2.60433,52.24283],[-2.60264,52.24327],[-2.60193,52.24385],[-2.59984,52.2438],[-2.59647,52.24426],[-2.59283,52.24528],[-2.58972,52.24578],[-2.58868,52.24627],[-2.5873,52.24776],[-2.58544,52.2483],[-2.58065,52.24831],[-2.57614,52.24775],[-2.57457,52.24963],[-2.57421,52.25273],[-2.56998,52.25282]]]}},{"type":"Feature","properties":{"id":"E01014025","name":"E01014025","parent":"E06000019","type":"LSOA","pop":1475,"r":2,"ff":2,"ffd":135.6,"ffs":1.0,"g":0,"co":1,"mo":3,"sa":3,"ic":1},"geometry":{"type":"Polygon","coordinates":[[[-2.73877,52.1943],[-2.73835,52.19382],[-2.73747,52.19397],[-2.73704,52.19344],[-2.73641,52.19358],[-2.73541,52.1922],[-2.7347,52.19216],[-2.7337,52.19099],[-2.73406,52.19079],[-2.73419,52.18763],[-2.73364,52.18675],[-2.73641,52.18646],[-2.73939,52.18666],[-2.7381,52.18458],[-2.73427,52.18539],[-2.73413,52.18309],[-2.73979,52.1808],[-2.74241,52.1803],[-2.74409,52.17891],[-2.74891,52.17797],[-2.74939,52.1773],[-2.74799,52.1755],[-2.74857,52.17467],[-2.74849,52.17388],[-2.74638,52.17373],[-2.74639,52.17428],[-2.74349,52.17487],[-2.73958,52.17486],[-2.73886,52.17519],[-2.73676,52.17502],[-2.73618,52.1763],[-2.73622,52.17804],[-2.72831,52.17857],[-2.72219,52.17783],[-2.71992,52.17646],[-2.71859,52.17996],[-2.71655,52.17983],[-2.71232,52.18031],[-2.71226,52.17776],[-2.71024,52.17772],[-2.71084,52.1792],[-2.71041,52.18248],[-2.70815,52.18256],[-2.70792,52.18163],[-2.70307,52.18208],[-2.70265,52.18167],[-2.70002,52.18121],[-2.70132,52.17843],[-2.7029,52.17734],[-2.70322,52.17633],[-2.70307,52.17368],[-2.70343,52.17278],[-2.70221,52.17196],[-2.70034,52.17294],[-2.7002,52.17359],[-2.6992,52.17445],[-2.69593,52.17571],[-2.69566,52.17642],[-2.69335,52.17768],[-2.6913,52.17796],[-2.68932,52.17951],[-2.68645,52.17977],[-2.68434,52.17878],[-2.68324,52.17921],[-2.68164,52.17933],[-2.67986,52.18021],[-2.6791,52.18097],[-2.67924,52.18177],[-2.67603,52.18381],[-2.67303,52.18484],[-2.67136,52.18514],[-2.66983,52.18496],[-2.66603,52.18343],[-2.6638,52.18342],[-2.66237,52.18232],[-2.66032,52.18147],[-2.65874,52.18154],[-2.65859,52.18095],[-2.65575,52.18105],[-2.65562,52.18011],[-2.65109,52.18006],[-2.65102,52.17891],[-2.65205,52.17803],[-2.65197,52.17742],[-2.64999,52.17596],[-2.64987,52.17536],[-2.65218,52.173],[-2.65292,52.17285],[-2.65218,52.17158],[-2.65225,52.17069],[-2.65044,52.16916],[-2.64571,52.1693],[-2.64418,52.17045],[-2.64339,52.17059],[-2.64212,52.17026],[-2.6401,52.17028],[-2.63647,52.17087],[-2.63481,52.17032],[-2.63133,52.16828],[-2.63119,52.16689],[-2.62988,52.16545],[-2.62952,52.16423],[-2.62534,52.16379],[-2.62543,52.1623],[-2.62346,52.16024],[-2.62673,52.15981],[-2.62624,52.15858],[-2.62473,52.15878],[-2.62395,52.15931],[-2.62287,52.15946],[-2.62233,52.15885],[-2.62246,52.15812],[-2.6238,52.1569],[-2.62536,52.15381],[-2.62653,52.15202],[-2.62439,52.15168],[-2.62459,52.15125],[-2.62396,52.15122],[-2.62438,52.1507],[-2.62419,52.14991],[-2.62305,52.14954],[-2.62335,52.14908],[-2.62199,52.14648],[-2.62064,52.14544],[-2.62455,52.1443],[-2.6223,52.14299],[-2.62087,52.14108],[-2.62122,52.13919],[-2.61913,52.13761],[-2.6211,52.13678],[-2.63035,52.13605],[-2.63696,52.13502],[-2.64412,52.1353],[-2.6465,52.13515],[-2.64921,52.1357],[-2.65239,52.13562],[-2.65232,52.13357],[-2.65471,52.13295],[-2.65446,52.13245],[-2.65232,52.13306],[-2.65221,52.13199],[-2.65089,52.13094],[-2.65311,52.12977],[-2.653,52.1293],[-2.65202,52.12871],[-2.65389,52.12795],[-2.65526,52.1295],[-2.65662,52.12935],[-2.6576,52.13078],[-2.65927,52.13026],[-2.66154,52.13324],[-2.6637,52.13526],[-2.6652,52.13479],[-2.66852,52.13536],[-2.66906,52.13654],[-2.6716,52.13591],[-2.67199,52.13598],[-2.67197,52.1366],[-2.67426,52.13696],[-2.67451,52.13855],[-2.6725,52.13859],[-2.67103,52.13984],[-2.67313,52.13987],[-2.67385,52.14016],[-2.67077,52.1402],[-2.67173,52.14224],[-2.67059,52.14232],[-2.67086,52.14319],[-2.66863,52.14336],[-2.66957,52.14441],[-2.66915,52.1449],[-2.67014,52.14531],[-2.67183,52.14482],[-2.67103,52.14317],[-2.67332,52.14335],[-2.67372,52.1449],[-2.67187,52.14544],[-2.6718,52.14658],[-2.67374,52.14632],[-2.67451,52.14749],[-2.67595,52.14733],[-2.67587,52.14708],[-2.67672,52.14676],[-2.67687,52.14723],[-2.68458,52.14795],[-2.6882,52.14739],[-2.68858,52.14818],[-2.68754,52.14931],[-2.69034,52.15066],[-2.6911,52.15128],[-2.69068,52.15171],[-2.69359,52.15253],[-2.69473,52.15169],[-2.69575,52.15164],[-2.69501,52.15111],[-2.69324,52.15221],[-2.69202,52.1517],[-2.69063,52.1507],[-2.69149,52.14997],[-2.68992,52.14939],[-2.6902,52.14831],[-2.69248,52.14808],[-2.69306,52.14934],[-2.69419,52.1484],[-2.69321,52.14796],[-2.69447,52.14708],[-2.69498,52.14718],[-2.6959,52.14673],[-2.69698,52.1469],[-2.69853,52.14782],[-2.69657,52.14882],[-2.69959,52.15029],[-2.69896,52.15072],[-2.70119,52.15119],[-2.7014,52.15085],[-2.70081,52.15068],[-2.7017,52.15011],[-2.70225,52.15064],[-2.70177,52.15114],[-2.70299,52.15106],[-2.70326,52.15139],[-2.70551,52.15151],[-2.70621,52.15192],[-2.70805,52.15206],[-2.70797,52.15247],[-2.70952,52.15238],[-2.70971,52.15282],[-2.71224,52.15282],[-2.71277,52.15173],[-2.71365,52.15166],[-2.71432,52.15012],[-2.7147,52.1501],[-2.71474,52.15058],[-2.71623,52.15069],[-2.71691,52.14912],[-2.71858,52.14953],[-2.7187,52.15018],[-2.71777,52.15072],[-2.71809,52.15182],[-2.71588,52.15312],[-2.71562,52.15443],[-2.71681,52.15443],[-2.71755,52.15544],[-2.72055,52.15551],[-2.72163,52.15628],[-2.72314,52.15667],[-2.72395,52.15726],[-2.7236,52.15816],[-2.72398,52.15886],[-2.72487,52.1582],[-2.72751,52.15781],[-2.73407,52.15881],[-2.73331,52.15998],[-2.73319,52.16156],[-2.73602,52.1609],[-2.73862,52.16081],[-2.74256,52.16013],[-2.74548,52.16006],[-2.74644,52.15944],[-2.74886,52.16165],[-2.75182,52.16213],[-2.75414,52.16287],[-2.76032,52.16199],[-2.7608,52.16231],[-2.76406,52.16165],[-2.76649,52.16161],[-2.77193,52.16017],[-2.77687,52.16384],[-2.77441,52.16391],[-2.7641,52.16569],[-2.76714,52.16851],[-2.76552,52.16931],[-2.76622,52.16956],[-2.76574,52.17008],[-2.76325,52.17153],[-2.76429,52.17231],[-2.7631,52.17297],[-2.76168,52.17297],[-2.75993,52.17457],[-2.75944,52.17516],[-2.76104,52.17569],[-2.75836,52.17808],[-2.75847,52.17863],[-2.75493,52.18049],[-2.7564,52.18261],[-2.75517,52.18294],[-2.75633,52.18453],[-2.75278,52.18458],[-2.75099,52.18513],[-2.75253,52.18555],[-2.75357,52.18643],[-2.75255,52.18728],[-2.75158,52.18687],[-2.74987,52.18673],[-2.75037,52.18715],[-2.74889,52.18829],[-2.74838,52.19015],[-2.74746,52.19055],[-2.74647,52.19181],[-2.73877,52.1943]]]}},{"type":"Feature","properties":{"id":"E01014026","name":"E01014026","parent":"E06000019","type":"LSOA","pop":2091,"r":16,"ff":9,"ffd":430.4,"ffs":0.5625,"g":0,"co":3,"mo":3,"sa":3,"ic":1},"geometry":{"type":"Polygon","coordinates":[[[-2.69289,52.04796],[-2.68763,52.04789],[-2.68184,52.04694],[-2.67781,52.04546],[-2.67507,52.04366],[-2.66739,52.04048],[-2.66462,52.03969],[-2.66296,52.03949],[-2.65852,52.04023],[-2.65697,52.03892],[-2.65706,52.03803],[-2.66036,52.03507],[-2.66727,52.03261],[-2.66795,52.03186],[-2.66743,52.03089],[-2.66591,52.03001],[-2.65928,52.02802],[-2.65697,52.02677],[-2.65619,52.02487],[-2.65655,52.02193],[-2.65575,52.02096],[-2.65403,52.02048],[-2.64981,52.02149],[-2.64711,52.02302],[-2.64409,52.02402],[-2.64109,52.02553],[-2.63857,52.02747],[-2.63726,52.03054],[-2.63627,52.031],[-2.63512,52.03101],[-2.63227,52.02943],[-2.63072,52.02742],[-2.63025,52.02648],[-2.63185,52.02277],[-2.63258,52.01924],[-2.63439,52.01715],[-2.63746,52.01545],[-2.63779,52.01391],[-2.63695,52.0125],[-2.63583,52.01176],[-2.63468,52.01153],[-2.63097,52.01181],[-2.62686,52.01321],[-2.62477,52.01312],[-2.62369,52.01178],[-2.62319,52.01027],[-2.62559,52.00718],[-2.62507,52.00596],[-2.62335,52.00467],[-2.6204,52.00411],[-2.61986,52.00271],[-2.62042,52.00206],[-2.62344,52.00145],[-2.62796,51.99953],[-2.63043,51.99586],[-2.63386,51.99365],[-2.63435,51.9923],[-2.63295,51.99125],[-2.6261,51.99011],[-2.623,51.99042],[-2.62038,51.9915],[-2.61557,51.99002],[-2.60834,51.99112],[-2.60344,51.99136],[-2.60239,51.9911],[-2.60165,51.99054],[-2.60034,51.98623],[-2.60104,51.98472],[-2.60744,51.97966],[-2.61501,51.97606],[-2.61913,51.97481],[-2.62367,51.97405],[-2.62705,51.97273],[-2.63164,51.97188],[-2.63577,51.9716],[-2.63949,51.97067],[-2.64473,51.97031],[-2.64983,51.96906],[-2.65036,51.96973],[-2.64876,51.97001],[-2.6488,51.97048],[-2.64677,51.97095],[-2.64408,51.97094],[-2.64419,51.97114],[-2.64377,51.97114],[-2.64473,51.97211],[-2.64447,51.97221],[-2.64548,51.97377],[-2.64693,51.975],[-2.65124,51.9746],[-2.65213,51.97408],[-2.65868,51.97594],[-2.65896,51.9755],[-2.66102,51.97554],[-2.66043,51.97487],[-2.66097,51.97311],[-2.66209,51.97322],[-2.66205,51.97411],[-2.66751,51.97407],[-2.66925,51.97266],[-2.66909,51.97067],[-2.66974,51.96854],[-2.67017,51.96845],[-2.67056,51.96756],[-2.67309,51.96666],[-2.67305,51.96625],[-2.67425,51.96533],[-2.67625,51.96509],[-2.67696,51.96389],[-2.67786,51.96402],[-2.67931,51.96508],[-2.68146,51.96519],[-2.68168,51.96562],[-2.68174,51.96609],[-2.67864,51.96814],[-2.67881,51.96894],[-2.67831,51.96938],[-2.67862,51.96985],[-2.67957,51.97004],[-2.68018,51.97064],[-2.68255,51.97177],[-2.68603,51.97255],[-2.68995,51.97278],[-2.69045,51.97326],[-2.69159,51.97352],[-2.69158,51.9749],[-2.69243,51.97713],[-2.69183,51.97727],[-2.69194,51.978],[-2.69152,51.97805],[-2.6911,51.97877],[-2.69141,51.97997],[-2.68993,51.98144],[-2.68984,51.98256],[-2.69076,51.98522],[-2.6904,51.98695],[-2.6895,51.98882],[-2.69234,51.98954],[-2.69356,51.99056],[-2.69061,51.99157],[-2.68986,51.99221],[-2.69118,51.99302],[-2.69119,51.99342],[-2.68706,51.99838],[-2.68763,52.00086],[-2.69073,52.00092],[-2.69043,52.00363],[-2.6909,52.00512],[-2.69154,52.00593],[-2.69213,52.00549],[-2.70261,52.00758],[-2.70361,52.00814],[-2.70282,52.00901],[-2.70454,52.00965],[-2.70437,52.01081],[-2.70727,52.01132],[-2.70765,52.01068],[-2.71088,52.0115],[-2.70982,52.01002],[-2.7088,52.00898],[-2.70838,52.00783],[-2.70961,52.00593],[-2.71611,52.00695],[-2.71828,52.00673],[-2.71849,52.00558],[-2.71941,52.00457],[-2.71811,52.00264],[-2.71888,52.00163],[-2.72121,52.00046],[-2.72577,51.99903],[-2.72844,51.99781],[-2.73308,51.99711],[-2.73476,51.99625],[-2.73943,51.99616],[-2.74586,51.99451],[-2.74495,51.99322],[-2.74166,51.99225],[-2.73863,51.99196],[-2.73846,51.99054],[-2.74101,51.9908],[-2.743,51.99035],[-2.74611,51.99079],[-2.74815,51.99212],[-2.75025,51.99186],[-2.75353,51.99196],[-2.7552,51.99153],[-2.75602,51.99041],[-2.76084,51.98949],[-2.76211,51.99059],[-2.76298,51.99002],[-2.76538,51.99091],[-2.76842,51.99267],[-2.76778,51.9932],[-2.77124,51.99363],[-2.77286,51.99448],[-2.7732,51.99504],[-2.77266,51.99603],[-2.77257,51.99797],[-2.77102,51.99728],[-2.76936,51.99794],[-2.76556,51.9987],[-2.76427,51.99865],[-2.76271,51.99941],[-2.76065,51.99991],[-2.75954,52.00007],[-2.75784,51.99981],[-2.75841,52.00113],[-2.76038,52.00129],[-2.76108,52.00206],[-2.76271,52.00181],[-2.76414,52.00217],[-2.76549,52.00339],[-2.7646,52.00443],[-2.76325,52.00503],[-2.76292,52.00619],[-2.76498,52.00613],[-2.76715,52.00564],[-2.76851,52.00707],[-2.77591,52.00826],[-2.7767,52.00873],[-2.77311,52.00933],[-2.77157,52.0114],[-2.77016,52.01231],[-2.76934,52.01339],[-2.76458,52.01636],[-2.76556,52.01784],[-2.76505,52.0192],[-2.76618,52.01937],[-2.76899,52.01892],[-2.76969,52.01977],[-2.77006,52.02187],[-2.77101,52.02204],[-2.7705,52.02283],[-2.77068,52.02612],[-2.77025,52.02611],[-2.76943,52.02697],[-2.76976,52.02853],[-2.77074,52.02925],[-2.76813,52.03094],[-2.76509,52.0322],[-2.76155,52.0319],[-2.76039,52.03119],[-2.75754,52.03275],[-2.7557,52.03462],[-2.75327,52.03498],[-2.75266,52.03564],[-2.75132,52.03615],[-2.74994,52.0381],[-2.74872,52.03857],[-2.74871,52.03824],[-2.74778,52.03794],[-2.74714,52.0364],[-2.74472,52.03319],[-2.74331,52.03255],[-2.74111,52.03207],[-2.73948,52.03296],[-2.73756,52.03226],[-2.73601,52.03113],[-2.73508,52.03164],[-2.73386,52.03097],[-2.73442,52.03049],[-2.7301,52.02838],[-2.72691,52.0296],[-2.72344,52.03047],[-2.71675,52.0314],[-2.71421,52.03212],[-2.71256,52.03298],[-2.71112,52.03405],[-2.71096,52.03496],[-2.70972,52.03533],[-2.71067,52.03623],[-2.71026,52.03668],[-2.70317,52.03712],[-2.69993,52.0379],[-2.69815,52.03875],[-2.69637,52.04017],[-2.69513,52.04239],[-2.69528,52.04468],[-2.69644,52.04644],[-2.69819,52.04571],[-2.69961,52.04659],[-2.70035,52.04765],[-2.70002,52.0484],[-2.69915,52.04898],[-2.6978,52.04925],[-2.69289,52.04796]]]}},{"type":"Feature","properties":{"id":"E01014027","name":"E01014027","parent":"E06000019","type":"LSOA","pop":1559,"r":2,"ff":1,"ffd":64.1,"ffs":0.5,"g":0,"co":1,"mo":3,"sa":3,"ic":3},"geometry":{"type":"Polygon","coordinates":[[[-2.42649,52.11166],[-2.42311,52.11116],[-2.42254,52.10924],[-2.42324,52.10855],[-2.42318,52.10808],[-2.42157,52.10745],[-2.42103,52.10761],[-2.41742,52.10718],[-2.41616,52.10615],[-2.41603,52.10503],[-2.4153,52.10421],[-2.41403,52.10447],[-2.41251,52.10428],[-2.4114,52.10447],[-2.4088,52.10333],[-2.40918,52.1019],[-2.40831,52.10151],[-2.40801,52.10174],[-2.40641,52.10098],[-2.40662,52.09982],[-2.4082,52.09892],[-2.40815,52.09785],[-2.40783,52.09781],[-2.40918,52.0938],[-2.4089,52.09247],[-2.40137,52.09188],[-2.40016,52.09276],[-2.39618,52.09102],[-2.39497,52.09312],[-2.38942,52.09191],[-2.3864,52.08928],[-2.38617,52.08876],[-2.38662,52.08814],[-2.3851,52.08803],[-2.38503,52.08623],[-2.38577,52.08554],[-2.38555,52.0843],[-2.38629,52.08374],[-2.38561,52.08247],[-2.38606,52.08118],[-2.38961,52.08039],[-2.39411,52.08095],[-2.39437,52.08015],[-2.39702,52.08004],[-2.39711,52.07939],[-2.39773,52.07954],[-2.39816,52.07923],[-2.39844,52.07604],[-2.40299,52.07452],[-2.40375,52.07292],[-2.40572,52.0717],[-2.40706,52.07191],[-2.41069,52.06917],[-2.41138,52.06805],[-2.41135,52.06715],[-2.40889,52.06241],[-2.41227,52.06166],[-2.41167,52.06056],[-2.4139,52.06104],[-2.41499,52.06077],[-2.41553,52.06095],[-2.41898,52.0581],[-2.42196,52.05642],[-2.42286,52.0546],[-2.42357,52.05417],[-2.42487,52.05427],[-2.42713,52.05576],[-2.42872,52.05609],[-2.43103,52.05568],[-2.43281,52.05501],[-2.43466,52.05469],[-2.4363,52.05386],[-2.43835,52.05369],[-2.44033,52.05579],[-2.44186,52.05666],[-2.44299,52.05856],[-2.44294,52.06077],[-2.44469,52.06108],[-2.44486,52.06234],[-2.44643,52.06573],[-2.45199,52.07059],[-2.45307,52.07089],[-2.45686,52.07059],[-2.45881,52.07102],[-2.46768,52.0689],[-2.46763,52.06826],[-2.47004,52.06725],[-2.47061,52.06726],[-2.47125,52.06778],[-2.47215,52.06899],[-2.47534,52.06869],[-2.47654,52.06823],[-2.48042,52.06761],[-2.48192,52.06824],[-2.48529,52.06724],[-2.48775,52.06723],[-2.48891,52.06794],[-2.48982,52.06909],[-2.49306,52.07159],[-2.49477,52.07379],[-2.49505,52.07514],[-2.49604,52.07585],[-2.49564,52.07673],[-2.49411,52.07739],[-2.49351,52.0769],[-2.49036,52.07871],[-2.48873,52.07999],[-2.48866,52.08125],[-2.48785,52.08417],[-2.48576,52.08547],[-2.4846,52.08546],[-2.484,52.08576],[-2.48227,52.0873],[-2.48246,52.08829],[-2.48385,52.08906],[-2.48367,52.09005],[-2.48267,52.09125],[-2.48206,52.09326],[-2.48084,52.09391],[-2.47933,52.09574],[-2.47887,52.09744],[-2.47485,52.09917],[-2.47159,52.09939],[-2.47202,52.10031],[-2.47009,52.10135],[-2.47045,52.10362],[-2.46931,52.10494],[-2.46676,52.10665],[-2.46516,52.10664],[-2.46528,52.10724],[-2.46222,52.10762],[-2.45894,52.10733],[-2.45336,52.10768],[-2.4526,52.10748],[-2.45065,52.10759],[-2.44995,52.10778],[-2.44967,52.1083],[-2.44909,52.10828],[-2.44873,52.1077],[-2.44933,52.10721],[-2.44816,52.10672],[-2.44806,52.10638],[-2.44729,52.10692],[-2.44565,52.10711],[-2.44412,52.10771],[-2.44217,52.10772],[-2.44048,52.10873],[-2.43665,52.10974],[-2.43337,52.10896],[-2.43071,52.11117],[-2.42766,52.11132],[-2.42649,52.11166]]]}},{"type":"Feature","properties":{"id":"E01014028","name":"E01014028","parent":"E06000019","type":"LSOA","pop":1499,"r":10,"ff":6,"ffd":400.3,"ffs":0.6,"g":0,"co":3,"mo":3,"sa":3,"ic":1},"geometry":{"type":"Polygon","coordinates":[[[-2.41548,52.14588],[-2.41519,52.14524],[-2.41325,52.14527],[-2.41151,52.14573],[-2.40887,52.14595],[-2.40947,52.14431],[-2.40383,52.14133],[-2.40165,52.13839],[-2.39958,52.13799],[-2.39463,52.13614],[-2.39317,52.13497],[-2.39438,52.13141],[-2.3956,52.13023],[-2.39621,52.13015],[-2.394,52.12838],[-2.3933,52.12864],[-2.39104,52.12749],[-2.3956,52.12575],[-2.39652,52.12476],[-2.39789,52.12475],[-2.4,52.12643],[-2.40106,52.12579],[-2.40283,52.12533],[-2.40313,52.12641],[-2.40284,52.12782],[-2.40455,52.12772],[-2.40704,52.12596],[-2.40783,52.12472],[-2.40727,52.12358],[-2.40588,52.12244],[-2.40535,52.11854],[-2.40453,52.11705],[-2.40521,52.11676],[-2.40474,52.11627],[-2.40243,52.11637],[-2.40006,52.1144],[-2.39909,52.11447],[-2.39863,52.11504],[-2.39729,52.11452],[-2.39051,52.11611],[-2.38523,52.11674],[-2.38411,52.11722],[-2.38199,52.11747],[-2.3819,52.11713],[-2.37488,52.11641],[-2.36984,52.11722],[-2.35926,52.1204],[-2.35454,52.11938],[-2.35337,52.11656],[-2.35261,52.11387],[-2.35267,52.1136],[-2.3538,52.11352],[-2.35332,52.11236],[-2.35159,52.10972],[-2.34999,52.10609],[-2.35013,52.10416],[-2.3506,52.10367],[-2.35215,52.10349],[-2.35181,52.10273],[-2.35139,52.10263],[-2.3515,52.10194],[-2.35044,52.10011],[-2.34959,52.09944],[-2.34912,52.09565],[-2.34299,52.09536],[-2.34111,52.0957],[-2.34046,52.09601],[-2.34078,52.09643],[-2.34037,52.09651],[-2.3383,52.09545],[-2.3382,52.09092],[-2.33797,52.08975],[-2.3385,52.08751],[-2.3408,52.08805],[-2.34066,52.08595],[-2.34164,52.08544],[-2.34179,52.08598],[-2.34185,52.08341],[-2.3428,52.08329],[-2.34291,52.08275],[-2.34222,52.08162],[-2.34283,52.08135],[-2.34358,52.0822],[-2.3452,52.08185],[-2.34619,52.08218],[-2.34684,52.08191],[-2.34445,52.08008],[-2.3447,52.07967],[-2.35036,52.07892],[-2.35255,52.08085],[-2.35201,52.08269],[-2.3537,52.08333],[-2.35612,52.0829],[-2.35645,52.08249],[-2.35581,52.08238],[-2.35655,52.08175],[-2.35792,52.08224],[-2.35911,52.08175],[-2.35974,52.08186],[-2.35977,52.08282],[-2.3608,52.08279],[-2.36249,52.0822],[-2.36267,52.08176],[-2.36736,52.08025],[-2.36623,52.08251],[-2.36774,52.08254],[-2.36806,52.08382],[-2.37008,52.08291],[-2.37469,52.08492],[-2.37527,52.08938],[-2.37624,52.08817],[-2.37785,52.08725],[-2.38662,52.08814],[-2.38617,52.08876],[-2.3864,52.08928],[-2.38942,52.09191],[-2.39497,52.09312],[-2.39618,52.09102],[-2.40016,52.09276],[-2.40137,52.09188],[-2.4089,52.09247],[-2.40918,52.0938],[-2.40783,52.09781],[-2.40815,52.09785],[-2.4082,52.09892],[-2.40662,52.09982],[-2.40641,52.10098],[-2.40801,52.10174],[-2.40831,52.10151],[-2.40918,52.1019],[-2.4088,52.10333],[-2.4114,52.10447],[-2.41251,52.10428],[-2.41403,52.10447],[-2.4153,52.10421],[-2.41603,52.10503],[-2.41616,52.10615],[-2.41742,52.10718],[-2.42103,52.10761],[-2.42157,52.10745],[-2.42318,52.10808],[-2.42324,52.10855],[-2.42254,52.10924],[-2.42311,52.11116],[-2.42649,52.11166],[-2.42766,52.11132],[-2.43071,52.11117],[-2.43337,52.10896],[-2.43665,52.10974],[-2.44048,52.10873],[-2.44217,52.10772],[-2.44412,52.10771],[-2.44565,52.10711],[-2.44729,52.10692],[-2.44806,52.10638],[-2.44816,52.10672],[-2.44933,52.10721],[-2.44873,52.1077],[-2.44909,52.10828],[-2.44867,52.10897],[-2.44888,52.10945],[-2.44832,52.10987],[-2.44839,52.11086],[-2.44784,52.11121],[-2.44837,52.11162],[-2.44757,52.11248],[-2.44715,52.11233],[-2.44655,52.11262],[-2.44642,52.11351],[-2.44944,52.11508],[-2.44995,52.11574],[-2.44881,52.11683],[-2.44962,52.1178],[-2.44948,52.11813],[-2.45011,52.11897],[-2.45295,52.12017],[-2.45291,52.12058],[-2.45479,52.12232],[-2.45476,52.12292],[-2.45261,52.12379],[-2.45145,52.12392],[-2.45109,52.1245],[-2.44583,52.12643],[-2.44507,52.12544],[-2.442,52.12626],[-2.43951,52.1252],[-2.43875,52.12568],[-2.43825,52.12695],[-2.43524,52.12718],[-2.43327,52.12836],[-2.43168,52.12839],[-2.42666,52.13142],[-2.42649,52.13264],[-2.42384,52.13497],[-2.42716,52.13592],[-2.42539,52.13677],[-2.42701,52.13822],[-2.42944,52.1378],[-2.43139,52.13807],[-2.43182,52.13743],[-2.43388,52.13637],[-2.43613,52.13713],[-2.4402,52.13692],[-2.44324,52.13731],[-2.44398,52.13717],[-2.44628,52.13835],[-2.44682,52.13936],[-2.44348,52.14134],[-2.43841,52.14279],[-2.4357,52.14396],[-2.43329,52.14446],[-2.42828,52.14656],[-2.42824,52.14819],[-2.42775,52.14899],[-2.42609,52.14964],[-2.42473,52.15061],[-2.42231,52.1514],[-2.42132,52.14962],[-2.41767,52.14756],[-2.41548,52.14588]]]}},{"type":"Feature","properties":{"id":"E01014029","name":"E01014029","parent":"E06000019","type":"LSOA","pop":1493,"r":11,"ff":6,"ffd":401.9,"ffs":0.5455,"g":0,"co":3,"mo":3,"sa":3,"ic":1},"geometry":{"type":"Polygon","coordinates":[[[-2.37527,52.08938],[-2.37469,52.08492],[-2.37008,52.08291],[-2.36806,52.08382],[-2.36774,52.08254],[-2.36623,52.08251],[-2.36736,52.08025],[-2.36267,52.08176],[-2.36249,52.0822],[-2.3608,52.08279],[-2.35977,52.08282],[-2.35974,52.08186],[-2.35911,52.08175],[-2.35792,52.08224],[-2.35655,52.08175],[-2.35581,52.08238],[-2.35645,52.08249],[-2.35612,52.0829],[-2.3537,52.08333],[-2.35201,52.08269],[-2.35255,52.08085],[-2.35036,52.07892],[-2.3447,52.07967],[-2.34445,52.08008],[-2.34684,52.08191],[-2.34619,52.08218],[-2.3452,52.08185],[-2.34358,52.0822],[-2.34283,52.08135],[-2.34222,52.08162],[-2.34291,52.08275],[-2.3428,52.08329],[-2.34185,52.08341],[-2.34179,52.08598],[-2.34164,52.08544],[-2.34066,52.08595],[-2.3408,52.08805],[-2.3385,52.08751],[-2.33816,52.08589],[-2.33873,52.08254],[-2.33851,52.08038],[-2.3405,52.07854],[-2.34005,52.0759],[-2.3392,52.07453],[-2.33991,52.07145],[-2.33926,52.06971],[-2.34134,52.06409],[-2.34438,52.06113],[-2.34746,52.06161],[-2.34969,52.05787],[-2.35085,52.05737],[-2.35152,52.05645],[-2.35259,52.05618],[-2.36124,52.05714],[-2.36313,52.05759],[-2.36537,52.05751],[-2.37013,52.05789],[-2.37612,52.05721],[-2.38388,52.05725],[-2.39401,52.0586],[-2.3961,52.05858],[-2.39641,52.05817],[-2.40142,52.05811],[-2.40374,52.05917],[-2.40509,52.05923],[-2.40512,52.05958],[-2.40593,52.05974],[-2.40571,52.06008],[-2.40793,52.06076],[-2.41135,52.06715],[-2.41138,52.06805],[-2.41069,52.06917],[-2.40706,52.07191],[-2.40572,52.0717],[-2.40375,52.07292],[-2.40299,52.07452],[-2.39844,52.07604],[-2.39816,52.07923],[-2.39773,52.07954],[-2.39711,52.07939],[-2.39702,52.08004],[-2.39437,52.08015],[-2.39411,52.08095],[-2.38961,52.08039],[-2.38606,52.08118],[-2.38561,52.08247],[-2.38629,52.08374],[-2.38555,52.0843],[-2.38577,52.08554],[-2.38503,52.08623],[-2.3851,52.08803],[-2.37785,52.08725],[-2.37624,52.08817],[-2.37527,52.08938]]]}},{"type":"Feature","properties":{"id":"E01014030","name":"E01014030","parent":"E06000019","type":"LSOA","pop":1479,"r":7,"ff":4,"ffd":270.5,"ffs":0.5714,"g":0,"co":1,"mo":1,"sa":1,"ic":1},"geometry":{"type":"Polygon","coordinates":[[[-2.37592,52.15297],[-2.37474,52.15263],[-2.37267,52.15263],[-2.3717,52.15211],[-2.37005,52.15217],[-2.36653,52.15153],[-2.36515,52.15099],[-2.36252,52.15114],[-2.35872,52.1519],[-2.35645,52.14847],[-2.3514,52.14462],[-2.35177,52.14447],[-2.35183,52.14283],[-2.35121,52.14185],[-2.35017,52.14089],[-2.34969,52.14122],[-2.34957,52.13966],[-2.34855,52.13816],[-2.34836,52.1367],[-2.34465,52.13259],[-2.35054,52.12912],[-2.35277,52.12852],[-2.35445,52.12872],[-2.35555,52.12822],[-2.35632,52.12564],[-2.3559,52.12481],[-2.3562,52.12416],[-2.35539,52.12307],[-2.3556,52.12186],[-2.35454,52.11938],[-2.35926,52.1204],[-2.36984,52.11722],[-2.37488,52.11641],[-2.3819,52.11713],[-2.38199,52.11747],[-2.38411,52.11722],[-2.38523,52.11674],[-2.39051,52.11611],[-2.39729,52.11452],[-2.39863,52.11504],[-2.39909,52.11447],[-2.40006,52.1144],[-2.40243,52.11637],[-2.40474,52.11627],[-2.40521,52.11676],[-2.40453,52.11705],[-2.40535,52.11854],[-2.40588,52.12244],[-2.40727,52.12358],[-2.40783,52.12472],[-2.40704,52.12596],[-2.40455,52.12772],[-2.40284,52.12782],[-2.40313,52.12641],[-2.40283,52.12533],[-2.40106,52.12579],[-2.4,52.12643],[-2.39789,52.12475],[-2.39652,52.12476],[-2.3956,52.12575],[-2.39104,52.12749],[-2.3933,52.12864],[-2.394,52.12838],[-2.39621,52.13015],[-2.3956,52.13023],[-2.39438,52.13141],[-2.39317,52.13497],[-2.39463,52.13614],[-2.39958,52.13799],[-2.40165,52.13839],[-2.40383,52.14133],[-2.40947,52.14431],[-2.40887,52.14595],[-2.40674,52.14595],[-2.40186,52.14809],[-2.40019,52.14826],[-2.39672,52.1477],[-2.3946,52.14679],[-2.39287,52.14717],[-2.39174,52.14918],[-2.39042,52.15],[-2.38988,52.15095],[-2.38863,52.15061],[-2.38806,52.15205],[-2.38636,52.15261],[-2.38449,52.15381],[-2.38129,52.15423],[-2.37932,52.15511],[-2.37793,52.15465],[-2.37592,52.15297]]]}},{"type":"Feature","properties":{"id":"E01014031","name":"E01014031","parent":"E06000019","type":"LSOA","pop":1670,"r":5,"ff":4,"ffd":239.5,"ffs":0.8,"g":0,"co":3,"mo":3,"sa":3,"ic":3},"geometry":{"type":"Polygon","coordinates":[[[-2.60574,51.87454],[-2.6059,51.87286],[-2.60687,51.87166],[-2.61185,51.86929],[-2.613,51.86839],[-2.6129,51.86732],[-2.61115,51.86639],[-2.61292,51.86547],[-2.61402,51.86555],[-2.61567,51.86675],[-2.61661,51.86581],[-2.61642,51.86471],[-2.61502,51.86359],[-2.61597,51.86125],[-2.61728,51.86221],[-2.61778,51.86378],[-2.61716,51.86465],[-2.6178,51.86492],[-2.6174,51.86604],[-2.618,51.86585],[-2.62041,51.86654],[-2.62179,51.86561],[-2.6212,51.86701],[-2.6198,51.86865],[-2.62043,51.86843],[-2.62103,51.86881],[-2.62315,51.86818],[-2.62432,51.8688],[-2.62488,51.86799],[-2.62559,51.86772],[-2.62716,51.8678],[-2.62687,51.86585],[-2.62469,51.86533],[-2.62341,51.86541],[-2.62229,51.86449],[-2.62376,51.86322],[-2.61919,51.85812],[-2.61835,51.85849],[-2.61834,51.85793],[-2.6208,51.85601],[-2.62205,51.85025],[-2.6242,51.84703],[-2.62487,51.84524],[-2.62763,51.84201],[-2.62882,51.83914],[-2.62976,51.83876],[-2.63091,51.83917],[-2.63293,51.84031],[-2.63572,51.84286],[-2.63671,51.8431],[-2.63562,51.84043],[-2.63838,51.83756],[-2.64047,51.83623],[-2.64105,51.8366],[-2.64386,51.83413],[-2.64724,51.82785],[-2.64838,51.82681],[-2.65023,51.82615],[-2.65217,51.82595],[-2.65436,51.82615],[-2.65648,51.82671],[-2.65738,51.82728],[-2.65798,51.82877],[-2.65763,51.83178],[-2.65828,51.83278],[-2.66014,51.8337],[-2.66616,51.83565],[-2.66933,51.83605],[-2.67682,51.83635],[-2.67684,51.83675],[-2.67827,51.83696],[-2.6796,51.83755],[-2.68262,51.83777],[-2.68286,51.83846],[-2.68677,51.83638],[-2.6862,51.83605],[-2.687,51.83306],[-2.69307,51.83376],[-2.69342,51.8377],[-2.69553,51.84209],[-2.69732,51.84477],[-2.69903,51.84605],[-2.69819,51.84687],[-2.69816,51.84823],[-2.6955,51.84943],[-2.69478,51.85012],[-2.69664,51.85118],[-2.69738,51.85317],[-2.69633,51.85411],[-2.69871,51.85599],[-2.69841,51.85652],[-2.69571,51.85663],[-2.69302,51.8571],[-2.69268,51.85636],[-2.68617,51.85529],[-2.68351,51.85607],[-2.68099,51.85556],[-2.67773,51.85669],[-2.67803,51.85711],[-2.67212,51.86132],[-2.66833,51.86004],[-2.66932,51.86129],[-2.66922,51.86283],[-2.67035,51.86691],[-2.6691,51.86894],[-2.66804,51.8696],[-2.66291,51.87067],[-2.65804,51.87083],[-2.65699,51.87056],[-2.6562,51.87089],[-2.65555,51.86975],[-2.65491,51.86959],[-2.65484,51.86867],[-2.65273,51.86818],[-2.64975,51.86798],[-2.64947,51.8684],[-2.64883,51.8685],[-2.64879,51.86903],[-2.64218,51.86898],[-2.64163,51.86924],[-2.63847,51.87312],[-2.63681,51.87364],[-2.63638,51.87344],[-2.63555,51.87397],[-2.63421,51.87641],[-2.63329,51.87713],[-2.63154,51.87974],[-2.63134,51.8807],[-2.6327,51.88262],[-2.63094,51.8838],[-2.62888,51.88428],[-2.62854,51.88476],[-2.62507,51.88335],[-2.62198,51.88025],[-2.61621,51.87864],[-2.60937,51.87799],[-2.60762,51.87742],[-2.6063,51.87619],[-2.60574,51.87454]]]}},{"type":"Feature","properties":{"id":"E01014032","name":"E01014032","parent":"E06000019","type":"LSOA","pop":1522,"r":11,"ff":6,"ffd":394.2,"ffs":0.5455,"g":0,"co":3,"mo":3,"sa":3,"ic":3},"geometry":{"type":"Polygon","coordinates":[[[-2.61286,51.90665],[-2.60927,51.90664],[-2.60786,51.90732],[-2.60484,51.90605],[-2.60261,51.90575],[-2.60188,51.90512],[-2.59895,51.90412],[-2.59116,51.90272],[-2.59258,51.90096],[-2.59214,51.90038],[-2.59031,51.90062],[-2.58949,51.89741],[-2.58804,51.89963],[-2.58506,51.90229],[-2.58278,51.90029],[-2.58224,51.8976],[-2.58173,51.8971],[-2.58013,51.89646],[-2.57806,51.89728],[-2.57708,51.89813],[-2.57603,51.89803],[-2.57157,51.89895],[-2.57096,51.89816],[-2.56744,51.89586],[-2.56523,51.89609],[-2.55922,51.89743],[-2.55526,51.89698],[-2.55335,51.89579],[-2.55183,51.89544],[-2.55217,51.89496],[-2.55185,51.89361],[-2.55292,51.89327],[-2.55324,51.89019],[-2.55225,51.89004],[-2.55085,51.88928],[-2.55018,51.8902],[-2.54816,51.8905],[-2.54635,51.88986],[-2.54884,51.88949],[-2.54994,51.88882],[-2.55074,51.88466],[-2.55355,51.88082],[-2.55429,51.87905],[-2.55632,51.87755],[-2.55589,51.8768],[-2.55739,51.87609],[-2.5544,51.8733],[-2.55193,51.86941],[-2.54893,51.86665],[-2.54004,51.86235],[-2.53775,51.8617],[-2.53442,51.86137],[-2.53408,51.86039],[-2.53589,51.86045],[-2.5389,51.86017],[-2.5441,51.86026],[-2.54671,51.86079],[-2.54829,51.86204],[-2.55009,51.86277],[-2.55316,51.86306],[-2.5564,51.86291],[-2.55878,51.86388],[-2.56183,51.86428],[-2.56352,51.86386],[-2.564,51.86341],[-2.56813,51.86261],[-2.56935,51.86302],[-2.57307,51.86249],[-2.5761,51.86255],[-2.5777,51.86143],[-2.58064,51.86167],[-2.58338,51.86064],[-2.58428,51.86061],[-2.58522,51.85993],[-2.5831,51.85823],[-2.57952,51.85438],[-2.57881,51.85321],[-2.57882,51.85185],[-2.58052,51.85044],[-2.58211,51.84973],[-2.5862,51.84979],[-2.58895,51.85135],[-2.59162,51.85419],[-2.59307,51.85521],[-2.59619,51.85622],[-2.59954,51.85653],[-2.60122,51.85622],[-2.60444,51.85466],[-2.6064,51.85203],[-2.6095,51.84676],[-2.6154,51.84547],[-2.62159,51.84332],[-2.62447,51.83949],[-2.62514,51.83909],[-2.62637,51.83887],[-2.62882,51.83914],[-2.62763,51.84201],[-2.62487,51.84524],[-2.6242,51.84703],[-2.62205,51.85025],[-2.6208,51.85601],[-2.61834,51.85793],[-2.61835,51.85849],[-2.61919,51.85812],[-2.62376,51.86322],[-2.62229,51.86449],[-2.62341,51.86541],[-2.62469,51.86533],[-2.62687,51.86585],[-2.62716,51.8678],[-2.62559,51.86772],[-2.62488,51.86799],[-2.62432,51.8688],[-2.62315,51.86818],[-2.62103,51.86881],[-2.62043,51.86843],[-2.6198,51.86865],[-2.6212,51.86701],[-2.62179,51.86561],[-2.62041,51.86654],[-2.618,51.86585],[-2.6174,51.86604],[-2.6178,51.86492],[-2.61716,51.86465],[-2.61778,51.86378],[-2.61728,51.86221],[-2.61597,51.86125],[-2.61502,51.86359],[-2.61642,51.86471],[-2.61661,51.86581],[-2.61567,51.86675],[-2.61402,51.86555],[-2.61292,51.86547],[-2.61115,51.86639],[-2.6129,51.86732],[-2.613,51.86839],[-2.61185,51.86929],[-2.60687,51.87166],[-2.6059,51.87286],[-2.60574,51.87454],[-2.6063,51.87619],[-2.60762,51.87742],[-2.60937,51.87799],[-2.61621,51.87864],[-2.62198,51.88025],[-2.62507,51.88335],[-2.62854,51.88476],[-2.631,51.88546],[-2.63246,51.8865],[-2.63211,51.88709],[-2.62946,51.8882],[-2.62906,51.88914],[-2.62948,51.88988],[-2.63222,51.89184],[-2.63279,51.89384],[-2.63242,51.8948],[-2.63153,51.89558],[-2.62875,51.89666],[-2.62287,51.89808],[-2.6211,51.89904],[-2.61967,51.90048],[-2.61884,51.9027],[-2.62031,51.90482],[-2.62045,51.906],[-2.6173,51.90914],[-2.61627,51.90944],[-2.61554,51.90922],[-2.61386,51.90715],[-2.61286,51.90665]]]}},{"type":"Feature","properties":{"id":"E01014033","name":"E01014033","parent":"E06000019","type":"LSOA","pop":1771,"r":0,"ff":0,"ffd":0.0,"ffs":null,"g":0,"co":1,"mo":3,"sa":3,"ic":3},"geometry":{"type":"Polygon","coordinates":[[[-3.05525,52.23762],[-3.05386,52.23567],[-3.05052,52.2365],[-3.04931,52.23639],[-3.04712,52.23676],[-3.04534,52.23631],[-3.04479,52.23564],[-3.0433,52.23513],[-3.04192,52.23521],[-3.04037,52.23571],[-3.03805,52.23574],[-3.03768,52.23474],[-3.03916,52.23418],[-3.03992,52.23426],[-3.04166,52.23335],[-3.0437,52.23285],[-3.04738,52.23132],[-3.04849,52.23112],[-3.05182,52.23146],[-3.05185,52.23087],[-3.0506,52.22954],[-3.0509,52.22891],[-3.0498,52.22797],[-3.04814,52.22734],[-3.04661,52.22699],[-3.04562,52.22815],[-3.04403,52.22848],[-3.04177,52.22981],[-3.03943,52.22911],[-3.03157,52.2295],[-3.03234,52.23161],[-3.02847,52.23172],[-3.02833,52.23261],[-3.02234,52.23192],[-3.02076,52.232],[-3.01632,52.23061],[-3.01579,52.22968],[-3.01312,52.22798],[-3.01338,52.22588],[-3.01253,52.22509],[-3.01039,52.22453],[-3.01039,52.22417],[-3.008,52.22329],[-3.00672,52.22242],[-3.00644,52.22123],[-3.00606,52.22128],[-3.00462,52.21976],[-3.00194,52.21847],[-3.00072,52.21747],[-2.99962,52.2176],[-2.99818,52.21725],[-2.99786,52.21676],[-2.99637,52.21632],[-2.99505,52.21675],[-2.9933,52.21673],[-2.99104,52.21756],[-2.99081,52.21707],[-2.99163,52.21593],[-2.99277,52.2161],[-2.99339,52.2145],[-2.99412,52.21397],[-2.99495,52.21287],[-2.99458,52.21184],[-2.99566,52.21022],[-2.99616,52.20832],[-3.00168,52.2094],[-3.0053,52.20782],[-3.0081,52.20876],[-3.0087,52.20865],[-3.00913,52.20792],[-3.01101,52.20832],[-3.01195,52.20799],[-3.01299,52.20817],[-3.01535,52.2077],[-3.01477,52.20721],[-3.01646,52.20586],[-3.01731,52.20463],[-3.0179,52.2042],[-3.0188,52.20423],[-3.01929,52.20365],[-3.01983,52.20401],[-3.01992,52.20345],[-3.01905,52.20331],[-3.01895,52.20287],[-3.02042,52.20263],[-3.02139,52.20195],[-3.02112,52.20079],[-3.0217,52.19967],[-3.02093,52.19851],[-3.01854,52.19846],[-3.01722,52.19791],[-3.01496,52.1961],[-3.0138,52.1941],[-3.01038,52.19289],[-3.00991,52.19241],[-3.01164,52.18981],[-3.00976,52.1887],[-3.00941,52.18778],[-3.01099,52.18745],[-3.01199,52.18684],[-3.01192,52.18646],[-3.01097,52.18584],[-3.01093,52.18505],[-3.00948,52.18339],[-3.00449,52.18074],[-3.00589,52.18015],[-3.00839,52.18031],[-3.01236,52.1799],[-3.01377,52.17913],[-3.0184,52.17843],[-3.0243,52.1767],[-3.02775,52.17476],[-3.03122,52.17212],[-3.03337,52.17169],[-3.03492,52.17096],[-3.03268,52.16903],[-3.03306,52.16889],[-3.03264,52.16832],[-3.03315,52.16764],[-3.03365,52.16808],[-3.03755,52.16675],[-3.04081,52.16304],[-3.04415,52.16196],[-3.04505,52.16128],[-3.04421,52.16033],[-3.04529,52.16094],[-3.0466,52.16055],[-3.04857,52.16136],[-3.0511,52.16171],[-3.05382,52.16088],[-3.05584,52.161],[-3.05892,52.15883],[-3.06151,52.15789],[-3.06226,52.15867],[-3.06214,52.15986],[-3.06049,52.16025],[-3.06108,52.16159],[-3.05759,52.16187],[-3.05856,52.16291],[-3.06151,52.16409],[-3.06236,52.16568],[-3.06392,52.16681],[-3.06494,52.16721],[-3.06796,52.16751],[-3.06924,52.16806],[-3.07053,52.16775],[-3.07403,52.16952],[-3.07433,52.17075],[-3.07375,52.17166],[-3.07292,52.17149],[-3.07288,52.17201],[-3.0736,52.17217],[-3.0734,52.17295],[-3.07279,52.17329],[-3.07299,52.17378],[-3.07107,52.17494],[-3.07237,52.17617],[-3.07244,52.17794],[-3.07303,52.17821],[-3.07221,52.17856],[-3.07228,52.17901],[-3.07128,52.1791],[-3.07483,52.18215],[-3.07706,52.18312],[-3.07819,52.18316],[-3.0801,52.18388],[-3.08184,52.18347],[-3.08342,52.18387],[-3.08495,52.18383],[-3.08728,52.18326],[-3.08743,52.18352],[-3.08943,52.18368],[-3.09124,52.18347],[-3.09255,52.18411],[-3.09332,52.18387],[-3.09394,52.18423],[-3.09468,52.18384],[-3.09594,52.18373],[-3.09735,52.18433],[-3.09706,52.18684],[-3.09573,52.18981],[-3.09639,52.19471],[-3.0979,52.19767],[-3.09887,52.19811],[-3.10001,52.19937],[-3.10062,52.2014],[-3.10186,52.20254],[-3.10142,52.2027],[-3.10005,52.20222],[-3.09414,52.20375],[-3.09093,52.20578],[-3.08847,52.20651],[-3.08707,52.2073],[-3.0857,52.20886],[-3.08365,52.21015],[-3.08093,52.21073],[-3.07723,52.21316],[-3.07353,52.21351],[-3.07238,52.21286],[-3.07209,52.21309],[-3.07221,52.21501],[-3.07801,52.21604],[-3.07722,52.2191],[-3.07581,52.21967],[-3.07213,52.22285],[-3.07223,52.22335],[-3.07318,52.22375],[-3.07172,52.22583],[-3.07131,52.22761],[-3.07208,52.2287],[-3.07104,52.22871],[-3.07037,52.22924],[-3.07395,52.23407],[-3.07345,52.23536],[-3.07304,52.23588],[-3.07091,52.23596],[-3.06773,52.23677],[-3.06726,52.23651],[-3.06744,52.23624],[-3.06605,52.23582],[-3.06334,52.23674],[-3.06327,52.2363],[-3.05995,52.23637],[-3.05998,52.23605],[-3.05868,52.23608],[-3.05525,52.23762]],[[-3.03655,52.20592],[-3.03595,52.20521],[-3.03406,52.2053],[-3.0334,52.20473],[-3.03892,52.2031],[-3.03805,52.20221],[-3.03993,52.20147],[-3.04026,52.2007],[-3.03993,52.19949],[-3.03943,52.19953],[-3.03877,52.20024],[-3.03795,52.20019],[-3.03774,52.20047],[-3.03623,52.19964],[-3.03412,52.2003],[-3.03242,52.20008],[-3.03188,52.20029],[-3.03179,52.20167],[-3.03226,52.20207],[-3.03198,52.20244],[-3.0325,52.20268],[-3.03215,52.20286],[-3.03129,52.20243],[-3.02925,52.20239],[-3.02948,52.2033],[-3.02895,52.20379],[-3.02689,52.20211],[-3.02574,52.20308],[-3.02634,52.20394],[-3.02584,52.20411],[-3.02588,52.20472],[-3.02659,52.20457],[-3.02726,52.20492],[-3.02645,52.20488],[-3.0226,52.2062],[-3.02205,52.20607],[-3.02157,52.20657],[-3.02256,52.20633],[-3.025,52.20667],[-3.02619,52.2072],[-3.0277,52.20742],[-3.03176,52.20652],[-3.03435,52.20639],[-3.03655,52.20592]]]}},{"type":"Feature","properties":{"id":"E01014034","name":"E01014034","parent":"E06000019","type":"LSOA","pop":1467,"r":0,"ff":0,"ffd":0.0,"ffs":null,"g":0,"co":1,"mo":3,"sa":3,"ic":3},"geometry":{"type":"Polygon","coordinates":[[[-3.025,52.20667],[-3.02256,52.20633],[-3.02157,52.20657],[-3.02205,52.20607],[-3.0226,52.2062],[-3.02645,52.20488],[-3.02726,52.20492],[-3.02659,52.20457],[-3.02588,52.20472],[-3.02584,52.20411],[-3.02634,52.20394],[-3.02574,52.20308],[-3.02689,52.20211],[-3.02895,52.20379],[-3.02948,52.2033],[-3.02925,52.20239],[-3.03129,52.20243],[-3.03215,52.20286],[-3.0325,52.20268],[-3.03198,52.20244],[-3.03226,52.20207],[-3.03179,52.20167],[-3.03188,52.20029],[-3.03242,52.20008],[-3.03412,52.2003],[-3.03623,52.19964],[-3.03774,52.20047],[-3.03795,52.20019],[-3.03877,52.20024],[-3.03943,52.19953],[-3.03993,52.19949],[-3.04026,52.2007],[-3.03993,52.20147],[-3.03805,52.20221],[-3.03892,52.2031],[-3.0334,52.20473],[-3.03406,52.2053],[-3.03595,52.20521],[-3.03655,52.20592],[-3.03435,52.20639],[-3.03176,52.20652],[-3.0277,52.20742],[-3.02619,52.2072],[-3.025,52.20667]]]}},{"type":"Feature","properties":{"id":"E01014035","name":"E01014035","parent":"E06000019","type":"LSOA","pop":1738,"r":2,"ff":1,"ffd":57.5,"ffs":0.5,"g":0,"co":1,"mo":3,"sa":3,"ic":1},"geometry":{"type":"Polygon","coordinates":[[[-2.42419,52.03988],[-2.42362,52.03895],[-2.42176,52.03928],[-2.42118,52.03882],[-2.41968,52.03924],[-2.4199,52.03865],[-2.41898,52.03755],[-2.42079,52.03662],[-2.42165,52.03658],[-2.42236,52.03582],[-2.42377,52.03625],[-2.42512,52.03592],[-2.42558,52.03539],[-2.42686,52.03528],[-2.42649,52.03597],[-2.42732,52.03602],[-2.42738,52.03641],[-2.42914,52.0362],[-2.42991,52.03669],[-2.42963,52.03578],[-2.43006,52.03558],[-2.42991,52.03496],[-2.42896,52.03455],[-2.42822,52.03462],[-2.42977,52.03378],[-2.43114,52.03331],[-2.43165,52.03342],[-2.43453,52.03534],[-2.43575,52.03494],[-2.43576,52.0354],[-2.43751,52.03484],[-2.4383,52.03515],[-2.43899,52.03452],[-2.43823,52.03397],[-2.43872,52.03306],[-2.43933,52.03277],[-2.4403,52.03394],[-2.44036,52.03568],[-2.43907,52.03821],[-2.43862,52.03856],[-2.43804,52.03844],[-2.43594,52.03743],[-2.43314,52.03814],[-2.4328,52.03873],[-2.43174,52.03913],[-2.43133,52.0391],[-2.43147,52.03837],[-2.43075,52.03748],[-2.4295,52.03724],[-2.42865,52.03761],[-2.42872,52.03794],[-2.42827,52.03798],[-2.4281,52.03758],[-2.42675,52.03779],[-2.42697,52.03814],[-2.42509,52.03877],[-2.4253,52.03937],[-2.42522,52.03981],[-2.42419,52.03988]]]}},{"type":"Feature","properties":{"id":"E01014036","name":"E01014036","parent":"E06000019","type":"LSOA","pop":2122,"r":2,"ff":1,"ffd":47.1,"ffs":0.5,"g":0,"co":1,"mo":3,"sa":3,"ic":1},"geometry":{"type":"Polygon","coordinates":[[[-2.45881,52.07102],[-2.45686,52.07059],[-2.45307,52.07089],[-2.45199,52.07059],[-2.44643,52.06573],[-2.44486,52.06234],[-2.44469,52.06108],[-2.44294,52.06077],[-2.44299,52.05856],[-2.44186,52.05666],[-2.44033,52.05579],[-2.44275,52.05504],[-2.44316,52.05291],[-2.44238,52.05244],[-2.44225,52.0511],[-2.44169,52.05103],[-2.44122,52.05002],[-2.44035,52.04974],[-2.44086,52.04941],[-2.43843,52.04863],[-2.43821,52.04883],[-2.4384,52.04837],[-2.43788,52.04787],[-2.4382,52.0476],[-2.43702,52.04561],[-2.43726,52.04496],[-2.43783,52.04479],[-2.4354,52.04453],[-2.43853,52.03902],[-2.43858,52.03868],[-2.438,52.03857],[-2.43804,52.03844],[-2.43862,52.03856],[-2.43907,52.03821],[-2.44036,52.03568],[-2.4403,52.03394],[-2.43933,52.03277],[-2.43954,52.03249],[-2.43871,52.03226],[-2.43448,52.02899],[-2.43451,52.02876],[-2.43717,52.02857],[-2.43896,52.02798],[-2.43707,52.02629],[-2.43369,52.02721],[-2.43427,52.02841],[-2.43387,52.02892],[-2.42808,52.02683],[-2.42485,52.02661],[-2.42157,52.02736],[-2.41715,52.02891],[-2.41656,52.02884],[-2.41837,52.03031],[-2.41935,52.02983],[-2.42023,52.03026],[-2.42132,52.02933],[-2.42098,52.02908],[-2.42121,52.02863],[-2.42198,52.02862],[-2.42235,52.02807],[-2.42309,52.0281],[-2.42288,52.02824],[-2.42445,52.02757],[-2.42477,52.02796],[-2.42644,52.02797],[-2.42599,52.0282],[-2.42683,52.02916],[-2.42567,52.02929],[-2.42521,52.02807],[-2.42389,52.02825],[-2.4248,52.02871],[-2.42447,52.02929],[-2.42173,52.02981],[-2.4217,52.0303],[-2.42123,52.03046],[-2.42092,52.03025],[-2.42057,52.03045],[-2.42091,52.03075],[-2.42025,52.03075],[-2.41944,52.03122],[-2.42084,52.03227],[-2.41852,52.0331],[-2.42051,52.03397],[-2.42241,52.03359],[-2.42319,52.03462],[-2.4243,52.03497],[-2.42429,52.03566],[-2.42512,52.03592],[-2.42377,52.03625],[-2.42236,52.03582],[-2.42165,52.03658],[-2.42079,52.03662],[-2.41898,52.03755],[-2.4199,52.03865],[-2.41968,52.03924],[-2.42118,52.03882],[-2.42176,52.03928],[-2.42362,52.03895],[-2.42419,52.03988],[-2.42413,52.04022],[-2.42312,52.04024],[-2.42363,52.04302],[-2.42275,52.04331],[-2.42209,52.04144],[-2.42135,52.04088],[-2.42157,52.04364],[-2.42047,52.04419],[-2.41778,52.04452],[-2.41725,52.04395],[-2.41736,52.04343],[-2.41582,52.04279],[-2.41334,52.04404],[-2.41045,52.04392],[-2.41199,52.04139],[-2.41545,52.04034],[-2.41543,52.03976],[-2.41475,52.03901],[-2.41422,52.03895],[-2.4145,52.0384],[-2.41398,52.03842],[-2.41072,52.04261],[-2.41026,52.0439],[-2.40661,52.04572],[-2.40067,52.047],[-2.37723,52.04735],[-2.373,52.05112],[-2.36942,52.0534],[-2.3652,52.05516],[-2.36321,52.05549],[-2.36171,52.05501],[-2.36243,52.05582],[-2.36459,52.0565],[-2.36559,52.05717],[-2.36537,52.05751],[-2.36313,52.05759],[-2.36124,52.05714],[-2.35259,52.05618],[-2.35152,52.05645],[-2.35017,52.0547],[-2.35008,52.05372],[-2.34739,52.05302],[-2.34695,52.04993],[-2.34722,52.0494],[-2.34859,52.04891],[-2.34895,52.04802],[-2.34842,52.04256],[-2.34851,52.03797],[-2.34992,52.03652],[-2.34798,52.03582],[-2.34754,52.03322],[-2.34822,52.0319],[-2.35027,52.0308],[-2.35065,52.02996],[-2.35205,52.02486],[-2.35082,52.02247],[-2.35138,52.02136],[-2.35262,52.02036],[-2.35397,52.02007],[-2.35441,52.01968],[-2.35625,52.01969],[-2.35702,52.01922],[-2.36147,52.01818],[-2.36342,52.0181],[-2.3652,52.01748],[-2.36867,52.01729],[-2.37327,52.0165],[-2.37533,52.01599],[-2.37995,52.01385],[-2.38698,52.01217],[-2.39289,52.01296],[-2.39408,52.01179],[-2.3947,52.00987],[-2.39488,52.00675],[-2.39557,52.00575],[-2.3949,52.00469],[-2.3951,52.00373],[-2.39678,52.00107],[-2.39942,51.99932],[-2.39902,51.99615],[-2.40297,51.99614],[-2.41318,51.99409],[-2.41623,51.99416],[-2.41807,51.99459],[-2.42101,51.99424],[-2.42282,51.99434],[-2.4261,51.99556],[-2.4283,51.99585],[-2.4324,51.99601],[-2.43568,51.99659],[-2.43729,51.99717],[-2.43711,51.99757],[-2.43564,51.99794],[-2.43501,51.99896],[-2.43572,51.99939],[-2.43659,52.00129],[-2.43579,52.00157],[-2.43593,52.00244],[-2.43529,52.00234],[-2.43538,52.00289],[-2.43488,52.00326],[-2.4355,52.00359],[-2.43576,52.0043],[-2.43582,52.00488],[-2.43536,52.00509],[-2.43566,52.00558],[-2.43494,52.00566],[-2.43498,52.00627],[-2.43382,52.00685],[-2.43407,52.00729],[-2.43364,52.00788],[-2.43423,52.00858],[-2.4341,52.00955],[-2.43459,52.00972],[-2.43462,52.01016],[-2.43558,52.01047],[-2.43373,52.01228],[-2.4344,52.01257],[-2.43454,52.01314],[-2.43516,52.01307],[-2.43612,52.01457],[-2.43705,52.01495],[-2.43782,52.01434],[-2.44058,52.01446],[-2.44345,52.01511],[-2.44408,52.01574],[-2.44607,52.01527],[-2.44774,52.01577],[-2.45609,52.0148],[-2.46027,52.01564],[-2.46198,52.01448],[-2.46354,52.01441],[-2.46385,52.01476],[-2.46326,52.01535],[-2.4635,52.01561],[-2.46248,52.01625],[-2.46294,52.01709],[-2.4625,52.01735],[-2.46353,52.01817],[-2.46324,52.01855],[-2.46363,52.01883],[-2.46257,52.02032],[-2.46298,52.02123],[-2.46255,52.02191],[-2.4635,52.02229],[-2.46407,52.02327],[-2.4662,52.02372],[-2.46625,52.02729],[-2.46705,52.02912],[-2.46656,52.02959],[-2.46688,52.02976],[-2.46559,52.03053],[-2.4651,52.0305],[-2.46035,52.03858],[-2.46437,52.04129],[-2.46668,52.0424],[-2.46699,52.04211],[-2.46797,52.04226],[-2.46995,52.04302],[-2.47055,52.04474],[-2.47196,52.04543],[-2.47156,52.04631],[-2.47224,52.04668],[-2.47302,52.04815],[-2.47457,52.05231],[-2.47159,52.05536],[-2.47204,52.05745],[-2.47153,52.05776],[-2.47079,52.06003],[-2.4736,52.06284],[-2.47341,52.06372],[-2.47401,52.06471],[-2.47242,52.06713],[-2.47125,52.06778],[-2.47061,52.06726],[-2.47004,52.06725],[-2.46763,52.06826],[-2.46768,52.0689],[-2.45881,52.07102]]]}},{"type":"Feature","properties":{"id":"E01014037","name":"E01014037","parent":"E06000019","type":"LSOA","pop":1427,"r":2,"ff":1,"ffd":70.1,"ffs":0.5,"g":0,"co":1,"mo":3,"sa":3,"ic":1},"geometry":{"type":"Polygon","coordinates":[[[-2.42991,52.03669],[-2.42914,52.0362],[-2.42738,52.03641],[-2.42732,52.03602],[-2.42649,52.03597],[-2.42686,52.03528],[-2.42558,52.03539],[-2.42512,52.03592],[-2.42429,52.03566],[-2.4243,52.03497],[-2.42319,52.03462],[-2.42241,52.03359],[-2.42051,52.03397],[-2.41852,52.0331],[-2.42084,52.03227],[-2.41944,52.03122],[-2.42025,52.03075],[-2.42091,52.03075],[-2.42057,52.03045],[-2.42092,52.03025],[-2.42123,52.03046],[-2.4217,52.0303],[-2.42173,52.02981],[-2.42447,52.02929],[-2.4248,52.02871],[-2.42389,52.02825],[-2.42521,52.02807],[-2.42567,52.02929],[-2.4262,52.02931],[-2.42704,52.02997],[-2.42732,52.03057],[-2.42695,52.03088],[-2.4281,52.03102],[-2.42969,52.03055],[-2.42991,52.03094],[-2.43029,52.03088],[-2.4291,52.03118],[-2.42936,52.03151],[-2.4301,52.03148],[-2.43056,52.03193],[-2.43051,52.03215],[-2.4296,52.03213],[-2.42946,52.03303],[-2.43091,52.03237],[-2.43147,52.03262],[-2.43586,52.03261],[-2.43575,52.0331],[-2.43357,52.0341],[-2.43114,52.03331],[-2.42977,52.03378],[-2.42822,52.03462],[-2.42896,52.03455],[-2.42991,52.03496],[-2.43006,52.03558],[-2.42963,52.03578],[-2.42991,52.03669]]]}},{"type":"Feature","properties":{"id":"E01014038","name":"E01014038","parent":"E06000019","type":"LSOA","pop":1454,"r":2,"ff":1,"ffd":68.8,"ffs":0.5,"g":0,"co":1,"mo":3,"sa":3,"ic":1},"geometry":{"type":"Polygon","coordinates":[[[-2.43576,52.0354],[-2.43575,52.03494],[-2.43453,52.03534],[-2.43165,52.03342],[-2.43357,52.0341],[-2.43575,52.0331],[-2.43586,52.03261],[-2.43147,52.03262],[-2.43091,52.03237],[-2.42946,52.03303],[-2.4296,52.03213],[-2.43051,52.03215],[-2.43056,52.03193],[-2.4301,52.03148],[-2.42936,52.03151],[-2.4291,52.03118],[-2.43029,52.03088],[-2.42991,52.03094],[-2.42969,52.03055],[-2.4281,52.03102],[-2.42695,52.03088],[-2.42732,52.03057],[-2.42704,52.02997],[-2.4262,52.02931],[-2.42683,52.02916],[-2.42599,52.0282],[-2.42644,52.02797],[-2.42477,52.02796],[-2.42445,52.02757],[-2.42288,52.02824],[-2.42309,52.0281],[-2.42235,52.02807],[-2.42198,52.02862],[-2.42121,52.02863],[-2.42098,52.02908],[-2.42132,52.02933],[-2.42023,52.03026],[-2.41935,52.02983],[-2.41837,52.03031],[-2.41656,52.02884],[-2.41715,52.02891],[-2.42157,52.02736],[-2.42485,52.02661],[-2.42808,52.02683],[-2.43387,52.02892],[-2.43427,52.02841],[-2.43369,52.02721],[-2.43707,52.02629],[-2.43896,52.02798],[-2.43717,52.02857],[-2.43451,52.02876],[-2.43448,52.02899],[-2.43871,52.03226],[-2.43954,52.03249],[-2.43872,52.03306],[-2.43823,52.03397],[-2.43899,52.03452],[-2.4383,52.03515],[-2.43751,52.03484],[-2.43576,52.0354]]]}},{"type":"Feature","properties":{"id":"E01014039","name":"E01014039","parent":"E06000019","type":"LSOA","pop":1632,"r":2,"ff":1,"ffd":61.3,"ffs":0.5,"g":0,"co":1,"mo":3,"sa":3,"ic":1},"geometry":{"type":"Polygon","coordinates":[[[-2.43008,52.04651],[-2.43027,52.04495],[-2.42988,52.04497],[-2.43001,52.04334],[-2.4297,52.04109],[-2.42822,52.04149],[-2.42771,52.04125],[-2.42746,52.04142],[-2.42753,52.04117],[-2.42679,52.04095],[-2.4279,52.04073],[-2.42767,52.04034],[-2.42891,52.03976],[-2.42934,52.04025],[-2.43028,52.04007],[-2.43014,52.0398],[-2.43133,52.0391],[-2.43174,52.03913],[-2.4328,52.03873],[-2.43314,52.03814],[-2.43594,52.03743],[-2.43804,52.03844],[-2.438,52.03857],[-2.43858,52.03868],[-2.4369,52.04213],[-2.4354,52.04453],[-2.43132,52.04488],[-2.43163,52.04591],[-2.43084,52.04787],[-2.43034,52.04787],[-2.42892,52.04662],[-2.43008,52.04651]]]}},{"type":"Feature","properties":{"id":"E01014040","name":"E01014040","parent":"E06000019","type":"LSOA","pop":1470,"r":2,"ff":1,"ffd":68.0,"ffs":0.5,"g":0,"co":1,"mo":3,"sa":3,"ic":3},"geometry":{"type":"Polygon","coordinates":[[[-2.40793,52.06076],[-2.40571,52.06008],[-2.40593,52.05974],[-2.40512,52.05958],[-2.40509,52.05923],[-2.40374,52.05917],[-2.40142,52.05811],[-2.39641,52.05817],[-2.3961,52.05858],[-2.39401,52.0586],[-2.38388,52.05725],[-2.37612,52.05721],[-2.37013,52.05789],[-2.36537,52.05751],[-2.36559,52.05717],[-2.36459,52.0565],[-2.36243,52.05582],[-2.36171,52.05501],[-2.36321,52.05549],[-2.3652,52.05516],[-2.36942,52.0534],[-2.373,52.05112],[-2.37723,52.04735],[-2.40067,52.047],[-2.40661,52.04572],[-2.41026,52.0439],[-2.41072,52.04261],[-2.41398,52.03842],[-2.4145,52.0384],[-2.41422,52.03895],[-2.41475,52.03901],[-2.41543,52.03976],[-2.41545,52.04034],[-2.41199,52.04139],[-2.41045,52.04392],[-2.41334,52.04404],[-2.41582,52.04279],[-2.41736,52.04343],[-2.41725,52.04395],[-2.41778,52.04452],[-2.42047,52.04419],[-2.42157,52.04364],[-2.42135,52.04088],[-2.42209,52.04144],[-2.42275,52.04331],[-2.42363,52.04302],[-2.42312,52.04024],[-2.42413,52.04022],[-2.42419,52.03988],[-2.42522,52.03981],[-2.4253,52.03937],[-2.42509,52.03877],[-2.42697,52.03814],[-2.42675,52.03779],[-2.4281,52.03758],[-2.42827,52.03798],[-2.42872,52.03794],[-2.42865,52.03761],[-2.4295,52.03724],[-2.43075,52.03748],[-2.43147,52.03837],[-2.43133,52.0391],[-2.43014,52.0398],[-2.43028,52.04007],[-2.42934,52.04025],[-2.42891,52.03976],[-2.42767,52.04034],[-2.4279,52.04073],[-2.42679,52.04095],[-2.42753,52.04117],[-2.42746,52.04142],[-2.42771,52.04125],[-2.42822,52.04149],[-2.4297,52.04109],[-2.43001,52.04334],[-2.42988,52.04497],[-2.43027,52.04495],[-2.43008,52.04651],[-2.42892,52.04662],[-2.43034,52.04787],[-2.43084,52.04787],[-2.43163,52.04591],[-2.43132,52.04488],[-2.4354,52.04453],[-2.43783,52.04479],[-2.43726,52.04496],[-2.43702,52.04561],[-2.4382,52.0476],[-2.43788,52.04787],[-2.4384,52.04837],[-2.43821,52.04883],[-2.43843,52.04863],[-2.44086,52.04941],[-2.44035,52.04974],[-2.44122,52.05002],[-2.44169,52.05103],[-2.44225,52.0511],[-2.44238,52.05244],[-2.44316,52.05291],[-2.44275,52.05504],[-2.44033,52.05579],[-2.43835,52.05369],[-2.4363,52.05386],[-2.43466,52.05469],[-2.43281,52.05501],[-2.43103,52.05568],[-2.42872,52.05609],[-2.42713,52.05576],[-2.42487,52.05427],[-2.42357,52.05417],[-2.42286,52.0546],[-2.42196,52.05642],[-2.41898,52.0581],[-2.41553,52.06095],[-2.41499,52.06077],[-2.4139,52.06104],[-2.41167,52.06056],[-2.41227,52.06166],[-2.40889,52.06241],[-2.40793,52.06076]]]}},{"type":"Feature","properties":{"id":"E01014041","name":"E01014041","parent":"E06000019","type":"LSOA","pop":1553,"r":3,"ff":1,"ffd":64.4,"ffs":0.3333,"g":0,"co":3,"mo":3,"sa":3,"ic":1},"geometry":{"type":"Polygon","coordinates":[[[-2.74631,52.23187],[-2.74502,52.2317],[-2.74412,52.23193],[-2.74477,52.23204],[-2.74531,52.23317],[-2.74365,52.23348],[-2.74291,52.23328],[-2.74204,52.23163],[-2.74135,52.23135],[-2.74063,52.23139],[-2.73966,52.2299],[-2.73938,52.2289],[-2.74122,52.22845],[-2.74203,52.22776],[-2.74195,52.22704],[-2.74547,52.2271],[-2.74661,52.22772],[-2.74883,52.22748],[-2.74981,52.2283],[-2.74999,52.22889],[-2.74931,52.22909],[-2.74934,52.22949],[-2.75125,52.23091],[-2.7539,52.23446],[-2.75008,52.23281],[-2.74631,52.23187]]]}},{"type":"Feature","properties":{"id":"E01014042","name":"E01014042","parent":"E06000019","type":"LSOA","pop":1584,"r":3,"ff":1,"ffd":63.1,"ffs":0.3333,"g":0,"co":3,"mo":3,"sa":3,"ic":1},"geometry":{"type":"Polygon","coordinates":[[[-2.73097,52.24086],[-2.7305,52.23784],[-2.73175,52.23314],[-2.73162,52.23149],[-2.73198,52.23087],[-2.73149,52.23025],[-2.73297,52.23071],[-2.7357,52.23036],[-2.7377,52.23053],[-2.73966,52.2299],[-2.74063,52.23139],[-2.74135,52.23135],[-2.74204,52.23163],[-2.74291,52.23328],[-2.74365,52.23348],[-2.74531,52.23317],[-2.74477,52.23204],[-2.74412,52.23193],[-2.74502,52.2317],[-2.75008,52.23281],[-2.75801,52.23647],[-2.75833,52.23721],[-2.75662,52.23832],[-2.75612,52.23979],[-2.75169,52.23904],[-2.75225,52.23955],[-2.75194,52.23988],[-2.74998,52.23962],[-2.74975,52.24005],[-2.74656,52.23954],[-2.74627,52.24124],[-2.74753,52.24167],[-2.74708,52.24186],[-2.74625,52.24197],[-2.74504,52.24078],[-2.74334,52.24034],[-2.74085,52.2402],[-2.73656,52.24119],[-2.73519,52.24304],[-2.73584,52.24518],[-2.73512,52.24673],[-2.73412,52.24596],[-2.73411,52.24346],[-2.73281,52.24219],[-2.73271,52.24183],[-2.73097,52.24086]]]}},{"type":"Feature","properties":{"id":"E01014043","name":"E01014043","parent":"E06000019","type":"LSOA","pop":998,"r":3,"ff":1,"ffd":100.2,"ffs":0.3333,"g":0,"co":3,"mo":3,"sa":3,"ic":1},"geometry":{"type":"Polygon","coordinates":[[[-2.7539,52.23446],[-2.75125,52.23091],[-2.74934,52.22949],[-2.74931,52.22909],[-2.74999,52.22889],[-2.74981,52.2283],[-2.74883,52.22748],[-2.74661,52.22772],[-2.74547,52.2271],[-2.74866,52.22706],[-2.75291,52.22584],[-2.75859,52.22374],[-2.76063,52.22348],[-2.76074,52.22387],[-2.76216,52.22378],[-2.76259,52.22488],[-2.76333,52.22477],[-2.76337,52.22513],[-2.76367,52.22507],[-2.76245,52.22542],[-2.76226,52.22503],[-2.76175,52.22513],[-2.76147,52.22561],[-2.76043,52.22585],[-2.76075,52.22642],[-2.76231,52.22606],[-2.76274,52.22716],[-2.75984,52.22741],[-2.76042,52.2284],[-2.76207,52.2294],[-2.76071,52.23184],[-2.76072,52.23146],[-2.76007,52.23151],[-2.75979,52.23107],[-2.75907,52.23178],[-2.75854,52.23105],[-2.75825,52.23156],[-2.75735,52.2316],[-2.75761,52.23207],[-2.75727,52.23261],[-2.75508,52.23221],[-2.75639,52.23513],[-2.75801,52.23647],[-2.7539,52.23446]]]}},{"type":"Feature","properties":{"id":"E01014044","name":"E01014044","parent":"E06000019","type":"LSOA","pop":1523,"r":3,"ff":1,"ffd":65.7,"ffs":0.3333,"g":0,"co":3,"mo":3,"sa":3,"ic":1},"geometry":{"type":"Polygon","coordinates":[[[-2.79859,52.23887],[-2.79886,52.23845],[-2.79835,52.23862],[-2.79754,52.2379],[-2.79682,52.23825],[-2.79579,52.23791],[-2.79521,52.23821],[-2.79489,52.2376],[-2.79351,52.23771],[-2.79347,52.23724],[-2.79275,52.23676],[-2.79154,52.23708],[-2.79177,52.23665],[-2.79077,52.23633],[-2.78998,52.23507],[-2.78811,52.23487],[-2.78818,52.23449],[-2.78739,52.23388],[-2.78479,52.23392],[-2.78271,52.2332],[-2.78226,52.23358],[-2.78105,52.23349],[-2.78052,52.23381],[-2.77936,52.23346],[-2.77797,52.23366],[-2.77759,52.23331],[-2.77803,52.23297],[-2.77743,52.23278],[-2.77691,52.233],[-2.77589,52.23228],[-2.77531,52.23249],[-2.7717,52.23243],[-2.77166,52.23197],[-2.77113,52.23212],[-2.77035,52.23188],[-2.7705,52.23143],[-2.76936,52.23127],[-2.76942,52.23094],[-2.76906,52.23091],[-2.76757,52.2309],[-2.76802,52.23143],[-2.76725,52.23122],[-2.76712,52.2316],[-2.76713,52.23103],[-2.76623,52.23119],[-2.76604,52.23069],[-2.76555,52.23092],[-2.76593,52.23134],[-2.76498,52.23134],[-2.76547,52.23098],[-2.76484,52.23095],[-2.76418,52.23141],[-2.76432,52.23173],[-2.7637,52.23133],[-2.76258,52.23244],[-2.76071,52.23184],[-2.76207,52.2294],[-2.76042,52.2284],[-2.75984,52.22741],[-2.76274,52.22716],[-2.76231,52.22606],[-2.76075,52.22642],[-2.76043,52.22585],[-2.76147,52.22561],[-2.76175,52.22513],[-2.76226,52.22503],[-2.76245,52.22542],[-2.76367,52.22507],[-2.76337,52.22513],[-2.76333,52.22477],[-2.76259,52.22488],[-2.76216,52.22378],[-2.76074,52.22387],[-2.76063,52.22348],[-2.76432,52.22299],[-2.76566,52.22159],[-2.76768,52.22035],[-2.77268,52.21908],[-2.77822,52.21846],[-2.78995,52.21591],[-2.79058,52.21654],[-2.79032,52.21683],[-2.79095,52.21691],[-2.79072,52.21783],[-2.79104,52.21809],[-2.79193,52.21806],[-2.79165,52.22029],[-2.79091,52.22074],[-2.79147,52.22116],[-2.79127,52.22223],[-2.79186,52.22228],[-2.79162,52.22169],[-2.79265,52.22163],[-2.79254,52.22204],[-2.79373,52.22264],[-2.79317,52.22309],[-2.79342,52.22326],[-2.7943,52.22268],[-2.79632,52.22337],[-2.79686,52.22296],[-2.79776,52.2231],[-2.79766,52.22367],[-2.7958,52.22391],[-2.79674,52.22433],[-2.79645,52.2249],[-2.79688,52.22496],[-2.79669,52.22552],[-2.79732,52.22593],[-2.80035,52.22613],[-2.79988,52.22735],[-2.80065,52.23069],[-2.80126,52.23076],[-2.80106,52.23106],[-2.80391,52.23356],[-2.80324,52.23383],[-2.80347,52.23564],[-2.80203,52.2366],[-2.79986,52.23897],[-2.79908,52.23907],[-2.79859,52.23887]]]}},{"type":"Feature","properties":{"id":"E01014045","name":"E01014045","parent":"E06000019","type":"LSOA","pop":1711,"r":3,"ff":1,"ffd":58.4,"ffs":0.3333,"g":0,"co":3,"mo":3,"sa":3,"ic":1},"geometry":{"type":"Polygon","coordinates":[[[-2.7159,52.23498],[-2.71429,52.23489],[-2.71421,52.234],[-2.71284,52.23249],[-2.71235,52.23079],[-2.71063,52.22968],[-2.70972,52.22806],[-2.70705,52.22881],[-2.70685,52.22852],[-2.70619,52.22869],[-2.70456,52.22955],[-2.7025,52.23006],[-2.69982,52.23035],[-2.6961,52.23136],[-2.69522,52.22844],[-2.69378,52.229],[-2.69304,52.22847],[-2.69381,52.22813],[-2.69278,52.2269],[-2.69321,52.22678],[-2.69223,52.22542],[-2.69303,52.22516],[-2.692,52.22408],[-2.69076,52.22465],[-2.69046,52.22439],[-2.68899,52.22491],[-2.68869,52.22467],[-2.68784,52.22512],[-2.68636,52.22345],[-2.6823,52.22399],[-2.68168,52.22339],[-2.67985,52.22383],[-2.67891,52.22355],[-2.67567,52.22493],[-2.67459,52.22369],[-2.67285,52.22263],[-2.67364,52.22214],[-2.67225,52.22225],[-2.67176,52.22195],[-2.67068,52.22272],[-2.66731,52.22354],[-2.66631,52.22348],[-2.66456,52.22428],[-2.66343,52.22388],[-2.66154,52.22235],[-2.65937,52.22194],[-2.65949,52.22016],[-2.66403,52.21959],[-2.66426,52.22068],[-2.66481,52.22047],[-2.66483,52.21937],[-2.66911,52.21838],[-2.6726,52.21722],[-2.67393,52.218],[-2.67618,52.21784],[-2.67752,52.21681],[-2.67973,52.21619],[-2.68187,52.21606],[-2.68138,52.21553],[-2.68431,52.21507],[-2.6837,52.21357],[-2.68739,52.21353],[-2.69079,52.21434],[-2.69052,52.21363],[-2.69239,52.21332],[-2.69244,52.21354],[-2.69321,52.21351],[-2.69328,52.21198],[-2.69436,52.2119],[-2.69433,52.21302],[-2.69521,52.21302],[-2.69543,52.21339],[-2.69703,52.21328],[-2.69714,52.21367],[-2.69899,52.21363],[-2.69958,52.21538],[-2.70053,52.21526],[-2.70185,52.21482],[-2.69977,52.21153],[-2.70175,52.21146],[-2.70173,52.21126],[-2.70271,52.21112],[-2.70358,52.21115],[-2.7039,52.21184],[-2.7078,52.21183],[-2.70823,52.21228],[-2.70901,52.21231],[-2.70949,52.21282],[-2.70924,52.21302],[-2.71044,52.2138],[-2.71218,52.21405],[-2.7141,52.21513],[-2.71466,52.21474],[-2.71522,52.2152],[-2.71661,52.21463],[-2.71675,52.21365],[-2.71734,52.21311],[-2.71947,52.21444],[-2.72007,52.2141],[-2.72208,52.21537],[-2.72215,52.21424],[-2.72107,52.21379],[-2.72128,52.21309],[-2.72007,52.21283],[-2.72077,52.21236],[-2.71938,52.21129],[-2.71956,52.21094],[-2.72436,52.21118],[-2.72496,52.21194],[-2.7236,52.21247],[-2.72386,52.2128],[-2.72728,52.21158],[-2.72837,52.21073],[-2.72671,52.20975],[-2.72662,52.20889],[-2.72733,52.20849],[-2.72741,52.20804],[-2.72587,52.20714],[-2.72512,52.2075],[-2.72437,52.20704],[-2.72368,52.20769],[-2.72256,52.20759],[-2.72207,52.20826],[-2.72065,52.20837],[-2.71936,52.20774],[-2.71896,52.20719],[-2.71746,52.20759],[-2.71632,52.20694],[-2.71531,52.20765],[-2.71568,52.20827],[-2.71482,52.20836],[-2.71428,52.20795],[-2.71416,52.2072],[-2.71542,52.20633],[-2.71552,52.20524],[-2.71666,52.20468],[-2.71681,52.20391],[-2.71805,52.2036],[-2.7185,52.20274],[-2.71766,52.20226],[-2.71617,52.20246],[-2.71592,52.20197],[-2.71688,52.20178],[-2.7169,52.20141],[-2.71634,52.20128],[-2.71513,52.20159],[-2.71485,52.20006],[-2.71369,52.19964],[-2.71336,52.19909],[-2.71465,52.19771],[-2.71434,52.19656],[-2.71511,52.19563],[-2.71623,52.19596],[-2.71659,52.19515],[-2.71808,52.19519],[-2.71783,52.19434],[-2.71912,52.19226],[-2.71805,52.19041],[-2.71534,52.18827],[-2.7171,52.18773],[-2.71745,52.18664],[-2.71814,52.18639],[-2.7202,52.18655],[-2.72309,52.18618],[-2.72625,52.18689],[-2.72828,52.18676],[-2.7298,52.18725],[-2.73132,52.18715],[-2.73342,52.18651],[-2.73419,52.18763],[-2.73406,52.19079],[-2.7337,52.19099],[-2.7347,52.19216],[-2.73541,52.1922],[-2.73641,52.19358],[-2.73704,52.19344],[-2.73747,52.19397],[-2.73835,52.19382],[-2.73877,52.1943],[-2.74487,52.19236],[-2.75077,52.19508],[-2.75145,52.19635],[-2.75027,52.20675],[-2.75276,52.2082],[-2.75292,52.21086],[-2.75162,52.21325],[-2.74814,52.21599],[-2.75051,52.21692],[-2.74941,52.21852],[-2.74934,52.22048],[-2.74881,52.22114],[-2.74665,52.2201],[-2.74518,52.2187],[-2.74273,52.21982],[-2.74249,52.2182],[-2.74088,52.21859],[-2.74078,52.21786],[-2.73957,52.21825],[-2.73982,52.22056],[-2.73811,52.22024],[-2.73849,52.22168],[-2.73706,52.22161],[-2.73704,52.22239],[-2.7348,52.22269],[-2.73509,52.22298],[-2.73627,52.22311],[-2.73629,52.22379],[-2.73568,52.22379],[-2.73539,52.22473],[-2.73558,52.22538],[-2.73627,52.22529],[-2.73596,52.22555],[-2.7345,52.22564],[-2.73326,52.22478],[-2.73231,52.22516],[-2.7324,52.22486],[-2.73183,52.22489],[-2.73205,52.22362],[-2.73096,52.2227],[-2.72946,52.22276],[-2.7297,52.22307],[-2.72911,52.2233],[-2.72954,52.22424],[-2.72725,52.22396],[-2.72846,52.22675],[-2.72743,52.22657],[-2.72724,52.22689],[-2.72597,52.22714],[-2.72715,52.2285],[-2.72746,52.22957],[-2.72562,52.22974],[-2.72621,52.23214],[-2.72873,52.23204],[-2.72645,52.23481],[-2.72556,52.23499],[-2.72443,52.23485],[-2.72328,52.23529],[-2.72088,52.23534],[-2.71898,52.23572],[-2.71614,52.23567],[-2.7159,52.23498]]]}},{"type":"Feature","properties":{"id":"E01014046","name":"E01014046","parent":"E06000019","type":"LSOA","pop":1529,"r":3,"ff":1,"ffd":65.4,"ffs":0.3333,"g":0,"co":3,"mo":3,"sa":3,"ic":1},"geometry":{"type":"Polygon","coordinates":[[[-2.75066,52.22532],[-2.75094,52.22504],[-2.74973,52.22539],[-2.74886,52.22525],[-2.74676,52.22546],[-2.74615,52.22577],[-2.74658,52.226],[-2.74618,52.22603],[-2.74507,52.22554],[-2.74478,52.22498],[-2.74479,52.22432],[-2.74435,52.22421],[-2.74524,52.22353],[-2.7447,52.22281],[-2.74665,52.2201],[-2.74881,52.22114],[-2.74934,52.22048],[-2.74941,52.21852],[-2.75051,52.21692],[-2.74814,52.21599],[-2.75162,52.21325],[-2.75292,52.21086],[-2.75276,52.2082],[-2.75027,52.20675],[-2.75145,52.19635],[-2.75077,52.19508],[-2.74487,52.19236],[-2.74647,52.19181],[-2.74746,52.19055],[-2.74838,52.19015],[-2.74889,52.18829],[-2.75037,52.18715],[-2.74987,52.18673],[-2.75158,52.18687],[-2.75255,52.18728],[-2.75357,52.18643],[-2.75253,52.18555],[-2.75099,52.18513],[-2.75278,52.18458],[-2.75633,52.18453],[-2.75803,52.1853],[-2.76276,52.18479],[-2.7653,52.18802],[-2.76787,52.18739],[-2.7698,52.18748],[-2.77092,52.18692],[-2.77041,52.18639],[-2.76917,52.18646],[-2.76777,52.18589],[-2.7668,52.18512],[-2.76479,52.18507],[-2.76552,52.18273],[-2.76762,52.18253],[-2.76947,52.18273],[-2.77364,52.18213],[-2.77537,52.18224],[-2.77688,52.18274],[-2.77848,52.18398],[-2.78088,52.18495],[-2.78267,52.18648],[-2.78394,52.18626],[-2.78477,52.18712],[-2.78603,52.1863],[-2.78691,52.18686],[-2.78812,52.18702],[-2.79084,52.18657],[-2.79238,52.18733],[-2.79312,52.18707],[-2.79567,52.18856],[-2.79584,52.18829],[-2.79824,52.18883],[-2.79997,52.1871],[-2.80193,52.1884],[-2.80578,52.18664],[-2.80748,52.18624],[-2.80895,52.18811],[-2.80956,52.18986],[-2.8124,52.19191],[-2.81326,52.19185],[-2.81483,52.19314],[-2.81379,52.19386],[-2.81256,52.19622],[-2.81189,52.19614],[-2.8116,52.19641],[-2.81263,52.19721],[-2.81133,52.19766],[-2.80985,52.19893],[-2.8073,52.20007],[-2.80828,52.20107],[-2.80693,52.20256],[-2.80603,52.20221],[-2.80501,52.20277],[-2.80452,52.20261],[-2.80428,52.2029],[-2.80318,52.20291],[-2.80343,52.20366],[-2.80083,52.20515],[-2.79265,52.20611],[-2.79013,52.20669],[-2.7889,52.20612],[-2.78617,52.20654],[-2.78567,52.20798],[-2.78714,52.20931],[-2.78612,52.21016],[-2.7874,52.2102],[-2.78674,52.21067],[-2.78685,52.21136],[-2.7877,52.2109],[-2.78794,52.21145],[-2.78915,52.21181],[-2.78902,52.21294],[-2.78836,52.213],[-2.78779,52.21354],[-2.78836,52.21334],[-2.7894,52.21368],[-2.78899,52.21406],[-2.7892,52.21461],[-2.78855,52.21423],[-2.78811,52.21446],[-2.78881,52.21561],[-2.78995,52.21591],[-2.77822,52.21846],[-2.77268,52.21908],[-2.76768,52.22035],[-2.76566,52.22159],[-2.76432,52.22299],[-2.75859,52.22374],[-2.75291,52.22584],[-2.74866,52.22706],[-2.74861,52.22671],[-2.7495,52.2262],[-2.75142,52.22585],[-2.75066,52.22532]]]}},{"type":"Feature","properties":{"id":"E01014047","name":"E01014047","parent":"E06000019","type":"LSOA","pop":1434,"r":3,"ff":1,"ffd":69.7,"ffs":0.3333,"g":0,"co":3,"mo":3,"sa":3,"ic":1},"geometry":{"type":"Polygon","coordinates":[[[-2.74239,52.22705],[-2.74251,52.22639],[-2.74164,52.22668],[-2.7411,52.22583],[-2.74033,52.22572],[-2.73987,52.22501],[-2.73918,52.22494],[-2.73921,52.22467],[-2.73987,52.22453],[-2.73999,52.22371],[-2.73948,52.22342],[-2.73991,52.22309],[-2.73957,52.22305],[-2.73982,52.22097],[-2.7383,52.22105],[-2.73811,52.22024],[-2.73982,52.22056],[-2.73957,52.21825],[-2.74078,52.21786],[-2.74088,52.21859],[-2.74249,52.2182],[-2.74273,52.21982],[-2.74518,52.2187],[-2.74665,52.2201],[-2.7447,52.22281],[-2.74524,52.22353],[-2.74435,52.22421],[-2.74479,52.22432],[-2.74478,52.22498],[-2.74507,52.22554],[-2.74618,52.22603],[-2.74658,52.226],[-2.74615,52.22577],[-2.74676,52.22546],[-2.74886,52.22525],[-2.74973,52.22539],[-2.75094,52.22504],[-2.75066,52.22532],[-2.75142,52.22585],[-2.7495,52.2262],[-2.74861,52.22671],[-2.74866,52.22706],[-2.74239,52.22705]]]}},{"type":"Feature","properties":{"id":"E01014048","name":"E01014048","parent":"E06000019","type":"LSOA","pop":1682,"r":3,"ff":1,"ffd":59.5,"ffs":0.3333,"g":0,"co":3,"mo":3,"sa":3,"ic":3},"geometry":{"type":"Polygon","coordinates":[[[-2.73297,52.23071],[-2.73149,52.23025],[-2.73125,52.22962],[-2.73251,52.22959],[-2.73075,52.2285],[-2.73097,52.22764],[-2.7291,52.22796],[-2.72866,52.22762],[-2.72887,52.22686],[-2.72846,52.22675],[-2.72725,52.22396],[-2.72954,52.22424],[-2.72911,52.2233],[-2.7297,52.22307],[-2.72946,52.22276],[-2.73096,52.2227],[-2.73205,52.22362],[-2.73183,52.22489],[-2.7324,52.22486],[-2.73231,52.22516],[-2.73326,52.22478],[-2.7345,52.22564],[-2.73596,52.22555],[-2.73627,52.22529],[-2.73558,52.22538],[-2.73539,52.22473],[-2.73568,52.22379],[-2.73629,52.22379],[-2.73627,52.22311],[-2.73509,52.22298],[-2.7348,52.22269],[-2.73704,52.22239],[-2.73706,52.22161],[-2.73849,52.22168],[-2.7383,52.22105],[-2.73982,52.22097],[-2.73957,52.22305],[-2.73991,52.22309],[-2.73948,52.22342],[-2.73999,52.22371],[-2.73987,52.22453],[-2.73921,52.22467],[-2.73918,52.22494],[-2.73987,52.22501],[-2.74033,52.22572],[-2.7411,52.22583],[-2.74164,52.22668],[-2.74251,52.22639],[-2.74239,52.22705],[-2.74195,52.22704],[-2.74203,52.22776],[-2.74122,52.22845],[-2.73938,52.2289],[-2.73966,52.2299],[-2.7377,52.23053],[-2.7357,52.23036],[-2.73297,52.23071]]]}},{"type":"Feature","properties":{"id":"E01014049","name":"E01014049","parent":"E06000019","type":"LSOA","pop":1582,"r":11,"ff":6,"ffd":379.3,"ffs":0.5455,"g":0,"co":3,"mo":3,"sa":3,"ic":3},"geometry":{"type":"Polygon","coordinates":[[[-2.59515,51.9543],[-2.59712,51.95294],[-2.59619,51.95249],[-2.59807,51.95071],[-2.59551,51.9495],[-2.59381,51.94824],[-2.59927,51.94521],[-2.60097,51.94281],[-2.60114,51.94149],[-2.60011,51.93928],[-2.60052,51.93868],[-2.60145,51.93833],[-2.60318,51.93863],[-2.60549,51.94053],[-2.60662,51.94091],[-2.60745,51.94063],[-2.60792,51.93994],[-2.60861,51.93689],[-2.60827,51.93329],[-2.6073,51.93098],[-2.60494,51.92828],[-2.60354,51.92756],[-2.60187,51.92726],[-2.59828,51.92741],[-2.59675,51.92678],[-2.59528,51.92485],[-2.59478,51.92097],[-2.59503,51.92059],[-2.59404,51.91911],[-2.59255,51.918],[-2.58922,51.91656],[-2.58866,51.91565],[-2.58946,51.91468],[-2.59186,51.91393],[-2.59294,51.91415],[-2.59561,51.91551],[-2.5971,51.91553],[-2.59797,51.9151],[-2.59757,51.91495],[-2.5982,51.91447],[-2.60596,51.91037],[-2.60786,51.90732],[-2.60927,51.90664],[-2.61286,51.90665],[-2.61386,51.90715],[-2.61554,51.90922],[-2.61627,51.90944],[-2.6173,51.90914],[-2.62045,51.906],[-2.62031,51.90482],[-2.61884,51.9027],[-2.61967,51.90048],[-2.6211,51.89904],[-2.62287,51.89808],[-2.62875,51.89666],[-2.62916,51.89762],[-2.62832,51.8979],[-2.62872,51.89825],[-2.62773,51.89923],[-2.6301,51.89971],[-2.63109,51.90026],[-2.6341,51.90224],[-2.63518,51.90389],[-2.63683,51.90473],[-2.6402,51.90502],[-2.64339,51.9037],[-2.64392,51.90728],[-2.64456,51.90677],[-2.6456,51.9066],[-2.6471,51.90659],[-2.64778,51.90712],[-2.6511,51.90682],[-2.65826,51.90416],[-2.65999,51.90442],[-2.66141,51.90542],[-2.66438,51.90645],[-2.66751,51.90925],[-2.66654,51.90989],[-2.66456,51.91042],[-2.66283,51.91205],[-2.66013,51.9135],[-2.66264,51.91587],[-2.6633,51.91745],[-2.66207,51.91979],[-2.66016,51.92126],[-2.66052,51.92317],[-2.66593,51.92432],[-2.66755,51.92424],[-2.6701,51.92468],[-2.66798,51.92856],[-2.66749,51.9311],[-2.6654,51.9329],[-2.66393,51.93623],[-2.6625,51.93754],[-2.65924,51.93909],[-2.65729,51.94189],[-2.65785,51.9427],[-2.65765,51.94421],[-2.6561,51.9457],[-2.65555,51.94686],[-2.65423,51.9473],[-2.6534,51.94637],[-2.6515,51.94558],[-2.64752,51.9454],[-2.64279,51.94618],[-2.63837,51.94852],[-2.63446,51.94897],[-2.63251,51.94872],[-2.62925,51.94683],[-2.62798,51.94673],[-2.62659,51.94736],[-2.62412,51.9496],[-2.62088,51.951],[-2.6162,51.95418],[-2.61315,51.95558],[-2.61088,51.956],[-2.60949,51.95579],[-2.60832,51.95389],[-2.6075,51.95328],[-2.6056,51.95362],[-2.60378,51.95468],[-2.60287,51.95708],[-2.59966,51.96091],[-2.59181,51.96338],[-2.59085,51.9628],[-2.5899,51.9613],[-2.58939,51.95982],[-2.58994,51.95937],[-2.58699,51.95791],[-2.59515,51.9543]]]}},{"type":"Feature","properties":{"id":"E01014050","name":"E01014050","parent":"E06000019","type":"LSOA","pop":1809,"r":5,"ff":4,"ffd":221.1,"ffs":0.8,"g":0,"co":3,"mo":3,"sa":3,"ic":3},"geometry":{"type":"Polygon","coordinates":[[[-2.66751,51.90925],[-2.66438,51.90645],[-2.66141,51.90542],[-2.65999,51.90442],[-2.65826,51.90416],[-2.6511,51.90682],[-2.64778,51.90712],[-2.6471,51.90659],[-2.6456,51.9066],[-2.64456,51.90677],[-2.64392,51.90728],[-2.64339,51.9037],[-2.6402,51.90502],[-2.63683,51.90473],[-2.63518,51.90389],[-2.6341,51.90224],[-2.63109,51.90026],[-2.6301,51.89971],[-2.62773,51.89923],[-2.62872,51.89825],[-2.62832,51.8979],[-2.62916,51.89762],[-2.62875,51.89666],[-2.63153,51.89558],[-2.63242,51.8948],[-2.63279,51.89384],[-2.63222,51.89184],[-2.62948,51.88988],[-2.62906,51.88914],[-2.62946,51.8882],[-2.63211,51.88709],[-2.63246,51.8865],[-2.631,51.88546],[-2.62854,51.88476],[-2.62888,51.88428],[-2.63094,51.8838],[-2.6327,51.88262],[-2.63134,51.8807],[-2.63154,51.87974],[-2.63329,51.87713],[-2.63421,51.87641],[-2.63555,51.87397],[-2.63638,51.87344],[-2.63681,51.87364],[-2.63847,51.87312],[-2.64163,51.86924],[-2.64218,51.86898],[-2.64879,51.86903],[-2.64883,51.8685],[-2.64947,51.8684],[-2.64975,51.86798],[-2.65273,51.86818],[-2.65484,51.86867],[-2.65491,51.86959],[-2.65555,51.86975],[-2.6562,51.87089],[-2.65699,51.87056],[-2.65804,51.87083],[-2.66291,51.87067],[-2.66804,51.8696],[-2.6691,51.86894],[-2.67035,51.86691],[-2.66922,51.86283],[-2.66932,51.86129],[-2.66833,51.86004],[-2.67212,51.86132],[-2.67803,51.85711],[-2.67773,51.85669],[-2.68099,51.85556],[-2.68351,51.85607],[-2.68617,51.85529],[-2.69268,51.85636],[-2.69302,51.8571],[-2.69571,51.85663],[-2.69841,51.85652],[-2.69871,51.85599],[-2.69633,51.85411],[-2.69738,51.85317],[-2.69664,51.85118],[-2.69478,51.85012],[-2.6955,51.84943],[-2.69816,51.84823],[-2.69819,51.84687],[-2.69903,51.84605],[-2.69732,51.84477],[-2.69966,51.84344],[-2.70342,51.84454],[-2.70515,51.84566],[-2.70718,51.84278],[-2.70668,51.83979],[-2.70721,51.83935],[-2.7087,51.83949],[-2.7101,51.83906],[-2.71367,51.83982],[-2.71606,51.84075],[-2.71858,51.84446],[-2.71821,51.84552],[-2.71855,51.84678],[-2.71777,51.84748],[-2.71971,51.8488],[-2.72578,51.84377],[-2.72758,51.84009],[-2.72978,51.84021],[-2.73049,51.84088],[-2.73114,51.84086],[-2.73154,51.84141],[-2.73266,51.8407],[-2.733,51.83918],[-2.73349,51.83997],[-2.7351,51.83922],[-2.73555,51.83941],[-2.73887,51.83666],[-2.7409,51.83866],[-2.74175,51.83863],[-2.74026,51.84132],[-2.7413,51.84257],[-2.74224,51.84186],[-2.74297,51.8418],[-2.74399,51.84324],[-2.74662,51.84476],[-2.75065,51.84498],[-2.75204,51.84568],[-2.75278,51.84551],[-2.75409,51.84591],[-2.75682,51.84602],[-2.7576,51.84756],[-2.75766,51.84943],[-2.76041,51.85162],[-2.76128,51.85339],[-2.76273,51.85381],[-2.76334,51.8556],[-2.7647,51.85613],[-2.76438,51.85704],[-2.76488,51.858],[-2.76637,51.85883],[-2.76724,51.86021],[-2.76889,51.86091],[-2.76974,51.86246],[-2.7724,51.86229],[-2.7759,51.86362],[-2.77801,51.86502],[-2.77896,51.86639],[-2.77909,51.86689],[-2.77784,51.8673],[-2.77768,51.86767],[-2.77874,51.86804],[-2.77909,51.86882],[-2.77758,51.86959],[-2.77671,51.87056],[-2.77732,51.87203],[-2.77689,51.87332],[-2.77431,51.87434],[-2.77277,51.87682],[-2.76986,51.8755],[-2.76871,51.87457],[-2.76399,51.87364],[-2.76235,51.87262],[-2.75885,51.87124],[-2.75725,51.87002],[-2.75076,51.86941],[-2.74805,51.87248],[-2.74807,51.87613],[-2.74864,51.87719],[-2.74774,51.88127],[-2.74323,51.88409],[-2.74164,51.88602],[-2.73913,51.88751],[-2.7382,51.88766],[-2.73451,51.89007],[-2.73071,51.8916],[-2.72988,51.89288],[-2.72911,51.89312],[-2.72588,51.89582],[-2.72396,51.89641],[-2.72429,51.89696],[-2.72355,51.89857],[-2.72426,51.89876],[-2.72453,51.89922],[-2.72417,51.89936],[-2.72453,51.8998],[-2.72404,51.89993],[-2.72479,51.90046],[-2.72392,51.90072],[-2.72467,51.90148],[-2.72332,51.90226],[-2.72275,51.90228],[-2.72213,51.90293],[-2.72157,51.9025],[-2.72107,51.90277],[-2.72136,51.90314],[-2.7196,51.90335],[-2.71698,51.9051],[-2.71538,51.90468],[-2.70964,51.90479],[-2.70566,51.90602],[-2.70228,51.90579],[-2.69981,51.90675],[-2.6988,51.90614],[-2.6977,51.90642],[-2.69554,51.90394],[-2.69215,51.90349],[-2.69014,51.90501],[-2.68139,51.90457],[-2.67832,51.90469],[-2.67626,51.90519],[-2.67566,51.90498],[-2.67333,51.9076],[-2.67167,51.9072],[-2.66751,51.90925]]]}},{"type":"Feature","properties":{"id":"E01014051","name":"E01014051","parent":"E06000019","type":"LSOA","pop":1877,"r":0,"ff":0,"ffd":0.0,"ffs":null,"g":0,"co":3,"mo":3,"sa":3,"ic":3},"geometry":{"type":"Polygon","coordinates":[[[-2.82846,52.3912],[-2.8262,52.39108],[-2.82325,52.39135],[-2.81822,52.39123],[-2.81728,52.39053],[-2.81573,52.39044],[-2.81459,52.39003],[-2.81394,52.38924],[-2.81231,52.38904],[-2.81038,52.38797],[-2.80765,52.38865],[-2.80543,52.38825],[-2.80544,52.3861],[-2.8075,52.38519],[-2.80908,52.38388],[-2.80919,52.37962],[-2.808,52.37823],[-2.80699,52.37779],[-2.80733,52.37591],[-2.80347,52.37426],[-2.80113,52.37391],[-2.79865,52.37266],[-2.80186,52.37139],[-2.80317,52.37028],[-2.80718,52.36986],[-2.80987,52.36841],[-2.81133,52.36924],[-2.81572,52.37073],[-2.82012,52.3713],[-2.8208,52.37063],[-2.82273,52.37004],[-2.82508,52.3699],[-2.82646,52.36998],[-2.82979,52.37104],[-2.83418,52.37137],[-2.83927,52.36972],[-2.84361,52.36907],[-2.8447,52.36675],[-2.84987,52.36179],[-2.84886,52.36175],[-2.84878,52.36073],[-2.85071,52.3609],[-2.85075,52.36112],[-2.853,52.36004],[-2.85242,52.35832],[-2.85638,52.35672],[-2.85496,52.35359],[-2.85537,52.35346],[-2.854,52.35104],[-2.8549,52.35085],[-2.8549,52.35026],[-2.85242,52.3492],[-2.8523,52.34889],[-2.85069,52.34859],[-2.84879,52.34897],[-2.84814,52.34824],[-2.84568,52.34853],[-2.84533,52.34788],[-2.84757,52.34774],[-2.84713,52.3464],[-2.85212,52.34634],[-2.85334,52.34603],[-2.85058,52.34438],[-2.85044,52.34398],[-2.85097,52.34376],[-2.85041,52.34318],[-2.84833,52.34328],[-2.84712,52.3425],[-2.84744,52.34175],[-2.84949,52.34046],[-2.85202,52.33977],[-2.85187,52.339],[-2.85242,52.33784],[-2.85189,52.3376],[-2.85213,52.33682],[-2.85636,52.33604],[-2.8557,52.33544],[-2.85426,52.33579],[-2.8528,52.33193],[-2.85373,52.32997],[-2.85477,52.33007],[-2.85558,52.3294],[-2.85746,52.32906],[-2.85684,52.32858],[-2.85539,52.32843],[-2.8553,52.32796],[-2.85743,52.32763],[-2.85581,52.32703],[-2.85484,52.32697],[-2.85437,52.32724],[-2.85416,52.32689],[-2.85542,52.32633],[-2.85495,52.32583],[-2.8533,52.32625],[-2.85234,52.32536],[-2.8504,52.32605],[-2.84838,52.32594],[-2.84942,52.32471],[-2.84782,52.32422],[-2.84707,52.3234],[-2.84679,52.32218],[-2.84524,52.32118],[-2.84503,52.3201],[-2.84562,52.31845],[-2.84407,52.31609],[-2.84479,52.31489],[-2.84178,52.3126],[-2.84132,52.3126],[-2.84,52.3108],[-2.83989,52.31028],[-2.84038,52.30986],[-2.83994,52.30942],[-2.83931,52.30939],[-2.83849,52.3084],[-2.84013,52.30635],[-2.83954,52.30526],[-2.83983,52.30439],[-2.84137,52.30359],[-2.84259,52.30356],[-2.8453,52.30216],[-2.84937,52.30081],[-2.85066,52.30114],[-2.851,52.30172],[-2.85183,52.30203],[-2.85921,52.30176],[-2.85973,52.3025],[-2.86173,52.30341],[-2.86211,52.30388],[-2.86374,52.30328],[-2.86647,52.3039],[-2.86896,52.30257],[-2.87235,52.30185],[-2.8758,52.30224],[-2.87663,52.30303],[-2.87902,52.30333],[-2.8792,52.30368],[-2.88134,52.30273],[-2.88856,52.30197],[-2.88945,52.30136],[-2.88916,52.30017],[-2.89003,52.29927],[-2.89129,52.29901],[-2.89579,52.29699],[-2.89428,52.29296],[-2.89563,52.29198],[-2.89941,52.29067],[-2.90304,52.29092],[-2.90623,52.28998],[-2.91198,52.28715],[-2.91363,52.28757],[-2.91654,52.28663],[-2.91887,52.28701],[-2.92035,52.28775],[-2.91824,52.28937],[-2.91853,52.28968],[-2.91763,52.29219],[-2.91856,52.29352],[-2.92054,52.29385],[-2.91971,52.29538],[-2.9171,52.29746],[-2.91586,52.30408],[-2.91631,52.30559],[-2.91717,52.30664],[-2.91691,52.30872],[-2.91792,52.31029],[-2.92,52.31227],[-2.92069,52.3135],[-2.9197,52.31372],[-2.91177,52.31406],[-2.91021,52.31389],[-2.90813,52.31439],[-2.90646,52.31593],[-2.9043,52.31982],[-2.90128,52.32146],[-2.89558,52.33113],[-2.89659,52.33151],[-2.89549,52.33265],[-2.89574,52.33291],[-2.89425,52.33372],[-2.89394,52.33561],[-2.89293,52.33666],[-2.89326,52.33822],[-2.89584,52.33865],[-2.89765,52.33973],[-2.89625,52.34053],[-2.89583,52.34165],[-2.89468,52.34246],[-2.89453,52.34446],[-2.89511,52.34589],[-2.89089,52.34729],[-2.88713,52.34917],[-2.88564,52.34902],[-2.88539,52.34992],[-2.88092,52.35593],[-2.88164,52.35685],[-2.87957,52.35911],[-2.87999,52.35938],[-2.88134,52.3591],[-2.88453,52.36009],[-2.88662,52.35988],[-2.89114,52.36169],[-2.8927,52.36182],[-2.89343,52.36315],[-2.89306,52.36417],[-2.89326,52.36651],[-2.89279,52.36701],[-2.89369,52.36697],[-2.89561,52.36604],[-2.89679,52.36639],[-2.8985,52.36608],[-2.89881,52.36644],[-2.90146,52.3661],[-2.90205,52.3658],[-2.90238,52.36708],[-2.90081,52.36727],[-2.90211,52.36961],[-2.90312,52.37006],[-2.90605,52.37023],[-2.90728,52.36987],[-2.90849,52.37019],[-2.91035,52.37212],[-2.91351,52.37251],[-2.91469,52.37382],[-2.91678,52.37442],[-2.92231,52.37515],[-2.9225,52.37647],[-2.92212,52.37701],[-2.92036,52.37691],[-2.91973,52.37838],[-2.9164,52.3809],[-2.91538,52.38102],[-2.91401,52.38213],[-2.91411,52.38245],[-2.91446,52.38232],[-2.91552,52.38287],[-2.91625,52.38377],[-2.91747,52.38386],[-2.91786,52.38421],[-2.91956,52.38454],[-2.91787,52.38616],[-2.91598,52.38581],[-2.91329,52.38625],[-2.90543,52.38578],[-2.90534,52.3851],[-2.90409,52.38431],[-2.90334,52.38421],[-2.90246,52.38295],[-2.89917,52.3816],[-2.89821,52.38152],[-2.89783,52.37979],[-2.8969,52.37965],[-2.89442,52.38008],[-2.893,52.37962],[-2.89281,52.37916],[-2.89532,52.37437],[-2.89297,52.37412],[-2.89262,52.3745],[-2.8913,52.37453],[-2.89107,52.37477],[-2.8911,52.37553],[-2.89273,52.37564],[-2.89259,52.37599],[-2.89175,52.37623],[-2.89056,52.37602],[-2.89041,52.37639],[-2.88915,52.37689],[-2.88929,52.37766],[-2.88842,52.37748],[-2.88823,52.37805],[-2.88765,52.3778],[-2.88651,52.37851],[-2.88694,52.37876],[-2.88659,52.3794],[-2.88791,52.37999],[-2.88726,52.38006],[-2.88698,52.38119],[-2.88784,52.38167],[-2.88813,52.38254],[-2.88782,52.38285],[-2.88873,52.38392],[-2.88846,52.38515],[-2.8856,52.38579],[-2.88381,52.38692],[-2.8833,52.38669],[-2.87959,52.38672],[-2.87955,52.38624],[-2.87786,52.38622],[-2.87465,52.38692],[-2.87409,52.3866],[-2.86379,52.38871],[-2.85808,52.3937],[-2.8568,52.39418],[-2.85544,52.3953],[-2.85224,52.39544],[-2.84978,52.39509],[-2.84074,52.39235],[-2.83246,52.39195],[-2.82846,52.3912]]]}},{"type":"Feature","properties":{"id":"E01014052","name":"E01014052","parent":"E06000019","type":"LSOA","pop":1467,"r":0,"ff":0,"ffd":0.0,"ffs":null,"g":0,"co":3,"mo":3,"sa":3,"ic":3},"geometry":{"type":"Polygon","coordinates":[[[-2.79423,52.37062],[-2.79339,52.36842],[-2.79341,52.36721],[-2.79238,52.36607],[-2.79213,52.36511],[-2.7936,52.36374],[-2.79366,52.36272],[-2.79544,52.36124],[-2.79562,52.36044],[-2.7954,52.35927],[-2.79242,52.35686],[-2.79091,52.35784],[-2.78887,52.35798],[-2.78612,52.35754],[-2.78304,52.35866],[-2.78183,52.35821],[-2.77854,52.35805],[-2.77677,52.35842],[-2.7748,52.35833],[-2.77019,52.35878],[-2.76685,52.3595],[-2.76145,52.35947],[-2.75962,52.35926],[-2.75885,52.35887],[-2.75212,52.35926],[-2.74928,52.35927],[-2.74862,52.35902],[-2.75066,52.35802],[-2.7509,52.35721],[-2.75033,52.35595],[-2.75242,52.35596],[-2.75413,52.3546],[-2.75805,52.35416],[-2.76013,52.35217],[-2.76274,52.35158],[-2.76441,52.35044],[-2.76433,52.34968],[-2.76311,52.34825],[-2.76305,52.34708],[-2.76716,52.34483],[-2.76833,52.34302],[-2.76832,52.3401],[-2.76887,52.33964],[-2.76977,52.33971],[-2.76897,52.33949],[-2.76955,52.33805],[-2.76923,52.33725],[-2.76732,52.33589],[-2.76712,52.33503],[-2.77018,52.3329],[-2.77112,52.3317],[-2.77225,52.33127],[-2.77164,52.33116],[-2.77152,52.33036],[-2.7737,52.32897],[-2.77431,52.32781],[-2.77671,52.32696],[-2.77882,52.32682],[-2.77807,52.32561],[-2.77608,52.32462],[-2.7737,52.32403],[-2.77741,52.32341],[-2.77988,52.32209],[-2.7783,52.31961],[-2.77877,52.3192],[-2.78103,52.31909],[-2.7824,52.31807],[-2.78366,52.31768],[-2.78589,52.31461],[-2.79071,52.31083],[-2.78939,52.31014],[-2.79076,52.30864],[-2.79673,52.30524],[-2.79855,52.30562],[-2.7974,52.30459],[-2.79859,52.30364],[-2.79805,52.30258],[-2.80697,52.29848],[-2.81141,52.29757],[-2.81319,52.29602],[-2.81556,52.29497],[-2.81691,52.29471],[-2.81878,52.2925],[-2.83109,52.28615],[-2.83154,52.28451],[-2.83421,52.28146],[-2.83427,52.28081],[-2.83923,52.28089],[-2.83896,52.28004],[-2.84162,52.27589],[-2.84232,52.27304],[-2.84338,52.27198],[-2.84345,52.27162],[-2.84259,52.27154],[-2.84293,52.27051],[-2.84374,52.27053],[-2.84339,52.26924],[-2.84396,52.26822],[-2.84337,52.2678],[-2.84399,52.26761],[-2.84354,52.26584],[-2.84496,52.26594],[-2.84686,52.26512],[-2.8475,52.26548],[-2.85157,52.26556],[-2.85393,52.26597],[-2.86291,52.26613],[-2.86646,52.26712],[-2.86747,52.26692],[-2.87322,52.26805],[-2.87779,52.27054],[-2.87902,52.27156],[-2.87927,52.27331],[-2.87887,52.27443],[-2.88031,52.27588],[-2.88528,52.27712],[-2.90243,52.27442],[-2.91001,52.27228],[-2.9114,52.27156],[-2.91335,52.26919],[-2.91359,52.26812],[-2.91277,52.26508],[-2.91072,52.26045],[-2.91145,52.2592],[-2.91082,52.25778],[-2.91161,52.25714],[-2.91143,52.25625],[-2.91353,52.25618],[-2.9149,52.25547],[-2.91555,52.25482],[-2.92058,52.25409],[-2.92158,52.25495],[-2.92539,52.25525],[-2.92842,52.25505],[-2.92873,52.25642],[-2.9277,52.25678],[-2.92742,52.25745],[-2.92829,52.25906],[-2.92666,52.26066],[-2.93104,52.26077],[-2.93647,52.26017],[-2.94429,52.25756],[-2.9472,52.25709],[-2.94952,52.25705],[-2.95064,52.2585],[-2.95222,52.2591],[-2.96031,52.25764],[-2.9628,52.25751],[-2.96397,52.25722],[-2.96592,52.2561],[-2.96682,52.2567],[-2.96658,52.25743],[-2.96761,52.25847],[-2.96994,52.25707],[-2.97023,52.25737],[-2.9697,52.25852],[-2.96998,52.25923],[-2.97756,52.2575],[-2.9791,52.25913],[-2.97821,52.25975],[-2.97258,52.26082],[-2.97177,52.26125],[-2.97003,52.26114],[-2.97003,52.26173],[-2.96914,52.26159],[-2.96753,52.26186],[-2.96707,52.26143],[-2.96676,52.26181],[-2.96559,52.26203],[-2.96583,52.2624],[-2.96499,52.26234],[-2.96445,52.26325],[-2.96471,52.26399],[-2.96375,52.26428],[-2.96442,52.26506],[-2.96506,52.26812],[-2.96058,52.26887],[-2.95738,52.26992],[-2.95595,52.27092],[-2.95569,52.27029],[-2.95463,52.26987],[-2.94963,52.26947],[-2.95088,52.27003],[-2.95146,52.27084],[-2.95449,52.27162],[-2.95513,52.27134],[-2.95497,52.27167],[-2.95692,52.27197],[-2.95713,52.27173],[-2.95819,52.27175],[-2.95877,52.27211],[-2.9599,52.27196],[-2.95979,52.27227],[-2.96036,52.27247],[-2.96131,52.27261],[-2.96143,52.27227],[-2.96341,52.27262],[-2.9633,52.27373],[-2.96509,52.27431],[-2.96702,52.27368],[-2.96734,52.27394],[-2.96938,52.27364],[-2.97026,52.27397],[-2.97301,52.27358],[-2.97303,52.27325],[-2.9742,52.27352],[-2.97421,52.27314],[-2.97488,52.27335],[-2.97494,52.27301],[-2.97563,52.27321],[-2.97546,52.27351],[-2.97691,52.27356],[-2.97799,52.27301],[-2.97888,52.27328],[-2.97865,52.27278],[-2.97906,52.27264],[-2.97943,52.27316],[-2.98019,52.27302],[-2.98058,52.27345],[-2.98475,52.27293],[-2.98601,52.27323],[-2.9872,52.27307],[-2.98688,52.27361],[-2.98786,52.2735],[-2.98847,52.27296],[-2.99026,52.27368],[-2.99148,52.27314],[-2.99241,52.27351],[-2.99222,52.27303],[-2.99267,52.27285],[-2.99309,52.27345],[-2.99451,52.27324],[-2.99488,52.27367],[-2.99459,52.27437],[-2.99547,52.27464],[-2.99551,52.27543],[-2.99602,52.27579],[-2.9969,52.27544],[-2.99708,52.27494],[-2.9995,52.27533],[-2.99941,52.27485],[-3.00102,52.27521],[-3.0017,52.27508],[-3.00428,52.27577],[-3.00517,52.27637],[-3.00565,52.2762],[-3.0062,52.27651],[-3.00653,52.27613],[-3.0074,52.27627],[-3.00807,52.27663],[-3.0072,52.27676],[-3.00728,52.27699],[-3.00841,52.27716],[-3.0096,52.27704],[-3.01086,52.27751],[-3.01166,52.27741],[-3.0126,52.27927],[-3.01136,52.27989],[-3.0105,52.2815],[-3.01076,52.28172],[-3.00985,52.2821],[-3.00934,52.28284],[-3.00948,52.28495],[-3.01002,52.28515],[-3.00969,52.28575],[-3.01069,52.28613],[-3.01098,52.28709],[-3.01198,52.28789],[-3.00975,52.28891],[-3.00817,52.29029],[-3.00552,52.29068],[-3.00464,52.29189],[-3.00534,52.294],[-3.00408,52.29707],[-3.00129,52.30008],[-3.0006,52.30441],[-3.00142,52.30655],[-3.00361,52.30929],[-3.00385,52.31123],[-3.00173,52.31763],[-3.00161,52.31881],[-3.00213,52.32001],[-3.00156,52.32034],[-3.00087,52.32177],[-2.99715,52.32453],[-2.99046,52.32467],[-2.98958,52.32396],[-2.98603,52.32347],[-2.98319,52.32513],[-2.98108,52.327],[-2.97928,52.32734],[-2.97789,52.32796],[-2.97443,52.3281],[-2.97217,52.32924],[-2.97038,52.32928],[-2.96891,52.32897],[-2.96684,52.3295],[-2.96729,52.33068],[-2.9668,52.33243],[-2.96165,52.33594],[-2.96062,52.33922],[-2.95647,52.34438],[-2.95473,52.34925],[-2.95386,52.34926],[-2.95291,52.34878],[-2.94891,52.34941],[-2.94748,52.34925],[-2.94437,52.35],[-2.94325,52.34988],[-2.93315,52.35005],[-2.93563,52.35144],[-2.93617,52.35293],[-2.93456,52.35311],[-2.93424,52.35408],[-2.93139,52.35329],[-2.93063,52.35493],[-2.93189,52.35629],[-2.93465,52.35769],[-2.93536,52.35874],[-2.93889,52.36106],[-2.93813,52.36106],[-2.93827,52.36153],[-2.93667,52.36223],[-2.93669,52.36197],[-2.93625,52.36225],[-2.93465,52.36221],[-2.93393,52.36174],[-2.93115,52.36288],[-2.93055,52.36281],[-2.9289,52.36507],[-2.92837,52.36524],[-2.92809,52.3661],[-2.92614,52.367],[-2.92407,52.36715],[-2.92039,52.36829],[-2.91993,52.36785],[-2.91865,52.36816],[-2.91746,52.36776],[-2.91518,52.36885],[-2.91449,52.36852],[-2.91404,52.36871],[-2.91171,52.3686],[-2.91065,52.36806],[-2.90715,52.36834],[-2.90647,52.36834],[-2.90617,52.36804],[-2.90502,52.36819],[-2.90471,52.36774],[-2.90308,52.36757],[-2.90238,52.36708],[-2.90205,52.3658],[-2.90146,52.3661],[-2.89881,52.36644],[-2.8985,52.36608],[-2.89679,52.36639],[-2.89561,52.36604],[-2.89369,52.36697],[-2.89279,52.36701],[-2.89326,52.36651],[-2.89306,52.36417],[-2.89343,52.36315],[-2.8927,52.36182],[-2.89114,52.36169],[-2.88662,52.35988],[-2.88453,52.36009],[-2.88134,52.3591],[-2.87999,52.35938],[-2.87957,52.35911],[-2.88164,52.35685],[-2.88092,52.35593],[-2.88539,52.34992],[-2.88564,52.34902],[-2.88713,52.34917],[-2.89089,52.34729],[-2.89511,52.34589],[-2.89453,52.34446],[-2.89468,52.34246],[-2.89583,52.34165],[-2.89625,52.34053],[-2.89765,52.33973],[-2.89584,52.33865],[-2.89326,52.33822],[-2.89293,52.33666],[-2.89394,52.33561],[-2.89425,52.33372],[-2.89574,52.33291],[-2.89549,52.33265],[-2.89659,52.33151],[-2.89558,52.33113],[-2.90128,52.32146],[-2.9043,52.31982],[-2.90646,52.31593],[-2.90813,52.31439],[-2.91021,52.31389],[-2.91177,52.31406],[-2.9197,52.31372],[-2.92069,52.3135],[-2.92,52.31227],[-2.91792,52.31029],[-2.91691,52.30872],[-2.91717,52.30664],[-2.91631,52.30559],[-2.91586,52.30408],[-2.9171,52.29746],[-2.91971,52.29538],[-2.92054,52.29385],[-2.91856,52.29352],[-2.91763,52.29219],[-2.91853,52.28968],[-2.91824,52.28937],[-2.92035,52.28775],[-2.91887,52.28701],[-2.91654,52.28663],[-2.91363,52.28757],[-2.91198,52.28715],[-2.90623,52.28998],[-2.90304,52.29092],[-2.89941,52.29067],[-2.89563,52.29198],[-2.89428,52.29296],[-2.89579,52.29699],[-2.89129,52.29901],[-2.89003,52.29927],[-2.88916,52.30017],[-2.88945,52.30136],[-2.88856,52.30197],[-2.88134,52.30273],[-2.8792,52.30368],[-2.87902,52.30333],[-2.87663,52.30303],[-2.8758,52.30224],[-2.87235,52.30185],[-2.86896,52.30257],[-2.86647,52.3039],[-2.86374,52.30328],[-2.86211,52.30388],[-2.86173,52.30341],[-2.85973,52.3025],[-2.85921,52.30176],[-2.85183,52.30203],[-2.851,52.30172],[-2.85066,52.30114],[-2.84937,52.30081],[-2.8453,52.30216],[-2.84259,52.30356],[-2.84137,52.30359],[-2.83983,52.30439],[-2.83954,52.30526],[-2.84013,52.30635],[-2.83849,52.3084],[-2.83931,52.30939],[-2.83994,52.30942],[-2.84038,52.30986],[-2.83989,52.31028],[-2.84,52.3108],[-2.84132,52.3126],[-2.84178,52.3126],[-2.84479,52.31489],[-2.84407,52.31609],[-2.84562,52.31845],[-2.84503,52.3201],[-2.84524,52.32118],[-2.84679,52.32218],[-2.84707,52.3234],[-2.84782,52.32422],[-2.84942,52.32471],[-2.84838,52.32594],[-2.8504,52.32605],[-2.85234,52.32536],[-2.8533,52.32625],[-2.85495,52.32583],[-2.85542,52.32633],[-2.85416,52.32689],[-2.85437,52.32724],[-2.85484,52.32697],[-2.85581,52.32703],[-2.85743,52.32763],[-2.8553,52.32796],[-2.85539,52.32843],[-2.85684,52.32858],[-2.85746,52.32906],[-2.85558,52.3294],[-2.85477,52.33007],[-2.85373,52.32997],[-2.8528,52.33193],[-2.85426,52.33579],[-2.8557,52.33544],[-2.85636,52.33604],[-2.85213,52.33682],[-2.85189,52.3376],[-2.85242,52.33784],[-2.85187,52.339],[-2.85202,52.33977],[-2.84949,52.34046],[-2.84744,52.34175],[-2.84712,52.3425],[-2.84833,52.34328],[-2.85041,52.34318],[-2.85097,52.34376],[-2.85044,52.34398],[-2.85058,52.34438],[-2.85334,52.34603],[-2.85212,52.34634],[-2.84713,52.3464],[-2.84757,52.34774],[-2.84533,52.34788],[-2.84568,52.34853],[-2.84814,52.34824],[-2.84879,52.34897],[-2.85069,52.34859],[-2.8523,52.34889],[-2.85242,52.3492],[-2.8549,52.35026],[-2.8549,52.35085],[-2.854,52.35104],[-2.85537,52.35346],[-2.85496,52.35359],[-2.85638,52.35672],[-2.85242,52.35832],[-2.853,52.36004],[-2.85075,52.36112],[-2.85071,52.3609],[-2.84878,52.36073],[-2.84886,52.36175],[-2.84987,52.36179],[-2.8447,52.36675],[-2.84361,52.36907],[-2.83927,52.36972],[-2.83418,52.37137],[-2.82979,52.37104],[-2.82646,52.36998],[-2.82508,52.3699],[-2.82273,52.37004],[-2.8208,52.37063],[-2.82012,52.3713],[-2.81572,52.37073],[-2.81133,52.36924],[-2.80987,52.36841],[-2.80718,52.36986],[-2.80317,52.37028],[-2.80186,52.37139],[-2.79865,52.37266],[-2.79693,52.3736],[-2.79365,52.37434],[-2.7927,52.37543],[-2.79251,52.37528],[-2.79225,52.37369],[-2.7928,52.37259],[-2.79409,52.37152],[-2.79423,52.37062]]]}},{"type":"Feature","properties":{"id":"E01014053","name":"E01014053","parent":"E06000019","type":"LSOA","pop":1807,"r":11,"ff":6,"ffd":332.0,"ffs":0.5455,"g":0,"co":3,"mo":3,"sa":3,"ic":3},"geometry":{"type":"Polygon","coordinates":[[[-2.58382,51.99526],[-2.57679,51.99302],[-2.57772,51.99028],[-2.57921,51.98877],[-2.57577,51.98662],[-2.57487,51.98539],[-2.57131,51.98453],[-2.57137,51.98421],[-2.56922,51.98335],[-2.56451,51.97838],[-2.55633,51.98127],[-2.55521,51.97972],[-2.55476,51.97806],[-2.55375,51.97733],[-2.55359,51.97649],[-2.55256,51.9763],[-2.55216,51.97652],[-2.55034,51.97541],[-2.55068,51.97309],[-2.54928,51.97159],[-2.54757,51.96709],[-2.54458,51.96433],[-2.54209,51.96325],[-2.5392,51.96314],[-2.53802,51.9627],[-2.53497,51.96018],[-2.53312,51.95996],[-2.53246,51.95945],[-2.52905,51.96089],[-2.52547,51.96181],[-2.52187,51.96203],[-2.51942,51.96149],[-2.51242,51.96436],[-2.51032,51.96385],[-2.5079,51.96077],[-2.50597,51.96025],[-2.50594,51.95952],[-2.50466,51.95939],[-2.50388,51.95982],[-2.50298,51.95943],[-2.50262,51.95987],[-2.50153,51.96007],[-2.50085,51.96053],[-2.49662,51.96033],[-2.49661,51.95963],[-2.49752,51.95879],[-2.49312,51.95735],[-2.49019,51.95498],[-2.48752,51.95687],[-2.48611,51.95742],[-2.48388,51.95677],[-2.48244,51.95567],[-2.48111,51.9561],[-2.47924,51.95573],[-2.4773,51.95626],[-2.47576,51.95633],[-2.47519,51.9557],[-2.4746,51.95574],[-2.47373,51.95654],[-2.47252,51.95534],[-2.47222,51.95545],[-2.47053,51.95312],[-2.46782,51.95195],[-2.46549,51.9517],[-2.46603,51.95036],[-2.46448,51.94849],[-2.46546,51.94677],[-2.46527,51.94554],[-2.46487,51.9446],[-2.46373,51.94364],[-2.46494,51.94276],[-2.46499,51.94223],[-2.46546,51.9422],[-2.46478,51.94178],[-2.46504,51.94135],[-2.46465,51.94125],[-2.46427,51.94025],[-2.46463,51.94011],[-2.46403,51.93998],[-2.46438,51.93969],[-2.46338,51.93927],[-2.46358,51.93857],[-2.46409,51.93871],[-2.46424,51.93838],[-2.46543,51.93801],[-2.46583,51.93727],[-2.46696,51.93757],[-2.46788,51.93738],[-2.46957,51.93801],[-2.4697,51.9386],[-2.47102,51.93872],[-2.47119,51.93946],[-2.47186,51.9398],[-2.47396,51.94022],[-2.47692,51.94024],[-2.47778,51.9415],[-2.48002,51.94155],[-2.48296,51.94219],[-2.48682,51.94183],[-2.48848,51.94022],[-2.49029,51.93932],[-2.49075,51.93831],[-2.49634,51.93656],[-2.50142,51.93595],[-2.50545,51.93397],[-2.50819,51.93313],[-2.51195,51.93086],[-2.51268,51.92998],[-2.51789,51.93016],[-2.52317,51.92886],[-2.52485,51.92876],[-2.5288,51.92766],[-2.53177,51.9274],[-2.53535,51.9283],[-2.53717,51.92833],[-2.53868,51.92811],[-2.54598,51.92574],[-2.54784,51.92692],[-2.54963,51.9276],[-2.5502,51.92905],[-2.5522,51.92968],[-2.55261,51.92896],[-2.55374,51.92912],[-2.55365,51.92971],[-2.55442,51.92965],[-2.55448,51.9301],[-2.55569,51.93026],[-2.55576,51.93067],[-2.55939,51.93145],[-2.56173,51.93127],[-2.56321,51.93165],[-2.56402,51.93107],[-2.56475,51.9297],[-2.5678,51.92901],[-2.5695,51.92915],[-2.5735,51.92867],[-2.57653,51.929],[-2.5803,51.92799],[-2.58384,51.92777],[-2.58914,51.92678],[-2.59048,51.92613],[-2.5899,51.92486],[-2.59039,51.92367],[-2.59329,51.92287],[-2.59356,51.92155],[-2.59478,51.92097],[-2.59528,51.92485],[-2.59675,51.92678],[-2.59828,51.92741],[-2.60187,51.92726],[-2.60354,51.92756],[-2.60494,51.92828],[-2.6073,51.93098],[-2.60827,51.93329],[-2.60861,51.93689],[-2.60792,51.93994],[-2.60745,51.94063],[-2.60662,51.94091],[-2.60549,51.94053],[-2.60318,51.93863],[-2.60145,51.93833],[-2.60052,51.93868],[-2.60011,51.93928],[-2.60114,51.94149],[-2.60097,51.94281],[-2.59927,51.94521],[-2.59381,51.94824],[-2.59551,51.9495],[-2.59807,51.95071],[-2.59619,51.95249],[-2.59712,51.95294],[-2.59515,51.9543],[-2.58699,51.95791],[-2.58994,51.95937],[-2.58939,51.95982],[-2.5899,51.9613],[-2.59085,51.9628],[-2.59181,51.96338],[-2.59966,51.96091],[-2.60287,51.95708],[-2.60378,51.95468],[-2.6056,51.95362],[-2.6075,51.95328],[-2.60832,51.95389],[-2.60949,51.95579],[-2.61088,51.956],[-2.61315,51.95558],[-2.6162,51.95418],[-2.62088,51.951],[-2.62412,51.9496],[-2.62659,51.94736],[-2.62798,51.94673],[-2.62925,51.94683],[-2.63251,51.94872],[-2.63446,51.94897],[-2.63837,51.94852],[-2.64279,51.94618],[-2.64752,51.9454],[-2.6515,51.94558],[-2.6534,51.94637],[-2.65573,51.94954],[-2.66037,51.95329],[-2.66161,51.95544],[-2.65872,51.95886],[-2.65804,51.96329],[-2.65639,51.96587],[-2.65337,51.96838],[-2.64473,51.97031],[-2.63949,51.97067],[-2.63577,51.9716],[-2.63164,51.97188],[-2.62705,51.97273],[-2.62367,51.97405],[-2.61913,51.97481],[-2.61501,51.97606],[-2.60744,51.97966],[-2.60104,51.98472],[-2.60034,51.98623],[-2.6008,51.9879],[-2.59977,51.98865],[-2.5993,51.98982],[-2.59946,51.99084],[-2.5982,51.99241],[-2.59813,51.99277],[-2.59923,51.99298],[-2.59942,51.99349],[-2.59656,51.99413],[-2.58985,51.99357],[-2.58836,51.99573],[-2.58656,51.99738],[-2.58382,51.99526]]]}},{"type":"Feature","properties":{"id":"E01014054","name":"E01014054","parent":"E06000019","type":"LSOA","pop":1349,"r":1,"ff":1,"ffd":74.1,"ffs":1.0,"g":0,"co":1,"mo":3,"sa":3,"ic":1},"geometry":{"type":"Polygon","coordinates":[[[-2.53548,52.04414],[-2.53942,52.03988],[-2.53794,52.03916],[-2.54024,52.03794],[-2.53884,52.03737],[-2.5374,52.03723],[-2.53745,52.03693],[-2.53633,52.03682],[-2.53406,52.03581],[-2.53128,52.03595],[-2.53108,52.03576],[-2.53183,52.03514],[-2.53164,52.03459],[-2.53028,52.03439],[-2.53306,52.0325],[-2.53173,52.0326],[-2.52944,52.03354],[-2.52917,52.03335],[-2.52971,52.03307],[-2.5264,52.03121],[-2.52662,52.03051],[-2.5261,52.02998],[-2.52587,52.03013],[-2.52431,52.02912],[-2.52481,52.02814],[-2.52275,52.02756],[-2.52169,52.0261],[-2.52214,52.02582],[-2.5183,52.02216],[-2.51754,52.0205],[-2.5162,52.02023],[-2.51401,52.02141],[-2.51352,52.02076],[-2.51213,52.02156],[-2.50914,52.01927],[-2.50651,52.01848],[-2.50567,52.01788],[-2.50419,52.01839],[-2.50461,52.01899],[-2.50359,52.01939],[-2.50311,52.01871],[-2.50124,52.01932],[-2.50009,52.0187],[-2.49836,52.01839],[-2.49787,52.01798],[-2.49834,52.01706],[-2.49771,52.01685],[-2.49734,52.01648],[-2.49776,52.01631],[-2.49614,52.01531],[-2.49662,52.01396],[-2.4952,52.01357],[-2.49511,52.01255],[-2.49348,52.01151],[-2.49259,52.01146],[-2.49266,52.01093],[-2.49147,52.01081],[-2.49125,52.01049],[-2.49211,52.0083],[-2.49157,52.00651],[-2.49087,52.00596],[-2.48939,52.0059],[-2.48973,52.00511],[-2.48729,52.00341],[-2.4855,52.00033],[-2.48482,52.0004],[-2.48344,52.00017],[-2.47884,52.00041],[-2.47766,52.00015],[-2.47694,51.99926],[-2.47514,51.9982],[-2.47542,51.99751],[-2.47438,51.99708],[-2.47352,51.99609],[-2.471,51.99483],[-2.47261,51.99392],[-2.47406,51.99348],[-2.47403,51.99315],[-2.47487,51.99281],[-2.47712,51.99277],[-2.47891,51.99201],[-2.48,51.99137],[-2.48025,51.99052],[-2.48164,51.9895],[-2.4826,51.98822],[-2.48677,51.98802],[-2.48864,51.98741],[-2.48969,51.98625],[-2.49032,51.98351],[-2.49115,51.9834],[-2.4913,51.98192],[-2.49313,51.98177],[-2.49491,51.98108],[-2.4949,51.9802],[-2.49557,51.97991],[-2.49636,51.97751],[-2.4965,51.97611],[-2.49513,51.97112],[-2.49392,51.97024],[-2.49301,51.96861],[-2.49244,51.96673],[-2.49295,51.96469],[-2.49224,51.96413],[-2.49338,51.96389],[-2.49576,51.96442],[-2.49725,51.96419],[-2.49757,51.96379],[-2.49903,51.96372],[-2.49994,51.96257],[-2.49987,51.96154],[-2.50153,51.96007],[-2.50262,51.95987],[-2.50298,51.95943],[-2.50388,51.95982],[-2.50466,51.95939],[-2.50594,51.95952],[-2.50597,51.96025],[-2.5079,51.96077],[-2.51032,51.96385],[-2.51242,51.96436],[-2.51942,51.96149],[-2.52187,51.96203],[-2.52547,51.96181],[-2.52905,51.96089],[-2.53246,51.95945],[-2.53312,51.95996],[-2.53497,51.96018],[-2.53802,51.9627],[-2.5392,51.96314],[-2.54209,51.96325],[-2.54458,51.96433],[-2.54757,51.96709],[-2.54928,51.97159],[-2.55068,51.97309],[-2.55034,51.97541],[-2.55216,51.97652],[-2.55256,51.9763],[-2.55359,51.97649],[-2.55375,51.97733],[-2.55476,51.97806],[-2.55521,51.97972],[-2.55633,51.98127],[-2.56451,51.97838],[-2.56922,51.98335],[-2.57137,51.98421],[-2.57131,51.98453],[-2.57487,51.98539],[-2.57577,51.98662],[-2.57921,51.98877],[-2.57772,51.99028],[-2.57679,51.99302],[-2.58382,51.99526],[-2.58656,51.99738],[-2.58743,51.99839],[-2.58643,51.99887],[-2.58684,52.00051],[-2.5866,52.00211],[-2.58263,52.00539],[-2.58423,52.00601],[-2.58423,52.00676],[-2.58556,52.0069],[-2.58542,52.00825],[-2.58684,52.00843],[-2.5883,52.00922],[-2.58836,52.00983],[-2.58966,52.0099],[-2.59121,52.0108],[-2.59269,52.01306],[-2.59653,52.01342],[-2.5967,52.01423],[-2.59602,52.01556],[-2.59306,52.01831],[-2.59297,52.01883],[-2.59188,52.01934],[-2.59034,52.02114],[-2.58771,52.02243],[-2.58533,52.02498],[-2.58468,52.02726],[-2.58488,52.0281],[-2.58573,52.02896],[-2.58545,52.02954],[-2.58359,52.03047],[-2.58215,52.03166],[-2.58154,52.03354],[-2.58242,52.03359],[-2.58327,52.03424],[-2.58369,52.03405],[-2.58446,52.03429],[-2.58475,52.03482],[-2.58569,52.03487],[-2.58678,52.03574],[-2.58857,52.03634],[-2.58712,52.03725],[-2.58549,52.03746],[-2.58476,52.03808],[-2.5832,52.03808],[-2.58128,52.03859],[-2.57609,52.0378],[-2.57119,52.03789],[-2.57112,52.03762],[-2.5706,52.03763],[-2.57027,52.03797],[-2.56846,52.038],[-2.56571,52.03939],[-2.56306,52.03997],[-2.56257,52.04064],[-2.56097,52.04168],[-2.55789,52.04178],[-2.55628,52.04286],[-2.55499,52.04264],[-2.55346,52.04129],[-2.55199,52.04356],[-2.54654,52.04737],[-2.54455,52.04827],[-2.54239,52.04759],[-2.54047,52.04609],[-2.53689,52.04496],[-2.53548,52.04414]]]}},{"type":"Feature","properties":{"id":"E01014055","name":"E01014055","parent":"E06000019","type":"LSOA","pop":1662,"r":1,"ff":0,"ffd":0.0,"ffs":0.0,"g":0,"co":3,"mo":3,"sa":3,"ic":3},"geometry":{"type":"Polygon","coordinates":[[[-2.87322,52.26805],[-2.86747,52.26692],[-2.86646,52.26712],[-2.86291,52.26613],[-2.85393,52.26597],[-2.85157,52.26556],[-2.8475,52.26548],[-2.84686,52.26512],[-2.84496,52.26594],[-2.84354,52.26584],[-2.83786,52.24793],[-2.83971,52.24719],[-2.84245,52.24749],[-2.84521,52.24718],[-2.84822,52.24738],[-2.84973,52.24658],[-2.85069,52.24507],[-2.85323,52.24367],[-2.8533,52.24289],[-2.85574,52.24113],[-2.85778,52.24051],[-2.85998,52.24029],[-2.86256,52.23968],[-2.86551,52.24021],[-2.86639,52.24005],[-2.86739,52.24052],[-2.8673,52.24028],[-2.86778,52.2404],[-2.86914,52.23979],[-2.86955,52.23926],[-2.8707,52.23908],[-2.87128,52.23943],[-2.87246,52.23931],[-2.87295,52.23833],[-2.87461,52.23847],[-2.87646,52.23803],[-2.87769,52.23813],[-2.87842,52.23777],[-2.8792,52.23803],[-2.88274,52.23712],[-2.88508,52.23723],[-2.88698,52.23695],[-2.88724,52.23144],[-2.89391,52.23159],[-2.89263,52.22439],[-2.89188,52.22313],[-2.89024,52.22307],[-2.89085,52.22262],[-2.88979,52.22222],[-2.88926,52.22284],[-2.88758,52.22286],[-2.88761,52.22323],[-2.88827,52.22346],[-2.88725,52.22374],[-2.88642,52.22362],[-2.88688,52.22335],[-2.88559,52.22232],[-2.88275,52.22398],[-2.88198,52.22412],[-2.88157,52.22282],[-2.87999,52.22314],[-2.87773,52.22169],[-2.87701,52.22168],[-2.87607,52.22104],[-2.87383,52.22083],[-2.87434,52.22032],[-2.87362,52.21849],[-2.87385,52.21764],[-2.87478,52.21613],[-2.87527,52.21359],[-2.87832,52.21257],[-2.88101,52.2102],[-2.88274,52.2094],[-2.8837,52.20764],[-2.88224,52.20662],[-2.88282,52.20569],[-2.88237,52.20383],[-2.88269,52.20356],[-2.88208,52.20276],[-2.87948,52.20141],[-2.87833,52.20165],[-2.87797,52.20141],[-2.87973,52.20088],[-2.88171,52.2009],[-2.88187,52.20049],[-2.88444,52.19955],[-2.88702,52.20068],[-2.88857,52.20039],[-2.88807,52.20113],[-2.8898,52.20189],[-2.8897,52.20313],[-2.89022,52.2042],[-2.89063,52.20402],[-2.89168,52.20531],[-2.89411,52.20696],[-2.89545,52.20628],[-2.89638,52.20696],[-2.89869,52.21035],[-2.90763,52.20701],[-2.91096,52.20699],[-2.91285,52.20318],[-2.91363,52.20261],[-2.91795,52.20135],[-2.92532,52.2052],[-2.93,52.20607],[-2.93089,52.20489],[-2.93312,52.20437],[-2.94604,52.20477],[-2.94521,52.20656],[-2.94639,52.20675],[-2.94653,52.20788],[-2.94606,52.20828],[-2.94752,52.20988],[-2.94421,52.21216],[-2.94425,52.21267],[-2.94494,52.21312],[-2.94449,52.21396],[-2.94477,52.21554],[-2.9477,52.21683],[-2.95001,52.21925],[-2.9523,52.21939],[-2.95494,52.22052],[-2.95689,52.22076],[-2.95861,52.22054],[-2.95986,52.21994],[-2.96511,52.22196],[-2.96463,52.22351],[-2.9668,52.22335],[-2.96816,52.22227],[-2.96967,52.22325],[-2.96958,52.22362],[-2.968,52.22421],[-2.96732,52.22489],[-2.96791,52.22568],[-2.96605,52.22633],[-2.96543,52.22719],[-2.96381,52.2269],[-2.96351,52.22773],[-2.9609,52.2282],[-2.95876,52.22967],[-2.9576,52.23002],[-2.95458,52.22936],[-2.9529,52.22974],[-2.95312,52.23044],[-2.95162,52.23004],[-2.95152,52.23058],[-2.95051,52.23089],[-2.9494,52.23043],[-2.94704,52.23098],[-2.94598,52.23161],[-2.94572,52.23226],[-2.9472,52.23492],[-2.94696,52.23581],[-2.94578,52.2355],[-2.94445,52.23588],[-2.94282,52.23592],[-2.93933,52.23704],[-2.93752,52.23658],[-2.93725,52.23613],[-2.93569,52.23602],[-2.9353,52.23504],[-2.93076,52.23528],[-2.92979,52.23454],[-2.92733,52.23362],[-2.92444,52.23321],[-2.92321,52.23214],[-2.921,52.23228],[-2.91868,52.23111],[-2.91442,52.23431],[-2.91112,52.23785],[-2.90664,52.24001],[-2.91032,52.24198],[-2.91242,52.2442],[-2.91557,52.24566],[-2.92052,52.24902],[-2.91963,52.24955],[-2.91987,52.25026],[-2.91902,52.25067],[-2.91979,52.25314],[-2.92058,52.25409],[-2.91555,52.25482],[-2.9149,52.25547],[-2.91353,52.25618],[-2.91143,52.25625],[-2.91161,52.25714],[-2.91082,52.25778],[-2.91145,52.2592],[-2.91072,52.26045],[-2.91277,52.26508],[-2.91359,52.26812],[-2.91335,52.26919],[-2.9114,52.27156],[-2.91001,52.27228],[-2.90243,52.27442],[-2.88528,52.27712],[-2.88031,52.27588],[-2.87887,52.27443],[-2.87927,52.27331],[-2.87902,52.27156],[-2.87779,52.27054],[-2.87322,52.26805]]]}},{"type":"Feature","properties":{"id":"E01014056","name":"E01014056","parent":"E06000019","type":"LSOA","pop":1428,"r":1,"ff":1,"ffd":70.0,"ffs":1.0,"g":0,"co":1,"mo":3,"sa":3,"ic":3},"geometry":{"type":"Polygon","coordinates":[[[-3.0015,52.26398],[-2.99869,52.26416],[-2.99686,52.26196],[-2.99518,52.2611],[-2.99475,52.26113],[-2.99458,52.26156],[-2.99294,52.26159],[-2.99228,52.26092],[-2.98978,52.2605],[-2.98913,52.26049],[-2.98739,52.26143],[-2.9867,52.26141],[-2.98479,52.26227],[-2.98287,52.26205],[-2.97858,52.26239],[-2.9771,52.26094],[-2.97803,52.26054],[-2.9775,52.25977],[-2.97821,52.25975],[-2.9791,52.25913],[-2.97756,52.2575],[-2.96998,52.25923],[-2.9697,52.25852],[-2.97023,52.25737],[-2.96994,52.25707],[-2.96761,52.25847],[-2.96658,52.25743],[-2.96682,52.2567],[-2.96592,52.2561],[-2.96397,52.25722],[-2.9628,52.25751],[-2.96031,52.25764],[-2.95222,52.2591],[-2.95064,52.2585],[-2.94952,52.25705],[-2.9472,52.25709],[-2.94429,52.25756],[-2.93647,52.26017],[-2.93104,52.26077],[-2.92666,52.26066],[-2.92829,52.25906],[-2.92742,52.25745],[-2.9277,52.25678],[-2.92873,52.25642],[-2.92842,52.25505],[-2.92539,52.25525],[-2.92158,52.25495],[-2.91979,52.25314],[-2.91902,52.25067],[-2.91987,52.25026],[-2.91963,52.24955],[-2.92052,52.24902],[-2.91557,52.24566],[-2.91242,52.2442],[-2.91032,52.24198],[-2.90664,52.24001],[-2.91112,52.23785],[-2.91442,52.23431],[-2.91868,52.23111],[-2.921,52.23228],[-2.92321,52.23214],[-2.92444,52.23321],[-2.92733,52.23362],[-2.92979,52.23454],[-2.93076,52.23528],[-2.9353,52.23504],[-2.93569,52.23602],[-2.93725,52.23613],[-2.93752,52.23658],[-2.93933,52.23704],[-2.94282,52.23592],[-2.94445,52.23588],[-2.94578,52.2355],[-2.94696,52.23581],[-2.9472,52.23492],[-2.94572,52.23226],[-2.94598,52.23161],[-2.94704,52.23098],[-2.9494,52.23043],[-2.95051,52.23089],[-2.95152,52.23058],[-2.95162,52.23004],[-2.95312,52.23044],[-2.9529,52.22974],[-2.95458,52.22936],[-2.9576,52.23002],[-2.95876,52.22967],[-2.9609,52.2282],[-2.96351,52.22773],[-2.96381,52.2269],[-2.96543,52.22719],[-2.96605,52.22633],[-2.96791,52.22568],[-2.96732,52.22489],[-2.968,52.22421],[-2.96958,52.22362],[-2.96967,52.22325],[-2.96816,52.22227],[-2.9668,52.22335],[-2.96463,52.22351],[-2.96511,52.22196],[-2.95986,52.21994],[-2.95861,52.22054],[-2.95689,52.22076],[-2.95494,52.22052],[-2.9523,52.21939],[-2.95001,52.21925],[-2.9477,52.21683],[-2.94477,52.21554],[-2.94449,52.21396],[-2.94494,52.21312],[-2.94425,52.21267],[-2.94421,52.21216],[-2.94752,52.20988],[-2.94606,52.20828],[-2.94653,52.20788],[-2.94639,52.20675],[-2.94521,52.20656],[-2.94604,52.20477],[-2.93312,52.20437],[-2.93089,52.20489],[-2.93,52.20607],[-2.92532,52.2052],[-2.91795,52.20135],[-2.91363,52.20261],[-2.91285,52.20318],[-2.91096,52.20699],[-2.90763,52.20701],[-2.89869,52.21035],[-2.89638,52.20696],[-2.89545,52.20628],[-2.89411,52.20696],[-2.89168,52.20531],[-2.89063,52.20402],[-2.89022,52.2042],[-2.8897,52.20313],[-2.8898,52.20189],[-2.88807,52.20113],[-2.88857,52.20039],[-2.88702,52.20068],[-2.88444,52.19955],[-2.88528,52.19936],[-2.88834,52.1971],[-2.89132,52.19664],[-2.89253,52.19679],[-2.89587,52.19591],[-2.89683,52.19613],[-2.89807,52.19573],[-2.8983,52.19519],[-2.8999,52.19508],[-2.89973,52.1949],[-2.90088,52.1942],[-2.90371,52.19392],[-2.9042,52.1935],[-2.90492,52.1936],[-2.90603,52.1926],[-2.90399,52.19073],[-2.90774,52.18886],[-2.90988,52.18668],[-2.90955,52.18519],[-2.9082,52.18337],[-2.90859,52.18275],[-2.91478,52.17867],[-2.91602,52.17575],[-2.91748,52.1747],[-2.91657,52.17324],[-2.92214,52.17093],[-2.92318,52.16888],[-2.92422,52.1691],[-2.92503,52.16798],[-2.92591,52.16822],[-2.93213,52.1676],[-2.93303,52.16903],[-2.93433,52.16862],[-2.93467,52.16898],[-2.93601,52.16887],[-2.93673,52.16963],[-2.93819,52.17033],[-2.93838,52.17119],[-2.93994,52.17159],[-2.94034,52.17249],[-2.94205,52.17269],[-2.94418,52.1724],[-2.94638,52.17281],[-2.94662,52.17322],[-2.94812,52.17346],[-2.94904,52.17323],[-2.95,52.17435],[-2.95157,52.17401],[-2.95219,52.17562],[-2.953,52.17547],[-2.95319,52.17574],[-2.95477,52.17499],[-2.95727,52.17486],[-2.95988,52.17519],[-2.96152,52.17646],[-2.96618,52.17621],[-2.97037,52.17642],[-2.9859,52.17778],[-2.98932,52.17753],[-2.98996,52.17709],[-2.9913,52.17746],[-2.99174,52.17695],[-2.99227,52.17718],[-2.99309,52.17589],[-2.99474,52.17594],[-2.99757,52.17481],[-3.00449,52.18074],[-3.00948,52.18339],[-3.01093,52.18505],[-3.01097,52.18584],[-3.01192,52.18646],[-3.01199,52.18684],[-3.01099,52.18745],[-3.00941,52.18778],[-3.00976,52.1887],[-3.01164,52.18981],[-3.00991,52.19241],[-3.01038,52.19289],[-3.0138,52.1941],[-3.01496,52.1961],[-3.01722,52.19791],[-3.01854,52.19846],[-3.02093,52.19851],[-3.0217,52.19967],[-3.02112,52.20079],[-3.02139,52.20195],[-3.02042,52.20263],[-3.01895,52.20287],[-3.01905,52.20331],[-3.01992,52.20345],[-3.01983,52.20401],[-3.01929,52.20365],[-3.0188,52.20423],[-3.0179,52.2042],[-3.01731,52.20463],[-3.01646,52.20586],[-3.01477,52.20721],[-3.01535,52.2077],[-3.01299,52.20817],[-3.01195,52.20799],[-3.01101,52.20832],[-3.00913,52.20792],[-3.0087,52.20865],[-3.0081,52.20876],[-3.0053,52.20782],[-3.00168,52.2094],[-2.99616,52.20832],[-2.99566,52.21022],[-2.99458,52.21184],[-2.99495,52.21287],[-2.99412,52.21397],[-2.99339,52.2145],[-2.99277,52.2161],[-2.99163,52.21593],[-2.99081,52.21707],[-2.99104,52.21756],[-2.9933,52.21673],[-2.99505,52.21675],[-2.99637,52.21632],[-2.99786,52.21676],[-2.99818,52.21725],[-2.99962,52.2176],[-3.00072,52.21747],[-3.00194,52.21847],[-3.00462,52.21976],[-3.00606,52.22128],[-3.00644,52.22123],[-3.00672,52.22242],[-3.008,52.22329],[-3.01039,52.22417],[-3.01039,52.22453],[-3.01253,52.22509],[-3.01338,52.22588],[-3.01312,52.22798],[-3.01579,52.22968],[-3.01632,52.23061],[-3.02076,52.232],[-3.02234,52.23192],[-3.02833,52.23261],[-3.02847,52.23172],[-3.03234,52.23161],[-3.03157,52.2295],[-3.03943,52.22911],[-3.04177,52.22981],[-3.04403,52.22848],[-3.04562,52.22815],[-3.04661,52.22699],[-3.04814,52.22734],[-3.0498,52.22797],[-3.0509,52.22891],[-3.0506,52.22954],[-3.05185,52.23087],[-3.05182,52.23146],[-3.04849,52.23112],[-3.04738,52.23132],[-3.0437,52.23285],[-3.04166,52.23335],[-3.03992,52.23426],[-3.03916,52.23418],[-3.03768,52.23474],[-3.03805,52.23574],[-3.04037,52.23571],[-3.04192,52.23521],[-3.0433,52.23513],[-3.04479,52.23564],[-3.04534,52.23631],[-3.04712,52.23676],[-3.04931,52.23639],[-3.05052,52.2365],[-3.05386,52.23567],[-3.05525,52.23762],[-3.05458,52.23797],[-3.05382,52.23774],[-3.05312,52.23815],[-3.04916,52.2389],[-3.04781,52.23846],[-3.04701,52.23868],[-3.04607,52.2381],[-3.04542,52.23877],[-3.04416,52.23795],[-3.04415,52.23931],[-3.04561,52.24078],[-3.04388,52.24154],[-3.04315,52.24276],[-3.04286,52.24396],[-3.04319,52.24484],[-3.04386,52.2452],[-3.04371,52.24552],[-3.04995,52.24501],[-3.04526,52.24686],[-3.04518,52.24727],[-3.04725,52.24855],[-3.04833,52.25026],[-3.04748,52.25041],[-3.04656,52.25221],[-3.04518,52.25335],[-3.04439,52.25358],[-3.03892,52.2536],[-3.03707,52.25622],[-3.03615,52.25672],[-3.03375,52.25696],[-3.0319,52.25754],[-3.03045,52.25753],[-3.02894,52.25803],[-3.02504,52.25826],[-3.02345,52.2593],[-3.01931,52.26046],[-3.0177,52.2613],[-3.01176,52.26239],[-3.0095,52.26343],[-3.00561,52.26421],[-3.0015,52.26398]]]}},{"type":"Feature","properties":{"id":"E01014057","name":"E01014057","parent":"E06000019","type":"LSOA","pop":2071,"r":8,"ff":6,"ffd":289.7,"ffs":0.75,"g":0,"co":3,"mo":3,"sa":3,"ic":3},"geometry":{"type":"Polygon","coordinates":[[[-2.46788,51.93738],[-2.46621,51.93143],[-2.46604,51.92797],[-2.46392,51.92663],[-2.46726,51.92367],[-2.46881,51.92573],[-2.47444,51.92761],[-2.47441,51.92857],[-2.4719,51.92913],[-2.47153,51.93054],[-2.47058,51.93003],[-2.46952,51.93027],[-2.46967,51.93073],[-2.46901,51.9313],[-2.46642,51.93176],[-2.46706,51.93245],[-2.4686,51.93255],[-2.46884,51.93327],[-2.4701,51.93303],[-2.47158,51.93324],[-2.47106,51.93442],[-2.47371,51.93409],[-2.47571,51.93334],[-2.4768,51.93355],[-2.47579,51.93289],[-2.47568,51.93182],[-2.47486,51.93138],[-2.47664,51.93064],[-2.47863,51.93057],[-2.48113,51.92798],[-2.48617,51.92789],[-2.48845,51.92816],[-2.48883,51.92739],[-2.49036,51.92645],[-2.49253,51.92574],[-2.49347,51.92489],[-2.4939,51.9249],[-2.4934,51.92458],[-2.49435,51.92475],[-2.4915,51.9236],[-2.49019,51.92384],[-2.48772,51.92352],[-2.4855,51.92194],[-2.48245,51.92142],[-2.48247,51.92103],[-2.48455,51.91976],[-2.48519,51.91857],[-2.48627,51.91862],[-2.48697,51.9192],[-2.49031,51.91801],[-2.49021,51.9164],[-2.48856,51.91472],[-2.48355,51.9123],[-2.47896,51.91345],[-2.47772,51.91192],[-2.4766,51.91215],[-2.47559,51.91051],[-2.47436,51.91035],[-2.47554,51.90828],[-2.4846,51.90556],[-2.48554,51.90569],[-2.48756,51.90779],[-2.48797,51.90775],[-2.48903,51.90642],[-2.49055,51.90376],[-2.49046,51.90267],[-2.49147,51.9015],[-2.49416,51.90107],[-2.49874,51.89979],[-2.49739,51.89904],[-2.49625,51.89889],[-2.49331,51.89967],[-2.49261,51.89947],[-2.49208,51.89885],[-2.49238,51.89835],[-2.49415,51.89757],[-2.49301,51.89676],[-2.49331,51.8958],[-2.49052,51.89511],[-2.48886,51.89558],[-2.48857,51.89508],[-2.4864,51.89603],[-2.48611,51.89515],[-2.48431,51.89394],[-2.48294,51.89421],[-2.48275,51.89291],[-2.48528,51.8932],[-2.49017,51.89319],[-2.49045,51.89359],[-2.49153,51.89384],[-2.4931,51.89238],[-2.4953,51.89146],[-2.49874,51.89057],[-2.49971,51.89122],[-2.50074,51.8904],[-2.50337,51.89007],[-2.50543,51.89044],[-2.50845,51.89256],[-2.51,51.89178],[-2.51341,51.89106],[-2.51544,51.89231],[-2.51854,51.89292],[-2.518,51.89333],[-2.51893,51.89489],[-2.51824,51.89612],[-2.52023,51.89786],[-2.51825,51.89911],[-2.52056,51.89933],[-2.5232,51.90022],[-2.52317,51.90048],[-2.52509,51.89951],[-2.52915,51.90032],[-2.52994,51.89825],[-2.53321,51.89874],[-2.53188,51.89767],[-2.52756,51.89681],[-2.52661,51.89593],[-2.52905,51.89573],[-2.53116,51.89483],[-2.5311,51.89374],[-2.53312,51.8911],[-2.53522,51.88975],[-2.53909,51.88851],[-2.54004,51.88944],[-2.53944,51.89066],[-2.53926,51.8925],[-2.54031,51.89321],[-2.54347,51.89231],[-2.54385,51.89172],[-2.54508,51.89129],[-2.54405,51.89109],[-2.5446,51.89031],[-2.54701,51.88969],[-2.54635,51.88986],[-2.54816,51.8905],[-2.55018,51.8902],[-2.55085,51.88928],[-2.55225,51.89004],[-2.55324,51.89019],[-2.55292,51.89327],[-2.55185,51.89361],[-2.55217,51.89496],[-2.55183,51.89544],[-2.55335,51.89579],[-2.55526,51.89698],[-2.55922,51.89743],[-2.56523,51.89609],[-2.56744,51.89586],[-2.57096,51.89816],[-2.57157,51.89895],[-2.57176,51.89972],[-2.56679,51.90303],[-2.56617,51.90377],[-2.56486,51.90359],[-2.55893,51.90476],[-2.55563,51.90508],[-2.55583,51.90777],[-2.55282,51.9083],[-2.55349,51.90969],[-2.55346,51.91247],[-2.55231,51.9143],[-2.55332,51.91492],[-2.55529,51.91536],[-2.55512,51.91656],[-2.55676,51.91663],[-2.55675,51.91618],[-2.55866,51.91645],[-2.5586,51.91669],[-2.56118,51.91716],[-2.56133,51.91819],[-2.56085,51.91892],[-2.56129,51.91959],[-2.56243,51.92007],[-2.56128,51.92036],[-2.55973,51.92149],[-2.55877,51.9215],[-2.55443,51.92431],[-2.55105,51.92511],[-2.54868,51.92458],[-2.54681,51.92496],[-2.54598,51.92574],[-2.53868,51.92811],[-2.53717,51.92833],[-2.53535,51.9283],[-2.53177,51.9274],[-2.5288,51.92766],[-2.52485,51.92876],[-2.52317,51.92886],[-2.51789,51.93016],[-2.51268,51.92998],[-2.51195,51.93086],[-2.50819,51.93313],[-2.50545,51.93397],[-2.50142,51.93595],[-2.49634,51.93656],[-2.49075,51.93831],[-2.49029,51.93932],[-2.48848,51.94022],[-2.48682,51.94183],[-2.48296,51.94219],[-2.48002,51.94155],[-2.47778,51.9415],[-2.47692,51.94024],[-2.47396,51.94022],[-2.47186,51.9398],[-2.47119,51.93946],[-2.47102,51.93872],[-2.4697,51.9386],[-2.46957,51.93801],[-2.46788,51.93738]]]}},{"type":"Feature","properties":{"id":"E01014058","name":"E01014058","parent":"E06000019","type":"LSOA","pop":1691,"r":8,"ff":6,"ffd":354.8,"ffs":0.75,"g":0,"co":3,"mo":3,"sa":3,"ic":3},"geometry":{"type":"Polygon","coordinates":[[[-2.47106,51.93442],[-2.47158,51.93324],[-2.4701,51.93303],[-2.46884,51.93327],[-2.4686,51.93255],[-2.46706,51.93245],[-2.46642,51.93176],[-2.46901,51.9313],[-2.46967,51.93073],[-2.46952,51.93027],[-2.47058,51.93003],[-2.47153,51.93054],[-2.4719,51.92913],[-2.47441,51.92857],[-2.47444,51.92761],[-2.46881,51.92573],[-2.46726,51.92367],[-2.46392,51.92663],[-2.46129,51.92505],[-2.45993,51.92343],[-2.45502,51.91935],[-2.45222,51.91924],[-2.45158,51.91875],[-2.44932,51.91912],[-2.44826,51.91872],[-2.44769,51.91566],[-2.44644,51.91508],[-2.44448,51.91378],[-2.44326,51.91249],[-2.44313,51.91197],[-2.44443,51.90982],[-2.44249,51.90889],[-2.44304,51.90851],[-2.44176,51.90719],[-2.4429,51.90673],[-2.44294,51.90619],[-2.44406,51.90584],[-2.44247,51.90503],[-2.44221,51.904],[-2.44015,51.90244],[-2.44051,51.9021],[-2.44238,51.9019],[-2.44379,51.90086],[-2.44539,51.90056],[-2.4442,51.89977],[-2.4443,51.89892],[-2.44335,51.89877],[-2.44317,51.89845],[-2.44084,51.89852],[-2.43931,51.89951],[-2.44019,51.89777],[-2.43936,51.8974],[-2.43966,51.89707],[-2.44367,51.89579],[-2.44601,51.89399],[-2.44892,51.89481],[-2.44983,51.8944],[-2.45818,51.89319],[-2.46521,51.89299],[-2.46782,51.89201],[-2.46865,51.89078],[-2.47144,51.88921],[-2.47374,51.88735],[-2.47341,51.88555],[-2.47788,51.88496],[-2.48001,51.88583],[-2.48239,51.88589],[-2.48504,51.88493],[-2.48673,51.88472],[-2.48779,51.88042],[-2.48881,51.88053],[-2.49386,51.88],[-2.49466,51.88424],[-2.49819,51.88199],[-2.50025,51.88174],[-2.50118,51.88199],[-2.5007,51.88437],[-2.50195,51.88625],[-2.50383,51.88655],[-2.50543,51.88612],[-2.50669,51.88537],[-2.50786,51.88526],[-2.50826,51.88488],[-2.50862,51.88517],[-2.50991,51.88409],[-2.51467,51.87809],[-2.51799,51.87332],[-2.51935,51.87087],[-2.51987,51.86884],[-2.52044,51.86758],[-2.52185,51.86618],[-2.52223,51.8647],[-2.52257,51.86482],[-2.52518,51.86349],[-2.52732,51.8629],[-2.53112,51.86302],[-2.53162,51.86077],[-2.53408,51.86039],[-2.53442,51.86137],[-2.53775,51.8617],[-2.54004,51.86235],[-2.54893,51.86665],[-2.55193,51.86941],[-2.5544,51.8733],[-2.55739,51.87609],[-2.55589,51.8768],[-2.55632,51.87755],[-2.55429,51.87905],[-2.55355,51.88082],[-2.55074,51.88466],[-2.54994,51.88882],[-2.54884,51.88949],[-2.5459,51.8899],[-2.5446,51.89031],[-2.54405,51.89109],[-2.54508,51.89129],[-2.54385,51.89172],[-2.54347,51.89231],[-2.54031,51.89321],[-2.53926,51.8925],[-2.53944,51.89066],[-2.54004,51.88944],[-2.53909,51.88851],[-2.53522,51.88975],[-2.53312,51.8911],[-2.5311,51.89374],[-2.53116,51.89483],[-2.52905,51.89573],[-2.52661,51.89593],[-2.52756,51.89681],[-2.53188,51.89767],[-2.53321,51.89874],[-2.52994,51.89825],[-2.52915,51.90032],[-2.52509,51.89951],[-2.52317,51.90048],[-2.5232,51.90022],[-2.52056,51.89933],[-2.51825,51.89911],[-2.52023,51.89786],[-2.51824,51.89612],[-2.51893,51.89489],[-2.518,51.89333],[-2.51854,51.89292],[-2.51544,51.89231],[-2.51341,51.89106],[-2.51,51.89178],[-2.50845,51.89256],[-2.50543,51.89044],[-2.50337,51.89007],[-2.50074,51.8904],[-2.49971,51.89122],[-2.49874,51.89057],[-2.4953,51.89146],[-2.4931,51.89238],[-2.49153,51.89384],[-2.49045,51.89359],[-2.49017,51.89319],[-2.48528,51.8932],[-2.48275,51.89291],[-2.48294,51.89421],[-2.48431,51.89394],[-2.48611,51.89515],[-2.4864,51.89603],[-2.48857,51.89508],[-2.48886,51.89558],[-2.49052,51.89511],[-2.49331,51.8958],[-2.49301,51.89676],[-2.49415,51.89757],[-2.49238,51.89835],[-2.49208,51.89885],[-2.49261,51.89947],[-2.49331,51.89967],[-2.49625,51.89889],[-2.49739,51.89904],[-2.49874,51.89979],[-2.49416,51.90107],[-2.49147,51.9015],[-2.49046,51.90267],[-2.49055,51.90376],[-2.48903,51.90642],[-2.48797,51.90775],[-2.48756,51.90779],[-2.48554,51.90569],[-2.4846,51.90556],[-2.47554,51.90828],[-2.47436,51.91035],[-2.47559,51.91051],[-2.4766,51.91215],[-2.47772,51.91192],[-2.47896,51.91345],[-2.48355,51.9123],[-2.48856,51.91472],[-2.49021,51.9164],[-2.49031,51.91801],[-2.48697,51.9192],[-2.48627,51.91862],[-2.48519,51.91857],[-2.48455,51.91976],[-2.48247,51.92103],[-2.48245,51.92142],[-2.4855,51.92194],[-2.48772,51.92352],[-2.49019,51.92384],[-2.4915,51.9236],[-2.49435,51.92475],[-2.4934,51.92458],[-2.4939,51.9249],[-2.49347,51.92489],[-2.49253,51.92574],[-2.49036,51.92645],[-2.48883,51.92739],[-2.48845,51.92816],[-2.48617,51.92789],[-2.48113,51.92798],[-2.47863,51.93057],[-2.47664,51.93064],[-2.47486,51.93138],[-2.47568,51.93182],[-2.47579,51.93289],[-2.4768,51.93355],[-2.47571,51.93334],[-2.47371,51.93409],[-2.47106,51.93442]]]}},{"type":"Feature","properties":{"id":"E01014059","name":"E01014059","parent":"E06000019","type":"LSOA","pop":2034,"r":1,"ff":1,"ffd":49.2,"ffs":1.0,"g":0,"co":3,"mo":3,"sa":3,"ic":3},"geometry":{"type":"Polygon","coordinates":[[[-2.65868,51.97594],[-2.65213,51.97408],[-2.65124,51.9746],[-2.64693,51.975],[-2.64548,51.97377],[-2.64447,51.97221],[-2.64473,51.97211],[-2.64377,51.97114],[-2.64419,51.97114],[-2.64408,51.97094],[-2.64677,51.97095],[-2.6488,51.97048],[-2.64876,51.97001],[-2.65036,51.96973],[-2.64983,51.96906],[-2.65337,51.96838],[-2.65639,51.96587],[-2.65804,51.96329],[-2.65872,51.95886],[-2.66161,51.95544],[-2.66037,51.95329],[-2.65573,51.94954],[-2.65423,51.9473],[-2.65555,51.94686],[-2.6561,51.9457],[-2.65765,51.94421],[-2.65785,51.9427],[-2.65729,51.94189],[-2.65924,51.93909],[-2.6625,51.93754],[-2.66393,51.93623],[-2.6654,51.9329],[-2.66749,51.9311],[-2.66798,51.92856],[-2.6701,51.92468],[-2.66755,51.92424],[-2.66593,51.92432],[-2.66052,51.92317],[-2.66016,51.92126],[-2.66207,51.91979],[-2.6633,51.91745],[-2.66264,51.91587],[-2.66013,51.9135],[-2.66283,51.91205],[-2.66456,51.91042],[-2.66654,51.90989],[-2.67167,51.9072],[-2.67333,51.9076],[-2.67566,51.90498],[-2.67626,51.90519],[-2.67832,51.90469],[-2.68139,51.90457],[-2.69014,51.90501],[-2.69215,51.90349],[-2.69554,51.90394],[-2.6977,51.90642],[-2.6988,51.90614],[-2.69981,51.90675],[-2.70228,51.90579],[-2.70566,51.90602],[-2.70964,51.90479],[-2.71538,51.90468],[-2.71698,51.9051],[-2.7196,51.90335],[-2.72136,51.90314],[-2.72107,51.90277],[-2.72157,51.9025],[-2.72213,51.90293],[-2.72275,51.90228],[-2.72332,51.90226],[-2.72467,51.90148],[-2.72392,51.90072],[-2.72479,51.90046],[-2.72404,51.89993],[-2.72453,51.8998],[-2.72417,51.89936],[-2.72453,51.89922],[-2.72426,51.89876],[-2.72355,51.89857],[-2.72429,51.89696],[-2.72396,51.89641],[-2.72588,51.89582],[-2.72911,51.89312],[-2.72988,51.89288],[-2.73071,51.8916],[-2.73451,51.89007],[-2.7382,51.88766],[-2.73913,51.88751],[-2.74164,51.88602],[-2.74323,51.88409],[-2.74774,51.88127],[-2.74864,51.87719],[-2.74807,51.87613],[-2.74805,51.87248],[-2.75076,51.86941],[-2.75725,51.87002],[-2.75885,51.87124],[-2.76235,51.87262],[-2.76399,51.87364],[-2.76871,51.87457],[-2.76986,51.8755],[-2.77277,51.87682],[-2.77082,51.87825],[-2.77028,51.87961],[-2.76858,51.88009],[-2.76833,51.88051],[-2.7694,51.88024],[-2.77582,51.88213],[-2.77678,51.88168],[-2.77943,51.88411],[-2.78473,51.8843],[-2.7852,51.88472],[-2.78633,51.88469],[-2.7899,51.88585],[-2.79186,51.88676],[-2.79257,51.88762],[-2.79393,51.88826],[-2.79706,51.88848],[-2.79909,51.89045],[-2.80112,51.89021],[-2.80163,51.89039],[-2.80245,51.89106],[-2.80181,51.89233],[-2.80286,51.89405],[-2.80534,51.89553],[-2.80873,51.89624],[-2.81372,51.89768],[-2.81564,51.89891],[-2.81673,51.90086],[-2.81668,51.90207],[-2.81764,51.90362],[-2.81813,51.90394],[-2.81961,51.90372],[-2.82095,51.90534],[-2.82377,51.90522],[-2.82218,51.90783],[-2.82038,51.90948],[-2.82571,51.91211],[-2.82923,51.9123],[-2.83213,51.91313],[-2.83098,51.91375],[-2.83017,51.91479],[-2.8308,51.91546],[-2.8337,51.91678],[-2.83197,51.91725],[-2.83009,51.91849],[-2.83087,51.92013],[-2.82951,51.92214],[-2.82946,51.92364],[-2.82795,51.92676],[-2.82578,51.92854],[-2.82508,51.93037],[-2.82186,51.93012],[-2.82205,51.93211],[-2.82135,51.93403],[-2.82304,51.93562],[-2.82216,51.9361],[-2.81943,51.93662],[-2.81555,51.93626],[-2.81432,51.93687],[-2.81458,51.9377],[-2.81325,51.93834],[-2.81163,51.9382],[-2.81036,51.93765],[-2.80991,51.93789],[-2.81049,51.93816],[-2.8103,51.93834],[-2.80977,51.93812],[-2.80879,51.93953],[-2.80179,51.9425],[-2.79873,51.94444],[-2.79286,51.94512],[-2.79093,51.94583],[-2.79045,51.94658],[-2.79285,51.94757],[-2.79262,51.94839],[-2.78677,51.9485],[-2.78712,51.94872],[-2.78612,51.94886],[-2.78559,51.94962],[-2.78511,51.94949],[-2.78512,51.94914],[-2.78263,51.94933],[-2.78168,51.94925],[-2.78133,51.94891],[-2.78058,51.94907],[-2.78038,51.94876],[-2.77641,51.9496],[-2.77498,51.94926],[-2.77061,51.94987],[-2.76973,51.94975],[-2.76741,51.95046],[-2.76244,51.95068],[-2.75924,51.95],[-2.75711,51.95008],[-2.7557,51.94883],[-2.75582,51.94843],[-2.75756,51.94733],[-2.75866,51.94118],[-2.75555,51.93511],[-2.7549,51.93519],[-2.75503,51.93431],[-2.75387,51.93393],[-2.75269,51.93261],[-2.75321,51.93213],[-2.75161,51.93179],[-2.75099,51.93091],[-2.74724,51.93078],[-2.74689,51.92914],[-2.74785,51.92881],[-2.74749,51.9276],[-2.74427,51.92816],[-2.73929,51.92805],[-2.73905,51.92744],[-2.73694,51.92741],[-2.73687,51.92716],[-2.73501,51.92669],[-2.73487,51.92887],[-2.73114,51.92803],[-2.72832,51.92806],[-2.72799,51.93206],[-2.72843,51.93263],[-2.72925,51.93275],[-2.72969,51.93358],[-2.72798,51.93309],[-2.72615,51.93343],[-2.72567,51.93413],[-2.72508,51.93409],[-2.72368,51.93508],[-2.72295,51.93621],[-2.72003,51.93808],[-2.72049,51.93851],[-2.71968,51.93902],[-2.71851,51.94157],[-2.71573,51.94257],[-2.71241,51.94329],[-2.71233,51.94249],[-2.71012,51.94094],[-2.70857,51.94218],[-2.70312,51.94529],[-2.70052,51.94736],[-2.69713,51.9482],[-2.69584,51.94893],[-2.6933,51.95206],[-2.69145,51.95547],[-2.69002,51.95682],[-2.68719,51.95736],[-2.68375,51.95888],[-2.6806,51.95923],[-2.67852,51.95906],[-2.6776,51.95829],[-2.6764,51.95809],[-2.67633,51.9596],[-2.67654,51.96059],[-2.67711,51.96057],[-2.67726,51.96303],[-2.67696,51.96389],[-2.67625,51.96509],[-2.67425,51.96533],[-2.67305,51.96625],[-2.67309,51.96666],[-2.67056,51.96756],[-2.67017,51.96845],[-2.66974,51.96854],[-2.66909,51.97067],[-2.66925,51.97266],[-2.66751,51.97407],[-2.66205,51.97411],[-2.66209,51.97322],[-2.66097,51.97311],[-2.66043,51.97487],[-2.66102,51.97554],[-2.65896,51.9755],[-2.65868,51.97594]]]}},{"type":"Feature","properties":{"id":"E01014060","name":"E01014060","parent":"E06000019","type":"LSOA","pop":1606,"r":7,"ff":3,"ffd":186.8,"ffs":0.4286,"g":0,"co":3,"mo":3,"sa":3,"ic":1},"geometry":{"type":"Polygon","coordinates":[[[-2.71088,52.0115],[-2.70765,52.01068],[-2.70727,52.01132],[-2.70437,52.01081],[-2.70454,52.00965],[-2.70282,52.00901],[-2.70361,52.00814],[-2.70261,52.00758],[-2.69213,52.00549],[-2.69154,52.00593],[-2.6909,52.00512],[-2.69043,52.00363],[-2.69073,52.00092],[-2.68763,52.00086],[-2.68706,51.99838],[-2.69119,51.99342],[-2.69118,51.99302],[-2.68986,51.99221],[-2.69061,51.99157],[-2.69356,51.99056],[-2.69234,51.98954],[-2.6895,51.98882],[-2.6904,51.98695],[-2.69076,51.98522],[-2.68984,51.98256],[-2.68993,51.98144],[-2.69141,51.97997],[-2.6911,51.97877],[-2.69152,51.97805],[-2.69194,51.978],[-2.69183,51.97727],[-2.69243,51.97713],[-2.69158,51.9749],[-2.69159,51.97352],[-2.69045,51.97326],[-2.68995,51.97278],[-2.68603,51.97255],[-2.68255,51.97177],[-2.68018,51.97064],[-2.67957,51.97004],[-2.67862,51.96985],[-2.67831,51.96938],[-2.67881,51.96894],[-2.67864,51.96814],[-2.68174,51.96609],[-2.68168,51.96562],[-2.68146,51.96519],[-2.67931,51.96508],[-2.67786,51.96402],[-2.67696,51.96389],[-2.67726,51.96303],[-2.67711,51.96057],[-2.67654,51.96059],[-2.67633,51.9596],[-2.6764,51.95809],[-2.6776,51.95829],[-2.67852,51.95906],[-2.6806,51.95923],[-2.68375,51.95888],[-2.68719,51.95736],[-2.69002,51.95682],[-2.69145,51.95547],[-2.6933,51.95206],[-2.69584,51.94893],[-2.69713,51.9482],[-2.70052,51.94736],[-2.70312,51.94529],[-2.70857,51.94218],[-2.71012,51.94094],[-2.71233,51.94249],[-2.71241,51.94329],[-2.71573,51.94257],[-2.71851,51.94157],[-2.71968,51.93902],[-2.72049,51.93851],[-2.72003,51.93808],[-2.72295,51.93621],[-2.72368,51.93508],[-2.72508,51.93409],[-2.72567,51.93413],[-2.72615,51.93343],[-2.72798,51.93309],[-2.72969,51.93358],[-2.72925,51.93275],[-2.72843,51.93263],[-2.72799,51.93206],[-2.72832,51.92806],[-2.73114,51.92803],[-2.73487,51.92887],[-2.73501,51.92669],[-2.73687,51.92716],[-2.73694,51.92741],[-2.73905,51.92744],[-2.73929,51.92805],[-2.74427,51.92816],[-2.74749,51.9276],[-2.74785,51.92881],[-2.74689,51.92914],[-2.74724,51.93078],[-2.75099,51.93091],[-2.75161,51.93179],[-2.75321,51.93213],[-2.75269,51.93261],[-2.75387,51.93393],[-2.75503,51.93431],[-2.7549,51.93519],[-2.75555,51.93511],[-2.75866,51.94118],[-2.75756,51.94733],[-2.75582,51.94843],[-2.7557,51.94883],[-2.75408,51.9507],[-2.75364,51.95249],[-2.75363,51.95538],[-2.75158,51.95875],[-2.74725,51.95714],[-2.74515,51.96206],[-2.74348,51.96437],[-2.7408,51.96692],[-2.73984,51.96727],[-2.7405,51.96892],[-2.7404,51.97016],[-2.739,51.97257],[-2.73472,51.97584],[-2.73571,51.97579],[-2.73649,51.97685],[-2.73388,51.97903],[-2.73345,51.98172],[-2.73201,51.98257],[-2.73141,51.98618],[-2.73208,51.9909],[-2.73404,51.99098],[-2.73765,51.99236],[-2.73811,51.99242],[-2.73825,51.99194],[-2.74166,51.99225],[-2.74495,51.99322],[-2.74586,51.99451],[-2.73943,51.99616],[-2.73476,51.99625],[-2.73308,51.99711],[-2.72844,51.99781],[-2.72577,51.99903],[-2.72121,52.00046],[-2.71888,52.00163],[-2.71811,52.00264],[-2.71941,52.00457],[-2.71849,52.00558],[-2.71828,52.00673],[-2.71611,52.00695],[-2.70961,52.00593],[-2.70838,52.00783],[-2.7088,52.00898],[-2.70982,52.01002],[-2.71088,52.0115]]]}},{"type":"Feature","properties":{"id":"E01014061","name":"E01014061","parent":"E06000019","type":"LSOA","pop":2345,"r":11,"ff":6,"ffd":255.9,"ffs":0.5455,"g":0,"co":3,"mo":3,"sa":3,"ic":1},"geometry":{"type":"Polygon","coordinates":[[[-2.56321,51.93165],[-2.56173,51.93127],[-2.55939,51.93145],[-2.55576,51.93067],[-2.55569,51.93026],[-2.55448,51.9301],[-2.55442,51.92965],[-2.55365,51.92971],[-2.55374,51.92912],[-2.55261,51.92896],[-2.5522,51.92968],[-2.5502,51.92905],[-2.54963,51.9276],[-2.54784,51.92692],[-2.54598,51.92574],[-2.54681,51.92496],[-2.54868,51.92458],[-2.55105,51.92511],[-2.55443,51.92431],[-2.55877,51.9215],[-2.55973,51.92149],[-2.56128,51.92036],[-2.56243,51.92007],[-2.56129,51.91959],[-2.56085,51.91892],[-2.56133,51.91819],[-2.56118,51.91716],[-2.5586,51.91669],[-2.55866,51.91645],[-2.55675,51.91618],[-2.55676,51.91663],[-2.55512,51.91656],[-2.55529,51.91536],[-2.55332,51.91492],[-2.55231,51.9143],[-2.55346,51.91247],[-2.55349,51.90969],[-2.55282,51.9083],[-2.55583,51.90777],[-2.55563,51.90508],[-2.55893,51.90476],[-2.56486,51.90359],[-2.56617,51.90377],[-2.56679,51.90303],[-2.57176,51.89972],[-2.57157,51.89895],[-2.57603,51.89803],[-2.57708,51.89813],[-2.57806,51.89728],[-2.58013,51.89646],[-2.58173,51.8971],[-2.58224,51.8976],[-2.58278,51.90029],[-2.58506,51.90229],[-2.58559,51.90194],[-2.58527,51.90221],[-2.58487,51.90242],[-2.5839,51.90379],[-2.58256,51.90306],[-2.582,51.9033],[-2.58444,51.90549],[-2.58336,51.90568],[-2.57882,51.90744],[-2.57911,51.90766],[-2.57868,51.90867],[-2.57926,51.90906],[-2.58025,51.90903],[-2.57991,51.90977],[-2.57753,51.90952],[-2.57724,51.91059],[-2.57691,51.9106],[-2.57719,51.91095],[-2.57614,51.91104],[-2.57518,51.91166],[-2.57529,51.91346],[-2.57465,51.91365],[-2.57373,51.91338],[-2.57187,51.91428],[-2.57099,51.91398],[-2.57127,51.91272],[-2.57044,51.91196],[-2.56947,51.91325],[-2.56921,51.91416],[-2.56953,51.91498],[-2.57092,51.91508],[-2.571,51.91585],[-2.57189,51.91647],[-2.57517,51.91685],[-2.57574,51.91604],[-2.57786,51.91582],[-2.57757,51.91682],[-2.58085,51.91754],[-2.57865,51.91947],[-2.57507,51.92431],[-2.57402,51.92514],[-2.57529,51.92605],[-2.58147,51.92404],[-2.583,51.92717],[-2.58384,51.92777],[-2.5803,51.92799],[-2.57653,51.929],[-2.5735,51.92867],[-2.5695,51.92915],[-2.5678,51.92901],[-2.56475,51.9297],[-2.56402,51.93107],[-2.56321,51.93165]]]}},{"type":"Feature","properties":{"id":"E01014062","name":"E01014062","parent":"E06000019","type":"LSOA","pop":1835,"r":11,"ff":6,"ffd":327.0,"ffs":0.5455,"g":0,"co":3,"mo":3,"sa":3,"ic":3},"geometry":{"type":"Polygon","coordinates":[[[-2.57757,51.91682],[-2.57786,51.91582],[-2.57574,51.91604],[-2.57517,51.91685],[-2.57189,51.91647],[-2.571,51.91585],[-2.57092,51.91508],[-2.56953,51.91498],[-2.56921,51.91416],[-2.56947,51.91325],[-2.57044,51.91196],[-2.57127,51.91272],[-2.57099,51.91398],[-2.57187,51.91428],[-2.57373,51.91338],[-2.57465,51.91365],[-2.57529,51.91346],[-2.57518,51.91166],[-2.57614,51.91104],[-2.57719,51.91095],[-2.57774,51.91148],[-2.57788,51.91075],[-2.57996,51.91129],[-2.57951,51.9119],[-2.57993,51.91195],[-2.58036,51.91136],[-2.58106,51.91153],[-2.58176,51.91111],[-2.58207,51.91022],[-2.58365,51.91046],[-2.58438,51.91141],[-2.58499,51.91086],[-2.58568,51.91076],[-2.58415,51.91253],[-2.58345,51.91477],[-2.58202,51.91582],[-2.58085,51.91754],[-2.57757,51.91682]]]}},{"type":"Feature","properties":{"id":"E01014063","name":"E01014063","parent":"E06000019","type":"LSOA","pop":1740,"r":11,"ff":6,"ffd":344.8,"ffs":0.5455,"g":0,"co":3,"mo":3,"sa":3,"ic":3},"geometry":{"type":"Polygon","coordinates":[[[-2.57951,51.9119],[-2.57996,51.91129],[-2.57788,51.91075],[-2.57774,51.91148],[-2.57691,51.9106],[-2.57724,51.91059],[-2.57753,51.90952],[-2.57991,51.90977],[-2.58025,51.90903],[-2.57926,51.90906],[-2.57868,51.90867],[-2.57911,51.90766],[-2.57882,51.90744],[-2.58336,51.90568],[-2.58444,51.90549],[-2.582,51.9033],[-2.58256,51.90306],[-2.5839,51.90379],[-2.58487,51.90242],[-2.58559,51.90194],[-2.58804,51.89963],[-2.58949,51.89741],[-2.59031,51.90062],[-2.59214,51.90038],[-2.59258,51.90096],[-2.59116,51.90272],[-2.58965,51.90402],[-2.58676,51.90522],[-2.58634,51.90568],[-2.58568,51.91076],[-2.58499,51.91086],[-2.58438,51.91141],[-2.58365,51.91046],[-2.58207,51.91022],[-2.58176,51.91111],[-2.58106,51.91153],[-2.58036,51.91136],[-2.57993,51.91195],[-2.57951,51.9119]]]}},{"type":"Feature","properties":{"id":"E01014064","name":"E01014064","parent":"E06000019","type":"LSOA","pop":1522,"r":11,"ff":6,"ffd":394.2,"ffs":0.5455,"g":0,"co":3,"mo":3,"sa":3,"ic":1},"geometry":{"type":"Polygon","coordinates":[[[-2.57507,51.92431],[-2.57865,51.91947],[-2.5809,51.91749],[-2.58227,51.91557],[-2.58333,51.91599],[-2.58365,51.91585],[-2.5832,51.91553],[-2.58367,51.91534],[-2.5851,51.91588],[-2.5854,51.9166],[-2.58395,51.9162],[-2.58345,51.91665],[-2.583,51.91651],[-2.58279,51.91672],[-2.58365,51.91702],[-2.58439,51.91754],[-2.58418,51.91793],[-2.5853,51.91841],[-2.58562,51.91933],[-2.58482,51.91969],[-2.58359,51.91979],[-2.58346,51.92141],[-2.58408,51.92154],[-2.58491,51.92243],[-2.58288,51.92269],[-2.58189,51.92231],[-2.58152,51.92073],[-2.58078,51.92079],[-2.5812,51.92108],[-2.58101,51.92138],[-2.58028,51.92106],[-2.58019,51.92231],[-2.57925,51.92228],[-2.57879,51.92177],[-2.57786,51.92248],[-2.57784,51.92314],[-2.57834,51.92351],[-2.57899,51.92312],[-2.58018,51.92306],[-2.58147,51.92404],[-2.57529,51.92605],[-2.57402,51.92514],[-2.57507,51.92431]]]}},{"type":"Feature","properties":{"id":"E01014065","name":"E01014065","parent":"E06000019","type":"LSOA","pop":1449,"r":11,"ff":6,"ffd":414.1,"ffs":0.5455,"g":0,"co":3,"mo":3,"sa":3,"ic":1},"geometry":{"type":"Polygon","coordinates":[[[-2.58147,51.92404],[-2.58018,51.92306],[-2.57899,51.92312],[-2.57834,51.92351],[-2.57784,51.92314],[-2.57786,51.92248],[-2.57879,51.92177],[-2.57925,51.92228],[-2.58019,51.92231],[-2.58028,51.92106],[-2.58101,51.92138],[-2.5812,51.92108],[-2.58078,51.92079],[-2.58152,51.92073],[-2.58189,51.92231],[-2.58288,51.92269],[-2.58491,51.92243],[-2.58408,51.92154],[-2.58346,51.92141],[-2.58359,51.91979],[-2.58482,51.91969],[-2.58562,51.91933],[-2.5853,51.91841],[-2.58418,51.91793],[-2.58439,51.91754],[-2.5855,51.91805],[-2.58752,51.91805],[-2.58769,51.91827],[-2.58624,51.91897],[-2.5883,51.92051],[-2.58884,51.92137],[-2.59404,51.91911],[-2.59503,51.92059],[-2.59478,51.92097],[-2.59356,51.92155],[-2.59329,51.92287],[-2.59039,51.92367],[-2.5899,51.92486],[-2.59048,51.92613],[-2.58914,51.92678],[-2.58384,51.92777],[-2.583,51.92717],[-2.58147,51.92404]]]}},{"type":"Feature","properties":{"id":"E01014066","name":"E01014066","parent":"E06000019","type":"LSOA","pop":1223,"r":11,"ff":6,"ffd":490.6,"ffs":0.5455,"g":0,"co":3,"mo":3,"sa":3,"ic":3},"geometry":{"type":"Polygon","coordinates":[[[-2.58279,51.91672],[-2.583,51.91651],[-2.58345,51.91665],[-2.58395,51.9162],[-2.5854,51.9166],[-2.5851,51.91588],[-2.58367,51.91534],[-2.5832,51.91553],[-2.58365,51.91585],[-2.58333,51.91599],[-2.58227,51.91557],[-2.58345,51.91477],[-2.58415,51.91253],[-2.58568,51.91076],[-2.58632,51.90572],[-2.58701,51.90631],[-2.58703,51.90699],[-2.58807,51.90716],[-2.58955,51.90688],[-2.5901,51.90749],[-2.59125,51.90694],[-2.59292,51.90757],[-2.59345,51.91007],[-2.59695,51.91198],[-2.59919,51.914],[-2.5982,51.91447],[-2.59757,51.91495],[-2.59797,51.9151],[-2.5971,51.91553],[-2.59561,51.91551],[-2.59294,51.91415],[-2.59186,51.91393],[-2.58946,51.91468],[-2.58866,51.91565],[-2.58922,51.91656],[-2.59255,51.918],[-2.59404,51.91911],[-2.58884,51.92137],[-2.5883,51.92051],[-2.58624,51.91897],[-2.58769,51.91827],[-2.58752,51.91805],[-2.5855,51.91805],[-2.58279,51.91672]]]}},{"type":"Feature","properties":{"id":"E01014067","name":"E01014067","parent":"E06000019","type":"LSOA","pop":1255,"r":11,"ff":6,"ffd":478.1,"ffs":0.5455,"g":0,"co":3,"mo":3,"sa":3,"ic":3},"geometry":{"type":"Polygon","coordinates":[[[-2.59292,51.90757],[-2.59125,51.90694],[-2.5901,51.90749],[-2.58955,51.90688],[-2.58807,51.90716],[-2.58703,51.90699],[-2.58701,51.90631],[-2.58632,51.90572],[-2.58676,51.90522],[-2.58965,51.90402],[-2.59116,51.90272],[-2.59895,51.90412],[-2.60188,51.90512],[-2.60261,51.90575],[-2.60484,51.90605],[-2.60786,51.90732],[-2.60596,51.91037],[-2.59919,51.914],[-2.59695,51.91198],[-2.59345,51.91007],[-2.59292,51.90757]]]}},{"type":"Feature","properties":{"id":"E01014068","name":"E01014068","parent":"E06000019","type":"LSOA","pop":1461,"r":80,"ff":29,"ffd":1984.9,"ffs":0.4833,"g":19,"co":0,"mo":2,"sa":0,"ic":0},"geometry":{"type":"Polygon","coordinates":[[[-2.71083,52.04663],[-2.70878,52.04446],[-2.70793,52.04382],[-2.70882,52.04297],[-2.70785,52.04266],[-2.70803,52.04237],[-2.70614,52.0418],[-2.70673,52.04094],[-2.70833,52.04087],[-2.70793,52.04048],[-2.70843,52.04001],[-2.70801,52.03991],[-2.70895,52.03956],[-2.70955,52.04021],[-2.71023,52.04006],[-2.71143,52.04042],[-2.71154,52.04084],[-2.71097,52.04092],[-2.71458,52.04254],[-2.71284,52.04274],[-2.71261,52.04305],[-2.71308,52.04376],[-2.71632,52.04306],[-2.717,52.04356],[-2.71708,52.04477],[-2.71616,52.04489],[-2.71619,52.04553],[-2.71501,52.04549],[-2.71351,52.04636],[-2.71252,52.04618],[-2.7124,52.04649],[-2.71083,52.04663]]]}},{"type":"Feature","properties":{"id":"E01014069","name":"E01014069","parent":"E06000019","type":"LSOA","pop":1889,"r":80,"ff":29,"ffd":1535.2,"ffs":0.4833,"g":19,"co":0,"mo":2,"sa":0,"ic":0},"geometry":{"type":"Polygon","coordinates":[[[-2.69513,52.04239],[-2.69637,52.04017],[-2.69815,52.03875],[-2.69993,52.0379],[-2.70317,52.03712],[-2.71026,52.03668],[-2.71067,52.03623],[-2.71033,52.0367],[-2.70944,52.03716],[-2.7068,52.03824],[-2.70597,52.03958],[-2.70598,52.04076],[-2.70673,52.04094],[-2.70614,52.0418],[-2.70803,52.04237],[-2.70785,52.04266],[-2.70882,52.04297],[-2.70793,52.04382],[-2.70593,52.04277],[-2.70324,52.04207],[-2.70141,52.04194],[-2.69915,52.04213],[-2.69783,52.04278],[-2.69684,52.04446],[-2.69819,52.04571],[-2.69644,52.04644],[-2.69528,52.04468],[-2.69513,52.04239]]]}},{"type":"Feature","properties":{"id":"E01014070","name":"E01014070","parent":"E06000019","type":"LSOA","pop":2293,"r":80,"ff":29,"ffd":1264.7,"ffs":0.4833,"g":19,"co":0,"mo":2,"sa":0,"ic":0},"geometry":{"type":"Polygon","coordinates":[[[-2.71902,52.04651],[-2.71905,52.04487],[-2.71844,52.0445],[-2.71786,52.04488],[-2.71788,52.04348],[-2.71719,52.0433],[-2.717,52.04356],[-2.71632,52.04306],[-2.71673,52.04268],[-2.71615,52.04274],[-2.71468,52.04161],[-2.71545,52.04121],[-2.71546,52.04061],[-2.71475,52.04047],[-2.7146,52.04012],[-2.71706,52.03832],[-2.71902,52.03908],[-2.71873,52.03809],[-2.71933,52.03806],[-2.71962,52.03755],[-2.72069,52.03748],[-2.72071,52.03817],[-2.72147,52.03863],[-2.72163,52.03907],[-2.72256,52.03838],[-2.72283,52.03853],[-2.72231,52.03926],[-2.7215,52.03939],[-2.72151,52.04017],[-2.72208,52.0415],[-2.7226,52.04175],[-2.72249,52.04135],[-2.72321,52.04095],[-2.72359,52.04162],[-2.72419,52.04156],[-2.72494,52.04231],[-2.72421,52.04271],[-2.72476,52.0434],[-2.72409,52.0434],[-2.72452,52.044],[-2.72553,52.0441],[-2.72559,52.04474],[-2.72628,52.04487],[-2.72597,52.04553],[-2.72334,52.0459],[-2.72334,52.0455],[-2.72288,52.04515],[-2.72151,52.04503],[-2.72131,52.04574],[-2.72187,52.04607],[-2.71965,52.04789],[-2.72004,52.04841],[-2.71948,52.04864],[-2.71864,52.04833],[-2.71902,52.04651]]]}},{"type":"Feature","properties":{"id":"E01014071","name":"E01014071","parent":"E06000019","type":"LSOA","pop":1414,"r":80,"ff":29,"ffd":2050.9,"ffs":0.4833,"g":19,"co":0,"mo":0,"sa":0,"ic":0},"geometry":{"type":"Polygon","coordinates":[[[-2.72736,52.04678],[-2.72601,52.04677],[-2.72526,52.04748],[-2.72394,52.04788],[-2.72381,52.04829],[-2.72325,52.04828],[-2.72307,52.04732],[-2.7237,52.04699],[-2.72375,52.0468],[-2.72284,52.0467],[-2.72334,52.0459],[-2.72597,52.04553],[-2.72628,52.04487],[-2.72559,52.04474],[-2.72553,52.0441],[-2.72452,52.044],[-2.72409,52.0434],[-2.72476,52.0434],[-2.72421,52.04271],[-2.72494,52.04231],[-2.72419,52.04156],[-2.72476,52.04134],[-2.72381,52.04071],[-2.72498,52.04041],[-2.72401,52.03962],[-2.7245,52.0398],[-2.72594,52.0394],[-2.7263,52.03977],[-2.7296,52.03848],[-2.7285,52.04502],[-2.7274,52.04905],[-2.72626,52.04821],[-2.72638,52.04722],[-2.72736,52.04678]]]}},{"type":"Feature","properties":{"id":"E01014072","name":"E01014072","parent":"E06000019","type":"LSOA","pop":1940,"r":80,"ff":29,"ffd":1494.8,"ffs":0.4833,"g":19,"co":0,"mo":0,"sa":0,"ic":0},"geometry":{"type":"Polygon","coordinates":[[[-2.72208,52.0415],[-2.72151,52.04017],[-2.7215,52.03939],[-2.72231,52.03926],[-2.72283,52.03853],[-2.72256,52.03838],[-2.72163,52.03907],[-2.72147,52.03863],[-2.72071,52.03817],[-2.72069,52.03748],[-2.71962,52.03755],[-2.71933,52.03806],[-2.71873,52.03809],[-2.71902,52.03908],[-2.71706,52.03832],[-2.7146,52.04012],[-2.71311,52.03883],[-2.71424,52.03832],[-2.71472,52.03856],[-2.71548,52.03819],[-2.71532,52.03753],[-2.71756,52.03689],[-2.71714,52.03635],[-2.71033,52.0367],[-2.71067,52.03623],[-2.70972,52.03533],[-2.71096,52.03496],[-2.71112,52.03405],[-2.71256,52.03298],[-2.71421,52.03212],[-2.71675,52.0314],[-2.72344,52.03047],[-2.72691,52.0296],[-2.7301,52.02838],[-2.73442,52.03049],[-2.73386,52.03097],[-2.73475,52.03149],[-2.73508,52.03164],[-2.73601,52.03113],[-2.73664,52.03163],[-2.73203,52.03439],[-2.73087,52.03569],[-2.72975,52.03785],[-2.7296,52.03848],[-2.7263,52.03977],[-2.72594,52.0394],[-2.7245,52.0398],[-2.72401,52.03962],[-2.72498,52.04041],[-2.72381,52.04071],[-2.72476,52.04134],[-2.72359,52.04162],[-2.72321,52.04095],[-2.72249,52.04135],[-2.7226,52.04175],[-2.72208,52.0415]]]}},{"type":"Feature","properties":{"id":"E01014073","name":"E01014073","parent":"E06000019","type":"LSOA","pop":1960,"r":80,"ff":29,"ffd":1479.6,"ffs":0.4833,"g":19,"co":0,"mo":2,"sa":0,"ic":0},"geometry":{"type":"Polygon","coordinates":[[[-2.71261,52.04305],[-2.71284,52.04274],[-2.71458,52.04254],[-2.71097,52.04092],[-2.71154,52.04084],[-2.71143,52.04042],[-2.71023,52.04006],[-2.70955,52.04021],[-2.70895,52.03956],[-2.70801,52.03991],[-2.70843,52.04001],[-2.70793,52.04048],[-2.70833,52.04087],[-2.70766,52.04099],[-2.70598,52.04076],[-2.70597,52.03958],[-2.7068,52.03824],[-2.71033,52.0367],[-2.71714,52.03635],[-2.71756,52.03689],[-2.71532,52.03753],[-2.71548,52.03819],[-2.71472,52.03856],[-2.71424,52.03832],[-2.71311,52.03883],[-2.7146,52.04012],[-2.71475,52.04047],[-2.71546,52.04061],[-2.71545,52.04121],[-2.71468,52.04161],[-2.71615,52.04274],[-2.71673,52.04268],[-2.71632,52.04306],[-2.71308,52.04376],[-2.71261,52.04305]]]}},{"type":"Feature","properties":{"id":"E01014074","name":"E01014074","parent":"E06000019","type":"LSOA","pop":1410,"r":81,"ff":29,"ffd":2056.7,"ffs":0.4754,"g":19,"co":0,"mo":2,"sa":0,"ic":0},"geometry":{"type":"Polygon","coordinates":[[[-2.71123,52.04971],[-2.71126,52.04736],[-2.71083,52.04663],[-2.7124,52.04649],[-2.71252,52.04618],[-2.71351,52.04636],[-2.71501,52.04549],[-2.71619,52.04553],[-2.71616,52.04489],[-2.71708,52.04477],[-2.717,52.04356],[-2.71719,52.0433],[-2.71788,52.04348],[-2.71786,52.04488],[-2.71844,52.0445],[-2.71905,52.04487],[-2.71902,52.04651],[-2.71864,52.04833],[-2.71948,52.04864],[-2.72004,52.04841],[-2.71965,52.04789],[-2.72187,52.04607],[-2.72131,52.04574],[-2.72151,52.04503],[-2.72288,52.04515],[-2.72334,52.0455],[-2.72334,52.0459],[-2.72284,52.0467],[-2.72375,52.0468],[-2.7237,52.04699],[-2.72307,52.04732],[-2.72325,52.04828],[-2.72381,52.04829],[-2.72394,52.04788],[-2.72526,52.04748],[-2.72601,52.04677],[-2.72736,52.04678],[-2.72638,52.04722],[-2.72626,52.04821],[-2.7274,52.04905],[-2.72704,52.05028],[-2.72245,52.05126],[-2.71981,52.05214],[-2.71759,52.05266],[-2.71484,52.05246],[-2.71224,52.05107],[-2.71123,52.04971]]]}},{"type":"Feature","properties":{"id":"E01014075","name":"E01014075","parent":"E06000019","type":"LSOA","pop":1789,"r":80,"ff":29,"ffd":1621.0,"ffs":0.4833,"g":19,"co":0,"mo":0,"sa":0,"ic":0},"geometry":{"type":"Polygon","coordinates":[[[-2.73353,52.05801],[-2.7339,52.05777],[-2.73348,52.05747],[-2.73109,52.05751],[-2.73129,52.05709],[-2.73091,52.05683],[-2.72948,52.05666],[-2.73184,52.05458],[-2.73106,52.05458],[-2.73101,52.05397],[-2.73023,52.05391],[-2.7305,52.05421],[-2.72366,52.05526],[-2.72124,52.05434],[-2.7213,52.05394],[-2.72026,52.05407],[-2.71987,52.05212],[-2.72245,52.05126],[-2.74012,52.04719],[-2.74094,52.04839],[-2.73828,52.04928],[-2.73968,52.05088],[-2.741,52.05196],[-2.74307,52.05125],[-2.74291,52.05286],[-2.7409,52.05344],[-2.73788,52.05332],[-2.73668,52.05366],[-2.7382,52.05527],[-2.73905,52.05547],[-2.73689,52.0572],[-2.73722,52.0574],[-2.73718,52.05797],[-2.73663,52.05782],[-2.73564,52.05865],[-2.73379,52.05827],[-2.73353,52.05801]]]}},{"type":"Feature","properties":{"id":"E01014076","name":"E01014076","parent":"E06000019","type":"LSOA","pop":2198,"r":6,"ff":2,"ffd":91.0,"ffs":0.3333,"g":0,"co":1,"mo":1,"sa":1,"ic":1},"geometry":{"type":"Polygon","coordinates":[[[-2.72778,52.0585],[-2.72442,52.05715],[-2.72055,52.05676],[-2.72026,52.05407],[-2.7213,52.05394],[-2.72124,52.05434],[-2.72366,52.05526],[-2.7305,52.05421],[-2.73023,52.05391],[-2.73101,52.05397],[-2.73106,52.05458],[-2.73184,52.05458],[-2.72948,52.05666],[-2.73091,52.05683],[-2.73129,52.05709],[-2.73109,52.05751],[-2.73348,52.05747],[-2.7339,52.05777],[-2.73353,52.05801],[-2.73379,52.05827],[-2.73373,52.0586],[-2.73516,52.05912],[-2.73451,52.05986],[-2.72778,52.0585]]]}},{"type":"Feature","properties":{"id":"E01014077","name":"E01014077","parent":"E06000019","type":"LSOA","pop":1565,"r":80,"ff":29,"ffd":1853.0,"ffs":0.4833,"g":19,"co":0,"mo":0,"sa":0,"ic":0},"geometry":{"type":"Polygon","coordinates":[[[-2.7478,52.06423],[-2.74112,52.06202],[-2.7414,52.06158],[-2.74283,52.06205],[-2.74579,52.06013],[-2.74512,52.06002],[-2.74576,52.05785],[-2.74317,52.0573],[-2.74087,52.05565],[-2.7382,52.05527],[-2.73668,52.05366],[-2.73788,52.05332],[-2.7409,52.05344],[-2.74291,52.05286],[-2.74307,52.05125],[-2.74385,52.05111],[-2.74515,52.05205],[-2.74501,52.05252],[-2.74318,52.0536],[-2.74544,52.0546],[-2.74619,52.05357],[-2.74715,52.05357],[-2.74762,52.05421],[-2.75551,52.05645],[-2.75496,52.05763],[-2.75514,52.05789],[-2.75642,52.058],[-2.75597,52.05973],[-2.7602,52.06037],[-2.75934,52.06233],[-2.75816,52.06277],[-2.75386,52.06554],[-2.7478,52.06423]]]}},{"type":"Feature","properties":{"id":"E01014078","name":"E01014078","parent":"E06000019","type":"LSOA","pop":1376,"r":80,"ff":29,"ffd":2107.6,"ffs":0.4833,"g":19,"co":0,"mo":0,"sa":0,"ic":0},"geometry":{"type":"Polygon","coordinates":[[[-2.74187,52.0617],[-2.7414,52.06158],[-2.74109,52.06193],[-2.73451,52.05986],[-2.73516,52.05912],[-2.73373,52.0586],[-2.73379,52.05827],[-2.73564,52.05865],[-2.73663,52.05782],[-2.73718,52.05797],[-2.73722,52.0574],[-2.73689,52.0572],[-2.73905,52.05547],[-2.74087,52.05565],[-2.74317,52.0573],[-2.74576,52.05785],[-2.74512,52.06002],[-2.74579,52.06013],[-2.74283,52.06205],[-2.74187,52.0617]]]}},{"type":"Feature","properties":{"id":"E01014079","name":"E01014079","parent":"E06000019","type":"LSOA","pop":1611,"r":7,"ff":3,"ffd":186.2,"ffs":0.4286,"g":0,"co":3,"mo":3,"sa":3,"ic":1},"geometry":{"type":"Polygon","coordinates":[[[-2.87615,52.07347],[-2.87456,52.07218],[-2.87277,52.07309],[-2.86967,52.07289],[-2.86897,52.0733],[-2.86659,52.07293],[-2.86501,52.07305],[-2.8645,52.07217],[-2.86527,52.07118],[-2.86223,52.07195],[-2.86063,52.07206],[-2.86029,52.07169],[-2.85557,52.07175],[-2.85572,52.06944],[-2.85468,52.06924],[-2.85546,52.06708],[-2.85458,52.06347],[-2.85372,52.06266],[-2.85129,52.06198],[-2.84832,52.06177],[-2.84285,52.06264],[-2.83649,52.06539],[-2.83087,52.06735],[-2.82841,52.06918],[-2.82797,52.07216],[-2.82725,52.07249],[-2.82424,52.07198],[-2.82167,52.07059],[-2.81814,52.06801],[-2.81505,52.06665],[-2.81427,52.06667],[-2.81316,52.0674],[-2.81199,52.0702],[-2.81126,52.07037],[-2.81023,52.07008],[-2.80972,52.06948],[-2.80921,52.06555],[-2.80822,52.06364],[-2.80906,52.06099],[-2.80882,52.06001],[-2.80706,52.05871],[-2.80392,52.058],[-2.80189,52.05704],[-2.80147,52.05646],[-2.80108,52.05315],[-2.80019,52.05146],[-2.79823,52.0508],[-2.79186,52.05004],[-2.79567,52.04881],[-2.79808,52.04749],[-2.79792,52.04695],[-2.79882,52.04546],[-2.79974,52.0454],[-2.80108,52.04607],[-2.80271,52.04557],[-2.8026,52.04489],[-2.803,52.04482],[-2.80219,52.04347],[-2.80078,52.04296],[-2.80242,52.04165],[-2.80284,52.03791],[-2.80361,52.03792],[-2.80403,52.03752],[-2.80511,52.03733],[-2.8049,52.03703],[-2.80532,52.03691],[-2.80564,52.03714],[-2.80814,52.03679],[-2.81126,52.03592],[-2.81483,52.03408],[-2.81672,52.03359],[-2.81725,52.0331],[-2.82106,52.03207],[-2.82171,52.0316],[-2.82448,52.03123],[-2.8287,52.03297],[-2.83392,52.03657],[-2.83756,52.03699],[-2.8385,52.03734],[-2.83922,52.03823],[-2.84198,52.03843],[-2.84781,52.03398],[-2.84173,52.03032],[-2.8432,52.02921],[-2.84188,52.02922],[-2.84164,52.02844],[-2.84276,52.02723],[-2.84031,52.0253],[-2.84098,52.02503],[-2.83999,52.02329],[-2.84197,52.023],[-2.84483,52.02181],[-2.84618,52.02226],[-2.84856,52.02062],[-2.84991,52.02189],[-2.85039,52.02189],[-2.85289,52.02095],[-2.85381,52.01977],[-2.85439,52.01977],[-2.85644,52.01775],[-2.85989,52.0155],[-2.86085,52.01414],[-2.86313,52.01502],[-2.86377,52.01472],[-2.86463,52.01517],[-2.86484,52.0149],[-2.86676,52.01536],[-2.86676,52.01585],[-2.86858,52.01674],[-2.87013,52.01591],[-2.87082,52.01596],[-2.87209,52.01684],[-2.87458,52.01565],[-2.87551,52.01621],[-2.8778,52.01494],[-2.88122,52.01865],[-2.88014,52.01901],[-2.8804,52.01945],[-2.88234,52.02086],[-2.8866,52.01924],[-2.88825,52.01911],[-2.89583,52.02083],[-2.8956,52.02192],[-2.89454,52.02204],[-2.89422,52.02249],[-2.89738,52.02295],[-2.89732,52.02455],[-2.89683,52.02519],[-2.89763,52.02639],[-2.8972,52.02669],[-2.89807,52.02733],[-2.89826,52.02815],[-2.89806,52.02884],[-2.89633,52.02974],[-2.90012,52.03284],[-2.9023,52.03403],[-2.89973,52.03544],[-2.89748,52.03619],[-2.89209,52.03873],[-2.89161,52.03865],[-2.89047,52.04062],[-2.89175,52.04082],[-2.89263,52.04206],[-2.89296,52.0442],[-2.89451,52.0444],[-2.894,52.04556],[-2.88952,52.04683],[-2.88687,52.04669],[-2.88712,52.04763],[-2.88845,52.048],[-2.88856,52.04901],[-2.88662,52.05008],[-2.88843,52.05149],[-2.89001,52.052],[-2.88962,52.05227],[-2.88997,52.05246],[-2.88758,52.05331],[-2.88761,52.0538],[-2.88645,52.05444],[-2.88693,52.05524],[-2.88542,52.05608],[-2.8841,52.05781],[-2.88255,52.05795],[-2.88257,52.05908],[-2.88199,52.0591],[-2.88106,52.06122],[-2.87991,52.06097],[-2.87953,52.06191],[-2.87864,52.06198],[-2.87832,52.06231],[-2.87806,52.06466],[-2.87695,52.06461],[-2.87671,52.06504],[-2.87699,52.06656],[-2.87825,52.06636],[-2.87869,52.06674],[-2.88051,52.06704],[-2.88026,52.06887],[-2.88112,52.0693],[-2.88075,52.07049],[-2.87875,52.07102],[-2.87971,52.07262],[-2.87924,52.07247],[-2.87615,52.07347]]]}},{"type":"Feature","properties":{"id":"E01014080","name":"E01014080","parent":"E06000019","type":"LSOA","pop":1546,"r":11,"ff":7,"ffd":452.8,"ffs":0.6364,"g":0,"co":3,"mo":3,"sa":3,"ic":1},"geometry":{"type":"Polygon","coordinates":[[[-2.77275,52.05151],[-2.76929,52.04965],[-2.76678,52.04742],[-2.76733,52.04739],[-2.76865,52.04607],[-2.76915,52.04625],[-2.76951,52.04513],[-2.76893,52.04523],[-2.76856,52.04451],[-2.76614,52.04458],[-2.76546,52.04436],[-2.76577,52.04355],[-2.76519,52.04235],[-2.75542,52.03948],[-2.75006,52.03868],[-2.74956,52.03884],[-2.74928,52.03842],[-2.74994,52.0381],[-2.75132,52.03615],[-2.75266,52.03564],[-2.75327,52.03498],[-2.7557,52.03462],[-2.75754,52.03275],[-2.76039,52.03119],[-2.76155,52.0319],[-2.76509,52.0322],[-2.76813,52.03094],[-2.77074,52.02925],[-2.77437,52.03025],[-2.7795,52.03083],[-2.77943,52.03102],[-2.78059,52.03126],[-2.78471,52.03187],[-2.78475,52.03131],[-2.78805,52.03149],[-2.78827,52.03077],[-2.78992,52.03101],[-2.79082,52.03019],[-2.79094,52.02974],[-2.78959,52.02958],[-2.78945,52.02914],[-2.78605,52.0268],[-2.78543,52.02541],[-2.78803,52.02647],[-2.79182,52.0274],[-2.79245,52.02598],[-2.79558,52.02616],[-2.79565,52.02745],[-2.79933,52.0272],[-2.79914,52.02829],[-2.80011,52.02931],[-2.80385,52.03043],[-2.80441,52.03092],[-2.81047,52.03236],[-2.81445,52.03159],[-2.81539,52.03259],[-2.81649,52.03311],[-2.81725,52.0331],[-2.81672,52.03359],[-2.81483,52.03408],[-2.81126,52.03592],[-2.80814,52.03679],[-2.80564,52.03714],[-2.80532,52.03691],[-2.8049,52.03703],[-2.80511,52.03733],[-2.80403,52.03752],[-2.80361,52.03792],[-2.80284,52.03791],[-2.80242,52.04165],[-2.80078,52.04296],[-2.80219,52.04347],[-2.803,52.04482],[-2.8026,52.04489],[-2.80271,52.04557],[-2.80108,52.04607],[-2.79974,52.0454],[-2.79882,52.04546],[-2.79792,52.04695],[-2.79808,52.04749],[-2.79567,52.04881],[-2.79186,52.05004],[-2.78993,52.0499],[-2.78845,52.05018],[-2.78352,52.05229],[-2.78065,52.05264],[-2.77786,52.05255],[-2.77275,52.05151]]]}},{"type":"Feature","properties":{"id":"E01014081","name":"E01014081","parent":"E06000019","type":"LSOA","pop":1516,"r":13,"ff":8,"ffd":527.7,"ffs":0.6154,"g":0,"co":3,"mo":3,"sa":3,"ic":1},"geometry":{"type":"Polygon","coordinates":[[[-2.70971,52.15282],[-2.70952,52.15238],[-2.70797,52.15247],[-2.70805,52.15206],[-2.70621,52.15192],[-2.70551,52.15151],[-2.70326,52.15139],[-2.70299,52.15106],[-2.70177,52.15114],[-2.70225,52.15064],[-2.7017,52.15011],[-2.70081,52.15068],[-2.7014,52.15085],[-2.70119,52.15119],[-2.69896,52.15072],[-2.69959,52.15029],[-2.69657,52.14882],[-2.69853,52.14782],[-2.69698,52.1469],[-2.6959,52.14673],[-2.69498,52.14718],[-2.69447,52.14708],[-2.69321,52.14796],[-2.69419,52.1484],[-2.69306,52.14934],[-2.69248,52.14808],[-2.6902,52.14831],[-2.68992,52.14939],[-2.69149,52.14997],[-2.69063,52.1507],[-2.69202,52.1517],[-2.69324,52.15221],[-2.69501,52.15111],[-2.69575,52.15164],[-2.69473,52.15169],[-2.69359,52.15253],[-2.69068,52.15171],[-2.6911,52.15128],[-2.69034,52.15066],[-2.68754,52.14931],[-2.68858,52.14818],[-2.6882,52.14739],[-2.68458,52.14795],[-2.67687,52.14723],[-2.67672,52.14676],[-2.67587,52.14708],[-2.67595,52.14733],[-2.67451,52.14749],[-2.67374,52.14632],[-2.6718,52.14658],[-2.67187,52.14544],[-2.67372,52.1449],[-2.67332,52.14335],[-2.67103,52.14317],[-2.67183,52.14482],[-2.67014,52.14531],[-2.66915,52.1449],[-2.66957,52.14441],[-2.66863,52.14336],[-2.67086,52.14319],[-2.67059,52.14232],[-2.67173,52.14224],[-2.67077,52.1402],[-2.67385,52.14016],[-2.67313,52.13987],[-2.67103,52.13984],[-2.6725,52.13859],[-2.67451,52.13855],[-2.67426,52.13696],[-2.67197,52.1366],[-2.67199,52.13598],[-2.6716,52.13591],[-2.66906,52.13654],[-2.66852,52.13536],[-2.6652,52.13479],[-2.6637,52.13526],[-2.66154,52.13324],[-2.65927,52.13026],[-2.6576,52.13078],[-2.65662,52.12935],[-2.65526,52.1295],[-2.65389,52.12795],[-2.65202,52.12871],[-2.65109,52.12706],[-2.65263,52.12629],[-2.65427,52.12617],[-2.657,52.12423],[-2.65689,52.12366],[-2.65869,52.12249],[-2.65924,52.12114],[-2.65906,52.11973],[-2.65992,52.11965],[-2.65985,52.11784],[-2.66222,52.11681],[-2.66369,52.11541],[-2.66396,52.114],[-2.66282,52.11234],[-2.65987,52.11118],[-2.66,52.10924],[-2.65911,52.10823],[-2.65911,52.10708],[-2.65959,52.10696],[-2.65883,52.10642],[-2.6599,52.10475],[-2.66134,52.10381],[-2.66074,52.1031],[-2.66093,52.10267],[-2.66027,52.10211],[-2.65918,52.10194],[-2.65901,52.10131],[-2.65806,52.10089],[-2.65831,52.1005],[-2.65749,52.09998],[-2.65778,52.09867],[-2.657,52.09848],[-2.65469,52.09657],[-2.65387,52.09641],[-2.65434,52.09505],[-2.65645,52.09401],[-2.65795,52.09371],[-2.65969,52.09156],[-2.66166,52.09146],[-2.66259,52.09052],[-2.66417,52.08988],[-2.66515,52.09081],[-2.66584,52.09052],[-2.66678,52.09066],[-2.66816,52.08972],[-2.66901,52.08953],[-2.66881,52.08906],[-2.67115,52.08759],[-2.67276,52.0892],[-2.67481,52.0883],[-2.67612,52.09053],[-2.68166,52.0898],[-2.68194,52.08923],[-2.68302,52.08913],[-2.68316,52.08974],[-2.68443,52.08977],[-2.68727,52.09032],[-2.68838,52.09079],[-2.68928,52.09172],[-2.68977,52.09151],[-2.6906,52.09249],[-2.69353,52.09349],[-2.69322,52.09383],[-2.69377,52.09422],[-2.69339,52.09464],[-2.69472,52.09481],[-2.69386,52.09558],[-2.69493,52.09591],[-2.69518,52.09685],[-2.69715,52.09786],[-2.69986,52.09836],[-2.70096,52.09946],[-2.7023,52.09978],[-2.70228,52.10037],[-2.70362,52.10194],[-2.7045,52.10227],[-2.70643,52.10204],[-2.70752,52.10311],[-2.70861,52.10276],[-2.70962,52.10287],[-2.70983,52.10367],[-2.71149,52.10458],[-2.7127,52.10609],[-2.71204,52.10703],[-2.71239,52.10713],[-2.71119,52.10766],[-2.71006,52.10711],[-2.7076,52.10662],[-2.70533,52.10711],[-2.70559,52.10997],[-2.70432,52.11098],[-2.70281,52.11055],[-2.70142,52.11211],[-2.7012,52.1133],[-2.70159,52.11403],[-2.69989,52.11473],[-2.6974,52.11494],[-2.69789,52.11821],[-2.692,52.11881],[-2.68856,52.11853],[-2.68851,52.11818],[-2.68788,52.11816],[-2.68796,52.11889],[-2.68633,52.11903],[-2.6858,52.11965],[-2.691,52.12144],[-2.68728,52.12386],[-2.68869,52.12454],[-2.68908,52.12525],[-2.69031,52.12543],[-2.69081,52.12625],[-2.68305,52.12861],[-2.68357,52.13002],[-2.68838,52.13101],[-2.68692,52.1347],[-2.69435,52.13502],[-2.69814,52.13383],[-2.70254,52.13489],[-2.70351,52.13648],[-2.70481,52.13553],[-2.70604,52.13552],[-2.71378,52.13329],[-2.71584,52.13312],[-2.71778,52.13374],[-2.71806,52.1331],[-2.72041,52.13315],[-2.7214,52.13357],[-2.72178,52.13423],[-2.7204,52.13498],[-2.7226,52.13674],[-2.72245,52.13748],[-2.7233,52.13784],[-2.7242,52.13896],[-2.72392,52.13983],[-2.72282,52.13959],[-2.72234,52.13982],[-2.72299,52.14064],[-2.7239,52.14099],[-2.7237,52.14183],[-2.72197,52.14213],[-2.72171,52.14363],[-2.71984,52.14321],[-2.71908,52.14418],[-2.71792,52.14467],[-2.71738,52.14672],[-2.71826,52.14734],[-2.71784,52.14819],[-2.71682,52.14858],[-2.71691,52.14912],[-2.71623,52.15069],[-2.71474,52.15058],[-2.7147,52.1501],[-2.71432,52.15012],[-2.71365,52.15166],[-2.71277,52.15173],[-2.71224,52.15282],[-2.70971,52.15282]]]}},{"type":"Feature","properties":{"id":"E01014082","name":"E01014082","parent":"E06000019","type":"LSOA","pop":1986,"r":13,"ff":8,"ffd":402.8,"ffs":0.6154,"g":0,"co":3,"mo":3,"sa":3,"ic":1},"geometry":{"type":"Polygon","coordinates":[[[-2.70254,52.13489],[-2.69814,52.13383],[-2.69435,52.13502],[-2.68692,52.1347],[-2.68838,52.13101],[-2.68357,52.13002],[-2.68305,52.12861],[-2.69081,52.12625],[-2.69031,52.12543],[-2.68908,52.12525],[-2.68869,52.12454],[-2.68728,52.12386],[-2.691,52.12144],[-2.6858,52.11965],[-2.68633,52.11903],[-2.68796,52.11889],[-2.68788,52.11816],[-2.68851,52.11818],[-2.68856,52.11853],[-2.692,52.11881],[-2.69789,52.11821],[-2.6974,52.11494],[-2.69989,52.11473],[-2.70159,52.11403],[-2.7012,52.1133],[-2.70142,52.11211],[-2.70281,52.11055],[-2.70432,52.11098],[-2.70559,52.10997],[-2.70533,52.10711],[-2.7076,52.10662],[-2.71006,52.10711],[-2.71119,52.10766],[-2.71239,52.10713],[-2.71204,52.10703],[-2.7127,52.10609],[-2.71149,52.10458],[-2.70983,52.10367],[-2.70962,52.10287],[-2.70861,52.10276],[-2.71308,52.10108],[-2.71535,52.1006],[-2.71939,52.10044],[-2.72014,52.10135],[-2.72214,52.10081],[-2.72685,52.1002],[-2.72865,52.10065],[-2.72804,52.10167],[-2.72809,52.1026],[-2.72975,52.10452],[-2.73051,52.10465],[-2.73652,52.10282],[-2.73685,52.10382],[-2.73725,52.10385],[-2.73748,52.10444],[-2.73785,52.1044],[-2.73875,52.10671],[-2.73978,52.10748],[-2.74098,52.10972],[-2.74059,52.11057],[-2.73905,52.11138],[-2.73861,52.11306],[-2.74339,52.11472],[-2.74729,52.11471],[-2.74616,52.11796],[-2.74303,52.11956],[-2.74056,52.11975],[-2.73762,52.11943],[-2.73383,52.1194],[-2.73166,52.11862],[-2.72953,52.11903],[-2.72457,52.11847],[-2.71876,52.11855],[-2.71716,52.12044],[-2.71559,52.11976],[-2.71519,52.11912],[-2.71463,52.12055],[-2.70773,52.12339],[-2.7077,52.12365],[-2.7086,52.12395],[-2.7077,52.12464],[-2.70814,52.12586],[-2.70662,52.12609],[-2.70543,52.12759],[-2.707,52.12779],[-2.70749,52.12824],[-2.70853,52.12844],[-2.7086,52.12945],[-2.70926,52.12999],[-2.70914,52.13072],[-2.71029,52.13065],[-2.71024,52.12994],[-2.71121,52.13029],[-2.71168,52.12966],[-2.71256,52.12986],[-2.71316,52.13045],[-2.71306,52.13096],[-2.71112,52.13135],[-2.71082,52.13178],[-2.71119,52.13209],[-2.7128,52.13228],[-2.71378,52.13329],[-2.70604,52.13552],[-2.70481,52.13553],[-2.70351,52.13648],[-2.70254,52.13489]]]}},{"type":"Feature","properties":{"id":"E01014083","name":"E01014083","parent":"E06000019","type":"LSOA","pop":1600,"r":80,"ff":29,"ffd":1812.5,"ffs":0.4833,"g":19,"co":0,"mo":0,"sa":0,"ic":0},"geometry":{"type":"Polygon","coordinates":[[[-2.7516,52.07532],[-2.75004,52.07485],[-2.74788,52.0751],[-2.74653,52.07399],[-2.74543,52.07471],[-2.74451,52.07419],[-2.74407,52.06926],[-2.74477,52.06786],[-2.7464,52.06951],[-2.74624,52.06776],[-2.74456,52.06736],[-2.74488,52.06685],[-2.74377,52.06643],[-2.74426,52.06624],[-2.74404,52.06552],[-2.74285,52.06534],[-2.74242,52.06563],[-2.74181,52.06527],[-2.7405,52.0625],[-2.74112,52.06202],[-2.7478,52.06423],[-2.75002,52.06478],[-2.7747,52.06955],[-2.77442,52.07071],[-2.77351,52.07172],[-2.77135,52.07196],[-2.76938,52.07343],[-2.76924,52.07418],[-2.76997,52.07485],[-2.76922,52.07762],[-2.75041,52.07695],[-2.7516,52.07532]]]}},{"type":"Feature","properties":{"id":"E01014084","name":"E01014084","parent":"E06000019","type":"LSOA","pop":1541,"r":80,"ff":29,"ffd":1881.9,"ffs":0.4833,"g":19,"co":0,"mo":0,"sa":0,"ic":0},"geometry":{"type":"Polygon","coordinates":[[[-2.71155,52.07108],[-2.7151,52.06933],[-2.71717,52.06768],[-2.71869,52.06514],[-2.72161,52.06604],[-2.72227,52.06563],[-2.72317,52.06546],[-2.72243,52.06454],[-2.72286,52.06327],[-2.72245,52.06326],[-2.72166,52.06208],[-2.72192,52.06115],[-2.72376,52.06155],[-2.72294,52.05881],[-2.72411,52.05708],[-2.72778,52.0585],[-2.73293,52.05949],[-2.73267,52.06025],[-2.73029,52.06132],[-2.73017,52.0619],[-2.73237,52.06231],[-2.7347,52.06218],[-2.73519,52.06192],[-2.73563,52.06201],[-2.73549,52.06237],[-2.73645,52.06263],[-2.73548,52.06336],[-2.73613,52.06364],[-2.73576,52.06373],[-2.73595,52.06416],[-2.73693,52.06447],[-2.73802,52.06341],[-2.73846,52.06413],[-2.73872,52.06599],[-2.7383,52.0663],[-2.73583,52.06555],[-2.7353,52.06606],[-2.73575,52.06638],[-2.73463,52.06665],[-2.73353,52.0663],[-2.72899,52.06613],[-2.72892,52.06717],[-2.73247,52.0673],[-2.73429,52.06794],[-2.73461,52.06925],[-2.73443,52.07289],[-2.73216,52.07417],[-2.73017,52.07466],[-2.72993,52.07416],[-2.73133,52.07369],[-2.73009,52.07361],[-2.73006,52.07186],[-2.72891,52.07088],[-2.72807,52.07086],[-2.72615,52.07414],[-2.7266,52.07459],[-2.72529,52.07474],[-2.72531,52.07549],[-2.70328,52.07388],[-2.70789,52.07209],[-2.71155,52.07108]]]}},{"type":"Feature","properties":{"id":"E01014085","name":"E01014085","parent":"E06000019","type":"LSOA","pop":1661,"r":80,"ff":29,"ffd":1745.9,"ffs":0.4833,"g":19,"co":0,"mo":0,"sa":0,"ic":0},"geometry":{"type":"Polygon","coordinates":[[[-2.73997,52.06753],[-2.73994,52.06717],[-2.73875,52.06727],[-2.73872,52.06698],[-2.73828,52.06704],[-2.7366,52.06629],[-2.73575,52.06638],[-2.7353,52.06606],[-2.73583,52.06555],[-2.7383,52.0663],[-2.73872,52.06599],[-2.73846,52.06413],[-2.73802,52.06341],[-2.73693,52.06447],[-2.73595,52.06416],[-2.73576,52.06373],[-2.73613,52.06364],[-2.73548,52.06336],[-2.73645,52.06263],[-2.73549,52.06237],[-2.73563,52.06201],[-2.73519,52.06192],[-2.7347,52.06218],[-2.73237,52.06231],[-2.73017,52.0619],[-2.73029,52.06132],[-2.73267,52.06025],[-2.73293,52.05949],[-2.74109,52.06193],[-2.7405,52.0625],[-2.74181,52.06527],[-2.74242,52.06563],[-2.74257,52.06626],[-2.74176,52.06672],[-2.74043,52.06675],[-2.7409,52.06759],[-2.73997,52.06753]]]}},{"type":"Feature","properties":{"id":"E01014086","name":"E01014086","parent":"E06000019","type":"LSOA","pop":1522,"r":80,"ff":29,"ffd":1905.4,"ffs":0.4833,"g":19,"co":0,"mo":0,"sa":0,"ic":0},"geometry":{"type":"Polygon","coordinates":[[[-2.71671,52.06429],[-2.72055,52.05676],[-2.72411,52.05708],[-2.72294,52.05881],[-2.72376,52.06155],[-2.72192,52.06115],[-2.72166,52.06208],[-2.72245,52.06326],[-2.72286,52.06327],[-2.72243,52.06454],[-2.72317,52.06546],[-2.72227,52.06563],[-2.72161,52.06604],[-2.71869,52.06514],[-2.71671,52.06429]]]}},{"type":"Feature","properties":{"id":"E01014087","name":"E01014087","parent":"E06000019","type":"LSOA","pop":1340,"r":79,"ff":28,"ffd":2089.6,"ffs":0.4746,"g":19,"co":0,"mo":0,"sa":0,"ic":0},"geometry":{"type":"Polygon","coordinates":[[[-2.74189,52.07535],[-2.74128,52.074],[-2.74177,52.07363],[-2.74092,52.07324],[-2.74052,52.07358],[-2.7409,52.07415],[-2.73881,52.07426],[-2.73857,52.07462],[-2.73818,52.07467],[-2.73814,52.0741],[-2.73755,52.07393],[-2.73712,52.07442],[-2.73746,52.07473],[-2.73672,52.07487],[-2.73676,52.0735],[-2.73759,52.07315],[-2.73824,52.07147],[-2.73888,52.07112],[-2.73963,52.07121],[-2.74329,52.07056],[-2.74333,52.07076],[-2.74422,52.07072],[-2.74451,52.07419],[-2.74543,52.07471],[-2.74653,52.07399],[-2.74788,52.0751],[-2.75004,52.07485],[-2.7516,52.07532],[-2.75041,52.07695],[-2.74103,52.07635],[-2.74089,52.07539],[-2.74189,52.07535]]]}},{"type":"Feature","properties":{"id":"E01014088","name":"E01014088","parent":"E06000019","type":"LSOA","pop":1317,"r":77,"ff":28,"ffd":2126.0,"ffs":0.4912,"g":19,"co":0,"mo":0,"sa":0,"ic":0},"geometry":{"type":"Polygon","coordinates":[[[-2.72531,52.07549],[-2.72529,52.07474],[-2.7266,52.07459],[-2.72615,52.07414],[-2.72807,52.07086],[-2.72891,52.07088],[-2.73006,52.07186],[-2.73009,52.07361],[-2.73133,52.07369],[-2.72993,52.07416],[-2.73017,52.07466],[-2.73216,52.07417],[-2.73443,52.07289],[-2.73461,52.06925],[-2.73557,52.06909],[-2.7356,52.07371],[-2.73623,52.07409],[-2.73677,52.074],[-2.73672,52.07487],[-2.73746,52.07473],[-2.73712,52.07442],[-2.73755,52.07393],[-2.73814,52.0741],[-2.73818,52.07467],[-2.73857,52.07462],[-2.73881,52.07426],[-2.7409,52.07415],[-2.74052,52.07358],[-2.74092,52.07324],[-2.74177,52.07363],[-2.74128,52.074],[-2.74189,52.07535],[-2.74089,52.07539],[-2.74103,52.07635],[-2.72531,52.07549]]]}},{"type":"Feature","properties":{"id":"E01014089","name":"E01014089","parent":"E06000019","type":"LSOA","pop":1261,"r":79,"ff":28,"ffd":2220.5,"ffs":0.4746,"g":19,"co":0,"mo":0,"sa":0,"ic":0},"geometry":{"type":"Polygon","coordinates":[[[-2.73552,52.073],[-2.73557,52.06909],[-2.73461,52.06925],[-2.73429,52.06794],[-2.73247,52.0673],[-2.72892,52.06717],[-2.72899,52.06613],[-2.73353,52.0663],[-2.73463,52.06665],[-2.7366,52.06629],[-2.73828,52.06704],[-2.73872,52.06698],[-2.73875,52.06727],[-2.73994,52.06717],[-2.73997,52.06753],[-2.7409,52.06759],[-2.74043,52.06675],[-2.74176,52.06672],[-2.74257,52.06626],[-2.74242,52.06563],[-2.74285,52.06534],[-2.74404,52.06552],[-2.74426,52.06624],[-2.74377,52.06643],[-2.74488,52.06685],[-2.74456,52.06736],[-2.74624,52.06776],[-2.7464,52.06951],[-2.74477,52.06786],[-2.74407,52.06926],[-2.74422,52.07072],[-2.74333,52.07076],[-2.74329,52.07056],[-2.73963,52.07121],[-2.73888,52.07112],[-2.73824,52.07147],[-2.73759,52.07315],[-2.73676,52.0735],[-2.73677,52.074],[-2.73623,52.07409],[-2.7356,52.07371],[-2.73552,52.073]]]}},{"type":"Feature","properties":{"id":"E01014090","name":"E01014090","parent":"E06000019","type":"LSOA","pop":1494,"r":77,"ff":28,"ffd":1874.2,"ffs":0.4912,"g":19,"co":2,"mo":0,"sa":0,"ic":0},"geometry":{"type":"Polygon","coordinates":[[[-2.6813,52.0586],[-2.68124,52.05731],[-2.68182,52.05649],[-2.67989,52.05497],[-2.68043,52.05465],[-2.6801,52.05292],[-2.67859,52.05246],[-2.67918,52.0517],[-2.67927,52.05225],[-2.68119,52.05248],[-2.68147,52.05173],[-2.68075,52.05162],[-2.68126,52.05083],[-2.68048,52.05068],[-2.68075,52.05003],[-2.68159,52.04973],[-2.6813,52.04944],[-2.68187,52.04903],[-2.68299,52.04917],[-2.6829,52.04955],[-2.68365,52.04993],[-2.68549,52.04967],[-2.68595,52.05057],[-2.68665,52.05082],[-2.68589,52.05119],[-2.68714,52.05164],[-2.68781,52.05163],[-2.6885,52.05276],[-2.68954,52.05284],[-2.68951,52.05321],[-2.68994,52.05326],[-2.69091,52.05439],[-2.69082,52.05551],[-2.68981,52.05582],[-2.68773,52.0557],[-2.68608,52.05712],[-2.68617,52.05805],[-2.68507,52.05755],[-2.68272,52.05771],[-2.6813,52.0586]]]}},{"type":"Feature","properties":{"id":"E01014091","name":"E01014091","parent":"E06000019","type":"LSOA","pop":1565,"r":12,"ff":8,"ffd":511.2,"ffs":0.6667,"g":0,"co":3,"mo":1,"sa":1,"ic":1},"geometry":{"type":"Polygon","coordinates":[[[-2.69082,52.05551],[-2.69091,52.05439],[-2.68994,52.05326],[-2.68951,52.05321],[-2.68954,52.05284],[-2.6885,52.05276],[-2.68781,52.05163],[-2.68802,52.05128],[-2.68718,52.05095],[-2.68708,52.05001],[-2.68808,52.05005],[-2.68815,52.05071],[-2.69122,52.05016],[-2.69125,52.04957],[-2.69313,52.04952],[-2.69289,52.04796],[-2.6978,52.04925],[-2.69915,52.04898],[-2.69882,52.04913],[-2.69987,52.05032],[-2.69956,52.05048],[-2.6983,52.05003],[-2.69898,52.05193],[-2.69767,52.05243],[-2.69718,52.05215],[-2.6958,52.05248],[-2.69703,52.05451],[-2.69842,52.05413],[-2.69894,52.05506],[-2.69872,52.05534],[-2.6977,52.05516],[-2.69824,52.05554],[-2.69752,52.05577],[-2.69267,52.05839],[-2.69107,52.05792],[-2.68996,52.05717],[-2.69071,52.05659],[-2.69281,52.0561],[-2.69082,52.05551]]]}},{"type":"Feature","properties":{"id":"E01014092","name":"E01014092","parent":"E06000019","type":"LSOA","pop":1861,"r":81,"ff":29,"ffd":1558.3,"ffs":0.4754,"g":19,"co":0,"mo":0,"sa":0,"ic":0},"geometry":{"type":"Polygon","coordinates":[[[-2.70386,52.05603],[-2.7013,52.05496],[-2.69824,52.05554],[-2.6977,52.05516],[-2.69872,52.05534],[-2.69894,52.05506],[-2.69842,52.05413],[-2.69703,52.05451],[-2.6958,52.05248],[-2.69718,52.05215],[-2.69767,52.05243],[-2.69898,52.05193],[-2.6983,52.05003],[-2.69956,52.05048],[-2.69987,52.05032],[-2.69882,52.04913],[-2.70002,52.0484],[-2.70035,52.04765],[-2.69961,52.04659],[-2.69819,52.04571],[-2.69684,52.04446],[-2.69783,52.04278],[-2.69915,52.04213],[-2.70141,52.04194],[-2.70324,52.04207],[-2.70593,52.04277],[-2.70793,52.04382],[-2.70878,52.04446],[-2.71083,52.04663],[-2.71126,52.04736],[-2.71123,52.04971],[-2.71224,52.05107],[-2.71145,52.05147],[-2.70859,52.05086],[-2.70874,52.05129],[-2.7061,52.05254],[-2.7034,52.05429],[-2.70386,52.05603]]]}},{"type":"Feature","properties":{"id":"E01014093","name":"E01014093","parent":"E06000019","type":"LSOA","pop":1337,"r":78,"ff":28,"ffd":2094.2,"ffs":0.4828,"g":19,"co":2,"mo":0,"sa":0,"ic":0},"geometry":{"type":"Polygon","coordinates":[[[-2.67626,52.05248],[-2.67522,52.04867],[-2.67251,52.04716],[-2.67507,52.04366],[-2.67781,52.04546],[-2.68189,52.04695],[-2.68763,52.04789],[-2.69289,52.04796],[-2.69313,52.04952],[-2.69125,52.04957],[-2.69122,52.05016],[-2.68815,52.05071],[-2.68808,52.05005],[-2.68708,52.05001],[-2.68718,52.05095],[-2.68802,52.05128],[-2.68781,52.05163],[-2.68714,52.05164],[-2.68589,52.05119],[-2.68665,52.05082],[-2.68595,52.05057],[-2.68549,52.04967],[-2.68365,52.04993],[-2.6829,52.04955],[-2.68299,52.04917],[-2.68187,52.04903],[-2.6813,52.04944],[-2.68159,52.04973],[-2.68075,52.05003],[-2.68048,52.05068],[-2.68126,52.05083],[-2.68075,52.05162],[-2.68147,52.05173],[-2.68119,52.05248],[-2.67927,52.05225],[-2.67918,52.0517],[-2.67859,52.05246],[-2.6801,52.05292],[-2.68043,52.05465],[-2.67989,52.05497],[-2.67764,52.0538],[-2.67626,52.05248]]]}},{"type":"Feature","properties":{"id":"E01014094","name":"E01014094","parent":"E06000019","type":"LSOA","pop":1449,"r":78,"ff":28,"ffd":1932.4,"ffs":0.4828,"g":19,"co":2,"mo":0,"sa":0,"ic":0},"geometry":{"type":"Polygon","coordinates":[[[-2.68671,52.06361],[-2.68358,52.0625],[-2.68196,52.06028],[-2.68161,52.05863],[-2.6813,52.0586],[-2.68272,52.05771],[-2.68507,52.05755],[-2.68617,52.05805],[-2.68608,52.05712],[-2.68773,52.0557],[-2.68981,52.05582],[-2.69082,52.05551],[-2.69281,52.0561],[-2.69071,52.05659],[-2.68996,52.05717],[-2.69107,52.05792],[-2.69267,52.05839],[-2.692,52.05887],[-2.69186,52.05933],[-2.68951,52.0594],[-2.68932,52.05978],[-2.68875,52.05969],[-2.68798,52.05992],[-2.68782,52.06081],[-2.68716,52.06109],[-2.68758,52.06144],[-2.68811,52.06124],[-2.68867,52.06199],[-2.68934,52.06167],[-2.6889,52.0625],[-2.68751,52.06298],[-2.6883,52.06327],[-2.68882,52.06287],[-2.6906,52.06301],[-2.6901,52.06306],[-2.69031,52.06346],[-2.68824,52.06373],[-2.68738,52.06413],[-2.68671,52.06361]]]}},{"type":"Feature","properties":{"id":"E01014095","name":"E01014095","parent":"E06000019","type":"LSOA","pop":1350,"r":80,"ff":28,"ffd":2074.1,"ffs":0.4667,"g":19,"co":2,"mo":0,"sa":0,"ic":0},"geometry":{"type":"Polygon","coordinates":[[[-2.6906,52.06301],[-2.68882,52.06287],[-2.6883,52.06327],[-2.68751,52.06298],[-2.6889,52.0625],[-2.68934,52.06167],[-2.68867,52.06199],[-2.68811,52.06124],[-2.68758,52.06144],[-2.68716,52.06109],[-2.68782,52.06081],[-2.68798,52.05992],[-2.68875,52.05969],[-2.68932,52.05978],[-2.68951,52.0594],[-2.69186,52.05933],[-2.692,52.05887],[-2.69228,52.05882],[-2.69673,52.05996],[-2.6962,52.06094],[-2.69315,52.06211],[-2.69301,52.06324],[-2.6906,52.06301]]]}},{"type":"Feature","properties":{"id":"E01014096","name":"E01014096","parent":"E06000019","type":"LSOA","pop":1534,"r":3,"ff":1,"ffd":65.2,"ffs":0.3333,"g":0,"co":3,"mo":3,"sa":3,"ic":3},"geometry":{"type":"Polygon","coordinates":[[[-2.66288,52.34153],[-2.66226,52.34096],[-2.66117,52.34097],[-2.66029,52.34137],[-2.65941,52.33968],[-2.65962,52.33926],[-2.65834,52.33897],[-2.65846,52.33855],[-2.65598,52.33788],[-2.65605,52.33722],[-2.65667,52.33713],[-2.65905,52.33527],[-2.65975,52.33528],[-2.65938,52.3343],[-2.65814,52.33425],[-2.65559,52.33314],[-2.65317,52.33303],[-2.65303,52.33259],[-2.65176,52.33251],[-2.65124,52.33218],[-2.64939,52.33237],[-2.64956,52.33183],[-2.64917,52.33172],[-2.64826,52.33204],[-2.64765,52.3317],[-2.64681,52.33262],[-2.6462,52.33253],[-2.64586,52.33329],[-2.64331,52.33381],[-2.64102,52.33285],[-2.64062,52.33239],[-2.64066,52.33154],[-2.64146,52.33135],[-2.64092,52.33092],[-2.64159,52.33052],[-2.64104,52.33046],[-2.64086,52.32993],[-2.64178,52.32969],[-2.64101,52.32864],[-2.63894,52.32809],[-2.6371,52.32849],[-2.63623,52.32833],[-2.63693,52.32709],[-2.63646,52.32648],[-2.637,52.32602],[-2.63696,52.32453],[-2.63509,52.32421],[-2.63356,52.32456],[-2.63282,52.32414],[-2.63213,52.32414],[-2.6322,52.32375],[-2.63136,52.32352],[-2.63193,52.32319],[-2.63069,52.32268],[-2.63101,52.32212],[-2.63027,52.32156],[-2.63064,52.32105],[-2.62954,52.32099],[-2.62931,52.3207],[-2.62808,52.32074],[-2.62795,52.32115],[-2.62729,52.32105],[-2.62725,52.32149],[-2.62656,52.32123],[-2.62587,52.3215],[-2.62531,52.32109],[-2.62482,52.32115],[-2.62505,52.32147],[-2.62394,52.32139],[-2.62384,52.32057],[-2.62441,52.31993],[-2.62392,52.31971],[-2.62368,52.31995],[-2.62353,52.31953],[-2.62454,52.31834],[-2.62613,52.31763],[-2.62557,52.31693],[-2.62632,52.31604],[-2.62563,52.315],[-2.62676,52.31468],[-2.62807,52.31344],[-2.62549,52.31225],[-2.62573,52.31135],[-2.62484,52.31105],[-2.62384,52.30994],[-2.62282,52.31014],[-2.62261,52.30907],[-2.62309,52.30846],[-2.62272,52.30814],[-2.6217,52.30786],[-2.62069,52.30704],[-2.6191,52.30738],[-2.61803,52.30696],[-2.61827,52.30604],[-2.61907,52.30563],[-2.62311,52.30646],[-2.62693,52.30613],[-2.62972,52.30666],[-2.63166,52.30569],[-2.63245,52.30564],[-2.63334,52.30607],[-2.63383,52.3074],[-2.63633,52.30895],[-2.63726,52.30815],[-2.63876,52.3077],[-2.64323,52.30818],[-2.64538,52.3062],[-2.64755,52.30528],[-2.65291,52.30581],[-2.65402,52.30527],[-2.65643,52.30518],[-2.65876,52.30435],[-2.65837,52.305],[-2.65868,52.30532],[-2.6594,52.30536],[-2.66162,52.30483],[-2.66161,52.30459],[-2.66319,52.30395],[-2.6621,52.30206],[-2.66159,52.30223],[-2.66119,52.30203],[-2.66161,52.30141],[-2.66111,52.30115],[-2.66143,52.30081],[-2.66105,52.3004],[-2.65944,52.30019],[-2.65721,52.29922],[-2.65597,52.29913],[-2.65242,52.29525],[-2.6482,52.29393],[-2.64422,52.29375],[-2.64449,52.29149],[-2.64347,52.28937],[-2.63988,52.28638],[-2.63635,52.28607],[-2.63419,52.28635],[-2.63235,52.28732],[-2.63169,52.28707],[-2.62945,52.28728],[-2.62626,52.2889],[-2.62489,52.28758],[-2.62344,52.28705],[-2.62328,52.28465],[-2.62067,52.28287],[-2.61828,52.2822],[-2.61655,52.28283],[-2.61609,52.284],[-2.6167,52.28417],[-2.61661,52.28532],[-2.61444,52.28646],[-2.61216,52.28678],[-2.60588,52.28678],[-2.60424,52.2866],[-2.602,52.2855],[-2.60053,52.28568],[-2.60053,52.28494],[-2.59949,52.28418],[-2.59897,52.28354],[-2.60044,52.28183],[-2.59972,52.28151],[-2.59793,52.28162],[-2.59751,52.28035],[-2.59955,52.27985],[-2.59838,52.27892],[-2.59825,52.2782],[-2.59693,52.27819],[-2.59627,52.27731],[-2.59645,52.27659],[-2.59911,52.27609],[-2.60166,52.27649],[-2.60188,52.27701],[-2.60295,52.27643],[-2.60361,52.27645],[-2.60333,52.27617],[-2.60439,52.27549],[-2.60673,52.27567],[-2.60781,52.27303],[-2.61063,52.27124],[-2.61061,52.2703],[-2.60995,52.2693],[-2.61249,52.26779],[-2.61439,52.26572],[-2.61626,52.26469],[-2.62301,52.26223],[-2.6283,52.26116],[-2.6278,52.26075],[-2.62788,52.2602],[-2.63088,52.25745],[-2.63136,52.2542],[-2.63065,52.25368],[-2.63146,52.25324],[-2.63111,52.25294],[-2.63423,52.25075],[-2.6354,52.25076],[-2.63549,52.25041],[-2.63599,52.25063],[-2.63656,52.24998],[-2.63791,52.25001],[-2.63861,52.24967],[-2.63988,52.24959],[-2.64134,52.24886],[-2.64257,52.24874],[-2.64692,52.2498],[-2.6482,52.24954],[-2.64903,52.24867],[-2.65,52.24835],[-2.65371,52.24795],[-2.65392,52.24819],[-2.65556,52.24721],[-2.65705,52.24849],[-2.65986,52.24965],[-2.66041,52.25033],[-2.66192,52.25002],[-2.66305,52.25047],[-2.6625,52.25199],[-2.66453,52.2523],[-2.66535,52.25276],[-2.66513,52.25411],[-2.66552,52.25462],[-2.66865,52.25489],[-2.67041,52.2547],[-2.67207,52.25816],[-2.67163,52.2597],[-2.67519,52.2612],[-2.67654,52.2601],[-2.67889,52.26082],[-2.68564,52.26161],[-2.68862,52.26345],[-2.6898,52.26255],[-2.69283,52.26358],[-2.69382,52.26339],[-2.69322,52.26432],[-2.69353,52.26473],[-2.69295,52.26644],[-2.69233,52.26668],[-2.69219,52.26789],[-2.69065,52.2699],[-2.69757,52.27136],[-2.70009,52.27224],[-2.70113,52.2744],[-2.70045,52.27509],[-2.6993,52.27548],[-2.70018,52.27587],[-2.6997,52.2772],[-2.70034,52.27833],[-2.70217,52.27926],[-2.69936,52.28108],[-2.69881,52.28188],[-2.69891,52.28283],[-2.69531,52.28424],[-2.69486,52.28387],[-2.69349,52.28368],[-2.6915,52.28499],[-2.69288,52.28665],[-2.69209,52.28792],[-2.68964,52.28903],[-2.69202,52.29047],[-2.69389,52.28983],[-2.6956,52.29102],[-2.69641,52.29043],[-2.69762,52.29105],[-2.6985,52.29208],[-2.69956,52.2925],[-2.70079,52.29232],[-2.70135,52.29368],[-2.70207,52.29374],[-2.70439,52.29255],[-2.70524,52.29459],[-2.70612,52.29493],[-2.71114,52.29438],[-2.71212,52.29547],[-2.71172,52.29483],[-2.71197,52.29407],[-2.71673,52.29439],[-2.72128,52.29597],[-2.72348,52.29585],[-2.72546,52.29642],[-2.72409,52.29778],[-2.72409,52.29878],[-2.72256,52.30125],[-2.7242,52.30276],[-2.72431,52.30415],[-2.72339,52.30484],[-2.72319,52.30617],[-2.7225,52.30653],[-2.72333,52.30684],[-2.72314,52.30741],[-2.72282,52.30764],[-2.72133,52.30756],[-2.72039,52.30798],[-2.7207,52.30838],[-2.72023,52.30884],[-2.71854,52.30842],[-2.71856,52.30903],[-2.71795,52.30879],[-2.71715,52.30898],[-2.71651,52.30859],[-2.71673,52.30831],[-2.71578,52.30854],[-2.71481,52.30829],[-2.71412,52.30886],[-2.71239,52.30814],[-2.71085,52.30891],[-2.7106,52.30873],[-2.70913,52.30913],[-2.70932,52.30938],[-2.70633,52.31028],[-2.70272,52.31002],[-2.69297,52.31031],[-2.6926,52.31006],[-2.6916,52.31053],[-2.68906,52.31073],[-2.6885,52.31047],[-2.68453,52.31129],[-2.68146,52.31122],[-2.68065,52.31153],[-2.68035,52.31207],[-2.67981,52.31202],[-2.68036,52.3131],[-2.68103,52.31351],[-2.67994,52.3152],[-2.68439,52.31561],[-2.68622,52.31479],[-2.68724,52.31468],[-2.68813,52.31493],[-2.68921,52.31586],[-2.68898,52.31683],[-2.68607,52.31951],[-2.68528,52.32441],[-2.67853,52.32952],[-2.67622,52.33302],[-2.67566,52.33454],[-2.67601,52.33471],[-2.67438,52.33592],[-2.6735,52.33771],[-2.67021,52.33974],[-2.66968,52.34156],[-2.66808,52.34163],[-2.66725,52.3422],[-2.66607,52.3423],[-2.66288,52.34153]]]}},{"type":"Feature","properties":{"id":"E01014097","name":"E01014097","parent":"E06000019","type":"LSOA","pop":1316,"r":3,"ff":1,"ffd":76.0,"ffs":0.3333,"g":0,"co":3,"mo":3,"sa":3,"ic":3},"geometry":{"type":"Polygon","coordinates":[[[-2.72546,52.29642],[-2.72348,52.29585],[-2.72128,52.29597],[-2.71673,52.29439],[-2.71197,52.29407],[-2.71172,52.29483],[-2.71212,52.29547],[-2.71114,52.29438],[-2.70612,52.29493],[-2.70524,52.29459],[-2.70439,52.29255],[-2.70207,52.29374],[-2.70135,52.29368],[-2.70079,52.29232],[-2.69956,52.2925],[-2.6985,52.29208],[-2.69762,52.29105],[-2.69641,52.29043],[-2.6956,52.29102],[-2.69389,52.28983],[-2.69202,52.29047],[-2.68964,52.28903],[-2.69209,52.28792],[-2.69288,52.28665],[-2.6915,52.28499],[-2.69349,52.28368],[-2.69486,52.28387],[-2.69531,52.28424],[-2.69891,52.28283],[-2.69881,52.28188],[-2.69936,52.28108],[-2.70217,52.27926],[-2.70034,52.27833],[-2.6997,52.2772],[-2.70018,52.27587],[-2.6993,52.27548],[-2.70045,52.27509],[-2.70113,52.2744],[-2.70009,52.27224],[-2.69757,52.27136],[-2.69065,52.2699],[-2.69219,52.26789],[-2.69233,52.26668],[-2.69295,52.26644],[-2.69353,52.26473],[-2.69322,52.26432],[-2.69382,52.26339],[-2.69283,52.26358],[-2.6898,52.26255],[-2.68862,52.26345],[-2.68564,52.26161],[-2.67889,52.26082],[-2.67654,52.2601],[-2.67519,52.2612],[-2.67163,52.2597],[-2.67207,52.25816],[-2.67041,52.2547],[-2.66865,52.25489],[-2.66552,52.25462],[-2.66513,52.25411],[-2.66535,52.25276],[-2.66453,52.2523],[-2.6625,52.25199],[-2.66305,52.25047],[-2.66192,52.25002],[-2.66041,52.25033],[-2.65986,52.24965],[-2.65705,52.24849],[-2.65556,52.24721],[-2.65642,52.24623],[-2.65483,52.24508],[-2.65464,52.24452],[-2.65538,52.24427],[-2.65554,52.24377],[-2.65762,52.24342],[-2.65835,52.24282],[-2.659,52.24305],[-2.66007,52.24255],[-2.66091,52.2427],[-2.66193,52.24239],[-2.66167,52.24101],[-2.66105,52.24061],[-2.66181,52.23998],[-2.66231,52.23998],[-2.66219,52.23961],[-2.66276,52.23948],[-2.66292,52.23898],[-2.66096,52.23789],[-2.66097,52.23758],[-2.6618,52.23679],[-2.66331,52.23676],[-2.66405,52.23646],[-2.66484,52.23554],[-2.66469,52.23516],[-2.66594,52.23421],[-2.66742,52.23405],[-2.66756,52.23302],[-2.66661,52.23217],[-2.66566,52.23206],[-2.66582,52.2316],[-2.66486,52.23113],[-2.66593,52.22879],[-2.66535,52.22822],[-2.66613,52.2279],[-2.66547,52.22765],[-2.66582,52.22714],[-2.66534,52.22655],[-2.66558,52.22545],[-2.66456,52.22428],[-2.66631,52.22348],[-2.66731,52.22354],[-2.67068,52.22272],[-2.67176,52.22195],[-2.67225,52.22225],[-2.67364,52.22214],[-2.67285,52.22263],[-2.67459,52.22369],[-2.67567,52.22493],[-2.67891,52.22355],[-2.67985,52.22383],[-2.68168,52.22339],[-2.6823,52.22399],[-2.68636,52.22345],[-2.68784,52.22512],[-2.68869,52.22467],[-2.68899,52.22491],[-2.69046,52.22439],[-2.69076,52.22465],[-2.692,52.22408],[-2.69303,52.22516],[-2.69223,52.22542],[-2.69321,52.22678],[-2.69278,52.2269],[-2.69381,52.22813],[-2.69304,52.22847],[-2.69378,52.229],[-2.69522,52.22844],[-2.6961,52.23136],[-2.69982,52.23035],[-2.7025,52.23006],[-2.70456,52.22955],[-2.70619,52.22869],[-2.70685,52.22852],[-2.70705,52.22881],[-2.70972,52.22806],[-2.71063,52.22968],[-2.71235,52.23079],[-2.71284,52.23249],[-2.71421,52.234],[-2.71429,52.23489],[-2.7159,52.23498],[-2.71614,52.23567],[-2.71898,52.23572],[-2.72088,52.23534],[-2.72328,52.23529],[-2.72443,52.23485],[-2.72556,52.23499],[-2.72645,52.23481],[-2.72873,52.23204],[-2.72621,52.23214],[-2.72562,52.22974],[-2.72746,52.22957],[-2.72715,52.2285],[-2.72597,52.22714],[-2.72724,52.22689],[-2.72743,52.22657],[-2.72846,52.22675],[-2.72887,52.22686],[-2.72866,52.22762],[-2.7291,52.22796],[-2.73097,52.22764],[-2.73075,52.2285],[-2.73251,52.22959],[-2.73125,52.22962],[-2.73198,52.23087],[-2.73162,52.23149],[-2.73175,52.23314],[-2.7305,52.23784],[-2.73097,52.24086],[-2.73271,52.24183],[-2.73281,52.24219],[-2.73411,52.24346],[-2.73412,52.24596],[-2.73512,52.24673],[-2.73584,52.24518],[-2.73519,52.24304],[-2.73656,52.24119],[-2.74085,52.2402],[-2.74334,52.24034],[-2.74504,52.24078],[-2.74625,52.24197],[-2.74708,52.24186],[-2.74753,52.24167],[-2.74627,52.24124],[-2.74656,52.23954],[-2.74975,52.24005],[-2.74998,52.23962],[-2.75194,52.23988],[-2.75225,52.23955],[-2.75169,52.23904],[-2.75612,52.23979],[-2.75662,52.23832],[-2.75783,52.23746],[-2.75967,52.23863],[-2.7603,52.23869],[-2.76021,52.23928],[-2.7609,52.23943],[-2.76132,52.23904],[-2.76225,52.23934],[-2.76283,52.23994],[-2.76441,52.24019],[-2.76632,52.24203],[-2.76684,52.24147],[-2.76852,52.24109],[-2.76942,52.24138],[-2.77355,52.24159],[-2.77939,52.24284],[-2.77968,52.24384],[-2.78123,52.24526],[-2.78443,52.24722],[-2.78459,52.24777],[-2.78157,52.25396],[-2.77781,52.25744],[-2.77591,52.25804],[-2.77535,52.25874],[-2.78011,52.26173],[-2.77893,52.26271],[-2.78068,52.2625],[-2.78233,52.26273],[-2.78171,52.26591],[-2.78442,52.26668],[-2.78803,52.26715],[-2.78991,52.26804],[-2.7902,52.26843],[-2.78833,52.26897],[-2.78605,52.2691],[-2.78526,52.26883],[-2.78239,52.26942],[-2.78051,52.26837],[-2.77836,52.26834],[-2.77808,52.26849],[-2.77908,52.26927],[-2.77872,52.26954],[-2.77986,52.27015],[-2.78169,52.26944],[-2.78277,52.26986],[-2.77549,52.27286],[-2.77509,52.27279],[-2.7742,52.2734],[-2.77248,52.2733],[-2.76788,52.27488],[-2.76317,52.27501],[-2.75774,52.27589],[-2.75601,52.27562],[-2.75377,52.27425],[-2.75226,52.27401],[-2.75089,52.27433],[-2.74726,52.27748],[-2.74581,52.27824],[-2.74055,52.27901],[-2.74095,52.27997],[-2.74357,52.28204],[-2.74562,52.28438],[-2.73788,52.28421],[-2.73541,52.28389],[-2.73531,52.28314],[-2.73422,52.28257],[-2.72864,52.28373],[-2.7291,52.28588],[-2.72325,52.28839],[-2.72349,52.28913],[-2.72602,52.29027],[-2.72645,52.29087],[-2.72644,52.29208],[-2.72599,52.29218],[-2.72618,52.29323],[-2.72532,52.29473],[-2.72546,52.29642]]]}},{"type":"Feature","properties":{"id":"E01014098","name":"E01014098","parent":"E06000019","type":"LSOA","pop":1948,"r":1,"ff":1,"ffd":51.3,"ffs":1.0,"g":0,"co":3,"mo":3,"sa":3,"ic":1},"geometry":{"type":"Polygon","coordinates":[[[-2.8287,52.03297],[-2.82448,52.03123],[-2.82171,52.0316],[-2.82106,52.03207],[-2.81725,52.0331],[-2.81707,52.03301],[-2.81644,52.03087],[-2.81673,52.02999],[-2.81638,52.02838],[-2.81679,52.02814],[-2.81651,52.02721],[-2.81573,52.02652],[-2.81682,52.02648],[-2.81804,52.02566],[-2.81792,52.02538],[-2.81928,52.02494],[-2.81847,52.02366],[-2.81943,52.02349],[-2.82212,52.02213],[-2.8192,52.02041],[-2.81807,52.02032],[-2.81672,52.02154],[-2.81498,52.02075],[-2.81411,52.02156],[-2.81464,52.02195],[-2.8138,52.02219],[-2.81345,52.02278],[-2.81152,52.02119],[-2.8119,52.02013],[-2.81164,52.01917],[-2.81054,52.01833],[-2.81177,52.01737],[-2.81283,52.01548],[-2.81309,52.01431],[-2.81227,52.01421],[-2.81231,52.01312],[-2.81366,52.01337],[-2.81451,52.01183],[-2.81564,52.01107],[-2.81776,52.01085],[-2.82038,52.01119],[-2.82073,52.01058],[-2.8204,52.00971],[-2.82474,52.00891],[-2.82051,52.00835],[-2.81793,52.00853],[-2.81173,52.00786],[-2.804,52.00824],[-2.80296,52.00762],[-2.80418,52.00591],[-2.80404,52.00487],[-2.81166,52.00301],[-2.81138,52.00194],[-2.8102,52.00038],[-2.80985,51.99801],[-2.80795,51.9968],[-2.80645,51.99665],[-2.80433,51.99762],[-2.80093,51.99766],[-2.8006,51.99818],[-2.80098,51.99869],[-2.79953,51.9989],[-2.79917,51.99932],[-2.79846,51.99917],[-2.7979,51.99857],[-2.79532,51.99926],[-2.79503,51.99952],[-2.79577,52.00101],[-2.79535,52.00113],[-2.79503,52.00041],[-2.79272,51.99937],[-2.79188,51.99738],[-2.79223,51.99678],[-2.79353,51.99669],[-2.79434,51.99619],[-2.79528,51.99449],[-2.79353,51.99212],[-2.79061,51.98992],[-2.79148,51.98914],[-2.79373,51.98868],[-2.79662,51.98985],[-2.79952,51.98824],[-2.80004,51.98867],[-2.79971,51.98912],[-2.80044,51.98946],[-2.80106,51.98947],[-2.80177,51.98906],[-2.80218,51.98951],[-2.80249,51.98922],[-2.80316,51.98957],[-2.80422,51.98958],[-2.80549,51.99044],[-2.80701,51.9905],[-2.80783,51.99031],[-2.80819,51.98957],[-2.80967,51.98927],[-2.81161,51.9895],[-2.81333,51.98936],[-2.81329,51.98878],[-2.81249,51.98827],[-2.80836,51.9877],[-2.80778,51.98785],[-2.80665,51.98745],[-2.80797,51.98685],[-2.80973,51.9871],[-2.81144,51.98774],[-2.81285,51.98765],[-2.81347,51.98697],[-2.81659,51.98623],[-2.81939,51.98386],[-2.82074,51.98141],[-2.82035,51.98024],[-2.82115,51.97959],[-2.82194,51.97899],[-2.82568,51.9789],[-2.8285,51.97708],[-2.82929,51.97625],[-2.82811,51.97513],[-2.82858,51.97397],[-2.82755,51.97238],[-2.82763,51.97096],[-2.82535,51.96855],[-2.82958,51.96673],[-2.8301,51.96701],[-2.8307,51.9668],[-2.83146,51.96701],[-2.83218,51.96673],[-2.83355,51.9685],[-2.83393,51.96856],[-2.83546,51.96762],[-2.83633,51.96695],[-2.83614,51.96596],[-2.83688,51.96522],[-2.83919,51.9637],[-2.84106,51.96313],[-2.83997,51.96232],[-2.84062,51.96209],[-2.84126,51.96028],[-2.8406,51.96081],[-2.84045,51.96056],[-2.83916,51.96076],[-2.83861,51.96053],[-2.83957,51.9602],[-2.83927,51.95928],[-2.84059,51.95808],[-2.8443,51.95555],[-2.84394,51.95522],[-2.84585,51.95417],[-2.84822,51.95341],[-2.84875,51.95221],[-2.84941,51.95177],[-2.85694,51.95115],[-2.86375,51.95135],[-2.86386,51.95107],[-2.86898,51.94979],[-2.87065,51.94907],[-2.87246,51.94925],[-2.87211,51.94985],[-2.87272,51.95091],[-2.87265,51.95224],[-2.87325,51.95317],[-2.87411,51.95351],[-2.8734,51.95445],[-2.87158,51.95319],[-2.86799,51.95717],[-2.86092,51.96307],[-2.8603,51.9641],[-2.86036,51.96467],[-2.86391,51.96603],[-2.86444,51.96526],[-2.86568,51.96576],[-2.8665,51.9664],[-2.86618,51.96667],[-2.86682,51.96729],[-2.86969,51.96864],[-2.86763,51.97036],[-2.86767,51.97092],[-2.86826,51.97138],[-2.87002,51.97101],[-2.87073,51.97211],[-2.87029,51.97232],[-2.86627,51.97284],[-2.86091,51.9747],[-2.85768,51.97732],[-2.85417,51.97953],[-2.85003,51.98316],[-2.84623,51.98463],[-2.84608,51.98542],[-2.84676,51.98659],[-2.85217,51.99223],[-2.85313,51.99426],[-2.85452,51.9958],[-2.85427,51.99622],[-2.85114,51.99699],[-2.84645,51.99685],[-2.84652,51.9993],[-2.84056,51.99932],[-2.83767,51.99881],[-2.83756,51.99941],[-2.83388,52.00046],[-2.83244,52.0024],[-2.83769,52.00211],[-2.83924,52.00166],[-2.84256,52.00486],[-2.8422,52.00519],[-2.84357,52.00571],[-2.84405,52.00525],[-2.84394,52.00475],[-2.84594,52.00349],[-2.84564,52.00086],[-2.84813,52.00059],[-2.85416,52.00101],[-2.85394,52.00176],[-2.85498,52.00257],[-2.85356,52.00357],[-2.85576,52.00428],[-2.85361,52.00678],[-2.85853,52.00806],[-2.85887,52.00929],[-2.85824,52.01046],[-2.86143,52.01126],[-2.86046,52.01251],[-2.86085,52.01414],[-2.85989,52.0155],[-2.85644,52.01775],[-2.85439,52.01977],[-2.85381,52.01977],[-2.85289,52.02095],[-2.85039,52.02189],[-2.84991,52.02189],[-2.84856,52.02062],[-2.84618,52.02226],[-2.84483,52.02181],[-2.84197,52.023],[-2.83999,52.02329],[-2.84098,52.02503],[-2.84031,52.0253],[-2.84276,52.02723],[-2.84164,52.02844],[-2.84188,52.02922],[-2.8432,52.02921],[-2.84173,52.03032],[-2.84781,52.03398],[-2.84198,52.03843],[-2.83922,52.03823],[-2.8385,52.03734],[-2.83756,52.03699],[-2.83392,52.03657],[-2.8287,52.03297]]]}},{"type":"Feature","properties":{"id":"E01014099","name":"E01014099","parent":"E06000019","type":"LSOA","pop":1928,"r":7,"ff":3,"ffd":155.6,"ffs":0.4286,"g":0,"co":3,"mo":3,"sa":3,"ic":1},"geometry":{"type":"Polygon","coordinates":[[[-2.81539,52.03259],[-2.81445,52.03159],[-2.81047,52.03236],[-2.80441,52.03092],[-2.80385,52.03043],[-2.80011,52.02931],[-2.79914,52.02829],[-2.79933,52.0272],[-2.79565,52.02745],[-2.79558,52.02616],[-2.79245,52.02598],[-2.79182,52.0274],[-2.78803,52.02647],[-2.78543,52.02541],[-2.78605,52.0268],[-2.78945,52.02914],[-2.78959,52.02958],[-2.79094,52.02974],[-2.79082,52.03019],[-2.78992,52.03101],[-2.78827,52.03077],[-2.78805,52.03149],[-2.78475,52.03131],[-2.78471,52.03187],[-2.78059,52.03126],[-2.77943,52.03102],[-2.7795,52.03083],[-2.77437,52.03025],[-2.77074,52.02925],[-2.76976,52.02853],[-2.76943,52.02697],[-2.77025,52.02611],[-2.77068,52.02612],[-2.7705,52.02283],[-2.77101,52.02204],[-2.77006,52.02187],[-2.76969,52.01977],[-2.76899,52.01892],[-2.76618,52.01937],[-2.76505,52.0192],[-2.76556,52.01784],[-2.76458,52.01636],[-2.76934,52.01339],[-2.77016,52.01231],[-2.77157,52.0114],[-2.77311,52.00933],[-2.7767,52.00873],[-2.77591,52.00826],[-2.76851,52.00707],[-2.76715,52.00564],[-2.76498,52.00613],[-2.76292,52.00619],[-2.76325,52.00503],[-2.7646,52.00443],[-2.76549,52.00339],[-2.76414,52.00217],[-2.76271,52.00181],[-2.76108,52.00206],[-2.76038,52.00129],[-2.75841,52.00113],[-2.75784,51.99981],[-2.75954,52.00007],[-2.76065,51.99991],[-2.76271,51.99941],[-2.76427,51.99865],[-2.76556,51.9987],[-2.76936,51.99794],[-2.77102,51.99728],[-2.77257,51.99797],[-2.77266,51.99603],[-2.7732,51.99504],[-2.77286,51.99448],[-2.77124,51.99363],[-2.76778,51.9932],[-2.76842,51.99267],[-2.76538,51.99091],[-2.76298,51.99002],[-2.76211,51.99059],[-2.76084,51.98949],[-2.75602,51.99041],[-2.7552,51.99153],[-2.75353,51.99196],[-2.75025,51.99186],[-2.74815,51.99212],[-2.74611,51.99079],[-2.743,51.99035],[-2.74101,51.9908],[-2.73846,51.99054],[-2.73863,51.99196],[-2.73825,51.99194],[-2.73811,51.99242],[-2.73765,51.99236],[-2.73404,51.99098],[-2.73208,51.9909],[-2.73141,51.98618],[-2.73201,51.98257],[-2.73345,51.98172],[-2.73388,51.97903],[-2.73649,51.97685],[-2.73571,51.97579],[-2.73472,51.97584],[-2.739,51.97257],[-2.7404,51.97016],[-2.7405,51.96892],[-2.73984,51.96727],[-2.7408,51.96692],[-2.74348,51.96437],[-2.74515,51.96206],[-2.74725,51.95714],[-2.75158,51.95875],[-2.75363,51.95538],[-2.75364,51.95249],[-2.75408,51.9507],[-2.7557,51.94883],[-2.75711,51.95008],[-2.75924,51.95],[-2.76244,51.95068],[-2.76741,51.95046],[-2.76973,51.94975],[-2.77061,51.94987],[-2.77377,51.94932],[-2.77498,51.94926],[-2.77641,51.9496],[-2.78038,51.94876],[-2.78058,51.94907],[-2.78133,51.94891],[-2.78168,51.94925],[-2.78263,51.94933],[-2.78512,51.94914],[-2.78511,51.94949],[-2.78559,51.94962],[-2.78612,51.94886],[-2.78712,51.94872],[-2.78677,51.9485],[-2.79262,51.94839],[-2.79285,51.94757],[-2.79045,51.94658],[-2.79093,51.94583],[-2.79286,51.94512],[-2.79873,51.94444],[-2.80179,51.9425],[-2.80879,51.93953],[-2.80977,51.93812],[-2.8103,51.93834],[-2.81049,51.93816],[-2.80991,51.93789],[-2.81036,51.93765],[-2.81163,51.9382],[-2.81325,51.93834],[-2.81458,51.9377],[-2.81432,51.93687],[-2.81555,51.93626],[-2.81943,51.93662],[-2.82216,51.9361],[-2.82304,51.93562],[-2.82135,51.93403],[-2.82205,51.93211],[-2.82186,51.93012],[-2.82508,51.93037],[-2.82578,51.92854],[-2.82795,51.92676],[-2.82946,51.92364],[-2.82951,51.92214],[-2.83087,51.92013],[-2.83009,51.91849],[-2.83197,51.91725],[-2.8337,51.91678],[-2.8308,51.91546],[-2.83017,51.91479],[-2.83098,51.91375],[-2.83213,51.91313],[-2.82923,51.9123],[-2.82571,51.91211],[-2.82038,51.90948],[-2.82218,51.90783],[-2.82377,51.90522],[-2.82548,51.90495],[-2.83254,51.90516],[-2.83364,51.90537],[-2.8344,51.90612],[-2.83615,51.90603],[-2.8361,51.90727],[-2.83693,51.90834],[-2.8361,51.90965],[-2.83698,51.91016],[-2.83743,51.91164],[-2.83714,51.91391],[-2.84015,51.91474],[-2.84041,51.91602],[-2.84191,51.91773],[-2.84292,51.91786],[-2.84428,51.91714],[-2.84421,51.91641],[-2.84515,51.91522],[-2.84652,51.91566],[-2.84634,51.91652],[-2.8474,51.91695],[-2.84811,51.91681],[-2.8485,51.91591],[-2.85285,51.91597],[-2.85373,51.91574],[-2.85412,51.91332],[-2.85541,51.9135],[-2.85557,51.91448],[-2.85823,51.91496],[-2.85934,51.91479],[-2.86022,51.91385],[-2.86211,51.91411],[-2.86379,51.91596],[-2.86381,51.91673],[-2.86332,51.91719],[-2.85742,51.91816],[-2.85358,51.91842],[-2.85113,51.91888],[-2.84838,51.91994],[-2.84643,51.91996],[-2.84641,51.92074],[-2.84515,51.92147],[-2.84495,51.92213],[-2.84655,51.9233],[-2.84803,51.92367],[-2.85439,51.92382],[-2.85527,51.92501],[-2.85689,51.92554],[-2.85786,51.9272],[-2.85901,51.92773],[-2.86075,51.92769],[-2.86228,51.92705],[-2.86548,51.92653],[-2.86644,51.92672],[-2.86714,51.92726],[-2.86948,51.92686],[-2.87037,51.92708],[-2.87193,51.92882],[-2.87206,51.93043],[-2.8739,51.93114],[-2.87542,51.93309],[-2.87565,51.93496],[-2.87468,51.93584],[-2.87399,51.93734],[-2.87449,51.93784],[-2.87454,51.93888],[-2.87515,51.93868],[-2.87563,51.93929],[-2.87666,51.93916],[-2.87822,51.93968],[-2.87971,51.93974],[-2.8797,51.94],[-2.8807,51.94024],[-2.88162,51.94101],[-2.88135,51.94162],[-2.88234,51.94166],[-2.88236,51.94195],[-2.88223,51.94285],[-2.87855,51.94436],[-2.87875,51.94488],[-2.87786,51.94551],[-2.87542,51.94566],[-2.87321,51.94667],[-2.87246,51.94925],[-2.87065,51.94907],[-2.86898,51.94979],[-2.86386,51.95107],[-2.86375,51.95135],[-2.85694,51.95115],[-2.84941,51.95177],[-2.84875,51.95221],[-2.84822,51.95341],[-2.84585,51.95417],[-2.84394,51.95522],[-2.8443,51.95555],[-2.84059,51.95808],[-2.83927,51.95928],[-2.83957,51.9602],[-2.83861,51.96053],[-2.83916,51.96076],[-2.84045,51.96056],[-2.8406,51.96081],[-2.84126,51.96028],[-2.84062,51.96209],[-2.83997,51.96232],[-2.84106,51.96313],[-2.83919,51.9637],[-2.83688,51.96522],[-2.83614,51.96596],[-2.83633,51.96695],[-2.83546,51.96762],[-2.83393,51.96856],[-2.83355,51.9685],[-2.83218,51.96673],[-2.83146,51.96701],[-2.8307,51.9668],[-2.8301,51.96701],[-2.82958,51.96673],[-2.82535,51.96855],[-2.82763,51.97096],[-2.82755,51.97238],[-2.82858,51.97397],[-2.82811,51.97513],[-2.82929,51.97625],[-2.8285,51.97708],[-2.82568,51.9789],[-2.82194,51.97899],[-2.82115,51.97959],[-2.82035,51.98024],[-2.82074,51.98141],[-2.81939,51.98386],[-2.81659,51.98623],[-2.81347,51.98697],[-2.81285,51.98765],[-2.81144,51.98774],[-2.80973,51.9871],[-2.80797,51.98685],[-2.80665,51.98745],[-2.80778,51.98785],[-2.80836,51.9877],[-2.81249,51.98827],[-2.81329,51.98878],[-2.81333,51.98936],[-2.81161,51.9895],[-2.80967,51.98927],[-2.80819,51.98957],[-2.80783,51.99031],[-2.80701,51.9905],[-2.80549,51.99044],[-2.80422,51.98958],[-2.80316,51.98957],[-2.80249,51.98922],[-2.80218,51.98951],[-2.80177,51.98906],[-2.80106,51.98947],[-2.80044,51.98946],[-2.79971,51.98912],[-2.80004,51.98867],[-2.79952,51.98824],[-2.79662,51.98985],[-2.79373,51.98868],[-2.79148,51.98914],[-2.79061,51.98992],[-2.79353,51.99212],[-2.79528,51.99449],[-2.79434,51.99619],[-2.79353,51.99669],[-2.79223,51.99678],[-2.79188,51.99738],[-2.79272,51.99937],[-2.79503,52.00041],[-2.79535,52.00113],[-2.79577,52.00101],[-2.79503,51.99952],[-2.79532,51.99926],[-2.7979,51.99857],[-2.79846,51.99917],[-2.79917,51.99932],[-2.79953,51.9989],[-2.80098,51.99869],[-2.8006,51.99818],[-2.80093,51.99766],[-2.80433,51.99762],[-2.80645,51.99665],[-2.80795,51.9968],[-2.80985,51.99801],[-2.8102,52.00038],[-2.81138,52.00194],[-2.81166,52.00301],[-2.80404,52.00487],[-2.80418,52.00591],[-2.80296,52.00762],[-2.804,52.00824],[-2.81173,52.00786],[-2.81793,52.00853],[-2.82051,52.00835],[-2.82474,52.00891],[-2.8204,52.00971],[-2.82073,52.01058],[-2.82038,52.01119],[-2.81776,52.01085],[-2.81564,52.01107],[-2.81451,52.01183],[-2.81366,52.01337],[-2.81231,52.01312],[-2.81227,52.01421],[-2.81309,52.01431],[-2.81283,52.01548],[-2.81177,52.01737],[-2.81054,52.01833],[-2.81164,52.01917],[-2.8119,52.02013],[-2.81152,52.02119],[-2.81345,52.02278],[-2.8138,52.02219],[-2.81464,52.02195],[-2.81411,52.02156],[-2.81498,52.02075],[-2.81672,52.02154],[-2.81807,52.02032],[-2.8192,52.02041],[-2.82212,52.02213],[-2.81943,52.02349],[-2.81847,52.02366],[-2.81928,52.02494],[-2.81792,52.02538],[-2.81804,52.02566],[-2.81682,52.02648],[-2.81573,52.02652],[-2.81651,52.02721],[-2.81679,52.02814],[-2.81638,52.02838],[-2.81673,52.02999],[-2.81644,52.03087],[-2.81707,52.03301],[-2.81649,52.03311],[-2.81539,52.03259]]]}},{"type":"Feature","properties":{"id":"E01014100","name":"E01014100","parent":"E06000019","type":"LSOA","pop":1753,"r":10,"ff":5,"ffd":285.2,"ffs":0.5,"g":0,"co":3,"mo":3,"sa":3,"ic":1},"geometry":{"type":"Polygon","coordinates":[[[-2.779,52.16499],[-2.77687,52.16384],[-2.77193,52.16017],[-2.76649,52.16161],[-2.76406,52.16165],[-2.7608,52.16231],[-2.76032,52.16199],[-2.75414,52.16287],[-2.75182,52.16213],[-2.74886,52.16165],[-2.74644,52.15944],[-2.74548,52.16006],[-2.74256,52.16013],[-2.73862,52.16081],[-2.73602,52.1609],[-2.73319,52.16156],[-2.73331,52.15998],[-2.73407,52.15881],[-2.72751,52.15781],[-2.72487,52.1582],[-2.72398,52.15886],[-2.7236,52.15816],[-2.72395,52.15726],[-2.72314,52.15667],[-2.72163,52.15628],[-2.72055,52.15551],[-2.71755,52.15544],[-2.71681,52.15443],[-2.71562,52.15443],[-2.71588,52.15312],[-2.71809,52.15182],[-2.71777,52.15072],[-2.7187,52.15018],[-2.71858,52.14953],[-2.71691,52.14912],[-2.71682,52.14858],[-2.71784,52.14819],[-2.71826,52.14734],[-2.71738,52.14672],[-2.71792,52.14467],[-2.71908,52.14418],[-2.71984,52.14321],[-2.72171,52.14363],[-2.72197,52.14213],[-2.7237,52.14183],[-2.7239,52.14099],[-2.72299,52.14064],[-2.72234,52.13982],[-2.72282,52.13959],[-2.72392,52.13983],[-2.7242,52.13896],[-2.7233,52.13784],[-2.72245,52.13748],[-2.7226,52.13674],[-2.7204,52.13498],[-2.72178,52.13423],[-2.7214,52.13357],[-2.72041,52.13315],[-2.71806,52.1331],[-2.71778,52.13374],[-2.71584,52.13312],[-2.71378,52.13329],[-2.7128,52.13228],[-2.71119,52.13209],[-2.71082,52.13178],[-2.71112,52.13135],[-2.71306,52.13096],[-2.71316,52.13045],[-2.71256,52.12986],[-2.71168,52.12966],[-2.71121,52.13029],[-2.71024,52.12994],[-2.71029,52.13065],[-2.70914,52.13072],[-2.70926,52.12999],[-2.7086,52.12945],[-2.70853,52.12844],[-2.70749,52.12824],[-2.707,52.12779],[-2.70543,52.12759],[-2.70662,52.12609],[-2.70814,52.12586],[-2.7077,52.12464],[-2.7086,52.12395],[-2.7077,52.12365],[-2.70773,52.12339],[-2.71463,52.12055],[-2.71519,52.11912],[-2.71559,52.11976],[-2.71716,52.12044],[-2.71876,52.11855],[-2.72457,52.11847],[-2.72953,52.11903],[-2.73166,52.11862],[-2.73383,52.1194],[-2.73762,52.11943],[-2.74056,52.11975],[-2.74303,52.11956],[-2.74616,52.11796],[-2.74941,52.11724],[-2.75225,52.11769],[-2.75622,52.11946],[-2.76143,52.12034],[-2.76275,52.12027],[-2.76317,52.12432],[-2.76541,52.12516],[-2.76606,52.12509],[-2.76928,52.12268],[-2.7694,52.12136],[-2.77015,52.12103],[-2.77351,52.12113],[-2.77685,52.12248],[-2.78349,52.12238],[-2.78511,52.12204],[-2.78742,52.11972],[-2.7894,52.11872],[-2.79351,52.11891],[-2.79818,52.11813],[-2.80085,52.11818],[-2.80399,52.11865],[-2.80639,52.12024],[-2.80743,52.12036],[-2.80893,52.12168],[-2.80826,52.12288],[-2.81063,52.12463],[-2.81363,52.12543],[-2.81444,52.12639],[-2.81574,52.12662],[-2.81705,52.1274],[-2.81762,52.1287],[-2.819,52.12874],[-2.82009,52.12912],[-2.82051,52.1297],[-2.82224,52.12994],[-2.82388,52.13065],[-2.82365,52.13205],[-2.82406,52.13322],[-2.82246,52.13371],[-2.82069,52.13394],[-2.81794,52.13369],[-2.81678,52.13416],[-2.81312,52.13475],[-2.80687,52.13677],[-2.80658,52.13734],[-2.80908,52.13813],[-2.80863,52.1397],[-2.80946,52.14188],[-2.80947,52.14373],[-2.81086,52.14512],[-2.81107,52.14589],[-2.81199,52.14642],[-2.81187,52.1472],[-2.81014,52.14733],[-2.81038,52.14846],[-2.81402,52.149],[-2.81473,52.15043],[-2.81275,52.15036],[-2.8101,52.15302],[-2.80615,52.15609],[-2.80387,52.15525],[-2.80483,52.15372],[-2.80313,52.1531],[-2.80048,52.1554],[-2.80066,52.15574],[-2.79837,52.15553],[-2.79806,52.156],[-2.79497,52.15526],[-2.79475,52.15601],[-2.79623,52.15618],[-2.79531,52.15731],[-2.79927,52.15816],[-2.79837,52.15915],[-2.80022,52.15955],[-2.79859,52.16061],[-2.79742,52.16073],[-2.79529,52.16219],[-2.79477,52.16345],[-2.79268,52.16411],[-2.78898,52.1637],[-2.78788,52.1633],[-2.78563,52.16403],[-2.78516,52.16446],[-2.78155,52.16482],[-2.78019,52.16469],[-2.779,52.16499]]]}},{"type":"Feature","properties":{"id":"E01014101","name":"E01014101","parent":"E06000019","type":"LSOA","pop":1014,"r":6,"ff":2,"ffd":197.2,"ffs":0.3333,"g":0,"co":3,"mo":3,"sa":3,"ic":1},"geometry":{"type":"Polygon","coordinates":[[[-2.80864,52.16924],[-2.80444,52.15944],[-2.80352,52.15822],[-2.8101,52.15302],[-2.81275,52.15036],[-2.81473,52.15043],[-2.81402,52.149],[-2.81038,52.14846],[-2.81014,52.14733],[-2.81187,52.1472],[-2.81199,52.14642],[-2.81107,52.14589],[-2.81086,52.14512],[-2.80947,52.14373],[-2.80946,52.14188],[-2.80863,52.1397],[-2.80908,52.13813],[-2.80658,52.13734],[-2.80687,52.13677],[-2.81312,52.13475],[-2.81678,52.13416],[-2.81794,52.13369],[-2.82069,52.13394],[-2.82246,52.13371],[-2.82406,52.13322],[-2.82365,52.13205],[-2.82388,52.13065],[-2.82224,52.12994],[-2.82051,52.1297],[-2.82009,52.12912],[-2.819,52.12874],[-2.81762,52.1287],[-2.81705,52.1274],[-2.81574,52.12662],[-2.81444,52.12639],[-2.81363,52.12543],[-2.81063,52.12463],[-2.80826,52.12288],[-2.80893,52.12168],[-2.80743,52.12036],[-2.80708,52.11772],[-2.80801,52.11701],[-2.808,52.11409],[-2.80379,52.1116],[-2.8045,52.11132],[-2.80433,52.1084],[-2.8032,52.10751],[-2.80283,52.10755],[-2.80276,52.10619],[-2.80322,52.10613],[-2.80263,52.1045],[-2.80332,52.10447],[-2.80362,52.10261],[-2.80724,52.10286],[-2.80777,52.10358],[-2.80915,52.10263],[-2.81009,52.10333],[-2.81097,52.10158],[-2.81219,52.10155],[-2.81165,52.09957],[-2.81254,52.09706],[-2.81615,52.09656],[-2.81583,52.09498],[-2.8149,52.09393],[-2.81553,52.0915],[-2.81503,52.08734],[-2.81656,52.08722],[-2.81672,52.08399],[-2.82036,52.0842],[-2.82123,52.0848],[-2.82258,52.08476],[-2.82279,52.08504],[-2.82456,52.08438],[-2.8276,52.08542],[-2.82877,52.08523],[-2.83108,52.08341],[-2.83276,52.08283],[-2.83298,52.08189],[-2.83166,52.08185],[-2.83155,52.08108],[-2.83248,52.08099],[-2.83209,52.08018],[-2.83057,52.07882],[-2.82904,52.07821],[-2.829,52.07306],[-2.82952,52.07247],[-2.82931,52.07198],[-2.82813,52.07165],[-2.82841,52.06918],[-2.83087,52.06735],[-2.83649,52.06539],[-2.84285,52.06264],[-2.84832,52.06177],[-2.85129,52.06198],[-2.85372,52.06266],[-2.85458,52.06347],[-2.85546,52.06708],[-2.85468,52.06924],[-2.85572,52.06944],[-2.85557,52.07175],[-2.86029,52.07169],[-2.86063,52.07206],[-2.86223,52.07195],[-2.86527,52.07118],[-2.8645,52.07217],[-2.86501,52.07305],[-2.86659,52.07293],[-2.86897,52.0733],[-2.86967,52.07289],[-2.87277,52.07309],[-2.87456,52.07218],[-2.87615,52.07347],[-2.8753,52.07389],[-2.87522,52.07513],[-2.87457,52.07613],[-2.88022,52.07854],[-2.88474,52.07758],[-2.88994,52.07803],[-2.89631,52.07922],[-2.90174,52.07954],[-2.90511,52.07916],[-2.90523,52.07971],[-2.9063,52.08043],[-2.90606,52.0807],[-2.90655,52.08089],[-2.90607,52.0815],[-2.90685,52.08225],[-2.90619,52.08291],[-2.904,52.08273],[-2.90377,52.08435],[-2.90262,52.08475],[-2.90325,52.08553],[-2.903,52.08645],[-2.9028,52.08669],[-2.90163,52.08652],[-2.90069,52.0874],[-2.90006,52.08887],[-2.90058,52.08968],[-2.89971,52.09087],[-2.89968,52.09172],[-2.90055,52.09209],[-2.90018,52.09305],[-2.89965,52.09345],[-2.9,52.09418],[-2.89976,52.09552],[-2.89879,52.09631],[-2.89878,52.09789],[-2.89822,52.09864],[-2.89883,52.09932],[-2.8981,52.10129],[-2.89862,52.10246],[-2.89857,52.10275],[-2.89776,52.10299],[-2.89761,52.10353],[-2.8971,52.1036],[-2.89795,52.10413],[-2.89771,52.10601],[-2.89709,52.1063],[-2.8973,52.10678],[-2.89678,52.10715],[-2.89712,52.10764],[-2.89564,52.10947],[-2.89977,52.11382],[-2.89899,52.11622],[-2.89918,52.11753],[-2.90063,52.11913],[-2.89919,52.1203],[-2.90007,52.12082],[-2.8984,52.12234],[-2.89852,52.12379],[-2.89931,52.1245],[-2.8993,52.12537],[-2.90021,52.12553],[-2.90117,52.12684],[-2.90019,52.12889],[-2.89929,52.12894],[-2.8974,52.12851],[-2.89523,52.12703],[-2.89163,52.12853],[-2.88881,52.13025],[-2.88549,52.13106],[-2.88588,52.13235],[-2.88342,52.13278],[-2.88301,52.13382],[-2.88001,52.13514],[-2.87988,52.13565],[-2.87883,52.1364],[-2.8749,52.13785],[-2.87632,52.13934],[-2.86805,52.13804],[-2.86637,52.1373],[-2.86558,52.13821],[-2.86385,52.14434],[-2.86349,52.14492],[-2.86301,52.14486],[-2.86377,52.14639],[-2.86117,52.14677],[-2.86135,52.14734],[-2.85949,52.14773],[-2.85769,52.14907],[-2.85675,52.14933],[-2.85554,52.15218],[-2.85507,52.1547],[-2.85442,52.15528],[-2.85476,52.15776],[-2.85265,52.15831],[-2.85108,52.15749],[-2.84914,52.1548],[-2.84468,52.15538],[-2.84267,52.15598],[-2.84216,52.15642],[-2.83999,52.15652],[-2.83715,52.1576],[-2.83315,52.15768],[-2.82876,52.15889],[-2.82622,52.16023],[-2.82423,52.16074],[-2.82209,52.16173],[-2.8226,52.16277],[-2.82171,52.16409],[-2.82056,52.16476],[-2.82109,52.16553],[-2.81754,52.16547],[-2.81704,52.16557],[-2.81715,52.16604],[-2.81603,52.16601],[-2.81166,52.16704],[-2.81062,52.16693],[-2.80886,52.16808],[-2.80864,52.16924]]]}},{"type":"Feature","properties":{"id":"E01035055","name":"E01035055","parent":"E06000019","type":"LSOA","pop":2124,"r":76,"ff":28,"ffd":1318.3,"ffs":0.5,"g":19,"co":0,"mo":0,"sa":0,"ic":0},"geometry":{"type":"Polygon","coordinates":[[[-2.72865,52.10065],[-2.72685,52.1002],[-2.72214,52.10081],[-2.72014,52.10135],[-2.71939,52.10044],[-2.71535,52.1006],[-2.71308,52.10108],[-2.70752,52.10311],[-2.70643,52.10204],[-2.7045,52.10227],[-2.70362,52.10194],[-2.70228,52.10037],[-2.7023,52.09978],[-2.70096,52.09946],[-2.69986,52.09836],[-2.69715,52.09786],[-2.69518,52.09685],[-2.69493,52.09591],[-2.69386,52.09558],[-2.69472,52.09481],[-2.69339,52.09464],[-2.69377,52.09422],[-2.69322,52.09383],[-2.69353,52.09349],[-2.6906,52.09249],[-2.68977,52.09151],[-2.68928,52.09172],[-2.68838,52.09079],[-2.68727,52.09032],[-2.68443,52.08977],[-2.68316,52.08974],[-2.68302,52.08913],[-2.68194,52.08923],[-2.68132,52.08903],[-2.68229,52.0885],[-2.6821,52.08816],[-2.68087,52.08816],[-2.68048,52.08786],[-2.67725,52.08828],[-2.67499,52.08565],[-2.67462,52.08438],[-2.67487,52.08223],[-2.67847,52.07499],[-2.68063,52.07303],[-2.68283,52.07325],[-2.68383,52.07265],[-2.69444,52.07335],[-2.69394,52.074],[-2.69407,52.07607],[-2.69995,52.0791],[-2.7037,52.07754],[-2.7045,52.07751],[-2.70674,52.07793],[-2.70897,52.07786],[-2.70868,52.0788],[-2.70873,52.08085],[-2.7097,52.08125],[-2.71121,52.08135],[-2.71283,52.08335],[-2.71629,52.08449],[-2.71745,52.08539],[-2.71781,52.08366],[-2.72051,52.08327],[-2.72078,52.07986],[-2.72192,52.07946],[-2.72213,52.08132],[-2.72238,52.07835],[-2.7208,52.07795],[-2.71939,52.07812],[-2.719,52.07745],[-2.72035,52.07631],[-2.71965,52.07512],[-2.74523,52.07661],[-2.74588,52.07892],[-2.74481,52.08115],[-2.74391,52.08461],[-2.74257,52.08663],[-2.74236,52.08921],[-2.74201,52.08973],[-2.7408,52.09031],[-2.74114,52.09185],[-2.74259,52.09422],[-2.74409,52.09362],[-2.74573,52.09588],[-2.74423,52.09671],[-2.74584,52.09807],[-2.74376,52.09894],[-2.74423,52.1001],[-2.74146,52.10048],[-2.73902,52.10147],[-2.73552,52.10188],[-2.73438,52.10234],[-2.73476,52.10334],[-2.73051,52.10465],[-2.72975,52.10452],[-2.72809,52.1026],[-2.72804,52.10167],[-2.72865,52.10065]]]}},{"type":"Feature","properties":{"id":"E01035056","name":"E01035056","parent":"E06000019","type":"LSOA","pop":1496,"r":78,"ff":28,"ffd":1871.7,"ffs":0.4828,"g":19,"co":0,"mo":0,"sa":0,"ic":0},"geometry":{"type":"Polygon","coordinates":[[[-2.70873,52.08085],[-2.70868,52.0788],[-2.70897,52.07786],[-2.70674,52.07793],[-2.7045,52.07751],[-2.7037,52.07754],[-2.69995,52.0791],[-2.69407,52.07607],[-2.69394,52.074],[-2.69444,52.07335],[-2.71965,52.07512],[-2.72035,52.07631],[-2.719,52.07745],[-2.71939,52.07812],[-2.7208,52.07795],[-2.72238,52.07835],[-2.72213,52.08132],[-2.72192,52.07946],[-2.72078,52.07986],[-2.72051,52.08327],[-2.71781,52.08366],[-2.71745,52.08539],[-2.71629,52.08449],[-2.71283,52.08335],[-2.71121,52.08135],[-2.7097,52.08125],[-2.70873,52.08085]]]}}]}