{"type":"FeatureCollection","features":[{"type":"Feature","properties":{"id":"E01026986","name":"E01026986","parent":"E06000062","type":"LSOA","pop":2978,"r":15,"ff":11,"ffd":369.4,"ffs":0.7333,"g":0,"co":3,"mo":3,"sa":3,"ic":1},"geometry":{"type":"Polygon","coordinates":[[[-1.16992,52.27069],[-1.17095,52.26958],[-1.16824,52.2697],[-1.16833,52.2691],[-1.16752,52.26909],[-1.16691,52.26808],[-1.16634,52.26817],[-1.16574,52.26692],[-1.16785,52.26651],[-1.1679,52.26607],[-1.16733,52.26576],[-1.1683,52.26596],[-1.16984,52.2655],[-1.16835,52.265],[-1.16993,52.26403],[-1.17093,52.264],[-1.17097,52.26443],[-1.17224,52.26455],[-1.17363,52.26568],[-1.17655,52.26464],[-1.18394,52.26852],[-1.18397,52.26882],[-1.17953,52.27124],[-1.1735,52.2735],[-1.17213,52.27277],[-1.17202,52.27197],[-1.16886,52.27134],[-1.16854,52.27092],[-1.16992,52.27069]]]}},{"type":"Feature","properties":{"id":"E01026987","name":"E01026987","parent":"E06000062","type":"LSOA","pop":1129,"r":34,"ff":14,"ffd":1240.0,"ffs":0.56,"g":9,"co":3,"mo":2,"sa":3,"ic":1},"geometry":{"type":"Polygon","coordinates":[[[-1.15889,52.26971],[-1.15896,52.26757],[-1.15718,52.26388],[-1.15658,52.26104],[-1.1575,52.26101],[-1.15789,52.2613],[-1.16424,52.26004],[-1.16502,52.2603],[-1.1644,52.26104],[-1.1653,52.2609],[-1.16572,52.26227],[-1.16649,52.26308],[-1.16687,52.26383],[-1.16835,52.265],[-1.16984,52.2655],[-1.1683,52.26596],[-1.16733,52.26576],[-1.1679,52.26607],[-1.16785,52.26651],[-1.16574,52.26692],[-1.16613,52.26776],[-1.16491,52.26796],[-1.16531,52.2688],[-1.16432,52.26895],[-1.16435,52.26975],[-1.16261,52.26979],[-1.16253,52.26959],[-1.16145,52.26984],[-1.16148,52.27027],[-1.16051,52.27085],[-1.16078,52.27115],[-1.16011,52.27199],[-1.15908,52.27129],[-1.15969,52.27118],[-1.15982,52.27056],[-1.16063,52.27013],[-1.16041,52.26984],[-1.15889,52.26971]]]}},{"type":"Feature","properties":{"id":"E01026988","name":"E01026988","parent":"E06000062","type":"LSOA","pop":1583,"r":15,"ff":11,"ffd":694.9,"ffs":0.7333,"g":0,"co":3,"mo":3,"sa":3,"ic":1},"geometry":{"type":"Polygon","coordinates":[[[-1.17097,52.26443],[-1.17093,52.264],[-1.16993,52.26403],[-1.16835,52.265],[-1.16687,52.26383],[-1.16649,52.26308],[-1.16572,52.26227],[-1.1653,52.2609],[-1.1644,52.26104],[-1.16502,52.2603],[-1.16424,52.26004],[-1.16653,52.25964],[-1.16963,52.26025],[-1.17126,52.26031],[-1.17412,52.26288],[-1.17655,52.26464],[-1.17363,52.26568],[-1.17224,52.26455],[-1.17097,52.26443]]]}},{"type":"Feature","properties":{"id":"E01026989","name":"E01026989","parent":"E06000062","type":"LSOA","pop":1318,"r":15,"ff":11,"ffd":834.6,"ffs":0.7333,"g":0,"co":3,"mo":3,"sa":3,"ic":1},"geometry":{"type":"Polygon","coordinates":[[[-1.15816,52.27386],[-1.15806,52.27181],[-1.15889,52.26971],[-1.16041,52.26984],[-1.16063,52.27013],[-1.15982,52.27056],[-1.15969,52.27118],[-1.15908,52.27129],[-1.16011,52.27199],[-1.16078,52.27115],[-1.16051,52.27085],[-1.16148,52.27027],[-1.16145,52.26984],[-1.16253,52.26959],[-1.16261,52.26979],[-1.16495,52.26975],[-1.16492,52.27038],[-1.16372,52.27071],[-1.16466,52.27129],[-1.16538,52.2705],[-1.1668,52.27043],[-1.16751,52.27445],[-1.1661,52.27437],[-1.16607,52.27396],[-1.16518,52.27354],[-1.16473,52.27395],[-1.16511,52.27455],[-1.16467,52.2748],[-1.16504,52.27502],[-1.16444,52.2759],[-1.15912,52.27449],[-1.15816,52.27386]]]}},{"type":"Feature","properties":{"id":"E01026991","name":"E01026991","parent":"E06000062","type":"LSOA","pop":1596,"r":34,"ff":14,"ffd":877.2,"ffs":0.56,"g":9,"co":3,"mo":2,"sa":3,"ic":3},"geometry":{"type":"Polygon","coordinates":[[[-1.15436,52.25541],[-1.15229,52.25143],[-1.15676,52.2494],[-1.15527,52.24815],[-1.16391,52.25051],[-1.16702,52.25194],[-1.16569,52.25253],[-1.16651,52.2533],[-1.16622,52.25348],[-1.16538,52.25363],[-1.16391,52.2529],[-1.16352,52.25353],[-1.16279,52.25405],[-1.16222,52.25403],[-1.16239,52.25432],[-1.16199,52.25464],[-1.16173,52.25451],[-1.16121,52.25484],[-1.16252,52.25594],[-1.16034,52.25718],[-1.16028,52.25806],[-1.15934,52.25829],[-1.16038,52.25849],[-1.16012,52.25876],[-1.15806,52.25943],[-1.15822,52.25975],[-1.15614,52.25992],[-1.15436,52.25541]]]}},{"type":"Feature","properties":{"id":"E01026992","name":"E01026992","parent":"E06000062","type":"LSOA","pop":2070,"r":34,"ff":14,"ffd":676.3,"ffs":0.56,"g":9,"co":3,"mo":2,"sa":3,"ic":3},"geometry":{"type":"Polygon","coordinates":[[[-1.15789,52.2613],[-1.1575,52.26101],[-1.15658,52.26104],[-1.15614,52.25992],[-1.15822,52.25975],[-1.15806,52.25943],[-1.16012,52.25876],[-1.16038,52.25849],[-1.15934,52.25829],[-1.16028,52.25806],[-1.16034,52.25718],[-1.16252,52.25594],[-1.16121,52.25484],[-1.16173,52.25451],[-1.16199,52.25464],[-1.16239,52.25432],[-1.16222,52.25403],[-1.16279,52.25405],[-1.16352,52.25353],[-1.16391,52.2529],[-1.16538,52.25363],[-1.16622,52.25348],[-1.16651,52.2533],[-1.16569,52.25253],[-1.16702,52.25194],[-1.16793,52.25286],[-1.16951,52.25565],[-1.17007,52.25822],[-1.17126,52.26031],[-1.16963,52.26025],[-1.16653,52.25964],[-1.15789,52.2613]]]}},{"type":"Feature","properties":{"id":"E01026993","name":"E01026993","parent":"E06000062","type":"LSOA","pop":2107,"r":32,"ff":14,"ffd":664.5,"ffs":0.6087,"g":9,"co":3,"mo":2,"sa":3,"ic":3},"geometry":{"type":"Polygon","coordinates":[[[-1.21115,52.26862],[-1.20417,52.26821],[-1.20078,52.26832],[-1.19934,52.26865],[-1.19664,52.26783],[-1.19328,52.26799],[-1.19358,52.26499],[-1.19142,52.2648],[-1.19193,52.26257],[-1.1914,52.26157],[-1.19052,52.26101],[-1.19186,52.25969],[-1.19089,52.25874],[-1.19079,52.25445],[-1.19134,52.25359],[-1.19137,52.25193],[-1.19316,52.25071],[-1.19287,52.25002],[-1.19356,52.2498],[-1.19421,52.24904],[-1.19412,52.24809],[-1.19478,52.24759],[-1.19503,52.24663],[-1.19501,52.24603],[-1.19439,52.24588],[-1.18973,52.24559],[-1.18837,52.24586],[-1.18002,52.24598],[-1.17372,52.24697],[-1.17357,52.24672],[-1.17411,52.24646],[-1.17312,52.24557],[-1.17051,52.24579],[-1.17002,52.24508],[-1.16467,52.24612],[-1.16254,52.24499],[-1.15955,52.2448],[-1.15822,52.24437],[-1.15584,52.24248],[-1.15383,52.24178],[-1.15093,52.24194],[-1.14804,52.24289],[-1.14652,52.24279],[-1.14693,52.24535],[-1.14541,52.24526],[-1.14212,52.24612],[-1.14204,52.2481],[-1.13844,52.24772],[-1.13835,52.24794],[-1.13636,52.24809],[-1.13348,52.24934],[-1.13248,52.24936],[-1.12953,52.25048],[-1.12474,52.25053],[-1.12313,52.24489],[-1.12232,52.24471],[-1.12204,52.24332],[-1.12064,52.24359],[-1.11993,52.24025],[-1.11748,52.24007],[-1.1177,52.23902],[-1.11675,52.23827],[-1.11598,52.23687],[-1.1166,52.23308],[-1.11633,52.22781],[-1.11775,52.22762],[-1.12182,52.22779],[-1.12459,52.22701],[-1.12678,52.22689],[-1.12779,52.22728],[-1.12997,52.22684],[-1.13342,52.22696],[-1.13433,52.22734],[-1.13889,52.22711],[-1.14459,52.2277],[-1.14837,52.22747],[-1.1495,52.22815],[-1.15167,52.22857],[-1.15304,52.22805],[-1.15515,52.2245],[-1.15598,52.22442],[-1.157,52.22487],[-1.15929,52.2207],[-1.15943,52.21966],[-1.15865,52.21873],[-1.15939,52.21615],[-1.16342,52.21778],[-1.16599,52.21672],[-1.17021,52.21753],[-1.17412,52.21744],[-1.17725,52.21623],[-1.18287,52.2167],[-1.18391,52.21513],[-1.18543,52.2145],[-1.18599,52.21455],[-1.18611,52.21371],[-1.18654,52.21356],[-1.18658,52.21411],[-1.18766,52.21527],[-1.19134,52.21811],[-1.19306,52.2164],[-1.1949,52.21712],[-1.2008,52.21766],[-1.20373,52.2185],[-1.2049,52.21694],[-1.20681,52.21566],[-1.21413,52.21216],[-1.2162,52.21037],[-1.21618,52.2098],[-1.21779,52.20904],[-1.22237,52.20821],[-1.22369,52.20748],[-1.22593,52.20768],[-1.22893,52.20609],[-1.23338,52.20885],[-1.23832,52.21018],[-1.24199,52.21044],[-1.24805,52.21138],[-1.24979,52.21122],[-1.25974,52.21178],[-1.26092,52.21599],[-1.26415,52.21656],[-1.26774,52.21776],[-1.27337,52.22067],[-1.27378,52.22135],[-1.27499,52.22178],[-1.27629,52.22302],[-1.27691,52.22518],[-1.27568,52.22632],[-1.27351,52.22676],[-1.27259,52.22751],[-1.27843,52.22871],[-1.27862,52.23007],[-1.28015,52.23338],[-1.28271,52.23632],[-1.28397,52.2371],[-1.28464,52.23858],[-1.27997,52.23863],[-1.27537,52.23803],[-1.26689,52.23524],[-1.26635,52.2367],[-1.26762,52.23744],[-1.26607,52.23889],[-1.26677,52.23947],[-1.26615,52.24083],[-1.2648,52.24188],[-1.25807,52.24467],[-1.25374,52.24794],[-1.25175,52.24864],[-1.25098,52.24867],[-1.25048,52.2483],[-1.24645,52.24911],[-1.24057,52.24796],[-1.2393,52.24804],[-1.23508,52.24934],[-1.2347,52.25045],[-1.2329,52.25123],[-1.23261,52.2511],[-1.23258,52.25152],[-1.23207,52.25166],[-1.23234,52.25205],[-1.2317,52.25231],[-1.23185,52.25266],[-1.23243,52.25242],[-1.233,52.25326],[-1.23281,52.25356],[-1.23238,52.25349],[-1.23246,52.2541],[-1.23149,52.25459],[-1.23208,52.25481],[-1.23105,52.25484],[-1.23114,52.25514],[-1.23014,52.25482],[-1.23017,52.2554],[-1.22801,52.25591],[-1.22702,52.25705],[-1.22643,52.25689],[-1.22654,52.25771],[-1.22535,52.25835],[-1.22467,52.25806],[-1.22394,52.25873],[-1.22418,52.25895],[-1.22369,52.25906],[-1.22434,52.25923],[-1.22371,52.25997],[-1.22186,52.26035],[-1.22171,52.2606],[-1.22063,52.26065],[-1.21981,52.26156],[-1.21932,52.26134],[-1.21791,52.2618],[-1.21837,52.26211],[-1.21708,52.26268],[-1.21588,52.26404],[-1.21632,52.26425],[-1.21587,52.26452],[-1.21656,52.26536],[-1.21591,52.26574],[-1.21573,52.26637],[-1.21659,52.26668],[-1.2169,52.26751],[-1.21122,52.26883],[-1.21115,52.26862]]]}},{"type":"Feature","properties":{"id":"E01026994","name":"E01026994","parent":"E06000062","type":"LSOA","pop":1216,"r":15,"ff":11,"ffd":904.6,"ffs":0.7333,"g":0,"co":3,"mo":3,"sa":3,"ic":1},"geometry":{"type":"Polygon","coordinates":[[[-1.16355,52.35159],[-1.15026,52.33602],[-1.15057,52.33586],[-1.14181,52.32479],[-1.14413,52.32409],[-1.14572,52.32516],[-1.14723,52.32343],[-1.14929,52.32412],[-1.15018,52.32308],[-1.15195,52.32344],[-1.15205,52.3227],[-1.1525,52.32247],[-1.15579,52.32281],[-1.15624,52.32193],[-1.15932,52.32233],[-1.15984,52.32156],[-1.15942,52.32079],[-1.15846,52.31992],[-1.15687,52.31938],[-1.15657,52.31958],[-1.15628,52.31924],[-1.15433,52.31936],[-1.15405,52.32001],[-1.15272,52.31996],[-1.15258,52.32026],[-1.15156,52.32033],[-1.15169,52.32059],[-1.15113,52.32045],[-1.1511,52.32086],[-1.14969,52.32071],[-1.14939,52.3203],[-1.14757,52.31983],[-1.1449,52.3177],[-1.14371,52.31712],[-1.14314,52.31748],[-1.14315,52.31704],[-1.14264,52.31713],[-1.14262,52.31684],[-1.14145,52.31641],[-1.14171,52.3161],[-1.14103,52.31594],[-1.14123,52.31555],[-1.14069,52.31567],[-1.14103,52.31537],[-1.14046,52.31519],[-1.14009,52.31453],[-1.13975,52.31475],[-1.13994,52.31428],[-1.13947,52.31384],[-1.1391,52.31396],[-1.13908,52.31367],[-1.13868,52.31379],[-1.1385,52.31354],[-1.13815,52.31381],[-1.1363,52.31307],[-1.13411,52.31315],[-1.13343,52.31294],[-1.13349,52.31267],[-1.13293,52.31273],[-1.11579,52.2896],[-1.11758,52.28853],[-1.11794,52.28859],[-1.1181,52.28817],[-1.11881,52.2882],[-1.11906,52.28747],[-1.12085,52.28619],[-1.12377,52.28505],[-1.12723,52.28454],[-1.12932,52.2845],[-1.13102,52.28487],[-1.13445,52.28368],[-1.13642,52.28332],[-1.13702,52.2841],[-1.13838,52.2838],[-1.13909,52.28351],[-1.14141,52.28095],[-1.14121,52.28041],[-1.14423,52.27979],[-1.14539,52.28012],[-1.14554,52.28045],[-1.14896,52.28062],[-1.15007,52.28035],[-1.15095,52.28096],[-1.15116,52.28073],[-1.15207,52.28088],[-1.15203,52.28128],[-1.15271,52.2815],[-1.15561,52.28164],[-1.15954,52.28126],[-1.16104,52.28168],[-1.16226,52.28304],[-1.16342,52.28373],[-1.16452,52.28385],[-1.16576,52.28497],[-1.16963,52.2848],[-1.16912,52.2862],[-1.1714,52.28544],[-1.17733,52.28579],[-1.17502,52.2885],[-1.17373,52.28932],[-1.17445,52.29188],[-1.17556,52.29283],[-1.17512,52.29748],[-1.17561,52.30074],[-1.17953,52.30145],[-1.18515,52.30388],[-1.18737,52.30678],[-1.18957,52.30865],[-1.19448,52.31396],[-1.1931,52.31621],[-1.19126,52.32204],[-1.19034,52.32347],[-1.19054,52.32782],[-1.18942,52.32915],[-1.1888,52.33124],[-1.1866,52.3327],[-1.18604,52.33378],[-1.18206,52.33391],[-1.18048,52.3346],[-1.17978,52.33349],[-1.18154,52.33255],[-1.18282,52.33229],[-1.17742,52.33078],[-1.17605,52.33212],[-1.17692,52.33319],[-1.17632,52.33393],[-1.17487,52.33379],[-1.17504,52.33446],[-1.17414,52.33481],[-1.17399,52.33547],[-1.17347,52.33565],[-1.17358,52.33616],[-1.17421,52.3364],[-1.17367,52.33685],[-1.17446,52.3421],[-1.17403,52.34513],[-1.17834,52.34511],[-1.17626,52.34741],[-1.1766,52.34783],[-1.17598,52.35172],[-1.17865,52.35396],[-1.17846,52.35424],[-1.17919,52.35442],[-1.17819,52.35511],[-1.17497,52.35629],[-1.17469,52.36055],[-1.17213,52.3613],[-1.16355,52.35159]]]}},{"type":"Feature","properties":{"id":"E01026998","name":"E01026998","parent":"E06000062","type":"LSOA","pop":2469,"r":238,"ff":102,"ffd":4131.2,"ffs":0.5178,"g":40,"co":2,"mo":2,"sa":0,"ic":2},"geometry":{"type":"Polygon","coordinates":[[[-0.95776,52.31078],[-0.95727,52.31043],[-0.95708,52.31064],[-0.95695,52.31029],[-0.9573,52.31028],[-0.95709,52.30994],[-0.95748,52.30975],[-0.9562,52.30977],[-0.95674,52.30957],[-0.95662,52.30922],[-0.95532,52.30861],[-0.9547,52.30896],[-0.9539,52.30803],[-0.95221,52.30752],[-0.95034,52.30746],[-0.94992,52.30717],[-0.94854,52.30734],[-0.94869,52.30712],[-0.94799,52.30715],[-0.94795,52.30751],[-0.94691,52.30674],[-0.94324,52.30761],[-0.93863,52.30781],[-0.93761,52.30762],[-0.93769,52.30795],[-0.93631,52.30774],[-0.9362,52.30797],[-0.93591,52.30782],[-0.93432,52.30826],[-0.93448,52.30783],[-0.93265,52.30774],[-0.93322,52.30735],[-0.9321,52.30705],[-0.93085,52.3074],[-0.92921,52.30725],[-0.92611,52.3055],[-0.92673,52.30391],[-0.92611,52.30391],[-0.92596,52.30332],[-0.9249,52.30281],[-0.92507,52.30253],[-0.92392,52.30234],[-0.92353,52.30198],[-0.923,52.30051],[-0.92366,52.30027],[-0.92395,52.29915],[-0.9252,52.29775],[-0.92514,52.29719],[-0.92579,52.29674],[-0.92776,52.2969],[-0.92783,52.29651],[-0.92703,52.29595],[-0.92691,52.29524],[-0.92749,52.29405],[-0.92677,52.29221],[-0.92741,52.29175],[-0.92647,52.29067],[-0.92518,52.29081],[-0.92468,52.28995],[-0.92491,52.28938],[-0.92373,52.28924],[-0.92289,52.28876],[-0.92222,52.28897],[-0.92068,52.2882],[-0.92049,52.28767],[-0.92094,52.28732],[-0.92041,52.28607],[-0.92054,52.28567],[-0.92096,52.28583],[-0.92265,52.28468],[-0.92263,52.28393],[-0.92383,52.28423],[-0.925,52.28348],[-0.92451,52.28202],[-0.92504,52.28138],[-0.92349,52.28111],[-0.92396,52.28027],[-0.92534,52.28043],[-0.92565,52.28009],[-0.92578,52.27945],[-0.92519,52.2788],[-0.92592,52.27764],[-0.92554,52.27741],[-0.92605,52.27721],[-0.92475,52.277],[-0.926,52.27597],[-0.92596,52.27563],[-0.92542,52.27554],[-0.92516,52.27604],[-0.92464,52.27607],[-0.92452,52.27522],[-0.92369,52.27449],[-0.9246,52.27307],[-0.92518,52.27262],[-0.92466,52.27172],[-0.92824,52.27118],[-0.92901,52.26994],[-0.93232,52.27099],[-0.93298,52.26903],[-0.93716,52.26918],[-0.94483,52.26343],[-0.94611,52.26406],[-0.95504,52.26196],[-0.9582,52.26147],[-0.96003,52.26084],[-0.96176,52.25947],[-0.96782,52.25833],[-0.96934,52.25832],[-0.97148,52.25763],[-0.97265,52.25841],[-0.97346,52.25856],[-0.97507,52.25828],[-0.9755,52.25761],[-0.97613,52.2575],[-0.97933,52.25802],[-0.9831,52.25777],[-0.98723,52.25805],[-0.98953,52.25739],[-0.99136,52.25605],[-0.99181,52.25596],[-0.99238,52.2548],[-0.99759,52.25128],[-0.99741,52.24768],[-1.00085,52.2475],[-1.00159,52.24847],[-1.00372,52.2478],[-1.00882,52.24835],[-1.01108,52.24687],[-1.01246,52.24671],[-1.01331,52.2449],[-1.01379,52.24488],[-1.01497,52.24655],[-1.01462,52.24769],[-1.01513,52.24882],[-1.01761,52.25112],[-1.02044,52.25544],[-1.02097,52.25603],[-1.02129,52.25595],[-1.01917,52.25861],[-1.01932,52.25907],[-1.01875,52.25972],[-1.02508,52.26004],[-1.02509,52.25932],[-1.0302,52.25953],[-1.02878,52.25675],[-1.02877,52.2552],[-1.0407,52.25808],[-1.04904,52.26137],[-1.05219,52.26356],[-1.05409,52.2644],[-1.05653,52.2647],[-1.05842,52.26578],[-1.05944,52.26701],[-1.05963,52.26897],[-1.06028,52.27035],[-1.05944,52.27026],[-1.05736,52.27281],[-1.05555,52.27701],[-1.05747,52.28079],[-1.05615,52.2822],[-1.056,52.28387],[-1.05475,52.28582],[-1.05562,52.28742],[-1.05466,52.28775],[-1.0543,52.28829],[-1.05472,52.28957],[-1.05399,52.29057],[-1.05386,52.292],[-1.05129,52.29151],[-1.04811,52.29148],[-1.04415,52.29093],[-1.03219,52.28833],[-1.02943,52.28806],[-1.02628,52.28814],[-1.02479,52.28726],[-1.02358,52.28701],[-1.0226,52.28732],[-1.0206,52.28701],[-1.01792,52.28807],[-1.01691,52.28801],[-1.01541,52.28848],[-1.01457,52.2883],[-1.0133,52.28865],[-1.01331,52.28891],[-1.01207,52.2888],[-1.01187,52.28911],[-1.01026,52.28923],[-1.00988,52.289],[-1.00851,52.28947],[-1.00829,52.28924],[-1.00692,52.28995],[-1.0057,52.29017],[-1.00535,52.29066],[-1.00389,52.29061],[-1.00365,52.29118],[-1.00281,52.29101],[-1.00253,52.29131],[-1.00117,52.29144],[-1.00042,52.29119],[-1.00023,52.29148],[-0.99879,52.29122],[-0.99839,52.29157],[-0.9967,52.29131],[-0.99409,52.29163],[-0.99423,52.29125],[-0.99258,52.2906],[-0.99206,52.29083],[-0.99148,52.29014],[-0.99087,52.28983],[-0.99034,52.28991],[-0.9902,52.28944],[-0.98822,52.28863],[-0.98741,52.28864],[-0.98689,52.28823],[-0.98669,52.28882],[-0.98579,52.289],[-0.98488,52.28864],[-0.98252,52.28845],[-0.982,52.28872],[-0.98065,52.28809],[-0.97923,52.28832],[-0.97832,52.28805],[-0.97811,52.28759],[-0.97662,52.28785],[-0.97644,52.2875],[-0.97561,52.28732],[-0.97526,52.28738],[-0.97536,52.28798],[-0.97416,52.2883],[-0.97445,52.28857],[-0.9687,52.28865],[-0.96591,52.29393],[-0.96629,52.29663],[-0.96515,52.29972],[-0.96555,52.30121],[-0.97113,52.30325],[-0.97016,52.30491],[-0.9667,52.30794],[-0.9663,52.30785],[-0.96498,52.30971],[-0.96306,52.30901],[-0.96044,52.3124],[-0.95776,52.31223],[-0.95773,52.31105],[-0.95733,52.3109],[-0.95776,52.31078]]]}},{"type":"Feature","properties":{"id":"E01026999","name":"E01026999","parent":"E06000062","type":"LSOA","pop":1720,"r":15,"ff":11,"ffd":639.5,"ffs":0.7333,"g":0,"co":3,"mo":3,"sa":3,"ic":1},"geometry":{"type":"Polygon","coordinates":[[[-1.1989,52.31196],[-1.19826,52.31193],[-1.19448,52.31396],[-1.18957,52.30865],[-1.18737,52.30678],[-1.18515,52.30388],[-1.17953,52.30145],[-1.17561,52.30074],[-1.17512,52.29748],[-1.17556,52.29283],[-1.17445,52.29188],[-1.17373,52.28932],[-1.17502,52.2885],[-1.17733,52.28579],[-1.1797,52.28548],[-1.18211,52.2847],[-1.18299,52.28497],[-1.18419,52.28475],[-1.18344,52.28163],[-1.18394,52.28003],[-1.18546,52.27918],[-1.18743,52.27689],[-1.18886,52.27714],[-1.1907,52.27473],[-1.19286,52.2734],[-1.19333,52.27359],[-1.19672,52.27242],[-1.19735,52.27181],[-1.196,52.27024],[-1.19934,52.26865],[-1.20078,52.26832],[-1.20417,52.26821],[-1.21115,52.26862],[-1.21122,52.26883],[-1.2169,52.26751],[-1.21754,52.26772],[-1.21771,52.26821],[-1.21745,52.26843],[-1.21706,52.26827],[-1.217,52.26881],[-1.21787,52.26901],[-1.21767,52.26931],[-1.21869,52.26967],[-1.21856,52.27018],[-1.21934,52.27036],[-1.21877,52.27112],[-1.21957,52.27214],[-1.21873,52.27223],[-1.22013,52.27298],[-1.21977,52.27349],[-1.22096,52.27356],[-1.22015,52.27396],[-1.22087,52.27403],[-1.22048,52.27475],[-1.22088,52.27503],[-1.22059,52.27558],[-1.21996,52.27576],[-1.22002,52.27605],[-1.22169,52.27645],[-1.22155,52.27745],[-1.22065,52.27776],[-1.22177,52.27871],[-1.22118,52.27941],[-1.22231,52.28053],[-1.22351,52.2808],[-1.22288,52.28104],[-1.22322,52.28197],[-1.22254,52.28224],[-1.22284,52.2834],[-1.22243,52.28471],[-1.22282,52.28466],[-1.22383,52.28542],[-1.22348,52.28626],[-1.22422,52.28632],[-1.22356,52.28683],[-1.2242,52.28686],[-1.22542,52.28816],[-1.22769,52.2893],[-1.22763,52.28863],[-1.22825,52.28897],[-1.22868,52.2887],[-1.2298,52.28888],[-1.22963,52.28929],[-1.23095,52.28877],[-1.2311,52.28912],[-1.23184,52.28922],[-1.23075,52.28953],[-1.2316,52.28984],[-1.23168,52.29023],[-1.23245,52.2898],[-1.23378,52.29033],[-1.23183,52.29428],[-1.22886,52.29517],[-1.22896,52.29796],[-1.22649,52.29819],[-1.22642,52.30062],[-1.22479,52.30149],[-1.22388,52.30276],[-1.22317,52.30283],[-1.22297,52.30314],[-1.2209,52.30336],[-1.22091,52.30585],[-1.21754,52.30598],[-1.21712,52.30726],[-1.21541,52.30895],[-1.21254,52.31042],[-1.21049,52.31358],[-1.20926,52.31471],[-1.20338,52.31281],[-1.1989,52.31196]]]}},{"type":"Feature","properties":{"id":"E01027000","name":"E01027000","parent":"E06000062","type":"LSOA","pop":1411,"r":90,"ff":41,"ffd":2905.7,"ffs":0.7069,"g":31,"co":2,"mo":2,"sa":2,"ic":0},"geometry":{"type":"Polygon","coordinates":[[[-0.91214,52.34682],[-0.91112,52.34647],[-0.91124,52.34609],[-0.91073,52.34632],[-0.90686,52.34461],[-0.90598,52.34492],[-0.90505,52.34475],[-0.90155,52.34277],[-0.90195,52.34216],[-0.90122,52.34174],[-0.90399,52.33914],[-0.90299,52.33503],[-0.90332,52.33358],[-0.90291,52.33307],[-0.90338,52.33265],[-0.90531,52.33297],[-0.90537,52.33147],[-0.90406,52.33065],[-0.90374,52.32973],[-0.90334,52.32953],[-0.90348,52.32918],[-0.90424,52.32911],[-0.90443,52.32862],[-0.90404,52.32793],[-0.9045,52.32793],[-0.90464,52.32725],[-0.90566,52.32678],[-0.90603,52.32574],[-0.90736,52.32571],[-0.9075,52.32603],[-0.90856,52.32572],[-0.9089,52.32606],[-0.90959,52.32602],[-0.90999,52.32549],[-0.91041,52.32554],[-0.91017,52.32477],[-0.91056,52.32444],[-0.90947,52.32399],[-0.90922,52.32425],[-0.9088,52.32414],[-0.90908,52.32384],[-0.90866,52.32347],[-0.91262,52.32345],[-0.91433,52.31977],[-0.91641,52.32026],[-0.9209,52.31735],[-0.92369,52.31722],[-0.92398,52.31899],[-0.92477,52.31914],[-0.92497,52.32024],[-0.92441,52.32045],[-0.92518,52.32069],[-0.92495,52.32101],[-0.9259,52.32121],[-0.92529,52.32184],[-0.92561,52.32322],[-0.92505,52.32458],[-0.92385,52.32553],[-0.92333,52.32685],[-0.92373,52.32707],[-0.92309,52.32739],[-0.92374,52.32758],[-0.92382,52.32788],[-0.92335,52.32789],[-0.92379,52.32821],[-0.92354,52.32843],[-0.92298,52.32825],[-0.9227,52.32875],[-0.92301,52.3289],[-0.92173,52.32919],[-0.92187,52.32951],[-0.92119,52.32915],[-0.92058,52.32933],[-0.92126,52.33008],[-0.92049,52.33044],[-0.92053,52.33097],[-0.91985,52.33118],[-0.92071,52.33365],[-0.92031,52.33361],[-0.92045,52.33384],[-0.9184,52.33488],[-0.92211,52.33812],[-0.9205,52.33945],[-0.92088,52.34045],[-0.92064,52.34113],[-0.91969,52.34204],[-0.91896,52.34199],[-0.91926,52.34236],[-0.91842,52.34236],[-0.91927,52.34269],[-0.91909,52.3431],[-0.91879,52.34288],[-0.91835,52.3431],[-0.91966,52.3441],[-0.91966,52.3445],[-0.9169,52.34642],[-0.91584,52.34671],[-0.91344,52.3466],[-0.91214,52.34682]]]}},{"type":"Feature","properties":{"id":"E01027001","name":"E01027001","parent":"E06000062","type":"LSOA","pop":2022,"r":115,"ff":49,"ffd":2423.3,"ffs":0.6049,"g":33,"co":2,"mo":2,"sa":2,"ic":0},"geometry":{"type":"Polygon","coordinates":[[[-0.8958,52.32897],[-0.89468,52.32889],[-0.8935,52.32906],[-0.89136,52.32789],[-0.88739,52.32648],[-0.88471,52.32449],[-0.88522,52.31992],[-0.8858,52.31936],[-0.88672,52.31928],[-0.88701,52.31851],[-0.88754,52.31841],[-0.88734,52.31811],[-0.8879,52.31818],[-0.88803,52.31761],[-0.88712,52.31751],[-0.88773,52.31709],[-0.88731,52.31695],[-0.88776,52.31685],[-0.88761,52.31661],[-0.88926,52.31678],[-0.89016,52.31655],[-0.89033,52.31608],[-0.89106,52.31636],[-0.89108,52.3156],[-0.89162,52.31527],[-0.89127,52.31455],[-0.89152,52.31372],[-0.89265,52.31362],[-0.89516,52.31203],[-0.89629,52.3122],[-0.89684,52.31161],[-0.89651,52.31122],[-0.89722,52.31092],[-0.89657,52.31082],[-0.89591,52.31023],[-0.89612,52.30958],[-0.89715,52.30943],[-0.8973,52.30884],[-0.90046,52.30901],[-0.90063,52.30933],[-0.90114,52.30926],[-0.90113,52.30898],[-0.90344,52.30902],[-0.90392,52.30864],[-0.90494,52.3085],[-0.90788,52.30884],[-0.90919,52.30836],[-0.90958,52.30754],[-0.91075,52.30749],[-0.91345,52.30665],[-0.91557,52.30689],[-0.91593,52.30544],[-0.91733,52.30529],[-0.91751,52.30474],[-0.91814,52.30527],[-0.91878,52.30471],[-0.91939,52.3047],[-0.91959,52.30419],[-0.92247,52.30372],[-0.92353,52.30198],[-0.92392,52.30234],[-0.92507,52.30253],[-0.9249,52.30281],[-0.92596,52.30332],[-0.92611,52.30391],[-0.92673,52.30391],[-0.92611,52.3055],[-0.92951,52.30743],[-0.92873,52.30815],[-0.92872,52.30881],[-0.92708,52.30903],[-0.926,52.31088],[-0.9251,52.31094],[-0.92501,52.31059],[-0.92411,52.31053],[-0.92414,52.311],[-0.92367,52.31101],[-0.92286,52.31057],[-0.92279,52.31098],[-0.92149,52.31089],[-0.9218,52.31146],[-0.92148,52.3116],[-0.92003,52.3112],[-0.9214,52.31392],[-0.92212,52.31425],[-0.92213,52.31487],[-0.92255,52.31521],[-0.92311,52.3153],[-0.92299,52.31494],[-0.92405,52.31544],[-0.92398,52.3164],[-0.92312,52.31666],[-0.92369,52.31722],[-0.9209,52.31735],[-0.91641,52.32026],[-0.91433,52.31977],[-0.91262,52.32345],[-0.9066,52.32348],[-0.90655,52.32328],[-0.9059,52.32356],[-0.9052,52.3229],[-0.90306,52.32307],[-0.90287,52.32417],[-0.90191,52.32418],[-0.90114,52.32467],[-0.90012,52.3248],[-0.90082,52.32666],[-0.89766,52.32715],[-0.89878,52.32783],[-0.89797,52.32803],[-0.89745,52.32864],[-0.89648,52.32879],[-0.89705,52.32958],[-0.89638,52.32973],[-0.8958,52.32897]]]}},{"type":"Feature","properties":{"id":"E01027002","name":"E01027002","parent":"E06000062","type":"LSOA","pop":1681,"r":10,"ff":8,"ffd":475.9,"ffs":0.8,"g":0,"co":3,"mo":3,"sa":3,"ic":1},"geometry":{"type":"Polygon","coordinates":[[[-0.86614,52.39967],[-0.86213,52.39631],[-0.85695,52.3952],[-0.85464,52.39417],[-0.85009,52.39331],[-0.84983,52.39369],[-0.84057,52.39285],[-0.83984,52.39114],[-0.83374,52.38426],[-0.83296,52.38114],[-0.83964,52.37978],[-0.83927,52.37954],[-0.83956,52.37747],[-0.84023,52.37674],[-0.83994,52.37562],[-0.8417,52.37381],[-0.8417,52.3732],[-0.84217,52.37326],[-0.84257,52.37274],[-0.84251,52.3712],[-0.8431,52.37105],[-0.84271,52.37085],[-0.84305,52.3704],[-0.84266,52.36992],[-0.84347,52.36924],[-0.84319,52.36901],[-0.84374,52.36881],[-0.84359,52.36853],[-0.84403,52.36853],[-0.84349,52.36808],[-0.84401,52.36786],[-0.84354,52.36722],[-0.84409,52.36725],[-0.8441,52.36684],[-0.84349,52.36613],[-0.84438,52.36604],[-0.84384,52.36573],[-0.84459,52.36513],[-0.8443,52.36498],[-0.84494,52.36493],[-0.84474,52.36421],[-0.84596,52.36351],[-0.8466,52.36351],[-0.84644,52.36322],[-0.84761,52.36333],[-0.84806,52.36236],[-0.84771,52.36104],[-0.84933,52.35955],[-0.85038,52.35946],[-0.85012,52.35905],[-0.85193,52.35817],[-0.85216,52.35725],[-0.85337,52.35649],[-0.85327,52.3557],[-0.85403,52.35511],[-0.854,52.35467],[-0.85721,52.3531],[-0.85861,52.35339],[-0.85917,52.35305],[-0.85857,52.35295],[-0.85919,52.35277],[-0.85866,52.35181],[-0.85932,52.35165],[-0.86003,52.35194],[-0.86005,52.35128],[-0.86047,52.35111],[-0.85993,52.35069],[-0.86037,52.35004],[-0.85981,52.34994],[-0.86022,52.34941],[-0.86065,52.34957],[-0.8606,52.34864],[-0.861,52.34808],[-0.86142,52.34825],[-0.86118,52.34768],[-0.86306,52.34614],[-0.86303,52.34574],[-0.86356,52.34568],[-0.86287,52.34448],[-0.86325,52.34448],[-0.86372,52.3437],[-0.86325,52.3428],[-0.86252,52.34238],[-0.86296,52.34212],[-0.86282,52.34133],[-0.86236,52.34135],[-0.86291,52.34123],[-0.86288,52.34077],[-0.8619,52.3405],[-0.86245,52.34016],[-0.86198,52.34004],[-0.86246,52.33987],[-0.86226,52.33914],[-0.86297,52.33889],[-0.86234,52.33823],[-0.86288,52.33772],[-0.86248,52.33621],[-0.86173,52.33606],[-0.86259,52.33586],[-0.86178,52.33473],[-0.86083,52.3344],[-0.86117,52.33256],[-0.86072,52.33265],[-0.86083,52.33219],[-0.86042,52.33205],[-0.86072,52.33184],[-0.86022,52.33182],[-0.86019,52.33025],[-0.85958,52.32967],[-0.85873,52.32946],[-0.8589,52.32881],[-0.85787,52.32839],[-0.85767,52.32861],[-0.85733,52.32812],[-0.85479,52.3278],[-0.85407,52.32609],[-0.85332,52.32543],[-0.85375,52.32317],[-0.85467,52.32273],[-0.85448,52.3224],[-0.85479,52.32197],[-0.85448,52.32159],[-0.85515,52.32131],[-0.85508,52.32098],[-0.85545,52.32103],[-0.85536,52.32075],[-0.8559,52.32067],[-0.85605,52.31967],[-0.85728,52.31979],[-0.85845,52.3193],[-0.85864,52.31965],[-0.85967,52.31949],[-0.86007,52.31985],[-0.86029,52.31932],[-0.86127,52.31945],[-0.86134,52.31905],[-0.8618,52.31919],[-0.86165,52.31846],[-0.86212,52.31864],[-0.86282,52.31831],[-0.86308,52.31858],[-0.86326,52.31816],[-0.8639,52.31851],[-0.86432,52.31828],[-0.86582,52.31856],[-0.86637,52.31819],[-0.86722,52.31849],[-0.86751,52.31814],[-0.86869,52.31895],[-0.8721,52.31909],[-0.87255,52.31883],[-0.87567,52.32022],[-0.87665,52.32032],[-0.87935,52.32046],[-0.88153,52.32019],[-0.88176,52.31992],[-0.88214,52.32021],[-0.88293,52.32022],[-0.88365,52.31985],[-0.88447,52.3201],[-0.88522,52.31992],[-0.88471,52.32449],[-0.88739,52.32648],[-0.89136,52.32789],[-0.8935,52.32906],[-0.89468,52.32889],[-0.8958,52.32897],[-0.89638,52.32973],[-0.89893,52.32938],[-0.89872,52.32886],[-0.89955,52.32864],[-0.8997,52.32821],[-0.90136,52.32806],[-0.90181,52.32932],[-0.90239,52.32926],[-0.90272,52.32886],[-0.90348,52.32918],[-0.90334,52.32953],[-0.90374,52.32973],[-0.90406,52.33065],[-0.90537,52.33147],[-0.90531,52.33297],[-0.90338,52.33265],[-0.90291,52.33307],[-0.90332,52.33358],[-0.90299,52.33503],[-0.90399,52.33914],[-0.90122,52.34174],[-0.90195,52.34216],[-0.90155,52.34277],[-0.90194,52.34309],[-0.90505,52.34475],[-0.90598,52.34492],[-0.90686,52.34461],[-0.91073,52.34632],[-0.91124,52.34609],[-0.91112,52.34647],[-0.91214,52.34682],[-0.91344,52.3466],[-0.91584,52.34671],[-0.9169,52.34642],[-0.91756,52.34763],[-0.91726,52.34891],[-0.91926,52.35083],[-0.91951,52.35271],[-0.92172,52.3529],[-0.92575,52.35394],[-0.92793,52.35469],[-0.92799,52.35531],[-0.93045,52.35655],[-0.9311,52.35627],[-0.9356,52.35808],[-0.93334,52.36012],[-0.93859,52.36274],[-0.9314,52.36823],[-0.93264,52.36871],[-0.93447,52.37064],[-0.93436,52.371],[-0.93841,52.37284],[-0.94034,52.37328],[-0.9425,52.37499],[-0.94061,52.37651],[-0.93802,52.37775],[-0.93806,52.37938],[-0.93456,52.37956],[-0.93499,52.38091],[-0.93105,52.38267],[-0.93079,52.38561],[-0.93155,52.3859],[-0.93185,52.38802],[-0.93015,52.39159],[-0.92827,52.39344],[-0.92735,52.39366],[-0.92527,52.39558],[-0.92466,52.39554],[-0.92167,52.39904],[-0.91826,52.39878],[-0.91487,52.39942],[-0.91037,52.3996],[-0.90819,52.40006],[-0.90658,52.40076],[-0.90476,52.40081],[-0.90451,52.40108],[-0.90401,52.39857],[-0.90313,52.3975],[-0.90154,52.39784],[-0.90018,52.39775],[-0.89686,52.39913],[-0.89479,52.39914],[-0.89286,52.39968],[-0.89171,52.39959],[-0.89067,52.39904],[-0.89054,52.39859],[-0.88939,52.39837],[-0.88934,52.39784],[-0.88866,52.39775],[-0.88876,52.39807],[-0.88819,52.39817],[-0.88846,52.3988],[-0.88722,52.39912],[-0.88532,52.40034],[-0.88061,52.40154],[-0.87702,52.40174],[-0.8737,52.40267],[-0.86614,52.39967]]]}},{"type":"Feature","properties":{"id":"E01027003","name":"E01027003","parent":"E06000062","type":"LSOA","pop":1458,"r":107,"ff":46,"ffd":3155.0,"ffs":0.6389,"g":34,"co":2,"mo":2,"sa":2,"ic":0},"geometry":{"type":"Polygon","coordinates":[[[-0.89797,52.32803],[-0.89878,52.32783],[-0.89766,52.32715],[-0.90082,52.32666],[-0.90012,52.3248],[-0.90114,52.32467],[-0.90191,52.32418],[-0.90287,52.32417],[-0.90306,52.32307],[-0.9052,52.3229],[-0.9059,52.32356],[-0.90655,52.32328],[-0.9066,52.32348],[-0.90866,52.32347],[-0.90908,52.32384],[-0.9088,52.32414],[-0.90922,52.32425],[-0.90947,52.32399],[-0.91056,52.32444],[-0.91017,52.32477],[-0.91041,52.32554],[-0.90999,52.32549],[-0.90959,52.32602],[-0.9089,52.32606],[-0.90856,52.32572],[-0.9075,52.32603],[-0.90736,52.32571],[-0.90603,52.32574],[-0.90566,52.32678],[-0.90464,52.32725],[-0.9045,52.32793],[-0.90404,52.32793],[-0.90443,52.32862],[-0.90424,52.32911],[-0.90348,52.32918],[-0.90272,52.32886],[-0.90239,52.32926],[-0.90181,52.32932],[-0.90136,52.32806],[-0.8997,52.32821],[-0.89955,52.32864],[-0.89872,52.32886],[-0.89893,52.32938],[-0.89705,52.32958],[-0.89648,52.32879],[-0.89745,52.32864],[-0.89797,52.32803]]]}},{"type":"Feature","properties":{"id":"E01027004","name":"E01027004","parent":"E06000062","type":"LSOA","pop":1868,"r":5,"ff":3,"ffd":160.6,"ffs":0.6,"g":0,"co":3,"mo":3,"sa":3,"ic":3},"geometry":{"type":"Polygon","coordinates":[[[-1.1495,52.22815],[-1.14837,52.22747],[-1.14459,52.2277],[-1.13889,52.22711],[-1.13433,52.22734],[-1.13342,52.22696],[-1.12997,52.22684],[-1.12779,52.22728],[-1.12678,52.22689],[-1.12459,52.22701],[-1.12182,52.22779],[-1.11775,52.22762],[-1.11633,52.22781],[-1.11171,52.2279],[-1.11132,52.22822],[-1.1113,52.22789],[-1.11344,52.22484],[-1.11275,52.22397],[-1.11318,52.22376],[-1.11295,52.22325],[-1.11333,52.22281],[-1.11384,52.22279],[-1.1135,52.22233],[-1.11383,52.22217],[-1.11346,52.22212],[-1.11336,52.22141],[-1.11275,52.22129],[-1.11286,52.22065],[-1.11235,52.22029],[-1.11349,52.21969],[-1.113,52.21962],[-1.11349,52.21928],[-1.11329,52.21865],[-1.11501,52.21748],[-1.11506,52.21685],[-1.11618,52.21675],[-1.11628,52.21619],[-1.1166,52.21638],[-1.11708,52.21621],[-1.11696,52.21578],[-1.11744,52.21593],[-1.11719,52.21568],[-1.11846,52.21519],[-1.11868,52.21419],[-1.11969,52.21413],[-1.11955,52.21355],[-1.12007,52.21339],[-1.12028,52.21268],[-1.12102,52.21247],[-1.12091,52.21217],[-1.12232,52.21207],[-1.12293,52.21131],[-1.12328,52.21157],[-1.12373,52.21133],[-1.11842,52.20821],[-1.11597,52.20607],[-1.11392,52.20559],[-1.11386,52.20511],[-1.11465,52.20511],[-1.11633,52.20571],[-1.1173,52.20413],[-1.11708,52.20349],[-1.11606,52.2028],[-1.11328,52.20249],[-1.11317,52.20158],[-1.11554,52.20069],[-1.11935,52.19789],[-1.12262,52.19598],[-1.12575,52.19515],[-1.12738,52.19375],[-1.13047,52.19311],[-1.13401,52.19342],[-1.13726,52.19399],[-1.14368,52.19374],[-1.14469,52.1933],[-1.14746,52.19412],[-1.14999,52.19563],[-1.15454,52.19597],[-1.15533,52.19625],[-1.15794,52.19542],[-1.15973,52.1953],[-1.16225,52.19466],[-1.16618,52.19516],[-1.17056,52.19385],[-1.17273,52.1934],[-1.17418,52.19346],[-1.17634,52.19267],[-1.17822,52.19245],[-1.17846,52.19283],[-1.18175,52.19214],[-1.1849,52.19185],[-1.18752,52.19206],[-1.18759,52.19243],[-1.19168,52.19349],[-1.19265,52.19049],[-1.19706,52.18682],[-1.19676,52.18462],[-1.19576,52.18449],[-1.19647,52.18405],[-1.19676,52.1832],[-1.19743,52.18319],[-1.1978,52.18248],[-1.19726,52.18059],[-1.19767,52.1802],[-1.19718,52.18],[-1.19849,52.17946],[-1.20391,52.18029],[-1.2063,52.18131],[-1.21058,52.18183],[-1.21128,52.18348],[-1.21195,52.18416],[-1.21897,52.1844],[-1.22809,52.18676],[-1.22867,52.18571],[-1.23118,52.18402],[-1.23177,52.18294],[-1.22859,52.17967],[-1.22817,52.17679],[-1.22907,52.1754],[-1.22858,52.17527],[-1.22905,52.17369],[-1.23023,52.17251],[-1.23085,52.17251],[-1.23064,52.17215],[-1.23101,52.17216],[-1.23145,52.17139],[-1.23231,52.17096],[-1.23231,52.1704],[-1.23308,52.16997],[-1.2334,52.16904],[-1.23431,52.1691],[-1.23641,52.16858],[-1.23712,52.16626],[-1.24234,52.1635],[-1.24439,52.16344],[-1.24791,52.16475],[-1.25155,52.16517],[-1.25911,52.16428],[-1.26117,52.16438],[-1.26429,52.16585],[-1.27508,52.16768],[-1.27445,52.16934],[-1.27351,52.1695],[-1.27402,52.17072],[-1.27355,52.1712],[-1.27476,52.1716],[-1.27495,52.17273],[-1.2757,52.17298],[-1.27689,52.17286],[-1.27608,52.17429],[-1.27693,52.17469],[-1.27729,52.17541],[-1.27789,52.17529],[-1.27775,52.17591],[-1.27818,52.17623],[-1.27772,52.17683],[-1.27859,52.17771],[-1.27803,52.17804],[-1.27841,52.17861],[-1.27813,52.18022],[-1.2791,52.18015],[-1.27929,52.18057],[-1.28073,52.18092],[-1.28112,52.18223],[-1.27942,52.18416],[-1.27891,52.18613],[-1.28119,52.19195],[-1.28114,52.19578],[-1.27757,52.19581],[-1.27406,52.1954],[-1.27146,52.19636],[-1.268,52.19653],[-1.26278,52.19595],[-1.26155,52.19608],[-1.25498,52.19783],[-1.25481,52.19921],[-1.25557,52.20068],[-1.25736,52.20561],[-1.25733,52.20863],[-1.25926,52.21071],[-1.25974,52.21178],[-1.24979,52.21122],[-1.24805,52.21138],[-1.24199,52.21044],[-1.23832,52.21018],[-1.23338,52.20885],[-1.22893,52.20609],[-1.22593,52.20768],[-1.22369,52.20748],[-1.22237,52.20821],[-1.21779,52.20904],[-1.21618,52.2098],[-1.2162,52.21037],[-1.21413,52.21216],[-1.20681,52.21566],[-1.2049,52.21694],[-1.20373,52.2185],[-1.2008,52.21766],[-1.1949,52.21712],[-1.19306,52.2164],[-1.19134,52.21811],[-1.18766,52.21527],[-1.18658,52.21411],[-1.18654,52.21356],[-1.18611,52.21371],[-1.18599,52.21455],[-1.18543,52.2145],[-1.18391,52.21513],[-1.18287,52.2167],[-1.17725,52.21623],[-1.17412,52.21744],[-1.17021,52.21753],[-1.16599,52.21672],[-1.16342,52.21778],[-1.15939,52.21615],[-1.15865,52.21873],[-1.15943,52.21966],[-1.15929,52.2207],[-1.157,52.22487],[-1.15598,52.22442],[-1.15515,52.2245],[-1.15304,52.22805],[-1.15167,52.22857],[-1.1495,52.22815]]]}},{"type":"Feature","properties":{"id":"E01027005","name":"E01027005","parent":"E06000062","type":"LSOA","pop":2260,"r":12,"ff":8,"ffd":354.0,"ffs":0.6667,"g":0,"co":3,"mo":3,"sa":3,"ic":3},"geometry":{"type":"Polygon","coordinates":[[[-0.91675,52.46265],[-0.91423,52.46228],[-0.91126,52.4635],[-0.90988,52.46149],[-0.90772,52.4615],[-0.90658,52.46308],[-0.90458,52.46288],[-0.90154,52.46084],[-0.90128,52.45976],[-0.90078,52.45914],[-0.90141,52.45913],[-0.90144,52.45885],[-0.90097,52.45885],[-0.90154,52.45811],[-0.90415,52.45643],[-0.90408,52.45577],[-0.90454,52.45559],[-0.90467,52.45493],[-0.90578,52.45458],[-0.90625,52.45366],[-0.90585,52.45333],[-0.90534,52.44838],[-0.90386,52.44551],[-0.90438,52.44217],[-0.89842,52.44153],[-0.89325,52.44155],[-0.87929,52.43917],[-0.87296,52.43678],[-0.86433,52.43422],[-0.86871,52.43286],[-0.87098,52.4293],[-0.87341,52.42658],[-0.87505,52.42353],[-0.87666,52.42355],[-0.87828,52.42294],[-0.882,52.42262],[-0.88526,52.42364],[-0.88694,52.42335],[-0.88635,52.42031],[-0.88726,52.41959],[-0.88764,52.41729],[-0.88892,52.4151],[-0.88825,52.41375],[-0.88817,52.41173],[-0.88928,52.40957],[-0.88869,52.40799],[-0.88916,52.40799],[-0.88929,52.4063],[-0.89039,52.40369],[-0.89026,52.40042],[-0.89067,52.39904],[-0.89171,52.39959],[-0.89286,52.39968],[-0.89479,52.39914],[-0.89686,52.39913],[-0.90018,52.39775],[-0.90154,52.39784],[-0.90313,52.3975],[-0.90401,52.39857],[-0.90451,52.40108],[-0.90476,52.40081],[-0.90658,52.40076],[-0.90819,52.40006],[-0.91037,52.3996],[-0.91487,52.39942],[-0.91826,52.39878],[-0.92167,52.39904],[-0.92466,52.39554],[-0.92527,52.39558],[-0.92735,52.39366],[-0.92827,52.39344],[-0.93015,52.39159],[-0.93185,52.38802],[-0.93155,52.3859],[-0.93079,52.38561],[-0.93105,52.38267],[-0.93499,52.38091],[-0.93456,52.37956],[-0.93806,52.37938],[-0.93802,52.37775],[-0.94061,52.37651],[-0.9425,52.37499],[-0.94364,52.37566],[-0.94511,52.37744],[-0.94605,52.37785],[-0.95036,52.37849],[-0.95243,52.37848],[-0.95363,52.3781],[-0.95513,52.37862],[-0.95745,52.37882],[-0.95743,52.38067],[-0.95787,52.38065],[-0.95793,52.38091],[-0.96214,52.38091],[-0.96345,52.38064],[-0.96488,52.38085],[-0.96723,52.38058],[-0.97056,52.38074],[-0.97213,52.3804],[-0.97262,52.38001],[-0.97398,52.37756],[-0.97541,52.37648],[-0.97564,52.373],[-0.97892,52.37289],[-0.98405,52.37369],[-0.98549,52.37168],[-0.98989,52.37265],[-0.9902,52.37299],[-0.98845,52.37482],[-0.99067,52.37576],[-0.99112,52.37619],[-0.99074,52.37676],[-0.99109,52.3772],[-0.99537,52.37722],[-0.99518,52.37828],[-0.99532,52.3787],[-0.99578,52.37877],[-0.99546,52.38007],[-0.99589,52.38027],[-0.99586,52.38164],[-1.00187,52.38324],[-1.00406,52.38409],[-1.00389,52.38458],[-1.00546,52.3851],[-1.00625,52.38444],[-1.00851,52.38524],[-1.00982,52.38447],[-1.01184,52.38468],[-1.01496,52.38566],[-1.01722,52.38704],[-1.01737,52.38796],[-1.0184,52.38923],[-1.01832,52.38992],[-1.0174,52.39079],[-1.01882,52.39347],[-1.02004,52.39408],[-1.01985,52.3944],[-1.02023,52.39432],[-1.02037,52.39472],[-1.02115,52.39496],[-1.02189,52.39607],[-1.02109,52.39715],[-1.02154,52.39747],[-1.02115,52.39796],[-1.02167,52.39871],[-1.02148,52.39913],[-1.02257,52.40008],[-1.02341,52.40032],[-1.02308,52.40072],[-1.0238,52.40068],[-1.0245,52.40123],[-1.0242,52.40156],[-1.02484,52.4016],[-1.02503,52.40269],[-1.02559,52.4027],[-1.02594,52.40355],[-1.0255,52.40388],[-1.02559,52.40537],[-1.02657,52.40564],[-1.02639,52.40606],[-1.02708,52.40638],[-1.02588,52.4065],[-1.02542,52.40682],[-1.01977,52.4075],[-1.01997,52.40817],[-1.01923,52.40831],[-1.01855,52.41046],[-1.01786,52.4105],[-1.01639,52.41152],[-1.01467,52.41205],[-1.01206,52.41202],[-1.01111,52.41388],[-1.01054,52.4174],[-1.00868,52.41916],[-1.00637,52.41919],[-1.00386,52.41871],[-1.00172,52.41878],[-1.00024,52.41832],[-0.99858,52.41873],[-0.99656,52.41879],[-0.99075,52.41796],[-0.98983,52.41925],[-0.98955,52.42277],[-0.98754,52.42644],[-0.98568,52.42852],[-0.98408,52.4294],[-0.98304,52.43067],[-0.98235,52.43084],[-0.98101,52.43301],[-0.98118,52.43484],[-0.97986,52.43577],[-0.97996,52.43671],[-0.97943,52.43715],[-0.97735,52.43751],[-0.97832,52.4386],[-0.97472,52.44404],[-0.97496,52.44479],[-0.97634,52.44608],[-0.97707,52.44785],[-0.97495,52.44822],[-0.97276,52.44962],[-0.97379,52.45095],[-0.97214,52.45527],[-0.96812,52.45914],[-0.96583,52.45774],[-0.9645,52.45617],[-0.96253,52.45649],[-0.96187,52.45565],[-0.96004,52.4562],[-0.95825,52.45431],[-0.96047,52.45308],[-0.96165,52.45186],[-0.96172,52.45086],[-0.9597,52.4484],[-0.95878,52.44567],[-0.95426,52.4442],[-0.94998,52.44393],[-0.94618,52.44325],[-0.94185,52.44088],[-0.93906,52.44332],[-0.93822,52.4446],[-0.9393,52.44591],[-0.93933,52.44671],[-0.93867,52.44734],[-0.93865,52.4486],[-0.93624,52.45091],[-0.93767,52.45139],[-0.93758,52.45165],[-0.93472,52.45537],[-0.93579,52.45556],[-0.93729,52.45644],[-0.93775,52.45748],[-0.93488,52.4595],[-0.93131,52.45983],[-0.93032,52.4602],[-0.9266,52.4628],[-0.92645,52.46324],[-0.92379,52.46423],[-0.92231,52.4642],[-0.91675,52.46265]]]}},{"type":"Feature","properties":{"id":"E01027006","name":"E01027006","parent":"E06000062","type":"LSOA","pop":2450,"r":8,"ff":5,"ffd":204.1,"ffs":0.625,"g":0,"co":3,"mo":3,"sa":3,"ic":1},"geometry":{"type":"Polygon","coordinates":[[[-1.07039,52.37247],[-1.06655,52.37238],[-1.06369,52.37274],[-1.06364,52.37242],[-1.06126,52.37196],[-1.05338,52.36593],[-1.05057,52.36334],[-1.04789,52.35948],[-1.04849,52.35853],[-1.05289,52.3591],[-1.05289,52.3593],[-1.05947,52.35911],[-1.06157,52.3586],[-1.06421,52.3572],[-1.06394,52.35686],[-1.06459,52.35575],[-1.06548,52.35561],[-1.06674,52.35465],[-1.07151,52.35387],[-1.07324,52.35307],[-1.07552,52.35358],[-1.07645,52.35332],[-1.07976,52.35517],[-1.08329,52.35417],[-1.08476,52.3534],[-1.08868,52.35346],[-1.09005,52.35318],[-1.09083,52.35201],[-1.09262,52.35249],[-1.09633,52.34828],[-1.09729,52.34817],[-1.09917,52.34534],[-1.0995,52.34543],[-1.10359,52.34166],[-1.10609,52.34077],[-1.10681,52.34083],[-1.10727,52.33947],[-1.10943,52.33665],[-1.11028,52.33684],[-1.11047,52.33539],[-1.11152,52.33544],[-1.11194,52.3317],[-1.11921,52.33154],[-1.11945,52.33128],[-1.1225,52.33114],[-1.12374,52.33024],[-1.12396,52.32949],[-1.12452,52.32943],[-1.12448,52.32892],[-1.12754,52.32932],[-1.13038,52.32928],[-1.13034,52.32908],[-1.13311,52.32839],[-1.13314,52.32776],[-1.13593,52.32729],[-1.13858,52.32584],[-1.14181,52.32479],[-1.15057,52.33586],[-1.15026,52.33602],[-1.16355,52.35159],[-1.17481,52.36437],[-1.15733,52.36866],[-1.15638,52.36896],[-1.15599,52.36974],[-1.15398,52.36946],[-1.15249,52.36877],[-1.1491,52.36801],[-1.14843,52.36714],[-1.14712,52.36714],[-1.14404,52.36647],[-1.13203,52.36304],[-1.12758,52.36133],[-1.12193,52.35972],[-1.12081,52.36006],[-1.11625,52.35855],[-1.11577,52.35867],[-1.11248,52.3609],[-1.10944,52.36424],[-1.10631,52.3659],[-1.10271,52.36887],[-1.09756,52.37201],[-1.09645,52.37405],[-1.09419,52.3759],[-1.08159,52.37405],[-1.07474,52.37342],[-1.07039,52.37247]]]}},{"type":"Feature","properties":{"id":"E01027007","name":"E01027007","parent":"E06000062","type":"LSOA","pop":1852,"r":33,"ff":14,"ffd":755.9,"ffs":0.5833,"g":9,"co":3,"mo":2,"sa":3,"ic":3},"geometry":{"type":"Polygon","coordinates":[[[-1.18579,52.25459],[-1.18362,52.25315],[-1.18267,52.25363],[-1.18147,52.25346],[-1.18032,52.25404],[-1.17988,52.25304],[-1.1787,52.25324],[-1.17898,52.25385],[-1.17707,52.25449],[-1.17631,52.25382],[-1.17574,52.25399],[-1.17557,52.25365],[-1.17317,52.25405],[-1.17199,52.25244],[-1.17089,52.25307],[-1.17065,52.25403],[-1.16838,52.25268],[-1.16793,52.25286],[-1.16752,52.25238],[-1.17113,52.25083],[-1.17159,52.25094],[-1.17201,52.24967],[-1.17306,52.2489],[-1.17314,52.24814],[-1.17493,52.24674],[-1.18002,52.24598],[-1.18837,52.24586],[-1.18973,52.24559],[-1.19501,52.24603],[-1.19478,52.24759],[-1.19412,52.24809],[-1.19421,52.24904],[-1.19356,52.2498],[-1.19287,52.25002],[-1.19316,52.25071],[-1.19137,52.25193],[-1.19134,52.25359],[-1.19079,52.25445],[-1.19088,52.25641],[-1.19011,52.25567],[-1.18705,52.25461],[-1.18579,52.25459]]]}},{"type":"Feature","properties":{"id":"E01027008","name":"E01027008","parent":"E06000062","type":"LSOA","pop":1891,"r":34,"ff":14,"ffd":740.3,"ffs":0.56,"g":9,"co":3,"mo":2,"sa":3,"ic":3},"geometry":{"type":"Polygon","coordinates":[[[-1.16651,52.25158],[-1.16391,52.25051],[-1.15527,52.24815],[-1.15639,52.24698],[-1.15822,52.24437],[-1.15955,52.2448],[-1.16254,52.24499],[-1.16467,52.24612],[-1.17002,52.24508],[-1.17051,52.24579],[-1.17312,52.24557],[-1.17411,52.24646],[-1.17357,52.24672],[-1.17372,52.24697],[-1.17493,52.24674],[-1.17314,52.24814],[-1.17306,52.2489],[-1.17201,52.24967],[-1.17159,52.25094],[-1.17113,52.25083],[-1.16752,52.25238],[-1.16651,52.25158]]]}},{"type":"Feature","properties":{"id":"E01027009","name":"E01027009","parent":"E06000062","type":"LSOA","pop":1650,"r":33,"ff":14,"ffd":848.5,"ffs":0.5833,"g":9,"co":3,"mo":2,"sa":3,"ic":3},"geometry":{"type":"Polygon","coordinates":[[[-1.18394,52.26852],[-1.18008,52.26643],[-1.18047,52.26563],[-1.1818,52.2649],[-1.18061,52.26393],[-1.18258,52.26302],[-1.18169,52.26219],[-1.17995,52.26321],[-1.17583,52.26133],[-1.17834,52.25954],[-1.17849,52.25901],[-1.17762,52.25829],[-1.17472,52.25678],[-1.17307,52.25727],[-1.17399,52.25631],[-1.17265,52.25533],[-1.17581,52.2546],[-1.17653,52.25409],[-1.17707,52.25449],[-1.17898,52.25385],[-1.1787,52.25324],[-1.17988,52.25304],[-1.18032,52.25404],[-1.18147,52.25346],[-1.18267,52.25363],[-1.18362,52.25315],[-1.18579,52.25459],[-1.18705,52.25461],[-1.19011,52.25567],[-1.19088,52.25641],[-1.19089,52.25874],[-1.19186,52.25969],[-1.19052,52.26101],[-1.1914,52.26157],[-1.19193,52.26257],[-1.19142,52.2648],[-1.19358,52.26499],[-1.19328,52.26799],[-1.19664,52.26783],[-1.19934,52.26865],[-1.196,52.27024],[-1.19735,52.27181],[-1.19672,52.27242],[-1.19333,52.27359],[-1.18789,52.27031],[-1.18394,52.26852]]]}},{"type":"Feature","properties":{"id":"E01027010","name":"E01027010","parent":"E06000062","type":"LSOA","pop":1278,"r":15,"ff":11,"ffd":860.7,"ffs":0.7333,"g":0,"co":3,"mo":3,"sa":3,"ic":1},"geometry":{"type":"Polygon","coordinates":[[[-1.17655,52.26464],[-1.17412,52.26288],[-1.17126,52.26031],[-1.17007,52.25822],[-1.16951,52.25565],[-1.16793,52.25286],[-1.16838,52.25268],[-1.17065,52.25403],[-1.17089,52.25307],[-1.17199,52.25244],[-1.17317,52.25405],[-1.17557,52.25365],[-1.17574,52.25399],[-1.17631,52.25382],[-1.17653,52.25409],[-1.17581,52.2546],[-1.17265,52.25533],[-1.17399,52.25631],[-1.17307,52.25727],[-1.17472,52.25678],[-1.17762,52.25829],[-1.17849,52.25901],[-1.17834,52.25954],[-1.17583,52.26133],[-1.17995,52.26321],[-1.18169,52.26219],[-1.18258,52.26302],[-1.18061,52.26393],[-1.1818,52.2649],[-1.18047,52.26563],[-1.18008,52.26643],[-1.17655,52.26464]]]}},{"type":"Feature","properties":{"id":"E01027011","name":"E01027011","parent":"E06000062","type":"LSOA","pop":2150,"r":43,"ff":22,"ffd":1023.3,"ffs":0.6471,"g":9,"co":3,"mo":2,"sa":3,"ic":1},"geometry":{"type":"Polygon","coordinates":[[[-1.11579,52.2896],[-1.1135,52.28552],[-1.10731,52.27761],[-1.10469,52.27888],[-1.10421,52.27842],[-1.10259,52.27904],[-1.10214,52.27864],[-1.09898,52.2797],[-1.09845,52.28001],[-1.09895,52.28107],[-1.09548,52.28086],[-1.09294,52.28164],[-1.08802,52.28232],[-1.0874,52.28265],[-1.08711,52.28248],[-1.08627,52.28294],[-1.0861,52.28354],[-1.08529,52.2838],[-1.08469,52.28376],[-1.08383,52.28312],[-1.08275,52.28324],[-1.08237,52.28288],[-1.08184,52.28315],[-1.07916,52.28297],[-1.07737,52.28368],[-1.07625,52.28364],[-1.07564,52.28315],[-1.07504,52.28359],[-1.07471,52.2833],[-1.07356,52.28346],[-1.07376,52.28318],[-1.07323,52.28278],[-1.07249,52.2827],[-1.07128,52.28314],[-1.07054,52.28286],[-1.0696,52.28352],[-1.06911,52.28344],[-1.06867,52.28451],[-1.06536,52.28567],[-1.06395,52.28694],[-1.06267,52.28719],[-1.06245,52.28701],[-1.06163,52.28737],[-1.05683,52.287],[-1.05562,52.28742],[-1.05475,52.28582],[-1.056,52.28387],[-1.05615,52.2822],[-1.05747,52.28079],[-1.05555,52.27701],[-1.05736,52.27281],[-1.05944,52.27026],[-1.06028,52.27035],[-1.05963,52.26897],[-1.05944,52.26701],[-1.05842,52.26578],[-1.05653,52.2647],[-1.05409,52.2644],[-1.05219,52.26356],[-1.04904,52.26137],[-1.0407,52.25808],[-1.02877,52.2552],[-1.02878,52.25675],[-1.0302,52.25953],[-1.02509,52.25932],[-1.02508,52.26004],[-1.01875,52.25972],[-1.01932,52.25907],[-1.01917,52.25861],[-1.02129,52.25595],[-1.02097,52.25603],[-1.02044,52.25544],[-1.01761,52.25112],[-1.01513,52.24882],[-1.01462,52.24769],[-1.01497,52.24655],[-1.01379,52.24488],[-1.0141,52.24284],[-1.01356,52.24164],[-1.01519,52.24159],[-1.01753,52.24099],[-1.01961,52.24111],[-1.02504,52.23992],[-1.02987,52.23934],[-1.03546,52.23791],[-1.03848,52.23839],[-1.03977,52.23796],[-1.04013,52.23821],[-1.04083,52.23787],[-1.0411,52.23813],[-1.04151,52.23796],[-1.04132,52.23769],[-1.04191,52.23777],[-1.04161,52.23732],[-1.04243,52.2373],[-1.04275,52.23698],[-1.04234,52.23672],[-1.04294,52.23683],[-1.04319,52.23629],[-1.0421,52.23254],[-1.04325,52.23231],[-1.0439,52.23165],[-1.0432,52.2311],[-1.04346,52.23058],[-1.0451,52.23161],[-1.04613,52.23156],[-1.0459,52.23195],[-1.04659,52.23205],[-1.04722,52.2319],[-1.04813,52.23076],[-1.04886,52.23072],[-1.04969,52.23117],[-1.05033,52.23098],[-1.05067,52.23148],[-1.0522,52.23192],[-1.05314,52.23152],[-1.05363,52.232],[-1.05451,52.2316],[-1.05502,52.23181],[-1.05523,52.23124],[-1.05562,52.23142],[-1.05589,52.2311],[-1.0571,52.23085],[-1.05739,52.23013],[-1.05695,52.23],[-1.05834,52.2286],[-1.05837,52.22751],[-1.06016,52.22712],[-1.06052,52.22762],[-1.06156,52.22759],[-1.06224,52.22842],[-1.06285,52.2282],[-1.06443,52.22888],[-1.06382,52.22911],[-1.06474,52.22975],[-1.06563,52.23004],[-1.06636,52.22987],[-1.06821,52.2307],[-1.06843,52.2311],[-1.06937,52.231],[-1.07011,52.23146],[-1.07128,52.23144],[-1.07182,52.23186],[-1.07294,52.23176],[-1.0735,52.23239],[-1.07311,52.23293],[-1.07398,52.23378],[-1.07418,52.23428],[-1.07341,52.23514],[-1.07491,52.23611],[-1.0744,52.23639],[-1.07494,52.23696],[-1.07485,52.23787],[-1.07668,52.23841],[-1.0774,52.23832],[-1.07738,52.23795],[-1.07856,52.23807],[-1.07877,52.23834],[-1.0795,52.23824],[-1.08048,52.23878],[-1.08025,52.23912],[-1.08182,52.23944],[-1.08248,52.24042],[-1.08177,52.24085],[-1.0824,52.24127],[-1.08159,52.24198],[-1.08178,52.24233],[-1.08012,52.24272],[-1.07978,52.24222],[-1.07857,52.24303],[-1.07898,52.24378],[-1.07745,52.24362],[-1.07748,52.24334],[-1.076,52.24362],[-1.07613,52.24406],[-1.07514,52.2448],[-1.07662,52.24558],[-1.08024,52.24564],[-1.08119,52.24592],[-1.08271,52.24575],[-1.08709,52.25081],[-1.08828,52.25132],[-1.0893,52.25257],[-1.09243,52.2533],[-1.09684,52.25313],[-1.10083,52.25409],[-1.10485,52.2535],[-1.1067,52.2529],[-1.10762,52.25222],[-1.11016,52.25206],[-1.11157,52.25309],[-1.11448,52.25272],[-1.12091,52.2504],[-1.12953,52.25048],[-1.13248,52.24936],[-1.13348,52.24934],[-1.13636,52.24809],[-1.13835,52.24794],[-1.13844,52.24772],[-1.14204,52.2481],[-1.14,52.25237],[-1.138,52.25199],[-1.13703,52.25222],[-1.13638,52.25293],[-1.13604,52.25404],[-1.13651,52.25624],[-1.13493,52.25793],[-1.13464,52.25902],[-1.13539,52.26022],[-1.1355,52.26266],[-1.13682,52.26517],[-1.1423,52.26802],[-1.14232,52.26847],[-1.14916,52.27096],[-1.14933,52.27175],[-1.14683,52.27467],[-1.14633,52.27598],[-1.14534,52.27642],[-1.14369,52.27814],[-1.14365,52.27868],[-1.14121,52.28041],[-1.14141,52.28095],[-1.13909,52.28351],[-1.13702,52.2841],[-1.13642,52.28332],[-1.13445,52.28368],[-1.13102,52.28487],[-1.12932,52.2845],[-1.12723,52.28454],[-1.12377,52.28505],[-1.12085,52.28619],[-1.11906,52.28747],[-1.11881,52.2882],[-1.1181,52.28817],[-1.11794,52.28859],[-1.11758,52.28853],[-1.11579,52.2896]]]}},{"type":"Feature","properties":{"id":"E01027012","name":"E01027012","parent":"E06000062","type":"LSOA","pop":2376,"r":34,"ff":14,"ffd":589.2,"ffs":0.56,"g":9,"co":3,"mo":2,"sa":3,"ic":3},"geometry":{"type":"Polygon","coordinates":[[[-1.15469,52.27575],[-1.14853,52.27276],[-1.14933,52.27175],[-1.14916,52.27096],[-1.14232,52.26847],[-1.1423,52.26802],[-1.13682,52.26517],[-1.1355,52.26266],[-1.13681,52.26278],[-1.13905,52.26207],[-1.14074,52.26087],[-1.14241,52.25891],[-1.14232,52.25794],[-1.14557,52.25826],[-1.14634,52.25783],[-1.14624,52.25566],[-1.14676,52.25578],[-1.14664,52.25658],[-1.14723,52.25717],[-1.14673,52.25725],[-1.14691,52.258],[-1.14801,52.25809],[-1.14967,52.25771],[-1.15035,52.25926],[-1.14941,52.26015],[-1.14948,52.26075],[-1.15602,52.25956],[-1.15658,52.26104],[-1.15718,52.26388],[-1.15896,52.26757],[-1.15889,52.26971],[-1.15806,52.27181],[-1.15816,52.27386],[-1.15748,52.27373],[-1.1562,52.27488],[-1.15575,52.27592],[-1.15469,52.27575]]]}},{"type":"Feature","properties":{"id":"E01027013","name":"E01027013","parent":"E06000062","type":"LSOA","pop":1809,"r":34,"ff":14,"ffd":773.9,"ffs":0.56,"g":9,"co":3,"mo":2,"sa":3,"ic":3},"geometry":{"type":"Polygon","coordinates":[[[-1.13493,52.25793],[-1.13651,52.25624],[-1.13604,52.25404],[-1.13638,52.25293],[-1.13703,52.25222],[-1.138,52.25199],[-1.14,52.25237],[-1.14204,52.2481],[-1.14212,52.24612],[-1.14541,52.24526],[-1.14693,52.24535],[-1.14652,52.24279],[-1.14804,52.24289],[-1.15093,52.24194],[-1.15383,52.24178],[-1.15584,52.24248],[-1.15822,52.24437],[-1.15639,52.24698],[-1.15527,52.24815],[-1.15676,52.2494],[-1.15229,52.25143],[-1.15345,52.25342],[-1.15602,52.25956],[-1.14948,52.26075],[-1.14941,52.26015],[-1.15035,52.25926],[-1.14967,52.25771],[-1.14801,52.25809],[-1.14691,52.258],[-1.14673,52.25725],[-1.14723,52.25717],[-1.14664,52.25658],[-1.14676,52.25578],[-1.14624,52.25566],[-1.14634,52.25783],[-1.14557,52.25826],[-1.14232,52.25794],[-1.14241,52.25891],[-1.14074,52.26087],[-1.13905,52.26207],[-1.13681,52.26278],[-1.1355,52.26266],[-1.13539,52.26022],[-1.13464,52.25902],[-1.13493,52.25793]]]}},{"type":"Feature","properties":{"id":"E01027015","name":"E01027015","parent":"E06000062","type":"LSOA","pop":1519,"r":11,"ff":8,"ffd":526.7,"ffs":0.7273,"g":0,"co":1,"mo":3,"sa":3,"ic":3},"geometry":{"type":"Polygon","coordinates":[[[-1.05943,52.30416],[-1.06211,52.30175],[-1.06122,52.30041],[-1.06369,52.298],[-1.06448,52.2961],[-1.06922,52.29452],[-1.07653,52.29092],[-1.07942,52.29125],[-1.08545,52.29524],[-1.08486,52.29692],[-1.0853,52.29757],[-1.08375,52.29822],[-1.08212,52.29827],[-1.08099,52.29729],[-1.07979,52.29778],[-1.0792,52.29864],[-1.08112,52.29876],[-1.08068,52.29933],[-1.08008,52.30091],[-1.07868,52.30056],[-1.0788,52.30018],[-1.07797,52.29992],[-1.07884,52.30143],[-1.08035,52.30101],[-1.08079,52.30118],[-1.08025,52.30208],[-1.07941,52.3028],[-1.07864,52.30218],[-1.07712,52.30274],[-1.0759,52.30283],[-1.07644,52.30249],[-1.0752,52.30188],[-1.0748,52.30213],[-1.07501,52.30254],[-1.07418,52.30306],[-1.07407,52.30342],[-1.07366,52.30345],[-1.07369,52.30375],[-1.0727,52.30363],[-1.07278,52.3041],[-1.07214,52.3045],[-1.07297,52.30532],[-1.07304,52.30867],[-1.07215,52.31102],[-1.06757,52.31237],[-1.06431,52.31118],[-1.06264,52.30889],[-1.05968,52.30624],[-1.06033,52.30602],[-1.05926,52.30523],[-1.05943,52.30416]]]}},{"type":"Feature","properties":{"id":"E01027016","name":"E01027016","parent":"E06000062","type":"LSOA","pop":1512,"r":11,"ff":8,"ffd":529.1,"ffs":0.7273,"g":0,"co":1,"mo":3,"sa":3,"ic":3},"geometry":{"type":"Polygon","coordinates":[[[-1.09127,52.34616],[-1.09092,52.34523],[-1.09129,52.3422],[-1.08991,52.34116],[-1.09018,52.34003],[-1.08983,52.3401],[-1.08919,52.33913],[-1.08896,52.33837],[-1.08928,52.33821],[-1.08861,52.33795],[-1.08906,52.33728],[-1.08862,52.33662],[-1.08838,52.33676],[-1.08714,52.33588],[-1.08717,52.33548],[-1.08671,52.33549],[-1.08635,52.33399],[-1.08551,52.33334],[-1.08498,52.3318],[-1.08594,52.33072],[-1.08585,52.33033],[-1.08479,52.32949],[-1.08456,52.32804],[-1.08277,52.32688],[-1.08271,52.32586],[-1.08207,52.32511],[-1.08193,52.32382],[-1.08406,52.32124],[-1.08363,52.32112],[-1.084,52.32038],[-1.08342,52.31964],[-1.08342,52.31765],[-1.08436,52.31635],[-1.08606,52.31517],[-1.08922,52.31399],[-1.0893,52.31366],[-1.08382,52.31098],[-1.07215,52.31102],[-1.07304,52.30867],[-1.07305,52.30595],[-1.07297,52.30532],[-1.07214,52.3045],[-1.07278,52.3041],[-1.0727,52.30363],[-1.07369,52.30375],[-1.07366,52.30345],[-1.07407,52.30342],[-1.07418,52.30306],[-1.07501,52.30254],[-1.0748,52.30213],[-1.0752,52.30188],[-1.07644,52.30249],[-1.0759,52.30283],[-1.07712,52.30274],[-1.07864,52.30218],[-1.07941,52.3028],[-1.08041,52.3021],[-1.0809,52.30282],[-1.0818,52.30266],[-1.08086,52.30322],[-1.081,52.3037],[-1.08213,52.30355],[-1.08292,52.30382],[-1.08365,52.30342],[-1.08327,52.30308],[-1.0842,52.3026],[-1.08475,52.30383],[-1.08589,52.30399],[-1.08568,52.30374],[-1.08647,52.30347],[-1.08719,52.30397],[-1.08674,52.30416],[-1.08715,52.30441],[-1.08756,52.30407],[-1.08848,52.30419],[-1.08898,52.30341],[-1.08821,52.30322],[-1.08844,52.30293],[-1.08986,52.30277],[-1.09156,52.30315],[-1.09365,52.30127],[-1.09617,52.30022],[-1.09745,52.30008],[-1.09769,52.30029],[-1.09817,52.2999],[-1.09822,52.3002],[-1.09908,52.29993],[-1.09874,52.29956],[-1.09985,52.2998],[-1.09943,52.29941],[-1.09977,52.29916],[-1.1004,52.29936],[-1.10094,52.29887],[-1.10199,52.30086],[-1.10429,52.30286],[-1.10831,52.30391],[-1.10969,52.3019],[-1.11051,52.29938],[-1.11571,52.30145],[-1.11818,52.30201],[-1.12151,52.30147],[-1.12362,52.29998],[-1.13293,52.31273],[-1.13349,52.31267],[-1.13343,52.31294],[-1.13411,52.31315],[-1.1363,52.31307],[-1.13815,52.31381],[-1.1385,52.31354],[-1.13868,52.31379],[-1.13908,52.31367],[-1.1391,52.31396],[-1.13947,52.31384],[-1.13994,52.31428],[-1.13975,52.31475],[-1.14009,52.31453],[-1.14046,52.31519],[-1.14103,52.31537],[-1.14069,52.31567],[-1.14123,52.31555],[-1.14103,52.31594],[-1.14171,52.3161],[-1.14145,52.31641],[-1.14262,52.31684],[-1.14264,52.31713],[-1.14315,52.31704],[-1.14314,52.31748],[-1.14371,52.31712],[-1.1449,52.3177],[-1.14757,52.31983],[-1.14939,52.3203],[-1.14969,52.32071],[-1.1511,52.32086],[-1.15113,52.32045],[-1.15169,52.32059],[-1.15156,52.32033],[-1.15258,52.32026],[-1.15272,52.31996],[-1.15405,52.32001],[-1.15433,52.31936],[-1.15628,52.31924],[-1.15657,52.31958],[-1.15687,52.31938],[-1.15846,52.31992],[-1.15942,52.32079],[-1.15984,52.32156],[-1.15932,52.32233],[-1.15624,52.32193],[-1.15579,52.32281],[-1.1525,52.32247],[-1.15205,52.3227],[-1.15195,52.32344],[-1.15018,52.32308],[-1.14929,52.32412],[-1.14723,52.32343],[-1.14572,52.32516],[-1.14413,52.32409],[-1.13858,52.32584],[-1.13593,52.32729],[-1.13314,52.32776],[-1.13311,52.32839],[-1.13034,52.32908],[-1.13038,52.32928],[-1.12754,52.32932],[-1.12448,52.32892],[-1.12452,52.32943],[-1.12396,52.32949],[-1.12374,52.33024],[-1.1225,52.33114],[-1.11945,52.33128],[-1.11921,52.33154],[-1.11194,52.3317],[-1.11152,52.33544],[-1.11047,52.33539],[-1.11028,52.33684],[-1.10943,52.33665],[-1.10727,52.33947],[-1.10681,52.34083],[-1.10609,52.34077],[-1.10359,52.34166],[-1.0995,52.34543],[-1.09917,52.34534],[-1.09729,52.34817],[-1.09633,52.34828],[-1.09306,52.34778],[-1.09127,52.34616]]]}},{"type":"Feature","properties":{"id":"E01027017","name":"E01027017","parent":"E06000062","type":"LSOA","pop":2010,"r":11,"ff":8,"ffd":398.0,"ffs":0.7273,"g":0,"co":1,"mo":3,"sa":3,"ic":3},"geometry":{"type":"Polygon","coordinates":[[[-1.04988,52.32613],[-1.04781,52.32395],[-1.05104,52.32106],[-1.05158,52.31863],[-1.05376,52.31662],[-1.05357,52.31547],[-1.05285,52.31437],[-1.04983,52.31193],[-1.0464,52.31103],[-1.04512,52.31108],[-1.04372,52.30955],[-1.04361,52.30816],[-1.04191,52.30699],[-1.04183,52.30583],[-1.03987,52.30464],[-1.03919,52.30291],[-1.04122,52.30167],[-1.04288,52.3001],[-1.04267,52.29891],[-1.04355,52.29735],[-1.0446,52.29727],[-1.04477,52.29698],[-1.04587,52.2969],[-1.04696,52.29642],[-1.04669,52.29619],[-1.04737,52.29609],[-1.04762,52.29534],[-1.04854,52.29523],[-1.04912,52.29454],[-1.05102,52.29396],[-1.05108,52.29357],[-1.05165,52.29378],[-1.05217,52.29328],[-1.05261,52.29331],[-1.05275,52.2928],[-1.05387,52.29246],[-1.05356,52.29233],[-1.05386,52.292],[-1.05399,52.29057],[-1.05472,52.28957],[-1.0543,52.28829],[-1.05466,52.28775],[-1.05683,52.287],[-1.06163,52.28737],[-1.06245,52.28701],[-1.06267,52.28719],[-1.06395,52.28694],[-1.06536,52.28567],[-1.06867,52.28451],[-1.06911,52.28344],[-1.0696,52.28352],[-1.07054,52.28286],[-1.07128,52.28314],[-1.07249,52.2827],[-1.07323,52.28278],[-1.07376,52.28318],[-1.07356,52.28346],[-1.07471,52.2833],[-1.07504,52.28359],[-1.07564,52.28315],[-1.07625,52.28364],[-1.07737,52.28368],[-1.07916,52.28297],[-1.08184,52.28315],[-1.08237,52.28288],[-1.08275,52.28324],[-1.08383,52.28312],[-1.08469,52.28376],[-1.08529,52.2838],[-1.0861,52.28354],[-1.08627,52.28294],[-1.08711,52.28248],[-1.0874,52.28265],[-1.08802,52.28232],[-1.09294,52.28164],[-1.09548,52.28086],[-1.09895,52.28107],[-1.09845,52.28001],[-1.09898,52.2797],[-1.10214,52.27864],[-1.10259,52.27904],[-1.10421,52.27842],[-1.10469,52.27888],[-1.10731,52.27761],[-1.1135,52.28552],[-1.11579,52.2896],[-1.12362,52.29998],[-1.12151,52.30147],[-1.11818,52.30201],[-1.11571,52.30145],[-1.11051,52.29938],[-1.10969,52.3019],[-1.10831,52.30391],[-1.10429,52.30286],[-1.10199,52.30086],[-1.10094,52.29887],[-1.1004,52.29936],[-1.09977,52.29916],[-1.09943,52.29941],[-1.09985,52.2998],[-1.09874,52.29956],[-1.09908,52.29993],[-1.09822,52.3002],[-1.09817,52.2999],[-1.09769,52.30029],[-1.09745,52.30008],[-1.09617,52.30022],[-1.09365,52.30127],[-1.09156,52.30315],[-1.08986,52.30277],[-1.08844,52.30293],[-1.08821,52.30322],[-1.08898,52.30341],[-1.08848,52.30419],[-1.08756,52.30407],[-1.08715,52.30441],[-1.08674,52.30416],[-1.08719,52.30397],[-1.08647,52.30347],[-1.08568,52.30374],[-1.08589,52.30399],[-1.08475,52.30383],[-1.0842,52.3026],[-1.08327,52.30308],[-1.08365,52.30342],[-1.08292,52.30382],[-1.08213,52.30355],[-1.081,52.3037],[-1.08086,52.30322],[-1.0818,52.30266],[-1.0809,52.30282],[-1.08025,52.30208],[-1.08079,52.30118],[-1.08035,52.30101],[-1.07884,52.30143],[-1.07797,52.29992],[-1.0788,52.30018],[-1.07868,52.30056],[-1.08008,52.30091],[-1.08068,52.29933],[-1.08112,52.29876],[-1.0792,52.29864],[-1.07979,52.29778],[-1.08099,52.29729],[-1.08212,52.29827],[-1.08375,52.29822],[-1.0853,52.29757],[-1.08486,52.29692],[-1.08545,52.29524],[-1.07942,52.29125],[-1.07653,52.29092],[-1.06922,52.29452],[-1.06448,52.2961],[-1.06369,52.298],[-1.06122,52.30041],[-1.06211,52.30175],[-1.05943,52.30416],[-1.05926,52.30523],[-1.06033,52.30602],[-1.05968,52.30624],[-1.06264,52.30889],[-1.06431,52.31118],[-1.06757,52.31237],[-1.07215,52.31102],[-1.08382,52.31098],[-1.0893,52.31366],[-1.08922,52.31399],[-1.08606,52.31517],[-1.08436,52.31635],[-1.08342,52.31765],[-1.08047,52.31809],[-1.07626,52.32088],[-1.06975,52.32336],[-1.06676,52.32256],[-1.06539,52.3234],[-1.0624,52.32439],[-1.06113,52.32527],[-1.05929,52.32574],[-1.05423,52.32533],[-1.05264,52.32572],[-1.05144,52.32553],[-1.04988,52.32613]]]}},{"type":"Feature","properties":{"id":"E01027018","name":"E01027018","parent":"E06000062","type":"LSOA","pop":3855,"r":304,"ff":132,"ffd":3424.1,"ffs":0.5136,"g":46,"co":2,"mo":0,"sa":2,"ic":0},"geometry":{"type":"Polygon","coordinates":[[[-0.84466,52.30518],[-0.84315,52.30431],[-0.84114,52.30502],[-0.84042,52.30476],[-0.84004,52.30517],[-0.83688,52.30529],[-0.83379,52.30649],[-0.83312,52.30661],[-0.83251,52.30636],[-0.83061,52.30693],[-0.82902,52.30771],[-0.82881,52.30744],[-0.82713,52.30801],[-0.82616,52.30784],[-0.82605,52.30816],[-0.82513,52.30809],[-0.81795,52.3096],[-0.81675,52.30857],[-0.81716,52.30799],[-0.81571,52.30679],[-0.81593,52.30586],[-0.81491,52.30446],[-0.81487,52.30278],[-0.81401,52.30196],[-0.81364,52.30029],[-0.81228,52.29891],[-0.81253,52.29865],[-0.81099,52.29536],[-0.80896,52.29366],[-0.80614,52.28911],[-0.80597,52.28808],[-0.8061,52.28706],[-0.80713,52.2863],[-0.80775,52.28366],[-0.80707,52.28153],[-0.80772,52.27826],[-0.80914,52.27535],[-0.81507,52.27501],[-0.816,52.27563],[-0.81899,52.27425],[-0.81979,52.27425],[-0.82472,52.27785],[-0.82515,52.27854],[-0.82681,52.27978],[-0.82716,52.2809],[-0.82907,52.28084],[-0.83064,52.28041],[-0.83264,52.27923],[-0.83707,52.28136],[-0.83915,52.28122],[-0.83998,52.28094],[-0.84441,52.28091],[-0.84462,52.28059],[-0.84472,52.2807],[-0.84454,52.28099],[-0.84147,52.2848],[-0.84527,52.28908],[-0.84653,52.28908],[-0.8459,52.2895],[-0.84402,52.28959],[-0.84393,52.28983],[-0.84623,52.2913],[-0.85003,52.29042],[-0.84964,52.29129],[-0.85097,52.29115],[-0.85306,52.30382],[-0.8527,52.30691],[-0.84656,52.31346],[-0.84529,52.31306],[-0.84593,52.3117],[-0.84584,52.30863],[-0.84433,52.30602],[-0.84466,52.30518]]]}},{"type":"Feature","properties":{"id":"E01027019","name":"E01027019","parent":"E06000062","type":"LSOA","pop":2333,"r":304,"ff":132,"ffd":5658.0,"ffs":0.5136,"g":46,"co":2,"mo":0,"sa":2,"ic":0},"geometry":{"type":"Polygon","coordinates":[[[-0.85386,52.32211],[-0.85152,52.31721],[-0.84784,52.31531],[-0.84635,52.31394],[-0.84656,52.31346],[-0.8527,52.30691],[-0.85306,52.30382],[-0.85077,52.29033],[-0.85204,52.29017],[-0.8522,52.28876],[-0.85166,52.28803],[-0.85231,52.28823],[-0.85307,52.28799],[-0.85293,52.28651],[-0.85359,52.28535],[-0.85478,52.28564],[-0.85904,52.28412],[-0.85941,52.28421],[-0.85936,52.284],[-0.86447,52.28184],[-0.86743,52.28019],[-0.87176,52.28252],[-0.87489,52.28498],[-0.87635,52.28698],[-0.87691,52.28897],[-0.8765,52.28939],[-0.87466,52.29017],[-0.87616,52.29481],[-0.87558,52.30035],[-0.87735,52.30058],[-0.87628,52.30271],[-0.87708,52.30286],[-0.87567,52.30452],[-0.87949,52.30622],[-0.87826,52.30786],[-0.8811,52.30786],[-0.88199,52.31018],[-0.88693,52.31408],[-0.88926,52.31678],[-0.88761,52.31661],[-0.88776,52.31685],[-0.88731,52.31695],[-0.88773,52.31709],[-0.88712,52.31751],[-0.88803,52.31761],[-0.8879,52.31818],[-0.88734,52.31811],[-0.88754,52.31841],[-0.88701,52.31851],[-0.88672,52.31928],[-0.8858,52.31936],[-0.88522,52.31992],[-0.88447,52.3201],[-0.88365,52.31985],[-0.88293,52.32022],[-0.88214,52.32021],[-0.88176,52.31992],[-0.88153,52.32019],[-0.87935,52.32046],[-0.87665,52.32032],[-0.87567,52.32022],[-0.87255,52.31883],[-0.8721,52.31909],[-0.86974,52.3191],[-0.86869,52.31895],[-0.86751,52.31814],[-0.86722,52.31849],[-0.86637,52.31819],[-0.86582,52.31856],[-0.86432,52.31828],[-0.8639,52.31851],[-0.86326,52.31816],[-0.86308,52.31858],[-0.86282,52.31831],[-0.86212,52.31864],[-0.86165,52.31846],[-0.8618,52.31919],[-0.86134,52.31905],[-0.86127,52.31945],[-0.86029,52.31932],[-0.86007,52.31985],[-0.85967,52.31949],[-0.85864,52.31965],[-0.85845,52.3193],[-0.85728,52.31979],[-0.85605,52.31967],[-0.8559,52.32067],[-0.85536,52.32075],[-0.85545,52.32103],[-0.85508,52.32098],[-0.85515,52.32131],[-0.85448,52.32159],[-0.85479,52.32197],[-0.85448,52.3224],[-0.85386,52.32211]]]}},{"type":"Feature","properties":{"id":"E01027020","name":"E01027020","parent":"E06000062","type":"LSOA","pop":1815,"r":304,"ff":132,"ffd":7272.7,"ffs":0.5136,"g":46,"co":2,"mo":0,"sa":2,"ic":0},"geometry":{"type":"Polygon","coordinates":[[[-0.84623,52.2913],[-0.84393,52.28983],[-0.84402,52.28959],[-0.8459,52.2895],[-0.84653,52.28908],[-0.84527,52.28908],[-0.84147,52.2848],[-0.84454,52.28099],[-0.84493,52.27986],[-0.8466,52.28009],[-0.84936,52.27773],[-0.85219,52.27931],[-0.85151,52.2809],[-0.85575,52.28179],[-0.85766,52.27991],[-0.85977,52.2811],[-0.86486,52.27859],[-0.86743,52.28019],[-0.86447,52.28184],[-0.85936,52.284],[-0.85941,52.28421],[-0.85904,52.28412],[-0.85478,52.28564],[-0.85359,52.28535],[-0.85293,52.28651],[-0.85307,52.28799],[-0.85231,52.28823],[-0.85166,52.28803],[-0.8522,52.28876],[-0.85204,52.29017],[-0.85077,52.29033],[-0.85097,52.29115],[-0.84964,52.29129],[-0.85003,52.29042],[-0.84623,52.2913]]]}},{"type":"Feature","properties":{"id":"E01027021","name":"E01027021","parent":"E06000062","type":"LSOA","pop":1862,"r":5,"ff":3,"ffd":161.1,"ffs":0.6,"g":0,"co":1,"mo":3,"sa":3,"ic":3},"geometry":{"type":"Polygon","coordinates":[[[-0.97987,52.35155],[-0.97085,52.34321],[-0.97217,52.34177],[-0.97257,52.34017],[-0.97608,52.3368],[-0.97406,52.33584],[-0.97343,52.3361],[-0.97121,52.33573],[-0.97059,52.33512],[-0.97093,52.33491],[-0.97049,52.33496],[-0.97094,52.33472],[-0.97073,52.33448],[-0.97051,52.33472],[-0.96983,52.33446],[-0.97022,52.33399],[-0.96958,52.33205],[-0.96914,52.3318],[-0.9689,52.33222],[-0.96819,52.33176],[-0.96817,52.33117],[-0.96721,52.33087],[-0.96666,52.32916],[-0.96739,52.32857],[-0.96707,52.32837],[-0.96775,52.32817],[-0.96733,52.32813],[-0.96747,52.32725],[-0.96815,52.32579],[-0.96826,52.32601],[-0.96875,52.32548],[-0.96857,52.32498],[-0.969,52.32487],[-0.96906,52.32522],[-0.96914,52.32453],[-0.96964,52.3245],[-0.96928,52.32416],[-0.97,52.32366],[-0.96952,52.32299],[-0.96995,52.32284],[-0.96963,52.3227],[-0.96981,52.32158],[-0.97078,52.32052],[-0.97035,52.32061],[-0.97049,52.32003],[-0.96996,52.31985],[-0.96991,52.31932],[-0.96953,52.31923],[-0.96893,52.31649],[-0.96983,52.31484],[-0.96785,52.31393],[-0.96749,52.31326],[-0.96622,52.31339],[-0.96562,52.31374],[-0.96553,52.31346],[-0.96359,52.31307],[-0.96347,52.31338],[-0.9626,52.31326],[-0.96044,52.3124],[-0.96306,52.30901],[-0.96498,52.30971],[-0.9663,52.30785],[-0.9667,52.30794],[-0.97016,52.30491],[-0.97113,52.30325],[-0.96555,52.30121],[-0.96515,52.29972],[-0.96629,52.29663],[-0.96591,52.29393],[-0.9687,52.28865],[-0.97445,52.28857],[-0.97416,52.2883],[-0.97536,52.28798],[-0.97526,52.28738],[-0.97561,52.28732],[-0.97644,52.2875],[-0.97662,52.28785],[-0.97811,52.28759],[-0.97832,52.28805],[-0.97923,52.28832],[-0.98065,52.28809],[-0.982,52.28872],[-0.98252,52.28845],[-0.98488,52.28864],[-0.98579,52.289],[-0.98669,52.28882],[-0.98689,52.28823],[-0.98741,52.28864],[-0.98822,52.28863],[-0.9902,52.28944],[-0.99034,52.28991],[-0.99087,52.28983],[-0.99148,52.29014],[-0.99206,52.29083],[-0.99258,52.2906],[-0.99423,52.29125],[-0.99409,52.29163],[-0.9967,52.29131],[-0.99839,52.29157],[-0.99879,52.29122],[-1.00023,52.29148],[-1.00042,52.29119],[-1.00117,52.29144],[-1.00253,52.29131],[-1.00281,52.29101],[-1.00365,52.29118],[-1.00389,52.29061],[-1.00535,52.29066],[-1.0057,52.29017],[-1.00692,52.28995],[-1.00829,52.28924],[-1.00851,52.28947],[-1.00988,52.289],[-1.01026,52.28923],[-1.01187,52.28911],[-1.01207,52.2888],[-1.01331,52.28891],[-1.0133,52.28865],[-1.01457,52.2883],[-1.01541,52.28848],[-1.01691,52.28801],[-1.01792,52.28807],[-1.0206,52.28701],[-1.0226,52.28732],[-1.02358,52.28701],[-1.02479,52.28726],[-1.02628,52.28814],[-1.02943,52.28806],[-1.03219,52.28833],[-1.04415,52.29093],[-1.04811,52.29148],[-1.05129,52.29151],[-1.05386,52.292],[-1.05356,52.29233],[-1.05387,52.29246],[-1.05275,52.2928],[-1.05261,52.29331],[-1.05217,52.29328],[-1.05165,52.29378],[-1.05108,52.29357],[-1.05102,52.29396],[-1.04912,52.29454],[-1.04854,52.29523],[-1.04762,52.29534],[-1.04737,52.29609],[-1.04669,52.29619],[-1.04696,52.29642],[-1.04587,52.2969],[-1.04477,52.29698],[-1.0446,52.29727],[-1.04355,52.29735],[-1.04267,52.29891],[-1.04288,52.3001],[-1.04122,52.30167],[-1.03919,52.30291],[-1.03987,52.30464],[-1.04183,52.30583],[-1.04191,52.30699],[-1.04361,52.30816],[-1.04372,52.30955],[-1.04512,52.31108],[-1.0464,52.31103],[-1.04983,52.31193],[-1.05285,52.31437],[-1.05357,52.31547],[-1.05376,52.31662],[-1.05158,52.31863],[-1.05104,52.32106],[-1.04781,52.32395],[-1.04988,52.32613],[-1.04818,52.32653],[-1.04667,52.32738],[-1.04695,52.32962],[-1.0483,52.32991],[-1.04695,52.33136],[-1.04709,52.33163],[-1.04637,52.3319],[-1.04663,52.33216],[-1.04522,52.33255],[-1.04546,52.33343],[-1.04314,52.33393],[-1.04365,52.3342],[-1.04009,52.33663],[-1.03954,52.33652],[-1.03789,52.33693],[-1.03639,52.33819],[-1.03399,52.33906],[-1.03351,52.33957],[-1.03816,52.34042],[-1.04511,52.34235],[-1.04776,52.3456],[-1.04777,52.34645],[-1.04684,52.34823],[-1.04715,52.34963],[-1.043,52.3482],[-1.03999,52.34766],[-1.03944,52.34782],[-1.03965,52.34932],[-1.0307,52.35093],[-1.02807,52.34872],[-1.02421,52.34861],[-1.02292,52.34697],[-1.02399,52.34679],[-1.02078,52.34262],[-1.0141,52.3432],[-1.01319,52.34421],[-1.01041,52.34367],[-1.01046,52.34443],[-1.00909,52.34764],[-1.00871,52.34775],[-1.00728,52.34665],[-1.00698,52.34753],[-1.00344,52.34962],[-1.00263,52.35046],[-1.00178,52.35078],[-0.99892,52.34833],[-0.99996,52.34799],[-0.99925,52.34739],[-0.99709,52.34782],[-0.99258,52.34809],[-0.99341,52.34905],[-0.9906,52.34962],[-0.99124,52.35014],[-0.99096,52.35126],[-0.9904,52.35149],[-0.98518,52.35166],[-0.98407,52.3526],[-0.98229,52.353],[-0.97987,52.35155]]]}},{"type":"Feature","properties":{"id":"E01027022","name":"E01027022","parent":"E06000062","type":"LSOA","pop":1826,"r":93,"ff":42,"ffd":2300.1,"ffs":0.6667,"g":29,"co":2,"mo":2,"sa":2,"ic":2},"geometry":{"type":"Polygon","coordinates":[[[-0.95793,52.38091],[-0.95787,52.38065],[-0.95743,52.38067],[-0.95745,52.37882],[-0.95513,52.37862],[-0.95363,52.3781],[-0.95243,52.37848],[-0.95036,52.37849],[-0.94605,52.37785],[-0.94511,52.37744],[-0.94364,52.37566],[-0.9425,52.37499],[-0.94034,52.37328],[-0.93841,52.37284],[-0.93436,52.371],[-0.93447,52.37064],[-0.93264,52.36871],[-0.9314,52.36823],[-0.93859,52.36274],[-0.93334,52.36012],[-0.9356,52.35808],[-0.9311,52.35627],[-0.93045,52.35655],[-0.92799,52.35531],[-0.92793,52.35469],[-0.92575,52.35394],[-0.92172,52.3529],[-0.91951,52.35271],[-0.91926,52.35083],[-0.91726,52.34891],[-0.91756,52.34763],[-0.9169,52.34642],[-0.91966,52.3445],[-0.91966,52.3441],[-0.91835,52.3431],[-0.91879,52.34288],[-0.91909,52.3431],[-0.91927,52.34269],[-0.91842,52.34236],[-0.91926,52.34236],[-0.91896,52.34199],[-0.91969,52.34204],[-0.92064,52.34113],[-0.92088,52.34045],[-0.9205,52.33945],[-0.92211,52.33812],[-0.9184,52.33488],[-0.92045,52.33384],[-0.92031,52.33361],[-0.92071,52.33365],[-0.91985,52.33118],[-0.92053,52.33097],[-0.92049,52.33044],[-0.92126,52.33008],[-0.92058,52.32933],[-0.92119,52.32915],[-0.92187,52.32951],[-0.92173,52.32919],[-0.92301,52.3289],[-0.9227,52.32875],[-0.92298,52.32825],[-0.92354,52.32843],[-0.92379,52.32821],[-0.92335,52.32789],[-0.92382,52.32788],[-0.92374,52.32758],[-0.92309,52.32739],[-0.92373,52.32707],[-0.92333,52.32685],[-0.92385,52.32553],[-0.92505,52.32458],[-0.92561,52.32322],[-0.92529,52.32184],[-0.9259,52.32121],[-0.92495,52.32101],[-0.92518,52.32069],[-0.92441,52.32045],[-0.92497,52.32024],[-0.92477,52.31914],[-0.92398,52.31899],[-0.92369,52.31722],[-0.92312,52.31666],[-0.92398,52.3164],[-0.92405,52.31544],[-0.92299,52.31494],[-0.92311,52.3153],[-0.92255,52.31521],[-0.92213,52.31487],[-0.92212,52.31425],[-0.9214,52.31392],[-0.92003,52.3112],[-0.92148,52.3116],[-0.9218,52.31146],[-0.92149,52.31089],[-0.92279,52.31098],[-0.92286,52.31057],[-0.92367,52.31101],[-0.92414,52.311],[-0.92411,52.31053],[-0.92501,52.31059],[-0.9251,52.31094],[-0.926,52.31088],[-0.92708,52.30903],[-0.92872,52.30881],[-0.92873,52.30815],[-0.92951,52.30743],[-0.92921,52.30725],[-0.93085,52.3074],[-0.9321,52.30705],[-0.93322,52.30735],[-0.93265,52.30774],[-0.93448,52.30783],[-0.93432,52.30826],[-0.93591,52.30782],[-0.9362,52.30797],[-0.93631,52.30774],[-0.93769,52.30795],[-0.93761,52.30762],[-0.93863,52.30781],[-0.94324,52.30761],[-0.94691,52.30674],[-0.94795,52.30751],[-0.94799,52.30715],[-0.94869,52.30712],[-0.94854,52.30734],[-0.94992,52.30717],[-0.95034,52.30746],[-0.95221,52.30752],[-0.9539,52.30803],[-0.9547,52.30896],[-0.95532,52.30861],[-0.95662,52.30922],[-0.95674,52.30957],[-0.9562,52.30977],[-0.95748,52.30975],[-0.95709,52.30994],[-0.9573,52.31028],[-0.95695,52.31029],[-0.95708,52.31064],[-0.95727,52.31043],[-0.95776,52.31078],[-0.95733,52.3109],[-0.95773,52.31105],[-0.95776,52.31223],[-0.96044,52.3124],[-0.9626,52.31326],[-0.96347,52.31338],[-0.96359,52.31307],[-0.96553,52.31346],[-0.96562,52.31374],[-0.96622,52.31339],[-0.96749,52.31326],[-0.96785,52.31393],[-0.96983,52.31484],[-0.96893,52.31649],[-0.96953,52.31923],[-0.96991,52.31932],[-0.96996,52.31985],[-0.97049,52.32003],[-0.97035,52.32061],[-0.97078,52.32052],[-0.96981,52.32158],[-0.96963,52.3227],[-0.96995,52.32284],[-0.96952,52.32299],[-0.97,52.32366],[-0.96928,52.32416],[-0.96964,52.3245],[-0.96914,52.32453],[-0.96906,52.32522],[-0.969,52.32487],[-0.96857,52.32498],[-0.96875,52.32548],[-0.96826,52.32601],[-0.96815,52.32579],[-0.96747,52.32725],[-0.96733,52.32813],[-0.96775,52.32817],[-0.96707,52.32837],[-0.96739,52.32857],[-0.96666,52.32916],[-0.96721,52.33087],[-0.96817,52.33117],[-0.96819,52.33176],[-0.9689,52.33222],[-0.96914,52.3318],[-0.96958,52.33205],[-0.97022,52.33399],[-0.96983,52.33446],[-0.97051,52.33472],[-0.97073,52.33448],[-0.97094,52.33472],[-0.97049,52.33496],[-0.97093,52.33491],[-0.97059,52.33512],[-0.97121,52.33573],[-0.97343,52.3361],[-0.97406,52.33584],[-0.97608,52.3368],[-0.97257,52.34017],[-0.97217,52.34177],[-0.97085,52.34321],[-0.97987,52.35155],[-0.98229,52.353],[-0.97938,52.35516],[-0.97793,52.35703],[-0.98154,52.35794],[-0.97929,52.36099],[-0.98005,52.36142],[-0.98328,52.3618],[-0.98397,52.36253],[-0.98488,52.3624],[-0.9882,52.364],[-0.98852,52.36383],[-0.98868,52.36416],[-0.98958,52.36414],[-0.98941,52.36477],[-0.98998,52.36463],[-0.99066,52.36501],[-0.98405,52.37369],[-0.97892,52.37289],[-0.97564,52.373],[-0.97541,52.37648],[-0.97398,52.37756],[-0.97262,52.38001],[-0.97213,52.3804],[-0.97056,52.38074],[-0.96723,52.38058],[-0.96488,52.38085],[-0.96345,52.38064],[-0.96214,52.38091],[-0.95793,52.38091]]]}},{"type":"Feature","properties":{"id":"E01027023","name":"E01027023","parent":"E06000062","type":"LSOA","pop":2111,"r":97,"ff":35,"ffd":1658.0,"ffs":0.5385,"g":31,"co":3,"mo":2,"sa":2,"ic":0},"geometry":{"type":"Polygon","coordinates":[[[-0.82457,52.37305],[-0.81903,52.37156],[-0.81547,52.36988],[-0.80554,52.36639],[-0.80577,52.3662],[-0.79974,52.36388],[-0.79632,52.36166],[-0.7912,52.35597],[-0.79017,52.35351],[-0.78866,52.34731],[-0.7873,52.34505],[-0.78666,52.34441],[-0.78596,52.34184],[-0.78643,52.33674],[-0.78754,52.33285],[-0.78694,52.33149],[-0.78624,52.33104],[-0.78596,52.33047],[-0.78929,52.32919],[-0.79059,52.32758],[-0.79257,52.32618],[-0.79285,52.3238],[-0.79693,52.32201],[-0.81118,52.31395],[-0.81564,52.31061],[-0.81795,52.3096],[-0.82513,52.30809],[-0.82605,52.30816],[-0.82616,52.30784],[-0.82713,52.30801],[-0.82881,52.30744],[-0.82902,52.30771],[-0.83061,52.30693],[-0.83251,52.30636],[-0.83312,52.30661],[-0.83379,52.30649],[-0.83688,52.30529],[-0.84004,52.30517],[-0.84042,52.30476],[-0.84114,52.30502],[-0.84315,52.30431],[-0.84466,52.30518],[-0.84433,52.30602],[-0.84584,52.30863],[-0.84593,52.3117],[-0.84529,52.31306],[-0.84656,52.31346],[-0.84635,52.31394],[-0.84784,52.31531],[-0.85152,52.31721],[-0.85386,52.32211],[-0.85448,52.3224],[-0.85467,52.32273],[-0.85375,52.32317],[-0.85332,52.32543],[-0.85407,52.32609],[-0.85479,52.3278],[-0.85733,52.32812],[-0.85767,52.32861],[-0.85787,52.32839],[-0.8589,52.32881],[-0.85873,52.32946],[-0.85958,52.32967],[-0.86019,52.33025],[-0.86022,52.33182],[-0.86072,52.33184],[-0.86042,52.33205],[-0.86083,52.33219],[-0.86072,52.33265],[-0.86117,52.33256],[-0.86083,52.3344],[-0.86178,52.33473],[-0.86259,52.33586],[-0.86173,52.33606],[-0.86248,52.33621],[-0.86288,52.33772],[-0.86234,52.33823],[-0.86297,52.33889],[-0.86226,52.33914],[-0.86246,52.33987],[-0.86198,52.34004],[-0.86245,52.34016],[-0.8619,52.3405],[-0.86288,52.34077],[-0.86291,52.34123],[-0.86236,52.34135],[-0.86282,52.34133],[-0.86296,52.34212],[-0.86252,52.34238],[-0.86325,52.3428],[-0.86372,52.3437],[-0.86325,52.34448],[-0.86287,52.34448],[-0.86356,52.34568],[-0.86303,52.34574],[-0.86306,52.34614],[-0.86118,52.34768],[-0.86142,52.34825],[-0.861,52.34808],[-0.8606,52.34864],[-0.86065,52.34957],[-0.86022,52.34941],[-0.85981,52.34994],[-0.86037,52.35004],[-0.85993,52.35069],[-0.86047,52.35111],[-0.86005,52.35128],[-0.86003,52.35194],[-0.85932,52.35165],[-0.85866,52.35181],[-0.85919,52.35277],[-0.85857,52.35295],[-0.85917,52.35305],[-0.85861,52.35339],[-0.85721,52.3531],[-0.854,52.35467],[-0.85403,52.35511],[-0.85327,52.3557],[-0.85337,52.35649],[-0.85216,52.35725],[-0.85193,52.35817],[-0.85012,52.35905],[-0.85038,52.35946],[-0.84933,52.35955],[-0.84771,52.36104],[-0.84806,52.36236],[-0.84761,52.36333],[-0.84644,52.36322],[-0.8466,52.36351],[-0.84596,52.36351],[-0.84474,52.36421],[-0.84494,52.36493],[-0.8443,52.36498],[-0.84459,52.36513],[-0.84384,52.36573],[-0.84438,52.36604],[-0.84349,52.36613],[-0.8441,52.36684],[-0.84409,52.36725],[-0.84354,52.36722],[-0.84401,52.36786],[-0.84349,52.36808],[-0.84403,52.36853],[-0.84359,52.36853],[-0.84374,52.36881],[-0.84319,52.36901],[-0.84347,52.36924],[-0.84266,52.36992],[-0.84305,52.3704],[-0.84271,52.37085],[-0.8431,52.37105],[-0.84251,52.3712],[-0.84257,52.37274],[-0.84217,52.37326],[-0.8417,52.3732],[-0.8417,52.37381],[-0.83994,52.37562],[-0.84023,52.37674],[-0.83956,52.37747],[-0.83927,52.37954],[-0.83964,52.37978],[-0.83296,52.38114],[-0.83138,52.37643],[-0.829,52.37483],[-0.82457,52.37305]]]}},{"type":"Feature","properties":{"id":"E01027024","name":"E01027024","parent":"E06000062","type":"LSOA","pop":1805,"r":33,"ff":15,"ffd":831.0,"ffs":0.625,"g":9,"co":3,"mo":2,"sa":3,"ic":1},"geometry":{"type":"Polygon","coordinates":[[[-1.10083,52.25409],[-1.09684,52.25313],[-1.09243,52.2533],[-1.0893,52.25257],[-1.08828,52.25132],[-1.08709,52.25081],[-1.08271,52.24575],[-1.08119,52.24592],[-1.08024,52.24564],[-1.07662,52.24558],[-1.07514,52.2448],[-1.07613,52.24406],[-1.076,52.24362],[-1.07748,52.24334],[-1.07745,52.24362],[-1.07898,52.24378],[-1.07857,52.24303],[-1.07978,52.24222],[-1.08012,52.24272],[-1.08178,52.24233],[-1.08159,52.24198],[-1.0824,52.24127],[-1.08177,52.24085],[-1.08248,52.24042],[-1.08182,52.23944],[-1.07697,52.23425],[-1.07887,52.23379],[-1.0844,52.23368],[-1.08438,52.23329],[-1.08351,52.23337],[-1.08277,52.23305],[-1.08279,52.2328],[-1.08368,52.23263],[-1.08342,52.2322],[-1.08251,52.2322],[-1.08278,52.23184],[-1.08198,52.23094],[-1.0846,52.23028],[-1.08302,52.22886],[-1.07908,52.22893],[-1.07758,52.22982],[-1.07648,52.23003],[-1.07618,52.22955],[-1.07825,52.22862],[-1.07962,52.22723],[-1.08041,52.22783],[-1.08241,52.22809],[-1.08237,52.22713],[-1.08182,52.22695],[-1.08261,52.22666],[-1.08458,52.22693],[-1.08659,52.2284],[-1.09174,52.22875],[-1.09054,52.22756],[-1.09118,52.22616],[-1.09093,52.22565],[-1.09017,52.22543],[-1.08914,52.22557],[-1.08916,52.22592],[-1.08731,52.22648],[-1.08595,52.22603],[-1.08594,52.22567],[-1.08508,52.22539],[-1.08556,52.2251],[-1.08566,52.22243],[-1.08135,52.22253],[-1.07402,52.21998],[-1.07155,52.21821],[-1.07075,52.22028],[-1.06627,52.22332],[-1.06595,52.22484],[-1.06661,52.22642],[-1.06604,52.22675],[-1.06605,52.22727],[-1.05734,52.21806],[-1.05714,52.21657],[-1.05514,52.21554],[-1.04609,52.20556],[-1.0423,52.20093],[-1.0421,52.19912],[-1.03842,52.19567],[-1.04211,52.19408],[-1.04333,52.19388],[-1.0444,52.1932],[-1.04666,52.19344],[-1.04666,52.19402],[-1.04714,52.19427],[-1.04929,52.1939],[-1.05127,52.1945],[-1.0524,52.19453],[-1.05467,52.19559],[-1.05725,52.19585],[-1.05775,52.1963],[-1.06,52.19669],[-1.06057,52.19638],[-1.06471,52.19592],[-1.06619,52.19545],[-1.06745,52.19548],[-1.06968,52.19476],[-1.07238,52.19457],[-1.07872,52.19334],[-1.07972,52.19382],[-1.08215,52.1935],[-1.08246,52.19366],[-1.08456,52.19305],[-1.08467,52.19267],[-1.08541,52.1927],[-1.08622,52.19174],[-1.08806,52.1913],[-1.09044,52.18993],[-1.08944,52.18636],[-1.08984,52.18617],[-1.08916,52.18266],[-1.08965,52.18188],[-1.09135,52.18155],[-1.09132,52.18082],[-1.09314,52.18042],[-1.09312,52.18016],[-1.09546,52.18003],[-1.09558,52.17892],[-1.09773,52.17943],[-1.10245,52.17965],[-1.10828,52.17881],[-1.11274,52.17883],[-1.12021,52.18168],[-1.12467,52.18396],[-1.12445,52.18422],[-1.12841,52.18677],[-1.12948,52.18915],[-1.13064,52.18983],[-1.13401,52.19342],[-1.13047,52.19311],[-1.12738,52.19375],[-1.12575,52.19515],[-1.12262,52.19598],[-1.11935,52.19789],[-1.11554,52.20069],[-1.11317,52.20158],[-1.11328,52.20249],[-1.11606,52.2028],[-1.11708,52.20349],[-1.1173,52.20413],[-1.11633,52.20571],[-1.11465,52.20511],[-1.11386,52.20511],[-1.11392,52.20559],[-1.11597,52.20607],[-1.11842,52.20821],[-1.12373,52.21133],[-1.12328,52.21157],[-1.12293,52.21131],[-1.12232,52.21207],[-1.12091,52.21217],[-1.12102,52.21247],[-1.12028,52.21268],[-1.12007,52.21339],[-1.11955,52.21355],[-1.11969,52.21413],[-1.11868,52.21419],[-1.11846,52.21519],[-1.11719,52.21568],[-1.11744,52.21593],[-1.11696,52.21578],[-1.11708,52.21621],[-1.1166,52.21638],[-1.11628,52.21619],[-1.11618,52.21675],[-1.11506,52.21685],[-1.11501,52.21748],[-1.11329,52.21865],[-1.11349,52.21928],[-1.113,52.21962],[-1.11349,52.21969],[-1.11235,52.22029],[-1.11286,52.22065],[-1.11275,52.22129],[-1.11336,52.22141],[-1.11346,52.22212],[-1.11383,52.22217],[-1.1135,52.22233],[-1.11384,52.22279],[-1.11333,52.22281],[-1.11295,52.22325],[-1.11318,52.22376],[-1.11275,52.22397],[-1.11344,52.22484],[-1.1113,52.22789],[-1.11132,52.22822],[-1.11171,52.2279],[-1.11633,52.22781],[-1.1166,52.23308],[-1.11598,52.23687],[-1.11675,52.23827],[-1.1177,52.23902],[-1.11748,52.24007],[-1.11993,52.24025],[-1.12064,52.24359],[-1.12204,52.24332],[-1.12232,52.24471],[-1.12313,52.24489],[-1.12474,52.25053],[-1.12091,52.2504],[-1.11448,52.25272],[-1.11157,52.25309],[-1.11016,52.25206],[-1.10762,52.25222],[-1.1067,52.2529],[-1.10485,52.2535],[-1.10083,52.25409]]]}},{"type":"Feature","properties":{"id":"E01027025","name":"E01027025","parent":"E06000062","type":"LSOA","pop":1752,"r":34,"ff":15,"ffd":856.2,"ffs":0.6,"g":9,"co":3,"mo":2,"sa":3,"ic":1},"geometry":{"type":"Polygon","coordinates":[[[-1.08048,52.23878],[-1.0795,52.23824],[-1.07877,52.23834],[-1.07856,52.23807],[-1.07738,52.23795],[-1.0774,52.23832],[-1.07668,52.23841],[-1.07485,52.23787],[-1.07494,52.23696],[-1.0744,52.23639],[-1.07491,52.23611],[-1.07341,52.23514],[-1.07418,52.23428],[-1.07398,52.23378],[-1.07311,52.23293],[-1.0735,52.23239],[-1.07294,52.23176],[-1.07182,52.23186],[-1.07128,52.23144],[-1.07011,52.23146],[-1.06937,52.231],[-1.06843,52.2311],[-1.06821,52.2307],[-1.06636,52.22987],[-1.06563,52.23004],[-1.06474,52.22975],[-1.06382,52.22911],[-1.06443,52.22888],[-1.06401,52.22881],[-1.06519,52.22824],[-1.06511,52.2279],[-1.06605,52.22727],[-1.06604,52.22675],[-1.06661,52.22642],[-1.06595,52.22484],[-1.06627,52.22332],[-1.07075,52.22028],[-1.07155,52.21821],[-1.07402,52.21998],[-1.08135,52.22253],[-1.08566,52.22243],[-1.08556,52.2251],[-1.08508,52.22539],[-1.08594,52.22567],[-1.08595,52.22603],[-1.08731,52.22648],[-1.08916,52.22592],[-1.08914,52.22557],[-1.09017,52.22543],[-1.09093,52.22565],[-1.09118,52.22616],[-1.09054,52.22756],[-1.09174,52.22875],[-1.08659,52.2284],[-1.08458,52.22693],[-1.08261,52.22666],[-1.08182,52.22695],[-1.08237,52.22713],[-1.08241,52.22809],[-1.08041,52.22783],[-1.07962,52.22723],[-1.07825,52.22862],[-1.07618,52.22955],[-1.07648,52.23003],[-1.07758,52.22982],[-1.07908,52.22893],[-1.08302,52.22886],[-1.0846,52.23028],[-1.08198,52.23094],[-1.08278,52.23184],[-1.08251,52.2322],[-1.08342,52.2322],[-1.08368,52.23263],[-1.08279,52.2328],[-1.08277,52.23305],[-1.08351,52.23337],[-1.08438,52.23329],[-1.0844,52.23368],[-1.07887,52.23379],[-1.07697,52.23425],[-1.08182,52.23944],[-1.08025,52.23912],[-1.08048,52.23878]]]}},{"type":"Feature","properties":{"id":"E01027026","name":"E01027026","parent":"E06000062","type":"LSOA","pop":2187,"r":4,"ff":2,"ffd":91.4,"ffs":0.5,"g":0,"co":3,"mo":3,"sa":3,"ic":3},"geometry":{"type":"Polygon","coordinates":[[[-0.95188,52.47741],[-0.95185,52.47705],[-0.95081,52.47723],[-0.95037,52.47691],[-0.94938,52.47698],[-0.9489,52.47633],[-0.94848,52.47638],[-0.94867,52.47615],[-0.94709,52.4757],[-0.94646,52.47532],[-0.94653,52.47464],[-0.9461,52.4743],[-0.94663,52.47392],[-0.94645,52.47321],[-0.94533,52.47315],[-0.94552,52.47281],[-0.94508,52.4725],[-0.94442,52.47285],[-0.94386,52.47276],[-0.94421,52.47065],[-0.94265,52.47086],[-0.94222,52.46793],[-0.93585,52.46724],[-0.93602,52.46692],[-0.9296,52.46578],[-0.92379,52.46423],[-0.92645,52.46324],[-0.9266,52.4628],[-0.93032,52.4602],[-0.93131,52.45983],[-0.93488,52.4595],[-0.93775,52.45748],[-0.93729,52.45644],[-0.93579,52.45556],[-0.93472,52.45537],[-0.93758,52.45165],[-0.93767,52.45139],[-0.93624,52.45091],[-0.93865,52.4486],[-0.93867,52.44734],[-0.93933,52.44671],[-0.9393,52.44591],[-0.93822,52.4446],[-0.93906,52.44332],[-0.94185,52.44088],[-0.94618,52.44325],[-0.94998,52.44393],[-0.95426,52.4442],[-0.95878,52.44567],[-0.9597,52.4484],[-0.96172,52.45086],[-0.96165,52.45186],[-0.96047,52.45308],[-0.95825,52.45431],[-0.96004,52.4562],[-0.96187,52.45565],[-0.96253,52.45649],[-0.9645,52.45617],[-0.96583,52.45774],[-0.96812,52.45914],[-0.97214,52.45527],[-0.97379,52.45095],[-0.97276,52.44962],[-0.97495,52.44822],[-0.97707,52.44785],[-0.97634,52.44608],[-0.97496,52.44479],[-0.97472,52.44404],[-0.97832,52.4386],[-0.97735,52.43751],[-0.97943,52.43715],[-0.97996,52.43671],[-0.97986,52.43577],[-0.98118,52.43484],[-0.98101,52.43301],[-0.98235,52.43084],[-0.98304,52.43067],[-0.98408,52.4294],[-0.98568,52.42852],[-0.98754,52.42644],[-0.98955,52.42277],[-0.98983,52.41925],[-0.99075,52.41796],[-0.99656,52.41879],[-0.99858,52.41873],[-1.00024,52.41832],[-1.00172,52.41878],[-1.00386,52.41871],[-1.00637,52.41919],[-1.00868,52.41916],[-1.01054,52.4174],[-1.01111,52.41388],[-1.01206,52.41202],[-1.01467,52.41205],[-1.01639,52.41152],[-1.01786,52.4105],[-1.01855,52.41046],[-1.01923,52.40831],[-1.01997,52.40817],[-1.01977,52.4075],[-1.02542,52.40682],[-1.02588,52.4065],[-1.02708,52.40638],[-1.02639,52.40606],[-1.02942,52.40508],[-1.03145,52.4047],[-1.0348,52.40269],[-1.03791,52.40122],[-1.03834,52.40144],[-1.04204,52.39878],[-1.05128,52.39636],[-1.05222,52.3957],[-1.0546,52.39526],[-1.05883,52.39534],[-1.05927,52.39568],[-1.0614,52.39576],[-1.06527,52.39465],[-1.06838,52.39533],[-1.07315,52.39558],[-1.07933,52.39806],[-1.08164,52.39802],[-1.08211,52.39766],[-1.08723,52.39855],[-1.09026,52.3981],[-1.09106,52.39822],[-1.09088,52.40032],[-1.08937,52.40224],[-1.08919,52.40353],[-1.0877,52.40572],[-1.08768,52.40749],[-1.0871,52.40825],[-1.08853,52.41005],[-1.09032,52.41068],[-1.08972,52.41112],[-1.08876,52.41108],[-1.08863,52.4115],[-1.08986,52.41147],[-1.08853,52.41322],[-1.09124,52.4141],[-1.0888,52.4162],[-1.08982,52.41662],[-1.08888,52.41881],[-1.09275,52.42101],[-1.09727,52.42255],[-1.1007,52.4246],[-1.10197,52.42483],[-1.10118,52.42509],[-1.0982,52.42505],[-1.09754,52.42596],[-1.09639,52.42652],[-1.09556,52.42652],[-1.09525,52.42708],[-1.09445,52.42699],[-1.09336,52.42768],[-1.09342,52.42829],[-1.09365,52.42812],[-1.09405,52.42834],[-1.0946,52.43014],[-1.0931,52.43146],[-1.0921,52.43183],[-1.09242,52.43208],[-1.09188,52.43261],[-1.09126,52.43241],[-1.09088,52.43312],[-1.09003,52.43343],[-1.08858,52.43296],[-1.08874,52.43344],[-1.08818,52.43333],[-1.08578,52.43425],[-1.08614,52.43443],[-1.08463,52.43519],[-1.08461,52.43621],[-1.08256,52.43611],[-1.08081,52.43629],[-1.08019,52.43601],[-1.07939,52.43633],[-1.07833,52.43577],[-1.07774,52.43608],[-1.07766,52.43569],[-1.07619,52.43533],[-1.07664,52.43492],[-1.0744,52.43451],[-1.07405,52.43406],[-1.07384,52.4343],[-1.07297,52.43425],[-1.07288,52.43399],[-1.07173,52.43401],[-1.07137,52.43366],[-1.07092,52.43368],[-1.0709,52.43395],[-1.06933,52.43355],[-1.06914,52.43304],[-1.0698,52.43286],[-1.06928,52.43245],[-1.06986,52.43262],[-1.06995,52.43232],[-1.06908,52.43209],[-1.0685,52.43104],[-1.06925,52.43068],[-1.06923,52.43027],[-1.06847,52.43016],[-1.06895,52.42959],[-1.06839,52.42949],[-1.06811,52.42886],[-1.06638,52.42884],[-1.06608,52.42819],[-1.06445,52.42846],[-1.06401,52.42801],[-1.06305,52.42817],[-1.06265,52.42748],[-1.06207,52.4276],[-1.06105,52.42637],[-1.06125,52.42477],[-1.06055,52.42458],[-1.05976,52.42389],[-1.06004,52.42356],[-1.0593,52.42322],[-1.05859,52.42317],[-1.05828,52.42357],[-1.05744,52.42345],[-1.0569,52.42312],[-1.05614,52.42314],[-1.05488,52.42194],[-1.05328,52.42189],[-1.0531,52.42157],[-1.04986,52.42226],[-1.04998,52.42533],[-1.04752,52.42747],[-1.04493,52.42934],[-1.04228,52.43067],[-1.03925,52.43074],[-1.03764,52.43375],[-1.03603,52.43437],[-1.03453,52.43551],[-1.03383,52.43967],[-1.03403,52.4412],[-1.03492,52.44304],[-1.03722,52.44445],[-1.03821,52.44373],[-1.03968,52.44335],[-1.04224,52.44338],[-1.04346,52.44382],[-1.04438,52.44511],[-1.04451,52.44575],[-1.04112,52.44838],[-1.03785,52.45154],[-1.03578,52.45234],[-1.03465,52.45331],[-1.03116,52.45439],[-1.02872,52.45611],[-1.02774,52.4585],[-1.0269,52.45898],[-1.02506,52.45901],[-1.02465,52.45873],[-1.0227,52.46012],[-1.02036,52.46101],[-1.01677,52.46178],[-1.01471,52.46295],[-1.01379,52.46285],[-1.01083,52.46373],[-1.01091,52.46406],[-1.00564,52.46503],[-1.00432,52.46596],[-1.0044,52.46633],[-1.00346,52.46629],[-1.00344,52.46671],[-1.00283,52.46691],[-1.00143,52.46959],[-1.00102,52.46968],[-1.00092,52.47083],[-0.99919,52.47111],[-0.99704,52.47078],[-0.99516,52.46975],[-0.9951,52.46944],[-0.99405,52.46967],[-0.99403,52.47005],[-0.99284,52.46954],[-0.99233,52.46984],[-0.99097,52.46941],[-0.99045,52.46989],[-0.98947,52.47007],[-0.98972,52.47029],[-0.9893,52.4705],[-0.9852,52.47134],[-0.98427,52.47184],[-0.98421,52.4716],[-0.98272,52.4716],[-0.98213,52.47058],[-0.97995,52.47045],[-0.97911,52.47013],[-0.97917,52.47051],[-0.97853,52.47034],[-0.97679,52.47104],[-0.97636,52.47067],[-0.97552,52.47124],[-0.97515,52.47097],[-0.97501,52.47179],[-0.97208,52.47243],[-0.97164,52.47304],[-0.97271,52.47322],[-0.97247,52.4739],[-0.97152,52.47481],[-0.97042,52.47505],[-0.97049,52.47563],[-0.96925,52.47553],[-0.96923,52.47619],[-0.96789,52.4772],[-0.96466,52.47684],[-0.96431,52.47644],[-0.95872,52.47579],[-0.95253,52.47746],[-0.95188,52.47741]]]}},{"type":"Feature","properties":{"id":"E01027027","name":"E01027027","parent":"E06000062","type":"LSOA","pop":2759,"r":6,"ff":4,"ffd":145.0,"ffs":0.6667,"g":0,"co":1,"mo":3,"sa":3,"ic":3},"geometry":{"type":"Polygon","coordinates":[[[-0.98549,52.37168],[-0.99066,52.36501],[-0.98998,52.36463],[-0.98941,52.36477],[-0.98958,52.36414],[-0.98868,52.36416],[-0.98852,52.36383],[-0.9882,52.364],[-0.98488,52.3624],[-0.98397,52.36253],[-0.98328,52.3618],[-0.98005,52.36142],[-0.97929,52.36099],[-0.98154,52.35794],[-0.97793,52.35703],[-0.97938,52.35516],[-0.98229,52.353],[-0.98407,52.3526],[-0.98518,52.35166],[-0.9904,52.35149],[-0.99096,52.35126],[-0.99124,52.35014],[-0.9906,52.34962],[-0.99341,52.34905],[-0.99258,52.34809],[-0.99709,52.34782],[-0.99925,52.34739],[-0.99996,52.34799],[-0.99892,52.34833],[-1.00178,52.35078],[-1.00263,52.35046],[-1.00344,52.34962],[-1.00698,52.34753],[-1.00728,52.34665],[-1.00871,52.34775],[-1.00909,52.34764],[-1.01046,52.34443],[-1.01041,52.34367],[-1.01319,52.34421],[-1.0141,52.3432],[-1.02078,52.34262],[-1.02399,52.34679],[-1.02292,52.34697],[-1.02421,52.34861],[-1.02807,52.34872],[-1.0307,52.35093],[-1.03965,52.34932],[-1.03944,52.34782],[-1.03999,52.34766],[-1.043,52.3482],[-1.04715,52.34963],[-1.04684,52.34823],[-1.04777,52.34645],[-1.04776,52.3456],[-1.04511,52.34235],[-1.03816,52.34042],[-1.03351,52.33957],[-1.03399,52.33906],[-1.03639,52.33819],[-1.03789,52.33693],[-1.03954,52.33652],[-1.04009,52.33663],[-1.04365,52.3342],[-1.04314,52.33393],[-1.04546,52.33343],[-1.04522,52.33255],[-1.04663,52.33216],[-1.04637,52.3319],[-1.04709,52.33163],[-1.04695,52.33136],[-1.0483,52.32991],[-1.04695,52.32962],[-1.04667,52.32738],[-1.04818,52.32653],[-1.05144,52.32553],[-1.05264,52.32572],[-1.05423,52.32533],[-1.05929,52.32574],[-1.06113,52.32527],[-1.0624,52.32439],[-1.06539,52.3234],[-1.06676,52.32256],[-1.06975,52.32336],[-1.07626,52.32088],[-1.08047,52.31809],[-1.08342,52.31765],[-1.08342,52.31964],[-1.084,52.32038],[-1.08363,52.32112],[-1.08406,52.32124],[-1.08193,52.32382],[-1.08207,52.32511],[-1.08271,52.32586],[-1.08277,52.32688],[-1.08456,52.32804],[-1.08479,52.32949],[-1.08585,52.33033],[-1.08594,52.33072],[-1.08498,52.3318],[-1.08551,52.33334],[-1.08635,52.33399],[-1.08671,52.33549],[-1.08717,52.33548],[-1.08714,52.33588],[-1.08838,52.33676],[-1.08862,52.33662],[-1.08906,52.33728],[-1.08861,52.33795],[-1.08928,52.33821],[-1.08896,52.33837],[-1.08919,52.33913],[-1.08983,52.3401],[-1.09018,52.34003],[-1.08991,52.34116],[-1.09129,52.3422],[-1.09092,52.34523],[-1.09127,52.34616],[-1.09306,52.34778],[-1.09633,52.34828],[-1.09262,52.35249],[-1.09083,52.35201],[-1.09005,52.35318],[-1.08868,52.35346],[-1.08476,52.3534],[-1.08329,52.35417],[-1.07976,52.35517],[-1.07645,52.35332],[-1.07552,52.35358],[-1.07324,52.35307],[-1.07151,52.35387],[-1.06674,52.35465],[-1.06548,52.35561],[-1.06459,52.35575],[-1.06394,52.35686],[-1.06421,52.3572],[-1.06157,52.3586],[-1.05947,52.35911],[-1.05289,52.3593],[-1.05289,52.3591],[-1.04849,52.35853],[-1.04789,52.35948],[-1.04849,52.36041],[-1.04766,52.36082],[-1.04657,52.36053],[-1.04557,52.36156],[-1.04172,52.36293],[-1.03832,52.36318],[-1.0345,52.36435],[-1.03225,52.36545],[-1.03183,52.36608],[-1.03069,52.3662],[-1.03076,52.36646],[-1.0303,52.3663],[-1.02936,52.36678],[-1.02787,52.36675],[-1.0254,52.36768],[-1.02305,52.3676],[-1.021,52.36858],[-1.01844,52.36861],[-1.01829,52.36787],[-1.01798,52.36807],[-1.01662,52.36779],[-1.01647,52.36798],[-1.01481,52.36765],[-1.01418,52.36796],[-1.01307,52.3674],[-1.01219,52.36757],[-1.01172,52.36727],[-1.01075,52.36732],[-1.0065,52.3655],[-1.00337,52.36789],[-1.00297,52.36782],[-0.9991,52.36988],[-0.99706,52.37053],[-0.99541,52.36952],[-0.99385,52.36934],[-0.99334,52.36879],[-0.99209,52.37076],[-0.99099,52.37127],[-0.98989,52.37265],[-0.98549,52.37168]]]}},{"type":"Feature","properties":{"id":"E01027028","name":"E01027028","parent":"E06000062","type":"LSOA","pop":2085,"r":15,"ff":11,"ffd":527.6,"ffs":0.7333,"g":0,"co":3,"mo":3,"sa":3,"ic":3},"geometry":{"type":"Polygon","coordinates":[[[-1.14999,52.19563],[-1.14746,52.19412],[-1.14469,52.1933],[-1.14368,52.19374],[-1.13943,52.19401],[-1.13726,52.19399],[-1.13401,52.19342],[-1.13064,52.18983],[-1.12948,52.18915],[-1.12841,52.18677],[-1.12689,52.18571],[-1.12707,52.18351],[-1.1282,52.18208],[-1.12801,52.18101],[-1.12517,52.1768],[-1.12089,52.17403],[-1.12382,52.17286],[-1.12516,52.17149],[-1.12642,52.17084],[-1.12758,52.16983],[-1.12858,52.16789],[-1.13356,52.1721],[-1.1348,52.17276],[-1.13723,52.17327],[-1.13853,52.17082],[-1.1442,52.16603],[-1.14791,52.16737],[-1.15122,52.16933],[-1.15233,52.169],[-1.15301,52.16974],[-1.15752,52.16951],[-1.15648,52.16583],[-1.15661,52.1636],[-1.1543,52.16258],[-1.15199,52.16202],[-1.15071,52.16214],[-1.14745,52.16109],[-1.145,52.15979],[-1.14353,52.15794],[-1.14447,52.1557],[-1.1453,52.15515],[-1.14485,52.15453],[-1.14554,52.15405],[-1.1444,52.15296],[-1.14044,52.15127],[-1.14057,52.15049],[-1.13971,52.14929],[-1.13872,52.14925],[-1.13806,52.14872],[-1.13729,52.14887],[-1.13741,52.14643],[-1.13843,52.14617],[-1.13984,52.14638],[-1.14076,52.14583],[-1.14156,52.14601],[-1.14898,52.14564],[-1.16931,52.14322],[-1.17253,52.14323],[-1.17643,52.1438],[-1.1765,52.14333],[-1.17689,52.14314],[-1.17726,52.14345],[-1.1777,52.14316],[-1.17836,52.14379],[-1.17923,52.14367],[-1.17926,52.14436],[-1.18026,52.14422],[-1.1809,52.14459],[-1.18053,52.1448],[-1.18105,52.14499],[-1.18152,52.14479],[-1.18196,52.14528],[-1.18259,52.14502],[-1.18282,52.14532],[-1.18329,52.14524],[-1.18375,52.14488],[-1.18466,52.1453],[-1.18503,52.14497],[-1.18476,52.14472],[-1.18585,52.14448],[-1.18586,52.14416],[-1.18821,52.14462],[-1.18794,52.14492],[-1.18882,52.14514],[-1.18837,52.14542],[-1.18729,52.1481],[-1.18949,52.14916],[-1.18656,52.15251],[-1.18711,52.15375],[-1.18553,52.15547],[-1.18665,52.15687],[-1.18653,52.15943],[-1.18845,52.15955],[-1.18997,52.15899],[-1.19,52.15937],[-1.19102,52.15934],[-1.19282,52.16021],[-1.19473,52.16001],[-1.19599,52.15898],[-1.19595,52.15816],[-1.19798,52.1552],[-1.20071,52.1571],[-1.20258,52.15708],[-1.20492,52.15749],[-1.20632,52.15828],[-1.2115,52.15973],[-1.21279,52.15775],[-1.21723,52.15879],[-1.21704,52.15922],[-1.2178,52.15954],[-1.22318,52.16041],[-1.22375,52.15964],[-1.22333,52.15967],[-1.22349,52.15932],[-1.22303,52.15929],[-1.22421,52.15877],[-1.22496,52.15781],[-1.2241,52.15629],[-1.22554,52.1563],[-1.22588,52.15658],[-1.22609,52.15625],[-1.22743,52.15603],[-1.22754,52.15473],[-1.22838,52.15397],[-1.22959,52.15405],[-1.2302,52.15366],[-1.23149,52.154],[-1.23164,52.15349],[-1.23208,52.15368],[-1.23292,52.1531],[-1.2332,52.15325],[-1.23264,52.15185],[-1.23142,52.15138],[-1.23067,52.15045],[-1.23091,52.14962],[-1.23158,52.14909],[-1.23248,52.14919],[-1.23356,52.14793],[-1.23393,52.1478],[-1.23433,52.14897],[-1.23589,52.14951],[-1.2357,52.1497],[-1.23765,52.14967],[-1.23862,52.15012],[-1.23941,52.15269],[-1.24026,52.15297],[-1.24191,52.15437],[-1.2432,52.15477],[-1.24614,52.15487],[-1.24625,52.15466],[-1.2467,52.15482],[-1.24817,52.15452],[-1.25062,52.15355],[-1.25371,52.15581],[-1.25302,52.1568],[-1.25487,52.15883],[-1.25352,52.15994],[-1.25415,52.16096],[-1.25436,52.16265],[-1.25505,52.16306],[-1.25456,52.1632],[-1.25527,52.16465],[-1.25155,52.16517],[-1.24791,52.16475],[-1.24439,52.16344],[-1.24234,52.1635],[-1.23712,52.16626],[-1.23641,52.16858],[-1.23431,52.1691],[-1.2334,52.16904],[-1.23308,52.16997],[-1.23231,52.1704],[-1.23231,52.17096],[-1.23145,52.17139],[-1.23101,52.17216],[-1.23064,52.17215],[-1.23085,52.17251],[-1.23023,52.17251],[-1.22905,52.17369],[-1.22858,52.17527],[-1.22907,52.1754],[-1.22817,52.17679],[-1.22859,52.17967],[-1.23177,52.18294],[-1.23118,52.18402],[-1.22867,52.18571],[-1.22809,52.18676],[-1.21897,52.1844],[-1.21195,52.18416],[-1.21128,52.18348],[-1.2112,52.17856],[-1.21265,52.1783],[-1.2173,52.17824],[-1.22095,52.17877],[-1.22331,52.17856],[-1.22385,52.17521],[-1.22205,52.17458],[-1.22207,52.17419],[-1.21938,52.17382],[-1.21889,52.17414],[-1.21811,52.17403],[-1.2183,52.17357],[-1.22032,52.17236],[-1.21811,52.17176],[-1.21833,52.17113],[-1.21644,52.17062],[-1.21654,52.16988],[-1.21572,52.16989],[-1.21581,52.1696],[-1.21507,52.16947],[-1.21529,52.16899],[-1.21459,52.16891],[-1.21398,52.16928],[-1.21389,52.1686],[-1.21445,52.1681],[-1.21275,52.16786],[-1.21435,52.16648],[-1.21381,52.16482],[-1.21015,52.16638],[-1.20751,52.16632],[-1.20732,52.16685],[-1.20577,52.16793],[-1.20643,52.16878],[-1.20565,52.16929],[-1.20601,52.17026],[-1.20669,52.16999],[-1.20803,52.17019],[-1.20917,52.16968],[-1.21026,52.16983],[-1.20944,52.17114],[-1.20754,52.17093],[-1.20794,52.17298],[-1.20209,52.17287],[-1.20133,52.17242],[-1.20185,52.17152],[-1.20039,52.1713],[-1.19836,52.17191],[-1.19436,52.1738],[-1.19131,52.17611],[-1.18566,52.17824],[-1.18635,52.17843],[-1.18622,52.17873],[-1.18735,52.17935],[-1.18737,52.18097],[-1.18797,52.18125],[-1.18828,52.18213],[-1.19029,52.18225],[-1.19379,52.18332],[-1.19676,52.1832],[-1.19647,52.18405],[-1.19576,52.18449],[-1.19676,52.18462],[-1.19706,52.18682],[-1.19265,52.19049],[-1.19168,52.19349],[-1.18759,52.19243],[-1.18752,52.19206],[-1.1849,52.19185],[-1.18175,52.19214],[-1.17846,52.19283],[-1.17822,52.19245],[-1.17634,52.19267],[-1.17418,52.19346],[-1.17273,52.1934],[-1.17056,52.19385],[-1.16618,52.19516],[-1.16225,52.19466],[-1.15973,52.1953],[-1.15794,52.19542],[-1.15533,52.19625],[-1.15454,52.19597],[-1.14999,52.19563]]]}},{"type":"Feature","properties":{"id":"E01027029","name":"E01027029","parent":"E06000062","type":"LSOA","pop":2401,"r":6,"ff":3,"ffd":124.9,"ffs":0.5,"g":0,"co":3,"mo":3,"sa":3,"ic":3},"geometry":{"type":"Polygon","coordinates":[[[-1.20391,52.18029],[-1.19849,52.17946],[-1.19718,52.18],[-1.19767,52.1802],[-1.19726,52.18059],[-1.1978,52.18248],[-1.19743,52.18319],[-1.19379,52.18332],[-1.19029,52.18225],[-1.18828,52.18213],[-1.18797,52.18125],[-1.18737,52.18097],[-1.18735,52.17935],[-1.18622,52.17873],[-1.18635,52.17843],[-1.18566,52.17824],[-1.19131,52.17611],[-1.19436,52.1738],[-1.19836,52.17191],[-1.20039,52.1713],[-1.20185,52.17152],[-1.20133,52.17242],[-1.20209,52.17287],[-1.20794,52.17298],[-1.20754,52.17093],[-1.20944,52.17114],[-1.21026,52.16983],[-1.20917,52.16968],[-1.20803,52.17019],[-1.20669,52.16999],[-1.20601,52.17026],[-1.20565,52.16929],[-1.20643,52.16878],[-1.20577,52.16793],[-1.20732,52.16685],[-1.20751,52.16632],[-1.21015,52.16638],[-1.21381,52.16482],[-1.21435,52.16648],[-1.21275,52.16786],[-1.21445,52.1681],[-1.21389,52.1686],[-1.21398,52.16928],[-1.21459,52.16891],[-1.21529,52.16899],[-1.21507,52.16947],[-1.21581,52.1696],[-1.21572,52.16989],[-1.21654,52.16988],[-1.21644,52.17062],[-1.21833,52.17113],[-1.21811,52.17176],[-1.22032,52.17236],[-1.2183,52.17357],[-1.21811,52.17403],[-1.21889,52.17414],[-1.21938,52.17382],[-1.22207,52.17419],[-1.22205,52.17458],[-1.22385,52.17521],[-1.22331,52.17856],[-1.22095,52.17877],[-1.2173,52.17824],[-1.21265,52.1783],[-1.2112,52.17856],[-1.21128,52.18348],[-1.21058,52.18183],[-1.2063,52.18131],[-1.20391,52.18029]]]}},{"type":"Feature","properties":{"id":"E01027030","name":"E01027030","parent":"E06000062","type":"LSOA","pop":1904,"r":1,"ff":0,"ffd":0.0,"ffs":0.0,"g":0,"co":3,"mo":3,"sa":3,"ic":3},"geometry":{"type":"Polygon","coordinates":[[[-1.1007,52.4246],[-1.09727,52.42255],[-1.09275,52.42101],[-1.08888,52.41881],[-1.08982,52.41662],[-1.0888,52.4162],[-1.09124,52.4141],[-1.08853,52.41322],[-1.08986,52.41147],[-1.08863,52.4115],[-1.08876,52.41108],[-1.08972,52.41112],[-1.09032,52.41068],[-1.08853,52.41005],[-1.0871,52.40825],[-1.08768,52.40749],[-1.0877,52.40572],[-1.08919,52.40353],[-1.08937,52.40224],[-1.09088,52.40032],[-1.09106,52.39822],[-1.09026,52.3981],[-1.08723,52.39855],[-1.08211,52.39766],[-1.08164,52.39802],[-1.07933,52.39806],[-1.07315,52.39558],[-1.06838,52.39533],[-1.06527,52.39465],[-1.0614,52.39576],[-1.05927,52.39568],[-1.05883,52.39534],[-1.0546,52.39526],[-1.05222,52.3957],[-1.05128,52.39636],[-1.04204,52.39878],[-1.03834,52.40144],[-1.03791,52.40122],[-1.0348,52.40269],[-1.03145,52.4047],[-1.02942,52.40508],[-1.02639,52.40606],[-1.02657,52.40564],[-1.02559,52.40537],[-1.0255,52.40388],[-1.02594,52.40355],[-1.02559,52.4027],[-1.02503,52.40269],[-1.02484,52.4016],[-1.0242,52.40156],[-1.0245,52.40123],[-1.0238,52.40068],[-1.02308,52.40072],[-1.02341,52.40032],[-1.02257,52.40008],[-1.02148,52.39913],[-1.02167,52.39871],[-1.02115,52.39796],[-1.02154,52.39747],[-1.02109,52.39715],[-1.02189,52.39607],[-1.02115,52.39496],[-1.02037,52.39472],[-1.02023,52.39432],[-1.01985,52.3944],[-1.02004,52.39408],[-1.01882,52.39347],[-1.0174,52.39079],[-1.01832,52.38992],[-1.0184,52.38923],[-1.01737,52.38796],[-1.01722,52.38704],[-1.01496,52.38566],[-1.01184,52.38468],[-1.00982,52.38447],[-1.00851,52.38524],[-1.00625,52.38444],[-1.00546,52.3851],[-1.00389,52.38458],[-1.00406,52.38409],[-1.00187,52.38324],[-0.99586,52.38164],[-0.99589,52.38027],[-0.99546,52.38007],[-0.99578,52.37877],[-0.99532,52.3787],[-0.99518,52.37828],[-0.99537,52.37722],[-0.99109,52.3772],[-0.99074,52.37676],[-0.99112,52.37619],[-0.99067,52.37576],[-0.98845,52.37482],[-0.9902,52.37299],[-0.98989,52.37265],[-0.99099,52.37127],[-0.99209,52.37076],[-0.99334,52.36879],[-0.99385,52.36934],[-0.99541,52.36952],[-0.99706,52.37053],[-0.9991,52.36988],[-1.00297,52.36782],[-1.00337,52.36789],[-1.0065,52.3655],[-1.01075,52.36732],[-1.01172,52.36727],[-1.01219,52.36757],[-1.01307,52.3674],[-1.01418,52.36796],[-1.01481,52.36765],[-1.01647,52.36798],[-1.01662,52.36779],[-1.01798,52.36807],[-1.01829,52.36787],[-1.01844,52.36861],[-1.021,52.36858],[-1.02305,52.3676],[-1.0254,52.36768],[-1.02787,52.36675],[-1.02936,52.36678],[-1.0303,52.3663],[-1.03076,52.36646],[-1.03069,52.3662],[-1.03183,52.36608],[-1.03225,52.36545],[-1.0345,52.36435],[-1.03832,52.36318],[-1.04172,52.36293],[-1.04557,52.36156],[-1.04657,52.36053],[-1.04766,52.36082],[-1.04849,52.36041],[-1.05057,52.36334],[-1.05338,52.36593],[-1.06126,52.37196],[-1.06364,52.37242],[-1.06369,52.37274],[-1.06655,52.37238],[-1.07039,52.37247],[-1.07474,52.37342],[-1.08159,52.37405],[-1.09419,52.3759],[-1.09645,52.37405],[-1.09756,52.37201],[-1.10271,52.36887],[-1.10631,52.3659],[-1.10944,52.36424],[-1.11248,52.3609],[-1.11577,52.35867],[-1.11625,52.35855],[-1.12081,52.36006],[-1.12193,52.35972],[-1.12758,52.36133],[-1.13203,52.36304],[-1.14404,52.36647],[-1.14712,52.36714],[-1.14843,52.36714],[-1.1491,52.36801],[-1.15249,52.36877],[-1.15398,52.36946],[-1.15599,52.36974],[-1.15638,52.36896],[-1.15733,52.36866],[-1.17481,52.36437],[-1.20265,52.39662],[-1.20248,52.39683],[-1.20161,52.39673],[-1.20132,52.39648],[-1.20033,52.3966],[-1.19793,52.39571],[-1.19723,52.39601],[-1.19637,52.39567],[-1.19407,52.39618],[-1.19039,52.39524],[-1.19024,52.39651],[-1.18938,52.39638],[-1.18805,52.39502],[-1.18826,52.39397],[-1.18777,52.39331],[-1.18457,52.39256],[-1.1841,52.39219],[-1.18062,52.39319],[-1.17878,52.39308],[-1.17812,52.39286],[-1.17764,52.39307],[-1.17727,52.39406],[-1.17597,52.39475],[-1.1752,52.39453],[-1.17414,52.39502],[-1.17392,52.39463],[-1.1735,52.39516],[-1.17125,52.39601],[-1.16945,52.39563],[-1.16937,52.39617],[-1.16887,52.39638],[-1.16846,52.39622],[-1.16821,52.39681],[-1.16789,52.39642],[-1.16656,52.39668],[-1.16575,52.39756],[-1.16593,52.39797],[-1.16665,52.39783],[-1.16704,52.39817],[-1.16675,52.3984],[-1.16578,52.39835],[-1.16521,52.39895],[-1.16438,52.39867],[-1.16422,52.3992],[-1.16386,52.39899],[-1.16275,52.39936],[-1.16231,52.3991],[-1.16037,52.39962],[-1.16023,52.39925],[-1.15887,52.39929],[-1.15867,52.39991],[-1.15674,52.40007],[-1.15507,52.39935],[-1.15408,52.39965],[-1.15384,52.39938],[-1.15215,52.39937],[-1.1518,52.39905],[-1.15213,52.39882],[-1.1515,52.3988],[-1.15121,52.39841],[-1.15151,52.39779],[-1.15086,52.39764],[-1.14972,52.39797],[-1.15,52.39752],[-1.14958,52.397],[-1.1483,52.39848],[-1.14784,52.39835],[-1.14664,52.39886],[-1.14631,52.39858],[-1.14526,52.39925],[-1.1445,52.39895],[-1.14378,52.39959],[-1.1435,52.39933],[-1.14227,52.3997],[-1.1403,52.40157],[-1.13845,52.40212],[-1.13882,52.40307],[-1.13817,52.4032],[-1.13793,52.40392],[-1.13861,52.40457],[-1.13815,52.40541],[-1.13629,52.40642],[-1.13664,52.40761],[-1.13481,52.40968],[-1.13491,52.41129],[-1.13439,52.4123],[-1.13338,52.41298],[-1.13224,52.41289],[-1.13263,52.41325],[-1.13238,52.41363],[-1.12907,52.41521],[-1.12887,52.41583],[-1.12927,52.4161],[-1.1257,52.4177],[-1.12457,52.41791],[-1.12334,52.41752],[-1.12355,52.41788],[-1.12278,52.41806],[-1.12225,52.41782],[-1.12223,52.41725],[-1.12161,52.4175],[-1.12076,52.41721],[-1.11961,52.41823],[-1.12047,52.41877],[-1.1198,52.41889],[-1.11944,52.41951],[-1.1189,52.41951],[-1.11799,52.42091],[-1.11623,52.42114],[-1.11653,52.42142],[-1.11547,52.42143],[-1.11588,52.42111],[-1.11356,52.42159],[-1.11191,52.42115],[-1.11195,52.42141],[-1.11126,52.42133],[-1.11072,52.42181],[-1.10982,52.42175],[-1.10953,52.42245],[-1.10874,52.42201],[-1.10708,52.42238],[-1.10638,52.42336],[-1.1055,52.42333],[-1.10533,52.42379],[-1.10462,52.42372],[-1.10432,52.42423],[-1.10369,52.42397],[-1.1035,52.42462],[-1.10338,52.42419],[-1.10304,52.42435],[-1.10258,52.42412],[-1.10261,52.42455],[-1.10197,52.42483],[-1.1007,52.4246]]]}},{"type":"Feature","properties":{"id":"E01027132","name":"E01027132","parent":"E06000062","type":"LSOA","pop":2448,"r":340,"ff":152,"ffd":6209.2,"ffs":0.5188,"g":46,"co":0,"mo":0,"sa":0,"ic":0},"geometry":{"type":"Polygon","coordinates":[[[-0.87733,52.24842],[-0.87626,52.24835],[-0.87416,52.24885],[-0.87399,52.24857],[-0.87307,52.24876],[-0.87229,52.24645],[-0.87318,52.24617],[-0.87376,52.24568],[-0.87374,52.24527],[-0.87434,52.24556],[-0.87462,52.2452],[-0.87548,52.24497],[-0.87581,52.24533],[-0.87669,52.2452],[-0.87716,52.24573],[-0.87737,52.24676],[-0.88283,52.24595],[-0.88218,52.24683],[-0.87971,52.24718],[-0.87935,52.24766],[-0.8788,52.24741],[-0.87777,52.24899],[-0.87733,52.24842]]]}},{"type":"Feature","properties":{"id":"E01027133","name":"E01027133","parent":"E06000062","type":"LSOA","pop":2117,"r":337,"ff":151,"ffd":7132.7,"ffs":0.5189,"g":45,"co":0,"mo":0,"sa":0,"ic":0},"geometry":{"type":"Polygon","coordinates":[[[-0.87376,52.24568],[-0.87171,52.24504],[-0.87056,52.24548],[-0.87181,52.24409],[-0.87077,52.24184],[-0.87043,52.24189],[-0.86937,52.23989],[-0.86978,52.2398],[-0.8696,52.23944],[-0.87538,52.2386],[-0.87672,52.24194],[-0.87628,52.2418],[-0.87599,52.2421],[-0.87504,52.24174],[-0.8739,52.24248],[-0.87429,52.24261],[-0.8748,52.24237],[-0.87495,52.24286],[-0.87453,52.24286],[-0.87508,52.24325],[-0.87472,52.24324],[-0.87475,52.24381],[-0.87534,52.24443],[-0.87633,52.24422],[-0.87669,52.2452],[-0.87581,52.24533],[-0.87548,52.24497],[-0.87462,52.2452],[-0.87434,52.24556],[-0.87374,52.24527],[-0.87376,52.24568]]]}},{"type":"Feature","properties":{"id":"E01027134","name":"E01027134","parent":"E06000062","type":"LSOA","pop":1977,"r":339,"ff":152,"ffd":7688.4,"ffs":0.5188,"g":45,"co":0,"mo":0,"sa":0,"ic":0},"geometry":{"type":"Polygon","coordinates":[[[-0.87669,52.2452],[-0.87633,52.24422],[-0.87534,52.24443],[-0.87475,52.24381],[-0.87472,52.24324],[-0.87508,52.24325],[-0.87453,52.24286],[-0.87495,52.24286],[-0.8748,52.24237],[-0.87429,52.24261],[-0.8739,52.24248],[-0.87504,52.24174],[-0.87599,52.2421],[-0.87628,52.2418],[-0.87672,52.24194],[-0.87861,52.24174],[-0.88049,52.24629],[-0.87737,52.24676],[-0.87716,52.24573],[-0.87669,52.2452]]]}},{"type":"Feature","properties":{"id":"E01027135","name":"E01027135","parent":"E06000062","type":"LSOA","pop":1827,"r":337,"ff":151,"ffd":8264.9,"ffs":0.5207,"g":46,"co":0,"mo":0,"sa":0,"ic":0},"geometry":{"type":"Polygon","coordinates":[[[-0.86376,52.24314],[-0.86146,52.24015],[-0.8696,52.23944],[-0.86978,52.2398],[-0.86937,52.23989],[-0.87043,52.24189],[-0.87077,52.24184],[-0.87181,52.24409],[-0.87056,52.24548],[-0.86904,52.24761],[-0.86846,52.24896],[-0.86536,52.2466],[-0.86376,52.24314]]]}},{"type":"Feature","properties":{"id":"E01027136","name":"E01027136","parent":"E06000062","type":"LSOA","pop":1776,"r":343,"ff":152,"ffd":8558.6,"ffs":0.5153,"g":47,"co":0,"mo":0,"sa":0,"ic":0},"geometry":{"type":"Polygon","coordinates":[[[-0.86904,52.24994],[-0.86846,52.24896],[-0.86904,52.24761],[-0.87056,52.24548],[-0.87171,52.24504],[-0.87376,52.24568],[-0.87318,52.24617],[-0.87229,52.24645],[-0.87307,52.24876],[-0.87399,52.24857],[-0.87416,52.24885],[-0.87626,52.24835],[-0.87733,52.24842],[-0.87777,52.24899],[-0.8788,52.24741],[-0.87935,52.24766],[-0.87817,52.24977],[-0.87774,52.24946],[-0.86952,52.25134],[-0.86904,52.24994]]]}},{"type":"Feature","properties":{"id":"E01027137","name":"E01027137","parent":"E06000062","type":"LSOA","pop":1649,"r":304,"ff":132,"ffd":8004.9,"ffs":0.5136,"g":46,"co":0,"mo":0,"sa":0,"ic":0},"geometry":{"type":"Polygon","coordinates":[[[-0.82894,52.25205],[-0.82672,52.25196],[-0.82505,52.25229],[-0.82482,52.25045],[-0.82498,52.24872],[-0.82438,52.24852],[-0.82376,52.24761],[-0.82393,52.24717],[-0.82465,52.24718],[-0.82484,52.24782],[-0.82707,52.24741],[-0.82778,52.24794],[-0.82908,52.24758],[-0.82945,52.24693],[-0.83041,52.24689],[-0.82871,52.24837],[-0.82928,52.24944],[-0.82853,52.24948],[-0.82817,52.24984],[-0.82871,52.25025],[-0.83021,52.25056],[-0.83085,52.24958],[-0.83277,52.24983],[-0.83347,52.24956],[-0.83423,52.25013],[-0.82997,52.25254],[-0.82894,52.25205]]]}},{"type":"Feature","properties":{"id":"E01027138","name":"E01027138","parent":"E06000062","type":"LSOA","pop":1483,"r":304,"ff":132,"ffd":8900.9,"ffs":0.5136,"g":46,"co":0,"mo":0,"sa":0,"ic":0},"geometry":{"type":"Polygon","coordinates":[[[-0.82595,52.25493],[-0.82521,52.25484],[-0.8242,52.25522],[-0.82351,52.25492],[-0.82355,52.25432],[-0.82469,52.25446],[-0.8247,52.25356],[-0.82434,52.25327],[-0.82379,52.25354],[-0.82303,52.2534],[-0.82263,52.25382],[-0.82126,52.25423],[-0.81938,52.25435],[-0.81759,52.25261],[-0.81694,52.25169],[-0.81672,52.25012],[-0.81595,52.24959],[-0.81412,52.2495],[-0.81363,52.24923],[-0.81853,52.24725],[-0.82026,52.24682],[-0.82241,52.24667],[-0.82269,52.24718],[-0.82333,52.24714],[-0.82438,52.24852],[-0.82498,52.24872],[-0.82482,52.25045],[-0.82505,52.25229],[-0.82581,52.25352],[-0.82827,52.25554],[-0.82728,52.256],[-0.82596,52.25526],[-0.82595,52.25493]]]}},{"type":"Feature","properties":{"id":"E01027139","name":"E01027139","parent":"E06000062","type":"LSOA","pop":1572,"r":304,"ff":132,"ffd":8396.9,"ffs":0.5136,"g":46,"co":0,"mo":0,"sa":0,"ic":0},"geometry":{"type":"Polygon","coordinates":[[[-0.82817,52.24984],[-0.82853,52.24948],[-0.82928,52.24944],[-0.82871,52.24837],[-0.83041,52.24689],[-0.82945,52.24693],[-0.82908,52.24758],[-0.82778,52.24794],[-0.82707,52.24741],[-0.82484,52.24782],[-0.82465,52.24718],[-0.82393,52.24717],[-0.82376,52.24761],[-0.82333,52.24714],[-0.82269,52.24718],[-0.82241,52.24667],[-0.82026,52.24682],[-0.81853,52.24725],[-0.81927,52.24581],[-0.82291,52.24595],[-0.82623,52.24497],[-0.83364,52.2414],[-0.83599,52.24233],[-0.83502,52.24297],[-0.83495,52.24378],[-0.83612,52.24436],[-0.83565,52.24485],[-0.83633,52.24551],[-0.83685,52.24574],[-0.83753,52.2456],[-0.83812,52.24654],[-0.83795,52.24793],[-0.83592,52.25036],[-0.83423,52.25013],[-0.83347,52.24956],[-0.83277,52.24983],[-0.83085,52.24958],[-0.83021,52.25056],[-0.82871,52.25025],[-0.82817,52.24984]]]}},{"type":"Feature","properties":{"id":"E01027140","name":"E01027140","parent":"E06000062","type":"LSOA","pop":1719,"r":304,"ff":132,"ffd":7678.9,"ffs":0.5136,"g":46,"co":0,"mo":0,"sa":0,"ic":0},"geometry":{"type":"Polygon","coordinates":[[[-0.81482,52.25324],[-0.81395,52.25203],[-0.81264,52.25229],[-0.81202,52.25118],[-0.81227,52.25049],[-0.81181,52.25008],[-0.80866,52.25178],[-0.80686,52.25196],[-0.80132,52.25351],[-0.80147,52.25267],[-0.79508,52.25408],[-0.79142,52.24224],[-0.79171,52.2419],[-0.79369,52.24157],[-0.79893,52.24122],[-0.80284,52.24053],[-0.80326,52.24211],[-0.80455,52.24146],[-0.80552,52.24154],[-0.80673,52.24119],[-0.80841,52.24156],[-0.80962,52.2412],[-0.8117,52.24155],[-0.81362,52.24081],[-0.81465,52.2399],[-0.81766,52.23893],[-0.82166,52.23858],[-0.82243,52.238],[-0.82276,52.23827],[-0.82285,52.23801],[-0.82886,52.23847],[-0.83053,52.23797],[-0.83271,52.23788],[-0.83405,52.23817],[-0.83491,52.23746],[-0.83678,52.23797],[-0.84006,52.23738],[-0.84081,52.23816],[-0.84466,52.24019],[-0.84086,52.24277],[-0.83677,52.24501],[-0.83753,52.2456],[-0.83685,52.24574],[-0.83633,52.24551],[-0.83565,52.24485],[-0.83612,52.24436],[-0.83495,52.24378],[-0.83502,52.24297],[-0.83599,52.24233],[-0.83364,52.2414],[-0.82623,52.24497],[-0.82291,52.24595],[-0.81927,52.24581],[-0.81853,52.24725],[-0.81363,52.24923],[-0.81412,52.2495],[-0.81595,52.24959],[-0.81672,52.25012],[-0.81694,52.25169],[-0.81759,52.25261],[-0.81896,52.25385],[-0.81692,52.25449],[-0.81704,52.25467],[-0.81578,52.2549],[-0.81482,52.25324]]]}},{"type":"Feature","properties":{"id":"E01027141","name":"E01027141","parent":"E06000062","type":"LSOA","pop":2115,"r":304,"ff":132,"ffd":6241.1,"ffs":0.5136,"g":46,"co":0,"mo":0,"sa":0,"ic":0},"geometry":{"type":"Polygon","coordinates":[[[-0.81125,52.26169],[-0.81111,52.26154],[-0.8115,52.26164],[-0.81133,52.26047],[-0.81271,52.26035],[-0.81274,52.25985],[-0.8117,52.25976],[-0.81352,52.25866],[-0.81378,52.25794],[-0.81557,52.25784],[-0.81601,52.25743],[-0.81714,52.25746],[-0.81671,52.25645],[-0.81603,52.25614],[-0.81552,52.25653],[-0.81501,52.25641],[-0.81589,52.25544],[-0.81654,52.25546],[-0.81737,52.25501],[-0.81943,52.25587],[-0.82019,52.25557],[-0.81938,52.25435],[-0.82126,52.25423],[-0.82263,52.25382],[-0.82303,52.2534],[-0.82379,52.25354],[-0.82434,52.25327],[-0.8247,52.25356],[-0.82469,52.25446],[-0.82355,52.25432],[-0.82351,52.25492],[-0.8242,52.25522],[-0.82521,52.25484],[-0.82595,52.25493],[-0.82596,52.25526],[-0.82728,52.256],[-0.82827,52.25554],[-0.83003,52.25664],[-0.8268,52.25869],[-0.82373,52.26011],[-0.81682,52.2618],[-0.81427,52.26194],[-0.81125,52.26169]]]}},{"type":"Feature","properties":{"id":"E01027142","name":"E01027142","parent":"E06000062","type":"LSOA","pop":1593,"r":322,"ff":142,"ffd":8914.0,"ffs":0.5182,"g":47,"co":0,"mo":0,"sa":0,"ic":0},"geometry":{"type":"Polygon","coordinates":[[[-0.80971,52.2579],[-0.80959,52.25432],[-0.80866,52.25178],[-0.81181,52.25008],[-0.81227,52.25049],[-0.81202,52.25118],[-0.81264,52.25229],[-0.81395,52.25203],[-0.81578,52.2549],[-0.81704,52.25467],[-0.81692,52.25449],[-0.81896,52.25385],[-0.82019,52.25557],[-0.81943,52.25587],[-0.81737,52.25501],[-0.81654,52.25546],[-0.81589,52.25544],[-0.81501,52.25641],[-0.81552,52.25653],[-0.81603,52.25614],[-0.81671,52.25645],[-0.81714,52.25746],[-0.81601,52.25743],[-0.81557,52.25784],[-0.81378,52.25794],[-0.81352,52.25866],[-0.8117,52.25976],[-0.81274,52.25985],[-0.81271,52.26035],[-0.81133,52.26047],[-0.8115,52.26164],[-0.81048,52.26144],[-0.80971,52.2579]]]}},{"type":"Feature","properties":{"id":"E01027143","name":"E01027143","parent":"E06000062","type":"LSOA","pop":1680,"r":325,"ff":144,"ffd":8571.4,"ffs":0.518,"g":46,"co":2,"mo":0,"sa":0,"ic":0},"geometry":{"type":"Polygon","coordinates":[[[-0.90198,52.27256],[-0.90233,52.27204],[-0.90287,52.27221],[-0.90318,52.27193],[-0.90255,52.27138],[-0.90319,52.27033],[-0.90567,52.26961],[-0.90387,52.26855],[-0.90337,52.26665],[-0.90453,52.26569],[-0.91522,52.27088],[-0.91308,52.27273],[-0.91129,52.27266],[-0.91043,52.27245],[-0.9102,52.27208],[-0.90919,52.27192],[-0.90959,52.27102],[-0.90915,52.27049],[-0.90967,52.2697],[-0.9092,52.26958],[-0.9077,52.27017],[-0.9074,52.26999],[-0.90683,52.27083],[-0.9073,52.27098],[-0.90785,52.27068],[-0.90856,52.271],[-0.90583,52.2716],[-0.90573,52.27236],[-0.90245,52.2736],[-0.90198,52.27256]]]}},{"type":"Feature","properties":{"id":"E01027144","name":"E01027144","parent":"E06000062","type":"LSOA","pop":1502,"r":318,"ff":140,"ffd":9320.9,"ffs":0.5166,"g":46,"co":2,"mo":0,"sa":0,"ic":0},"geometry":{"type":"Polygon","coordinates":[[[-0.91024,52.27671],[-0.90927,52.27501],[-0.90886,52.27462],[-0.91004,52.27393],[-0.91101,52.27443],[-0.9114,52.27421],[-0.91152,52.27343],[-0.9109,52.27297],[-0.91129,52.27266],[-0.91308,52.27273],[-0.91522,52.27088],[-0.91901,52.27258],[-0.92094,52.27424],[-0.92154,52.27661],[-0.91778,52.27634],[-0.91024,52.27671]]]}},{"type":"Feature","properties":{"id":"E01027145","name":"E01027145","parent":"E06000062","type":"LSOA","pop":1573,"r":331,"ff":145,"ffd":9218.1,"ffs":0.5124,"g":47,"co":2,"mo":0,"sa":0,"ic":0},"geometry":{"type":"Polygon","coordinates":[[[-0.88673,52.27354],[-0.88914,52.27146],[-0.89493,52.26852],[-0.89537,52.26878],[-0.8932,52.26982],[-0.89342,52.27005],[-0.89292,52.27025],[-0.89316,52.27064],[-0.89366,52.2705],[-0.89385,52.27082],[-0.89441,52.27078],[-0.89466,52.27146],[-0.89557,52.27056],[-0.8953,52.27023],[-0.89704,52.27012],[-0.89754,52.27054],[-0.89679,52.27154],[-0.89746,52.27223],[-0.89902,52.27198],[-0.89902,52.27132],[-0.8995,52.2711],[-0.90058,52.27112],[-0.89983,52.27154],[-0.9002,52.27244],[-0.89716,52.27318],[-0.89675,52.27287],[-0.89575,52.27296],[-0.89583,52.2735],[-0.89037,52.27485],[-0.88801,52.27618],[-0.88512,52.27539],[-0.88673,52.27354]]]}},{"type":"Feature","properties":{"id":"E01027146","name":"E01027146","parent":"E06000062","type":"LSOA","pop":1501,"r":325,"ff":145,"ffd":9660.2,"ffs":0.5216,"g":46,"co":2,"mo":0,"sa":0,"ic":0},"geometry":{"type":"Polygon","coordinates":[[[-0.90018,52.27577],[-0.90029,52.27549],[-0.89993,52.27556],[-0.90081,52.27394],[-0.9002,52.27244],[-0.90174,52.27206],[-0.90245,52.2736],[-0.90573,52.27236],[-0.90583,52.2716],[-0.90856,52.271],[-0.90785,52.27068],[-0.9073,52.27098],[-0.90683,52.27083],[-0.9074,52.26999],[-0.9077,52.27017],[-0.9092,52.26958],[-0.90967,52.2697],[-0.90915,52.27049],[-0.90959,52.27102],[-0.90919,52.27192],[-0.9102,52.27208],[-0.91043,52.27245],[-0.91129,52.27266],[-0.9109,52.27297],[-0.91152,52.27343],[-0.9114,52.27421],[-0.91101,52.27443],[-0.91004,52.27393],[-0.90886,52.27462],[-0.90927,52.27501],[-0.91024,52.27671],[-0.90565,52.27734],[-0.90507,52.27823],[-0.90442,52.27783],[-0.9031,52.2778],[-0.90275,52.27727],[-0.90123,52.27666],[-0.90018,52.27577]]]}},{"type":"Feature","properties":{"id":"E01027147","name":"E01027147","parent":"E06000062","type":"LSOA","pop":2077,"r":332,"ff":147,"ffd":7077.5,"ffs":0.5176,"g":47,"co":2,"mo":0,"sa":0,"ic":0},"geometry":{"type":"Polygon","coordinates":[[[-0.90198,52.27256],[-0.90174,52.27206],[-0.9002,52.27244],[-0.89983,52.27154],[-0.90058,52.27112],[-0.8995,52.2711],[-0.89902,52.27132],[-0.89902,52.27198],[-0.89746,52.27223],[-0.89679,52.27154],[-0.89754,52.27054],[-0.89704,52.27012],[-0.8953,52.27023],[-0.89557,52.27056],[-0.89466,52.27146],[-0.89441,52.27078],[-0.89385,52.27082],[-0.89366,52.2705],[-0.89316,52.27064],[-0.89292,52.27025],[-0.89342,52.27005],[-0.8932,52.26982],[-0.89537,52.26878],[-0.89493,52.26852],[-0.89982,52.26527],[-0.90008,52.26278],[-0.90134,52.26407],[-0.90453,52.26569],[-0.90337,52.26665],[-0.90387,52.26855],[-0.90567,52.26961],[-0.90319,52.27033],[-0.90255,52.27138],[-0.90318,52.27193],[-0.90287,52.27221],[-0.90233,52.27204],[-0.90198,52.27256]]]}},{"type":"Feature","properties":{"id":"E01027148","name":"E01027148","parent":"E06000062","type":"LSOA","pop":1478,"r":326,"ff":144,"ffd":9742.9,"ffs":0.518,"g":47,"co":2,"mo":0,"sa":0,"ic":0},"geometry":{"type":"Polygon","coordinates":[[[-0.89794,52.27924],[-0.89779,52.27838],[-0.89444,52.27658],[-0.89365,52.27519],[-0.89192,52.27548],[-0.89143,52.27505],[-0.89037,52.27485],[-0.89583,52.2735],[-0.89575,52.27296],[-0.89675,52.27287],[-0.89716,52.27318],[-0.9002,52.27244],[-0.90081,52.27394],[-0.89993,52.27556],[-0.90029,52.27549],[-0.90018,52.27577],[-0.90123,52.27666],[-0.90275,52.27727],[-0.9031,52.2778],[-0.90442,52.27783],[-0.90507,52.27823],[-0.90501,52.27923],[-0.90289,52.27908],[-0.90283,52.28015],[-0.89943,52.27875],[-0.89809,52.28003],[-0.89821,52.28032],[-0.89702,52.27981],[-0.89794,52.27924]]]}},{"type":"Feature","properties":{"id":"E01027149","name":"E01027149","parent":"E06000062","type":"LSOA","pop":1389,"r":326,"ff":145,"ffd":10439.2,"ffs":0.5216,"g":47,"co":2,"mo":0,"sa":0,"ic":0},"geometry":{"type":"Polygon","coordinates":[[[-0.88865,52.27576],[-0.89037,52.27485],[-0.89143,52.27505],[-0.89192,52.27548],[-0.89365,52.27519],[-0.89444,52.27658],[-0.89779,52.27838],[-0.89794,52.27924],[-0.89702,52.27981],[-0.89821,52.28032],[-0.89804,52.28067],[-0.89609,52.28049],[-0.89342,52.27984],[-0.88836,52.27773],[-0.88843,52.27631],[-0.88801,52.27618],[-0.88865,52.27576]]]}},{"type":"Feature","properties":{"id":"E01027151","name":"E01027151","parent":"E06000062","type":"LSOA","pop":2128,"r":334,"ff":147,"ffd":6907.9,"ffs":0.5122,"g":46,"co":0,"mo":0,"sa":0,"ic":0},"geometry":{"type":"Polygon","coordinates":[[[-0.90776,52.24072],[-0.90723,52.23839],[-0.90839,52.23861],[-0.90916,52.23839],[-0.9085,52.23754],[-0.90893,52.23736],[-0.90901,52.23767],[-0.91063,52.23787],[-0.91179,52.23691],[-0.91348,52.2381],[-0.91499,52.23978],[-0.91581,52.2412],[-0.91388,52.24218],[-0.91129,52.2425],[-0.90799,52.24251],[-0.90776,52.24072]]]}},{"type":"Feature","properties":{"id":"E01027152","name":"E01027152","parent":"E06000062","type":"LSOA","pop":2133,"r":337,"ff":148,"ffd":6938.6,"ffs":0.5103,"g":46,"co":0,"mo":0,"sa":0,"ic":0},"geometry":{"type":"Polygon","coordinates":[[[-0.90067,52.24797],[-0.90358,52.24752],[-0.90396,52.24813],[-0.90393,52.24867],[-0.90784,52.24925],[-0.90856,52.25094],[-0.90316,52.2509],[-0.89926,52.25225],[-0.89834,52.25047],[-0.89888,52.25034],[-0.89874,52.24962],[-0.89924,52.24918],[-0.90065,52.24915],[-0.90067,52.24797]]]}},{"type":"Feature","properties":{"id":"E01027153","name":"E01027153","parent":"E06000062","type":"LSOA","pop":2353,"r":338,"ff":151,"ffd":6417.3,"ffs":0.5189,"g":46,"co":0,"mo":0,"sa":0,"ic":0},"geometry":{"type":"Polygon","coordinates":[[[-0.89788,52.2481],[-0.89753,52.24635],[-0.89591,52.24665],[-0.89544,52.24593],[-0.8947,52.24571],[-0.89525,52.24535],[-0.89674,52.24528],[-0.89686,52.24491],[-0.89386,52.24524],[-0.89454,52.24479],[-0.8943,52.24437],[-0.89527,52.24311],[-0.89588,52.24332],[-0.89613,52.24304],[-0.8955,52.24282],[-0.89626,52.24225],[-0.89559,52.24191],[-0.89564,52.24149],[-0.89491,52.2404],[-0.89425,52.24032],[-0.89416,52.23976],[-0.89684,52.23952],[-0.89684,52.24],[-0.89798,52.24019],[-0.89807,52.23998],[-0.89946,52.24002],[-0.89977,52.2403],[-0.89889,52.24143],[-0.89909,52.24195],[-0.9005,52.24187],[-0.90136,52.24161],[-0.90188,52.24206],[-0.90231,52.24197],[-0.90228,52.24226],[-0.90167,52.24231],[-0.90162,52.24289],[-0.90102,52.24322],[-0.90208,52.24341],[-0.90229,52.24378],[-0.90114,52.2438],[-0.90096,52.24406],[-0.90192,52.24459],[-0.90191,52.24505],[-0.89936,52.24549],[-0.89945,52.24652],[-0.90029,52.24681],[-0.90022,52.24602],[-0.90075,52.24609],[-0.90069,52.24729],[-0.90026,52.24728],[-0.90025,52.24818],[-0.90063,52.24819],[-0.90065,52.24915],[-0.89924,52.24918],[-0.89874,52.24962],[-0.89888,52.25034],[-0.89834,52.25047],[-0.89788,52.2481]]]}},{"type":"Feature","properties":{"id":"E01027154","name":"E01027154","parent":"E06000062","type":"LSOA","pop":2324,"r":338,"ff":149,"ffd":6411.4,"ffs":0.512,"g":46,"co":0,"mo":0,"sa":0,"ic":0},"geometry":{"type":"Polygon","coordinates":[[[-0.90396,52.24813],[-0.90358,52.24752],[-0.90067,52.24797],[-0.90063,52.24819],[-0.90025,52.24818],[-0.90026,52.24728],[-0.90069,52.24729],[-0.90075,52.24609],[-0.90022,52.24602],[-0.90029,52.24681],[-0.89945,52.24652],[-0.89936,52.24549],[-0.90191,52.24505],[-0.90192,52.24459],[-0.90096,52.24406],[-0.90114,52.2438],[-0.90229,52.24378],[-0.90208,52.24341],[-0.90421,52.24349],[-0.90394,52.2458],[-0.90798,52.24532],[-0.90781,52.24664],[-0.90784,52.24925],[-0.90393,52.24867],[-0.90396,52.24813]]]}},{"type":"Feature","properties":{"id":"E01027155","name":"E01027155","parent":"E06000062","type":"LSOA","pop":2761,"r":338,"ff":151,"ffd":5469.0,"ffs":0.5189,"g":46,"co":0,"mo":0,"sa":0,"ic":0},"geometry":{"type":"Polygon","coordinates":[[[-0.89019,52.24583],[-0.89059,52.24346],[-0.89098,52.24336],[-0.89272,52.24096],[-0.89228,52.2408],[-0.89276,52.24043],[-0.89289,52.23945],[-0.89268,52.23857],[-0.89427,52.23814],[-0.89528,52.23873],[-0.89545,52.23964],[-0.89416,52.23976],[-0.89425,52.24032],[-0.89491,52.2404],[-0.89564,52.24149],[-0.89559,52.24191],[-0.89626,52.24225],[-0.8955,52.24282],[-0.89613,52.24304],[-0.89588,52.24332],[-0.89527,52.24311],[-0.8943,52.24437],[-0.89454,52.24479],[-0.89386,52.24524],[-0.89686,52.24491],[-0.89674,52.24528],[-0.89525,52.24535],[-0.8947,52.24571],[-0.89011,52.24642],[-0.89019,52.24583]]]}},{"type":"Feature","properties":{"id":"E01027156","name":"E01027156","parent":"E06000062","type":"LSOA","pop":1382,"r":335,"ff":147,"ffd":10636.8,"ffs":0.5122,"g":47,"co":0,"mo":0,"sa":0,"ic":0},"geometry":{"type":"Polygon","coordinates":[[[-0.90086,52.22557],[-0.90066,52.22522],[-0.89822,52.22541],[-0.89738,52.22423],[-0.89703,52.22429],[-0.89725,52.22147],[-0.898,52.22157],[-0.89819,52.22095],[-0.89914,52.22077],[-0.8997,52.22104],[-0.89934,52.22158],[-0.9013,52.22161],[-0.90137,52.22242],[-0.90201,52.22257],[-0.90268,52.22248],[-0.9029,52.22177],[-0.90473,52.22146],[-0.90729,52.22194],[-0.9074,52.22265],[-0.90658,52.22338],[-0.90701,52.22352],[-0.90512,52.22538],[-0.90127,52.22553],[-0.9013,52.22586],[-0.89922,52.22596],[-0.89776,52.22602],[-0.89769,52.22573],[-0.90086,52.22557]]]}},{"type":"Feature","properties":{"id":"E01027158","name":"E01027158","parent":"E06000062","type":"LSOA","pop":1604,"r":332,"ff":146,"ffd":9102.2,"ffs":0.5141,"g":47,"co":0,"mo":0,"sa":0,"ic":0},"geometry":{"type":"Polygon","coordinates":[[[-0.90222,52.22749],[-0.90221,52.22723],[-0.90348,52.22736],[-0.90357,52.22698],[-0.90281,52.22694],[-0.9028,52.22666],[-0.8993,52.2268],[-0.89922,52.22596],[-0.9013,52.22586],[-0.90127,52.22553],[-0.90512,52.22538],[-0.90559,52.22488],[-0.90614,52.22526],[-0.90842,52.22545],[-0.90838,52.22507],[-0.90997,52.22517],[-0.90945,52.22442],[-0.91005,52.2243],[-0.91018,52.22378],[-0.91172,52.22424],[-0.91145,52.22514],[-0.91281,52.2248],[-0.91318,52.22546],[-0.91402,52.22556],[-0.91222,52.22983],[-0.90357,52.23038],[-0.90343,52.22809],[-0.90253,52.22783],[-0.90222,52.22749]]]}},{"type":"Feature","properties":{"id":"E01027159","name":"E01027159","parent":"E06000062","type":"LSOA","pop":1316,"r":333,"ff":145,"ffd":11018.2,"ffs":0.5088,"g":47,"co":0,"mo":0,"sa":0,"ic":0},"geometry":{"type":"Polygon","coordinates":[[[-0.89041,52.22162],[-0.88793,52.21995],[-0.88739,52.21807],[-0.88642,52.217],[-0.89144,52.21631],[-0.89357,52.21521],[-0.8942,52.21461],[-0.89604,52.21482],[-0.90169,52.21441],[-0.9005,52.21684],[-0.9037,52.21749],[-0.90314,52.21782],[-0.90369,52.21835],[-0.90323,52.21889],[-0.90108,52.21863],[-0.90095,52.21906],[-0.90155,52.21997],[-0.90023,52.22044],[-0.8997,52.22104],[-0.89914,52.22077],[-0.89819,52.22095],[-0.898,52.22157],[-0.89725,52.22147],[-0.89675,52.22572],[-0.89319,52.22562],[-0.8928,52.22386],[-0.89041,52.22162]]]}},{"type":"Feature","properties":{"id":"E01027160","name":"E01027160","parent":"E06000062","type":"LSOA","pop":2107,"r":329,"ff":143,"ffd":6786.9,"ffs":0.5089,"g":47,"co":0,"mo":0,"sa":0,"ic":0},"geometry":{"type":"Polygon","coordinates":[[[-0.91318,52.22546],[-0.91281,52.2248],[-0.91145,52.22514],[-0.91172,52.22424],[-0.91018,52.22378],[-0.91005,52.2243],[-0.90945,52.22442],[-0.90997,52.22517],[-0.90838,52.22507],[-0.90842,52.22545],[-0.90614,52.22526],[-0.90559,52.22488],[-0.90701,52.22352],[-0.90658,52.22338],[-0.9074,52.22265],[-0.90729,52.22194],[-0.90788,52.22182],[-0.90911,52.22058],[-0.91004,52.22081],[-0.91101,52.22079],[-0.91139,52.22058],[-0.91112,52.22041],[-0.91284,52.21764],[-0.91217,52.21742],[-0.91126,52.21907],[-0.90914,52.21863],[-0.90939,52.2182],[-0.90772,52.21782],[-0.90815,52.21709],[-0.90959,52.21739],[-0.90899,52.21653],[-0.90941,52.21581],[-0.91312,52.21649],[-0.91549,52.21829],[-0.91662,52.21941],[-0.91402,52.22556],[-0.91318,52.22546]]]}},{"type":"Feature","properties":{"id":"E01027161","name":"E01027161","parent":"E06000062","type":"LSOA","pop":1577,"r":330,"ff":144,"ffd":9131.3,"ffs":0.5106,"g":47,"co":0,"mo":0,"sa":0,"ic":0},"geometry":{"type":"Polygon","coordinates":[[[-0.89934,52.22158],[-0.90023,52.22044],[-0.90155,52.21997],[-0.90095,52.21906],[-0.90108,52.21863],[-0.90323,52.21889],[-0.90369,52.21835],[-0.90314,52.21782],[-0.9037,52.21749],[-0.9005,52.21684],[-0.90169,52.21441],[-0.90522,52.2147],[-0.90941,52.21581],[-0.90899,52.21653],[-0.90959,52.21739],[-0.90815,52.21709],[-0.90772,52.21782],[-0.90939,52.2182],[-0.90914,52.21863],[-0.91126,52.21907],[-0.91217,52.21742],[-0.91284,52.21764],[-0.91112,52.22041],[-0.91139,52.22058],[-0.91101,52.22079],[-0.91004,52.22081],[-0.90911,52.22058],[-0.90788,52.22182],[-0.90729,52.22194],[-0.90473,52.22146],[-0.9029,52.22177],[-0.90268,52.22248],[-0.90201,52.22257],[-0.90137,52.22242],[-0.9013,52.22161],[-0.89934,52.22158]]]}},{"type":"Feature","properties":{"id":"E01027162","name":"E01027162","parent":"E06000062","type":"LSOA","pop":1661,"r":328,"ff":143,"ffd":8609.3,"ffs":0.5125,"g":48,"co":0,"mo":0,"sa":0,"ic":0},"geometry":{"type":"Polygon","coordinates":[[[-0.90427,52.21458],[-0.90169,52.21441],[-0.89871,52.21459],[-0.89866,52.2139],[-0.89957,52.21322],[-0.90067,52.21126],[-0.89974,52.21094],[-0.89975,52.21024],[-0.90039,52.21041],[-0.90072,52.21003],[-0.90234,52.20961],[-0.90284,52.20827],[-0.90448,52.20822],[-0.90547,52.20988],[-0.905,52.21051],[-0.9043,52.21245],[-0.90516,52.21259],[-0.90522,52.21285],[-0.90553,52.212],[-0.90754,52.21233],[-0.91111,52.21384],[-0.9135,52.21404],[-0.91553,52.21386],[-0.91641,52.21407],[-0.91696,52.21468],[-0.91706,52.2157],[-0.91312,52.21649],[-0.90427,52.21458]]]}},{"type":"Feature","properties":{"id":"E01027163","name":"E01027163","parent":"E06000062","type":"LSOA","pop":1451,"r":328,"ff":143,"ffd":9855.3,"ffs":0.5125,"g":48,"co":0,"mo":0,"sa":0,"ic":0},"geometry":{"type":"Polygon","coordinates":[[[-0.90754,52.21233],[-0.90553,52.212],[-0.90522,52.21285],[-0.90516,52.21259],[-0.9043,52.21245],[-0.905,52.21051],[-0.90547,52.20988],[-0.90448,52.20822],[-0.90284,52.20827],[-0.90208,52.20751],[-0.90249,52.20682],[-0.90468,52.2074],[-0.90493,52.20777],[-0.90605,52.20772],[-0.90784,52.20812],[-0.90772,52.20845],[-0.90963,52.20862],[-0.90962,52.20886],[-0.91203,52.2086],[-0.91253,52.20733],[-0.90959,52.20616],[-0.91086,52.20489],[-0.9117,52.20526],[-0.91288,52.20524],[-0.91344,52.20465],[-0.91565,52.20033],[-0.91328,52.19993],[-0.91421,52.19796],[-0.91653,52.19956],[-0.92064,52.20193],[-0.92582,52.20425],[-0.92321,52.20697],[-0.91998,52.20705],[-0.91789,52.20756],[-0.9158,52.20724],[-0.91531,52.20691],[-0.91404,52.20788],[-0.91492,52.20844],[-0.9143,52.20875],[-0.91441,52.21183],[-0.91387,52.21183],[-0.9138,52.21211],[-0.91416,52.2126],[-0.9135,52.21404],[-0.91111,52.21384],[-0.90754,52.21233]]]}},{"type":"Feature","properties":{"id":"E01027164","name":"E01027164","parent":"E06000062","type":"LSOA","pop":1593,"r":321,"ff":140,"ffd":8788.4,"ffs":0.5128,"g":47,"co":0,"mo":0,"sa":0,"ic":0},"geometry":{"type":"Polygon","coordinates":[[[-0.89492,52.21142],[-0.89167,52.20691],[-0.90012,52.20888],[-0.90087,52.20845],[-0.90094,52.20793],[-0.89985,52.20758],[-0.90026,52.20728],[-0.90073,52.20644],[-0.9004,52.20562],[-0.90179,52.20423],[-0.9041,52.20481],[-0.90296,52.20605],[-0.9039,52.20641],[-0.90357,52.20703],[-0.90249,52.20682],[-0.90208,52.20751],[-0.90284,52.20827],[-0.90234,52.20961],[-0.90072,52.21003],[-0.90039,52.21041],[-0.89975,52.21024],[-0.89974,52.21094],[-0.90067,52.21126],[-0.89957,52.21322],[-0.89866,52.2139],[-0.89871,52.21459],[-0.89604,52.21482],[-0.8942,52.21461],[-0.89508,52.21286],[-0.89492,52.21142]]]}},{"type":"Feature","properties":{"id":"E01027165","name":"E01027165","parent":"E06000062","type":"LSOA","pop":1319,"r":319,"ff":140,"ffd":10614.1,"ffs":0.5166,"g":47,"co":0,"mo":0,"sa":0,"ic":0},"geometry":{"type":"Polygon","coordinates":[[[-0.90784,52.20812],[-0.90605,52.20772],[-0.90493,52.20777],[-0.90468,52.2074],[-0.90357,52.20703],[-0.9039,52.20641],[-0.90296,52.20605],[-0.9041,52.20481],[-0.90087,52.20383],[-0.90142,52.20331],[-0.90307,52.20382],[-0.90368,52.20314],[-0.89913,52.20127],[-0.90141,52.19985],[-0.90202,52.20035],[-0.90274,52.20037],[-0.90284,52.2008],[-0.90422,52.20114],[-0.90474,52.20077],[-0.90546,52.20087],[-0.90519,52.20144],[-0.90656,52.2019],[-0.90688,52.20229],[-0.90656,52.20246],[-0.90769,52.20293],[-0.90898,52.20282],[-0.91015,52.19537],[-0.91421,52.19796],[-0.91328,52.19993],[-0.91565,52.20033],[-0.91344,52.20465],[-0.91288,52.20524],[-0.9117,52.20526],[-0.91086,52.20489],[-0.90959,52.20616],[-0.91253,52.20733],[-0.91203,52.2086],[-0.90962,52.20886],[-0.90963,52.20862],[-0.90772,52.20845],[-0.90784,52.20812]]]}},{"type":"Feature","properties":{"id":"E01027166","name":"E01027166","parent":"E06000062","type":"LSOA","pop":1616,"r":319,"ff":140,"ffd":8663.4,"ffs":0.5166,"g":47,"co":0,"mo":0,"sa":0,"ic":0},"geometry":{"type":"Polygon","coordinates":[[[-0.89145,52.20337],[-0.89181,52.20245],[-0.89214,52.2026],[-0.89295,52.20193],[-0.8937,52.2025],[-0.89439,52.20249],[-0.89442,52.2031],[-0.89572,52.20319],[-0.89603,52.2042],[-0.89686,52.20454],[-0.89582,52.20569],[-0.89722,52.2061],[-0.89697,52.20645],[-0.89795,52.2067],[-0.89812,52.20717],[-0.90026,52.20728],[-0.89985,52.20758],[-0.90094,52.20793],[-0.90087,52.20845],[-0.90012,52.20888],[-0.89167,52.20691],[-0.89125,52.2056],[-0.89118,52.20478],[-0.89145,52.20337]]]}},{"type":"Feature","properties":{"id":"E01027167","name":"E01027167","parent":"E06000062","type":"LSOA","pop":1395,"r":317,"ff":141,"ffd":10107.5,"ffs":0.5242,"g":47,"co":0,"mo":0,"sa":0,"ic":0},"geometry":{"type":"Polygon","coordinates":[[[-0.89603,52.2042],[-0.89572,52.20319],[-0.89442,52.2031],[-0.89439,52.20249],[-0.8937,52.2025],[-0.89295,52.20193],[-0.89214,52.2026],[-0.89181,52.20245],[-0.89265,52.20018],[-0.89278,52.19743],[-0.89346,52.19725],[-0.89492,52.19837],[-0.8959,52.19845],[-0.89628,52.19819],[-0.89671,52.19856],[-0.89794,52.19878],[-0.89897,52.19861],[-0.89925,52.19891],[-0.89999,52.19891],[-0.89996,52.19964],[-0.90105,52.19943],[-0.90141,52.19985],[-0.89913,52.20127],[-0.90368,52.20314],[-0.90307,52.20382],[-0.90142,52.20331],[-0.90087,52.20383],[-0.90179,52.20423],[-0.9004,52.20562],[-0.90073,52.20644],[-0.90026,52.20728],[-0.89812,52.20717],[-0.89795,52.2067],[-0.89697,52.20645],[-0.89722,52.2061],[-0.89582,52.20569],[-0.89686,52.20454],[-0.89603,52.2042]]]}},{"type":"Feature","properties":{"id":"E01027168","name":"E01027168","parent":"E06000062","type":"LSOA","pop":2016,"r":320,"ff":140,"ffd":6944.4,"ffs":0.5128,"g":46,"co":0,"mo":0,"sa":0,"ic":0},"geometry":{"type":"Polygon","coordinates":[[[-0.85093,52.26465],[-0.84957,52.26178],[-0.8563,52.26041],[-0.8589,52.25937],[-0.86022,52.25854],[-0.86003,52.25904],[-0.86075,52.25936],[-0.86173,52.25904],[-0.86244,52.25991],[-0.86146,52.26007],[-0.86083,52.2606],[-0.86096,52.26142],[-0.8622,52.26158],[-0.86317,52.26338],[-0.86187,52.26468],[-0.86068,52.26383],[-0.85623,52.26379],[-0.85538,52.26439],[-0.85373,52.26492],[-0.8511,52.26496],[-0.85093,52.26465]]]}},{"type":"Feature","properties":{"id":"E01027169","name":"E01027169","parent":"E06000062","type":"LSOA","pop":1660,"r":332,"ff":145,"ffd":8734.9,"ffs":0.5088,"g":46,"co":0,"mo":0,"sa":0,"ic":0},"geometry":{"type":"Polygon","coordinates":[[[-0.86599,52.25537],[-0.86564,52.25488],[-0.86543,52.25511],[-0.86474,52.25477],[-0.86367,52.25503],[-0.86343,52.25466],[-0.86211,52.25492],[-0.86135,52.25372],[-0.8618,52.25314],[-0.86106,52.25331],[-0.8609,52.2529],[-0.86213,52.25262],[-0.86276,52.25336],[-0.86383,52.25311],[-0.86488,52.25433],[-0.8657,52.25415],[-0.86563,52.25367],[-0.86508,52.25279],[-0.86409,52.25236],[-0.86469,52.25206],[-0.86399,52.25078],[-0.86273,52.25],[-0.86874,52.24937],[-0.87009,52.25287],[-0.87038,52.25412],[-0.86962,52.25418],[-0.86909,52.2546],[-0.86863,52.25446],[-0.86859,52.25502],[-0.86678,52.25523],[-0.86649,52.25503],[-0.86599,52.25537]]]}},{"type":"Feature","properties":{"id":"E01027170","name":"E01027170","parent":"E06000062","type":"LSOA","pop":1647,"r":330,"ff":144,"ffd":8743.2,"ffs":0.5088,"g":46,"co":0,"mo":0,"sa":0,"ic":0},"geometry":{"type":"Polygon","coordinates":[[[-0.86214,52.25641],[-0.86121,52.25612],[-0.86061,52.25627],[-0.85761,52.25283],[-0.85686,52.25062],[-0.85984,52.2505],[-0.86273,52.25],[-0.86399,52.25078],[-0.86469,52.25206],[-0.86409,52.25236],[-0.86508,52.25279],[-0.86563,52.25367],[-0.8657,52.25415],[-0.86488,52.25433],[-0.86383,52.25311],[-0.86276,52.25336],[-0.86213,52.25262],[-0.8609,52.2529],[-0.86106,52.25331],[-0.8618,52.25314],[-0.86135,52.25372],[-0.86185,52.25458],[-0.86075,52.25483],[-0.86087,52.25537],[-0.86252,52.25576],[-0.86214,52.25641]]]}},{"type":"Feature","properties":{"id":"E01027171","name":"E01027171","parent":"E06000062","type":"LSOA","pop":1599,"r":304,"ff":132,"ffd":8255.2,"ffs":0.5136,"g":46,"co":0,"mo":0,"sa":0,"ic":0},"geometry":{"type":"Polygon","coordinates":[[[-0.85623,52.26379],[-0.86068,52.26383],[-0.86396,52.26605],[-0.86322,52.26659],[-0.85927,52.268],[-0.85599,52.26946],[-0.85355,52.27141],[-0.85292,52.27016],[-0.8511,52.26496],[-0.85373,52.26492],[-0.85538,52.26439],[-0.85623,52.26379]]]}},{"type":"Feature","properties":{"id":"E01027172","name":"E01027172","parent":"E06000062","type":"LSOA","pop":1798,"r":328,"ff":144,"ffd":8008.9,"ffs":0.5125,"g":46,"co":0,"mo":0,"sa":0,"ic":0},"geometry":{"type":"Polygon","coordinates":[[[-0.86173,52.25904],[-0.86217,52.25806],[-0.86442,52.25823],[-0.86487,52.25871],[-0.86573,52.25882],[-0.8688,52.25822],[-0.86879,52.25783],[-0.86927,52.2577],[-0.8696,52.25808],[-0.87048,52.25793],[-0.87074,52.25829],[-0.87127,52.25819],[-0.87061,52.25984],[-0.86911,52.26151],[-0.86396,52.26605],[-0.86187,52.26468],[-0.86317,52.26338],[-0.8622,52.26158],[-0.86096,52.26142],[-0.86083,52.2606],[-0.86146,52.26007],[-0.86244,52.25991],[-0.86173,52.25904]]]}},{"type":"Feature","properties":{"id":"E01027173","name":"E01027173","parent":"E06000062","type":"LSOA","pop":1819,"r":331,"ff":144,"ffd":7916.4,"ffs":0.507,"g":46,"co":0,"mo":0,"sa":0,"ic":0},"geometry":{"type":"Polygon","coordinates":[[[-0.86022,52.25854],[-0.86229,52.25719],[-0.86061,52.25627],[-0.86121,52.25612],[-0.86214,52.25641],[-0.86252,52.25576],[-0.86087,52.25537],[-0.86075,52.25483],[-0.86185,52.25458],[-0.86211,52.25492],[-0.86343,52.25466],[-0.86367,52.25503],[-0.86474,52.25477],[-0.86543,52.25511],[-0.86564,52.25488],[-0.86599,52.25537],[-0.86649,52.25503],[-0.86678,52.25523],[-0.86859,52.25502],[-0.86863,52.25446],[-0.86909,52.2546],[-0.86962,52.25418],[-0.87038,52.25412],[-0.87127,52.25819],[-0.87074,52.25829],[-0.87048,52.25793],[-0.8696,52.25808],[-0.86927,52.2577],[-0.86879,52.25783],[-0.8688,52.25822],[-0.86573,52.25882],[-0.86487,52.25871],[-0.86442,52.25823],[-0.86217,52.25806],[-0.86173,52.25904],[-0.86075,52.25936],[-0.86003,52.25904],[-0.86022,52.25854]]]}},{"type":"Feature","properties":{"id":"E01027174","name":"E01027174","parent":"E06000062","type":"LSOA","pop":1293,"r":291,"ff":125,"ffd":9667.4,"ffs":0.5102,"g":45,"co":0,"mo":0,"sa":2,"ic":0},"geometry":{"type":"Polygon","coordinates":[[[-0.80555,52.27049],[-0.80304,52.26678],[-0.80321,52.26543],[-0.80267,52.26299],[-0.81048,52.26144],[-0.81111,52.26154],[-0.81092,52.26303],[-0.8122,52.26715],[-0.8108,52.26702],[-0.8097,52.26836],[-0.80866,52.26831],[-0.80808,52.26885],[-0.80734,52.26893],[-0.80755,52.26927],[-0.80602,52.26989],[-0.80555,52.27049]]]}},{"type":"Feature","properties":{"id":"E01027175","name":"E01027175","parent":"E06000062","type":"LSOA","pop":1981,"r":307,"ff":134,"ffd":6764.3,"ffs":0.5154,"g":46,"co":0,"mo":0,"sa":2,"ic":0},"geometry":{"type":"Polygon","coordinates":[[[-0.80945,52.27006],[-0.80918,52.26973],[-0.8097,52.26836],[-0.8108,52.26702],[-0.8122,52.26715],[-0.81092,52.26303],[-0.81111,52.26154],[-0.81125,52.26169],[-0.81427,52.26194],[-0.81449,52.26553],[-0.81539,52.26865],[-0.81547,52.27069],[-0.81276,52.2705],[-0.81229,52.27006],[-0.8106,52.27022],[-0.8105,52.27115],[-0.8102,52.2718],[-0.80888,52.27068],[-0.80945,52.27006]]]}},{"type":"Feature","properties":{"id":"E01027176","name":"E01027176","parent":"E06000062","type":"LSOA","pop":1411,"r":296,"ff":127,"ffd":9000.7,"ffs":0.51,"g":46,"co":0,"mo":0,"sa":2,"ic":0},"geometry":{"type":"Polygon","coordinates":[[[-0.80125,52.26067],[-0.8018,52.25929],[-0.80155,52.25881],[-0.8018,52.25861],[-0.80123,52.25846],[-0.8013,52.25818],[-0.80097,52.25792],[-0.80142,52.25753],[-0.80132,52.25351],[-0.80186,52.25337],[-0.80214,52.25485],[-0.80259,52.25532],[-0.80317,52.25524],[-0.80356,52.25639],[-0.80378,52.25587],[-0.80502,52.2558],[-0.80521,52.25784],[-0.80701,52.25772],[-0.80705,52.25826],[-0.80776,52.25831],[-0.80797,52.25896],[-0.80751,52.25953],[-0.80611,52.26002],[-0.80662,52.26011],[-0.80704,52.25991],[-0.80794,52.26037],[-0.80853,52.26005],[-0.80914,52.26043],[-0.81028,52.2604],[-0.81048,52.26144],[-0.80267,52.26299],[-0.80179,52.26226],[-0.80169,52.26099],[-0.80125,52.26067]]]}},{"type":"Feature","properties":{"id":"E01027177","name":"E01027177","parent":"E06000062","type":"LSOA","pop":1817,"r":313,"ff":135,"ffd":7429.8,"ffs":0.5094,"g":47,"co":0,"mo":0,"sa":2,"ic":0},"geometry":{"type":"Polygon","coordinates":[[[-0.80914,52.26043],[-0.80853,52.26005],[-0.80794,52.26037],[-0.80704,52.25991],[-0.80662,52.26011],[-0.80611,52.26002],[-0.80751,52.25953],[-0.80797,52.25896],[-0.80776,52.25831],[-0.80705,52.25826],[-0.80701,52.25772],[-0.80521,52.25784],[-0.80502,52.2558],[-0.80378,52.25587],[-0.80356,52.25639],[-0.80317,52.25524],[-0.80259,52.25532],[-0.80214,52.25485],[-0.80186,52.25337],[-0.80686,52.25196],[-0.80866,52.25178],[-0.80959,52.25432],[-0.80971,52.2579],[-0.81028,52.2604],[-0.80914,52.26043]]]}},{"type":"Feature","properties":{"id":"E01027178","name":"E01027178","parent":"E06000062","type":"LSOA","pop":2080,"r":288,"ff":124,"ffd":5961.5,"ffs":0.5124,"g":45,"co":0,"mo":0,"sa":2,"ic":0},"geometry":{"type":"Polygon","coordinates":[[[-0.8075,52.2725],[-0.80555,52.27049],[-0.80602,52.26989],[-0.80755,52.26927],[-0.80734,52.26893],[-0.80808,52.26885],[-0.80866,52.26831],[-0.8097,52.26836],[-0.80918,52.26973],[-0.80945,52.27006],[-0.80888,52.27068],[-0.8102,52.2718],[-0.8105,52.27115],[-0.8106,52.27022],[-0.81229,52.27006],[-0.81276,52.2705],[-0.81547,52.27069],[-0.81507,52.27501],[-0.80914,52.27535],[-0.80842,52.27382],[-0.8075,52.2725]]]}},{"type":"Feature","properties":{"id":"E01027179","name":"E01027179","parent":"E06000062","type":"LSOA","pop":2235,"r":324,"ff":142,"ffd":6353.5,"ffs":0.5126,"g":46,"co":0,"mo":0,"sa":0,"ic":0},"geometry":{"type":"Polygon","coordinates":[[[-0.85482,52.25716],[-0.85428,52.25488],[-0.85505,52.25512],[-0.85551,52.25457],[-0.85596,52.25443],[-0.85609,52.25392],[-0.85824,52.2535],[-0.86061,52.25627],[-0.86229,52.25719],[-0.8589,52.25937],[-0.8563,52.26041],[-0.85076,52.26155],[-0.84945,52.26059],[-0.8533,52.25983],[-0.85351,52.25925],[-0.85308,52.25895],[-0.8541,52.25831],[-0.85482,52.25716]]]}},{"type":"Feature","properties":{"id":"E01027180","name":"E01027180","parent":"E06000062","type":"LSOA","pop":2027,"r":320,"ff":141,"ffd":6956.1,"ffs":0.5165,"g":46,"co":0,"mo":0,"sa":0,"ic":0},"geometry":{"type":"Polygon","coordinates":[[[-0.85391,52.25789],[-0.85418,52.25676],[-0.85284,52.25714],[-0.8525,52.25667],[-0.85079,52.25722],[-0.85118,52.25768],[-0.85077,52.25798],[-0.84809,52.25769],[-0.8484,52.25693],[-0.84758,52.25623],[-0.84714,52.25644],[-0.84665,52.25537],[-0.8471,52.25518],[-0.847,52.25475],[-0.84622,52.25471],[-0.846,52.2544],[-0.84652,52.25346],[-0.84732,52.25367],[-0.84683,52.25293],[-0.84757,52.25297],[-0.84779,52.25352],[-0.84929,52.25308],[-0.85157,52.25327],[-0.85164,52.25275],[-0.85066,52.25146],[-0.85686,52.25062],[-0.85761,52.25283],[-0.85824,52.2535],[-0.85609,52.25392],[-0.85596,52.25443],[-0.85551,52.25457],[-0.85505,52.25512],[-0.85428,52.25488],[-0.85482,52.25716],[-0.8541,52.25831],[-0.85308,52.25895],[-0.85281,52.25863],[-0.85391,52.25789]]]}},{"type":"Feature","properties":{"id":"E01027181","name":"E01027181","parent":"E06000062","type":"LSOA","pop":1933,"r":331,"ff":145,"ffd":7501.3,"ffs":0.5124,"g":47,"co":0,"mo":0,"sa":0,"ic":0},"geometry":{"type":"Polygon","coordinates":[[[-0.8384,52.2571],[-0.83564,52.25445],[-0.8395,52.25343],[-0.84529,52.25265],[-0.85066,52.25146],[-0.85164,52.25275],[-0.85157,52.25327],[-0.84929,52.25308],[-0.84779,52.25352],[-0.84757,52.25297],[-0.84683,52.25293],[-0.84732,52.25367],[-0.84652,52.25346],[-0.846,52.2544],[-0.84622,52.25471],[-0.847,52.25475],[-0.8471,52.25518],[-0.84665,52.25537],[-0.84714,52.25644],[-0.84758,52.25623],[-0.8484,52.25693],[-0.84809,52.25769],[-0.84712,52.25803],[-0.84725,52.25858],[-0.84595,52.25967],[-0.84022,52.25998],[-0.83953,52.25866],[-0.8384,52.2571]]]}},{"type":"Feature","properties":{"id":"E01027182","name":"E01027182","parent":"E06000062","type":"LSOA","pop":1508,"r":322,"ff":143,"ffd":9482.8,"ffs":0.52,"g":46,"co":0,"mo":0,"sa":0,"ic":0},"geometry":{"type":"Polygon","coordinates":[[[-0.84293,52.26488],[-0.84022,52.25998],[-0.84595,52.25967],[-0.84725,52.25858],[-0.84712,52.25803],[-0.84809,52.25769],[-0.85077,52.25798],[-0.85118,52.25768],[-0.85079,52.25722],[-0.8525,52.25667],[-0.85284,52.25714],[-0.85418,52.25676],[-0.85391,52.25789],[-0.85281,52.25863],[-0.85351,52.25925],[-0.8533,52.25983],[-0.84945,52.26059],[-0.85076,52.26155],[-0.84957,52.26178],[-0.85093,52.26465],[-0.8501,52.26488],[-0.84756,52.26414],[-0.84672,52.26608],[-0.84502,52.26631],[-0.84518,52.26717],[-0.84406,52.2674],[-0.84374,52.26778],[-0.84325,52.26555],[-0.84293,52.26488]]]}},{"type":"Feature","properties":{"id":"E01027183","name":"E01027183","parent":"E06000062","type":"LSOA","pop":1650,"r":304,"ff":132,"ffd":8000.0,"ffs":0.5136,"g":46,"co":0,"mo":0,"sa":0,"ic":0},"geometry":{"type":"Polygon","coordinates":[[[-0.84672,52.26608],[-0.84756,52.26414],[-0.8501,52.26488],[-0.85093,52.26465],[-0.85292,52.27016],[-0.85355,52.27141],[-0.85307,52.27235],[-0.8495,52.27585],[-0.84874,52.27608],[-0.84585,52.27589],[-0.84656,52.2742],[-0.84636,52.27319],[-0.84464,52.27087],[-0.84391,52.26898],[-0.84374,52.26778],[-0.84406,52.2674],[-0.84518,52.26717],[-0.84502,52.26631],[-0.84672,52.26608]]]}},{"type":"Feature","properties":{"id":"E01027184","name":"E01027184","parent":"E06000062","type":"LSOA","pop":1641,"r":330,"ff":146,"ffd":8897.0,"ffs":0.5177,"g":47,"co":0,"mo":0,"sa":0,"ic":0},"geometry":{"type":"Polygon","coordinates":[[[-0.87918,52.25535],[-0.8766,52.25391],[-0.87571,52.25448],[-0.8754,52.25433],[-0.87645,52.2535],[-0.87566,52.25314],[-0.8754,52.25335],[-0.87459,52.25261],[-0.87534,52.252],[-0.87518,52.25176],[-0.87573,52.25159],[-0.87508,52.25112],[-0.87554,52.25098],[-0.87546,52.25045],[-0.87454,52.2502],[-0.87774,52.24946],[-0.88293,52.25221],[-0.88327,52.25211],[-0.88318,52.25245],[-0.8836,52.25276],[-0.8832,52.25303],[-0.88353,52.2534],[-0.88282,52.25387],[-0.88217,52.25374],[-0.88165,52.25406],[-0.88113,52.25395],[-0.8786,52.2525],[-0.8779,52.2531],[-0.88044,52.25469],[-0.88022,52.2549],[-0.87941,52.25498],[-0.87918,52.25535]]]}},{"type":"Feature","properties":{"id":"E01027185","name":"E01027185","parent":"E06000062","type":"LSOA","pop":1375,"r":340,"ff":151,"ffd":10981.8,"ffs":0.5136,"g":45,"co":0,"mo":0,"sa":0,"ic":0},"geometry":{"type":"Polygon","coordinates":[[[-0.89129,52.25567],[-0.89075,52.25547],[-0.8896,52.25562],[-0.88748,52.25478],[-0.88703,52.25504],[-0.88602,52.2544],[-0.88568,52.2546],[-0.88589,52.25492],[-0.8841,52.25546],[-0.88348,52.25529],[-0.88296,52.25569],[-0.88224,52.25539],[-0.88285,52.25482],[-0.88165,52.25406],[-0.88217,52.25374],[-0.88282,52.25387],[-0.88353,52.2534],[-0.8832,52.25303],[-0.8836,52.25276],[-0.88318,52.25245],[-0.88376,52.25235],[-0.88451,52.25292],[-0.88621,52.25317],[-0.88793,52.25252],[-0.88745,52.25189],[-0.88777,52.25156],[-0.88853,52.25177],[-0.88954,52.25086],[-0.89259,52.25195],[-0.89563,52.25151],[-0.89692,52.25064],[-0.89821,52.25121],[-0.89849,52.25088],[-0.89895,52.25177],[-0.89727,52.25225],[-0.89655,52.25294],[-0.89119,52.25506],[-0.89226,52.2562],[-0.8913,52.25605],[-0.89129,52.25567]]]}},{"type":"Feature","properties":{"id":"E01027186","name":"E01027186","parent":"E06000062","type":"LSOA","pop":1695,"r":341,"ff":152,"ffd":8967.6,"ffs":0.517,"g":46,"co":0,"mo":0,"sa":0,"ic":0},"geometry":{"type":"Polygon","coordinates":[[[-0.87038,52.25412],[-0.86952,52.25134],[-0.87454,52.2502],[-0.87546,52.25045],[-0.87554,52.25098],[-0.87508,52.25112],[-0.87573,52.25159],[-0.87518,52.25176],[-0.87534,52.252],[-0.87459,52.25261],[-0.8754,52.25335],[-0.87566,52.25314],[-0.87645,52.2535],[-0.87277,52.25629],[-0.87174,52.25783],[-0.87127,52.25819],[-0.87038,52.25412]]]}},{"type":"Feature","properties":{"id":"E01027187","name":"E01027187","parent":"E06000062","type":"LSOA","pop":1590,"r":343,"ff":151,"ffd":9496.9,"ffs":0.5101,"g":46,"co":0,"mo":0,"sa":0,"ic":0},"geometry":{"type":"Polygon","coordinates":[[[-0.88451,52.25292],[-0.88376,52.25235],[-0.88318,52.25245],[-0.88327,52.25211],[-0.88293,52.25221],[-0.87817,52.24977],[-0.87971,52.24718],[-0.88218,52.24683],[-0.88252,52.24641],[-0.8842,52.24738],[-0.8947,52.24571],[-0.89544,52.24593],[-0.89591,52.24665],[-0.89753,52.24635],[-0.89849,52.25088],[-0.89821,52.25121],[-0.89692,52.25064],[-0.89563,52.25151],[-0.89259,52.25195],[-0.88954,52.25086],[-0.88853,52.25177],[-0.88777,52.25156],[-0.88745,52.25189],[-0.88793,52.25252],[-0.88621,52.25317],[-0.88451,52.25292]]]}},{"type":"Feature","properties":{"id":"E01027188","name":"E01027188","parent":"E06000062","type":"LSOA","pop":2004,"r":340,"ff":150,"ffd":7485.0,"ffs":0.5119,"g":46,"co":0,"mo":0,"sa":0,"ic":0},"geometry":{"type":"Polygon","coordinates":[[[-0.87174,52.25783],[-0.87277,52.25629],[-0.8754,52.25433],[-0.87858,52.2561],[-0.87842,52.25651],[-0.87911,52.25695],[-0.87936,52.25678],[-0.88088,52.25734],[-0.88154,52.25679],[-0.88236,52.25724],[-0.88318,52.2571],[-0.88318,52.25749],[-0.88157,52.25839],[-0.88029,52.25972],[-0.88015,52.2603],[-0.88119,52.26188],[-0.87876,52.2622],[-0.87616,52.2632],[-0.87328,52.26089],[-0.87061,52.25984],[-0.87127,52.25819],[-0.87174,52.25783]]]}},{"type":"Feature","properties":{"id":"E01027189","name":"E01027189","parent":"E06000062","type":"LSOA","pop":1912,"r":342,"ff":151,"ffd":7897.5,"ffs":0.5119,"g":46,"co":0,"mo":0,"sa":0,"ic":0},"geometry":{"type":"Polygon","coordinates":[[[-0.88318,52.25749],[-0.88318,52.2571],[-0.88236,52.25724],[-0.88154,52.25679],[-0.88088,52.25734],[-0.87936,52.25678],[-0.87911,52.25695],[-0.87842,52.25651],[-0.87858,52.2561],[-0.87571,52.25448],[-0.8766,52.25391],[-0.87918,52.25535],[-0.87941,52.25498],[-0.88022,52.2549],[-0.88044,52.25469],[-0.8779,52.2531],[-0.8786,52.2525],[-0.88285,52.25482],[-0.88224,52.25539],[-0.88296,52.25569],[-0.88348,52.25529],[-0.8841,52.25546],[-0.88589,52.25492],[-0.88568,52.2546],[-0.88602,52.2544],[-0.88703,52.25504],[-0.88748,52.25478],[-0.8896,52.25562],[-0.89075,52.25547],[-0.89129,52.25567],[-0.8913,52.25605],[-0.89036,52.25602],[-0.88438,52.25788],[-0.88318,52.25749]]]}},{"type":"Feature","properties":{"id":"E01027190","name":"E01027190","parent":"E06000062","type":"LSOA","pop":1560,"r":331,"ff":146,"ffd":9359.0,"ffs":0.5159,"g":47,"co":0,"mo":0,"sa":0,"ic":0},"geometry":{"type":"Polygon","coordinates":[[[-0.90862,52.26591],[-0.90676,52.26512],[-0.90592,52.26569],[-0.90473,52.26507],[-0.90648,52.26362],[-0.90464,52.26299],[-0.90351,52.26363],[-0.90284,52.26486],[-0.90134,52.26407],[-0.90008,52.26278],[-0.90037,52.26134],[-0.90136,52.26085],[-0.90236,52.26152],[-0.90334,52.26101],[-0.90224,52.26017],[-0.90052,52.2601],[-0.90046,52.25949],[-0.90239,52.25845],[-0.90245,52.25773],[-0.90399,52.25623],[-0.90693,52.25535],[-0.91127,52.25458],[-0.9128,52.25958],[-0.91494,52.26342],[-0.91262,52.26449],[-0.91011,52.26306],[-0.90904,52.26312],[-0.90936,52.26355],[-0.90993,52.26367],[-0.90859,52.2649],[-0.90907,52.26527],[-0.90862,52.26591]]]}},{"type":"Feature","properties":{"id":"E01027191","name":"E01027191","parent":"E06000062","type":"LSOA","pop":2204,"r":335,"ff":149,"ffd":6760.4,"ffs":0.5174,"g":46,"co":0,"mo":0,"sa":0,"ic":0},"geometry":{"type":"Polygon","coordinates":[[[-0.90236,52.26152],[-0.90136,52.26085],[-0.90037,52.26134],[-0.9001,52.26001],[-0.89952,52.25936],[-0.89662,52.25779],[-0.89711,52.25746],[-0.89775,52.25769],[-0.89795,52.25596],[-0.89859,52.25612],[-0.89867,52.25422],[-0.89954,52.25448],[-0.89954,52.25388],[-0.89817,52.25351],[-0.89743,52.25462],[-0.89672,52.25447],[-0.89651,52.2541],[-0.89712,52.25384],[-0.89655,52.25294],[-0.89727,52.25225],[-0.89895,52.25177],[-0.89926,52.25225],[-0.90316,52.2509],[-0.90856,52.25094],[-0.91127,52.25458],[-0.90693,52.25535],[-0.90399,52.25623],[-0.90245,52.25773],[-0.90239,52.25845],[-0.90046,52.25949],[-0.90052,52.2601],[-0.90224,52.26017],[-0.90334,52.26101],[-0.90236,52.26152]]]}},{"type":"Feature","properties":{"id":"E01027192","name":"E01027192","parent":"E06000062","type":"LSOA","pop":1618,"r":337,"ff":150,"ffd":9270.7,"ffs":0.5172,"g":46,"co":0,"mo":0,"sa":0,"ic":0},"geometry":{"type":"Polygon","coordinates":[[[-0.89616,52.25757],[-0.89226,52.2562],[-0.89119,52.25506],[-0.89655,52.25294],[-0.89712,52.25384],[-0.89651,52.2541],[-0.89672,52.25447],[-0.89743,52.25462],[-0.89817,52.25351],[-0.89954,52.25388],[-0.89954,52.25448],[-0.89867,52.25422],[-0.89859,52.25612],[-0.89795,52.25596],[-0.89775,52.25769],[-0.89711,52.25746],[-0.89662,52.25779],[-0.89616,52.25757]]]}},{"type":"Feature","properties":{"id":"E01027193","name":"E01027193","parent":"E06000062","type":"LSOA","pop":1470,"r":318,"ff":141,"ffd":9591.8,"ffs":0.5165,"g":44,"co":2,"mo":0,"sa":0,"ic":0},"geometry":{"type":"Polygon","coordinates":[[[-0.91522,52.27088],[-0.91215,52.2694],[-0.9132,52.26845],[-0.91285,52.26819],[-0.91396,52.26799],[-0.91489,52.2673],[-0.91447,52.26708],[-0.91678,52.26629],[-0.91479,52.26351],[-0.91494,52.26342],[-0.91715,52.26539],[-0.91956,52.26682],[-0.92581,52.26893],[-0.93242,52.27078],[-0.93232,52.27099],[-0.92901,52.26994],[-0.92824,52.27118],[-0.92466,52.27172],[-0.92518,52.27262],[-0.92414,52.27365],[-0.9225,52.27385],[-0.92286,52.27515],[-0.92259,52.27667],[-0.92154,52.27661],[-0.92094,52.27424],[-0.91901,52.27258],[-0.91522,52.27088]]]}},{"type":"Feature","properties":{"id":"E01027194","name":"E01027194","parent":"E06000062","type":"LSOA","pop":1402,"r":324,"ff":143,"ffd":10199.7,"ffs":0.5144,"g":45,"co":2,"mo":0,"sa":0,"ic":0},"geometry":{"type":"Polygon","coordinates":[[[-0.90999,52.26828],[-0.90284,52.26486],[-0.90351,52.26363],[-0.90464,52.26299],[-0.90648,52.26362],[-0.90473,52.26507],[-0.90592,52.26569],[-0.90676,52.26512],[-0.90862,52.26591],[-0.90907,52.26527],[-0.90859,52.2649],[-0.90993,52.26367],[-0.90936,52.26355],[-0.90904,52.26312],[-0.91011,52.26306],[-0.91262,52.26449],[-0.91479,52.26351],[-0.91678,52.26629],[-0.91447,52.26708],[-0.91489,52.2673],[-0.91396,52.26799],[-0.91285,52.26819],[-0.9132,52.26845],[-0.91215,52.2694],[-0.90999,52.26828]]]}},{"type":"Feature","properties":{"id":"E01027195","name":"E01027195","parent":"E06000062","type":"LSOA","pop":1790,"r":304,"ff":132,"ffd":7374.3,"ffs":0.5136,"g":46,"co":0,"mo":0,"sa":0,"ic":0},"geometry":{"type":"Polygon","coordinates":[[[-0.83797,52.26387],[-0.83723,52.26245],[-0.83559,52.26268],[-0.83676,52.26188],[-0.83742,52.2619],[-0.83767,52.26118],[-0.83569,52.26154],[-0.83473,52.26059],[-0.83599,52.25978],[-0.83568,52.25892],[-0.83786,52.25805],[-0.83834,52.25744],[-0.83696,52.25692],[-0.83501,52.25465],[-0.83564,52.25445],[-0.8384,52.2571],[-0.83953,52.25866],[-0.84325,52.26555],[-0.84375,52.268],[-0.83583,52.26775],[-0.83544,52.2676],[-0.83582,52.26547],[-0.83852,52.26495],[-0.83797,52.26387]]]}},{"type":"Feature","properties":{"id":"E01027196","name":"E01027196","parent":"E06000062","type":"LSOA","pop":1748,"r":304,"ff":132,"ffd":7551.5,"ffs":0.5136,"g":46,"co":0,"mo":0,"sa":0,"ic":0},"geometry":{"type":"Polygon","coordinates":[[[-0.83102,52.26825],[-0.82968,52.26728],[-0.82875,52.26749],[-0.82833,52.26653],[-0.82671,52.26676],[-0.82569,52.2673],[-0.82491,52.26619],[-0.82603,52.26591],[-0.82691,52.26528],[-0.82756,52.26534],[-0.82491,52.26227],[-0.82335,52.26214],[-0.82255,52.26266],[-0.82012,52.26102],[-0.82373,52.26011],[-0.8268,52.25869],[-0.82677,52.26003],[-0.82952,52.26098],[-0.8299,52.26165],[-0.83055,52.26141],[-0.83173,52.2625],[-0.83291,52.26281],[-0.83223,52.26395],[-0.83252,52.26414],[-0.83173,52.26467],[-0.83177,52.26501],[-0.83263,52.26557],[-0.83158,52.26576],[-0.83186,52.26662],[-0.83246,52.267],[-0.83183,52.26803],[-0.83102,52.26825]]]}},{"type":"Feature","properties":{"id":"E01027197","name":"E01027197","parent":"E06000062","type":"LSOA","pop":1604,"r":304,"ff":132,"ffd":8229.4,"ffs":0.5136,"g":46,"co":0,"mo":0,"sa":0,"ic":0},"geometry":{"type":"Polygon","coordinates":[[[-0.81777,52.26542],[-0.81767,52.2647],[-0.81449,52.26553],[-0.81427,52.26194],[-0.81682,52.2618],[-0.82012,52.26102],[-0.82255,52.26266],[-0.82335,52.26214],[-0.82491,52.26227],[-0.8259,52.26356],[-0.82358,52.26401],[-0.82246,52.2638],[-0.82241,52.26336],[-0.82184,52.26335],[-0.82168,52.26411],[-0.82116,52.26435],[-0.82127,52.26494],[-0.82028,52.26535],[-0.8207,52.26591],[-0.81959,52.2661],[-0.81966,52.26638],[-0.81806,52.26646],[-0.81749,52.26612],[-0.81824,52.2657],[-0.81777,52.26542]]]}},{"type":"Feature","properties":{"id":"E01027198","name":"E01027198","parent":"E06000062","type":"LSOA","pop":1957,"r":304,"ff":132,"ffd":6745.0,"ffs":0.5136,"g":46,"co":0,"mo":0,"sa":0,"ic":0},"geometry":{"type":"Polygon","coordinates":[[[-0.83291,52.26281],[-0.83173,52.2625],[-0.83055,52.26141],[-0.8299,52.26165],[-0.82952,52.26098],[-0.82677,52.26003],[-0.8268,52.25869],[-0.83003,52.25664],[-0.83501,52.25465],[-0.83696,52.25692],[-0.83834,52.25744],[-0.83786,52.25805],[-0.83568,52.25892],[-0.83599,52.25978],[-0.83473,52.26059],[-0.83569,52.26154],[-0.83767,52.26118],[-0.83742,52.2619],[-0.83676,52.26188],[-0.83559,52.26268],[-0.83723,52.26245],[-0.83852,52.26495],[-0.83582,52.26547],[-0.83562,52.26647],[-0.83246,52.267],[-0.83186,52.26662],[-0.83158,52.26576],[-0.83263,52.26557],[-0.83177,52.26501],[-0.83173,52.26467],[-0.83252,52.26414],[-0.83223,52.26395],[-0.83291,52.26281]]]}},{"type":"Feature","properties":{"id":"E01027199","name":"E01027199","parent":"E06000062","type":"LSOA","pop":1487,"r":304,"ff":132,"ffd":8876.9,"ffs":0.5136,"g":46,"co":0,"mo":0,"sa":2,"ic":0},"geometry":{"type":"Polygon","coordinates":[[[-0.81912,52.26921],[-0.8178,52.26837],[-0.81539,52.26865],[-0.81449,52.26553],[-0.81767,52.2647],[-0.81777,52.26542],[-0.81824,52.2657],[-0.81749,52.26612],[-0.81806,52.26646],[-0.81966,52.26638],[-0.81959,52.2661],[-0.8207,52.26591],[-0.82028,52.26535],[-0.82127,52.26494],[-0.82116,52.26435],[-0.82168,52.26411],[-0.82184,52.26335],[-0.82241,52.26336],[-0.82246,52.2638],[-0.82358,52.26401],[-0.8259,52.26356],[-0.82756,52.26534],[-0.82691,52.26528],[-0.82603,52.26591],[-0.82491,52.26619],[-0.82378,52.26694],[-0.82333,52.26824],[-0.82071,52.2681],[-0.81955,52.26772],[-0.8195,52.26806],[-0.82032,52.26846],[-0.81912,52.26921]]]}},{"type":"Feature","properties":{"id":"E01027200","name":"E01027200","parent":"E06000062","type":"LSOA","pop":1681,"r":304,"ff":132,"ffd":7852.5,"ffs":0.5136,"g":46,"co":0,"mo":0,"sa":2,"ic":0},"geometry":{"type":"Polygon","coordinates":[[[-0.81542,52.27225],[-0.81539,52.26865],[-0.8178,52.26837],[-0.81912,52.26921],[-0.82032,52.26846],[-0.8195,52.26806],[-0.81955,52.26772],[-0.82071,52.2681],[-0.82333,52.26824],[-0.82378,52.26694],[-0.82491,52.26619],[-0.82569,52.2673],[-0.82671,52.26676],[-0.82833,52.26653],[-0.82875,52.26749],[-0.82886,52.26879],[-0.82817,52.26917],[-0.82617,52.26941],[-0.82498,52.27076],[-0.82375,52.27112],[-0.82377,52.27157],[-0.81998,52.27142],[-0.81542,52.27225]]]}},{"type":"Feature","properties":{"id":"E01027201","name":"E01027201","parent":"E06000062","type":"LSOA","pop":2336,"r":326,"ff":142,"ffd":6078.8,"ffs":0.5108,"g":47,"co":0,"mo":0,"sa":0,"ic":0},"geometry":{"type":"Polygon","coordinates":[[[-0.88804,52.21442],[-0.88703,52.21424],[-0.88679,52.21473],[-0.88715,52.21514],[-0.88593,52.21521],[-0.88459,52.21411],[-0.88278,52.2143],[-0.88283,52.21455],[-0.88188,52.21482],[-0.88115,52.21374],[-0.88026,52.21372],[-0.87922,52.21325],[-0.87932,52.21236],[-0.88094,52.21225],[-0.88187,52.21167],[-0.88188,52.21088],[-0.88289,52.21057],[-0.88282,52.21011],[-0.88206,52.21012],[-0.88177,52.20918],[-0.88116,52.20904],[-0.8805,52.20935],[-0.87967,52.20879],[-0.87957,52.20828],[-0.88233,52.20794],[-0.88437,52.2083],[-0.88502,52.206],[-0.88575,52.20628],[-0.88609,52.20582],[-0.88706,52.20626],[-0.88768,52.20583],[-0.88855,52.20587],[-0.88913,52.20637],[-0.88792,52.20645],[-0.88827,52.20704],[-0.88929,52.20747],[-0.88897,52.20771],[-0.88983,52.20797],[-0.88819,52.20941],[-0.88919,52.20958],[-0.89189,52.20731],[-0.89492,52.21142],[-0.89508,52.21286],[-0.8942,52.21461],[-0.89357,52.21521],[-0.89144,52.21631],[-0.8884,52.21684],[-0.88804,52.21442]]]}},{"type":"Feature","properties":{"id":"E01027202","name":"E01027202","parent":"E06000062","type":"LSOA","pop":2053,"r":322,"ff":143,"ffd":6965.4,"ffs":0.5219,"g":47,"co":0,"mo":0,"sa":0,"ic":0},"geometry":{"type":"Polygon","coordinates":[[[-0.84049,52.23603],[-0.83878,52.23316],[-0.83644,52.2334],[-0.83414,52.23327],[-0.83393,52.23304],[-0.83367,52.23223],[-0.83319,52.23204],[-0.83494,52.23133],[-0.83471,52.23056],[-0.83541,52.22799],[-0.83409,52.22626],[-0.83162,52.225],[-0.83014,52.22346],[-0.83392,52.22272],[-0.83377,52.22114],[-0.83657,52.22057],[-0.83563,52.21816],[-0.83756,52.21751],[-0.83807,52.21793],[-0.83847,52.21733],[-0.83857,52.21423],[-0.83701,52.21169],[-0.84082,52.20925],[-0.84708,52.20772],[-0.85104,52.20786],[-0.85434,52.20754],[-0.86567,52.20479],[-0.86811,52.20583],[-0.87106,52.206],[-0.87389,52.20664],[-0.8776,52.20807],[-0.87957,52.20828],[-0.87967,52.20879],[-0.8805,52.20935],[-0.88116,52.20904],[-0.88177,52.20918],[-0.88206,52.21012],[-0.88282,52.21011],[-0.88289,52.21057],[-0.88188,52.21088],[-0.88187,52.21167],[-0.88094,52.21225],[-0.87932,52.21236],[-0.87922,52.21325],[-0.88026,52.21372],[-0.88115,52.21374],[-0.88188,52.21482],[-0.88283,52.21455],[-0.88278,52.2143],[-0.88459,52.21411],[-0.88593,52.21521],[-0.88715,52.21514],[-0.88679,52.21473],[-0.88703,52.21424],[-0.88804,52.21442],[-0.8884,52.21684],[-0.88642,52.217],[-0.88142,52.21812],[-0.87798,52.2199],[-0.87354,52.22401],[-0.86948,52.22991],[-0.86754,52.23117],[-0.85976,52.23377],[-0.85402,52.23516],[-0.85128,52.23613],[-0.84929,52.23707],[-0.84466,52.24019],[-0.84081,52.23816],[-0.84006,52.23738],[-0.84098,52.23697],[-0.84049,52.23603]]]}},{"type":"Feature","properties":{"id":"E01027203","name":"E01027203","parent":"E06000062","type":"LSOA","pop":1661,"r":316,"ff":139,"ffd":8368.5,"ffs":0.5187,"g":47,"co":0,"mo":0,"sa":0,"ic":0},"geometry":{"type":"Polygon","coordinates":[[[-0.8776,52.20807],[-0.87389,52.20664],[-0.87106,52.206],[-0.87135,52.20474],[-0.87248,52.20481],[-0.87217,52.20566],[-0.87255,52.2057],[-0.87305,52.20549],[-0.87305,52.20482],[-0.87466,52.2046],[-0.87485,52.2043],[-0.87542,52.20457],[-0.87672,52.20448],[-0.87629,52.20406],[-0.87662,52.20372],[-0.87692,52.20374],[-0.87867,52.20415],[-0.87919,52.20514],[-0.87938,52.20603],[-0.88055,52.20596],[-0.88064,52.20541],[-0.88134,52.20539],[-0.8815,52.20506],[-0.88256,52.20526],[-0.88359,52.20624],[-0.88315,52.20638],[-0.88325,52.20725],[-0.88401,52.20756],[-0.88465,52.20732],[-0.88437,52.2083],[-0.88233,52.20794],[-0.87957,52.20828],[-0.8776,52.20807]]]}},{"type":"Feature","properties":{"id":"E01027204","name":"E01027204","parent":"E06000062","type":"LSOA","pop":1825,"r":316,"ff":140,"ffd":7671.2,"ffs":0.5224,"g":47,"co":0,"mo":0,"sa":0,"ic":0},"geometry":{"type":"Polygon","coordinates":[[[-0.88855,52.20587],[-0.88768,52.20583],[-0.88706,52.20626],[-0.88609,52.20582],[-0.88575,52.20628],[-0.88502,52.206],[-0.88465,52.20732],[-0.88401,52.20756],[-0.88325,52.20725],[-0.88315,52.20638],[-0.88359,52.20624],[-0.88256,52.20526],[-0.8815,52.20506],[-0.88134,52.20539],[-0.88064,52.20541],[-0.88055,52.20596],[-0.87938,52.20603],[-0.87919,52.20514],[-0.87976,52.20515],[-0.8799,52.20542],[-0.88063,52.20517],[-0.88071,52.20437],[-0.88167,52.20389],[-0.88095,52.20333],[-0.88021,52.20328],[-0.88059,52.20206],[-0.88169,52.20212],[-0.88254,52.20114],[-0.88442,52.20119],[-0.88505,52.20054],[-0.8848,52.20006],[-0.88601,52.19976],[-0.88623,52.19998],[-0.88565,52.20037],[-0.887,52.20003],[-0.88878,52.20025],[-0.889,52.20049],[-0.88866,52.20087],[-0.88899,52.20115],[-0.88793,52.20138],[-0.88769,52.20195],[-0.88867,52.20356],[-0.89069,52.20485],[-0.89118,52.2047],[-0.89125,52.2056],[-0.89189,52.20731],[-0.88919,52.20958],[-0.88819,52.20941],[-0.88983,52.20797],[-0.88897,52.20771],[-0.88929,52.20747],[-0.88827,52.20704],[-0.88792,52.20645],[-0.88913,52.20637],[-0.88855,52.20587]]]}},{"type":"Feature","properties":{"id":"E01027205","name":"E01027205","parent":"E06000062","type":"LSOA","pop":2210,"r":309,"ff":137,"ffd":6199.1,"ffs":0.5249,"g":47,"co":0,"mo":0,"sa":0,"ic":0},"geometry":{"type":"Polygon","coordinates":[[[-0.86567,52.20479],[-0.86506,52.20445],[-0.86897,52.20244],[-0.86941,52.20258],[-0.87012,52.20229],[-0.87578,52.19947],[-0.87662,52.1986],[-0.87815,52.1998],[-0.88073,52.20079],[-0.88021,52.20328],[-0.88095,52.20333],[-0.88167,52.20389],[-0.88071,52.20437],[-0.88063,52.20517],[-0.8799,52.20542],[-0.87976,52.20515],[-0.87919,52.20514],[-0.87867,52.20415],[-0.87692,52.20374],[-0.87662,52.20372],[-0.87629,52.20406],[-0.87672,52.20448],[-0.87542,52.20457],[-0.87485,52.2043],[-0.87466,52.2046],[-0.87305,52.20482],[-0.87305,52.20549],[-0.87255,52.2057],[-0.87217,52.20566],[-0.87248,52.20481],[-0.87135,52.20474],[-0.87106,52.206],[-0.86811,52.20583],[-0.86567,52.20479]]]}},{"type":"Feature","properties":{"id":"E01027207","name":"E01027207","parent":"E06000062","type":"LSOA","pop":1396,"r":284,"ff":123,"ffd":8810.9,"ffs":0.5083,"g":41,"co":2,"mo":0,"sa":0,"ic":0},"geometry":{"type":"Polygon","coordinates":[[[-0.94765,52.2579],[-0.94044,52.25549],[-0.93949,52.25503],[-0.94249,52.25425],[-0.94244,52.25395],[-0.94292,52.25364],[-0.94255,52.25325],[-0.94428,52.25299],[-0.94425,52.25332],[-0.94569,52.2533],[-0.94622,52.25462],[-0.94693,52.25491],[-0.94765,52.25454],[-0.9472,52.25442],[-0.94772,52.25314],[-0.94882,52.2534],[-0.94996,52.25422],[-0.95085,52.25284],[-0.9515,52.25273],[-0.95167,52.25314],[-0.95253,52.25348],[-0.95271,52.25446],[-0.95359,52.25478],[-0.9541,52.2547],[-0.9547,52.25539],[-0.95397,52.25626],[-0.9543,52.25669],[-0.95392,52.25714],[-0.95354,52.2569],[-0.95273,52.25709],[-0.95251,52.25664],[-0.95194,52.25682],[-0.95208,52.25721],[-0.95132,52.25805],[-0.952,52.25911],[-0.95171,52.2597],[-0.94765,52.2579]]]}},{"type":"Feature","properties":{"id":"E01027208","name":"E01027208","parent":"E06000062","type":"LSOA","pop":1451,"r":279,"ff":122,"ffd":8408.0,"ffs":0.5126,"g":40,"co":2,"mo":0,"sa":0,"ic":0},"geometry":{"type":"Polygon","coordinates":[[[-0.95132,52.25805],[-0.95208,52.25721],[-0.95194,52.25682],[-0.95251,52.25664],[-0.95273,52.25709],[-0.95354,52.2569],[-0.95392,52.25714],[-0.95531,52.25736],[-0.95682,52.25651],[-0.95862,52.25761],[-0.96048,52.25659],[-0.96046,52.25618],[-0.96157,52.25624],[-0.96203,52.25646],[-0.96183,52.25664],[-0.9621,52.2573],[-0.96311,52.25741],[-0.96347,52.25711],[-0.96414,52.25737],[-0.96003,52.26084],[-0.9582,52.26147],[-0.95504,52.26196],[-0.95424,52.26089],[-0.95171,52.2597],[-0.952,52.25911],[-0.95132,52.25805]]]}},{"type":"Feature","properties":{"id":"E01027209","name":"E01027209","parent":"E06000062","type":"LSOA","pop":1160,"r":273,"ff":121,"ffd":10431.0,"ffs":0.5216,"g":40,"co":2,"mo":0,"sa":0,"ic":0},"geometry":{"type":"Polygon","coordinates":[[[-0.95682,52.25651],[-0.95781,52.2559],[-0.95872,52.25568],[-0.95876,52.25529],[-0.96042,52.25432],[-0.96066,52.25321],[-0.96205,52.25394],[-0.96181,52.25426],[-0.96276,52.25451],[-0.96243,52.25511],[-0.96315,52.25462],[-0.96333,52.2541],[-0.9642,52.25386],[-0.96401,52.25352],[-0.96485,52.25341],[-0.96499,52.25369],[-0.96565,52.2534],[-0.96529,52.25314],[-0.96549,52.2527],[-0.96619,52.25266],[-0.96566,52.25232],[-0.96594,52.2519],[-0.96733,52.25188],[-0.96614,52.25389],[-0.96589,52.25532],[-0.96552,52.25616],[-0.96414,52.25737],[-0.96347,52.25711],[-0.96311,52.25741],[-0.9621,52.2573],[-0.96183,52.25664],[-0.96203,52.25646],[-0.96157,52.25624],[-0.96046,52.25618],[-0.96048,52.25659],[-0.95862,52.25761],[-0.95682,52.25651]]]}},{"type":"Feature","properties":{"id":"E01027210","name":"E01027210","parent":"E06000062","type":"LSOA","pop":1194,"r":290,"ff":127,"ffd":10636.5,"ffs":0.5142,"g":42,"co":2,"mo":0,"sa":0,"ic":0},"geometry":{"type":"Polygon","coordinates":[[[-0.94622,52.25462],[-0.94569,52.2533],[-0.94425,52.25332],[-0.94428,52.25299],[-0.94344,52.25302],[-0.94321,52.2528],[-0.94514,52.25169],[-0.94474,52.25144],[-0.94902,52.24901],[-0.95001,52.24866],[-0.95128,52.2517],[-0.95246,52.25125],[-0.95256,52.25158],[-0.95167,52.25314],[-0.9515,52.25273],[-0.95085,52.25284],[-0.94996,52.25422],[-0.94882,52.2534],[-0.94772,52.25314],[-0.9472,52.25442],[-0.94765,52.25454],[-0.94693,52.25491],[-0.94622,52.25462]]]}},{"type":"Feature","properties":{"id":"E01027211","name":"E01027211","parent":"E06000062","type":"LSOA","pop":1362,"r":279,"ff":122,"ffd":8957.4,"ffs":0.5148,"g":41,"co":2,"mo":0,"sa":0,"ic":0},"geometry":{"type":"Polygon","coordinates":[[[-0.9547,52.25539],[-0.9541,52.2547],[-0.95359,52.25478],[-0.95271,52.25446],[-0.95253,52.25348],[-0.95167,52.25314],[-0.95256,52.25158],[-0.95269,52.25198],[-0.95417,52.25135],[-0.9551,52.25177],[-0.95547,52.25146],[-0.95647,52.25163],[-0.95751,52.25079],[-0.95899,52.25053],[-0.95969,52.25125],[-0.96006,52.25187],[-0.95906,52.25351],[-0.96051,52.2539],[-0.96042,52.25432],[-0.95876,52.25529],[-0.95872,52.25568],[-0.95781,52.2559],[-0.95531,52.25736],[-0.95392,52.25714],[-0.9543,52.25669],[-0.95397,52.25626],[-0.9547,52.25539]]]}},{"type":"Feature","properties":{"id":"E01027212","name":"E01027212","parent":"E06000062","type":"LSOA","pop":1474,"r":273,"ff":121,"ffd":8209.0,"ffs":0.5238,"g":41,"co":2,"mo":0,"sa":0,"ic":0},"geometry":{"type":"Polygon","coordinates":[[[-0.96205,52.25394],[-0.96066,52.25321],[-0.96051,52.2539],[-0.95906,52.25351],[-0.96006,52.25187],[-0.95899,52.25053],[-0.95999,52.25024],[-0.96191,52.2489],[-0.96452,52.24962],[-0.96828,52.25029],[-0.96733,52.25188],[-0.96594,52.2519],[-0.96566,52.25232],[-0.96619,52.25266],[-0.96549,52.2527],[-0.96529,52.25314],[-0.96565,52.2534],[-0.96499,52.25369],[-0.96485,52.25341],[-0.96401,52.25352],[-0.9642,52.25386],[-0.96333,52.2541],[-0.96315,52.25462],[-0.96243,52.25511],[-0.96276,52.25451],[-0.96181,52.25426],[-0.96205,52.25394]]]}},{"type":"Feature","properties":{"id":"E01027213","name":"E01027213","parent":"E06000062","type":"LSOA","pop":1683,"r":299,"ff":130,"ffd":7724.3,"ffs":0.5098,"g":43,"co":2,"mo":0,"sa":0,"ic":0},"geometry":{"type":"Polygon","coordinates":[[[-0.93809,52.25274],[-0.93866,52.25196],[-0.93972,52.25221],[-0.94009,52.25196],[-0.93936,52.25156],[-0.94017,52.251],[-0.94019,52.25044],[-0.93965,52.25011],[-0.93835,52.25012],[-0.93887,52.24934],[-0.93766,52.24948],[-0.93876,52.24848],[-0.93967,52.24888],[-0.94185,52.24677],[-0.94245,52.24666],[-0.94276,52.24569],[-0.94368,52.24563],[-0.94561,52.2473],[-0.94484,52.24771],[-0.94389,52.24746],[-0.94365,52.24768],[-0.94448,52.24819],[-0.94453,52.24886],[-0.94267,52.25025],[-0.94514,52.25169],[-0.94321,52.2528],[-0.94344,52.25302],[-0.94255,52.25325],[-0.94292,52.25364],[-0.94244,52.25395],[-0.94249,52.25425],[-0.93949,52.25503],[-0.93702,52.25361],[-0.93809,52.25274]]]}},{"type":"Feature","properties":{"id":"E01027214","name":"E01027214","parent":"E06000062","type":"LSOA","pop":1643,"r":308,"ff":137,"ffd":8338.4,"ffs":0.5229,"g":45,"co":0,"mo":0,"sa":0,"ic":0},"geometry":{"type":"Polygon","coordinates":[[[-0.93023,52.25495],[-0.93325,52.25163],[-0.93248,52.25127],[-0.93311,52.25093],[-0.93309,52.25048],[-0.93244,52.2505],[-0.93256,52.25022],[-0.93354,52.25009],[-0.93618,52.24838],[-0.93781,52.24843],[-0.93572,52.25009],[-0.93612,52.25027],[-0.93682,52.24991],[-0.93762,52.25084],[-0.93827,52.2501],[-0.9376,52.24989],[-0.93766,52.24948],[-0.93887,52.24934],[-0.93835,52.25012],[-0.93965,52.25011],[-0.94019,52.25044],[-0.94017,52.251],[-0.93936,52.25156],[-0.94009,52.25196],[-0.93972,52.25221],[-0.93866,52.25196],[-0.93809,52.25274],[-0.93702,52.25361],[-0.94044,52.25549],[-0.93793,52.25687],[-0.93695,52.25782],[-0.93127,52.25525],[-0.93023,52.25495]]]}},{"type":"Feature","properties":{"id":"E01027215","name":"E01027215","parent":"E06000062","type":"LSOA","pop":1479,"r":292,"ff":129,"ffd":8722.1,"ffs":0.5223,"g":44,"co":2,"mo":0,"sa":0,"ic":0},"geometry":{"type":"Polygon","coordinates":[[[-0.95256,52.25158],[-0.95246,52.25125],[-0.95128,52.2517],[-0.95001,52.24866],[-0.94902,52.24901],[-0.94474,52.25144],[-0.94267,52.25025],[-0.94453,52.24886],[-0.94448,52.24819],[-0.94365,52.24768],[-0.94389,52.24746],[-0.94484,52.24771],[-0.94561,52.2473],[-0.9448,52.24667],[-0.94739,52.24568],[-0.95084,52.24532],[-0.95409,52.24659],[-0.96191,52.2489],[-0.95999,52.25024],[-0.95751,52.25079],[-0.95647,52.25163],[-0.95547,52.25146],[-0.9551,52.25177],[-0.95417,52.25135],[-0.95269,52.25198],[-0.95256,52.25158]]]}},{"type":"Feature","properties":{"id":"E01027216","name":"E01027216","parent":"E06000062","type":"LSOA","pop":2297,"r":312,"ff":139,"ffd":6051.4,"ffs":0.5226,"g":45,"co":2,"mo":0,"sa":0,"ic":0},"geometry":{"type":"Polygon","coordinates":[[[-0.93248,52.25127],[-0.9248,52.24783],[-0.92748,52.24593],[-0.93542,52.24318],[-0.93839,52.24521],[-0.93898,52.2458],[-0.94011,52.24605],[-0.94198,52.24525],[-0.94333,52.24571],[-0.94276,52.24569],[-0.94245,52.24666],[-0.94185,52.24677],[-0.93967,52.24888],[-0.93876,52.24848],[-0.93766,52.24948],[-0.9376,52.24989],[-0.93827,52.2501],[-0.93762,52.25084],[-0.93682,52.24991],[-0.93612,52.25027],[-0.93572,52.25009],[-0.93781,52.24843],[-0.93618,52.24838],[-0.93354,52.25009],[-0.93256,52.25022],[-0.93244,52.2505],[-0.93309,52.25048],[-0.93311,52.25093],[-0.93248,52.25127]]]}},{"type":"Feature","properties":{"id":"E01027217","name":"E01027217","parent":"E06000062","type":"LSOA","pop":2674,"r":316,"ff":137,"ffd":5123.4,"ffs":0.5112,"g":47,"co":2,"mo":0,"sa":0,"ic":0},"geometry":{"type":"Polygon","coordinates":[[[-0.9448,52.24667],[-0.94368,52.24563],[-0.94333,52.24571],[-0.94198,52.24525],[-0.94011,52.24605],[-0.93898,52.2458],[-0.93839,52.24521],[-0.93542,52.24318],[-0.93756,52.24208],[-0.9383,52.24062],[-0.93789,52.23736],[-0.94174,52.2371],[-0.94279,52.23759],[-0.94772,52.24087],[-0.94945,52.24267],[-0.95084,52.24532],[-0.94739,52.24568],[-0.9448,52.24667]]]}},{"type":"Feature","properties":{"id":"E01027218","name":"E01027218","parent":"E06000062","type":"LSOA","pop":1718,"r":304,"ff":132,"ffd":7683.4,"ffs":0.5136,"g":46,"co":0,"mo":0,"sa":0,"ic":0},"geometry":{"type":"Polygon","coordinates":[[[-0.87551,52.28232],[-0.87437,52.28075],[-0.87114,52.28075],[-0.8694,52.27965],[-0.869,52.27848],[-0.86604,52.27845],[-0.86531,52.27795],[-0.86475,52.2743],[-0.86413,52.27359],[-0.86306,52.27327],[-0.86359,52.27211],[-0.866,52.27081],[-0.86938,52.26978],[-0.86901,52.2695],[-0.87037,52.26905],[-0.87072,52.26845],[-0.86809,52.26948],[-0.8676,52.26928],[-0.86818,52.26886],[-0.86706,52.26893],[-0.86647,52.26866],[-0.86672,52.26833],[-0.87049,52.26822],[-0.869,52.26766],[-0.87045,52.26661],[-0.87093,52.26697],[-0.87104,52.26731],[-0.87224,52.26681],[-0.87218,52.26632],[-0.87412,52.26423],[-0.8754,52.26431],[-0.87926,52.26378],[-0.88301,52.26434],[-0.88255,52.26823],[-0.88156,52.26936],[-0.88079,52.27091],[-0.87797,52.27269],[-0.88053,52.27699],[-0.88232,52.27809],[-0.87964,52.28032],[-0.87551,52.28232]]]}},{"type":"Feature","properties":{"id":"E01027219","name":"E01027219","parent":"E06000062","type":"LSOA","pop":1885,"r":304,"ff":132,"ffd":7002.7,"ffs":0.5136,"g":46,"co":0,"mo":0,"sa":0,"ic":0},"geometry":{"type":"Polygon","coordinates":[[[-0.85778,52.26969],[-0.85779,52.26926],[-0.85934,52.26864],[-0.85881,52.26823],[-0.86322,52.26659],[-0.86939,52.26115],[-0.87001,52.26125],[-0.86991,52.26194],[-0.87056,52.26215],[-0.87085,52.26264],[-0.86876,52.26433],[-0.86857,52.26478],[-0.87185,52.26655],[-0.87093,52.26697],[-0.87045,52.26661],[-0.869,52.26766],[-0.87049,52.26822],[-0.86672,52.26833],[-0.86647,52.26866],[-0.86706,52.26893],[-0.86818,52.26886],[-0.8676,52.26928],[-0.86809,52.26948],[-0.87072,52.26845],[-0.87037,52.26905],[-0.86901,52.2695],[-0.86938,52.26978],[-0.866,52.27081],[-0.86359,52.27211],[-0.86306,52.27327],[-0.86071,52.27339],[-0.85893,52.27097],[-0.85832,52.26979],[-0.85778,52.26969]]]}},{"type":"Feature","properties":{"id":"E01027220","name":"E01027220","parent":"E06000062","type":"LSOA","pop":1386,"r":334,"ff":149,"ffd":10750.4,"ffs":0.5192,"g":46,"co":0,"mo":0,"sa":0,"ic":0},"geometry":{"type":"Polygon","coordinates":[[[-0.86876,52.26433],[-0.87085,52.26264],[-0.87056,52.26215],[-0.86991,52.26194],[-0.87001,52.26125],[-0.86939,52.26115],[-0.87061,52.25984],[-0.87328,52.26089],[-0.87616,52.2632],[-0.87876,52.2622],[-0.88119,52.26188],[-0.88015,52.2603],[-0.88029,52.25972],[-0.88157,52.25839],[-0.88318,52.25749],[-0.88438,52.25788],[-0.88338,52.25835],[-0.88322,52.25911],[-0.88409,52.26069],[-0.88301,52.26434],[-0.87926,52.26378],[-0.8754,52.26431],[-0.87412,52.26423],[-0.87218,52.26632],[-0.87224,52.26681],[-0.87104,52.26731],[-0.87093,52.26697],[-0.87185,52.26655],[-0.86857,52.26478],[-0.86876,52.26433]]]}},{"type":"Feature","properties":{"id":"E01027221","name":"E01027221","parent":"E06000062","type":"LSOA","pop":1861,"r":304,"ff":132,"ffd":7093.0,"ffs":0.5136,"g":46,"co":2,"mo":0,"sa":0,"ic":0},"geometry":{"type":"Polygon","coordinates":[[[-0.87176,52.28252],[-0.86486,52.27859],[-0.85977,52.2811],[-0.85766,52.27991],[-0.85714,52.28041],[-0.85611,52.28026],[-0.8573,52.27841],[-0.85564,52.27818],[-0.85571,52.27763],[-0.85521,52.27738],[-0.85536,52.27702],[-0.85585,52.2771],[-0.85561,52.27657],[-0.85588,52.27612],[-0.85552,52.27603],[-0.85311,52.27615],[-0.85153,52.27686],[-0.84961,52.27718],[-0.84608,52.27699],[-0.84679,52.27596],[-0.84874,52.27608],[-0.8495,52.27585],[-0.85307,52.27235],[-0.85355,52.27141],[-0.85599,52.26946],[-0.85881,52.26823],[-0.85934,52.26864],[-0.85779,52.26926],[-0.85778,52.26969],[-0.85832,52.26979],[-0.85893,52.27097],[-0.86071,52.27339],[-0.86306,52.27327],[-0.86413,52.27359],[-0.86475,52.2743],[-0.86531,52.27795],[-0.86604,52.27845],[-0.869,52.27848],[-0.8694,52.27965],[-0.87114,52.28075],[-0.87437,52.28075],[-0.87551,52.28232],[-0.87394,52.28271],[-0.87176,52.28252]]]}},{"type":"Feature","properties":{"id":"E01027222","name":"E01027222","parent":"E06000062","type":"LSOA","pop":1164,"r":304,"ff":132,"ffd":11340.2,"ffs":0.5136,"g":46,"co":2,"mo":0,"sa":0,"ic":0},"geometry":{"type":"Polygon","coordinates":[[[-0.85219,52.27931],[-0.84936,52.27773],[-0.8466,52.28009],[-0.84493,52.27986],[-0.84585,52.27589],[-0.84679,52.27596],[-0.84608,52.27699],[-0.84961,52.27718],[-0.85153,52.27686],[-0.85311,52.27615],[-0.85552,52.27603],[-0.85588,52.27612],[-0.85561,52.27657],[-0.85585,52.2771],[-0.85536,52.27702],[-0.85521,52.27738],[-0.85571,52.27763],[-0.85564,52.27818],[-0.8573,52.27841],[-0.85611,52.28026],[-0.85714,52.28041],[-0.85575,52.28179],[-0.85151,52.2809],[-0.85219,52.27931]]]}},{"type":"Feature","properties":{"id":"E01027224","name":"E01027224","parent":"E06000062","type":"LSOA","pop":2579,"r":341,"ff":152,"ffd":5893.8,"ffs":0.5188,"g":47,"co":0,"mo":0,"sa":0,"ic":0},"geometry":{"type":"Polygon","coordinates":[[[-0.87672,52.24194],[-0.87538,52.2386],[-0.87568,52.23855],[-0.87546,52.23798],[-0.87485,52.23803],[-0.8737,52.23659],[-0.8754,52.23602],[-0.87426,52.23436],[-0.87268,52.23463],[-0.86948,52.22991],[-0.87041,52.22852],[-0.87155,52.22972],[-0.87369,52.23059],[-0.87513,52.2302],[-0.87925,52.23112],[-0.88051,52.23043],[-0.88143,52.23057],[-0.88253,52.2317],[-0.88452,52.23186],[-0.88455,52.23783],[-0.88122,52.23801],[-0.88098,52.23881],[-0.88203,52.24136],[-0.88154,52.24141],[-0.88142,52.24114],[-0.88051,52.24121],[-0.87994,52.24021],[-0.88024,52.23995],[-0.87966,52.23967],[-0.87939,52.23994],[-0.88005,52.24143],[-0.87929,52.24133],[-0.87933,52.24164],[-0.87672,52.24194]]]}},{"type":"Feature","properties":{"id":"E01027225","name":"E01027225","parent":"E06000062","type":"LSOA","pop":1962,"r":338,"ff":152,"ffd":7747.2,"ffs":0.5205,"g":45,"co":0,"mo":0,"sa":0,"ic":0},"geometry":{"type":"Polygon","coordinates":[[[-0.8831,52.24541],[-0.88406,52.24435],[-0.88896,52.24359],[-0.88898,52.24383],[-0.88574,52.24429],[-0.8868,52.2447],[-0.88845,52.24442],[-0.88887,52.24475],[-0.89036,52.24485],[-0.89011,52.24642],[-0.8842,52.24738],[-0.88252,52.24641],[-0.88323,52.24624],[-0.88367,52.24573],[-0.8831,52.24541]]]}},{"type":"Feature","properties":{"id":"E01027226","name":"E01027226","parent":"E06000062","type":"LSOA","pop":2312,"r":339,"ff":152,"ffd":6574.4,"ffs":0.5188,"g":45,"co":0,"mo":0,"sa":0,"ic":0},"geometry":{"type":"Polygon","coordinates":[[[-0.88256,52.24634],[-0.88283,52.24595],[-0.88049,52.24629],[-0.87861,52.24174],[-0.87933,52.24164],[-0.87929,52.24133],[-0.88005,52.24143],[-0.87939,52.23994],[-0.87966,52.23967],[-0.88024,52.23995],[-0.87994,52.24021],[-0.88051,52.24121],[-0.88142,52.24114],[-0.88154,52.24141],[-0.88305,52.24126],[-0.88272,52.24141],[-0.88333,52.24217],[-0.88446,52.24219],[-0.88491,52.24184],[-0.88605,52.24146],[-0.88561,52.24233],[-0.88492,52.24269],[-0.88388,52.24387],[-0.88367,52.24431],[-0.88406,52.24435],[-0.8831,52.24541],[-0.88367,52.24573],[-0.88323,52.24624],[-0.88256,52.24634]]]}},{"type":"Feature","properties":{"id":"E01027227","name":"E01027227","parent":"E06000062","type":"LSOA","pop":2120,"r":341,"ff":153,"ffd":7217.0,"ffs":0.5204,"g":46,"co":0,"mo":0,"sa":0,"ic":0},"geometry":{"type":"Polygon","coordinates":[[[-0.88887,52.24475],[-0.88845,52.24442],[-0.8868,52.2447],[-0.88574,52.24429],[-0.88898,52.24383],[-0.88896,52.24359],[-0.88367,52.24431],[-0.88492,52.24269],[-0.88561,52.24233],[-0.88606,52.24249],[-0.88652,52.24201],[-0.88779,52.24217],[-0.89009,52.24167],[-0.89112,52.24087],[-0.89208,52.24073],[-0.89272,52.24096],[-0.89098,52.24336],[-0.89059,52.24346],[-0.89036,52.24485],[-0.88887,52.24475]]]}},{"type":"Feature","properties":{"id":"E01027228","name":"E01027228","parent":"E06000062","type":"LSOA","pop":2633,"r":340,"ff":152,"ffd":5772.9,"ffs":0.5188,"g":46,"co":0,"mo":0,"sa":0,"ic":0},"geometry":{"type":"Polygon","coordinates":[[[-0.88561,52.24233],[-0.88605,52.24146],[-0.88491,52.24184],[-0.88446,52.24219],[-0.88333,52.24217],[-0.88272,52.24141],[-0.88305,52.24126],[-0.88203,52.24136],[-0.88098,52.23881],[-0.88122,52.23801],[-0.88596,52.23776],[-0.88575,52.23832],[-0.88631,52.2387],[-0.88702,52.23867],[-0.88734,52.23942],[-0.8853,52.24022],[-0.88556,52.24069],[-0.88733,52.24026],[-0.88854,52.24086],[-0.89023,52.24025],[-0.89208,52.24073],[-0.89112,52.24087],[-0.89009,52.24167],[-0.88779,52.24217],[-0.88652,52.24201],[-0.88606,52.24249],[-0.88561,52.24233]]]}},{"type":"Feature","properties":{"id":"E01027229","name":"E01027229","parent":"E06000062","type":"LSOA","pop":1760,"r":335,"ff":147,"ffd":8352.3,"ffs":0.5122,"g":47,"co":0,"mo":0,"sa":0,"ic":0},"geometry":{"type":"Polygon","coordinates":[[[-0.89891,52.26457],[-0.89938,52.26345],[-0.8944,52.26432],[-0.89456,52.26453],[-0.89405,52.26475],[-0.89353,52.26455],[-0.89476,52.26367],[-0.89436,52.26342],[-0.89521,52.26201],[-0.896,52.26159],[-0.89547,52.26116],[-0.89605,52.26074],[-0.89541,52.26039],[-0.89154,52.26077],[-0.89099,52.26054],[-0.89222,52.2599],[-0.89195,52.25961],[-0.89227,52.25949],[-0.89193,52.2593],[-0.89381,52.25701],[-0.89428,52.25723],[-0.89343,52.25844],[-0.89508,52.25828],[-0.89616,52.25757],[-0.89948,52.25933],[-0.9001,52.26001],[-0.90037,52.26134],[-0.89982,52.26496],[-0.89891,52.26457]]]}},{"type":"Feature","properties":{"id":"E01027230","name":"E01027230","parent":"E06000062","type":"LSOA","pop":1862,"r":331,"ff":145,"ffd":7787.3,"ffs":0.5106,"g":46,"co":0,"mo":0,"sa":0,"ic":0},"geometry":{"type":"Polygon","coordinates":[[[-0.89386,52.26684],[-0.89363,52.26607],[-0.89216,52.2663],[-0.89188,52.26583],[-0.8927,52.26558],[-0.89237,52.2651],[-0.88999,52.26448],[-0.88924,52.26401],[-0.8899,52.26361],[-0.88923,52.26301],[-0.89089,52.26278],[-0.8925,52.26212],[-0.89521,52.26201],[-0.89436,52.26342],[-0.89476,52.26367],[-0.89353,52.26455],[-0.89405,52.26475],[-0.89456,52.26453],[-0.8944,52.26432],[-0.89938,52.26345],[-0.89891,52.26457],[-0.89664,52.26598],[-0.8946,52.26673],[-0.89436,52.26707],[-0.89386,52.26684]]]}},{"type":"Feature","properties":{"id":"E01027231","name":"E01027231","parent":"E06000062","type":"LSOA","pop":1900,"r":331,"ff":145,"ffd":7631.6,"ffs":0.5106,"g":46,"co":0,"mo":0,"sa":0,"ic":0},"geometry":{"type":"Polygon","coordinates":[[[-0.88682,52.2682],[-0.88768,52.26651],[-0.88676,52.2664],[-0.88615,52.266],[-0.88293,52.26543],[-0.88313,52.26368],[-0.88409,52.26069],[-0.88322,52.25911],[-0.88338,52.25835],[-0.88438,52.25788],[-0.89036,52.25602],[-0.89226,52.2562],[-0.89616,52.25757],[-0.89508,52.25828],[-0.89343,52.25844],[-0.89428,52.25723],[-0.89381,52.25701],[-0.89193,52.2593],[-0.89227,52.25949],[-0.89195,52.25961],[-0.89222,52.2599],[-0.89099,52.26054],[-0.89154,52.26077],[-0.89541,52.26039],[-0.89605,52.26074],[-0.89547,52.26116],[-0.896,52.26159],[-0.89521,52.26201],[-0.8925,52.26212],[-0.89089,52.26278],[-0.88923,52.26301],[-0.8899,52.26361],[-0.88924,52.26401],[-0.88999,52.26448],[-0.88929,52.26474],[-0.88987,52.26523],[-0.88986,52.26728],[-0.8888,52.26712],[-0.88682,52.2682]]]}},{"type":"Feature","properties":{"id":"E01027232","name":"E01027232","parent":"E06000062","type":"LSOA","pop":3353,"r":332,"ff":147,"ffd":4384.1,"ffs":0.5176,"g":47,"co":0,"mo":0,"sa":0,"ic":0},"geometry":{"type":"Polygon","coordinates":[[[-0.88255,52.26823],[-0.88293,52.26543],[-0.88615,52.266],[-0.88676,52.2664],[-0.88768,52.26651],[-0.88682,52.2682],[-0.8888,52.26712],[-0.88986,52.26728],[-0.88987,52.26523],[-0.88929,52.26474],[-0.88999,52.26448],[-0.89237,52.2651],[-0.8927,52.26558],[-0.89188,52.26583],[-0.89216,52.2663],[-0.89363,52.26607],[-0.89386,52.26684],[-0.89436,52.26707],[-0.8946,52.26673],[-0.89664,52.26598],[-0.89891,52.26457],[-0.89982,52.26496],[-0.89982,52.26527],[-0.89446,52.26881],[-0.88914,52.27146],[-0.88673,52.27354],[-0.88512,52.27539],[-0.88232,52.27809],[-0.88053,52.27699],[-0.87797,52.27269],[-0.88079,52.27091],[-0.88156,52.26936],[-0.88255,52.26823]]]}},{"type":"Feature","properties":{"id":"E01027233","name":"E01027233","parent":"E06000062","type":"LSOA","pop":1517,"r":325,"ff":141,"ffd":9294.7,"ffs":0.509,"g":47,"co":0,"mo":0,"sa":0,"ic":0},"geometry":{"type":"Polygon","coordinates":[[[-0.91474,52.23229],[-0.91468,52.23116],[-0.91403,52.23037],[-0.91888,52.23107],[-0.919,52.22977],[-0.92163,52.23023],[-0.92178,52.22974],[-0.92104,52.22901],[-0.92158,52.22813],[-0.9214,52.2267],[-0.92249,52.22674],[-0.92235,52.22751],[-0.92329,52.22754],[-0.92423,52.228],[-0.92502,52.22778],[-0.92465,52.22764],[-0.92564,52.22698],[-0.92727,52.22717],[-0.92783,52.22682],[-0.92809,52.22719],[-0.92893,52.22728],[-0.92979,52.22653],[-0.93032,52.22682],[-0.931,52.22664],[-0.93586,52.22877],[-0.93609,52.23071],[-0.93104,52.23243],[-0.93069,52.23189],[-0.92976,52.23196],[-0.9297,52.23234],[-0.92802,52.23253],[-0.92755,52.23318],[-0.92387,52.23317],[-0.92157,52.23382],[-0.91937,52.23341],[-0.91871,52.23284],[-0.91736,52.23239],[-0.91474,52.23229]]]}},{"type":"Feature","properties":{"id":"E01027234","name":"E01027234","parent":"E06000062","type":"LSOA","pop":1791,"r":327,"ff":143,"ffd":7984.4,"ffs":0.5125,"g":47,"co":0,"mo":0,"sa":0,"ic":0},"geometry":{"type":"Polygon","coordinates":[[[-0.93586,52.22877],[-0.931,52.22664],[-0.93032,52.22682],[-0.92979,52.22653],[-0.92893,52.22728],[-0.92809,52.22719],[-0.92783,52.22682],[-0.92727,52.22717],[-0.92564,52.22698],[-0.92465,52.22764],[-0.92502,52.22778],[-0.92423,52.228],[-0.92329,52.22754],[-0.92235,52.22751],[-0.92249,52.22674],[-0.9214,52.2267],[-0.92138,52.22732],[-0.9201,52.22693],[-0.91819,52.22732],[-0.9181,52.22701],[-0.91721,52.22705],[-0.91729,52.22644],[-0.91817,52.2263],[-0.91815,52.22605],[-0.91763,52.22603],[-0.91796,52.22496],[-0.919,52.22515],[-0.91907,52.22535],[-0.91973,52.22523],[-0.91986,52.224],[-0.92064,52.22403],[-0.92134,52.22326],[-0.92457,52.22432],[-0.92648,52.22448],[-0.92975,52.22424],[-0.93686,52.22293],[-0.93586,52.22877]]]}},{"type":"Feature","properties":{"id":"E01027235","name":"E01027235","parent":"E06000062","type":"LSOA","pop":1668,"r":328,"ff":143,"ffd":8573.1,"ffs":0.5107,"g":47,"co":0,"mo":0,"sa":0,"ic":0},"geometry":{"type":"Polygon","coordinates":[[[-0.91222,52.22983],[-0.9145,52.22437],[-0.91662,52.21941],[-0.91841,52.2214],[-0.92134,52.22326],[-0.92064,52.22403],[-0.91986,52.224],[-0.91973,52.22523],[-0.91907,52.22535],[-0.919,52.22515],[-0.91796,52.22496],[-0.91763,52.22603],[-0.91815,52.22605],[-0.91817,52.2263],[-0.91729,52.22644],[-0.91721,52.22705],[-0.9181,52.22701],[-0.91819,52.22732],[-0.9201,52.22693],[-0.92138,52.22732],[-0.92158,52.22813],[-0.92104,52.22901],[-0.92178,52.22974],[-0.92163,52.23023],[-0.919,52.22977],[-0.91888,52.23107],[-0.91403,52.23037],[-0.91222,52.22983]]]}},{"type":"Feature","properties":{"id":"E01027236","name":"E01027236","parent":"E06000062","type":"LSOA","pop":1642,"r":330,"ff":145,"ffd":8830.7,"ffs":0.5142,"g":47,"co":0,"mo":0,"sa":0,"ic":0},"geometry":{"type":"Polygon","coordinates":[[[-0.91916,52.24365],[-0.91937,52.2433],[-0.9214,52.24262],[-0.92055,52.24221],[-0.91979,52.24116],[-0.91933,52.24125],[-0.91995,52.24084],[-0.92362,52.24082],[-0.92367,52.24117],[-0.92093,52.24128],[-0.92219,52.24268],[-0.92348,52.24242],[-0.92358,52.2419],[-0.92604,52.24236],[-0.92849,52.24372],[-0.93037,52.24319],[-0.93071,52.24363],[-0.9315,52.24341],[-0.93166,52.24408],[-0.93237,52.24422],[-0.92748,52.24593],[-0.9248,52.24783],[-0.92214,52.24623],[-0.91916,52.24365]]]}},{"type":"Feature","properties":{"id":"E01027237","name":"E01027237","parent":"E06000062","type":"LSOA","pop":2174,"r":330,"ff":142,"ffd":6531.7,"ffs":0.5035,"g":47,"co":0,"mo":0,"sa":0,"ic":0},"geometry":{"type":"Polygon","coordinates":[[[-0.93166,52.24408],[-0.9315,52.24341],[-0.93071,52.24363],[-0.93037,52.24319],[-0.92849,52.24372],[-0.92604,52.24236],[-0.92358,52.2419],[-0.92348,52.24242],[-0.92219,52.24268],[-0.92093,52.24128],[-0.92367,52.24117],[-0.92362,52.24082],[-0.91995,52.24084],[-0.9209,52.23945],[-0.92103,52.23803],[-0.92029,52.23753],[-0.9165,52.23636],[-0.91754,52.23505],[-0.91697,52.23491],[-0.91793,52.23356],[-0.91937,52.23341],[-0.92157,52.23382],[-0.92387,52.23317],[-0.92755,52.23318],[-0.92802,52.23253],[-0.9297,52.23234],[-0.92976,52.23196],[-0.93069,52.23189],[-0.93104,52.23243],[-0.93609,52.23071],[-0.93674,52.23376],[-0.93789,52.23736],[-0.9383,52.24062],[-0.93756,52.24208],[-0.93542,52.24318],[-0.93237,52.24422],[-0.93166,52.24408]]]}},{"type":"Feature","properties":{"id":"E01027238","name":"E01027238","parent":"E06000062","type":"LSOA","pop":2292,"r":334,"ff":146,"ffd":6370.0,"ffs":0.5087,"g":46,"co":0,"mo":0,"sa":0,"ic":0},"geometry":{"type":"Polygon","coordinates":[[[-0.91677,52.24197],[-0.91581,52.2412],[-0.91499,52.23978],[-0.91348,52.2381],[-0.91179,52.23691],[-0.91428,52.2334],[-0.91523,52.23302],[-0.91474,52.23229],[-0.91736,52.23239],[-0.91871,52.23284],[-0.91937,52.23341],[-0.91793,52.23356],[-0.91697,52.23491],[-0.91754,52.23505],[-0.9165,52.23636],[-0.92029,52.23753],[-0.92103,52.23803],[-0.9209,52.23945],[-0.91995,52.24084],[-0.91933,52.24125],[-0.91979,52.24116],[-0.92055,52.24221],[-0.9214,52.24262],[-0.91937,52.2433],[-0.91916,52.24365],[-0.91677,52.24197]]]}},{"type":"Feature","properties":{"id":"E01027239","name":"E01027239","parent":"E06000062","type":"LSOA","pop":1825,"r":331,"ff":146,"ffd":8000.0,"ffs":0.5141,"g":46,"co":0,"mo":0,"sa":0,"ic":0},"geometry":{"type":"Polygon","coordinates":[[[-0.91375,52.25212],[-0.91258,52.25085],[-0.91306,52.25007],[-0.91361,52.2496],[-0.9143,52.24959],[-0.91447,52.24912],[-0.91525,52.24852],[-0.91356,52.24744],[-0.9143,52.24728],[-0.91391,52.2469],[-0.91407,52.24635],[-0.91352,52.24654],[-0.91385,52.24422],[-0.91565,52.24438],[-0.91572,52.24408],[-0.91526,52.24359],[-0.91627,52.2431],[-0.91681,52.24347],[-0.91802,52.24281],[-0.92214,52.24623],[-0.92151,52.24671],[-0.92146,52.24821],[-0.92057,52.24931],[-0.92081,52.24973],[-0.92032,52.24997],[-0.9205,52.24972],[-0.91986,52.24914],[-0.91922,52.24934],[-0.91974,52.24973],[-0.91938,52.25017],[-0.91989,52.25039],[-0.91796,52.25005],[-0.91692,52.24934],[-0.9161,52.2494],[-0.91535,52.24993],[-0.91468,52.24986],[-0.91499,52.25164],[-0.91726,52.25016],[-0.9176,52.25033],[-0.91704,52.25067],[-0.91729,52.25088],[-0.91794,52.25054],[-0.91821,52.25071],[-0.9144,52.2532],[-0.91341,52.25222],[-0.91375,52.25212]]]}},{"type":"Feature","properties":{"id":"E01027240","name":"E01027240","parent":"E06000062","type":"LSOA","pop":1367,"r":298,"ff":129,"ffd":9436.7,"ffs":0.5079,"g":43,"co":0,"mo":0,"sa":0,"ic":0},"geometry":{"type":"Polygon","coordinates":[[[-0.93045,52.26835],[-0.93002,52.26806],[-0.92898,52.26855],[-0.92444,52.2659],[-0.9311,52.26322],[-0.93664,52.26203],[-0.92561,52.25707],[-0.926,52.25631],[-0.92556,52.25599],[-0.9264,52.25472],[-0.92589,52.25459],[-0.9258,52.25416],[-0.92639,52.25395],[-0.92583,52.25359],[-0.92638,52.25309],[-0.92795,52.25344],[-0.92979,52.25224],[-0.9291,52.25195],[-0.9273,52.25217],[-0.9246,52.25155],[-0.92314,52.25264],[-0.922,52.25205],[-0.92132,52.25227],[-0.92077,52.25115],[-0.92023,52.25095],[-0.91944,52.25146],[-0.91794,52.25054],[-0.91729,52.25088],[-0.91704,52.25067],[-0.9176,52.25033],[-0.91726,52.25016],[-0.91499,52.25164],[-0.91468,52.24986],[-0.91535,52.24993],[-0.9161,52.2494],[-0.91692,52.24934],[-0.91796,52.25005],[-0.91989,52.25039],[-0.91938,52.25017],[-0.91974,52.24973],[-0.91922,52.24934],[-0.91986,52.24914],[-0.9205,52.24972],[-0.92032,52.24997],[-0.92081,52.24973],[-0.92057,52.24931],[-0.92146,52.24821],[-0.92151,52.24671],[-0.92214,52.24623],[-0.9248,52.24783],[-0.93325,52.25163],[-0.93023,52.25495],[-0.93127,52.25525],[-0.93695,52.25782],[-0.93793,52.25687],[-0.94044,52.25549],[-0.94765,52.2579],[-0.95424,52.26089],[-0.95504,52.26196],[-0.94611,52.26406],[-0.94483,52.26343],[-0.93716,52.26918],[-0.93298,52.26903],[-0.93222,52.26851],[-0.93045,52.26835]]]}},{"type":"Feature","properties":{"id":"E01027241","name":"E01027241","parent":"E06000062","type":"LSOA","pop":2054,"r":334,"ff":148,"ffd":7205.5,"ffs":0.5157,"g":46,"co":0,"mo":0,"sa":0,"ic":0},"geometry":{"type":"Polygon","coordinates":[[[-0.91043,52.24699],[-0.91025,52.24664],[-0.90781,52.24664],[-0.90799,52.24251],[-0.91129,52.2425],[-0.91388,52.24218],[-0.91581,52.2412],[-0.91802,52.24281],[-0.91681,52.24347],[-0.91627,52.2431],[-0.91526,52.24359],[-0.91572,52.24408],[-0.91565,52.24438],[-0.91385,52.24422],[-0.91352,52.24654],[-0.91247,52.24629],[-0.9114,52.24631],[-0.91145,52.24687],[-0.91043,52.24699]]]}},{"type":"Feature","properties":{"id":"E01027242","name":"E01027242","parent":"E06000062","type":"LSOA","pop":1770,"r":330,"ff":145,"ffd":8192.1,"ffs":0.5124,"g":46,"co":0,"mo":0,"sa":0,"ic":0},"geometry":{"type":"Polygon","coordinates":[[[-0.91501,52.25761],[-0.91524,52.25694],[-0.91415,52.25665],[-0.91196,52.25685],[-0.91121,52.25445],[-0.90856,52.25094],[-0.90784,52.24925],[-0.90781,52.24664],[-0.91025,52.24664],[-0.91043,52.24699],[-0.91145,52.24687],[-0.9114,52.24631],[-0.91247,52.24629],[-0.91352,52.24654],[-0.91407,52.24635],[-0.91391,52.2469],[-0.9143,52.24728],[-0.91356,52.24744],[-0.91525,52.24852],[-0.91447,52.24912],[-0.9143,52.24959],[-0.91361,52.2496],[-0.91306,52.25007],[-0.91258,52.25085],[-0.91375,52.25212],[-0.91341,52.25222],[-0.9144,52.2532],[-0.91821,52.25071],[-0.91944,52.25146],[-0.92023,52.25095],[-0.92077,52.25115],[-0.92156,52.25288],[-0.91964,52.25334],[-0.91962,52.25367],[-0.92077,52.25376],[-0.92067,52.25427],[-0.91955,52.25508],[-0.91761,52.25421],[-0.9175,52.25471],[-0.91679,52.25497],[-0.91874,52.25583],[-0.91797,52.25681],[-0.91827,52.2572],[-0.91766,52.25741],[-0.91745,52.25703],[-0.9167,52.2572],[-0.91665,52.25821],[-0.91616,52.25825],[-0.91501,52.25761]]]}},{"type":"Feature","properties":{"id":"E01027243","name":"E01027243","parent":"E06000062","type":"LSOA","pop":1875,"r":312,"ff":140,"ffd":7466.7,"ffs":0.5263,"g":45,"co":0,"mo":0,"sa":0,"ic":0},"geometry":{"type":"Polygon","coordinates":[[[-0.92581,52.26893],[-0.91956,52.26682],[-0.91715,52.26539],[-0.91494,52.26342],[-0.9128,52.25958],[-0.91196,52.25685],[-0.91415,52.25665],[-0.91524,52.25694],[-0.91501,52.25761],[-0.91616,52.25825],[-0.91665,52.25821],[-0.9167,52.2572],[-0.91745,52.25703],[-0.91766,52.25741],[-0.91827,52.2572],[-0.91888,52.25797],[-0.91961,52.25808],[-0.92058,52.25796],[-0.92057,52.25766],[-0.92143,52.25783],[-0.92297,52.25726],[-0.9224,52.25678],[-0.92351,52.2563],[-0.92359,52.25583],[-0.92308,52.25546],[-0.92349,52.25534],[-0.92437,52.25585],[-0.92484,52.25552],[-0.92593,52.25546],[-0.92556,52.25599],[-0.926,52.25631],[-0.92561,52.25707],[-0.93664,52.26203],[-0.9311,52.26322],[-0.92444,52.2659],[-0.92898,52.26855],[-0.93002,52.26806],[-0.93045,52.26835],[-0.93222,52.26851],[-0.93298,52.26903],[-0.93242,52.27078],[-0.92581,52.26893]]]}},{"type":"Feature","properties":{"id":"E01027244","name":"E01027244","parent":"E06000062","type":"LSOA","pop":1776,"r":316,"ff":141,"ffd":7939.2,"ffs":0.5222,"g":45,"co":0,"mo":0,"sa":0,"ic":0},"geometry":{"type":"Polygon","coordinates":[[[-0.91888,52.25797],[-0.91797,52.25681],[-0.91874,52.25583],[-0.91679,52.25497],[-0.9175,52.25471],[-0.91761,52.25421],[-0.91955,52.25508],[-0.92067,52.25427],[-0.92077,52.25376],[-0.91962,52.25367],[-0.91964,52.25334],[-0.92156,52.25288],[-0.92132,52.25227],[-0.922,52.25205],[-0.92314,52.25264],[-0.9246,52.25155],[-0.9273,52.25217],[-0.9291,52.25195],[-0.92979,52.25224],[-0.92795,52.25344],[-0.92638,52.25309],[-0.92583,52.25359],[-0.92639,52.25395],[-0.9258,52.25416],[-0.92589,52.25459],[-0.9264,52.25472],[-0.92593,52.25546],[-0.92484,52.25552],[-0.92437,52.25585],[-0.92349,52.25534],[-0.92308,52.25546],[-0.92359,52.25583],[-0.92351,52.2563],[-0.9224,52.25678],[-0.92297,52.25726],[-0.92143,52.25783],[-0.92057,52.25766],[-0.92058,52.25796],[-0.91888,52.25797]]]}},{"type":"Feature","properties":{"id":"E01027245","name":"E01027245","parent":"E06000062","type":"LSOA","pop":1796,"r":286,"ff":123,"ffd":6848.6,"ffs":0.5083,"g":43,"co":0,"mo":0,"sa":2,"ic":0},"geometry":{"type":"Polygon","coordinates":[[[-0.83707,52.28136],[-0.83264,52.27923],[-0.83064,52.28041],[-0.82907,52.28084],[-0.82716,52.2809],[-0.82681,52.27978],[-0.82515,52.27854],[-0.82472,52.27785],[-0.82097,52.27499],[-0.8235,52.27528],[-0.82487,52.27589],[-0.82489,52.27643],[-0.8256,52.27668],[-0.82718,52.27613],[-0.82752,52.2757],[-0.8272,52.27378],[-0.82767,52.27252],[-0.82912,52.27263],[-0.82962,52.2738],[-0.82868,52.27374],[-0.82891,52.27501],[-0.83018,52.27525],[-0.82958,52.27587],[-0.83018,52.27628],[-0.8327,52.2764],[-0.83357,52.27663],[-0.83742,52.27648],[-0.83795,52.27702],[-0.83853,52.27702],[-0.83811,52.27809],[-0.83915,52.28122],[-0.83707,52.28136]]]}},{"type":"Feature","properties":{"id":"E01027246","name":"E01027246","parent":"E06000062","type":"LSOA","pop":2008,"r":304,"ff":132,"ffd":6573.7,"ffs":0.5136,"g":46,"co":0,"mo":0,"sa":2,"ic":0},"geometry":{"type":"Polygon","coordinates":[[[-0.82097,52.27499],[-0.81979,52.27425],[-0.81899,52.27425],[-0.816,52.27563],[-0.81507,52.27501],[-0.81542,52.27225],[-0.81998,52.27142],[-0.82377,52.27157],[-0.82375,52.27112],[-0.82498,52.27076],[-0.82617,52.26941],[-0.82817,52.26917],[-0.82886,52.26879],[-0.8272,52.27378],[-0.82753,52.27559],[-0.82718,52.27613],[-0.8256,52.27668],[-0.82489,52.27643],[-0.82487,52.27589],[-0.8235,52.27528],[-0.82097,52.27499]]]}},{"type":"Feature","properties":{"id":"E01027247","name":"E01027247","parent":"E06000062","type":"LSOA","pop":1864,"r":304,"ff":132,"ffd":7081.5,"ffs":0.5136,"g":46,"co":0,"mo":0,"sa":0,"ic":0},"geometry":{"type":"Polygon","coordinates":[[[-0.82891,52.27501],[-0.82868,52.27374],[-0.82962,52.2738],[-0.82912,52.27263],[-0.82767,52.27252],[-0.82782,52.27158],[-0.82886,52.26879],[-0.82875,52.26749],[-0.82968,52.26728],[-0.83102,52.26825],[-0.83183,52.26803],[-0.83246,52.267],[-0.83562,52.26647],[-0.83544,52.2676],[-0.83565,52.26834],[-0.8353,52.26833],[-0.83488,52.26943],[-0.83434,52.26969],[-0.833,52.26934],[-0.83226,52.27023],[-0.83243,52.27144],[-0.83327,52.27186],[-0.83436,52.27362],[-0.83368,52.27543],[-0.83334,52.27545],[-0.83316,52.27625],[-0.8327,52.2764],[-0.83018,52.27628],[-0.82958,52.27587],[-0.83018,52.27525],[-0.82891,52.27501]]]}},{"type":"Feature","properties":{"id":"E01027248","name":"E01027248","parent":"E06000062","type":"LSOA","pop":1710,"r":304,"ff":132,"ffd":7719.3,"ffs":0.5136,"g":46,"co":0,"mo":0,"sa":0,"ic":0},"geometry":{"type":"Polygon","coordinates":[[[-0.83811,52.27809],[-0.83853,52.27702],[-0.83795,52.27702],[-0.83742,52.27648],[-0.83357,52.27663],[-0.8327,52.2764],[-0.83316,52.27625],[-0.83334,52.27545],[-0.83368,52.27543],[-0.83414,52.27428],[-0.83498,52.2744],[-0.83557,52.27381],[-0.83671,52.27383],[-0.83728,52.27327],[-0.83602,52.27271],[-0.83681,52.27217],[-0.83896,52.27158],[-0.8394,52.27179],[-0.83814,52.27059],[-0.8411,52.27023],[-0.84153,52.27119],[-0.84168,52.27062],[-0.8435,52.27029],[-0.84305,52.26888],[-0.84391,52.26898],[-0.84464,52.27087],[-0.84636,52.27319],[-0.84656,52.2742],[-0.84585,52.27589],[-0.84493,52.27986],[-0.84462,52.28059],[-0.84441,52.28091],[-0.83998,52.28094],[-0.83915,52.28122],[-0.83811,52.27809]]]}},{"type":"Feature","properties":{"id":"E01027249","name":"E01027249","parent":"E06000062","type":"LSOA","pop":1944,"r":304,"ff":132,"ffd":6790.1,"ffs":0.5136,"g":46,"co":0,"mo":0,"sa":0,"ic":0},"geometry":{"type":"Polygon","coordinates":[[[-0.83414,52.27428],[-0.83436,52.27362],[-0.83327,52.27186],[-0.83243,52.27144],[-0.83226,52.27023],[-0.833,52.26934],[-0.83434,52.26969],[-0.83488,52.26943],[-0.8353,52.26833],[-0.83565,52.26834],[-0.83544,52.2676],[-0.83583,52.26775],[-0.84375,52.268],[-0.84391,52.26898],[-0.84305,52.26888],[-0.8435,52.27029],[-0.84168,52.27062],[-0.84153,52.27119],[-0.8411,52.27023],[-0.83814,52.27059],[-0.8394,52.27179],[-0.83896,52.27158],[-0.83681,52.27217],[-0.83602,52.27271],[-0.83728,52.27327],[-0.83671,52.27383],[-0.83557,52.27381],[-0.83498,52.2744],[-0.83414,52.27428]]]}},{"type":"Feature","properties":{"id":"E01027250","name":"E01027250","parent":"E06000062","type":"LSOA","pop":1371,"r":324,"ff":140,"ffd":10211.5,"ffs":0.5091,"g":48,"co":2,"mo":0,"sa":0,"ic":0},"geometry":{"type":"Polygon","coordinates":[[[-0.91706,52.2157],[-0.91696,52.21468],[-0.91641,52.21407],[-0.91553,52.21386],[-0.9135,52.21404],[-0.91416,52.2126],[-0.9138,52.21211],[-0.91387,52.21183],[-0.91441,52.21183],[-0.9143,52.20875],[-0.91492,52.20844],[-0.91404,52.20788],[-0.91531,52.20691],[-0.9158,52.20724],[-0.91789,52.20756],[-0.91998,52.20705],[-0.92321,52.20697],[-0.92582,52.20425],[-0.9338,52.20724],[-0.92952,52.20815],[-0.92795,52.21061],[-0.92783,52.21172],[-0.92856,52.21286],[-0.92658,52.21409],[-0.92617,52.21403],[-0.92494,52.21304],[-0.92388,52.21328],[-0.9234,52.21268],[-0.92347,52.21381],[-0.92249,52.214],[-0.92136,52.21163],[-0.91823,52.21283],[-0.91775,52.21321],[-0.91871,52.21399],[-0.91995,52.2141],[-0.91961,52.21489],[-0.91884,52.21484],[-0.91839,52.21513],[-0.91856,52.21584],[-0.91706,52.2157]]]}},{"type":"Feature","properties":{"id":"E01027252","name":"E01027252","parent":"E06000062","type":"LSOA","pop":1714,"r":328,"ff":142,"ffd":8284.7,"ffs":0.5071,"g":47,"co":2,"mo":0,"sa":0,"ic":0},"geometry":{"type":"Polygon","coordinates":[[[-0.92125,52.22322],[-0.91841,52.2214],[-0.91637,52.21915],[-0.92035,52.2196],[-0.92197,52.21931],[-0.92245,52.21854],[-0.92359,52.21891],[-0.92712,52.21865],[-0.92751,52.21959],[-0.93047,52.21898],[-0.93048,52.21977],[-0.93102,52.21974],[-0.93287,52.22162],[-0.93348,52.2215],[-0.93362,52.2219],[-0.93459,52.22177],[-0.93487,52.22225],[-0.93556,52.22219],[-0.93563,52.22192],[-0.9366,52.22201],[-0.93628,52.22296],[-0.92975,52.22424],[-0.92648,52.22448],[-0.92457,52.22432],[-0.92125,52.22322]]]}},{"type":"Feature","properties":{"id":"E01027253","name":"E01027253","parent":"E06000062","type":"LSOA","pop":1817,"r":317,"ff":138,"ffd":7594.9,"ffs":0.513,"g":47,"co":2,"mo":0,"sa":0,"ic":0},"geometry":{"type":"Polygon","coordinates":[[[-0.93198,52.22056],[-0.93102,52.21974],[-0.93048,52.21977],[-0.93047,52.21898],[-0.92751,52.21959],[-0.92712,52.21865],[-0.92359,52.21891],[-0.92245,52.21854],[-0.92197,52.21931],[-0.92035,52.2196],[-0.91637,52.21915],[-0.91312,52.21649],[-0.91706,52.2157],[-0.91856,52.21584],[-0.91839,52.21513],[-0.91884,52.21484],[-0.91961,52.21489],[-0.91995,52.2141],[-0.91871,52.21399],[-0.91775,52.21321],[-0.91823,52.21283],[-0.92136,52.21163],[-0.92249,52.214],[-0.92347,52.21381],[-0.9234,52.21268],[-0.92388,52.21328],[-0.92494,52.21304],[-0.92617,52.21403],[-0.92658,52.21409],[-0.92856,52.21286],[-0.92783,52.21172],[-0.92795,52.21061],[-0.92952,52.20815],[-0.9338,52.20724],[-0.93673,52.20817],[-0.93689,52.20878],[-0.93625,52.2088],[-0.93638,52.21259],[-0.93497,52.21369],[-0.93221,52.21432],[-0.93191,52.21546],[-0.93238,52.21611],[-0.93162,52.21634],[-0.93165,52.21685],[-0.9332,52.21669],[-0.93329,52.21763],[-0.93442,52.21756],[-0.93467,52.21827],[-0.93524,52.21846],[-0.93382,52.21924],[-0.93336,52.22035],[-0.93198,52.22056]]]}},{"type":"Feature","properties":{"id":"E01027254","name":"E01027254","parent":"E06000062","type":"LSOA","pop":2267,"r":318,"ff":139,"ffd":6131.5,"ffs":0.5148,"g":47,"co":2,"mo":0,"sa":0,"ic":0},"geometry":{"type":"Polygon","coordinates":[[[-0.93652,52.22444],[-0.93686,52.22293],[-0.93628,52.22296],[-0.9366,52.22201],[-0.93563,52.22192],[-0.93556,52.22219],[-0.93487,52.22225],[-0.93459,52.22177],[-0.93362,52.2219],[-0.93348,52.2215],[-0.93287,52.22162],[-0.93198,52.22056],[-0.93336,52.22035],[-0.93382,52.21924],[-0.93524,52.21846],[-0.93467,52.21827],[-0.93442,52.21756],[-0.93329,52.21763],[-0.9332,52.21669],[-0.93165,52.21685],[-0.93162,52.21634],[-0.93238,52.21611],[-0.93191,52.21546],[-0.93221,52.21432],[-0.93497,52.21369],[-0.93638,52.21259],[-0.93625,52.2088],[-0.93689,52.20878],[-0.93673,52.20817],[-0.94994,52.21154],[-0.96064,52.21572],[-0.95734,52.21646],[-0.95652,52.21629],[-0.95568,52.21676],[-0.95465,52.21648],[-0.95309,52.21726],[-0.95265,52.21698],[-0.95222,52.21752],[-0.95149,52.21764],[-0.94921,52.21967],[-0.94488,52.22085],[-0.94563,52.22124],[-0.94598,52.2221],[-0.94532,52.22215],[-0.94523,52.22271],[-0.94429,52.22287],[-0.94421,52.2233],[-0.94366,52.2232],[-0.9432,52.22362],[-0.94187,52.22338],[-0.93881,52.22356],[-0.93652,52.22444]]]}},{"type":"Feature","properties":{"id":"E01027255","name":"E01027255","parent":"E06000062","type":"LSOA","pop":1589,"r":334,"ff":145,"ffd":9125.2,"ffs":0.507,"g":47,"co":0,"mo":0,"sa":0,"ic":0},"geometry":{"type":"Polygon","coordinates":[[[-0.8477,52.24621],[-0.84783,52.24575],[-0.84711,52.24561],[-0.84583,52.24614],[-0.84458,52.24546],[-0.84401,52.24566],[-0.84367,52.24545],[-0.84623,52.24444],[-0.84496,52.24264],[-0.84337,52.24275],[-0.84267,52.24162],[-0.8453,52.23973],[-0.8463,52.24062],[-0.84667,52.24048],[-0.84697,52.24101],[-0.84859,52.24088],[-0.84858,52.24137],[-0.84764,52.24147],[-0.84837,52.2418],[-0.84858,52.24231],[-0.84922,52.24211],[-0.84896,52.24176],[-0.85051,52.24113],[-0.85083,52.2416],[-0.85185,52.24132],[-0.85157,52.24032],[-0.8523,52.24003],[-0.85211,52.23983],[-0.85262,52.23989],[-0.8534,52.24044],[-0.85409,52.24031],[-0.85392,52.23987],[-0.85482,52.23961],[-0.85509,52.23984],[-0.8557,52.23971],[-0.8563,52.24045],[-0.85704,52.24033],[-0.85673,52.2416],[-0.85457,52.24156],[-0.85474,52.24184],[-0.85252,52.24236],[-0.85415,52.24396],[-0.85514,52.24387],[-0.85611,52.24487],[-0.85679,52.24505],[-0.85601,52.24575],[-0.85585,52.2462],[-0.85624,52.24632],[-0.85533,52.24659],[-0.85315,52.24619],[-0.85224,52.24688],[-0.8494,52.24733],[-0.8477,52.24621]]]}},{"type":"Feature","properties":{"id":"E01027256","name":"E01027256","parent":"E06000062","type":"LSOA","pop":1461,"r":329,"ff":144,"ffd":9856.3,"ffs":0.5106,"g":46,"co":0,"mo":0,"sa":0,"ic":0},"geometry":{"type":"Polygon","coordinates":[[[-0.84914,52.25057],[-0.84846,52.2503],[-0.84786,52.25044],[-0.84801,52.24992],[-0.84747,52.24954],[-0.84656,52.24978],[-0.84643,52.25026],[-0.84556,52.2498],[-0.8454,52.2504],[-0.84436,52.25053],[-0.84471,52.24938],[-0.84535,52.24871],[-0.84483,52.24834],[-0.84401,52.24829],[-0.8438,52.24788],[-0.84469,52.24758],[-0.8453,52.2477],[-0.84589,52.2473],[-0.84684,52.24725],[-0.84807,52.24775],[-0.8494,52.24733],[-0.85224,52.24688],[-0.85315,52.24619],[-0.85533,52.24659],[-0.85624,52.24632],[-0.85585,52.2462],[-0.85601,52.24575],[-0.85679,52.24505],[-0.85611,52.24487],[-0.85514,52.24387],[-0.85415,52.24396],[-0.85252,52.24236],[-0.85474,52.24184],[-0.85457,52.24156],[-0.85673,52.2416],[-0.85601,52.24268],[-0.85648,52.24278],[-0.85578,52.24323],[-0.85683,52.24417],[-0.85792,52.24368],[-0.85871,52.24409],[-0.86035,52.24371],[-0.86126,52.24312],[-0.86107,52.2418],[-0.86158,52.24133],[-0.86122,52.24068],[-0.86177,52.24055],[-0.86376,52.24314],[-0.86536,52.2466],[-0.86846,52.24896],[-0.86874,52.24937],[-0.86273,52.25],[-0.85984,52.2505],[-0.85686,52.25062],[-0.84942,52.25173],[-0.84914,52.25057]]]}},{"type":"Feature","properties":{"id":"E01027257","name":"E01027257","parent":"E06000062","type":"LSOA","pop":1319,"r":333,"ff":144,"ffd":10917.4,"ffs":0.5053,"g":47,"co":0,"mo":0,"sa":0,"ic":0},"geometry":{"type":"Polygon","coordinates":[[[-0.85683,52.24417],[-0.85578,52.24323],[-0.85648,52.24278],[-0.85601,52.24268],[-0.85673,52.2416],[-0.85704,52.24033],[-0.85695,52.23984],[-0.85755,52.23974],[-0.85666,52.23846],[-0.86122,52.2372],[-0.86071,52.23666],[-0.86098,52.23636],[-0.86153,52.23639],[-0.86165,52.23587],[-0.85976,52.23377],[-0.86754,52.23117],[-0.86948,52.22991],[-0.87268,52.23463],[-0.87426,52.23436],[-0.8754,52.23602],[-0.8737,52.23659],[-0.87485,52.23803],[-0.87546,52.23798],[-0.87568,52.23855],[-0.8696,52.23944],[-0.86146,52.24015],[-0.86177,52.24055],[-0.86122,52.24068],[-0.86158,52.24133],[-0.86107,52.2418],[-0.86126,52.24312],[-0.86035,52.24371],[-0.85871,52.24409],[-0.85792,52.24368],[-0.85683,52.24417]]]}},{"type":"Feature","properties":{"id":"E01027258","name":"E01027258","parent":"E06000062","type":"LSOA","pop":1329,"r":330,"ff":143,"ffd":10760.0,"ffs":0.5071,"g":47,"co":0,"mo":0,"sa":0,"ic":0},"geometry":{"type":"Polygon","coordinates":[[[-0.84858,52.24137],[-0.84859,52.24088],[-0.84697,52.24101],[-0.84667,52.24048],[-0.8463,52.24062],[-0.8453,52.23973],[-0.84929,52.23707],[-0.85128,52.23613],[-0.85402,52.23516],[-0.85976,52.23377],[-0.86165,52.23587],[-0.86153,52.23639],[-0.86098,52.23636],[-0.86071,52.23666],[-0.86122,52.2372],[-0.85666,52.23846],[-0.85755,52.23974],[-0.85695,52.23984],[-0.85704,52.24033],[-0.8563,52.24045],[-0.8557,52.23971],[-0.85509,52.23984],[-0.85482,52.23961],[-0.85392,52.23987],[-0.85409,52.24031],[-0.8534,52.24044],[-0.85262,52.23989],[-0.85211,52.23983],[-0.8523,52.24003],[-0.85157,52.24032],[-0.85185,52.24132],[-0.85083,52.2416],[-0.85051,52.24113],[-0.84896,52.24176],[-0.84922,52.24211],[-0.84858,52.24231],[-0.84837,52.2418],[-0.84764,52.24147],[-0.84858,52.24137]]]}},{"type":"Feature","properties":{"id":"E01027259","name":"E01027259","parent":"E06000062","type":"LSOA","pop":1558,"r":331,"ff":144,"ffd":9242.6,"ffs":0.5088,"g":47,"co":0,"mo":0,"sa":0,"ic":0},"geometry":{"type":"Polygon","coordinates":[[[-0.82581,52.25352],[-0.82505,52.25229],[-0.82672,52.25196],[-0.82894,52.25205],[-0.82997,52.25254],[-0.83423,52.25013],[-0.83592,52.25036],[-0.83743,52.24872],[-0.83819,52.2492],[-0.83901,52.24926],[-0.83994,52.25114],[-0.8403,52.25119],[-0.84025,52.2516],[-0.83978,52.25174],[-0.83718,52.2519],[-0.83692,52.25161],[-0.83654,52.25197],[-0.83791,52.25275],[-0.83864,52.25361],[-0.83285,52.25539],[-0.83003,52.25664],[-0.82827,52.25554],[-0.82581,52.25352]]]}},{"type":"Feature","properties":{"id":"E01027260","name":"E01027260","parent":"E06000062","type":"LSOA","pop":1616,"r":331,"ff":144,"ffd":8910.9,"ffs":0.5088,"g":47,"co":0,"mo":0,"sa":0,"ic":0},"geometry":{"type":"Polygon","coordinates":[[[-0.83654,52.25197],[-0.83692,52.25161],[-0.83718,52.2519],[-0.83978,52.25174],[-0.84025,52.2516],[-0.8403,52.25119],[-0.83994,52.25114],[-0.83901,52.24926],[-0.83819,52.2492],[-0.83743,52.24872],[-0.83795,52.24793],[-0.83812,52.24654],[-0.83753,52.2456],[-0.83677,52.24501],[-0.84267,52.24162],[-0.84337,52.24275],[-0.84496,52.24264],[-0.84623,52.24444],[-0.84367,52.24545],[-0.84401,52.24566],[-0.84458,52.24546],[-0.84583,52.24614],[-0.84711,52.24561],[-0.84783,52.24575],[-0.8477,52.24621],[-0.8494,52.24733],[-0.84807,52.24775],[-0.84684,52.24725],[-0.84589,52.2473],[-0.8453,52.2477],[-0.84469,52.24758],[-0.8438,52.24788],[-0.84401,52.24829],[-0.84483,52.24834],[-0.84535,52.24871],[-0.84471,52.24938],[-0.84436,52.25053],[-0.8454,52.2504],[-0.84556,52.2498],[-0.84643,52.25026],[-0.84656,52.24978],[-0.84747,52.24954],[-0.84801,52.24992],[-0.84786,52.25044],[-0.84846,52.2503],[-0.84914,52.25057],[-0.84942,52.25173],[-0.84529,52.25265],[-0.83864,52.25361],[-0.83791,52.25275],[-0.83654,52.25197]]]}},{"type":"Feature","properties":{"id":"E01027261","name":"E01027261","parent":"E06000062","type":"LSOA","pop":2088,"r":9,"ff":3,"ffd":143.7,"ffs":0.3333,"g":0,"co":3,"mo":3,"sa":3,"ic":3},"geometry":{"type":"Polygon","coordinates":[[[-1.145,52.11046],[-1.14471,52.11023],[-1.14393,52.11034],[-1.14212,52.10924],[-1.14191,52.10823],[-1.14055,52.10757],[-1.14092,52.10724],[-1.14003,52.10705],[-1.13896,52.10728],[-1.13909,52.10703],[-1.13847,52.107],[-1.13833,52.10648],[-1.13725,52.1066],[-1.13678,52.10616],[-1.13536,52.10608],[-1.13277,52.10493],[-1.13181,52.10501],[-1.13101,52.10427],[-1.12991,52.10415],[-1.12931,52.10358],[-1.12781,52.10301],[-1.1273,52.10233],[-1.12566,52.10168],[-1.12447,52.10057],[-1.12189,52.09979],[-1.1157,52.10075],[-1.11407,52.10155],[-1.11404,52.09944],[-1.11444,52.09863],[-1.11053,52.09829],[-1.11056,52.09704],[-1.11004,52.09616],[-1.10882,52.09565],[-1.10892,52.09489],[-1.10536,52.09362],[-1.10356,52.09449],[-1.10103,52.09455],[-1.09619,52.09356],[-1.09189,52.09209],[-1.09058,52.0922],[-1.08731,52.09388],[-1.08591,52.09376],[-1.08328,52.09208],[-1.08139,52.09173],[-1.08165,52.09037],[-1.08073,52.08747],[-1.07774,52.08577],[-1.07729,52.0849],[-1.07635,52.0855],[-1.07582,52.08491],[-1.07485,52.08486],[-1.0688,52.08594],[-1.06578,52.08529],[-1.06226,52.08493],[-1.05818,52.08392],[-1.05636,52.0847],[-1.05497,52.08607],[-1.05426,52.08627],[-1.05321,52.08539],[-1.0496,52.08489],[-1.04176,52.08733],[-1.03921,52.08766],[-1.03926,52.08561],[-1.03845,52.08396],[-1.03905,52.08223],[-1.0385,52.08176],[-1.03676,52.07928],[-1.03515,52.07917],[-1.03485,52.07888],[-1.03249,52.07876],[-1.02996,52.08001],[-1.0257,52.08004],[-1.02514,52.07948],[-1.02663,52.07871],[-1.02606,52.07695],[-1.02632,52.07568],[-1.02869,52.07502],[-1.04211,52.07394],[-1.04233,52.07371],[-1.03175,52.07117],[-1.02955,52.07011],[-1.02844,52.06788],[-1.02612,52.06572],[-1.02641,52.06442],[-1.02767,52.06373],[-1.03095,52.0629],[-1.03316,52.06352],[-1.03462,52.06455],[-1.03705,52.06525],[-1.03812,52.06606],[-1.03907,52.0661],[-1.04144,52.06555],[-1.04825,52.06285],[-1.04977,52.06139],[-1.0518,52.06072],[-1.05296,52.05966],[-1.05782,52.06103],[-1.06207,52.06274],[-1.06481,52.06154],[-1.06811,52.06105],[-1.07071,52.05956],[-1.07166,52.05814],[-1.07648,52.0589],[-1.07748,52.05788],[-1.07825,52.05805],[-1.07866,52.05744],[-1.08013,52.05684],[-1.08087,52.05677],[-1.0804,52.0561],[-1.08223,52.05289],[-1.08313,52.05279],[-1.08348,52.05233],[-1.0889,52.05238],[-1.09033,52.05141],[-1.09173,52.05121],[-1.09389,52.0512],[-1.09498,52.05161],[-1.09613,52.05135],[-1.09807,52.05024],[-1.09818,52.04978],[-1.09853,52.04989],[-1.09845,52.04903],[-1.09887,52.04864],[-1.10242,52.04793],[-1.1029,52.04806],[-1.1036,52.04776],[-1.10507,52.04833],[-1.10603,52.04812],[-1.10562,52.04887],[-1.10626,52.04908],[-1.11099,52.0482],[-1.11117,52.04795],[-1.11332,52.04812],[-1.11511,52.04781],[-1.11969,52.04649],[-1.1222,52.04495],[-1.12314,52.04163],[-1.12515,52.04058],[-1.12518,52.04011],[-1.12634,52.03935],[-1.12649,52.03888],[-1.12591,52.03874],[-1.1271,52.03798],[-1.1266,52.03719],[-1.12996,52.03351],[-1.13079,52.0334],[-1.13126,52.03287],[-1.13223,52.03228],[-1.13375,52.03348],[-1.1344,52.03452],[-1.13466,52.03536],[-1.13403,52.0358],[-1.13375,52.03854],[-1.13427,52.03969],[-1.13392,52.04089],[-1.13412,52.04242],[-1.13539,52.04309],[-1.13908,52.04426],[-1.14068,52.04498],[-1.1425,52.04542],[-1.14401,52.04625],[-1.14459,52.04827],[-1.14523,52.04874],[-1.14806,52.0486],[-1.1498,52.05004],[-1.15717,52.05207],[-1.15608,52.05388],[-1.15768,52.05696],[-1.15756,52.05923],[-1.15815,52.0619],[-1.1622,52.06574],[-1.16064,52.06586],[-1.15971,52.06667],[-1.15734,52.06752],[-1.15691,52.0681],[-1.155,52.06822],[-1.15225,52.06889],[-1.1525,52.06942],[-1.15186,52.06951],[-1.15303,52.07049],[-1.15374,52.0704],[-1.15422,52.07086],[-1.15493,52.07088],[-1.15682,52.07241],[-1.15877,52.07265],[-1.16197,52.07373],[-1.16392,52.07573],[-1.16057,52.07755],[-1.16042,52.07926],[-1.15958,52.07913],[-1.15942,52.0807],[-1.16005,52.08195],[-1.1585,52.08461],[-1.1588,52.08493],[-1.15748,52.08675],[-1.15792,52.08796],[-1.15758,52.08817],[-1.15864,52.08936],[-1.15643,52.09054],[-1.15628,52.09109],[-1.15696,52.09314],[-1.15703,52.09752],[-1.15603,52.09845],[-1.15561,52.09975],[-1.15424,52.10066],[-1.15262,52.10309],[-1.1494,52.10592],[-1.15042,52.10788],[-1.14994,52.10948],[-1.149,52.10936],[-1.14682,52.11015],[-1.14606,52.11003],[-1.14569,52.11045],[-1.14524,52.11021],[-1.145,52.11046]]]}},{"type":"Feature","properties":{"id":"E01027262","name":"E01027262","parent":"E06000062","type":"LSOA","pop":1719,"r":8,"ff":4,"ffd":232.7,"ffs":0.5,"g":0,"co":3,"mo":3,"sa":3,"ic":3},"geometry":{"type":"Polygon","coordinates":[[[-1.05467,52.19559],[-1.0524,52.19453],[-1.05127,52.1945],[-1.04929,52.1939],[-1.04714,52.19427],[-1.04666,52.19402],[-1.04666,52.19344],[-1.0444,52.1932],[-1.04333,52.19388],[-1.04211,52.19408],[-1.03842,52.19567],[-1.03075,52.18613],[-1.02782,52.1817],[-1.02705,52.18116],[-1.02547,52.17928],[-1.02966,52.17695],[-1.02989,52.17401],[-1.03045,52.17405],[-1.03059,52.17207],[-1.02946,52.17185],[-1.02897,52.17129],[-1.02834,52.17117],[-1.02923,52.16994],[-1.02497,52.16949],[-1.02408,52.16852],[-1.02298,52.16783],[-1.02362,52.16463],[-1.02266,52.16174],[-1.02719,52.16078],[-1.03539,52.16129],[-1.03617,52.16098],[-1.03658,52.16133],[-1.03939,52.16158],[-1.04016,52.16157],[-1.04073,52.16114],[-1.04223,52.16124],[-1.04247,52.16078],[-1.04422,52.16159],[-1.04464,52.16249],[-1.04556,52.16283],[-1.05143,52.16003],[-1.05113,52.15972],[-1.05223,52.15741],[-1.05365,52.15544],[-1.05337,52.15398],[-1.05431,52.15014],[-1.05354,52.14942],[-1.053,52.14943],[-1.05326,52.14892],[-1.05233,52.14859],[-1.0519,52.14758],[-1.05247,52.14752],[-1.05222,52.14675],[-1.05282,52.14574],[-1.05228,52.14467],[-1.0524,52.14439],[-1.05287,52.14449],[-1.05332,52.14205],[-1.05418,52.14131],[-1.0561,52.14126],[-1.05713,52.14135],[-1.05726,52.14166],[-1.05761,52.14145],[-1.05789,52.14209],[-1.06325,52.13838],[-1.06368,52.1378],[-1.06348,52.13704],[-1.06561,52.13696],[-1.06549,52.13659],[-1.06627,52.13644],[-1.06872,52.13461],[-1.06965,52.13272],[-1.0695,52.12928],[-1.06622,52.1264],[-1.06251,52.12493],[-1.06054,52.12368],[-1.05624,52.12217],[-1.0537,52.11993],[-1.05069,52.11807],[-1.04898,52.11744],[-1.05003,52.11736],[-1.05087,52.11685],[-1.05147,52.11708],[-1.05329,52.11647],[-1.05387,52.11677],[-1.0554,52.11571],[-1.05581,52.11613],[-1.05794,52.11625],[-1.0581,52.11578],[-1.05899,52.11565],[-1.05998,52.11503],[-1.06044,52.11528],[-1.06114,52.11468],[-1.06176,52.11483],[-1.06279,52.11365],[-1.06414,52.11336],[-1.06436,52.11299],[-1.0687,52.11263],[-1.06954,52.11285],[-1.06972,52.11238],[-1.07012,52.1125],[-1.0706,52.11212],[-1.07097,52.1123],[-1.07161,52.11184],[-1.0721,52.11203],[-1.07249,52.11179],[-1.07461,52.11241],[-1.07466,52.11201],[-1.07542,52.11197],[-1.07596,52.11274],[-1.07775,52.11302],[-1.07867,52.11404],[-1.0787,52.11435],[-1.07814,52.11456],[-1.07868,52.115],[-1.07827,52.11512],[-1.07968,52.11698],[-1.07935,52.11911],[-1.08008,52.11995],[-1.08274,52.12005],[-1.08382,52.12081],[-1.08687,52.12085],[-1.08868,52.12131],[-1.09219,52.12105],[-1.09381,52.12167],[-1.09594,52.12192],[-1.10081,52.12406],[-1.10203,52.12415],[-1.10195,52.12453],[-1.10252,52.12448],[-1.10349,52.12494],[-1.10551,52.12481],[-1.10627,52.12543],[-1.10742,52.12558],[-1.10844,52.12655],[-1.11148,52.12683],[-1.11335,52.12763],[-1.11437,52.12866],[-1.11115,52.13172],[-1.11132,52.133],[-1.11201,52.13282],[-1.1139,52.13319],[-1.11606,52.13316],[-1.11508,52.13463],[-1.11974,52.13519],[-1.11927,52.13571],[-1.11609,52.137],[-1.11367,52.13957],[-1.11191,52.13989],[-1.11318,52.1417],[-1.11271,52.14343],[-1.11345,52.14373],[-1.11377,52.14438],[-1.11322,52.1446],[-1.11303,52.14648],[-1.11123,52.1468],[-1.11127,52.14865],[-1.11071,52.14888],[-1.11055,52.15017],[-1.11116,52.15011],[-1.1117,52.14941],[-1.11392,52.14807],[-1.12513,52.14429],[-1.12837,52.14224],[-1.12978,52.14183],[-1.13095,52.14235],[-1.13255,52.14133],[-1.13578,52.14514],[-1.13741,52.14643],[-1.13729,52.14887],[-1.13806,52.14872],[-1.13872,52.14925],[-1.13971,52.14929],[-1.14057,52.15049],[-1.14044,52.15127],[-1.1444,52.15296],[-1.14554,52.15405],[-1.14485,52.15453],[-1.1453,52.15515],[-1.14447,52.1557],[-1.14353,52.15794],[-1.145,52.15979],[-1.14745,52.16109],[-1.15071,52.16214],[-1.15199,52.16202],[-1.1543,52.16258],[-1.15661,52.1636],[-1.15648,52.16583],[-1.15752,52.16951],[-1.15301,52.16974],[-1.15233,52.169],[-1.15122,52.16933],[-1.14791,52.16737],[-1.1442,52.16603],[-1.13853,52.17082],[-1.13723,52.17327],[-1.1348,52.17276],[-1.13356,52.1721],[-1.12858,52.16789],[-1.12758,52.16983],[-1.12642,52.17084],[-1.12516,52.17149],[-1.12382,52.17286],[-1.12089,52.17403],[-1.12517,52.1768],[-1.12801,52.18101],[-1.1282,52.18208],[-1.12707,52.18351],[-1.12689,52.18571],[-1.12445,52.18422],[-1.12467,52.18396],[-1.12021,52.18168],[-1.11274,52.17883],[-1.10828,52.17881],[-1.10245,52.17965],[-1.09773,52.17943],[-1.09558,52.17892],[-1.09546,52.18003],[-1.09312,52.18016],[-1.09314,52.18042],[-1.09132,52.18082],[-1.09135,52.18155],[-1.08965,52.18188],[-1.08916,52.18266],[-1.08984,52.18617],[-1.08944,52.18636],[-1.09044,52.18993],[-1.08806,52.1913],[-1.08622,52.19174],[-1.08541,52.1927],[-1.08467,52.19267],[-1.08456,52.19305],[-1.08246,52.19366],[-1.08215,52.1935],[-1.07972,52.19382],[-1.07872,52.19334],[-1.07238,52.19457],[-1.06968,52.19476],[-1.06745,52.19548],[-1.06619,52.19545],[-1.06471,52.19592],[-1.06057,52.19638],[-1.06,52.19669],[-1.05775,52.1963],[-1.05725,52.19585],[-1.05467,52.19559]]]}},{"type":"Feature","properties":{"id":"E01027263","name":"E01027263","parent":"E06000062","type":"LSOA","pop":1836,"r":234,"ff":97,"ffd":5283.2,"ffs":0.5132,"g":44,"co":2,"mo":2,"sa":2,"ic":0},"geometry":{"type":"Polygon","coordinates":[[[-0.94481,52.19047],[-0.93947,52.18925],[-0.93894,52.19024],[-0.93652,52.18971],[-0.93563,52.18833],[-0.9314,52.18658],[-0.93125,52.18496],[-0.93,52.18206],[-0.92735,52.18085],[-0.92716,52.17953],[-0.92622,52.17892],[-0.92298,52.17817],[-0.92066,52.17691],[-0.91949,52.17676],[-0.91917,52.17379],[-0.92019,52.16796],[-0.91964,52.16626],[-0.91818,52.16608],[-0.91769,52.16311],[-0.91865,52.16146],[-0.91966,52.1605],[-0.92005,52.15943],[-0.9187,52.15854],[-0.91968,52.15808],[-0.92175,52.1547],[-0.92204,52.15308],[-0.92154,52.15227],[-0.92396,52.15167],[-0.92712,52.15175],[-0.92783,52.14961],[-0.93111,52.15141],[-0.9322,52.15236],[-0.93505,52.15236],[-0.93878,52.15479],[-0.94051,52.15462],[-0.93983,52.15969],[-0.93673,52.16354],[-0.93738,52.16534],[-0.94525,52.16464],[-0.94824,52.16504],[-0.95113,52.16622],[-0.95654,52.16667],[-0.95648,52.16735],[-0.95937,52.1681],[-0.95957,52.17025],[-0.95592,52.17746],[-0.95571,52.1786],[-0.95379,52.179],[-0.95397,52.18137],[-0.95344,52.18142],[-0.95305,52.18265],[-0.95081,52.18533],[-0.95078,52.18561],[-0.95193,52.18622],[-0.94941,52.18822],[-0.94614,52.19267],[-0.94356,52.19524],[-0.94307,52.19556],[-0.94258,52.19549],[-0.94481,52.19047]]]}},{"type":"Feature","properties":{"id":"E01027264","name":"E01027264","parent":"E06000062","type":"LSOA","pop":1479,"r":10,"ff":4,"ffd":270.5,"ffs":0.4,"g":0,"co":3,"mo":3,"sa":3,"ic":3},"geometry":{"type":"Polygon","coordinates":[[[-1.13947,52.03234],[-1.14063,52.03133],[-1.1401,52.03078],[-1.14165,52.03006],[-1.14248,52.03017],[-1.14183,52.02962],[-1.14282,52.02879],[-1.13882,52.02774],[-1.13862,52.02845],[-1.1391,52.02866],[-1.13851,52.02958],[-1.13776,52.02965],[-1.13724,52.02938],[-1.13701,52.02968],[-1.13655,52.02946],[-1.13541,52.03009],[-1.13475,52.02952],[-1.1351,52.02904],[-1.13269,52.02902],[-1.13368,52.0266],[-1.13353,52.02604],[-1.13429,52.0257],[-1.13545,52.02427],[-1.13528,52.02373],[-1.13577,52.02293],[-1.13627,52.02298],[-1.13606,52.02247],[-1.13666,52.02223],[-1.13598,52.02112],[-1.13616,52.02003],[-1.14216,52.01998],[-1.14371,52.02056],[-1.1467,52.02271],[-1.15012,52.02306],[-1.15002,52.02599],[-1.14984,52.02668],[-1.14721,52.02895],[-1.14374,52.03261],[-1.1433,52.03237],[-1.14219,52.03347],[-1.13991,52.0329],[-1.13947,52.03234]]]}},{"type":"Feature","properties":{"id":"E01027265","name":"E01027265","parent":"E06000062","type":"LSOA","pop":1471,"r":11,"ff":4,"ffd":271.9,"ffs":0.3636,"g":0,"co":3,"mo":3,"sa":3,"ic":3},"geometry":{"type":"Polygon","coordinates":[[[-1.14529,52.03825],[-1.14466,52.03772],[-1.14363,52.03787],[-1.14314,52.03771],[-1.14269,52.03795],[-1.14243,52.03738],[-1.14493,52.03728],[-1.14497,52.0353],[-1.14445,52.03505],[-1.14341,52.03551],[-1.14298,52.0354],[-1.14266,52.03583],[-1.14337,52.03576],[-1.14334,52.0365],[-1.14211,52.03657],[-1.14171,52.03717],[-1.14121,52.03709],[-1.14034,52.03528],[-1.13934,52.0359],[-1.13701,52.03495],[-1.1344,52.03452],[-1.13375,52.03348],[-1.13223,52.03228],[-1.13126,52.03287],[-1.13176,52.03197],[-1.13294,52.03174],[-1.13246,52.03023],[-1.13269,52.02902],[-1.1351,52.02904],[-1.13475,52.02952],[-1.13541,52.03009],[-1.13655,52.02946],[-1.13701,52.02968],[-1.13724,52.02938],[-1.13776,52.02965],[-1.13851,52.02958],[-1.1391,52.02866],[-1.13862,52.02845],[-1.13882,52.02774],[-1.14282,52.02879],[-1.14183,52.02962],[-1.14248,52.03017],[-1.14165,52.03006],[-1.1401,52.03078],[-1.14063,52.03133],[-1.13947,52.03234],[-1.13991,52.0329],[-1.14219,52.03347],[-1.1433,52.03237],[-1.14374,52.03261],[-1.14332,52.03311],[-1.1452,52.03378],[-1.14538,52.03447],[-1.14695,52.03718],[-1.14731,52.0371],[-1.1477,52.03779],[-1.14833,52.03797],[-1.1475,52.03799],[-1.14683,52.03862],[-1.14529,52.03825]]]}},{"type":"Feature","properties":{"id":"E01027267","name":"E01027267","parent":"E06000062","type":"LSOA","pop":1167,"r":11,"ff":4,"ffd":342.8,"ffs":0.3636,"g":0,"co":3,"mo":3,"sa":3,"ic":1},"geometry":{"type":"Polygon","coordinates":[[[-1.14738,52.03454],[-1.14649,52.03426],[-1.14538,52.03447],[-1.1452,52.03378],[-1.14332,52.03311],[-1.14721,52.02895],[-1.14778,52.02913],[-1.14766,52.02975],[-1.14917,52.02972],[-1.15009,52.02997],[-1.15056,52.03031],[-1.15086,52.03168],[-1.15315,52.03109],[-1.15417,52.03146],[-1.15463,52.03123],[-1.15455,52.03167],[-1.15578,52.03222],[-1.1553,52.03231],[-1.15519,52.03331],[-1.15547,52.03359],[-1.15672,52.03345],[-1.15776,52.03435],[-1.15557,52.0352],[-1.15414,52.03456],[-1.15303,52.03447],[-1.15177,52.03473],[-1.15092,52.03426],[-1.14957,52.03531],[-1.14738,52.03454]]]}},{"type":"Feature","properties":{"id":"E01027268","name":"E01027268","parent":"E06000062","type":"LSOA","pop":1371,"r":9,"ff":3,"ffd":218.8,"ffs":0.3333,"g":0,"co":3,"mo":3,"sa":3,"ic":1},"geometry":{"type":"Polygon","coordinates":[[[-1.15776,52.03435],[-1.15672,52.03345],[-1.15547,52.03359],[-1.15519,52.03331],[-1.1553,52.03231],[-1.15578,52.03222],[-1.15507,52.03189],[-1.1566,52.03076],[-1.15604,52.03031],[-1.15694,52.02949],[-1.15681,52.02908],[-1.15485,52.02872],[-1.15426,52.02936],[-1.15349,52.02891],[-1.15392,52.02803],[-1.1525,52.02748],[-1.1528,52.02716],[-1.15246,52.02689],[-1.15237,52.02651],[-1.15373,52.02568],[-1.15667,52.02532],[-1.16118,52.02603],[-1.1623,52.02754],[-1.16245,52.02937],[-1.16324,52.02976],[-1.16237,52.03151],[-1.16074,52.03091],[-1.16026,52.03144],[-1.1601,52.03294],[-1.15859,52.03399],[-1.15776,52.03435]]]}},{"type":"Feature","properties":{"id":"E01027269","name":"E01027269","parent":"E06000062","type":"LSOA","pop":1711,"r":8,"ff":3,"ffd":175.3,"ffs":0.375,"g":0,"co":3,"mo":3,"sa":3,"ic":1},"geometry":{"type":"Polygon","coordinates":[[[-1.15455,52.03167],[-1.15463,52.03123],[-1.15417,52.03146],[-1.15315,52.03109],[-1.15086,52.03168],[-1.15056,52.03031],[-1.15009,52.02997],[-1.14917,52.02972],[-1.14766,52.02975],[-1.14778,52.02913],[-1.14721,52.02895],[-1.14984,52.02668],[-1.15002,52.02599],[-1.15012,52.02306],[-1.15352,52.02286],[-1.15458,52.02324],[-1.15667,52.02532],[-1.15373,52.02568],[-1.15237,52.02651],[-1.15246,52.02689],[-1.1528,52.02716],[-1.1525,52.02748],[-1.15392,52.02803],[-1.15349,52.02891],[-1.15426,52.02936],[-1.15485,52.02872],[-1.15681,52.02908],[-1.15694,52.02949],[-1.15604,52.03031],[-1.1566,52.03076],[-1.15507,52.03189],[-1.15455,52.03167]]]}},{"type":"Feature","properties":{"id":"E01027270","name":"E01027270","parent":"E06000062","type":"LSOA","pop":1484,"r":9,"ff":3,"ffd":202.2,"ffs":0.3333,"g":0,"co":3,"mo":3,"sa":3,"ic":3},"geometry":{"type":"Polygon","coordinates":[[[-1.1495,52.04012],[-1.14887,52.03953],[-1.14967,52.03923],[-1.15149,52.03995],[-1.15141,52.0395],[-1.15177,52.0393],[-1.15212,52.03951],[-1.15399,52.03843],[-1.15891,52.03744],[-1.16145,52.03825],[-1.16178,52.03782],[-1.16805,52.03928],[-1.16729,52.03952],[-1.16411,52.04297],[-1.16358,52.04407],[-1.15506,52.04467],[-1.15128,52.04178],[-1.1495,52.04012]]]}},{"type":"Feature","properties":{"id":"E01027271","name":"E01027271","parent":"E06000062","type":"LSOA","pop":1498,"r":9,"ff":3,"ffd":200.3,"ffs":0.3333,"g":0,"co":3,"mo":3,"sa":3,"ic":1},"geometry":{"type":"Polygon","coordinates":[[[-1.16805,52.03928],[-1.16178,52.03782],[-1.16145,52.03825],[-1.15891,52.03744],[-1.15819,52.03748],[-1.15805,52.03773],[-1.15604,52.03798],[-1.15466,52.037],[-1.15629,52.03641],[-1.15531,52.03535],[-1.15859,52.03399],[-1.1601,52.03294],[-1.16026,52.03144],[-1.16074,52.03091],[-1.16237,52.03151],[-1.16324,52.02976],[-1.17086,52.03522],[-1.17398,52.03642],[-1.17292,52.03833],[-1.17311,52.03889],[-1.17212,52.04112],[-1.16918,52.04533],[-1.16834,52.04828],[-1.1657,52.05113],[-1.16455,52.05156],[-1.16197,52.05027],[-1.16002,52.05001],[-1.15506,52.04467],[-1.16358,52.04407],[-1.16411,52.04297],[-1.16729,52.03952],[-1.16805,52.03928]]]}},{"type":"Feature","properties":{"id":"E01027272","name":"E01027272","parent":"E06000062","type":"LSOA","pop":1472,"r":9,"ff":3,"ffd":203.8,"ffs":0.3333,"g":0,"co":3,"mo":3,"sa":3,"ic":1},"geometry":{"type":"Polygon","coordinates":[[[-1.15149,52.03995],[-1.14967,52.03923],[-1.14887,52.03953],[-1.14841,52.03877],[-1.14833,52.03797],[-1.1477,52.03779],[-1.14731,52.0371],[-1.14695,52.03718],[-1.14538,52.03447],[-1.14649,52.03426],[-1.14957,52.03531],[-1.15092,52.03426],[-1.15177,52.03473],[-1.15303,52.03447],[-1.15414,52.03456],[-1.15557,52.0352],[-1.15531,52.03535],[-1.15629,52.03641],[-1.15466,52.037],[-1.15604,52.03798],[-1.15399,52.03843],[-1.15212,52.03951],[-1.15177,52.0393],[-1.15141,52.0395],[-1.15149,52.03995]]]}},{"type":"Feature","properties":{"id":"E01027273","name":"E01027273","parent":"E06000062","type":"LSOA","pop":1811,"r":268,"ff":113,"ffd":6239.6,"ffs":0.509,"g":45,"co":2,"mo":2,"sa":2,"ic":0},"geometry":{"type":"Polygon","coordinates":[[[-0.80326,52.24211],[-0.80284,52.24053],[-0.80167,52.23924],[-0.80303,52.23893],[-0.8027,52.23847],[-0.80146,52.23877],[-0.80089,52.23826],[-0.80018,52.23715],[-0.79952,52.23431],[-0.79713,52.23449],[-0.79693,52.23408],[-0.79456,52.23436],[-0.79463,52.23397],[-0.79322,52.23381],[-0.78973,52.23265],[-0.78919,52.23296],[-0.78842,52.23147],[-0.78632,52.23134],[-0.78623,52.23074],[-0.78507,52.23065],[-0.78195,52.22956],[-0.78114,52.23013],[-0.77922,52.22971],[-0.78016,52.22833],[-0.78527,52.2257],[-0.78415,52.22424],[-0.78285,52.22383],[-0.78315,52.22331],[-0.78114,52.22262],[-0.78199,52.2219],[-0.78166,52.22132],[-0.78205,52.22004],[-0.78744,52.21545],[-0.78934,52.21274],[-0.79094,52.20865],[-0.78982,52.20775],[-0.79013,52.20734],[-0.7882,52.20611],[-0.78947,52.20567],[-0.79234,52.19781],[-0.79127,52.19697],[-0.79259,52.19631],[-0.79662,52.19806],[-0.80136,52.19884],[-0.80378,52.19906],[-0.81109,52.20075],[-0.81815,52.1999],[-0.82528,52.19232],[-0.82431,52.19273],[-0.82173,52.19119],[-0.81941,52.19047],[-0.82025,52.18896],[-0.82145,52.18827],[-0.8229,52.18834],[-0.82293,52.18793],[-0.82189,52.1878],[-0.82165,52.18726],[-0.82217,52.18719],[-0.82243,52.18762],[-0.82321,52.1872],[-0.82421,52.18576],[-0.82386,52.18566],[-0.82456,52.18529],[-0.82521,52.18354],[-0.82627,52.18328],[-0.82685,52.18173],[-0.82787,52.18163],[-0.82833,52.18188],[-0.82913,52.18136],[-0.83037,52.18294],[-0.82907,52.18321],[-0.82926,52.18396],[-0.82757,52.18421],[-0.82787,52.1872],[-0.83003,52.18798],[-0.83153,52.18691],[-0.8351,52.18644],[-0.84039,52.18054],[-0.83916,52.17746],[-0.84023,52.17274],[-0.85097,52.17682],[-0.85533,52.17812],[-0.85397,52.17862],[-0.85376,52.17901],[-0.85433,52.18079],[-0.85431,52.18157],[-0.85348,52.18197],[-0.85419,52.18296],[-0.85401,52.18368],[-0.85536,52.18521],[-0.86162,52.18976],[-0.86236,52.19052],[-0.86211,52.19076],[-0.86302,52.19123],[-0.86328,52.19104],[-0.86343,52.19132],[-0.8643,52.1913],[-0.8642,52.19176],[-0.86541,52.19228],[-0.86543,52.19258],[-0.86587,52.19225],[-0.86036,52.20011],[-0.85782,52.20235],[-0.86106,52.20312],[-0.86561,52.2048],[-0.85434,52.20754],[-0.85104,52.20786],[-0.84708,52.20772],[-0.84082,52.20925],[-0.83701,52.21169],[-0.83857,52.21423],[-0.83847,52.21733],[-0.83807,52.21793],[-0.83756,52.21751],[-0.83563,52.21816],[-0.83657,52.22057],[-0.83377,52.22114],[-0.83392,52.22272],[-0.83014,52.22346],[-0.83162,52.225],[-0.83409,52.22626],[-0.83541,52.22799],[-0.83471,52.23056],[-0.83494,52.23133],[-0.83319,52.23204],[-0.83367,52.23223],[-0.83393,52.23304],[-0.83414,52.23327],[-0.83644,52.2334],[-0.83878,52.23316],[-0.84098,52.23697],[-0.84006,52.23738],[-0.83678,52.23797],[-0.83491,52.23746],[-0.83405,52.23817],[-0.83271,52.23788],[-0.83053,52.23797],[-0.82886,52.23847],[-0.82285,52.23801],[-0.82276,52.23827],[-0.82243,52.238],[-0.82166,52.23858],[-0.81766,52.23893],[-0.81465,52.2399],[-0.81362,52.24081],[-0.8117,52.24155],[-0.80962,52.2412],[-0.80841,52.24156],[-0.80673,52.24119],[-0.80552,52.24154],[-0.80455,52.24146],[-0.80326,52.24211]]]}},{"type":"Feature","properties":{"id":"E01027274","name":"E01027274","parent":"E06000062","type":"LSOA","pop":2886,"r":293,"ff":129,"ffd":4469.9,"ffs":0.5244,"g":46,"co":0,"mo":0,"sa":0,"ic":0},"geometry":{"type":"Polygon","coordinates":[[[-0.85782,52.20235],[-0.86036,52.20011],[-0.86587,52.19225],[-0.86543,52.19258],[-0.86541,52.19228],[-0.8642,52.19176],[-0.8643,52.1913],[-0.86343,52.19132],[-0.86328,52.19104],[-0.86302,52.19123],[-0.86211,52.19076],[-0.86236,52.19052],[-0.86162,52.18976],[-0.85536,52.18521],[-0.85401,52.18368],[-0.85419,52.18296],[-0.85348,52.18197],[-0.85431,52.18157],[-0.85433,52.18079],[-0.85376,52.17901],[-0.85397,52.17862],[-0.85533,52.17812],[-0.85097,52.17682],[-0.84023,52.17274],[-0.83916,52.17746],[-0.84039,52.18054],[-0.8351,52.18644],[-0.83153,52.18691],[-0.83003,52.18798],[-0.82787,52.1872],[-0.82757,52.18421],[-0.82926,52.18396],[-0.82907,52.18321],[-0.83037,52.18294],[-0.82913,52.18136],[-0.82833,52.18188],[-0.82787,52.18163],[-0.82685,52.18173],[-0.82627,52.18328],[-0.82521,52.18354],[-0.82456,52.18529],[-0.82386,52.18566],[-0.82421,52.18576],[-0.82321,52.1872],[-0.82243,52.18762],[-0.82217,52.18719],[-0.82165,52.18726],[-0.82189,52.1878],[-0.82293,52.18793],[-0.8229,52.18834],[-0.82145,52.18827],[-0.82025,52.18896],[-0.81941,52.19047],[-0.82173,52.19119],[-0.82431,52.19273],[-0.82528,52.19232],[-0.81815,52.1999],[-0.81109,52.20075],[-0.80378,52.19906],[-0.80136,52.19884],[-0.79662,52.19806],[-0.79259,52.19631],[-0.79068,52.1952],[-0.78968,52.1955],[-0.77941,52.19016],[-0.77953,52.18904],[-0.78248,52.1875],[-0.78328,52.18622],[-0.78056,52.1853],[-0.77719,52.18471],[-0.77723,52.18233],[-0.77837,52.18031],[-0.77584,52.17728],[-0.76782,52.17311],[-0.76489,52.17137],[-0.76533,52.1711],[-0.77359,52.16889],[-0.77788,52.16877],[-0.77951,52.16559],[-0.78319,52.16593],[-0.7831,52.16419],[-0.78031,52.16336],[-0.78341,52.16028],[-0.78419,52.15868],[-0.7864,52.15654],[-0.78771,52.15424],[-0.79047,52.1521],[-0.79209,52.15133],[-0.79356,52.15228],[-0.79426,52.15236],[-0.79387,52.15325],[-0.7941,52.15405],[-0.79685,52.1534],[-0.79892,52.15537],[-0.79971,52.15706],[-0.80196,52.15868],[-0.80267,52.15755],[-0.80555,52.15737],[-0.80657,52.15691],[-0.80759,52.15698],[-0.80695,52.15282],[-0.80721,52.1517],[-0.80928,52.15001],[-0.81086,52.15093],[-0.81161,52.15218],[-0.81517,52.15586],[-0.81749,52.15522],[-0.82714,52.15858],[-0.8313,52.15941],[-0.84043,52.16208],[-0.84169,52.16062],[-0.84383,52.15926],[-0.85139,52.1571],[-0.85383,52.1593],[-0.85272,52.16134],[-0.85561,52.16266],[-0.85728,52.16432],[-0.8591,52.16333],[-0.86204,52.16249],[-0.86534,52.16039],[-0.86659,52.16076],[-0.86774,52.16263],[-0.8701,52.16362],[-0.87149,52.16521],[-0.86856,52.16602],[-0.86501,52.16635],[-0.86473,52.16928],[-0.86501,52.16982],[-0.86741,52.17111],[-0.86815,52.17222],[-0.86838,52.17399],[-0.87265,52.17247],[-0.87264,52.17342],[-0.87166,52.17401],[-0.8723,52.1757],[-0.87121,52.17612],[-0.87104,52.17942],[-0.87132,52.18109],[-0.87225,52.18222],[-0.87286,52.1824],[-0.87299,52.18319],[-0.87448,52.18396],[-0.87535,52.18625],[-0.87484,52.1872],[-0.87475,52.18884],[-0.8764,52.18917],[-0.87666,52.18951],[-0.87705,52.19269],[-0.87858,52.19376],[-0.87988,52.1951],[-0.87819,52.19506],[-0.87791,52.19646],[-0.87662,52.1986],[-0.87578,52.19947],[-0.87012,52.20229],[-0.86941,52.20258],[-0.86897,52.20244],[-0.86506,52.20445],[-0.86567,52.20479],[-0.86106,52.20312],[-0.85782,52.20235]]]}},{"type":"Feature","properties":{"id":"E01027275","name":"E01027275","parent":"E06000062","type":"LSOA","pop":1457,"r":242,"ff":99,"ffd":6794.8,"ffs":0.5,"g":43,"co":2,"mo":2,"sa":2,"ic":0},"geometry":{"type":"Polygon","coordinates":[[[-0.76099,52.24837],[-0.75938,52.24751],[-0.75712,52.24782],[-0.75601,52.24759],[-0.7552,52.24668],[-0.75431,52.2467],[-0.7542,52.24616],[-0.75254,52.2455],[-0.7527,52.24282],[-0.75178,52.24049],[-0.75186,52.2367],[-0.75092,52.23472],[-0.74833,52.2336],[-0.74985,52.23143],[-0.75448,52.22859],[-0.75963,52.22658],[-0.75932,52.226],[-0.76164,52.22391],[-0.76022,52.22008],[-0.76346,52.2201],[-0.76341,52.21874],[-0.76415,52.21887],[-0.76656,52.21774],[-0.76752,52.21883],[-0.76719,52.21915],[-0.76919,52.22482],[-0.76853,52.22527],[-0.76986,52.22657],[-0.77335,52.22782],[-0.77575,52.22468],[-0.7801,52.22354],[-0.78114,52.22262],[-0.78315,52.22331],[-0.78285,52.22383],[-0.78415,52.22424],[-0.78527,52.2257],[-0.78016,52.22833],[-0.77922,52.22971],[-0.78114,52.23013],[-0.78195,52.22956],[-0.78507,52.23065],[-0.78623,52.23074],[-0.78632,52.23134],[-0.78842,52.23147],[-0.78919,52.23296],[-0.78973,52.23265],[-0.79322,52.23381],[-0.79463,52.23397],[-0.79456,52.23436],[-0.79693,52.23408],[-0.79713,52.23449],[-0.79952,52.23431],[-0.80018,52.23715],[-0.80089,52.23826],[-0.80146,52.23877],[-0.8027,52.23847],[-0.80303,52.23893],[-0.80167,52.23924],[-0.80284,52.24053],[-0.79893,52.24122],[-0.79369,52.24157],[-0.79171,52.2419],[-0.79142,52.24224],[-0.7842,52.24353],[-0.78344,52.24422],[-0.78284,52.24413],[-0.78139,52.24457],[-0.78136,52.2454],[-0.78029,52.24554],[-0.77915,52.24651],[-0.7778,52.24652],[-0.77704,52.24608],[-0.77533,52.24601],[-0.77436,52.2453],[-0.77271,52.24536],[-0.76989,52.24594],[-0.76902,52.24587],[-0.76796,52.24684],[-0.76667,52.24619],[-0.7659,52.24741],[-0.76448,52.24817],[-0.76219,52.24877],[-0.76089,52.24867],[-0.76099,52.24837]]]}},{"type":"Feature","properties":{"id":"E01027277","name":"E01027277","parent":"E06000062","type":"LSOA","pop":1726,"r":13,"ff":7,"ffd":405.6,"ffs":0.5385,"g":0,"co":3,"mo":3,"sa":3,"ic":1},"geometry":{"type":"Polygon","coordinates":[[[-1.01982,52.20253],[-1.02102,52.19886],[-1.0178,52.19944],[-1.01771,52.19913],[-1.01491,52.19852],[-1.01489,52.19831],[-1.01342,52.19844],[-1.01326,52.19801],[-1.01247,52.19824],[-1.00564,52.19694],[-1.0038,52.19632],[-1.002,52.19697],[-1.00123,52.1969],[-1.00017,52.19628],[-0.99978,52.19555],[-0.99795,52.1959],[-0.99691,52.19453],[-0.99393,52.19495],[-0.99331,52.19465],[-0.99142,52.19475],[-0.99011,52.19332],[-0.98875,52.19338],[-0.98838,52.19211],[-0.98965,52.19131],[-0.98959,52.19093],[-0.99007,52.19087],[-0.98971,52.19075],[-0.98987,52.18956],[-0.98935,52.18973],[-0.98867,52.18924],[-0.98919,52.18893],[-0.9884,52.18871],[-0.9887,52.18784],[-0.98799,52.18787],[-0.98779,52.1875],[-0.98821,52.1867],[-0.9876,52.18661],[-0.98753,52.18457],[-0.99005,52.18026],[-0.9895,52.17926],[-0.98886,52.17474],[-0.98772,52.17385],[-0.98695,52.17391],[-0.98698,52.17248],[-0.98834,52.17259],[-0.98839,52.16787],[-0.98588,52.16939],[-0.98506,52.17069],[-0.98371,52.17172],[-0.98337,52.17294],[-0.97674,52.17273],[-0.96911,52.17129],[-0.96272,52.1708],[-0.95957,52.17025],[-0.95937,52.1681],[-0.95648,52.16735],[-0.95654,52.16667],[-0.95113,52.16622],[-0.94824,52.16504],[-0.94525,52.16464],[-0.93738,52.16534],[-0.93673,52.16354],[-0.93902,52.16054],[-0.93963,52.16103],[-0.9421,52.16084],[-0.94291,52.16109],[-0.9456,52.16109],[-0.94641,52.16081],[-0.94736,52.15991],[-0.94729,52.1582],[-0.94578,52.15813],[-0.94668,52.15431],[-0.94933,52.15456],[-0.95156,52.15539],[-0.95344,52.15688],[-0.9555,52.15783],[-0.95622,52.15938],[-0.95781,52.16012],[-0.96033,52.16051],[-0.96268,52.16025],[-0.96488,52.15885],[-0.96566,52.15595],[-0.9678,52.15587],[-0.96815,52.15571],[-0.96795,52.15502],[-0.96955,52.1546],[-0.96954,52.15428],[-0.97083,52.15394],[-0.9726,52.15392],[-0.97369,52.15166],[-0.97723,52.15059],[-0.98208,52.14966],[-0.98295,52.15241],[-0.98402,52.15323],[-0.98483,52.15334],[-0.98499,52.15375],[-0.98669,52.15439],[-0.98904,52.15725],[-0.99027,52.15799],[-0.99069,52.15954],[-0.99261,52.16262],[-0.99198,52.16294],[-0.99277,52.16435],[-0.99372,52.16441],[-0.99376,52.16473],[-0.99465,52.165],[-0.99833,52.16498],[-1.00119,52.16406],[-1.00316,52.16407],[-1.00445,52.1637],[-1.0064,52.16216],[-1.01125,52.16013],[-1.01315,52.16264],[-1.0189,52.16189],[-1.01909,52.16223],[-1.02266,52.16174],[-1.02362,52.16463],[-1.02298,52.16783],[-1.02408,52.16852],[-1.02497,52.16949],[-1.02923,52.16994],[-1.02834,52.17117],[-1.02897,52.17129],[-1.02946,52.17185],[-1.03059,52.17207],[-1.03045,52.17405],[-1.02989,52.17401],[-1.02966,52.17695],[-1.02547,52.17928],[-1.02705,52.18116],[-1.02782,52.1817],[-1.03075,52.18613],[-1.03842,52.19567],[-1.03648,52.19728],[-1.03425,52.19761],[-1.03399,52.19723],[-1.03368,52.19789],[-1.03311,52.19754],[-1.03054,52.19821],[-1.0294,52.19921],[-1.02879,52.19918],[-1.02894,52.19948],[-1.02798,52.19993],[-1.02806,52.20018],[-1.02737,52.20025],[-1.02754,52.20056],[-1.02598,52.20068],[-1.02474,52.20131],[-1.02389,52.20124],[-1.02299,52.20224],[-1.02176,52.20265],[-1.02111,52.20248],[-1.0207,52.2029],[-1.01982,52.20253]]]}},{"type":"Feature","properties":{"id":"E01027279","name":"E01027279","parent":"E06000062","type":"LSOA","pop":2040,"r":227,"ff":91,"ffd":4460.8,"ffs":0.5028,"g":45,"co":2,"mo":2,"sa":2,"ic":0},"geometry":{"type":"Polygon","coordinates":[[[-0.88614,52.16183],[-0.89068,52.16017],[-0.89125,52.16083],[-0.89323,52.16115],[-0.89444,52.16047],[-0.89757,52.15921],[-0.89681,52.15848],[-0.89715,52.15817],[-0.89765,52.15823],[-0.8976,52.15781],[-0.89602,52.15728],[-0.89665,52.15633],[-0.89602,52.15503],[-0.8938,52.15339],[-0.89965,52.14752],[-0.90063,52.14748],[-0.90191,52.14833],[-0.90147,52.15108],[-0.90197,52.15313],[-0.90362,52.15471],[-0.90517,52.15342],[-0.90744,52.15402],[-0.90951,52.15525],[-0.91124,52.15688],[-0.91261,52.15852],[-0.91596,52.15984],[-0.91865,52.16146],[-0.91769,52.16311],[-0.91818,52.16608],[-0.91964,52.16626],[-0.92019,52.16796],[-0.91917,52.17379],[-0.91766,52.17303],[-0.91692,52.17163],[-0.91535,52.17106],[-0.90758,52.17073],[-0.90476,52.17027],[-0.90398,52.16975],[-0.89835,52.16856],[-0.89797,52.16596],[-0.88968,52.16436],[-0.88571,52.16405],[-0.88614,52.16183]]]}},{"type":"Feature","properties":{"id":"E01027280","name":"E01027280","parent":"E06000062","type":"LSOA","pop":2772,"r":269,"ff":100,"ffd":3607.5,"ffs":0.495,"g":65,"co":2,"mo":2,"sa":2,"ic":0},"geometry":{"type":"Polygon","coordinates":[[[-0.91449,52.07614],[-0.91267,52.07409],[-0.90936,52.07466],[-0.90464,52.07452],[-0.90466,52.07427],[-0.90346,52.0739],[-0.90378,52.07354],[-0.89946,52.07213],[-0.89552,52.07224],[-0.89311,52.07331],[-0.8907,52.07052],[-0.88763,52.06588],[-0.88667,52.06514],[-0.88526,52.06519],[-0.88478,52.06556],[-0.88371,52.06558],[-0.88115,52.06418],[-0.87776,52.06398],[-0.87724,52.06327],[-0.87793,52.0621],[-0.88416,52.05884],[-0.88247,52.0564],[-0.87994,52.05598],[-0.87873,52.0561],[-0.87852,52.05649],[-0.87728,52.05552],[-0.8745,52.0544],[-0.87103,52.0536],[-0.8723,52.05173],[-0.87281,52.0504],[-0.8701,52.04961],[-0.86984,52.04875],[-0.87059,52.04691],[-0.87129,52.04671],[-0.8711,52.04599],[-0.8716,52.04531],[-0.87085,52.04501],[-0.87082,52.04362],[-0.87061,52.0438],[-0.87045,52.04337],[-0.87179,52.04185],[-0.87133,52.04025],[-0.87212,52.03977],[-0.87317,52.03737],[-0.8721,52.03619],[-0.87334,52.03548],[-0.87312,52.03511],[-0.87395,52.03502],[-0.87611,52.0335],[-0.87627,52.03249],[-0.8773,52.03103],[-0.87683,52.03069],[-0.87747,52.02997],[-0.87983,52.02914],[-0.88029,52.02869],[-0.8824,52.02824],[-0.88354,52.02833],[-0.88716,52.03011],[-0.88924,52.03152],[-0.88989,52.0316],[-0.8907,52.03123],[-0.89134,52.0299],[-0.89366,52.02877],[-0.89598,52.02808],[-0.89736,52.02725],[-0.8983,52.02747],[-0.89966,52.02643],[-0.90009,52.02521],[-0.90075,52.02467],[-0.90388,52.0237],[-0.90458,52.02233],[-0.90603,52.02122],[-0.90838,52.02224],[-0.91178,52.02497],[-0.91211,52.02659],[-0.91438,52.02984],[-0.92256,52.03535],[-0.92394,52.03579],[-0.92673,52.03867],[-0.92818,52.04222],[-0.92972,52.04279],[-0.93035,52.04345],[-0.92982,52.04505],[-0.93028,52.04574],[-0.93019,52.04864],[-0.9307,52.04881],[-0.93011,52.04954],[-0.93183,52.05218],[-0.93187,52.05403],[-0.93345,52.05508],[-0.93571,52.05792],[-0.93659,52.05819],[-0.93788,52.0612],[-0.93374,52.06264],[-0.93764,52.06286],[-0.9394,52.06223],[-0.94165,52.06427],[-0.94048,52.06504],[-0.94204,52.06659],[-0.94046,52.06743],[-0.93928,52.06735],[-0.94154,52.06823],[-0.94175,52.06877],[-0.9444,52.07007],[-0.94449,52.07319],[-0.94006,52.07584],[-0.93411,52.07328],[-0.92888,52.07148],[-0.9241,52.07074],[-0.92427,52.07205],[-0.92243,52.07332],[-0.9211,52.07398],[-0.91875,52.07437],[-0.91468,52.0758],[-0.91449,52.07614]],[[-0.89657,52.05688],[-0.90382,52.05644],[-0.90459,52.05486],[-0.91039,52.0569],[-0.91153,52.05696],[-0.91008,52.05609],[-0.90964,52.05439],[-0.90763,52.05274],[-0.90438,52.05169],[-0.90193,52.05166],[-0.90037,52.05087],[-0.8971,52.05041],[-0.8943,52.05138],[-0.89174,52.05053],[-0.89168,52.05096],[-0.88858,52.05074],[-0.88732,52.05017],[-0.88606,52.05099],[-0.88626,52.05142],[-0.88682,52.05174],[-0.88816,52.05149],[-0.8884,52.05244],[-0.88981,52.05221],[-0.89025,52.05595],[-0.89275,52.05737],[-0.89334,52.0572],[-0.89354,52.05669],[-0.89421,52.05676],[-0.89366,52.0578],[-0.8952,52.05837],[-0.89573,52.05733],[-0.89657,52.05688]]]}},{"type":"Feature","properties":{"id":"E01027281","name":"E01027281","parent":"E06000062","type":"LSOA","pop":1710,"r":235,"ff":83,"ffd":4853.8,"ffs":0.4826,"g":61,"co":2,"mo":2,"sa":2,"ic":0},"geometry":{"type":"Polygon","coordinates":[[[-0.89421,52.05676],[-0.89354,52.05669],[-0.89334,52.0572],[-0.89275,52.05737],[-0.89025,52.05595],[-0.88981,52.05221],[-0.8884,52.05244],[-0.88816,52.05149],[-0.88682,52.05174],[-0.88626,52.05142],[-0.88606,52.05099],[-0.88732,52.05017],[-0.88858,52.05074],[-0.89168,52.05096],[-0.89174,52.05053],[-0.8943,52.05138],[-0.8971,52.05041],[-0.90037,52.05087],[-0.90193,52.05166],[-0.90438,52.05169],[-0.90763,52.05274],[-0.90964,52.05439],[-0.91008,52.05609],[-0.91153,52.05696],[-0.91039,52.0569],[-0.90459,52.05486],[-0.90382,52.05644],[-0.89657,52.05688],[-0.89573,52.05733],[-0.8952,52.05837],[-0.89366,52.0578],[-0.89421,52.05676]]]}},{"type":"Feature","properties":{"id":"E01027282","name":"E01027282","parent":"E06000062","type":"LSOA","pop":1824,"r":46,"ff":31,"ffd":1699.6,"ffs":0.6739,"g":0,"co":3,"mo":3,"sa":3,"ic":1},"geometry":{"type":"Polygon","coordinates":[[[-0.99419,52.21489],[-0.99358,52.2137],[-0.99256,52.2142],[-0.98677,52.21489],[-0.984,52.21443],[-0.98247,52.21455],[-0.98278,52.21192],[-0.98215,52.21191],[-0.98266,52.21173],[-0.98226,52.21173],[-0.98216,52.21128],[-0.98126,52.21117],[-0.98145,52.21091],[-0.97984,52.20907],[-0.98047,52.20774],[-0.98121,52.20734],[-0.98068,52.20721],[-0.98182,52.20547],[-0.98151,52.20478],[-0.98192,52.20459],[-0.9959,52.20325],[-1.00109,52.20625],[-1.00212,52.20635],[-1.005,52.20799],[-1.00561,52.20804],[-1.0064,52.20764],[-1.00676,52.20806],[-1.00722,52.20802],[-1.00774,52.20732],[-1.00933,52.20768],[-1.00855,52.20813],[-1.00694,52.20853],[-1.00648,52.2088],[-1.0067,52.2092],[-1.00745,52.20922],[-1.00686,52.20939],[-1.00697,52.20967],[-1.00743,52.20998],[-1.00814,52.20982],[-1.00844,52.21019],[-1.00797,52.21105],[-1.00742,52.21111],[-1.00719,52.2114],[-1.00786,52.2113],[-1.00825,52.21227],[-1.00918,52.21184],[-1.00943,52.21294],[-1.00403,52.21369],[-1.00318,52.21826],[-1.00202,52.21829],[-1.00214,52.21791],[-0.99946,52.21703],[-0.99953,52.21639],[-0.99744,52.21595],[-0.99354,52.21567],[-0.99371,52.21501],[-0.99419,52.21489]]]}},{"type":"Feature","properties":{"id":"E01027283","name":"E01027283","parent":"E06000062","type":"LSOA","pop":1629,"r":42,"ff":27,"ffd":1657.5,"ffs":0.6429,"g":0,"co":3,"mo":3,"sa":3,"ic":1},"geometry":{"type":"Polygon","coordinates":[[[-1.00827,52.22575],[-1.0047,52.22184],[-1.00318,52.21826],[-1.00403,52.21369],[-1.00943,52.21294],[-1.00918,52.21184],[-1.00825,52.21227],[-1.00786,52.2113],[-1.00719,52.2114],[-1.00742,52.21111],[-1.00797,52.21105],[-1.00844,52.21019],[-1.00814,52.20982],[-1.00743,52.20998],[-1.00697,52.20967],[-1.00686,52.20939],[-1.00745,52.20922],[-1.0067,52.2092],[-1.00648,52.2088],[-1.00694,52.20853],[-1.00855,52.20813],[-1.00933,52.20768],[-1.00774,52.20732],[-1.00722,52.20802],[-1.00676,52.20806],[-1.0064,52.20764],[-1.00561,52.20804],[-1.005,52.20799],[-1.00212,52.20635],[-1.00109,52.20625],[-0.9959,52.20325],[-0.98155,52.20457],[-0.98166,52.20419],[-0.9809,52.20383],[-0.98119,52.2037],[-0.98022,52.20369],[-0.98031,52.20333],[-0.97959,52.20312],[-0.97986,52.20198],[-0.97794,52.20059],[-0.97671,52.19913],[-0.97297,52.19796],[-0.96988,52.19645],[-0.96646,52.19451],[-0.96652,52.19371],[-0.96564,52.19353],[-0.96362,52.19412],[-0.96111,52.19396],[-0.95844,52.19447],[-0.95762,52.1951],[-0.95733,52.19475],[-0.95606,52.19498],[-0.95438,52.19463],[-0.95157,52.19601],[-0.95074,52.19541],[-0.9498,52.19522],[-0.94775,52.1956],[-0.94598,52.19545],[-0.94575,52.1957],[-0.94356,52.19524],[-0.94614,52.19267],[-0.94941,52.18822],[-0.95193,52.18622],[-0.95078,52.18561],[-0.95081,52.18533],[-0.95305,52.18265],[-0.95344,52.18142],[-0.95397,52.18137],[-0.95379,52.179],[-0.95571,52.1786],[-0.95592,52.17746],[-0.95957,52.17025],[-0.96272,52.1708],[-0.96911,52.17129],[-0.97674,52.17273],[-0.98337,52.17294],[-0.98371,52.17172],[-0.98506,52.17069],[-0.98588,52.16939],[-0.98839,52.16787],[-0.98834,52.17259],[-0.98698,52.17248],[-0.98695,52.17391],[-0.98772,52.17385],[-0.98886,52.17474],[-0.9895,52.17926],[-0.99005,52.18026],[-0.98753,52.18457],[-0.9876,52.18661],[-0.98821,52.1867],[-0.98779,52.1875],[-0.98799,52.18787],[-0.9887,52.18784],[-0.9884,52.18871],[-0.98919,52.18893],[-0.98867,52.18924],[-0.98935,52.18973],[-0.98987,52.18956],[-0.98971,52.19075],[-0.99007,52.19087],[-0.98959,52.19093],[-0.98965,52.19131],[-0.98838,52.19211],[-0.98875,52.19338],[-0.99011,52.19332],[-0.99142,52.19475],[-0.99331,52.19465],[-0.99393,52.19495],[-0.99691,52.19453],[-0.99795,52.1959],[-0.99978,52.19555],[-1.00017,52.19628],[-1.00123,52.1969],[-1.002,52.19697],[-1.0038,52.19632],[-1.00564,52.19694],[-1.01247,52.19824],[-1.01326,52.19801],[-1.01342,52.19844],[-1.01489,52.19831],[-1.01491,52.19852],[-1.01771,52.19913],[-1.0178,52.19944],[-1.02102,52.19886],[-1.01982,52.20253],[-1.0207,52.2029],[-1.02111,52.20248],[-1.02176,52.20265],[-1.02299,52.20224],[-1.02389,52.20124],[-1.02474,52.20131],[-1.02598,52.20068],[-1.02754,52.20056],[-1.02737,52.20025],[-1.02806,52.20018],[-1.02798,52.19993],[-1.02894,52.19948],[-1.02879,52.19918],[-1.0294,52.19921],[-1.03054,52.19821],[-1.03311,52.19754],[-1.03368,52.19789],[-1.03399,52.19723],[-1.03425,52.19761],[-1.03648,52.19728],[-1.03842,52.19567],[-1.0421,52.19912],[-1.0423,52.20093],[-1.04609,52.20556],[-1.04417,52.20623],[-1.04378,52.20596],[-1.03788,52.20916],[-1.03713,52.20928],[-1.03578,52.21028],[-1.03504,52.21009],[-1.03322,52.21157],[-1.03134,52.21251],[-1.02891,52.21327],[-1.02909,52.21404],[-1.02855,52.21491],[-1.02611,52.21458],[-1.02588,52.215],[-1.02538,52.21489],[-1.02433,52.21858],[-1.02385,52.21877],[-1.02303,52.21855],[-1.02268,52.2181],[-1.0224,52.22269],[-1.02302,52.22263],[-1.02304,52.22283],[-1.02154,52.22293],[-1.02158,52.22379],[-1.02294,52.22364],[-1.02333,52.22426],[-1.02184,52.22449],[-1.02123,52.22488],[-1.01878,52.22472],[-1.01816,52.22511],[-1.01733,52.22473],[-1.01758,52.22432],[-1.01713,52.22388],[-1.01533,52.2236],[-1.01459,52.22296],[-1.01382,52.22298],[-1.0138,52.22337],[-1.01293,52.22315],[-1.01232,52.22365],[-1.01203,52.22342],[-1.01114,52.2235],[-1.01114,52.2238],[-1.00886,52.22496],[-1.00827,52.22575]]]}},{"type":"Feature","properties":{"id":"E01027284","name":"E01027284","parent":"E06000062","type":"LSOA","pop":1942,"r":209,"ff":69,"ffd":3553.0,"ffs":0.4694,"g":60,"co":2,"mo":2,"sa":2,"ic":2},"geometry":{"type":"Polygon","coordinates":[[[-0.84383,52.15926],[-0.84097,52.15639],[-0.83986,52.15353],[-0.84297,52.1528],[-0.84504,52.15147],[-0.84661,52.15294],[-0.84756,52.15209],[-0.8504,52.15082],[-0.85092,52.15099],[-0.85306,52.15016],[-0.85289,52.1498],[-0.85387,52.14955],[-0.85932,52.14889],[-0.86158,52.14898],[-0.86596,52.14824],[-0.86339,52.14659],[-0.86815,52.14509],[-0.86912,52.14288],[-0.8757,52.13272],[-0.87874,52.12963],[-0.88068,52.12857],[-0.87994,52.12664],[-0.88069,52.12614],[-0.88061,52.1254],[-0.87965,52.12418],[-0.87982,52.12381],[-0.8804,52.12386],[-0.88082,52.12349],[-0.88002,52.12235],[-0.88077,52.12175],[-0.88068,52.12019],[-0.88179,52.11985],[-0.88155,52.11906],[-0.88243,52.11884],[-0.88198,52.11816],[-0.88302,52.11805],[-0.88289,52.11752],[-0.8837,52.11657],[-0.88626,52.11564],[-0.88648,52.115],[-0.8873,52.11453],[-0.88608,52.11349],[-0.88451,52.11332],[-0.88368,52.11357],[-0.88147,52.11266],[-0.8809,52.11287],[-0.88059,52.11268],[-0.88038,52.11305],[-0.87846,52.11251],[-0.87821,52.11289],[-0.8765,52.11294],[-0.87525,52.11221],[-0.87494,52.11249],[-0.8739,52.11228],[-0.87297,52.11267],[-0.87048,52.11072],[-0.87039,52.11024],[-0.8698,52.11046],[-0.86915,52.10988],[-0.86931,52.10948],[-0.86862,52.10844],[-0.86899,52.10799],[-0.87024,52.10775],[-0.86902,52.10707],[-0.8698,52.10642],[-0.86986,52.1051],[-0.8684,52.1043],[-0.86748,52.10474],[-0.86693,52.10396],[-0.86533,52.10307],[-0.86542,52.10257],[-0.86675,52.10158],[-0.86878,52.10109],[-0.86958,52.10016],[-0.86892,52.10017],[-0.86862,52.09963],[-0.86785,52.09944],[-0.86872,52.09936],[-0.87018,52.09794],[-0.87017,52.09691],[-0.8715,52.09592],[-0.87168,52.09484],[-0.87305,52.09272],[-0.87193,52.0921],[-0.87229,52.08956],[-0.87134,52.08825],[-0.87283,52.08687],[-0.87471,52.0879],[-0.87419,52.08824],[-0.87576,52.0892],[-0.87353,52.09055],[-0.87681,52.09258],[-0.88357,52.08796],[-0.88559,52.08926],[-0.88461,52.08985],[-0.88679,52.09144],[-0.8881,52.09098],[-0.88927,52.09181],[-0.8928,52.09002],[-0.89397,52.09096],[-0.89497,52.09249],[-0.89814,52.0915],[-0.90358,52.08899],[-0.90562,52.08981],[-0.90823,52.08731],[-0.91306,52.09018],[-0.91676,52.08858],[-0.92549,52.0933],[-0.9217,52.09501],[-0.92819,52.09874],[-0.92621,52.09987],[-0.92929,52.10326],[-0.92892,52.10454],[-0.92935,52.10641],[-0.92831,52.10635],[-0.92854,52.11109],[-0.92696,52.1116],[-0.92762,52.11488],[-0.92893,52.11799],[-0.92785,52.11944],[-0.92842,52.1197],[-0.92881,52.12289],[-0.92697,52.12226],[-0.92685,52.12257],[-0.92491,52.12311],[-0.92453,52.12344],[-0.92465,52.12427],[-0.92384,52.12446],[-0.92451,52.12588],[-0.92533,52.12594],[-0.92454,52.12683],[-0.92384,52.12693],[-0.92318,52.12748],[-0.922,52.12747],[-0.92246,52.12778],[-0.92199,52.12815],[-0.91615,52.12796],[-0.91543,52.12756],[-0.91439,52.12761],[-0.91391,52.12718],[-0.91277,52.12741],[-0.91186,52.12687],[-0.91112,52.12688],[-0.91115,52.12602],[-0.90908,52.12666],[-0.90805,52.12635],[-0.90731,52.12648],[-0.90716,52.12792],[-0.90453,52.129],[-0.90417,52.13014],[-0.90463,52.13111],[-0.90342,52.13251],[-0.90396,52.13275],[-0.90328,52.13386],[-0.90357,52.13522],[-0.90227,52.13717],[-0.90128,52.13771],[-0.89768,52.13867],[-0.89461,52.14003],[-0.89373,52.14124],[-0.89402,52.14282],[-0.89149,52.14306],[-0.89,52.14258],[-0.88809,52.14288],[-0.88887,52.14393],[-0.88907,52.14541],[-0.88755,52.14792],[-0.88222,52.14939],[-0.87785,52.15107],[-0.87657,52.15256],[-0.87423,52.15178],[-0.87235,52.15043],[-0.86737,52.15372],[-0.86241,52.15517],[-0.85828,52.15746],[-0.8573,52.15748],[-0.85675,52.15697],[-0.85383,52.1593],[-0.85139,52.1571],[-0.84383,52.15926]]]}},{"type":"Feature","properties":{"id":"E01027285","name":"E01027285","parent":"E06000062","type":"LSOA","pop":1798,"r":251,"ff":105,"ffd":5839.8,"ffs":0.5097,"g":44,"co":2,"mo":2,"sa":0,"ic":0},"geometry":{"type":"Polygon","coordinates":[[[-0.97941,52.23261],[-0.97789,52.23221],[-0.97586,52.23232],[-0.97519,52.2328],[-0.97367,52.23298],[-0.97005,52.23178],[-0.9698,52.23124],[-0.9694,52.2312],[-0.9692,52.22892],[-0.96855,52.22833],[-0.96754,52.22806],[-0.96938,52.22813],[-0.96718,52.22585],[-0.96848,52.22549],[-0.96715,52.2242],[-0.96678,52.22252],[-0.96573,52.22134],[-0.96778,52.22119],[-0.96756,52.22004],[-0.96766,52.21868],[-0.95146,52.21203],[-0.93659,52.20812],[-0.93937,52.20135],[-0.94258,52.19549],[-0.94307,52.19556],[-0.94356,52.19524],[-0.94575,52.1957],[-0.94598,52.19545],[-0.94775,52.1956],[-0.9498,52.19522],[-0.95074,52.19541],[-0.95157,52.19601],[-0.95438,52.19463],[-0.95606,52.19498],[-0.95733,52.19475],[-0.95762,52.1951],[-0.95844,52.19447],[-0.96111,52.19396],[-0.96362,52.19412],[-0.96564,52.19353],[-0.96652,52.19371],[-0.96646,52.19451],[-0.96974,52.19637],[-0.97297,52.19796],[-0.97671,52.19913],[-0.97794,52.20059],[-0.97986,52.20198],[-0.97959,52.20312],[-0.98031,52.20333],[-0.98022,52.20369],[-0.98119,52.2037],[-0.9809,52.20383],[-0.98166,52.20419],[-0.98155,52.20457],[-0.98192,52.20459],[-0.98151,52.20478],[-0.98182,52.20547],[-0.98068,52.20721],[-0.98121,52.20734],[-0.98047,52.20774],[-0.97984,52.20907],[-0.98145,52.21091],[-0.98126,52.21117],[-0.98216,52.21128],[-0.98226,52.21173],[-0.98266,52.21173],[-0.98215,52.21191],[-0.98278,52.21192],[-0.98247,52.21455],[-0.984,52.21443],[-0.98677,52.21489],[-0.99256,52.2142],[-0.99358,52.2137],[-0.99419,52.21489],[-0.99371,52.21501],[-0.99354,52.21567],[-0.99744,52.21595],[-0.99953,52.21639],[-0.99946,52.21703],[-1.00214,52.21791],[-1.00202,52.21829],[-1.00318,52.21826],[-1.0047,52.22184],[-1.00827,52.22575],[-1.00742,52.22617],[-1.00699,52.22586],[-1.00611,52.22687],[-1.00676,52.22701],[-1.00549,52.22742],[-1.00559,52.22771],[-1.0049,52.22774],[-1.00334,52.22855],[-1.00121,52.22826],[-1.00077,52.22759],[-1.00032,52.22774],[-0.99936,52.22736],[-0.99713,52.22872],[-0.99348,52.22879],[-0.9926,52.22775],[-0.99174,52.22772],[-0.99166,52.22803],[-0.99089,52.22801],[-0.98918,52.22909],[-0.98849,52.22876],[-0.98787,52.22923],[-0.98609,52.22934],[-0.9856,52.22896],[-0.98282,52.23046],[-0.98264,52.23191],[-0.98159,52.23295],[-0.98058,52.23332],[-0.97967,52.23324],[-0.97929,52.23307],[-0.97941,52.23261]]]}},{"type":"Feature","properties":{"id":"E01027286","name":"E01027286","parent":"E06000062","type":"LSOA","pop":1841,"r":233,"ff":98,"ffd":5323.2,"ffs":0.5131,"g":41,"co":2,"mo":2,"sa":0,"ic":0},"geometry":{"type":"Polygon","coordinates":[[[-0.96176,52.25947],[-0.96552,52.25616],[-0.96589,52.25532],[-0.96614,52.25389],[-0.96828,52.25029],[-0.96452,52.24962],[-0.96535,52.24629],[-0.96419,52.24264],[-0.96462,52.24092],[-0.96892,52.24023],[-0.96936,52.23882],[-0.96874,52.23819],[-0.96871,52.23714],[-0.97103,52.235],[-0.96784,52.23551],[-0.96528,52.23539],[-0.96715,52.23203],[-0.96822,52.23141],[-0.9694,52.2312],[-0.9698,52.23124],[-0.97005,52.23178],[-0.97367,52.23298],[-0.97519,52.2328],[-0.97586,52.23232],[-0.97789,52.23221],[-0.97941,52.23261],[-0.97929,52.23307],[-0.97967,52.23324],[-0.98058,52.23332],[-0.98159,52.23295],[-0.98264,52.23191],[-0.98282,52.23046],[-0.9856,52.22896],[-0.98609,52.22934],[-0.98787,52.22923],[-0.98849,52.22876],[-0.98918,52.22909],[-0.99089,52.22801],[-0.99166,52.22803],[-0.99174,52.22772],[-0.9926,52.22775],[-0.99348,52.22879],[-0.99413,52.22889],[-0.99713,52.22872],[-0.99936,52.22736],[-1.00032,52.22774],[-1.00077,52.22759],[-1.00121,52.22826],[-1.00334,52.22855],[-1.0049,52.22774],[-1.00559,52.22771],[-1.00638,52.22806],[-1.0066,52.22858],[-1.00918,52.22976],[-1.01007,52.23206],[-1.01125,52.2336],[-1.01017,52.23568],[-1.01078,52.23636],[-1.00968,52.23722],[-1.00997,52.23762],[-1.00944,52.23815],[-1.01181,52.23961],[-1.01356,52.24164],[-1.0141,52.24284],[-1.01379,52.24488],[-1.01331,52.2449],[-1.01246,52.24671],[-1.01108,52.24687],[-1.00882,52.24835],[-1.00372,52.2478],[-1.00159,52.24847],[-1.00085,52.2475],[-0.99741,52.24768],[-0.99759,52.25128],[-0.99238,52.2548],[-0.99181,52.25596],[-0.99136,52.25605],[-0.98953,52.25739],[-0.98723,52.25805],[-0.9831,52.25777],[-0.97933,52.25802],[-0.97613,52.2575],[-0.9755,52.25761],[-0.97507,52.25828],[-0.97346,52.25856],[-0.97265,52.25841],[-0.97148,52.25763],[-0.96934,52.25832],[-0.96782,52.25833],[-0.96176,52.25947]]]}},{"type":"Feature","properties":{"id":"E01027287","name":"E01027287","parent":"E06000062","type":"LSOA","pop":1673,"r":48,"ff":26,"ffd":1554.1,"ffs":0.6667,"g":9,"co":3,"mo":2,"sa":3,"ic":1},"geometry":{"type":"Polygon","coordinates":[[[-1.01356,52.24164],[-1.01181,52.23961],[-1.00944,52.23815],[-1.00997,52.23762],[-1.00968,52.23722],[-1.01078,52.23636],[-1.01017,52.23568],[-1.01125,52.2336],[-1.01007,52.23206],[-1.00918,52.22976],[-1.0066,52.22858],[-1.00638,52.22806],[-1.00559,52.22771],[-1.00549,52.22742],[-1.00676,52.22701],[-1.00611,52.22687],[-1.00699,52.22586],[-1.00742,52.22617],[-1.00827,52.22575],[-1.00886,52.22496],[-1.01114,52.2238],[-1.01114,52.2235],[-1.01203,52.22342],[-1.01232,52.22365],[-1.01293,52.22315],[-1.0138,52.22337],[-1.01382,52.22298],[-1.01459,52.22296],[-1.01533,52.2236],[-1.01713,52.22388],[-1.01758,52.22432],[-1.01733,52.22473],[-1.01816,52.22511],[-1.01878,52.22472],[-1.02123,52.22488],[-1.02184,52.22449],[-1.02333,52.22426],[-1.02294,52.22364],[-1.02158,52.22379],[-1.02154,52.22293],[-1.02304,52.22283],[-1.02302,52.22263],[-1.0224,52.22269],[-1.02268,52.2181],[-1.02303,52.21855],[-1.02385,52.21877],[-1.02433,52.21858],[-1.02538,52.21489],[-1.02588,52.215],[-1.02611,52.21458],[-1.02855,52.21491],[-1.02909,52.21404],[-1.02891,52.21327],[-1.03134,52.21251],[-1.03322,52.21157],[-1.03504,52.21009],[-1.03578,52.21028],[-1.03713,52.20928],[-1.03788,52.20916],[-1.04378,52.20596],[-1.04417,52.20623],[-1.04609,52.20556],[-1.05514,52.21554],[-1.05714,52.21657],[-1.05734,52.21806],[-1.06605,52.22727],[-1.06511,52.2279],[-1.06519,52.22824],[-1.06401,52.22881],[-1.06285,52.2282],[-1.06224,52.22842],[-1.06156,52.22759],[-1.06052,52.22762],[-1.06016,52.22712],[-1.05837,52.22751],[-1.05834,52.2286],[-1.05695,52.23],[-1.05739,52.23013],[-1.0571,52.23085],[-1.05589,52.2311],[-1.05562,52.23142],[-1.05523,52.23124],[-1.05502,52.23181],[-1.05451,52.2316],[-1.05363,52.232],[-1.05314,52.23152],[-1.0522,52.23192],[-1.05067,52.23148],[-1.05033,52.23098],[-1.04969,52.23117],[-1.04886,52.23072],[-1.04813,52.23076],[-1.04722,52.2319],[-1.04659,52.23205],[-1.0459,52.23195],[-1.04613,52.23156],[-1.0451,52.23161],[-1.04346,52.23058],[-1.0432,52.2311],[-1.0439,52.23165],[-1.04325,52.23231],[-1.0421,52.23254],[-1.04319,52.23629],[-1.04294,52.23683],[-1.04234,52.23672],[-1.04275,52.23698],[-1.04243,52.2373],[-1.04161,52.23732],[-1.04191,52.23777],[-1.04132,52.23769],[-1.04151,52.23796],[-1.0411,52.23813],[-1.04083,52.23787],[-1.04013,52.23821],[-1.03977,52.23796],[-1.03848,52.23839],[-1.03546,52.23791],[-1.02987,52.23934],[-1.02504,52.23992],[-1.01961,52.24111],[-1.01753,52.24099],[-1.01519,52.24159],[-1.01356,52.24164]]]}},{"type":"Feature","properties":{"id":"E01027288","name":"E01027288","parent":"E06000062","type":"LSOA","pop":2185,"r":102,"ff":40,"ffd":1830.7,"ffs":0.4878,"g":19,"co":3,"mo":0,"sa":2,"ic":0},"geometry":{"type":"Polygon","coordinates":[[[-1.23845,52.0575],[-1.23665,52.05581],[-1.24319,52.05297],[-1.24392,52.05325],[-1.24507,52.05251],[-1.24652,52.05243],[-1.24727,52.05209],[-1.24711,52.05159],[-1.24579,52.05094],[-1.24197,52.04729],[-1.24316,52.04637],[-1.24206,52.0437],[-1.24155,52.04256],[-1.23786,52.03799],[-1.23882,52.0368],[-1.24028,52.03611],[-1.24086,52.03533],[-1.24276,52.0349],[-1.24608,52.03261],[-1.24696,52.03137],[-1.24868,52.03038],[-1.24785,52.02988],[-1.24594,52.02965],[-1.24584,52.02628],[-1.24803,52.02541],[-1.24883,52.02396],[-1.24903,52.02294],[-1.24722,52.02083],[-1.24893,52.0204],[-1.25092,52.01922],[-1.24904,52.01796],[-1.24939,52.01771],[-1.24494,52.01354],[-1.24465,52.01334],[-1.24423,52.01366],[-1.24322,52.01363],[-1.24223,52.01197],[-1.24074,52.01121],[-1.23989,52.0098],[-1.24066,52.00965],[-1.23831,52.00796],[-1.24509,52.00433],[-1.24466,52.00395],[-1.24504,52.00366],[-1.24795,52.0026],[-1.24825,52.00275],[-1.25008,52.00192],[-1.2499,52.00158],[-1.25173,52.00103],[-1.25066,52.00021],[-1.25674,51.99844],[-1.26103,51.99763],[-1.26226,51.99765],[-1.26825,51.9992],[-1.27082,52.00024],[-1.27206,52.00123],[-1.2765,52.0035],[-1.27878,52.00438],[-1.27753,52.00472],[-1.27705,52.00527],[-1.2776,52.0072],[-1.27846,52.0078],[-1.27847,52.00822],[-1.27978,52.00876],[-1.28371,52.00936],[-1.28455,52.01061],[-1.28399,52.01112],[-1.28213,52.01128],[-1.28001,52.01102],[-1.28004,52.01153],[-1.27945,52.0113],[-1.27857,52.0114],[-1.27815,52.01424],[-1.27929,52.01561],[-1.28061,52.01649],[-1.28017,52.01695],[-1.28168,52.01784],[-1.28098,52.01813],[-1.28109,52.01851],[-1.28284,52.01923],[-1.28189,52.01967],[-1.28294,52.01989],[-1.28298,52.02074],[-1.28377,52.02044],[-1.28447,52.02101],[-1.28445,52.02146],[-1.28344,52.02163],[-1.28416,52.02187],[-1.28397,52.02261],[-1.28456,52.02284],[-1.28356,52.02326],[-1.28445,52.02378],[-1.28382,52.02504],[-1.28609,52.02562],[-1.28532,52.02647],[-1.29019,52.02745],[-1.29344,52.02752],[-1.29429,52.028],[-1.2944,52.02841],[-1.2932,52.02986],[-1.29226,52.02972],[-1.29278,52.03021],[-1.29168,52.03068],[-1.29205,52.03274],[-1.2933,52.03431],[-1.29444,52.03706],[-1.29395,52.03747],[-1.2946,52.03782],[-1.2938,52.03859],[-1.29472,52.03902],[-1.29495,52.03981],[-1.29372,52.03978],[-1.29306,52.04032],[-1.29219,52.0404],[-1.29234,52.04093],[-1.29075,52.04143],[-1.28958,52.04244],[-1.28961,52.04295],[-1.28802,52.0441],[-1.2854,52.0449],[-1.2846,52.04465],[-1.28403,52.04508],[-1.283,52.04487],[-1.28333,52.0452],[-1.2821,52.04687],[-1.28268,52.04705],[-1.28178,52.048],[-1.28067,52.04813],[-1.28084,52.04847],[-1.27226,52.05071],[-1.27145,52.05078],[-1.2711,52.05052],[-1.27085,52.05078],[-1.26999,52.05062],[-1.26757,52.05109],[-1.26687,52.05162],[-1.26721,52.05174],[-1.26692,52.05282],[-1.26638,52.05314],[-1.26547,52.05313],[-1.26431,52.05459],[-1.26315,52.05424],[-1.26283,52.05473],[-1.26193,52.05482],[-1.26232,52.0556],[-1.26076,52.05597],[-1.2607,52.05625],[-1.25939,52.05573],[-1.25819,52.05599],[-1.25792,52.05575],[-1.25654,52.05614],[-1.25621,52.05568],[-1.25556,52.05575],[-1.25554,52.05542],[-1.25443,52.05532],[-1.25373,52.05599],[-1.2532,52.05563],[-1.25212,52.05593],[-1.2517,52.05558],[-1.25132,52.05585],[-1.25062,52.05568],[-1.24895,52.05598],[-1.24884,52.05623],[-1.2482,52.05604],[-1.24784,52.05637],[-1.24619,52.05633],[-1.24625,52.05654],[-1.24511,52.05679],[-1.24493,52.05708],[-1.24342,52.05711],[-1.24326,52.05739],[-1.2428,52.05725],[-1.24264,52.05763],[-1.2397,52.05785],[-1.23845,52.0575]]]}},{"type":"Feature","properties":{"id":"E01027289","name":"E01027289","parent":"E06000062","type":"LSOA","pop":1746,"r":12,"ff":5,"ffd":286.4,"ffs":0.4167,"g":0,"co":3,"mo":3,"sa":3,"ic":3},"geometry":{"type":"Polygon","coordinates":[[[-1.01315,52.16264],[-1.00415,52.15023],[-1.00563,52.1495],[-1.00603,52.14844],[-1.00434,52.14701],[-1.00477,52.14565],[-1.00427,52.14497],[-1.00291,52.14427],[-1.00176,52.14111],[-1.00202,52.14071],[-1.00135,52.14042],[-1.00106,52.13854],[-1.00184,52.13808],[-1.00199,52.13708],[-1.00137,52.13657],[-1.00296,52.13672],[-1.00311,52.13628],[-1.00516,52.13638],[-1.0063,52.13604],[-1.00852,52.13691],[-1.01177,52.13617],[-1.01146,52.13564],[-1.01197,52.13549],[-1.0132,52.13604],[-1.01592,52.13597],[-1.01576,52.13541],[-1.01712,52.13433],[-1.01809,52.13483],[-1.01952,52.13506],[-1.02061,52.13453],[-1.02064,52.13413],[-1.02167,52.1339],[-1.02134,52.13367],[-1.02267,52.13343],[-1.02286,52.13313],[-1.02432,52.1333],[-1.02492,52.13302],[-1.0271,52.13289],[-1.02738,52.13221],[-1.02873,52.13194],[-1.02883,52.13155],[-1.03013,52.13102],[-1.0295,52.13062],[-1.03003,52.12998],[-1.02925,52.12955],[-1.03013,52.12962],[-1.02974,52.12891],[-1.03143,52.12834],[-1.03167,52.128],[-1.03116,52.12791],[-1.032,52.12729],[-1.0322,52.12615],[-1.03282,52.126],[-1.0326,52.12576],[-1.03322,52.12582],[-1.03433,52.12521],[-1.03543,52.12505],[-1.03496,52.12467],[-1.0356,52.12475],[-1.03644,52.12399],[-1.03741,52.12451],[-1.03722,52.12413],[-1.03776,52.12376],[-1.03745,52.12348],[-1.03841,52.1231],[-1.03897,52.12316],[-1.04072,52.1225],[-1.04284,52.12273],[-1.04551,52.11995],[-1.04892,52.11794],[-1.04898,52.11744],[-1.05069,52.11807],[-1.0537,52.11993],[-1.05624,52.12217],[-1.06054,52.12368],[-1.06251,52.12493],[-1.06622,52.1264],[-1.0695,52.12928],[-1.06965,52.13272],[-1.06872,52.13461],[-1.06627,52.13644],[-1.06549,52.13659],[-1.06561,52.13696],[-1.06348,52.13704],[-1.06368,52.1378],[-1.06325,52.13838],[-1.05789,52.14209],[-1.05761,52.14145],[-1.05726,52.14166],[-1.05713,52.14135],[-1.0561,52.14126],[-1.05418,52.14131],[-1.05332,52.14205],[-1.05287,52.14449],[-1.0524,52.14439],[-1.05228,52.14467],[-1.05282,52.14574],[-1.05222,52.14675],[-1.05247,52.14752],[-1.0519,52.14758],[-1.05233,52.14859],[-1.05326,52.14892],[-1.053,52.14943],[-1.05354,52.14942],[-1.05431,52.15014],[-1.05337,52.15398],[-1.05365,52.15544],[-1.05223,52.15741],[-1.05113,52.15972],[-1.05143,52.16003],[-1.04556,52.16283],[-1.04464,52.16249],[-1.04422,52.16159],[-1.04247,52.16078],[-1.04223,52.16124],[-1.04073,52.16114],[-1.04016,52.16157],[-1.03939,52.16158],[-1.03658,52.16133],[-1.03617,52.16098],[-1.03539,52.16129],[-1.02719,52.16078],[-1.02266,52.16174],[-1.01909,52.16223],[-1.0189,52.16189],[-1.01315,52.16264]]]}},{"type":"Feature","properties":{"id":"E01027290","name":"E01027290","parent":"E06000062","type":"LSOA","pop":2389,"r":44,"ff":13,"ffd":544.2,"ffs":0.4483,"g":15,"co":3,"mo":2,"sa":2,"ic":2},"geometry":{"type":"Polygon","coordinates":[[[-1.15458,52.02324],[-1.15352,52.02286],[-1.15012,52.02306],[-1.1467,52.02271],[-1.14371,52.02056],[-1.14216,52.01998],[-1.13616,52.02003],[-1.13439,52.01959],[-1.13418,52.01929],[-1.13361,52.01941],[-1.1334,52.0191],[-1.13257,52.01933],[-1.13206,52.01886],[-1.13073,52.01864],[-1.13049,52.01816],[-1.12998,52.01833],[-1.1289,52.01792],[-1.12842,52.018],[-1.1284,52.0183],[-1.12757,52.01818],[-1.12742,52.01781],[-1.12584,52.01745],[-1.12569,52.01703],[-1.12458,52.0167],[-1.12456,52.0171],[-1.12312,52.01728],[-1.12152,52.01697],[-1.12,52.01715],[-1.11944,52.01635],[-1.11893,52.01666],[-1.11889,52.01635],[-1.11826,52.01634],[-1.11848,52.01594],[-1.118,52.01571],[-1.11809,52.01543],[-1.11983,52.01568],[-1.12143,52.01241],[-1.12194,52.01214],[-1.12249,52.01223],[-1.12313,52.01136],[-1.12534,52.00711],[-1.12633,52.00704],[-1.12697,52.00604],[-1.12813,52.00537],[-1.12857,52.00552],[-1.13125,52.00488],[-1.13153,52.0031],[-1.13374,51.99964],[-1.13433,51.9973],[-1.14017,51.99765],[-1.14391,51.99702],[-1.14872,51.99505],[-1.15148,51.99311],[-1.15611,51.99344],[-1.15665,51.99223],[-1.16382,51.99341],[-1.17218,51.98598],[-1.17436,51.98332],[-1.17605,51.98205],[-1.17669,51.98251],[-1.18011,51.9817],[-1.18099,51.98182],[-1.183,51.98149],[-1.18473,51.9817],[-1.18834,51.98122],[-1.19069,51.98152],[-1.19478,51.97904],[-1.19626,51.97743],[-1.198,51.97729],[-1.20353,51.97858],[-1.2069,51.97826],[-1.21428,51.97991],[-1.2186,51.98031],[-1.22031,51.98015],[-1.22338,51.98038],[-1.22697,51.98123],[-1.2297,51.98137],[-1.23038,51.98204],[-1.23209,51.98236],[-1.23444,51.98353],[-1.23635,51.98372],[-1.23929,51.98459],[-1.24161,51.98629],[-1.24738,51.98507],[-1.2482,51.98564],[-1.24901,51.98571],[-1.25015,51.98531],[-1.25117,51.98423],[-1.25197,51.98411],[-1.25279,51.98334],[-1.25448,51.98269],[-1.25467,51.98291],[-1.25726,51.98252],[-1.25942,51.98126],[-1.26092,51.98093],[-1.26765,51.98263],[-1.27024,51.98295],[-1.28087,51.98236],[-1.2812,51.98224],[-1.28158,51.97998],[-1.28273,51.97923],[-1.28351,51.97968],[-1.28246,51.98064],[-1.28345,51.98202],[-1.28445,51.98259],[-1.28429,51.9836],[-1.28499,51.98355],[-1.28738,51.98766],[-1.28735,51.98869],[-1.28683,51.98932],[-1.28733,51.98953],[-1.28844,51.98926],[-1.28886,51.98973],[-1.28717,51.99028],[-1.28692,51.99063],[-1.28608,51.99035],[-1.28543,51.99067],[-1.28407,51.99068],[-1.28385,51.99134],[-1.283,51.9915],[-1.28324,51.99192],[-1.28235,51.99308],[-1.28467,51.99484],[-1.2835,51.99617],[-1.28242,51.99633],[-1.28371,51.99809],[-1.28339,51.99942],[-1.28268,52.00032],[-1.28187,52.00049],[-1.28162,52.00029],[-1.28056,52.00097],[-1.28052,52.00316],[-1.27878,52.00438],[-1.2765,52.0035],[-1.27206,52.00123],[-1.27082,52.00024],[-1.26825,51.9992],[-1.26226,51.99765],[-1.26103,51.99763],[-1.25674,51.99844],[-1.25066,52.00021],[-1.25173,52.00103],[-1.2499,52.00158],[-1.25008,52.00192],[-1.24825,52.00275],[-1.24795,52.0026],[-1.24504,52.00366],[-1.24466,52.00395],[-1.24509,52.00433],[-1.23751,52.00833],[-1.23651,52.00821],[-1.23633,52.00845],[-1.22826,52.00848],[-1.22528,52.00817],[-1.22579,52.00707],[-1.22156,52.00677],[-1.2212,52.00726],[-1.21728,52.007],[-1.2173,52.00671],[-1.21568,52.00654],[-1.21499,52.00793],[-1.21545,52.00946],[-1.21213,52.01262],[-1.21178,52.01355],[-1.20793,52.01474],[-1.20026,52.01545],[-1.19957,52.01668],[-1.19874,52.01655],[-1.19745,52.01749],[-1.19633,52.01775],[-1.19369,52.01777],[-1.19328,52.01706],[-1.18368,52.01624],[-1.17107,52.01755],[-1.16503,52.01943],[-1.16395,52.02046],[-1.16363,52.02164],[-1.15733,52.02238],[-1.15508,52.02388],[-1.15458,52.02324]]]}},{"type":"Feature","properties":{"id":"E01027291","name":"E01027291","parent":"E06000062","type":"LSOA","pop":1820,"r":110,"ff":44,"ffd":2417.6,"ffs":0.4889,"g":19,"co":3,"mo":0,"sa":2,"ic":0},"geometry":{"type":"Polygon","coordinates":[[[-1.26849,52.07835],[-1.27216,52.07588],[-1.27254,52.0745],[-1.27177,52.07438],[-1.27281,52.07418],[-1.27244,52.0737],[-1.27346,52.07295],[-1.27251,52.07254],[-1.27251,52.07224],[-1.27349,52.07216],[-1.27391,52.07144],[-1.27572,52.07131],[-1.27586,52.06999],[-1.27482,52.07007],[-1.2744,52.07083],[-1.27278,52.07087],[-1.27205,52.07024],[-1.27206,52.06886],[-1.26896,52.06862],[-1.26885,52.0689],[-1.26933,52.06894],[-1.26933,52.07048],[-1.26797,52.06992],[-1.2669,52.06989],[-1.26687,52.06925],[-1.26642,52.0693],[-1.26588,52.06842],[-1.2605,52.06804],[-1.26015,52.06838],[-1.26072,52.06939],[-1.25633,52.06985],[-1.25275,52.07114],[-1.2527,52.06791],[-1.24592,52.06826],[-1.24604,52.06645],[-1.24542,52.06491],[-1.24153,52.06571],[-1.24164,52.06548],[-1.23984,52.06494],[-1.23907,52.06426],[-1.2374,52.06416],[-1.23748,52.06324],[-1.23616,52.06158],[-1.23464,52.06052],[-1.23551,52.0595],[-1.23763,52.05896],[-1.23849,52.0583],[-1.2404,52.05815],[-1.24098,52.05778],[-1.24264,52.05763],[-1.2428,52.05725],[-1.24326,52.05739],[-1.24342,52.05711],[-1.24493,52.05708],[-1.24511,52.05679],[-1.24625,52.05654],[-1.24619,52.05633],[-1.24784,52.05637],[-1.2482,52.05604],[-1.24884,52.05623],[-1.24895,52.05598],[-1.25062,52.05568],[-1.25132,52.05585],[-1.2517,52.05558],[-1.25212,52.05593],[-1.2532,52.05563],[-1.25373,52.05599],[-1.25443,52.05532],[-1.25554,52.05542],[-1.25556,52.05575],[-1.25621,52.05568],[-1.25654,52.05614],[-1.25792,52.05575],[-1.25819,52.05599],[-1.25939,52.05573],[-1.2607,52.05625],[-1.26076,52.05597],[-1.26232,52.0556],[-1.26193,52.05482],[-1.26283,52.05473],[-1.26315,52.05424],[-1.26431,52.05459],[-1.26547,52.05313],[-1.26638,52.05314],[-1.26692,52.05282],[-1.26721,52.05174],[-1.26687,52.05162],[-1.26757,52.05109],[-1.26999,52.05062],[-1.27085,52.05078],[-1.2711,52.05052],[-1.27145,52.05078],[-1.27226,52.05071],[-1.28084,52.04847],[-1.28067,52.04813],[-1.28178,52.048],[-1.28268,52.04705],[-1.2821,52.04687],[-1.28333,52.0452],[-1.283,52.04487],[-1.28403,52.04508],[-1.2846,52.04465],[-1.2854,52.0449],[-1.28802,52.0441],[-1.28961,52.04295],[-1.28958,52.04244],[-1.29075,52.04143],[-1.29234,52.04093],[-1.29219,52.0404],[-1.29306,52.04032],[-1.29372,52.03978],[-1.29495,52.03981],[-1.29645,52.04088],[-1.29642,52.04148],[-1.29716,52.04179],[-1.29758,52.04275],[-1.29821,52.04288],[-1.29857,52.04337],[-1.29924,52.0432],[-1.30014,52.04365],[-1.2998,52.04439],[-1.3004,52.04491],[-1.30013,52.04538],[-1.30234,52.04593],[-1.30221,52.04642],[-1.30615,52.04688],[-1.30669,52.04733],[-1.30734,52.04721],[-1.30832,52.048],[-1.30868,52.04861],[-1.31133,52.05053],[-1.31287,52.05119],[-1.31176,52.05278],[-1.30738,52.05759],[-1.30909,52.06072],[-1.30846,52.06236],[-1.30765,52.06319],[-1.30777,52.06435],[-1.3036,52.06435],[-1.30218,52.06502],[-1.30125,52.0661],[-1.30118,52.06765],[-1.30065,52.06766],[-1.30007,52.06936],[-1.30537,52.07029],[-1.3069,52.07031],[-1.30547,52.07209],[-1.30349,52.07198],[-1.30392,52.07355],[-1.30199,52.07379],[-1.30189,52.07519],[-1.2989,52.07536],[-1.29849,52.0757],[-1.29751,52.07806],[-1.29962,52.07831],[-1.29936,52.0801],[-1.29807,52.08013],[-1.28407,52.07766],[-1.28063,52.07754],[-1.27525,52.07925],[-1.2704,52.08158],[-1.26747,52.08042],[-1.2686,52.08005],[-1.26849,52.07835]]]}},{"type":"Feature","properties":{"id":"E01027292","name":"E01027292","parent":"E06000062","type":"LSOA","pop":1136,"r":110,"ff":44,"ffd":3873.2,"ffs":0.4889,"g":19,"co":3,"mo":0,"sa":2,"ic":0},"geometry":{"type":"Polygon","coordinates":[[[-1.26343,52.08174],[-1.26352,52.0741],[-1.26445,52.07423],[-1.26581,52.07324],[-1.26759,52.07369],[-1.26779,52.07297],[-1.26844,52.07271],[-1.26773,52.07192],[-1.26834,52.07155],[-1.26846,52.0708],[-1.26933,52.07048],[-1.26933,52.06894],[-1.26885,52.0689],[-1.26896,52.06862],[-1.27206,52.06886],[-1.27205,52.07024],[-1.27278,52.07087],[-1.2744,52.07083],[-1.27482,52.07007],[-1.27586,52.06999],[-1.27572,52.07131],[-1.27391,52.07144],[-1.27349,52.07216],[-1.27251,52.07224],[-1.27251,52.07254],[-1.27346,52.07295],[-1.27244,52.0737],[-1.27281,52.07418],[-1.27177,52.07438],[-1.27254,52.0745],[-1.27216,52.07588],[-1.26849,52.07835],[-1.2686,52.08005],[-1.26343,52.08174]]]}},{"type":"Feature","properties":{"id":"E01027293","name":"E01027293","parent":"E06000062","type":"LSOA","pop":1307,"r":109,"ff":44,"ffd":3366.5,"ffs":0.4944,"g":19,"co":3,"mo":0,"sa":2,"ic":0},"geometry":{"type":"Polygon","coordinates":[[[-1.24794,52.08174],[-1.24751,52.07825],[-1.24815,52.0777],[-1.25528,52.07787],[-1.25626,52.07446],[-1.25608,52.07397],[-1.25058,52.07427],[-1.2525,52.074],[-1.25275,52.07114],[-1.25633,52.06985],[-1.26072,52.06939],[-1.26015,52.06838],[-1.2605,52.06804],[-1.26588,52.06842],[-1.26642,52.0693],[-1.26687,52.06925],[-1.2669,52.06989],[-1.26797,52.06992],[-1.26933,52.07048],[-1.26846,52.0708],[-1.26834,52.07155],[-1.26773,52.07192],[-1.26844,52.07271],[-1.26779,52.07297],[-1.26759,52.07369],[-1.26581,52.07324],[-1.26445,52.07423],[-1.26352,52.0741],[-1.26343,52.08174],[-1.26747,52.08042],[-1.2704,52.08158],[-1.26719,52.08379],[-1.26295,52.08425],[-1.25691,52.08601],[-1.2507,52.09073],[-1.2474,52.09131],[-1.24597,52.08935],[-1.247,52.08553],[-1.24896,52.08337],[-1.24794,52.08174]]]}},{"type":"Feature","properties":{"id":"E01027294","name":"E01027294","parent":"E06000062","type":"LSOA","pop":1913,"r":28,"ff":20,"ffd":1045.5,"ffs":0.7407,"g":1,"co":3,"mo":3,"sa":3,"ic":3},"geometry":{"type":"Polygon","coordinates":[[[-0.81934,52.15592],[-0.81749,52.15522],[-0.81517,52.15586],[-0.81161,52.15218],[-0.81086,52.15093],[-0.80928,52.15001],[-0.80918,52.14849],[-0.8107,52.14765],[-0.81153,52.14655],[-0.81281,52.14571],[-0.81268,52.14435],[-0.81355,52.14377],[-0.81404,52.14247],[-0.81654,52.14353],[-0.83197,52.14368],[-0.83136,52.14129],[-0.82863,52.1357],[-0.8282,52.13261],[-0.83205,52.13126],[-0.83577,52.13284],[-0.83823,52.13071],[-0.84674,52.12941],[-0.85126,52.12934],[-0.85294,52.13034],[-0.85352,52.13167],[-0.8616,52.13058],[-0.86825,52.13011],[-0.8687,52.13018],[-0.869,52.13062],[-0.87886,52.12614],[-0.87994,52.12664],[-0.88068,52.12857],[-0.87874,52.12963],[-0.8757,52.13272],[-0.86912,52.14288],[-0.86815,52.14509],[-0.86339,52.14659],[-0.86596,52.14824],[-0.86158,52.14898],[-0.85932,52.14889],[-0.85387,52.14955],[-0.85289,52.1498],[-0.85306,52.15016],[-0.85092,52.15099],[-0.8504,52.15082],[-0.84756,52.15209],[-0.84661,52.15294],[-0.84504,52.15147],[-0.84297,52.1528],[-0.83986,52.15353],[-0.84097,52.15639],[-0.84383,52.15926],[-0.84169,52.16062],[-0.84043,52.16208],[-0.8313,52.15941],[-0.82714,52.15858],[-0.81934,52.15592]]]}},{"type":"Feature","properties":{"id":"E01027295","name":"E01027295","parent":"E06000062","type":"LSOA","pop":3000,"r":13,"ff":4,"ffd":133.3,"ffs":0.3077,"g":0,"co":3,"mo":3,"sa":3,"ic":3},"geometry":{"type":"Polygon","coordinates":[[[-1.00212,52.10845],[-1.00331,52.10723],[-1.00351,52.10607],[-1.00247,52.10298],[-1.00463,52.10212],[-1.00499,52.1014],[-1.00453,52.10028],[-1.00513,52.10054],[-1.00797,52.09978],[-1.00777,52.09928],[-1.006,52.09924],[-1.00509,52.09848],[-1.0071,52.09803],[-1.00654,52.09696],[-1.00743,52.09718],[-1.01133,52.09494],[-1.00941,52.09387],[-1.01192,52.09323],[-1.01205,52.09052],[-1.01119,52.08913],[-1.00685,52.08888],[-1.00514,52.0874],[-1.0047,52.08539],[-1.00214,52.08304],[-1.00202,52.0825],[-0.99843,52.08169],[-0.9986,52.08115],[-0.99961,52.07965],[-1.00315,52.07773],[-1.00276,52.07701],[-1.00441,52.07597],[-1.00754,52.0721],[-1.0109,52.072],[-1.01287,52.0716],[-1.01351,52.07287],[-1.01626,52.07264],[-1.02008,52.0733],[-1.02146,52.07496],[-1.02308,52.07494],[-1.02634,52.07543],[-1.02606,52.07695],[-1.02663,52.07871],[-1.02514,52.07948],[-1.0257,52.08004],[-1.02996,52.08001],[-1.03249,52.07876],[-1.03485,52.07888],[-1.03515,52.07917],[-1.03676,52.07928],[-1.0385,52.08176],[-1.03905,52.08223],[-1.03845,52.08396],[-1.03926,52.08561],[-1.03921,52.08766],[-1.04176,52.08733],[-1.0496,52.08489],[-1.05321,52.08539],[-1.05426,52.08627],[-1.05497,52.08607],[-1.05548,52.08647],[-1.05756,52.0865],[-1.05502,52.08867],[-1.0536,52.08883],[-1.05435,52.08962],[-1.05368,52.0899],[-1.05219,52.08875],[-1.05119,52.08909],[-1.05092,52.08886],[-1.04729,52.08986],[-1.04176,52.0921],[-1.03579,52.09327],[-1.03428,52.09459],[-1.03264,52.09483],[-1.03173,52.09518],[-1.03184,52.09562],[-1.03023,52.09589],[-1.0271,52.09717],[-1.02675,52.09809],[-1.0248,52.09804],[-1.02433,52.10021],[-1.0239,52.10034],[-1.02445,52.10074],[-1.02336,52.10151],[-1.02336,52.10212],[-1.02195,52.10383],[-1.02186,52.10476],[-1.02024,52.10587],[-1.01887,52.10616],[-1.01792,52.10676],[-1.0169,52.10675],[-1.0146,52.10805],[-1.01396,52.10788],[-1.0117,52.10841],[-1.01015,52.10934],[-1.00936,52.11094],[-1.00984,52.11216],[-1.00928,52.11421],[-1.00771,52.11584],[-1.008,52.11607],[-1.00654,52.11694],[-1.00212,52.10845]]]}},{"type":"Feature","properties":{"id":"E01027296","name":"E01027296","parent":"E06000062","type":"LSOA","pop":1946,"r":10,"ff":3,"ffd":154.2,"ffs":0.3,"g":0,"co":3,"mo":3,"sa":3,"ic":3},"geometry":{"type":"Polygon","coordinates":[[[-1.15701,52.09582],[-1.15696,52.09314],[-1.15628,52.09109],[-1.15643,52.09054],[-1.15864,52.08936],[-1.15758,52.08817],[-1.15792,52.08796],[-1.15748,52.08675],[-1.1588,52.08493],[-1.1585,52.08461],[-1.16005,52.08195],[-1.15942,52.0807],[-1.15958,52.07913],[-1.16042,52.07926],[-1.16057,52.07755],[-1.16392,52.07573],[-1.16197,52.07373],[-1.15877,52.07265],[-1.15682,52.07241],[-1.15493,52.07088],[-1.15422,52.07086],[-1.15374,52.0704],[-1.15303,52.07049],[-1.15186,52.06951],[-1.1525,52.06942],[-1.15225,52.06889],[-1.155,52.06822],[-1.15691,52.0681],[-1.15734,52.06752],[-1.15971,52.06667],[-1.16064,52.06586],[-1.1622,52.06574],[-1.15815,52.0619],[-1.15756,52.05923],[-1.15768,52.05696],[-1.15608,52.05388],[-1.15776,52.05392],[-1.16003,52.05329],[-1.16037,52.05397],[-1.16225,52.05361],[-1.16302,52.05441],[-1.1646,52.05405],[-1.16417,52.05193],[-1.16455,52.05156],[-1.1657,52.05113],[-1.16834,52.04828],[-1.16918,52.04533],[-1.17212,52.04112],[-1.17311,52.03889],[-1.17292,52.03833],[-1.17398,52.03642],[-1.17086,52.03522],[-1.16324,52.02976],[-1.16245,52.02937],[-1.1623,52.02754],[-1.16118,52.02603],[-1.15667,52.02532],[-1.15508,52.02388],[-1.15733,52.02238],[-1.16363,52.02164],[-1.16395,52.02046],[-1.16503,52.01943],[-1.17107,52.01755],[-1.18368,52.01624],[-1.19328,52.01706],[-1.19369,52.01777],[-1.19633,52.01775],[-1.19745,52.01749],[-1.19874,52.01655],[-1.19957,52.01668],[-1.20026,52.01545],[-1.20793,52.01474],[-1.21178,52.01355],[-1.21213,52.01262],[-1.21545,52.00946],[-1.21499,52.00793],[-1.21568,52.00654],[-1.2173,52.00671],[-1.21728,52.007],[-1.2212,52.00726],[-1.22156,52.00677],[-1.22579,52.00707],[-1.22528,52.00817],[-1.22826,52.00848],[-1.23633,52.00845],[-1.23651,52.00821],[-1.23751,52.00833],[-1.23831,52.00796],[-1.24066,52.00965],[-1.23989,52.0098],[-1.24074,52.01121],[-1.24223,52.01197],[-1.24322,52.01363],[-1.24423,52.01366],[-1.24465,52.01334],[-1.24494,52.01354],[-1.24939,52.01771],[-1.24904,52.01796],[-1.25092,52.01922],[-1.24893,52.0204],[-1.24722,52.02083],[-1.24903,52.02294],[-1.24883,52.02396],[-1.24803,52.02541],[-1.24584,52.02628],[-1.24594,52.02965],[-1.24785,52.02988],[-1.24868,52.03038],[-1.24696,52.03137],[-1.24608,52.03261],[-1.24276,52.0349],[-1.24086,52.03533],[-1.24028,52.03611],[-1.23882,52.0368],[-1.23786,52.03799],[-1.24155,52.04256],[-1.24206,52.0437],[-1.24316,52.04637],[-1.24197,52.04729],[-1.24579,52.05094],[-1.24711,52.05159],[-1.24727,52.05209],[-1.24652,52.05243],[-1.24507,52.05251],[-1.24392,52.05325],[-1.24319,52.05297],[-1.23665,52.05581],[-1.23845,52.0575],[-1.2397,52.05785],[-1.24098,52.05778],[-1.2404,52.05815],[-1.23849,52.0583],[-1.23763,52.05896],[-1.23551,52.0595],[-1.23464,52.06052],[-1.23491,52.06081],[-1.23339,52.06297],[-1.23271,52.06313],[-1.23217,52.063],[-1.23075,52.06358],[-1.22649,52.06405],[-1.22457,52.06552],[-1.22151,52.06667],[-1.22016,52.06772],[-1.21889,52.06822],[-1.2186,52.06793],[-1.21372,52.06956],[-1.21157,52.07117],[-1.20548,52.07141],[-1.20368,52.07209],[-1.20246,52.07209],[-1.19848,52.07588],[-1.19901,52.07613],[-1.19888,52.07658],[-1.20118,52.0767],[-1.20027,52.07755],[-1.20025,52.0782],[-1.202,52.07837],[-1.20191,52.07867],[-1.20047,52.07927],[-1.19994,52.08057],[-1.20113,52.08497],[-1.2032,52.08582],[-1.20334,52.08614],[-1.20291,52.08729],[-1.20344,52.08837],[-1.20052,52.08862],[-1.20021,52.09036],[-1.19974,52.09042],[-1.19944,52.09135],[-1.199,52.09153],[-1.202,52.09514],[-1.1988,52.09513],[-1.18554,52.09624],[-1.1739,52.09582],[-1.1663,52.09698],[-1.16103,52.0967],[-1.15701,52.09582]]]}},{"type":"Feature","properties":{"id":"E01027297","name":"E01027297","parent":"E06000062","type":"LSOA","pop":1842,"r":14,"ff":6,"ffd":325.7,"ffs":0.4286,"g":0,"co":3,"mo":3,"sa":3,"ic":3},"geometry":{"type":"Polygon","coordinates":[[[-0.90744,52.15402],[-0.90517,52.15342],[-0.90362,52.15471],[-0.90197,52.15313],[-0.90147,52.15108],[-0.90191,52.14833],[-0.90063,52.14748],[-0.89622,52.14764],[-0.8948,52.14556],[-0.8948,52.14347],[-0.89402,52.14282],[-0.89373,52.14124],[-0.89461,52.14003],[-0.89768,52.13867],[-0.90128,52.13771],[-0.90227,52.13717],[-0.90357,52.13522],[-0.90328,52.13386],[-0.90396,52.13275],[-0.90342,52.13251],[-0.90463,52.13111],[-0.90417,52.13014],[-0.90453,52.129],[-0.90716,52.12792],[-0.90731,52.12648],[-0.90805,52.12635],[-0.90908,52.12666],[-0.91115,52.12602],[-0.91112,52.12688],[-0.91186,52.12687],[-0.91277,52.12741],[-0.91391,52.12718],[-0.91439,52.12761],[-0.91543,52.12756],[-0.91615,52.12796],[-0.92199,52.12815],[-0.92246,52.12778],[-0.922,52.12747],[-0.92318,52.12748],[-0.92384,52.12693],[-0.92454,52.12683],[-0.92533,52.12594],[-0.92451,52.12588],[-0.92384,52.12446],[-0.92465,52.12427],[-0.92453,52.12344],[-0.92491,52.12311],[-0.92685,52.12257],[-0.92697,52.12226],[-0.92881,52.12289],[-0.92842,52.1197],[-0.92785,52.11944],[-0.92893,52.11799],[-0.92762,52.11488],[-0.92696,52.1116],[-0.92854,52.11109],[-0.92831,52.10635],[-0.92935,52.10641],[-0.92892,52.10454],[-0.92929,52.10326],[-0.92621,52.09987],[-0.92754,52.09898],[-0.9297,52.09823],[-0.93128,52.0991],[-0.93281,52.09917],[-0.93682,52.09698],[-0.93891,52.09644],[-0.94256,52.09646],[-0.94457,52.09493],[-0.94415,52.09123],[-0.9523,52.0907],[-0.95855,52.0899],[-0.96374,52.09311],[-0.96637,52.09385],[-0.96562,52.09669],[-0.96877,52.09566],[-0.97064,52.09696],[-0.97076,52.09788],[-0.96835,52.09883],[-0.9685,52.09903],[-0.96942,52.09863],[-0.97112,52.09952],[-0.97623,52.10504],[-0.97837,52.1086],[-0.97694,52.10977],[-0.97711,52.11161],[-0.97778,52.11229],[-0.97632,52.11318],[-0.97588,52.11304],[-0.97416,52.11414],[-0.97457,52.1147],[-0.97339,52.11611],[-0.97202,52.11926],[-0.97011,52.12071],[-0.98124,52.12686],[-0.98408,52.1287],[-0.98271,52.12947],[-0.98212,52.12893],[-0.98102,52.12894],[-0.98022,52.12958],[-0.97928,52.12917],[-0.97847,52.1296],[-0.97788,52.12911],[-0.97676,52.12988],[-0.97606,52.12996],[-0.97644,52.13047],[-0.97549,52.13043],[-0.97595,52.13116],[-0.97429,52.13109],[-0.97364,52.13155],[-0.97153,52.13121],[-0.97131,52.13159],[-0.97045,52.13159],[-0.97041,52.13192],[-0.96951,52.13203],[-0.96891,52.13121],[-0.96706,52.13129],[-0.96559,52.13164],[-0.96585,52.13188],[-0.96524,52.13247],[-0.96554,52.13269],[-0.96434,52.13325],[-0.96378,52.13295],[-0.96196,52.13286],[-0.96179,52.13233],[-0.96129,52.13259],[-0.959,52.13265],[-0.95901,52.13297],[-0.95843,52.13285],[-0.9585,52.13328],[-0.95644,52.13291],[-0.95565,52.13441],[-0.9544,52.13426],[-0.95427,52.13485],[-0.95503,52.13494],[-0.95464,52.13571],[-0.95525,52.13591],[-0.95446,52.13888],[-0.95356,52.13952],[-0.95012,52.14083],[-0.94843,52.14233],[-0.94547,52.14376],[-0.94482,52.14488],[-0.94427,52.14497],[-0.9435,52.14799],[-0.94452,52.14993],[-0.94428,52.15131],[-0.94309,52.15131],[-0.94218,52.1531],[-0.9426,52.1532],[-0.94242,52.15433],[-0.93878,52.15479],[-0.93505,52.15236],[-0.9322,52.15236],[-0.93111,52.15141],[-0.92783,52.14961],[-0.92712,52.15175],[-0.92396,52.15167],[-0.92154,52.15227],[-0.92204,52.15308],[-0.92175,52.1547],[-0.91968,52.15808],[-0.9187,52.15854],[-0.92005,52.15943],[-0.91966,52.1605],[-0.91865,52.16146],[-0.91596,52.15984],[-0.91261,52.15852],[-0.91124,52.15688],[-0.90951,52.15525],[-0.90744,52.15402]]]}},{"type":"Feature","properties":{"id":"E01027298","name":"E01027298","parent":"E06000062","type":"LSOA","pop":4241,"r":12,"ff":6,"ffd":141.5,"ffs":0.5,"g":0,"co":3,"mo":3,"sa":3,"ic":3},"geometry":{"type":"Polygon","coordinates":[[[-1.00448,52.1259],[-1.00354,52.12546],[-1.0028,52.1255],[-1.00258,52.12498],[-1.00307,52.12243],[-1.00104,52.12477],[-0.99688,52.12347],[-0.99592,52.12403],[-0.9954,52.1232],[-0.99434,52.12407],[-0.99401,52.12396],[-0.9933,52.1241],[-0.993,52.12459],[-0.99182,52.12442],[-0.99132,52.12376],[-0.99216,52.12322],[-0.99156,52.12292],[-0.99018,52.12348],[-0.98969,52.12295],[-0.99112,52.12228],[-0.99054,52.12185],[-0.99,52.12205],[-0.9895,52.1213],[-0.98908,52.12151],[-0.98863,52.12283],[-0.98812,52.12298],[-0.98791,52.12264],[-0.98583,52.12308],[-0.98583,52.1235],[-0.98091,52.12466],[-0.979,52.12453],[-0.97792,52.12505],[-0.97011,52.12071],[-0.97202,52.11926],[-0.97339,52.11611],[-0.97457,52.1147],[-0.97416,52.11414],[-0.97588,52.11304],[-0.97632,52.11318],[-0.97778,52.11229],[-0.97711,52.11161],[-0.97694,52.10977],[-0.97837,52.1086],[-0.98319,52.10541],[-0.98868,52.10591],[-0.99119,52.10549],[-0.99672,52.10568],[-0.99827,52.10612],[-1.00212,52.10845],[-1.00654,52.11694],[-1.00675,52.12081],[-1.00448,52.1259]]]}},{"type":"Feature","properties":{"id":"E01027299","name":"E01027299","parent":"E06000062","type":"LSOA","pop":1395,"r":12,"ff":5,"ffd":358.4,"ffs":0.4167,"g":0,"co":3,"mo":3,"sa":3,"ic":3},"geometry":{"type":"Polygon","coordinates":[[[-0.99102,52.12928],[-0.99012,52.12724],[-0.98826,52.12516],[-0.98822,52.12455],[-0.98925,52.1243],[-0.98909,52.12378],[-0.98756,52.12392],[-0.9872,52.12324],[-0.98583,52.1235],[-0.98583,52.12308],[-0.98791,52.12264],[-0.98812,52.12298],[-0.98863,52.12283],[-0.98908,52.12151],[-0.9895,52.1213],[-0.99,52.12205],[-0.99054,52.12185],[-0.99112,52.12228],[-0.98969,52.12295],[-0.99018,52.12348],[-0.99156,52.12292],[-0.99216,52.12322],[-0.99132,52.12376],[-0.99182,52.12442],[-0.993,52.12459],[-0.9933,52.1241],[-0.99401,52.12396],[-0.99552,52.12531],[-0.99743,52.12746],[-0.99537,52.12805],[-0.99477,52.12839],[-0.99419,52.12834],[-0.99102,52.12928]]]}},{"type":"Feature","properties":{"id":"E01027300","name":"E01027300","parent":"E06000062","type":"LSOA","pop":1541,"r":14,"ff":7,"ffd":454.3,"ffs":0.5,"g":0,"co":3,"mo":3,"sa":3,"ic":3},"geometry":{"type":"Polygon","coordinates":[[[-0.99484,52.13083],[-0.99435,52.13039],[-0.99309,52.13082],[-0.99268,52.12986],[-0.99199,52.12907],[-0.99419,52.12834],[-0.99477,52.12839],[-0.99537,52.12805],[-0.99743,52.12746],[-0.99552,52.12531],[-0.99401,52.12396],[-0.99434,52.12407],[-0.9954,52.1232],[-0.99592,52.12403],[-0.99688,52.12347],[-1.00104,52.12477],[-1.00307,52.12243],[-1.00258,52.12498],[-1.0028,52.1255],[-1.00354,52.12546],[-1.00448,52.1259],[-1.00324,52.12818],[-1.00304,52.12922],[-0.99403,52.13165],[-0.99368,52.13131],[-0.99484,52.13083]]]}},{"type":"Feature","properties":{"id":"E01027301","name":"E01027301","parent":"E06000062","type":"LSOA","pop":2144,"r":14,"ff":7,"ffd":326.5,"ffs":0.5,"g":0,"co":3,"mo":3,"sa":3,"ic":3},"geometry":{"type":"Polygon","coordinates":[[[-0.98436,52.14083],[-0.98898,52.13501],[-0.98853,52.13489],[-0.98525,52.13506],[-0.98279,52.13448],[-0.98189,52.13344],[-0.98251,52.13256],[-0.98228,52.13197],[-0.98293,52.13166],[-0.98257,52.13117],[-0.98333,52.13093],[-0.9826,52.13054],[-0.98326,52.13018],[-0.98271,52.12947],[-0.98408,52.1287],[-0.98124,52.12686],[-0.98228,52.1263],[-0.98368,52.12705],[-0.98585,52.12738],[-0.98463,52.12774],[-0.98599,52.1287],[-0.98604,52.12824],[-0.98645,52.12817],[-0.98731,52.12919],[-0.98905,52.12975],[-0.98876,52.13078],[-0.98764,52.13108],[-0.98473,52.13311],[-0.98697,52.13236],[-0.98806,52.13229],[-0.98849,52.13193],[-0.99499,52.1375],[-0.99635,52.13923],[-0.99718,52.1396],[-0.99679,52.13998],[-0.99862,52.14266],[-0.99465,52.14395],[-0.99312,52.14103],[-0.98989,52.14073],[-0.98926,52.14291],[-0.98524,52.14412],[-0.98189,52.14594],[-0.98041,52.14641],[-0.98033,52.14575],[-0.98436,52.14083]]]}},{"type":"Feature","properties":{"id":"E01027302","name":"E01027302","parent":"E06000062","type":"LSOA","pop":1672,"r":14,"ff":7,"ffd":418.7,"ffs":0.5,"g":0,"co":3,"mo":3,"sa":3,"ic":3},"geometry":{"type":"Polygon","coordinates":[[[-0.99161,52.13049],[-0.9911,52.12968],[-0.98905,52.12975],[-0.98731,52.12919],[-0.98645,52.12817],[-0.98604,52.12824],[-0.98599,52.1287],[-0.98463,52.12774],[-0.98585,52.12738],[-0.98368,52.12705],[-0.98228,52.1263],[-0.98124,52.12686],[-0.97792,52.12505],[-0.979,52.12453],[-0.98091,52.12466],[-0.9872,52.12324],[-0.98756,52.12392],[-0.98909,52.12378],[-0.98925,52.1243],[-0.98822,52.12455],[-0.98826,52.12516],[-0.99012,52.12724],[-0.99102,52.12928],[-0.99199,52.12907],[-0.99268,52.12986],[-0.99161,52.13049]]]}},{"type":"Feature","properties":{"id":"E01027303","name":"E01027303","parent":"E06000062","type":"LSOA","pop":1853,"r":12,"ff":5,"ffd":269.8,"ffs":0.4167,"g":0,"co":3,"mo":3,"sa":3,"ic":1},"geometry":{"type":"Polygon","coordinates":[[[-0.98295,52.15241],[-0.98208,52.14966],[-0.97723,52.15059],[-0.97369,52.15166],[-0.9726,52.15392],[-0.97083,52.15394],[-0.96954,52.15428],[-0.96955,52.1546],[-0.96795,52.15502],[-0.96815,52.15571],[-0.9678,52.15587],[-0.96566,52.15595],[-0.96488,52.15885],[-0.96268,52.16025],[-0.96033,52.16051],[-0.95781,52.16012],[-0.95622,52.15938],[-0.9555,52.15783],[-0.95344,52.15688],[-0.95156,52.15539],[-0.94933,52.15456],[-0.94668,52.15431],[-0.94578,52.15813],[-0.94729,52.1582],[-0.94736,52.15991],[-0.94641,52.16081],[-0.9456,52.16109],[-0.94291,52.16109],[-0.9421,52.16084],[-0.93963,52.16103],[-0.93902,52.16054],[-0.93983,52.15969],[-0.94051,52.15462],[-0.94242,52.15433],[-0.9426,52.1532],[-0.94218,52.1531],[-0.94309,52.15131],[-0.94428,52.15131],[-0.94452,52.14993],[-0.9435,52.14799],[-0.94427,52.14497],[-0.94482,52.14488],[-0.94547,52.14376],[-0.94843,52.14233],[-0.95012,52.14083],[-0.95356,52.13952],[-0.95446,52.13888],[-0.95525,52.13591],[-0.95464,52.13571],[-0.95503,52.13494],[-0.95427,52.13485],[-0.9544,52.13426],[-0.95565,52.13441],[-0.95644,52.13291],[-0.9585,52.13328],[-0.95843,52.13285],[-0.95901,52.13297],[-0.959,52.13265],[-0.96129,52.13259],[-0.96179,52.13233],[-0.96196,52.13286],[-0.96378,52.13295],[-0.96434,52.13325],[-0.96554,52.13269],[-0.96524,52.13247],[-0.96585,52.13188],[-0.96559,52.13164],[-0.96706,52.13129],[-0.96891,52.13121],[-0.96951,52.13203],[-0.97041,52.13192],[-0.97045,52.13159],[-0.97131,52.13159],[-0.97153,52.13121],[-0.97364,52.13155],[-0.97429,52.13109],[-0.97595,52.13116],[-0.97549,52.13043],[-0.97644,52.13047],[-0.97606,52.12996],[-0.97676,52.12988],[-0.97788,52.12911],[-0.97847,52.1296],[-0.97928,52.12917],[-0.98022,52.12958],[-0.98102,52.12894],[-0.98212,52.12893],[-0.98326,52.13018],[-0.9826,52.13054],[-0.98333,52.13093],[-0.98257,52.13117],[-0.98293,52.13166],[-0.98228,52.13197],[-0.98251,52.13256],[-0.98189,52.13344],[-0.98279,52.13448],[-0.98525,52.13506],[-0.98853,52.13489],[-0.98898,52.13501],[-0.98033,52.14575],[-0.98041,52.14641],[-0.98189,52.14594],[-0.98524,52.14412],[-0.98926,52.14291],[-0.98989,52.14073],[-0.99312,52.14103],[-0.99465,52.14395],[-0.99862,52.14266],[-0.99679,52.13998],[-0.99718,52.1396],[-0.99635,52.13923],[-0.99499,52.1375],[-0.98849,52.13193],[-0.98806,52.13229],[-0.98697,52.13236],[-0.98473,52.13311],[-0.98764,52.13108],[-0.98876,52.13078],[-0.98905,52.12975],[-0.9911,52.12968],[-0.99161,52.13049],[-0.99268,52.12986],[-0.99309,52.13082],[-0.99435,52.13039],[-0.99484,52.13083],[-0.99368,52.13131],[-0.99403,52.13165],[-1.00304,52.12922],[-1.00324,52.12818],[-1.00448,52.1259],[-1.00675,52.12081],[-1.00654,52.11694],[-1.008,52.11607],[-1.00771,52.11584],[-1.00928,52.11421],[-1.00984,52.11216],[-1.00936,52.11094],[-1.01015,52.10934],[-1.0117,52.10841],[-1.01396,52.10788],[-1.0146,52.10805],[-1.0169,52.10675],[-1.01792,52.10676],[-1.01887,52.10616],[-1.02024,52.10587],[-1.02186,52.10476],[-1.02214,52.10488],[-1.02288,52.10431],[-1.02411,52.1042],[-1.02391,52.10564],[-1.02334,52.10628],[-1.02382,52.10766],[-1.02619,52.10811],[-1.02638,52.10851],[-1.02869,52.10947],[-1.02933,52.11009],[-1.03258,52.11172],[-1.03532,52.11368],[-1.03409,52.11497],[-1.03375,52.11646],[-1.03295,52.11685],[-1.03377,52.1176],[-1.03363,52.11825],[-1.03159,52.11838],[-1.02975,52.12],[-1.03059,52.12102],[-1.02968,52.12289],[-1.02776,52.12363],[-1.02744,52.12411],[-1.02532,52.12419],[-1.02637,52.12556],[-1.02581,52.127],[-1.02643,52.12793],[-1.02785,52.12847],[-1.02814,52.12914],[-1.02784,52.12973],[-1.02672,52.12987],[-1.0257,52.13106],[-1.02738,52.13221],[-1.0271,52.13289],[-1.02492,52.13302],[-1.02432,52.1333],[-1.02286,52.13313],[-1.02267,52.13343],[-1.02134,52.13367],[-1.02167,52.1339],[-1.02064,52.13413],[-1.02061,52.13453],[-1.01952,52.13506],[-1.01809,52.13483],[-1.01712,52.13433],[-1.01576,52.13541],[-1.01592,52.13597],[-1.0132,52.13604],[-1.01197,52.13549],[-1.01146,52.13564],[-1.01177,52.13617],[-1.00852,52.13691],[-1.0063,52.13604],[-1.00516,52.13638],[-1.00311,52.13628],[-1.00296,52.13672],[-1.00137,52.13657],[-1.00199,52.13708],[-1.00184,52.13808],[-1.00106,52.13854],[-1.00135,52.14042],[-1.00202,52.14071],[-1.00176,52.14111],[-1.00291,52.14427],[-1.00427,52.14497],[-1.00477,52.14565],[-1.00434,52.14701],[-1.00603,52.14844],[-1.00563,52.1495],[-1.00415,52.15023],[-1.01125,52.16013],[-1.0064,52.16216],[-1.00445,52.1637],[-1.00316,52.16407],[-1.00119,52.16406],[-0.99833,52.16498],[-0.99465,52.165],[-0.99376,52.16473],[-0.99372,52.16441],[-0.99277,52.16435],[-0.99198,52.16294],[-0.99261,52.16262],[-0.99069,52.15954],[-0.99027,52.15799],[-0.98904,52.15725],[-0.98669,52.15439],[-0.98499,52.15375],[-0.98483,52.15334],[-0.98402,52.15323],[-0.98295,52.15241]]]}},{"type":"Feature","properties":{"id":"E01027304","name":"E01027304","parent":"E06000062","type":"LSOA","pop":1672,"r":2,"ff":1,"ffd":59.8,"ffs":0.5,"g":0,"co":3,"mo":3,"sa":3,"ic":3},"geometry":{"type":"Polygon","coordinates":[[[-1.29154,52.19214],[-1.28364,52.1916],[-1.28119,52.19195],[-1.27891,52.18613],[-1.27942,52.18416],[-1.28112,52.18223],[-1.28073,52.18092],[-1.27929,52.18057],[-1.2791,52.18015],[-1.27813,52.18022],[-1.27841,52.17861],[-1.27803,52.17804],[-1.27859,52.17771],[-1.27772,52.17683],[-1.27818,52.17623],[-1.27775,52.17591],[-1.27789,52.17529],[-1.27729,52.17541],[-1.27693,52.17469],[-1.27608,52.17429],[-1.27689,52.17286],[-1.2757,52.17298],[-1.27495,52.17273],[-1.27476,52.1716],[-1.27355,52.1712],[-1.27402,52.17072],[-1.27351,52.1695],[-1.27445,52.16934],[-1.27508,52.16768],[-1.26429,52.16585],[-1.26117,52.16438],[-1.25911,52.16428],[-1.25527,52.16465],[-1.25456,52.1632],[-1.25505,52.16306],[-1.25436,52.16265],[-1.25415,52.16096],[-1.25352,52.15994],[-1.25487,52.15883],[-1.25302,52.1568],[-1.25371,52.15581],[-1.25062,52.15355],[-1.24817,52.15452],[-1.2467,52.15482],[-1.24625,52.15466],[-1.24614,52.15487],[-1.2432,52.15477],[-1.24191,52.15437],[-1.24026,52.15297],[-1.23941,52.15269],[-1.23862,52.15012],[-1.23765,52.14967],[-1.2357,52.1497],[-1.23589,52.14951],[-1.23433,52.14897],[-1.23393,52.1478],[-1.23356,52.14793],[-1.23248,52.14919],[-1.23158,52.14909],[-1.23091,52.14962],[-1.23067,52.15045],[-1.23142,52.15138],[-1.23264,52.15185],[-1.2332,52.15325],[-1.23292,52.1531],[-1.23208,52.15368],[-1.23164,52.15349],[-1.23149,52.154],[-1.2302,52.15366],[-1.22959,52.15405],[-1.22838,52.15397],[-1.22754,52.15473],[-1.22743,52.15603],[-1.22609,52.15625],[-1.22588,52.15658],[-1.22554,52.1563],[-1.2241,52.15629],[-1.22496,52.15781],[-1.22421,52.15877],[-1.22303,52.15929],[-1.22349,52.15932],[-1.22333,52.15967],[-1.22375,52.15964],[-1.22318,52.16041],[-1.2178,52.15954],[-1.21704,52.15922],[-1.21723,52.15879],[-1.21279,52.15775],[-1.2115,52.15973],[-1.20632,52.15828],[-1.20492,52.15749],[-1.20258,52.15708],[-1.20071,52.1571],[-1.19798,52.1552],[-1.19595,52.15816],[-1.19599,52.15898],[-1.19473,52.16001],[-1.19282,52.16021],[-1.19102,52.15934],[-1.19,52.15937],[-1.18997,52.15899],[-1.18845,52.15955],[-1.18653,52.15943],[-1.18665,52.15687],[-1.18553,52.15547],[-1.18711,52.15375],[-1.18656,52.15251],[-1.18949,52.14916],[-1.18729,52.1481],[-1.18837,52.14542],[-1.19019,52.14582],[-1.19031,52.14551],[-1.19113,52.14562],[-1.19087,52.14521],[-1.19177,52.14569],[-1.1923,52.14518],[-1.19318,52.14519],[-1.19386,52.1446],[-1.19373,52.14432],[-1.1942,52.14429],[-1.19366,52.14394],[-1.1944,52.1434],[-1.19394,52.14313],[-1.19588,52.14236],[-1.19589,52.14179],[-1.1969,52.14199],[-1.19715,52.14175],[-1.19809,52.14175],[-1.19851,52.14198],[-1.19841,52.14139],[-1.20049,52.14092],[-1.20042,52.14048],[-1.20129,52.14025],[-1.20378,52.14016],[-1.20432,52.14038],[-1.20508,52.13965],[-1.20446,52.13898],[-1.20585,52.13854],[-1.20586,52.13819],[-1.20786,52.13778],[-1.20861,52.13668],[-1.20943,52.13614],[-1.21183,52.13614],[-1.21214,52.13657],[-1.21325,52.13647],[-1.21393,52.13699],[-1.21527,52.13575],[-1.2166,52.1355],[-1.21743,52.13562],[-1.21739,52.13627],[-1.21801,52.13625],[-1.21815,52.13593],[-1.21917,52.13628],[-1.22024,52.13583],[-1.2213,52.13462],[-1.22285,52.13419],[-1.22365,52.13431],[-1.22414,52.13401],[-1.22452,52.1344],[-1.22401,52.13461],[-1.22504,52.13524],[-1.22711,52.13553],[-1.22733,52.13503],[-1.22809,52.13524],[-1.2284,52.13464],[-1.22885,52.13462],[-1.22903,52.13374],[-1.22949,52.13403],[-1.22967,52.13354],[-1.23008,52.13363],[-1.22982,52.13299],[-1.22932,52.13286],[-1.2299,52.13231],[-1.23038,52.13233],[-1.23208,52.1314],[-1.23495,52.13152],[-1.23507,52.13108],[-1.23454,52.13082],[-1.23546,52.1295],[-1.23476,52.12859],[-1.23562,52.12854],[-1.23753,52.12761],[-1.24184,52.12847],[-1.24338,52.12771],[-1.2446,52.12791],[-1.24433,52.12707],[-1.24482,52.12674],[-1.24563,52.12723],[-1.2466,52.12712],[-1.24694,52.12748],[-1.24751,52.12739],[-1.24759,52.12829],[-1.24817,52.12872],[-1.25171,52.12885],[-1.25233,52.12829],[-1.25309,52.12819],[-1.25321,52.12859],[-1.25453,52.12867],[-1.25508,52.12906],[-1.25674,52.12939],[-1.2597,52.12877],[-1.26044,52.12926],[-1.26001,52.12995],[-1.26152,52.12984],[-1.2638,52.13119],[-1.26608,52.13093],[-1.26632,52.13055],[-1.26706,52.13049],[-1.26752,52.13077],[-1.26801,52.12991],[-1.26904,52.12981],[-1.26926,52.12927],[-1.26983,52.12949],[-1.27007,52.12894],[-1.27123,52.12857],[-1.27144,52.12785],[-1.27439,52.13239],[-1.27575,52.13346],[-1.27686,52.13342],[-1.27562,52.13502],[-1.2742,52.13521],[-1.27388,52.1351],[-1.27408,52.13454],[-1.27338,52.13442],[-1.2724,52.1349],[-1.2727,52.13525],[-1.2719,52.13583],[-1.27159,52.13806],[-1.27208,52.13774],[-1.2719,52.13726],[-1.27258,52.13692],[-1.27779,52.13653],[-1.27866,52.13675],[-1.28143,52.1347],[-1.27798,52.13166],[-1.27832,52.1283],[-1.27715,52.12698],[-1.27776,52.12589],[-1.27869,52.12558],[-1.27932,52.12589],[-1.28008,52.12583],[-1.28523,52.12489],[-1.28853,52.12798],[-1.29063,52.1293],[-1.29363,52.13259],[-1.29341,52.13305],[-1.29555,52.13382],[-1.2951,52.13471],[-1.29769,52.13528],[-1.29792,52.13715],[-1.29917,52.13719],[-1.29934,52.13839],[-1.30211,52.13929],[-1.30196,52.13979],[-1.30537,52.14121],[-1.30491,52.14164],[-1.30843,52.14351],[-1.30873,52.14424],[-1.30643,52.14555],[-1.30862,52.14654],[-1.30835,52.14686],[-1.30941,52.14763],[-1.31175,52.14792],[-1.31078,52.1495],[-1.31239,52.1498],[-1.31235,52.15129],[-1.31326,52.15108],[-1.31453,52.15142],[-1.31436,52.15177],[-1.31596,52.15228],[-1.31691,52.1531],[-1.31774,52.15335],[-1.31805,52.15427],[-1.31771,52.15454],[-1.31855,52.15547],[-1.31827,52.15581],[-1.31991,52.15696],[-1.31938,52.15766],[-1.32129,52.15831],[-1.32087,52.15921],[-1.32438,52.16092],[-1.32467,52.16121],[-1.3239,52.1621],[-1.32531,52.16277],[-1.32867,52.16548],[-1.32837,52.1658],[-1.33007,52.1663],[-1.32994,52.16735],[-1.33104,52.16793],[-1.33087,52.16823],[-1.3319,52.16849],[-1.33159,52.16952],[-1.33229,52.17054],[-1.33112,52.17142],[-1.33233,52.17232],[-1.3312,52.17447],[-1.32864,52.17702],[-1.32684,52.17847],[-1.32652,52.17839],[-1.32265,52.18189],[-1.31995,52.18136],[-1.31819,52.18142],[-1.31808,52.18328],[-1.31734,52.18505],[-1.31616,52.18666],[-1.31439,52.18811],[-1.31313,52.19047],[-1.30873,52.18979],[-1.3006,52.19177],[-1.29489,52.19168],[-1.29154,52.19214]]]}},{"type":"Feature","properties":{"id":"E01027305","name":"E01027305","parent":"E06000062","type":"LSOA","pop":1819,"r":99,"ff":39,"ffd":2144.0,"ffs":0.4937,"g":19,"co":3,"mo":0,"sa":2,"ic":0},"geometry":{"type":"Polygon","coordinates":[[[-1.27159,52.13806],[-1.2719,52.13583],[-1.2727,52.13525],[-1.2724,52.1349],[-1.27338,52.13442],[-1.27408,52.13454],[-1.27388,52.1351],[-1.2742,52.13521],[-1.27562,52.13502],[-1.27686,52.13342],[-1.27575,52.13346],[-1.27439,52.13239],[-1.27144,52.12785],[-1.27123,52.12857],[-1.27007,52.12894],[-1.26983,52.12949],[-1.26926,52.12927],[-1.26904,52.12981],[-1.26801,52.12991],[-1.26752,52.13077],[-1.26706,52.13049],[-1.26632,52.13055],[-1.26608,52.13093],[-1.2638,52.13119],[-1.26152,52.12984],[-1.26001,52.12995],[-1.26044,52.12926],[-1.2597,52.12877],[-1.25674,52.12939],[-1.25508,52.12906],[-1.25453,52.12867],[-1.25321,52.12859],[-1.25309,52.12819],[-1.25233,52.12829],[-1.25171,52.12885],[-1.24817,52.12872],[-1.24759,52.12829],[-1.24751,52.12739],[-1.24694,52.12748],[-1.2466,52.12712],[-1.24563,52.12723],[-1.24482,52.12674],[-1.24433,52.12707],[-1.2446,52.12791],[-1.24338,52.12771],[-1.24184,52.12847],[-1.23753,52.12761],[-1.23562,52.12854],[-1.23476,52.12859],[-1.23546,52.1295],[-1.23454,52.13082],[-1.23507,52.13108],[-1.23495,52.13152],[-1.23208,52.1314],[-1.23038,52.13233],[-1.2299,52.13231],[-1.22932,52.13286],[-1.22982,52.13299],[-1.23008,52.13363],[-1.22967,52.13354],[-1.22949,52.13403],[-1.22903,52.13374],[-1.22885,52.13462],[-1.2284,52.13464],[-1.22809,52.13524],[-1.22733,52.13503],[-1.22711,52.13553],[-1.22504,52.13524],[-1.22401,52.13461],[-1.22452,52.1344],[-1.22414,52.13401],[-1.22365,52.13431],[-1.22285,52.13419],[-1.2213,52.13462],[-1.22024,52.13583],[-1.21917,52.13628],[-1.21815,52.13593],[-1.21801,52.13625],[-1.21739,52.13627],[-1.21743,52.13562],[-1.2166,52.1355],[-1.21527,52.13575],[-1.21393,52.13699],[-1.21325,52.13647],[-1.21214,52.13657],[-1.21183,52.13614],[-1.21056,52.13603],[-1.20943,52.13614],[-1.20861,52.13668],[-1.20808,52.13667],[-1.20746,52.13597],[-1.20477,52.13533],[-1.20187,52.13396],[-1.20254,52.13241],[-1.20131,52.13121],[-1.20161,52.1304],[-1.20126,52.12952],[-1.19983,52.12874],[-1.19847,52.12737],[-1.19549,52.12582],[-1.19527,52.12458],[-1.19465,52.12396],[-1.19461,52.12248],[-1.19508,52.12248],[-1.19583,52.11837],[-1.19496,52.1181],[-1.19276,52.1189],[-1.19253,52.11653],[-1.19328,52.11594],[-1.19431,52.11399],[-1.19773,52.11158],[-1.19911,52.11011],[-1.19937,52.10796],[-1.20045,52.10508],[-1.20212,52.10241],[-1.20427,52.10025],[-1.20542,52.09662],[-1.202,52.09514],[-1.199,52.09153],[-1.19944,52.09135],[-1.19974,52.09042],[-1.20021,52.09036],[-1.20052,52.08862],[-1.20344,52.08837],[-1.20291,52.08729],[-1.20334,52.08614],[-1.2032,52.08582],[-1.20113,52.08497],[-1.19994,52.08057],[-1.20047,52.07927],[-1.20191,52.07867],[-1.202,52.07837],[-1.20025,52.0782],[-1.20027,52.07755],[-1.20118,52.0767],[-1.19888,52.07658],[-1.19901,52.07613],[-1.19848,52.07588],[-1.20246,52.07209],[-1.20368,52.07209],[-1.20548,52.07141],[-1.21157,52.07117],[-1.21372,52.06956],[-1.2186,52.06793],[-1.21889,52.06822],[-1.22016,52.06772],[-1.22151,52.06667],[-1.22457,52.06552],[-1.22649,52.06405],[-1.23075,52.06358],[-1.23217,52.063],[-1.23271,52.06313],[-1.23339,52.06297],[-1.23491,52.06081],[-1.23616,52.06158],[-1.23748,52.06324],[-1.2374,52.06416],[-1.23907,52.06426],[-1.23984,52.06494],[-1.24164,52.06548],[-1.24153,52.06571],[-1.24542,52.06491],[-1.24604,52.06645],[-1.24592,52.06826],[-1.2527,52.06791],[-1.25275,52.07114],[-1.2525,52.074],[-1.25058,52.07427],[-1.25608,52.07397],[-1.25626,52.07446],[-1.25528,52.07787],[-1.24815,52.0777],[-1.24751,52.07825],[-1.24794,52.08174],[-1.24896,52.08337],[-1.247,52.08553],[-1.24597,52.08935],[-1.2474,52.09131],[-1.2507,52.09073],[-1.25691,52.08601],[-1.26295,52.08425],[-1.26719,52.08379],[-1.2704,52.08158],[-1.2727,52.08041],[-1.27525,52.07925],[-1.28063,52.07754],[-1.28407,52.07766],[-1.29807,52.08013],[-1.30876,52.07951],[-1.31352,52.07989],[-1.31609,52.07952],[-1.31725,52.07974],[-1.31725,52.07997],[-1.31816,52.07992],[-1.31951,52.08078],[-1.31998,52.08076],[-1.31973,52.08114],[-1.32054,52.0822],[-1.31948,52.08389],[-1.32135,52.08487],[-1.32117,52.08559],[-1.32061,52.08578],[-1.32066,52.0862],[-1.32119,52.08633],[-1.32112,52.08711],[-1.32082,52.08703],[-1.32097,52.08748],[-1.31673,52.08896],[-1.31683,52.08978],[-1.31218,52.09073],[-1.30796,52.09227],[-1.30437,52.09207],[-1.30391,52.09164],[-1.29983,52.09145],[-1.29777,52.09195],[-1.29629,52.09284],[-1.29559,52.09288],[-1.29515,52.09338],[-1.28733,52.0927],[-1.28565,52.09351],[-1.28516,52.09325],[-1.28068,52.09416],[-1.2762,52.09682],[-1.27487,52.09718],[-1.27435,52.09678],[-1.27369,52.0974],[-1.27158,52.09793],[-1.26966,52.09802],[-1.26537,52.09747],[-1.26247,52.09695],[-1.2622,52.09653],[-1.25814,52.09642],[-1.25588,52.09569],[-1.24796,52.09577],[-1.2488,52.09908],[-1.24991,52.09975],[-1.25002,52.10049],[-1.25184,52.10137],[-1.25185,52.10202],[-1.25402,52.10255],[-1.25293,52.10387],[-1.25704,52.10616],[-1.25974,52.10862],[-1.26482,52.11077],[-1.27022,52.11357],[-1.27266,52.11431],[-1.2746,52.1158],[-1.27683,52.11708],[-1.27654,52.11731],[-1.27836,52.11863],[-1.28156,52.12262],[-1.2822,52.12264],[-1.28523,52.12489],[-1.28008,52.12583],[-1.27932,52.12589],[-1.27869,52.12558],[-1.27776,52.12589],[-1.27715,52.12698],[-1.27832,52.1283],[-1.27798,52.13166],[-1.28143,52.1347],[-1.27866,52.13675],[-1.27779,52.13653],[-1.27258,52.13692],[-1.2719,52.13726],[-1.27208,52.13774],[-1.27159,52.13806]]]}},{"type":"Feature","properties":{"id":"E01027306","name":"E01027306","parent":"E06000062","type":"LSOA","pop":1735,"r":7,"ff":2,"ffd":115.3,"ffs":0.2857,"g":0,"co":3,"mo":3,"sa":3,"ic":3},"geometry":{"type":"Polygon","coordinates":[[[-1.11271,52.14343],[-1.11318,52.1417],[-1.11191,52.13989],[-1.11367,52.13957],[-1.11609,52.137],[-1.11927,52.13571],[-1.11974,52.13519],[-1.11508,52.13463],[-1.11606,52.13316],[-1.1139,52.13319],[-1.11201,52.13282],[-1.11132,52.133],[-1.11115,52.13172],[-1.11437,52.12866],[-1.11335,52.12763],[-1.11148,52.12683],[-1.10844,52.12655],[-1.10742,52.12558],[-1.10627,52.12543],[-1.10551,52.12481],[-1.10349,52.12494],[-1.10252,52.12448],[-1.10195,52.12453],[-1.10203,52.12415],[-1.10081,52.12406],[-1.09594,52.12192],[-1.09381,52.12167],[-1.09219,52.12105],[-1.08868,52.12131],[-1.08687,52.12085],[-1.08382,52.12081],[-1.08274,52.12005],[-1.08008,52.11995],[-1.07935,52.11911],[-1.07968,52.11698],[-1.07827,52.11512],[-1.07868,52.115],[-1.07814,52.11456],[-1.0787,52.11435],[-1.07867,52.11404],[-1.07775,52.11302],[-1.07596,52.11274],[-1.07542,52.11197],[-1.07466,52.11201],[-1.07461,52.11241],[-1.07249,52.11179],[-1.0721,52.11203],[-1.07161,52.11184],[-1.07097,52.1123],[-1.0706,52.11212],[-1.07012,52.1125],[-1.06972,52.11238],[-1.06954,52.11285],[-1.0687,52.11263],[-1.06436,52.11299],[-1.06414,52.11336],[-1.06279,52.11365],[-1.06176,52.11483],[-1.06114,52.11468],[-1.06044,52.11528],[-1.05998,52.11503],[-1.05899,52.11565],[-1.0581,52.11578],[-1.05794,52.11625],[-1.05581,52.11613],[-1.0554,52.11571],[-1.05387,52.11677],[-1.05329,52.11647],[-1.05147,52.11708],[-1.05087,52.11685],[-1.05003,52.11736],[-1.04898,52.11744],[-1.04892,52.11794],[-1.04551,52.11995],[-1.04284,52.12273],[-1.04072,52.1225],[-1.03897,52.12316],[-1.03841,52.1231],[-1.03745,52.12348],[-1.03776,52.12376],[-1.03722,52.12413],[-1.03741,52.12451],[-1.03644,52.12399],[-1.0356,52.12475],[-1.03496,52.12467],[-1.03543,52.12505],[-1.03433,52.12521],[-1.03322,52.12582],[-1.0326,52.12576],[-1.03282,52.126],[-1.0322,52.12615],[-1.032,52.12729],[-1.03116,52.12791],[-1.03167,52.128],[-1.03143,52.12834],[-1.02974,52.12891],[-1.03013,52.12962],[-1.02925,52.12955],[-1.03003,52.12998],[-1.0295,52.13062],[-1.03013,52.13102],[-1.02883,52.13155],[-1.02873,52.13194],[-1.02738,52.13221],[-1.0257,52.13106],[-1.02672,52.12987],[-1.02784,52.12973],[-1.02814,52.12914],[-1.02785,52.12847],[-1.02643,52.12793],[-1.02581,52.127],[-1.02637,52.12556],[-1.02532,52.12419],[-1.02744,52.12411],[-1.02776,52.12363],[-1.02968,52.12289],[-1.03059,52.12102],[-1.02975,52.12],[-1.03159,52.11838],[-1.03363,52.11825],[-1.03377,52.1176],[-1.03295,52.11685],[-1.03375,52.11646],[-1.03409,52.11497],[-1.03532,52.11368],[-1.03258,52.11172],[-1.02933,52.11009],[-1.02869,52.10947],[-1.02638,52.10851],[-1.02619,52.10811],[-1.02382,52.10766],[-1.02334,52.10628],[-1.02391,52.10564],[-1.02411,52.1042],[-1.02288,52.10431],[-1.02214,52.10488],[-1.02186,52.10476],[-1.02195,52.10383],[-1.02336,52.10212],[-1.02336,52.10151],[-1.02445,52.10074],[-1.0239,52.10034],[-1.02433,52.10021],[-1.0248,52.09804],[-1.02675,52.09809],[-1.0271,52.09717],[-1.03023,52.09589],[-1.03184,52.09562],[-1.03173,52.09518],[-1.03264,52.09483],[-1.03428,52.09459],[-1.03579,52.09327],[-1.04176,52.0921],[-1.04729,52.08986],[-1.05092,52.08886],[-1.05119,52.08909],[-1.05219,52.08875],[-1.05368,52.0899],[-1.05435,52.08962],[-1.0536,52.08883],[-1.05502,52.08867],[-1.05756,52.0865],[-1.05548,52.08647],[-1.05497,52.08607],[-1.05636,52.0847],[-1.05818,52.08392],[-1.06226,52.08493],[-1.06578,52.08529],[-1.0688,52.08594],[-1.07485,52.08486],[-1.07582,52.08491],[-1.07635,52.0855],[-1.07729,52.0849],[-1.07774,52.08577],[-1.08073,52.08747],[-1.08165,52.09037],[-1.08139,52.09173],[-1.08328,52.09208],[-1.08591,52.09376],[-1.08731,52.09388],[-1.09058,52.0922],[-1.09189,52.09209],[-1.09619,52.09356],[-1.10103,52.09455],[-1.10356,52.09449],[-1.10536,52.09362],[-1.10892,52.09489],[-1.10882,52.09565],[-1.11004,52.09616],[-1.11056,52.09704],[-1.11053,52.09829],[-1.11444,52.09863],[-1.11404,52.09944],[-1.11407,52.10155],[-1.1157,52.10075],[-1.12189,52.09979],[-1.12447,52.10057],[-1.12566,52.10168],[-1.1273,52.10233],[-1.12781,52.10301],[-1.12931,52.10358],[-1.12991,52.10415],[-1.13101,52.10427],[-1.13181,52.10501],[-1.13277,52.10493],[-1.13536,52.10608],[-1.13678,52.10616],[-1.13725,52.1066],[-1.13833,52.10648],[-1.13847,52.107],[-1.13909,52.10703],[-1.13896,52.10728],[-1.14003,52.10705],[-1.14092,52.10724],[-1.14055,52.10757],[-1.14191,52.10823],[-1.14212,52.10924],[-1.14393,52.11034],[-1.14471,52.11023],[-1.145,52.11046],[-1.14524,52.11021],[-1.14569,52.11045],[-1.14606,52.11003],[-1.14682,52.11015],[-1.149,52.10936],[-1.14994,52.10948],[-1.15042,52.10788],[-1.1494,52.10592],[-1.15262,52.10309],[-1.15424,52.10066],[-1.15561,52.09975],[-1.15603,52.09845],[-1.15703,52.09752],[-1.15701,52.09582],[-1.16103,52.0967],[-1.1663,52.09698],[-1.1739,52.09582],[-1.18554,52.09624],[-1.1988,52.09513],[-1.202,52.09514],[-1.20542,52.09662],[-1.20427,52.10025],[-1.20212,52.10241],[-1.20045,52.10508],[-1.19937,52.10796],[-1.19911,52.11011],[-1.19773,52.11158],[-1.19431,52.11399],[-1.19328,52.11594],[-1.19253,52.11653],[-1.19276,52.1189],[-1.19496,52.1181],[-1.19583,52.11837],[-1.19508,52.12248],[-1.19461,52.12248],[-1.19465,52.12396],[-1.19527,52.12458],[-1.19549,52.12582],[-1.19847,52.12737],[-1.19983,52.12874],[-1.20126,52.12952],[-1.20161,52.1304],[-1.20131,52.13121],[-1.20254,52.13241],[-1.20187,52.13396],[-1.20477,52.13533],[-1.20746,52.13597],[-1.20808,52.13667],[-1.20861,52.13668],[-1.20786,52.13778],[-1.20586,52.13819],[-1.20585,52.13854],[-1.20446,52.13898],[-1.20508,52.13965],[-1.20432,52.14038],[-1.20378,52.14016],[-1.20129,52.14025],[-1.20042,52.14048],[-1.20049,52.14092],[-1.19841,52.14139],[-1.19851,52.14198],[-1.19809,52.14175],[-1.19715,52.14175],[-1.1969,52.14199],[-1.19589,52.14179],[-1.19588,52.14236],[-1.19394,52.14313],[-1.1944,52.1434],[-1.19366,52.14394],[-1.1942,52.14429],[-1.19373,52.14432],[-1.19386,52.1446],[-1.19318,52.14519],[-1.1923,52.14518],[-1.19177,52.14569],[-1.19087,52.14521],[-1.19113,52.14562],[-1.19031,52.14551],[-1.19019,52.14582],[-1.18837,52.14542],[-1.18882,52.14514],[-1.18794,52.14492],[-1.18821,52.14462],[-1.18586,52.14416],[-1.18585,52.14448],[-1.18476,52.14472],[-1.18503,52.14497],[-1.18466,52.1453],[-1.18375,52.14488],[-1.18329,52.14524],[-1.18282,52.14532],[-1.18259,52.14502],[-1.18196,52.14528],[-1.18152,52.14479],[-1.18105,52.14499],[-1.18053,52.1448],[-1.1809,52.14459],[-1.18026,52.14422],[-1.17926,52.14436],[-1.17923,52.14367],[-1.17836,52.14379],[-1.1777,52.14316],[-1.17726,52.14345],[-1.17689,52.14314],[-1.1765,52.14333],[-1.17643,52.1438],[-1.17253,52.14323],[-1.16931,52.14322],[-1.14898,52.14564],[-1.14156,52.14601],[-1.14076,52.14583],[-1.13984,52.14638],[-1.13843,52.14617],[-1.13741,52.14643],[-1.13578,52.14514],[-1.13255,52.14133],[-1.13095,52.14235],[-1.12978,52.14183],[-1.12837,52.14224],[-1.12513,52.14429],[-1.11392,52.14807],[-1.1117,52.14941],[-1.11116,52.15011],[-1.11055,52.15017],[-1.11071,52.14888],[-1.11127,52.14865],[-1.11123,52.1468],[-1.11303,52.14648],[-1.11322,52.1446],[-1.11377,52.14438],[-1.11345,52.14373],[-1.11271,52.14343]]]}},{"type":"Feature","properties":{"id":"E01027307","name":"E01027307","parent":"E06000062","type":"LSOA","pop":2184,"r":252,"ff":90,"ffd":4120.9,"ffs":0.4891,"g":66,"co":2,"mo":2,"sa":2,"ic":2},"geometry":{"type":"Polygon","coordinates":[[[-0.97837,52.1086],[-0.97623,52.10504],[-0.97112,52.09952],[-0.96942,52.09863],[-0.9685,52.09903],[-0.96835,52.09883],[-0.97076,52.09788],[-0.97064,52.09696],[-0.96877,52.09566],[-0.96562,52.09669],[-0.96637,52.09385],[-0.96374,52.09311],[-0.95855,52.0899],[-0.9523,52.0907],[-0.94415,52.09123],[-0.94457,52.09493],[-0.94256,52.09646],[-0.93891,52.09644],[-0.93682,52.09698],[-0.93281,52.09917],[-0.93128,52.0991],[-0.9297,52.09823],[-0.92819,52.09874],[-0.9217,52.09501],[-0.92549,52.0933],[-0.91676,52.08858],[-0.91306,52.09018],[-0.90823,52.08731],[-0.90562,52.08981],[-0.90358,52.08899],[-0.89814,52.0915],[-0.89497,52.09249],[-0.89397,52.09096],[-0.8928,52.09002],[-0.88927,52.09181],[-0.8881,52.09098],[-0.88679,52.09144],[-0.88461,52.08985],[-0.88559,52.08926],[-0.88357,52.08796],[-0.87681,52.09258],[-0.87353,52.09055],[-0.87576,52.0892],[-0.87419,52.08824],[-0.87471,52.0879],[-0.87283,52.08687],[-0.87334,52.08544],[-0.87297,52.0842],[-0.87311,52.08169],[-0.87288,52.08214],[-0.87147,52.08235],[-0.87036,52.0821],[-0.86893,52.08121],[-0.86807,52.08015],[-0.86758,52.07758],[-0.86912,52.07551],[-0.8693,52.07441],[-0.87286,52.07408],[-0.87771,52.07308],[-0.88222,52.0728],[-0.88176,52.07247],[-0.88224,52.07204],[-0.8842,52.07177],[-0.88639,52.07072],[-0.88648,52.06973],[-0.88705,52.06905],[-0.88526,52.06519],[-0.88667,52.06514],[-0.88763,52.06588],[-0.8907,52.07052],[-0.89311,52.07331],[-0.89552,52.07224],[-0.89946,52.07213],[-0.90378,52.07354],[-0.90346,52.0739],[-0.90466,52.07427],[-0.90464,52.07452],[-0.90936,52.07466],[-0.91267,52.07409],[-0.91449,52.07614],[-0.91468,52.0758],[-0.91875,52.07437],[-0.9211,52.07398],[-0.92243,52.07332],[-0.92427,52.07205],[-0.9241,52.07074],[-0.92888,52.07148],[-0.93411,52.07328],[-0.94006,52.07584],[-0.94181,52.07596],[-0.94197,52.07626],[-0.9451,52.07689],[-0.9472,52.07918],[-0.94883,52.07976],[-0.95017,52.07979],[-0.95187,52.08153],[-0.95973,52.07922],[-0.96121,52.07831],[-0.96273,52.07636],[-0.9651,52.07484],[-0.96781,52.07091],[-0.97015,52.07237],[-0.97222,52.07233],[-0.97336,52.07272],[-0.9753,52.0725],[-0.97746,52.07168],[-0.98114,52.07134],[-0.98238,52.06997],[-0.98316,52.06984],[-0.98396,52.07008],[-0.98428,52.06972],[-0.98637,52.07019],[-0.98742,52.07076],[-0.98788,52.07047],[-0.98912,52.07083],[-0.99001,52.07062],[-0.99324,52.072],[-0.99394,52.07283],[-0.99549,52.07324],[-0.99824,52.07258],[-1.00045,52.07249],[-1.00244,52.07273],[-1.00431,52.07341],[-1.00588,52.0734],[-1.00705,52.07228],[-1.00627,52.07159],[-1.00651,52.07143],[-1.00754,52.0721],[-1.00441,52.07597],[-1.00276,52.07701],[-1.00315,52.07773],[-0.99961,52.07965],[-0.9986,52.08115],[-0.99843,52.08169],[-1.00202,52.0825],[-1.00214,52.08304],[-1.0047,52.08539],[-1.00514,52.0874],[-1.00685,52.08888],[-1.01119,52.08913],[-1.01205,52.09052],[-1.01192,52.09323],[-1.00941,52.09387],[-1.01133,52.09494],[-1.00743,52.09718],[-1.00654,52.09696],[-1.0071,52.09803],[-1.00509,52.09848],[-1.006,52.09924],[-1.00777,52.09928],[-1.00797,52.09978],[-1.00513,52.10054],[-1.00453,52.10028],[-1.00499,52.1014],[-1.00463,52.10212],[-1.00247,52.10298],[-1.00351,52.10607],[-1.00331,52.10723],[-1.00212,52.10845],[-0.99827,52.10612],[-0.99672,52.10568],[-0.99119,52.10549],[-0.98868,52.10591],[-0.98319,52.10541],[-0.97837,52.1086]]]}},{"type":"Feature","properties":{"id":"E01027308","name":"E01027308","parent":"E06000062","type":"LSOA","pop":1526,"r":37,"ff":26,"ffd":1703.8,"ffs":0.7027,"g":0,"co":3,"mo":3,"sa":3,"ic":3},"geometry":{"type":"Polygon","coordinates":[[[-0.75371,52.24787],[-0.74865,52.24596],[-0.7441,52.24358],[-0.74187,52.24399],[-0.73705,52.24283],[-0.72985,52.23946],[-0.72727,52.23793],[-0.72537,52.23463],[-0.72451,52.23372],[-0.72484,52.23285],[-0.72353,52.23042],[-0.72065,52.22832],[-0.72043,52.22691],[-0.71875,52.22582],[-0.71793,52.22478],[-0.718,52.22348],[-0.71575,52.22151],[-0.7143,52.22146],[-0.71463,52.22129],[-0.71433,52.22112],[-0.71486,52.2209],[-0.71694,52.21794],[-0.7174,52.21578],[-0.71695,52.21329],[-0.71171,52.19736],[-0.70743,52.19299],[-0.70546,52.19157],[-0.70504,52.19079],[-0.70866,52.18879],[-0.71126,52.18837],[-0.71618,52.18532],[-0.71901,52.18257],[-0.72074,52.1819],[-0.72549,52.18088],[-0.72926,52.17947],[-0.73473,52.1735],[-0.73743,52.17367],[-0.73875,52.17224],[-0.73889,52.17128],[-0.74254,52.17096],[-0.7448,52.17028],[-0.74607,52.16887],[-0.74973,52.16688],[-0.75066,52.16764],[-0.75354,52.16738],[-0.75557,52.16763],[-0.75719,52.16733],[-0.75996,52.16562],[-0.76098,52.16401],[-0.76205,52.16345],[-0.76275,52.16498],[-0.76272,52.16631],[-0.76414,52.1678],[-0.76533,52.1711],[-0.76489,52.17137],[-0.76782,52.17311],[-0.77584,52.17728],[-0.77837,52.18031],[-0.77723,52.18233],[-0.77719,52.18471],[-0.78056,52.1853],[-0.78328,52.18622],[-0.78248,52.1875],[-0.77953,52.18904],[-0.77941,52.19016],[-0.78968,52.1955],[-0.79068,52.1952],[-0.79259,52.19631],[-0.79127,52.19697],[-0.79234,52.19781],[-0.78947,52.20567],[-0.7882,52.20611],[-0.79013,52.20734],[-0.78982,52.20775],[-0.79094,52.20865],[-0.78934,52.21274],[-0.78744,52.21545],[-0.78205,52.22004],[-0.78166,52.22132],[-0.78199,52.2219],[-0.7801,52.22354],[-0.77575,52.22468],[-0.77335,52.22782],[-0.76986,52.22657],[-0.76853,52.22527],[-0.76919,52.22482],[-0.76719,52.21915],[-0.76752,52.21883],[-0.76656,52.21774],[-0.76415,52.21887],[-0.76341,52.21874],[-0.76346,52.2201],[-0.76022,52.22008],[-0.76164,52.22391],[-0.75932,52.226],[-0.75963,52.22658],[-0.75448,52.22859],[-0.74985,52.23143],[-0.74833,52.2336],[-0.75092,52.23472],[-0.75186,52.2367],[-0.75178,52.24049],[-0.7527,52.24282],[-0.75254,52.2455],[-0.7542,52.24616],[-0.75431,52.2467],[-0.7552,52.24668],[-0.75601,52.24759],[-0.75371,52.24787]]]}},{"type":"Feature","properties":{"id":"E01032976","name":"E01032976","parent":"E06000062","type":"LSOA","pop":2274,"r":279,"ff":121,"ffd":5321.0,"ffs":0.5193,"g":45,"co":2,"mo":0,"sa":0,"ic":0},"geometry":{"type":"Polygon","coordinates":[[[-0.96507,52.24782],[-0.96448,52.24753],[-0.96258,52.2476],[-0.96259,52.24707],[-0.96204,52.24688],[-0.96239,52.2464],[-0.9616,52.24591],[-0.96071,52.24705],[-0.95794,52.24697],[-0.95797,52.2467],[-0.95664,52.2464],[-0.95769,52.24472],[-0.95699,52.24422],[-0.95628,52.24436],[-0.9556,52.24414],[-0.95568,52.24299],[-0.95493,52.24243],[-0.95512,52.24198],[-0.95453,52.2413],[-0.95526,52.24132],[-0.95545,52.24002],[-0.95428,52.23946],[-0.95364,52.23878],[-0.95334,52.2378],[-0.95174,52.23727],[-0.94947,52.23724],[-0.94875,52.2375],[-0.94776,52.23617],[-0.94618,52.23622],[-0.94577,52.23533],[-0.94761,52.23487],[-0.94743,52.23338],[-0.94828,52.23334],[-0.94903,52.23268],[-0.96091,52.22927],[-0.96786,52.22655],[-0.96938,52.22813],[-0.96754,52.22806],[-0.96855,52.22833],[-0.9692,52.22892],[-0.9694,52.2312],[-0.96822,52.23141],[-0.96715,52.23203],[-0.96528,52.23539],[-0.96784,52.23551],[-0.97103,52.235],[-0.96871,52.23714],[-0.96874,52.23819],[-0.96936,52.23882],[-0.96892,52.24023],[-0.96462,52.24092],[-0.96419,52.24264],[-0.96535,52.24629],[-0.96507,52.24782]]]}},{"type":"Feature","properties":{"id":"E01032978","name":"E01032978","parent":"E06000062","type":"LSOA","pop":1823,"r":340,"ff":152,"ffd":8337.9,"ffs":0.5188,"g":46,"co":0,"mo":0,"sa":0,"ic":0},"geometry":{"type":"Polygon","coordinates":[[[-0.90228,52.24226],[-0.90231,52.24197],[-0.90188,52.24206],[-0.90136,52.24161],[-0.9005,52.24187],[-0.89909,52.24195],[-0.89889,52.24143],[-0.90017,52.23984],[-0.90137,52.2399],[-0.90148,52.2394],[-0.90325,52.23951],[-0.9035,52.2387],[-0.90504,52.23882],[-0.90458,52.23806],[-0.90606,52.23793],[-0.90635,52.23845],[-0.90723,52.23839],[-0.90799,52.24251],[-0.90798,52.24532],[-0.90394,52.2458],[-0.90421,52.24349],[-0.90102,52.24322],[-0.90162,52.24289],[-0.90167,52.24231],[-0.90228,52.24226]]]}},{"type":"Feature","properties":{"id":"E01032979","name":"E01032979","parent":"E06000062","type":"LSOA","pop":1680,"r":341,"ff":150,"ffd":8928.6,"ffs":0.5119,"g":47,"co":0,"mo":0,"sa":0,"ic":0},"geometry":{"type":"Polygon","coordinates":[[[-0.89946,52.24002],[-0.89807,52.23998],[-0.89798,52.24019],[-0.89684,52.24],[-0.89684,52.23952],[-0.89545,52.23964],[-0.89528,52.23873],[-0.89427,52.23814],[-0.89729,52.23688],[-0.89719,52.2359],[-0.8974,52.23379],[-0.89643,52.23079],[-0.90209,52.23048],[-0.9027,52.23068],[-0.90357,52.23038],[-0.91222,52.22983],[-0.91403,52.23037],[-0.91468,52.23116],[-0.91474,52.23229],[-0.91523,52.23302],[-0.91428,52.2334],[-0.91179,52.23691],[-0.91063,52.23787],[-0.90901,52.23767],[-0.90893,52.23736],[-0.9085,52.23754],[-0.90916,52.23839],[-0.90839,52.23861],[-0.90723,52.23839],[-0.90635,52.23845],[-0.90606,52.23793],[-0.90458,52.23806],[-0.90504,52.23882],[-0.9035,52.2387],[-0.90325,52.23951],[-0.90148,52.2394],[-0.90137,52.2399],[-0.90017,52.23984],[-0.89977,52.2403],[-0.89946,52.24002]]]}},{"type":"Feature","properties":{"id":"E01032980","name":"E01032980","parent":"E06000062","type":"LSOA","pop":1900,"r":332,"ff":146,"ffd":7684.2,"ffs":0.5141,"g":47,"co":0,"mo":0,"sa":0,"ic":0},"geometry":{"type":"Polygon","coordinates":[[[-0.89269,52.23107],[-0.89258,52.23056],[-0.89344,52.23053],[-0.89352,52.23096],[-0.89454,52.23049],[-0.89523,52.23088],[-0.89495,52.23041],[-0.89454,52.23043],[-0.89445,52.2299],[-0.89632,52.22957],[-0.89659,52.22818],[-0.89718,52.22772],[-0.90222,52.22749],[-0.90253,52.22783],[-0.90343,52.22809],[-0.90357,52.23038],[-0.9027,52.23068],[-0.90209,52.23048],[-0.89643,52.23079],[-0.89141,52.23236],[-0.88965,52.23205],[-0.89269,52.23107]]]}},{"type":"Feature","properties":{"id":"E01032981","name":"E01032981","parent":"E06000062","type":"LSOA","pop":3360,"r":333,"ff":147,"ffd":4375.0,"ffs":0.5158,"g":47,"co":0,"mo":0,"sa":0,"ic":0},"geometry":{"type":"Polygon","coordinates":[[[-0.88143,52.23057],[-0.88051,52.23043],[-0.87925,52.23112],[-0.87513,52.2302],[-0.87369,52.23059],[-0.87155,52.22972],[-0.87041,52.22852],[-0.87354,52.22401],[-0.87798,52.2199],[-0.88142,52.21812],[-0.88642,52.217],[-0.88739,52.21807],[-0.88793,52.21995],[-0.89041,52.22162],[-0.8928,52.22386],[-0.89319,52.22562],[-0.89675,52.22572],[-0.89703,52.22429],[-0.89738,52.22423],[-0.89822,52.22541],[-0.90066,52.22522],[-0.90086,52.22557],[-0.89769,52.22573],[-0.89776,52.22602],[-0.89922,52.22596],[-0.8993,52.2268],[-0.9028,52.22666],[-0.90281,52.22694],[-0.90357,52.22698],[-0.90348,52.22736],[-0.90221,52.22723],[-0.90222,52.22749],[-0.89718,52.22772],[-0.89659,52.22818],[-0.89632,52.22957],[-0.89445,52.2299],[-0.89454,52.23043],[-0.89495,52.23041],[-0.89523,52.23088],[-0.89454,52.23049],[-0.89352,52.23096],[-0.89344,52.23053],[-0.89258,52.23056],[-0.89269,52.23107],[-0.88965,52.23205],[-0.88253,52.2317],[-0.88143,52.23057]]]}},{"type":"Feature","properties":{"id":"E01032982","name":"E01032982","parent":"E06000062","type":"LSOA","pop":1455,"r":293,"ff":128,"ffd":8797.3,"ffs":0.5224,"g":47,"co":2,"mo":0,"sa":2,"ic":0},"geometry":{"type":"Polygon","coordinates":[[[-0.88415,52.19547],[-0.88359,52.19541],[-0.88303,52.19577],[-0.88265,52.19521],[-0.88254,52.19556],[-0.8819,52.19565],[-0.88113,52.19496],[-0.87988,52.1951],[-0.87858,52.19376],[-0.87973,52.19236],[-0.87972,52.19181],[-0.87879,52.19142],[-0.88073,52.19153],[-0.88089,52.19119],[-0.88041,52.19103],[-0.88185,52.19014],[-0.882,52.18906],[-0.88278,52.18898],[-0.88277,52.18937],[-0.88321,52.18938],[-0.88484,52.18868],[-0.88293,52.18767],[-0.88381,52.18674],[-0.88647,52.18735],[-0.88712,52.18687],[-0.8884,52.1866],[-0.88771,52.18413],[-0.88907,52.18276],[-0.89432,52.1861],[-0.89415,52.1889],[-0.89203,52.19243],[-0.89229,52.19695],[-0.89059,52.19755],[-0.88882,52.19772],[-0.88711,52.19725],[-0.88415,52.19547]]]}},{"type":"Feature","properties":{"id":"E01032983","name":"E01032983","parent":"E06000062","type":"LSOA","pop":1556,"r":289,"ff":127,"ffd":8162.0,"ffs":0.527,"g":47,"co":2,"mo":0,"sa":2,"ic":0},"geometry":{"type":"Polygon","coordinates":[[[-0.87705,52.19269],[-0.87666,52.18951],[-0.8764,52.18917],[-0.87475,52.18884],[-0.87484,52.1872],[-0.87535,52.18625],[-0.87503,52.18523],[-0.87924,52.18557],[-0.87946,52.18499],[-0.88097,52.18504],[-0.88081,52.18653],[-0.88296,52.1865],[-0.88262,52.18693],[-0.88116,52.18705],[-0.882,52.18793],[-0.8816,52.1887],[-0.882,52.18906],[-0.88185,52.19014],[-0.88041,52.19103],[-0.88089,52.19119],[-0.88073,52.19153],[-0.87879,52.19142],[-0.87972,52.19181],[-0.87973,52.19236],[-0.87858,52.19376],[-0.87705,52.19269]]]}},{"type":"Feature","properties":{"id":"E01032984","name":"E01032984","parent":"E06000062","type":"LSOA","pop":1649,"r":282,"ff":125,"ffd":7580.4,"ffs":0.5342,"g":47,"co":2,"mo":0,"sa":2,"ic":0},"geometry":{"type":"Polygon","coordinates":[[[-0.88277,52.18937],[-0.88278,52.18898],[-0.882,52.18906],[-0.8816,52.1887],[-0.882,52.18793],[-0.88116,52.18705],[-0.88262,52.18693],[-0.88296,52.1865],[-0.88081,52.18653],[-0.88097,52.18504],[-0.87946,52.18499],[-0.87924,52.18557],[-0.87503,52.18523],[-0.87448,52.18396],[-0.87299,52.18319],[-0.87286,52.1824],[-0.87225,52.18222],[-0.87132,52.18109],[-0.87104,52.17942],[-0.87199,52.17884],[-0.87382,52.17852],[-0.87691,52.17739],[-0.87883,52.17712],[-0.88907,52.18276],[-0.88771,52.18413],[-0.8884,52.1866],[-0.88712,52.18687],[-0.88647,52.18735],[-0.88381,52.18674],[-0.88293,52.18767],[-0.88484,52.18868],[-0.88321,52.18938],[-0.88277,52.18937]]]}},{"type":"Feature","properties":{"id":"E01032985","name":"E01032985","parent":"E06000062","type":"LSOA","pop":2361,"r":226,"ff":91,"ffd":3854.3,"ffs":0.5056,"g":45,"co":2,"mo":2,"sa":2,"ic":0},"geometry":{"type":"Polygon","coordinates":[[[-0.91015,52.19537],[-0.9015,52.1896],[-0.89432,52.1861],[-0.88907,52.18276],[-0.87883,52.17712],[-0.87691,52.17739],[-0.87382,52.17852],[-0.87199,52.17884],[-0.87104,52.17942],[-0.87121,52.17612],[-0.8723,52.1757],[-0.87166,52.17401],[-0.87264,52.17342],[-0.87265,52.17247],[-0.86838,52.17399],[-0.86815,52.17222],[-0.86741,52.17111],[-0.86501,52.16982],[-0.86473,52.16928],[-0.86501,52.16635],[-0.86856,52.16602],[-0.87149,52.16521],[-0.8701,52.16362],[-0.86774,52.16263],[-0.86659,52.16076],[-0.86534,52.16039],[-0.86204,52.16249],[-0.8591,52.16333],[-0.85728,52.16432],[-0.85561,52.16266],[-0.85272,52.16134],[-0.85383,52.1593],[-0.85675,52.15697],[-0.8573,52.15748],[-0.85828,52.15746],[-0.86241,52.15517],[-0.86737,52.15372],[-0.87235,52.15043],[-0.87423,52.15178],[-0.87657,52.15256],[-0.87785,52.15107],[-0.88222,52.14939],[-0.88755,52.14792],[-0.88907,52.14541],[-0.88887,52.14393],[-0.88809,52.14288],[-0.89,52.14258],[-0.89149,52.14306],[-0.89402,52.14282],[-0.8948,52.14347],[-0.8948,52.14556],[-0.89622,52.14764],[-0.89965,52.14752],[-0.8938,52.15339],[-0.89602,52.15503],[-0.89665,52.15633],[-0.89602,52.15728],[-0.8976,52.15781],[-0.89765,52.15823],[-0.89715,52.15817],[-0.89681,52.15848],[-0.89757,52.15921],[-0.89444,52.16047],[-0.89323,52.16115],[-0.89125,52.16083],[-0.89068,52.16017],[-0.88614,52.16183],[-0.88571,52.16405],[-0.88968,52.16436],[-0.89797,52.16596],[-0.89835,52.16856],[-0.90398,52.16975],[-0.90476,52.17027],[-0.90758,52.17073],[-0.91535,52.17106],[-0.91692,52.17163],[-0.91766,52.17303],[-0.91917,52.17379],[-0.91949,52.17676],[-0.92066,52.17691],[-0.92298,52.17817],[-0.92622,52.17892],[-0.92716,52.17953],[-0.92735,52.18085],[-0.93,52.18206],[-0.93125,52.18496],[-0.9314,52.18658],[-0.93563,52.18833],[-0.93652,52.18971],[-0.93894,52.19024],[-0.93947,52.18925],[-0.94481,52.19047],[-0.94258,52.19549],[-0.93937,52.20135],[-0.93659,52.20812],[-0.92582,52.20425],[-0.92064,52.20193],[-0.91653,52.19956],[-0.91015,52.19537]]]}},{"type":"Feature","properties":{"id":"E01035399","name":"E01035399","parent":"E06000062","type":"LSOA","pop":1215,"r":97,"ff":32,"ffd":2633.7,"ffs":0.4776,"g":29,"co":2,"mo":2,"sa":0,"ic":0},"geometry":{"type":"Polygon","coordinates":[[[-1.17865,52.35396],[-1.17598,52.35172],[-1.1766,52.34783],[-1.17626,52.34741],[-1.17834,52.34511],[-1.17403,52.34513],[-1.17446,52.3421],[-1.17367,52.33685],[-1.17421,52.3364],[-1.17358,52.33616],[-1.17347,52.33565],[-1.17399,52.33547],[-1.17414,52.33481],[-1.17504,52.33446],[-1.17487,52.33379],[-1.17632,52.33393],[-1.17692,52.33319],[-1.17605,52.33212],[-1.17742,52.33078],[-1.18282,52.33229],[-1.18154,52.33255],[-1.17978,52.33349],[-1.18048,52.3346],[-1.18206,52.33391],[-1.18604,52.33378],[-1.1866,52.3327],[-1.1888,52.33124],[-1.18942,52.32915],[-1.19054,52.32782],[-1.19034,52.32347],[-1.19863,52.32203],[-1.19805,52.32237],[-1.20311,52.32452],[-1.20456,52.32578],[-1.2042,52.32644],[-1.20459,52.32699],[-1.20395,52.32712],[-1.20428,52.32738],[-1.20268,52.32709],[-1.2011,52.32735],[-1.20233,52.32814],[-1.20195,52.32902],[-1.20224,52.32926],[-1.20168,52.32944],[-1.20121,52.3307],[-1.20057,52.3307],[-1.20042,52.33102],[-1.20119,52.33116],[-1.2019,52.33091],[-1.20172,52.33067],[-1.20266,52.33059],[-1.20271,52.3314],[-1.20365,52.33254],[-1.20364,52.33367],[-1.2029,52.33402],[-1.20156,52.33613],[-1.20169,52.33651],[-1.19813,52.33589],[-1.19656,52.33838],[-1.19386,52.34091],[-1.19427,52.3412],[-1.19441,52.3409],[-1.19552,52.3413],[-1.1957,52.34111],[-1.19586,52.34158],[-1.196,52.34131],[-1.19681,52.34149],[-1.19753,52.34218],[-1.19807,52.34221],[-1.19789,52.34252],[-1.19846,52.34259],[-1.19824,52.34313],[-1.199,52.34383],[-1.19881,52.34416],[-1.19958,52.34422],[-1.19939,52.34467],[-1.19977,52.34486],[-1.20027,52.34461],[-1.20291,52.34637],[-1.20343,52.34781],[-1.20295,52.34901],[-1.20375,52.3501],[-1.2051,52.35031],[-1.20603,52.35081],[-1.20421,52.35127],[-1.20346,52.35179],[-1.2025,52.35183],[-1.20231,52.35237],[-1.20037,52.35251],[-1.19997,52.35228],[-1.19975,52.35261],[-1.19851,52.35268],[-1.19826,52.35292],[-1.19696,52.35274],[-1.19672,52.35302],[-1.19567,52.35308],[-1.1924,52.35175],[-1.19262,52.35144],[-1.19202,52.35104],[-1.19149,52.35177],[-1.18936,52.35257],[-1.18897,52.35247],[-1.18826,52.35321],[-1.18782,52.35309],[-1.18662,52.35427],[-1.18424,52.35367],[-1.18382,52.35463],[-1.17919,52.35442],[-1.17846,52.35424],[-1.17865,52.35396]]]}},{"type":"Feature","properties":{"id":"E01035400","name":"E01035400","parent":"E06000062","type":"LSOA","pop":2105,"r":93,"ff":35,"ffd":1662.7,"ffs":0.5224,"g":25,"co":2,"mo":3,"sa":0,"ic":0},"geometry":{"type":"Polygon","coordinates":[[[-1.20603,52.35081],[-1.2051,52.35031],[-1.20375,52.3501],[-1.20295,52.34901],[-1.20343,52.34781],[-1.20291,52.34637],[-1.20027,52.34461],[-1.19977,52.34486],[-1.19939,52.34467],[-1.19958,52.34422],[-1.19881,52.34416],[-1.199,52.34383],[-1.19824,52.34313],[-1.19846,52.34259],[-1.19789,52.34252],[-1.19807,52.34221],[-1.19753,52.34218],[-1.19681,52.34149],[-1.196,52.34131],[-1.19586,52.34158],[-1.1957,52.34111],[-1.19552,52.3413],[-1.19441,52.3409],[-1.19427,52.3412],[-1.19386,52.34091],[-1.19656,52.33838],[-1.19813,52.33589],[-1.20169,52.33651],[-1.20156,52.33613],[-1.2029,52.33402],[-1.20364,52.33367],[-1.20365,52.33254],[-1.20271,52.3314],[-1.20266,52.33059],[-1.20172,52.33067],[-1.2019,52.33091],[-1.20119,52.33116],[-1.20042,52.33102],[-1.20057,52.3307],[-1.20121,52.3307],[-1.20168,52.32944],[-1.20224,52.32926],[-1.20195,52.32902],[-1.20233,52.32814],[-1.2011,52.32735],[-1.20268,52.32709],[-1.20428,52.32738],[-1.20395,52.32712],[-1.20459,52.32699],[-1.2042,52.32644],[-1.20456,52.32578],[-1.20311,52.32452],[-1.19805,52.32237],[-1.19863,52.32203],[-1.19034,52.32347],[-1.19126,52.32204],[-1.1931,52.31621],[-1.19448,52.31396],[-1.19826,52.31193],[-1.20338,52.31281],[-1.20926,52.31471],[-1.20923,52.3152],[-1.21201,52.31608],[-1.21299,52.31572],[-1.21516,52.31695],[-1.21566,52.31659],[-1.21625,52.3171],[-1.22368,52.31866],[-1.2259,52.31872],[-1.22589,52.31896],[-1.23133,52.32002],[-1.23422,52.32016],[-1.23512,52.32056],[-1.23707,52.32033],[-1.24209,52.3219],[-1.24254,52.32169],[-1.24373,52.32192],[-1.24474,52.32146],[-1.24638,52.32161],[-1.24642,52.32198],[-1.24759,52.32194],[-1.2488,52.32331],[-1.24926,52.32316],[-1.25005,52.32341],[-1.25074,52.32312],[-1.25128,52.32368],[-1.25199,52.32362],[-1.25236,52.32407],[-1.2534,52.32405],[-1.25436,52.32477],[-1.25509,52.32472],[-1.25728,52.32552],[-1.26089,52.32786],[-1.26527,52.32838],[-1.26443,52.32908],[-1.2642,52.33065],[-1.26246,52.33218],[-1.26307,52.33288],[-1.26227,52.33429],[-1.25802,52.33726],[-1.25577,52.33808],[-1.25328,52.3383],[-1.25304,52.33884],[-1.25074,52.33915],[-1.24926,52.33994],[-1.24911,52.3407],[-1.24858,52.34098],[-1.24557,52.34187],[-1.24494,52.34167],[-1.24355,52.34199],[-1.24266,52.34257],[-1.24133,52.34261],[-1.24086,52.34302],[-1.23959,52.34327],[-1.23937,52.34391],[-1.23825,52.34382],[-1.2381,52.34419],[-1.23394,52.34632],[-1.2303,52.34699],[-1.23029,52.3467],[-1.22982,52.34706],[-1.22728,52.34649],[-1.22499,52.34685],[-1.22468,52.34737],[-1.22392,52.34749],[-1.22443,52.34796],[-1.22347,52.34816],[-1.22378,52.34862],[-1.22256,52.34889],[-1.22245,52.34921],[-1.22134,52.34932],[-1.22136,52.34963],[-1.21689,52.34958],[-1.21658,52.34992],[-1.215,52.34974],[-1.21465,52.34998],[-1.21422,52.34966],[-1.21372,52.34996],[-1.21216,52.34897],[-1.21132,52.34915],[-1.21078,52.34877],[-1.21067,52.34913],[-1.20964,52.34929],[-1.20944,52.3491],[-1.2093,52.34959],[-1.20814,52.34964],[-1.20777,52.3502],[-1.20719,52.35015],[-1.20714,52.35045],[-1.2064,52.35044],[-1.20603,52.35081]]]}},{"type":"Feature","properties":{"id":"E01035401","name":"E01035401","parent":"E06000062","type":"LSOA","pop":1654,"r":303,"ff":133,"ffd":8041.1,"ffs":0.5216,"g":47,"co":2,"mo":0,"sa":2,"ic":0},"geometry":{"type":"Polygon","coordinates":[[[-0.88926,52.31678],[-0.88693,52.31408],[-0.88199,52.31018],[-0.8811,52.30786],[-0.87826,52.30786],[-0.87949,52.30622],[-0.87567,52.30452],[-0.87708,52.30286],[-0.87628,52.30271],[-0.87735,52.30058],[-0.87558,52.30035],[-0.87616,52.29481],[-0.87466,52.29017],[-0.8765,52.28939],[-0.87691,52.28897],[-0.87635,52.28698],[-0.87489,52.28498],[-0.87176,52.28252],[-0.87394,52.28271],[-0.87551,52.28232],[-0.87964,52.28032],[-0.88253,52.2779],[-0.88512,52.27539],[-0.88843,52.27631],[-0.88836,52.27773],[-0.89342,52.27984],[-0.89609,52.28049],[-0.89804,52.28067],[-0.89821,52.28032],[-0.89809,52.28003],[-0.89943,52.27875],[-0.90283,52.28015],[-0.90289,52.27908],[-0.90397,52.27921],[-0.90405,52.28049],[-0.90447,52.28183],[-0.90045,52.28235],[-0.89886,52.28529],[-0.8994,52.28602],[-0.90064,52.28588],[-0.90123,52.28545],[-0.90437,52.28467],[-0.90478,52.29033],[-0.90396,52.29367],[-0.9096,52.29304],[-0.91791,52.29056],[-0.92053,52.29077],[-0.92373,52.28924],[-0.92491,52.28938],[-0.92468,52.28995],[-0.92518,52.29081],[-0.92647,52.29067],[-0.92741,52.29175],[-0.92677,52.29221],[-0.92749,52.29405],[-0.92691,52.29524],[-0.92703,52.29595],[-0.92783,52.29651],[-0.92776,52.2969],[-0.92579,52.29674],[-0.92514,52.29719],[-0.9252,52.29775],[-0.92395,52.29915],[-0.92366,52.30027],[-0.923,52.30051],[-0.92353,52.30198],[-0.92247,52.30372],[-0.91959,52.30419],[-0.91939,52.3047],[-0.91878,52.30471],[-0.91814,52.30527],[-0.91751,52.30474],[-0.91733,52.30529],[-0.91593,52.30544],[-0.91557,52.30689],[-0.91345,52.30665],[-0.91075,52.30749],[-0.90958,52.30754],[-0.90919,52.30836],[-0.90788,52.30884],[-0.90494,52.3085],[-0.90392,52.30864],[-0.90344,52.30902],[-0.90113,52.30898],[-0.90114,52.30926],[-0.90063,52.30933],[-0.90046,52.30901],[-0.8973,52.30884],[-0.89715,52.30943],[-0.89612,52.30958],[-0.89591,52.31023],[-0.89657,52.31082],[-0.89722,52.31092],[-0.89651,52.31122],[-0.89684,52.31161],[-0.89629,52.3122],[-0.89516,52.31203],[-0.89265,52.31362],[-0.89152,52.31372],[-0.89127,52.31455],[-0.89162,52.31527],[-0.89108,52.3156],[-0.89106,52.31636],[-0.89033,52.31608],[-0.89016,52.31655],[-0.88926,52.31678]]]}},{"type":"Feature","properties":{"id":"E01035402","name":"E01035402","parent":"E06000062","type":"LSOA","pop":2347,"r":314,"ff":140,"ffd":5965.1,"ffs":0.5243,"g":46,"co":2,"mo":0,"sa":0,"ic":0},"geometry":{"type":"Polygon","coordinates":[[[-0.90396,52.29367],[-0.90478,52.29033],[-0.90437,52.28467],[-0.90123,52.28545],[-0.90064,52.28588],[-0.8994,52.28602],[-0.89886,52.28529],[-0.90045,52.28235],[-0.90447,52.28183],[-0.90405,52.28049],[-0.90397,52.27921],[-0.90501,52.27923],[-0.90507,52.27823],[-0.90565,52.27734],[-0.91024,52.27671],[-0.91778,52.27634],[-0.92259,52.27667],[-0.92286,52.27515],[-0.9225,52.27385],[-0.92414,52.27365],[-0.92369,52.27449],[-0.92452,52.27522],[-0.92464,52.27607],[-0.92516,52.27604],[-0.92542,52.27554],[-0.92596,52.27563],[-0.926,52.27597],[-0.92475,52.277],[-0.92605,52.27721],[-0.92554,52.27741],[-0.92592,52.27764],[-0.92519,52.2788],[-0.92578,52.27945],[-0.92565,52.28009],[-0.92534,52.28043],[-0.92396,52.28027],[-0.92349,52.28111],[-0.92504,52.28138],[-0.92451,52.28202],[-0.925,52.28348],[-0.92383,52.28423],[-0.92263,52.28393],[-0.92265,52.28468],[-0.92096,52.28583],[-0.92054,52.28567],[-0.92041,52.28607],[-0.92094,52.28732],[-0.92049,52.28767],[-0.92068,52.2882],[-0.92222,52.28897],[-0.92289,52.28876],[-0.92373,52.28924],[-0.92053,52.29077],[-0.91791,52.29056],[-0.9096,52.29304],[-0.90396,52.29367]]]}},{"type":"Feature","properties":{"id":"E01035403","name":"E01035403","parent":"E06000062","type":"LSOA","pop":1492,"r":34,"ff":14,"ffd":938.3,"ffs":0.56,"g":9,"co":3,"mo":2,"sa":3,"ic":1},"geometry":{"type":"Polygon","coordinates":[[[-1.16912,52.2862],[-1.16963,52.2848],[-1.16769,52.28038],[-1.17009,52.27944],[-1.16924,52.27803],[-1.1725,52.27712],[-1.17655,52.27745],[-1.17491,52.27825],[-1.17407,52.2792],[-1.17564,52.28023],[-1.17609,52.27989],[-1.1767,52.28004],[-1.18168,52.27746],[-1.18658,52.27797],[-1.18546,52.27918],[-1.18394,52.28003],[-1.18344,52.28163],[-1.18419,52.28475],[-1.18299,52.28497],[-1.18211,52.2847],[-1.1797,52.28548],[-1.17733,52.28579],[-1.1714,52.28544],[-1.16912,52.2862]]]}},{"type":"Feature","properties":{"id":"E01035404","name":"E01035404","parent":"E06000062","type":"LSOA","pop":1476,"r":34,"ff":14,"ffd":948.5,"ffs":0.56,"g":9,"co":3,"mo":2,"sa":3,"ic":1},"geometry":{"type":"Polygon","coordinates":[[[-1.15877,52.27962],[-1.15979,52.27938],[-1.16021,52.27958],[-1.16059,52.27914],[-1.15708,52.27932],[-1.15651,52.2788],[-1.15648,52.27771],[-1.15485,52.27786],[-1.15412,52.27753],[-1.15575,52.27592],[-1.1562,52.27488],[-1.15748,52.27373],[-1.15816,52.27386],[-1.15912,52.27449],[-1.16444,52.2759],[-1.16597,52.27687],[-1.16963,52.2848],[-1.16576,52.28497],[-1.16452,52.28385],[-1.16342,52.28373],[-1.16226,52.28304],[-1.16104,52.28168],[-1.15954,52.28126],[-1.15877,52.27962]]]}},{"type":"Feature","properties":{"id":"E01035405","name":"E01035405","parent":"E06000062","type":"LSOA","pop":2210,"r":34,"ff":14,"ffd":633.5,"ffs":0.56,"g":9,"co":3,"mo":2,"sa":3,"ic":3},"geometry":{"type":"Polygon","coordinates":[[[-1.15207,52.28088],[-1.15116,52.28073],[-1.15095,52.28096],[-1.15007,52.28035],[-1.14896,52.28062],[-1.14554,52.28045],[-1.14539,52.28012],[-1.14423,52.27979],[-1.14121,52.28041],[-1.14365,52.27868],[-1.14369,52.27814],[-1.14534,52.27642],[-1.14633,52.27598],[-1.14683,52.27467],[-1.14853,52.27276],[-1.15469,52.27575],[-1.15575,52.27592],[-1.15412,52.27753],[-1.15485,52.27786],[-1.15648,52.27771],[-1.15651,52.2788],[-1.15708,52.27932],[-1.16059,52.27914],[-1.16021,52.27958],[-1.15979,52.27938],[-1.15877,52.27962],[-1.15954,52.28126],[-1.15561,52.28164],[-1.15271,52.2815],[-1.15203,52.28128],[-1.15207,52.28088]]]}},{"type":"Feature","properties":{"id":"E01035406","name":"E01035406","parent":"E06000062","type":"LSOA","pop":1827,"r":15,"ff":11,"ffd":602.1,"ffs":0.7333,"g":0,"co":3,"mo":3,"sa":3,"ic":1},"geometry":{"type":"Polygon","coordinates":[[[-1.16769,52.28038],[-1.16597,52.27687],[-1.16444,52.2759],[-1.16504,52.27502],[-1.16467,52.2748],[-1.16511,52.27455],[-1.16473,52.27395],[-1.16518,52.27354],[-1.16607,52.27396],[-1.1661,52.27437],[-1.16751,52.27445],[-1.1668,52.27043],[-1.16538,52.2705],[-1.16466,52.27129],[-1.16372,52.27071],[-1.16492,52.27038],[-1.16495,52.26975],[-1.16435,52.26975],[-1.16432,52.26895],[-1.16531,52.2688],[-1.16491,52.26796],[-1.16613,52.26776],[-1.16634,52.26817],[-1.16691,52.26808],[-1.16752,52.26909],[-1.16833,52.2691],[-1.16824,52.2697],[-1.17095,52.26958],[-1.16992,52.27069],[-1.16854,52.27092],[-1.16886,52.27134],[-1.17202,52.27197],[-1.17213,52.27277],[-1.1735,52.2735],[-1.17953,52.27124],[-1.18397,52.26882],[-1.18394,52.26852],[-1.18789,52.27031],[-1.19286,52.2734],[-1.1907,52.27473],[-1.18886,52.27714],[-1.18743,52.27689],[-1.18658,52.27797],[-1.18168,52.27746],[-1.1767,52.28004],[-1.17609,52.27989],[-1.17564,52.28023],[-1.17407,52.2792],[-1.17491,52.27825],[-1.17655,52.27745],[-1.1725,52.27712],[-1.16924,52.27803],[-1.17009,52.27944],[-1.16769,52.28038]]]}},{"type":"Feature","properties":{"id":"E01035417","name":"E01035417","parent":"E06000062","type":"LSOA","pop":1646,"r":343,"ff":152,"ffd":9234.5,"ffs":0.5153,"g":47,"co":0,"mo":0,"sa":0,"ic":0},"geometry":{"type":"Polygon","coordinates":[[[-0.88854,52.24086],[-0.88733,52.24026],[-0.88556,52.24069],[-0.8853,52.24022],[-0.88798,52.239],[-0.88699,52.23775],[-0.88777,52.2376],[-0.8882,52.23672],[-0.88909,52.2372],[-0.88913,52.23779],[-0.88976,52.2378],[-0.89025,52.23731],[-0.89051,52.2374],[-0.89013,52.23624],[-0.89117,52.23622],[-0.89151,52.23653],[-0.89204,52.23625],[-0.89156,52.2361],[-0.89229,52.23539],[-0.89284,52.23434],[-0.89365,52.23411],[-0.89385,52.23427],[-0.89374,52.23519],[-0.89562,52.23601],[-0.89719,52.2359],[-0.89729,52.23688],[-0.89427,52.23814],[-0.89268,52.23857],[-0.89289,52.23945],[-0.89276,52.24043],[-0.89228,52.2408],[-0.89023,52.24025],[-0.88854,52.24086]]]}},{"type":"Feature","properties":{"id":"E01035418","name":"E01035418","parent":"E06000062","type":"LSOA","pop":2270,"r":340,"ff":150,"ffd":6607.9,"ffs":0.5137,"g":47,"co":0,"mo":0,"sa":0,"ic":0},"geometry":{"type":"Polygon","coordinates":[[[-0.88734,52.23942],[-0.88702,52.23867],[-0.88631,52.2387],[-0.88575,52.23832],[-0.88596,52.23776],[-0.88455,52.23783],[-0.88452,52.23186],[-0.88965,52.23205],[-0.89141,52.23236],[-0.89643,52.23079],[-0.8974,52.23379],[-0.89719,52.2359],[-0.89562,52.23601],[-0.89374,52.23519],[-0.89385,52.23427],[-0.89365,52.23411],[-0.89284,52.23434],[-0.89229,52.23539],[-0.89156,52.2361],[-0.89204,52.23625],[-0.89151,52.23653],[-0.89117,52.23622],[-0.89013,52.23624],[-0.89051,52.2374],[-0.89025,52.23731],[-0.88976,52.2378],[-0.88913,52.23779],[-0.88909,52.2372],[-0.8882,52.23672],[-0.88777,52.2376],[-0.88699,52.23775],[-0.88798,52.239],[-0.88734,52.23942]]]}},{"type":"Feature","properties":{"id":"E01035419","name":"E01035419","parent":"E06000062","type":"LSOA","pop":1795,"r":316,"ff":140,"ffd":7799.4,"ffs":0.5224,"g":47,"co":0,"mo":0,"sa":0,"ic":0},"geometry":{"type":"Polygon","coordinates":[[[-0.88878,52.20025],[-0.887,52.20003],[-0.88565,52.20037],[-0.88623,52.19998],[-0.88601,52.19976],[-0.8848,52.20006],[-0.88505,52.20054],[-0.88442,52.20119],[-0.88254,52.20114],[-0.88169,52.20212],[-0.88059,52.20206],[-0.88073,52.20079],[-0.87815,52.1998],[-0.87662,52.1986],[-0.87791,52.19646],[-0.87819,52.19506],[-0.88113,52.19496],[-0.8819,52.19565],[-0.88254,52.19556],[-0.88265,52.19521],[-0.88303,52.19577],[-0.88359,52.19541],[-0.88415,52.19547],[-0.88711,52.19725],[-0.88882,52.19772],[-0.89059,52.19755],[-0.89229,52.19695],[-0.89223,52.1977],[-0.89278,52.19743],[-0.89265,52.20018],[-0.89145,52.20337],[-0.89118,52.2047],[-0.89069,52.20485],[-0.88867,52.20356],[-0.88769,52.20195],[-0.88793,52.20138],[-0.88899,52.20115],[-0.88866,52.20087],[-0.889,52.20049],[-0.88878,52.20025]]]}},{"type":"Feature","properties":{"id":"E01035420","name":"E01035420","parent":"E06000062","type":"LSOA","pop":1654,"r":302,"ff":133,"ffd":8041.1,"ffs":0.5236,"g":47,"co":0,"mo":0,"sa":2,"ic":0},"geometry":{"type":"Polygon","coordinates":[[[-0.90546,52.20087],[-0.90474,52.20077],[-0.90422,52.20114],[-0.90284,52.2008],[-0.90274,52.20037],[-0.90202,52.20035],[-0.90105,52.19943],[-0.89996,52.19964],[-0.89999,52.19891],[-0.89925,52.19891],[-0.89897,52.19861],[-0.89794,52.19878],[-0.89671,52.19856],[-0.89628,52.19819],[-0.8959,52.19845],[-0.89492,52.19837],[-0.89346,52.19725],[-0.89223,52.1977],[-0.89203,52.19243],[-0.89415,52.1889],[-0.89432,52.1861],[-0.9015,52.1896],[-0.91015,52.19537],[-0.90898,52.20282],[-0.90769,52.20293],[-0.90656,52.20246],[-0.90688,52.20229],[-0.90656,52.2019],[-0.90519,52.20144],[-0.90546,52.20087]]]}},{"type":"Feature","properties":{"id":"E01035421","name":"E01035421","parent":"E06000062","type":"LSOA","pop":1824,"r":297,"ff":127,"ffd":6962.7,"ffs":0.51,"g":47,"co":2,"mo":0,"sa":0,"ic":0},"geometry":{"type":"Polygon","coordinates":[[[-0.95966,52.24828],[-0.95409,52.24659],[-0.95084,52.24532],[-0.94945,52.24267],[-0.94775,52.2409],[-0.94811,52.24067],[-0.94972,52.24112],[-0.94975,52.24038],[-0.94797,52.23998],[-0.94821,52.23953],[-0.94774,52.2392],[-0.94995,52.23877],[-0.95174,52.23727],[-0.95334,52.2378],[-0.95364,52.23878],[-0.95428,52.23946],[-0.95545,52.24002],[-0.95526,52.24132],[-0.95453,52.2413],[-0.95512,52.24198],[-0.95493,52.24243],[-0.95568,52.24299],[-0.9556,52.24414],[-0.95628,52.24436],[-0.95699,52.24422],[-0.95769,52.24472],[-0.95664,52.2464],[-0.95797,52.2467],[-0.95794,52.24697],[-0.96071,52.24705],[-0.9616,52.24591],[-0.96239,52.2464],[-0.96204,52.24688],[-0.96259,52.24707],[-0.96258,52.2476],[-0.96448,52.24753],[-0.96507,52.24782],[-0.96452,52.24962],[-0.95966,52.24828]]]}},{"type":"Feature","properties":{"id":"E01035422","name":"E01035422","parent":"E06000062","type":"LSOA","pop":1637,"r":298,"ff":129,"ffd":7880.3,"ffs":0.5079,"g":43,"co":2,"mo":0,"sa":0,"ic":0},"geometry":{"type":"Polygon","coordinates":[[[-0.94972,52.24112],[-0.94811,52.24067],[-0.94775,52.2409],[-0.94279,52.23759],[-0.94174,52.2371],[-0.93789,52.23736],[-0.93674,52.23376],[-0.93689,52.23336],[-0.93861,52.23314],[-0.9393,52.23337],[-0.9391,52.23295],[-0.94004,52.23286],[-0.94001,52.23463],[-0.94168,52.23703],[-0.94618,52.23622],[-0.94776,52.23617],[-0.94875,52.2375],[-0.94947,52.23724],[-0.95174,52.23727],[-0.94995,52.23877],[-0.94774,52.2392],[-0.94821,52.23953],[-0.94797,52.23998],[-0.94975,52.24038],[-0.94972,52.24112]]]}},{"type":"Feature","properties":{"id":"E01035423","name":"E01035423","parent":"E06000062","type":"LSOA","pop":2846,"r":321,"ff":137,"ffd":4813.8,"ffs":0.5018,"g":47,"co":2,"mo":0,"sa":0,"ic":0},"geometry":{"type":"Polygon","coordinates":[[[-0.93962,52.23118],[-0.93993,52.23076],[-0.94372,52.23118],[-0.94655,52.23076],[-0.94717,52.23264],[-0.9466,52.23294],[-0.94729,52.23299],[-0.94761,52.23487],[-0.94577,52.23533],[-0.94618,52.23622],[-0.94168,52.23703],[-0.94001,52.23463],[-0.94004,52.23286],[-0.94027,52.23275],[-0.93962,52.23118]]]}},{"type":"Feature","properties":{"id":"E01035424","name":"E01035424","parent":"E06000062","type":"LSOA","pop":2838,"r":307,"ff":132,"ffd":4651.2,"ffs":0.5097,"g":47,"co":2,"mo":0,"sa":0,"ic":0},"geometry":{"type":"Polygon","coordinates":[[[-0.93674,52.23376],[-0.93586,52.22877],[-0.93652,52.22444],[-0.93881,52.22356],[-0.94187,52.22338],[-0.9432,52.22362],[-0.94366,52.2232],[-0.94421,52.2233],[-0.94429,52.22287],[-0.94523,52.22271],[-0.94532,52.22215],[-0.94598,52.2221],[-0.94563,52.22124],[-0.94488,52.22085],[-0.94921,52.21967],[-0.95149,52.21764],[-0.95222,52.21752],[-0.95265,52.21698],[-0.95309,52.21726],[-0.95465,52.21648],[-0.95568,52.21676],[-0.95652,52.21629],[-0.95734,52.21646],[-0.96064,52.21572],[-0.96766,52.21868],[-0.96756,52.22004],[-0.96778,52.22119],[-0.96573,52.22134],[-0.96678,52.22252],[-0.96715,52.2242],[-0.96848,52.22549],[-0.96718,52.22585],[-0.96786,52.22655],[-0.96091,52.22927],[-0.94903,52.23268],[-0.94828,52.23334],[-0.94743,52.23338],[-0.94729,52.23299],[-0.9466,52.23294],[-0.94717,52.23264],[-0.94655,52.23076],[-0.94372,52.23118],[-0.93993,52.23076],[-0.93962,52.23118],[-0.94027,52.23275],[-0.9391,52.23295],[-0.9393,52.23337],[-0.93861,52.23314],[-0.93689,52.23336],[-0.93674,52.23376]]]}},{"type":"Feature","properties":{"id":"E01035425","name":"E01035425","parent":"E06000062","type":"LSOA","pop":1505,"r":332,"ff":134,"ffd":8903.7,"ffs":0.5115,"g":68,"co":2,"mo":2,"sa":2,"ic":0},"geometry":{"type":"Polygon","coordinates":[[[-0.86665,52.09947],[-0.8654,52.0991],[-0.86485,52.09926],[-0.86341,52.09836],[-0.86215,52.09829],[-0.86133,52.09785],[-0.86029,52.09801],[-0.85845,52.09741],[-0.85794,52.09752],[-0.85637,52.09505],[-0.85598,52.09305],[-0.85474,52.09234],[-0.85433,52.09258],[-0.85174,52.09204],[-0.8505,52.09209],[-0.85038,52.0924],[-0.84943,52.09208],[-0.84889,52.0922],[-0.84685,52.0916],[-0.84628,52.09108],[-0.84661,52.09065],[-0.84593,52.08903],[-0.84633,52.0881],[-0.84557,52.08777],[-0.84509,52.08643],[-0.84369,52.08567],[-0.84379,52.08489],[-0.84132,52.08411],[-0.84166,52.08371],[-0.84067,52.08379],[-0.83919,52.08283],[-0.83744,52.08229],[-0.83678,52.08059],[-0.83526,52.07982],[-0.83542,52.07885],[-0.83525,52.07764],[-0.83603,52.07681],[-0.83603,52.07506],[-0.83494,52.07433],[-0.83471,52.07358],[-0.83418,52.07343],[-0.83407,52.07275],[-0.83253,52.07205],[-0.83142,52.07195],[-0.83275,52.07087],[-0.83279,52.06932],[-0.83419,52.06832],[-0.83599,52.0661],[-0.83877,52.06412],[-0.84347,52.06304],[-0.84523,52.06297],[-0.84688,52.0636],[-0.84792,52.06364],[-0.84979,52.06445],[-0.84984,52.066],[-0.85077,52.06684],[-0.85234,52.06739],[-0.85766,52.06732],[-0.85905,52.0683],[-0.86138,52.06578],[-0.86325,52.06567],[-0.86308,52.06515],[-0.86382,52.06464],[-0.86455,52.06502],[-0.86559,52.06471],[-0.86624,52.06406],[-0.8648,52.06324],[-0.86347,52.06332],[-0.86216,52.06417],[-0.86159,52.06391],[-0.86298,52.06268],[-0.86266,52.06267],[-0.86293,52.06226],[-0.86405,52.06284],[-0.86436,52.06252],[-0.86528,52.06262],[-0.86708,52.06017],[-0.86774,52.06024],[-0.8682,52.06051],[-0.8679,52.06092],[-0.86962,52.06133],[-0.8698,52.0618],[-0.86889,52.06187],[-0.86897,52.06148],[-0.86834,52.06125],[-0.86622,52.06149],[-0.86746,52.06242],[-0.86641,52.06225],[-0.866,52.06253],[-0.86667,52.06318],[-0.8667,52.06386],[-0.87122,52.06523],[-0.87198,52.06378],[-0.87178,52.06197],[-0.87082,52.05948],[-0.86987,52.05991],[-0.86781,52.0593],[-0.86752,52.05955],[-0.86843,52.05746],[-0.86916,52.05653],[-0.86983,52.05633],[-0.87019,52.05471],[-0.87103,52.0536],[-0.8745,52.0544],[-0.87728,52.05552],[-0.87852,52.05649],[-0.87873,52.0561],[-0.87994,52.05598],[-0.88247,52.0564],[-0.88416,52.05884],[-0.87793,52.0621],[-0.87724,52.06327],[-0.87776,52.06398],[-0.88115,52.06418],[-0.88371,52.06558],[-0.88478,52.06556],[-0.88526,52.06519],[-0.88705,52.06905],[-0.88648,52.06973],[-0.88639,52.07072],[-0.8842,52.07177],[-0.88224,52.07204],[-0.88176,52.07247],[-0.88222,52.0728],[-0.87771,52.07308],[-0.87286,52.07408],[-0.8693,52.07441],[-0.86912,52.07551],[-0.86758,52.07758],[-0.86807,52.08015],[-0.86893,52.08121],[-0.87036,52.0821],[-0.87147,52.08235],[-0.87239,52.08222],[-0.87288,52.08214],[-0.87311,52.08169],[-0.87297,52.0842],[-0.87334,52.08544],[-0.87283,52.08687],[-0.87134,52.08825],[-0.87229,52.08956],[-0.87193,52.0921],[-0.87305,52.09272],[-0.87168,52.09484],[-0.8715,52.09592],[-0.87017,52.09691],[-0.87018,52.09794],[-0.86872,52.09936],[-0.86665,52.09947]]]}},{"type":"Feature","properties":{"id":"E01035426","name":"E01035426","parent":"E06000062","type":"LSOA","pop":1719,"r":317,"ff":128,"ffd":7446.2,"ffs":0.5141,"g":66,"co":2,"mo":2,"sa":2,"ic":0},"geometry":{"type":"Polygon","coordinates":[[[-0.85905,52.0683],[-0.85766,52.06732],[-0.85234,52.06739],[-0.85077,52.06684],[-0.84984,52.066],[-0.84979,52.06445],[-0.85081,52.0647],[-0.85524,52.06397],[-0.85736,52.06409],[-0.85924,52.06362],[-0.85939,52.06306],[-0.86171,52.06162],[-0.86302,52.06027],[-0.86201,52.05935],[-0.86063,52.05872],[-0.85998,52.05758],[-0.86002,52.05604],[-0.86097,52.05539],[-0.85992,52.05414],[-0.858,52.05322],[-0.85579,52.05319],[-0.85328,52.05225],[-0.85245,52.05071],[-0.85309,52.0498],[-0.85571,52.04795],[-0.85554,52.04742],[-0.85614,52.04689],[-0.85788,52.04603],[-0.85942,52.0446],[-0.8626,52.04526],[-0.86322,52.04602],[-0.86402,52.0459],[-0.8642,52.0456],[-0.86501,52.04587],[-0.8656,52.04665],[-0.86612,52.04669],[-0.86773,52.04622],[-0.87082,52.04362],[-0.87085,52.04501],[-0.8716,52.04531],[-0.8711,52.04599],[-0.87129,52.04671],[-0.87059,52.04691],[-0.86984,52.04875],[-0.8701,52.04961],[-0.87281,52.0504],[-0.8723,52.05173],[-0.87019,52.05471],[-0.86983,52.05633],[-0.86916,52.05653],[-0.86843,52.05746],[-0.86752,52.05955],[-0.86781,52.0593],[-0.86987,52.05991],[-0.87082,52.05948],[-0.87178,52.06197],[-0.87198,52.06378],[-0.87122,52.06523],[-0.8667,52.06386],[-0.86667,52.06318],[-0.866,52.06253],[-0.86641,52.06225],[-0.86746,52.06242],[-0.86622,52.06149],[-0.86834,52.06125],[-0.86897,52.06148],[-0.86889,52.06187],[-0.8698,52.0618],[-0.86962,52.06133],[-0.8679,52.06092],[-0.8682,52.06051],[-0.86774,52.06024],[-0.86708,52.06017],[-0.86528,52.06262],[-0.86436,52.06252],[-0.86405,52.06284],[-0.86293,52.06226],[-0.86266,52.06267],[-0.86298,52.06268],[-0.86159,52.06391],[-0.86216,52.06417],[-0.86347,52.06332],[-0.8648,52.06324],[-0.86624,52.06406],[-0.86559,52.06471],[-0.86455,52.06502],[-0.86382,52.06464],[-0.86308,52.06515],[-0.86325,52.06567],[-0.86138,52.06578],[-0.85905,52.0683]]]}},{"type":"Feature","properties":{"id":"E01035427","name":"E01035427","parent":"E06000062","type":"LSOA","pop":2859,"r":9,"ff":3,"ffd":104.9,"ffs":0.3333,"g":0,"co":3,"mo":3,"sa":3,"ic":3},"geometry":{"type":"Polygon","coordinates":[[[-1.16302,52.05441],[-1.16225,52.05361],[-1.16037,52.05397],[-1.16003,52.05329],[-1.15776,52.05392],[-1.15608,52.05388],[-1.15717,52.05207],[-1.1498,52.05004],[-1.14806,52.0486],[-1.14523,52.04874],[-1.14459,52.04827],[-1.14401,52.04625],[-1.1425,52.04542],[-1.14068,52.04498],[-1.14139,52.04343],[-1.14212,52.04349],[-1.14263,52.04282],[-1.14545,52.04289],[-1.14561,52.04241],[-1.15139,52.04193],[-1.1495,52.04012],[-1.15128,52.04178],[-1.15476,52.04437],[-1.16002,52.05001],[-1.16197,52.05027],[-1.16455,52.05156],[-1.16417,52.05193],[-1.1646,52.05405],[-1.16302,52.05441]]]}},{"type":"Feature","properties":{"id":"E01035428","name":"E01035428","parent":"E06000062","type":"LSOA","pop":2370,"r":9,"ff":3,"ffd":126.6,"ffs":0.3333,"g":0,"co":3,"mo":3,"sa":3,"ic":3},"geometry":{"type":"Polygon","coordinates":[[[-1.13908,52.04426],[-1.13539,52.04309],[-1.13412,52.04242],[-1.13392,52.04089],[-1.13427,52.03969],[-1.13375,52.03854],[-1.13403,52.0358],[-1.13466,52.03536],[-1.1344,52.03452],[-1.13701,52.03495],[-1.13934,52.0359],[-1.14034,52.03528],[-1.14121,52.03709],[-1.14171,52.03717],[-1.14211,52.03657],[-1.14334,52.0365],[-1.14337,52.03576],[-1.14266,52.03583],[-1.14298,52.0354],[-1.14341,52.03551],[-1.14445,52.03505],[-1.14497,52.0353],[-1.14493,52.03728],[-1.14243,52.03738],[-1.14269,52.03795],[-1.14314,52.03771],[-1.14363,52.03787],[-1.14466,52.03772],[-1.14529,52.03825],[-1.14683,52.03862],[-1.1475,52.03799],[-1.14833,52.03797],[-1.14841,52.03877],[-1.14887,52.03953],[-1.15139,52.04193],[-1.14561,52.04241],[-1.14545,52.04289],[-1.14263,52.04282],[-1.14212,52.04349],[-1.14139,52.04343],[-1.14068,52.04498],[-1.13908,52.04426]]]}}]}