{"type":"FeatureCollection","features":[{"type":"Feature","properties":{"id":"E01026366","name":"E01026366","parent":"E07000142","type":"LSOA","pop":2524,"r":0,"ff":0,"ffd":0.0,"ffs":null,"g":0,"co":3,"mo":3,"sa":3,"ic":3},"geometry":{"type":"Polygon","coordinates":[[[-0.3317,53.27027],[-0.32861,53.26812],[-0.32186,53.27009],[-0.3198,53.26926],[-0.31209,53.26796],[-0.30567,53.26814],[-0.30473,53.26872],[-0.30324,53.26846],[-0.30097,53.26977],[-0.29911,53.26861],[-0.30011,53.26731],[-0.3009,53.26725],[-0.30112,53.26645],[-0.30091,53.26573],[-0.29985,53.2655],[-0.29872,53.26575],[-0.29857,53.26499],[-0.30053,53.2647],[-0.30083,53.26397],[-0.29765,53.26387],[-0.29422,53.26431],[-0.28982,53.26399],[-0.2911,53.26248],[-0.29515,53.26315],[-0.30061,53.26311],[-0.30043,53.26209],[-0.29683,53.26218],[-0.29173,53.26099],[-0.29305,53.25937],[-0.28714,53.25753],[-0.28881,53.25558],[-0.2909,53.25477],[-0.28785,53.25306],[-0.28024,53.24976],[-0.2814,53.24862],[-0.28254,53.246],[-0.28271,53.24369],[-0.28178,53.24109],[-0.28247,53.24003],[-0.28149,53.23895],[-0.2798,53.23839],[-0.27891,53.23763],[-0.27598,53.23397],[-0.2765,53.23181],[-0.27726,53.23125],[-0.2772,53.23076],[-0.27871,53.22889],[-0.27889,53.2278],[-0.2803,53.22625],[-0.28375,53.22443],[-0.28913,53.22278],[-0.28764,53.22149],[-0.29191,53.21933],[-0.29257,53.21942],[-0.30105,53.21377],[-0.30219,53.21043],[-0.2946,53.20158],[-0.29089,53.19467],[-0.29197,53.1918],[-0.29193,53.19084],[-0.288,53.18476],[-0.28965,53.17937],[-0.29079,53.17884],[-0.29423,53.17979],[-0.29581,53.1812],[-0.30035,53.18186],[-0.30936,53.18199],[-0.3181,53.18428],[-0.3194,53.18495],[-0.32489,53.19033],[-0.32533,53.19165],[-0.32553,53.19557],[-0.32897,53.19979],[-0.33079,53.20163],[-0.33574,53.20235],[-0.33732,53.20319],[-0.33755,53.20374],[-0.33662,53.20807],[-0.33725,53.20883],[-0.34228,53.21235],[-0.34674,53.21465],[-0.34773,53.21704],[-0.34653,53.21864],[-0.34653,53.22036],[-0.34807,53.22406],[-0.35028,53.22571],[-0.35122,53.22721],[-0.3522,53.22785],[-0.35435,53.22799],[-0.35743,53.22751],[-0.35827,53.22819],[-0.3624,53.23031],[-0.364,53.2322],[-0.36612,53.23281],[-0.36648,53.23329],[-0.36586,53.23461],[-0.36668,53.2359],[-0.3659,53.23717],[-0.36368,53.23878],[-0.36303,53.24001],[-0.36111,53.24124],[-0.36089,53.24264],[-0.36,53.24345],[-0.36044,53.24593],[-0.36254,53.24781],[-0.36477,53.24882],[-0.36659,53.24921],[-0.36284,53.25214],[-0.36102,53.25632],[-0.35723,53.25888],[-0.35659,53.26021],[-0.35657,53.26215],[-0.35443,53.26318],[-0.35159,53.26377],[-0.34767,53.26547],[-0.34707,53.26643],[-0.34434,53.26805],[-0.33992,53.2677],[-0.33796,53.26793],[-0.33768,53.26976],[-0.33625,53.27013],[-0.33517,53.27005],[-0.33392,53.27059],[-0.33276,53.27068],[-0.3317,53.27027]]]}},{"type":"Feature","properties":{"id":"E01026367","name":"E01026367","parent":"E07000142","type":"LSOA","pop":1674,"r":0,"ff":0,"ffd":0.0,"ffs":null,"g":0,"co":3,"mo":3,"sa":3,"ic":3},"geometry":{"type":"Polygon","coordinates":[[[-0.27436,53.57435],[-0.27252,53.57308],[-0.27302,53.57274],[-0.26951,53.57053],[-0.27069,53.56993],[-0.26884,53.56901],[-0.2695,53.56861],[-0.26622,53.56676],[-0.26702,53.56622],[-0.26066,53.56069],[-0.26148,53.55971],[-0.25737,53.55748],[-0.25772,53.55715],[-0.25744,53.55694],[-0.25852,53.55606],[-0.25787,53.55566],[-0.25839,53.55473],[-0.25586,53.5528],[-0.2546,53.55223],[-0.25299,53.55199],[-0.25351,53.55112],[-0.25118,53.54823],[-0.25311,53.54731],[-0.25174,53.5459],[-0.25134,53.53811],[-0.24731,53.5337],[-0.25207,53.53089],[-0.25071,53.53022],[-0.24207,53.53043],[-0.24152,53.53071],[-0.23293,53.53175],[-0.23096,53.53247],[-0.22821,53.53261],[-0.22725,53.53291],[-0.21537,53.53237],[-0.21059,53.53171],[-0.21098,53.53049],[-0.21237,53.52935],[-0.21264,53.52818],[-0.21362,53.52748],[-0.21362,53.52636],[-0.21286,53.52554],[-0.21324,53.52531],[-0.2125,53.52486],[-0.21271,53.52451],[-0.21139,53.52167],[-0.21003,53.52067],[-0.20697,53.5168],[-0.20674,53.51557],[-0.20544,53.5144],[-0.20462,53.51176],[-0.20409,53.51177],[-0.20412,53.50774],[-0.20497,53.50553],[-0.20751,53.50293],[-0.20599,53.50112],[-0.20527,53.49705],[-0.20555,53.49673],[-0.20647,53.49677],[-0.20754,53.49497],[-0.20799,53.49269],[-0.2106,53.48629],[-0.21359,53.4855],[-0.22009,53.48231],[-0.23147,53.47744],[-0.2395,53.48486],[-0.24246,53.48707],[-0.24854,53.48988],[-0.25365,53.49345],[-0.25837,53.49825],[-0.26204,53.49639],[-0.2644,53.4961],[-0.26582,53.4956],[-0.27086,53.49314],[-0.27893,53.49106],[-0.28429,53.48928],[-0.28698,53.48799],[-0.28842,53.48687],[-0.28832,53.48654],[-0.29305,53.48545],[-0.30091,53.4845],[-0.30361,53.488],[-0.30405,53.49081],[-0.30494,53.49407],[-0.30627,53.49404],[-0.30698,53.49443],[-0.30852,53.49642],[-0.3122,53.49478],[-0.31265,53.49503],[-0.31307,53.49489],[-0.31282,53.49449],[-0.31551,53.49342],[-0.3202,53.4933],[-0.32019,53.49376],[-0.31859,53.49384],[-0.31829,53.49485],[-0.31635,53.49507],[-0.31699,53.49533],[-0.31842,53.49522],[-0.31857,53.49602],[-0.31812,53.49632],[-0.31858,53.49684],[-0.31851,53.49767],[-0.31968,53.49741],[-0.32036,53.4978],[-0.31983,53.49826],[-0.31992,53.49889],[-0.32278,53.49986],[-0.32327,53.50079],[-0.32484,53.5011],[-0.32571,53.50189],[-0.32667,53.50215],[-0.32719,53.50065],[-0.32737,53.50069],[-0.32949,53.50472],[-0.33006,53.50673],[-0.33157,53.50893],[-0.33521,53.51038],[-0.33851,53.50875],[-0.33844,53.50711],[-0.33305,53.50387],[-0.33435,53.50324],[-0.33388,53.50023],[-0.33518,53.49977],[-0.33711,53.49998],[-0.33914,53.50058],[-0.34309,53.50248],[-0.34446,53.50235],[-0.34654,53.50306],[-0.34655,53.50389],[-0.34884,53.50394],[-0.34883,53.51126],[-0.34845,53.51193],[-0.34467,53.51393],[-0.34287,53.51368],[-0.34054,53.51509],[-0.33911,53.51684],[-0.33793,53.51671],[-0.33441,53.52126],[-0.32809,53.52634],[-0.31704,53.53247],[-0.31335,53.53338],[-0.31565,53.53505],[-0.31541,53.53523],[-0.31648,53.53614],[-0.31853,53.53735],[-0.31901,53.53797],[-0.31807,53.53892],[-0.31847,53.53928],[-0.32335,53.54115],[-0.32579,53.53926],[-0.32881,53.5437],[-0.32958,53.54334],[-0.33719,53.54788],[-0.33874,53.54723],[-0.34409,53.55212],[-0.34933,53.55585],[-0.34796,53.55612],[-0.34586,53.55796],[-0.34866,53.55951],[-0.33314,53.55858],[-0.32618,53.56087],[-0.32436,53.56247],[-0.32323,53.56294],[-0.31925,53.56212],[-0.31534,53.56201],[-0.31181,53.56234],[-0.30112,53.56836],[-0.3008,53.56825],[-0.28967,53.57112],[-0.2846,53.57198],[-0.28347,53.57238],[-0.28294,53.57295],[-0.28198,53.57255],[-0.27759,53.57431],[-0.27646,53.57397],[-0.27436,53.57435]]]}},{"type":"Feature","properties":{"id":"E01026368","name":"E01026368","parent":"E07000142","type":"LSOA","pop":2082,"r":0,"ff":0,"ffd":0.0,"ffs":null,"g":0,"co":3,"mo":3,"sa":3,"ic":3},"geometry":{"type":"Polygon","coordinates":[[[-0.32737,53.50069],[-0.32719,53.50065],[-0.32667,53.50215],[-0.32571,53.50189],[-0.32484,53.5011],[-0.32327,53.50079],[-0.32278,53.49986],[-0.31992,53.49889],[-0.31983,53.49826],[-0.32036,53.4978],[-0.31968,53.49741],[-0.31851,53.49767],[-0.31858,53.49684],[-0.31812,53.49632],[-0.31857,53.49602],[-0.31842,53.49522],[-0.31699,53.49533],[-0.31635,53.49507],[-0.31829,53.49485],[-0.31859,53.49384],[-0.32019,53.49376],[-0.3202,53.4933],[-0.31551,53.49342],[-0.31282,53.49449],[-0.31307,53.49489],[-0.31265,53.49503],[-0.3122,53.49478],[-0.30852,53.49642],[-0.30698,53.49443],[-0.30627,53.49404],[-0.30494,53.49407],[-0.30405,53.49081],[-0.30672,53.49029],[-0.30701,53.49049],[-0.31256,53.49003],[-0.31594,53.49021],[-0.32095,53.49102],[-0.3234,53.49074],[-0.32417,53.49146],[-0.32398,53.49188],[-0.32698,53.4913],[-0.32773,53.49174],[-0.33273,53.49137],[-0.33292,53.49222],[-0.33771,53.49194],[-0.33879,53.49278],[-0.33993,53.49245],[-0.3402,53.49334],[-0.34561,53.49316],[-0.34956,53.49268],[-0.35148,53.4932],[-0.35561,53.49367],[-0.35752,53.49456],[-0.36776,53.49538],[-0.37262,53.49472],[-0.37369,53.49481],[-0.37507,53.49548],[-0.37519,53.50091],[-0.38285,53.50156],[-0.34902,53.49949],[-0.34886,53.5042],[-0.34884,53.50394],[-0.34655,53.50389],[-0.34654,53.50306],[-0.34446,53.50235],[-0.34309,53.50248],[-0.33914,53.50058],[-0.33711,53.49998],[-0.33518,53.49977],[-0.33388,53.50023],[-0.33435,53.50324],[-0.33305,53.50387],[-0.33844,53.50711],[-0.33851,53.50875],[-0.33521,53.51038],[-0.33157,53.50893],[-0.33006,53.50673],[-0.32949,53.50472],[-0.32737,53.50069]]]}},{"type":"Feature","properties":{"id":"E01026369","name":"E01026369","parent":"E07000142","type":"LSOA","pop":1354,"r":169,"ff":51,"ffd":3766.6,"ffs":0.4286,"g":49,"co":3,"mo":2,"sa":0,"ic":0},"geometry":{"type":"Polygon","coordinates":[[[-0.44058,53.26215],[-0.44316,53.26083],[-0.44736,53.26017],[-0.4502,53.25704],[-0.45065,53.25585],[-0.44832,53.25263],[-0.44824,53.25108],[-0.44743,53.25067],[-0.44767,53.25033],[-0.44633,53.25061],[-0.44474,53.25171],[-0.44426,53.25157],[-0.44385,53.25065],[-0.44449,53.25078],[-0.44582,53.24981],[-0.44539,53.24916],[-0.44612,53.24895],[-0.44709,53.24943],[-0.45152,53.24874],[-0.45788,53.24716],[-0.45658,53.24493],[-0.45599,53.24495],[-0.45563,53.24461],[-0.45472,53.24478],[-0.45438,53.24446],[-0.45469,53.24399],[-0.45399,53.24371],[-0.45313,53.24413],[-0.45383,53.24525],[-0.45379,53.24552],[-0.45251,53.24582],[-0.45228,53.24556],[-0.45125,53.24583],[-0.4504,53.24561],[-0.45006,53.24578],[-0.44969,53.24541],[-0.4494,53.24558],[-0.44791,53.24527],[-0.44734,53.24178],[-0.45127,53.24161],[-0.45464,53.24104],[-0.45545,53.24128],[-0.45542,53.24085],[-0.45699,53.24039],[-0.45632,53.23975],[-0.4578,53.23907],[-0.45912,53.23919],[-0.46074,53.23892],[-0.46072,53.23933],[-0.46153,53.23975],[-0.45833,53.24111],[-0.45996,53.24255],[-0.46384,53.24346],[-0.46436,53.24598],[-0.47097,53.24526],[-0.47691,53.24433],[-0.47652,53.24585],[-0.47576,53.24597],[-0.47592,53.24834],[-0.47561,53.24823],[-0.4768,53.25113],[-0.47774,53.25224],[-0.47648,53.25273],[-0.47692,53.25321],[-0.47619,53.25346],[-0.47565,53.25291],[-0.47358,53.25382],[-0.47401,53.25433],[-0.44876,53.26249],[-0.44847,53.26202],[-0.44416,53.26358],[-0.44058,53.26215]]]}},{"type":"Feature","properties":{"id":"E01026370","name":"E01026370","parent":"E07000142","type":"LSOA","pop":2657,"r":189,"ff":61,"ffd":2295.8,"ffs":0.4519,"g":53,"co":3,"mo":2,"sa":0,"ic":0},"geometry":{"type":"Polygon","coordinates":[[[-0.46072,53.23933],[-0.46074,53.23892],[-0.45912,53.23919],[-0.4578,53.23907],[-0.45632,53.23975],[-0.45699,53.24039],[-0.45542,53.24085],[-0.45545,53.24128],[-0.45464,53.24104],[-0.45127,53.24161],[-0.44734,53.24178],[-0.44765,53.23995],[-0.44814,53.23853],[-0.44701,53.23278],[-0.44492,53.23115],[-0.44443,53.22973],[-0.46157,53.2273],[-0.47568,53.22716],[-0.47861,53.23439],[-0.47906,53.23931],[-0.47793,53.24057],[-0.47691,53.24433],[-0.47097,53.24526],[-0.46436,53.24598],[-0.46384,53.24346],[-0.45996,53.24255],[-0.45833,53.24111],[-0.46153,53.23975],[-0.46072,53.23933]]]}},{"type":"Feature","properties":{"id":"E01026371","name":"E01026371","parent":"E07000142","type":"LSOA","pop":1257,"r":158,"ff":48,"ffd":3818.6,"ffs":0.4404,"g":48,"co":3,"mo":2,"sa":0,"ic":0},"geometry":{"type":"Polygon","coordinates":[[[-0.42668,53.2665],[-0.42623,53.26547],[-0.42238,53.26576],[-0.41903,53.26519],[-0.41609,53.26331],[-0.41448,53.26172],[-0.41272,53.26092],[-0.40881,53.25853],[-0.40784,53.25751],[-0.40532,53.25674],[-0.40433,53.25671],[-0.40731,53.25494],[-0.41249,53.25258],[-0.41571,53.25036],[-0.41826,53.24932],[-0.42232,53.2486],[-0.42574,53.24888],[-0.42962,53.24876],[-0.44791,53.24527],[-0.4494,53.24558],[-0.44969,53.24541],[-0.45006,53.24578],[-0.4504,53.24561],[-0.45125,53.24583],[-0.45228,53.24556],[-0.45251,53.24582],[-0.45379,53.24552],[-0.45383,53.24525],[-0.45313,53.24413],[-0.45399,53.24371],[-0.45469,53.24399],[-0.45438,53.24446],[-0.45472,53.24478],[-0.45563,53.24461],[-0.45599,53.24495],[-0.45658,53.24493],[-0.45788,53.24716],[-0.45152,53.24874],[-0.44709,53.24943],[-0.44612,53.24895],[-0.44539,53.24916],[-0.44582,53.24981],[-0.44528,53.25033],[-0.44449,53.25078],[-0.44385,53.25065],[-0.44426,53.25157],[-0.44474,53.25171],[-0.44633,53.25061],[-0.44767,53.25033],[-0.44743,53.25067],[-0.44824,53.25108],[-0.44832,53.25263],[-0.45065,53.25585],[-0.4502,53.25704],[-0.44736,53.26017],[-0.44316,53.26083],[-0.44058,53.26215],[-0.44416,53.26358],[-0.43514,53.26667],[-0.4353,53.26688],[-0.4322,53.26808],[-0.42677,53.2694],[-0.42575,53.26772],[-0.42668,53.2665]]]}},{"type":"Feature","properties":{"id":"E01026372","name":"E01026372","parent":"E07000142","type":"LSOA","pop":2938,"r":127,"ff":39,"ffd":1327.4,"ffs":0.4643,"g":42,"co":3,"mo":2,"sa":2,"ic":0},"geometry":{"type":"Polygon","coordinates":[[[-0.36772,53.34101],[-0.36736,53.34094],[-0.3669,53.3416],[-0.36537,53.33943],[-0.36316,53.34033],[-0.35998,53.3411],[-0.35849,53.34035],[-0.35855,53.33898],[-0.35807,53.33831],[-0.35007,53.32942],[-0.3485,53.32701],[-0.34587,53.32413],[-0.34554,53.32286],[-0.34571,53.32222],[-0.34435,53.31791],[-0.34162,53.31262],[-0.36122,53.31036],[-0.35979,53.30582],[-0.369,53.30537],[-0.3722,53.30453],[-0.37988,53.30353],[-0.38482,53.30145],[-0.38483,53.30095],[-0.38532,53.30077],[-0.38606,53.30113],[-0.38736,53.3012],[-0.39021,53.30258],[-0.39059,53.30353],[-0.38814,53.30431],[-0.38919,53.30598],[-0.39379,53.30534],[-0.39396,53.30603],[-0.39626,53.30759],[-0.39758,53.30905],[-0.40961,53.30667],[-0.42411,53.30473],[-0.42306,53.30082],[-0.41996,53.30013],[-0.41527,53.29825],[-0.41863,53.29733],[-0.42199,53.29748],[-0.42774,53.297],[-0.44201,53.2955],[-0.45064,53.29427],[-0.45326,53.29435],[-0.45791,53.2931],[-0.45967,53.29315],[-0.46831,53.29171],[-0.47675,53.29099],[-0.47668,53.29006],[-0.47747,53.28996],[-0.48248,53.2902],[-0.48763,53.28941],[-0.48976,53.28964],[-0.4999,53.28869],[-0.51066,53.28856],[-0.51097,53.29364],[-0.50263,53.2957],[-0.50284,53.29601],[-0.50189,53.29624],[-0.50169,53.29597],[-0.4967,53.29678],[-0.49371,53.29803],[-0.48994,53.299],[-0.48109,53.30183],[-0.47629,53.30422],[-0.47262,53.30553],[-0.46497,53.30778],[-0.46163,53.30912],[-0.45456,53.31117],[-0.44928,53.3116],[-0.45011,53.31321],[-0.44272,53.31544],[-0.43084,53.31591],[-0.42436,53.31536],[-0.4245,53.31781],[-0.42715,53.32207],[-0.42801,53.32519],[-0.43126,53.32778],[-0.43514,53.32932],[-0.43618,53.33043],[-0.43701,53.3317],[-0.43797,53.33202],[-0.43789,53.33251],[-0.44038,53.33349],[-0.4419,53.33532],[-0.44199,53.33584],[-0.44062,53.33706],[-0.44213,53.33965],[-0.44181,53.34007],[-0.43787,53.34035],[-0.43498,53.341],[-0.43329,53.34097],[-0.42992,53.34028],[-0.42666,53.34056],[-0.42632,53.3402],[-0.42445,53.34007],[-0.4137,53.34071],[-0.40979,53.34035],[-0.40626,53.3408],[-0.40235,53.34173],[-0.40135,53.34155],[-0.40117,53.34071],[-0.39889,53.34086],[-0.3958,53.34167],[-0.39331,53.34147],[-0.3898,53.34199],[-0.38808,53.34042],[-0.38752,53.34068],[-0.3845,53.33768],[-0.3827,53.33862],[-0.38362,53.33945],[-0.38194,53.34003],[-0.38102,53.33929],[-0.3789,53.34037],[-0.37334,53.34105],[-0.37061,53.34068],[-0.36735,53.34185],[-0.36772,53.34101]]]}},{"type":"Feature","properties":{"id":"E01026373","name":"E01026373","parent":"E07000142","type":"LSOA","pop":2278,"r":151,"ff":45,"ffd":1975.4,"ffs":0.4286,"g":45,"co":3,"mo":2,"sa":0,"ic":0},"geometry":{"type":"Polygon","coordinates":[[[-0.29996,53.32522],[-0.30019,53.32467],[-0.30081,53.32479],[-0.30092,53.32434],[-0.30144,53.32423],[-0.30125,53.32391],[-0.30742,53.32081],[-0.30835,53.32076],[-0.30854,53.32045],[-0.31026,53.32],[-0.3098,53.31913],[-0.30849,53.3191],[-0.2999,53.31054],[-0.29557,53.30298],[-0.29621,53.30276],[-0.30019,53.30289],[-0.30553,53.302],[-0.31746,53.29825],[-0.317,53.29685],[-0.3145,53.29403],[-0.31446,53.29289],[-0.31493,53.29153],[-0.31474,53.29057],[-0.31324,53.28886],[-0.31146,53.28766],[-0.31429,53.28523],[-0.31338,53.28334],[-0.31372,53.28245],[-0.31505,53.28116],[-0.31491,53.28028],[-0.31556,53.27962],[-0.31657,53.27953],[-0.31459,53.2773],[-0.31131,53.27696],[-0.30928,53.27631],[-0.30362,53.27531],[-0.30187,53.27526],[-0.30167,53.27378],[-0.30454,53.26985],[-0.30473,53.26872],[-0.30567,53.26814],[-0.31209,53.26796],[-0.3198,53.26926],[-0.32186,53.27009],[-0.32861,53.26812],[-0.3317,53.27027],[-0.33276,53.27068],[-0.33392,53.27059],[-0.33517,53.27005],[-0.33625,53.27013],[-0.33768,53.26976],[-0.33796,53.26793],[-0.33992,53.2677],[-0.34434,53.26805],[-0.34707,53.26643],[-0.34767,53.26547],[-0.35159,53.26377],[-0.35443,53.26318],[-0.35657,53.26215],[-0.35659,53.26021],[-0.35723,53.25888],[-0.36102,53.25632],[-0.36284,53.25214],[-0.36659,53.24921],[-0.36477,53.24882],[-0.36254,53.24781],[-0.36044,53.24593],[-0.36,53.24345],[-0.36089,53.24264],[-0.36111,53.24124],[-0.36303,53.24001],[-0.36368,53.23878],[-0.3659,53.23717],[-0.36668,53.2359],[-0.36586,53.23461],[-0.36648,53.23329],[-0.36612,53.23281],[-0.364,53.2322],[-0.3624,53.23031],[-0.35827,53.22819],[-0.35952,53.22766],[-0.35955,53.2272],[-0.36173,53.22668],[-0.36171,53.22571],[-0.3629,53.22566],[-0.3642,53.22604],[-0.36666,53.22542],[-0.36972,53.22641],[-0.37081,53.22623],[-0.37538,53.22877],[-0.37879,53.23122],[-0.3814,53.23195],[-0.39931,53.23054],[-0.40647,53.23064],[-0.413,53.23017],[-0.43085,53.23051],[-0.44443,53.22973],[-0.44492,53.23115],[-0.44701,53.23278],[-0.44814,53.23853],[-0.44765,53.23995],[-0.44734,53.24178],[-0.44791,53.24527],[-0.42962,53.24876],[-0.42574,53.24888],[-0.42232,53.2486],[-0.41826,53.24932],[-0.41571,53.25036],[-0.41249,53.25258],[-0.40731,53.25494],[-0.40433,53.25671],[-0.40532,53.25674],[-0.40784,53.25751],[-0.40881,53.25853],[-0.41272,53.26092],[-0.41448,53.26172],[-0.41609,53.26331],[-0.41903,53.26519],[-0.42238,53.26576],[-0.42623,53.26547],[-0.42668,53.2665],[-0.42575,53.26772],[-0.42677,53.2694],[-0.42655,53.2698],[-0.41106,53.27492],[-0.40928,53.27567],[-0.4042,53.27696],[-0.40717,53.278],[-0.4111,53.28078],[-0.41234,53.2823],[-0.41663,53.28459],[-0.41678,53.2854],[-0.41498,53.28917],[-0.41037,53.29631],[-0.41081,53.29737],[-0.41256,53.29833],[-0.41527,53.29825],[-0.41996,53.30013],[-0.42306,53.30082],[-0.42411,53.30473],[-0.40961,53.30667],[-0.39758,53.30905],[-0.39626,53.30759],[-0.39396,53.30603],[-0.39379,53.30534],[-0.38919,53.30598],[-0.38814,53.30431],[-0.39059,53.30353],[-0.39021,53.30258],[-0.38736,53.3012],[-0.38606,53.30113],[-0.38532,53.30077],[-0.38483,53.30095],[-0.38482,53.30145],[-0.37988,53.30353],[-0.3722,53.30453],[-0.369,53.30537],[-0.35979,53.30582],[-0.36122,53.31036],[-0.34162,53.31262],[-0.34435,53.31791],[-0.34571,53.32222],[-0.34554,53.32286],[-0.33614,53.32477],[-0.3325,53.32618],[-0.31826,53.32971],[-0.31468,53.3309],[-0.31231,53.33227],[-0.30597,53.32851],[-0.30343,53.32755],[-0.29933,53.32539],[-0.29996,53.32522]]]}},{"type":"Feature","properties":{"id":"E01026374","name":"E01026374","parent":"E07000142","type":"LSOA","pop":1678,"r":5,"ff":3,"ffd":178.8,"ffs":0.6,"g":0,"co":3,"mo":1,"sa":3,"ic":1},"geometry":{"type":"Polygon","coordinates":[[[-0.74763,53.39995],[-0.75415,53.39486],[-0.75152,53.39325],[-0.75241,53.39233],[-0.75282,53.39257],[-0.75323,53.39238],[-0.7553,53.39336],[-0.75548,53.39303],[-0.75457,53.39268],[-0.75472,53.39219],[-0.75648,53.39224],[-0.75738,53.3937],[-0.75778,53.39361],[-0.75873,53.39444],[-0.7583,53.39463],[-0.75856,53.39487],[-0.75805,53.39524],[-0.75908,53.39568],[-0.75912,53.39538],[-0.7596,53.39579],[-0.76013,53.39561],[-0.76076,53.39613],[-0.76077,53.39633],[-0.75932,53.3964],[-0.75804,53.396],[-0.7574,53.39672],[-0.76099,53.39762],[-0.76019,53.39976],[-0.7563,53.39973],[-0.75555,53.3995],[-0.75536,53.39983],[-0.75497,53.39985],[-0.75492,53.40024],[-0.75429,53.39996],[-0.75298,53.4007],[-0.75377,53.40095],[-0.75349,53.40145],[-0.74958,53.40186],[-0.75016,53.40479],[-0.74717,53.40551],[-0.74431,53.40515],[-0.74502,53.40279],[-0.74621,53.40138],[-0.74597,53.4001],[-0.74763,53.39995]]]}},{"type":"Feature","properties":{"id":"E01026375","name":"E01026375","parent":"E07000142","type":"LSOA","pop":2029,"r":5,"ff":3,"ffd":147.9,"ffs":0.6,"g":0,"co":3,"mo":1,"sa":3,"ic":1},"geometry":{"type":"Polygon","coordinates":[[[-0.74597,53.4001],[-0.7448,53.39631],[-0.73937,53.39643],[-0.73791,53.39279],[-0.73881,53.3929],[-0.7416,53.39197],[-0.75231,53.38758],[-0.75323,53.38804],[-0.76168,53.38748],[-0.76209,53.39105],[-0.7597,53.39124],[-0.75742,53.39091],[-0.75786,53.39169],[-0.75743,53.39199],[-0.75624,53.392],[-0.75598,53.3917],[-0.75653,53.39044],[-0.75603,53.39049],[-0.75503,53.38992],[-0.7546,53.39077],[-0.75472,53.39219],[-0.75457,53.39268],[-0.75548,53.39303],[-0.7553,53.39336],[-0.75323,53.39238],[-0.75282,53.39257],[-0.75241,53.39233],[-0.75152,53.39325],[-0.75415,53.39486],[-0.74763,53.39995],[-0.74597,53.4001]]]}},{"type":"Feature","properties":{"id":"E01026376","name":"E01026376","parent":"E07000142","type":"LSOA","pop":1634,"r":5,"ff":3,"ffd":183.6,"ffs":0.6,"g":0,"co":3,"mo":1,"sa":3,"ic":1},"geometry":{"type":"Polygon","coordinates":[[[-0.76178,53.40484],[-0.76168,53.40413],[-0.76237,53.4042],[-0.76354,53.40309],[-0.76194,53.40235],[-0.76175,53.40193],[-0.76238,53.4019],[-0.7624,53.39974],[-0.7631,53.39933],[-0.76278,53.39879],[-0.76302,53.39704],[-0.76234,53.39577],[-0.76076,53.39613],[-0.76013,53.39561],[-0.7596,53.39579],[-0.75912,53.39538],[-0.75908,53.39568],[-0.75805,53.39524],[-0.75856,53.39487],[-0.7583,53.39463],[-0.75873,53.39444],[-0.75778,53.39361],[-0.75738,53.3937],[-0.75648,53.39224],[-0.75472,53.39219],[-0.7546,53.39077],[-0.75503,53.38992],[-0.75603,53.39049],[-0.75653,53.39044],[-0.75598,53.3917],[-0.75624,53.392],[-0.75743,53.39199],[-0.75786,53.39169],[-0.75742,53.39091],[-0.7597,53.39124],[-0.76209,53.39105],[-0.76199,53.39315],[-0.77051,53.39305],[-0.76953,53.39578],[-0.76947,53.39827],[-0.76959,53.39913],[-0.77077,53.40215],[-0.76974,53.40312],[-0.76707,53.40468],[-0.7638,53.40494],[-0.76178,53.40484]]]}},{"type":"Feature","properties":{"id":"E01026377","name":"E01026377","parent":"E07000142","type":"LSOA","pop":2221,"r":5,"ff":3,"ffd":135.1,"ffs":0.6,"g":0,"co":3,"mo":1,"sa":3,"ic":1},"geometry":{"type":"Polygon","coordinates":[[[-0.75016,53.40479],[-0.74958,53.40186],[-0.75349,53.40145],[-0.75377,53.40095],[-0.75298,53.4007],[-0.75429,53.39996],[-0.75492,53.40024],[-0.75497,53.39985],[-0.75536,53.39983],[-0.75555,53.3995],[-0.7563,53.39973],[-0.76019,53.39976],[-0.76099,53.39762],[-0.7574,53.39672],[-0.75804,53.396],[-0.75932,53.3964],[-0.76077,53.39633],[-0.76076,53.39613],[-0.76234,53.39577],[-0.76302,53.39704],[-0.76278,53.39879],[-0.7631,53.39933],[-0.7624,53.39974],[-0.76238,53.4019],[-0.76175,53.40193],[-0.76194,53.40235],[-0.76354,53.40309],[-0.76237,53.4042],[-0.76168,53.40413],[-0.76178,53.40484],[-0.75016,53.40479]]]}},{"type":"Feature","properties":{"id":"E01026378","name":"E01026378","parent":"E07000142","type":"LSOA","pop":1822,"r":5,"ff":3,"ffd":164.7,"ffs":0.6,"g":0,"co":3,"mo":1,"sa":3,"ic":1},"geometry":{"type":"Polygon","coordinates":[[[-0.77933,53.40836],[-0.77817,53.40676],[-0.77791,53.40581],[-0.77862,53.40523],[-0.78099,53.40521],[-0.78067,53.40341],[-0.78209,53.40322],[-0.78525,53.40225],[-0.78766,53.40445],[-0.78829,53.40568],[-0.78565,53.40672],[-0.78585,53.40833],[-0.78364,53.40815],[-0.78326,53.40685],[-0.78241,53.4069],[-0.78264,53.40822],[-0.78186,53.40834],[-0.78154,53.4077],[-0.78082,53.40776],[-0.78088,53.40843],[-0.77933,53.40836]]]}},{"type":"Feature","properties":{"id":"E01026379","name":"E01026379","parent":"E07000142","type":"LSOA","pop":1903,"r":5,"ff":3,"ffd":157.6,"ffs":0.6,"g":0,"co":3,"mo":1,"sa":3,"ic":1},"geometry":{"type":"Polygon","coordinates":[[[-0.76889,53.40667],[-0.7691,53.4062],[-0.76997,53.40608],[-0.77016,53.40639],[-0.77233,53.4059],[-0.77219,53.40436],[-0.77107,53.40272],[-0.77095,53.40309],[-0.76997,53.40289],[-0.77203,53.40108],[-0.77347,53.40065],[-0.77402,53.40057],[-0.77552,53.40214],[-0.7756,53.4039],[-0.77684,53.40394],[-0.78067,53.40341],[-0.78099,53.40521],[-0.77862,53.40523],[-0.77791,53.40581],[-0.77817,53.40676],[-0.77933,53.40836],[-0.77911,53.40885],[-0.77849,53.40891],[-0.77886,53.41092],[-0.77856,53.41318],[-0.76692,53.41199],[-0.76763,53.40848],[-0.77049,53.40829],[-0.76751,53.40719],[-0.76745,53.40691],[-0.76889,53.40667]]]}},{"type":"Feature","properties":{"id":"E01026380","name":"E01026380","parent":"E07000142","type":"LSOA","pop":2719,"r":5,"ff":3,"ffd":110.3,"ffs":0.6,"g":0,"co":3,"mo":1,"sa":3,"ic":1},"geometry":{"type":"Polygon","coordinates":[[[-0.74956,53.40754],[-0.74717,53.40551],[-0.75016,53.40479],[-0.75411,53.4047],[-0.7638,53.40494],[-0.76707,53.40468],[-0.76997,53.40289],[-0.77095,53.40309],[-0.77107,53.40272],[-0.77219,53.40436],[-0.77233,53.4059],[-0.77016,53.40639],[-0.76997,53.40608],[-0.7691,53.4062],[-0.76889,53.40667],[-0.76745,53.40691],[-0.76751,53.40719],[-0.77049,53.40829],[-0.76763,53.40848],[-0.76692,53.41199],[-0.76079,53.4108],[-0.75676,53.4105],[-0.74956,53.40754]]]}},{"type":"Feature","properties":{"id":"E01026381","name":"E01026381","parent":"E07000142","type":"LSOA","pop":1704,"r":5,"ff":3,"ffd":176.1,"ffs":0.6,"g":0,"co":3,"mo":1,"sa":3,"ic":1},"geometry":{"type":"Polygon","coordinates":[[[-0.77911,53.40885],[-0.77933,53.40836],[-0.78088,53.40843],[-0.78082,53.40776],[-0.78154,53.4077],[-0.78186,53.40834],[-0.78264,53.40822],[-0.78241,53.4069],[-0.78279,53.40686],[-0.78326,53.40685],[-0.78364,53.40815],[-0.78585,53.40833],[-0.78565,53.40672],[-0.78829,53.40568],[-0.79098,53.41088],[-0.7907,53.4118],[-0.78788,53.41431],[-0.7816,53.41376],[-0.77856,53.41318],[-0.77886,53.41092],[-0.77849,53.40891],[-0.77911,53.40885]]]}},{"type":"Feature","properties":{"id":"E01026382","name":"E01026382","parent":"E07000142","type":"LSOA","pop":2034,"r":5,"ff":3,"ffd":147.5,"ffs":0.6,"g":0,"co":3,"mo":1,"sa":3,"ic":1},"geometry":{"type":"MultiPolygon","coordinates":[[[[-0.77565,53.37938],[-0.77577,53.37907],[-0.78057,53.38254],[-0.77645,53.37989],[-0.77565,53.37938]]],[[[-0.76208,53.39095],[-0.76168,53.38748],[-0.75323,53.38804],[-0.75231,53.38758],[-0.7416,53.39197],[-0.73881,53.3929],[-0.73791,53.39279],[-0.73384,53.38959],[-0.73445,53.38733],[-0.73632,53.3844],[-0.73574,53.38245],[-0.73855,53.38189],[-0.74118,53.38202],[-0.74725,53.38157],[-0.755,53.38043],[-0.76338,53.37826],[-0.77107,53.37697],[-0.7749,53.37685],[-0.77519,53.37709],[-0.77467,53.37775],[-0.77558,53.37896],[-0.77533,53.37914],[-0.77441,53.37852],[-0.77464,53.37916],[-0.78003,53.38301],[-0.78106,53.3833],[-0.78082,53.3826],[-0.78171,53.38313],[-0.78093,53.38353],[-0.78211,53.38406],[-0.783,53.38374],[-0.78971,53.38583],[-0.78876,53.38618],[-0.78396,53.38609],[-0.7773,53.38928],[-0.77581,53.38794],[-0.7752,53.38894],[-0.77389,53.3897],[-0.77272,53.38961],[-0.77126,53.39139],[-0.77094,53.38979],[-0.76975,53.38982],[-0.77059,53.39248],[-0.77098,53.39288],[-0.76199,53.39315],[-0.76208,53.39095]]]]}},{"type":"Feature","properties":{"id":"E01026383","name":"E01026383","parent":"E07000142","type":"LSOA","pop":1472,"r":5,"ff":3,"ffd":203.8,"ffs":0.6,"g":0,"co":3,"mo":1,"sa":3,"ic":1},"geometry":{"type":"Polygon","coordinates":[[[-0.77122,53.39591],[-0.77123,53.39563],[-0.76953,53.39578],[-0.77051,53.39305],[-0.76982,53.39303],[-0.77098,53.39288],[-0.77059,53.39248],[-0.76975,53.38982],[-0.77094,53.38979],[-0.77126,53.39139],[-0.77272,53.38961],[-0.77389,53.3897],[-0.7752,53.38894],[-0.77581,53.38794],[-0.7773,53.38928],[-0.77572,53.39125],[-0.77658,53.39358],[-0.77656,53.39429],[-0.77613,53.3943],[-0.77609,53.39474],[-0.77347,53.39507],[-0.77331,53.39471],[-0.77447,53.39461],[-0.77443,53.39429],[-0.77265,53.39424],[-0.77288,53.39307],[-0.77185,53.39334],[-0.77212,53.3945],[-0.77087,53.3947],[-0.77106,53.3951],[-0.77205,53.39517],[-0.77235,53.39584],[-0.77122,53.39591]]]}},{"type":"Feature","properties":{"id":"E01026384","name":"E01026384","parent":"E07000142","type":"LSOA","pop":2257,"r":5,"ff":3,"ffd":132.9,"ffs":0.6,"g":0,"co":3,"mo":1,"sa":3,"ic":1},"geometry":{"type":"Polygon","coordinates":[[[-0.77552,53.40214],[-0.77402,53.40057],[-0.77203,53.40108],[-0.77077,53.40215],[-0.7704,53.40146],[-0.76959,53.39913],[-0.76953,53.39578],[-0.77123,53.39563],[-0.77122,53.39591],[-0.77235,53.39584],[-0.77205,53.39517],[-0.77106,53.3951],[-0.77087,53.3947],[-0.77212,53.3945],[-0.77185,53.39334],[-0.77288,53.39307],[-0.77265,53.39424],[-0.77443,53.39429],[-0.77447,53.39461],[-0.77331,53.39471],[-0.77347,53.39507],[-0.77609,53.39474],[-0.77613,53.3943],[-0.77656,53.39429],[-0.77649,53.39651],[-0.77761,53.39809],[-0.77984,53.39977],[-0.78525,53.40225],[-0.78209,53.40322],[-0.77684,53.40394],[-0.7756,53.4039],[-0.77552,53.40214]]]}},{"type":"Feature","properties":{"id":"E01026385","name":"E01026385","parent":"E07000142","type":"LSOA","pop":1088,"r":4,"ff":2,"ffd":183.8,"ffs":0.5,"g":0,"co":3,"mo":3,"sa":3,"ic":3},"geometry":{"type":"Polygon","coordinates":[[[-0.65868,53.44049],[-0.65658,53.44008],[-0.65611,53.44058],[-0.6548,53.44037],[-0.65398,53.44106],[-0.65285,53.44072],[-0.64262,53.44051],[-0.63703,53.44141],[-0.63732,53.43743],[-0.63816,53.43389],[-0.64125,53.42802],[-0.64079,53.42415],[-0.64201,53.42041],[-0.64719,53.41612],[-0.64823,53.41405],[-0.64975,53.41277],[-0.64625,53.41251],[-0.63552,53.41317],[-0.61908,53.41354],[-0.6133,53.41425],[-0.61276,53.41408],[-0.59987,53.41504],[-0.59661,53.41476],[-0.59629,53.40501],[-0.59085,53.39863],[-0.58104,53.39638],[-0.57755,53.39605],[-0.57501,53.39287],[-0.57257,53.39218],[-0.60254,53.38673],[-0.61316,53.38438],[-0.62038,53.38338],[-0.62625,53.38211],[-0.64465,53.37912],[-0.64598,53.38133],[-0.65679,53.38019],[-0.66855,53.38006],[-0.69383,53.37859],[-0.69796,53.37796],[-0.69768,53.37869],[-0.69888,53.37906],[-0.69913,53.37958],[-0.7019,53.38107],[-0.70286,53.38247],[-0.70255,53.38406],[-0.70183,53.38436],[-0.70115,53.38427],[-0.70027,53.38481],[-0.69909,53.38667],[-0.69967,53.38692],[-0.7049,53.38641],[-0.70997,53.38554],[-0.71229,53.38548],[-0.71602,53.38397],[-0.72358,53.3826],[-0.72673,53.38118],[-0.73024,53.38224],[-0.73303,53.38255],[-0.73523,53.38227],[-0.73574,53.38245],[-0.73632,53.3844],[-0.73445,53.38733],[-0.73384,53.38959],[-0.73791,53.39279],[-0.73937,53.39643],[-0.7448,53.39631],[-0.74621,53.40138],[-0.74502,53.40279],[-0.74431,53.40515],[-0.74717,53.40551],[-0.74956,53.40754],[-0.7492,53.40907],[-0.74072,53.41107],[-0.73393,53.41365],[-0.73465,53.41464],[-0.74171,53.41203],[-0.7491,53.41021],[-0.74915,53.4105],[-0.74765,53.41125],[-0.74664,53.41131],[-0.7457,53.41197],[-0.74464,53.41743],[-0.74109,53.41681],[-0.73748,53.41713],[-0.7364,53.4175],[-0.73463,53.41895],[-0.73518,53.42003],[-0.73645,53.42089],[-0.73586,53.42132],[-0.73393,53.42028],[-0.73185,53.42053],[-0.72938,53.42127],[-0.72871,53.42077],[-0.72389,53.42092],[-0.72094,53.42537],[-0.7185,53.42751],[-0.71502,53.42684],[-0.71146,53.42672],[-0.71011,53.42636],[-0.70654,53.42633],[-0.70296,53.42685],[-0.70003,53.42648],[-0.69223,53.42712],[-0.69264,53.4296],[-0.68926,53.42938],[-0.68915,53.42872],[-0.68216,53.42874],[-0.67756,53.42828],[-0.67785,53.43285],[-0.67645,53.43558],[-0.67589,53.43819],[-0.67664,53.44136],[-0.67619,53.44279],[-0.6687,53.44261],[-0.66479,53.44223],[-0.66089,53.44147],[-0.65868,53.44049]]]}},{"type":"Feature","properties":{"id":"E01026386","name":"E01026386","parent":"E07000142","type":"LSOA","pop":1204,"r":2,"ff":2,"ffd":166.1,"ffs":1.0,"g":0,"co":3,"mo":3,"sa":3,"ic":3},"geometry":{"type":"Polygon","coordinates":[[[-0.5517,53.4562],[-0.55098,53.4518],[-0.55132,53.44948],[-0.5507,53.44222],[-0.54751,53.39286],[-0.55078,53.39422],[-0.55362,53.39474],[-0.5581,53.39449],[-0.55737,53.39355],[-0.56189,53.39329],[-0.56244,53.39367],[-0.56452,53.39368],[-0.57257,53.39218],[-0.57501,53.39287],[-0.57755,53.39605],[-0.58104,53.39638],[-0.59085,53.39863],[-0.59629,53.40501],[-0.59661,53.41476],[-0.59987,53.41504],[-0.61276,53.41408],[-0.6133,53.41425],[-0.61908,53.41354],[-0.63552,53.41317],[-0.64625,53.41251],[-0.64975,53.41277],[-0.64823,53.41405],[-0.64719,53.41612],[-0.64201,53.42041],[-0.64079,53.42415],[-0.64125,53.42802],[-0.63816,53.43389],[-0.63732,53.43743],[-0.63703,53.44141],[-0.63666,53.44328],[-0.63946,53.44389],[-0.63771,53.44691],[-0.63446,53.45004],[-0.63119,53.45571],[-0.63033,53.45821],[-0.62158,53.4578],[-0.61352,53.45693],[-0.59948,53.4564],[-0.59717,53.45674],[-0.58448,53.45686],[-0.56605,53.45813],[-0.55179,53.45959],[-0.5517,53.4562]]]}},{"type":"Feature","properties":{"id":"E01026387","name":"E01026387","parent":"E07000142","type":"LSOA","pop":2721,"r":2,"ff":1,"ffd":36.8,"ffs":0.5,"g":0,"co":3,"mo":3,"sa":3,"ic":3},"geometry":{"type":"Polygon","coordinates":[[[-0.38835,53.55975],[-0.37142,53.55894],[-0.36883,53.55932],[-0.36837,53.55898],[-0.3628,53.55862],[-0.35988,53.55785],[-0.35628,53.55605],[-0.35093,53.55608],[-0.34933,53.55585],[-0.34409,53.55212],[-0.33874,53.54723],[-0.33719,53.54788],[-0.32958,53.54334],[-0.32881,53.5437],[-0.32579,53.53926],[-0.32335,53.54115],[-0.31847,53.53928],[-0.31807,53.53892],[-0.31901,53.53797],[-0.31853,53.53735],[-0.31648,53.53614],[-0.31541,53.53523],[-0.31565,53.53505],[-0.31335,53.53338],[-0.31704,53.53247],[-0.32809,53.52634],[-0.33441,53.52126],[-0.33793,53.51671],[-0.33911,53.51684],[-0.34054,53.51509],[-0.34287,53.51368],[-0.34467,53.51393],[-0.34845,53.51193],[-0.34883,53.51126],[-0.34902,53.49949],[-0.38285,53.50156],[-0.37519,53.50091],[-0.37507,53.49548],[-0.37369,53.49481],[-0.37262,53.49472],[-0.36776,53.49538],[-0.36673,53.49526],[-0.36681,53.49385],[-0.36435,53.49021],[-0.36314,53.48446],[-0.35992,53.47906],[-0.36249,53.47879],[-0.36442,53.47824],[-0.37261,53.4754],[-0.38009,53.47511],[-0.38163,53.47529],[-0.38777,53.47354],[-0.38738,53.47218],[-0.38898,53.47217],[-0.3918,53.47148],[-0.39674,53.47115],[-0.40021,53.46959],[-0.40144,53.46745],[-0.40179,53.46742],[-0.4022,53.46645],[-0.40953,53.46463],[-0.4118,53.46376],[-0.41525,53.46307],[-0.42114,53.46093],[-0.42157,53.46051],[-0.42542,53.46],[-0.42942,53.45887],[-0.43871,53.45823],[-0.43931,53.45792],[-0.44167,53.45765],[-0.44872,53.45417],[-0.46509,53.45392],[-0.46576,53.45491],[-0.46603,53.45701],[-0.46571,53.45764],[-0.46684,53.45917],[-0.46685,53.46074],[-0.46555,53.46174],[-0.46654,53.46195],[-0.46703,53.46269],[-0.46881,53.46376],[-0.4688,53.46406],[-0.46796,53.46405],[-0.46729,53.46493],[-0.46932,53.46614],[-0.46918,53.46742],[-0.47017,53.46774],[-0.46972,53.46801],[-0.47018,53.4682],[-0.4701,53.46897],[-0.4714,53.46925],[-0.47187,53.4698],[-0.47134,53.47028],[-0.47176,53.47059],[-0.4713,53.47148],[-0.47065,53.47167],[-0.47135,53.47263],[-0.47113,53.47363],[-0.47182,53.47536],[-0.47355,53.47666],[-0.47791,53.47745],[-0.47881,53.47788],[-0.48144,53.47838],[-0.48629,53.48005],[-0.48774,53.48287],[-0.48772,53.48392],[-0.4886,53.48503],[-0.48744,53.48618],[-0.48723,53.48715],[-0.48778,53.48768],[-0.48729,53.48862],[-0.48607,53.48919],[-0.48499,53.49028],[-0.48069,53.49629],[-0.48239,53.50033],[-0.48541,53.50385],[-0.48658,53.50456],[-0.48808,53.50459],[-0.48839,53.50483],[-0.48138,53.50689],[-0.47856,53.50837],[-0.47587,53.50893],[-0.47066,53.50907],[-0.46712,53.50968],[-0.46172,53.50991],[-0.45454,53.50885],[-0.45001,53.50862],[-0.44236,53.50974],[-0.43903,53.51086],[-0.43763,53.51083],[-0.42489,53.51275],[-0.42151,53.51398],[-0.41873,53.51425],[-0.41758,53.51468],[-0.41536,53.51472],[-0.41374,53.51541],[-0.40506,53.5176],[-0.40683,53.5202],[-0.40581,53.52226],[-0.40611,53.5245],[-0.40821,53.52697],[-0.40941,53.52913],[-0.40775,53.53011],[-0.40826,53.53235],[-0.41194,53.53456],[-0.41245,53.53537],[-0.41458,53.53588],[-0.41824,53.53479],[-0.42179,53.5344],[-0.42681,53.53999],[-0.42751,53.54109],[-0.42769,53.54426],[-0.42939,53.54515],[-0.4307,53.54632],[-0.43397,53.54586],[-0.43715,53.54597],[-0.43958,53.54642],[-0.44263,53.5462],[-0.4462,53.54461],[-0.45034,53.54404],[-0.4507,53.54317],[-0.4542,53.54297],[-0.46328,53.54089],[-0.47392,53.53908],[-0.48206,53.53817],[-0.50034,53.53747],[-0.50121,53.53762],[-0.50005,53.53874],[-0.49658,53.54011],[-0.49368,53.54222],[-0.49175,53.54408],[-0.49091,53.54586],[-0.48339,53.54527],[-0.483,53.54562],[-0.47641,53.54599],[-0.47481,53.54813],[-0.4731,53.5488],[-0.46702,53.54896],[-0.46671,53.54973],[-0.46718,53.55294],[-0.46651,53.55539],[-0.46563,53.55602],[-0.46277,53.55597],[-0.46245,53.55651],[-0.46091,53.55732],[-0.46086,53.55805],[-0.45904,53.55854],[-0.45844,53.55902],[-0.45759,53.5589],[-0.45685,53.5593],[-0.45519,53.55919],[-0.45291,53.55957],[-0.45071,53.558],[-0.44949,53.5612],[-0.44767,53.56268],[-0.44655,53.56295],[-0.44267,53.56611],[-0.44196,53.56763],[-0.44035,53.56878],[-0.4395,53.57022],[-0.43183,53.57367],[-0.42877,53.57442],[-0.42823,53.57264],[-0.42433,53.56965],[-0.41967,53.56377],[-0.40947,53.56217],[-0.40011,53.56142],[-0.38835,53.55975]]]}},{"type":"Feature","properties":{"id":"E01026388","name":"E01026388","parent":"E07000142","type":"LSOA","pop":2262,"r":4,"ff":3,"ffd":132.6,"ffs":0.75,"g":0,"co":3,"mo":3,"sa":3,"ic":3},"geometry":{"type":"Polygon","coordinates":[[[-0.70027,53.38481],[-0.70115,53.38427],[-0.70183,53.38436],[-0.70255,53.38406],[-0.70286,53.38247],[-0.7019,53.38107],[-0.69913,53.37958],[-0.69888,53.37906],[-0.69768,53.37869],[-0.69796,53.37796],[-0.69383,53.37859],[-0.66855,53.38006],[-0.65679,53.38019],[-0.64598,53.38133],[-0.64465,53.37912],[-0.6486,53.37843],[-0.64704,53.37068],[-0.64408,53.37097],[-0.64288,53.36771],[-0.64295,53.36447],[-0.6425,53.35873],[-0.66157,53.35764],[-0.66191,53.35794],[-0.66476,53.3572],[-0.66513,53.35755],[-0.67075,53.35693],[-0.67101,53.35666],[-0.67363,53.35731],[-0.67816,53.35668],[-0.69611,53.35573],[-0.7018,53.35577],[-0.71177,53.35495],[-0.72031,53.35466],[-0.71973,53.35266],[-0.71994,53.34902],[-0.71547,53.34906],[-0.71487,53.34759],[-0.71687,53.3472],[-0.71938,53.346],[-0.72267,53.34548],[-0.72469,53.34548],[-0.72669,53.34594],[-0.72842,53.346],[-0.72911,53.34563],[-0.73417,53.345],[-0.7377,53.34505],[-0.73811,53.34527],[-0.74357,53.34379],[-0.7445,53.34477],[-0.7518,53.34332],[-0.75619,53.34199],[-0.75711,53.34218],[-0.75763,53.34203],[-0.76325,53.34476],[-0.76429,53.34634],[-0.76364,53.34826],[-0.76232,53.35008],[-0.75944,53.35128],[-0.75833,53.3522],[-0.75809,53.35388],[-0.75966,53.3549],[-0.76374,53.35556],[-0.76545,53.35636],[-0.77283,53.36418],[-0.77457,53.36495],[-0.77581,53.36503],[-0.77679,53.36475],[-0.7786,53.36346],[-0.77957,53.36197],[-0.78062,53.36168],[-0.7852,53.36293],[-0.78989,53.36323],[-0.79041,53.36348],[-0.78949,53.36514],[-0.79011,53.36829],[-0.78873,53.36958],[-0.78516,53.3746],[-0.7811,53.37609],[-0.77519,53.37709],[-0.7749,53.37685],[-0.77107,53.37697],[-0.76338,53.37826],[-0.755,53.38043],[-0.74725,53.38157],[-0.74118,53.38202],[-0.73855,53.38189],[-0.73574,53.38245],[-0.73523,53.38227],[-0.73303,53.38255],[-0.73024,53.38224],[-0.72673,53.38118],[-0.72358,53.3826],[-0.71602,53.38397],[-0.71229,53.38548],[-0.70997,53.38554],[-0.7049,53.38641],[-0.69967,53.38692],[-0.69909,53.38667],[-0.70027,53.38481]]]}},{"type":"Feature","properties":{"id":"E01026389","name":"E01026389","parent":"E07000142","type":"LSOA","pop":1742,"r":0,"ff":0,"ffd":0.0,"ffs":null,"g":0,"co":3,"mo":3,"sa":3,"ic":3},"geometry":{"type":"Polygon","coordinates":[[[-0.33464,53.3915],[-0.33482,53.39055],[-0.33329,53.39038],[-0.3328,53.38993],[-0.32408,53.38826],[-0.32237,53.38768],[-0.32226,53.38677],[-0.32386,53.38615],[-0.32406,53.38546],[-0.32527,53.38453],[-0.32639,53.38476],[-0.32707,53.38536],[-0.32774,53.38466],[-0.32624,53.38393],[-0.32637,53.38289],[-0.32403,53.38262],[-0.32447,53.38197],[-0.32553,53.38165],[-0.32698,53.38237],[-0.32752,53.38169],[-0.33067,53.38168],[-0.33073,53.38259],[-0.32973,53.38384],[-0.33097,53.38396],[-0.3314,53.38428],[-0.33231,53.38404],[-0.33311,53.38557],[-0.33405,53.38563],[-0.33453,53.38529],[-0.33499,53.3856],[-0.33539,53.38345],[-0.33761,53.38295],[-0.33727,53.38343],[-0.33768,53.38423],[-0.33724,53.38459],[-0.33761,53.38499],[-0.33625,53.38486],[-0.33565,53.38569],[-0.33655,53.3858],[-0.33711,53.38642],[-0.33701,53.387],[-0.33754,53.3871],[-0.3365,53.38798],[-0.33656,53.38835],[-0.33815,53.38814],[-0.33799,53.38772],[-0.33875,53.38761],[-0.33887,53.38784],[-0.33932,53.38731],[-0.33977,53.3875],[-0.33932,53.38769],[-0.33947,53.38801],[-0.34258,53.38808],[-0.34189,53.39131],[-0.34022,53.39151],[-0.33857,53.39091],[-0.33893,53.38971],[-0.33945,53.38952],[-0.33826,53.38916],[-0.33667,53.3914],[-0.33594,53.39116],[-0.3354,53.39207],[-0.33464,53.3915]]]}},{"type":"Feature","properties":{"id":"E01026390","name":"E01026390","parent":"E07000142","type":"LSOA","pop":1942,"r":0,"ff":0,"ffd":0.0,"ffs":null,"g":0,"co":3,"mo":3,"sa":3,"ic":3},"geometry":{"type":"Polygon","coordinates":[[[-0.3354,53.39207],[-0.33594,53.39116],[-0.33667,53.3914],[-0.33826,53.38916],[-0.33945,53.38952],[-0.33893,53.38971],[-0.33857,53.39091],[-0.34022,53.39151],[-0.34189,53.39131],[-0.34258,53.38808],[-0.33947,53.38801],[-0.33932,53.38769],[-0.33977,53.3875],[-0.33932,53.38731],[-0.33887,53.38784],[-0.33875,53.38761],[-0.33799,53.38772],[-0.33815,53.38814],[-0.33656,53.38835],[-0.3365,53.38798],[-0.33754,53.3871],[-0.33701,53.387],[-0.33711,53.38642],[-0.33655,53.3858],[-0.33565,53.38569],[-0.33625,53.38486],[-0.33761,53.38499],[-0.33724,53.38459],[-0.33768,53.38423],[-0.33727,53.38343],[-0.33761,53.38295],[-0.33539,53.38345],[-0.33499,53.3856],[-0.33453,53.38529],[-0.33405,53.38563],[-0.33311,53.38557],[-0.33231,53.38404],[-0.3314,53.38428],[-0.33097,53.38396],[-0.32973,53.38384],[-0.33073,53.38259],[-0.33067,53.38168],[-0.33136,53.37986],[-0.33041,53.37824],[-0.32576,53.37519],[-0.31786,53.37533],[-0.31616,53.37564],[-0.31558,53.37709],[-0.31264,53.37933],[-0.30815,53.37868],[-0.30728,53.3799],[-0.30299,53.37915],[-0.29902,53.37759],[-0.29689,53.37624],[-0.29581,53.37598],[-0.29467,53.37483],[-0.29265,53.37364],[-0.29388,53.37153],[-0.29298,53.3699],[-0.29507,53.36993],[-0.29906,53.37161],[-0.30265,53.37199],[-0.30589,53.3718],[-0.30676,53.36983],[-0.30236,53.36647],[-0.30961,53.36229],[-0.31001,53.3616],[-0.31245,53.36101],[-0.31407,53.35995],[-0.3133,53.35874],[-0.31339,53.35596],[-0.31723,53.3551],[-0.32548,53.3515],[-0.32874,53.35073],[-0.32966,53.34996],[-0.33346,53.34931],[-0.33632,53.34789],[-0.33983,53.34779],[-0.3462,53.34666],[-0.34805,53.34559],[-0.35193,53.34437],[-0.35248,53.34651],[-0.35609,53.3457],[-0.35577,53.34404],[-0.3591,53.34441],[-0.35777,53.34151],[-0.36316,53.34033],[-0.36537,53.33943],[-0.3669,53.3416],[-0.36736,53.34094],[-0.36772,53.34101],[-0.36735,53.34185],[-0.37061,53.34068],[-0.37334,53.34105],[-0.3789,53.34037],[-0.38102,53.33929],[-0.38194,53.34003],[-0.38362,53.33945],[-0.3827,53.33862],[-0.3845,53.33768],[-0.38752,53.34068],[-0.38253,53.34299],[-0.38464,53.34644],[-0.38466,53.34825],[-0.3854,53.35048],[-0.38493,53.35083],[-0.38584,53.35234],[-0.38617,53.354],[-0.38578,53.35435],[-0.38624,53.35696],[-0.38487,53.35722],[-0.38509,53.3621],[-0.38446,53.3624],[-0.38444,53.36346],[-0.38501,53.36594],[-0.36154,53.36955],[-0.35239,53.37147],[-0.34939,53.3717],[-0.34941,53.37237],[-0.34604,53.38386],[-0.34432,53.38802],[-0.34424,53.39065],[-0.34366,53.39075],[-0.34385,53.39222],[-0.33715,53.39238],[-0.3354,53.39207]]]}},{"type":"Feature","properties":{"id":"E01026391","name":"E01026391","parent":"E07000142","type":"LSOA","pop":2056,"r":0,"ff":0,"ffd":0.0,"ffs":null,"g":0,"co":3,"mo":3,"sa":3,"ic":3},"geometry":{"type":"Polygon","coordinates":[[[-0.24425,53.42034],[-0.23894,53.41737],[-0.23387,53.40693],[-0.23096,53.40212],[-0.23047,53.39973],[-0.22833,53.39606],[-0.22742,53.39233],[-0.22328,53.3857],[-0.21662,53.38204],[-0.21593,53.38054],[-0.20683,53.37426],[-0.20487,53.37189],[-0.21034,53.37014],[-0.21546,53.36665],[-0.21865,53.36374],[-0.2195,53.3624],[-0.22065,53.3618],[-0.22254,53.35799],[-0.22379,53.35736],[-0.22505,53.3559],[-0.22731,53.35505],[-0.23048,53.35456],[-0.23052,53.35219],[-0.2316,53.35142],[-0.23379,53.35111],[-0.23508,53.35051],[-0.24077,53.34908],[-0.24238,53.34842],[-0.2434,53.34733],[-0.24457,53.34741],[-0.24569,53.3467],[-0.25079,53.34547],[-0.25117,53.34473],[-0.2559,53.34414],[-0.25511,53.34051],[-0.25567,53.34047],[-0.25407,53.338],[-0.24978,53.33361],[-0.25126,53.33281],[-0.2526,53.33156],[-0.25544,53.32995],[-0.26481,53.32648],[-0.26569,53.32664],[-0.26761,53.32604],[-0.26913,53.325],[-0.27032,53.32314],[-0.27195,53.32222],[-0.27553,53.32183],[-0.27815,53.32438],[-0.28529,53.32834],[-0.29331,53.33448],[-0.29851,53.33106],[-0.2973,53.3297],[-0.29962,53.32672],[-0.29865,53.32563],[-0.29933,53.32539],[-0.30343,53.32755],[-0.30597,53.32851],[-0.31231,53.33227],[-0.31468,53.3309],[-0.31826,53.32971],[-0.3325,53.32618],[-0.33614,53.32477],[-0.34554,53.32286],[-0.34587,53.32413],[-0.3485,53.32701],[-0.35007,53.32942],[-0.35807,53.33831],[-0.35855,53.33898],[-0.35849,53.34035],[-0.35998,53.3411],[-0.35777,53.34151],[-0.3591,53.34441],[-0.35577,53.34404],[-0.35609,53.3457],[-0.35248,53.34651],[-0.35193,53.34437],[-0.34805,53.34559],[-0.3462,53.34666],[-0.33983,53.34779],[-0.33632,53.34789],[-0.33346,53.34931],[-0.32966,53.34996],[-0.32874,53.35073],[-0.32548,53.3515],[-0.31723,53.3551],[-0.31339,53.35596],[-0.3133,53.35874],[-0.31407,53.35995],[-0.31245,53.36101],[-0.31001,53.3616],[-0.30961,53.36229],[-0.30236,53.36647],[-0.30676,53.36983],[-0.30589,53.3718],[-0.30265,53.37199],[-0.29906,53.37161],[-0.29507,53.36993],[-0.29298,53.3699],[-0.29388,53.37153],[-0.29265,53.37364],[-0.29467,53.37483],[-0.29581,53.37598],[-0.29689,53.37624],[-0.29902,53.37759],[-0.30299,53.37915],[-0.30728,53.3799],[-0.30815,53.37868],[-0.31264,53.37933],[-0.31558,53.37709],[-0.31616,53.37564],[-0.31786,53.37533],[-0.32576,53.37519],[-0.33041,53.37824],[-0.33136,53.37986],[-0.33067,53.38168],[-0.32752,53.38169],[-0.32698,53.38237],[-0.32553,53.38165],[-0.32447,53.38197],[-0.32403,53.38262],[-0.32637,53.38289],[-0.32624,53.38393],[-0.32774,53.38466],[-0.32707,53.38536],[-0.32639,53.38476],[-0.32527,53.38453],[-0.32406,53.38546],[-0.32386,53.38615],[-0.32226,53.38677],[-0.32237,53.38768],[-0.32108,53.38809],[-0.31868,53.38799],[-0.31594,53.38832],[-0.31526,53.38897],[-0.31466,53.3883],[-0.3095,53.3885],[-0.31694,53.39288],[-0.31858,53.39471],[-0.32086,53.39673],[-0.32628,53.39813],[-0.32941,53.40088],[-0.33059,53.40308],[-0.33112,53.40473],[-0.33475,53.40993],[-0.33599,53.41324],[-0.33969,53.42538],[-0.33897,53.4278],[-0.33331,53.42655],[-0.3319,53.42585],[-0.33099,53.42584],[-0.32885,53.42469],[-0.32828,53.42364],[-0.32654,53.42277],[-0.3237,53.42172],[-0.32168,53.4215],[-0.32025,53.42092],[-0.30826,53.41932],[-0.29941,53.42151],[-0.298,53.42226],[-0.29689,53.42424],[-0.29388,53.42556],[-0.29265,53.42668],[-0.29059,53.42981],[-0.29058,53.43042],[-0.29171,53.432],[-0.29027,53.43614],[-0.292,53.43816],[-0.293,53.43862],[-0.29254,53.4415],[-0.29467,53.44285],[-0.29493,53.44376],[-0.28804,53.44735],[-0.28405,53.4486],[-0.27981,53.4455],[-0.27703,53.44233],[-0.27533,53.43951],[-0.27567,53.43658],[-0.27307,53.43401],[-0.27075,53.42985],[-0.26874,53.42748],[-0.26768,53.42677],[-0.25894,53.42392],[-0.24425,53.42034]]]}},{"type":"Feature","properties":{"id":"E01026392","name":"E01026392","parent":"E07000142","type":"LSOA","pop":3162,"r":0,"ff":0,"ffd":0.0,"ffs":null,"g":0,"co":3,"mo":3,"sa":3,"ic":3},"geometry":{"type":"Polygon","coordinates":[[[-0.4022,53.46645],[-0.40192,53.4652],[-0.40086,53.46523],[-0.39974,53.46237],[-0.39822,53.46265],[-0.39732,53.46202],[-0.39027,53.45553],[-0.38618,53.45107],[-0.38315,53.45111],[-0.38019,53.45166],[-0.37467,53.45359],[-0.36921,53.45624],[-0.36667,53.45565],[-0.36662,53.45522],[-0.36568,53.45472],[-0.36444,53.45448],[-0.35774,53.45466],[-0.35856,53.45028],[-0.36029,53.44834],[-0.35943,53.44657],[-0.36004,53.44651],[-0.3585,53.44427],[-0.35017,53.44511],[-0.34917,53.44367],[-0.3484,53.44131],[-0.34604,53.44041],[-0.34568,53.43984],[-0.34483,53.4395],[-0.34554,53.43826],[-0.34774,53.43651],[-0.34498,53.43471],[-0.34096,53.43291],[-0.33999,53.43033],[-0.33971,53.42802],[-0.33897,53.4278],[-0.33969,53.42538],[-0.33599,53.41324],[-0.33475,53.40993],[-0.33112,53.40473],[-0.33059,53.40308],[-0.32941,53.40088],[-0.32628,53.39813],[-0.32086,53.39673],[-0.31858,53.39471],[-0.31694,53.39288],[-0.3095,53.3885],[-0.31466,53.3883],[-0.31526,53.38897],[-0.31594,53.38832],[-0.31868,53.38799],[-0.32108,53.38809],[-0.32237,53.38768],[-0.32408,53.38826],[-0.3328,53.38993],[-0.33329,53.39038],[-0.33482,53.39055],[-0.33464,53.3915],[-0.3354,53.39207],[-0.33715,53.39238],[-0.34385,53.39222],[-0.34366,53.39075],[-0.34424,53.39065],[-0.34432,53.38802],[-0.34604,53.38386],[-0.34941,53.37237],[-0.34939,53.3717],[-0.35239,53.37147],[-0.36154,53.36955],[-0.38501,53.36594],[-0.39665,53.36491],[-0.39813,53.36928],[-0.39916,53.37103],[-0.40112,53.37205],[-0.40323,53.37262],[-0.40507,53.37806],[-0.40591,53.3821],[-0.40597,53.38665],[-0.42074,53.38548],[-0.42101,53.38609],[-0.42268,53.38595],[-0.42277,53.38636],[-0.42754,53.38617],[-0.42792,53.38575],[-0.42979,53.38543],[-0.43292,53.38609],[-0.44012,53.38574],[-0.44194,53.38452],[-0.44394,53.38408],[-0.44422,53.38453],[-0.44601,53.38447],[-0.44674,53.38496],[-0.44906,53.38436],[-0.45417,53.38448],[-0.4543,53.38563],[-0.45575,53.38713],[-0.45558,53.38974],[-0.45832,53.39318],[-0.45792,53.39404],[-0.45605,53.39534],[-0.45542,53.39703],[-0.45577,53.39831],[-0.4548,53.40065],[-0.4518,53.40138],[-0.45003,53.40217],[-0.45039,53.40469],[-0.44824,53.41306],[-0.44873,53.41547],[-0.45123,53.41821],[-0.45355,53.41986],[-0.45388,53.41971],[-0.45629,53.4206],[-0.45666,53.42118],[-0.45775,53.42137],[-0.45786,53.42185],[-0.45854,53.42188],[-0.45858,53.42216],[-0.45909,53.42199],[-0.45948,53.42249],[-0.4601,53.42239],[-0.4609,53.42324],[-0.46045,53.42389],[-0.46247,53.42522],[-0.46274,53.42659],[-0.46177,53.42664],[-0.46179,53.42718],[-0.46083,53.42711],[-0.46088,53.42837],[-0.46181,53.42856],[-0.46156,53.42911],[-0.46288,53.4298],[-0.46352,53.43083],[-0.46372,53.43274],[-0.46284,53.43295],[-0.46234,53.4341],[-0.46273,53.43449],[-0.4616,53.43507],[-0.46165,53.43551],[-0.4609,53.43598],[-0.45885,53.43616],[-0.4588,53.43825],[-0.46004,53.43918],[-0.45952,53.43983],[-0.46072,53.44109],[-0.46171,53.44123],[-0.46198,53.44171],[-0.46242,53.44165],[-0.46348,53.44223],[-0.46379,53.44274],[-0.46522,53.44266],[-0.46613,53.44434],[-0.46684,53.44503],[-0.46804,53.44543],[-0.46861,53.44762],[-0.4677,53.44829],[-0.46857,53.44922],[-0.46796,53.45016],[-0.46648,53.45121],[-0.46671,53.45196],[-0.46588,53.45203],[-0.46488,53.45299],[-0.46509,53.45392],[-0.44872,53.45417],[-0.44167,53.45765],[-0.43931,53.45792],[-0.43871,53.45823],[-0.42942,53.45887],[-0.42542,53.46],[-0.42157,53.46051],[-0.42114,53.46093],[-0.41525,53.46307],[-0.4118,53.46376],[-0.40953,53.46463],[-0.4022,53.46645]]]}},{"type":"Feature","properties":{"id":"E01026393","name":"E01026393","parent":"E07000142","type":"LSOA","pop":1529,"r":172,"ff":54,"ffd":3531.7,"ffs":0.45,"g":51,"co":3,"mo":2,"sa":0,"ic":0},"geometry":{"type":"Polygon","coordinates":[[[-0.46433,53.27469],[-0.46095,53.26975],[-0.46129,53.26967],[-0.45959,53.26585],[-0.45913,53.26358],[-0.45686,53.25997],[-0.47954,53.25249],[-0.4799,53.25297],[-0.48156,53.25242],[-0.48365,53.25619],[-0.487,53.25788],[-0.49077,53.2589],[-0.49497,53.25861],[-0.49411,53.25519],[-0.49602,53.255],[-0.50378,53.25521],[-0.50467,53.25714],[-0.50614,53.25774],[-0.50579,53.25829],[-0.50955,53.25833],[-0.50829,53.25965],[-0.50944,53.2607],[-0.50534,53.26496],[-0.50017,53.26449],[-0.5004,53.26376],[-0.49868,53.26414],[-0.49686,53.26348],[-0.49625,53.26397],[-0.49309,53.26332],[-0.49187,53.26234],[-0.48994,53.26368],[-0.48973,53.26238],[-0.48732,53.26298],[-0.48602,53.26304],[-0.48569,53.26352],[-0.4862,53.26346],[-0.48639,53.26382],[-0.48553,53.26453],[-0.48502,53.26431],[-0.48425,53.26505],[-0.48479,53.26611],[-0.48433,53.266],[-0.48292,53.26669],[-0.48371,53.2671],[-0.48501,53.26718],[-0.48486,53.26753],[-0.48549,53.26746],[-0.48556,53.26778],[-0.48625,53.26767],[-0.48677,53.26865],[-0.48607,53.26902],[-0.48569,53.27005],[-0.48376,53.27023],[-0.48325,53.26933],[-0.48271,53.26913],[-0.48344,53.2686],[-0.484,53.26861],[-0.48398,53.26818],[-0.48281,53.26845],[-0.47964,53.26848],[-0.47908,53.2678],[-0.4798,53.26767],[-0.47861,53.26518],[-0.47658,53.26554],[-0.47604,53.26593],[-0.47554,53.26702],[-0.47347,53.26869],[-0.47395,53.26986],[-0.47265,53.2703],[-0.4757,53.27106],[-0.47266,53.27236],[-0.47188,53.27228],[-0.46479,53.27549],[-0.46433,53.27469]]]}},{"type":"Feature","properties":{"id":"E01026394","name":"E01026394","parent":"E07000142","type":"LSOA","pop":2979,"r":198,"ff":67,"ffd":2249.1,"ffs":0.4718,"g":55,"co":3,"mo":2,"sa":0,"ic":0},"geometry":{"type":"Polygon","coordinates":[[[-0.51097,53.29364],[-0.51066,53.28856],[-0.51091,53.28475],[-0.49992,53.28525],[-0.49978,53.28501],[-0.496,53.28502],[-0.49675,53.2844],[-0.49711,53.2831],[-0.48877,53.28359],[-0.48206,53.28355],[-0.47808,53.28337],[-0.47724,53.28254],[-0.47598,53.28307],[-0.47427,53.28028],[-0.47308,53.2809],[-0.47186,53.27871],[-0.46836,53.27902],[-0.46738,53.27769],[-0.46605,53.27702],[-0.46479,53.27549],[-0.47188,53.27228],[-0.47266,53.27236],[-0.4757,53.27106],[-0.47265,53.2703],[-0.47395,53.26986],[-0.47347,53.26869],[-0.47554,53.26702],[-0.47604,53.26593],[-0.47658,53.26554],[-0.47861,53.26518],[-0.4798,53.26767],[-0.47908,53.2678],[-0.47964,53.26848],[-0.48281,53.26845],[-0.48398,53.26818],[-0.484,53.26861],[-0.48344,53.2686],[-0.48271,53.26913],[-0.48325,53.26933],[-0.48376,53.27023],[-0.48569,53.27005],[-0.48607,53.26902],[-0.48677,53.26865],[-0.48737,53.26903],[-0.48795,53.26833],[-0.48753,53.26784],[-0.48828,53.268],[-0.48849,53.26757],[-0.48808,53.26735],[-0.4885,53.26699],[-0.48915,53.26713],[-0.48939,53.2677],[-0.48869,53.26815],[-0.48876,53.2685],[-0.48997,53.26865],[-0.49142,53.26989],[-0.48923,53.26932],[-0.48792,53.27019],[-0.48681,53.26968],[-0.48562,53.27112],[-0.48704,53.27415],[-0.48988,53.27446],[-0.49172,53.27079],[-0.49425,53.27246],[-0.50025,53.26976],[-0.49962,53.26924],[-0.50239,53.26964],[-0.50534,53.26496],[-0.50944,53.2607],[-0.50829,53.25965],[-0.50955,53.25833],[-0.50579,53.25829],[-0.50614,53.25774],[-0.50467,53.25714],[-0.50378,53.25521],[-0.49602,53.255],[-0.49411,53.25519],[-0.49497,53.25861],[-0.49077,53.2589],[-0.487,53.25788],[-0.48365,53.25619],[-0.48156,53.25242],[-0.4799,53.25297],[-0.47954,53.25249],[-0.47401,53.25433],[-0.47358,53.25382],[-0.47565,53.25291],[-0.47619,53.25346],[-0.47692,53.25321],[-0.47648,53.25273],[-0.47774,53.25224],[-0.4768,53.25113],[-0.47561,53.24823],[-0.47592,53.24834],[-0.47576,53.24597],[-0.47652,53.24585],[-0.47793,53.24057],[-0.47906,53.23931],[-0.47861,53.23439],[-0.47568,53.22716],[-0.48084,53.22616],[-0.48772,53.22536],[-0.49508,53.2253],[-0.49642,53.23372],[-0.49392,53.2334],[-0.49575,53.24016],[-0.49629,53.24035],[-0.49434,53.24209],[-0.49581,53.24382],[-0.49543,53.24442],[-0.49601,53.24719],[-0.4976,53.24921],[-0.50059,53.24826],[-0.50244,53.25059],[-0.50621,53.24992],[-0.51427,53.25403],[-0.52318,53.25383],[-0.5232,53.25338],[-0.52671,53.25382],[-0.53858,53.25456],[-0.54084,53.29092],[-0.52914,53.2915],[-0.52233,53.29267],[-0.51984,53.29341],[-0.51951,53.29277],[-0.51562,53.29278],[-0.51097,53.29364]]]}},{"type":"Feature","properties":{"id":"E01026395","name":"E01026395","parent":"E07000142","type":"LSOA","pop":1489,"r":182,"ff":59,"ffd":3962.4,"ffs":0.4574,"g":52,"co":3,"mo":2,"sa":2,"ic":0},"geometry":{"type":"Polygon","coordinates":[[[-0.48562,53.27112],[-0.48681,53.26968],[-0.48792,53.27019],[-0.48923,53.26932],[-0.49142,53.26989],[-0.48997,53.26865],[-0.48876,53.2685],[-0.48869,53.26815],[-0.48939,53.2677],[-0.48915,53.26713],[-0.4885,53.26699],[-0.48808,53.26735],[-0.48849,53.26757],[-0.48828,53.268],[-0.48753,53.26784],[-0.48795,53.26833],[-0.48737,53.26903],[-0.48677,53.26865],[-0.48625,53.26767],[-0.48556,53.26778],[-0.48549,53.26746],[-0.48486,53.26753],[-0.48501,53.26718],[-0.48371,53.2671],[-0.48292,53.26669],[-0.48433,53.266],[-0.48479,53.26611],[-0.48425,53.26505],[-0.48502,53.26431],[-0.48553,53.26453],[-0.48639,53.26382],[-0.4862,53.26346],[-0.48569,53.26352],[-0.48602,53.26304],[-0.48732,53.26298],[-0.48973,53.26238],[-0.48994,53.26368],[-0.49187,53.26234],[-0.49309,53.26332],[-0.49625,53.26397],[-0.49686,53.26348],[-0.49868,53.26414],[-0.5004,53.26376],[-0.50017,53.26449],[-0.50534,53.26496],[-0.50239,53.26964],[-0.49962,53.26924],[-0.50025,53.26976],[-0.49425,53.27246],[-0.49172,53.27079],[-0.48988,53.27446],[-0.48704,53.27415],[-0.48562,53.27112]]]}},{"type":"Feature","properties":{"id":"E01026396","name":"E01026396","parent":"E07000142","type":"LSOA","pop":1245,"r":143,"ff":40,"ffd":3212.9,"ffs":0.4348,"g":50,"co":2,"mo":2,"sa":2,"ic":0},"geometry":{"type":"Polygon","coordinates":[[[-0.66186,53.27597],[-0.66152,53.27555],[-0.66206,53.2755],[-0.6624,53.27493],[-0.65927,53.27392],[-0.65614,53.27446],[-0.64951,53.2747],[-0.64711,53.27435],[-0.64957,53.27279],[-0.65152,53.27011],[-0.65385,53.26943],[-0.65446,53.26878],[-0.65415,53.26842],[-0.65546,53.26829],[-0.65673,53.26887],[-0.65757,53.2676],[-0.65749,53.26693],[-0.6589,53.26692],[-0.65987,53.26997],[-0.66039,53.26991],[-0.66026,53.26956],[-0.66128,53.26941],[-0.66155,53.26967],[-0.66232,53.26944],[-0.66206,53.26923],[-0.66255,53.26884],[-0.6617,53.26847],[-0.66186,53.26801],[-0.66344,53.26817],[-0.66292,53.2683],[-0.66429,53.2693],[-0.66418,53.27056],[-0.66536,53.27039],[-0.6654,53.27063],[-0.66527,53.27149],[-0.66453,53.27184],[-0.66409,53.27245],[-0.66473,53.27264],[-0.66621,53.27244],[-0.66672,53.27291],[-0.6663,53.27308],[-0.66614,53.27275],[-0.66566,53.2728],[-0.66649,53.27464],[-0.6627,53.27567],[-0.66213,53.27559],[-0.66186,53.27597]]]}},{"type":"Feature","properties":{"id":"E01026398","name":"E01026398","parent":"E07000142","type":"LSOA","pop":1551,"r":150,"ff":44,"ffd":2836.9,"ffs":0.449,"g":51,"co":2,"mo":2,"sa":2,"ic":0},"geometry":{"type":"Polygon","coordinates":[[[-0.67344,53.27359],[-0.67216,53.27167],[-0.67164,53.27184],[-0.67148,53.27143],[-0.66981,53.27186],[-0.66904,53.27267],[-0.66932,53.27306],[-0.66838,53.27326],[-0.66711,53.27223],[-0.66663,53.27148],[-0.66731,53.27119],[-0.66719,53.27069],[-0.6654,53.27063],[-0.66536,53.27039],[-0.66418,53.27056],[-0.66429,53.2693],[-0.66292,53.2683],[-0.66344,53.26817],[-0.66186,53.26801],[-0.6617,53.26847],[-0.66255,53.26884],[-0.66206,53.26923],[-0.66232,53.26944],[-0.66155,53.26967],[-0.66128,53.26941],[-0.66026,53.26956],[-0.66039,53.26991],[-0.65987,53.26997],[-0.6589,53.26692],[-0.65749,53.26693],[-0.65757,53.2676],[-0.65673,53.26887],[-0.65546,53.26829],[-0.65518,53.26742],[-0.65572,53.26736],[-0.65578,53.26701],[-0.6552,53.26693],[-0.65445,53.2655],[-0.64294,53.26413],[-0.62574,53.26299],[-0.61788,53.26049],[-0.61147,53.25642],[-0.6122,53.25609],[-0.61947,53.25659],[-0.6209,53.25704],[-0.62248,53.25813],[-0.63179,53.2564],[-0.63152,53.25529],[-0.64838,53.25317],[-0.64729,53.24912],[-0.64647,53.24798],[-0.64695,53.24591],[-0.64846,53.24341],[-0.65293,53.24273],[-0.65362,53.24232],[-0.66552,53.2407],[-0.66658,53.2397],[-0.68078,53.25202],[-0.68235,53.25154],[-0.683,53.25368],[-0.68433,53.25525],[-0.68803,53.25839],[-0.69076,53.25769],[-0.69178,53.25788],[-0.69186,53.25891],[-0.68975,53.25995],[-0.68871,53.26111],[-0.68113,53.26322],[-0.68296,53.26493],[-0.68327,53.26582],[-0.67969,53.26682],[-0.67718,53.2668],[-0.67597,53.26823],[-0.67428,53.27145],[-0.67439,53.272],[-0.67294,53.27245],[-0.67344,53.27359]]]}},{"type":"Feature","properties":{"id":"E01026399","name":"E01026399","parent":"E07000142","type":"LSOA","pop":1599,"r":3,"ff":1,"ffd":62.5,"ffs":0.3333,"g":0,"co":3,"mo":3,"sa":3,"ic":1},"geometry":{"type":"Polygon","coordinates":[[[-0.55078,53.39422],[-0.54751,53.39286],[-0.54644,53.37474],[-0.54528,53.36632],[-0.54553,53.36273],[-0.54378,53.3349],[-0.56986,53.33367],[-0.59962,53.33301],[-0.60359,53.33313],[-0.61627,53.33228],[-0.61394,53.33385],[-0.61462,53.33557],[-0.61323,53.33749],[-0.61331,53.33802],[-0.61231,53.33802],[-0.6101,53.33998],[-0.61009,53.34226],[-0.60771,53.34643],[-0.60649,53.34953],[-0.61695,53.3491],[-0.63418,53.34745],[-0.64042,53.34721],[-0.64032,53.34868],[-0.6425,53.35873],[-0.64295,53.36447],[-0.64288,53.36771],[-0.64408,53.37097],[-0.64704,53.37068],[-0.6486,53.37843],[-0.62625,53.38211],[-0.62038,53.38338],[-0.61316,53.38438],[-0.60254,53.38673],[-0.56452,53.39368],[-0.56244,53.39367],[-0.56189,53.39329],[-0.55737,53.39355],[-0.5581,53.39449],[-0.55362,53.39474],[-0.55078,53.39422]]]}},{"type":"Feature","properties":{"id":"E01026400","name":"E01026400","parent":"E07000142","type":"LSOA","pop":1530,"r":120,"ff":37,"ffd":2418.3,"ffs":0.4805,"g":42,"co":3,"mo":2,"sa":2,"ic":0},"geometry":{"type":"Polygon","coordinates":[[[-0.5436,53.33255],[-0.54084,53.29088],[-0.55853,53.29204],[-0.58591,53.29486],[-0.60055,53.29576],[-0.61401,53.29714],[-0.61973,53.29646],[-0.62034,53.29697],[-0.62026,53.2983],[-0.62804,53.29894],[-0.63088,53.29889],[-0.63132,53.29929],[-0.63466,53.29921],[-0.63583,53.29954],[-0.63648,53.30014],[-0.63756,53.29967],[-0.63946,53.29978],[-0.6402,53.29952],[-0.64022,53.299],[-0.64209,53.29826],[-0.64391,53.29813],[-0.64411,53.29913],[-0.64544,53.29996],[-0.64487,53.30137],[-0.64201,53.30262],[-0.64051,53.30543],[-0.64048,53.30633],[-0.63931,53.30655],[-0.63868,53.30809],[-0.6384,53.31016],[-0.64066,53.31095],[-0.64131,53.31211],[-0.64329,53.3133],[-0.6433,53.31682],[-0.64401,53.31802],[-0.64265,53.31866],[-0.64199,53.31959],[-0.64079,53.31923],[-0.64015,53.31944],[-0.63976,53.32174],[-0.63782,53.32359],[-0.63747,53.32483],[-0.63693,53.32551],[-0.6372,53.32608],[-0.63806,53.32654],[-0.63958,53.32647],[-0.64054,53.32682],[-0.64089,53.32782],[-0.64299,53.32914],[-0.64412,53.33066],[-0.63753,53.33126],[-0.62487,53.33154],[-0.60359,53.33313],[-0.59962,53.33301],[-0.56986,53.33367],[-0.54378,53.3349],[-0.5436,53.33255]]]}},{"type":"Feature","properties":{"id":"E01026401","name":"E01026401","parent":"E07000142","type":"LSOA","pop":1609,"r":5,"ff":4,"ffd":248.6,"ffs":0.8,"g":0,"co":3,"mo":3,"sa":3,"ic":3},"geometry":{"type":"Polygon","coordinates":[[[-0.71389,53.51685],[-0.70163,53.51417],[-0.70001,53.51466],[-0.70001,53.51531],[-0.69807,53.51556],[-0.69782,53.51617],[-0.69497,53.51631],[-0.6923,53.51592],[-0.69124,53.51626],[-0.68892,53.51576],[-0.68743,53.51643],[-0.68659,53.51607],[-0.68569,53.51529],[-0.6857,53.51481],[-0.68468,53.51414],[-0.68395,53.51414],[-0.68348,53.51452],[-0.68159,53.51455],[-0.68073,53.51355],[-0.67858,53.51368],[-0.678,53.51329],[-0.67748,53.5136],[-0.67613,53.51302],[-0.67576,53.51251],[-0.66781,53.51312],[-0.66771,53.5124],[-0.67351,53.50417],[-0.6726,53.50307],[-0.67531,53.50099],[-0.67752,53.50051],[-0.67586,53.49896],[-0.67781,53.49857],[-0.67772,53.49828],[-0.67603,53.49766],[-0.6747,53.49766],[-0.67488,53.49727],[-0.67401,53.49728],[-0.67391,53.49759],[-0.66917,53.49709],[-0.66809,53.49812],[-0.66869,53.49841],[-0.66995,53.49838],[-0.67254,53.49772],[-0.67385,53.49844],[-0.6747,53.49839],[-0.67459,53.49885],[-0.66713,53.49831],[-0.66798,53.49757],[-0.66512,53.49599],[-0.66694,53.49559],[-0.66675,53.49531],[-0.66736,53.49528],[-0.66705,53.49457],[-0.66882,53.49481],[-0.66996,53.49434],[-0.66823,53.49024],[-0.66197,53.49093],[-0.66214,53.49038],[-0.66139,53.49022],[-0.66119,53.48953],[-0.66014,53.48923],[-0.65938,53.48963],[-0.65822,53.48914],[-0.65737,53.48966],[-0.65544,53.4895],[-0.65467,53.48902],[-0.6532,53.48936],[-0.65246,53.48919],[-0.65125,53.48979],[-0.64809,53.49037],[-0.64776,53.48992],[-0.63781,53.49123],[-0.62795,53.49171],[-0.62864,53.4906],[-0.62844,53.48885],[-0.63129,53.48831],[-0.63013,53.48599],[-0.63395,53.48543],[-0.63206,53.48137],[-0.6325,53.48015],[-0.63439,53.48005],[-0.63366,53.4776],[-0.64646,53.48007],[-0.65144,53.48011],[-0.65777,53.48224],[-0.65837,53.48198],[-0.6604,53.48229],[-0.66061,53.48184],[-0.65973,53.48134],[-0.66072,53.48118],[-0.66071,53.48066],[-0.65998,53.47996],[-0.66092,53.48025],[-0.66073,53.47986],[-0.66115,53.47974],[-0.66254,53.47978],[-0.66298,53.48008],[-0.66323,53.48186],[-0.66281,53.48202],[-0.66317,53.48259],[-0.66707,53.48241],[-0.67236,53.4814],[-0.67662,53.47865],[-0.67869,53.47157],[-0.67794,53.46893],[-0.6807,53.46854],[-0.68817,53.46925],[-0.69002,53.46916],[-0.69043,53.46944],[-0.69342,53.46929],[-0.69422,53.47161],[-0.69848,53.47247],[-0.70045,53.47333],[-0.69154,53.48188],[-0.68397,53.48812],[-0.69534,53.48838],[-0.70678,53.48973],[-0.71058,53.4906],[-0.71822,53.4934],[-0.73349,53.49587],[-0.7452,53.49737],[-0.748,53.49533],[-0.75133,53.49204],[-0.76303,53.49286],[-0.76259,53.49363],[-0.76152,53.4937],[-0.76024,53.49519],[-0.75721,53.49691],[-0.75807,53.49971],[-0.75794,53.50009],[-0.7546,53.4997],[-0.75226,53.49993],[-0.75106,53.50054],[-0.74813,53.50442],[-0.74211,53.51041],[-0.73857,53.51988],[-0.73012,53.51943],[-0.71389,53.51685]]]}},{"type":"Feature","properties":{"id":"E01026402","name":"E01026402","parent":"E07000142","type":"LSOA","pop":1841,"r":5,"ff":4,"ffd":217.3,"ffs":0.8,"g":0,"co":3,"mo":3,"sa":3,"ic":3},"geometry":{"type":"Polygon","coordinates":[[[-0.62577,53.49863],[-0.62569,53.4956],[-0.62795,53.49171],[-0.63781,53.49123],[-0.64776,53.48992],[-0.64809,53.49037],[-0.65125,53.48979],[-0.65246,53.48919],[-0.6532,53.48936],[-0.65467,53.48902],[-0.65544,53.4895],[-0.65737,53.48966],[-0.65822,53.48914],[-0.65938,53.48963],[-0.66014,53.48923],[-0.66119,53.48953],[-0.66139,53.49022],[-0.66214,53.49038],[-0.66197,53.49093],[-0.66823,53.49024],[-0.66996,53.49434],[-0.66882,53.49481],[-0.66705,53.49457],[-0.66736,53.49528],[-0.66675,53.49531],[-0.66694,53.49559],[-0.66512,53.49599],[-0.66798,53.49757],[-0.66713,53.49831],[-0.67459,53.49885],[-0.6747,53.49839],[-0.67385,53.49844],[-0.67254,53.49772],[-0.66995,53.49838],[-0.66869,53.49841],[-0.66809,53.49812],[-0.66917,53.49709],[-0.67391,53.49759],[-0.67401,53.49728],[-0.67488,53.49727],[-0.6747,53.49766],[-0.67603,53.49766],[-0.67772,53.49828],[-0.67781,53.49857],[-0.67586,53.49896],[-0.67752,53.50051],[-0.67531,53.50099],[-0.6726,53.50307],[-0.67351,53.50417],[-0.66771,53.5124],[-0.66781,53.51312],[-0.65789,53.51386],[-0.64425,53.51325],[-0.62448,53.51282],[-0.62821,53.50679],[-0.62577,53.49863]]]}},{"type":"Feature","properties":{"id":"E01026403","name":"E01026403","parent":"E07000142","type":"LSOA","pop":1382,"r":4,"ff":2,"ffd":144.7,"ffs":0.5,"g":0,"co":3,"mo":3,"sa":3,"ic":3},"geometry":{"type":"Polygon","coordinates":[[[-0.76303,53.49286],[-0.75133,53.49204],[-0.748,53.49533],[-0.7452,53.49737],[-0.73349,53.49587],[-0.71822,53.4934],[-0.71058,53.4906],[-0.70678,53.48973],[-0.69534,53.48838],[-0.68397,53.48812],[-0.69154,53.48188],[-0.70045,53.47333],[-0.69848,53.47247],[-0.69422,53.47161],[-0.69342,53.46929],[-0.69043,53.46944],[-0.69002,53.46916],[-0.68817,53.46925],[-0.6807,53.46854],[-0.67794,53.46893],[-0.67869,53.47157],[-0.67662,53.47865],[-0.67236,53.4814],[-0.66707,53.48241],[-0.66317,53.48259],[-0.66281,53.48202],[-0.66323,53.48186],[-0.66298,53.48008],[-0.66254,53.47978],[-0.66073,53.47986],[-0.66092,53.48025],[-0.65998,53.47996],[-0.66071,53.48066],[-0.66072,53.48118],[-0.65973,53.48134],[-0.66061,53.48184],[-0.6604,53.48229],[-0.65837,53.48198],[-0.65777,53.48224],[-0.65144,53.48011],[-0.64646,53.48007],[-0.63366,53.4776],[-0.63265,53.4755],[-0.63362,53.47498],[-0.63261,53.47384],[-0.63452,53.47307],[-0.63423,53.47268],[-0.63488,53.47239],[-0.63356,53.47129],[-0.6334,53.47043],[-0.63481,53.46955],[-0.62825,53.46407],[-0.62669,53.46155],[-0.6272,53.46046],[-0.62975,53.45822],[-0.63033,53.45821],[-0.63119,53.45571],[-0.63446,53.45004],[-0.63771,53.44691],[-0.63946,53.44389],[-0.63666,53.44328],[-0.63703,53.44141],[-0.64262,53.44051],[-0.65285,53.44072],[-0.65398,53.44106],[-0.6548,53.44037],[-0.65611,53.44058],[-0.65658,53.44008],[-0.65868,53.44049],[-0.66089,53.44147],[-0.66479,53.44223],[-0.6687,53.44261],[-0.67619,53.44279],[-0.67458,53.44864],[-0.6746,53.44961],[-0.6752,53.45014],[-0.67784,53.45089],[-0.687,53.45236],[-0.69551,53.45415],[-0.69771,53.45433],[-0.70017,53.45481],[-0.7109,53.45282],[-0.7111,53.45306],[-0.71663,53.45218],[-0.71794,53.4524],[-0.7236,53.45202],[-0.72645,53.45274],[-0.73529,53.45301],[-0.75365,53.4531],[-0.77192,53.45247],[-0.79305,53.45432],[-0.79481,53.45341],[-0.79242,53.45203],[-0.79352,53.45098],[-0.79542,53.45199],[-0.7986,53.44937],[-0.80016,53.44747],[-0.80073,53.44769],[-0.80121,53.4473],[-0.79796,53.4464],[-0.79955,53.44487],[-0.7963,53.44398],[-0.79995,53.44006],[-0.79257,53.43884],[-0.79327,53.43504],[-0.81059,53.43552],[-0.81074,53.43288],[-0.8038,53.43271],[-0.80431,53.43025],[-0.79956,53.43004],[-0.80042,53.4252],[-0.80847,53.42013],[-0.81722,53.42635],[-0.81758,53.42759],[-0.8155,53.43244],[-0.81855,53.43667],[-0.81997,53.44064],[-0.81897,53.44126],[-0.81159,53.4426],[-0.80902,53.44352],[-0.80468,53.44732],[-0.80196,53.45109],[-0.79992,53.45313],[-0.7931,53.45683],[-0.78522,53.46193],[-0.7836,53.46438],[-0.78495,53.47365],[-0.78401,53.47621],[-0.78258,53.47727],[-0.77959,53.47802],[-0.77765,53.47825],[-0.77257,53.47813],[-0.77151,53.47863],[-0.77062,53.47967],[-0.7709,53.48292],[-0.77471,53.48773],[-0.775,53.48876],[-0.77287,53.49104],[-0.76901,53.49327],[-0.7678,53.49432],[-0.76776,53.49763],[-0.76724,53.4989],[-0.76591,53.49989],[-0.76379,53.50032],[-0.76116,53.50046],[-0.75794,53.50009],[-0.75807,53.49971],[-0.75721,53.49691],[-0.76024,53.49519],[-0.76152,53.4937],[-0.76259,53.49363],[-0.76303,53.49286]]]}},{"type":"Feature","properties":{"id":"E01026404","name":"E01026404","parent":"E07000142","type":"LSOA","pop":2614,"r":2,"ff":1,"ffd":38.3,"ffs":0.5,"g":0,"co":3,"mo":3,"sa":3,"ic":1},"geometry":{"type":"Polygon","coordinates":[[[-0.6425,53.35873],[-0.64032,53.34868],[-0.64042,53.34721],[-0.63418,53.34745],[-0.61695,53.3491],[-0.60649,53.34953],[-0.60771,53.34643],[-0.61009,53.34226],[-0.6101,53.33998],[-0.61231,53.33802],[-0.61331,53.33802],[-0.61323,53.33749],[-0.61462,53.33557],[-0.61394,53.33385],[-0.61627,53.33228],[-0.62487,53.33154],[-0.63753,53.33126],[-0.64412,53.33066],[-0.64299,53.32914],[-0.64089,53.32782],[-0.64054,53.32682],[-0.63958,53.32647],[-0.63806,53.32654],[-0.6372,53.32608],[-0.63693,53.32551],[-0.63747,53.32483],[-0.63782,53.32359],[-0.63976,53.32174],[-0.64015,53.31944],[-0.64079,53.31923],[-0.64199,53.31959],[-0.64265,53.31866],[-0.64401,53.31802],[-0.6433,53.31682],[-0.64329,53.3133],[-0.64131,53.31211],[-0.64066,53.31095],[-0.6384,53.31016],[-0.63868,53.30809],[-0.63931,53.30655],[-0.64048,53.30633],[-0.64051,53.30543],[-0.64201,53.30262],[-0.64487,53.30137],[-0.64544,53.29996],[-0.64411,53.29913],[-0.64391,53.29813],[-0.6444,53.29782],[-0.65225,53.29835],[-0.65298,53.29848],[-0.65387,53.29944],[-0.65546,53.30017],[-0.66117,53.30072],[-0.66671,53.30188],[-0.68427,53.30171],[-0.69255,53.29986],[-0.69709,53.29927],[-0.69733,53.29976],[-0.70002,53.2996],[-0.70233,53.29981],[-0.7053,53.29962],[-0.70759,53.29911],[-0.71563,53.29884],[-0.71591,53.29938],[-0.7153,53.30023],[-0.71517,53.30378],[-0.71545,53.30603],[-0.71379,53.3064],[-0.71447,53.3099],[-0.7154,53.31074],[-0.71563,53.31193],[-0.71465,53.31515],[-0.71354,53.31614],[-0.70937,53.31697],[-0.70903,53.31727],[-0.70972,53.31889],[-0.70932,53.32069],[-0.70584,53.3258],[-0.70597,53.32659],[-0.70859,53.32989],[-0.70403,53.33061],[-0.7063,53.33711],[-0.70985,53.33696],[-0.70988,53.33746],[-0.70896,53.33804],[-0.70909,53.3398],[-0.70808,53.34155],[-0.71011,53.34409],[-0.71291,53.34628],[-0.71377,53.34765],[-0.71487,53.34759],[-0.71547,53.34906],[-0.71994,53.34902],[-0.71973,53.35266],[-0.72031,53.35466],[-0.71177,53.35495],[-0.7018,53.35577],[-0.69611,53.35573],[-0.67816,53.35668],[-0.67363,53.35731],[-0.67101,53.35666],[-0.67075,53.35693],[-0.66513,53.35755],[-0.66476,53.3572],[-0.66191,53.35794],[-0.66157,53.35764],[-0.6425,53.35873]]]}},{"type":"Feature","properties":{"id":"E01026405","name":"E01026405","parent":"E07000142","type":"LSOA","pop":1671,"r":148,"ff":46,"ffd":2752.8,"ffs":0.4554,"g":46,"co":3,"mo":2,"sa":2,"ic":0},"geometry":{"type":"Polygon","coordinates":[[[-0.41081,53.29737],[-0.41037,53.29631],[-0.41498,53.28917],[-0.41678,53.2854],[-0.41663,53.28459],[-0.41234,53.2823],[-0.4111,53.28078],[-0.40717,53.278],[-0.4042,53.27696],[-0.40928,53.27567],[-0.41106,53.27492],[-0.42655,53.2698],[-0.42677,53.2694],[-0.4322,53.26808],[-0.43307,53.26913],[-0.43502,53.26875],[-0.43692,53.26889],[-0.43845,53.26847],[-0.43946,53.26652],[-0.44125,53.26675],[-0.44348,53.26766],[-0.44308,53.26874],[-0.44472,53.26956],[-0.44701,53.26896],[-0.44798,53.26993],[-0.44707,53.27026],[-0.44759,53.27052],[-0.44759,53.27144],[-0.44661,53.27148],[-0.44654,53.27114],[-0.44599,53.27114],[-0.44613,53.27144],[-0.44527,53.27174],[-0.44537,53.2722],[-0.4423,53.27229],[-0.44251,53.27281],[-0.44571,53.27323],[-0.44807,53.27268],[-0.44945,53.2729],[-0.44987,53.27368],[-0.4513,53.2738],[-0.45149,53.27407],[-0.45249,53.27401],[-0.45268,53.27428],[-0.45417,53.27454],[-0.4552,53.27536],[-0.45655,53.27553],[-0.46433,53.27469],[-0.46605,53.27702],[-0.46738,53.27769],[-0.46836,53.27902],[-0.47186,53.27871],[-0.47308,53.2809],[-0.47427,53.28028],[-0.47598,53.28307],[-0.47724,53.28254],[-0.47808,53.28337],[-0.48206,53.28355],[-0.48877,53.28359],[-0.49711,53.2831],[-0.49675,53.2844],[-0.496,53.28502],[-0.49978,53.28501],[-0.49992,53.28525],[-0.51091,53.28475],[-0.51066,53.28856],[-0.4999,53.28869],[-0.48976,53.28964],[-0.48763,53.28941],[-0.48248,53.2902],[-0.47747,53.28996],[-0.47668,53.29006],[-0.47675,53.29099],[-0.46831,53.29171],[-0.45967,53.29315],[-0.45791,53.2931],[-0.45326,53.29435],[-0.45064,53.29427],[-0.44201,53.2955],[-0.42774,53.297],[-0.42199,53.29748],[-0.41863,53.29733],[-0.41527,53.29825],[-0.41256,53.29833],[-0.41081,53.29737]]]}},{"type":"Feature","properties":{"id":"E01026406","name":"E01026406","parent":"E07000142","type":"LSOA","pop":1252,"r":145,"ff":47,"ffd":3754.0,"ffs":0.4747,"g":45,"co":3,"mo":2,"sa":2,"ic":0},"geometry":{"type":"Polygon","coordinates":[[[-0.45268,53.27428],[-0.45249,53.27401],[-0.45149,53.27407],[-0.4513,53.2738],[-0.44987,53.27368],[-0.44945,53.2729],[-0.44807,53.27268],[-0.44571,53.27323],[-0.44251,53.27281],[-0.4423,53.27229],[-0.44537,53.2722],[-0.44527,53.27174],[-0.44613,53.27144],[-0.44599,53.27114],[-0.44654,53.27114],[-0.44661,53.27148],[-0.44759,53.27144],[-0.44759,53.27052],[-0.44707,53.27026],[-0.44798,53.26993],[-0.44701,53.26896],[-0.44472,53.26956],[-0.44358,53.26904],[-0.44308,53.26874],[-0.44348,53.26766],[-0.44125,53.26675],[-0.43946,53.26652],[-0.43845,53.26847],[-0.43692,53.26889],[-0.43502,53.26875],[-0.43307,53.26913],[-0.4322,53.26808],[-0.4353,53.26688],[-0.43514,53.26667],[-0.44847,53.26202],[-0.44876,53.26249],[-0.45686,53.25997],[-0.45913,53.26358],[-0.45959,53.26585],[-0.46129,53.26967],[-0.46095,53.26975],[-0.46433,53.27469],[-0.45655,53.27553],[-0.4552,53.27536],[-0.45417,53.27454],[-0.45268,53.27428]]]}},{"type":"Feature","properties":{"id":"E01026407","name":"E01026407","parent":"E07000142","type":"LSOA","pop":1370,"r":5,"ff":3,"ffd":219.0,"ffs":0.6,"g":0,"co":3,"mo":3,"sa":3,"ic":3},"geometry":{"type":"Polygon","coordinates":[[[-0.69086,53.45317],[-0.687,53.45236],[-0.67784,53.45089],[-0.6752,53.45014],[-0.6746,53.44961],[-0.67458,53.44864],[-0.67664,53.44136],[-0.67589,53.43819],[-0.67645,53.43558],[-0.67785,53.43285],[-0.67756,53.42828],[-0.68216,53.42874],[-0.68915,53.42872],[-0.68926,53.42938],[-0.69264,53.4296],[-0.69223,53.42712],[-0.70003,53.42648],[-0.70296,53.42685],[-0.70654,53.42633],[-0.71011,53.42636],[-0.71146,53.42672],[-0.71502,53.42684],[-0.7185,53.42751],[-0.72094,53.42537],[-0.72389,53.42092],[-0.72871,53.42077],[-0.72938,53.42127],[-0.73185,53.42053],[-0.73393,53.42028],[-0.73586,53.42132],[-0.73645,53.42089],[-0.73518,53.42003],[-0.73463,53.41895],[-0.7364,53.4175],[-0.73748,53.41713],[-0.74109,53.41681],[-0.74464,53.41743],[-0.7457,53.41197],[-0.74664,53.41131],[-0.74765,53.41125],[-0.74915,53.4105],[-0.7491,53.41021],[-0.74171,53.41203],[-0.73465,53.41464],[-0.73393,53.41365],[-0.74072,53.41107],[-0.7492,53.40907],[-0.74956,53.40754],[-0.75676,53.4105],[-0.76079,53.4108],[-0.76692,53.41199],[-0.77853,53.41318],[-0.77655,53.41667],[-0.77329,53.41975],[-0.77196,53.41887],[-0.76602,53.422],[-0.76731,53.42342],[-0.774,53.42051],[-0.77761,53.42254],[-0.77675,53.42284],[-0.78328,53.42791],[-0.7808,53.42891],[-0.79404,53.43104],[-0.79257,53.43884],[-0.79995,53.44006],[-0.7963,53.44398],[-0.79955,53.44487],[-0.79796,53.4464],[-0.80121,53.4473],[-0.80073,53.44769],[-0.80016,53.44747],[-0.7986,53.44937],[-0.79542,53.45199],[-0.79352,53.45098],[-0.79242,53.45203],[-0.79481,53.45341],[-0.79305,53.45432],[-0.77192,53.45247],[-0.75365,53.4531],[-0.73529,53.45301],[-0.72645,53.45274],[-0.7236,53.45202],[-0.71794,53.4524],[-0.71663,53.45218],[-0.7111,53.45306],[-0.7109,53.45282],[-0.70017,53.45481],[-0.69771,53.45433],[-0.69551,53.45415],[-0.69086,53.45317]]]}},{"type":"Feature","properties":{"id":"E01026408","name":"E01026408","parent":"E07000142","type":"LSOA","pop":1384,"r":5,"ff":3,"ffd":216.8,"ffs":0.6,"g":0,"co":3,"mo":3,"sa":3,"ic":1},"geometry":{"type":"Polygon","coordinates":[[[-0.77761,53.42254],[-0.774,53.42051],[-0.76731,53.42342],[-0.76602,53.422],[-0.77196,53.41887],[-0.77329,53.41975],[-0.77655,53.41667],[-0.77853,53.41318],[-0.7816,53.41376],[-0.78788,53.41431],[-0.78804,53.41525],[-0.78905,53.41571],[-0.79045,53.41573],[-0.7947,53.41496],[-0.79651,53.41529],[-0.80426,53.41781],[-0.80847,53.42013],[-0.80042,53.4252],[-0.79956,53.43004],[-0.80431,53.43025],[-0.8038,53.43271],[-0.81074,53.43288],[-0.81059,53.43552],[-0.79327,53.43504],[-0.79404,53.43104],[-0.7808,53.42891],[-0.78328,53.42791],[-0.77675,53.42284],[-0.77761,53.42254]]]}},{"type":"Feature","properties":{"id":"E01026409","name":"E01026409","parent":"E07000142","type":"LSOA","pop":1339,"r":2,"ff":1,"ffd":74.7,"ffs":0.5,"g":0,"co":3,"mo":3,"sa":3,"ic":1},"geometry":{"type":"Polygon","coordinates":[[[-0.75815,53.29256],[-0.75669,53.29232],[-0.75352,53.29248],[-0.75004,53.29333],[-0.74384,53.29285],[-0.74044,53.2919],[-0.7367,53.29274],[-0.73179,53.29281],[-0.72306,53.29167],[-0.72162,53.29107],[-0.71063,53.27775],[-0.70331,53.2675],[-0.69783,53.26075],[-0.69476,53.2584],[-0.71298,53.25814],[-0.71952,53.25715],[-0.72177,53.2561],[-0.72407,53.25558],[-0.72593,53.25528],[-0.72713,53.25544],[-0.73415,53.254],[-0.73498,53.25152],[-0.7341,53.24906],[-0.73479,53.24766],[-0.73508,53.24387],[-0.74058,53.24367],[-0.74721,53.24439],[-0.76037,53.24521],[-0.76061,53.24559],[-0.76321,53.24588],[-0.77097,53.24613],[-0.77101,53.24673],[-0.7765,53.24689],[-0.7763,53.24847],[-0.7777,53.25058],[-0.77791,53.25212],[-0.7767,53.25249],[-0.77209,53.25232],[-0.7698,53.2527],[-0.76978,53.25393],[-0.77209,53.25588],[-0.77186,53.2559],[-0.77167,53.25784],[-0.77226,53.25843],[-0.77255,53.25848],[-0.77241,53.26113],[-0.76494,53.26995],[-0.76372,53.27187],[-0.76365,53.27309],[-0.76481,53.27439],[-0.76796,53.27554],[-0.77216,53.27808],[-0.7742,53.28047],[-0.77715,53.28212],[-0.77722,53.28386],[-0.77409,53.28643],[-0.7665,53.2913],[-0.76476,53.2932],[-0.76411,53.29498],[-0.76425,53.29818],[-0.76255,53.29918],[-0.76076,53.29908],[-0.75934,53.29795],[-0.75904,53.2972],[-0.7596,53.29366],[-0.75815,53.29256]]]}},{"type":"Feature","properties":{"id":"E01026410","name":"E01026410","parent":"E07000142","type":"LSOA","pop":1602,"r":2,"ff":1,"ffd":62.4,"ffs":0.5,"g":0,"co":3,"mo":3,"sa":3,"ic":1},"geometry":{"type":"Polygon","coordinates":[[[-0.71291,53.34628],[-0.71011,53.34409],[-0.70808,53.34155],[-0.70909,53.3398],[-0.70896,53.33804],[-0.70988,53.33746],[-0.70985,53.33696],[-0.7063,53.33711],[-0.70403,53.33061],[-0.70859,53.32989],[-0.70597,53.32659],[-0.70584,53.3258],[-0.70932,53.32069],[-0.70972,53.31889],[-0.70903,53.31727],[-0.70937,53.31697],[-0.71354,53.31614],[-0.71465,53.31515],[-0.71563,53.31193],[-0.7154,53.31074],[-0.71447,53.3099],[-0.71379,53.3064],[-0.71545,53.30603],[-0.71517,53.30378],[-0.7153,53.30023],[-0.71591,53.29938],[-0.71563,53.29884],[-0.70759,53.29911],[-0.7053,53.29962],[-0.70233,53.29981],[-0.70002,53.2996],[-0.69733,53.29976],[-0.69709,53.29927],[-0.69725,53.29812],[-0.69673,53.29653],[-0.69568,53.29501],[-0.6962,53.29313],[-0.69573,53.28834],[-0.69522,53.28724],[-0.69262,53.28452],[-0.691,53.28059],[-0.6886,53.28056],[-0.68545,53.27949],[-0.68557,53.27898],[-0.67989,53.27831],[-0.67838,53.27747],[-0.67747,53.27485],[-0.67881,53.27174],[-0.67806,53.26798],[-0.67887,53.26775],[-0.6784,53.26725],[-0.68327,53.26582],[-0.68296,53.26493],[-0.68113,53.26322],[-0.68871,53.26111],[-0.68975,53.25995],[-0.69186,53.25891],[-0.69178,53.25788],[-0.69352,53.25792],[-0.69476,53.2584],[-0.69783,53.26075],[-0.70331,53.2675],[-0.71063,53.27775],[-0.72162,53.29107],[-0.72306,53.29167],[-0.73179,53.29281],[-0.7367,53.29274],[-0.74044,53.2919],[-0.74384,53.29285],[-0.75009,53.29376],[-0.74623,53.30351],[-0.74685,53.30539],[-0.75189,53.30942],[-0.75295,53.31158],[-0.7533,53.31351],[-0.75321,53.31895],[-0.75269,53.32057],[-0.74953,53.32261],[-0.74851,53.32268],[-0.74941,53.32277],[-0.74923,53.32384],[-0.74968,53.32462],[-0.7515,53.32551],[-0.7537,53.32563],[-0.7582,53.32478],[-0.75991,53.32503],[-0.76184,53.32725],[-0.76593,53.33012],[-0.7652,53.33137],[-0.76155,53.33203],[-0.7601,53.33354],[-0.7595,53.33646],[-0.75618,53.33943],[-0.75632,53.34072],[-0.75763,53.34203],[-0.75711,53.34218],[-0.75619,53.34199],[-0.7518,53.34332],[-0.7445,53.34477],[-0.74357,53.34379],[-0.73811,53.34527],[-0.7377,53.34505],[-0.73417,53.345],[-0.72911,53.34563],[-0.72842,53.346],[-0.72669,53.34594],[-0.72469,53.34548],[-0.72267,53.34548],[-0.71938,53.346],[-0.71687,53.3472],[-0.71487,53.34759],[-0.71377,53.34765],[-0.71291,53.34628]]]}},{"type":"Feature","properties":{"id":"E01026411","name":"E01026411","parent":"E07000142","type":"LSOA","pop":2435,"r":0,"ff":0,"ffd":0.0,"ffs":null,"g":0,"co":3,"mo":3,"sa":3,"ic":3},"geometry":{"type":"Polygon","coordinates":[[[-0.46918,53.46742],[-0.46932,53.46614],[-0.46729,53.46493],[-0.46796,53.46405],[-0.4688,53.46406],[-0.46881,53.46376],[-0.46703,53.46269],[-0.46654,53.46195],[-0.46555,53.46174],[-0.46685,53.46074],[-0.46684,53.45917],[-0.46571,53.45764],[-0.46603,53.45701],[-0.46576,53.45491],[-0.46509,53.45392],[-0.46488,53.45299],[-0.46588,53.45203],[-0.46671,53.45196],[-0.46648,53.45121],[-0.46796,53.45016],[-0.46857,53.44922],[-0.4677,53.44829],[-0.46861,53.44762],[-0.46804,53.44543],[-0.46684,53.44503],[-0.46613,53.44434],[-0.46522,53.44266],[-0.46379,53.44274],[-0.46348,53.44223],[-0.46242,53.44165],[-0.46198,53.44171],[-0.46171,53.44123],[-0.46072,53.44109],[-0.45952,53.43983],[-0.46004,53.43918],[-0.4588,53.43825],[-0.45885,53.43616],[-0.4609,53.43598],[-0.46165,53.43551],[-0.4616,53.43507],[-0.46273,53.43449],[-0.46234,53.4341],[-0.46284,53.43295],[-0.46372,53.43274],[-0.46352,53.43083],[-0.46288,53.4298],[-0.46156,53.42911],[-0.46181,53.42856],[-0.46088,53.42837],[-0.46083,53.42711],[-0.46179,53.42718],[-0.46177,53.42664],[-0.46274,53.42659],[-0.46247,53.42522],[-0.46045,53.42389],[-0.4609,53.42324],[-0.4601,53.42239],[-0.45948,53.42249],[-0.45909,53.42199],[-0.45858,53.42216],[-0.45854,53.42188],[-0.45786,53.42185],[-0.45775,53.42137],[-0.45666,53.42118],[-0.45629,53.4206],[-0.45388,53.41971],[-0.45355,53.41986],[-0.45123,53.41821],[-0.44873,53.41547],[-0.44824,53.41306],[-0.45039,53.40469],[-0.45003,53.40217],[-0.4518,53.40138],[-0.4548,53.40065],[-0.45577,53.39831],[-0.45542,53.39703],[-0.45605,53.39534],[-0.45792,53.39404],[-0.45832,53.39318],[-0.45558,53.38974],[-0.45575,53.38713],[-0.4543,53.38563],[-0.45417,53.38448],[-0.44906,53.38436],[-0.44674,53.38496],[-0.44601,53.38447],[-0.44422,53.38453],[-0.44351,53.38301],[-0.44506,53.3816],[-0.44544,53.38056],[-0.44538,53.37817],[-0.44915,53.37605],[-0.45005,53.3741],[-0.45232,53.37271],[-0.4535,53.37253],[-0.45466,53.37068],[-0.45835,53.36975],[-0.45816,53.36859],[-0.45672,53.36633],[-0.45688,53.36505],[-0.45389,53.35846],[-0.46668,53.35574],[-0.46954,53.35553],[-0.47156,53.35486],[-0.472,53.35536],[-0.48932,53.35322],[-0.49229,53.35378],[-0.49552,53.35242],[-0.5091,53.35011],[-0.51921,53.34931],[-0.52705,53.34786],[-0.54081,53.3469],[-0.54458,53.34627],[-0.54553,53.36273],[-0.54528,53.36632],[-0.54656,53.37623],[-0.54791,53.39971],[-0.5507,53.44222],[-0.55132,53.44948],[-0.55098,53.4518],[-0.55175,53.45678],[-0.55171,53.46081],[-0.52971,53.46382],[-0.51249,53.46782],[-0.50878,53.46776],[-0.50891,53.46753],[-0.50529,53.46798],[-0.50532,53.46819],[-0.50003,53.46962],[-0.48376,53.4724],[-0.47175,53.47487],[-0.47113,53.47363],[-0.47135,53.47263],[-0.47065,53.47167],[-0.4713,53.47148],[-0.47176,53.47059],[-0.47134,53.47028],[-0.47187,53.4698],[-0.4714,53.46925],[-0.4701,53.46897],[-0.47018,53.4682],[-0.46972,53.46801],[-0.47017,53.46774],[-0.46918,53.46742]]]}},{"type":"Feature","properties":{"id":"E01026412","name":"E01026412","parent":"E07000142","type":"LSOA","pop":2250,"r":110,"ff":32,"ffd":1422.2,"ffs":0.4706,"g":41,"co":3,"mo":2,"sa":2,"ic":0},"geometry":{"type":"Polygon","coordinates":[[[-0.47733,53.31614],[-0.4773,53.31491],[-0.47474,53.3157],[-0.47393,53.31504],[-0.47108,53.31704],[-0.46441,53.31948],[-0.46074,53.31624],[-0.46083,53.31523],[-0.46713,53.31317],[-0.47096,53.3127],[-0.47332,53.31079],[-0.47486,53.30997],[-0.47474,53.30915],[-0.475,53.30945],[-0.47536,53.30895],[-0.47517,53.30794],[-0.47721,53.30722],[-0.47786,53.30778],[-0.47724,53.30818],[-0.47819,53.3081],[-0.47825,53.3084],[-0.47951,53.30836],[-0.47962,53.3081],[-0.48167,53.30875],[-0.48181,53.30907],[-0.48283,53.30897],[-0.48305,53.30943],[-0.48475,53.30904],[-0.48486,53.30873],[-0.48582,53.30882],[-0.48589,53.30922],[-0.48904,53.30852],[-0.48934,53.30931],[-0.49003,53.30936],[-0.49,53.30814],[-0.49217,53.3083],[-0.49182,53.30748],[-0.48999,53.30741],[-0.48988,53.30668],[-0.48845,53.30629],[-0.4886,53.30503],[-0.48826,53.30497],[-0.48787,53.3052],[-0.48821,53.30617],[-0.48458,53.3069],[-0.4844,53.30619],[-0.48385,53.30631],[-0.48349,53.30581],[-0.48319,53.30429],[-0.48398,53.30397],[-0.48377,53.30372],[-0.48488,53.30336],[-0.48413,53.30304],[-0.48409,53.30264],[-0.48994,53.299],[-0.49371,53.29803],[-0.4967,53.29678],[-0.50169,53.29597],[-0.50189,53.29624],[-0.50284,53.29601],[-0.50263,53.2957],[-0.51097,53.29364],[-0.51562,53.29278],[-0.51951,53.29277],[-0.51984,53.29341],[-0.52233,53.29267],[-0.52914,53.2915],[-0.54084,53.29092],[-0.54229,53.31109],[-0.53231,53.3115],[-0.50521,53.31646],[-0.49768,53.31752],[-0.47949,53.32124],[-0.47746,53.3177],[-0.47733,53.31614]]]}},{"type":"Feature","properties":{"id":"E01026413","name":"E01026413","parent":"E07000142","type":"LSOA","pop":2080,"r":122,"ff":36,"ffd":1730.8,"ffs":0.4557,"g":42,"co":3,"mo":2,"sa":2,"ic":0},"geometry":{"type":"Polygon","coordinates":[[[-0.47332,53.31079],[-0.4726,53.30811],[-0.47335,53.30763],[-0.47231,53.30779],[-0.47162,53.3072],[-0.47083,53.30739],[-0.47069,53.30781],[-0.46944,53.30783],[-0.46898,53.30662],[-0.47629,53.30422],[-0.48109,53.30183],[-0.48994,53.299],[-0.48409,53.30264],[-0.48413,53.30304],[-0.48488,53.30336],[-0.48377,53.30372],[-0.48398,53.30397],[-0.48319,53.30429],[-0.48349,53.30581],[-0.48385,53.30631],[-0.4844,53.30619],[-0.48458,53.3069],[-0.48821,53.30617],[-0.48787,53.3052],[-0.48826,53.30497],[-0.4886,53.30503],[-0.48845,53.30629],[-0.48988,53.30668],[-0.48999,53.30741],[-0.49182,53.30748],[-0.49217,53.3083],[-0.49,53.30814],[-0.49003,53.30936],[-0.48934,53.30931],[-0.48904,53.30852],[-0.48589,53.30922],[-0.48582,53.30882],[-0.48486,53.30873],[-0.48475,53.30904],[-0.48305,53.30943],[-0.48283,53.30897],[-0.48181,53.30907],[-0.48167,53.30875],[-0.47962,53.3081],[-0.47951,53.30836],[-0.47825,53.3084],[-0.47819,53.3081],[-0.47724,53.30818],[-0.47786,53.30778],[-0.47721,53.30722],[-0.47517,53.30794],[-0.47536,53.30895],[-0.475,53.30945],[-0.47474,53.30915],[-0.47486,53.30997],[-0.47332,53.31079]]]}},{"type":"Feature","properties":{"id":"E01026414","name":"E01026414","parent":"E07000142","type":"LSOA","pop":1919,"r":2,"ff":1,"ffd":52.1,"ffs":0.5,"g":0,"co":3,"mo":3,"sa":3,"ic":1},"geometry":{"type":"Polygon","coordinates":[[[-0.40597,53.38665],[-0.40591,53.3821],[-0.40507,53.37806],[-0.40323,53.37262],[-0.40112,53.37205],[-0.39916,53.37103],[-0.39813,53.36928],[-0.39665,53.36491],[-0.38501,53.36594],[-0.38444,53.36346],[-0.38446,53.3624],[-0.38509,53.3621],[-0.38487,53.35722],[-0.38624,53.35696],[-0.38578,53.35435],[-0.38617,53.354],[-0.38584,53.35234],[-0.38493,53.35083],[-0.3854,53.35048],[-0.38466,53.34825],[-0.38464,53.34644],[-0.38253,53.34299],[-0.38808,53.34042],[-0.3898,53.34199],[-0.39331,53.34147],[-0.3958,53.34167],[-0.39889,53.34086],[-0.40117,53.34071],[-0.40135,53.34155],[-0.40235,53.34173],[-0.40626,53.3408],[-0.40979,53.34035],[-0.4137,53.34071],[-0.42445,53.34007],[-0.42632,53.3402],[-0.42666,53.34056],[-0.42992,53.34028],[-0.43329,53.34097],[-0.43498,53.341],[-0.43787,53.34035],[-0.44181,53.34007],[-0.44213,53.33965],[-0.44062,53.33706],[-0.44199,53.33584],[-0.4419,53.33532],[-0.44038,53.33349],[-0.43789,53.33251],[-0.43797,53.33202],[-0.43701,53.3317],[-0.43618,53.33043],[-0.43514,53.32932],[-0.43126,53.32778],[-0.42801,53.32519],[-0.42715,53.32207],[-0.4245,53.31781],[-0.42436,53.31536],[-0.43084,53.31591],[-0.44272,53.31544],[-0.45011,53.31321],[-0.44928,53.3116],[-0.45456,53.31117],[-0.46163,53.30912],[-0.46497,53.30778],[-0.46898,53.30662],[-0.46944,53.30783],[-0.47069,53.30781],[-0.47083,53.30739],[-0.47162,53.3072],[-0.47231,53.30779],[-0.47335,53.30763],[-0.4726,53.30811],[-0.47332,53.31079],[-0.47096,53.3127],[-0.46713,53.31317],[-0.46083,53.31523],[-0.46074,53.31624],[-0.46441,53.31948],[-0.47108,53.31704],[-0.47393,53.31504],[-0.47474,53.3157],[-0.4773,53.31491],[-0.47746,53.3177],[-0.47949,53.32124],[-0.49768,53.31752],[-0.50521,53.31646],[-0.53231,53.3115],[-0.54229,53.31109],[-0.54458,53.34627],[-0.54081,53.3469],[-0.52705,53.34786],[-0.51921,53.34931],[-0.5091,53.35011],[-0.49552,53.35242],[-0.49229,53.35378],[-0.48932,53.35322],[-0.472,53.35536],[-0.47156,53.35486],[-0.46954,53.35553],[-0.46668,53.35574],[-0.45389,53.35846],[-0.45688,53.36505],[-0.45672,53.36633],[-0.45816,53.36859],[-0.45835,53.36975],[-0.45466,53.37068],[-0.4535,53.37253],[-0.45232,53.37271],[-0.45005,53.3741],[-0.44915,53.37605],[-0.44538,53.37817],[-0.44544,53.38056],[-0.44506,53.3816],[-0.44351,53.38301],[-0.44394,53.38408],[-0.44194,53.38452],[-0.44012,53.38574],[-0.43292,53.38609],[-0.42979,53.38543],[-0.42792,53.38575],[-0.42754,53.38617],[-0.42277,53.38636],[-0.42268,53.38595],[-0.42101,53.38609],[-0.42074,53.38548],[-0.40597,53.38665]]]}},{"type":"Feature","properties":{"id":"E01026415","name":"E01026415","parent":"E07000142","type":"LSOA","pop":1149,"r":4,"ff":3,"ffd":261.1,"ffs":0.75,"g":0,"co":3,"mo":3,"sa":3,"ic":3},"geometry":{"type":"Polygon","coordinates":[[[-0.1972,53.48521],[-0.19436,53.48374],[-0.19145,53.48388],[-0.18935,53.48478],[-0.18843,53.48445],[-0.18895,53.48375],[-0.18872,53.48303],[-0.18721,53.48254],[-0.18691,53.48207],[-0.18784,53.48082],[-0.18773,53.48036],[-0.1844,53.47929],[-0.18511,53.47719],[-0.18301,53.47655],[-0.1825,53.47612],[-0.18227,53.47179],[-0.18317,53.46938],[-0.18192,53.46934],[-0.1818,53.46871],[-0.17748,53.46869],[-0.17695,53.46806],[-0.17531,53.46838],[-0.17509,53.46796],[-0.17287,53.46774],[-0.16864,53.46745],[-0.16693,53.46768],[-0.16631,53.46684],[-0.1595,53.46804],[-0.15805,53.46516],[-0.15371,53.46573],[-0.15721,53.46293],[-0.15606,53.46174],[-0.15659,53.46112],[-0.15855,53.46162],[-0.15697,53.45915],[-0.15647,53.45751],[-0.15506,53.45721],[-0.15461,53.45573],[-0.15199,53.45243],[-0.15259,53.45229],[-0.15073,53.44902],[-0.15023,53.44904],[-0.14929,53.44686],[-0.14868,53.44687],[-0.14748,53.44456],[-0.14445,53.44095],[-0.13905,53.44152],[-0.13792,53.44003],[-0.13425,53.44074],[-0.13421,53.4395],[-0.13335,53.43758],[-0.13181,53.43594],[-0.13488,53.43624],[-0.14165,53.43488],[-0.15898,53.43716],[-0.16096,53.43657],[-0.16173,53.43729],[-0.16339,53.43706],[-0.16385,53.43806],[-0.16439,53.43827],[-0.16708,53.4378],[-0.1678,53.43858],[-0.17282,53.43819],[-0.17533,53.43831],[-0.17724,53.43887],[-0.18052,53.4407],[-0.1852,53.4372],[-0.18912,53.43561],[-0.18934,53.43509],[-0.19107,53.43475],[-0.19514,53.43485],[-0.19829,53.43358],[-0.19742,53.4324],[-0.19905,53.43183],[-0.1987,53.43105],[-0.19997,53.43131],[-0.20228,53.43053],[-0.20484,53.4302],[-0.20504,53.43047],[-0.21206,53.42872],[-0.21283,53.42936],[-0.21447,53.42864],[-0.21679,53.42542],[-0.21706,53.42411],[-0.21268,53.42009],[-0.21172,53.41851],[-0.21197,53.41681],[-0.21162,53.41552],[-0.2096,53.41376],[-0.2102,53.41202],[-0.20998,53.41131],[-0.20815,53.40941],[-0.20602,53.40843],[-0.21317,53.40444],[-0.21426,53.40494],[-0.21637,53.40421],[-0.21844,53.40305],[-0.2165,53.40159],[-0.21856,53.39982],[-0.2195,53.39951],[-0.22176,53.39971],[-0.2238,53.39893],[-0.22468,53.39961],[-0.22939,53.39806],[-0.23047,53.39973],[-0.23096,53.40212],[-0.23387,53.40693],[-0.23894,53.41737],[-0.24438,53.42041],[-0.25894,53.42392],[-0.26768,53.42677],[-0.26874,53.42748],[-0.27075,53.42985],[-0.27307,53.43401],[-0.27567,53.43658],[-0.27533,53.43951],[-0.27703,53.44233],[-0.27981,53.4455],[-0.28405,53.4486],[-0.28839,53.45226],[-0.29366,53.45929],[-0.28856,53.46062],[-0.28457,53.46105],[-0.28109,53.4618],[-0.27772,53.46305],[-0.27639,53.46246],[-0.27404,53.464],[-0.26957,53.46433],[-0.26028,53.46651],[-0.26031,53.46715],[-0.24724,53.46895],[-0.23502,53.47115],[-0.23394,53.47106],[-0.23312,53.47227],[-0.23313,53.47316],[-0.23492,53.47541],[-0.23147,53.47744],[-0.22009,53.48231],[-0.21359,53.4855],[-0.2106,53.48629],[-0.2024,53.48665],[-0.19859,53.48535],[-0.1972,53.48521]]]}},{"type":"Feature","properties":{"id":"E01026416","name":"E01026416","parent":"E07000142","type":"LSOA","pop":1325,"r":0,"ff":0,"ffd":0.0,"ffs":null,"g":0,"co":3,"mo":3,"sa":3,"ic":3},"geometry":{"type":"Polygon","coordinates":[[[-0.2395,53.48486],[-0.23147,53.47744],[-0.23492,53.47541],[-0.23313,53.47316],[-0.23312,53.47227],[-0.23394,53.47106],[-0.23502,53.47115],[-0.24724,53.46895],[-0.26031,53.46715],[-0.26028,53.46651],[-0.26957,53.46433],[-0.27404,53.464],[-0.27639,53.46246],[-0.27772,53.46305],[-0.28109,53.4618],[-0.28457,53.46105],[-0.28856,53.46062],[-0.29366,53.45929],[-0.28839,53.45226],[-0.28405,53.4486],[-0.28804,53.44735],[-0.29493,53.44376],[-0.29467,53.44285],[-0.29254,53.4415],[-0.293,53.43862],[-0.292,53.43816],[-0.29027,53.43614],[-0.29171,53.432],[-0.29058,53.43042],[-0.29059,53.42981],[-0.29265,53.42668],[-0.29388,53.42556],[-0.29689,53.42424],[-0.298,53.42226],[-0.29941,53.42151],[-0.30826,53.41932],[-0.32025,53.42092],[-0.32168,53.4215],[-0.3237,53.42172],[-0.32654,53.42277],[-0.32828,53.42364],[-0.32885,53.42469],[-0.33099,53.42584],[-0.3319,53.42585],[-0.33331,53.42655],[-0.33971,53.42802],[-0.33999,53.43033],[-0.34096,53.43291],[-0.34498,53.43471],[-0.34774,53.43651],[-0.34554,53.43826],[-0.34483,53.4395],[-0.34568,53.43984],[-0.34604,53.44041],[-0.3484,53.44131],[-0.34917,53.44367],[-0.35017,53.44511],[-0.3585,53.44427],[-0.36004,53.44651],[-0.35943,53.44657],[-0.36029,53.44834],[-0.35856,53.45028],[-0.35774,53.45466],[-0.36444,53.45448],[-0.36568,53.45472],[-0.36662,53.45522],[-0.36667,53.45565],[-0.36921,53.45624],[-0.37467,53.45359],[-0.38019,53.45166],[-0.38315,53.45111],[-0.38618,53.45107],[-0.39027,53.45553],[-0.39732,53.46202],[-0.39822,53.46265],[-0.39974,53.46237],[-0.40086,53.46523],[-0.40192,53.4652],[-0.4022,53.46645],[-0.40179,53.46742],[-0.40144,53.46745],[-0.40021,53.46959],[-0.39674,53.47115],[-0.3918,53.47148],[-0.38898,53.47217],[-0.38738,53.47218],[-0.38777,53.47354],[-0.38163,53.47529],[-0.38009,53.47511],[-0.37261,53.4754],[-0.36442,53.47824],[-0.36249,53.47879],[-0.35992,53.47906],[-0.36314,53.48446],[-0.36435,53.49021],[-0.36681,53.49385],[-0.36673,53.49526],[-0.35752,53.49456],[-0.35561,53.49367],[-0.35148,53.4932],[-0.34956,53.49268],[-0.34561,53.49316],[-0.3402,53.49334],[-0.33993,53.49245],[-0.33879,53.49278],[-0.33771,53.49194],[-0.33292,53.49222],[-0.33273,53.49137],[-0.32773,53.49174],[-0.32698,53.4913],[-0.32398,53.49188],[-0.32417,53.49146],[-0.3234,53.49074],[-0.32095,53.49102],[-0.31594,53.49021],[-0.31256,53.49003],[-0.30701,53.49049],[-0.30672,53.49029],[-0.30405,53.49081],[-0.30361,53.488],[-0.30091,53.4845],[-0.29305,53.48545],[-0.28832,53.48654],[-0.28842,53.48687],[-0.28698,53.48799],[-0.28429,53.48928],[-0.27893,53.49106],[-0.27086,53.49314],[-0.26582,53.4956],[-0.2644,53.4961],[-0.26204,53.49639],[-0.25837,53.49825],[-0.25365,53.49345],[-0.24854,53.48988],[-0.24246,53.48707],[-0.2395,53.48486]]]}},{"type":"Feature","properties":{"id":"E01032683","name":"E01032683","parent":"E07000142","type":"LSOA","pop":2282,"r":9,"ff":3,"ffd":131.5,"ffs":0.3333,"g":0,"co":3,"mo":1,"sa":1,"ic":1},"geometry":{"type":"Polygon","coordinates":[[[-0.30093,53.61639],[-0.29824,53.61256],[-0.29229,53.61354],[-0.29042,53.61063],[-0.28696,53.61183],[-0.28548,53.60928],[-0.28119,53.60626],[-0.28304,53.60513],[-0.283,53.6045],[-0.28081,53.6041],[-0.27523,53.60233],[-0.2697,53.59851],[-0.2683,53.59941],[-0.26159,53.59573],[-0.25935,53.59696],[-0.25449,53.59244],[-0.25064,53.59382],[-0.24967,53.59394],[-0.24849,53.59363],[-0.2489,53.59322],[-0.24854,53.59301],[-0.24958,53.59255],[-0.24887,53.59198],[-0.24982,53.59125],[-0.24948,53.59115],[-0.25043,53.59073],[-0.25017,53.59051],[-0.25064,53.59029],[-0.24996,53.58988],[-0.2508,53.58945],[-0.25057,53.5891],[-0.25115,53.58828],[-0.24909,53.58689],[-0.25208,53.58501],[-0.25048,53.58447],[-0.24726,53.58683],[-0.24338,53.5858],[-0.24207,53.58705],[-0.24091,53.58665],[-0.23908,53.58818],[-0.23646,53.58646],[-0.23688,53.5862],[-0.23605,53.58599],[-0.23466,53.58624],[-0.23442,53.58599],[-0.23524,53.58557],[-0.23489,53.58467],[-0.2334,53.58289],[-0.23364,53.58268],[-0.23242,53.58246],[-0.23265,53.58219],[-0.23135,53.58109],[-0.23084,53.57987],[-0.23148,53.57958],[-0.22899,53.5776],[-0.22928,53.57742],[-0.22864,53.57687],[-0.22724,53.57614],[-0.22814,53.57535],[-0.22715,53.57475],[-0.22845,53.57349],[-0.22404,53.57211],[-0.2252,53.57056],[-0.22265,53.56803],[-0.21998,53.56948],[-0.21749,53.56845],[-0.21327,53.57009],[-0.21071,53.56945],[-0.21033,53.56981],[-0.20945,53.56962],[-0.20759,53.57083],[-0.20636,53.57024],[-0.20464,53.57161],[-0.2039,53.57129],[-0.20288,53.57143],[-0.20079,53.57039],[-0.2002,53.57093],[-0.1985,53.57012],[-0.19519,53.57162],[-0.19205,53.56882],[-0.18749,53.56357],[-0.18966,53.56272],[-0.18923,53.56225],[-0.19059,53.56184],[-0.18998,53.56099],[-0.19246,53.55991],[-0.19216,53.55968],[-0.19384,53.55853],[-0.20234,53.55019],[-0.20262,53.54983],[-0.20201,53.54949],[-0.20587,53.5468],[-0.2086,53.54428],[-0.20919,53.54317],[-0.21214,53.54105],[-0.21418,53.53894],[-0.21621,53.53599],[-0.21675,53.53596],[-0.21982,53.53262],[-0.22725,53.53291],[-0.22821,53.53261],[-0.23096,53.53247],[-0.23293,53.53175],[-0.24152,53.53071],[-0.24207,53.53043],[-0.25071,53.53022],[-0.25207,53.53089],[-0.24731,53.5337],[-0.25134,53.53811],[-0.25174,53.5459],[-0.25311,53.54731],[-0.25118,53.54823],[-0.25351,53.55112],[-0.25299,53.55199],[-0.2546,53.55223],[-0.25586,53.5528],[-0.25839,53.55473],[-0.25787,53.55566],[-0.25852,53.55606],[-0.25744,53.55694],[-0.25772,53.55715],[-0.25737,53.55748],[-0.26148,53.55971],[-0.26066,53.56069],[-0.26702,53.56622],[-0.26622,53.56676],[-0.2695,53.56861],[-0.26884,53.56901],[-0.27069,53.56993],[-0.26951,53.57053],[-0.27302,53.57274],[-0.27252,53.57308],[-0.27436,53.57435],[-0.27646,53.57397],[-0.27759,53.57431],[-0.28198,53.57255],[-0.28294,53.57295],[-0.28347,53.57238],[-0.2846,53.57198],[-0.28967,53.57112],[-0.3008,53.56825],[-0.30112,53.56836],[-0.31181,53.56234],[-0.31534,53.56201],[-0.31925,53.56212],[-0.32323,53.56294],[-0.32436,53.56247],[-0.32618,53.56087],[-0.33314,53.55858],[-0.33583,53.55869],[-0.3304,53.56626],[-0.32987,53.56633],[-0.32878,53.56854],[-0.32693,53.57092],[-0.32331,53.57463],[-0.3229,53.57538],[-0.32363,53.57609],[-0.32001,53.57896],[-0.32095,53.57957],[-0.31762,53.58096],[-0.31815,53.58132],[-0.3163,53.58227],[-0.31694,53.58271],[-0.3154,53.58322],[-0.31568,53.58379],[-0.31429,53.58395],[-0.3144,53.58558],[-0.31244,53.58576],[-0.31287,53.58707],[-0.31209,53.58712],[-0.3123,53.58773],[-0.31079,53.58772],[-0.31092,53.58829],[-0.31033,53.58834],[-0.31087,53.59015],[-0.30853,53.5902],[-0.30352,53.59083],[-0.30458,53.59386],[-0.30074,53.59542],[-0.30405,53.60055],[-0.30317,53.60144],[-0.30384,53.60189],[-0.30308,53.60238],[-0.30348,53.6028],[-0.30313,53.60289],[-0.30509,53.60473],[-0.30497,53.60573],[-0.30617,53.60734],[-0.30604,53.60856],[-0.30768,53.61149],[-0.30855,53.61428],[-0.3063,53.61406],[-0.30494,53.61428],[-0.3044,53.61447],[-0.3045,53.61484],[-0.30093,53.61639]]]}},{"type":"Feature","properties":{"id":"E01034706","name":"E01034706","parent":"E07000142","type":"LSOA","pop":2044,"r":140,"ff":38,"ffd":1859.1,"ffs":0.427,"g":50,"co":2,"mo":2,"sa":2,"ic":0},"geometry":{"type":"Polygon","coordinates":[[[-0.65225,53.29835],[-0.6444,53.29782],[-0.64391,53.29813],[-0.64209,53.29826],[-0.64204,53.29733],[-0.64429,53.29561],[-0.64314,53.2948],[-0.64051,53.29444],[-0.64156,53.29314],[-0.64096,53.29174],[-0.64195,53.2908],[-0.64221,53.28962],[-0.64394,53.28996],[-0.64445,53.28961],[-0.6441,53.28697],[-0.64599,53.28677],[-0.64684,53.2857],[-0.64659,53.28493],[-0.64532,53.28417],[-0.64564,53.28365],[-0.64722,53.28283],[-0.64725,53.28235],[-0.64509,53.28057],[-0.64136,53.28006],[-0.63878,53.27912],[-0.63678,53.27656],[-0.63603,53.27445],[-0.63047,53.27038],[-0.63006,53.26924],[-0.62776,53.26849],[-0.62574,53.26299],[-0.64294,53.26413],[-0.65445,53.2655],[-0.6552,53.26693],[-0.65578,53.26701],[-0.65572,53.26736],[-0.65518,53.26742],[-0.65546,53.26829],[-0.65415,53.26842],[-0.65446,53.26878],[-0.65385,53.26943],[-0.65152,53.27011],[-0.64957,53.27279],[-0.64711,53.27435],[-0.64951,53.2747],[-0.65614,53.27446],[-0.65927,53.27392],[-0.6624,53.27493],[-0.66206,53.2755],[-0.66152,53.27555],[-0.66186,53.27597],[-0.66213,53.27559],[-0.6627,53.27567],[-0.66649,53.27464],[-0.66566,53.2728],[-0.66614,53.27275],[-0.6663,53.27308],[-0.66672,53.27291],[-0.66621,53.27244],[-0.66473,53.27264],[-0.66409,53.27245],[-0.66453,53.27184],[-0.66527,53.27149],[-0.6654,53.27063],[-0.66719,53.27069],[-0.66731,53.27119],[-0.66663,53.27148],[-0.66711,53.27223],[-0.66838,53.27326],[-0.66932,53.27306],[-0.66904,53.27267],[-0.66981,53.27186],[-0.67148,53.27143],[-0.67164,53.27184],[-0.67216,53.27167],[-0.67344,53.27359],[-0.67294,53.27245],[-0.67439,53.272],[-0.67428,53.27145],[-0.67597,53.26823],[-0.67718,53.2668],[-0.67969,53.26682],[-0.6784,53.26725],[-0.67887,53.26775],[-0.67806,53.26798],[-0.67881,53.27174],[-0.67747,53.27485],[-0.67838,53.27747],[-0.67989,53.27831],[-0.68557,53.27898],[-0.68545,53.27949],[-0.6886,53.28056],[-0.691,53.28059],[-0.69262,53.28452],[-0.69522,53.28724],[-0.69573,53.28834],[-0.6962,53.29313],[-0.69568,53.29501],[-0.69673,53.29653],[-0.69725,53.29812],[-0.69709,53.29927],[-0.69255,53.29986],[-0.68427,53.30171],[-0.67172,53.30189],[-0.66671,53.30188],[-0.66117,53.30072],[-0.65546,53.30017],[-0.65387,53.29944],[-0.65298,53.29848],[-0.65225,53.29835]]]}},{"type":"Feature","properties":{"id":"E01034707","name":"E01034707","parent":"E07000142","type":"LSOA","pop":1324,"r":208,"ff":76,"ffd":5740.2,"ffs":0.5,"g":55,"co":2,"mo":2,"sa":0,"ic":0},"geometry":{"type":"Polygon","coordinates":[[[-0.63648,53.30014],[-0.63583,53.29954],[-0.63466,53.29921],[-0.63132,53.29929],[-0.63088,53.29889],[-0.62804,53.29894],[-0.62026,53.2983],[-0.62034,53.29697],[-0.61973,53.29646],[-0.61401,53.29714],[-0.60055,53.29576],[-0.58591,53.29486],[-0.55853,53.29204],[-0.54084,53.29088],[-0.53858,53.25456],[-0.54495,53.25387],[-0.55466,53.25215],[-0.5569,53.25196],[-0.57223,53.2494],[-0.59511,53.24517],[-0.5992,53.24837],[-0.61788,53.26049],[-0.62574,53.26299],[-0.62776,53.26849],[-0.63006,53.26924],[-0.63047,53.27038],[-0.63603,53.27445],[-0.63678,53.27656],[-0.63878,53.27912],[-0.64136,53.28006],[-0.64509,53.28057],[-0.64725,53.28235],[-0.64722,53.28283],[-0.64564,53.28365],[-0.64532,53.28417],[-0.64659,53.28493],[-0.64684,53.2857],[-0.64599,53.28677],[-0.6441,53.28697],[-0.64445,53.28961],[-0.64394,53.28996],[-0.64221,53.28962],[-0.64195,53.2908],[-0.64096,53.29174],[-0.64156,53.29314],[-0.64051,53.29444],[-0.64314,53.2948],[-0.64429,53.29561],[-0.64204,53.29733],[-0.64209,53.29826],[-0.64022,53.299],[-0.6402,53.29952],[-0.63946,53.29978],[-0.63756,53.29967],[-0.63648,53.30014]]]}}]}