{"type":"FeatureCollection","features":[{"type":"Feature","properties":{"id":"E01023972","name":"E01023972","parent":"E07000105","type":"LSOA","pop":1368,"r":155,"ff":70,"ffd":5117.0,"ffs":0.56,"g":29,"co":0,"mo":2,"sa":0,"ic":0},"geometry":{"type":"Polygon","coordinates":[[[0.89509,51.13948],[0.89903,51.13736],[0.89861,51.1366],[0.89941,51.13631],[0.89905,51.13561],[0.89634,51.13565],[0.89529,51.13493],[0.89457,51.13517],[0.89366,51.13457],[0.89288,51.13466],[0.89262,51.13422],[0.88983,51.1355],[0.89065,51.13606],[0.89159,51.13614],[0.89179,51.13701],[0.89315,51.13704],[0.89323,51.13738],[0.89103,51.13779],[0.89109,51.13814],[0.89163,51.13815],[0.89195,51.13851],[0.8914,51.13916],[0.89119,51.13853],[0.89019,51.13858],[0.89008,51.13896],[0.89068,51.13926],[0.89011,51.13931],[0.89018,51.14102],[0.88891,51.14166],[0.8894,51.14234],[0.89509,51.13948]]]}},{"type":"Feature","properties":{"id":"E01023973","name":"E01023973","parent":"E07000105","type":"LSOA","pop":2962,"r":155,"ff":70,"ffd":2363.3,"ffs":0.56,"g":29,"co":0,"mo":2,"sa":0,"ic":0},"geometry":{"type":"Polygon","coordinates":[[[0.88106,51.14033],[0.88335,51.13989],[0.88632,51.14019],[0.88891,51.14166],[0.89018,51.14102],[0.89011,51.13931],[0.89068,51.13926],[0.89008,51.13896],[0.89019,51.13858],[0.89119,51.13853],[0.8914,51.13916],[0.89195,51.13851],[0.89163,51.13815],[0.89109,51.13814],[0.89103,51.13779],[0.89323,51.13738],[0.89315,51.13704],[0.89179,51.13701],[0.89159,51.13614],[0.89065,51.13606],[0.88983,51.1355],[0.88777,51.13613],[0.88602,51.13565],[0.88063,51.13506],[0.88026,51.13409],[0.87931,51.13389],[0.87898,51.13969],[0.87863,51.14093],[0.87749,51.1421],[0.88106,51.14033]]]}},{"type":"Feature","properties":{"id":"E01023974","name":"E01023974","parent":"E07000105","type":"LSOA","pop":1620,"r":152,"ff":69,"ffd":4259.3,"ffs":0.561,"g":28,"co":0,"mo":2,"sa":0,"ic":0},"geometry":{"type":"Polygon","coordinates":[[[0.85345,51.13984],[0.85581,51.13814],[0.85553,51.13792],[0.85507,51.13808],[0.85436,51.13757],[0.85309,51.13834],[0.85266,51.13809],[0.85197,51.13827],[0.85133,51.13787],[0.85068,51.13825],[0.8503,51.13784],[0.84976,51.13787],[0.8499,51.13813],[0.84904,51.13859],[0.84706,51.13845],[0.84744,51.14017],[0.84846,51.14163],[0.85075,51.14328],[0.85277,51.14106],[0.85345,51.13984]]]}},{"type":"Feature","properties":{"id":"E01023975","name":"E01023975","parent":"E07000105","type":"LSOA","pop":2390,"r":152,"ff":69,"ffd":2887.0,"ffs":0.561,"g":28,"co":0,"mo":2,"sa":0,"ic":0},"geometry":{"type":"Polygon","coordinates":[[[0.85752,51.14263],[0.86101,51.14123],[0.86214,51.14169],[0.86189,51.13958],[0.86077,51.13774],[0.85925,51.13782],[0.85776,51.13848],[0.85649,51.13781],[0.85711,51.13748],[0.85687,51.13727],[0.85726,51.13685],[0.85513,51.13549],[0.85443,51.13574],[0.85415,51.13557],[0.8545,51.13516],[0.8538,51.13479],[0.85325,51.13499],[0.85279,51.13443],[0.85105,51.13503],[0.8515,51.13543],[0.85083,51.13581],[0.84931,51.13529],[0.84907,51.13557],[0.85081,51.13628],[0.85093,51.13694],[0.84958,51.13751],[0.84976,51.13787],[0.8503,51.13784],[0.85068,51.13825],[0.85133,51.13787],[0.85197,51.13827],[0.85266,51.13809],[0.85309,51.13834],[0.85436,51.13757],[0.85507,51.13808],[0.85553,51.13792],[0.85581,51.13814],[0.85338,51.13995],[0.85517,51.14064],[0.85532,51.14117],[0.85483,51.14121],[0.8549,51.14143],[0.85583,51.14181],[0.85476,51.14266],[0.85507,51.143],[0.85752,51.14263]]]}},{"type":"Feature","properties":{"id":"E01023976","name":"E01023976","parent":"E07000105","type":"LSOA","pop":1910,"r":152,"ff":69,"ffd":3612.6,"ffs":0.561,"g":28,"co":0,"mo":2,"sa":0,"ic":0},"geometry":{"type":"Polygon","coordinates":[[[0.86411,51.13579],[0.86314,51.13485],[0.86318,51.13413],[0.86182,51.13347],[0.86019,51.13108],[0.85924,51.13133],[0.85754,51.13255],[0.85362,51.13358],[0.85218,51.13372],[0.85243,51.13413],[0.85304,51.13407],[0.85279,51.13443],[0.85325,51.13499],[0.8538,51.13479],[0.8545,51.13516],[0.85415,51.13557],[0.85443,51.13574],[0.85513,51.13549],[0.85726,51.13685],[0.85687,51.13727],[0.85711,51.13748],[0.85649,51.13781],[0.85776,51.13848],[0.85925,51.13782],[0.86077,51.13774],[0.86011,51.13652],[0.86411,51.13579]]]}},{"type":"Feature","properties":{"id":"E01023977","name":"E01023977","parent":"E07000105","type":"LSOA","pop":1483,"r":152,"ff":69,"ffd":4652.7,"ffs":0.561,"g":28,"co":0,"mo":2,"sa":0,"ic":0},"geometry":{"type":"Polygon","coordinates":[[[0.84907,51.13557],[0.84931,51.13529],[0.85083,51.13581],[0.8515,51.13543],[0.85105,51.13503],[0.85279,51.13443],[0.85304,51.13407],[0.85243,51.13413],[0.85218,51.13372],[0.84956,51.13381],[0.84876,51.13349],[0.84746,51.13205],[0.84755,51.13286],[0.84369,51.13381],[0.8428,51.1338],[0.84212,51.13493],[0.84418,51.13627],[0.84597,51.13684],[0.84692,51.1377],[0.84706,51.13845],[0.84904,51.13859],[0.8499,51.13813],[0.84958,51.13751],[0.85093,51.13694],[0.85081,51.13628],[0.84907,51.13557]]]}},{"type":"Feature","properties":{"id":"E01023978","name":"E01023978","parent":"E07000105","type":"LSOA","pop":1417,"r":12,"ff":9,"ffd":635.1,"ffs":0.75,"g":0,"co":1,"mo":3,"sa":3,"ic":3},"geometry":{"type":"Polygon","coordinates":[[[0.65223,51.1418],[0.65686,51.14158],[0.65793,51.14204],[0.65955,51.14215],[0.66222,51.14145],[0.66525,51.13935],[0.66795,51.13526],[0.66909,51.13416],[0.6717,51.13335],[0.6725,51.13262],[0.67479,51.1323],[0.68177,51.12927],[0.68947,51.12758],[0.68795,51.12605],[0.68746,51.12316],[0.68609,51.12182],[0.68653,51.11943],[0.6857,51.11785],[0.68711,51.1166],[0.68686,51.11637],[0.68977,51.11592],[0.69336,51.11261],[0.69629,51.1111],[0.69189,51.10936],[0.6877,51.10864],[0.68225,51.10858],[0.67959,51.1069],[0.67922,51.10632],[0.67834,51.10648],[0.67007,51.10471],[0.66555,51.1041],[0.66577,51.10139],[0.66648,51.09997],[0.66339,51.09928],[0.6628,51.09823],[0.66148,51.0975],[0.66124,51.09666],[0.66009,51.09566],[0.65922,51.09402],[0.65824,51.09094],[0.65593,51.0902],[0.6519,51.08984],[0.65093,51.08949],[0.65048,51.08862],[0.65097,51.08788],[0.65076,51.08638],[0.64928,51.08592],[0.64667,51.08328],[0.64258,51.08279],[0.63826,51.08601],[0.63585,51.08664],[0.63356,51.088],[0.63128,51.08818],[0.62927,51.08956],[0.62958,51.08988],[0.62938,51.09142],[0.62851,51.09123],[0.62581,51.0896],[0.62165,51.09115],[0.62011,51.09051],[0.6206,51.08961],[0.61913,51.08929],[0.61851,51.08948],[0.61136,51.08932],[0.60982,51.09067],[0.60695,51.09094],[0.60506,51.09042],[0.60122,51.09104],[0.60101,51.09074],[0.59927,51.09086],[0.59662,51.09025],[0.59695,51.09066],[0.59458,51.09415],[0.59578,51.09672],[0.5954,51.09791],[0.5965,51.09948],[0.59521,51.10409],[0.59617,51.10546],[0.5956,51.10591],[0.5956,51.10834],[0.59037,51.11134],[0.59265,51.11186],[0.59554,51.11302],[0.5992,51.11536],[0.60413,51.11618],[0.60902,51.11787],[0.6089,51.11919],[0.60978,51.1217],[0.6085,51.12554],[0.60712,51.12719],[0.60659,51.12705],[0.6038,51.1285],[0.60294,51.13004],[0.60327,51.13101],[0.60379,51.13116],[0.6037,51.13172],[0.60489,51.13186],[0.60593,51.13158],[0.60648,51.1324],[0.60747,51.13256],[0.60925,51.1333],[0.6094,51.1327],[0.61008,51.13295],[0.61118,51.13226],[0.61184,51.13244],[0.61199,51.13209],[0.61271,51.13229],[0.61323,51.1321],[0.61351,51.13139],[0.61427,51.13188],[0.61375,51.13213],[0.61433,51.13255],[0.61378,51.13271],[0.61732,51.13324],[0.61932,51.13217],[0.61991,51.13215],[0.62129,51.13323],[0.6239,51.13441],[0.62314,51.13483],[0.62377,51.13551],[0.62347,51.13578],[0.62446,51.13642],[0.62457,51.1378],[0.62583,51.13836],[0.62641,51.13905],[0.62792,51.13891],[0.62806,51.13836],[0.62922,51.13741],[0.63309,51.13681],[0.63645,51.13684],[0.63898,51.13757],[0.64048,51.13836],[0.64216,51.14046],[0.6404,51.14065],[0.63947,51.14129],[0.64118,51.1413],[0.64398,51.14356],[0.64606,51.14386],[0.64642,51.14433],[0.64759,51.14457],[0.65018,51.14261],[0.65223,51.1418]],[[0.64267,51.12399],[0.63797,51.12336],[0.63707,51.12393],[0.63617,51.12353],[0.63626,51.12242],[0.6343,51.12241],[0.6344,51.1217],[0.63117,51.11885],[0.62826,51.11844],[0.62641,51.11782],[0.62664,51.11486],[0.62185,51.11564],[0.621,51.11516],[0.61996,51.11157],[0.62448,51.11112],[0.62577,51.11217],[0.62944,51.11362],[0.63139,51.11411],[0.63444,51.11224],[0.63757,51.11092],[0.63822,51.10944],[0.64201,51.10988],[0.64484,51.11056],[0.64575,51.11137],[0.64665,51.11363],[0.64882,51.11449],[0.65078,51.11651],[0.64871,51.11699],[0.6488,51.11842],[0.64813,51.12053],[0.64706,51.12184],[0.64763,51.12278],[0.6461,51.1228],[0.64394,51.12546],[0.64267,51.12399]]]}},{"type":"Feature","properties":{"id":"E01023979","name":"E01023979","parent":"E07000105","type":"LSOA","pop":1412,"r":11,"ff":8,"ffd":566.6,"ffs":0.7273,"g":0,"co":1,"mo":3,"sa":3,"ic":3},"geometry":{"type":"Polygon","coordinates":[[[0.64394,51.12546],[0.6461,51.1228],[0.64763,51.12278],[0.64706,51.12184],[0.64813,51.12053],[0.6488,51.11842],[0.64871,51.11699],[0.65078,51.11651],[0.64882,51.11449],[0.64665,51.11363],[0.64575,51.11137],[0.64484,51.11056],[0.64201,51.10988],[0.63822,51.10944],[0.63757,51.11092],[0.63444,51.11224],[0.63139,51.11411],[0.62944,51.11362],[0.62577,51.11217],[0.62448,51.11112],[0.61996,51.11157],[0.621,51.11516],[0.62185,51.11564],[0.62664,51.11486],[0.62641,51.11782],[0.62826,51.11844],[0.63117,51.11885],[0.6344,51.1217],[0.6343,51.12241],[0.63626,51.12242],[0.63617,51.12353],[0.63707,51.12393],[0.63797,51.12336],[0.64267,51.12399],[0.64394,51.12546]]]}},{"type":"Feature","properties":{"id":"E01023980","name":"E01023980","parent":"E07000105","type":"LSOA","pop":1145,"r":154,"ff":70,"ffd":6113.5,"ffs":0.5645,"g":29,"co":0,"mo":2,"sa":0,"ic":0},"geometry":{"type":"Polygon","coordinates":[[[0.88069,51.16859],[0.88266,51.16822],[0.88431,51.16749],[0.8832,51.16643],[0.88126,51.16593],[0.87937,51.16466],[0.87832,51.16498],[0.87883,51.16552],[0.87769,51.1661],[0.87457,51.16613],[0.8754,51.16733],[0.87693,51.16791],[0.87675,51.1683],[0.87544,51.16795],[0.87484,51.16851],[0.87418,51.16856],[0.87269,51.16796],[0.86969,51.16813],[0.87191,51.16974],[0.8746,51.17004],[0.87861,51.1696],[0.87838,51.16907],[0.88069,51.16859]]]}},{"type":"Feature","properties":{"id":"E01023981","name":"E01023981","parent":"E07000105","type":"LSOA","pop":1605,"r":156,"ff":72,"ffd":4486.0,"ffs":0.5714,"g":29,"co":0,"mo":2,"sa":0,"ic":0},"geometry":{"type":"Polygon","coordinates":[[[0.86355,51.16683],[0.86618,51.16593],[0.86969,51.16813],[0.87269,51.16796],[0.87418,51.16856],[0.87484,51.16851],[0.87544,51.16795],[0.87675,51.1683],[0.87693,51.16791],[0.8754,51.16733],[0.87457,51.16613],[0.87769,51.1661],[0.87883,51.16552],[0.87832,51.16498],[0.8788,51.16481],[0.87778,51.16402],[0.87803,51.16384],[0.87925,51.16154],[0.87689,51.16135],[0.87725,51.16077],[0.87479,51.16085],[0.87492,51.15846],[0.87449,51.15787],[0.86868,51.16038],[0.8649,51.16235],[0.8642,51.16194],[0.86375,51.16058],[0.86413,51.15858],[0.86345,51.15765],[0.86381,51.1573],[0.86327,51.15737],[0.86286,51.15683],[0.86334,51.15687],[0.86306,51.15669],[0.86628,51.15459],[0.86441,51.15317],[0.86227,51.15493],[0.86012,51.15719],[0.85366,51.16301],[0.84738,51.16714],[0.84898,51.16796],[0.85199,51.17033],[0.85601,51.17188],[0.86123,51.17511],[0.86298,51.1755],[0.86617,51.17561],[0.86576,51.17519],[0.86397,51.17466],[0.86272,51.17361],[0.86397,51.17125],[0.86334,51.1703],[0.86314,51.1685],[0.86375,51.16835],[0.86355,51.16683]]]}},{"type":"Feature","properties":{"id":"E01023983","name":"E01023983","parent":"E07000105","type":"LSOA","pop":1623,"r":156,"ff":72,"ffd":4436.2,"ffs":0.5714,"g":29,"co":0,"mo":2,"sa":0,"ic":0},"geometry":{"type":"Polygon","coordinates":[[[0.8865,51.16776],[0.88809,51.16416],[0.88811,51.16379],[0.88611,51.15975],[0.88594,51.15841],[0.88741,51.15808],[0.8898,51.1566],[0.89438,51.1561],[0.89636,51.15484],[0.8934,51.14996],[0.87449,51.15787],[0.87492,51.15846],[0.87877,51.15844],[0.87959,51.15761],[0.88003,51.15948],[0.88117,51.15989],[0.88152,51.16051],[0.88145,51.16097],[0.88061,51.16143],[0.88203,51.16243],[0.88185,51.16321],[0.88251,51.16403],[0.88231,51.16432],[0.88283,51.16447],[0.88238,51.16507],[0.88259,51.16551],[0.88168,51.16558],[0.88126,51.16593],[0.8832,51.16643],[0.88431,51.16749],[0.88534,51.16718],[0.8865,51.16776]]]}},{"type":"Feature","properties":{"id":"E01023984","name":"E01023984","parent":"E07000105","type":"LSOA","pop":1348,"r":156,"ff":72,"ffd":5341.2,"ffs":0.5714,"g":29,"co":0,"mo":2,"sa":0,"ic":0},"geometry":{"type":"Polygon","coordinates":[[[0.88238,51.16507],[0.88283,51.16447],[0.88231,51.16432],[0.88251,51.16403],[0.88185,51.16321],[0.88203,51.16243],[0.88061,51.16143],[0.88145,51.16097],[0.88152,51.16051],[0.88117,51.15989],[0.88003,51.15948],[0.87959,51.15761],[0.87877,51.15844],[0.87492,51.15846],[0.87479,51.16085],[0.87725,51.16077],[0.87689,51.16135],[0.87925,51.16154],[0.87803,51.16384],[0.87778,51.16402],[0.8788,51.16481],[0.87937,51.16466],[0.88126,51.16593],[0.88168,51.16558],[0.88259,51.16551],[0.88238,51.16507]]]}},{"type":"Feature","properties":{"id":"E01023985","name":"E01023985","parent":"E07000105","type":"LSOA","pop":1281,"r":89,"ff":33,"ffd":2576.1,"ffs":0.5323,"g":26,"co":2,"mo":2,"sa":2,"ic":0},"geometry":{"type":"Polygon","coordinates":[[[0.79512,51.22853],[0.79733,51.22807],[0.79824,51.22907],[0.79954,51.22848],[0.80017,51.22948],[0.80395,51.22965],[0.80376,51.22818],[0.80467,51.22801],[0.80534,51.22901],[0.8083,51.22764],[0.8089,51.22828],[0.80978,51.22712],[0.8113,51.22741],[0.81206,51.22797],[0.8163,51.2252],[0.82217,51.22435],[0.82329,51.2266],[0.82519,51.22857],[0.83532,51.23192],[0.84177,51.2371],[0.84572,51.23443],[0.84861,51.23359],[0.8496,51.23276],[0.84636,51.22987],[0.84431,51.22277],[0.84433,51.21956],[0.84583,51.21673],[0.84372,51.2168],[0.83946,51.21648],[0.83495,51.21544],[0.83365,51.21486],[0.82816,51.21032],[0.82055,51.20497],[0.81737,51.2018],[0.81856,51.20077],[0.81683,51.19939],[0.81727,51.19863],[0.81622,51.1978],[0.81571,51.19783],[0.81552,51.19658],[0.81403,51.19534],[0.81303,51.1939],[0.81171,51.19315],[0.80956,51.19269],[0.80755,51.19197],[0.80634,51.19094],[0.80651,51.19192],[0.8054,51.19483],[0.80447,51.19499],[0.80278,51.19473],[0.80015,51.19554],[0.79972,51.19697],[0.79708,51.19885],[0.7955,51.19905],[0.79208,51.20125],[0.79218,51.2034],[0.79386,51.20505],[0.79494,51.20848],[0.79636,51.2092],[0.79611,51.21006],[0.79721,51.21007],[0.79772,51.21133],[0.79672,51.21194],[0.79638,51.2124],[0.79699,51.21221],[0.7974,51.21259],[0.79762,51.21334],[0.79702,51.21352],[0.7978,51.21426],[0.78982,51.21332],[0.78607,51.21432],[0.78315,51.21549],[0.7815,51.21426],[0.78118,51.21454],[0.7699,51.21416],[0.75515,51.21901],[0.75756,51.22117],[0.75873,51.22186],[0.76016,51.22404],[0.76128,51.22449],[0.76581,51.22471],[0.76961,51.22606],[0.77129,51.2271],[0.77236,51.22837],[0.77752,51.23135],[0.77854,51.23409],[0.78246,51.23936],[0.78727,51.23905],[0.78892,51.23844],[0.79266,51.23807],[0.79576,51.23688],[0.79238,51.23336],[0.79218,51.23201],[0.79125,51.23083],[0.79406,51.23018],[0.79357,51.22964],[0.79554,51.22943],[0.79512,51.22853]]]}},{"type":"Feature","properties":{"id":"E01023986","name":"E01023986","parent":"E07000105","type":"LSOA","pop":1571,"r":96,"ff":35,"ffd":2227.9,"ffs":0.5147,"g":27,"co":2,"mo":2,"sa":2,"ic":0},"geometry":{"type":"Polygon","coordinates":[[[0.78607,51.21432],[0.78982,51.21332],[0.7978,51.21426],[0.79702,51.21352],[0.79762,51.21334],[0.7974,51.21259],[0.79699,51.21221],[0.79638,51.2124],[0.79672,51.21194],[0.79772,51.21133],[0.79721,51.21007],[0.79611,51.21006],[0.79636,51.2092],[0.79494,51.20848],[0.79386,51.20505],[0.79218,51.2034],[0.79208,51.20125],[0.7955,51.19905],[0.79708,51.19885],[0.79972,51.19697],[0.80015,51.19554],[0.80278,51.19473],[0.80447,51.19499],[0.8054,51.19483],[0.80651,51.19192],[0.80634,51.19094],[0.80483,51.18984],[0.80397,51.18979],[0.8026,51.18885],[0.80254,51.18811],[0.80224,51.18823],[0.80182,51.18793],[0.80055,51.18509],[0.7961,51.18233],[0.79375,51.18314],[0.79329,51.18274],[0.79209,51.18324],[0.79159,51.18281],[0.79103,51.18307],[0.79008,51.18273],[0.78949,51.18292],[0.78841,51.18245],[0.7881,51.18317],[0.78696,51.18309],[0.78801,51.18449],[0.78763,51.18748],[0.7882,51.18783],[0.78836,51.18856],[0.78961,51.18886],[0.79077,51.18957],[0.79056,51.19053],[0.79138,51.19179],[0.79,51.19193],[0.78748,51.19293],[0.78603,51.1925],[0.78244,51.19247],[0.77861,51.19342],[0.76829,51.19235],[0.76768,51.19194],[0.76619,51.19215],[0.7644,51.19304],[0.76289,51.1923],[0.76177,51.19311],[0.76778,51.19672],[0.76594,51.19765],[0.76657,51.19892],[0.76403,51.20004],[0.76498,51.20092],[0.76439,51.20109],[0.76376,51.2019],[0.7629,51.20433],[0.76301,51.20554],[0.76387,51.20701],[0.76372,51.20973],[0.7644,51.21033],[0.76388,51.2111],[0.76587,51.21292],[0.76935,51.21215],[0.76913,51.21266],[0.7699,51.21416],[0.78118,51.21454],[0.7815,51.21426],[0.78315,51.21549],[0.78607,51.21432]]]}},{"type":"Feature","properties":{"id":"E01023987","name":"E01023987","parent":"E07000105","type":"LSOA","pop":1058,"r":14,"ff":13,"ffd":1228.7,"ffs":0.9286,"g":0,"co":3,"mo":3,"sa":3,"ic":3},"geometry":{"type":"Polygon","coordinates":[[[0.95503,51.27025],[0.95815,51.2685],[0.9615,51.26863],[0.96491,51.26805],[0.96819,51.26926],[0.97006,51.26935],[0.97197,51.26919],[0.97328,51.26859],[0.97341,51.26744],[0.9792,51.26268],[0.98773,51.25658],[0.99147,51.25521],[0.99156,51.25474],[0.99053,51.2539],[0.9877,51.25454],[0.98719,51.25301],[0.98301,51.25558],[0.98059,51.25357],[0.97694,51.25278],[0.976,51.25137],[0.97326,51.25021],[0.97379,51.24949],[0.97599,51.24808],[0.97625,51.24747],[0.97327,51.2473],[0.96944,51.24819],[0.96641,51.24988],[0.9658,51.24843],[0.96375,51.24612],[0.96703,51.24619],[0.97196,51.2442],[0.97258,51.24333],[0.97098,51.24065],[0.9694,51.24192],[0.96894,51.24123],[0.96636,51.24238],[0.96541,51.24241],[0.96321,51.24166],[0.96071,51.23993],[0.95441,51.23865],[0.95166,51.24121],[0.95121,51.24185],[0.95494,51.24381],[0.9567,51.24441],[0.95509,51.24581],[0.95067,51.2468],[0.95461,51.25327],[0.95442,51.25355],[0.95726,51.25413],[0.95568,51.25783],[0.95354,51.26134],[0.95023,51.26023],[0.95031,51.26236],[0.95198,51.26466],[0.95242,51.2656],[0.95434,51.26661],[0.95419,51.26726],[0.9551,51.26888],[0.95503,51.27025]]]}},{"type":"Feature","properties":{"id":"E01023988","name":"E01023988","parent":"E07000105","type":"LSOA","pop":1613,"r":11,"ff":11,"ffd":682.0,"ffs":1.0,"g":0,"co":3,"mo":3,"sa":3,"ic":3},"geometry":{"type":"Polygon","coordinates":[[[0.95461,51.25327],[0.95067,51.2468],[0.95509,51.24581],[0.9567,51.24441],[0.95494,51.24381],[0.95121,51.24185],[0.95166,51.24121],[0.95441,51.23865],[0.96071,51.23993],[0.96321,51.24166],[0.96541,51.24241],[0.96636,51.24238],[0.96894,51.24123],[0.9694,51.24192],[0.97098,51.24065],[0.97258,51.24333],[0.97196,51.2442],[0.96703,51.24619],[0.96375,51.24612],[0.9658,51.24843],[0.96641,51.24988],[0.96944,51.24819],[0.97327,51.2473],[0.97625,51.24747],[0.97599,51.24808],[0.97379,51.24949],[0.97326,51.25021],[0.976,51.25137],[0.97694,51.25278],[0.98059,51.25357],[0.98301,51.25558],[0.98719,51.25301],[0.9877,51.25454],[0.99053,51.2539],[0.99156,51.25474],[0.99147,51.25521],[0.99325,51.25503],[0.99314,51.25435],[0.99657,51.25191],[0.99795,51.25169],[0.99824,51.25108],[0.99763,51.24977],[0.99541,51.24877],[0.9949,51.2481],[0.99255,51.2467],[0.99041,51.2458],[0.9909,51.24247],[0.98984,51.24081],[0.98746,51.2384],[0.98646,51.23784],[0.98617,51.23587],[0.99124,51.2306],[0.99108,51.22889],[0.99056,51.22829],[0.99138,51.22679],[0.99057,51.22605],[0.9904,51.2245],[0.99145,51.22367],[0.99512,51.22279],[0.99723,51.22129],[1.00069,51.21525],[0.99942,51.21384],[1.00015,51.21286],[1.00267,51.21265],[1.00451,51.21174],[1.00538,51.20885],[1.00328,51.20293],[1.00291,51.19739],[0.99706,51.19172],[0.99364,51.19101],[0.9897,51.19078],[0.9871,51.19213],[0.98527,51.19254],[0.98352,51.19257],[0.98306,51.19287],[0.97997,51.19272],[0.97941,51.19236],[0.9728,51.19315],[0.9721,51.19121],[0.97056,51.19175],[0.96776,51.19183],[0.96709,51.19622],[0.96659,51.19708],[0.96516,51.19808],[0.96377,51.19799],[0.96229,51.19732],[0.95942,51.19682],[0.95706,51.19792],[0.95378,51.19796],[0.95244,51.1988],[0.95029,51.19948],[0.94773,51.19962],[0.95057,51.20216],[0.95013,51.20464],[0.9492,51.20514],[0.94854,51.20274],[0.94739,51.20328],[0.94705,51.20298],[0.94644,51.20325],[0.9465,51.20274],[0.94501,51.20099],[0.94493,51.19983],[0.94306,51.19839],[0.94164,51.19789],[0.94051,51.19798],[0.93944,51.19769],[0.93688,51.19837],[0.93552,51.1994],[0.93369,51.19896],[0.93059,51.20005],[0.92584,51.19869],[0.92031,51.20338],[0.91887,51.20319],[0.91739,51.2056],[0.91665,51.20738],[0.91681,51.20797],[0.92008,51.20914],[0.91964,51.21108],[0.91681,51.21117],[0.91373,51.21254],[0.90964,51.2125],[0.90794,51.21356],[0.90179,51.22285],[0.8995,51.22407],[0.89806,51.22584],[0.89644,51.22588],[0.89678,51.22482],[0.89423,51.22412],[0.89438,51.22381],[0.89073,51.22359],[0.889,51.22291],[0.88883,51.22375],[0.88952,51.22468],[0.88782,51.22532],[0.88717,51.22519],[0.88617,51.22579],[0.88726,51.22985],[0.88691,51.23107],[0.88066,51.23664],[0.88065,51.23868],[0.88005,51.23903],[0.88114,51.24126],[0.88246,51.24286],[0.88865,51.24508],[0.89141,51.24672],[0.89206,51.24764],[0.89672,51.24702],[0.90237,51.24524],[0.90497,51.2456],[0.9064,51.24779],[0.9037,51.24906],[0.90532,51.25019],[0.90978,51.25069],[0.91028,51.2502],[0.91677,51.25121],[0.91953,51.2511],[0.92085,51.25258],[0.91989,51.25496],[0.92037,51.25732],[0.92358,51.25937],[0.92693,51.25961],[0.93133,51.25803],[0.93342,51.25652],[0.93352,51.25577],[0.93797,51.25337],[0.94103,51.2533],[0.94926,51.25611],[0.95111,51.25758],[0.95023,51.26023],[0.95354,51.26134],[0.95568,51.25783],[0.95726,51.25413],[0.95442,51.25355],[0.95461,51.25327]]]}},{"type":"Feature","properties":{"id":"E01023989","name":"E01023989","parent":"E07000105","type":"LSOA","pop":1408,"r":27,"ff":22,"ffd":1562.5,"ffs":0.8148,"g":0,"co":3,"mo":3,"sa":3,"ic":1},"geometry":{"type":"Polygon","coordinates":[[[0.87671,51.24008],[0.88005,51.23903],[0.88065,51.23868],[0.88066,51.23664],[0.88691,51.23107],[0.88726,51.22985],[0.88617,51.22579],[0.88717,51.22519],[0.88782,51.22532],[0.88952,51.22468],[0.88883,51.22375],[0.889,51.22291],[0.89073,51.22359],[0.89438,51.22381],[0.89423,51.22412],[0.89678,51.22482],[0.89644,51.22588],[0.89806,51.22584],[0.8995,51.22407],[0.90179,51.22285],[0.90794,51.21356],[0.90734,51.21343],[0.90753,51.21308],[0.905,51.21216],[0.90576,51.21155],[0.90229,51.21154],[0.9021,51.211],[0.89941,51.21183],[0.8954,51.21107],[0.89304,51.21007],[0.89368,51.20883],[0.89167,51.20748],[0.88969,51.20674],[0.88677,51.20292],[0.88496,51.20141],[0.88401,51.20103],[0.88421,51.20046],[0.88286,51.19761],[0.87613,51.19721],[0.86762,51.19861],[0.86752,51.19697],[0.86457,51.1936],[0.86451,51.19292],[0.86116,51.19395],[0.86125,51.19109],[0.86401,51.1905],[0.86296,51.18852],[0.86313,51.18681],[0.86467,51.18699],[0.86566,51.1865],[0.86528,51.18563],[0.86251,51.18333],[0.86193,51.18041],[0.86225,51.17952],[0.86556,51.17915],[0.86587,51.17883],[0.86667,51.17748],[0.8661,51.17672],[0.86617,51.17561],[0.86298,51.1755],[0.86123,51.17511],[0.85601,51.17188],[0.85199,51.17033],[0.84898,51.16796],[0.84738,51.16714],[0.84682,51.16655],[0.84739,51.16718],[0.84675,51.16753],[0.83429,51.17212],[0.83065,51.17314],[0.82424,51.17626],[0.82543,51.17665],[0.82571,51.18071],[0.82643,51.18182],[0.82746,51.18237],[0.82796,51.18211],[0.82956,51.1794],[0.82937,51.17788],[0.83131,51.17698],[0.83315,51.17707],[0.83462,51.17786],[0.83697,51.17801],[0.83847,51.17779],[0.84238,51.17554],[0.84268,51.17631],[0.84327,51.17642],[0.84866,51.17246],[0.84965,51.17236],[0.8509,51.17167],[0.85209,51.17269],[0.85361,51.17487],[0.85592,51.17434],[0.85705,51.1751],[0.85735,51.17621],[0.85869,51.1769],[0.85907,51.17753],[0.85525,51.17867],[0.85661,51.18136],[0.85828,51.18237],[0.85789,51.18289],[0.85208,51.18371],[0.85352,51.18802],[0.85533,51.1893],[0.85309,51.1909],[0.84921,51.19113],[0.84844,51.19299],[0.84978,51.19428],[0.84978,51.1966],[0.85047,51.19829],[0.84954,51.19931],[0.84971,51.20094],[0.84898,51.20274],[0.84962,51.20503],[0.85032,51.20556],[0.84954,51.20689],[0.84748,51.2077],[0.8436,51.20679],[0.83755,51.20905],[0.83234,51.21375],[0.83365,51.21486],[0.83495,51.21544],[0.83946,51.21648],[0.84372,51.2168],[0.84583,51.21673],[0.84433,51.21956],[0.84431,51.22277],[0.84636,51.22987],[0.8496,51.23276],[0.85145,51.23155],[0.85451,51.2307],[0.85987,51.23084],[0.86103,51.23533],[0.86308,51.23869],[0.86776,51.23988],[0.87178,51.23976],[0.87671,51.24008]]]}},{"type":"Feature","properties":{"id":"E01023990","name":"E01023990","parent":"E07000105","type":"LSOA","pop":1368,"r":132,"ff":55,"ffd":4020.5,"ffs":0.5392,"g":29,"co":2,"mo":2,"sa":0,"ic":0},"geometry":{"type":"Polygon","coordinates":[[[0.83755,51.20905],[0.8436,51.20679],[0.84748,51.2077],[0.84954,51.20689],[0.85032,51.20556],[0.84962,51.20503],[0.84898,51.20274],[0.84971,51.20094],[0.84954,51.19931],[0.85047,51.19829],[0.84978,51.1966],[0.84978,51.19428],[0.84844,51.19299],[0.84921,51.19113],[0.85309,51.1909],[0.85533,51.1893],[0.85352,51.18802],[0.85208,51.18371],[0.85789,51.18289],[0.85828,51.18237],[0.85661,51.18136],[0.85525,51.17867],[0.85907,51.17753],[0.85869,51.1769],[0.85735,51.17621],[0.85705,51.1751],[0.85592,51.17434],[0.85361,51.17487],[0.85209,51.17269],[0.8509,51.17167],[0.84965,51.17236],[0.84866,51.17246],[0.84327,51.17642],[0.84268,51.17631],[0.84238,51.17554],[0.83847,51.17779],[0.83697,51.17801],[0.83462,51.17786],[0.83315,51.17707],[0.83131,51.17698],[0.82937,51.17788],[0.82956,51.1794],[0.82796,51.18211],[0.82746,51.18237],[0.82643,51.18182],[0.82571,51.18071],[0.82543,51.17665],[0.82424,51.17626],[0.83065,51.17314],[0.83429,51.17212],[0.84739,51.16718],[0.84536,51.16452],[0.8409,51.16263],[0.83803,51.16383],[0.83573,51.16375],[0.83373,51.16422],[0.8303,51.16372],[0.83096,51.16266],[0.82834,51.15828],[0.82615,51.15611],[0.82511,51.15679],[0.82456,51.15648],[0.82404,51.15657],[0.824,51.15629],[0.82275,51.15653],[0.8223,51.15614],[0.82118,51.15617],[0.81992,51.15639],[0.81907,51.15692],[0.81746,51.15681],[0.81651,51.15743],[0.81241,51.15719],[0.81149,51.15594],[0.80969,51.15528],[0.80772,51.15647],[0.80538,51.15517],[0.80342,51.1551],[0.80219,51.15555],[0.80048,51.15458],[0.79713,51.15127],[0.78814,51.15358],[0.78264,51.15123],[0.77954,51.14916],[0.77741,51.151],[0.77462,51.15146],[0.7734,51.15207],[0.77642,51.15598],[0.77699,51.15729],[0.77828,51.15935],[0.7779,51.15975],[0.77846,51.16121],[0.78249,51.16157],[0.78687,51.16408],[0.79009,51.16449],[0.7919,51.16541],[0.79342,51.16796],[0.79455,51.16821],[0.79466,51.16938],[0.79596,51.17098],[0.80198,51.17319],[0.8045,51.17496],[0.80573,51.17516],[0.80563,51.17538],[0.8067,51.17573],[0.80692,51.17626],[0.8077,51.17652],[0.80736,51.17676],[0.80816,51.17714],[0.80798,51.17736],[0.80493,51.17842],[0.80485,51.17932],[0.804,51.17978],[0.8,51.1804],[0.79625,51.18195],[0.7961,51.18233],[0.80055,51.18509],[0.80182,51.18793],[0.80224,51.18823],[0.80254,51.18811],[0.8026,51.18885],[0.80397,51.18979],[0.80483,51.18984],[0.80755,51.19197],[0.80956,51.19269],[0.81171,51.19315],[0.81303,51.1939],[0.81403,51.19534],[0.81552,51.19658],[0.81571,51.19783],[0.81622,51.1978],[0.81727,51.19863],[0.81683,51.19939],[0.81856,51.20077],[0.81737,51.2018],[0.82055,51.20497],[0.82816,51.21032],[0.83234,51.21375],[0.83755,51.20905]]]}},{"type":"Feature","properties":{"id":"E01023992","name":"E01023992","parent":"E07000105","type":"LSOA","pop":1990,"r":155,"ff":71,"ffd":3567.8,"ffs":0.568,"g":29,"co":0,"mo":2,"sa":0,"ic":0},"geometry":{"type":"Polygon","coordinates":[[[0.86227,51.15493],[0.8654,51.15247],[0.86693,51.1518],[0.86835,51.15077],[0.86779,51.1503],[0.86832,51.14984],[0.86711,51.14901],[0.86808,51.14799],[0.86612,51.14668],[0.85928,51.14764],[0.8528,51.14815],[0.85151,51.14986],[0.85723,51.14964],[0.85821,51.15134],[0.85766,51.15167],[0.85836,51.15207],[0.85804,51.15246],[0.85854,51.15354],[0.85843,51.15507],[0.85993,51.15519],[0.86034,51.15494],[0.86169,51.15516],[0.86171,51.15548],[0.86227,51.15493]]]}},{"type":"Feature","properties":{"id":"E01023993","name":"E01023993","parent":"E07000105","type":"LSOA","pop":1467,"r":155,"ff":71,"ffd":4839.8,"ffs":0.568,"g":29,"co":2,"mo":2,"sa":0,"ic":0},"geometry":{"type":"Polygon","coordinates":[[[0.85854,51.15354],[0.85804,51.15246],[0.85836,51.15207],[0.85766,51.15167],[0.85821,51.15134],[0.85723,51.14964],[0.85151,51.14986],[0.8528,51.14815],[0.84644,51.14855],[0.84634,51.14959],[0.84523,51.15094],[0.84466,51.15132],[0.84326,51.15175],[0.84376,51.15216],[0.84212,51.15314],[0.84457,51.15251],[0.84518,51.15294],[0.846,51.15254],[0.8465,51.15267],[0.84777,51.15151],[0.84903,51.15134],[0.84943,51.15198],[0.84891,51.15206],[0.8489,51.15259],[0.84956,51.15281],[0.85017,51.15251],[0.85069,51.15299],[0.85142,51.15259],[0.8525,51.15289],[0.8512,51.15301],[0.85128,51.1533],[0.85514,51.15303],[0.85854,51.15354]]]}},{"type":"Feature","properties":{"id":"E01023995","name":"E01023995","parent":"E07000105","type":"LSOA","pop":1229,"r":155,"ff":71,"ffd":5777.1,"ffs":0.5726,"g":30,"co":0,"mo":2,"sa":0,"ic":0},"geometry":{"type":"Polygon","coordinates":[[[0.9053,51.13607],[0.9049,51.13506],[0.90397,51.13512],[0.90351,51.13437],[0.89905,51.13561],[0.89941,51.13631],[0.89861,51.1366],[0.89903,51.13736],[0.90231,51.14116],[0.90257,51.14077],[0.90501,51.13999],[0.90472,51.13965],[0.90596,51.13941],[0.90562,51.13861],[0.90643,51.13837],[0.90634,51.13782],[0.90584,51.13676],[0.90498,51.13673],[0.90483,51.13618],[0.9053,51.13607]]]}},{"type":"Feature","properties":{"id":"E01023996","name":"E01023996","parent":"E07000105","type":"LSOA","pop":1293,"r":155,"ff":71,"ffd":5491.1,"ffs":0.5726,"g":30,"co":0,"mo":2,"sa":0,"ic":0},"geometry":{"type":"Polygon","coordinates":[[[0.90501,51.13999],[0.90653,51.13964],[0.90669,51.13994],[0.90763,51.13953],[0.9091,51.13776],[0.91021,51.13674],[0.90925,51.13508],[0.90857,51.13227],[0.90743,51.13067],[0.90581,51.12922],[0.90324,51.12787],[0.89806,51.12643],[0.88698,51.12583],[0.89006,51.12728],[0.88952,51.12848],[0.88976,51.12873],[0.89156,51.12963],[0.89444,51.13052],[0.89836,51.13234],[0.90164,51.13499],[0.90351,51.13437],[0.90397,51.13512],[0.9049,51.13506],[0.9053,51.13607],[0.90483,51.13618],[0.90498,51.13673],[0.90584,51.13676],[0.90643,51.13837],[0.90562,51.13861],[0.90596,51.13941],[0.90472,51.13965],[0.90501,51.13999]]]}},{"type":"Feature","properties":{"id":"E01023997","name":"E01023997","parent":"E07000105","type":"LSOA","pop":1620,"r":3,"ff":3,"ffd":185.2,"ffs":1.0,"g":0,"co":3,"mo":3,"sa":3,"ic":3},"geometry":{"type":"Polygon","coordinates":[[[0.81723,51.06082],[0.83015,51.05066],[0.82976,51.05028],[0.83087,51.04937],[0.78221,50.99385],[0.77896,50.98949],[0.77862,50.99082],[0.77601,50.99166],[0.77573,50.992],[0.77284,50.99273],[0.75743,50.99544],[0.75133,50.99724],[0.75094,50.99759],[0.75011,50.99729],[0.74938,50.9975],[0.74809,50.99839],[0.74135,51.0006],[0.73776,51.00082],[0.73147,50.99997],[0.73097,51.00104],[0.73112,51.00258],[0.73339,51.00283],[0.73372,51.00364],[0.73116,51.00333],[0.73135,51.00554],[0.73306,51.00565],[0.7331,51.00629],[0.73284,51.00993],[0.7321,51.01008],[0.73146,51.01361],[0.72483,51.01742],[0.72332,51.02031],[0.72211,51.02484],[0.71666,51.02713],[0.71437,51.02773],[0.71238,51.02959],[0.70886,51.03668],[0.71458,51.03724],[0.71542,51.03961],[0.71687,51.04047],[0.72079,51.04052],[0.72423,51.04167],[0.72675,51.04184],[0.72918,51.04163],[0.73003,51.03985],[0.73056,51.03951],[0.73334,51.0384],[0.73519,51.03802],[0.73886,51.03822],[0.73894,51.03976],[0.74352,51.04118],[0.74765,51.04103],[0.74875,51.03938],[0.75076,51.03823],[0.75115,51.03817],[0.75255,51.03906],[0.75325,51.04207],[0.7529,51.04437],[0.76167,51.04125],[0.76259,51.04247],[0.76306,51.04452],[0.76507,51.04543],[0.76635,51.04705],[0.76695,51.04708],[0.76643,51.05016],[0.76405,51.05179],[0.76305,51.05316],[0.76432,51.05498],[0.76378,51.05566],[0.76446,51.05615],[0.76606,51.05656],[0.76887,51.05886],[0.7698,51.05914],[0.77026,51.06049],[0.77668,51.06034],[0.77936,51.0608],[0.78425,51.06048],[0.78983,51.06208],[0.79342,51.06284],[0.80094,51.0668],[0.80234,51.06876],[0.80286,51.07569],[0.80912,51.07334],[0.80874,51.07308],[0.80908,51.07268],[0.80862,51.07238],[0.80946,51.07154],[0.81725,51.06996],[0.82046,51.06872],[0.82008,51.06748],[0.81871,51.06562],[0.81723,51.06082]]]}},{"type":"Feature","properties":{"id":"E01023998","name":"E01023998","parent":"E07000105","type":"LSOA","pop":1231,"r":7,"ff":6,"ffd":487.4,"ffs":0.8571,"g":0,"co":3,"mo":3,"sa":3,"ic":3},"geometry":{"type":"Polygon","coordinates":[[[0.70886,51.03668],[0.71238,51.02959],[0.71437,51.02773],[0.71666,51.02713],[0.72211,51.02484],[0.72332,51.02031],[0.72483,51.01742],[0.73146,51.01361],[0.7321,51.01008],[0.73284,51.00993],[0.7331,51.00629],[0.73306,51.00565],[0.73135,51.00554],[0.73116,51.00333],[0.73372,51.00364],[0.73339,51.00283],[0.73112,51.00258],[0.73097,51.00104],[0.73135,51.0004],[0.72541,50.99921],[0.72114,50.99946],[0.71555,50.99904],[0.71125,50.99847],[0.70856,50.99776],[0.70578,50.9951],[0.70677,50.9936],[0.70208,50.99597],[0.70123,50.99732],[0.69922,50.99849],[0.68947,50.99931],[0.68224,51.00055],[0.68096,51.00154],[0.67894,51.00226],[0.6755,51.00435],[0.67294,51.00814],[0.67176,51.00899],[0.67094,51.01142],[0.66493,51.01611],[0.66211,51.01747],[0.66299,51.01974],[0.66857,51.02179],[0.6684,51.02225],[0.66894,51.0232],[0.67245,51.02537],[0.67348,51.02749],[0.67457,51.02771],[0.67721,51.02757],[0.68116,51.02832],[0.68245,51.02923],[0.68249,51.03104],[0.68444,51.03313],[0.68715,51.0328],[0.69183,51.03589],[0.69374,51.03658],[0.69724,51.037],[0.70005,51.03782],[0.70216,51.03807],[0.70469,51.03713],[0.70886,51.03668]]]}},{"type":"Feature","properties":{"id":"E01023999","name":"E01023999","parent":"E07000105","type":"LSOA","pop":2320,"r":153,"ff":70,"ffd":3017.2,"ffs":0.5691,"g":29,"co":0,"mo":2,"sa":0,"ic":0},"geometry":{"type":"Polygon","coordinates":[[[0.89531,51.17754],[0.91032,51.17299],[0.91328,51.17238],[0.91486,51.17173],[0.89887,51.15725],[0.89633,51.16206],[0.89508,51.16371],[0.89409,51.16334],[0.89415,51.16407],[0.89086,51.16579],[0.88916,51.16714],[0.88821,51.16637],[0.88713,51.16641],[0.8865,51.16776],[0.88534,51.16718],[0.88266,51.16822],[0.87838,51.16907],[0.87861,51.1696],[0.879,51.16952],[0.88269,51.17222],[0.88443,51.1721],[0.88269,51.17416],[0.88427,51.17498],[0.88494,51.17573],[0.88722,51.17652],[0.88763,51.17639],[0.88823,51.17668],[0.89089,51.17686],[0.89217,51.1779],[0.89531,51.17754]]]}},{"type":"Feature","properties":{"id":"E01024001","name":"E01024001","parent":"E07000105","type":"LSOA","pop":1653,"r":152,"ff":70,"ffd":4234.7,"ffs":0.5691,"g":28,"co":0,"mo":2,"sa":0,"ic":0},"geometry":{"type":"Polygon","coordinates":[[[0.87923,51.13544],[0.87971,51.12646],[0.87651,51.12656],[0.87509,51.12829],[0.87255,51.12789],[0.87165,51.12808],[0.87125,51.1288],[0.87053,51.12914],[0.86597,51.12779],[0.86484,51.12723],[0.86382,51.12559],[0.86234,51.12481],[0.86124,51.12599],[0.85931,51.12709],[0.86018,51.12881],[0.85915,51.12907],[0.85936,51.13108],[0.85924,51.13133],[0.86019,51.13108],[0.86182,51.13347],[0.86318,51.13413],[0.86314,51.13485],[0.86411,51.13579],[0.86349,51.1358],[0.86385,51.13659],[0.8646,51.13651],[0.86471,51.13681],[0.86693,51.13716],[0.86755,51.13672],[0.86658,51.13655],[0.86652,51.13627],[0.86801,51.1356],[0.87045,51.13537],[0.87018,51.1363],[0.87203,51.13602],[0.87485,51.13528],[0.87742,51.13981],[0.87898,51.13969],[0.87923,51.13544]]]}},{"type":"Feature","properties":{"id":"E01024002","name":"E01024002","parent":"E07000105","type":"LSOA","pop":1537,"r":152,"ff":69,"ffd":4489.3,"ffs":0.561,"g":28,"co":0,"mo":2,"sa":0,"ic":0},"geometry":{"type":"Polygon","coordinates":[[[0.87067,51.14112],[0.8714,51.14087],[0.8722,51.14106],[0.87277,51.14092],[0.87296,51.14021],[0.87548,51.1396],[0.87545,51.1391],[0.87683,51.13873],[0.87485,51.13528],[0.87203,51.13602],[0.87018,51.1363],[0.87045,51.13537],[0.86801,51.1356],[0.86652,51.13627],[0.86658,51.13655],[0.86755,51.13672],[0.86693,51.13716],[0.87067,51.14112]]]}},{"type":"Feature","properties":{"id":"E01024003","name":"E01024003","parent":"E07000105","type":"LSOA","pop":1955,"r":156,"ff":71,"ffd":3631.7,"ffs":0.568,"g":30,"co":0,"mo":2,"sa":0,"ic":0},"geometry":{"type":"Polygon","coordinates":[[[0.90091,51.14552],[0.90293,51.14375],[0.90534,51.14208],[0.90486,51.14151],[0.90239,51.14129],[0.8959,51.14341],[0.89264,51.14484],[0.89152,51.14471],[0.89109,51.14425],[0.89032,51.14409],[0.89344,51.15004],[0.89615,51.14867],[0.89934,51.14638],[0.90091,51.14552]]]}},{"type":"Feature","properties":{"id":"E01024004","name":"E01024004","parent":"E07000105","type":"LSOA","pop":3189,"r":155,"ff":71,"ffd":2226.4,"ffs":0.5726,"g":30,"co":0,"mo":2,"sa":0,"ic":0},"geometry":{"type":"Polygon","coordinates":[[[0.91016,51.16577],[0.90875,51.1645],[0.90807,51.16456],[0.908,51.16344],[0.90635,51.16109],[0.90723,51.15942],[0.90786,51.15906],[0.90889,51.159],[0.90953,51.15812],[0.90757,51.15766],[0.90608,51.15654],[0.90661,51.15616],[0.90643,51.15567],[0.90758,51.15505],[0.9076,51.15153],[0.90725,51.15014],[0.90932,51.14803],[0.90943,51.14747],[0.91058,51.14698],[0.91209,51.14548],[0.91274,51.14452],[0.91273,51.14423],[0.91319,51.14441],[0.91349,51.14415],[0.9147,51.14474],[0.91695,51.14424],[0.91899,51.14493],[0.92264,51.14229],[0.92308,51.14134],[0.92379,51.14137],[0.92476,51.14008],[0.92364,51.13941],[0.92443,51.1389],[0.9212,51.13785],[0.92166,51.13609],[0.92091,51.13502],[0.91985,51.13511],[0.91757,51.13388],[0.91499,51.13334],[0.91027,51.13462],[0.90918,51.13447],[0.90925,51.13508],[0.91021,51.13674],[0.9091,51.13776],[0.90763,51.13953],[0.90669,51.13994],[0.90653,51.13964],[0.90501,51.13999],[0.90257,51.14077],[0.90231,51.14116],[0.90239,51.14129],[0.90486,51.14151],[0.90534,51.14208],[0.90293,51.14375],[0.90091,51.14552],[0.89934,51.14638],[0.89615,51.14867],[0.89344,51.15004],[0.89636,51.15484],[0.91062,51.16782],[0.91262,51.16696],[0.91019,51.16622],[0.91016,51.16577]]]}},{"type":"Feature","properties":{"id":"E01024005","name":"E01024005","parent":"E07000105","type":"LSOA","pop":1606,"r":157,"ff":71,"ffd":4420.9,"ffs":0.5635,"g":30,"co":0,"mo":2,"sa":0,"ic":0},"geometry":{"type":"Polygon","coordinates":[[[0.89918,51.13746],[0.89903,51.13736],[0.8894,51.14234],[0.89032,51.14409],[0.89109,51.14425],[0.89152,51.14471],[0.89264,51.14484],[0.8959,51.14341],[0.90239,51.14129],[0.89918,51.13746]]]}},{"type":"Feature","properties":{"id":"E01024006","name":"E01024006","parent":"E07000105","type":"LSOA","pop":1278,"r":148,"ff":64,"ffd":5007.8,"ffs":0.5424,"g":29,"co":2,"mo":2,"sa":0,"ic":0},"geometry":{"type":"Polygon","coordinates":[[[0.87165,51.12808],[0.87255,51.12789],[0.87509,51.12829],[0.87651,51.12656],[0.87971,51.12646],[0.88011,51.11908],[0.87685,51.12112],[0.8739,51.11905],[0.87216,51.1196],[0.87232,51.1198],[0.87088,51.11988],[0.87062,51.12044],[0.86977,51.12057],[0.8685,51.1213],[0.86599,51.11999],[0.86469,51.12014],[0.86145,51.12144],[0.86293,51.12256],[0.86534,51.1214],[0.86643,51.1225],[0.86696,51.1223],[0.86737,51.12259],[0.86951,51.12235],[0.87187,51.12405],[0.87227,51.12574],[0.8726,51.12614],[0.86773,51.12679],[0.86754,51.12712],[0.86667,51.12714],[0.86597,51.12779],[0.87053,51.12914],[0.87125,51.1288],[0.87165,51.12808]]]}},{"type":"Feature","properties":{"id":"E01024008","name":"E01024008","parent":"E07000105","type":"LSOA","pop":1986,"r":148,"ff":66,"ffd":3323.3,"ffs":0.5546,"g":28,"co":2,"mo":2,"sa":0,"ic":0},"geometry":{"type":"Polygon","coordinates":[[[0.86597,51.12779],[0.86667,51.12714],[0.86754,51.12712],[0.86773,51.12679],[0.8726,51.12614],[0.87227,51.12574],[0.87187,51.12405],[0.86951,51.12235],[0.86737,51.12259],[0.86696,51.1223],[0.86643,51.1225],[0.86534,51.1214],[0.86293,51.12256],[0.86145,51.12144],[0.86048,51.12174],[0.85948,51.12081],[0.85794,51.12008],[0.85693,51.12089],[0.85612,51.12024],[0.85266,51.12164],[0.8517,51.12312],[0.84983,51.12495],[0.8504,51.12547],[0.85352,51.12638],[0.85709,51.12696],[0.85931,51.12709],[0.86124,51.12599],[0.86234,51.12481],[0.86382,51.12559],[0.86484,51.12723],[0.86597,51.12779]]]}},{"type":"Feature","properties":{"id":"E01024009","name":"E01024009","parent":"E07000105","type":"LSOA","pop":1332,"r":9,"ff":7,"ffd":525.5,"ffs":0.7778,"g":0,"co":1,"mo":3,"sa":3,"ic":3},"geometry":{"type":"Polygon","coordinates":[[[0.65918,51.08523],[0.66028,51.08356],[0.66107,51.08309],[0.6655,51.08251],[0.66653,51.0831],[0.66766,51.08259],[0.67059,51.08352],[0.67348,51.08384],[0.67335,51.08287],[0.67399,51.08297],[0.67669,51.08202],[0.67958,51.08282],[0.67993,51.0817],[0.68189,51.08172],[0.68187,51.0812],[0.68316,51.08139],[0.68401,51.08118],[0.68374,51.08043],[0.68596,51.07984],[0.68645,51.08129],[0.68784,51.08112],[0.6881,51.08036],[0.689,51.08021],[0.68801,51.07747],[0.6888,51.07331],[0.68749,51.0715],[0.68606,51.07064],[0.68274,51.06952],[0.68033,51.06949],[0.67984,51.06915],[0.67883,51.06916],[0.67925,51.06785],[0.68046,51.06707],[0.6799,51.06678],[0.68028,51.06623],[0.68085,51.06636],[0.68148,51.06624],[0.68123,51.06581],[0.68325,51.06532],[0.68272,51.06497],[0.68334,51.06466],[0.6839,51.06511],[0.68454,51.06496],[0.68494,51.06445],[0.68796,51.06559],[0.68843,51.06513],[0.68893,51.06543],[0.68973,51.06414],[0.69038,51.0646],[0.69246,51.06508],[0.69536,51.06447],[0.69658,51.06463],[0.69997,51.06456],[0.70092,51.06417],[0.70334,51.06199],[0.70285,51.06017],[0.7013,51.05913],[0.70084,51.05839],[0.70091,51.05714],[0.70448,51.05538],[0.705,51.05445],[0.70497,51.05309],[0.70712,51.05232],[0.70984,51.0498],[0.70988,51.04925],[0.71098,51.04943],[0.71142,51.04806],[0.71427,51.04338],[0.71754,51.04341],[0.71841,51.04154],[0.71636,51.04077],[0.71504,51.03981],[0.71542,51.03961],[0.71458,51.03724],[0.70886,51.03668],[0.70469,51.03713],[0.70216,51.03807],[0.70005,51.03782],[0.69724,51.037],[0.69374,51.03658],[0.69183,51.03589],[0.68715,51.0328],[0.68444,51.03313],[0.68249,51.03104],[0.68245,51.02923],[0.68116,51.02832],[0.67721,51.02757],[0.67457,51.02771],[0.67348,51.02749],[0.67245,51.02537],[0.66894,51.0232],[0.6684,51.02225],[0.66857,51.02179],[0.66299,51.01974],[0.66211,51.01747],[0.66131,51.01779],[0.65865,51.01758],[0.65785,51.01712],[0.65645,51.01516],[0.65516,51.01473],[0.65222,51.01521],[0.64982,51.01518],[0.64794,51.01616],[0.64832,51.01754],[0.64816,51.01977],[0.64639,51.02057],[0.64638,51.02244],[0.64509,51.02495],[0.64383,51.02552],[0.64142,51.0276],[0.64374,51.03157],[0.64051,51.03599],[0.64364,51.03765],[0.64425,51.03761],[0.64601,51.03879],[0.64432,51.03994],[0.64468,51.03983],[0.64465,51.04061],[0.64513,51.04099],[0.64552,51.04092],[0.64658,51.0421],[0.64735,51.04221],[0.65045,51.0417],[0.65052,51.04291],[0.65208,51.04582],[0.64579,51.04277],[0.64515,51.04214],[0.64369,51.04192],[0.64332,51.04153],[0.64349,51.04072],[0.64234,51.04137],[0.6398,51.04205],[0.63885,51.04301],[0.64123,51.04446],[0.64257,51.04429],[0.64326,51.04337],[0.6445,51.04341],[0.64221,51.04692],[0.64217,51.04793],[0.64332,51.0503],[0.64105,51.05033],[0.63886,51.05094],[0.63937,51.05355],[0.64415,51.05448],[0.6464,51.05439],[0.64896,51.05667],[0.64839,51.05911],[0.64785,51.05888],[0.64494,51.06029],[0.64247,51.05946],[0.6394,51.06023],[0.63661,51.05918],[0.63364,51.05899],[0.63294,51.05823],[0.63314,51.05588],[0.63212,51.05618],[0.62982,51.0578],[0.62838,51.05916],[0.62667,51.05962],[0.62371,51.05851],[0.61773,51.05953],[0.61708,51.05937],[0.61621,51.06154],[0.61394,51.06229],[0.60991,51.06151],[0.61198,51.06248],[0.61172,51.06355],[0.61307,51.06371],[0.61727,51.06518],[0.62729,51.06658],[0.62847,51.06776],[0.63386,51.07082],[0.63658,51.07382],[0.63883,51.07527],[0.64087,51.07573],[0.64471,51.07789],[0.64265,51.07896],[0.64256,51.07975],[0.64359,51.08024],[0.6434,51.0804],[0.64667,51.08328],[0.64818,51.08492],[0.65129,51.08445],[0.65235,51.08393],[0.65271,51.08452],[0.65601,51.08433],[0.65918,51.08523]]]}},{"type":"Feature","properties":{"id":"E01024010","name":"E01024010","parent":"E07000105","type":"LSOA","pop":1441,"r":5,"ff":3,"ffd":208.2,"ffs":0.6,"g":0,"co":3,"mo":3,"sa":3,"ic":3},"geometry":{"type":"Polygon","coordinates":[[[0.61621,51.06154],[0.61708,51.05937],[0.61773,51.05953],[0.62371,51.05851],[0.62667,51.05962],[0.62838,51.05916],[0.62982,51.0578],[0.63212,51.05618],[0.63314,51.05588],[0.63294,51.05823],[0.63364,51.05899],[0.63661,51.05918],[0.6394,51.06023],[0.64247,51.05946],[0.64494,51.06029],[0.64785,51.05888],[0.64839,51.05911],[0.64896,51.05667],[0.6464,51.05439],[0.64415,51.05448],[0.63937,51.05355],[0.63886,51.05094],[0.64105,51.05033],[0.64332,51.0503],[0.64217,51.04793],[0.64221,51.04692],[0.6445,51.04341],[0.64326,51.04337],[0.64257,51.04429],[0.64123,51.04446],[0.63885,51.04301],[0.6398,51.04205],[0.64234,51.04137],[0.64349,51.04072],[0.64332,51.04153],[0.64369,51.04192],[0.64515,51.04214],[0.64579,51.04277],[0.65208,51.04582],[0.65052,51.04291],[0.65045,51.0417],[0.64735,51.04221],[0.64658,51.0421],[0.64552,51.04092],[0.64513,51.04099],[0.64465,51.04061],[0.64468,51.03983],[0.64432,51.03994],[0.64601,51.03879],[0.64425,51.03761],[0.64364,51.03765],[0.64051,51.03599],[0.64374,51.03157],[0.64142,51.0276],[0.64383,51.02552],[0.64509,51.02495],[0.64638,51.02244],[0.64639,51.02057],[0.64816,51.01977],[0.64832,51.01754],[0.64794,51.01616],[0.64721,51.01681],[0.64638,51.01673],[0.64576,51.0162],[0.64569,51.01519],[0.64383,51.01455],[0.63929,51.01202],[0.63716,51.01188],[0.63605,51.01222],[0.63364,51.01402],[0.63119,51.01678],[0.6294,51.01775],[0.62681,51.01767],[0.62586,51.01724],[0.62489,51.01624],[0.62338,51.01584],[0.62222,51.0157],[0.62075,51.01605],[0.6183,51.01521],[0.61605,51.01498],[0.61515,51.01361],[0.61167,51.01202],[0.60938,51.01236],[0.60539,51.01207],[0.6046,51.01247],[0.60473,51.01407],[0.60616,51.0173],[0.60606,51.01996],[0.59726,51.02082],[0.59585,51.02495],[0.59754,51.02517],[0.60246,51.02676],[0.59932,51.0295],[0.59842,51.0295],[0.59819,51.02989],[0.59714,51.02992],[0.5961,51.03038],[0.5942,51.03056],[0.59333,51.03145],[0.59513,51.0337],[0.59398,51.03484],[0.59495,51.03574],[0.59505,51.03646],[0.59339,51.0373],[0.59294,51.03803],[0.59325,51.03863],[0.59246,51.03998],[0.5935,51.04185],[0.59567,51.04218],[0.59708,51.04448],[0.59968,51.04614],[0.60039,51.04975],[0.60157,51.04966],[0.60367,51.05107],[0.6043,51.05256],[0.60473,51.05246],[0.60548,51.05366],[0.60414,51.0537],[0.60483,51.05437],[0.60554,51.05647],[0.60686,51.05703],[0.60741,51.05866],[0.60791,51.05849],[0.61052,51.06096],[0.60991,51.06151],[0.61394,51.06229],[0.61621,51.06154]]]}},{"type":"Feature","properties":{"id":"E01024011","name":"E01024011","parent":"E07000105","type":"LSOA","pop":1299,"r":9,"ff":7,"ffd":538.9,"ffs":0.7778,"g":0,"co":1,"mo":3,"sa":3,"ic":3},"geometry":{"type":"Polygon","coordinates":[[[0.67249,51.09944],[0.67495,51.09868],[0.67982,51.09923],[0.68463,51.09938],[0.68636,51.09848],[0.68882,51.09645],[0.69041,51.09029],[0.69046,51.08836],[0.6933,51.08712],[0.69481,51.08685],[0.69548,51.08549],[0.69482,51.08513],[0.69444,51.08531],[0.69364,51.08448],[0.69382,51.08331],[0.69329,51.08323],[0.69294,51.08258],[0.69113,51.0826],[0.69116,51.08167],[0.6907,51.08013],[0.6881,51.08036],[0.68784,51.08112],[0.68645,51.08129],[0.68596,51.07984],[0.68374,51.08043],[0.68401,51.08118],[0.68316,51.08139],[0.68187,51.0812],[0.68189,51.08172],[0.67993,51.0817],[0.67958,51.08282],[0.67669,51.08202],[0.67399,51.08297],[0.67335,51.08287],[0.67348,51.08384],[0.67059,51.08352],[0.66766,51.08259],[0.66653,51.0831],[0.6655,51.08251],[0.66107,51.08309],[0.66028,51.08356],[0.65918,51.08523],[0.65601,51.08433],[0.65271,51.08452],[0.65235,51.08393],[0.65129,51.08445],[0.64818,51.08492],[0.64928,51.08592],[0.65076,51.08638],[0.65097,51.08788],[0.65048,51.08862],[0.65093,51.08949],[0.6519,51.08984],[0.65593,51.0902],[0.65824,51.09094],[0.65922,51.09402],[0.66009,51.09566],[0.66124,51.09666],[0.66148,51.0975],[0.6628,51.09823],[0.66339,51.09928],[0.66648,51.09997],[0.66781,51.09961],[0.67249,51.09944]]]}},{"type":"Feature","properties":{"id":"E01024012","name":"E01024012","parent":"E07000105","type":"LSOA","pop":1147,"r":9,"ff":7,"ffd":610.3,"ffs":0.7778,"g":0,"co":1,"mo":3,"sa":3,"ic":3},"geometry":{"type":"Polygon","coordinates":[[[0.71352,51.0916],[0.71395,51.09057],[0.71564,51.08928],[0.71486,51.08858],[0.71551,51.08767],[0.71799,51.08525],[0.71971,51.08441],[0.7207,51.08311],[0.72506,51.08314],[0.73051,51.08375],[0.73128,51.08299],[0.73328,51.08226],[0.73411,51.08125],[0.733,51.08004],[0.73211,51.07994],[0.73122,51.07829],[0.73161,51.07769],[0.73106,51.07709],[0.732,51.07586],[0.73054,51.07473],[0.72942,51.07457],[0.72892,51.07394],[0.72771,51.0739],[0.72772,51.07457],[0.72575,51.07512],[0.72412,51.07475],[0.72244,51.07478],[0.72265,51.0753],[0.72087,51.0756],[0.7201,51.07671],[0.71577,51.07641],[0.71452,51.07718],[0.71374,51.07658],[0.71338,51.07666],[0.70836,51.07885],[0.70554,51.07752],[0.70501,51.07677],[0.70127,51.07799],[0.69971,51.07955],[0.69828,51.07904],[0.69619,51.07995],[0.6954,51.07928],[0.69496,51.07989],[0.69327,51.07958],[0.69283,51.07982],[0.69077,51.07981],[0.6907,51.08013],[0.69116,51.08167],[0.69113,51.0826],[0.69294,51.08258],[0.69329,51.08323],[0.69382,51.08331],[0.69364,51.08448],[0.69444,51.08531],[0.69482,51.08513],[0.69548,51.08549],[0.69481,51.08685],[0.69611,51.08712],[0.70404,51.09143],[0.70546,51.09106],[0.70733,51.09143],[0.71352,51.0916]]]}},{"type":"Feature","properties":{"id":"E01024013","name":"E01024013","parent":"E07000105","type":"LSOA","pop":1891,"r":122,"ff":51,"ffd":2697.0,"ffs":0.5604,"g":30,"co":0,"mo":2,"sa":2,"ic":0},"geometry":{"type":"Polygon","coordinates":[[[0.94967,51.13411],[0.95109,51.13365],[0.95211,51.13379],[0.95679,51.13185],[0.95561,51.13086],[0.95683,51.12904],[0.95743,51.13013],[0.9579,51.13028],[0.95873,51.12947],[0.95917,51.13],[0.95954,51.12805],[0.95992,51.12718],[0.96058,51.1268],[0.96093,51.12491],[0.9637,51.12302],[0.96455,51.12198],[0.96591,51.12263],[0.96718,51.12379],[0.96781,51.12392],[0.96736,51.1241],[0.97014,51.1252],[0.97082,51.12508],[0.97036,51.12523],[0.97085,51.12549],[0.9702,51.12579],[0.96966,51.12521],[0.96816,51.12571],[0.96915,51.12544],[0.97005,51.12648],[0.97092,51.12633],[0.97089,51.12677],[0.97174,51.12671],[0.97263,51.1269],[0.97253,51.12646],[0.97523,51.12589],[0.97605,51.12666],[0.97691,51.12653],[0.97826,51.12529],[0.97959,51.12522],[0.97696,51.12351],[0.97726,51.12328],[0.97679,51.12283],[0.97415,51.12342],[0.97432,51.12365],[0.9738,51.12379],[0.974,51.12311],[0.97298,51.12226],[0.97375,51.12131],[0.97085,51.11873],[0.97053,51.11771],[0.97247,51.11709],[0.97713,51.11964],[0.97881,51.11968],[0.97915,51.12084],[0.98001,51.12095],[0.98102,51.12034],[0.97988,51.11851],[0.97828,51.11701],[0.97711,51.11653],[0.97814,51.11612],[0.97863,51.11459],[0.98205,51.11549],[0.98554,51.11514],[0.98386,51.11457],[0.98456,51.11413],[0.98386,51.11389],[0.98185,51.11389],[0.97977,51.11219],[0.98221,51.11088],[0.98169,51.11005],[0.98339,51.10833],[0.98045,51.10746],[0.97859,51.10613],[0.97529,51.1063],[0.97358,51.10718],[0.97124,51.10626],[0.96885,51.10576],[0.96551,51.10609],[0.96306,51.10546],[0.96094,51.10541],[0.96103,51.10574],[0.95966,51.10537],[0.9583,51.10541],[0.9571,51.10412],[0.95591,51.1045],[0.95408,51.10361],[0.95431,51.10338],[0.95358,51.10268],[0.95326,51.10159],[0.95199,51.10183],[0.95139,51.10164],[0.94928,51.10278],[0.94777,51.1026],[0.94686,51.10326],[0.94631,51.10318],[0.94693,51.10167],[0.94852,51.10115],[0.94934,51.09978],[0.94554,51.09642],[0.94533,51.09568],[0.94618,51.09436],[0.95165,51.09213],[0.94884,51.08979],[0.94603,51.08826],[0.9448,51.08998],[0.9444,51.09114],[0.94464,51.09168],[0.94441,51.0918],[0.94225,51.09081],[0.9385,51.09067],[0.93817,51.09094],[0.9385,51.09247],[0.93813,51.09299],[0.93532,51.0936],[0.9353,51.09455],[0.93054,51.0943],[0.93058,51.09606],[0.92886,51.09712],[0.92508,51.09841],[0.92601,51.09868],[0.92567,51.0992],[0.9286,51.10071],[0.93004,51.09985],[0.93513,51.10274],[0.93635,51.10659],[0.93555,51.10701],[0.93369,51.10651],[0.93272,51.10695],[0.93101,51.10826],[0.93037,51.10943],[0.9311,51.1103],[0.93272,51.11169],[0.93298,51.11158],[0.9337,51.11313],[0.93483,51.1137],[0.93621,51.113],[0.93903,51.11393],[0.9389,51.11592],[0.94107,51.11741],[0.93916,51.11816],[0.94052,51.12013],[0.94035,51.12157],[0.94288,51.12374],[0.94363,51.12549],[0.94739,51.12886],[0.94805,51.13182],[0.94967,51.13411]]]}},{"type":"Feature","properties":{"id":"E01024014","name":"E01024014","parent":"E07000105","type":"LSOA","pop":1908,"r":105,"ff":44,"ffd":2306.1,"ffs":0.5789,"g":28,"co":2,"mo":2,"sa":2,"ic":0},"geometry":{"type":"Polygon","coordinates":[[[0.97859,51.10613],[0.97797,51.10516],[0.97851,51.10438],[0.9798,51.10459],[0.9803,51.10361],[0.98215,51.10193],[0.9821,51.10156],[0.98317,51.10132],[0.98392,51.10028],[0.98512,51.10025],[0.9854,51.09988],[0.98507,51.09722],[0.98368,51.09346],[0.98239,51.09272],[0.98347,51.09109],[0.98026,51.08959],[0.97994,51.08749],[0.98023,51.08685],[0.97694,51.0846],[0.97659,51.08317],[0.97763,51.08117],[0.97554,51.07902],[0.97279,51.0797],[0.97115,51.07827],[0.97001,51.07786],[0.96973,51.07695],[0.96803,51.07731],[0.96745,51.07707],[0.96774,51.07159],[0.96665,51.07074],[0.96668,51.0688],[0.96836,51.06873],[0.96817,51.06703],[0.96893,51.06293],[0.96619,51.06234],[0.96359,51.06074],[0.96069,51.06016],[0.9579,51.06019],[0.95474,51.05891],[0.95417,51.05826],[0.95439,51.05781],[0.95351,51.05728],[0.95181,51.05695],[0.94934,51.05703],[0.94611,51.0551],[0.94413,51.05491],[0.94381,51.056],[0.93982,51.05706],[0.93657,51.05835],[0.93584,51.05803],[0.93513,51.05868],[0.93427,51.06115],[0.93251,51.06047],[0.93158,51.05896],[0.93016,51.05888],[0.93004,51.05855],[0.92736,51.05785],[0.92651,51.05649],[0.92134,51.05612],[0.92279,51.05207],[0.91967,51.05189],[0.91947,51.0526],[0.91675,51.05215],[0.91629,51.05344],[0.91499,51.05339],[0.91588,51.05048],[0.91444,51.04981],[0.91397,51.04977],[0.91368,51.05025],[0.91314,51.05031],[0.90977,51.04996],[0.9067,51.05122],[0.90332,51.05046],[0.90115,51.04908],[0.89797,51.04492],[0.89969,51.04302],[0.90012,51.03866],[0.89801,51.03825],[0.89685,51.0377],[0.89639,51.03788],[0.89448,51.03699],[0.89388,51.0374],[0.89316,51.03945],[0.89209,51.04004],[0.89126,51.03959],[0.89021,51.04111],[0.88794,51.03999],[0.88558,51.04022],[0.88404,51.04179],[0.88213,51.04271],[0.88282,51.04294],[0.88319,51.04369],[0.88268,51.04495],[0.88198,51.04525],[0.88239,51.04633],[0.88145,51.04834],[0.87811,51.05124],[0.87724,51.05163],[0.87606,51.05092],[0.87528,51.05099],[0.87269,51.0528],[0.87336,51.05334],[0.86732,51.05812],[0.86771,51.05823],[0.86641,51.06042],[0.86329,51.05956],[0.86285,51.06089],[0.85982,51.06124],[0.86212,51.06241],[0.86345,51.06414],[0.86508,51.06502],[0.86602,51.06509],[0.86597,51.06619],[0.86693,51.06848],[0.86642,51.07178],[0.86222,51.07968],[0.8556,51.08484],[0.85504,51.08477],[0.85361,51.08554],[0.85274,51.08644],[0.85324,51.08783],[0.84903,51.0892],[0.84661,51.09077],[0.84622,51.09148],[0.84492,51.09163],[0.84499,51.0932],[0.84264,51.09336],[0.8402,51.09272],[0.84017,51.09508],[0.84335,51.09735],[0.84614,51.09652],[0.8469,51.09656],[0.84751,51.09774],[0.84716,51.09832],[0.84867,51.0984],[0.84866,51.09736],[0.85318,51.09785],[0.85379,51.09842],[0.85627,51.0995],[0.85667,51.1006],[0.85911,51.10061],[0.86147,51.10037],[0.86429,51.10051],[0.86772,51.09943],[0.87108,51.09994],[0.8742,51.10106],[0.88195,51.10001],[0.88859,51.10201],[0.8929,51.1012],[0.89436,51.10111],[0.89453,51.10033],[0.89355,51.09945],[0.8934,51.09783],[0.89357,51.09658],[0.89509,51.09333],[0.89923,51.09481],[0.90166,51.09517],[0.90751,51.0955],[0.92219,51.09446],[0.92238,51.09547],[0.92459,51.09828],[0.92508,51.09841],[0.92886,51.09712],[0.93058,51.09606],[0.93054,51.0943],[0.9353,51.09455],[0.93532,51.0936],[0.93813,51.09299],[0.9385,51.09247],[0.93817,51.09094],[0.9385,51.09067],[0.94225,51.09081],[0.94441,51.0918],[0.94464,51.09168],[0.9444,51.09114],[0.9448,51.08998],[0.94603,51.08826],[0.94884,51.08979],[0.95165,51.09213],[0.94618,51.09436],[0.94533,51.09568],[0.94554,51.09642],[0.94934,51.09978],[0.94852,51.10115],[0.94693,51.10167],[0.94631,51.10318],[0.94686,51.10326],[0.94777,51.1026],[0.94928,51.10278],[0.95139,51.10164],[0.95199,51.10183],[0.95326,51.10159],[0.95358,51.10268],[0.95431,51.10338],[0.95408,51.10361],[0.95591,51.1045],[0.9571,51.10412],[0.9583,51.10541],[0.95966,51.10537],[0.96103,51.10574],[0.96094,51.10541],[0.96306,51.10546],[0.96551,51.10609],[0.96885,51.10576],[0.97124,51.10626],[0.97358,51.10718],[0.97529,51.1063],[0.97859,51.10613]]]}},{"type":"Feature","properties":{"id":"E01024015","name":"E01024015","parent":"E07000105","type":"LSOA","pop":1632,"r":107,"ff":42,"ffd":2573.5,"ffs":0.5385,"g":28,"co":2,"mo":2,"sa":2,"ic":0},"geometry":{"type":"Polygon","coordinates":[[[0.99174,51.18286],[0.99196,51.18225],[0.99419,51.18168],[0.99522,51.18088],[0.99195,51.17691],[0.99173,51.17406],[0.99208,51.17249],[0.99259,51.1724],[0.99169,51.17052],[0.99209,51.17032],[0.99511,51.17214],[0.99953,51.17212],[1.00128,51.16949],[1.00071,51.16822],[0.9986,51.1666],[0.99844,51.16474],[1.00304,51.16443],[1.00821,51.1633],[1.00957,51.16344],[1.01175,51.16259],[1.01357,51.16135],[1.01578,51.1615],[1.01692,51.1612],[1.0095,51.1541],[1.01111,51.15329],[1.01188,51.1525],[1.01193,51.15138],[1.01324,51.15096],[1.01242,51.1499],[1.00976,51.14796],[1.00846,51.14554],[1.00862,51.145],[1.01022,51.14416],[1.01203,51.14371],[1.01309,51.14279],[1.01656,51.14226],[1.01801,51.14129],[1.01649,51.14023],[1.02057,51.13466],[1.02245,51.13395],[1.02395,51.13414],[1.02509,51.13392],[1.02924,51.13254],[1.02691,51.12952],[1.02445,51.12857],[1.02293,51.12561],[1.02387,51.12508],[1.02213,51.12384],[1.02057,51.12408],[1.01758,51.12542],[1.01679,51.12286],[1.01638,51.123],[1.01552,51.12185],[1.01655,51.12126],[1.01707,51.1202],[1.01687,51.1194],[1.01488,51.11879],[1.01212,51.1172],[1.01125,51.11723],[1.00928,51.11627],[1.00796,51.11656],[1.00644,51.11777],[1.00403,51.11898],[1.00304,51.11823],[1.00046,51.1184],[0.99898,51.1189],[1.00051,51.12125],[0.99542,51.12232],[0.99628,51.1199],[0.99626,51.11896],[0.99566,51.11833],[0.99413,51.11797],[0.99338,51.11746],[0.99176,51.11768],[0.99114,51.11731],[0.98974,51.11713],[0.98885,51.11758],[0.9879,51.11658],[0.98554,51.11514],[0.98205,51.11549],[0.97863,51.11459],[0.97814,51.11612],[0.97711,51.11653],[0.97828,51.11701],[0.97988,51.11851],[0.98102,51.12034],[0.98001,51.12095],[0.97915,51.12084],[0.97881,51.11968],[0.97713,51.11964],[0.97247,51.11709],[0.97053,51.11771],[0.97085,51.11873],[0.97375,51.12131],[0.97298,51.12226],[0.974,51.12311],[0.9738,51.12379],[0.97432,51.12365],[0.97415,51.12342],[0.97679,51.12283],[0.97726,51.12328],[0.97696,51.12351],[0.97959,51.12522],[0.97826,51.12529],[0.97691,51.12653],[0.97605,51.12666],[0.97523,51.12589],[0.97253,51.12646],[0.97263,51.1269],[0.97174,51.12671],[0.97089,51.12677],[0.97092,51.12633],[0.97005,51.12648],[0.96915,51.12544],[0.96816,51.12571],[0.96966,51.12521],[0.9702,51.12579],[0.97085,51.12549],[0.97036,51.12523],[0.97082,51.12508],[0.97014,51.1252],[0.96736,51.1241],[0.96781,51.12392],[0.96718,51.12379],[0.96591,51.12263],[0.96455,51.12198],[0.9637,51.12302],[0.96093,51.12491],[0.96058,51.1268],[0.95992,51.12718],[0.95954,51.12805],[0.95917,51.13],[0.95873,51.12947],[0.9579,51.13028],[0.95743,51.13013],[0.95683,51.12904],[0.95561,51.13086],[0.95679,51.13185],[0.95211,51.13379],[0.95109,51.13365],[0.94967,51.13411],[0.94936,51.1338],[0.94951,51.13407],[0.94772,51.13459],[0.94567,51.13623],[0.94248,51.14112],[0.94306,51.14187],[0.94514,51.14253],[0.94663,51.1438],[0.93971,51.14651],[0.93543,51.14858],[0.94143,51.1527],[0.93908,51.15425],[0.93819,51.15658],[0.94097,51.15946],[0.94229,51.15974],[0.94344,51.16088],[0.94168,51.16136],[0.94101,51.16189],[0.9413,51.16315],[0.94088,51.16366],[0.94359,51.16573],[0.94375,51.16694],[0.94474,51.16675],[0.94474,51.16638],[0.94664,51.16637],[0.94809,51.16814],[0.94777,51.1683],[0.94831,51.1692],[0.94894,51.16959],[0.95092,51.16904],[0.95003,51.16789],[0.95323,51.16662],[0.95449,51.16656],[0.95584,51.16863],[0.9609,51.16738],[0.96089,51.16525],[0.9597,51.16318],[0.9606,51.16211],[0.96289,51.16131],[0.96543,51.16154],[0.96634,51.16133],[0.96739,51.16188],[0.97076,51.16175],[0.97312,51.16095],[0.97364,51.16008],[0.97312,51.15815],[0.9758,51.15769],[0.97641,51.15659],[0.97807,51.15524],[0.97921,51.15617],[0.9812,51.15602],[0.98243,51.15624],[0.98516,51.15802],[0.98544,51.15976],[0.98328,51.16405],[0.98251,51.16452],[0.98365,51.16526],[0.98572,51.16809],[0.98617,51.17029],[0.98437,51.17135],[0.98258,51.17146],[0.98205,51.17308],[0.97868,51.17298],[0.97582,51.17256],[0.97173,51.17415],[0.97114,51.17616],[0.96905,51.17703],[0.96849,51.17691],[0.96805,51.17769],[0.96824,51.17981],[0.96918,51.18107],[0.9713,51.18158],[0.97261,51.18267],[0.97755,51.18154],[0.98496,51.17914],[0.98612,51.18238],[0.98731,51.18271],[0.98863,51.18265],[0.99004,51.18373],[0.99174,51.18286]]]}},{"type":"Feature","properties":{"id":"E01024016","name":"E01024016","parent":"E07000105","type":"LSOA","pop":1291,"r":152,"ff":69,"ffd":5344.7,"ffs":0.561,"g":28,"co":0,"mo":2,"sa":0,"ic":0},"geometry":{"type":"Polygon","coordinates":[[[0.84846,51.14163],[0.84744,51.14017],[0.84706,51.13846],[0.84453,51.13918],[0.84261,51.13927],[0.84261,51.13974],[0.84351,51.14013],[0.8418,51.14015],[0.84258,51.14114],[0.84352,51.14082],[0.84378,51.1411],[0.84384,51.14141],[0.84305,51.14178],[0.84371,51.14229],[0.84361,51.14287],[0.84319,51.14297],[0.84353,51.14397],[0.8444,51.14468],[0.845,51.14604],[0.84647,51.14712],[0.84728,51.14687],[0.85075,51.14328],[0.84846,51.14163]]]}},{"type":"Feature","properties":{"id":"E01024017","name":"E01024017","parent":"E07000105","type":"LSOA","pop":1941,"r":152,"ff":69,"ffd":3554.9,"ffs":0.561,"g":28,"co":0,"mo":2,"sa":0,"ic":0},"geometry":{"type":"Polygon","coordinates":[[[0.83947,51.14109],[0.8418,51.14015],[0.84351,51.14013],[0.84261,51.13974],[0.84261,51.13927],[0.84453,51.13918],[0.84706,51.13846],[0.84692,51.1377],[0.84597,51.13684],[0.84418,51.13627],[0.84212,51.13493],[0.8428,51.1338],[0.83954,51.13235],[0.8377,51.13334],[0.83267,51.13503],[0.83514,51.13682],[0.83947,51.14109]]]}},{"type":"Feature","properties":{"id":"E01024019","name":"E01024019","parent":"E07000105","type":"LSOA","pop":1744,"r":150,"ff":68,"ffd":3899.1,"ffs":0.562,"g":28,"co":0,"mo":2,"sa":0,"ic":0},"geometry":{"type":"Polygon","coordinates":[[[0.85905,51.13159],[0.85936,51.13108],[0.85915,51.12907],[0.86018,51.12881],[0.85931,51.12709],[0.85709,51.12696],[0.85352,51.12638],[0.85092,51.12746],[0.85131,51.12842],[0.85026,51.12923],[0.84922,51.12916],[0.84795,51.12955],[0.84749,51.13004],[0.84836,51.13021],[0.84843,51.13063],[0.84948,51.13058],[0.84983,51.13159],[0.85026,51.13143],[0.84997,51.13018],[0.85125,51.13011],[0.85165,51.1297],[0.85349,51.13018],[0.85259,51.13161],[0.85318,51.13161],[0.85315,51.13191],[0.85382,51.13152],[0.85441,51.1316],[0.85446,51.13264],[0.85518,51.1327],[0.85546,51.13311],[0.85754,51.13255],[0.85905,51.13159]]]}},{"type":"Feature","properties":{"id":"E01024020","name":"E01024020","parent":"E07000105","type":"LSOA","pop":2118,"r":152,"ff":69,"ffd":3257.8,"ffs":0.561,"g":28,"co":0,"mo":2,"sa":0,"ic":0},"geometry":{"type":"Polygon","coordinates":[[[0.85446,51.13264],[0.85441,51.1316],[0.85382,51.13152],[0.85315,51.13191],[0.85318,51.13161],[0.85259,51.13161],[0.85349,51.13018],[0.85165,51.1297],[0.85125,51.13011],[0.84997,51.13018],[0.85026,51.13143],[0.84983,51.13159],[0.84948,51.13058],[0.84843,51.13063],[0.84836,51.13021],[0.84749,51.13004],[0.84724,51.13174],[0.84876,51.13349],[0.84956,51.13381],[0.85362,51.13358],[0.85546,51.13311],[0.85518,51.1327],[0.85446,51.13264]]]}},{"type":"Feature","properties":{"id":"E01024021","name":"E01024021","parent":"E07000105","type":"LSOA","pop":1492,"r":157,"ff":72,"ffd":4825.7,"ffs":0.5669,"g":29,"co":0,"mo":2,"sa":0,"ic":0},"geometry":{"type":"Polygon","coordinates":[[[0.88024,51.15342],[0.881,51.15273],[0.88128,51.15168],[0.88099,51.14915],[0.87867,51.15004],[0.87395,51.15087],[0.87351,51.15168],[0.87215,51.1518],[0.86933,51.15316],[0.86957,51.15333],[0.87069,51.15317],[0.87028,51.1538],[0.87122,51.15427],[0.87308,51.15323],[0.8739,51.15424],[0.8743,51.15416],[0.87388,51.15345],[0.87496,51.15323],[0.87692,51.1535],[0.87671,51.15419],[0.8745,51.15449],[0.87606,51.1555],[0.87524,51.15636],[0.87438,51.15646],[0.87446,51.15788],[0.88186,51.1548],[0.88024,51.15342]]]}},{"type":"Feature","properties":{"id":"E01024022","name":"E01024022","parent":"E07000105","type":"LSOA","pop":1576,"r":157,"ff":72,"ffd":4568.5,"ffs":0.5669,"g":29,"co":0,"mo":2,"sa":0,"ic":0},"geometry":{"type":"Polygon","coordinates":[[[0.87446,51.15788],[0.87438,51.15646],[0.87524,51.15636],[0.87606,51.1555],[0.8745,51.15449],[0.87671,51.15419],[0.87692,51.1535],[0.87496,51.15323],[0.87388,51.15345],[0.8743,51.15416],[0.8739,51.15424],[0.87308,51.15323],[0.87122,51.15427],[0.87028,51.1538],[0.87069,51.15317],[0.86957,51.15333],[0.86693,51.1518],[0.8654,51.15247],[0.86441,51.15317],[0.86628,51.15459],[0.86306,51.15669],[0.86334,51.15687],[0.86286,51.15683],[0.86327,51.15737],[0.86381,51.1573],[0.86345,51.15765],[0.86413,51.15858],[0.86375,51.16058],[0.8642,51.16194],[0.8649,51.16235],[0.86868,51.16038],[0.87446,51.15788]]]}},{"type":"Feature","properties":{"id":"E01024023","name":"E01024023","parent":"E07000105","type":"LSOA","pop":2730,"r":157,"ff":72,"ffd":2637.4,"ffs":0.5669,"g":29,"co":0,"mo":2,"sa":0,"ic":0},"geometry":{"type":"Polygon","coordinates":[[[0.88632,51.14019],[0.88335,51.13989],[0.88106,51.14033],[0.87697,51.14237],[0.88041,51.14381],[0.88038,51.14476],[0.87975,51.14537],[0.87951,51.14648],[0.88044,51.14857],[0.88099,51.14915],[0.88128,51.15168],[0.881,51.15273],[0.88024,51.15342],[0.88186,51.1548],[0.8934,51.14996],[0.8894,51.14234],[0.88891,51.14166],[0.88632,51.14019]]]}},{"type":"Feature","properties":{"id":"E01024024","name":"E01024024","parent":"E07000105","type":"LSOA","pop":2215,"r":9,"ff":7,"ffd":316.0,"ffs":0.7778,"g":0,"co":1,"mo":3,"sa":3,"ic":3},"geometry":{"type":"Polygon","coordinates":[[[0.6907,51.08013],[0.69077,51.07981],[0.69283,51.07982],[0.69327,51.07958],[0.69496,51.07989],[0.6954,51.07928],[0.69619,51.07995],[0.69828,51.07904],[0.69971,51.07955],[0.70127,51.07799],[0.70501,51.07677],[0.70486,51.07646],[0.70364,51.07624],[0.70316,51.07571],[0.70212,51.07536],[0.70168,51.07408],[0.70099,51.07393],[0.69958,51.0746],[0.6993,51.07409],[0.69838,51.07428],[0.69762,51.07471],[0.69603,51.07454],[0.69602,51.07478],[0.69402,51.07489],[0.69448,51.07385],[0.69381,51.07349],[0.69477,51.0722],[0.69555,51.07235],[0.69584,51.072],[0.69297,51.07109],[0.68734,51.06827],[0.68028,51.06623],[0.6799,51.06678],[0.68046,51.06707],[0.67925,51.06785],[0.67883,51.06916],[0.67984,51.06915],[0.68033,51.06949],[0.68274,51.06952],[0.68606,51.07064],[0.68749,51.0715],[0.6888,51.07331],[0.68801,51.07747],[0.689,51.08021],[0.6907,51.08013]]]}},{"type":"Feature","properties":{"id":"E01024025","name":"E01024025","parent":"E07000105","type":"LSOA","pop":1550,"r":10,"ff":8,"ffd":516.1,"ffs":0.8,"g":0,"co":1,"mo":3,"sa":3,"ic":3},"geometry":{"type":"Polygon","coordinates":[[[0.6955,51.07145],[0.69602,51.07118],[0.69645,51.07133],[0.69832,51.0703],[0.69792,51.06986],[0.69834,51.06945],[0.69772,51.06874],[0.7009,51.06779],[0.70122,51.06814],[0.70396,51.06761],[0.70349,51.067],[0.7038,51.06683],[0.70333,51.06661],[0.70277,51.06672],[0.7028,51.06648],[0.70211,51.06638],[0.69997,51.06456],[0.69658,51.06463],[0.69536,51.06447],[0.69246,51.06508],[0.69038,51.0646],[0.68973,51.06414],[0.68893,51.06543],[0.68843,51.06513],[0.68796,51.06559],[0.68494,51.06445],[0.68454,51.06496],[0.6839,51.06511],[0.68334,51.06466],[0.68272,51.06497],[0.68325,51.06532],[0.68123,51.06581],[0.68148,51.06624],[0.68085,51.06636],[0.68734,51.06827],[0.69297,51.07109],[0.69584,51.072],[0.696,51.07181],[0.6955,51.07145]]]}},{"type":"Feature","properties":{"id":"E01024026","name":"E01024026","parent":"E07000105","type":"LSOA","pop":1287,"r":10,"ff":8,"ffd":621.6,"ffs":0.8,"g":0,"co":3,"mo":3,"sa":3,"ic":3},"geometry":{"type":"Polygon","coordinates":[[[0.71338,51.07666],[0.71374,51.07658],[0.71452,51.07718],[0.71577,51.07641],[0.7201,51.07671],[0.72087,51.0756],[0.72265,51.0753],[0.72244,51.07478],[0.72412,51.07475],[0.72575,51.07512],[0.72772,51.07457],[0.72771,51.0739],[0.72892,51.07394],[0.72847,51.07381],[0.72868,51.07309],[0.7308,51.0709],[0.73039,51.06993],[0.73075,51.06835],[0.73553,51.06488],[0.7381,51.0624],[0.73989,51.06276],[0.74063,51.06344],[0.74229,51.06404],[0.74511,51.05925],[0.74667,51.05785],[0.7468,51.057],[0.75578,51.05547],[0.75476,51.05155],[0.7547,51.04889],[0.75503,51.0485],[0.75706,51.04858],[0.7529,51.04437],[0.75325,51.04207],[0.75255,51.03906],[0.75115,51.03817],[0.75076,51.03823],[0.74875,51.03938],[0.74765,51.04103],[0.74352,51.04118],[0.73894,51.03976],[0.73886,51.03822],[0.73519,51.03802],[0.73334,51.0384],[0.73056,51.03951],[0.73003,51.03985],[0.72918,51.04163],[0.72675,51.04184],[0.72423,51.04167],[0.72079,51.04052],[0.71687,51.04047],[0.71542,51.03961],[0.71504,51.03981],[0.71636,51.04077],[0.71841,51.04154],[0.71754,51.04341],[0.71427,51.04338],[0.71142,51.04806],[0.71098,51.04943],[0.70988,51.04925],[0.70984,51.0498],[0.70712,51.05232],[0.70497,51.05309],[0.705,51.05445],[0.70448,51.05538],[0.70091,51.05714],[0.70084,51.05839],[0.7013,51.05913],[0.70285,51.06017],[0.70334,51.06199],[0.70092,51.06417],[0.69997,51.06456],[0.70211,51.06638],[0.7028,51.06648],[0.70277,51.06672],[0.70333,51.06661],[0.7038,51.06683],[0.70349,51.067],[0.70396,51.06761],[0.70122,51.06814],[0.7009,51.06779],[0.69772,51.06874],[0.69834,51.06945],[0.69792,51.06986],[0.69832,51.0703],[0.69645,51.07133],[0.69602,51.07118],[0.6955,51.07145],[0.696,51.07181],[0.69555,51.07235],[0.69477,51.0722],[0.69381,51.07349],[0.69448,51.07385],[0.69402,51.07489],[0.69602,51.07478],[0.69603,51.07454],[0.69762,51.07471],[0.69838,51.07428],[0.6993,51.07409],[0.69958,51.0746],[0.70099,51.07393],[0.70168,51.07408],[0.70212,51.07536],[0.70316,51.07571],[0.70364,51.07624],[0.70486,51.07646],[0.70554,51.07752],[0.70836,51.07885],[0.71338,51.07666]]]}},{"type":"Feature","properties":{"id":"E01024028","name":"E01024028","parent":"E07000105","type":"LSOA","pop":1850,"r":152,"ff":69,"ffd":3729.7,"ffs":0.561,"g":28,"co":0,"mo":2,"sa":0,"ic":0},"geometry":{"type":"Polygon","coordinates":[[[0.85914,51.14328],[0.85752,51.14263],[0.85507,51.143],[0.85476,51.14266],[0.85583,51.14181],[0.8549,51.14143],[0.85483,51.14121],[0.85532,51.14117],[0.85517,51.14064],[0.85338,51.13995],[0.85277,51.14106],[0.84931,51.14485],[0.84728,51.14687],[0.84647,51.14712],[0.84808,51.14839],[0.85928,51.14764],[0.85893,51.14556],[0.85914,51.14328]]]}},{"type":"Feature","properties":{"id":"E01024029","name":"E01024029","parent":"E07000105","type":"LSOA","pop":2778,"r":152,"ff":69,"ffd":2483.8,"ffs":0.561,"g":28,"co":0,"mo":2,"sa":0,"ic":0},"geometry":{"type":"Polygon","coordinates":[[[0.87004,51.14681],[0.86811,51.14521],[0.86652,51.14428],[0.86719,51.14386],[0.867,51.14366],[0.86708,51.14314],[0.86796,51.14255],[0.86797,51.14196],[0.86881,51.14164],[0.87057,51.14191],[0.87067,51.14112],[0.86874,51.139],[0.86693,51.13716],[0.86471,51.13681],[0.8646,51.13651],[0.86385,51.13659],[0.86349,51.1358],[0.86011,51.13652],[0.86189,51.13958],[0.86214,51.14169],[0.86101,51.14123],[0.85752,51.14263],[0.85914,51.14328],[0.85893,51.14556],[0.85928,51.14764],[0.86612,51.14668],[0.86808,51.14799],[0.86775,51.14823],[0.8692,51.14783],[0.86892,51.14743],[0.87004,51.14681]]]}},{"type":"Feature","properties":{"id":"E01024031","name":"E01024031","parent":"E07000105","type":"LSOA","pop":1748,"r":87,"ff":32,"ffd":1830.7,"ffs":0.5246,"g":25,"co":2,"mo":2,"sa":2,"ic":1},"geometry":{"type":"Polygon","coordinates":[[[0.77642,51.15598],[0.7734,51.15207],[0.77462,51.15146],[0.77741,51.151],[0.77954,51.14916],[0.78264,51.15123],[0.78814,51.15358],[0.79713,51.15127],[0.80048,51.15458],[0.80219,51.15555],[0.80342,51.1551],[0.80538,51.15517],[0.80606,51.1545],[0.80485,51.15283],[0.80669,51.15232],[0.80845,51.15108],[0.8084,51.15066],[0.8069,51.15037],[0.80641,51.14981],[0.80743,51.14752],[0.80346,51.14672],[0.80218,51.14603],[0.79358,51.14325],[0.79065,51.14113],[0.78895,51.14055],[0.78945,51.13967],[0.78831,51.13936],[0.78871,51.13865],[0.78772,51.13685],[0.78817,51.13602],[0.78961,51.13557],[0.79095,51.13601],[0.79251,51.13608],[0.79388,51.1347],[0.79549,51.13384],[0.79641,51.13385],[0.79819,51.13176],[0.79896,51.12903],[0.79841,51.12777],[0.79285,51.12009],[0.7938,51.11969],[0.79638,51.11747],[0.79713,51.11608],[0.80239,51.11458],[0.80085,51.11319],[0.79961,51.11263],[0.7982,51.11078],[0.7976,51.1112],[0.79778,51.11143],[0.79707,51.11161],[0.79757,51.11234],[0.79622,51.11365],[0.79509,51.11373],[0.794,51.11448],[0.79328,51.11424],[0.79272,51.1146],[0.79225,51.11418],[0.79141,51.11502],[0.79046,51.11522],[0.79049,51.11562],[0.78981,51.1156],[0.78979,51.11581],[0.78734,51.11625],[0.78681,51.11552],[0.78526,51.1155],[0.78495,51.11507],[0.78349,51.11519],[0.78332,51.11554],[0.78206,51.11498],[0.77858,51.11156],[0.77826,51.11166],[0.77742,51.1108],[0.77707,51.11094],[0.77655,51.11006],[0.77473,51.11059],[0.7748,51.11077],[0.773,51.11043],[0.77012,51.11081],[0.76943,51.11002],[0.76719,51.11002],[0.76021,51.10821],[0.75564,51.10773],[0.75527,51.10812],[0.75372,51.10788],[0.75051,51.1066],[0.7486,51.1066],[0.74744,51.10787],[0.74516,51.10908],[0.74239,51.11115],[0.74003,51.11094],[0.73795,51.11144],[0.73774,51.1128],[0.73526,51.1141],[0.73015,51.11497],[0.72277,51.11792],[0.72268,51.11872],[0.7211,51.11867],[0.71984,51.11903],[0.72391,51.12093],[0.72387,51.12259],[0.71925,51.12281],[0.71947,51.12333],[0.71819,51.12399],[0.71402,51.12292],[0.7094,51.12506],[0.70754,51.12718],[0.70741,51.13062],[0.7085,51.13183],[0.70821,51.13274],[0.71025,51.13333],[0.71127,51.13455],[0.71271,51.1355],[0.71218,51.13626],[0.71256,51.13663],[0.71182,51.13692],[0.71236,51.13733],[0.71205,51.13749],[0.71411,51.13892],[0.71343,51.13934],[0.71422,51.14095],[0.71613,51.14262],[0.71522,51.14321],[0.71421,51.14462],[0.71577,51.1458],[0.71394,51.14643],[0.71336,51.14771],[0.71365,51.14842],[0.71497,51.14906],[0.71498,51.14942],[0.71566,51.14935],[0.71665,51.15019],[0.71743,51.15001],[0.71821,51.15056],[0.72005,51.15029],[0.72084,51.15052],[0.72118,51.15019],[0.72211,51.15061],[0.72371,51.14989],[0.72388,51.15042],[0.72472,51.15025],[0.72602,51.15135],[0.72686,51.15143],[0.72731,51.15187],[0.72801,51.15145],[0.72935,51.15151],[0.72999,51.15318],[0.72964,51.15573],[0.7335,51.15545],[0.73413,51.15484],[0.73723,51.15396],[0.73919,51.15387],[0.7396,51.15364],[0.7387,51.15277],[0.73912,51.15266],[0.73909,51.15217],[0.73987,51.15228],[0.74175,51.1511],[0.74213,51.15136],[0.74359,51.15076],[0.74473,51.15119],[0.74473,51.15083],[0.74591,51.15055],[0.74861,51.15075],[0.74979,51.15043],[0.75009,51.15114],[0.7507,51.151],[0.75136,51.15124],[0.75291,51.15059],[0.75341,51.15093],[0.7548,51.15086],[0.75453,51.15051],[0.75513,51.15041],[0.75775,51.15092],[0.7575,51.15113],[0.7584,51.15294],[0.75878,51.15319],[0.76026,51.15295],[0.76392,51.15548],[0.76701,51.15574],[0.76757,51.15608],[0.76944,51.15629],[0.77363,51.15635],[0.77642,51.15598]]]}},{"type":"Feature","properties":{"id":"E01024032","name":"E01024032","parent":"E07000105","type":"LSOA","pop":2388,"r":12,"ff":11,"ffd":460.6,"ffs":0.9167,"g":0,"co":3,"mo":3,"sa":3,"ic":3},"geometry":{"type":"Polygon","coordinates":[[[0.7094,51.12506],[0.71402,51.12292],[0.71819,51.12399],[0.71947,51.12333],[0.71925,51.12281],[0.72387,51.12259],[0.72391,51.12093],[0.71984,51.11903],[0.7211,51.11867],[0.72268,51.11872],[0.72277,51.11792],[0.73015,51.11497],[0.73526,51.1141],[0.73774,51.1128],[0.73795,51.11144],[0.74003,51.11094],[0.74239,51.11115],[0.74516,51.10908],[0.74744,51.10787],[0.7486,51.1066],[0.75025,51.10298],[0.7493,51.10105],[0.75014,51.09858],[0.74679,51.09563],[0.74284,51.0938],[0.74074,51.0936],[0.73732,51.09199],[0.73604,51.09226],[0.73558,51.09201],[0.73087,51.09246],[0.73027,51.09199],[0.72935,51.09189],[0.72928,51.09144],[0.72766,51.09101],[0.72776,51.08953],[0.72644,51.0875],[0.72702,51.08714],[0.72671,51.0862],[0.72769,51.08599],[0.72787,51.08541],[0.72884,51.08538],[0.72855,51.08477],[0.72923,51.08449],[0.72946,51.08417],[0.72907,51.08401],[0.72952,51.08375],[0.72506,51.08314],[0.7207,51.08311],[0.71971,51.08441],[0.71799,51.08525],[0.71551,51.08767],[0.71486,51.08858],[0.71564,51.08928],[0.71395,51.09057],[0.71352,51.0916],[0.70733,51.09143],[0.70546,51.09106],[0.70404,51.09143],[0.69611,51.08712],[0.69481,51.08685],[0.6933,51.08712],[0.69046,51.08836],[0.69041,51.09029],[0.68882,51.09645],[0.68636,51.09848],[0.68463,51.09938],[0.67982,51.09923],[0.67495,51.09868],[0.67249,51.09944],[0.66781,51.09961],[0.66648,51.09997],[0.66577,51.10139],[0.66555,51.1041],[0.67007,51.10471],[0.67834,51.10648],[0.67922,51.10632],[0.67959,51.1069],[0.68225,51.10858],[0.6877,51.10864],[0.69189,51.10936],[0.69629,51.1111],[0.69336,51.11261],[0.68977,51.11592],[0.68686,51.11637],[0.68711,51.1166],[0.6857,51.11785],[0.68653,51.11943],[0.68609,51.12182],[0.68746,51.12316],[0.68795,51.12605],[0.68947,51.12758],[0.69227,51.12661],[0.69622,51.12434],[0.69902,51.12319],[0.70379,51.12411],[0.70595,51.12535],[0.70754,51.12718],[0.7094,51.12506]]]}},{"type":"Feature","properties":{"id":"E01024033","name":"E01024033","parent":"E07000105","type":"LSOA","pop":1945,"r":15,"ff":13,"ffd":668.4,"ffs":0.8667,"g":0,"co":3,"mo":3,"sa":3,"ic":1},"geometry":{"type":"Polygon","coordinates":[[[0.75122,51.21937],[0.7546,51.21838],[0.75515,51.21901],[0.7699,51.21416],[0.76913,51.21266],[0.76935,51.21215],[0.76587,51.21292],[0.76388,51.2111],[0.7644,51.21033],[0.76372,51.20973],[0.76387,51.20701],[0.76301,51.20554],[0.7629,51.20433],[0.76376,51.2019],[0.76439,51.20109],[0.76498,51.20092],[0.76403,51.20004],[0.76657,51.19892],[0.76594,51.19765],[0.76778,51.19672],[0.76177,51.19311],[0.76289,51.1923],[0.7644,51.19304],[0.76619,51.19215],[0.76768,51.19194],[0.76829,51.19235],[0.77861,51.19342],[0.78244,51.19247],[0.78603,51.1925],[0.78748,51.19293],[0.79,51.19193],[0.79138,51.19179],[0.79056,51.19053],[0.79077,51.18957],[0.78961,51.18886],[0.78836,51.18856],[0.7882,51.18783],[0.78763,51.18748],[0.78801,51.18449],[0.78696,51.18309],[0.7881,51.18317],[0.78841,51.18245],[0.78949,51.18292],[0.79008,51.18273],[0.79103,51.18307],[0.79159,51.18281],[0.79209,51.18324],[0.79329,51.18274],[0.79375,51.18314],[0.7961,51.18233],[0.79625,51.18195],[0.8,51.1804],[0.804,51.17978],[0.80485,51.17932],[0.80493,51.17842],[0.80798,51.17736],[0.80816,51.17714],[0.80736,51.17676],[0.8077,51.17652],[0.80692,51.17626],[0.8067,51.17573],[0.80563,51.17538],[0.80573,51.17516],[0.8045,51.17496],[0.80198,51.17319],[0.79596,51.17098],[0.79466,51.16938],[0.79455,51.16821],[0.79342,51.16796],[0.7919,51.16541],[0.79009,51.16449],[0.78687,51.16408],[0.78249,51.16157],[0.77846,51.16121],[0.7779,51.15975],[0.77828,51.15935],[0.77699,51.15729],[0.77642,51.15598],[0.77363,51.15635],[0.76944,51.15629],[0.76757,51.15608],[0.76701,51.15574],[0.76392,51.15548],[0.76026,51.15295],[0.75878,51.15319],[0.7584,51.15294],[0.7575,51.15113],[0.75775,51.15092],[0.75513,51.15041],[0.75453,51.15051],[0.7548,51.15086],[0.75341,51.15093],[0.75291,51.15059],[0.75136,51.15124],[0.7507,51.151],[0.75009,51.15114],[0.74979,51.15043],[0.74861,51.15075],[0.74591,51.15055],[0.74473,51.15083],[0.74473,51.15119],[0.74359,51.15076],[0.74213,51.15136],[0.74175,51.1511],[0.73987,51.15228],[0.73909,51.15217],[0.73912,51.15266],[0.7387,51.15277],[0.7396,51.15364],[0.73919,51.15387],[0.73723,51.15396],[0.73413,51.15484],[0.7335,51.15545],[0.72964,51.15573],[0.7298,51.15684],[0.73405,51.16004],[0.73297,51.16086],[0.73387,51.16203],[0.73165,51.16345],[0.72959,51.16406],[0.72709,51.1674],[0.72383,51.16958],[0.72338,51.17052],[0.72192,51.17057],[0.71971,51.1718],[0.71466,51.17016],[0.70954,51.1735],[0.71142,51.17452],[0.71204,51.17372],[0.71373,51.17282],[0.71655,51.17262],[0.71749,51.17318],[0.7183,51.17515],[0.71879,51.17507],[0.71941,51.17577],[0.71782,51.17684],[0.71855,51.17735],[0.71973,51.17652],[0.72094,51.17827],[0.72131,51.17786],[0.7218,51.17853],[0.72499,51.17749],[0.7255,51.17769],[0.72804,51.17664],[0.72999,51.17768],[0.7304,51.17847],[0.73215,51.1798],[0.73055,51.18095],[0.73112,51.18139],[0.73517,51.18255],[0.73531,51.18376],[0.73685,51.18618],[0.73838,51.18658],[0.74006,51.18747],[0.7409,51.1875],[0.74186,51.18861],[0.74436,51.1895],[0.74707,51.19208],[0.74909,51.19341],[0.74855,51.19396],[0.74947,51.1947],[0.7479,51.19548],[0.74835,51.19577],[0.74812,51.19621],[0.74653,51.197],[0.74516,51.19694],[0.74482,51.19733],[0.74404,51.19746],[0.74266,51.19823],[0.74118,51.1998],[0.74042,51.20123],[0.74174,51.20196],[0.74274,51.20213],[0.74362,51.20353],[0.74234,51.20409],[0.74377,51.20513],[0.74233,51.20691],[0.74127,51.20774],[0.74007,51.20814],[0.74278,51.20833],[0.74663,51.20993],[0.74702,51.21059],[0.74608,51.21169],[0.74419,51.21201],[0.74379,51.21283],[0.74458,51.21466],[0.74958,51.21603],[0.7505,51.21713],[0.75122,51.21937]]]}},{"type":"Feature","properties":{"id":"E01024035","name":"E01024035","parent":"E07000105","type":"LSOA","pop":1088,"r":11,"ff":10,"ffd":919.1,"ffs":0.9091,"g":0,"co":3,"mo":3,"sa":3,"ic":3},"geometry":{"type":"Polygon","coordinates":[[[0.72542,51.20911],[0.72733,51.20883],[0.72879,51.20918],[0.73377,51.20908],[0.73456,51.20946],[0.73664,51.2095],[0.73786,51.20921],[0.73932,51.20834],[0.73978,51.20849],[0.74007,51.20814],[0.74127,51.20774],[0.74233,51.20691],[0.74377,51.20513],[0.74234,51.20409],[0.74362,51.20353],[0.74274,51.20213],[0.74174,51.20196],[0.74042,51.20123],[0.74118,51.1998],[0.74266,51.19823],[0.74404,51.19746],[0.74482,51.19733],[0.74516,51.19694],[0.74653,51.197],[0.74812,51.19621],[0.74835,51.19577],[0.7479,51.19548],[0.74947,51.1947],[0.74855,51.19396],[0.74909,51.19341],[0.74707,51.19208],[0.74436,51.1895],[0.74186,51.18861],[0.7409,51.1875],[0.74006,51.18747],[0.73838,51.18658],[0.73685,51.18618],[0.73531,51.18376],[0.73517,51.18255],[0.73112,51.18139],[0.73055,51.18095],[0.73215,51.1798],[0.7304,51.17847],[0.72999,51.17768],[0.72804,51.17664],[0.7255,51.17769],[0.72499,51.17749],[0.7218,51.17853],[0.72131,51.17786],[0.72094,51.17827],[0.71973,51.17652],[0.71855,51.17735],[0.71782,51.17684],[0.71941,51.17577],[0.71879,51.17507],[0.7183,51.17515],[0.71749,51.17318],[0.71655,51.17262],[0.71373,51.17282],[0.71204,51.17372],[0.71142,51.17452],[0.70954,51.1735],[0.70339,51.17319],[0.70217,51.17352],[0.69999,51.17292],[0.69768,51.17331],[0.69465,51.17427],[0.69295,51.17524],[0.68973,51.17429],[0.68636,51.17494],[0.68501,51.17765],[0.68495,51.1787],[0.68409,51.1813],[0.68493,51.18438],[0.68389,51.18543],[0.68372,51.18675],[0.68186,51.18797],[0.68222,51.18893],[0.68271,51.1891],[0.68354,51.19036],[0.68336,51.19069],[0.68569,51.1922],[0.68837,51.19258],[0.69279,51.19557],[0.69449,51.19448],[0.69622,51.19422],[0.69836,51.19566],[0.69829,51.19596],[0.6993,51.1963],[0.69917,51.19673],[0.70058,51.19664],[0.70184,51.19734],[0.69941,51.19995],[0.70124,51.20007],[0.70235,51.20075],[0.70803,51.1997],[0.70978,51.19962],[0.71018,51.20017],[0.70963,51.20146],[0.7102,51.20389],[0.71209,51.20606],[0.71392,51.20724],[0.71557,51.20945],[0.71624,51.20944],[0.71686,51.21116],[0.72192,51.21116],[0.72388,51.21141],[0.72395,51.21063],[0.72542,51.20911]]]}},{"type":"Feature","properties":{"id":"E01024036","name":"E01024036","parent":"E07000105","type":"LSOA","pop":1568,"r":9,"ff":7,"ffd":446.4,"ffs":0.7778,"g":0,"co":1,"mo":3,"sa":3,"ic":3},"geometry":{"type":"Polygon","coordinates":[[[0.68636,51.17494],[0.68973,51.17429],[0.69295,51.17524],[0.69465,51.17427],[0.69768,51.17331],[0.69999,51.17292],[0.70217,51.17352],[0.70339,51.17319],[0.70954,51.1735],[0.71466,51.17016],[0.71971,51.1718],[0.72192,51.17057],[0.72338,51.17052],[0.72383,51.16958],[0.72709,51.1674],[0.72959,51.16406],[0.73165,51.16345],[0.73387,51.16203],[0.73297,51.16086],[0.73405,51.16004],[0.7298,51.15684],[0.72964,51.15573],[0.72999,51.15318],[0.72935,51.15151],[0.72801,51.15145],[0.72731,51.15187],[0.72686,51.15143],[0.72602,51.15135],[0.72472,51.15025],[0.72388,51.15042],[0.72371,51.14989],[0.72211,51.15061],[0.72118,51.15019],[0.72084,51.15052],[0.72005,51.15029],[0.71821,51.15056],[0.71743,51.15001],[0.71665,51.15019],[0.71566,51.14935],[0.71498,51.14942],[0.71497,51.14906],[0.71365,51.14842],[0.71336,51.14771],[0.71394,51.14643],[0.71577,51.1458],[0.71421,51.14462],[0.71522,51.14321],[0.71613,51.14262],[0.71422,51.14095],[0.71343,51.13934],[0.71411,51.13892],[0.71205,51.13749],[0.71236,51.13733],[0.71182,51.13692],[0.71256,51.13663],[0.71218,51.13626],[0.71271,51.1355],[0.71127,51.13455],[0.71025,51.13333],[0.70821,51.13274],[0.7085,51.13183],[0.70741,51.13062],[0.70754,51.12718],[0.70595,51.12535],[0.70379,51.12411],[0.69902,51.12319],[0.69622,51.12434],[0.69227,51.12661],[0.68947,51.12758],[0.68177,51.12927],[0.67479,51.1323],[0.6725,51.13262],[0.6717,51.13335],[0.66909,51.13416],[0.66795,51.13526],[0.66525,51.13935],[0.66222,51.14145],[0.65955,51.14215],[0.65793,51.14204],[0.65686,51.14158],[0.65223,51.1418],[0.65018,51.14261],[0.64759,51.14457],[0.64833,51.14462],[0.65,51.14539],[0.64819,51.14647],[0.64939,51.14774],[0.64682,51.14935],[0.64887,51.15059],[0.64874,51.15133],[0.64759,51.15221],[0.64764,51.15267],[0.6502,51.15458],[0.6522,51.15533],[0.65315,51.1567],[0.6555,51.15715],[0.65761,51.15813],[0.65896,51.16081],[0.65868,51.16384],[0.66141,51.16472],[0.66326,51.16673],[0.66663,51.16815],[0.66608,51.16859],[0.6659,51.17035],[0.66455,51.17135],[0.66535,51.17122],[0.66564,51.17147],[0.6669,51.1712],[0.66765,51.17166],[0.66764,51.17116],[0.66805,51.17106],[0.66798,51.17135],[0.66875,51.17145],[0.66926,51.17101],[0.67052,51.17081],[0.6715,51.17123],[0.67163,51.17162],[0.67215,51.17152],[0.67239,51.17218],[0.67261,51.17187],[0.67323,51.17228],[0.67359,51.17182],[0.67523,51.17183],[0.67542,51.17214],[0.6761,51.17205],[0.67735,51.17272],[0.67617,51.17313],[0.67663,51.17359],[0.67609,51.17475],[0.67668,51.17519],[0.67591,51.17594],[0.67671,51.17734],[0.67763,51.1775],[0.6773,51.17804],[0.67837,51.17914],[0.68082,51.17922],[0.68495,51.1787],[0.68501,51.17765],[0.68636,51.17494]]]}},{"type":"Feature","properties":{"id":"E01024037","name":"E01024037","parent":"E07000105","type":"LSOA","pop":2253,"r":96,"ff":38,"ffd":1686.6,"ffs":0.5507,"g":26,"co":2,"mo":2,"sa":2,"ic":0},"geometry":{"type":"Polygon","coordinates":[[[0.84017,51.09508],[0.8402,51.09272],[0.84264,51.09336],[0.84499,51.0932],[0.84492,51.09163],[0.84622,51.09148],[0.84661,51.09077],[0.84903,51.0892],[0.85324,51.08783],[0.85274,51.08644],[0.85361,51.08554],[0.85504,51.08477],[0.8556,51.08484],[0.86222,51.07968],[0.86642,51.07178],[0.86693,51.06848],[0.86597,51.06619],[0.86602,51.06509],[0.86508,51.06502],[0.86345,51.06414],[0.86212,51.06241],[0.85982,51.06124],[0.86285,51.06089],[0.86329,51.05956],[0.86641,51.06042],[0.86771,51.05823],[0.86732,51.05812],[0.87336,51.05334],[0.87221,51.05241],[0.8717,51.05265],[0.87112,51.05214],[0.87044,51.05231],[0.869,51.05161],[0.86964,51.05086],[0.87062,51.05103],[0.87047,51.04948],[0.86888,51.0492],[0.86777,51.04773],[0.87034,51.04823],[0.87091,51.04721],[0.87142,51.04708],[0.87082,51.04639],[0.87109,51.04559],[0.86934,51.04514],[0.86968,51.04411],[0.86702,51.04318],[0.86657,51.04395],[0.86147,51.04379],[0.86044,51.04431],[0.858,51.04447],[0.85574,51.04502],[0.85532,51.04373],[0.85385,51.04348],[0.85333,51.04271],[0.85337,51.04229],[0.85545,51.04221],[0.85553,51.04026],[0.85607,51.03938],[0.85592,51.03605],[0.85685,51.03526],[0.85587,51.03393],[0.85675,51.03255],[0.85467,51.0326],[0.85481,51.03176],[0.85262,51.03205],[0.85152,51.03271],[0.85123,51.03254],[0.84973,51.03329],[0.84843,51.0333],[0.84041,51.03196],[0.83909,51.03135],[0.83752,51.03265],[0.83966,51.03452],[0.83922,51.03617],[0.84012,51.03894],[0.83361,51.04003],[0.83355,51.04147],[0.83131,51.04129],[0.83109,51.04172],[0.83117,51.04359],[0.8328,51.04459],[0.83428,51.04466],[0.83788,51.04407],[0.83721,51.04485],[0.83765,51.04584],[0.83707,51.04642],[0.83619,51.04668],[0.83613,51.04706],[0.83662,51.04714],[0.8355,51.04818],[0.83394,51.04791],[0.8321,51.04842],[0.82976,51.05028],[0.83015,51.05066],[0.81723,51.06082],[0.81871,51.06562],[0.82008,51.06748],[0.82046,51.06872],[0.81725,51.06996],[0.80946,51.07154],[0.80862,51.07238],[0.80908,51.07268],[0.80874,51.07308],[0.80912,51.07334],[0.80286,51.07569],[0.80405,51.07776],[0.80649,51.07834],[0.80762,51.08073],[0.81023,51.08225],[0.80829,51.0841],[0.80901,51.08552],[0.81086,51.08609],[0.81143,51.08867],[0.81411,51.08325],[0.81641,51.08453],[0.81935,51.08729],[0.82047,51.08636],[0.82146,51.08686],[0.82304,51.08544],[0.82955,51.0887],[0.82702,51.09081],[0.82837,51.0913],[0.82783,51.0917],[0.82804,51.09188],[0.82995,51.09268],[0.83458,51.0956],[0.835,51.09646],[0.83642,51.09692],[0.84027,51.09611],[0.83977,51.09516],[0.84017,51.09508]]]}},{"type":"Feature","properties":{"id":"E01024038","name":"E01024038","parent":"E07000105","type":"LSOA","pop":2059,"r":20,"ff":19,"ffd":922.8,"ffs":0.95,"g":0,"co":3,"mo":3,"sa":3,"ic":3},"geometry":{"type":"Polygon","coordinates":[[[0.78979,51.11581],[0.78981,51.1156],[0.79049,51.11562],[0.79046,51.11522],[0.79141,51.11502],[0.79225,51.11418],[0.79272,51.1146],[0.79328,51.11424],[0.794,51.11448],[0.79509,51.11373],[0.79622,51.11365],[0.79757,51.11234],[0.79707,51.11161],[0.79778,51.11143],[0.7976,51.1112],[0.79932,51.11028],[0.80167,51.10984],[0.80172,51.10846],[0.80289,51.1072],[0.806,51.10634],[0.807,51.10446],[0.80743,51.1042],[0.8068,51.10353],[0.80574,51.103],[0.80516,51.1033],[0.80461,51.10252],[0.80264,51.10158],[0.80208,51.09981],[0.80339,51.09927],[0.80397,51.09692],[0.80529,51.09615],[0.80789,51.09244],[0.80955,51.09185],[0.81143,51.08867],[0.81086,51.08609],[0.80901,51.08552],[0.80829,51.0841],[0.81023,51.08225],[0.80762,51.08073],[0.80649,51.07834],[0.80405,51.07776],[0.80286,51.07569],[0.80234,51.06876],[0.80094,51.0668],[0.79342,51.06284],[0.78983,51.06208],[0.78525,51.06064],[0.78425,51.06048],[0.77936,51.0608],[0.77668,51.06034],[0.77026,51.06049],[0.7698,51.05914],[0.76887,51.05886],[0.76606,51.05656],[0.76446,51.05615],[0.76378,51.05566],[0.76432,51.05498],[0.76305,51.05316],[0.76405,51.05179],[0.76643,51.05016],[0.76695,51.04708],[0.76635,51.04705],[0.76507,51.04543],[0.76306,51.04452],[0.76259,51.04247],[0.76187,51.0414],[0.76167,51.04125],[0.7529,51.04437],[0.75706,51.04858],[0.75503,51.0485],[0.7547,51.04889],[0.75476,51.05155],[0.75578,51.05547],[0.7468,51.057],[0.74667,51.05785],[0.74511,51.05925],[0.74229,51.06404],[0.74063,51.06344],[0.73989,51.06276],[0.7381,51.0624],[0.73553,51.06488],[0.73075,51.06835],[0.73039,51.06993],[0.7308,51.0709],[0.72868,51.07309],[0.72847,51.07381],[0.72892,51.07394],[0.72942,51.07457],[0.73054,51.07473],[0.732,51.07586],[0.73106,51.07709],[0.73161,51.07769],[0.73122,51.07829],[0.73211,51.07994],[0.733,51.08004],[0.73411,51.08125],[0.73328,51.08226],[0.73128,51.08299],[0.73051,51.08375],[0.72952,51.08375],[0.72907,51.08401],[0.72946,51.08417],[0.72923,51.08449],[0.72855,51.08477],[0.72884,51.08538],[0.72787,51.08541],[0.72769,51.08599],[0.72671,51.0862],[0.72702,51.08714],[0.72644,51.0875],[0.72776,51.08953],[0.72766,51.09101],[0.72928,51.09144],[0.72935,51.09189],[0.73027,51.09199],[0.73087,51.09246],[0.73558,51.09201],[0.73604,51.09226],[0.73732,51.09199],[0.74074,51.0936],[0.74284,51.0938],[0.74679,51.09563],[0.75014,51.09858],[0.7493,51.10105],[0.75025,51.10298],[0.7486,51.1066],[0.75051,51.1066],[0.75372,51.10788],[0.75527,51.10812],[0.75564,51.10773],[0.76021,51.10821],[0.76719,51.11002],[0.76943,51.11002],[0.77012,51.11081],[0.773,51.11043],[0.7748,51.11077],[0.77473,51.11059],[0.77655,51.11006],[0.77707,51.11094],[0.77742,51.1108],[0.77826,51.11166],[0.77858,51.11156],[0.78206,51.11498],[0.78332,51.11554],[0.78349,51.11519],[0.78495,51.11507],[0.78526,51.1155],[0.78681,51.11552],[0.78734,51.11625],[0.78979,51.11581]]]}},{"type":"Feature","properties":{"id":"E01024039","name":"E01024039","parent":"E07000105","type":"LSOA","pop":1670,"r":123,"ff":54,"ffd":3233.5,"ffs":0.5625,"g":26,"co":2,"mo":2,"sa":2,"ic":0},"geometry":{"type":"Polygon","coordinates":[[[0.838,51.12325],[0.83965,51.12264],[0.84085,51.12336],[0.84284,51.12175],[0.84612,51.12386],[0.84872,51.12326],[0.84728,51.12083],[0.8543,51.11926],[0.85578,51.12026],[0.85743,51.11927],[0.85681,51.11897],[0.85826,51.11833],[0.85725,51.11704],[0.8565,51.11725],[0.85627,51.11692],[0.85699,51.11672],[0.85633,51.11576],[0.85184,51.11755],[0.8505,51.11654],[0.85383,51.11513],[0.85338,51.11351],[0.85265,51.1137],[0.8525,51.11349],[0.85408,51.11308],[0.85393,51.11277],[0.85482,51.11254],[0.85402,51.11061],[0.85439,51.1082],[0.85155,51.10399],[0.8532,51.10299],[0.85573,51.10227],[0.85911,51.10061],[0.85667,51.1006],[0.85627,51.0995],[0.85379,51.09842],[0.85318,51.09785],[0.84866,51.09736],[0.84867,51.0984],[0.84716,51.09832],[0.84751,51.09774],[0.8469,51.09656],[0.84614,51.09652],[0.84335,51.09735],[0.84017,51.09508],[0.83977,51.09516],[0.84027,51.09611],[0.83642,51.09692],[0.835,51.09646],[0.83458,51.0956],[0.82995,51.09268],[0.82804,51.09188],[0.82783,51.0917],[0.82837,51.0913],[0.82702,51.09081],[0.82955,51.0887],[0.82304,51.08544],[0.82146,51.08686],[0.82047,51.08636],[0.81935,51.08729],[0.81641,51.08453],[0.81411,51.08325],[0.81143,51.08867],[0.80955,51.09185],[0.80789,51.09244],[0.80529,51.09615],[0.80397,51.09692],[0.80339,51.09927],[0.80208,51.09981],[0.80264,51.10158],[0.80461,51.10252],[0.80516,51.1033],[0.80574,51.103],[0.8068,51.10353],[0.80743,51.1042],[0.807,51.10446],[0.806,51.10634],[0.80289,51.1072],[0.80172,51.10846],[0.80167,51.10984],[0.79932,51.11028],[0.7982,51.11078],[0.79961,51.11263],[0.80085,51.11319],[0.80274,51.11253],[0.80418,51.11338],[0.8043,51.11367],[0.80312,51.11435],[0.80396,51.11598],[0.80429,51.11593],[0.80692,51.1183],[0.80839,51.11886],[0.80991,51.11918],[0.814,51.1186],[0.81491,51.1182],[0.8176,51.11811],[0.81777,51.11785],[0.82119,51.1187],[0.82326,51.11808],[0.82612,51.12209],[0.83064,51.12536],[0.83106,51.12617],[0.83195,51.12675],[0.8328,51.1265],[0.83341,51.12553],[0.83525,51.12488],[0.838,51.12325]]]}},{"type":"Feature","properties":{"id":"E01024040","name":"E01024040","parent":"E07000105","type":"LSOA","pop":1342,"r":119,"ff":52,"ffd":3874.8,"ffs":0.5714,"g":27,"co":2,"mo":2,"sa":2,"ic":0},"geometry":{"type":"Polygon","coordinates":[[[0.93134,51.1936],[0.9319,51.19329],[0.93383,51.1937],[0.93475,51.19453],[0.93559,51.19455],[0.94254,51.1927],[0.94576,51.19218],[0.94356,51.18897],[0.94871,51.18803],[0.9502,51.18423],[0.94966,51.18399],[0.9445,51.1837],[0.94183,51.18416],[0.94126,51.18471],[0.94149,51.18509],[0.94052,51.1853],[0.93872,51.185],[0.93667,51.18413],[0.93702,51.18407],[0.93682,51.1825],[0.93659,51.1822],[0.93592,51.18233],[0.93569,51.18118],[0.93628,51.18111],[0.93669,51.18044],[0.93748,51.18052],[0.93697,51.1792],[0.93753,51.17899],[0.93701,51.17832],[0.93393,51.17112],[0.92111,51.17354],[0.92329,51.17516],[0.92264,51.17772],[0.92237,51.18243],[0.92324,51.18535],[0.92215,51.18602],[0.92325,51.18678],[0.92369,51.18848],[0.9235,51.18926],[0.92235,51.18957],[0.9218,51.19061],[0.91995,51.19141],[0.91954,51.19321],[0.92124,51.19226],[0.92303,51.19367],[0.92298,51.19431],[0.92411,51.19604],[0.92985,51.19365],[0.93134,51.1936]]]}},{"type":"Feature","properties":{"id":"E01024041","name":"E01024041","parent":"E07000105","type":"LSOA","pop":1174,"r":118,"ff":49,"ffd":4173.8,"ffs":0.5444,"g":27,"co":2,"mo":2,"sa":2,"ic":0},"geometry":{"type":"Polygon","coordinates":[[[0.95013,51.20464],[0.95057,51.20216],[0.94773,51.19962],[0.95029,51.19948],[0.95244,51.1988],[0.95378,51.19796],[0.95706,51.19792],[0.95942,51.19682],[0.96229,51.19732],[0.96377,51.19799],[0.96516,51.19808],[0.96659,51.19708],[0.96709,51.19622],[0.96776,51.19183],[0.97056,51.19175],[0.9721,51.19121],[0.9728,51.19315],[0.97941,51.19236],[0.97997,51.19272],[0.98306,51.19287],[0.98352,51.19257],[0.98527,51.19254],[0.9871,51.19213],[0.9897,51.19078],[0.9894,51.19023],[0.98987,51.18792],[0.99784,51.18267],[1.00397,51.18005],[1.00279,51.17885],[1.00161,51.17542],[0.99953,51.17212],[0.99511,51.17214],[0.99209,51.17032],[0.99169,51.17052],[0.99259,51.1724],[0.99208,51.17249],[0.99173,51.17406],[0.99195,51.17691],[0.99522,51.18088],[0.99419,51.18168],[0.99196,51.18225],[0.99174,51.18286],[0.99004,51.18373],[0.98863,51.18265],[0.98731,51.18271],[0.98612,51.18238],[0.98496,51.17914],[0.97755,51.18154],[0.97261,51.18267],[0.9713,51.18158],[0.96918,51.18107],[0.96824,51.17981],[0.96805,51.17769],[0.96849,51.17691],[0.96905,51.17703],[0.97114,51.17616],[0.97173,51.17415],[0.97582,51.17256],[0.97868,51.17298],[0.98205,51.17308],[0.98258,51.17146],[0.98437,51.17135],[0.98617,51.17029],[0.98572,51.16809],[0.98365,51.16526],[0.98251,51.16452],[0.98328,51.16405],[0.98544,51.15976],[0.98516,51.15802],[0.98243,51.15624],[0.9812,51.15602],[0.97921,51.15617],[0.97807,51.15524],[0.97641,51.15659],[0.9758,51.15769],[0.97312,51.15815],[0.97364,51.16008],[0.97312,51.16095],[0.97076,51.16175],[0.96739,51.16188],[0.96634,51.16133],[0.96543,51.16154],[0.96289,51.16131],[0.9606,51.16211],[0.9597,51.16318],[0.96089,51.16525],[0.9609,51.16738],[0.95584,51.16863],[0.95449,51.16656],[0.95323,51.16662],[0.95003,51.16789],[0.95092,51.16904],[0.94894,51.16959],[0.94831,51.1692],[0.94777,51.1683],[0.94809,51.16814],[0.94664,51.16637],[0.94474,51.16638],[0.94474,51.16675],[0.94375,51.16694],[0.94359,51.16573],[0.94088,51.16366],[0.9413,51.16315],[0.94101,51.16189],[0.94168,51.16136],[0.94344,51.16088],[0.94229,51.15974],[0.94097,51.15946],[0.93819,51.15658],[0.93908,51.15425],[0.94143,51.1527],[0.93543,51.14858],[0.93971,51.14651],[0.94663,51.1438],[0.94514,51.14253],[0.94306,51.14187],[0.94248,51.14112],[0.94121,51.14144],[0.93852,51.14126],[0.93598,51.14028],[0.93564,51.14048],[0.9338,51.14009],[0.93251,51.13907],[0.9307,51.13852],[0.92885,51.13902],[0.92824,51.14011],[0.92606,51.14077],[0.92553,51.13967],[0.92476,51.14008],[0.92379,51.14137],[0.92308,51.14134],[0.92264,51.14229],[0.91899,51.14493],[0.91695,51.14424],[0.9147,51.14474],[0.91349,51.14415],[0.91319,51.14441],[0.91273,51.14423],[0.91274,51.14452],[0.91209,51.14548],[0.91058,51.14698],[0.90943,51.14747],[0.90932,51.14803],[0.90725,51.15014],[0.9076,51.15153],[0.90758,51.15505],[0.90643,51.15567],[0.90661,51.15616],[0.90608,51.15654],[0.90757,51.15766],[0.90953,51.15812],[0.90889,51.159],[0.90786,51.15906],[0.90723,51.15942],[0.90635,51.16109],[0.908,51.16344],[0.90807,51.16456],[0.90875,51.1645],[0.91016,51.16577],[0.91019,51.16622],[0.91262,51.16696],[0.91062,51.16782],[0.91486,51.17173],[0.91328,51.17238],[0.91032,51.17299],[0.911,51.1736],[0.91091,51.1753],[0.91147,51.17561],[0.90986,51.17702],[0.91294,51.17983],[0.91134,51.18042],[0.9129,51.18258],[0.91049,51.18308],[0.91174,51.18535],[0.91069,51.18599],[0.91354,51.18937],[0.91391,51.19159],[0.91487,51.19248],[0.91727,51.19353],[0.91875,51.19495],[0.91954,51.19321],[0.91995,51.19141],[0.9218,51.19061],[0.92235,51.18957],[0.9235,51.18926],[0.92369,51.18848],[0.92325,51.18678],[0.92215,51.18602],[0.92324,51.18535],[0.92237,51.18243],[0.92264,51.17772],[0.92329,51.17516],[0.92111,51.17354],[0.93393,51.17112],[0.93701,51.17832],[0.93753,51.17899],[0.93697,51.1792],[0.93748,51.18052],[0.93669,51.18044],[0.93628,51.18111],[0.93569,51.18118],[0.93592,51.18233],[0.93659,51.1822],[0.93682,51.1825],[0.93702,51.18407],[0.93667,51.18413],[0.93872,51.185],[0.94052,51.1853],[0.94149,51.18509],[0.94126,51.18471],[0.94183,51.18416],[0.9445,51.1837],[0.94966,51.18399],[0.9502,51.18423],[0.94871,51.18803],[0.94356,51.18897],[0.94576,51.19218],[0.94254,51.1927],[0.93559,51.19455],[0.9358,51.19495],[0.93684,51.19494],[0.93877,51.19588],[0.93946,51.19669],[0.93916,51.19694],[0.93944,51.19769],[0.94051,51.19798],[0.94164,51.19789],[0.94306,51.19839],[0.94493,51.19983],[0.94501,51.20099],[0.9465,51.20274],[0.94644,51.20325],[0.94705,51.20298],[0.94739,51.20328],[0.94854,51.20274],[0.9492,51.20514],[0.95013,51.20464]]]}},{"type":"Feature","properties":{"id":"E01032810","name":"E01032810","parent":"E07000105","type":"LSOA","pop":1583,"r":154,"ff":71,"ffd":4485.2,"ffs":0.5726,"g":29,"co":0,"mo":2,"sa":0,"ic":0},"geometry":{"type":"Polygon","coordinates":[[[0.86768,51.1749],[0.86955,51.17409],[0.8715,51.17414],[0.87161,51.17321],[0.87114,51.17275],[0.8725,51.17237],[0.8721,51.17202],[0.87263,51.17168],[0.8735,51.1721],[0.87608,51.17252],[0.87637,51.17226],[0.87791,51.17253],[0.87836,51.172],[0.87748,51.17136],[0.87823,51.17109],[0.87918,51.17185],[0.87878,51.17238],[0.88008,51.17388],[0.88132,51.17326],[0.88269,51.17416],[0.88443,51.1721],[0.88269,51.17222],[0.879,51.16952],[0.8746,51.17004],[0.87191,51.16974],[0.86618,51.16593],[0.86355,51.16683],[0.86375,51.16835],[0.86314,51.1685],[0.86491,51.16998],[0.86672,51.17421],[0.86768,51.1749]]]}},{"type":"Feature","properties":{"id":"E01032811","name":"E01032811","parent":"E07000105","type":"LSOA","pop":1608,"r":155,"ff":72,"ffd":4477.6,"ffs":0.576,"g":29,"co":0,"mo":2,"sa":0,"ic":0},"geometry":{"type":"Polygon","coordinates":[[[0.89633,51.16206],[0.89887,51.15725],[0.89636,51.15484],[0.89438,51.1561],[0.8898,51.1566],[0.88741,51.15808],[0.88594,51.15841],[0.88611,51.15975],[0.88658,51.15887],[0.88989,51.15859],[0.89087,51.16031],[0.89361,51.16181],[0.89463,51.16117],[0.89633,51.16206]]]}},{"type":"Feature","properties":{"id":"E01032812","name":"E01032812","parent":"E07000105","type":"LSOA","pop":1764,"r":148,"ff":69,"ffd":3911.6,"ffs":0.5847,"g":29,"co":0,"mo":2,"sa":0,"ic":0},"geometry":{"type":"Polygon","coordinates":[[[0.90794,51.21356],[0.90964,51.2125],[0.91373,51.21254],[0.91681,51.21117],[0.91964,51.21108],[0.92008,51.20914],[0.91681,51.20797],[0.91665,51.20738],[0.91739,51.2056],[0.91887,51.20319],[0.92031,51.20338],[0.92584,51.19869],[0.93059,51.20005],[0.93369,51.19896],[0.93552,51.1994],[0.93688,51.19837],[0.93944,51.19769],[0.93916,51.19694],[0.93946,51.19669],[0.93877,51.19588],[0.93684,51.19494],[0.9358,51.19495],[0.93559,51.19455],[0.93475,51.19453],[0.93383,51.1937],[0.9319,51.19329],[0.93134,51.1936],[0.92985,51.19365],[0.92411,51.19604],[0.92298,51.19431],[0.92303,51.19367],[0.92124,51.19226],[0.91954,51.19321],[0.91875,51.19495],[0.91727,51.19353],[0.91487,51.19248],[0.91391,51.19159],[0.91354,51.18937],[0.91069,51.18599],[0.91174,51.18535],[0.91049,51.18308],[0.9129,51.18258],[0.91134,51.18042],[0.91294,51.17983],[0.90986,51.17702],[0.91147,51.17561],[0.91091,51.1753],[0.911,51.1736],[0.91032,51.17299],[0.89531,51.17754],[0.89217,51.1779],[0.89089,51.17686],[0.88823,51.17668],[0.88763,51.17639],[0.88722,51.17652],[0.88494,51.17573],[0.88427,51.17498],[0.88132,51.17326],[0.88008,51.17388],[0.87878,51.17238],[0.87918,51.17185],[0.87823,51.17109],[0.87748,51.17136],[0.87836,51.172],[0.87791,51.17253],[0.87637,51.17226],[0.87608,51.17252],[0.8735,51.1721],[0.87263,51.17168],[0.8721,51.17202],[0.8725,51.17237],[0.87114,51.17275],[0.87161,51.17321],[0.8715,51.17414],[0.86955,51.17409],[0.86768,51.1749],[0.86672,51.17421],[0.86491,51.16998],[0.86314,51.1685],[0.86334,51.1703],[0.86397,51.17125],[0.86272,51.17361],[0.86397,51.17466],[0.86576,51.17519],[0.86617,51.17561],[0.8661,51.17672],[0.86667,51.17748],[0.86556,51.17915],[0.86225,51.17952],[0.86193,51.18041],[0.86251,51.18333],[0.86528,51.18563],[0.86566,51.1865],[0.86467,51.18699],[0.86313,51.18681],[0.86296,51.18852],[0.86401,51.1905],[0.86125,51.19109],[0.86116,51.19395],[0.86451,51.19292],[0.86457,51.1936],[0.86752,51.19697],[0.86762,51.19861],[0.87613,51.19721],[0.88286,51.19761],[0.88421,51.20046],[0.88401,51.20103],[0.88496,51.20141],[0.88677,51.20292],[0.88969,51.20674],[0.89167,51.20748],[0.89368,51.20883],[0.89304,51.21007],[0.8954,51.21107],[0.89941,51.21183],[0.9021,51.211],[0.90229,51.21154],[0.90576,51.21155],[0.905,51.21216],[0.90753,51.21308],[0.90734,51.21343],[0.90794,51.21356]]]}},{"type":"Feature","properties":{"id":"E01032813","name":"E01032813","parent":"E07000105","type":"LSOA","pop":1920,"r":152,"ff":69,"ffd":3593.7,"ffs":0.5656,"g":29,"co":0,"mo":2,"sa":0,"ic":0},"geometry":{"type":"Polygon","coordinates":[[[0.83316,51.14308],[0.83363,51.14282],[0.83385,51.14302],[0.83474,51.14218],[0.83578,51.14253],[0.83616,51.14227],[0.83569,51.14192],[0.83629,51.14068],[0.83739,51.14076],[0.8378,51.14047],[0.83715,51.14046],[0.83705,51.14025],[0.83841,51.13997],[0.83514,51.13682],[0.8345,51.13729],[0.8333,51.13678],[0.83277,51.13726],[0.83186,51.13698],[0.83008,51.1381],[0.82976,51.13868],[0.83067,51.13858],[0.82937,51.14002],[0.83097,51.14044],[0.83,51.14152],[0.82876,51.1416],[0.82862,51.14185],[0.83128,51.14315],[0.83247,51.14233],[0.83293,51.14366],[0.83316,51.14308]]]}},{"type":"Feature","properties":{"id":"E01032814","name":"E01032814","parent":"E07000105","type":"LSOA","pop":2496,"r":152,"ff":69,"ffd":2764.4,"ffs":0.561,"g":28,"co":0,"mo":2,"sa":0,"ic":0},"geometry":{"type":"Polygon","coordinates":[[[0.83373,51.16422],[0.83573,51.16375],[0.83657,51.16382],[0.83646,51.16272],[0.83879,51.16127],[0.83883,51.15807],[0.83972,51.15454],[0.83674,51.153],[0.84014,51.15219],[0.84299,51.15193],[0.84466,51.15132],[0.84523,51.15094],[0.84634,51.14959],[0.84644,51.14855],[0.84808,51.14839],[0.845,51.14604],[0.8444,51.14468],[0.84353,51.14397],[0.84319,51.14297],[0.84361,51.14287],[0.84371,51.14229],[0.84305,51.14178],[0.84384,51.14141],[0.84378,51.1411],[0.84352,51.14082],[0.84258,51.14114],[0.8418,51.14015],[0.83947,51.14109],[0.83841,51.13997],[0.83705,51.14025],[0.83715,51.14046],[0.8378,51.14047],[0.83739,51.14076],[0.83629,51.14068],[0.83569,51.14192],[0.83616,51.14227],[0.83578,51.14253],[0.83474,51.14218],[0.83385,51.14302],[0.83363,51.14282],[0.83316,51.14308],[0.83293,51.14366],[0.83247,51.14233],[0.83128,51.14315],[0.82862,51.14185],[0.82876,51.1416],[0.83,51.14152],[0.83097,51.14044],[0.82937,51.14002],[0.83067,51.13858],[0.82976,51.13868],[0.83008,51.1381],[0.83186,51.13698],[0.83277,51.13726],[0.8333,51.13678],[0.8345,51.13729],[0.83514,51.13682],[0.83267,51.13503],[0.83835,51.13304],[0.83836,51.13114],[0.84007,51.12931],[0.83965,51.12849],[0.83822,51.12742],[0.83338,51.1276],[0.83195,51.12675],[0.83106,51.12617],[0.83064,51.12536],[0.82612,51.12209],[0.82326,51.11808],[0.82119,51.1187],[0.81777,51.11785],[0.8176,51.11811],[0.81491,51.1182],[0.814,51.1186],[0.80991,51.11918],[0.80839,51.11886],[0.80692,51.1183],[0.80429,51.11593],[0.80396,51.11598],[0.80312,51.11435],[0.8043,51.11367],[0.80418,51.11338],[0.80274,51.11253],[0.80085,51.11319],[0.80239,51.11458],[0.79713,51.11608],[0.79638,51.11747],[0.7938,51.11969],[0.79285,51.12009],[0.79841,51.12777],[0.79896,51.12903],[0.79819,51.13176],[0.79641,51.13385],[0.79549,51.13384],[0.79388,51.1347],[0.79251,51.13608],[0.79095,51.13601],[0.78961,51.13557],[0.78817,51.13602],[0.78772,51.13685],[0.78871,51.13865],[0.78831,51.13936],[0.78945,51.13967],[0.78895,51.14055],[0.79065,51.14113],[0.79358,51.14325],[0.80218,51.14603],[0.80346,51.14672],[0.80743,51.14752],[0.80641,51.14981],[0.8069,51.15037],[0.8084,51.15066],[0.80845,51.15108],[0.80669,51.15232],[0.80485,51.15283],[0.80606,51.1545],[0.80538,51.15517],[0.80772,51.15647],[0.80969,51.15528],[0.81149,51.15594],[0.81241,51.15719],[0.81651,51.15743],[0.81746,51.15681],[0.81907,51.15692],[0.81992,51.15639],[0.82118,51.15617],[0.8223,51.15614],[0.82275,51.15653],[0.824,51.15629],[0.82404,51.15657],[0.82456,51.15648],[0.82511,51.15679],[0.82615,51.15611],[0.82834,51.15828],[0.83096,51.16266],[0.8303,51.16372],[0.83373,51.16422]]]}},{"type":"Feature","properties":{"id":"E01032815","name":"E01032815","parent":"E07000105","type":"LSOA","pop":1024,"r":155,"ff":70,"ffd":6835.9,"ffs":0.56,"g":29,"co":0,"mo":2,"sa":0,"ic":0},"geometry":{"type":"Polygon","coordinates":[[[0.88783,51.13497],[0.88846,51.13317],[0.88783,51.13361],[0.88537,51.13306],[0.88565,51.13248],[0.88733,51.13202],[0.88742,51.12936],[0.8888,51.12677],[0.88645,51.12552],[0.88554,51.12631],[0.88345,51.12587],[0.88539,51.1286],[0.88449,51.12884],[0.8849,51.1291],[0.88355,51.12932],[0.88343,51.12997],[0.88416,51.13061],[0.88552,51.13085],[0.886,51.13123],[0.88561,51.13154],[0.88473,51.13161],[0.881,51.13291],[0.87941,51.13214],[0.87931,51.13389],[0.88026,51.13409],[0.88063,51.13506],[0.88602,51.13565],[0.88777,51.13613],[0.88983,51.1355],[0.88783,51.13497]]]}},{"type":"Feature","properties":{"id":"E01032816","name":"E01032816","parent":"E07000105","type":"LSOA","pop":2296,"r":149,"ff":68,"ffd":2961.7,"ffs":0.562,"g":27,"co":2,"mo":2,"sa":0,"ic":0},"geometry":{"type":"Polygon","coordinates":[[[0.8426,51.13257],[0.84224,51.13156],[0.84309,51.13071],[0.8429,51.13043],[0.84396,51.13009],[0.84367,51.12931],[0.84304,51.12913],[0.84543,51.12824],[0.84645,51.12757],[0.84732,51.12778],[0.84816,51.12738],[0.84857,51.1269],[0.84765,51.12673],[0.84889,51.126],[0.84887,51.12677],[0.85061,51.12678],[0.85198,51.12602],[0.8504,51.12547],[0.84983,51.12495],[0.84872,51.12326],[0.84612,51.12386],[0.84284,51.12175],[0.84085,51.12336],[0.83965,51.12264],[0.838,51.12325],[0.83525,51.12488],[0.83341,51.12553],[0.8328,51.1265],[0.83195,51.12675],[0.83338,51.1276],[0.83822,51.12742],[0.83965,51.12849],[0.84007,51.12931],[0.83836,51.13114],[0.83835,51.13304],[0.83954,51.13235],[0.84196,51.13351],[0.84236,51.13315],[0.84218,51.13268],[0.8426,51.13257]]]}},{"type":"Feature","properties":{"id":"E01032817","name":"E01032817","parent":"E07000105","type":"LSOA","pop":1206,"r":155,"ff":70,"ffd":5804.3,"ffs":0.56,"g":29,"co":0,"mo":2,"sa":0,"ic":0},"geometry":{"type":"Polygon","coordinates":[[[0.88539,51.1286],[0.88345,51.12587],[0.88274,51.12643],[0.87971,51.12646],[0.87941,51.13214],[0.881,51.13291],[0.88473,51.13161],[0.88561,51.13154],[0.886,51.13123],[0.88552,51.13085],[0.88416,51.13061],[0.88343,51.12997],[0.88355,51.12932],[0.8849,51.1291],[0.88449,51.12884],[0.88539,51.1286]]]}},{"type":"Feature","properties":{"id":"E01032818","name":"E01032818","parent":"E07000105","type":"LSOA","pop":1532,"r":148,"ff":64,"ffd":4177.5,"ffs":0.5424,"g":29,"co":2,"mo":2,"sa":0,"ic":0},"geometry":{"type":"Polygon","coordinates":[[[0.88011,51.11908],[0.88031,51.11546],[0.87849,51.11531],[0.87869,51.11507],[0.87795,51.11486],[0.87715,51.11545],[0.87724,51.11607],[0.87619,51.11538],[0.87457,51.11568],[0.87412,51.11615],[0.8743,51.11714],[0.87541,51.1179],[0.87569,51.11832],[0.87498,51.11856],[0.87474,51.11828],[0.87356,51.11875],[0.87565,51.12041],[0.87685,51.12112],[0.88011,51.11908]]]}},{"type":"Feature","properties":{"id":"E01032819","name":"E01032819","parent":"E07000105","type":"LSOA","pop":1801,"r":148,"ff":64,"ffd":3553.6,"ffs":0.5424,"g":29,"co":2,"mo":2,"sa":0,"ic":0},"geometry":{"type":"Polygon","coordinates":[[[0.87356,51.11875],[0.87474,51.11828],[0.87498,51.11856],[0.87569,51.11832],[0.87541,51.1179],[0.8743,51.11714],[0.87412,51.11615],[0.87457,51.11568],[0.87619,51.11538],[0.87724,51.11607],[0.87715,51.11545],[0.87795,51.11486],[0.87869,51.11507],[0.87849,51.11531],[0.88031,51.11546],[0.88044,51.11132],[0.87992,51.10904],[0.87845,51.10957],[0.879,51.11049],[0.87825,51.11073],[0.87861,51.11116],[0.87818,51.11133],[0.87718,51.11083],[0.87689,51.11101],[0.87609,51.1108],[0.86965,51.11288],[0.86792,51.11446],[0.87079,51.11747],[0.86922,51.11829],[0.8689,51.119],[0.86599,51.11999],[0.8685,51.1213],[0.86977,51.12057],[0.87062,51.12044],[0.87088,51.11988],[0.87232,51.1198],[0.87216,51.1196],[0.8739,51.11905],[0.87356,51.11875]]]}},{"type":"Feature","properties":{"id":"E01032820","name":"E01032820","parent":"E07000105","type":"LSOA","pop":2775,"r":147,"ff":68,"ffd":2450.5,"ffs":0.5862,"g":30,"co":0,"mo":2,"sa":0,"ic":0},"geometry":{"type":"Polygon","coordinates":[[[0.85366,51.16301],[0.86012,51.15719],[0.86171,51.15548],[0.86169,51.15516],[0.86034,51.15494],[0.85993,51.15519],[0.85843,51.15507],[0.85854,51.15354],[0.85782,51.15335],[0.85782,51.15399],[0.85372,51.15423],[0.85342,51.15509],[0.85202,51.15574],[0.85291,51.1562],[0.84802,51.1577],[0.84916,51.15954],[0.85005,51.15909],[0.85169,51.16017],[0.85148,51.16077],[0.84946,51.16012],[0.84896,51.16075],[0.84955,51.16211],[0.85222,51.16135],[0.85237,51.16206],[0.85366,51.16301]]]}},{"type":"Feature","properties":{"id":"E01032821","name":"E01032821","parent":"E07000105","type":"LSOA","pop":3070,"r":155,"ff":71,"ffd":2312.7,"ffs":0.568,"g":29,"co":2,"mo":2,"sa":0,"ic":0},"geometry":{"type":"Polygon","coordinates":[[[0.85366,51.16301],[0.85237,51.16206],[0.85222,51.16135],[0.84955,51.16211],[0.84896,51.16075],[0.84946,51.16012],[0.85148,51.16077],[0.85169,51.16017],[0.85005,51.15909],[0.84916,51.15954],[0.84802,51.1577],[0.85291,51.1562],[0.85202,51.15574],[0.85342,51.15509],[0.85372,51.15423],[0.85782,51.15399],[0.85782,51.15335],[0.85514,51.15303],[0.85128,51.1533],[0.8512,51.15301],[0.8525,51.15289],[0.85142,51.15259],[0.85069,51.15299],[0.85017,51.15251],[0.84956,51.15281],[0.8489,51.15259],[0.84891,51.15206],[0.84943,51.15198],[0.84903,51.15134],[0.84777,51.15151],[0.8465,51.15267],[0.846,51.15254],[0.84518,51.15294],[0.84457,51.15251],[0.84212,51.15314],[0.84376,51.15216],[0.84326,51.15175],[0.84299,51.15193],[0.84014,51.15219],[0.83674,51.153],[0.83972,51.15454],[0.83883,51.15807],[0.83879,51.16127],[0.83646,51.16272],[0.83657,51.16382],[0.83803,51.16383],[0.8409,51.16263],[0.84536,51.16452],[0.84738,51.16714],[0.85366,51.16301]]]}},{"type":"Feature","properties":{"id":"E01032822","name":"E01032822","parent":"E07000105","type":"LSOA","pop":1464,"r":155,"ff":72,"ffd":4918.0,"ffs":0.576,"g":29,"co":0,"mo":2,"sa":0,"ic":0},"geometry":{"type":"Polygon","coordinates":[[[0.88916,51.16714],[0.89086,51.16579],[0.89415,51.16407],[0.89409,51.16334],[0.89508,51.16371],[0.89633,51.16206],[0.89463,51.16117],[0.89361,51.16181],[0.89087,51.16031],[0.88989,51.15859],[0.88658,51.15887],[0.88611,51.15975],[0.88811,51.16379],[0.88713,51.16641],[0.88821,51.16637],[0.88916,51.16714]]]}},{"type":"Feature","properties":{"id":"E01032823","name":"E01032823","parent":"E07000105","type":"LSOA","pop":1691,"r":149,"ff":68,"ffd":4021.3,"ffs":0.562,"g":27,"co":0,"mo":2,"sa":0,"ic":0},"geometry":{"type":"Polygon","coordinates":[[[0.84795,51.12955],[0.84922,51.12916],[0.85026,51.12923],[0.85131,51.12842],[0.85092,51.12746],[0.85352,51.12638],[0.85198,51.12602],[0.85061,51.12678],[0.84887,51.12677],[0.84889,51.126],[0.84765,51.12673],[0.84857,51.1269],[0.84816,51.12738],[0.84732,51.12778],[0.84645,51.12757],[0.84543,51.12824],[0.84304,51.12913],[0.84367,51.12931],[0.84396,51.13009],[0.8429,51.13043],[0.84309,51.13071],[0.84224,51.13156],[0.8426,51.13257],[0.84218,51.13268],[0.84236,51.13315],[0.84196,51.13351],[0.8428,51.1338],[0.84369,51.13381],[0.84755,51.13286],[0.84746,51.13205],[0.84724,51.13174],[0.84749,51.13004],[0.84795,51.12955]]]}},{"type":"Feature","properties":{"id":"E01032824","name":"E01032824","parent":"E07000105","type":"LSOA","pop":1470,"r":156,"ff":70,"ffd":4761.9,"ffs":0.56,"g":30,"co":0,"mo":2,"sa":0,"ic":0},"geometry":{"type":"Polygon","coordinates":[[[0.90164,51.13499],[0.89836,51.13234],[0.89444,51.13052],[0.89156,51.12963],[0.88976,51.12873],[0.88952,51.12848],[0.89006,51.12728],[0.8888,51.12677],[0.88742,51.12936],[0.88733,51.13202],[0.88565,51.13248],[0.88537,51.13306],[0.88783,51.13361],[0.88846,51.13317],[0.88783,51.13497],[0.88983,51.1355],[0.89262,51.13422],[0.89288,51.13466],[0.89366,51.13457],[0.89457,51.13517],[0.89529,51.13493],[0.89634,51.13565],[0.89905,51.13561],[0.90164,51.13499]]]}},{"type":"Feature","properties":{"id":"E01034985","name":"E01034985","parent":"E07000105","type":"LSOA","pop":1475,"r":155,"ff":71,"ffd":4813.6,"ffs":0.568,"g":29,"co":0,"mo":2,"sa":0,"ic":0},"geometry":{"type":"Polygon","coordinates":[[[0.87351,51.15168],[0.87394,51.15084],[0.87314,51.1508],[0.87198,51.15104],[0.87139,51.15051],[0.87153,51.15003],[0.87005,51.15024],[0.87051,51.14992],[0.86978,51.14995],[0.86951,51.14941],[0.87117,51.14855],[0.87078,51.14806],[0.87025,51.14821],[0.86981,51.14765],[0.87282,51.14711],[0.87267,51.14664],[0.87341,51.14619],[0.87273,51.14562],[0.87396,51.14474],[0.87297,51.14355],[0.87075,51.14422],[0.87061,51.14359],[0.86965,51.14302],[0.87066,51.14225],[0.87057,51.14191],[0.86881,51.14164],[0.86797,51.14196],[0.86796,51.14255],[0.86708,51.14314],[0.867,51.14366],[0.86719,51.14386],[0.86652,51.14428],[0.86811,51.14521],[0.87004,51.14681],[0.86892,51.14743],[0.8692,51.14783],[0.86775,51.14823],[0.86711,51.14901],[0.86832,51.14984],[0.86779,51.1503],[0.86835,51.15077],[0.86693,51.1518],[0.86933,51.15316],[0.87215,51.1518],[0.87351,51.15168]]]}},{"type":"Feature","properties":{"id":"E01034986","name":"E01034986","parent":"E07000105","type":"LSOA","pop":1812,"r":157,"ff":72,"ffd":3973.5,"ffs":0.5669,"g":29,"co":0,"mo":2,"sa":0,"ic":0},"geometry":{"type":"Polygon","coordinates":[[[0.87198,51.15104],[0.87614,51.15055],[0.87867,51.15004],[0.88099,51.14915],[0.88044,51.14857],[0.87951,51.14648],[0.87975,51.14537],[0.88038,51.14476],[0.88041,51.14381],[0.87697,51.14237],[0.87749,51.1421],[0.87863,51.14093],[0.87898,51.13969],[0.87742,51.13981],[0.87683,51.13873],[0.87545,51.1391],[0.87548,51.1396],[0.87296,51.14021],[0.87277,51.14092],[0.8722,51.14106],[0.8714,51.14087],[0.87067,51.14112],[0.87066,51.14225],[0.86965,51.14302],[0.87061,51.14359],[0.87075,51.14422],[0.87297,51.14355],[0.87396,51.14474],[0.87273,51.14562],[0.87341,51.14619],[0.87267,51.14664],[0.87282,51.14711],[0.86981,51.14765],[0.87025,51.14821],[0.87078,51.14806],[0.87117,51.14855],[0.86951,51.14941],[0.86978,51.14995],[0.87051,51.14992],[0.87005,51.15024],[0.87153,51.15003],[0.87139,51.15051],[0.87198,51.15104]]]}},{"type":"Feature","properties":{"id":"E01034987","name":"E01034987","parent":"E07000105","type":"LSOA","pop":2167,"r":141,"ff":62,"ffd":2861.1,"ffs":0.5636,"g":30,"co":2,"mo":2,"sa":2,"ic":0},"geometry":{"type":"Polygon","coordinates":[[[0.88274,51.12643],[0.88345,51.12587],[0.88554,51.12631],[0.88842,51.12358],[0.89327,51.1204],[0.89162,51.11904],[0.89294,51.1187],[0.89338,51.11899],[0.89473,51.11873],[0.89469,51.11899],[0.89531,51.11908],[0.89653,51.11884],[0.89428,51.11751],[0.89504,51.1168],[0.89805,51.11787],[0.89875,51.11785],[0.89981,51.11847],[0.9005,51.11759],[0.90154,51.11702],[0.90241,51.11732],[0.90501,51.11709],[0.90327,51.1155],[0.89989,51.11394],[0.89806,51.11255],[0.89746,51.11312],[0.89083,51.11535],[0.8898,51.1152],[0.88965,51.11569],[0.88794,51.11602],[0.8883,51.11578],[0.88351,51.11438],[0.88362,51.11382],[0.88314,51.11385],[0.8822,51.11325],[0.8821,51.11354],[0.88041,51.11348],[0.87971,51.12646],[0.88274,51.12643]]]}},{"type":"Feature","properties":{"id":"E01034988","name":"E01034988","parent":"E07000105","type":"LSOA","pop":1812,"r":134,"ff":60,"ffd":3311.3,"ffs":0.5714,"g":28,"co":2,"mo":2,"sa":2,"ic":0},"geometry":{"type":"Polygon","coordinates":[[[0.94248,51.14112],[0.94567,51.13623],[0.94772,51.13459],[0.94951,51.13407],[0.94805,51.13182],[0.94739,51.12886],[0.94363,51.12549],[0.94288,51.12374],[0.94035,51.12157],[0.94052,51.12013],[0.93916,51.11816],[0.94107,51.11741],[0.9389,51.11592],[0.93903,51.11393],[0.93621,51.113],[0.93483,51.1137],[0.9337,51.11313],[0.93298,51.11158],[0.93272,51.11169],[0.9311,51.1103],[0.93037,51.10943],[0.93101,51.10826],[0.93272,51.10695],[0.93369,51.10651],[0.93555,51.10701],[0.93635,51.10659],[0.93513,51.10274],[0.93004,51.09985],[0.9286,51.10071],[0.92567,51.0992],[0.92601,51.09868],[0.92459,51.09828],[0.92238,51.09547],[0.92219,51.09446],[0.90751,51.0955],[0.90166,51.09517],[0.89923,51.09481],[0.89509,51.09333],[0.89357,51.09658],[0.8934,51.09783],[0.89355,51.09945],[0.89453,51.10033],[0.89436,51.10111],[0.8929,51.1012],[0.88859,51.10201],[0.89134,51.10176],[0.8935,51.10117],[0.89443,51.10125],[0.89423,51.102],[0.89524,51.10597],[0.89519,51.10737],[0.89619,51.10841],[0.89621,51.10927],[0.89701,51.11013],[0.89806,51.11255],[0.89989,51.11394],[0.90327,51.1155],[0.90501,51.11709],[0.90241,51.11732],[0.90154,51.11702],[0.9005,51.11759],[0.89981,51.11847],[0.89875,51.11785],[0.89805,51.11787],[0.89504,51.1168],[0.89428,51.11751],[0.89653,51.11884],[0.89531,51.11908],[0.89469,51.11899],[0.89473,51.11873],[0.89338,51.11899],[0.89294,51.1187],[0.89162,51.11904],[0.89327,51.1204],[0.88842,51.12358],[0.88645,51.12552],[0.88698,51.12583],[0.89806,51.12643],[0.90324,51.12787],[0.90581,51.12922],[0.90743,51.13067],[0.90857,51.13227],[0.90918,51.13447],[0.91027,51.13462],[0.91499,51.13334],[0.91757,51.13388],[0.91985,51.13511],[0.92091,51.13502],[0.92166,51.13609],[0.9212,51.13785],[0.92443,51.1389],[0.92364,51.13941],[0.92476,51.14008],[0.92553,51.13967],[0.92606,51.14077],[0.92824,51.14011],[0.92885,51.13902],[0.9307,51.13852],[0.93251,51.13907],[0.9338,51.14009],[0.93564,51.14048],[0.93598,51.14028],[0.93852,51.14126],[0.94121,51.14144],[0.94248,51.14112]]]}},{"type":"Feature","properties":{"id":"E01034989","name":"E01034989","parent":"E07000105","type":"LSOA","pop":2577,"r":140,"ff":62,"ffd":2405.9,"ffs":0.5636,"g":29,"co":2,"mo":2,"sa":2,"ic":0},"geometry":{"type":"Polygon","coordinates":[[[0.85266,51.12164],[0.85612,51.12024],[0.85693,51.12089],[0.85794,51.12008],[0.85948,51.12081],[0.86048,51.12174],[0.86469,51.12014],[0.86599,51.11999],[0.8689,51.119],[0.86922,51.11829],[0.87079,51.11747],[0.86792,51.11446],[0.86965,51.11288],[0.87609,51.1108],[0.87689,51.11101],[0.87718,51.11083],[0.87818,51.11133],[0.87861,51.11116],[0.87825,51.11073],[0.879,51.11049],[0.87845,51.10957],[0.87992,51.10904],[0.88044,51.11132],[0.88041,51.11348],[0.8821,51.11354],[0.8822,51.11325],[0.88314,51.11385],[0.88362,51.11382],[0.88351,51.11438],[0.8883,51.11578],[0.88794,51.11602],[0.88965,51.11569],[0.8898,51.1152],[0.89083,51.11535],[0.89746,51.11312],[0.89806,51.11255],[0.89701,51.11013],[0.89621,51.10927],[0.89619,51.10841],[0.89519,51.10737],[0.89524,51.10597],[0.89423,51.102],[0.89443,51.10125],[0.8935,51.10117],[0.89134,51.10176],[0.88848,51.10201],[0.88195,51.10001],[0.8742,51.10106],[0.87108,51.09994],[0.86772,51.09943],[0.86429,51.10051],[0.86147,51.10037],[0.85911,51.10061],[0.85573,51.10227],[0.8532,51.10299],[0.85155,51.10399],[0.85439,51.1082],[0.85402,51.11061],[0.85482,51.11254],[0.85393,51.11277],[0.85408,51.11308],[0.8525,51.11349],[0.85265,51.1137],[0.85338,51.11351],[0.85383,51.11513],[0.8505,51.11654],[0.85184,51.11755],[0.85633,51.11576],[0.85699,51.11672],[0.85627,51.11692],[0.8565,51.11725],[0.85725,51.11704],[0.85826,51.11833],[0.85704,51.11879],[0.85681,51.11897],[0.85743,51.11927],[0.85578,51.12026],[0.8543,51.11926],[0.84728,51.12083],[0.84983,51.12495],[0.8517,51.12312],[0.85266,51.12164]]]}}]}