{"type":"FeatureCollection","features":[{"type":"Feature","properties":{"id":"E01026287","name":"E01026287","parent":"E07000141","type":"LSOA","pop":1289,"r":24,"ff":12,"ffd":931.0,"ffs":0.5,"g":0,"co":3,"mo":1,"sa":1,"ic":3},"geometry":{"type":"Polygon","coordinates":[[[-0.48388,52.66545],[-0.482,52.6618],[-0.48571,52.66105],[-0.48624,52.66111],[-0.48571,52.66001],[-0.48526,52.66009],[-0.48487,52.65967],[-0.48543,52.65956],[-0.48495,52.65873],[-0.48602,52.65836],[-0.48715,52.65911],[-0.48872,52.65809],[-0.48998,52.65878],[-0.49097,52.65986],[-0.48953,52.66016],[-0.49002,52.66086],[-0.49052,52.6607],[-0.4933,52.66474],[-0.49061,52.66503],[-0.49027,52.66442],[-0.48388,52.66545]]]}},{"type":"Feature","properties":{"id":"E01026288","name":"E01026288","parent":"E07000141","type":"LSOA","pop":1625,"r":24,"ff":12,"ffd":738.5,"ffs":0.5,"g":0,"co":3,"mo":1,"sa":1,"ic":3},"geometry":{"type":"Polygon","coordinates":[[[-0.48162,52.66108],[-0.47928,52.65656],[-0.48536,52.65495],[-0.48716,52.65729],[-0.48771,52.65733],[-0.48739,52.65763],[-0.48849,52.65822],[-0.48715,52.65911],[-0.48602,52.65836],[-0.48495,52.65873],[-0.48543,52.65956],[-0.48487,52.65967],[-0.48526,52.66009],[-0.48571,52.66001],[-0.48624,52.66111],[-0.48571,52.66105],[-0.482,52.6618],[-0.48162,52.66108]]]}},{"type":"Feature","properties":{"id":"E01026289","name":"E01026289","parent":"E07000141","type":"LSOA","pop":2309,"r":23,"ff":11,"ffd":476.4,"ffs":0.4783,"g":0,"co":3,"mo":1,"sa":1,"ic":3},"geometry":{"type":"Polygon","coordinates":[[[-0.4933,52.66474],[-0.49052,52.6607],[-0.49002,52.66086],[-0.48953,52.66016],[-0.49097,52.65986],[-0.48998,52.65878],[-0.48872,52.65809],[-0.48849,52.65822],[-0.48739,52.65763],[-0.48939,52.65573],[-0.49063,52.65633],[-0.49016,52.65501],[-0.49721,52.65723],[-0.50311,52.65832],[-0.50667,52.65953],[-0.50638,52.66042],[-0.50529,52.66093],[-0.50457,52.6604],[-0.50084,52.66058],[-0.49604,52.66046],[-0.49395,52.6607],[-0.49471,52.66463],[-0.4933,52.66474]]]}},{"type":"Feature","properties":{"id":"E01026290","name":"E01026290","parent":"E07000141","type":"LSOA","pop":2177,"r":8,"ff":6,"ffd":275.6,"ffs":0.75,"g":0,"co":3,"mo":3,"sa":3,"ic":3},"geometry":{"type":"Polygon","coordinates":[[[-0.35742,52.88398],[-0.35635,52.88384],[-0.35533,52.88416],[-0.35477,52.88273],[-0.35305,52.88285],[-0.35073,52.88231],[-0.34787,52.88217],[-0.34369,52.88319],[-0.34088,52.8831],[-0.33483,52.88376],[-0.33428,52.88419],[-0.3331,52.88439],[-0.33148,52.88383],[-0.32857,52.88398],[-0.32171,52.88278],[-0.31952,52.88267],[-0.31067,52.8833],[-0.30791,52.88319],[-0.30543,52.88346],[-0.30143,52.88439],[-0.29833,52.8843],[-0.29242,52.88349],[-0.28649,52.88226],[-0.28066,52.88066],[-0.26952,52.87696],[-0.25857,52.87232],[-0.25843,52.87024],[-0.25655,52.86836],[-0.25725,52.86677],[-0.25765,52.8667],[-0.26078,52.86813],[-0.26467,52.86868],[-0.26476,52.87019],[-0.26586,52.87119],[-0.27089,52.87211],[-0.27629,52.86169],[-0.27504,52.84087],[-0.27207,52.83246],[-0.27085,52.82119],[-0.27404,52.82059],[-0.27635,52.82067],[-0.27781,52.82104],[-0.28032,52.81995],[-0.28764,52.81898],[-0.29322,52.81962],[-0.29593,52.82028],[-0.30197,52.82004],[-0.30265,52.82031],[-0.32779,52.82126],[-0.32941,52.82125],[-0.33386,52.82052],[-0.33831,52.82079],[-0.33865,52.8212],[-0.34254,52.8212],[-0.3532,52.82026],[-0.36318,52.82021],[-0.36806,52.81978],[-0.37083,52.81993],[-0.3727,52.81889],[-0.37316,52.81963],[-0.37458,52.81939],[-0.37425,52.81898],[-0.37779,52.81873],[-0.38219,52.81784],[-0.3881,52.81739],[-0.39477,52.81762],[-0.3984,52.81704],[-0.40105,52.81736],[-0.40547,52.81653],[-0.40724,52.81564],[-0.41012,52.81479],[-0.41269,52.81432],[-0.41893,52.81935],[-0.42158,52.81856],[-0.42247,52.81802],[-0.42238,52.81771],[-0.42392,52.81739],[-0.42551,52.81739],[-0.42543,52.81812],[-0.4249,52.8195],[-0.42602,52.81955],[-0.42736,52.82079],[-0.42833,52.82097],[-0.42844,52.8225],[-0.42606,52.82273],[-0.42339,52.82346],[-0.43113,52.83009],[-0.4315,52.83168],[-0.43134,52.83586],[-0.43215,52.83617],[-0.43217,52.83741],[-0.43307,52.84027],[-0.4347,52.84107],[-0.4358,52.84136],[-0.43966,52.84018],[-0.44126,52.84068],[-0.4422,52.84193],[-0.44114,52.84365],[-0.44143,52.84377],[-0.44087,52.84509],[-0.43916,52.84683],[-0.43717,52.84995],[-0.43681,52.85089],[-0.43738,52.8526],[-0.43618,52.85289],[-0.43648,52.85569],[-0.43565,52.85698],[-0.43686,52.86134],[-0.43643,52.86142],[-0.43654,52.86375],[-0.43415,52.86379],[-0.42804,52.86513],[-0.42381,52.86564],[-0.42403,52.86696],[-0.41844,52.8677],[-0.41811,52.86778],[-0.41829,52.86814],[-0.41572,52.8689],[-0.41657,52.87021],[-0.41573,52.87118],[-0.41443,52.87167],[-0.41507,52.87371],[-0.41442,52.87419],[-0.41524,52.87532],[-0.4161,52.87532],[-0.41777,52.87709],[-0.41658,52.8773],[-0.41641,52.87696],[-0.40954,52.87827],[-0.40647,52.87822],[-0.40377,52.8788],[-0.40309,52.87844],[-0.40137,52.87896],[-0.39096,52.88],[-0.38468,52.88094],[-0.37683,52.88241],[-0.37639,52.88325],[-0.36208,52.88599],[-0.35957,52.88569],[-0.35742,52.88398]]]}},{"type":"Feature","properties":{"id":"E01026291","name":"E01026291","parent":"E07000141","type":"LSOA","pop":2539,"r":66,"ff":29,"ffd":1142.2,"ffs":0.5918,"g":16,"co":2,"mo":2,"sa":0,"ic":0},"geometry":{"type":"Polygon","coordinates":[[[-0.67175,52.92265],[-0.67145,52.92124],[-0.67328,52.92109],[-0.67322,52.91814],[-0.67359,52.91805],[-0.67234,52.91482],[-0.6716,52.91209],[-0.67123,52.91207],[-0.67118,52.91025],[-0.67616,52.91027],[-0.6765,52.90581],[-0.67767,52.90583],[-0.67723,52.90248],[-0.67609,52.90215],[-0.67692,52.90036],[-0.68274,52.90393],[-0.69053,52.90742],[-0.69431,52.90835],[-0.69662,52.90818],[-0.69999,52.90732],[-0.70903,52.90454],[-0.71406,52.90427],[-0.7139,52.9035],[-0.71453,52.90274],[-0.71441,52.90227],[-0.7149,52.9022],[-0.71496,52.90134],[-0.71692,52.9006],[-0.71711,52.90121],[-0.71624,52.9031],[-0.71723,52.90397],[-0.72286,52.90416],[-0.7252,52.90349],[-0.72654,52.90347],[-0.7295,52.90425],[-0.7292,52.90385],[-0.73202,52.90562],[-0.73637,52.90614],[-0.74041,52.91766],[-0.7396,52.92303],[-0.73473,52.92271],[-0.73415,52.92342],[-0.72703,52.92247],[-0.72026,52.92295],[-0.71975,52.9286],[-0.72061,52.93111],[-0.72009,52.93539],[-0.71846,52.9382],[-0.71784,52.94026],[-0.71642,52.94225],[-0.71484,52.94345],[-0.71396,52.94346],[-0.7138,52.94405],[-0.70736,52.94513],[-0.70774,52.94462],[-0.7067,52.94202],[-0.7008,52.94106],[-0.69577,52.93962],[-0.69064,52.9391],[-0.67943,52.93712],[-0.67881,52.93667],[-0.68076,52.93669],[-0.68171,52.93423],[-0.68227,52.93416],[-0.68203,52.93368],[-0.68054,52.93309],[-0.68215,52.93033],[-0.67477,52.92858],[-0.67045,52.92796],[-0.67167,52.9264],[-0.6706,52.92612],[-0.67089,52.92468],[-0.67006,52.92461],[-0.66984,52.92275],[-0.67175,52.92265]]]}},{"type":"Feature","properties":{"id":"E01026292","name":"E01026292","parent":"E07000141","type":"LSOA","pop":1381,"r":69,"ff":30,"ffd":2172.3,"ffs":0.5769,"g":16,"co":0,"mo":0,"sa":0,"ic":0},"geometry":{"type":"Polygon","coordinates":[[[-0.60497,52.91986],[-0.60266,52.91846],[-0.60477,52.91593],[-0.60634,52.91669],[-0.60535,52.91613],[-0.60707,52.91497],[-0.61022,52.91466],[-0.61129,52.91552],[-0.61279,52.91622],[-0.6118,52.9193],[-0.6112,52.91936],[-0.60987,52.91886],[-0.60884,52.91927],[-0.60668,52.92094],[-0.60497,52.91986]]]}},{"type":"Feature","properties":{"id":"E01026293","name":"E01026293","parent":"E07000141","type":"LSOA","pop":2053,"r":69,"ff":30,"ffd":1461.3,"ffs":0.5769,"g":16,"co":0,"mo":0,"sa":0,"ic":0},"geometry":{"type":"Polygon","coordinates":[[[-0.61483,52.94097],[-0.61399,52.94088],[-0.61372,52.9411],[-0.60972,52.94046],[-0.60867,52.93981],[-0.59002,52.93743],[-0.59007,52.93683],[-0.58717,52.93696],[-0.58555,52.93733],[-0.57716,52.93751],[-0.56577,52.93641],[-0.59329,52.8939],[-0.59512,52.889],[-0.59636,52.88916],[-0.6011,52.88842],[-0.60509,52.88832],[-0.60517,52.88759],[-0.60762,52.88782],[-0.60763,52.88819],[-0.60856,52.88839],[-0.62065,52.88916],[-0.62161,52.88936],[-0.62103,52.89058],[-0.62336,52.89082],[-0.6279,52.88949],[-0.63035,52.89754],[-0.62189,52.90151],[-0.62408,52.90744],[-0.62096,52.91019],[-0.61785,52.91079],[-0.61857,52.91155],[-0.61118,52.91407],[-0.61295,52.9158],[-0.61279,52.91622],[-0.61129,52.91552],[-0.61022,52.91466],[-0.60707,52.91497],[-0.60535,52.91613],[-0.60634,52.91669],[-0.60477,52.91593],[-0.60266,52.91846],[-0.60668,52.92094],[-0.60884,52.91927],[-0.60987,52.91886],[-0.6112,52.91936],[-0.6118,52.9193],[-0.61131,52.9229],[-0.61323,52.92287],[-0.61377,52.92426],[-0.61611,52.92444],[-0.61613,52.92554],[-0.61476,52.92535],[-0.60985,52.92577],[-0.60908,52.92519],[-0.61005,52.92689],[-0.61741,52.92726],[-0.62405,52.92908],[-0.62553,52.92968],[-0.62608,52.93217],[-0.62765,52.93193],[-0.62706,52.93257],[-0.6274,52.93336],[-0.62708,52.93456],[-0.62645,52.93473],[-0.62605,52.93535],[-0.62633,52.93573],[-0.62689,52.93564],[-0.62708,52.93612],[-0.62595,52.93658],[-0.62574,52.9374],[-0.62361,52.93786],[-0.62319,52.93905],[-0.62346,52.9397],[-0.62291,52.94026],[-0.62306,52.94119],[-0.62228,52.94221],[-0.61483,52.94097]]]}},{"type":"Feature","properties":{"id":"E01026294","name":"E01026294","parent":"E07000141","type":"LSOA","pop":1551,"r":69,"ff":30,"ffd":1934.2,"ffs":0.5769,"g":16,"co":0,"mo":0,"sa":0,"ic":0},"geometry":{"type":"Polygon","coordinates":[[[-0.61005,52.92689],[-0.60908,52.92519],[-0.60985,52.92577],[-0.61476,52.92535],[-0.61613,52.92554],[-0.61611,52.92444],[-0.61758,52.92452],[-0.62034,52.92412],[-0.62777,52.92608],[-0.62757,52.92626],[-0.62956,52.9267],[-0.63046,52.92778],[-0.63045,52.92846],[-0.62967,52.92935],[-0.62786,52.92955],[-0.62773,52.93007],[-0.62839,52.93038],[-0.6274,52.93096],[-0.62765,52.93193],[-0.62608,52.93217],[-0.62553,52.92968],[-0.62405,52.92908],[-0.61741,52.92726],[-0.61005,52.92689]]]}},{"type":"Feature","properties":{"id":"E01026296","name":"E01026296","parent":"E07000141","type":"LSOA","pop":1431,"r":9,"ff":8,"ffd":559.0,"ffs":0.8889,"g":0,"co":3,"mo":3,"sa":1,"ic":1},"geometry":{"type":"Polygon","coordinates":[[[-0.26402,52.78951],[-0.26411,52.78745],[-0.26217,52.78707],[-0.26106,52.78365],[-0.26061,52.77964],[-0.26177,52.77731],[-0.26061,52.77137],[-0.26156,52.77],[-0.26269,52.7691],[-0.26588,52.76781],[-0.2867,52.75611],[-0.28936,52.75389],[-0.30451,52.74603],[-0.30511,52.74654],[-0.30996,52.74745],[-0.34916,52.75328],[-0.35303,52.75757],[-0.35648,52.75976],[-0.35536,52.76308],[-0.35851,52.76405],[-0.35893,52.76443],[-0.35853,52.76578],[-0.34898,52.76688],[-0.3453,52.7665],[-0.3448,52.76745],[-0.3428,52.76887],[-0.34063,52.77214],[-0.34134,52.77222],[-0.34124,52.77241],[-0.33453,52.77966],[-0.33017,52.78633],[-0.33127,52.78637],[-0.33258,52.78585],[-0.34191,52.78559],[-0.34485,52.78591],[-0.34769,52.78562],[-0.34726,52.78148],[-0.34342,52.77907],[-0.34466,52.77789],[-0.35222,52.77493],[-0.35521,52.77472],[-0.35586,52.77115],[-0.35784,52.77087],[-0.36004,52.76971],[-0.36074,52.77046],[-0.36291,52.7713],[-0.36282,52.77201],[-0.36558,52.77304],[-0.36672,52.77203],[-0.36767,52.77214],[-0.36764,52.77304],[-0.36904,52.77308],[-0.37036,52.77408],[-0.37034,52.77489],[-0.37249,52.77493],[-0.37252,52.77516],[-0.3716,52.77589],[-0.3724,52.77602],[-0.37193,52.77694],[-0.36799,52.77705],[-0.36983,52.7782],[-0.37202,52.7783],[-0.37204,52.77783],[-0.37268,52.77811],[-0.37303,52.77782],[-0.37403,52.77806],[-0.37471,52.77728],[-0.37617,52.77729],[-0.37729,52.78408],[-0.37628,52.78901],[-0.37619,52.79404],[-0.35951,52.794],[-0.3569,52.79341],[-0.34568,52.79228],[-0.29609,52.78979],[-0.27733,52.78964],[-0.27111,52.79229],[-0.27047,52.79308],[-0.27053,52.7942],[-0.2668,52.79651],[-0.26604,52.79284],[-0.26485,52.79026],[-0.26402,52.78951]]]}},{"type":"Feature","properties":{"id":"E01026297","name":"E01026297","parent":"E07000141","type":"LSOA","pop":1513,"r":9,"ff":8,"ffd":528.8,"ffs":0.8889,"g":0,"co":3,"mo":3,"sa":1,"ic":1},"geometry":{"type":"Polygon","coordinates":[[[-0.36983,52.7782],[-0.36799,52.77705],[-0.37193,52.77694],[-0.3724,52.77602],[-0.3716,52.77589],[-0.37252,52.77516],[-0.37249,52.77493],[-0.37034,52.77489],[-0.37036,52.77408],[-0.36904,52.77308],[-0.36764,52.77304],[-0.36767,52.77214],[-0.36672,52.77203],[-0.36747,52.76965],[-0.36835,52.76953],[-0.36848,52.76908],[-0.37269,52.76895],[-0.373,52.76942],[-0.37199,52.77086],[-0.37497,52.77115],[-0.37582,52.77176],[-0.37665,52.77182],[-0.37651,52.77487],[-0.37617,52.77729],[-0.37471,52.77728],[-0.37403,52.77806],[-0.37303,52.77782],[-0.37268,52.77811],[-0.37204,52.77783],[-0.37202,52.7783],[-0.36983,52.7782]]]}},{"type":"Feature","properties":{"id":"E01026298","name":"E01026298","parent":"E07000141","type":"LSOA","pop":2315,"r":13,"ff":11,"ffd":475.2,"ffs":0.8462,"g":0,"co":3,"mo":3,"sa":1,"ic":1},"geometry":{"type":"Polygon","coordinates":[[[-0.33017,52.78633],[-0.33453,52.77966],[-0.34124,52.77241],[-0.34134,52.77222],[-0.34063,52.77214],[-0.3428,52.76887],[-0.3448,52.76745],[-0.3453,52.7665],[-0.34898,52.76688],[-0.35853,52.76578],[-0.35893,52.76443],[-0.36229,52.76251],[-0.36239,52.76474],[-0.36389,52.76463],[-0.36547,52.76523],[-0.36686,52.76517],[-0.36703,52.76482],[-0.36776,52.76494],[-0.36796,52.76459],[-0.36927,52.76461],[-0.36979,52.76534],[-0.37227,52.76536],[-0.37164,52.76462],[-0.37182,52.76371],[-0.3726,52.76369],[-0.37294,52.76493],[-0.37391,52.76489],[-0.37661,52.766],[-0.37726,52.76839],[-0.37665,52.77182],[-0.37582,52.77176],[-0.37497,52.77115],[-0.37199,52.77086],[-0.373,52.76942],[-0.37269,52.76895],[-0.36848,52.76908],[-0.36835,52.76953],[-0.36747,52.76965],[-0.36672,52.77203],[-0.36558,52.77304],[-0.36282,52.77201],[-0.36291,52.7713],[-0.36074,52.77046],[-0.36004,52.76971],[-0.35784,52.77087],[-0.35586,52.77115],[-0.35521,52.77472],[-0.35222,52.77493],[-0.34466,52.77789],[-0.34342,52.77907],[-0.34726,52.78148],[-0.34769,52.78562],[-0.34485,52.78591],[-0.34191,52.78559],[-0.33258,52.78585],[-0.33127,52.78637],[-0.33017,52.78633]]]}},{"type":"Feature","properties":{"id":"E01026299","name":"E01026299","parent":"E07000141","type":"LSOA","pop":1669,"r":10,"ff":8,"ffd":479.3,"ffs":0.8,"g":0,"co":3,"mo":3,"sa":1,"ic":1},"geometry":{"type":"Polygon","coordinates":[[[-0.38316,52.77429],[-0.38349,52.7733],[-0.38082,52.77358],[-0.37939,52.7728],[-0.37753,52.7726],[-0.37716,52.77213],[-0.37776,52.77176],[-0.37748,52.77123],[-0.37685,52.77119],[-0.37699,52.76985],[-0.37807,52.76969],[-0.37861,52.76864],[-0.38125,52.76826],[-0.38098,52.76749],[-0.38038,52.76759],[-0.37953,52.76685],[-0.38042,52.76527],[-0.38209,52.76571],[-0.38243,52.76713],[-0.38161,52.76742],[-0.38172,52.76787],[-0.38252,52.76785],[-0.38331,52.7673],[-0.38347,52.76778],[-0.38424,52.76793],[-0.38315,52.76826],[-0.38367,52.76846],[-0.38338,52.76877],[-0.38371,52.76938],[-0.38344,52.77004],[-0.38397,52.7701],[-0.38535,52.769],[-0.38644,52.76871],[-0.38726,52.76901],[-0.38852,52.76885],[-0.38769,52.76942],[-0.38743,52.77249],[-0.38663,52.77236],[-0.38547,52.77308],[-0.38595,52.77422],[-0.38316,52.77429]]]}},{"type":"Feature","properties":{"id":"E01026300","name":"E01026300","parent":"E07000141","type":"LSOA","pop":1392,"r":10,"ff":9,"ffd":646.6,"ffs":0.9,"g":0,"co":3,"mo":3,"sa":1,"ic":1},"geometry":{"type":"Polygon","coordinates":[[[-0.3938,52.79379],[-0.39103,52.79367],[-0.38233,52.79436],[-0.37896,52.79437],[-0.37619,52.79404],[-0.37628,52.78901],[-0.37729,52.78408],[-0.37644,52.77924],[-0.38397,52.77907],[-0.38447,52.77801],[-0.38383,52.77768],[-0.38164,52.77781],[-0.38157,52.77811],[-0.38071,52.77823],[-0.3802,52.77803],[-0.38054,52.77743],[-0.38006,52.77715],[-0.38055,52.7768],[-0.38001,52.77679],[-0.37999,52.77612],[-0.38048,52.7761],[-0.38058,52.7764],[-0.3816,52.77621],[-0.38092,52.77493],[-0.38227,52.77489],[-0.38256,52.77445],[-0.38179,52.77395],[-0.38104,52.77395],[-0.38082,52.77358],[-0.38349,52.7733],[-0.38316,52.77429],[-0.38595,52.77422],[-0.38547,52.77308],[-0.38663,52.77236],[-0.38743,52.77249],[-0.3877,52.77302],[-0.38706,52.77331],[-0.38785,52.77396],[-0.38981,52.77285],[-0.38891,52.77239],[-0.38929,52.77236],[-0.39029,52.76994],[-0.39142,52.76963],[-0.39109,52.76786],[-0.39158,52.76783],[-0.39168,52.76821],[-0.3927,52.76824],[-0.39265,52.7678],[-0.39321,52.76781],[-0.39275,52.76644],[-0.39448,52.76613],[-0.39559,52.76722],[-0.39753,52.7679],[-0.39893,52.76891],[-0.39913,52.76876],[-0.40111,52.77129],[-0.4071,52.7677],[-0.40797,52.76933],[-0.40761,52.77206],[-0.40707,52.77294],[-0.40681,52.77792],[-0.40519,52.78029],[-0.40429,52.78092],[-0.40412,52.78161],[-0.40446,52.78318],[-0.40659,52.7861],[-0.40642,52.788],[-0.40774,52.78984],[-0.40827,52.79142],[-0.40302,52.79256],[-0.39946,52.79295],[-0.39471,52.79481],[-0.3938,52.79379]]]}},{"type":"Feature","properties":{"id":"E01026302","name":"E01026302","parent":"E07000141","type":"LSOA","pop":1057,"r":9,"ff":8,"ffd":756.9,"ffs":0.8889,"g":0,"co":3,"mo":3,"sa":1,"ic":1},"geometry":{"type":"Polygon","coordinates":[[[-0.37644,52.77924],[-0.37617,52.77729],[-0.37651,52.77487],[-0.37665,52.77182],[-0.37685,52.77119],[-0.37748,52.77123],[-0.37776,52.77176],[-0.37716,52.77213],[-0.37753,52.7726],[-0.37939,52.7728],[-0.38082,52.77358],[-0.38104,52.77395],[-0.38179,52.77395],[-0.38256,52.77445],[-0.38227,52.77489],[-0.38092,52.77493],[-0.3816,52.77621],[-0.38058,52.7764],[-0.38048,52.7761],[-0.37999,52.77612],[-0.38001,52.77679],[-0.38055,52.7768],[-0.38006,52.77715],[-0.38054,52.77743],[-0.3802,52.77803],[-0.38071,52.77823],[-0.38157,52.77811],[-0.38164,52.77781],[-0.38383,52.77768],[-0.38447,52.77801],[-0.38397,52.77907],[-0.37644,52.77924]]]}},{"type":"Feature","properties":{"id":"E01026303","name":"E01026303","parent":"E07000141","type":"LSOA","pop":1260,"r":108,"ff":39,"ffd":3095.2,"ffs":0.5735,"g":39,"co":2,"mo":2,"sa":2,"ic":2},"geometry":{"type":"Polygon","coordinates":[[[-0.30486,52.68053],[-0.30383,52.68019],[-0.30343,52.68033],[-0.30324,52.68007],[-0.30277,52.68018],[-0.302,52.67921],[-0.30159,52.67936],[-0.30172,52.67974],[-0.30071,52.67998],[-0.29779,52.67569],[-0.29926,52.67559],[-0.29955,52.67594],[-0.30267,52.67507],[-0.30313,52.6752],[-0.30318,52.67564],[-0.30382,52.67562],[-0.30388,52.67594],[-0.30454,52.67573],[-0.30585,52.67607],[-0.30629,52.677],[-0.30714,52.67744],[-0.30789,52.67725],[-0.3081,52.67755],[-0.30765,52.67769],[-0.30786,52.67797],[-0.30672,52.67841],[-0.30648,52.67812],[-0.30558,52.6783],[-0.30572,52.67974],[-0.30527,52.67996],[-0.30494,52.68053],[-0.30534,52.6809],[-0.3045,52.6811],[-0.30486,52.68053]]]}},{"type":"Feature","properties":{"id":"E01026304","name":"E01026304","parent":"E07000141","type":"LSOA","pop":1480,"r":115,"ff":43,"ffd":2905.4,"ffs":0.5811,"g":40,"co":2,"mo":2,"sa":2,"ic":2},"geometry":{"type":"Polygon","coordinates":[[[-0.26875,52.69556],[-0.2586,52.68961],[-0.24809,52.69326],[-0.22321,52.66676],[-0.21991,52.66773],[-0.21561,52.66788],[-0.21426,52.66823],[-0.2125,52.66668],[-0.21817,52.66706],[-0.2245,52.66546],[-0.23007,52.66365],[-0.23835,52.66021],[-0.23885,52.66052],[-0.25462,52.65406],[-0.2569,52.65298],[-0.2575,52.65222],[-0.25866,52.65165],[-0.25893,52.65193],[-0.26024,52.65144],[-0.26124,52.65148],[-0.26358,52.65251],[-0.26379,52.6539],[-0.2662,52.6547],[-0.26748,52.65585],[-0.26896,52.65635],[-0.27,52.65729],[-0.26974,52.65759],[-0.27026,52.65938],[-0.27098,52.65964],[-0.27298,52.65946],[-0.27397,52.65998],[-0.27602,52.66187],[-0.27621,52.66265],[-0.27796,52.66351],[-0.27904,52.6649],[-0.27881,52.66583],[-0.28151,52.66685],[-0.28685,52.66803],[-0.2891,52.67021],[-0.28826,52.67101],[-0.28638,52.67102],[-0.28469,52.67196],[-0.28309,52.67108],[-0.28183,52.67318],[-0.2854,52.6739],[-0.28652,52.67499],[-0.28833,52.67449],[-0.28814,52.67429],[-0.28923,52.67456],[-0.28955,52.67597],[-0.29047,52.67675],[-0.28959,52.67702],[-0.28995,52.67723],[-0.28386,52.67899],[-0.28563,52.68103],[-0.28737,52.68425],[-0.29326,52.68236],[-0.29438,52.68057],[-0.29758,52.67964],[-0.30024,52.67931],[-0.30122,52.68095],[-0.30185,52.68776],[-0.29225,52.688],[-0.27045,52.69132],[-0.26875,52.69556]]]}},{"type":"Feature","properties":{"id":"E01026305","name":"E01026305","parent":"E07000141","type":"LSOA","pop":1634,"r":103,"ff":36,"ffd":2203.2,"ffs":0.5625,"g":38,"co":2,"mo":2,"sa":2,"ic":2},"geometry":{"type":"Polygon","coordinates":[[[-0.30147,52.68364],[-0.30122,52.68095],[-0.30071,52.67998],[-0.30172,52.67974],[-0.30159,52.67936],[-0.302,52.67921],[-0.30277,52.68018],[-0.30324,52.68007],[-0.30343,52.68033],[-0.30383,52.68019],[-0.30486,52.68053],[-0.3045,52.6811],[-0.30534,52.6809],[-0.30494,52.68053],[-0.30527,52.67996],[-0.30572,52.67974],[-0.30558,52.6783],[-0.30648,52.67812],[-0.30672,52.67841],[-0.30786,52.67797],[-0.30765,52.67769],[-0.3081,52.67755],[-0.30789,52.67725],[-0.30714,52.67744],[-0.30629,52.677],[-0.30585,52.67607],[-0.30609,52.67543],[-0.30703,52.67486],[-0.30864,52.67451],[-0.30804,52.6751],[-0.3084,52.67598],[-0.30781,52.68145],[-0.30912,52.68117],[-0.3133,52.68572],[-0.31062,52.68707],[-0.3071,52.68776],[-0.30185,52.68776],[-0.30147,52.68364]]]}},{"type":"Feature","properties":{"id":"E01026306","name":"E01026306","parent":"E07000141","type":"LSOA","pop":1963,"r":114,"ff":42,"ffd":2139.6,"ffs":0.5753,"g":40,"co":2,"mo":2,"sa":2,"ic":2},"geometry":{"type":"Polygon","coordinates":[[[-0.28955,52.67597],[-0.28923,52.67456],[-0.28814,52.67429],[-0.28833,52.67449],[-0.28652,52.67499],[-0.2854,52.6739],[-0.28183,52.67318],[-0.28309,52.67108],[-0.28469,52.67196],[-0.28638,52.67102],[-0.28826,52.67101],[-0.29032,52.67171],[-0.28998,52.67218],[-0.28906,52.67228],[-0.28931,52.67329],[-0.29286,52.67258],[-0.29319,52.67309],[-0.29412,52.67231],[-0.29614,52.67187],[-0.29607,52.67146],[-0.29716,52.6716],[-0.29729,52.672],[-0.29873,52.67283],[-0.30007,52.67225],[-0.30173,52.67233],[-0.30268,52.67188],[-0.30303,52.67245],[-0.30361,52.67253],[-0.30328,52.6729],[-0.30386,52.67367],[-0.30349,52.67345],[-0.30075,52.67368],[-0.3002,52.67448],[-0.30056,52.67479],[-0.29945,52.67511],[-0.29884,52.67479],[-0.29873,52.6753],[-0.29777,52.67555],[-0.30024,52.67931],[-0.29758,52.67964],[-0.29438,52.68057],[-0.29326,52.68236],[-0.28737,52.68425],[-0.28563,52.68103],[-0.28386,52.67899],[-0.28995,52.67723],[-0.28959,52.67702],[-0.29047,52.67675],[-0.28955,52.67597]]]}},{"type":"Feature","properties":{"id":"E01026307","name":"E01026307","parent":"E07000141","type":"LSOA","pop":1307,"r":122,"ff":44,"ffd":3366.5,"ffs":0.557,"g":42,"co":2,"mo":2,"sa":2,"ic":0},"geometry":{"type":"Polygon","coordinates":[[[-0.30585,52.67607],[-0.30454,52.67573],[-0.30388,52.67594],[-0.30382,52.67562],[-0.30318,52.67564],[-0.30313,52.6752],[-0.30267,52.67507],[-0.29955,52.67594],[-0.29926,52.67559],[-0.29779,52.67569],[-0.29777,52.67555],[-0.29873,52.6753],[-0.29884,52.67479],[-0.29945,52.67511],[-0.30056,52.67479],[-0.3002,52.67448],[-0.30075,52.67368],[-0.30349,52.67345],[-0.30386,52.67367],[-0.30328,52.6729],[-0.30361,52.67253],[-0.30303,52.67245],[-0.30268,52.67188],[-0.30173,52.67233],[-0.30007,52.67225],[-0.29873,52.67283],[-0.29729,52.672],[-0.29716,52.6716],[-0.29607,52.67146],[-0.29614,52.67187],[-0.29412,52.67231],[-0.29319,52.67309],[-0.29286,52.67258],[-0.28931,52.67329],[-0.28906,52.67228],[-0.28998,52.67218],[-0.29032,52.67171],[-0.28826,52.67101],[-0.2891,52.67021],[-0.29149,52.67041],[-0.29425,52.66931],[-0.29815,52.67075],[-0.30997,52.67348],[-0.30864,52.67451],[-0.30703,52.67486],[-0.30609,52.67543],[-0.30585,52.67607]]]}},{"type":"Feature","properties":{"id":"E01026308","name":"E01026308","parent":"E07000141","type":"LSOA","pop":1667,"r":70,"ff":30,"ffd":1799.6,"ffs":0.566,"g":16,"co":0,"mo":0,"sa":0,"ic":0},"geometry":{"type":"Polygon","coordinates":[[[-0.67579,52.90977],[-0.67392,52.90734],[-0.66928,52.9077],[-0.66936,52.90941],[-0.66884,52.90947],[-0.6666,52.9081],[-0.66659,52.90779],[-0.66347,52.90806],[-0.66295,52.9071],[-0.66337,52.90657],[-0.66432,52.90648],[-0.66429,52.90587],[-0.66405,52.90517],[-0.66244,52.90538],[-0.66231,52.90269],[-0.65847,52.90214],[-0.65696,52.90207],[-0.65677,52.9026],[-0.65475,52.90232],[-0.65598,52.90096],[-0.65813,52.90005],[-0.6615,52.89921],[-0.66107,52.89904],[-0.66149,52.89863],[-0.66598,52.89804],[-0.66971,52.89612],[-0.67079,52.89607],[-0.67174,52.89661],[-0.67494,52.89923],[-0.67692,52.90036],[-0.67609,52.90215],[-0.67723,52.90248],[-0.67767,52.90583],[-0.6765,52.90581],[-0.67622,52.90977],[-0.67579,52.90977]]]}},{"type":"Feature","properties":{"id":"E01026309","name":"E01026309","parent":"E07000141","type":"LSOA","pop":1654,"r":70,"ff":30,"ffd":1813.8,"ffs":0.566,"g":16,"co":0,"mo":0,"sa":0,"ic":0},"geometry":{"type":"Polygon","coordinates":[[[-0.65692,52.91295],[-0.6541,52.91241],[-0.64962,52.91272],[-0.6505,52.91091],[-0.65372,52.91082],[-0.65395,52.91143],[-0.65535,52.91117],[-0.65617,52.91158],[-0.65605,52.91086],[-0.65662,52.911],[-0.6586,52.91041],[-0.65898,52.9111],[-0.65961,52.91117],[-0.65957,52.91029],[-0.66054,52.9103],[-0.66109,52.90983],[-0.65799,52.91021],[-0.65791,52.90994],[-0.65867,52.90959],[-0.65826,52.90874],[-0.65772,52.90875],[-0.6577,52.90848],[-0.65937,52.90841],[-0.65954,52.90797],[-0.65929,52.90698],[-0.65835,52.90687],[-0.65835,52.90655],[-0.65966,52.90663],[-0.65993,52.90701],[-0.6611,52.90735],[-0.66295,52.9071],[-0.66347,52.90806],[-0.66659,52.90779],[-0.6666,52.9081],[-0.66884,52.90947],[-0.66936,52.90941],[-0.66974,52.90975],[-0.66331,52.90978],[-0.66335,52.91005],[-0.66455,52.91024],[-0.66502,52.91063],[-0.66443,52.91103],[-0.66481,52.91207],[-0.66301,52.91197],[-0.65854,52.91295],[-0.65692,52.91295]]]}},{"type":"Feature","properties":{"id":"E01026310","name":"E01026310","parent":"E07000141","type":"LSOA","pop":1143,"r":68,"ff":30,"ffd":2624.7,"ffs":0.5882,"g":16,"co":0,"mo":0,"sa":0,"ic":0},"geometry":{"type":"Polygon","coordinates":[[[-0.66481,52.91207],[-0.66443,52.91103],[-0.66502,52.91063],[-0.66455,52.91024],[-0.66335,52.91005],[-0.66331,52.90978],[-0.66974,52.90975],[-0.66936,52.90941],[-0.66928,52.9077],[-0.67392,52.90734],[-0.67579,52.90977],[-0.67622,52.90977],[-0.67616,52.91027],[-0.67118,52.91025],[-0.67123,52.91207],[-0.66893,52.91183],[-0.66481,52.91207]]]}},{"type":"Feature","properties":{"id":"E01026311","name":"E01026311","parent":"E07000141","type":"LSOA","pop":1617,"r":70,"ff":30,"ffd":1855.3,"ffs":0.566,"g":16,"co":0,"mo":0,"sa":0,"ic":0},"geometry":{"type":"Polygon","coordinates":[[[-0.65617,52.91158],[-0.65535,52.91117],[-0.65395,52.91143],[-0.65372,52.91082],[-0.65468,52.91072],[-0.65406,52.90704],[-0.6551,52.9041],[-0.65796,52.90337],[-0.65863,52.90355],[-0.65896,52.90431],[-0.65839,52.90516],[-0.65889,52.90604],[-0.65833,52.90656],[-0.65835,52.90687],[-0.65929,52.90698],[-0.65954,52.90797],[-0.65937,52.90841],[-0.6577,52.90848],[-0.65772,52.90875],[-0.65826,52.90874],[-0.65867,52.90959],[-0.65791,52.90994],[-0.65799,52.91021],[-0.66109,52.90983],[-0.66054,52.9103],[-0.65957,52.91029],[-0.65961,52.91117],[-0.65898,52.9111],[-0.6586,52.91041],[-0.65662,52.911],[-0.65605,52.91086],[-0.65617,52.91158]]]}},{"type":"Feature","properties":{"id":"E01026312","name":"E01026312","parent":"E07000141","type":"LSOA","pop":1274,"r":70,"ff":30,"ffd":2354.8,"ffs":0.566,"g":16,"co":0,"mo":0,"sa":0,"ic":0},"geometry":{"type":"Polygon","coordinates":[[[-0.65889,52.90604],[-0.65839,52.90516],[-0.65896,52.90431],[-0.65863,52.90355],[-0.65796,52.90337],[-0.6551,52.9041],[-0.65475,52.90232],[-0.65677,52.9026],[-0.65696,52.90207],[-0.65847,52.90214],[-0.66231,52.90269],[-0.66244,52.90538],[-0.66405,52.90517],[-0.66432,52.90648],[-0.66337,52.90657],[-0.66295,52.9071],[-0.6611,52.90735],[-0.65993,52.90701],[-0.65966,52.90663],[-0.65835,52.90655],[-0.65889,52.90604]]]}},{"type":"Feature","properties":{"id":"E01026313","name":"E01026313","parent":"E07000141","type":"LSOA","pop":1485,"r":24,"ff":17,"ffd":1144.8,"ffs":0.7083,"g":0,"co":3,"mo":3,"sa":3,"ic":1},"geometry":{"type":"Polygon","coordinates":[[[-0.53165,52.99267],[-0.53875,52.99211],[-0.54035,52.99153],[-0.53703,52.98816],[-0.53823,52.98764],[-0.54504,52.98755],[-0.54505,52.98671],[-0.54612,52.98551],[-0.54319,52.98359],[-0.54142,52.98135],[-0.54374,52.97839],[-0.54425,52.97679],[-0.53708,52.97639],[-0.53149,52.97685],[-0.52938,52.97622],[-0.53106,52.97575],[-0.52846,52.97121],[-0.52617,52.96939],[-0.54039,52.96733],[-0.54316,52.97174],[-0.56577,52.93641],[-0.57716,52.93751],[-0.58555,52.93733],[-0.58717,52.93696],[-0.59007,52.93683],[-0.59002,52.93743],[-0.60867,52.93981],[-0.60972,52.94046],[-0.6112,52.94073],[-0.61372,52.9411],[-0.61399,52.94088],[-0.61483,52.94097],[-0.62228,52.94221],[-0.62306,52.94119],[-0.62291,52.94026],[-0.62346,52.9397],[-0.62319,52.93905],[-0.62361,52.93786],[-0.62574,52.9374],[-0.62595,52.93658],[-0.62708,52.93612],[-0.62689,52.93564],[-0.62633,52.93573],[-0.62605,52.93535],[-0.62645,52.93473],[-0.62708,52.93456],[-0.6274,52.93336],[-0.62706,52.93257],[-0.62765,52.93193],[-0.6274,52.93096],[-0.62839,52.93038],[-0.62773,52.93007],[-0.62786,52.92955],[-0.62967,52.92935],[-0.63045,52.92846],[-0.63046,52.92778],[-0.62956,52.9267],[-0.63001,52.92618],[-0.63435,52.92667],[-0.63343,52.92733],[-0.64041,52.92942],[-0.63765,52.93083],[-0.64333,52.93273],[-0.64516,52.93405],[-0.64402,52.93554],[-0.64313,52.9393],[-0.63938,52.94879],[-0.64442,52.95021],[-0.64852,52.95082],[-0.64827,52.95123],[-0.65477,52.95263],[-0.65775,52.95372],[-0.65263,52.95802],[-0.65483,52.95895],[-0.65234,52.96085],[-0.65304,52.96127],[-0.65197,52.96199],[-0.65247,52.96258],[-0.65164,52.9637],[-0.65101,52.96382],[-0.64981,52.96757],[-0.64988,52.96816],[-0.64825,52.96989],[-0.64813,52.97092],[-0.64718,52.97099],[-0.64658,52.97137],[-0.64548,52.97447],[-0.64212,52.97474],[-0.64238,52.97537],[-0.63918,52.97605],[-0.63764,52.97585],[-0.6382,52.97606],[-0.63775,52.97649],[-0.63661,52.97628],[-0.63561,52.97698],[-0.63519,52.97685],[-0.6359,52.97855],[-0.63542,52.98035],[-0.63624,52.98465],[-0.63575,52.9858],[-0.63086,52.98544],[-0.61869,52.98059],[-0.60797,52.97581],[-0.60762,52.97499],[-0.59733,52.97145],[-0.59132,52.969],[-0.59035,52.96851],[-0.59058,52.96828],[-0.58846,52.96745],[-0.58078,52.96608],[-0.57691,52.9657],[-0.57458,52.9712],[-0.57205,52.97551],[-0.57124,52.97831],[-0.57173,52.98348],[-0.57295,52.98755],[-0.57046,52.99311],[-0.56999,52.99308],[-0.56959,52.99384],[-0.5695,52.99414],[-0.56995,52.99426],[-0.56851,52.99503],[-0.56966,52.9957],[-0.56912,52.99585],[-0.56707,52.99965],[-0.56808,53.00399],[-0.56065,53.00558],[-0.55604,53.00697],[-0.54401,53.00861],[-0.53586,53.01036],[-0.52892,53.01066],[-0.53165,52.99267]]]}},{"type":"Feature","properties":{"id":"E01026314","name":"E01026314","parent":"E07000141","type":"LSOA","pop":1385,"r":16,"ff":12,"ffd":866.4,"ffs":0.75,"g":0,"co":3,"mo":3,"sa":3,"ic":1},"geometry":{"type":"Polygon","coordinates":[[[-0.52675,52.97695],[-0.52938,52.97622],[-0.53149,52.97685],[-0.53708,52.97639],[-0.54425,52.97679],[-0.54374,52.97839],[-0.54142,52.98135],[-0.54319,52.98359],[-0.54612,52.98551],[-0.54505,52.98671],[-0.54504,52.98755],[-0.53823,52.98764],[-0.53703,52.98816],[-0.54035,52.99153],[-0.53875,52.99211],[-0.53165,52.99267],[-0.53194,52.98982],[-0.52609,52.98965],[-0.52353,52.98818],[-0.52677,52.98644],[-0.52557,52.98531],[-0.5283,52.9837],[-0.52606,52.98212],[-0.52684,52.98083],[-0.52675,52.97695]]]}},{"type":"Feature","properties":{"id":"E01026315","name":"E01026315","parent":"E07000141","type":"LSOA","pop":2207,"r":66,"ff":30,"ffd":1359.3,"ffs":0.6122,"g":16,"co":2,"mo":2,"sa":0,"ic":0},"geometry":{"type":"Polygon","coordinates":[[[-0.74291,52.92368],[-0.74165,52.92365],[-0.74136,52.92392],[-0.74026,52.92376],[-0.73948,52.92337],[-0.74041,52.91766],[-0.73637,52.90614],[-0.73202,52.90562],[-0.7292,52.90385],[-0.7295,52.90425],[-0.72654,52.90347],[-0.7252,52.90349],[-0.72286,52.90416],[-0.71723,52.90397],[-0.71624,52.9031],[-0.71711,52.90121],[-0.71692,52.9006],[-0.71496,52.90134],[-0.7149,52.9022],[-0.71441,52.90227],[-0.71453,52.90274],[-0.7139,52.9035],[-0.71406,52.90427],[-0.70903,52.90454],[-0.69999,52.90732],[-0.69662,52.90818],[-0.69431,52.90835],[-0.69053,52.90742],[-0.68274,52.90393],[-0.67494,52.89923],[-0.67174,52.89661],[-0.67079,52.89607],[-0.66971,52.89612],[-0.66409,52.89465],[-0.6621,52.89212],[-0.65903,52.88962],[-0.65798,52.88988],[-0.65657,52.88807],[-0.653,52.88531],[-0.64863,52.88344],[-0.64387,52.88519],[-0.64099,52.88696],[-0.63883,52.88751],[-0.63284,52.88803],[-0.63292,52.88843],[-0.6279,52.88949],[-0.62336,52.89082],[-0.62103,52.89058],[-0.62161,52.88936],[-0.62065,52.88916],[-0.60856,52.88839],[-0.60763,52.88819],[-0.60762,52.88782],[-0.60517,52.88759],[-0.60509,52.88832],[-0.6011,52.88842],[-0.59636,52.88916],[-0.59512,52.889],[-0.59048,52.88726],[-0.58586,52.88394],[-0.58381,52.88199],[-0.58367,52.88122],[-0.58315,52.88113],[-0.58322,52.87878],[-0.58453,52.87882],[-0.58464,52.87532],[-0.58557,52.87351],[-0.58889,52.87231],[-0.58878,52.87068],[-0.58638,52.86512],[-0.58628,52.86364],[-0.58506,52.86226],[-0.59037,52.86143],[-0.59023,52.85957],[-0.59035,52.85859],[-0.5908,52.8585],[-0.59108,52.85521],[-0.5901,52.85173],[-0.59236,52.84964],[-0.59957,52.85079],[-0.60278,52.85102],[-0.60648,52.85224],[-0.61084,52.85187],[-0.61529,52.85271],[-0.61844,52.85293],[-0.61914,52.85199],[-0.62322,52.85206],[-0.62743,52.85167],[-0.62789,52.85173],[-0.62867,52.85291],[-0.62863,52.85241],[-0.62915,52.85206],[-0.63176,52.85144],[-0.63763,52.85144],[-0.6376,52.85174],[-0.6421,52.85182],[-0.64512,52.85223],[-0.64544,52.8512],[-0.645,52.85113],[-0.64512,52.85078],[-0.64643,52.85073],[-0.65745,52.85237],[-0.6771,52.85236],[-0.67756,52.85432],[-0.67864,52.85396],[-0.68034,52.85088],[-0.67855,52.85086],[-0.67721,52.85028],[-0.67624,52.84943],[-0.67576,52.84821],[-0.67898,52.84609],[-0.6795,52.84581],[-0.68129,52.84616],[-0.68595,52.84452],[-0.68665,52.84215],[-0.68983,52.84186],[-0.69266,52.84216],[-0.69381,52.84159],[-0.69343,52.84148],[-0.6947,52.83944],[-0.69729,52.84014],[-0.69703,52.84056],[-0.69882,52.84079],[-0.70015,52.83885],[-0.70092,52.83938],[-0.70583,52.83805],[-0.7069,52.84106],[-0.7088,52.84433],[-0.7134,52.84906],[-0.71921,52.85441],[-0.72184,52.856],[-0.72451,52.85873],[-0.72883,52.86193],[-0.7316,52.86456],[-0.73595,52.86975],[-0.73637,52.87116],[-0.73611,52.87297],[-0.73917,52.87695],[-0.74042,52.88004],[-0.74272,52.88316],[-0.74553,52.88279],[-0.74773,52.88297],[-0.75008,52.88395],[-0.75716,52.88598],[-0.75776,52.88428],[-0.75945,52.88461],[-0.76034,52.8852],[-0.76166,52.88456],[-0.76659,52.8868],[-0.76675,52.8875],[-0.76621,52.88843],[-0.76394,52.89086],[-0.76357,52.89199],[-0.76432,52.89248],[-0.76399,52.89365],[-0.76249,52.89446],[-0.76254,52.89512],[-0.76158,52.89572],[-0.75983,52.89873],[-0.75868,52.89949],[-0.75847,52.90049],[-0.75911,52.90072],[-0.76171,52.90049],[-0.76177,52.90133],[-0.7637,52.90108],[-0.76397,52.90314],[-0.76879,52.90195],[-0.77001,52.90372],[-0.7738,52.90254],[-0.77686,52.90481],[-0.77543,52.90576],[-0.77454,52.90734],[-0.77302,52.90904],[-0.77198,52.91251],[-0.76888,52.91628],[-0.7695,52.91712],[-0.76871,52.91743],[-0.76944,52.91961],[-0.76847,52.9199],[-0.76844,52.92062],[-0.76674,52.92149],[-0.76748,52.92246],[-0.76658,52.92295],[-0.7631,52.92369],[-0.75878,52.92329],[-0.75095,52.92434],[-0.74689,52.92453],[-0.74647,52.92413],[-0.74291,52.92368]]]}},{"type":"Feature","properties":{"id":"E01026316","name":"E01026316","parent":"E07000141","type":"LSOA","pop":2559,"r":17,"ff":15,"ffd":586.2,"ffs":0.8824,"g":0,"co":3,"mo":3,"sa":3,"ic":3},"geometry":{"type":"Polygon","coordinates":[[[-0.55984,52.88243],[-0.55611,52.88132],[-0.55173,52.88129],[-0.55001,52.88071],[-0.54975,52.88122],[-0.5471,52.88125],[-0.54535,52.88168],[-0.54341,52.87817],[-0.54243,52.87809],[-0.53977,52.8729],[-0.53808,52.87008],[-0.53329,52.86536],[-0.53248,52.86212],[-0.53051,52.86005],[-0.53084,52.85825],[-0.53019,52.85718],[-0.53041,52.85655],[-0.52943,52.85541],[-0.52972,52.85374],[-0.52927,52.85152],[-0.52663,52.84816],[-0.52511,52.84688],[-0.52413,52.8469],[-0.5192,52.83934],[-0.5182,52.83597],[-0.51269,52.836],[-0.50992,52.83559],[-0.50759,52.8359],[-0.50677,52.83631],[-0.49999,52.8372],[-0.49654,52.83808],[-0.49286,52.83695],[-0.48866,52.83732],[-0.48489,52.83703],[-0.47689,52.83476],[-0.47552,52.83399],[-0.47471,52.83407],[-0.47379,52.83338],[-0.47235,52.83291],[-0.46949,52.83402],[-0.46673,52.83614],[-0.46624,52.83827],[-0.46555,52.83862],[-0.46576,52.83945],[-0.46452,52.8397],[-0.45906,52.83976],[-0.4564,52.84025],[-0.45149,52.84268],[-0.4442,52.84438],[-0.44266,52.84449],[-0.44222,52.84276],[-0.44143,52.84377],[-0.44114,52.84365],[-0.4422,52.84193],[-0.44126,52.84068],[-0.43966,52.84018],[-0.4358,52.84136],[-0.4347,52.84107],[-0.43307,52.84027],[-0.43217,52.83741],[-0.43215,52.83617],[-0.43134,52.83586],[-0.4315,52.83168],[-0.43113,52.83009],[-0.42339,52.82346],[-0.42606,52.82273],[-0.42844,52.8225],[-0.42833,52.82097],[-0.42736,52.82079],[-0.42602,52.81955],[-0.4249,52.8195],[-0.42543,52.81812],[-0.42551,52.81739],[-0.42392,52.81739],[-0.42238,52.81771],[-0.42247,52.81802],[-0.42158,52.81856],[-0.41893,52.81935],[-0.41306,52.81459],[-0.41603,52.81152],[-0.41701,52.80822],[-0.41739,52.80811],[-0.41631,52.80574],[-0.41481,52.80397],[-0.4143,52.80267],[-0.41585,52.802],[-0.41594,52.80097],[-0.41727,52.79936],[-0.41276,52.79564],[-0.41372,52.79251],[-0.40831,52.79165],[-0.40774,52.78984],[-0.40642,52.788],[-0.40659,52.7861],[-0.40446,52.78318],[-0.40412,52.78161],[-0.40429,52.78092],[-0.40519,52.78029],[-0.40681,52.77792],[-0.40707,52.77294],[-0.40761,52.77206],[-0.40797,52.76933],[-0.4071,52.7677],[-0.40556,52.7666],[-0.40727,52.76442],[-0.40729,52.76135],[-0.41589,52.75977],[-0.41878,52.75868],[-0.42291,52.75843],[-0.42941,52.75909],[-0.43488,52.75822],[-0.43944,52.75867],[-0.44313,52.75985],[-0.44265,52.76216],[-0.44537,52.7624],[-0.44619,52.761],[-0.44722,52.7611],[-0.44982,52.76286],[-0.45046,52.76159],[-0.45251,52.76118],[-0.45248,52.76096],[-0.45539,52.76114],[-0.45638,52.76084],[-0.45839,52.75907],[-0.45894,52.75811],[-0.4603,52.75733],[-0.46063,52.75604],[-0.46134,52.75597],[-0.46338,52.75449],[-0.46514,52.75178],[-0.46985,52.75288],[-0.47218,52.75301],[-0.47458,52.75237],[-0.47504,52.75254],[-0.47746,52.75183],[-0.47899,52.75259],[-0.48149,52.75187],[-0.48202,52.75207],[-0.48585,52.75172],[-0.48793,52.75349],[-0.48746,52.75397],[-0.49138,52.75578],[-0.4919,52.75563],[-0.49311,52.75658],[-0.4944,52.75895],[-0.49344,52.75896],[-0.49274,52.76129],[-0.49293,52.76387],[-0.49155,52.7641],[-0.48842,52.76582],[-0.48549,52.76679],[-0.48523,52.77115],[-0.48554,52.77205],[-0.48472,52.77312],[-0.4867,52.77569],[-0.4864,52.77898],[-0.49107,52.77929],[-0.4971,52.7803],[-0.50066,52.78183],[-0.50198,52.78278],[-0.50449,52.78184],[-0.50401,52.78319],[-0.50499,52.7844],[-0.50945,52.78497],[-0.50926,52.78447],[-0.51057,52.78431],[-0.51205,52.78479],[-0.51342,52.78465],[-0.51335,52.78438],[-0.51601,52.78411],[-0.52083,52.78273],[-0.52228,52.78271],[-0.52523,52.78363],[-0.52831,52.78371],[-0.53272,52.78533],[-0.53618,52.7862],[-0.53796,52.78625],[-0.5409,52.78574],[-0.54553,52.78617],[-0.55072,52.78471],[-0.55018,52.78422],[-0.55164,52.78366],[-0.55097,52.78239],[-0.55306,52.78247],[-0.55357,52.78373],[-0.55635,52.78334],[-0.5581,52.7836],[-0.55783,52.78297],[-0.559,52.78288],[-0.56249,52.78329],[-0.56245,52.78357],[-0.56296,52.78368],[-0.56249,52.78647],[-0.56366,52.78845],[-0.56554,52.7901],[-0.56714,52.79063],[-0.56755,52.79126],[-0.57491,52.79371],[-0.57568,52.79408],[-0.57588,52.79459],[-0.57666,52.79467],[-0.57773,52.79532],[-0.58066,52.79542],[-0.58273,52.79703],[-0.58339,52.80052],[-0.58229,52.80167],[-0.58237,52.80246],[-0.57638,52.80436],[-0.57808,52.8049],[-0.57938,52.80497],[-0.58101,52.80566],[-0.58359,52.80549],[-0.58527,52.80699],[-0.58639,52.80724],[-0.58724,52.80808],[-0.5873,52.81012],[-0.58567,52.81182],[-0.58634,52.81607],[-0.58632,52.81709],[-0.58576,52.8179],[-0.58696,52.81877],[-0.5884,52.82064],[-0.58945,52.82295],[-0.58998,52.82298],[-0.59033,52.82357],[-0.59028,52.82488],[-0.58951,52.82624],[-0.58952,52.82819],[-0.58623,52.82938],[-0.58275,52.82949],[-0.58301,52.83085],[-0.58259,52.83103],[-0.58069,52.83109],[-0.57755,52.83057],[-0.57697,52.83192],[-0.57741,52.83355],[-0.58235,52.83355],[-0.58331,52.83607],[-0.58122,52.83656],[-0.58185,52.83783],[-0.57972,52.83813],[-0.58077,52.83911],[-0.58362,52.84056],[-0.58675,52.8431],[-0.59038,52.84291],[-0.59225,52.84547],[-0.59236,52.84964],[-0.5901,52.85173],[-0.59108,52.85521],[-0.5908,52.8585],[-0.59035,52.85859],[-0.59023,52.85957],[-0.59037,52.86143],[-0.58506,52.86226],[-0.58628,52.86364],[-0.58638,52.86512],[-0.58878,52.87068],[-0.58889,52.87231],[-0.58557,52.87351],[-0.58464,52.87532],[-0.58453,52.87882],[-0.58322,52.87878],[-0.58307,52.87854],[-0.57597,52.87774],[-0.5741,52.87699],[-0.5707,52.87658],[-0.57027,52.87681],[-0.56697,52.87685],[-0.56671,52.87796],[-0.56572,52.87842],[-0.56601,52.87886],[-0.56442,52.8797],[-0.56317,52.88138],[-0.56218,52.88183],[-0.56046,52.88179],[-0.55984,52.88243]]]}},{"type":"Feature","properties":{"id":"E01026317","name":"E01026317","parent":"E07000141","type":"LSOA","pop":2478,"r":70,"ff":30,"ffd":1210.7,"ffs":0.566,"g":16,"co":0,"mo":0,"sa":0,"ic":0},"geometry":{"type":"Polygon","coordinates":[[[-0.64255,52.90931],[-0.6398,52.90953],[-0.6377,52.90686],[-0.63979,52.90644],[-0.6412,52.90795],[-0.64181,52.90763],[-0.64285,52.90863],[-0.6427,52.90893],[-0.64332,52.90896],[-0.64414,52.90841],[-0.64313,52.90844],[-0.64288,52.90795],[-0.64317,52.90804],[-0.64226,52.90663],[-0.64243,52.90617],[-0.64049,52.90469],[-0.64255,52.9045],[-0.64452,52.9026],[-0.64493,52.90253],[-0.64603,52.90434],[-0.64835,52.90351],[-0.64857,52.90307],[-0.65128,52.9033],[-0.65207,52.90148],[-0.65419,52.89988],[-0.65598,52.90096],[-0.65475,52.90232],[-0.6551,52.9041],[-0.65406,52.90704],[-0.65468,52.91072],[-0.6505,52.91091],[-0.64502,52.91039],[-0.64567,52.90966],[-0.64533,52.90945],[-0.64255,52.90931]]]}},{"type":"Feature","properties":{"id":"E01026318","name":"E01026318","parent":"E07000141","type":"LSOA","pop":2266,"r":70,"ff":30,"ffd":1323.9,"ffs":0.566,"g":16,"co":0,"mo":0,"sa":0,"ic":0},"geometry":{"type":"Polygon","coordinates":[[[-0.64285,52.90863],[-0.64181,52.90763],[-0.6412,52.90795],[-0.63979,52.90644],[-0.6377,52.90686],[-0.63747,52.90612],[-0.63607,52.90423],[-0.63517,52.90259],[-0.63707,52.90072],[-0.6373,52.89747],[-0.63966,52.89695],[-0.64517,52.89733],[-0.64661,52.89886],[-0.64653,52.89954],[-0.64721,52.90065],[-0.64817,52.90173],[-0.64891,52.9019],[-0.64676,52.90221],[-0.64566,52.90202],[-0.64475,52.90221],[-0.64493,52.90253],[-0.64452,52.9026],[-0.64255,52.9045],[-0.64049,52.90469],[-0.64243,52.90617],[-0.64226,52.90663],[-0.64317,52.90804],[-0.64288,52.90795],[-0.64313,52.90844],[-0.64414,52.90841],[-0.64332,52.90896],[-0.6427,52.90893],[-0.64285,52.90863]]]}},{"type":"Feature","properties":{"id":"E01026319","name":"E01026319","parent":"E07000141","type":"LSOA","pop":2675,"r":70,"ff":30,"ffd":1121.5,"ffs":0.566,"g":16,"co":0,"mo":0,"sa":0,"ic":0},"geometry":{"type":"Polygon","coordinates":[[[-0.64603,52.90434],[-0.64475,52.90221],[-0.64566,52.90202],[-0.64676,52.90221],[-0.64891,52.9019],[-0.64817,52.90173],[-0.64721,52.90065],[-0.64653,52.89954],[-0.64661,52.89886],[-0.64517,52.89733],[-0.63966,52.89695],[-0.6373,52.89747],[-0.63707,52.90072],[-0.63517,52.90259],[-0.63465,52.90096],[-0.63284,52.88803],[-0.63883,52.88751],[-0.64099,52.88696],[-0.64387,52.88519],[-0.64863,52.88344],[-0.653,52.88531],[-0.65657,52.88807],[-0.65798,52.88988],[-0.65903,52.88962],[-0.6621,52.89212],[-0.66409,52.89465],[-0.66971,52.89612],[-0.66598,52.89804],[-0.66149,52.89863],[-0.66107,52.89904],[-0.6615,52.89921],[-0.65813,52.90005],[-0.65598,52.90096],[-0.65419,52.89988],[-0.65207,52.90148],[-0.65128,52.9033],[-0.64857,52.90307],[-0.64835,52.90351],[-0.64603,52.90434]]]}},{"type":"Feature","properties":{"id":"E01026321","name":"E01026321","parent":"E07000141","type":"LSOA","pop":1443,"r":69,"ff":30,"ffd":2079.0,"ffs":0.5769,"g":16,"co":0,"mo":0,"sa":0,"ic":0},"geometry":{"type":"Polygon","coordinates":[[[-0.66347,52.91849],[-0.66331,52.91713],[-0.66434,52.91725],[-0.66443,52.91665],[-0.66288,52.91648],[-0.66394,52.91567],[-0.66294,52.91529],[-0.66361,52.91463],[-0.66418,52.9149],[-0.66505,52.91417],[-0.66613,52.91465],[-0.66649,52.91424],[-0.66588,52.914],[-0.66616,52.9137],[-0.66536,52.91348],[-0.66472,52.91208],[-0.66893,52.91183],[-0.6716,52.91209],[-0.67234,52.91482],[-0.67359,52.91805],[-0.67322,52.91814],[-0.66698,52.91737],[-0.66621,52.91833],[-0.66347,52.91849]]]}},{"type":"Feature","properties":{"id":"E01026322","name":"E01026322","parent":"E07000141","type":"LSOA","pop":1182,"r":70,"ff":30,"ffd":2538.1,"ffs":0.566,"g":16,"co":0,"mo":0,"sa":0,"ic":0},"geometry":{"type":"Polygon","coordinates":[[[-0.65854,52.91682],[-0.65288,52.91648],[-0.65064,52.91663],[-0.64948,52.91622],[-0.64855,52.91645],[-0.64851,52.91556],[-0.64962,52.91272],[-0.6541,52.91241],[-0.65692,52.91295],[-0.65854,52.91295],[-0.66017,52.91251],[-0.66065,52.91315],[-0.66105,52.91316],[-0.66101,52.91362],[-0.65774,52.91365],[-0.6574,52.91436],[-0.65803,52.91438],[-0.6592,52.91619],[-0.65864,52.91617],[-0.65854,52.91682]]]}},{"type":"Feature","properties":{"id":"E01026323","name":"E01026323","parent":"E07000141","type":"LSOA","pop":2068,"r":70,"ff":30,"ffd":1450.7,"ffs":0.566,"g":16,"co":0,"mo":0,"sa":0,"ic":0},"geometry":{"type":"Polygon","coordinates":[[[-0.64837,52.92754],[-0.64758,52.92719],[-0.64694,52.92726],[-0.64788,52.91997],[-0.64671,52.91802],[-0.64517,52.91578],[-0.64392,52.91491],[-0.64307,52.91357],[-0.6422,52.91404],[-0.63845,52.91402],[-0.63685,52.9115],[-0.63693,52.91046],[-0.6398,52.90953],[-0.64255,52.90931],[-0.64533,52.90945],[-0.64567,52.90966],[-0.64502,52.91039],[-0.6505,52.91091],[-0.64851,52.91556],[-0.64878,52.91715],[-0.65076,52.92009],[-0.65374,52.92216],[-0.65373,52.92388],[-0.65631,52.92547],[-0.65511,52.9259],[-0.65374,52.92729],[-0.65312,52.92753],[-0.65217,52.92713],[-0.6525,52.92662],[-0.6512,52.92606],[-0.65053,52.92633],[-0.64969,52.92743],[-0.6486,52.92731],[-0.64837,52.92754]]]}},{"type":"Feature","properties":{"id":"E01026324","name":"E01026324","parent":"E07000141","type":"LSOA","pop":2010,"r":68,"ff":29,"ffd":1442.8,"ffs":0.5686,"g":16,"co":0,"mo":0,"sa":0,"ic":0},"geometry":{"type":"Polygon","coordinates":[[[-0.65091,52.93597],[-0.64929,52.93526],[-0.64858,52.93545],[-0.64732,52.93468],[-0.646,52.93438],[-0.64694,52.92726],[-0.64758,52.92719],[-0.64837,52.92754],[-0.6486,52.92731],[-0.64969,52.92743],[-0.65053,52.92633],[-0.6512,52.92606],[-0.6525,52.92662],[-0.65217,52.92713],[-0.65312,52.92753],[-0.65374,52.92729],[-0.65511,52.9259],[-0.65631,52.92547],[-0.65373,52.92388],[-0.65374,52.92216],[-0.6592,52.92467],[-0.66275,52.92602],[-0.66065,52.92921],[-0.66043,52.92896],[-0.65831,52.93091],[-0.6547,52.93564],[-0.65469,52.93619],[-0.65091,52.93597]]]}},{"type":"Feature","properties":{"id":"E01026325","name":"E01026325","parent":"E07000141","type":"LSOA","pop":1636,"r":69,"ff":30,"ffd":1833.7,"ffs":0.5769,"g":16,"co":0,"mo":0,"sa":0,"ic":0},"geometry":{"type":"Polygon","coordinates":[[[-0.61377,52.92426],[-0.61323,52.92287],[-0.61131,52.9229],[-0.61168,52.91997],[-0.61492,52.92004],[-0.61366,52.92121],[-0.61619,52.92124],[-0.61674,52.92071],[-0.61675,52.91982],[-0.62069,52.91979],[-0.62259,52.92038],[-0.62285,52.92108],[-0.62345,52.92133],[-0.62252,52.92183],[-0.62672,52.9229],[-0.62634,52.92395],[-0.62372,52.92345],[-0.62291,52.92371],[-0.62059,52.92323],[-0.61999,52.92339],[-0.62034,52.92412],[-0.61758,52.92452],[-0.61377,52.92426]]]}},{"type":"Feature","properties":{"id":"E01026326","name":"E01026326","parent":"E07000141","type":"LSOA","pop":1521,"r":70,"ff":30,"ffd":1972.4,"ffs":0.566,"g":16,"co":0,"mo":0,"sa":0,"ic":0},"geometry":{"type":"Polygon","coordinates":[[[-0.63124,52.92257],[-0.63117,52.92104],[-0.63319,52.92115],[-0.63328,52.92016],[-0.63271,52.92],[-0.62997,52.92039],[-0.62762,52.92047],[-0.62492,52.91998],[-0.62404,52.92035],[-0.62369,52.92006],[-0.62285,52.92108],[-0.62259,52.92038],[-0.62069,52.91979],[-0.62348,52.9193],[-0.6234,52.91846],[-0.62248,52.91799],[-0.62257,52.91743],[-0.62141,52.91661],[-0.62047,52.9165],[-0.61838,52.91439],[-0.62041,52.91316],[-0.62275,52.91503],[-0.62487,52.91595],[-0.62981,52.91686],[-0.63251,52.91756],[-0.63648,52.91818],[-0.63723,52.91869],[-0.63857,52.91873],[-0.63671,52.91965],[-0.6358,52.92136],[-0.63631,52.92208],[-0.63415,52.92162],[-0.6322,52.92261],[-0.63168,52.92241],[-0.63171,52.92299],[-0.63124,52.92257]]]}},{"type":"Feature","properties":{"id":"E01026327","name":"E01026327","parent":"E07000141","type":"LSOA","pop":1457,"r":69,"ff":30,"ffd":2059.0,"ffs":0.5769,"g":16,"co":0,"mo":0,"sa":0,"ic":0},"geometry":{"type":"Polygon","coordinates":[[[-0.62034,52.92412],[-0.61999,52.92339],[-0.62059,52.92323],[-0.62291,52.92371],[-0.62372,52.92345],[-0.62634,52.92395],[-0.62672,52.9229],[-0.62252,52.92183],[-0.62345,52.92133],[-0.62285,52.92108],[-0.62369,52.92006],[-0.62404,52.92035],[-0.62492,52.91998],[-0.62762,52.92047],[-0.62997,52.92039],[-0.63271,52.92],[-0.63328,52.92016],[-0.63319,52.92115],[-0.63117,52.92104],[-0.6312,52.92269],[-0.63171,52.92299],[-0.63168,52.92241],[-0.6322,52.92261],[-0.63415,52.92162],[-0.63631,52.92208],[-0.63677,52.92279],[-0.63359,52.92406],[-0.63151,52.92426],[-0.62996,52.92544],[-0.63001,52.92618],[-0.62956,52.9267],[-0.62757,52.92626],[-0.62777,52.92608],[-0.62034,52.92412]]]}},{"type":"Feature","properties":{"id":"E01026328","name":"E01026328","parent":"E07000141","type":"LSOA","pop":1550,"r":69,"ff":30,"ffd":1935.5,"ffs":0.5769,"g":16,"co":0,"mo":0,"sa":0,"ic":0},"geometry":{"type":"Polygon","coordinates":[[[-0.61295,52.9158],[-0.61838,52.91439],[-0.62047,52.9165],[-0.62141,52.91661],[-0.62257,52.91743],[-0.62248,52.91799],[-0.6234,52.91846],[-0.62348,52.9193],[-0.62039,52.91985],[-0.61675,52.91982],[-0.61674,52.92071],[-0.61619,52.92124],[-0.61366,52.92121],[-0.61492,52.92004],[-0.61168,52.91997],[-0.61295,52.9158]]]}},{"type":"Feature","properties":{"id":"E01026329","name":"E01026329","parent":"E07000141","type":"LSOA","pop":1832,"r":15,"ff":11,"ffd":600.4,"ffs":0.7333,"g":0,"co":3,"mo":3,"sa":3,"ic":1},"geometry":{"type":"Polygon","coordinates":[[[-0.64863,53.05318],[-0.64429,53.05258],[-0.64414,53.0529],[-0.63601,53.05235],[-0.63595,53.05265],[-0.63742,53.05334],[-0.63708,53.05381],[-0.63735,53.05468],[-0.60414,53.05215],[-0.60379,53.05115],[-0.60174,53.05109],[-0.60177,53.04956],[-0.59765,53.0494],[-0.59649,53.04816],[-0.59334,53.04807],[-0.59335,53.04744],[-0.59208,53.04733],[-0.59133,53.04779],[-0.58935,53.0476],[-0.58941,53.0466],[-0.58494,53.04568],[-0.58453,53.04625],[-0.58026,53.04614],[-0.57984,53.04711],[-0.57409,53.04699],[-0.57419,53.04926],[-0.5736,53.04962],[-0.56563,53.0493],[-0.56396,53.04952],[-0.53565,53.04975],[-0.52281,53.04964],[-0.52785,53.01772],[-0.54601,53.01741],[-0.57339,53.01591],[-0.59881,53.01044],[-0.60077,53.01224],[-0.60876,53.01659],[-0.61029,53.01777],[-0.61205,53.01731],[-0.61351,53.01823],[-0.61582,53.01914],[-0.62211,53.02106],[-0.62229,53.02166],[-0.62269,53.02154],[-0.62331,53.02187],[-0.62413,53.02153],[-0.62629,53.0223],[-0.62645,53.0228],[-0.63162,53.02404],[-0.63144,53.02472],[-0.63337,53.02523],[-0.63346,53.02549],[-0.63472,53.02572],[-0.63736,53.02563],[-0.63789,53.02703],[-0.64289,53.02804],[-0.64301,53.02836],[-0.64592,53.02926],[-0.64941,53.02996],[-0.64928,53.03075],[-0.65023,53.03085],[-0.65023,53.03117],[-0.65753,53.03276],[-0.65925,53.03375],[-0.66289,53.035],[-0.66869,53.03604],[-0.66798,53.03761],[-0.66842,53.03886],[-0.66651,53.0396],[-0.66541,53.04272],[-0.66552,53.04457],[-0.66398,53.04672],[-0.66294,53.04773],[-0.66304,53.04924],[-0.66229,53.05047],[-0.6621,53.05187],[-0.66354,53.05219],[-0.66244,53.05313],[-0.662,53.055],[-0.64821,53.05376],[-0.64863,53.05318]]]}},{"type":"Feature","properties":{"id":"E01026330","name":"E01026330","parent":"E07000141","type":"LSOA","pop":2137,"r":10,"ff":8,"ffd":374.4,"ffs":0.8,"g":0,"co":3,"mo":3,"sa":3,"ic":3},"geometry":{"type":"Polygon","coordinates":[[[-0.53618,52.7862],[-0.53272,52.78533],[-0.52831,52.78371],[-0.52523,52.78363],[-0.52228,52.78271],[-0.52083,52.78273],[-0.51601,52.78411],[-0.51335,52.78438],[-0.51342,52.78465],[-0.51205,52.78479],[-0.51057,52.78431],[-0.50926,52.78447],[-0.50945,52.78497],[-0.50499,52.7844],[-0.50401,52.78319],[-0.50449,52.78184],[-0.50198,52.78278],[-0.50066,52.78183],[-0.4971,52.7803],[-0.49107,52.77929],[-0.4864,52.77898],[-0.4867,52.77569],[-0.48472,52.77312],[-0.48554,52.77205],[-0.48523,52.77115],[-0.48549,52.76679],[-0.48842,52.76582],[-0.49155,52.7641],[-0.49293,52.76387],[-0.49274,52.76129],[-0.49344,52.75896],[-0.4944,52.75895],[-0.49311,52.75658],[-0.4919,52.75563],[-0.49138,52.75578],[-0.48746,52.75397],[-0.48793,52.75349],[-0.48585,52.75172],[-0.48202,52.75207],[-0.48149,52.75187],[-0.47899,52.75259],[-0.47746,52.75183],[-0.47504,52.75254],[-0.47458,52.75237],[-0.47218,52.75301],[-0.46985,52.75288],[-0.46514,52.75178],[-0.46338,52.75449],[-0.46134,52.75597],[-0.46063,52.75604],[-0.4603,52.75733],[-0.45894,52.75811],[-0.45839,52.75907],[-0.45638,52.76084],[-0.45539,52.76114],[-0.45248,52.76096],[-0.45251,52.76118],[-0.45046,52.76159],[-0.44982,52.76286],[-0.44722,52.7611],[-0.44619,52.761],[-0.44537,52.7624],[-0.44265,52.76216],[-0.44313,52.75985],[-0.43944,52.75867],[-0.43488,52.75822],[-0.42941,52.75909],[-0.42291,52.75843],[-0.41878,52.75868],[-0.41589,52.75977],[-0.40729,52.76135],[-0.40511,52.76137],[-0.40383,52.76026],[-0.40302,52.76],[-0.40217,52.75852],[-0.3996,52.75577],[-0.3994,52.75469],[-0.40005,52.75275],[-0.3993,52.74763],[-0.39919,52.74579],[-0.39808,52.74393],[-0.39721,52.74391],[-0.3968,52.7413],[-0.39496,52.73756],[-0.39647,52.73703],[-0.39491,52.73583],[-0.39372,52.73396],[-0.39701,52.73053],[-0.39404,52.72929],[-0.38681,52.72282],[-0.38772,52.72253],[-0.38812,52.72171],[-0.38688,52.71998],[-0.38604,52.71718],[-0.38308,52.7161],[-0.37809,52.7152],[-0.37844,52.71492],[-0.37525,52.71489],[-0.37523,52.7152],[-0.3745,52.71523],[-0.37232,52.715],[-0.37265,52.71418],[-0.37071,52.71398],[-0.36943,52.71728],[-0.36752,52.71862],[-0.36619,52.71836],[-0.36447,52.71858],[-0.36364,52.71833],[-0.3634,52.71881],[-0.36394,52.71936],[-0.36283,52.72049],[-0.36362,52.71459],[-0.36211,52.69387],[-0.36465,52.69474],[-0.36677,52.69381],[-0.36911,52.69424],[-0.37067,52.69281],[-0.37163,52.69316],[-0.37345,52.69251],[-0.37418,52.69188],[-0.3758,52.69249],[-0.37789,52.69198],[-0.3795,52.69122],[-0.38098,52.69002],[-0.38146,52.69026],[-0.38317,52.68937],[-0.38354,52.68961],[-0.38512,52.68904],[-0.38561,52.68994],[-0.39374,52.68784],[-0.39398,52.68812],[-0.39577,52.68758],[-0.39689,52.68859],[-0.40055,52.6872],[-0.40157,52.68794],[-0.41273,52.68374],[-0.41537,52.68586],[-0.41914,52.68524],[-0.41739,52.68279],[-0.41895,52.68243],[-0.41842,52.68154],[-0.43097,52.68072],[-0.43182,52.6819],[-0.43405,52.68371],[-0.43489,52.68473],[-0.43437,52.68568],[-0.43318,52.68548],[-0.43221,52.68803],[-0.43252,52.69073],[-0.43086,52.69201],[-0.43037,52.69291],[-0.43054,52.69393],[-0.42892,52.69806],[-0.42838,52.70111],[-0.4287,52.70266],[-0.42973,52.70329],[-0.43044,52.70542],[-0.4335,52.70585],[-0.43574,52.70704],[-0.43633,52.70678],[-0.44472,52.70617],[-0.44396,52.70803],[-0.45053,52.70803],[-0.45109,52.70958],[-0.45323,52.70927],[-0.45698,52.7097],[-0.45966,52.70833],[-0.46165,52.70813],[-0.46383,52.70859],[-0.46555,52.71029],[-0.46753,52.70982],[-0.46968,52.70975],[-0.48022,52.71097],[-0.48308,52.71066],[-0.48959,52.71106],[-0.49324,52.71028],[-0.49453,52.70965],[-0.49574,52.71081],[-0.49984,52.71211],[-0.50247,52.71215],[-0.50454,52.71335],[-0.50572,52.7136],[-0.50696,52.71596],[-0.50986,52.71535],[-0.511,52.71771],[-0.51065,52.71892],[-0.51264,52.71968],[-0.51649,52.72025],[-0.51919,52.72101],[-0.525,52.72098],[-0.53305,52.72158],[-0.53875,52.72311],[-0.54243,52.72328],[-0.54282,52.72605],[-0.54031,52.72877],[-0.53881,52.73406],[-0.53997,52.7384],[-0.53491,52.73792],[-0.52768,52.73895],[-0.52434,52.73872],[-0.52062,52.73892],[-0.51838,52.74028],[-0.51698,52.74211],[-0.51681,52.74336],[-0.51792,52.74739],[-0.51724,52.74752],[-0.51782,52.74902],[-0.51685,52.74934],[-0.51766,52.75081],[-0.51837,52.75153],[-0.51892,52.75153],[-0.51906,52.75495],[-0.5202,52.75668],[-0.52065,52.75664],[-0.52137,52.75756],[-0.52098,52.75984],[-0.51801,52.7601],[-0.51825,52.76127],[-0.51926,52.76119],[-0.52353,52.76298],[-0.52851,52.76411],[-0.53264,52.76715],[-0.53479,52.76972],[-0.53737,52.77194],[-0.53761,52.77288],[-0.54061,52.77397],[-0.54162,52.77521],[-0.54201,52.77841],[-0.54285,52.77885],[-0.54224,52.77981],[-0.54289,52.78048],[-0.54388,52.78051],[-0.54694,52.77953],[-0.54704,52.77988],[-0.54893,52.77966],[-0.55274,52.78003],[-0.55726,52.78161],[-0.55871,52.78182],[-0.55969,52.78154],[-0.56239,52.78186],[-0.56535,52.78302],[-0.56356,52.78315],[-0.56344,52.78343],[-0.559,52.78288],[-0.55783,52.78297],[-0.5581,52.7836],[-0.55635,52.78334],[-0.55357,52.78373],[-0.55306,52.78247],[-0.55097,52.78239],[-0.55164,52.78366],[-0.55018,52.78422],[-0.55072,52.78471],[-0.54553,52.78617],[-0.5409,52.78574],[-0.53796,52.78625],[-0.53618,52.7862]]]}},{"type":"Feature","properties":{"id":"E01026331","name":"E01026331","parent":"E07000141","type":"LSOA","pop":2454,"r":15,"ff":12,"ffd":489.0,"ffs":0.8,"g":0,"co":1,"mo":3,"sa":3,"ic":3},"geometry":{"type":"Polygon","coordinates":[[[-0.67756,52.85432],[-0.6771,52.85236],[-0.65745,52.85237],[-0.64643,52.85073],[-0.64512,52.85078],[-0.645,52.85113],[-0.64544,52.8512],[-0.64512,52.85223],[-0.6421,52.85182],[-0.6376,52.85174],[-0.63763,52.85144],[-0.63176,52.85144],[-0.62915,52.85206],[-0.62863,52.85241],[-0.62867,52.85291],[-0.62789,52.85173],[-0.62743,52.85167],[-0.62322,52.85206],[-0.61914,52.85199],[-0.61844,52.85293],[-0.61529,52.85271],[-0.61084,52.85187],[-0.60648,52.85224],[-0.60278,52.85102],[-0.59957,52.85079],[-0.59236,52.84964],[-0.59225,52.84547],[-0.59038,52.84291],[-0.58675,52.8431],[-0.58362,52.84056],[-0.58077,52.83911],[-0.57972,52.83813],[-0.58185,52.83783],[-0.58122,52.83656],[-0.58331,52.83607],[-0.58235,52.83355],[-0.57741,52.83355],[-0.57697,52.83192],[-0.57755,52.83057],[-0.58069,52.83109],[-0.58259,52.83103],[-0.58301,52.83085],[-0.58275,52.82949],[-0.58623,52.82938],[-0.58952,52.82819],[-0.58951,52.82624],[-0.59028,52.82488],[-0.59033,52.82357],[-0.58998,52.82298],[-0.58945,52.82295],[-0.5884,52.82064],[-0.58696,52.81877],[-0.58576,52.8179],[-0.58632,52.81709],[-0.58634,52.81607],[-0.58567,52.81182],[-0.5873,52.81012],[-0.58724,52.80808],[-0.58639,52.80724],[-0.58527,52.80699],[-0.58359,52.80549],[-0.58101,52.80566],[-0.57938,52.80497],[-0.57808,52.8049],[-0.57638,52.80436],[-0.58237,52.80246],[-0.58229,52.80167],[-0.58339,52.80052],[-0.58273,52.79703],[-0.58066,52.79542],[-0.57773,52.79532],[-0.57666,52.79467],[-0.57588,52.79459],[-0.57568,52.79408],[-0.57491,52.79371],[-0.56755,52.79126],[-0.56714,52.79063],[-0.56901,52.78992],[-0.57119,52.78962],[-0.57241,52.78841],[-0.57962,52.78641],[-0.5832,52.7863],[-0.58588,52.78547],[-0.58769,52.78578],[-0.58977,52.78541],[-0.59124,52.78552],[-0.59443,52.78485],[-0.59991,52.78429],[-0.6051,52.78526],[-0.60485,52.78635],[-0.61051,52.78626],[-0.61059,52.78694],[-0.6127,52.78709],[-0.61299,52.78776],[-0.61576,52.78762],[-0.61582,52.78794],[-0.62145,52.78801],[-0.62139,52.78882],[-0.6241,52.78919],[-0.62356,52.7902],[-0.62895,52.78999],[-0.63332,52.78849],[-0.63188,52.78598],[-0.63833,52.78487],[-0.63792,52.78063],[-0.64183,52.78021],[-0.64152,52.77738],[-0.64628,52.77673],[-0.64537,52.77352],[-0.64606,52.77342],[-0.64579,52.77259],[-0.65133,52.772],[-0.66471,52.77286],[-0.66486,52.7721],[-0.66849,52.77205],[-0.67276,52.77144],[-0.67435,52.77675],[-0.67566,52.77754],[-0.67551,52.78102],[-0.67696,52.78569],[-0.67455,52.78553],[-0.67411,52.78777],[-0.67749,52.78836],[-0.6773,52.78999],[-0.68158,52.79113],[-0.68326,52.79529],[-0.68275,52.79896],[-0.68064,52.80732],[-0.68217,52.81072],[-0.68204,52.8118],[-0.68875,52.81905],[-0.69241,52.82178],[-0.6956,52.82357],[-0.69839,52.826],[-0.70389,52.83418],[-0.70583,52.83805],[-0.70092,52.83938],[-0.70015,52.83885],[-0.69882,52.84079],[-0.69703,52.84056],[-0.69729,52.84014],[-0.6947,52.83944],[-0.69343,52.84148],[-0.69381,52.84159],[-0.69266,52.84216],[-0.68983,52.84186],[-0.68665,52.84215],[-0.68595,52.84452],[-0.68129,52.84616],[-0.6795,52.84581],[-0.67898,52.84609],[-0.67576,52.84821],[-0.67624,52.84943],[-0.67721,52.85028],[-0.67855,52.85086],[-0.68034,52.85088],[-0.67864,52.85396],[-0.67756,52.85432]]]}},{"type":"Feature","properties":{"id":"E01026332","name":"E01026332","parent":"E07000141","type":"LSOA","pop":2199,"r":18,"ff":13,"ffd":591.2,"ffs":0.7222,"g":0,"co":3,"mo":3,"sa":3,"ic":1},"geometry":{"type":"Polygon","coordinates":[[[-0.51766,52.96013],[-0.51521,52.95752],[-0.51261,52.95159],[-0.51218,52.95165],[-0.51131,52.95056],[-0.51001,52.94757],[-0.50764,52.94776],[-0.50804,52.94931],[-0.5019,52.95111],[-0.4946,52.95406],[-0.49383,52.95357],[-0.49286,52.95198],[-0.49428,52.95172],[-0.49413,52.94833],[-0.48967,52.94693],[-0.48915,52.94652],[-0.48791,52.94392],[-0.48781,52.94227],[-0.48718,52.93951],[-0.48287,52.93939],[-0.48272,52.93768],[-0.48372,52.93771],[-0.48339,52.93377],[-0.48153,52.93392],[-0.48094,52.93235],[-0.47988,52.93269],[-0.47949,52.93142],[-0.47985,52.92977],[-0.48158,52.92983],[-0.48166,52.92802],[-0.48687,52.92805],[-0.486,52.92609],[-0.48629,52.92496],[-0.48756,52.92517],[-0.48836,52.92404],[-0.48828,52.92191],[-0.48791,52.92191],[-0.48761,52.92058],[-0.492,52.92089],[-0.49398,52.92074],[-0.49244,52.91778],[-0.48901,52.91324],[-0.4886,52.913],[-0.48824,52.91317],[-0.48665,52.91179],[-0.48348,52.91086],[-0.48179,52.908],[-0.47988,52.90642],[-0.47693,52.90561],[-0.47714,52.90545],[-0.47206,52.90543],[-0.47182,52.90419],[-0.46976,52.90119],[-0.45467,52.9014],[-0.44759,52.9005],[-0.44533,52.90057],[-0.44416,52.89899],[-0.44355,52.89628],[-0.44189,52.89482],[-0.44237,52.89443],[-0.44074,52.89264],[-0.43734,52.887],[-0.43556,52.88339],[-0.43637,52.883],[-0.43528,52.88171],[-0.43935,52.88155],[-0.44099,52.88106],[-0.43801,52.8791],[-0.43628,52.87567],[-0.43506,52.8751],[-0.43405,52.87394],[-0.4305,52.87287],[-0.42913,52.87123],[-0.4288,52.86656],[-0.42403,52.86696],[-0.42381,52.86564],[-0.42804,52.86513],[-0.43415,52.86379],[-0.43654,52.86375],[-0.43643,52.86142],[-0.43686,52.86134],[-0.43565,52.85698],[-0.43648,52.85569],[-0.43618,52.85289],[-0.43738,52.8526],[-0.43681,52.85089],[-0.43717,52.84995],[-0.43916,52.84683],[-0.44087,52.84509],[-0.44143,52.84377],[-0.44222,52.84276],[-0.44266,52.84449],[-0.4442,52.84438],[-0.45149,52.84268],[-0.4564,52.84025],[-0.45906,52.83976],[-0.46452,52.8397],[-0.46576,52.83945],[-0.46555,52.83862],[-0.46624,52.83827],[-0.46673,52.83614],[-0.46949,52.83402],[-0.47235,52.83291],[-0.47379,52.83338],[-0.47471,52.83407],[-0.47552,52.83399],[-0.47689,52.83476],[-0.48489,52.83703],[-0.48866,52.83732],[-0.49286,52.83695],[-0.49654,52.83808],[-0.49999,52.8372],[-0.50677,52.83631],[-0.50759,52.8359],[-0.50992,52.83559],[-0.51269,52.836],[-0.5182,52.83597],[-0.5192,52.83934],[-0.52413,52.8469],[-0.52511,52.84688],[-0.52663,52.84816],[-0.52927,52.85152],[-0.52972,52.85374],[-0.52943,52.85541],[-0.53041,52.85655],[-0.53019,52.85718],[-0.53084,52.85825],[-0.53051,52.86005],[-0.53248,52.86212],[-0.53329,52.86536],[-0.53808,52.87008],[-0.53977,52.8729],[-0.54243,52.87809],[-0.54341,52.87817],[-0.54535,52.88168],[-0.5471,52.88125],[-0.54975,52.88122],[-0.55001,52.88071],[-0.55173,52.88129],[-0.55611,52.88132],[-0.55984,52.88243],[-0.56046,52.88179],[-0.56218,52.88183],[-0.56317,52.88138],[-0.56442,52.8797],[-0.56601,52.87886],[-0.56572,52.87842],[-0.56671,52.87796],[-0.56697,52.87685],[-0.57027,52.87681],[-0.5707,52.87658],[-0.5741,52.87699],[-0.57597,52.87774],[-0.58307,52.87854],[-0.58322,52.87878],[-0.58315,52.88113],[-0.58367,52.88122],[-0.58381,52.88199],[-0.58586,52.88394],[-0.59048,52.88726],[-0.59512,52.889],[-0.59329,52.8939],[-0.5541,52.95443],[-0.55,52.95417],[-0.54503,52.95468],[-0.5405,52.95436],[-0.53381,52.95512],[-0.5299,52.95629],[-0.52671,52.95574],[-0.52473,52.95872],[-0.52379,52.95845],[-0.5225,52.9599],[-0.52115,52.9591],[-0.51785,52.96029],[-0.51766,52.96013]]]}},{"type":"Feature","properties":{"id":"E01026333","name":"E01026333","parent":"E07000141","type":"LSOA","pop":2556,"r":25,"ff":18,"ffd":704.2,"ffs":0.72,"g":0,"co":3,"mo":3,"sa":1,"ic":1},"geometry":{"type":"Polygon","coordinates":[[[-0.68938,53.05933],[-0.69027,53.05905],[-0.68795,53.05921],[-0.68751,53.05895],[-0.68484,53.0588],[-0.68145,53.05891],[-0.68094,53.058],[-0.67569,53.05827],[-0.66733,53.05777],[-0.66739,53.0575],[-0.6614,53.05711],[-0.66244,53.05313],[-0.66354,53.05219],[-0.6621,53.05187],[-0.66229,53.05047],[-0.66304,53.04924],[-0.66294,53.04773],[-0.66398,53.04672],[-0.66552,53.04457],[-0.66541,53.04272],[-0.66651,53.0396],[-0.66842,53.03886],[-0.66798,53.03761],[-0.66869,53.03604],[-0.66289,53.035],[-0.65925,53.03375],[-0.65753,53.03276],[-0.65023,53.03117],[-0.65023,53.03085],[-0.64928,53.03075],[-0.64941,53.02996],[-0.64592,53.02926],[-0.64301,53.02836],[-0.64289,53.02804],[-0.63789,53.02703],[-0.63736,53.02563],[-0.63472,53.02572],[-0.63346,53.02549],[-0.63337,53.02523],[-0.63144,53.02472],[-0.63162,53.02404],[-0.62645,53.0228],[-0.62629,53.0223],[-0.62413,53.02153],[-0.62331,53.02187],[-0.62269,53.02154],[-0.62229,53.02166],[-0.62211,53.02106],[-0.61582,53.01914],[-0.61351,53.01823],[-0.61205,53.01731],[-0.61029,53.01777],[-0.60876,53.01659],[-0.60077,53.01224],[-0.59881,53.01044],[-0.57339,53.01591],[-0.54601,53.01741],[-0.52785,53.01772],[-0.52892,53.01066],[-0.53586,53.01036],[-0.54401,53.00861],[-0.55604,53.00697],[-0.56065,53.00558],[-0.56808,53.00399],[-0.56707,52.99965],[-0.56912,52.99585],[-0.56966,52.9957],[-0.56851,52.99503],[-0.56995,52.99426],[-0.5695,52.99414],[-0.56959,52.99384],[-0.56999,52.99308],[-0.57046,52.99311],[-0.57295,52.98755],[-0.57173,52.98348],[-0.57124,52.97831],[-0.57205,52.97551],[-0.57458,52.9712],[-0.57691,52.9657],[-0.58078,52.96608],[-0.58846,52.96745],[-0.59058,52.96828],[-0.59035,52.96851],[-0.59132,52.969],[-0.59733,52.97145],[-0.60762,52.97499],[-0.60797,52.97581],[-0.61869,52.98059],[-0.63086,52.98544],[-0.63534,52.98588],[-0.63512,52.98645],[-0.6359,52.98687],[-0.63653,52.98934],[-0.63749,52.98939],[-0.63807,52.99116],[-0.64051,52.99107],[-0.64151,52.99125],[-0.6424,52.992],[-0.64488,52.99193],[-0.64665,52.99412],[-0.64941,52.99435],[-0.65019,52.9957],[-0.65126,52.9957],[-0.65145,52.99627],[-0.6555,52.99662],[-0.65541,52.99877],[-0.65622,52.99907],[-0.6568,53.00035],[-0.65617,53.00264],[-0.66312,53.00289],[-0.66277,53.00474],[-0.66607,53.00489],[-0.66586,53.00655],[-0.66824,53.00662],[-0.66822,53.00784],[-0.66865,53.00835],[-0.67198,53.00861],[-0.67168,53.00986],[-0.67437,53.01009],[-0.67454,53.0114],[-0.68168,53.01211],[-0.68849,53.01155],[-0.6852,53.0142],[-0.68467,53.01647],[-0.68329,53.01848],[-0.68236,53.02396],[-0.69041,53.02385],[-0.6952,53.02337],[-0.69621,53.02348],[-0.69652,53.02408],[-0.70672,53.02248],[-0.70795,53.02259],[-0.71219,53.02197],[-0.71317,53.02243],[-0.71464,53.02153],[-0.71731,53.02239],[-0.71792,53.02188],[-0.72057,53.02245],[-0.72133,53.02164],[-0.72349,53.02202],[-0.74484,53.02148],[-0.76083,53.02941],[-0.75843,53.03239],[-0.75885,53.03517],[-0.75782,53.03648],[-0.75662,53.03668],[-0.75715,53.03787],[-0.75589,53.04391],[-0.75344,53.04806],[-0.74969,53.05512],[-0.74543,53.05412],[-0.74294,53.05464],[-0.74075,53.0536],[-0.73971,53.05384],[-0.73879,53.05518],[-0.73803,53.05482],[-0.73711,53.05494],[-0.73664,53.05471],[-0.73517,53.05499],[-0.73425,53.05484],[-0.73335,53.05574],[-0.73098,53.0544],[-0.72995,53.05474],[-0.73029,53.05502],[-0.72907,53.05517],[-0.72841,53.05588],[-0.7276,53.0556],[-0.7267,53.05649],[-0.72559,53.05634],[-0.72494,53.05711],[-0.72536,53.05749],[-0.72469,53.05809],[-0.72502,53.05835],[-0.72412,53.05884],[-0.72321,53.05884],[-0.72355,53.05939],[-0.7226,53.05992],[-0.71987,53.0599],[-0.71889,53.05939],[-0.71758,53.05948],[-0.71551,53.05885],[-0.71392,53.05704],[-0.7064,53.05219],[-0.70271,53.05197],[-0.70246,53.05298],[-0.69846,53.05324],[-0.69398,53.05631],[-0.69353,53.05712],[-0.69402,53.05761],[-0.69523,53.05776],[-0.6952,53.05915],[-0.69316,53.05906],[-0.69278,53.0594],[-0.68989,53.05976],[-0.68938,53.05933]]]}},{"type":"Feature","properties":{"id":"E01026334","name":"E01026334","parent":"E07000141","type":"LSOA","pop":1517,"r":118,"ff":40,"ffd":2636.8,"ffs":0.5479,"g":44,"co":2,"mo":2,"sa":2,"ic":2},"geometry":{"type":"Polygon","coordinates":[[[-0.32503,52.6812],[-0.32536,52.68082],[-0.32373,52.68091],[-0.32413,52.68072],[-0.32371,52.68004],[-0.32453,52.6795],[-0.32383,52.67917],[-0.32241,52.67711],[-0.32347,52.67706],[-0.32427,52.67821],[-0.3247,52.67803],[-0.32521,52.67862],[-0.32666,52.67854],[-0.32677,52.67906],[-0.32733,52.67942],[-0.32761,52.6792],[-0.32799,52.6794],[-0.32837,52.67928],[-0.32644,52.67829],[-0.32622,52.67756],[-0.32588,52.67772],[-0.32588,52.67743],[-0.32512,52.67743],[-0.32515,52.67693],[-0.32672,52.67634],[-0.3266,52.67611],[-0.32618,52.67582],[-0.32496,52.67623],[-0.32399,52.67612],[-0.324,52.67532],[-0.32597,52.67519],[-0.32629,52.67389],[-0.32747,52.67422],[-0.33026,52.67348],[-0.33068,52.67391],[-0.3317,52.67379],[-0.33156,52.67437],[-0.33333,52.67488],[-0.33432,52.67467],[-0.33504,52.67487],[-0.33617,52.67421],[-0.33604,52.67279],[-0.33736,52.67238],[-0.33604,52.67153],[-0.33709,52.67049],[-0.33618,52.66876],[-0.33754,52.66824],[-0.33877,52.6672],[-0.33976,52.66712],[-0.33995,52.66607],[-0.34131,52.66539],[-0.34271,52.66593],[-0.34325,52.66551],[-0.34309,52.66512],[-0.34426,52.66542],[-0.3448,52.6642],[-0.34654,52.66312],[-0.34945,52.66313],[-0.34992,52.66283],[-0.34996,52.66215],[-0.35059,52.66196],[-0.35015,52.66164],[-0.35088,52.66145],[-0.35241,52.66175],[-0.35512,52.66055],[-0.35557,52.66087],[-0.3564,52.66033],[-0.35631,52.65995],[-0.35676,52.65995],[-0.35677,52.65949],[-0.35942,52.66003],[-0.36095,52.65957],[-0.36281,52.66011],[-0.3632,52.66125],[-0.36591,52.66158],[-0.36638,52.66206],[-0.36586,52.66219],[-0.36642,52.66295],[-0.3661,52.6636],[-0.36654,52.66791],[-0.36472,52.66828],[-0.36303,52.66922],[-0.36053,52.67005],[-0.36114,52.68127],[-0.34308,52.68546],[-0.32877,52.68924],[-0.32635,52.68712],[-0.3264,52.68668],[-0.32524,52.68318],[-0.3257,52.68287],[-0.32503,52.6812]]]}},{"type":"Feature","properties":{"id":"E01026335","name":"E01026335","parent":"E07000141","type":"LSOA","pop":1515,"r":148,"ff":50,"ffd":3300.3,"ffs":0.5155,"g":49,"co":2,"mo":2,"sa":2,"ic":2},"geometry":{"type":"Polygon","coordinates":[[[-0.32371,52.68004],[-0.32182,52.67923],[-0.32134,52.67956],[-0.32049,52.67943],[-0.31924,52.67973],[-0.31763,52.67866],[-0.31678,52.67853],[-0.3167,52.67818],[-0.31639,52.6783],[-0.3159,52.67786],[-0.31695,52.67753],[-0.3172,52.67716],[-0.31659,52.67706],[-0.31531,52.67741],[-0.31469,52.67689],[-0.31347,52.67727],[-0.31255,52.67696],[-0.31203,52.67711],[-0.3109,52.67552],[-0.3084,52.67598],[-0.30804,52.6751],[-0.30997,52.67348],[-0.31823,52.67487],[-0.32112,52.67505],[-0.32069,52.6743],[-0.32002,52.67475],[-0.31952,52.6743],[-0.32082,52.67366],[-0.32237,52.67381],[-0.32399,52.67438],[-0.32547,52.6743],[-0.32629,52.67389],[-0.32597,52.67519],[-0.324,52.67532],[-0.32399,52.67612],[-0.32496,52.67623],[-0.32618,52.67582],[-0.3266,52.67611],[-0.32672,52.67634],[-0.32515,52.67693],[-0.32512,52.67743],[-0.32588,52.67743],[-0.32588,52.67772],[-0.32622,52.67756],[-0.32644,52.67829],[-0.32837,52.67928],[-0.32799,52.6794],[-0.32761,52.6792],[-0.32733,52.67942],[-0.32677,52.67906],[-0.32666,52.67854],[-0.32521,52.67862],[-0.3247,52.67803],[-0.32427,52.67821],[-0.32347,52.67706],[-0.32241,52.67711],[-0.32383,52.67917],[-0.32453,52.6795],[-0.32371,52.68004]]]}},{"type":"Feature","properties":{"id":"E01026336","name":"E01026336","parent":"E07000141","type":"LSOA","pop":1991,"r":105,"ff":37,"ffd":1858.4,"ffs":0.5781,"g":40,"co":2,"mo":2,"sa":2,"ic":2},"geometry":{"type":"Polygon","coordinates":[[[-0.27351,52.70589],[-0.26718,52.69909],[-0.26501,52.70088],[-0.26345,52.70089],[-0.25577,52.69261],[-0.25042,52.69447],[-0.24876,52.69304],[-0.2586,52.68961],[-0.26875,52.69556],[-0.27045,52.69132],[-0.29225,52.688],[-0.3071,52.68776],[-0.31062,52.68707],[-0.31329,52.68572],[-0.31751,52.68393],[-0.31651,52.68246],[-0.31886,52.68166],[-0.3199,52.68162],[-0.31955,52.68092],[-0.31997,52.6807],[-0.31924,52.67973],[-0.32049,52.67943],[-0.32134,52.67956],[-0.32182,52.67923],[-0.32371,52.68004],[-0.32413,52.68072],[-0.32373,52.68091],[-0.32536,52.68082],[-0.32503,52.6812],[-0.3257,52.68287],[-0.32524,52.68318],[-0.3264,52.68668],[-0.32635,52.68712],[-0.32877,52.68924],[-0.31681,52.69248],[-0.31091,52.69532],[-0.30307,52.69848],[-0.27801,52.71076],[-0.27351,52.70589]]]}},{"type":"Feature","properties":{"id":"E01026337","name":"E01026337","parent":"E07000141","type":"LSOA","pop":2284,"r":117,"ff":41,"ffd":1795.1,"ffs":0.5616,"g":43,"co":2,"mo":2,"sa":2,"ic":2},"geometry":{"type":"Polygon","coordinates":[[[-0.30977,52.68191],[-0.30912,52.68117],[-0.30781,52.68145],[-0.3084,52.67598],[-0.3109,52.67552],[-0.31203,52.67711],[-0.31255,52.67696],[-0.31347,52.67727],[-0.31469,52.67689],[-0.31531,52.67741],[-0.31659,52.67706],[-0.3172,52.67716],[-0.31695,52.67753],[-0.3159,52.67786],[-0.31639,52.6783],[-0.3167,52.67818],[-0.31678,52.67853],[-0.31763,52.67866],[-0.31924,52.67973],[-0.31997,52.6807],[-0.31955,52.68092],[-0.3199,52.68162],[-0.31886,52.68166],[-0.31651,52.68246],[-0.31751,52.68393],[-0.31329,52.68572],[-0.30977,52.68191]]]}},{"type":"Feature","properties":{"id":"E01026338","name":"E01026338","parent":"E07000141","type":"LSOA","pop":1271,"r":9,"ff":8,"ffd":629.4,"ffs":0.8889,"g":0,"co":3,"mo":3,"sa":3,"ic":3},"geometry":{"type":"Polygon","coordinates":[[[-0.56249,52.78647],[-0.56296,52.78368],[-0.56245,52.78357],[-0.56249,52.78329],[-0.56344,52.78343],[-0.56356,52.78315],[-0.56535,52.78302],[-0.56239,52.78186],[-0.55969,52.78154],[-0.55871,52.78182],[-0.55726,52.78161],[-0.55274,52.78003],[-0.54893,52.77966],[-0.54704,52.77988],[-0.54694,52.77953],[-0.54388,52.78051],[-0.54289,52.78048],[-0.54224,52.77981],[-0.54285,52.77885],[-0.54201,52.77841],[-0.54162,52.77521],[-0.54061,52.77397],[-0.53761,52.77288],[-0.53737,52.77194],[-0.53479,52.76972],[-0.53264,52.76715],[-0.52851,52.76411],[-0.52353,52.76298],[-0.51926,52.76119],[-0.51825,52.76127],[-0.51801,52.7601],[-0.52098,52.75984],[-0.52137,52.75756],[-0.52065,52.75664],[-0.5202,52.75668],[-0.51906,52.75495],[-0.51892,52.75153],[-0.51837,52.75153],[-0.51766,52.75081],[-0.51685,52.74934],[-0.51782,52.74902],[-0.51724,52.74752],[-0.51792,52.74739],[-0.51681,52.74336],[-0.51698,52.74211],[-0.51838,52.74028],[-0.52062,52.73892],[-0.52434,52.73872],[-0.52768,52.73895],[-0.53491,52.73792],[-0.53997,52.7384],[-0.54471,52.73961],[-0.54795,52.74104],[-0.55326,52.74254],[-0.56003,52.74547],[-0.56086,52.74559],[-0.56611,52.74499],[-0.56901,52.74662],[-0.56951,52.74753],[-0.57145,52.74787],[-0.5715,52.7505],[-0.57264,52.75311],[-0.58051,52.75288],[-0.58345,52.75388],[-0.58957,52.75377],[-0.59391,52.7519],[-0.59771,52.75099],[-0.60544,52.75049],[-0.61019,52.76427],[-0.62453,52.76323],[-0.62578,52.76365],[-0.62775,52.76302],[-0.62879,52.76307],[-0.62928,52.76344],[-0.63148,52.76396],[-0.63351,52.76407],[-0.63267,52.76553],[-0.63121,52.7667],[-0.63056,52.76649],[-0.6301,52.76671],[-0.62993,52.76631],[-0.62935,52.76634],[-0.62878,52.76701],[-0.62771,52.7669],[-0.62743,52.76881],[-0.62765,52.77293],[-0.62832,52.77497],[-0.6324,52.7742],[-0.63456,52.77349],[-0.63786,52.77357],[-0.6383,52.77281],[-0.6431,52.77231],[-0.64493,52.7723],[-0.64507,52.77256],[-0.64579,52.77259],[-0.64606,52.77342],[-0.64537,52.77352],[-0.64628,52.77673],[-0.64152,52.77738],[-0.64183,52.78021],[-0.63792,52.78063],[-0.63833,52.78487],[-0.63188,52.78598],[-0.63332,52.78849],[-0.62895,52.78999],[-0.62356,52.7902],[-0.6241,52.78919],[-0.62139,52.78882],[-0.62145,52.78801],[-0.61582,52.78794],[-0.61576,52.78762],[-0.61299,52.78776],[-0.6127,52.78709],[-0.61059,52.78694],[-0.61051,52.78626],[-0.60485,52.78635],[-0.6051,52.78526],[-0.59991,52.78429],[-0.59443,52.78485],[-0.59124,52.78552],[-0.58977,52.78541],[-0.58769,52.78578],[-0.58588,52.78547],[-0.5832,52.7863],[-0.57962,52.78641],[-0.57241,52.78841],[-0.57119,52.78962],[-0.56901,52.78992],[-0.56714,52.79063],[-0.56554,52.7901],[-0.56366,52.78845],[-0.56249,52.78647]]]}},{"type":"Feature","properties":{"id":"E01026339","name":"E01026339","parent":"E07000141","type":"LSOA","pop":1278,"r":10,"ff":9,"ffd":704.2,"ffs":0.9,"g":0,"co":1,"mo":3,"sa":3,"ic":3},"geometry":{"type":"Polygon","coordinates":[[[-0.62832,52.77497],[-0.62765,52.77293],[-0.62743,52.76881],[-0.62771,52.7669],[-0.62878,52.76701],[-0.62935,52.76634],[-0.62993,52.76631],[-0.6301,52.76671],[-0.63056,52.76649],[-0.63121,52.7667],[-0.63267,52.76553],[-0.63351,52.76407],[-0.63148,52.76396],[-0.62928,52.76344],[-0.62879,52.76307],[-0.62775,52.76302],[-0.62578,52.76365],[-0.62453,52.76323],[-0.61019,52.76427],[-0.60859,52.75971],[-0.60986,52.75978],[-0.62305,52.75895],[-0.62769,52.75769],[-0.62774,52.75799],[-0.62815,52.75797],[-0.63957,52.75717],[-0.64508,52.75727],[-0.65693,52.75667],[-0.6626,52.7555],[-0.66368,52.7568],[-0.6641,52.75671],[-0.66771,52.76128],[-0.66951,52.7663],[-0.67276,52.77144],[-0.66849,52.77205],[-0.66486,52.7721],[-0.66471,52.77286],[-0.65133,52.772],[-0.64579,52.77259],[-0.64507,52.77256],[-0.64493,52.7723],[-0.6431,52.77231],[-0.6383,52.77281],[-0.63786,52.77357],[-0.63456,52.77349],[-0.6324,52.7742],[-0.62832,52.77497]]]}},{"type":"Feature","properties":{"id":"E01026340","name":"E01026340","parent":"E07000141","type":"LSOA","pop":2305,"r":68,"ff":29,"ffd":1258.1,"ffs":0.5686,"g":16,"co":0,"mo":0,"sa":0,"ic":0},"geometry":{"type":"Polygon","coordinates":[[[-0.66804,52.95685],[-0.65839,52.95328],[-0.65775,52.95372],[-0.65477,52.95263],[-0.64827,52.95123],[-0.64852,52.95082],[-0.64442,52.95021],[-0.63938,52.94879],[-0.64313,52.9393],[-0.64402,52.93554],[-0.64516,52.93405],[-0.64732,52.93468],[-0.64858,52.93545],[-0.64929,52.93526],[-0.65091,52.93597],[-0.65469,52.93619],[-0.6547,52.93564],[-0.65831,52.93091],[-0.66043,52.92896],[-0.66065,52.92921],[-0.66528,52.92221],[-0.66984,52.92275],[-0.67006,52.92461],[-0.67089,52.92468],[-0.6706,52.92612],[-0.67167,52.9264],[-0.67045,52.92796],[-0.67477,52.92858],[-0.68215,52.93033],[-0.68054,52.93309],[-0.68203,52.93368],[-0.68227,52.93416],[-0.68171,52.93423],[-0.68076,52.93669],[-0.67881,52.93667],[-0.67943,52.93712],[-0.69064,52.9391],[-0.69577,52.93962],[-0.7008,52.94106],[-0.7067,52.94202],[-0.70774,52.94462],[-0.70736,52.94513],[-0.70672,52.94541],[-0.70526,52.94744],[-0.70076,52.95198],[-0.69931,52.95691],[-0.69664,52.95856],[-0.69608,52.96298],[-0.69528,52.96399],[-0.69583,52.9653],[-0.69334,52.96484],[-0.66804,52.95685]]]}},{"type":"Feature","properties":{"id":"E01026341","name":"E01026341","parent":"E07000141","type":"LSOA","pop":1581,"r":11,"ff":9,"ffd":569.3,"ffs":0.8182,"g":0,"co":3,"mo":3,"sa":1,"ic":3},"geometry":{"type":"Polygon","coordinates":[[[-0.36088,52.80954],[-0.36458,52.80659],[-0.36538,52.80618],[-0.36836,52.80284],[-0.36699,52.80161],[-0.36534,52.80186],[-0.36266,52.80094],[-0.36206,52.80149],[-0.36021,52.80169],[-0.35402,52.80167],[-0.35466,52.80031],[-0.36166,52.80071],[-0.3618,52.80017],[-0.36266,52.80075],[-0.3643,52.80098],[-0.36469,52.80076],[-0.36586,52.80063],[-0.36639,52.80136],[-0.36677,52.80101],[-0.36858,52.80119],[-0.36903,52.80067],[-0.36909,52.80128],[-0.37026,52.80192],[-0.37218,52.80133],[-0.37262,52.80017],[-0.37047,52.80087],[-0.37006,52.79581],[-0.36757,52.79406],[-0.37619,52.79404],[-0.37896,52.79437],[-0.38233,52.79436],[-0.39103,52.79367],[-0.3938,52.79379],[-0.39471,52.79481],[-0.39946,52.79295],[-0.40302,52.79256],[-0.40827,52.79142],[-0.40831,52.79165],[-0.41372,52.79251],[-0.41276,52.79564],[-0.41727,52.79936],[-0.41594,52.80097],[-0.41585,52.802],[-0.4143,52.80267],[-0.41481,52.80397],[-0.41631,52.80574],[-0.41316,52.80675],[-0.40676,52.80774],[-0.40646,52.80723],[-0.40584,52.80745],[-0.40528,52.80676],[-0.40338,52.80715],[-0.40361,52.80771],[-0.40069,52.80764],[-0.39343,52.80921],[-0.38829,52.80976],[-0.36945,52.81092],[-0.36084,52.81025],[-0.36088,52.80954]]]}},{"type":"Feature","properties":{"id":"E01026342","name":"E01026342","parent":"E07000141","type":"LSOA","pop":1362,"r":11,"ff":9,"ffd":660.8,"ffs":0.8182,"g":0,"co":3,"mo":3,"sa":1,"ic":3},"geometry":{"type":"Polygon","coordinates":[[[-0.27085,52.82119],[-0.26949,52.81109],[-0.2668,52.79651],[-0.27053,52.7942],[-0.27047,52.79308],[-0.27111,52.79229],[-0.27733,52.78964],[-0.29609,52.78979],[-0.31488,52.79068],[-0.34568,52.79228],[-0.3569,52.79341],[-0.35951,52.794],[-0.36757,52.79406],[-0.37006,52.79581],[-0.37047,52.80087],[-0.37262,52.80017],[-0.37218,52.80133],[-0.37026,52.80192],[-0.36909,52.80128],[-0.36903,52.80067],[-0.36858,52.80119],[-0.36677,52.80101],[-0.36639,52.80136],[-0.36586,52.80063],[-0.36469,52.80076],[-0.3643,52.80098],[-0.36266,52.80075],[-0.3618,52.80017],[-0.36166,52.80071],[-0.35466,52.80031],[-0.35402,52.80167],[-0.36021,52.80169],[-0.36206,52.80149],[-0.36266,52.80094],[-0.36534,52.80186],[-0.36699,52.80161],[-0.36836,52.80284],[-0.36538,52.80618],[-0.36458,52.80659],[-0.36088,52.80954],[-0.36084,52.81025],[-0.36945,52.81092],[-0.38829,52.80976],[-0.39343,52.80921],[-0.40069,52.80764],[-0.40361,52.80771],[-0.40338,52.80715],[-0.40528,52.80676],[-0.40584,52.80745],[-0.40646,52.80723],[-0.40676,52.80774],[-0.40838,52.80756],[-0.41316,52.80675],[-0.41631,52.80574],[-0.41739,52.80811],[-0.41701,52.80822],[-0.41603,52.81152],[-0.41306,52.81459],[-0.41269,52.81432],[-0.41012,52.81479],[-0.40724,52.81564],[-0.40547,52.81653],[-0.40105,52.81736],[-0.3984,52.81704],[-0.39477,52.81762],[-0.3881,52.81739],[-0.38219,52.81784],[-0.37779,52.81873],[-0.37425,52.81898],[-0.37458,52.81939],[-0.37316,52.81963],[-0.3727,52.81889],[-0.37083,52.81993],[-0.36806,52.81978],[-0.36318,52.82021],[-0.3532,52.82026],[-0.34254,52.8212],[-0.33865,52.8212],[-0.33831,52.82079],[-0.33386,52.82052],[-0.32941,52.82125],[-0.32779,52.82126],[-0.30265,52.82031],[-0.30197,52.82004],[-0.29593,52.82028],[-0.29322,52.81962],[-0.28764,52.81898],[-0.28032,52.81995],[-0.27781,52.82104],[-0.27635,52.82067],[-0.27404,52.82059],[-0.27085,52.82119]]]}},{"type":"Feature","properties":{"id":"E01026343","name":"E01026343","parent":"E07000141","type":"LSOA","pop":1898,"r":70,"ff":30,"ffd":1580.6,"ffs":0.566,"g":16,"co":0,"mo":0,"sa":0,"ic":0},"geometry":{"type":"Polygon","coordinates":[[[-0.63477,52.90801],[-0.63362,52.9078],[-0.63227,52.9082],[-0.63282,52.90951],[-0.63067,52.90984],[-0.62677,52.90851],[-0.62704,52.9082],[-0.62639,52.90644],[-0.62692,52.90544],[-0.62603,52.90369],[-0.62647,52.90323],[-0.62568,52.90288],[-0.62616,52.90248],[-0.629,52.90401],[-0.62956,52.90361],[-0.62892,52.90278],[-0.62944,52.90187],[-0.63022,52.90218],[-0.63127,52.90186],[-0.63252,52.90328],[-0.63172,52.90331],[-0.63179,52.90403],[-0.63151,52.90419],[-0.63227,52.90449],[-0.63348,52.90411],[-0.63559,52.90572],[-0.63638,52.90553],[-0.63695,52.9062],[-0.63747,52.90612],[-0.63792,52.90728],[-0.6398,52.90953],[-0.63625,52.91056],[-0.63592,52.90971],[-0.63477,52.90801]]]}},{"type":"Feature","properties":{"id":"E01026344","name":"E01026344","parent":"E07000141","type":"LSOA","pop":1486,"r":70,"ff":30,"ffd":2018.8,"ffs":0.566,"g":16,"co":0,"mo":0,"sa":0,"ic":0},"geometry":{"type":"Polygon","coordinates":[[[-0.62354,52.90583],[-0.62189,52.90151],[-0.63035,52.89754],[-0.6279,52.88949],[-0.63292,52.88843],[-0.63465,52.90096],[-0.63517,52.90259],[-0.63607,52.90423],[-0.63747,52.90612],[-0.63695,52.9062],[-0.63638,52.90553],[-0.63559,52.90572],[-0.63348,52.90411],[-0.63227,52.90449],[-0.63151,52.90419],[-0.63179,52.90403],[-0.63172,52.90331],[-0.63252,52.90328],[-0.63127,52.90186],[-0.63022,52.90218],[-0.62944,52.90187],[-0.62892,52.90278],[-0.62956,52.90361],[-0.629,52.90401],[-0.62616,52.90248],[-0.62568,52.90288],[-0.62647,52.90323],[-0.62603,52.90369],[-0.62692,52.90544],[-0.62639,52.90644],[-0.62704,52.9082],[-0.62677,52.90851],[-0.62327,52.90816],[-0.62408,52.90744],[-0.62354,52.90583]]]}},{"type":"Feature","properties":{"id":"E01026345","name":"E01026345","parent":"E07000141","type":"LSOA","pop":1750,"r":70,"ff":30,"ffd":1714.3,"ffs":0.566,"g":16,"co":0,"mo":0,"sa":0,"ic":0},"geometry":{"type":"Polygon","coordinates":[[[-0.62275,52.91503],[-0.62041,52.91316],[-0.61838,52.91439],[-0.61295,52.9158],[-0.61118,52.91407],[-0.61857,52.91155],[-0.61785,52.91079],[-0.62096,52.91019],[-0.62327,52.90816],[-0.62677,52.90851],[-0.63067,52.90984],[-0.63282,52.90951],[-0.63227,52.9082],[-0.63362,52.9078],[-0.63477,52.90801],[-0.63592,52.90971],[-0.63625,52.91056],[-0.63693,52.91046],[-0.63685,52.9115],[-0.63845,52.91402],[-0.6373,52.91649],[-0.63912,52.91785],[-0.63857,52.91873],[-0.63723,52.91869],[-0.63648,52.91818],[-0.63251,52.91756],[-0.62981,52.91686],[-0.62487,52.91595],[-0.62275,52.91503]]]}},{"type":"Feature","properties":{"id":"E01026346","name":"E01026346","parent":"E07000141","type":"LSOA","pop":1164,"r":27,"ff":15,"ffd":1288.7,"ffs":0.5556,"g":0,"co":3,"mo":1,"sa":1,"ic":3},"geometry":{"type":"Polygon","coordinates":[[[-0.4626,52.66918],[-0.4625,52.6688],[-0.46163,52.66906],[-0.46121,52.66789],[-0.46172,52.66635],[-0.4608,52.66542],[-0.46153,52.66493],[-0.46114,52.66389],[-0.46151,52.66318],[-0.46095,52.66252],[-0.46198,52.66146],[-0.4661,52.6609],[-0.46598,52.6589],[-0.46673,52.65897],[-0.46656,52.6596],[-0.46697,52.6599],[-0.46716,52.65939],[-0.46836,52.65962],[-0.4689,52.65939],[-0.4725,52.65898],[-0.47312,52.65915],[-0.47323,52.65966],[-0.47444,52.66025],[-0.47334,52.66124],[-0.47193,52.66194],[-0.47182,52.66233],[-0.47088,52.66227],[-0.47488,52.66749],[-0.46607,52.66886],[-0.4626,52.66918]]]}},{"type":"Feature","properties":{"id":"E01026347","name":"E01026347","parent":"E07000141","type":"LSOA","pop":1489,"r":24,"ff":12,"ffd":805.9,"ffs":0.5,"g":0,"co":3,"mo":1,"sa":1,"ic":3},"geometry":{"type":"Polygon","coordinates":[[[-0.4778,52.65794],[-0.47751,52.65739],[-0.47549,52.65754],[-0.4736,52.65663],[-0.47315,52.65702],[-0.47387,52.65895],[-0.47312,52.65915],[-0.4725,52.65898],[-0.4689,52.65939],[-0.46836,52.65962],[-0.46716,52.65939],[-0.46697,52.6599],[-0.46656,52.6596],[-0.46673,52.65897],[-0.46598,52.6589],[-0.46634,52.65806],[-0.46915,52.65574],[-0.47041,52.65495],[-0.47287,52.65429],[-0.47356,52.65486],[-0.47753,52.65411],[-0.47928,52.65656],[-0.48162,52.66108],[-0.47811,52.66125],[-0.4785,52.65949],[-0.47719,52.65919],[-0.47702,52.65805],[-0.4778,52.65794]]]}},{"type":"Feature","properties":{"id":"E01026348","name":"E01026348","parent":"E07000141","type":"LSOA","pop":1248,"r":25,"ff":13,"ffd":1041.7,"ffs":0.52,"g":0,"co":3,"mo":1,"sa":1,"ic":3},"geometry":{"type":"Polygon","coordinates":[[[-0.47488,52.66749],[-0.47088,52.66227],[-0.47182,52.66233],[-0.47193,52.66194],[-0.47334,52.66124],[-0.47444,52.66025],[-0.47323,52.65966],[-0.47312,52.65931],[-0.47312,52.65915],[-0.47387,52.65895],[-0.47315,52.65702],[-0.4736,52.65663],[-0.47549,52.65754],[-0.47751,52.65739],[-0.4778,52.65794],[-0.47702,52.65805],[-0.47719,52.65919],[-0.4785,52.65949],[-0.47811,52.66125],[-0.48162,52.66108],[-0.48388,52.66545],[-0.48158,52.6658],[-0.4816,52.66604],[-0.48041,52.66657],[-0.47652,52.66709],[-0.47638,52.66738],[-0.47488,52.66749]]]}},{"type":"Feature","properties":{"id":"E01026349","name":"E01026349","parent":"E07000141","type":"LSOA","pop":1485,"r":22,"ff":11,"ffd":740.7,"ffs":0.5,"g":0,"co":3,"mo":1,"sa":1,"ic":3},"geometry":{"type":"Polygon","coordinates":[[[-0.48716,52.65729],[-0.48536,52.65495],[-0.47928,52.65656],[-0.4784,52.65549],[-0.48008,52.65389],[-0.47969,52.65319],[-0.48015,52.65301],[-0.48126,52.65344],[-0.48291,52.65354],[-0.48361,52.65314],[-0.48312,52.65298],[-0.48368,52.65307],[-0.48391,52.65284],[-0.48313,52.65263],[-0.48313,52.65223],[-0.48476,52.65252],[-0.48572,52.65225],[-0.48566,52.65146],[-0.48792,52.65015],[-0.49085,52.65252],[-0.4933,52.65138],[-0.49633,52.65317],[-0.49031,52.65349],[-0.48643,52.65344],[-0.49016,52.65501],[-0.49063,52.65633],[-0.48939,52.65573],[-0.48771,52.65733],[-0.48716,52.65729]]]}},{"type":"Feature","properties":{"id":"E01026350","name":"E01026350","parent":"E07000141","type":"LSOA","pop":2078,"r":23,"ff":12,"ffd":577.5,"ffs":0.5217,"g":0,"co":3,"mo":1,"sa":1,"ic":3},"geometry":{"type":"Polygon","coordinates":[[[-0.46349,52.65947],[-0.46323,52.65884],[-0.46242,52.65917],[-0.46068,52.65866],[-0.46061,52.65817],[-0.45782,52.65782],[-0.45655,52.65806],[-0.45594,52.65781],[-0.45513,52.65812],[-0.45279,52.65785],[-0.45196,52.65646],[-0.45012,52.65543],[-0.45072,52.65531],[-0.44985,52.65494],[-0.44983,52.6546],[-0.45093,52.65483],[-0.4508,52.65437],[-0.45021,52.65442],[-0.45048,52.65412],[-0.45133,52.6539],[-0.45269,52.65428],[-0.45304,52.64925],[-0.45642,52.65006],[-0.464,52.6501],[-0.47582,52.6487],[-0.47451,52.64668],[-0.47517,52.64613],[-0.476,52.64596],[-0.47595,52.64544],[-0.47524,52.64506],[-0.48345,52.64543],[-0.48432,52.64613],[-0.48462,52.64714],[-0.48415,52.64771],[-0.48299,52.64815],[-0.48298,52.64871],[-0.48147,52.6496],[-0.47745,52.65069],[-0.47701,52.65119],[-0.47703,52.65177],[-0.47641,52.65167],[-0.4763,52.65208],[-0.47516,52.6521],[-0.47534,52.65153],[-0.47457,52.65158],[-0.47451,52.65119],[-0.47284,52.65129],[-0.47351,52.65222],[-0.47312,52.65261],[-0.47098,52.65309],[-0.4712,52.65337],[-0.47189,52.65326],[-0.47289,52.65427],[-0.47041,52.65495],[-0.46915,52.65574],[-0.46634,52.65806],[-0.46598,52.6589],[-0.4661,52.6609],[-0.46198,52.66146],[-0.46173,52.66065],[-0.4641,52.65962],[-0.46349,52.65947]]]}},{"type":"Feature","properties":{"id":"E01026351","name":"E01026351","parent":"E07000141","type":"LSOA","pop":1477,"r":22,"ff":11,"ffd":744.8,"ffs":0.5,"g":0,"co":3,"mo":1,"sa":1,"ic":3},"geometry":{"type":"Polygon","coordinates":[[[-0.47785,52.65469],[-0.47753,52.65411],[-0.47356,52.65486],[-0.47189,52.65326],[-0.4712,52.65337],[-0.47098,52.65309],[-0.47312,52.65261],[-0.47351,52.65222],[-0.47284,52.65129],[-0.47451,52.65119],[-0.47457,52.65158],[-0.47534,52.65153],[-0.47516,52.6521],[-0.4763,52.65208],[-0.47641,52.65167],[-0.47703,52.65177],[-0.47701,52.65119],[-0.47745,52.65069],[-0.4784,52.6504],[-0.48067,52.65053],[-0.48307,52.64999],[-0.48386,52.6501],[-0.48534,52.64964],[-0.48676,52.64767],[-0.4933,52.65138],[-0.49085,52.65252],[-0.48792,52.65015],[-0.48566,52.65146],[-0.48572,52.65225],[-0.48476,52.65252],[-0.48313,52.65223],[-0.48313,52.65263],[-0.48391,52.65284],[-0.48368,52.65307],[-0.48312,52.65298],[-0.48361,52.65314],[-0.48291,52.65354],[-0.48126,52.65344],[-0.48015,52.65301],[-0.47969,52.65319],[-0.48008,52.65389],[-0.4784,52.65549],[-0.47785,52.65469]]]}},{"type":"Feature","properties":{"id":"E01026352","name":"E01026352","parent":"E07000141","type":"LSOA","pop":1295,"r":70,"ff":30,"ffd":2316.6,"ffs":0.566,"g":16,"co":0,"mo":0,"sa":0,"ic":0},"geometry":{"type":"Polygon","coordinates":[[[-0.63496,52.92767],[-0.63343,52.92733],[-0.63435,52.92667],[-0.63001,52.92618],[-0.62996,52.92544],[-0.63151,52.92426],[-0.63359,52.92406],[-0.63677,52.92279],[-0.6358,52.92136],[-0.63671,52.91965],[-0.63857,52.91873],[-0.63949,52.91882],[-0.64009,52.91853],[-0.63999,52.92139],[-0.64235,52.91986],[-0.64297,52.91892],[-0.64425,52.92024],[-0.64143,52.92382],[-0.64729,52.92461],[-0.64681,52.92824],[-0.64541,52.9281],[-0.64545,52.92762],[-0.645,52.92758],[-0.64505,52.92655],[-0.64557,52.92653],[-0.64564,52.92594],[-0.6443,52.92578],[-0.64308,52.92655],[-0.64267,52.92637],[-0.64196,52.92708],[-0.63982,52.92622],[-0.63931,52.92681],[-0.63981,52.92705],[-0.63909,52.9277],[-0.63862,52.9278],[-0.63775,52.92747],[-0.63721,52.92781],[-0.63799,52.92805],[-0.63764,52.92847],[-0.63496,52.92767]]]}},{"type":"Feature","properties":{"id":"E01026353","name":"E01026353","parent":"E07000141","type":"LSOA","pop":1664,"r":70,"ff":30,"ffd":1802.9,"ffs":0.566,"g":16,"co":0,"mo":0,"sa":0,"ic":0},"geometry":{"type":"Polygon","coordinates":[[[-0.64425,52.92024],[-0.64297,52.91892],[-0.64235,52.91986],[-0.63999,52.92139],[-0.64009,52.91853],[-0.63949,52.91882],[-0.63857,52.91873],[-0.63912,52.91785],[-0.6373,52.91649],[-0.63845,52.91402],[-0.6422,52.91404],[-0.64307,52.91357],[-0.64392,52.91491],[-0.64517,52.91578],[-0.64788,52.91997],[-0.64729,52.92461],[-0.64143,52.92382],[-0.64425,52.92024]]]}},{"type":"Feature","properties":{"id":"E01026354","name":"E01026354","parent":"E07000141","type":"LSOA","pop":1135,"r":69,"ff":30,"ffd":2643.2,"ffs":0.5769,"g":16,"co":0,"mo":0,"sa":0,"ic":0},"geometry":{"type":"Polygon","coordinates":[[[-0.63721,52.92781],[-0.63775,52.92747],[-0.63862,52.9278],[-0.63909,52.9277],[-0.63981,52.92705],[-0.63931,52.92681],[-0.63982,52.92622],[-0.64196,52.92708],[-0.64267,52.92637],[-0.64308,52.92655],[-0.6443,52.92578],[-0.64564,52.92594],[-0.64557,52.92653],[-0.64505,52.92655],[-0.645,52.92758],[-0.64545,52.92762],[-0.64541,52.9281],[-0.64681,52.92824],[-0.646,52.93438],[-0.64516,52.93405],[-0.64333,52.93273],[-0.63765,52.93083],[-0.64041,52.92942],[-0.63764,52.92847],[-0.63799,52.92805],[-0.63721,52.92781]]]}},{"type":"Feature","properties":{"id":"E01026355","name":"E01026355","parent":"E07000141","type":"LSOA","pop":2588,"r":24,"ff":16,"ffd":618.2,"ffs":0.6667,"g":0,"co":3,"mo":3,"sa":3,"ic":1},"geometry":{"type":"Polygon","coordinates":[[[-0.76083,53.02941],[-0.74484,53.02148],[-0.72349,53.02202],[-0.72133,53.02164],[-0.72057,53.02245],[-0.71792,53.02188],[-0.71731,53.02239],[-0.71464,53.02153],[-0.71317,53.02243],[-0.71219,53.02197],[-0.70795,53.02259],[-0.70672,53.02248],[-0.69652,53.02408],[-0.69621,53.02348],[-0.6952,53.02337],[-0.69041,53.02385],[-0.68236,53.02396],[-0.68329,53.01848],[-0.68467,53.01647],[-0.6852,53.0142],[-0.69028,53.01014],[-0.69578,53.00691],[-0.69877,53.00573],[-0.70438,53.00259],[-0.70702,53.00196],[-0.71038,52.99975],[-0.71064,52.99925],[-0.71011,52.99766],[-0.71109,52.9959],[-0.71318,52.99522],[-0.71644,52.99492],[-0.718,52.99564],[-0.71802,52.9951],[-0.71867,52.99509],[-0.71959,52.99419],[-0.72321,52.99349],[-0.72354,52.99267],[-0.72491,52.99165],[-0.72437,52.99133],[-0.72497,52.98996],[-0.72818,52.99046],[-0.72837,52.99102],[-0.73054,52.9906],[-0.73089,52.98985],[-0.73419,52.98902],[-0.73354,52.98782],[-0.73506,52.98704],[-0.73574,52.98709],[-0.73723,52.9849],[-0.74023,52.97868],[-0.74114,52.97852],[-0.74125,52.97819],[-0.74101,52.97668],[-0.74311,52.97393],[-0.74489,52.96794],[-0.74732,52.96513],[-0.74889,52.96434],[-0.74877,52.96222],[-0.75021,52.96201],[-0.75084,52.95974],[-0.75284,52.95779],[-0.75261,52.95193],[-0.75695,52.95099],[-0.75947,52.95285],[-0.76,52.95271],[-0.76454,52.95494],[-0.77032,52.9569],[-0.77367,52.95851],[-0.77431,52.95811],[-0.77642,52.95913],[-0.77844,52.95931],[-0.77837,52.96034],[-0.77779,52.96071],[-0.77926,52.96133],[-0.77801,52.96283],[-0.7783,52.96534],[-0.77771,52.96693],[-0.77767,52.97206],[-0.77808,52.97216],[-0.77711,52.97458],[-0.77822,52.97503],[-0.77728,52.97603],[-0.7777,52.97626],[-0.77755,52.97664],[-0.77828,52.97692],[-0.777,52.97786],[-0.77765,52.97844],[-0.77679,52.97901],[-0.7776,52.97959],[-0.77708,52.98004],[-0.77767,52.98039],[-0.77685,52.98143],[-0.77748,52.98169],[-0.77755,52.98381],[-0.77846,52.9837],[-0.77958,52.98498],[-0.78031,52.98512],[-0.78015,52.98639],[-0.78086,52.98641],[-0.78215,52.98754],[-0.78217,52.98839],[-0.78447,52.98853],[-0.78451,52.9901],[-0.78803,52.99177],[-0.78726,52.99316],[-0.78946,52.9939],[-0.78987,52.99372],[-0.79057,52.99461],[-0.79146,52.99499],[-0.79147,52.99543],[-0.79256,52.99588],[-0.79193,52.99742],[-0.79382,52.99787],[-0.79451,52.99949],[-0.79524,53.00012],[-0.80019,53.00219],[-0.80048,53.00378],[-0.80245,53.0053],[-0.8026,53.0063],[-0.80406,53.00639],[-0.80409,53.0125],[-0.80368,53.01292],[-0.80054,53.01148],[-0.79764,53.01075],[-0.79582,53.0106],[-0.78841,53.02585],[-0.78584,53.02574],[-0.78487,53.02518],[-0.77981,53.02441],[-0.77597,53.02488],[-0.77396,53.02554],[-0.77177,53.02682],[-0.76936,53.02756],[-0.76083,53.02941]]]}},{"type":"Feature","properties":{"id":"E01026356","name":"E01026356","parent":"E07000141","type":"LSOA","pop":1432,"r":21,"ff":10,"ffd":698.3,"ffs":0.4762,"g":0,"co":3,"mo":1,"sa":1,"ic":3},"geometry":{"type":"Polygon","coordinates":[[[-0.51902,52.66653],[-0.51094,52.66184],[-0.51184,52.66125],[-0.51172,52.66075],[-0.51035,52.66048],[-0.51047,52.65942],[-0.51096,52.65921],[-0.51104,52.65877],[-0.51247,52.65859],[-0.51144,52.65761],[-0.51029,52.65765],[-0.51013,52.65739],[-0.51053,52.65699],[-0.51168,52.65708],[-0.51168,52.65733],[-0.51259,52.65723],[-0.51259,52.65662],[-0.51403,52.65676],[-0.52094,52.66269],[-0.52359,52.66523],[-0.52183,52.66539],[-0.52183,52.66579],[-0.52063,52.6665],[-0.51988,52.66624],[-0.51902,52.66653]]]}},{"type":"Feature","properties":{"id":"E01026357","name":"E01026357","parent":"E07000141","type":"LSOA","pop":1347,"r":22,"ff":11,"ffd":816.6,"ffs":0.5,"g":0,"co":3,"mo":1,"sa":1,"ic":3},"geometry":{"type":"Polygon","coordinates":[[[-0.50311,52.65832],[-0.50336,52.6579],[-0.50393,52.65798],[-0.50417,52.65727],[-0.50637,52.65763],[-0.50717,52.65744],[-0.50728,52.65723],[-0.50587,52.65629],[-0.50623,52.65437],[-0.512,52.65501],[-0.5117,52.65612],[-0.51259,52.65662],[-0.51259,52.65723],[-0.51168,52.65733],[-0.51168,52.65708],[-0.51053,52.65699],[-0.51013,52.65739],[-0.51029,52.65765],[-0.51144,52.65761],[-0.51247,52.65859],[-0.51104,52.65877],[-0.51096,52.65921],[-0.51047,52.65942],[-0.51035,52.66048],[-0.51172,52.66075],[-0.51184,52.66125],[-0.51094,52.66184],[-0.50716,52.65971],[-0.50311,52.65832]]]}},{"type":"Feature","properties":{"id":"E01026358","name":"E01026358","parent":"E07000141","type":"LSOA","pop":1382,"r":22,"ff":11,"ffd":795.9,"ffs":0.5,"g":0,"co":3,"mo":1,"sa":1,"ic":3},"geometry":{"type":"Polygon","coordinates":[[[-0.50043,52.65794],[-0.49721,52.65723],[-0.4927,52.6559],[-0.48643,52.65344],[-0.49031,52.65349],[-0.4968,52.65324],[-0.49649,52.65368],[-0.49544,52.65385],[-0.49584,52.65448],[-0.49547,52.65491],[-0.49766,52.65523],[-0.49827,52.65561],[-0.49901,52.65555],[-0.49913,52.6552],[-0.49982,52.65496],[-0.50088,52.65507],[-0.50038,52.65608],[-0.50183,52.65631],[-0.50192,52.65573],[-0.50264,52.65565],[-0.50294,52.65519],[-0.50378,52.65586],[-0.5037,52.65538],[-0.50416,52.65536],[-0.50375,52.65463],[-0.50465,52.6542],[-0.50623,52.65437],[-0.50587,52.65629],[-0.50728,52.65723],[-0.50717,52.65744],[-0.50637,52.65763],[-0.50417,52.65727],[-0.50393,52.65798],[-0.50336,52.6579],[-0.50311,52.65832],[-0.50043,52.65794]]]}},{"type":"Feature","properties":{"id":"E01026359","name":"E01026359","parent":"E07000141","type":"LSOA","pop":2612,"r":22,"ff":11,"ffd":421.1,"ffs":0.5,"g":0,"co":3,"mo":1,"sa":1,"ic":3},"geometry":{"type":"Polygon","coordinates":[[[-0.50038,52.65608],[-0.50088,52.65507],[-0.49982,52.65496],[-0.49913,52.6552],[-0.49901,52.65555],[-0.49827,52.65561],[-0.49766,52.65523],[-0.49547,52.65491],[-0.49584,52.65448],[-0.49544,52.65385],[-0.49649,52.65368],[-0.4968,52.65324],[-0.49633,52.65317],[-0.48676,52.64767],[-0.48534,52.64964],[-0.48386,52.6501],[-0.48307,52.64999],[-0.48067,52.65053],[-0.4784,52.6504],[-0.48147,52.6496],[-0.48298,52.64871],[-0.48299,52.64815],[-0.48415,52.64771],[-0.48462,52.64714],[-0.48432,52.64613],[-0.48556,52.64531],[-0.48505,52.64445],[-0.48573,52.64422],[-0.48616,52.64358],[-0.48834,52.64376],[-0.4891,52.64351],[-0.49074,52.64234],[-0.49183,52.642],[-0.49149,52.64148],[-0.49503,52.64024],[-0.49867,52.64209],[-0.50263,52.64483],[-0.50484,52.64666],[-0.50387,52.6468],[-0.5045,52.64808],[-0.50646,52.6482],[-0.50811,52.64959],[-0.51274,52.65502],[-0.50465,52.6542],[-0.50375,52.65463],[-0.50416,52.65536],[-0.5037,52.65538],[-0.50378,52.65586],[-0.50294,52.65519],[-0.50264,52.65565],[-0.50192,52.65573],[-0.50183,52.65631],[-0.50038,52.65608]]]}},{"type":"Feature","properties":{"id":"E01026360","name":"E01026360","parent":"E07000141","type":"LSOA","pop":2151,"r":13,"ff":11,"ffd":511.4,"ffs":0.8462,"g":0,"co":3,"mo":3,"sa":1,"ic":3},"geometry":{"type":"Polygon","coordinates":[[[-0.38022,52.75624],[-0.37942,52.75521],[-0.37629,52.75578],[-0.37554,52.75378],[-0.36993,52.75435],[-0.36998,52.755],[-0.36932,52.75571],[-0.36734,52.75532],[-0.36684,52.75569],[-0.35887,52.75483],[-0.30996,52.74745],[-0.30511,52.74654],[-0.30451,52.74603],[-0.31674,52.74192],[-0.3199,52.74134],[-0.33759,52.73519],[-0.34267,52.73318],[-0.34513,52.73248],[-0.35237,52.72915],[-0.35565,52.72801],[-0.35603,52.72682],[-0.35428,52.72592],[-0.35431,52.72495],[-0.35597,52.72411],[-0.35793,52.7241],[-0.35857,52.72373],[-0.35884,52.72285],[-0.36016,52.72285],[-0.36094,52.72253],[-0.36208,52.723],[-0.36351,52.72284],[-0.36346,52.72137],[-0.36283,52.72049],[-0.36394,52.71936],[-0.3634,52.71881],[-0.36364,52.71833],[-0.36447,52.71858],[-0.36619,52.71836],[-0.36752,52.71862],[-0.36943,52.71728],[-0.37071,52.71398],[-0.37265,52.71418],[-0.37232,52.715],[-0.3745,52.71523],[-0.37523,52.7152],[-0.37525,52.71489],[-0.37844,52.71492],[-0.37809,52.7152],[-0.38308,52.7161],[-0.38604,52.71718],[-0.38688,52.71998],[-0.38812,52.72171],[-0.38772,52.72253],[-0.38681,52.72282],[-0.39404,52.72929],[-0.39701,52.73053],[-0.39372,52.73396],[-0.39491,52.73583],[-0.39647,52.73703],[-0.39496,52.73756],[-0.3968,52.7413],[-0.39721,52.74391],[-0.39808,52.74393],[-0.39919,52.74579],[-0.3993,52.74763],[-0.40005,52.75275],[-0.3994,52.75469],[-0.383,52.75568],[-0.38022,52.75624]]]}},{"type":"Feature","properties":{"id":"E01026361","name":"E01026361","parent":"E07000141","type":"LSOA","pop":2652,"r":12,"ff":8,"ffd":301.7,"ffs":0.6667,"g":0,"co":3,"mo":3,"sa":3,"ic":1},"geometry":{"type":"Polygon","coordinates":[[[-0.31039,52.91501],[-0.29288,52.91077],[-0.29055,52.91081],[-0.28372,52.91006],[-0.27886,52.91003],[-0.27541,52.9096],[-0.2565,52.90588],[-0.26952,52.87696],[-0.28066,52.88066],[-0.28649,52.88226],[-0.29242,52.88349],[-0.29833,52.8843],[-0.30143,52.88439],[-0.30543,52.88346],[-0.30791,52.88319],[-0.31067,52.8833],[-0.31952,52.88267],[-0.32171,52.88278],[-0.32857,52.88398],[-0.33148,52.88383],[-0.3331,52.88439],[-0.33428,52.88419],[-0.33483,52.88376],[-0.34088,52.8831],[-0.34369,52.88319],[-0.34787,52.88217],[-0.35073,52.88231],[-0.35305,52.88285],[-0.35477,52.88273],[-0.35533,52.88416],[-0.35635,52.88384],[-0.35742,52.88398],[-0.35957,52.88569],[-0.36208,52.88599],[-0.37639,52.88325],[-0.37683,52.88241],[-0.38468,52.88094],[-0.39096,52.88],[-0.40137,52.87896],[-0.40309,52.87844],[-0.40377,52.8788],[-0.40647,52.87822],[-0.40954,52.87827],[-0.41641,52.87696],[-0.41658,52.8773],[-0.41777,52.87709],[-0.4161,52.87532],[-0.41524,52.87532],[-0.41442,52.87419],[-0.41507,52.87371],[-0.41443,52.87167],[-0.41573,52.87118],[-0.41657,52.87021],[-0.41572,52.8689],[-0.41829,52.86814],[-0.41811,52.86778],[-0.41844,52.8677],[-0.42403,52.86696],[-0.4288,52.86656],[-0.42913,52.87123],[-0.4305,52.87287],[-0.43405,52.87394],[-0.43506,52.8751],[-0.43628,52.87567],[-0.43801,52.8791],[-0.44099,52.88106],[-0.43935,52.88155],[-0.43528,52.88171],[-0.43637,52.883],[-0.43556,52.88339],[-0.43734,52.887],[-0.43075,52.88885],[-0.42787,52.88866],[-0.42712,52.89043],[-0.42408,52.89056],[-0.41732,52.89124],[-0.41433,52.89127],[-0.41063,52.89184],[-0.39872,52.89442],[-0.39128,52.89652],[-0.3913,52.89725],[-0.38878,52.8975],[-0.38346,52.89865],[-0.38255,52.89842],[-0.37329,52.89821],[-0.37149,52.89772],[-0.36582,52.89793],[-0.36607,52.90116],[-0.36081,52.90201],[-0.36071,52.90382],[-0.35902,52.90845],[-0.35894,52.90991],[-0.35815,52.90998],[-0.35855,52.91166],[-0.35752,52.91187],[-0.35789,52.91565],[-0.34159,52.91656],[-0.33926,52.91695],[-0.32283,52.91753],[-0.31443,52.9164],[-0.31039,52.91501]]]}},{"type":"Feature","properties":{"id":"E01026362","name":"E01026362","parent":"E07000141","type":"LSOA","pop":1721,"r":23,"ff":14,"ffd":813.5,"ffs":0.6087,"g":0,"co":3,"mo":3,"sa":3,"ic":3},"geometry":{"type":"Polygon","coordinates":[[[-0.28128,52.71426],[-0.27801,52.71076],[-0.30307,52.69848],[-0.31091,52.69532],[-0.31681,52.69248],[-0.32355,52.69053],[-0.34308,52.68546],[-0.36114,52.68127],[-0.36226,52.69632],[-0.36029,52.69655],[-0.34634,52.70005],[-0.34448,52.69944],[-0.34315,52.69853],[-0.34334,52.69769],[-0.34261,52.69732],[-0.34517,52.69601],[-0.34612,52.6962],[-0.34686,52.69575],[-0.34637,52.6953],[-0.3471,52.6948],[-0.34695,52.69444],[-0.3462,52.69475],[-0.34333,52.69384],[-0.34026,52.69213],[-0.33797,52.69264],[-0.33341,52.69289],[-0.33309,52.69342],[-0.33592,52.69632],[-0.33683,52.69598],[-0.3376,52.69691],[-0.34078,52.69582],[-0.34126,52.69625],[-0.34108,52.69706],[-0.33861,52.69809],[-0.33981,52.69902],[-0.33915,52.69929],[-0.33901,52.69976],[-0.34018,52.70136],[-0.34025,52.70452],[-0.33734,52.70528],[-0.33439,52.7073],[-0.33173,52.7085],[-0.32357,52.71095],[-0.32765,52.71292],[-0.32009,52.71456],[-0.31789,52.7116],[-0.31573,52.71288],[-0.31378,52.71512],[-0.2883,52.72701],[-0.27832,52.7165],[-0.28128,52.71426]]]}},{"type":"Feature","properties":{"id":"E01026363","name":"E01026363","parent":"E07000141","type":"LSOA","pop":1968,"r":22,"ff":14,"ffd":711.4,"ffs":0.6364,"g":0,"co":3,"mo":1,"sa":3,"ic":3},"geometry":{"type":"Polygon","coordinates":[[[-0.36211,52.69387],[-0.36146,52.68665],[-0.36053,52.67005],[-0.36303,52.66922],[-0.36472,52.66828],[-0.36654,52.66791],[-0.3661,52.6636],[-0.36642,52.66295],[-0.36586,52.66219],[-0.36638,52.66206],[-0.36591,52.66158],[-0.3632,52.66125],[-0.36281,52.66011],[-0.36382,52.66027],[-0.36554,52.65982],[-0.3663,52.6601],[-0.36736,52.66003],[-0.36764,52.65959],[-0.37004,52.65891],[-0.37027,52.65795],[-0.37112,52.65842],[-0.3731,52.6574],[-0.37388,52.6576],[-0.37379,52.65708],[-0.37438,52.65723],[-0.37492,52.65792],[-0.37557,52.65785],[-0.37574,52.65713],[-0.37658,52.65693],[-0.37727,52.65566],[-0.37887,52.65616],[-0.38032,52.6556],[-0.38255,52.65606],[-0.38363,52.65573],[-0.38346,52.65517],[-0.3838,52.65545],[-0.38452,52.65537],[-0.3847,52.65444],[-0.38606,52.655],[-0.38705,52.65475],[-0.38702,52.65435],[-0.38749,52.65446],[-0.3891,52.65397],[-0.39104,52.65403],[-0.39149,52.65373],[-0.39303,52.65411],[-0.39575,52.65331],[-0.39624,52.6525],[-0.39846,52.6511],[-0.39847,52.65073],[-0.39918,52.65053],[-0.40012,52.64955],[-0.40115,52.64955],[-0.40588,52.64802],[-0.40765,52.64812],[-0.41039,52.64779],[-0.41284,52.64838],[-0.41476,52.64817],[-0.41665,52.64755],[-0.41722,52.6468],[-0.41914,52.64679],[-0.41974,52.64704],[-0.42081,52.64687],[-0.42331,52.64805],[-0.4237,52.64757],[-0.42423,52.64784],[-0.42504,52.64759],[-0.42537,52.64851],[-0.42657,52.64879],[-0.42727,52.64858],[-0.42822,52.64908],[-0.43024,52.64899],[-0.43209,52.64829],[-0.43527,52.65023],[-0.43608,52.65034],[-0.43631,52.64987],[-0.43737,52.64981],[-0.44028,52.65141],[-0.44083,52.65228],[-0.44237,52.65225],[-0.44324,52.65269],[-0.44741,52.65312],[-0.44822,52.65287],[-0.44902,52.65306],[-0.45048,52.65412],[-0.45021,52.65442],[-0.4508,52.65437],[-0.45093,52.65483],[-0.44983,52.6546],[-0.44985,52.65494],[-0.45072,52.65531],[-0.45012,52.65543],[-0.45196,52.65646],[-0.45279,52.65785],[-0.45513,52.65812],[-0.45594,52.65781],[-0.45655,52.65806],[-0.45782,52.65782],[-0.46061,52.65817],[-0.46068,52.65866],[-0.46242,52.65917],[-0.46323,52.65884],[-0.46349,52.65947],[-0.4641,52.65962],[-0.46173,52.66065],[-0.46198,52.66146],[-0.46095,52.66252],[-0.46151,52.66318],[-0.46114,52.66389],[-0.46153,52.66493],[-0.4608,52.66542],[-0.46172,52.66635],[-0.46121,52.66789],[-0.46163,52.66906],[-0.45945,52.6691],[-0.45948,52.66956],[-0.45619,52.67039],[-0.45417,52.67269],[-0.4513,52.67395],[-0.44932,52.67528],[-0.44635,52.67861],[-0.44133,52.68049],[-0.44024,52.68176],[-0.43802,52.6831],[-0.43405,52.68371],[-0.43182,52.6819],[-0.43097,52.68072],[-0.41842,52.68154],[-0.41895,52.68243],[-0.41739,52.68279],[-0.41914,52.68524],[-0.41537,52.68586],[-0.41273,52.68374],[-0.40157,52.68794],[-0.40055,52.6872],[-0.39689,52.68859],[-0.39577,52.68758],[-0.39398,52.68812],[-0.39374,52.68784],[-0.38561,52.68994],[-0.38512,52.68904],[-0.38354,52.68961],[-0.38317,52.68937],[-0.38146,52.69026],[-0.38098,52.69002],[-0.3795,52.69122],[-0.37789,52.69198],[-0.3758,52.69249],[-0.37418,52.69188],[-0.37345,52.69251],[-0.37163,52.69316],[-0.37067,52.69281],[-0.36911,52.69424],[-0.36677,52.69381],[-0.36465,52.69474],[-0.36211,52.69387]]]}},{"type":"Feature","properties":{"id":"E01026364","name":"E01026364","parent":"E07000141","type":"LSOA","pop":1853,"r":20,"ff":12,"ffd":647.6,"ffs":0.6,"g":0,"co":3,"mo":3,"sa":3,"ic":3},"geometry":{"type":"Polygon","coordinates":[[[-0.30681,52.74527],[-0.30599,52.74468],[-0.30528,52.74474],[-0.30462,52.74404],[-0.30668,52.74344],[-0.2973,52.73361],[-0.29528,52.73424],[-0.2883,52.72701],[-0.31378,52.71512],[-0.31573,52.71288],[-0.31789,52.7116],[-0.32009,52.71456],[-0.32765,52.71292],[-0.32357,52.71095],[-0.33173,52.7085],[-0.33439,52.7073],[-0.33734,52.70528],[-0.34025,52.70452],[-0.34018,52.70136],[-0.33901,52.69976],[-0.33915,52.69929],[-0.33981,52.69902],[-0.33861,52.69809],[-0.34108,52.69706],[-0.34126,52.69625],[-0.34078,52.69582],[-0.3376,52.69691],[-0.33683,52.69598],[-0.33592,52.69632],[-0.33309,52.69342],[-0.33341,52.69289],[-0.33797,52.69264],[-0.34026,52.69213],[-0.34333,52.69384],[-0.3462,52.69475],[-0.34695,52.69444],[-0.3471,52.6948],[-0.34637,52.6953],[-0.34686,52.69575],[-0.34612,52.6962],[-0.34517,52.69601],[-0.34261,52.69732],[-0.34334,52.69769],[-0.34315,52.69853],[-0.34448,52.69944],[-0.34634,52.70005],[-0.36029,52.69655],[-0.36226,52.69632],[-0.36362,52.71459],[-0.36283,52.72049],[-0.36346,52.72137],[-0.36351,52.72284],[-0.36208,52.723],[-0.36094,52.72253],[-0.36016,52.72285],[-0.35884,52.72285],[-0.35857,52.72373],[-0.35793,52.7241],[-0.35597,52.72411],[-0.35431,52.72495],[-0.35428,52.72592],[-0.35603,52.72682],[-0.35565,52.72801],[-0.35237,52.72915],[-0.34513,52.73248],[-0.34267,52.73318],[-0.33759,52.73519],[-0.3199,52.74134],[-0.31674,52.74192],[-0.30681,52.74527]]]}},{"type":"Feature","properties":{"id":"E01026365","name":"E01026365","parent":"E07000141","type":"LSOA","pop":2291,"r":26,"ff":19,"ffd":829.3,"ffs":0.7308,"g":0,"co":3,"mo":3,"sa":3,"ic":1},"geometry":{"type":"Polygon","coordinates":[[[-0.65145,52.99627],[-0.65126,52.9957],[-0.65019,52.9957],[-0.64941,52.99435],[-0.64665,52.99412],[-0.64488,52.99193],[-0.6424,52.992],[-0.64151,52.99125],[-0.64051,52.99107],[-0.63807,52.99116],[-0.63749,52.98939],[-0.63653,52.98934],[-0.6359,52.98687],[-0.63512,52.98645],[-0.63534,52.98588],[-0.63575,52.9858],[-0.63624,52.98465],[-0.63542,52.98035],[-0.6359,52.97855],[-0.63519,52.97685],[-0.63561,52.97698],[-0.63661,52.97628],[-0.63775,52.97649],[-0.6382,52.97606],[-0.63764,52.97585],[-0.63918,52.97605],[-0.64238,52.97537],[-0.64212,52.97474],[-0.64548,52.97447],[-0.64658,52.97137],[-0.64718,52.97099],[-0.64813,52.97092],[-0.64825,52.96989],[-0.64988,52.96816],[-0.64981,52.96757],[-0.65101,52.96382],[-0.65164,52.9637],[-0.65247,52.96258],[-0.65197,52.96199],[-0.65304,52.96127],[-0.65234,52.96085],[-0.65483,52.95895],[-0.65263,52.95802],[-0.65839,52.95328],[-0.66804,52.95685],[-0.69334,52.96484],[-0.69583,52.9653],[-0.69528,52.96399],[-0.69608,52.96298],[-0.69664,52.95856],[-0.69931,52.95691],[-0.70076,52.95198],[-0.70526,52.94744],[-0.70672,52.94541],[-0.70736,52.94513],[-0.7138,52.94405],[-0.71396,52.94346],[-0.71484,52.94345],[-0.71642,52.94225],[-0.71784,52.94026],[-0.71846,52.9382],[-0.72009,52.93539],[-0.72061,52.93111],[-0.71975,52.9286],[-0.72026,52.92295],[-0.72703,52.92247],[-0.73415,52.92342],[-0.73473,52.92271],[-0.7396,52.92303],[-0.73948,52.92337],[-0.74026,52.92376],[-0.74136,52.92392],[-0.74165,52.92365],[-0.74291,52.92368],[-0.74647,52.92413],[-0.74689,52.92453],[-0.75095,52.92434],[-0.75878,52.92329],[-0.7631,52.92369],[-0.76551,52.92588],[-0.76616,52.92768],[-0.76525,52.9299],[-0.76205,52.93384],[-0.76163,52.93534],[-0.76194,52.93546],[-0.76209,52.93597],[-0.76087,52.93773],[-0.75962,52.94119],[-0.75685,52.94461],[-0.75744,52.94548],[-0.75716,52.94561],[-0.75792,52.94632],[-0.75551,52.94713],[-0.75582,52.94778],[-0.75495,52.94956],[-0.75547,52.95054],[-0.75596,52.95058],[-0.75528,52.95073],[-0.75531,52.95138],[-0.75261,52.95193],[-0.75284,52.95779],[-0.75084,52.95974],[-0.75021,52.96201],[-0.74877,52.96222],[-0.74889,52.96434],[-0.74732,52.96513],[-0.74489,52.96794],[-0.74311,52.97393],[-0.74101,52.97668],[-0.74125,52.97819],[-0.74114,52.97852],[-0.74023,52.97868],[-0.73723,52.9849],[-0.73574,52.98709],[-0.73506,52.98704],[-0.73354,52.98782],[-0.73419,52.98902],[-0.73089,52.98985],[-0.73054,52.9906],[-0.72837,52.99102],[-0.72818,52.99046],[-0.72497,52.98996],[-0.72437,52.99133],[-0.72491,52.99165],[-0.72354,52.99267],[-0.72321,52.99349],[-0.71959,52.99419],[-0.71867,52.99509],[-0.71802,52.9951],[-0.718,52.99564],[-0.71644,52.99492],[-0.71318,52.99522],[-0.71109,52.9959],[-0.71011,52.99766],[-0.71064,52.99925],[-0.71038,52.99975],[-0.70702,53.00196],[-0.70438,53.00259],[-0.69877,53.00573],[-0.69578,53.00691],[-0.69028,53.01014],[-0.68849,53.01155],[-0.68168,53.01211],[-0.67454,53.0114],[-0.67437,53.01009],[-0.67168,53.00986],[-0.67198,53.00861],[-0.66865,53.00835],[-0.66822,53.00784],[-0.66824,53.00662],[-0.66586,53.00655],[-0.66607,53.00489],[-0.66277,53.00474],[-0.66312,53.00289],[-0.65617,53.00264],[-0.6568,53.00035],[-0.65622,52.99907],[-0.65541,52.99877],[-0.6555,52.99662],[-0.65145,52.99627]]]}},{"type":"Feature","properties":{"id":"E01032997","name":"E01032997","parent":"E07000141","type":"LSOA","pop":1449,"r":13,"ff":11,"ffd":759.1,"ffs":0.8462,"g":0,"co":3,"mo":3,"sa":1,"ic":3},"geometry":{"type":"Polygon","coordinates":[[[-0.35536,52.76308],[-0.35648,52.75976],[-0.35303,52.75757],[-0.34916,52.75328],[-0.35887,52.75483],[-0.36684,52.75569],[-0.36734,52.75532],[-0.36932,52.75571],[-0.36998,52.755],[-0.36993,52.75435],[-0.37296,52.75398],[-0.37136,52.75662],[-0.37159,52.75712],[-0.37242,52.75708],[-0.37286,52.75774],[-0.37226,52.75821],[-0.37269,52.75832],[-0.37301,52.75797],[-0.37429,52.7591],[-0.37242,52.75898],[-0.37247,52.75969],[-0.3716,52.75983],[-0.3708,52.75944],[-0.37115,52.76079],[-0.37004,52.76081],[-0.36971,52.75956],[-0.36914,52.75931],[-0.36956,52.76084],[-0.36838,52.7612],[-0.36745,52.76121],[-0.36757,52.76028],[-0.36263,52.76065],[-0.36229,52.76251],[-0.35893,52.76443],[-0.35851,52.76405],[-0.35536,52.76308]]]}},{"type":"Feature","properties":{"id":"E01032998","name":"E01032998","parent":"E07000141","type":"LSOA","pop":1886,"r":13,"ff":11,"ffd":583.2,"ffs":0.8462,"g":0,"co":3,"mo":3,"sa":1,"ic":3},"geometry":{"type":"Polygon","coordinates":[[[-0.37115,52.76079],[-0.3708,52.75944],[-0.3716,52.75983],[-0.37247,52.75969],[-0.37242,52.75898],[-0.37429,52.7591],[-0.37301,52.75797],[-0.37269,52.75832],[-0.37226,52.75821],[-0.37286,52.75774],[-0.37242,52.75708],[-0.37159,52.75712],[-0.37136,52.75662],[-0.37296,52.75398],[-0.37554,52.75378],[-0.37629,52.75578],[-0.37942,52.75521],[-0.38022,52.75624],[-0.37966,52.7575],[-0.37927,52.75993],[-0.37558,52.76145],[-0.37423,52.76142],[-0.37115,52.76079]]]}},{"type":"Feature","properties":{"id":"E01032999","name":"E01032999","parent":"E07000141","type":"LSOA","pop":1277,"r":13,"ff":11,"ffd":861.4,"ffs":0.8462,"g":0,"co":3,"mo":3,"sa":1,"ic":1},"geometry":{"type":"Polygon","coordinates":[[[-0.36927,52.76461],[-0.36796,52.76459],[-0.36776,52.76494],[-0.36703,52.76482],[-0.36686,52.76517],[-0.36547,52.76523],[-0.36389,52.76463],[-0.36239,52.76474],[-0.36229,52.76251],[-0.36263,52.76065],[-0.36757,52.76028],[-0.36745,52.76121],[-0.36838,52.7612],[-0.36956,52.76084],[-0.36914,52.75931],[-0.36971,52.75956],[-0.37004,52.76081],[-0.37202,52.76085],[-0.37423,52.76142],[-0.37558,52.76145],[-0.37927,52.75993],[-0.37936,52.76228],[-0.37866,52.76311],[-0.37444,52.76451],[-0.3747,52.76517],[-0.37391,52.76489],[-0.37294,52.76493],[-0.3726,52.76369],[-0.37182,52.76371],[-0.37164,52.76462],[-0.37227,52.76536],[-0.36979,52.76534],[-0.36927,52.76461]]]}},{"type":"Feature","properties":{"id":"E01034701","name":"E01034701","parent":"E07000141","type":"LSOA","pop":1743,"r":70,"ff":30,"ffd":1721.2,"ffs":0.566,"g":16,"co":0,"mo":0,"sa":0,"ic":0},"geometry":{"type":"Polygon","coordinates":[[[-0.65374,52.92216],[-0.65076,52.92009],[-0.64878,52.91715],[-0.64855,52.91645],[-0.64948,52.91622],[-0.64959,52.91645],[-0.64896,52.91656],[-0.64945,52.91745],[-0.65169,52.91704],[-0.65337,52.91726],[-0.65306,52.91831],[-0.65192,52.91862],[-0.65196,52.91892],[-0.65304,52.91909],[-0.65303,52.91971],[-0.65552,52.91971],[-0.65579,52.91924],[-0.65655,52.9191],[-0.66035,52.91931],[-0.66344,52.91908],[-0.66347,52.91849],[-0.66621,52.91833],[-0.66698,52.91737],[-0.67322,52.91814],[-0.67328,52.92109],[-0.67145,52.92124],[-0.67175,52.92265],[-0.66984,52.92275],[-0.66528,52.92221],[-0.66275,52.92602],[-0.6592,52.92467],[-0.65374,52.92216]]]}},{"type":"Feature","properties":{"id":"E01034702","name":"E01034702","parent":"E07000141","type":"LSOA","pop":1614,"r":70,"ff":30,"ffd":1858.7,"ffs":0.566,"g":16,"co":0,"mo":0,"sa":0,"ic":0},"geometry":{"type":"Polygon","coordinates":[[[-0.65304,52.91909],[-0.65196,52.91892],[-0.65192,52.91862],[-0.65306,52.91831],[-0.65337,52.91726],[-0.65169,52.91704],[-0.64945,52.91745],[-0.64896,52.91656],[-0.64959,52.91645],[-0.64948,52.91622],[-0.65064,52.91663],[-0.65288,52.91648],[-0.65854,52.91682],[-0.65864,52.91617],[-0.6592,52.91619],[-0.65803,52.91438],[-0.6574,52.91436],[-0.65774,52.91365],[-0.66101,52.91362],[-0.66105,52.91316],[-0.66065,52.91315],[-0.66017,52.91251],[-0.66301,52.91197],[-0.66472,52.91208],[-0.66536,52.91348],[-0.66616,52.9137],[-0.66588,52.914],[-0.66649,52.91424],[-0.66613,52.91465],[-0.66505,52.91417],[-0.66418,52.9149],[-0.66361,52.91463],[-0.66294,52.91529],[-0.66394,52.91567],[-0.66288,52.91648],[-0.66443,52.91665],[-0.66434,52.91725],[-0.66331,52.91713],[-0.66344,52.91908],[-0.66035,52.91931],[-0.65655,52.9191],[-0.65579,52.91924],[-0.65552,52.91971],[-0.65303,52.91971],[-0.65304,52.91909]]]}},{"type":"Feature","properties":{"id":"E01034703","name":"E01034703","parent":"E07000141","type":"LSOA","pop":1429,"r":10,"ff":8,"ffd":559.8,"ffs":0.8,"g":0,"co":3,"mo":3,"sa":1,"ic":1},"geometry":{"type":"Polygon","coordinates":[[[-0.38769,52.76942],[-0.38852,52.76885],[-0.38726,52.76901],[-0.38644,52.76871],[-0.38535,52.769],[-0.38397,52.7701],[-0.38344,52.77004],[-0.38371,52.76938],[-0.38338,52.76877],[-0.38367,52.76846],[-0.38315,52.76826],[-0.38424,52.76793],[-0.38347,52.76778],[-0.38331,52.7673],[-0.38389,52.76534],[-0.38519,52.76328],[-0.3882,52.76221],[-0.38764,52.76047],[-0.38852,52.76033],[-0.39039,52.76314],[-0.39073,52.76342],[-0.39238,52.76316],[-0.39354,52.76513],[-0.39385,52.76622],[-0.39275,52.76644],[-0.39321,52.76781],[-0.39265,52.7678],[-0.3927,52.76824],[-0.39168,52.76821],[-0.39158,52.76783],[-0.39109,52.76786],[-0.39142,52.76963],[-0.39029,52.76994],[-0.38929,52.77236],[-0.38891,52.77239],[-0.38981,52.77285],[-0.38785,52.77396],[-0.38706,52.77331],[-0.3877,52.77302],[-0.38743,52.77249],[-0.38769,52.76942]]]}},{"type":"Feature","properties":{"id":"E01034704","name":"E01034704","parent":"E07000141","type":"LSOA","pop":2407,"r":10,"ff":9,"ffd":373.9,"ffs":0.9,"g":0,"co":3,"mo":3,"sa":1,"ic":3},"geometry":{"type":"Polygon","coordinates":[[[-0.40111,52.77129],[-0.39913,52.76876],[-0.39893,52.76891],[-0.39753,52.7679],[-0.39559,52.76722],[-0.39448,52.76613],[-0.39385,52.76622],[-0.39354,52.76513],[-0.39238,52.76316],[-0.39073,52.76342],[-0.39039,52.76314],[-0.38852,52.76033],[-0.38764,52.76047],[-0.3882,52.76221],[-0.38519,52.76328],[-0.38389,52.76534],[-0.38331,52.7673],[-0.38252,52.76785],[-0.38172,52.76787],[-0.38161,52.76742],[-0.38243,52.76713],[-0.38209,52.76571],[-0.38042,52.76527],[-0.37953,52.76685],[-0.38038,52.76759],[-0.38098,52.76749],[-0.38125,52.76826],[-0.37861,52.76864],[-0.37807,52.76969],[-0.37699,52.76985],[-0.37726,52.76839],[-0.37661,52.766],[-0.37486,52.76529],[-0.37444,52.76451],[-0.37866,52.76311],[-0.37936,52.76228],[-0.37939,52.76141],[-0.38639,52.76085],[-0.38566,52.7605],[-0.38614,52.75863],[-0.38766,52.75792],[-0.38906,52.7577],[-0.38941,52.75734],[-0.38777,52.75713],[-0.38787,52.75549],[-0.3994,52.75469],[-0.3996,52.75577],[-0.40217,52.75852],[-0.40302,52.76],[-0.40383,52.76026],[-0.40511,52.76137],[-0.40729,52.76135],[-0.40727,52.76442],[-0.40556,52.7666],[-0.4071,52.7677],[-0.40111,52.77129]]]}},{"type":"Feature","properties":{"id":"E01034705","name":"E01034705","parent":"E07000141","type":"LSOA","pop":1676,"r":13,"ff":11,"ffd":656.3,"ffs":0.8462,"g":0,"co":3,"mo":3,"sa":1,"ic":3},"geometry":{"type":"Polygon","coordinates":[[[-0.383,52.75568],[-0.38787,52.75549],[-0.38777,52.75713],[-0.38941,52.75734],[-0.38906,52.7577],[-0.38766,52.75792],[-0.38614,52.75863],[-0.38566,52.7605],[-0.38639,52.76085],[-0.37939,52.76141],[-0.37927,52.75993],[-0.37944,52.7585],[-0.38022,52.75624],[-0.383,52.75568]]]}}]}