{"type":"FeatureCollection","features":[{"type":"Feature","properties":{"id":"E01011740","name":"E01011740","parent":"E08000036","type":"LSOA","pop":1620,"r":203,"ff":90,"ffd":5555.6,"ffs":0.5294,"g":32,"co":3,"mo":0,"sa":0,"ic":1},"geometry":{"type":"Polygon","coordinates":[[[-1.31077,53.73119],[-1.31061,53.73069],[-1.3099,53.73053],[-1.30851,53.73073],[-1.30801,53.72996],[-1.30749,53.72991],[-1.30686,53.72954],[-1.3069,53.72893],[-1.30646,53.7289],[-1.30658,53.72813],[-1.30349,53.72941],[-1.30211,53.729],[-1.30148,53.72976],[-1.3001,53.7293],[-1.30025,53.72871],[-1.30141,53.72879],[-1.30155,53.72746],[-1.30067,53.72687],[-1.29739,53.72586],[-1.30381,53.72437],[-1.30438,53.72471],[-1.30508,53.72468],[-1.30496,53.72393],[-1.30558,53.72395],[-1.30558,53.72274],[-1.30622,53.72264],[-1.30748,53.72352],[-1.30843,53.7237],[-1.30813,53.72395],[-1.30947,53.72388],[-1.31013,53.72425],[-1.30967,53.72454],[-1.31034,53.72538],[-1.31112,53.72525],[-1.31128,53.72604],[-1.31086,53.72649],[-1.31038,53.7264],[-1.30955,53.72679],[-1.30955,53.72714],[-1.30914,53.72713],[-1.30905,53.72828],[-1.30953,53.72923],[-1.31095,53.72897],[-1.31224,53.7292],[-1.3125,53.72996],[-1.31153,53.73048],[-1.31195,53.73093],[-1.31128,53.73084],[-1.31077,53.73119]]]}},{"type":"Feature","properties":{"id":"E01011741","name":"E01011741","parent":"E08000036","type":"LSOA","pop":1356,"r":201,"ff":90,"ffd":6637.2,"ffs":0.5357,"g":32,"co":3,"mo":0,"sa":0,"ic":1},"geometry":{"type":"Polygon","coordinates":[[[-1.28626,53.72485],[-1.29014,53.72363],[-1.29605,53.72252],[-1.30301,53.71733],[-1.3046,53.71844],[-1.30365,53.71864],[-1.30364,53.72002],[-1.30466,53.71989],[-1.30563,53.72013],[-1.30683,53.71973],[-1.30749,53.72025],[-1.30564,53.72053],[-1.30657,53.72193],[-1.31143,53.72189],[-1.31201,53.72234],[-1.31138,53.72275],[-1.31072,53.72231],[-1.3101,53.7226],[-1.30954,53.72232],[-1.30902,53.72262],[-1.30947,53.72388],[-1.30813,53.72395],[-1.30843,53.7237],[-1.30748,53.72352],[-1.30622,53.72264],[-1.30558,53.72274],[-1.30558,53.72395],[-1.30496,53.72393],[-1.30508,53.72468],[-1.30438,53.72471],[-1.30381,53.72437],[-1.29739,53.72586],[-1.29386,53.72536],[-1.28626,53.72485]]]}},{"type":"Feature","properties":{"id":"E01011742","name":"E01011742","parent":"E08000036","type":"LSOA","pop":1741,"r":209,"ff":93,"ffd":5341.8,"ffs":0.5345,"g":34,"co":3,"mo":0,"sa":0,"ic":1},"geometry":{"type":"Polygon","coordinates":[[[-1.30905,53.72828],[-1.30914,53.72713],[-1.30955,53.72714],[-1.30955,53.72679],[-1.31038,53.7264],[-1.31086,53.72649],[-1.31128,53.72604],[-1.31112,53.72525],[-1.31034,53.72538],[-1.30967,53.72454],[-1.31013,53.72425],[-1.30947,53.72388],[-1.30902,53.72262],[-1.30954,53.72232],[-1.3101,53.7226],[-1.31072,53.72231],[-1.31138,53.72275],[-1.31201,53.72234],[-1.31143,53.72189],[-1.31344,53.722],[-1.31553,53.72323],[-1.31525,53.72378],[-1.31632,53.72439],[-1.31883,53.72477],[-1.31898,53.7254],[-1.31967,53.72571],[-1.32158,53.72586],[-1.32166,53.72694],[-1.32095,53.72702],[-1.32097,53.72729],[-1.31969,53.7273],[-1.31935,53.7268],[-1.3183,53.72693],[-1.31731,53.72883],[-1.31582,53.72838],[-1.31497,53.72766],[-1.31367,53.72797],[-1.31319,53.72689],[-1.31196,53.72717],[-1.3119,53.72687],[-1.31132,53.72754],[-1.31026,53.72739],[-1.30962,53.7277],[-1.31095,53.72897],[-1.30953,53.72923],[-1.30905,53.72828]]]}},{"type":"Feature","properties":{"id":"E01011743","name":"E01011743","parent":"E08000036","type":"LSOA","pop":1404,"r":212,"ff":94,"ffd":6695.2,"ffs":0.5371,"g":36,"co":3,"mo":0,"sa":0,"ic":1},"geometry":{"type":"Polygon","coordinates":[[[-1.30749,53.72025],[-1.30683,53.71973],[-1.30563,53.72013],[-1.30466,53.71989],[-1.30364,53.72002],[-1.30365,53.71864],[-1.3046,53.71844],[-1.30301,53.71733],[-1.30204,53.71814],[-1.29708,53.71377],[-1.29556,53.71149],[-1.29894,53.71115],[-1.3032,53.71256],[-1.30608,53.71273],[-1.30675,53.71351],[-1.30784,53.71324],[-1.30838,53.71469],[-1.31083,53.71497],[-1.31039,53.71497],[-1.31019,53.71565],[-1.3128,53.71596],[-1.31333,53.7169],[-1.31195,53.7172],[-1.31342,53.71768],[-1.31343,53.71802],[-1.31289,53.71803],[-1.31162,53.71936],[-1.31119,53.7207],[-1.31143,53.72189],[-1.30657,53.72193],[-1.30564,53.72053],[-1.30749,53.72025]]]}},{"type":"Feature","properties":{"id":"E01011744","name":"E01011744","parent":"E08000036","type":"LSOA","pop":1600,"r":102,"ff":58,"ffd":3625.0,"ffs":0.5918,"g":4,"co":3,"mo":1,"sa":1,"ic":1},"geometry":{"type":"Polygon","coordinates":[[[-1.31344,53.722],[-1.31143,53.72189],[-1.31119,53.7207],[-1.31162,53.71936],[-1.31289,53.71803],[-1.31343,53.71802],[-1.31342,53.71768],[-1.31195,53.7172],[-1.31333,53.7169],[-1.3128,53.71596],[-1.31019,53.71565],[-1.31039,53.71497],[-1.31083,53.71497],[-1.30838,53.71469],[-1.30784,53.71324],[-1.30675,53.71351],[-1.30608,53.71273],[-1.3032,53.71256],[-1.29894,53.71115],[-1.30573,53.71035],[-1.31185,53.71007],[-1.31805,53.71708],[-1.31891,53.7174],[-1.32064,53.72023],[-1.3173,53.72201],[-1.31405,53.72198],[-1.31395,53.72237],[-1.31344,53.722]]]}},{"type":"Feature","properties":{"id":"E01011745","name":"E01011745","parent":"E08000036","type":"LSOA","pop":1822,"r":191,"ff":85,"ffd":4665.2,"ffs":0.5346,"g":31,"co":1,"mo":0,"sa":0,"ic":1},"geometry":{"type":"Polygon","coordinates":[[[-1.29977,53.73255],[-1.3006,53.73148],[-1.30099,53.73154],[-1.30107,53.73125],[-1.29936,53.73073],[-1.30047,53.72943],[-1.30148,53.72976],[-1.30211,53.729],[-1.30349,53.72941],[-1.30658,53.72813],[-1.30646,53.7289],[-1.3069,53.72893],[-1.30686,53.72954],[-1.30749,53.72991],[-1.30626,53.73081],[-1.30643,53.73139],[-1.30712,53.73235],[-1.30765,53.73217],[-1.30839,53.7333],[-1.30945,53.73332],[-1.31022,53.73438],[-1.31219,53.73533],[-1.30308,53.73595],[-1.29782,53.73579],[-1.29838,53.73534],[-1.29842,53.7342],[-1.29793,53.73402],[-1.29812,53.73367],[-1.29977,53.73255]]]}},{"type":"Feature","properties":{"id":"E01011746","name":"E01011746","parent":"E08000036","type":"LSOA","pop":2678,"r":200,"ff":88,"ffd":3286.0,"ffs":0.5269,"g":32,"co":1,"mo":0,"sa":0,"ic":1},"geometry":{"type":"Polygon","coordinates":[[[-1.29367,53.73936],[-1.29231,53.73893],[-1.28931,53.73672],[-1.28628,53.73503],[-1.28474,53.73283],[-1.27962,53.72921],[-1.27792,53.72669],[-1.28626,53.72485],[-1.29386,53.72536],[-1.29739,53.72586],[-1.30067,53.72687],[-1.30155,53.72746],[-1.30141,53.72879],[-1.30025,53.72871],[-1.3001,53.7293],[-1.30047,53.72943],[-1.29936,53.73073],[-1.30107,53.73125],[-1.30099,53.73154],[-1.3006,53.73148],[-1.29977,53.73255],[-1.29812,53.73367],[-1.29793,53.73402],[-1.29842,53.7342],[-1.29838,53.73534],[-1.29782,53.73579],[-1.30308,53.73595],[-1.31219,53.73533],[-1.31022,53.73438],[-1.30945,53.73332],[-1.30839,53.7333],[-1.30765,53.73217],[-1.30712,53.73235],[-1.30643,53.73139],[-1.30626,53.73081],[-1.30749,53.72991],[-1.30801,53.72996],[-1.30851,53.73073],[-1.3099,53.73053],[-1.31061,53.73069],[-1.31077,53.73119],[-1.31128,53.73084],[-1.31195,53.73093],[-1.31153,53.73048],[-1.3125,53.72996],[-1.31224,53.7292],[-1.31095,53.72897],[-1.30962,53.7277],[-1.31026,53.72739],[-1.31132,53.72754],[-1.3119,53.72687],[-1.31196,53.72717],[-1.31319,53.72689],[-1.31367,53.72797],[-1.31497,53.72766],[-1.31582,53.72838],[-1.31731,53.72883],[-1.31988,53.73115],[-1.32271,53.7304],[-1.32424,53.73035],[-1.32542,53.72902],[-1.32721,53.72973],[-1.32763,53.73034],[-1.32733,53.73088],[-1.32618,53.73165],[-1.32613,53.73212],[-1.32796,53.7322],[-1.32971,53.73186],[-1.33215,53.73579],[-1.32958,53.73656],[-1.32806,53.73659],[-1.32649,53.73614],[-1.32439,53.73495],[-1.32309,53.73482],[-1.3204,53.7356],[-1.31592,53.73973],[-1.31356,53.74101],[-1.31161,53.741],[-1.30976,53.73958],[-1.3082,53.73911],[-1.30204,53.74172],[-1.29974,53.74165],[-1.29647,53.7396],[-1.29367,53.73936]]]}},{"type":"Feature","properties":{"id":"E01011747","name":"E01011747","parent":"E08000036","type":"LSOA","pop":1910,"r":102,"ff":58,"ffd":3036.6,"ffs":0.5918,"g":4,"co":3,"mo":1,"sa":1,"ic":1},"geometry":{"type":"Polygon","coordinates":[[[-1.32544,53.72903],[-1.32424,53.73035],[-1.32271,53.7304],[-1.31988,53.73115],[-1.31731,53.72883],[-1.3183,53.72693],[-1.31935,53.7268],[-1.31969,53.7273],[-1.32097,53.72729],[-1.32095,53.72702],[-1.32166,53.72694],[-1.32158,53.72586],[-1.31967,53.72571],[-1.31898,53.7254],[-1.31883,53.72477],[-1.32657,53.72418],[-1.33084,53.72366],[-1.33152,53.72516],[-1.33148,53.72605],[-1.33199,53.72668],[-1.33316,53.72891],[-1.33267,53.72915],[-1.3335,53.7304],[-1.32954,53.73157],[-1.32971,53.73186],[-1.32796,53.7322],[-1.32613,53.73212],[-1.32618,53.73165],[-1.32733,53.73088],[-1.32763,53.73034],[-1.32721,53.72973],[-1.32544,53.72903]]]}},{"type":"Feature","properties":{"id":"E01011748","name":"E01011748","parent":"E08000036","type":"LSOA","pop":1491,"r":255,"ff":108,"ffd":7243.5,"ffs":0.5373,"g":52,"co":2,"mo":0,"sa":0,"ic":1},"geometry":{"type":"Polygon","coordinates":[[[-1.33924,53.7209],[-1.33789,53.72],[-1.33724,53.72051],[-1.33758,53.72072],[-1.33551,53.71999],[-1.3359,53.71917],[-1.3372,53.71887],[-1.338,53.7192],[-1.33914,53.71815],[-1.33874,53.71782],[-1.33767,53.71791],[-1.33753,53.71753],[-1.33685,53.71751],[-1.33649,53.71781],[-1.33536,53.71772],[-1.33506,53.71809],[-1.33582,53.71846],[-1.33413,53.71999],[-1.33326,53.71971],[-1.33148,53.7199],[-1.33086,53.72024],[-1.33002,53.72005],[-1.3287,53.72045],[-1.32716,53.71988],[-1.32918,53.71931],[-1.33057,53.71957],[-1.33054,53.71928],[-1.33268,53.71826],[-1.33299,53.71739],[-1.3335,53.71726],[-1.33302,53.7171],[-1.33315,53.71667],[-1.33342,53.71651],[-1.33281,53.71611],[-1.33459,53.71634],[-1.33489,53.71615],[-1.33379,53.7157],[-1.3336,53.71508],[-1.33256,53.71515],[-1.33265,53.71427],[-1.3319,53.71362],[-1.3318,53.71289],[-1.33053,53.71238],[-1.33279,53.71191],[-1.33262,53.7104],[-1.33178,53.71004],[-1.33447,53.7099],[-1.33486,53.7111],[-1.3374,53.71435],[-1.33939,53.71498],[-1.34013,53.71438],[-1.34074,53.71479],[-1.3401,53.71608],[-1.34045,53.71664],[-1.343,53.71655],[-1.34271,53.71604],[-1.34377,53.7159],[-1.34437,53.71685],[-1.34365,53.71752],[-1.34096,53.71805],[-1.34058,53.7184],[-1.34097,53.72006],[-1.34059,53.72025],[-1.33961,53.71994],[-1.34013,53.72046],[-1.33924,53.7209]]]}},{"type":"Feature","properties":{"id":"E01011750","name":"E01011750","parent":"E08000036","type":"LSOA","pop":1694,"r":222,"ff":95,"ffd":5608.0,"ffs":0.5249,"g":40,"co":2,"mo":0,"sa":0,"ic":1},"geometry":{"type":"Polygon","coordinates":[[[-1.31395,53.72237],[-1.31405,53.72198],[-1.3173,53.72201],[-1.32064,53.72023],[-1.31891,53.7174],[-1.32081,53.7176],[-1.32202,53.71865],[-1.32359,53.71901],[-1.32414,53.71831],[-1.32483,53.71875],[-1.32598,53.71848],[-1.32604,53.7178],[-1.32745,53.71786],[-1.32767,53.71857],[-1.32627,53.71939],[-1.32671,53.71962],[-1.32412,53.7199],[-1.3241,53.72084],[-1.32465,53.72099],[-1.32356,53.72137],[-1.32389,53.72203],[-1.3235,53.72213],[-1.32394,53.72213],[-1.32417,53.72254],[-1.32368,53.72278],[-1.32389,53.72336],[-1.3232,53.72354],[-1.32009,53.72358],[-1.32017,53.72466],[-1.31883,53.72477],[-1.31632,53.72439],[-1.31525,53.72378],[-1.31553,53.72323],[-1.31395,53.72237]]]}},{"type":"Feature","properties":{"id":"E01011751","name":"E01011751","parent":"E08000036","type":"LSOA","pop":1279,"r":214,"ff":97,"ffd":7584.1,"ffs":0.5359,"g":32,"co":2,"mo":0,"sa":0,"ic":1},"geometry":{"type":"Polygon","coordinates":[[[-1.33149,53.72509],[-1.33356,53.72443],[-1.33318,53.72315],[-1.3338,53.723],[-1.3327,53.72241],[-1.33275,53.72214],[-1.33423,53.72233],[-1.33442,53.7214],[-1.33486,53.72124],[-1.33515,53.72154],[-1.33677,53.72038],[-1.33758,53.72072],[-1.33724,53.72051],[-1.33789,53.72],[-1.33924,53.7209],[-1.34013,53.72046],[-1.3406,53.72081],[-1.33917,53.72183],[-1.34041,53.72266],[-1.34108,53.72233],[-1.34195,53.72296],[-1.34226,53.72286],[-1.34232,53.72366],[-1.34053,53.72518],[-1.33874,53.72503],[-1.33828,53.72608],[-1.33865,53.72688],[-1.33656,53.72763],[-1.33492,53.72783],[-1.33302,53.72856],[-1.33148,53.72605],[-1.33149,53.72509]]]}},{"type":"Feature","properties":{"id":"E01011752","name":"E01011752","parent":"E08000036","type":"LSOA","pop":1730,"r":237,"ff":104,"ffd":6011.6,"ffs":0.5333,"g":41,"co":2,"mo":0,"sa":0,"ic":1},"geometry":{"type":"Polygon","coordinates":[[[-1.33905,53.73651],[-1.33385,53.73569],[-1.33215,53.73579],[-1.32954,53.73157],[-1.3335,53.7304],[-1.33267,53.72915],[-1.33316,53.72891],[-1.33302,53.72856],[-1.33492,53.72783],[-1.33656,53.72763],[-1.33865,53.72688],[-1.33828,53.72608],[-1.33874,53.72503],[-1.34175,53.72519],[-1.3428,53.72581],[-1.34386,53.72607],[-1.34356,53.72641],[-1.34418,53.72694],[-1.34692,53.72576],[-1.34508,53.72435],[-1.34563,53.72391],[-1.34543,53.72357],[-1.34631,53.724],[-1.34766,53.72352],[-1.34835,53.72364],[-1.34965,53.72326],[-1.35034,53.72422],[-1.35133,53.72515],[-1.34776,53.72621],[-1.3496,53.72756],[-1.34966,53.72841],[-1.35525,53.72818],[-1.35701,53.72827],[-1.35827,53.72887],[-1.35862,53.73156],[-1.35648,53.73153],[-1.33905,53.73651]]]}},{"type":"Feature","properties":{"id":"E01011753","name":"E01011753","parent":"E08000036","type":"LSOA","pop":1435,"r":242,"ff":106,"ffd":7386.8,"ffs":0.5381,"g":43,"co":2,"mo":0,"sa":0,"ic":1},"geometry":{"type":"Polygon","coordinates":[[[-1.34232,53.72366],[-1.34226,53.72286],[-1.34195,53.72296],[-1.34108,53.72233],[-1.34041,53.72266],[-1.33917,53.72183],[-1.3406,53.72081],[-1.33961,53.71994],[-1.34059,53.72025],[-1.34097,53.72006],[-1.34058,53.7184],[-1.34096,53.71805],[-1.34365,53.71752],[-1.34371,53.71929],[-1.34253,53.71956],[-1.34417,53.72162],[-1.34543,53.72179],[-1.34591,53.72164],[-1.34633,53.72252],[-1.34667,53.72211],[-1.34773,53.72187],[-1.34882,53.72215],[-1.34965,53.72326],[-1.34835,53.72364],[-1.34766,53.72352],[-1.34631,53.724],[-1.34543,53.72357],[-1.34563,53.72391],[-1.34508,53.72435],[-1.34692,53.72576],[-1.34418,53.72694],[-1.34356,53.72641],[-1.34386,53.72607],[-1.3428,53.72581],[-1.34175,53.72519],[-1.34053,53.72518],[-1.34232,53.72366]]]}},{"type":"Feature","properties":{"id":"E01011754","name":"E01011754","parent":"E08000036","type":"LSOA","pop":1563,"r":230,"ff":101,"ffd":6461.9,"ffs":0.5372,"g":41,"co":2,"mo":0,"sa":0,"ic":1},"geometry":{"type":"Polygon","coordinates":[[[-1.33149,53.72509],[-1.33084,53.72366],[-1.32017,53.72466],[-1.32009,53.72358],[-1.3232,53.72354],[-1.32389,53.72336],[-1.32368,53.72278],[-1.32417,53.72254],[-1.32394,53.72213],[-1.3235,53.72213],[-1.32389,53.72203],[-1.32356,53.72137],[-1.32465,53.72099],[-1.3241,53.72084],[-1.32412,53.7199],[-1.32671,53.71962],[-1.3287,53.72045],[-1.33002,53.72005],[-1.33086,53.72024],[-1.33148,53.7199],[-1.33326,53.71971],[-1.33413,53.71999],[-1.33582,53.71846],[-1.33506,53.71809],[-1.33536,53.71772],[-1.33649,53.71781],[-1.33685,53.71751],[-1.33753,53.71753],[-1.33767,53.71791],[-1.33874,53.71782],[-1.33914,53.71815],[-1.338,53.7192],[-1.3372,53.71887],[-1.3359,53.71917],[-1.33551,53.71999],[-1.33677,53.72038],[-1.33515,53.72154],[-1.33486,53.72124],[-1.33442,53.7214],[-1.33423,53.72233],[-1.33275,53.72214],[-1.3327,53.72241],[-1.3338,53.723],[-1.33318,53.72315],[-1.33356,53.72443],[-1.33149,53.72509]]]}},{"type":"Feature","properties":{"id":"E01011755","name":"E01011755","parent":"E08000036","type":"LSOA","pop":1489,"r":248,"ff":103,"ffd":6917.4,"ffs":0.5309,"g":52,"co":2,"mo":0,"sa":0,"ic":1},"geometry":{"type":"Polygon","coordinates":[[[-1.32627,53.71939],[-1.32767,53.71857],[-1.32745,53.71786],[-1.32604,53.7178],[-1.32598,53.71848],[-1.3254,53.71872],[-1.32483,53.71875],[-1.32414,53.71831],[-1.32359,53.71901],[-1.32202,53.71865],[-1.32081,53.7176],[-1.31891,53.7174],[-1.31805,53.71708],[-1.31185,53.71007],[-1.31938,53.70984],[-1.32253,53.70957],[-1.32989,53.70844],[-1.3333,53.70769],[-1.33125,53.70908],[-1.33236,53.70991],[-1.33178,53.71004],[-1.33262,53.7104],[-1.33279,53.71191],[-1.33053,53.71238],[-1.3318,53.71289],[-1.3319,53.71362],[-1.33265,53.71427],[-1.33256,53.71515],[-1.3336,53.71508],[-1.33379,53.7157],[-1.33489,53.71615],[-1.33459,53.71634],[-1.33281,53.71611],[-1.33342,53.71651],[-1.33315,53.71667],[-1.33302,53.7171],[-1.3335,53.71726],[-1.33299,53.71739],[-1.33268,53.71826],[-1.33054,53.71928],[-1.33057,53.71957],[-1.32918,53.71931],[-1.32716,53.71988],[-1.32627,53.71939]]]}},{"type":"Feature","properties":{"id":"E01011756","name":"E01011756","parent":"E08000036","type":"LSOA","pop":1361,"r":248,"ff":106,"ffd":7788.4,"ffs":0.5327,"g":47,"co":2,"mo":0,"sa":0,"ic":1},"geometry":{"type":"Polygon","coordinates":[[[-1.34633,53.72252],[-1.34591,53.72164],[-1.34543,53.72179],[-1.34417,53.72162],[-1.34253,53.71956],[-1.34371,53.71929],[-1.34369,53.718],[-1.34444,53.71828],[-1.34595,53.71793],[-1.34518,53.71683],[-1.34668,53.71651],[-1.34558,53.71616],[-1.34558,53.71572],[-1.34794,53.71549],[-1.34775,53.71606],[-1.34924,53.71855],[-1.35024,53.71837],[-1.35041,53.71861],[-1.351,53.71846],[-1.35183,53.71957],[-1.35219,53.71947],[-1.3532,53.72084],[-1.35316,53.72115],[-1.34882,53.72215],[-1.34773,53.72187],[-1.34667,53.72211],[-1.34633,53.72252]]]}},{"type":"Feature","properties":{"id":"E01011757","name":"E01011757","parent":"E08000036","type":"LSOA","pop":2550,"r":321,"ff":131,"ffd":5137.3,"ffs":0.5178,"g":65,"co":2,"mo":0,"sa":0,"ic":1},"geometry":{"type":"Polygon","coordinates":[[[-1.36899,53.7199],[-1.36862,53.71837],[-1.36946,53.71826],[-1.37182,53.71897],[-1.372,53.71786],[-1.37345,53.71786],[-1.37404,53.71719],[-1.37208,53.71641],[-1.37253,53.71547],[-1.3717,53.71428],[-1.37567,53.71451],[-1.37687,53.71498],[-1.37799,53.71475],[-1.37754,53.71347],[-1.38124,53.71251],[-1.38232,53.71192],[-1.38489,53.70968],[-1.38614,53.71029],[-1.38625,53.71168],[-1.38712,53.7125],[-1.38565,53.7135],[-1.3849,53.71322],[-1.38432,53.71366],[-1.38478,53.71393],[-1.38383,53.71483],[-1.37615,53.71881],[-1.37679,53.7192],[-1.37762,53.7218],[-1.37524,53.72215],[-1.37247,53.72207],[-1.37137,53.72153],[-1.36906,53.7211],[-1.36868,53.72066],[-1.36899,53.7199]]]}},{"type":"Feature","properties":{"id":"E01011758","name":"E01011758","parent":"E08000036","type":"LSOA","pop":2825,"r":366,"ff":138,"ffd":4885.0,"ffs":0.4825,"g":77,"co":2,"mo":2,"sa":0,"ic":0},"geometry":{"type":"Polygon","coordinates":[[[-1.38209,53.72212],[-1.3808,53.72171],[-1.37772,53.72213],[-1.37788,53.72269],[-1.37679,53.7192],[-1.37615,53.71881],[-1.38383,53.71483],[-1.38478,53.71393],[-1.38432,53.71366],[-1.3849,53.71322],[-1.38565,53.7135],[-1.38712,53.7125],[-1.38625,53.71168],[-1.38614,53.71029],[-1.38489,53.70968],[-1.39351,53.70566],[-1.39272,53.70404],[-1.39447,53.70171],[-1.39095,53.69964],[-1.38629,53.69777],[-1.38935,53.69465],[-1.39134,53.694],[-1.39403,53.69521],[-1.39882,53.69616],[-1.39949,53.69706],[-1.40412,53.70125],[-1.40356,53.70161],[-1.40694,53.70382],[-1.40857,53.70521],[-1.41241,53.7067],[-1.41602,53.70779],[-1.41248,53.71157],[-1.41076,53.71238],[-1.40467,53.71374],[-1.40526,53.71521],[-1.40382,53.71574],[-1.40333,53.71662],[-1.40269,53.71673],[-1.40187,53.71748],[-1.40107,53.71749],[-1.39895,53.71939],[-1.39764,53.71991],[-1.39701,53.72058],[-1.39569,53.72319],[-1.39449,53.72378],[-1.39069,53.72464],[-1.38209,53.72212]]]}},{"type":"Feature","properties":{"id":"E01011759","name":"E01011759","parent":"E08000036","type":"LSOA","pop":2041,"r":297,"ff":123,"ffd":6026.5,"ffs":0.5302,"g":62,"co":2,"mo":0,"sa":0,"ic":1},"geometry":{"type":"Polygon","coordinates":[[[-1.36867,53.72612],[-1.36851,53.72575],[-1.36682,53.72596],[-1.36655,53.72492],[-1.36839,53.72456],[-1.36562,53.72402],[-1.36486,53.7219],[-1.36646,53.72176],[-1.36732,53.72141],[-1.36708,53.72104],[-1.36868,53.72066],[-1.36906,53.7211],[-1.37137,53.72153],[-1.37247,53.72207],[-1.37524,53.72215],[-1.37762,53.7218],[-1.37788,53.72269],[-1.37772,53.72213],[-1.3808,53.72171],[-1.39069,53.72464],[-1.38171,53.72662],[-1.37651,53.72937],[-1.37412,53.72981],[-1.37203,53.72959],[-1.36938,53.72735],[-1.36562,53.72719],[-1.36629,53.72673],[-1.36867,53.72612]]]}},{"type":"Feature","properties":{"id":"E01011761","name":"E01011761","parent":"E08000036","type":"LSOA","pop":2273,"r":272,"ff":114,"ffd":5015.4,"ffs":0.5302,"g":54,"co":2,"mo":0,"sa":0,"ic":1},"geometry":{"type":"Polygon","coordinates":[[[-1.35924,53.72272],[-1.35959,53.72253],[-1.35729,53.72281],[-1.35772,53.72247],[-1.35685,53.72227],[-1.35832,53.72204],[-1.35801,53.72108],[-1.35707,53.72105],[-1.35727,53.72044],[-1.35759,53.72061],[-1.35773,53.72039],[-1.35933,53.72027],[-1.35975,53.72004],[-1.3607,53.72024],[-1.3614,53.72118],[-1.36202,53.71983],[-1.36176,53.71789],[-1.36068,53.71549],[-1.36099,53.71533],[-1.36241,53.71578],[-1.36281,53.71531],[-1.36371,53.71541],[-1.36425,53.71503],[-1.36434,53.71462],[-1.36103,53.71284],[-1.36304,53.71293],[-1.36307,53.71193],[-1.36395,53.71198],[-1.36394,53.7127],[-1.3644,53.71275],[-1.36465,53.71413],[-1.36627,53.71502],[-1.36689,53.71482],[-1.3682,53.71514],[-1.36861,53.71436],[-1.36933,53.71411],[-1.37142,53.71447],[-1.3717,53.71428],[-1.37253,53.71547],[-1.37208,53.71641],[-1.37404,53.71719],[-1.37345,53.71786],[-1.372,53.71786],[-1.37182,53.71897],[-1.36946,53.71826],[-1.36862,53.71837],[-1.36899,53.7199],[-1.36868,53.72066],[-1.36708,53.72104],[-1.36732,53.72141],[-1.36646,53.72176],[-1.36486,53.7219],[-1.3654,53.72312],[-1.36252,53.72313],[-1.35873,53.72447],[-1.35837,53.72389],[-1.35977,53.72366],[-1.35924,53.72272]]]}},{"type":"Feature","properties":{"id":"E01011762","name":"E01011762","parent":"E08000036","type":"LSOA","pop":1510,"r":246,"ff":104,"ffd":6887.4,"ffs":0.5306,"g":48,"co":2,"mo":0,"sa":0,"ic":1},"geometry":{"type":"Polygon","coordinates":[[[-1.34923,53.72206],[-1.35316,53.72115],[-1.3532,53.72084],[-1.35385,53.72053],[-1.35322,53.72034],[-1.35448,53.72019],[-1.3543,53.71971],[-1.35485,53.71932],[-1.35582,53.71941],[-1.35482,53.72035],[-1.35601,53.72117],[-1.35603,53.72168],[-1.35503,53.72161],[-1.35508,53.72191],[-1.35465,53.72195],[-1.35562,53.7225],[-1.35516,53.72252],[-1.35518,53.72335],[-1.35416,53.72348],[-1.35291,53.7244],[-1.35354,53.72581],[-1.35023,53.72652],[-1.3505,53.72701],[-1.3496,53.72756],[-1.34776,53.72621],[-1.35133,53.72515],[-1.35034,53.72422],[-1.34882,53.72215],[-1.34923,53.72206]]]}},{"type":"Feature","properties":{"id":"E01011763","name":"E01011763","parent":"E08000036","type":"LSOA","pop":1561,"r":253,"ff":106,"ffd":6790.5,"ffs":0.5222,"g":48,"co":2,"mo":0,"sa":0,"ic":1},"geometry":{"type":"Polygon","coordinates":[[[-1.35601,53.72117],[-1.35482,53.72035],[-1.35582,53.71941],[-1.35485,53.71932],[-1.3543,53.71971],[-1.35448,53.72019],[-1.35322,53.72034],[-1.35385,53.72053],[-1.3532,53.72084],[-1.35141,53.71834],[-1.35497,53.71707],[-1.35472,53.71666],[-1.35528,53.71663],[-1.35606,53.71753],[-1.35694,53.71711],[-1.35773,53.7176],[-1.35833,53.7175],[-1.35954,53.71788],[-1.36074,53.71772],[-1.36176,53.71789],[-1.36202,53.71983],[-1.3614,53.72118],[-1.3607,53.72024],[-1.35975,53.72004],[-1.35933,53.72027],[-1.35773,53.72039],[-1.35759,53.72061],[-1.35727,53.72044],[-1.35707,53.72105],[-1.35645,53.72085],[-1.35601,53.72117]]]}},{"type":"Feature","properties":{"id":"E01011764","name":"E01011764","parent":"E08000036","type":"LSOA","pop":1807,"r":278,"ff":116,"ffd":6419.5,"ffs":0.5297,"g":56,"co":2,"mo":0,"sa":0,"ic":1},"geometry":{"type":"Polygon","coordinates":[[[-1.36176,53.71789],[-1.36074,53.71772],[-1.35954,53.71788],[-1.35833,53.7175],[-1.35773,53.7176],[-1.35694,53.71711],[-1.35606,53.71753],[-1.35528,53.71663],[-1.35472,53.71666],[-1.35412,53.71473],[-1.35861,53.71442],[-1.35827,53.71412],[-1.35982,53.71055],[-1.36105,53.70994],[-1.36008,53.70937],[-1.36046,53.70899],[-1.36331,53.7098],[-1.36421,53.7104],[-1.3656,53.71025],[-1.36673,53.71066],[-1.36729,53.71379],[-1.36933,53.71411],[-1.36861,53.71436],[-1.3682,53.71514],[-1.36689,53.71482],[-1.36627,53.71502],[-1.36465,53.71413],[-1.3644,53.71275],[-1.36394,53.7127],[-1.36395,53.71198],[-1.36307,53.71193],[-1.36304,53.71293],[-1.36103,53.71284],[-1.36434,53.71462],[-1.36425,53.71503],[-1.36371,53.71541],[-1.36281,53.71531],[-1.36241,53.71578],[-1.36099,53.71533],[-1.36068,53.71549],[-1.36176,53.71789]]]}},{"type":"Feature","properties":{"id":"E01011765","name":"E01011765","parent":"E08000036","type":"LSOA","pop":2126,"r":185,"ff":73,"ffd":3433.7,"ffs":0.5177,"g":41,"co":3,"mo":2,"sa":0,"ic":0},"geometry":{"type":"Polygon","coordinates":[[[-1.42785,53.65852],[-1.42595,53.65811],[-1.42573,53.65788],[-1.42656,53.65755],[-1.42528,53.65632],[-1.42356,53.65707],[-1.42393,53.65763],[-1.42347,53.65818],[-1.42222,53.65717],[-1.42208,53.65677],[-1.42253,53.65662],[-1.42189,53.65606],[-1.42202,53.65563],[-1.42275,53.65586],[-1.42325,53.65544],[-1.42291,53.6551],[-1.42194,53.65513],[-1.42172,53.65428],[-1.4207,53.65389],[-1.42111,53.65359],[-1.42209,53.65368],[-1.42273,53.65312],[-1.41778,53.65176],[-1.41731,53.65128],[-1.41862,53.65155],[-1.42029,53.64927],[-1.42111,53.64846],[-1.42495,53.64976],[-1.42704,53.65105],[-1.42942,53.65205],[-1.43215,53.65207],[-1.43446,53.65269],[-1.43636,53.65256],[-1.4401,53.65295],[-1.43338,53.65634],[-1.43431,53.65806],[-1.43207,53.65822],[-1.43201,53.65799],[-1.43049,53.65787],[-1.42942,53.65839],[-1.42785,53.65852]]]}},{"type":"Feature","properties":{"id":"E01011766","name":"E01011766","parent":"E08000036","type":"LSOA","pop":1613,"r":169,"ff":68,"ffd":4215.7,"ffs":0.5312,"g":39,"co":3,"mo":2,"sa":0,"ic":0},"geometry":{"type":"Polygon","coordinates":[[[-1.37781,53.66474],[-1.38198,53.66268],[-1.38241,53.66283],[-1.38487,53.66204],[-1.38373,53.6587],[-1.3816,53.65794],[-1.3777,53.65558],[-1.37766,53.65151],[-1.38023,53.64942],[-1.38083,53.64917],[-1.38201,53.64929],[-1.38192,53.64874],[-1.38119,53.64863],[-1.38073,53.64792],[-1.37974,53.64562],[-1.37767,53.64604],[-1.37904,53.64395],[-1.38117,53.64372],[-1.38609,53.64245],[-1.39095,53.6404],[-1.39527,53.63936],[-1.39638,53.6403],[-1.39691,53.63991],[-1.40027,53.63963],[-1.40004,53.63986],[-1.41071,53.63269],[-1.4146,53.6321],[-1.4143,53.63189],[-1.41552,53.63125],[-1.41674,53.62976],[-1.41888,53.62857],[-1.41832,53.62752],[-1.42101,53.62705],[-1.42317,53.62722],[-1.42744,53.62631],[-1.42952,53.62681],[-1.43373,53.62854],[-1.43549,53.62834],[-1.43979,53.6268],[-1.43994,53.62711],[-1.43869,53.62758],[-1.43976,53.6283],[-1.44278,53.62831],[-1.44235,53.62958],[-1.44273,53.6309],[-1.4421,53.63189],[-1.43984,53.63227],[-1.44093,53.63309],[-1.44035,53.63427],[-1.43914,53.63521],[-1.43982,53.63545],[-1.43781,53.63613],[-1.43785,53.63682],[-1.43862,53.63768],[-1.43976,53.63797],[-1.44165,53.64002],[-1.43907,53.64396],[-1.43763,53.64478],[-1.43076,53.64576],[-1.4242,53.64541],[-1.4216,53.64699],[-1.42078,53.64839],[-1.42111,53.64846],[-1.42029,53.64927],[-1.41862,53.65155],[-1.41731,53.65128],[-1.41778,53.65176],[-1.42273,53.65312],[-1.42209,53.65368],[-1.42111,53.65359],[-1.4207,53.65389],[-1.42172,53.65428],[-1.42194,53.65513],[-1.42291,53.6551],[-1.42325,53.65544],[-1.42275,53.65586],[-1.42202,53.65563],[-1.42189,53.65606],[-1.42253,53.65662],[-1.42208,53.65677],[-1.42222,53.65717],[-1.42347,53.65818],[-1.42393,53.65763],[-1.42457,53.65817],[-1.42393,53.65827],[-1.42351,53.65875],[-1.42261,53.65859],[-1.42275,53.65825],[-1.42012,53.657],[-1.421,53.65841],[-1.4205,53.65952],[-1.41862,53.66198],[-1.41628,53.66368],[-1.41422,53.66441],[-1.41293,53.66313],[-1.41181,53.66103],[-1.41185,53.65983],[-1.4134,53.65835],[-1.4127,53.65478],[-1.41354,53.65291],[-1.4092,53.6523],[-1.40787,53.65115],[-1.40539,53.65067],[-1.40437,53.65396],[-1.40215,53.65511],[-1.40063,53.65552],[-1.40053,53.65618],[-1.39923,53.65587],[-1.39872,53.65618],[-1.39529,53.65668],[-1.39482,53.65883],[-1.39413,53.65895],[-1.39289,53.66107],[-1.39297,53.66166],[-1.39377,53.66206],[-1.39456,53.66325],[-1.39487,53.66432],[-1.39085,53.66515],[-1.39218,53.66923],[-1.3961,53.67401],[-1.39214,53.67492],[-1.38739,53.67534],[-1.38467,53.67491],[-1.38292,53.67425],[-1.37699,53.67357],[-1.37746,53.66894],[-1.38154,53.66782],[-1.38012,53.66576],[-1.37781,53.66474]]]}},{"type":"Feature","properties":{"id":"E01011767","name":"E01011767","parent":"E08000036","type":"LSOA","pop":1863,"r":135,"ff":64,"ffd":3435.3,"ffs":0.5664,"g":21,"co":3,"mo":0,"sa":2,"ic":1},"geometry":{"type":"Polygon","coordinates":[[[-1.32245,53.67197],[-1.3219,53.67148],[-1.31995,53.67164],[-1.31859,53.67134],[-1.31494,53.66829],[-1.31252,53.66685],[-1.31166,53.66669],[-1.30954,53.66474],[-1.3078,53.66401],[-1.30339,53.66031],[-1.30202,53.65839],[-1.29834,53.65488],[-1.28541,53.64581],[-1.28498,53.64535],[-1.28929,53.64465],[-1.29294,53.64491],[-1.29985,53.64385],[-1.30359,53.64361],[-1.30659,53.64372],[-1.31189,53.64493],[-1.31793,53.64541],[-1.32104,53.64407],[-1.32296,53.64277],[-1.32541,53.64321],[-1.32775,53.64404],[-1.32871,53.64527],[-1.3306,53.64564],[-1.33068,53.64603],[-1.32937,53.64812],[-1.33132,53.6489],[-1.33178,53.64962],[-1.33274,53.64959],[-1.33332,53.6502],[-1.33386,53.65007],[-1.33526,53.65087],[-1.33707,53.65127],[-1.3362,53.65258],[-1.33682,53.65337],[-1.33965,53.65438],[-1.34008,53.65557],[-1.3415,53.65618],[-1.34214,53.65701],[-1.34186,53.65997],[-1.34231,53.66017],[-1.34241,53.66156],[-1.34331,53.66213],[-1.34475,53.66241],[-1.34376,53.66399],[-1.34212,53.66479],[-1.34169,53.6661],[-1.34042,53.66673],[-1.33982,53.66766],[-1.33724,53.66973],[-1.33508,53.66937],[-1.33149,53.67003],[-1.32999,53.67088],[-1.32982,53.67287],[-1.32859,53.67289],[-1.32566,53.67208],[-1.32245,53.67197]]]}},{"type":"Feature","properties":{"id":"E01011768","name":"E01011768","parent":"E08000036","type":"LSOA","pop":1334,"r":60,"ff":32,"ffd":2398.8,"ffs":0.5614,"g":3,"co":3,"mo":1,"sa":3,"ic":1},"geometry":{"type":"Polygon","coordinates":[[[-1.34026,53.64493],[-1.3388,53.64487],[-1.33678,53.64582],[-1.33489,53.64533],[-1.3371,53.64349],[-1.33395,53.64258],[-1.33324,53.64297],[-1.33383,53.64188],[-1.33349,53.64151],[-1.33307,53.64179],[-1.33338,53.64097],[-1.33281,53.64082],[-1.33304,53.6403],[-1.3307,53.63808],[-1.33418,53.63947],[-1.33552,53.63908],[-1.33621,53.64052],[-1.33543,53.64131],[-1.33587,53.64145],[-1.33647,53.64111],[-1.3373,53.64293],[-1.33837,53.64263],[-1.33746,53.64155],[-1.33865,53.64142],[-1.33917,53.64073],[-1.34,53.6407],[-1.34199,53.6397],[-1.34443,53.63917],[-1.34471,53.64053],[-1.34424,53.64054],[-1.34344,53.64122],[-1.34391,53.64131],[-1.34498,53.64267],[-1.34378,53.64317],[-1.34421,53.64373],[-1.34569,53.64367],[-1.34577,53.64405],[-1.34452,53.64437],[-1.34463,53.645],[-1.34338,53.64535],[-1.34141,53.64902],[-1.34111,53.64915],[-1.34014,53.6484],[-1.33827,53.64788],[-1.33835,53.64692],[-1.34026,53.64493]]]}},{"type":"Feature","properties":{"id":"E01011770","name":"E01011770","parent":"E08000036","type":"LSOA","pop":1891,"r":56,"ff":29,"ffd":1533.6,"ffs":0.5472,"g":3,"co":3,"mo":1,"sa":3,"ic":1},"geometry":{"type":"Polygon","coordinates":[[[-1.33526,53.65087],[-1.33386,53.65007],[-1.33332,53.6502],[-1.33274,53.64959],[-1.33178,53.64962],[-1.33132,53.6489],[-1.32937,53.64812],[-1.33068,53.64603],[-1.3306,53.64564],[-1.32871,53.64527],[-1.32775,53.64404],[-1.32541,53.64321],[-1.32296,53.64277],[-1.3243,53.641],[-1.32837,53.63742],[-1.33131,53.63566],[-1.33551,53.63411],[-1.34048,53.63362],[-1.3413,53.63309],[-1.34332,53.63284],[-1.34456,53.63198],[-1.34702,53.63154],[-1.34866,53.63072],[-1.35056,53.63084],[-1.35125,53.63162],[-1.35074,53.6319],[-1.35156,53.63432],[-1.35412,53.63627],[-1.35497,53.63773],[-1.35085,53.64086],[-1.35038,53.64065],[-1.34976,53.63881],[-1.35025,53.63748],[-1.34648,53.63697],[-1.34443,53.63917],[-1.34199,53.6397],[-1.34,53.6407],[-1.33917,53.64073],[-1.33865,53.64142],[-1.33746,53.64155],[-1.33837,53.64263],[-1.3373,53.64293],[-1.33647,53.64111],[-1.33587,53.64145],[-1.33543,53.64131],[-1.33621,53.64052],[-1.33552,53.63908],[-1.33418,53.63947],[-1.3307,53.63808],[-1.33304,53.6403],[-1.33281,53.64082],[-1.33338,53.64097],[-1.33307,53.64179],[-1.33349,53.64151],[-1.33383,53.64188],[-1.33324,53.64297],[-1.33395,53.64258],[-1.3371,53.64349],[-1.33489,53.64533],[-1.33678,53.64582],[-1.3388,53.64487],[-1.34026,53.64493],[-1.33835,53.64692],[-1.33827,53.64788],[-1.34014,53.6484],[-1.34111,53.64915],[-1.33933,53.65082],[-1.33707,53.65127],[-1.33526,53.65087]]]}},{"type":"Feature","properties":{"id":"E01011771","name":"E01011771","parent":"E08000036","type":"LSOA","pop":1492,"r":107,"ff":38,"ffd":2546.9,"ffs":0.5938,"g":43,"co":2,"mo":2,"sa":0,"ic":0},"geometry":{"type":"Polygon","coordinates":[[[-1.40052,53.62855],[-1.40137,53.62766],[-1.4007,53.62723],[-1.40273,53.62575],[-1.40243,53.62564],[-1.40573,53.62363],[-1.40683,53.62333],[-1.40763,53.62363],[-1.41419,53.62104],[-1.41539,53.62087],[-1.41678,53.62218],[-1.41597,53.62259],[-1.41481,53.62255],[-1.41408,53.62293],[-1.41415,53.62366],[-1.41345,53.62465],[-1.41158,53.6258],[-1.41494,53.62729],[-1.41593,53.62683],[-1.41646,53.62706],[-1.41629,53.62745],[-1.41796,53.62826],[-1.41859,53.62802],[-1.41888,53.62857],[-1.41674,53.62976],[-1.41552,53.63125],[-1.4143,53.63189],[-1.4146,53.6321],[-1.41071,53.63269],[-1.40004,53.63986],[-1.40117,53.63872],[-1.39864,53.63746],[-1.39992,53.6363],[-1.40065,53.6345],[-1.40065,53.63065],[-1.40101,53.62989],[-1.40013,53.62872],[-1.40052,53.62855]]]}},{"type":"Feature","properties":{"id":"E01011772","name":"E01011772","parent":"E08000036","type":"LSOA","pop":1589,"r":113,"ff":39,"ffd":2454.4,"ffs":0.5909,"g":47,"co":2,"mo":2,"sa":0,"ic":0},"geometry":{"type":"Polygon","coordinates":[[[-1.41646,53.62706],[-1.41593,53.62683],[-1.41494,53.62729],[-1.41158,53.6258],[-1.41345,53.62465],[-1.41415,53.62366],[-1.41408,53.62293],[-1.41481,53.62255],[-1.41597,53.62259],[-1.41678,53.62218],[-1.41539,53.62087],[-1.41763,53.62019],[-1.41836,53.61899],[-1.41978,53.61813],[-1.42351,53.61651],[-1.4262,53.61668],[-1.42867,53.6177],[-1.43024,53.61791],[-1.4313,53.62113],[-1.43262,53.62819],[-1.42952,53.62681],[-1.42744,53.62631],[-1.42317,53.62722],[-1.42101,53.62705],[-1.41832,53.62752],[-1.41859,53.62802],[-1.41796,53.62826],[-1.41629,53.62745],[-1.41646,53.62706]]]}},{"type":"Feature","properties":{"id":"E01011773","name":"E01011773","parent":"E08000036","type":"LSOA","pop":1438,"r":228,"ff":93,"ffd":6467.3,"ffs":0.5314,"g":50,"co":2,"mo":2,"sa":0,"ic":0},"geometry":{"type":"Polygon","coordinates":[[[-1.41628,53.66368],[-1.41862,53.66198],[-1.4205,53.65952],[-1.421,53.65841],[-1.42012,53.657],[-1.42275,53.65825],[-1.42261,53.65859],[-1.42351,53.65875],[-1.42393,53.65827],[-1.42457,53.65817],[-1.42356,53.65707],[-1.42528,53.65632],[-1.42656,53.65755],[-1.42573,53.65788],[-1.42595,53.65811],[-1.42785,53.65852],[-1.42942,53.65839],[-1.43049,53.65787],[-1.43201,53.65799],[-1.43207,53.65822],[-1.43431,53.65806],[-1.43444,53.6586],[-1.43362,53.659],[-1.43292,53.65871],[-1.4329,53.6592],[-1.4338,53.65978],[-1.43524,53.65956],[-1.43527,53.65983],[-1.43626,53.65995],[-1.4354,53.661],[-1.43484,53.66087],[-1.4341,53.66172],[-1.43343,53.663],[-1.43185,53.66352],[-1.4307,53.66323],[-1.4314,53.66368],[-1.42708,53.66454],[-1.42996,53.66486],[-1.43046,53.66563],[-1.41635,53.6668],[-1.41422,53.66441],[-1.41628,53.66368]]]}},{"type":"Feature","properties":{"id":"E01011774","name":"E01011774","parent":"E08000036","type":"LSOA","pop":1522,"r":250,"ff":101,"ffd":6636.0,"ffs":0.5288,"g":56,"co":2,"mo":2,"sa":0,"ic":0},"geometry":{"type":"Polygon","coordinates":[[[-1.43125,53.66962],[-1.42799,53.66864],[-1.42065,53.6684],[-1.41844,53.66654],[-1.43046,53.66563],[-1.42996,53.66486],[-1.42708,53.66454],[-1.4314,53.66368],[-1.4307,53.66323],[-1.43185,53.66352],[-1.43343,53.663],[-1.4341,53.66172],[-1.43484,53.66087],[-1.4354,53.661],[-1.43626,53.65995],[-1.43527,53.65983],[-1.43524,53.65956],[-1.4338,53.65978],[-1.4329,53.6592],[-1.43292,53.65871],[-1.43362,53.659],[-1.43444,53.6586],[-1.43338,53.65634],[-1.4401,53.65295],[-1.44382,53.65336],[-1.44612,53.65303],[-1.45171,53.65531],[-1.4514,53.65715],[-1.45811,53.6602],[-1.46071,53.66227],[-1.46676,53.6608],[-1.46794,53.66108],[-1.46833,53.66179],[-1.4689,53.66195],[-1.4693,53.66275],[-1.47108,53.66398],[-1.47278,53.66396],[-1.47413,53.6645],[-1.4756,53.66557],[-1.47574,53.6671],[-1.47437,53.66811],[-1.47257,53.66871],[-1.47056,53.66831],[-1.46717,53.66663],[-1.46395,53.6674],[-1.46193,53.66722],[-1.45503,53.66547],[-1.45538,53.66621],[-1.44748,53.66867],[-1.44673,53.66767],[-1.44617,53.66757],[-1.44445,53.66788],[-1.4402,53.66773],[-1.43634,53.6695],[-1.43439,53.66926],[-1.43125,53.66962]]]}},{"type":"Feature","properties":{"id":"E01011776","name":"E01011776","parent":"E08000036","type":"LSOA","pop":1696,"r":260,"ff":102,"ffd":6014.2,"ffs":0.5126,"g":58,"co":2,"mo":2,"sa":0,"ic":0},"geometry":{"type":"Polygon","coordinates":[[[-1.39422,53.68858],[-1.39325,53.68693],[-1.39134,53.68696],[-1.39001,53.68654],[-1.38151,53.68736],[-1.38056,53.6871],[-1.37905,53.68435],[-1.37654,53.68284],[-1.37667,53.68144],[-1.3782,53.67604],[-1.37866,53.67381],[-1.38292,53.67425],[-1.38467,53.67491],[-1.38739,53.67534],[-1.39214,53.67492],[-1.3961,53.67401],[-1.39832,53.6743],[-1.40047,53.67411],[-1.40341,53.67432],[-1.40653,53.67522],[-1.40814,53.67607],[-1.40754,53.67618],[-1.40849,53.67792],[-1.41015,53.67813],[-1.41071,53.67989],[-1.41152,53.68003],[-1.41217,53.68048],[-1.41362,53.68067],[-1.41583,53.68158],[-1.41779,53.68156],[-1.41816,53.68304],[-1.40216,53.68428],[-1.39974,53.68431],[-1.39919,53.68797],[-1.39829,53.68813],[-1.39794,53.68733],[-1.39583,53.68773],[-1.39603,53.68876],[-1.39422,53.68858]]]}},{"type":"Feature","properties":{"id":"E01011777","name":"E01011777","parent":"E08000036","type":"LSOA","pop":1458,"r":252,"ff":108,"ffd":7407.4,"ffs":0.54,"g":49,"co":2,"mo":2,"sa":0,"ic":1},"geometry":{"type":"Polygon","coordinates":[[[-1.35917,53.70023],[-1.35912,53.69823],[-1.36138,53.69607],[-1.36057,53.69614],[-1.35959,53.69675],[-1.36014,53.69591],[-1.36092,53.69572],[-1.36049,53.69551],[-1.36062,53.6944],[-1.36007,53.69444],[-1.35992,53.6935],[-1.35888,53.69373],[-1.35837,53.69295],[-1.35759,53.69385],[-1.3559,53.69388],[-1.35582,53.69358],[-1.35466,53.69378],[-1.35506,53.69443],[-1.35759,53.69461],[-1.35847,53.6944],[-1.35941,53.69508],[-1.35818,53.69513],[-1.35792,53.69583],[-1.3572,53.69558],[-1.35557,53.69573],[-1.3551,53.69673],[-1.35497,53.69555],[-1.3534,53.69394],[-1.35242,53.69167],[-1.3529,53.68782],[-1.35265,53.68649],[-1.35358,53.68642],[-1.35397,53.6861],[-1.35308,53.68524],[-1.35334,53.68409],[-1.35378,53.68406],[-1.35437,53.68691],[-1.35434,53.68671],[-1.35723,53.68664],[-1.35942,53.68773],[-1.36305,53.6883],[-1.36704,53.68748],[-1.36849,53.68919],[-1.36972,53.69275],[-1.37125,53.69269],[-1.37152,53.69367],[-1.37195,53.69375],[-1.37184,53.69437],[-1.37461,53.69456],[-1.37186,53.69929],[-1.37047,53.69915],[-1.36903,53.69947],[-1.36559,53.70086],[-1.35849,53.70179],[-1.35917,53.70023]]]}},{"type":"Feature","properties":{"id":"E01011778","name":"E01011778","parent":"E08000036","type":"LSOA","pop":1579,"r":229,"ff":102,"ffd":6459.8,"ffs":0.5514,"g":41,"co":2,"mo":2,"sa":0,"ic":1},"geometry":{"type":"Polygon","coordinates":[[[-1.35437,53.68691],[-1.35378,53.68406],[-1.35334,53.68409],[-1.35308,53.68524],[-1.35397,53.6861],[-1.35358,53.68642],[-1.35265,53.68649],[-1.35173,53.68523],[-1.34915,53.68417],[-1.34566,53.68375],[-1.33807,53.68389],[-1.33862,53.68315],[-1.34134,53.68313],[-1.34181,53.68206],[-1.34148,53.68176],[-1.34188,53.68115],[-1.34143,53.68085],[-1.34265,53.68084],[-1.34745,53.67882],[-1.35059,53.67965],[-1.35212,53.68118],[-1.35282,53.68091],[-1.35417,53.6817],[-1.35531,53.68158],[-1.35636,53.68339],[-1.35754,53.68373],[-1.35702,53.68419],[-1.35715,53.68493],[-1.35648,53.68516],[-1.35723,53.68664],[-1.35434,53.68671],[-1.35437,53.68691]]]}},{"type":"Feature","properties":{"id":"E01011779","name":"E01011779","parent":"E08000036","type":"LSOA","pop":1535,"r":191,"ff":95,"ffd":6188.9,"ffs":0.5864,"g":27,"co":3,"mo":0,"sa":2,"ic":1},"geometry":{"type":"Polygon","coordinates":[[[-1.32115,53.673],[-1.31859,53.67134],[-1.31995,53.67164],[-1.3219,53.67148],[-1.32245,53.67197],[-1.32566,53.67208],[-1.32859,53.67289],[-1.33177,53.67274],[-1.33536,53.67151],[-1.33655,53.67172],[-1.34021,53.67137],[-1.34148,53.67156],[-1.34127,53.67171],[-1.34231,53.67227],[-1.3446,53.67313],[-1.34524,53.67259],[-1.34461,53.67158],[-1.34568,53.67183],[-1.34866,53.6712],[-1.34913,53.67141],[-1.34861,53.67217],[-1.34812,53.67203],[-1.34769,53.67234],[-1.34772,53.67256],[-1.34913,53.67281],[-1.34862,53.674],[-1.34828,53.67426],[-1.34825,53.67487],[-1.34934,53.67714],[-1.34745,53.67882],[-1.34265,53.68084],[-1.34143,53.68085],[-1.34188,53.68115],[-1.34148,53.68176],[-1.34181,53.68206],[-1.34134,53.68313],[-1.33862,53.68315],[-1.33713,53.6834],[-1.33527,53.68267],[-1.32899,53.67798],[-1.32115,53.673]]]}},{"type":"Feature","properties":{"id":"E01011780","name":"E01011780","parent":"E08000036","type":"LSOA","pop":1881,"r":221,"ff":97,"ffd":5156.8,"ffs":0.5449,"g":40,"co":3,"mo":0,"sa":0,"ic":1},"geometry":{"type":"Polygon","coordinates":[[[-1.374,53.67577],[-1.37108,53.6749],[-1.37068,53.67521],[-1.37015,53.67511],[-1.36986,53.67549],[-1.36612,53.67525],[-1.36587,53.67579],[-1.36451,53.6757],[-1.36476,53.67515],[-1.36429,53.67469],[-1.36343,53.67479],[-1.36283,53.67551],[-1.36179,53.6759],[-1.36063,53.67482],[-1.35918,53.67465],[-1.35984,53.67381],[-1.36138,53.67376],[-1.36136,53.67344],[-1.36054,53.6735],[-1.36065,53.67301],[-1.36109,53.67296],[-1.36172,53.67254],[-1.36191,53.67195],[-1.36153,53.67185],[-1.36255,53.67055],[-1.36315,53.67043],[-1.36431,53.67074],[-1.36353,53.67115],[-1.36383,53.67164],[-1.36326,53.67185],[-1.36445,53.67185],[-1.36511,53.67071],[-1.36469,53.67036],[-1.36504,53.6677],[-1.36903,53.66813],[-1.37018,53.66884],[-1.37141,53.66839],[-1.37168,53.66785],[-1.37457,53.66955],[-1.37537,53.6684],[-1.37734,53.66859],[-1.37746,53.66894],[-1.37699,53.67357],[-1.37866,53.67381],[-1.3782,53.67604],[-1.374,53.67577]]]}},{"type":"Feature","properties":{"id":"E01011781","name":"E01011781","parent":"E08000036","type":"LSOA","pop":2787,"r":206,"ff":95,"ffd":3408.7,"ffs":0.5689,"g":37,"co":3,"mo":0,"sa":0,"ic":1},"geometry":{"type":"Polygon","coordinates":[[[-1.36849,53.68919],[-1.36704,53.68748],[-1.36305,53.6883],[-1.35942,53.68773],[-1.35723,53.68664],[-1.35648,53.68516],[-1.35715,53.68493],[-1.35702,53.68419],[-1.35754,53.68373],[-1.35636,53.68339],[-1.35531,53.68158],[-1.35417,53.6817],[-1.35282,53.68091],[-1.35212,53.68118],[-1.35059,53.67965],[-1.34745,53.67882],[-1.34934,53.67714],[-1.34825,53.67487],[-1.34828,53.67426],[-1.34969,53.67355],[-1.35102,53.67402],[-1.3515,53.67371],[-1.35261,53.67387],[-1.35341,53.67324],[-1.35452,53.6734],[-1.35467,53.67385],[-1.35436,53.6746],[-1.35619,53.67441],[-1.35619,53.67482],[-1.35829,53.67503],[-1.35801,53.67542],[-1.35894,53.6755],[-1.35844,53.67608],[-1.35884,53.67627],[-1.35824,53.67683],[-1.35854,53.67784],[-1.35805,53.67807],[-1.35707,53.67739],[-1.3568,53.67764],[-1.35583,53.67762],[-1.35476,53.67751],[-1.35473,53.67727],[-1.35465,53.67773],[-1.35364,53.67772],[-1.35411,53.68041],[-1.3576,53.67924],[-1.35753,53.67948],[-1.35859,53.67967],[-1.35841,53.67906],[-1.36382,53.67836],[-1.36877,53.67805],[-1.36973,53.68053],[-1.37578,53.68151],[-1.37667,53.68144],[-1.37654,53.68284],[-1.37534,53.68665],[-1.3762,53.6885],[-1.37445,53.69179],[-1.37516,53.69212],[-1.37438,53.69217],[-1.37419,53.69268],[-1.36972,53.69275],[-1.36849,53.68919]]]}},{"type":"Feature","properties":{"id":"E01011782","name":"E01011782","parent":"E08000036","type":"LSOA","pop":1591,"r":176,"ff":88,"ffd":5531.1,"ffs":0.5946,"g":26,"co":3,"mo":0,"sa":0,"ic":1},"geometry":{"type":"Polygon","coordinates":[[[-1.35102,53.67402],[-1.34969,53.67355],[-1.34862,53.674],[-1.34913,53.67281],[-1.34772,53.67256],[-1.34769,53.67234],[-1.34812,53.67203],[-1.34861,53.67217],[-1.34913,53.67141],[-1.34866,53.6712],[-1.34568,53.67183],[-1.34461,53.67158],[-1.34524,53.67259],[-1.3446,53.67313],[-1.34231,53.67227],[-1.34127,53.67171],[-1.34148,53.67156],[-1.34021,53.67137],[-1.33655,53.67172],[-1.33536,53.67151],[-1.33177,53.67274],[-1.32982,53.67287],[-1.32999,53.67088],[-1.33149,53.67003],[-1.33508,53.66937],[-1.33724,53.66973],[-1.33982,53.66766],[-1.34042,53.66673],[-1.34169,53.6661],[-1.34212,53.66479],[-1.34376,53.66399],[-1.34475,53.66241],[-1.34331,53.66213],[-1.34241,53.66156],[-1.34231,53.66017],[-1.34186,53.65997],[-1.34195,53.65811],[-1.34274,53.6581],[-1.34297,53.65851],[-1.34395,53.65836],[-1.35068,53.65887],[-1.35504,53.66296],[-1.3587,53.66321],[-1.35949,53.66356],[-1.35937,53.66413],[-1.35992,53.66445],[-1.36003,53.66513],[-1.36337,53.66731],[-1.36504,53.6677],[-1.36469,53.67036],[-1.36511,53.67071],[-1.36445,53.67185],[-1.36326,53.67185],[-1.36383,53.67164],[-1.36353,53.67115],[-1.36431,53.67074],[-1.36315,53.67043],[-1.36255,53.67055],[-1.36226,53.67021],[-1.36153,53.67033],[-1.35999,53.66963],[-1.35936,53.66972],[-1.35836,53.67053],[-1.35771,53.67048],[-1.35927,53.67239],[-1.35825,53.67262],[-1.35726,53.67201],[-1.35658,53.67282],[-1.35551,53.67215],[-1.35454,53.67198],[-1.35539,53.67074],[-1.35415,53.67033],[-1.35317,53.67066],[-1.35152,53.67069],[-1.35277,53.67198],[-1.35225,53.67272],[-1.3527,53.6733],[-1.35238,53.67374],[-1.35261,53.67387],[-1.3515,53.67371],[-1.35102,53.67402]]]}},{"type":"Feature","properties":{"id":"E01011783","name":"E01011783","parent":"E08000036","type":"LSOA","pop":1833,"r":205,"ff":96,"ffd":5237.3,"ffs":0.5749,"g":35,"co":3,"mo":0,"sa":0,"ic":1},"geometry":{"type":"Polygon","coordinates":[[[-1.36973,53.68053],[-1.36877,53.67805],[-1.36382,53.67836],[-1.35841,53.67906],[-1.35859,53.67967],[-1.35753,53.67948],[-1.3576,53.67924],[-1.35411,53.68041],[-1.35364,53.67772],[-1.35465,53.67773],[-1.35473,53.67727],[-1.35476,53.67751],[-1.35583,53.67762],[-1.3568,53.67764],[-1.35707,53.67739],[-1.35805,53.67807],[-1.35854,53.67784],[-1.35824,53.67683],[-1.35884,53.67627],[-1.35844,53.67608],[-1.35894,53.6755],[-1.35801,53.67542],[-1.35829,53.67503],[-1.35619,53.67482],[-1.35619,53.67441],[-1.35436,53.6746],[-1.35467,53.67385],[-1.35452,53.6734],[-1.35341,53.67324],[-1.35261,53.67387],[-1.35238,53.67374],[-1.3527,53.6733],[-1.35225,53.67272],[-1.35277,53.67198],[-1.35152,53.67069],[-1.35317,53.67066],[-1.35415,53.67033],[-1.35539,53.67074],[-1.35454,53.67198],[-1.35551,53.67215],[-1.35658,53.67282],[-1.35726,53.67201],[-1.35825,53.67262],[-1.35927,53.67239],[-1.35771,53.67048],[-1.35836,53.67053],[-1.35936,53.66972],[-1.35999,53.66963],[-1.36153,53.67033],[-1.36226,53.67021],[-1.36255,53.67055],[-1.36153,53.67185],[-1.36191,53.67195],[-1.36172,53.67254],[-1.36109,53.67296],[-1.36065,53.67301],[-1.36054,53.6735],[-1.36136,53.67344],[-1.36138,53.67376],[-1.35984,53.67381],[-1.35918,53.67465],[-1.36063,53.67482],[-1.36179,53.6759],[-1.36283,53.67551],[-1.36343,53.67479],[-1.36429,53.67469],[-1.36476,53.67515],[-1.36451,53.6757],[-1.36587,53.67579],[-1.36612,53.67525],[-1.36986,53.67549],[-1.37015,53.67511],[-1.37068,53.67521],[-1.37108,53.6749],[-1.374,53.67577],[-1.3782,53.67604],[-1.37667,53.68144],[-1.37578,53.68151],[-1.36973,53.68053]]]}},{"type":"Feature","properties":{"id":"E01011784","name":"E01011784","parent":"E08000036","type":"LSOA","pop":1814,"r":114,"ff":31,"ffd":1708.9,"ffs":0.4844,"g":50,"co":2,"mo":2,"sa":0,"ic":0},"geometry":{"type":"Polygon","coordinates":[[[-1.39126,53.61997],[-1.38923,53.61867],[-1.38776,53.61908],[-1.38487,53.61685],[-1.38325,53.61694],[-1.38308,53.6159],[-1.3823,53.61505],[-1.38154,53.61467],[-1.3814,53.61486],[-1.3803,53.61461],[-1.37781,53.61283],[-1.37844,53.61233],[-1.37809,53.61092],[-1.37941,53.60853],[-1.37941,53.60728],[-1.37906,53.60656],[-1.3816,53.60543],[-1.38397,53.60382],[-1.39277,53.60142],[-1.39422,53.60066],[-1.39538,53.6005],[-1.39661,53.59968],[-1.39985,53.59873],[-1.40055,53.59873],[-1.40078,53.59925],[-1.40143,53.59941],[-1.40187,53.60026],[-1.40531,53.60043],[-1.40599,53.60109],[-1.40687,53.60107],[-1.40724,53.6014],[-1.40976,53.60123],[-1.4128,53.60132],[-1.41515,53.60319],[-1.41758,53.60327],[-1.41897,53.60374],[-1.4188,53.60332],[-1.42267,53.6034],[-1.42493,53.60445],[-1.42161,53.60738],[-1.41804,53.6082],[-1.41661,53.61],[-1.41715,53.61165],[-1.41676,53.61274],[-1.41445,53.61254],[-1.41229,53.61174],[-1.40745,53.61634],[-1.40661,53.616],[-1.40373,53.61979],[-1.39934,53.6207],[-1.39997,53.62267],[-1.39812,53.62297],[-1.39815,53.62395],[-1.39669,53.62469],[-1.3943,53.62519],[-1.39496,53.624],[-1.39126,53.61997]]]}},{"type":"Feature","properties":{"id":"E01011785","name":"E01011785","parent":"E08000036","type":"LSOA","pop":2409,"r":38,"ff":17,"ffd":705.7,"ffs":0.5,"g":4,"co":3,"mo":3,"sa":1,"ic":1},"geometry":{"type":"Polygon","coordinates":[[[-1.36455,53.64221],[-1.36376,53.64179],[-1.36133,53.64187],[-1.36013,53.64154],[-1.35989,53.64086],[-1.35876,53.64056],[-1.35851,53.63978],[-1.35595,53.63956],[-1.35412,53.63627],[-1.35156,53.63432],[-1.35087,53.63257],[-1.35074,53.6319],[-1.35125,53.63162],[-1.35089,53.63113],[-1.35056,53.63084],[-1.34866,53.63072],[-1.34733,53.63031],[-1.34574,53.6292],[-1.34804,53.62623],[-1.34823,53.62475],[-1.34782,53.62381],[-1.34919,53.62155],[-1.3505,53.621],[-1.35482,53.62319],[-1.35522,53.62291],[-1.35781,53.6227],[-1.35987,53.62281],[-1.3615,53.62366],[-1.36373,53.62398],[-1.36507,53.62291],[-1.3661,53.62371],[-1.36651,53.62342],[-1.3676,53.62383],[-1.36879,53.62542],[-1.36952,53.62482],[-1.37054,53.62535],[-1.37,53.62617],[-1.37105,53.62657],[-1.37047,53.62691],[-1.37117,53.62768],[-1.37207,53.62737],[-1.37297,53.62884],[-1.37365,53.62906],[-1.3729,53.62968],[-1.37353,53.63046],[-1.37513,53.63023],[-1.37456,53.62957],[-1.37491,53.62943],[-1.37595,53.6302],[-1.37572,53.63059],[-1.37468,53.63079],[-1.37479,53.631],[-1.37601,53.63143],[-1.37702,53.63125],[-1.37928,53.63298],[-1.37799,53.63366],[-1.37727,53.63359],[-1.37648,53.63392],[-1.37835,53.63432],[-1.37928,53.63493],[-1.37898,53.63568],[-1.37837,53.63538],[-1.37695,53.63558],[-1.37685,53.6362],[-1.37639,53.63639],[-1.37681,53.63678],[-1.37653,53.63714],[-1.37708,53.6376],[-1.37771,53.63757],[-1.37933,53.63654],[-1.3811,53.63708],[-1.37737,53.64126],[-1.37602,53.64231],[-1.37408,53.64293],[-1.37293,53.64391],[-1.36767,53.64257],[-1.36455,53.64221]]]}},{"type":"Feature","properties":{"id":"E01011786","name":"E01011786","parent":"E08000036","type":"LSOA","pop":1607,"r":103,"ff":33,"ffd":2053.5,"ffs":0.5789,"g":46,"co":2,"mo":2,"sa":0,"ic":0},"geometry":{"type":"Polygon","coordinates":[[[-1.43262,53.62819],[-1.4313,53.62113],[-1.43024,53.61791],[-1.42867,53.6177],[-1.4262,53.61668],[-1.42351,53.61651],[-1.41978,53.61813],[-1.41836,53.61899],[-1.41763,53.62019],[-1.41539,53.62087],[-1.41419,53.62104],[-1.40763,53.62363],[-1.40683,53.62333],[-1.40573,53.62363],[-1.40552,53.62343],[-1.40214,53.62495],[-1.4025,53.6242],[-1.40211,53.62383],[-1.40053,53.62423],[-1.39812,53.62297],[-1.39997,53.62267],[-1.39934,53.6207],[-1.40373,53.61979],[-1.40661,53.616],[-1.40745,53.61634],[-1.41229,53.61174],[-1.41445,53.61254],[-1.41676,53.61274],[-1.41715,53.61165],[-1.41661,53.61],[-1.41804,53.6082],[-1.42161,53.60738],[-1.42493,53.60445],[-1.42873,53.60504],[-1.42945,53.60556],[-1.4292,53.6066],[-1.43192,53.60822],[-1.4324,53.60818],[-1.43201,53.60846],[-1.43289,53.60895],[-1.43346,53.60856],[-1.43388,53.60866],[-1.43424,53.60812],[-1.43556,53.60808],[-1.43661,53.6066],[-1.43807,53.60677],[-1.43842,53.60718],[-1.43924,53.60708],[-1.44244,53.6098],[-1.44475,53.61061],[-1.44681,53.61282],[-1.4467,53.61301],[-1.44585,53.61289],[-1.44487,53.61406],[-1.44303,53.61494],[-1.44634,53.61922],[-1.44762,53.62157],[-1.4561,53.62074],[-1.45864,53.62151],[-1.46143,53.62176],[-1.4633,53.62246],[-1.46375,53.62306],[-1.46335,53.62422],[-1.45845,53.6245],[-1.45344,53.62626],[-1.45066,53.62655],[-1.44922,53.6262],[-1.44244,53.6269],[-1.43979,53.6268],[-1.43549,53.62834],[-1.43373,53.62854],[-1.43262,53.62819]]]}},{"type":"Feature","properties":{"id":"E01011787","name":"E01011787","parent":"E08000036","type":"LSOA","pop":1607,"r":96,"ff":25,"ffd":1555.7,"ffs":0.4808,"g":44,"co":2,"mo":2,"sa":1,"ic":1},"geometry":{"type":"Polygon","coordinates":[[[-1.35482,53.62319],[-1.3505,53.621],[-1.34989,53.6212],[-1.34678,53.61875],[-1.34728,53.61748],[-1.34478,53.6173],[-1.34527,53.61521],[-1.34679,53.61505],[-1.34775,53.61418],[-1.34804,53.61248],[-1.34742,53.61197],[-1.34612,53.61189],[-1.34663,53.61077],[-1.34827,53.61106],[-1.34855,53.61076],[-1.34905,53.61084],[-1.34958,53.61152],[-1.34906,53.61174],[-1.34894,53.6131],[-1.3516,53.61312],[-1.35202,53.61274],[-1.35311,53.61288],[-1.35291,53.61216],[-1.35347,53.61198],[-1.35379,53.61228],[-1.35383,53.61351],[-1.35988,53.61315],[-1.35937,53.61403],[-1.35988,53.61509],[-1.36122,53.61496],[-1.36208,53.61614],[-1.358,53.61693],[-1.35773,53.6166],[-1.35759,53.61701],[-1.35663,53.61733],[-1.35763,53.61825],[-1.35657,53.61818],[-1.35889,53.61935],[-1.35654,53.62161],[-1.35719,53.62267],[-1.35781,53.6227],[-1.35522,53.62291],[-1.35482,53.62319]]]}},{"type":"Feature","properties":{"id":"E01011788","name":"E01011788","parent":"E08000036","type":"LSOA","pop":1656,"r":42,"ff":19,"ffd":1147.3,"ffs":0.4872,"g":3,"co":3,"mo":3,"sa":1,"ic":1},"geometry":{"type":"Polygon","coordinates":[[[-1.32114,53.61307],[-1.3203,53.60935],[-1.32497,53.61065],[-1.32764,53.61176],[-1.33025,53.61118],[-1.33026,53.61019],[-1.33161,53.60932],[-1.33646,53.60963],[-1.33782,53.60888],[-1.33957,53.61007],[-1.34137,53.61058],[-1.34105,53.61028],[-1.34373,53.60927],[-1.34599,53.60891],[-1.34629,53.60948],[-1.34758,53.60893],[-1.34809,53.6094],[-1.34903,53.6091],[-1.34952,53.60968],[-1.34857,53.60986],[-1.34826,53.60957],[-1.34806,53.61006],[-1.34668,53.61047],[-1.34612,53.61189],[-1.34742,53.61197],[-1.34804,53.61248],[-1.34775,53.61418],[-1.34679,53.61505],[-1.34527,53.61521],[-1.34478,53.6173],[-1.34728,53.61748],[-1.34678,53.61875],[-1.34989,53.6212],[-1.34919,53.62155],[-1.34782,53.62381],[-1.34823,53.62475],[-1.34804,53.62623],[-1.34574,53.6292],[-1.34733,53.63031],[-1.34866,53.63072],[-1.34702,53.63154],[-1.34456,53.63198],[-1.34332,53.63284],[-1.3413,53.63309],[-1.34048,53.63362],[-1.33551,53.63411],[-1.33131,53.63566],[-1.32887,53.63351],[-1.32827,53.63172],[-1.32658,53.62965],[-1.32482,53.62839],[-1.32335,53.62802],[-1.32242,53.62719],[-1.3235,53.62285],[-1.32199,53.61993],[-1.32207,53.61783],[-1.31974,53.61766],[-1.32105,53.616],[-1.32042,53.61432],[-1.32114,53.61307]]]}},{"type":"Feature","properties":{"id":"E01011789","name":"E01011789","parent":"E08000036","type":"LSOA","pop":1675,"r":41,"ff":20,"ffd":1194.0,"ffs":0.5263,"g":3,"co":3,"mo":3,"sa":1,"ic":1},"geometry":{"type":"Polygon","coordinates":[[[-1.3676,53.62383],[-1.36651,53.62342],[-1.3661,53.62371],[-1.36507,53.62291],[-1.36373,53.62398],[-1.3615,53.62366],[-1.35987,53.62281],[-1.35719,53.62267],[-1.35654,53.62161],[-1.35889,53.61935],[-1.35657,53.61818],[-1.35763,53.61825],[-1.35663,53.61733],[-1.35759,53.61701],[-1.35773,53.6166],[-1.358,53.61693],[-1.36208,53.61614],[-1.36122,53.61496],[-1.35988,53.61509],[-1.35937,53.61403],[-1.35988,53.61315],[-1.36193,53.6125],[-1.36521,53.61072],[-1.36737,53.6082],[-1.3697,53.60693],[-1.37183,53.605],[-1.37446,53.6055],[-1.37668,53.60648],[-1.37906,53.60656],[-1.37941,53.60728],[-1.37941,53.60853],[-1.3785,53.61027],[-1.37639,53.60823],[-1.37374,53.60818],[-1.37348,53.60792],[-1.36661,53.61029],[-1.36754,53.61103],[-1.36607,53.61158],[-1.36739,53.6127],[-1.36428,53.61426],[-1.36553,53.61647],[-1.36712,53.61734],[-1.37058,53.61706],[-1.37004,53.61823],[-1.37052,53.62151],[-1.37112,53.6213],[-1.37175,53.62206],[-1.37097,53.62231],[-1.37123,53.62271],[-1.37186,53.62256],[-1.37274,53.62319],[-1.37072,53.62353],[-1.37058,53.62395],[-1.3683,53.6248],[-1.3676,53.62383]]]}},{"type":"Feature","properties":{"id":"E01011790","name":"E01011790","parent":"E08000036","type":"LSOA","pop":1654,"r":41,"ff":19,"ffd":1148.7,"ffs":0.5,"g":3,"co":3,"mo":3,"sa":1,"ic":1},"geometry":{"type":"Polygon","coordinates":[[[-1.34894,53.6131],[-1.34906,53.61174],[-1.34958,53.61152],[-1.34905,53.61084],[-1.34855,53.61076],[-1.34827,53.61106],[-1.34663,53.61077],[-1.34668,53.61047],[-1.34806,53.61006],[-1.34826,53.60957],[-1.34857,53.60986],[-1.34952,53.60968],[-1.34903,53.6091],[-1.34809,53.6094],[-1.34758,53.60893],[-1.34629,53.60948],[-1.34599,53.60891],[-1.34373,53.60927],[-1.34105,53.61028],[-1.34137,53.61058],[-1.33957,53.61007],[-1.33782,53.60888],[-1.33849,53.60804],[-1.34213,53.60676],[-1.34963,53.60494],[-1.34824,53.60366],[-1.35297,53.60317],[-1.35271,53.60542],[-1.3517,53.60815],[-1.35164,53.61013],[-1.35347,53.61198],[-1.35291,53.61216],[-1.35311,53.61288],[-1.35202,53.61274],[-1.3516,53.61312],[-1.34894,53.6131]]]}},{"type":"Feature","properties":{"id":"E01011791","name":"E01011791","parent":"E08000036","type":"LSOA","pop":1565,"r":51,"ff":21,"ffd":1341.9,"ffs":0.525,"g":9,"co":3,"mo":3,"sa":0,"ic":1},"geometry":{"type":"Polygon","coordinates":[[[-1.37737,53.64126],[-1.3811,53.63708],[-1.37933,53.63654],[-1.37771,53.63757],[-1.37708,53.6376],[-1.37653,53.63714],[-1.37681,53.63678],[-1.37639,53.63639],[-1.37685,53.6362],[-1.37695,53.63558],[-1.37837,53.63538],[-1.37898,53.63568],[-1.37928,53.63493],[-1.37835,53.63432],[-1.37648,53.63392],[-1.37727,53.63359],[-1.37799,53.63366],[-1.37928,53.63298],[-1.37702,53.63125],[-1.37789,53.63087],[-1.37664,53.63034],[-1.37982,53.62774],[-1.37892,53.62673],[-1.37839,53.62566],[-1.37857,53.62446],[-1.38029,53.62376],[-1.39214,53.62104],[-1.39496,53.624],[-1.3943,53.62519],[-1.39669,53.62469],[-1.39815,53.62395],[-1.39812,53.62297],[-1.40053,53.62423],[-1.40211,53.62383],[-1.4025,53.6242],[-1.40214,53.62495],[-1.40552,53.62343],[-1.40573,53.62363],[-1.40243,53.62564],[-1.40273,53.62575],[-1.4007,53.62723],[-1.40137,53.62766],[-1.40013,53.62872],[-1.40101,53.62989],[-1.40065,53.63065],[-1.40065,53.6345],[-1.39992,53.6363],[-1.39864,53.63746],[-1.40117,53.63872],[-1.40027,53.63963],[-1.39691,53.63991],[-1.39638,53.6403],[-1.39527,53.63936],[-1.39095,53.6404],[-1.38609,53.64245],[-1.38117,53.64372],[-1.37904,53.64395],[-1.37767,53.64604],[-1.37409,53.645],[-1.37293,53.64391],[-1.37408,53.64293],[-1.37602,53.64231],[-1.37737,53.64126]]]}},{"type":"Feature","properties":{"id":"E01011792","name":"E01011792","parent":"E08000036","type":"LSOA","pop":1522,"r":37,"ff":17,"ffd":1117.0,"ffs":0.5,"g":3,"co":3,"mo":3,"sa":1,"ic":1},"geometry":{"type":"Polygon","coordinates":[[[-1.37595,53.6302],[-1.37491,53.62943],[-1.37456,53.62957],[-1.37513,53.63023],[-1.37353,53.63046],[-1.3729,53.62968],[-1.37365,53.62906],[-1.37297,53.62884],[-1.37207,53.62737],[-1.37117,53.62768],[-1.37047,53.62691],[-1.37105,53.62657],[-1.37,53.62617],[-1.37054,53.62535],[-1.36952,53.62482],[-1.36879,53.62542],[-1.3683,53.6248],[-1.37058,53.62395],[-1.37072,53.62353],[-1.37274,53.62319],[-1.37186,53.62256],[-1.37123,53.62271],[-1.37097,53.62231],[-1.37175,53.62206],[-1.37112,53.6213],[-1.37052,53.62151],[-1.37004,53.61823],[-1.37058,53.61706],[-1.36712,53.61734],[-1.36553,53.61647],[-1.36428,53.61426],[-1.36739,53.6127],[-1.36607,53.61158],[-1.36754,53.61103],[-1.36661,53.61029],[-1.37348,53.60792],[-1.37374,53.60818],[-1.37639,53.60823],[-1.3785,53.61027],[-1.37809,53.61092],[-1.37844,53.61233],[-1.37781,53.61283],[-1.3803,53.61461],[-1.3814,53.61486],[-1.38154,53.61467],[-1.3823,53.61505],[-1.38308,53.6159],[-1.38325,53.61694],[-1.38487,53.61685],[-1.38776,53.61908],[-1.38923,53.61867],[-1.39126,53.61997],[-1.39214,53.62104],[-1.38029,53.62376],[-1.37857,53.62446],[-1.37839,53.62566],[-1.37892,53.62673],[-1.37982,53.62774],[-1.37664,53.63034],[-1.37789,53.63087],[-1.37601,53.63143],[-1.37479,53.631],[-1.37468,53.63079],[-1.37572,53.63059],[-1.37595,53.6302]]]}},{"type":"Feature","properties":{"id":"E01011793","name":"E01011793","parent":"E08000036","type":"LSOA","pop":1615,"r":401,"ff":177,"ffd":10959.8,"ffs":0.5531,"g":78,"co":0,"mo":0,"sa":0,"ic":0},"geometry":{"type":"Polygon","coordinates":[[[-1.55233,53.67557],[-1.55025,53.67306],[-1.55247,53.67295],[-1.55463,53.67372],[-1.55519,53.67355],[-1.55415,53.6725],[-1.55605,53.67258],[-1.55692,53.67225],[-1.5575,53.67293],[-1.55901,53.67249],[-1.55744,53.67083],[-1.55857,53.67053],[-1.56058,53.67204],[-1.56054,53.67273],[-1.56134,53.67251],[-1.5612,53.67219],[-1.56234,53.67156],[-1.56479,53.67245],[-1.56337,53.67297],[-1.56367,53.6732],[-1.56276,53.67365],[-1.56338,53.67437],[-1.56256,53.67478],[-1.56508,53.6746],[-1.56521,53.67489],[-1.56441,53.67541],[-1.56374,53.67546],[-1.56313,53.67617],[-1.56248,53.67551],[-1.56121,53.67676],[-1.56171,53.67693],[-1.56108,53.67731],[-1.56198,53.6774],[-1.5622,53.67782],[-1.55421,53.67993],[-1.55397,53.67894],[-1.55233,53.67557]]]}},{"type":"Feature","properties":{"id":"E01011794","name":"E01011794","parent":"E08000036","type":"LSOA","pop":1353,"r":321,"ff":148,"ffd":10938.7,"ffs":0.5759,"g":61,"co":0,"mo":0,"sa":0,"ic":0},"geometry":{"type":"Polygon","coordinates":[[[-1.56479,53.67245],[-1.56234,53.67156],[-1.5612,53.67219],[-1.56134,53.67251],[-1.56054,53.67273],[-1.56058,53.67204],[-1.55857,53.67053],[-1.55744,53.67083],[-1.55901,53.67249],[-1.5575,53.67293],[-1.55692,53.67225],[-1.55605,53.67258],[-1.55415,53.6725],[-1.55519,53.67355],[-1.55463,53.67372],[-1.55247,53.67295],[-1.55025,53.67306],[-1.5462,53.66991],[-1.54747,53.66739],[-1.55132,53.66624],[-1.55216,53.66692],[-1.55374,53.6663],[-1.5551,53.66669],[-1.55605,53.66654],[-1.55542,53.66798],[-1.55728,53.66813],[-1.55743,53.66618],[-1.55854,53.66508],[-1.55831,53.6647],[-1.56056,53.66436],[-1.56058,53.66369],[-1.56175,53.66324],[-1.56197,53.66279],[-1.56257,53.66292],[-1.56218,53.66365],[-1.56222,53.66425],[-1.56175,53.66433],[-1.56266,53.66478],[-1.56243,53.66629],[-1.5632,53.6663],[-1.56498,53.66558],[-1.5653,53.66572],[-1.56696,53.66561],[-1.56856,53.66481],[-1.56841,53.66434],[-1.56996,53.66373],[-1.57155,53.66392],[-1.5741,53.66492],[-1.57341,53.66548],[-1.57126,53.6664],[-1.57068,53.66698],[-1.57001,53.66648],[-1.56892,53.66716],[-1.57025,53.66748],[-1.56912,53.66879],[-1.56776,53.66868],[-1.56703,53.66805],[-1.56638,53.67038],[-1.56521,53.67034],[-1.56485,53.67069],[-1.56549,53.67095],[-1.56481,53.67127],[-1.56513,53.6717],[-1.56649,53.67159],[-1.5677,53.67194],[-1.56773,53.67226],[-1.56695,53.6724],[-1.56766,53.67272],[-1.5672,53.67302],[-1.56755,53.67354],[-1.56619,53.67378],[-1.56367,53.6732],[-1.56337,53.67297],[-1.56479,53.67245]]]}},{"type":"Feature","properties":{"id":"E01011795","name":"E01011795","parent":"E08000036","type":"LSOA","pop":1282,"r":363,"ff":168,"ffd":13104.5,"ffs":0.5793,"g":70,"co":0,"mo":0,"sa":0,"ic":0},"geometry":{"type":"Polygon","coordinates":[[[-1.56121,53.67676],[-1.56248,53.67551],[-1.56313,53.67617],[-1.56374,53.67546],[-1.56441,53.67541],[-1.56521,53.67489],[-1.56508,53.6746],[-1.56256,53.67478],[-1.56338,53.67437],[-1.56276,53.67365],[-1.56367,53.6732],[-1.56619,53.67378],[-1.56755,53.67354],[-1.5672,53.67302],[-1.56766,53.67272],[-1.56695,53.6724],[-1.56773,53.67226],[-1.5677,53.67194],[-1.56649,53.67159],[-1.56666,53.67098],[-1.56707,53.67136],[-1.56778,53.67117],[-1.56796,53.67141],[-1.56932,53.6715],[-1.57015,53.67342],[-1.57237,53.67479],[-1.56684,53.67676],[-1.5622,53.67782],[-1.56198,53.6774],[-1.56108,53.67731],[-1.56171,53.67693],[-1.56121,53.67676]]]}},{"type":"Feature","properties":{"id":"E01011796","name":"E01011796","parent":"E08000036","type":"LSOA","pop":1643,"r":330,"ff":150,"ffd":9129.6,"ffs":0.5747,"g":66,"co":0,"mo":0,"sa":0,"ic":0},"geometry":{"type":"Polygon","coordinates":[[[-1.56494,53.67126],[-1.56549,53.67095],[-1.56485,53.67069],[-1.56521,53.67034],[-1.56638,53.67038],[-1.56703,53.66805],[-1.56776,53.66868],[-1.56912,53.66879],[-1.57025,53.66748],[-1.56892,53.66716],[-1.57001,53.66648],[-1.57068,53.66698],[-1.57126,53.6664],[-1.57341,53.66548],[-1.5741,53.66492],[-1.57647,53.66713],[-1.57648,53.668],[-1.57469,53.67079],[-1.5752,53.67137],[-1.57163,53.67161],[-1.56933,53.67152],[-1.56796,53.67141],[-1.56778,53.67117],[-1.56707,53.67136],[-1.56666,53.67098],[-1.56649,53.67159],[-1.56513,53.6717],[-1.56481,53.67127],[-1.56494,53.67126]]]}},{"type":"Feature","properties":{"id":"E01011797","name":"E01011797","parent":"E08000036","type":"LSOA","pop":1844,"r":310,"ff":132,"ffd":7158.4,"ffs":0.5455,"g":65,"co":0,"mo":0,"sa":0,"ic":0},"geometry":{"type":"Polygon","coordinates":[[[-1.54168,53.66746],[-1.53877,53.66556],[-1.53163,53.65935],[-1.53231,53.65909],[-1.53266,53.65943],[-1.53384,53.65955],[-1.53581,53.65929],[-1.54121,53.65988],[-1.54066,53.66052],[-1.54102,53.66076],[-1.54419,53.66111],[-1.54444,53.66142],[-1.54662,53.66199],[-1.54593,53.6626],[-1.54648,53.66288],[-1.54546,53.66343],[-1.54796,53.66471],[-1.55062,53.66357],[-1.5528,53.66407],[-1.55347,53.66382],[-1.55481,53.66502],[-1.55379,53.66575],[-1.55436,53.66592],[-1.55515,53.66549],[-1.55551,53.66569],[-1.55579,53.66551],[-1.55605,53.66654],[-1.5551,53.66669],[-1.55374,53.6663],[-1.55216,53.66692],[-1.55132,53.66624],[-1.54747,53.66739],[-1.5462,53.66991],[-1.54168,53.66746]]]}},{"type":"Feature","properties":{"id":"E01011798","name":"E01011798","parent":"E08000036","type":"LSOA","pop":1338,"r":291,"ff":125,"ffd":9342.3,"ffs":0.5605,"g":65,"co":0,"mo":0,"sa":0,"ic":0},"geometry":{"type":"Polygon","coordinates":[[[-1.55758,53.66178],[-1.55797,53.66099],[-1.55895,53.66081],[-1.55713,53.66085],[-1.55687,53.66116],[-1.55557,53.66133],[-1.55527,53.66082],[-1.55366,53.661],[-1.55325,53.66061],[-1.5524,53.66101],[-1.55278,53.65954],[-1.55026,53.65944],[-1.55046,53.65914],[-1.55125,53.659],[-1.55298,53.65918],[-1.55349,53.6587],[-1.55518,53.65882],[-1.5565,53.65845],[-1.55739,53.65727],[-1.55801,53.65712],[-1.55574,53.65662],[-1.55621,53.65635],[-1.55593,53.6558],[-1.55176,53.65553],[-1.54813,53.65559],[-1.54841,53.65406],[-1.54742,53.65309],[-1.54373,53.6536],[-1.54324,53.65314],[-1.54291,53.65153],[-1.53907,53.65279],[-1.53801,53.65257],[-1.53881,53.65045],[-1.53763,53.64917],[-1.53866,53.64843],[-1.54064,53.64802],[-1.54145,53.64861],[-1.54215,53.6503],[-1.54517,53.64996],[-1.54763,53.64915],[-1.54999,53.64948],[-1.55019,53.65008],[-1.54872,53.65152],[-1.54961,53.65245],[-1.55349,53.65272],[-1.55597,53.65216],[-1.55875,53.65225],[-1.56039,53.65264],[-1.56131,53.65337],[-1.56161,53.65487],[-1.56604,53.65657],[-1.56576,53.65766],[-1.56679,53.65801],[-1.56742,53.65874],[-1.56705,53.65896],[-1.5639,53.65839],[-1.56374,53.65881],[-1.5629,53.65938],[-1.56225,53.65935],[-1.5625,53.66026],[-1.56118,53.6604],[-1.56097,53.66066],[-1.5614,53.66148],[-1.56215,53.66122],[-1.56194,53.66078],[-1.56285,53.66104],[-1.56228,53.66194],[-1.56022,53.66222],[-1.55758,53.66178]]]}},{"type":"Feature","properties":{"id":"E01011799","name":"E01011799","parent":"E08000036","type":"LSOA","pop":1540,"r":246,"ff":99,"ffd":6428.6,"ffs":0.5211,"g":53,"co":0,"mo":0,"sa":0,"ic":0},"geometry":{"type":"Polygon","coordinates":[[[-1.55605,53.66654],[-1.55579,53.66551],[-1.55551,53.66569],[-1.55515,53.66549],[-1.55436,53.66592],[-1.55379,53.66575],[-1.55481,53.66502],[-1.55347,53.66382],[-1.5528,53.66407],[-1.55062,53.66357],[-1.55028,53.66232],[-1.5509,53.66156],[-1.55059,53.66091],[-1.55177,53.66101],[-1.55293,53.66275],[-1.55315,53.66199],[-1.5526,53.66133],[-1.55366,53.661],[-1.55527,53.66082],[-1.55557,53.66133],[-1.55687,53.66116],[-1.55713,53.66085],[-1.55895,53.66081],[-1.55797,53.66099],[-1.55758,53.66178],[-1.56022,53.66222],[-1.56228,53.66194],[-1.56285,53.66104],[-1.56442,53.66106],[-1.56438,53.66215],[-1.56736,53.66382],[-1.56645,53.6642],[-1.5648,53.66356],[-1.56411,53.6638],[-1.56384,53.66468],[-1.56498,53.66558],[-1.5632,53.6663],[-1.56243,53.66629],[-1.56266,53.66478],[-1.56175,53.66433],[-1.56222,53.66425],[-1.56218,53.66365],[-1.56257,53.66292],[-1.56197,53.66279],[-1.56175,53.66324],[-1.56058,53.66369],[-1.56056,53.66436],[-1.55831,53.6647],[-1.55854,53.66508],[-1.55743,53.66618],[-1.55728,53.66813],[-1.55542,53.66798],[-1.55605,53.66654]]]}},{"type":"Feature","properties":{"id":"E01011800","name":"E01011800","parent":"E08000036","type":"LSOA","pop":1670,"r":261,"ff":113,"ffd":6766.5,"ffs":0.5736,"g":61,"co":0,"mo":0,"sa":0,"ic":0},"geometry":{"type":"Polygon","coordinates":[[[-1.56384,53.66468],[-1.56411,53.6638],[-1.5648,53.66356],[-1.56645,53.6642],[-1.56736,53.66382],[-1.56438,53.66215],[-1.56442,53.66106],[-1.56285,53.66104],[-1.56194,53.66078],[-1.56215,53.66122],[-1.5614,53.66148],[-1.56097,53.66066],[-1.56118,53.6604],[-1.5625,53.66026],[-1.56225,53.65935],[-1.5629,53.65938],[-1.56374,53.65881],[-1.5639,53.65839],[-1.56705,53.65896],[-1.56742,53.65874],[-1.56679,53.65801],[-1.56576,53.65766],[-1.56604,53.65657],[-1.56851,53.65695],[-1.57565,53.65685],[-1.57953,53.65726],[-1.58266,53.65878],[-1.58211,53.65989],[-1.58353,53.66155],[-1.5749,53.66157],[-1.57474,53.66209],[-1.57572,53.663],[-1.5761,53.66369],[-1.57466,53.66533],[-1.5741,53.66492],[-1.57155,53.66392],[-1.56996,53.66373],[-1.56841,53.66434],[-1.56856,53.66481],[-1.56696,53.66561],[-1.5653,53.66572],[-1.56384,53.66468]]]}},{"type":"Feature","properties":{"id":"E01011801","name":"E01011801","parent":"E08000036","type":"LSOA","pop":1448,"r":264,"ff":113,"ffd":7803.9,"ffs":0.5512,"g":56,"co":0,"mo":0,"sa":0,"ic":0},"geometry":{"type":"Polygon","coordinates":[[[-1.54121,53.65988],[-1.53581,53.65929],[-1.53384,53.65955],[-1.53266,53.65943],[-1.53231,53.65909],[-1.53163,53.65935],[-1.52868,53.65627],[-1.5334,53.65171],[-1.53345,53.65118],[-1.5354,53.64994],[-1.53763,53.64917],[-1.53881,53.65045],[-1.53801,53.65257],[-1.53907,53.65279],[-1.54291,53.65153],[-1.54324,53.65314],[-1.54373,53.6536],[-1.54637,53.65328],[-1.54638,53.65568],[-1.5462,53.65654],[-1.54791,53.65716],[-1.5483,53.65779],[-1.54712,53.65845],[-1.54746,53.65858],[-1.54696,53.65921],[-1.54717,53.66043],[-1.54962,53.66098],[-1.54756,53.66228],[-1.54444,53.66142],[-1.54419,53.66111],[-1.54102,53.66076],[-1.54066,53.66052],[-1.54121,53.65988]]]}},{"type":"Feature","properties":{"id":"E01011802","name":"E01011802","parent":"E08000036","type":"LSOA","pop":1427,"r":287,"ff":121,"ffd":8479.3,"ffs":0.545,"g":62,"co":0,"mo":0,"sa":0,"ic":0},"geometry":{"type":"Polygon","coordinates":[[[-1.54593,53.6626],[-1.54662,53.66199],[-1.54756,53.66228],[-1.54962,53.66098],[-1.54717,53.66043],[-1.54696,53.65921],[-1.54746,53.65858],[-1.54712,53.65845],[-1.5483,53.65779],[-1.54791,53.65716],[-1.5462,53.65654],[-1.54638,53.65568],[-1.54637,53.65328],[-1.54742,53.65309],[-1.54841,53.65406],[-1.54813,53.65559],[-1.55176,53.65553],[-1.55593,53.6558],[-1.55621,53.65635],[-1.55574,53.65662],[-1.55801,53.65712],[-1.55739,53.65727],[-1.5565,53.65845],[-1.55518,53.65882],[-1.55349,53.6587],[-1.55298,53.65918],[-1.55125,53.659],[-1.55046,53.65914],[-1.55026,53.65944],[-1.55062,53.65955],[-1.55278,53.65954],[-1.5524,53.66101],[-1.55325,53.66061],[-1.55366,53.661],[-1.5526,53.66133],[-1.55315,53.66199],[-1.55293,53.66275],[-1.55177,53.66101],[-1.55059,53.66091],[-1.5509,53.66156],[-1.55028,53.66232],[-1.55062,53.66357],[-1.54796,53.66471],[-1.54546,53.66343],[-1.54648,53.66288],[-1.54593,53.6626]]]}},{"type":"Feature","properties":{"id":"E01011803","name":"E01011803","parent":"E08000036","type":"LSOA","pop":2330,"r":168,"ff":73,"ffd":3133.0,"ffs":0.5407,"g":32,"co":3,"mo":0,"sa":0,"ic":1},"geometry":{"type":"Polygon","coordinates":[[[-1.2633,53.70471],[-1.26283,53.70411],[-1.26216,53.70408],[-1.25975,53.70465],[-1.25984,53.7042],[-1.26136,53.70394],[-1.26182,53.70351],[-1.26149,53.70316],[-1.26072,53.70297],[-1.26003,53.70071],[-1.2596,53.70075],[-1.25947,53.70128],[-1.25792,53.70096],[-1.25786,53.69974],[-1.25694,53.69961],[-1.25646,53.69987],[-1.25566,53.69939],[-1.25506,53.69973],[-1.25572,53.69797],[-1.25715,53.69883],[-1.25723,53.69862],[-1.25643,53.69798],[-1.25591,53.69799],[-1.25646,53.69765],[-1.25528,53.69697],[-1.25436,53.69726],[-1.25466,53.69678],[-1.25437,53.69694],[-1.25372,53.69636],[-1.25269,53.69632],[-1.25261,53.69604],[-1.2483,53.69646],[-1.24806,53.69619],[-1.24582,53.69617],[-1.24602,53.69689],[-1.24459,53.69723],[-1.24308,53.6984],[-1.24458,53.69935],[-1.24244,53.70126],[-1.23968,53.70084],[-1.23842,53.70021],[-1.23767,53.69928],[-1.23638,53.69937],[-1.23587,53.69719],[-1.23483,53.6966],[-1.23061,53.69507],[-1.22647,53.69466],[-1.22577,53.69369],[-1.22774,53.69355],[-1.22783,53.69312],[-1.24442,53.69243],[-1.24399,53.69115],[-1.2443,53.69181],[-1.24496,53.69141],[-1.24522,53.6919],[-1.24571,53.69191],[-1.2462,53.69275],[-1.24783,53.69198],[-1.24797,53.69313],[-1.25014,53.69258],[-1.24997,53.69213],[-1.25236,53.69174],[-1.25262,53.6921],[-1.25534,53.69226],[-1.25525,53.69297],[-1.25801,53.69387],[-1.25827,53.69366],[-1.25757,53.69227],[-1.25845,53.69184],[-1.26029,53.6921],[-1.26071,53.69247],[-1.26203,53.69222],[-1.26281,53.69254],[-1.27155,53.69138],[-1.27233,53.69099],[-1.27396,53.69102],[-1.27365,53.69732],[-1.27648,53.69961],[-1.27763,53.70114],[-1.27284,53.70211],[-1.26954,53.70344],[-1.26938,53.70292],[-1.26739,53.70353],[-1.2669,53.70384],[-1.26701,53.70459],[-1.26638,53.70423],[-1.26429,53.70503],[-1.2633,53.70471]]]}},{"type":"Feature","properties":{"id":"E01011804","name":"E01011804","parent":"E08000036","type":"LSOA","pop":1611,"r":175,"ff":76,"ffd":4717.6,"ffs":0.539,"g":33,"co":3,"mo":0,"sa":0,"ic":1},"geometry":{"type":"Polygon","coordinates":[[[-1.26951,53.71578],[-1.26896,53.71512],[-1.26921,53.7146],[-1.27106,53.71517],[-1.27062,53.71336],[-1.27122,53.713],[-1.27078,53.71277],[-1.27254,53.71224],[-1.27269,53.71132],[-1.2738,53.71136],[-1.27413,53.71093],[-1.27338,53.70995],[-1.27355,53.70945],[-1.27631,53.70916],[-1.27702,53.70871],[-1.27812,53.70893],[-1.27799,53.7085],[-1.27748,53.70858],[-1.27719,53.70819],[-1.27822,53.70785],[-1.27766,53.7071],[-1.27659,53.70763],[-1.27582,53.70735],[-1.27484,53.70804],[-1.27391,53.70773],[-1.27294,53.70673],[-1.27406,53.70646],[-1.2726,53.70646],[-1.27455,53.70495],[-1.27208,53.70553],[-1.27139,53.70476],[-1.27217,53.70356],[-1.27311,53.70351],[-1.27284,53.70211],[-1.27763,53.70114],[-1.28007,53.70602],[-1.28123,53.70721],[-1.2834,53.70873],[-1.28782,53.71055],[-1.29362,53.71145],[-1.29556,53.71149],[-1.29708,53.71377],[-1.30204,53.71814],[-1.29605,53.72252],[-1.29014,53.72363],[-1.28626,53.72485],[-1.27792,53.72669],[-1.27624,53.72592],[-1.27307,53.72567],[-1.27206,53.72503],[-1.27096,53.72339],[-1.27081,53.72112],[-1.2695,53.71789],[-1.26951,53.71578]]]}},{"type":"Feature","properties":{"id":"E01011805","name":"E01011805","parent":"E08000036","type":"LSOA","pop":1371,"r":137,"ff":58,"ffd":4230.5,"ffs":0.5273,"g":26,"co":3,"mo":0,"sa":0,"ic":1},"geometry":{"type":"Polygon","coordinates":[[[-1.22762,53.71196],[-1.22894,53.71106],[-1.22972,53.70978],[-1.22956,53.7079],[-1.23104,53.70815],[-1.23092,53.70796],[-1.23208,53.70772],[-1.23267,53.708],[-1.23208,53.70834],[-1.2337,53.70872],[-1.23427,53.70828],[-1.23489,53.70858],[-1.23585,53.70852],[-1.23555,53.70884],[-1.2361,53.70912],[-1.23428,53.70947],[-1.23436,53.7101],[-1.23322,53.71088],[-1.23511,53.71101],[-1.23416,53.71133],[-1.2351,53.712],[-1.23603,53.71097],[-1.2368,53.71109],[-1.23609,53.71059],[-1.23598,53.70999],[-1.23746,53.70957],[-1.23985,53.71007],[-1.24054,53.70947],[-1.24153,53.70939],[-1.2417,53.70966],[-1.24245,53.70958],[-1.24323,53.70882],[-1.24403,53.70915],[-1.24328,53.70749],[-1.2417,53.70553],[-1.24396,53.70587],[-1.24409,53.70561],[-1.24275,53.70524],[-1.24039,53.70521],[-1.23867,53.70485],[-1.24026,53.70332],[-1.24021,53.70262],[-1.24114,53.70107],[-1.24244,53.70126],[-1.24458,53.69935],[-1.24754,53.70128],[-1.24699,53.70217],[-1.24723,53.70255],[-1.24665,53.70263],[-1.24687,53.70299],[-1.24611,53.70325],[-1.24663,53.70347],[-1.2458,53.70368],[-1.24564,53.70407],[-1.24613,53.70433],[-1.2454,53.70475],[-1.246,53.70503],[-1.24673,53.70457],[-1.24724,53.7059],[-1.24655,53.7061],[-1.24569,53.70567],[-1.24466,53.70598],[-1.24887,53.70643],[-1.2479,53.70719],[-1.24896,53.70859],[-1.24959,53.70887],[-1.24963,53.7094],[-1.24725,53.70956],[-1.24744,53.70998],[-1.24836,53.70979],[-1.24971,53.71097],[-1.25253,53.71138],[-1.25237,53.71274],[-1.24818,53.71173],[-1.24212,53.71232],[-1.23884,53.71237],[-1.23002,53.71488],[-1.22915,53.71482],[-1.22777,53.71325],[-1.22762,53.71196]]]}},{"type":"Feature","properties":{"id":"E01011806","name":"E01011806","parent":"E08000036","type":"LSOA","pop":1457,"r":171,"ff":75,"ffd":5147.6,"ffs":0.5435,"g":32,"co":3,"mo":0,"sa":0,"ic":1},"geometry":{"type":"Polygon","coordinates":[[[-1.27106,53.71517],[-1.26921,53.7146],[-1.26896,53.71512],[-1.26367,53.71407],[-1.2664,53.71233],[-1.26659,53.7125],[-1.26754,53.71188],[-1.26724,53.71128],[-1.26795,53.71073],[-1.26737,53.71016],[-1.26795,53.71],[-1.26536,53.71001],[-1.26484,53.71054],[-1.2648,53.71015],[-1.2658,53.7093],[-1.26613,53.70811],[-1.26711,53.70644],[-1.2683,53.70645],[-1.26755,53.70553],[-1.2679,53.70515],[-1.26701,53.70459],[-1.2669,53.70384],[-1.26938,53.70292],[-1.26954,53.70344],[-1.27284,53.70211],[-1.27311,53.70351],[-1.27217,53.70356],[-1.27139,53.70476],[-1.27208,53.70553],[-1.27455,53.70495],[-1.2726,53.70646],[-1.27406,53.70646],[-1.27294,53.70673],[-1.27391,53.70773],[-1.27484,53.70804],[-1.27582,53.70735],[-1.27659,53.70763],[-1.27766,53.7071],[-1.27822,53.70785],[-1.27719,53.70819],[-1.27748,53.70858],[-1.27799,53.7085],[-1.27812,53.70893],[-1.27702,53.70871],[-1.27631,53.70916],[-1.27355,53.70945],[-1.27338,53.70995],[-1.27413,53.71093],[-1.2738,53.71136],[-1.27269,53.71132],[-1.27254,53.71224],[-1.27078,53.71277],[-1.27122,53.713],[-1.27062,53.71336],[-1.27106,53.71517]]]}},{"type":"Feature","properties":{"id":"E01011807","name":"E01011807","parent":"E08000036","type":"LSOA","pop":1418,"r":129,"ff":56,"ffd":3949.2,"ffs":0.5333,"g":23,"co":3,"mo":0,"sa":0,"ic":1},"geometry":{"type":"Polygon","coordinates":[[[-1.23511,53.71101],[-1.23322,53.71088],[-1.23436,53.7101],[-1.23428,53.70947],[-1.2361,53.70912],[-1.23555,53.70884],[-1.23585,53.70852],[-1.23489,53.70858],[-1.23427,53.70828],[-1.2337,53.70872],[-1.23208,53.70834],[-1.23267,53.708],[-1.23208,53.70772],[-1.23326,53.7075],[-1.23374,53.70617],[-1.23551,53.70594],[-1.23573,53.70574],[-1.23396,53.70544],[-1.23377,53.70431],[-1.23424,53.70367],[-1.2337,53.70334],[-1.23291,53.70381],[-1.23302,53.70241],[-1.23242,53.70194],[-1.23323,53.70207],[-1.23347,53.70175],[-1.23485,53.70235],[-1.23562,53.70235],[-1.23564,53.70283],[-1.23479,53.70334],[-1.23678,53.70382],[-1.23717,53.70413],[-1.23692,53.7048],[-1.2385,53.70504],[-1.23867,53.70485],[-1.24039,53.70521],[-1.24275,53.70524],[-1.24409,53.70561],[-1.24396,53.70587],[-1.2417,53.70553],[-1.24328,53.70749],[-1.24403,53.70915],[-1.24323,53.70882],[-1.24245,53.70958],[-1.2417,53.70966],[-1.24153,53.70939],[-1.24054,53.70947],[-1.23985,53.71007],[-1.23746,53.70957],[-1.23598,53.70999],[-1.23609,53.71059],[-1.2368,53.71109],[-1.23603,53.71097],[-1.2351,53.712],[-1.23416,53.71133],[-1.23511,53.71101]]]}},{"type":"Feature","properties":{"id":"E01011808","name":"E01011808","parent":"E08000036","type":"LSOA","pop":2137,"r":145,"ff":64,"ffd":2994.9,"ffs":0.547,"g":27,"co":3,"mo":0,"sa":0,"ic":1},"geometry":{"type":"Polygon","coordinates":[[[-1.25237,53.71274],[-1.25253,53.71138],[-1.24971,53.71097],[-1.24836,53.70979],[-1.24744,53.70998],[-1.24725,53.70956],[-1.24963,53.7094],[-1.24959,53.70887],[-1.24896,53.70859],[-1.2479,53.70719],[-1.24887,53.70643],[-1.24466,53.70598],[-1.24569,53.70567],[-1.24655,53.7061],[-1.24724,53.7059],[-1.24673,53.70457],[-1.246,53.70503],[-1.2454,53.70475],[-1.24613,53.70433],[-1.24564,53.70407],[-1.2458,53.70368],[-1.24663,53.70347],[-1.24842,53.70354],[-1.24842,53.70315],[-1.249,53.7033],[-1.24997,53.70286],[-1.25351,53.70509],[-1.25497,53.70501],[-1.25589,53.70608],[-1.25798,53.70647],[-1.26435,53.70645],[-1.25694,53.70834],[-1.2592,53.7087],[-1.25882,53.70902],[-1.2593,53.70923],[-1.25854,53.70959],[-1.25889,53.71005],[-1.26095,53.71114],[-1.26136,53.71241],[-1.26002,53.71275],[-1.2577,53.71185],[-1.2565,53.71175],[-1.25425,53.71269],[-1.25237,53.71274]]]}},{"type":"Feature","properties":{"id":"E01011809","name":"E01011809","parent":"E08000036","type":"LSOA","pop":1484,"r":169,"ff":74,"ffd":4986.5,"ffs":0.5441,"g":32,"co":3,"mo":0,"sa":0,"ic":1},"geometry":{"type":"Polygon","coordinates":[[[-1.26136,53.71241],[-1.26095,53.71114],[-1.25889,53.71005],[-1.25854,53.70959],[-1.2593,53.70923],[-1.25882,53.70902],[-1.2592,53.7087],[-1.25694,53.70834],[-1.26435,53.70645],[-1.25798,53.70647],[-1.25589,53.70608],[-1.25497,53.70501],[-1.25614,53.70457],[-1.25975,53.70465],[-1.26216,53.70408],[-1.26283,53.70411],[-1.2633,53.70471],[-1.26429,53.70503],[-1.26638,53.70423],[-1.2679,53.70515],[-1.26755,53.70553],[-1.2683,53.70645],[-1.26711,53.70644],[-1.26613,53.70811],[-1.2658,53.7093],[-1.2648,53.71015],[-1.26484,53.71054],[-1.26536,53.71001],[-1.26795,53.71],[-1.26737,53.71016],[-1.26795,53.71073],[-1.26724,53.71128],[-1.26754,53.71188],[-1.26659,53.7125],[-1.2664,53.71233],[-1.26367,53.71407],[-1.26002,53.71275],[-1.26136,53.71241]]]}},{"type":"Feature","properties":{"id":"E01011810","name":"E01011810","parent":"E08000036","type":"LSOA","pop":1435,"r":118,"ff":53,"ffd":3693.4,"ffs":0.5579,"g":22,"co":3,"mo":0,"sa":0,"ic":1},"geometry":{"type":"Polygon","coordinates":[[[-1.21714,53.71125],[-1.21784,53.70955],[-1.2188,53.70931],[-1.21846,53.70714],[-1.21564,53.70694],[-1.21566,53.70613],[-1.21495,53.70602],[-1.21513,53.70549],[-1.20399,53.70212],[-1.20121,53.70184],[-1.19882,53.70073],[-1.19968,53.69873],[-1.19906,53.69697],[-1.199,53.69489],[-1.20977,53.69451],[-1.22783,53.69312],[-1.22774,53.69355],[-1.22577,53.69369],[-1.22647,53.69466],[-1.23061,53.69507],[-1.23483,53.6966],[-1.23587,53.69719],[-1.23638,53.69937],[-1.23767,53.69928],[-1.23842,53.70021],[-1.23968,53.70084],[-1.24114,53.70107],[-1.24021,53.70262],[-1.24026,53.70332],[-1.2385,53.70504],[-1.23692,53.7048],[-1.23717,53.70413],[-1.23678,53.70382],[-1.23479,53.70334],[-1.23564,53.70283],[-1.23562,53.70235],[-1.23485,53.70235],[-1.23347,53.70175],[-1.23323,53.70207],[-1.23242,53.70194],[-1.23302,53.70241],[-1.23291,53.70381],[-1.2337,53.70334],[-1.23424,53.70367],[-1.23377,53.70431],[-1.23396,53.70544],[-1.23573,53.70574],[-1.23551,53.70594],[-1.23374,53.70617],[-1.23326,53.7075],[-1.23092,53.70796],[-1.23104,53.70815],[-1.22956,53.7079],[-1.22972,53.70978],[-1.22894,53.71106],[-1.22762,53.71196],[-1.22816,53.71097],[-1.22776,53.71019],[-1.22679,53.70989],[-1.22492,53.71009],[-1.22391,53.71076],[-1.2249,53.71179],[-1.2247,53.7123],[-1.22173,53.71286],[-1.21981,53.71442],[-1.21714,53.71125]]]}},{"type":"Feature","properties":{"id":"E01011811","name":"E01011811","parent":"E08000036","type":"LSOA","pop":1740,"r":153,"ff":68,"ffd":3908.0,"ffs":0.544,"g":27,"co":3,"mo":0,"sa":0,"ic":1},"geometry":{"type":"Polygon","coordinates":[[[-1.25351,53.70509],[-1.24997,53.70286],[-1.249,53.7033],[-1.24842,53.70315],[-1.24842,53.70354],[-1.24663,53.70347],[-1.24611,53.70325],[-1.24687,53.70299],[-1.24665,53.70263],[-1.24723,53.70255],[-1.24699,53.70217],[-1.24754,53.70128],[-1.24308,53.6984],[-1.24459,53.69723],[-1.24602,53.69689],[-1.24582,53.69617],[-1.24806,53.69619],[-1.2483,53.69646],[-1.25261,53.69604],[-1.25269,53.69632],[-1.25372,53.69636],[-1.25437,53.69694],[-1.25466,53.69678],[-1.25436,53.69726],[-1.25528,53.69697],[-1.25646,53.69765],[-1.25591,53.69799],[-1.25643,53.69798],[-1.25723,53.69862],[-1.25715,53.69883],[-1.25572,53.69797],[-1.25506,53.69973],[-1.25566,53.69939],[-1.25646,53.69987],[-1.25694,53.69961],[-1.25786,53.69974],[-1.25792,53.70096],[-1.25947,53.70128],[-1.2596,53.70075],[-1.26003,53.70071],[-1.26072,53.70297],[-1.26149,53.70316],[-1.26182,53.70351],[-1.26136,53.70394],[-1.25984,53.7042],[-1.25975,53.70465],[-1.25614,53.70457],[-1.25497,53.70501],[-1.25351,53.70509]]]}},{"type":"Feature","properties":{"id":"E01011812","name":"E01011812","parent":"E08000036","type":"LSOA","pop":2489,"r":289,"ff":118,"ffd":4740.9,"ffs":0.5291,"g":63,"co":2,"mo":2,"sa":0,"ic":0},"geometry":{"type":"Polygon","coordinates":[[[-1.4033,53.70048],[-1.39949,53.69706],[-1.39882,53.69616],[-1.39599,53.6955],[-1.39692,53.69535],[-1.40115,53.69339],[-1.4027,53.69292],[-1.40375,53.6921],[-1.40547,53.69186],[-1.40589,53.69217],[-1.4065,53.69209],[-1.40678,53.69279],[-1.40665,53.69369],[-1.40998,53.69322],[-1.41009,53.69336],[-1.40924,53.69395],[-1.40776,53.6945],[-1.40878,53.69531],[-1.40914,53.69541],[-1.40844,53.69599],[-1.40859,53.69662],[-1.40803,53.69716],[-1.4076,53.69705],[-1.40674,53.69757],[-1.40714,53.69801],[-1.40503,53.69882],[-1.40409,53.69855],[-1.40381,53.69815],[-1.40324,53.69824],[-1.40553,53.70014],[-1.40482,53.70036],[-1.40376,53.7002],[-1.4033,53.70048]]]}},{"type":"Feature","properties":{"id":"E01011813","name":"E01011813","parent":"E08000036","type":"LSOA","pop":1804,"r":290,"ff":117,"ffd":6485.6,"ffs":0.52,"g":62,"co":2,"mo":2,"sa":0,"ic":0},"geometry":{"type":"Polygon","coordinates":[[[-1.40924,53.69395],[-1.41009,53.69336],[-1.40998,53.69322],[-1.40665,53.69369],[-1.40678,53.69279],[-1.4065,53.69209],[-1.40589,53.69217],[-1.40547,53.69186],[-1.40748,53.69163],[-1.40812,53.69081],[-1.41023,53.68948],[-1.41102,53.68829],[-1.41177,53.68894],[-1.41372,53.68917],[-1.41442,53.68944],[-1.41482,53.68912],[-1.41543,53.68934],[-1.41806,53.68926],[-1.41848,53.68955],[-1.41801,53.6897],[-1.41851,53.68986],[-1.41773,53.69052],[-1.419,53.69101],[-1.41943,53.69172],[-1.41885,53.69258],[-1.41853,53.69248],[-1.41874,53.69281],[-1.41691,53.69332],[-1.41521,53.69332],[-1.41492,53.69392],[-1.41437,53.6941],[-1.41396,53.6934],[-1.41246,53.6936],[-1.41258,53.69429],[-1.4101,53.69504],[-1.40967,53.6943],[-1.40861,53.69446],[-1.40924,53.69395]]]}},{"type":"Feature","properties":{"id":"E01011814","name":"E01011814","parent":"E08000036","type":"LSOA","pop":1829,"r":293,"ff":122,"ffd":6670.3,"ffs":0.5374,"g":63,"co":2,"mo":2,"sa":0,"ic":0},"geometry":{"type":"Polygon","coordinates":[[[-1.4228,53.69684],[-1.42278,53.69639],[-1.42174,53.69617],[-1.4207,53.69648],[-1.41956,53.69607],[-1.41931,53.69573],[-1.41832,53.69367],[-1.41943,53.69172],[-1.419,53.69101],[-1.41773,53.69052],[-1.41851,53.68986],[-1.41801,53.6897],[-1.4198,53.68944],[-1.4203,53.68912],[-1.42081,53.68939],[-1.42139,53.68908],[-1.42216,53.68929],[-1.42164,53.68968],[-1.42254,53.69015],[-1.42168,53.69119],[-1.42179,53.6915],[-1.42287,53.69176],[-1.42307,53.69082],[-1.42399,53.68972],[-1.42623,53.69044],[-1.42987,53.69002],[-1.43459,53.69024],[-1.43395,53.69119],[-1.43076,53.69098],[-1.42776,53.69264],[-1.42995,53.69492],[-1.43333,53.69321],[-1.4347,53.69402],[-1.43145,53.69563],[-1.43271,53.69581],[-1.43233,53.69761],[-1.4272,53.69836],[-1.42605,53.69904],[-1.42488,53.69898],[-1.42431,53.69842],[-1.42478,53.69722],[-1.4228,53.69684]]]}},{"type":"Feature","properties":{"id":"E01011815","name":"E01011815","parent":"E08000036","type":"LSOA","pop":1500,"r":290,"ff":116,"ffd":7733.3,"ffs":0.5179,"g":63,"co":2,"mo":0,"sa":0,"ic":0},"geometry":{"type":"Polygon","coordinates":[[[-1.44585,53.70018],[-1.44675,53.6978],[-1.44409,53.69827],[-1.443,53.69967],[-1.43554,53.699],[-1.43185,53.69984],[-1.43271,53.69581],[-1.43145,53.69563],[-1.4347,53.69402],[-1.43333,53.69321],[-1.42995,53.69492],[-1.42776,53.69264],[-1.43076,53.69098],[-1.43395,53.69119],[-1.43497,53.68961],[-1.43457,53.68935],[-1.43112,53.6887],[-1.42934,53.68777],[-1.42987,53.68745],[-1.42873,53.68672],[-1.42726,53.68623],[-1.42693,53.68638],[-1.42748,53.68698],[-1.42528,53.68806],[-1.42578,53.6882],[-1.42543,53.68855],[-1.42435,53.68813],[-1.42398,53.6883],[-1.4245,53.68867],[-1.42356,53.68937],[-1.4224,53.68893],[-1.41838,53.68878],[-1.41843,53.68831],[-1.41774,53.68815],[-1.41886,53.68747],[-1.42054,53.68721],[-1.42033,53.68687],[-1.42139,53.68551],[-1.41822,53.6845],[-1.41871,53.68426],[-1.41816,53.68304],[-1.41779,53.68156],[-1.41583,53.68158],[-1.41362,53.68067],[-1.41217,53.68048],[-1.41152,53.68003],[-1.41477,53.67991],[-1.41665,53.67937],[-1.41956,53.67944],[-1.42142,53.67907],[-1.42519,53.6793],[-1.42611,53.67854],[-1.42851,53.67758],[-1.4277,53.67621],[-1.43055,53.67572],[-1.43213,53.67504],[-1.43084,53.67446],[-1.43492,53.67314],[-1.43455,53.67286],[-1.43527,53.67234],[-1.44141,53.66983],[-1.44132,53.66961],[-1.44464,53.66979],[-1.44507,53.66911],[-1.44683,53.66945],[-1.44748,53.66867],[-1.45538,53.66621],[-1.45503,53.66547],[-1.46193,53.66722],[-1.46395,53.6674],[-1.46717,53.66663],[-1.47056,53.66831],[-1.47257,53.66871],[-1.46818,53.67063],[-1.46863,53.67146],[-1.47279,53.67458],[-1.47306,53.67543],[-1.47132,53.67642],[-1.46856,53.6826],[-1.46799,53.68467],[-1.46671,53.68548],[-1.46505,53.68568],[-1.46383,53.68517],[-1.46314,53.68364],[-1.46011,53.68254],[-1.45833,53.68321],[-1.45862,53.68564],[-1.45978,53.68674],[-1.45913,53.68831],[-1.45786,53.68915],[-1.4551,53.68925],[-1.45248,53.68879],[-1.45225,53.68833],[-1.4512,53.68826],[-1.44883,53.68884],[-1.44824,53.68961],[-1.44785,53.69067],[-1.44902,53.69264],[-1.44807,53.69486],[-1.44914,53.69671],[-1.45082,53.69796],[-1.4503,53.6982],[-1.45404,53.70152],[-1.45215,53.70216],[-1.44791,53.70273],[-1.44438,53.70226],[-1.44585,53.70018]]]}},{"type":"Feature","properties":{"id":"E01011816","name":"E01011816","parent":"E08000036","type":"LSOA","pop":1478,"r":280,"ff":115,"ffd":7780.8,"ffs":0.5275,"g":59,"co":2,"mo":2,"sa":0,"ic":0},"geometry":{"type":"Polygon","coordinates":[[[-1.42254,53.69015],[-1.42164,53.68968],[-1.42216,53.68929],[-1.42139,53.68908],[-1.42081,53.68939],[-1.4203,53.68912],[-1.4198,53.68944],[-1.41848,53.68955],[-1.41806,53.68926],[-1.41543,53.68934],[-1.41482,53.68912],[-1.41442,53.68944],[-1.41372,53.68917],[-1.41177,53.68894],[-1.41102,53.68829],[-1.41183,53.68729],[-1.41519,53.68636],[-1.41822,53.6845],[-1.42139,53.68551],[-1.42033,53.68687],[-1.42054,53.68721],[-1.41886,53.68747],[-1.41774,53.68815],[-1.41843,53.68831],[-1.41838,53.68878],[-1.4224,53.68893],[-1.42356,53.68937],[-1.4245,53.68867],[-1.42398,53.6883],[-1.42435,53.68813],[-1.42543,53.68855],[-1.42578,53.6882],[-1.42528,53.68806],[-1.42748,53.68698],[-1.42693,53.68638],[-1.42726,53.68623],[-1.42873,53.68672],[-1.42987,53.68745],[-1.42934,53.68777],[-1.43112,53.6887],[-1.43457,53.68935],[-1.43497,53.68961],[-1.43459,53.69024],[-1.42987,53.69002],[-1.42623,53.69044],[-1.42399,53.68972],[-1.42307,53.69082],[-1.42287,53.69176],[-1.42179,53.6915],[-1.42168,53.69119],[-1.42254,53.69015]]]}},{"type":"Feature","properties":{"id":"E01011817","name":"E01011817","parent":"E08000036","type":"LSOA","pop":1513,"r":239,"ff":91,"ffd":6014.5,"ffs":0.4946,"g":52,"co":2,"mo":2,"sa":0,"ic":0},"geometry":{"type":"Polygon","coordinates":[[[-1.41071,53.67989],[-1.41015,53.67813],[-1.40849,53.67792],[-1.40754,53.67618],[-1.40814,53.67607],[-1.40653,53.67522],[-1.40842,53.67473],[-1.40796,53.67242],[-1.4086,53.67209],[-1.41039,53.67223],[-1.41095,53.67189],[-1.41,53.6713],[-1.41051,53.67096],[-1.41024,53.67048],[-1.41094,53.6703],[-1.41114,53.66982],[-1.41043,53.66964],[-1.41071,53.66926],[-1.41037,53.66888],[-1.41137,53.66887],[-1.41185,53.66829],[-1.41257,53.66844],[-1.4134,53.6681],[-1.41468,53.66811],[-1.41457,53.66769],[-1.41492,53.6676],[-1.41524,53.66793],[-1.41602,53.66769],[-1.41562,53.66731],[-1.41635,53.6668],[-1.41844,53.66654],[-1.42065,53.6684],[-1.42799,53.66864],[-1.43125,53.66962],[-1.43439,53.66926],[-1.43634,53.6695],[-1.4402,53.66773],[-1.44445,53.66788],[-1.44617,53.66757],[-1.44673,53.66767],[-1.44748,53.66867],[-1.44683,53.66945],[-1.44507,53.66911],[-1.44464,53.66979],[-1.44132,53.66961],[-1.44141,53.66983],[-1.43527,53.67234],[-1.43455,53.67286],[-1.43492,53.67314],[-1.43084,53.67446],[-1.43213,53.67504],[-1.43055,53.67572],[-1.4277,53.67621],[-1.42851,53.67758],[-1.42611,53.67854],[-1.42519,53.6793],[-1.42142,53.67907],[-1.41956,53.67944],[-1.41665,53.67937],[-1.41477,53.67991],[-1.41152,53.68003],[-1.41071,53.67989]]]}},{"type":"Feature","properties":{"id":"E01011818","name":"E01011818","parent":"E08000036","type":"LSOA","pop":1330,"r":246,"ff":99,"ffd":7443.6,"ffs":0.5211,"g":53,"co":2,"mo":0,"sa":0,"ic":0},"geometry":{"type":"Polygon","coordinates":[[[-1.40341,53.67432],[-1.40047,53.67411],[-1.39832,53.6743],[-1.3961,53.67401],[-1.39218,53.66923],[-1.39085,53.66515],[-1.39487,53.66432],[-1.39456,53.66325],[-1.39377,53.66206],[-1.39297,53.66166],[-1.39289,53.66107],[-1.39413,53.65895],[-1.39482,53.65883],[-1.39529,53.65668],[-1.39872,53.65618],[-1.39923,53.65587],[-1.40053,53.65618],[-1.40063,53.65552],[-1.40215,53.65511],[-1.40437,53.65396],[-1.40539,53.65067],[-1.40787,53.65115],[-1.4092,53.6523],[-1.41354,53.65291],[-1.4127,53.65478],[-1.4134,53.65835],[-1.41185,53.65983],[-1.41181,53.66103],[-1.41293,53.66313],[-1.41635,53.6668],[-1.41562,53.66731],[-1.41602,53.66769],[-1.41524,53.66793],[-1.41492,53.6676],[-1.41457,53.66769],[-1.41468,53.66811],[-1.4134,53.6681],[-1.41257,53.66844],[-1.41185,53.66829],[-1.41137,53.66887],[-1.41037,53.66888],[-1.41071,53.66926],[-1.41043,53.66964],[-1.41114,53.66982],[-1.41094,53.6703],[-1.41024,53.67048],[-1.41051,53.67096],[-1.41,53.6713],[-1.41095,53.67189],[-1.41039,53.67223],[-1.4086,53.67209],[-1.40796,53.67242],[-1.40842,53.67473],[-1.40653,53.67522],[-1.40341,53.67432]]]}},{"type":"Feature","properties":{"id":"E01011819","name":"E01011819","parent":"E08000036","type":"LSOA","pop":2066,"r":310,"ff":126,"ffd":6098.7,"ffs":0.5272,"g":68,"co":2,"mo":2,"sa":0,"ic":0},"geometry":{"type":"Polygon","coordinates":[[[-1.41247,53.70371],[-1.41212,53.70345],[-1.41071,53.70415],[-1.40892,53.70274],[-1.40897,53.70238],[-1.40766,53.703],[-1.40725,53.7023],[-1.4074,53.70206],[-1.40882,53.70224],[-1.41336,53.7006],[-1.41323,53.7011],[-1.41435,53.70053],[-1.41513,53.70062],[-1.41532,53.70118],[-1.41476,53.70161],[-1.41508,53.70204],[-1.41768,53.6992],[-1.41548,53.69984],[-1.41533,53.69958],[-1.41597,53.69921],[-1.415,53.69913],[-1.41349,53.69792],[-1.41437,53.69797],[-1.41491,53.69729],[-1.41592,53.69808],[-1.41696,53.69784],[-1.41773,53.69849],[-1.41848,53.69861],[-1.41918,53.6984],[-1.41917,53.69811],[-1.41995,53.69846],[-1.42056,53.69829],[-1.42226,53.69855],[-1.42266,53.69901],[-1.42303,53.69889],[-1.42214,53.69776],[-1.42268,53.69736],[-1.42231,53.69687],[-1.42478,53.69722],[-1.42431,53.69842],[-1.42488,53.69898],[-1.42605,53.69904],[-1.4272,53.69836],[-1.43233,53.69761],[-1.43185,53.69984],[-1.42839,53.69991],[-1.42742,53.70024],[-1.42437,53.70268],[-1.42125,53.70163],[-1.42018,53.70272],[-1.41883,53.70477],[-1.41575,53.70769],[-1.41241,53.7067],[-1.41208,53.70598],[-1.41354,53.70548],[-1.41269,53.70406],[-1.41202,53.70394],[-1.41247,53.70371]]]}},{"type":"Feature","properties":{"id":"E01011820","name":"E01011820","parent":"E08000036","type":"LSOA","pop":1609,"r":343,"ff":133,"ffd":8266.0,"ffs":0.4963,"g":72,"co":2,"mo":2,"sa":0,"ic":0},"geometry":{"type":"Polygon","coordinates":[[[-1.40803,53.70476],[-1.40694,53.70382],[-1.40356,53.70161],[-1.40464,53.70112],[-1.40499,53.70135],[-1.4055,53.70122],[-1.40605,53.70165],[-1.40835,53.70067],[-1.40807,53.70042],[-1.41,53.69959],[-1.41131,53.70098],[-1.41301,53.70034],[-1.41336,53.7006],[-1.40972,53.702],[-1.40882,53.70224],[-1.4074,53.70206],[-1.40725,53.7023],[-1.40766,53.703],[-1.40897,53.70238],[-1.40892,53.70274],[-1.41071,53.70415],[-1.41212,53.70345],[-1.41247,53.70371],[-1.41202,53.70394],[-1.41269,53.70406],[-1.41354,53.70548],[-1.41208,53.70598],[-1.41241,53.7067],[-1.40857,53.70521],[-1.40803,53.70476]]]}},{"type":"Feature","properties":{"id":"E01011821","name":"E01011821","parent":"E08000036","type":"LSOA","pop":1391,"r":325,"ff":132,"ffd":9489.6,"ffs":0.5197,"g":68,"co":2,"mo":2,"sa":0,"ic":0},"geometry":{"type":"Polygon","coordinates":[[[-1.41513,53.70062],[-1.41435,53.70053],[-1.41323,53.7011],[-1.41336,53.7006],[-1.41301,53.70034],[-1.41131,53.70098],[-1.41,53.69959],[-1.40807,53.70042],[-1.40835,53.70067],[-1.40605,53.70165],[-1.4055,53.70122],[-1.40412,53.70125],[-1.4033,53.70048],[-1.40376,53.7002],[-1.40482,53.70036],[-1.40553,53.70014],[-1.40324,53.69824],[-1.40381,53.69815],[-1.40409,53.69855],[-1.40503,53.69882],[-1.40714,53.69801],[-1.40674,53.69757],[-1.4076,53.69705],[-1.40803,53.69716],[-1.40859,53.69662],[-1.40844,53.69599],[-1.40914,53.69541],[-1.40878,53.69531],[-1.40776,53.6945],[-1.40924,53.69395],[-1.40861,53.69446],[-1.40967,53.6943],[-1.4101,53.69504],[-1.41258,53.69429],[-1.41388,53.69456],[-1.41485,53.69584],[-1.41474,53.6969],[-1.41491,53.69729],[-1.41437,53.69797],[-1.41349,53.69792],[-1.415,53.69913],[-1.41597,53.69921],[-1.41533,53.69958],[-1.41548,53.69984],[-1.41768,53.6992],[-1.41508,53.70204],[-1.41476,53.70161],[-1.41532,53.70118],[-1.41513,53.70062]]]}},{"type":"Feature","properties":{"id":"E01011822","name":"E01011822","parent":"E08000036","type":"LSOA","pop":1449,"r":290,"ff":120,"ffd":8281.6,"ffs":0.5357,"g":63,"co":2,"mo":2,"sa":0,"ic":0},"geometry":{"type":"MultiPolygon","coordinates":[[[[-1.41874,53.69281],[-1.41853,53.69248],[-1.41885,53.69258],[-1.41874,53.69281]]],[[[-1.41874,53.69281],[-1.41832,53.69367],[-1.41956,53.69607],[-1.4207,53.69648],[-1.42174,53.69617],[-1.42278,53.69639],[-1.4228,53.69684],[-1.42231,53.69687],[-1.42268,53.69736],[-1.42214,53.69776],[-1.42303,53.69889],[-1.42266,53.69901],[-1.42226,53.69855],[-1.42056,53.69829],[-1.41995,53.69846],[-1.41917,53.69811],[-1.41918,53.6984],[-1.41848,53.69861],[-1.41773,53.69849],[-1.41696,53.69784],[-1.41592,53.69808],[-1.41491,53.69729],[-1.41474,53.6969],[-1.41485,53.69584],[-1.41388,53.69456],[-1.41258,53.69429],[-1.41246,53.6936],[-1.41396,53.6934],[-1.41437,53.6941],[-1.41492,53.69392],[-1.41521,53.69332],[-1.41691,53.69332],[-1.41874,53.69281]]]]}},{"type":"Feature","properties":{"id":"E01011823","name":"E01011823","parent":"E08000036","type":"LSOA","pop":1441,"r":407,"ff":180,"ffd":12491.3,"ffs":0.5538,"g":78,"co":0,"mo":0,"sa":0,"ic":0},"geometry":{"type":"Polygon","coordinates":[[[-1.58054,53.70379],[-1.5821,53.69914],[-1.58233,53.69758],[-1.58196,53.69697],[-1.57637,53.69812],[-1.57578,53.69526],[-1.57467,53.69426],[-1.5746,53.69373],[-1.58227,53.69392],[-1.58212,53.69347],[-1.58524,53.69418],[-1.58791,53.69424],[-1.58851,53.69412],[-1.5882,53.69373],[-1.58754,53.69395],[-1.5872,53.69323],[-1.59015,53.69312],[-1.59013,53.69219],[-1.58891,53.69187],[-1.58931,53.69157],[-1.59552,53.69124],[-1.60261,53.69216],[-1.60202,53.69268],[-1.60264,53.6934],[-1.60257,53.69532],[-1.6022,53.69618],[-1.60114,53.69681],[-1.5991,53.69872],[-1.59832,53.69976],[-1.59589,53.70062],[-1.59511,53.70001],[-1.59404,53.70029],[-1.59095,53.70154],[-1.59021,53.70217],[-1.58703,53.70291],[-1.58422,53.70311],[-1.58054,53.70379]]]}},{"type":"Feature","properties":{"id":"E01011824","name":"E01011824","parent":"E08000036","type":"LSOA","pop":1713,"r":413,"ff":178,"ffd":10391.1,"ffs":0.5394,"g":80,"co":0,"mo":0,"sa":0,"ic":0},"geometry":{"type":"Polygon","coordinates":[[[-1.58524,53.69418],[-1.58212,53.69347],[-1.57916,53.69185],[-1.58012,53.69155],[-1.57987,53.69124],[-1.58047,53.691],[-1.58093,53.69017],[-1.58166,53.69059],[-1.58233,53.69198],[-1.58293,53.69209],[-1.58201,53.69011],[-1.58254,53.68939],[-1.58376,53.6891],[-1.58423,53.68957],[-1.58509,53.68962],[-1.58376,53.68837],[-1.58386,53.68789],[-1.58637,53.68787],[-1.58598,53.68815],[-1.58591,53.68883],[-1.58525,53.68921],[-1.58658,53.68969],[-1.58748,53.69044],[-1.58812,53.69046],[-1.58823,53.69069],[-1.58771,53.69082],[-1.58931,53.69157],[-1.58891,53.69187],[-1.59013,53.69219],[-1.59015,53.69312],[-1.5872,53.69323],[-1.58754,53.69395],[-1.5882,53.69373],[-1.58851,53.69412],[-1.58524,53.69418]]]}},{"type":"Feature","properties":{"id":"E01011825","name":"E01011825","parent":"E08000036","type":"LSOA","pop":1814,"r":416,"ff":176,"ffd":9702.3,"ffs":0.5317,"g":82,"co":0,"mo":0,"sa":0,"ic":0},"geometry":{"type":"Polygon","coordinates":[[[-1.57113,53.70643],[-1.56675,53.70405],[-1.56636,53.7041],[-1.56548,53.703],[-1.56472,53.70279],[-1.56503,53.70219],[-1.5645,53.70222],[-1.56426,53.70164],[-1.56289,53.70141],[-1.56249,53.70079],[-1.56196,53.70081],[-1.56045,53.69975],[-1.56067,53.69943],[-1.55927,53.699],[-1.5581,53.69825],[-1.55794,53.69724],[-1.55561,53.69607],[-1.55536,53.69498],[-1.55392,53.69377],[-1.55024,53.69235],[-1.54946,53.69156],[-1.54873,53.69143],[-1.55131,53.68725],[-1.55568,53.68706],[-1.55631,53.68768],[-1.55675,53.68977],[-1.56198,53.68875],[-1.56206,53.68695],[-1.56181,53.6866],[-1.56048,53.68635],[-1.56058,53.68559],[-1.56271,53.68624],[-1.56537,53.68648],[-1.56595,53.6854],[-1.56686,53.68547],[-1.56896,53.6837],[-1.5714,53.68392],[-1.57149,53.68486],[-1.57365,53.68521],[-1.57383,53.68577],[-1.57581,53.68584],[-1.57699,53.68427],[-1.57741,53.68462],[-1.57658,53.68502],[-1.5765,53.68566],[-1.57742,53.68637],[-1.57895,53.68696],[-1.57963,53.68694],[-1.58016,53.68646],[-1.58182,53.68628],[-1.58276,53.68584],[-1.58276,53.6848],[-1.58358,53.68352],[-1.58456,53.68331],[-1.58646,53.68368],[-1.58564,53.68479],[-1.58584,53.68494],[-1.58658,53.68455],[-1.58667,53.68511],[-1.58733,53.68466],[-1.58788,53.68518],[-1.58757,53.68586],[-1.58673,53.6867],[-1.58464,53.68747],[-1.58482,53.68782],[-1.58386,53.68789],[-1.58376,53.68837],[-1.58509,53.68962],[-1.58423,53.68957],[-1.58376,53.6891],[-1.58254,53.68939],[-1.58201,53.69011],[-1.58293,53.69209],[-1.58233,53.69198],[-1.58166,53.69059],[-1.58093,53.69017],[-1.58047,53.691],[-1.57987,53.69124],[-1.58012,53.69155],[-1.57916,53.69185],[-1.58212,53.69347],[-1.58227,53.69392],[-1.5746,53.69373],[-1.57467,53.69426],[-1.57578,53.69526],[-1.57637,53.69812],[-1.58196,53.69697],[-1.58233,53.69758],[-1.5821,53.69914],[-1.58054,53.70379],[-1.57646,53.70462],[-1.57113,53.70643]]]}},{"type":"Feature","properties":{"id":"E01011826","name":"E01011826","parent":"E08000036","type":"LSOA","pop":1477,"r":404,"ff":178,"ffd":12051.5,"ffs":0.5528,"g":79,"co":0,"mo":0,"sa":0,"ic":0},"geometry":{"type":"Polygon","coordinates":[[[-1.58733,53.68466],[-1.58798,53.68442],[-1.58713,53.68343],[-1.58741,53.6831],[-1.58654,53.68237],[-1.58701,53.68204],[-1.58766,53.68211],[-1.58795,53.68291],[-1.58854,53.68297],[-1.58803,53.68361],[-1.58888,53.68463],[-1.58965,53.68403],[-1.59091,53.68408],[-1.59091,53.68439],[-1.59422,53.68496],[-1.59631,53.68644],[-1.59305,53.68901],[-1.59197,53.68936],[-1.59235,53.69112],[-1.59222,53.69151],[-1.58931,53.69157],[-1.58771,53.69082],[-1.58823,53.69069],[-1.58812,53.69046],[-1.58748,53.69044],[-1.58658,53.68969],[-1.58525,53.68921],[-1.58591,53.68883],[-1.58598,53.68815],[-1.58637,53.68787],[-1.58482,53.68782],[-1.58464,53.68747],[-1.58673,53.6867],[-1.58757,53.68586],[-1.58788,53.68518],[-1.58733,53.68466]]]}},{"type":"Feature","properties":{"id":"E01011827","name":"E01011827","parent":"E08000036","type":"LSOA","pop":1219,"r":406,"ff":175,"ffd":14356.0,"ffs":0.5469,"g":83,"co":0,"mo":0,"sa":0,"ic":0},"geometry":{"type":"Polygon","coordinates":[[[-1.55568,53.68706],[-1.55528,53.68412],[-1.55395,53.68398],[-1.54953,53.68193],[-1.55421,53.67993],[-1.56684,53.67676],[-1.56704,53.67707],[-1.56756,53.677],[-1.56823,53.67808],[-1.56909,53.67825],[-1.5695,53.67903],[-1.57039,53.67898],[-1.57086,53.67948],[-1.57177,53.67955],[-1.57082,53.68121],[-1.57029,53.68118],[-1.56999,53.68228],[-1.56921,53.68268],[-1.56896,53.6837],[-1.56686,53.68547],[-1.56595,53.6854],[-1.56537,53.68648],[-1.56271,53.68624],[-1.56058,53.68559],[-1.56048,53.68635],[-1.56181,53.6866],[-1.56206,53.68695],[-1.56198,53.68875],[-1.55675,53.68977],[-1.55631,53.68768],[-1.55568,53.68706]]]}},{"type":"Feature","properties":{"id":"E01011828","name":"E01011828","parent":"E08000036","type":"LSOA","pop":1467,"r":437,"ff":183,"ffd":12474.4,"ffs":0.5367,"g":93,"co":0,"mo":0,"sa":0,"ic":0},"geometry":{"type":"Polygon","coordinates":[[[-1.5765,53.68566],[-1.57658,53.68502],[-1.57741,53.68462],[-1.57699,53.68427],[-1.57581,53.68584],[-1.57383,53.68577],[-1.57365,53.68521],[-1.57149,53.68486],[-1.5714,53.68392],[-1.56896,53.6837],[-1.56921,53.68268],[-1.56999,53.68228],[-1.57029,53.68118],[-1.57082,53.68121],[-1.57123,53.68042],[-1.57252,53.68042],[-1.57232,53.67984],[-1.57301,53.67959],[-1.57422,53.6802],[-1.57321,53.68061],[-1.57339,53.68092],[-1.57445,53.68099],[-1.57478,53.68042],[-1.57542,53.6807],[-1.57646,53.68019],[-1.5771,53.68031],[-1.57745,53.67937],[-1.57862,53.6786],[-1.57882,53.67877],[-1.57869,53.67939],[-1.57783,53.67987],[-1.57834,53.68035],[-1.57781,53.68065],[-1.57844,53.68101],[-1.5788,53.68074],[-1.57911,53.68095],[-1.57858,53.68124],[-1.58046,53.68216],[-1.58133,53.68113],[-1.58332,53.68185],[-1.58335,53.68228],[-1.58248,53.68241],[-1.58264,53.68276],[-1.58177,53.68279],[-1.58023,53.68392],[-1.58001,53.68428],[-1.57825,53.68451],[-1.57795,53.68539],[-1.58031,53.68563],[-1.58209,53.68481],[-1.58276,53.6848],[-1.58276,53.68584],[-1.58182,53.68628],[-1.58016,53.68646],[-1.57963,53.68694],[-1.57895,53.68696],[-1.57742,53.68637],[-1.5765,53.68566]]]}},{"type":"Feature","properties":{"id":"E01011829","name":"E01011829","parent":"E08000036","type":"LSOA","pop":1321,"r":321,"ff":142,"ffd":10749.4,"ffs":0.5635,"g":66,"co":0,"mo":0,"sa":0,"ic":0},"geometry":{"type":"Polygon","coordinates":[[[-1.57594,53.67609],[-1.57642,53.67563],[-1.57573,53.67511],[-1.57663,53.67488],[-1.57688,53.6741],[-1.57565,53.67356],[-1.57438,53.67356],[-1.57406,53.67301],[-1.57599,53.67213],[-1.57469,53.67079],[-1.57648,53.668],[-1.57647,53.66713],[-1.57466,53.66533],[-1.5761,53.66369],[-1.57572,53.663],[-1.57474,53.66209],[-1.5749,53.66157],[-1.58353,53.66155],[-1.58211,53.65989],[-1.58266,53.65878],[-1.58046,53.65767],[-1.58153,53.65704],[-1.58593,53.65821],[-1.59084,53.66047],[-1.59036,53.66106],[-1.59056,53.66176],[-1.59141,53.66235],[-1.59125,53.66287],[-1.59507,53.66467],[-1.59867,53.66716],[-1.60221,53.66898],[-1.60404,53.66934],[-1.60665,53.66922],[-1.60827,53.67112],[-1.60753,53.67199],[-1.60803,53.67244],[-1.60549,53.67245],[-1.60317,53.67149],[-1.59836,53.67094],[-1.59724,53.66919],[-1.59629,53.66893],[-1.59357,53.66895],[-1.5929,53.66855],[-1.59127,53.66873],[-1.58721,53.66993],[-1.58772,53.67016],[-1.58609,53.67077],[-1.58649,53.67099],[-1.58444,53.67199],[-1.58386,53.67161],[-1.58565,53.6732],[-1.58282,53.67286],[-1.58214,53.67234],[-1.58125,53.67244],[-1.58073,53.67205],[-1.58007,53.67231],[-1.58157,53.67274],[-1.57973,53.67334],[-1.58021,53.67372],[-1.58063,53.67353],[-1.58117,53.67406],[-1.58009,53.6745],[-1.57994,53.67513],[-1.57905,53.67521],[-1.57804,53.67473],[-1.57871,53.67571],[-1.57929,53.67586],[-1.57851,53.67616],[-1.57817,53.67586],[-1.57659,53.67644],[-1.57594,53.67609]]]}},{"type":"Feature","properties":{"id":"E01011830","name":"E01011830","parent":"E08000036","type":"LSOA","pop":1454,"r":364,"ff":161,"ffd":11072.9,"ffs":0.561,"g":74,"co":0,"mo":0,"sa":0,"ic":0},"geometry":{"type":"Polygon","coordinates":[[[-1.57858,53.68124],[-1.57911,53.68095],[-1.5788,53.68074],[-1.57844,53.68101],[-1.57781,53.68065],[-1.57834,53.68035],[-1.57783,53.67987],[-1.57869,53.67939],[-1.57882,53.67877],[-1.57862,53.6786],[-1.57745,53.67937],[-1.5771,53.68031],[-1.57646,53.68019],[-1.57542,53.6807],[-1.57478,53.68042],[-1.57445,53.68099],[-1.57339,53.68092],[-1.57321,53.68061],[-1.57422,53.6802],[-1.57301,53.67959],[-1.57232,53.67984],[-1.57252,53.68042],[-1.57123,53.68042],[-1.57177,53.67955],[-1.57174,53.67921],[-1.57215,53.67894],[-1.57173,53.67863],[-1.57404,53.67768],[-1.5759,53.67959],[-1.57676,53.67956],[-1.5768,53.67868],[-1.57718,53.67858],[-1.57674,53.67828],[-1.57654,53.67848],[-1.57565,53.67835],[-1.57542,53.67793],[-1.5766,53.67739],[-1.57503,53.67641],[-1.57594,53.67609],[-1.57659,53.67644],[-1.57817,53.67586],[-1.57851,53.67616],[-1.57929,53.67586],[-1.57871,53.67571],[-1.57804,53.67473],[-1.57905,53.67521],[-1.57994,53.67513],[-1.58009,53.6745],[-1.58117,53.67406],[-1.58063,53.67353],[-1.58021,53.67372],[-1.57973,53.67334],[-1.58157,53.67274],[-1.58007,53.67231],[-1.58073,53.67205],[-1.58125,53.67244],[-1.58214,53.67234],[-1.58282,53.67286],[-1.58565,53.6732],[-1.5864,53.67359],[-1.5814,53.67522],[-1.58143,53.67615],[-1.58095,53.67634],[-1.58222,53.67693],[-1.58234,53.67735],[-1.58298,53.67721],[-1.58279,53.67766],[-1.58327,53.67791],[-1.58304,53.67809],[-1.58221,53.67786],[-1.58215,53.67859],[-1.58145,53.67916],[-1.58275,53.67992],[-1.58216,53.68005],[-1.58313,53.68028],[-1.58271,53.68063],[-1.58346,53.68085],[-1.58372,53.68146],[-1.5824,53.68102],[-1.58206,53.68152],[-1.58133,53.68113],[-1.58046,53.68216],[-1.57858,53.68124]]]}},{"type":"Feature","properties":{"id":"E01011831","name":"E01011831","parent":"E08000036","type":"LSOA","pop":1689,"r":354,"ff":159,"ffd":9413.9,"ffs":0.5679,"g":71,"co":0,"mo":0,"sa":0,"ic":0},"geometry":{"type":"Polygon","coordinates":[[[-1.58031,53.68563],[-1.57795,53.68539],[-1.57825,53.68451],[-1.58001,53.68428],[-1.58023,53.68392],[-1.58177,53.68279],[-1.58264,53.68276],[-1.58248,53.68241],[-1.58335,53.68228],[-1.58332,53.68185],[-1.58206,53.68152],[-1.5824,53.68102],[-1.58372,53.68146],[-1.58346,53.68085],[-1.58271,53.68063],[-1.58313,53.68028],[-1.58216,53.68005],[-1.58275,53.67992],[-1.58145,53.67916],[-1.58298,53.6797],[-1.58352,53.67915],[-1.58388,53.67828],[-1.58475,53.67865],[-1.58547,53.67815],[-1.58398,53.67755],[-1.58429,53.67727],[-1.58507,53.67738],[-1.58609,53.67693],[-1.58751,53.67794],[-1.58715,53.67838],[-1.58911,53.67891],[-1.58932,53.67929],[-1.58823,53.67979],[-1.58741,53.68076],[-1.58871,53.68153],[-1.58855,53.68197],[-1.59125,53.68264],[-1.59101,53.68367],[-1.58927,53.68365],[-1.58834,53.68388],[-1.58803,53.68361],[-1.58854,53.68297],[-1.58795,53.68291],[-1.58766,53.68211],[-1.58701,53.68204],[-1.58654,53.68237],[-1.58741,53.6831],[-1.58713,53.68343],[-1.58798,53.68442],[-1.58667,53.68511],[-1.58658,53.68455],[-1.58584,53.68494],[-1.58564,53.68479],[-1.58646,53.68368],[-1.58456,53.68331],[-1.58358,53.68352],[-1.58279,53.68479],[-1.58209,53.68481],[-1.58031,53.68563]]]}},{"type":"Feature","properties":{"id":"E01011832","name":"E01011832","parent":"E08000036","type":"LSOA","pop":1475,"r":373,"ff":169,"ffd":11457.6,"ffs":0.5748,"g":76,"co":0,"mo":0,"sa":0,"ic":0},"geometry":{"type":"Polygon","coordinates":[[[-1.5759,53.67959],[-1.57404,53.67768],[-1.57173,53.67863],[-1.57215,53.67894],[-1.57174,53.67921],[-1.57177,53.67955],[-1.57086,53.67948],[-1.57039,53.67898],[-1.5695,53.67903],[-1.56909,53.67825],[-1.56823,53.67808],[-1.56756,53.677],[-1.56704,53.67707],[-1.56684,53.67676],[-1.57237,53.67479],[-1.57015,53.67342],[-1.56933,53.67152],[-1.57163,53.67161],[-1.5752,53.67137],[-1.57599,53.67213],[-1.57406,53.67301],[-1.57438,53.67356],[-1.57565,53.67356],[-1.57688,53.6741],[-1.57663,53.67488],[-1.57573,53.67511],[-1.57642,53.67563],[-1.57594,53.67609],[-1.57503,53.67641],[-1.5766,53.67739],[-1.57542,53.67793],[-1.57565,53.67835],[-1.57654,53.67848],[-1.57674,53.67828],[-1.57718,53.67858],[-1.5768,53.67868],[-1.57676,53.67956],[-1.5759,53.67959]]]}},{"type":"Feature","properties":{"id":"E01011833","name":"E01011833","parent":"E08000036","type":"LSOA","pop":1479,"r":324,"ff":143,"ffd":9668.7,"ffs":0.5564,"g":64,"co":0,"mo":0,"sa":0,"ic":0},"geometry":{"type":"Polygon","coordinates":[[[-1.59091,53.68408],[-1.58965,53.68403],[-1.58888,53.68463],[-1.58834,53.68388],[-1.58927,53.68365],[-1.59101,53.68367],[-1.59125,53.68264],[-1.58855,53.68197],[-1.58871,53.68153],[-1.58741,53.68076],[-1.58823,53.67979],[-1.58932,53.67929],[-1.58911,53.67891],[-1.58715,53.67838],[-1.58751,53.67794],[-1.58609,53.67693],[-1.58507,53.67738],[-1.58429,53.67727],[-1.58398,53.67755],[-1.58547,53.67815],[-1.58475,53.67865],[-1.58388,53.67828],[-1.58352,53.67915],[-1.58298,53.6797],[-1.58145,53.67916],[-1.58215,53.67859],[-1.58221,53.67786],[-1.58304,53.67809],[-1.58327,53.67791],[-1.58279,53.67766],[-1.58298,53.67721],[-1.58234,53.67735],[-1.58222,53.67693],[-1.58095,53.67634],[-1.58143,53.67615],[-1.5814,53.67522],[-1.5864,53.67359],[-1.58565,53.6732],[-1.58386,53.67161],[-1.58444,53.67199],[-1.58572,53.67147],[-1.58649,53.67099],[-1.58609,53.67077],[-1.58772,53.67016],[-1.58721,53.66993],[-1.59127,53.66873],[-1.5929,53.66855],[-1.59357,53.66895],[-1.59629,53.66893],[-1.59724,53.66919],[-1.59836,53.67094],[-1.60317,53.67149],[-1.60549,53.67245],[-1.61076,53.67267],[-1.61395,53.67367],[-1.61468,53.67462],[-1.61519,53.67727],[-1.61388,53.67721],[-1.6137,53.6778],[-1.61075,53.67788],[-1.60763,53.67907],[-1.60526,53.67935],[-1.60477,53.67978],[-1.60392,53.68179],[-1.60225,53.68395],[-1.59882,53.68373],[-1.59631,53.68644],[-1.59422,53.68496],[-1.59091,53.68439],[-1.59091,53.68408]]]}},{"type":"Feature","properties":{"id":"E01011834","name":"E01011834","parent":"E08000036","type":"LSOA","pop":2004,"r":209,"ff":88,"ffd":4391.2,"ffs":0.5399,"g":44,"co":2,"mo":0,"sa":0,"ic":1},"geometry":{"type":"Polygon","coordinates":[[[-1.31261,53.70275],[-1.31231,53.70249],[-1.30853,53.7037],[-1.3076,53.70379],[-1.30726,53.70325],[-1.30594,53.70362],[-1.30514,53.70283],[-1.30333,53.70328],[-1.30298,53.7023],[-1.30014,53.70218],[-1.30045,53.70163],[-1.30223,53.70143],[-1.30292,53.70048],[-1.30186,53.69939],[-1.30306,53.69895],[-1.30334,53.69986],[-1.30439,53.70032],[-1.30481,53.70004],[-1.30663,53.6999],[-1.30656,53.69956],[-1.30703,53.6994],[-1.30651,53.69784],[-1.30701,53.69771],[-1.31161,53.69795],[-1.31118,53.69973],[-1.31176,53.70101],[-1.31235,53.70176],[-1.31987,53.69976],[-1.32017,53.69988],[-1.32228,53.6981],[-1.32326,53.69797],[-1.32941,53.70559],[-1.33002,53.70672],[-1.32989,53.70844],[-1.32253,53.70957],[-1.31957,53.70628],[-1.31931,53.70486],[-1.31323,53.70356],[-1.31261,53.70275]]]}},{"type":"Feature","properties":{"id":"E01011835","name":"E01011835","parent":"E08000036","type":"LSOA","pop":2809,"r":180,"ff":81,"ffd":2883.6,"ffs":0.5436,"g":30,"co":3,"mo":0,"sa":0,"ic":1},"geometry":{"type":"Polygon","coordinates":[[[-1.28007,53.70602],[-1.27763,53.70114],[-1.27648,53.69961],[-1.27365,53.69732],[-1.27392,53.69316],[-1.27925,53.69414],[-1.28489,53.69592],[-1.28752,53.69621],[-1.29084,53.69716],[-1.29147,53.69767],[-1.29202,53.69732],[-1.29223,53.69877],[-1.2931,53.69848],[-1.29404,53.69857],[-1.29311,53.69924],[-1.29362,53.69994],[-1.2931,53.69997],[-1.29327,53.7005],[-1.29366,53.70034],[-1.29392,53.70067],[-1.29337,53.7008],[-1.29365,53.70145],[-1.29459,53.70173],[-1.29603,53.70129],[-1.2957,53.70202],[-1.29631,53.70224],[-1.29644,53.70269],[-1.29504,53.70408],[-1.29373,53.70408],[-1.29308,53.70376],[-1.29266,53.70417],[-1.29306,53.70427],[-1.29176,53.70464],[-1.29139,53.70351],[-1.29044,53.70376],[-1.29061,53.70451],[-1.29021,53.70466],[-1.29063,53.70534],[-1.28784,53.70698],[-1.2834,53.70873],[-1.28123,53.70721],[-1.28007,53.70602]]]}},{"type":"Feature","properties":{"id":"E01011836","name":"E01011836","parent":"E08000036","type":"LSOA","pop":1428,"r":188,"ff":83,"ffd":5812.3,"ffs":0.539,"g":33,"co":3,"mo":0,"sa":0,"ic":1},"geometry":{"type":"Polygon","coordinates":[[[-1.29816,53.70463],[-1.29613,53.70404],[-1.29576,53.70431],[-1.29545,53.7038],[-1.29644,53.70269],[-1.29631,53.70224],[-1.2957,53.70202],[-1.29603,53.70129],[-1.29459,53.70173],[-1.29365,53.70145],[-1.29337,53.7008],[-1.29392,53.70067],[-1.29366,53.70034],[-1.29327,53.7005],[-1.2931,53.69997],[-1.29362,53.69994],[-1.29311,53.69924],[-1.29404,53.69857],[-1.2931,53.69848],[-1.29223,53.69877],[-1.29202,53.69732],[-1.29266,53.69701],[-1.29233,53.69657],[-1.29182,53.69676],[-1.29162,53.69625],[-1.29497,53.69488],[-1.29467,53.69437],[-1.29488,53.69462],[-1.29584,53.69441],[-1.2961,53.69468],[-1.29656,53.6946],[-1.29665,53.69421],[-1.29748,53.69382],[-1.29918,53.69485],[-1.29957,53.69479],[-1.30078,53.69574],[-1.29964,53.69647],[-1.30072,53.69636],[-1.30037,53.69744],[-1.30067,53.69833],[-1.29878,53.69796],[-1.2985,53.69765],[-1.29812,53.69794],[-1.29814,53.69879],[-1.29862,53.69867],[-1.29945,53.69958],[-1.30103,53.69888],[-1.30134,53.69935],[-1.30186,53.69939],[-1.30292,53.70048],[-1.30223,53.70143],[-1.30045,53.70163],[-1.30014,53.70218],[-1.29914,53.70203],[-1.29846,53.70294],[-1.29741,53.70361],[-1.29816,53.70463]]]}},{"type":"Feature","properties":{"id":"E01011837","name":"E01011837","parent":"E08000036","type":"LSOA","pop":1845,"r":175,"ff":81,"ffd":4390.2,"ffs":0.5548,"g":28,"co":3,"mo":0,"sa":2,"ic":1},"geometry":{"type":"Polygon","coordinates":[[[-1.30956,53.69272],[-1.309,53.69262],[-1.30796,53.693],[-1.30755,53.69251],[-1.30788,53.69231],[-1.30885,53.69248],[-1.30915,53.69196],[-1.30832,53.69205],[-1.30784,53.69175],[-1.30694,53.69224],[-1.30676,53.69211],[-1.30683,53.69122],[-1.30885,53.69038],[-1.30903,53.69002],[-1.30829,53.6894],[-1.30994,53.68864],[-1.3088,53.68768],[-1.30689,53.68836],[-1.30611,53.68739],[-1.30502,53.68747],[-1.30503,53.68602],[-1.30415,53.68547],[-1.30424,53.68585],[-1.30376,53.68594],[-1.30345,53.68653],[-1.30227,53.68641],[-1.30213,53.68554],[-1.30135,53.68507],[-1.3043,53.68368],[-1.30869,53.68366],[-1.31139,53.6852],[-1.31231,53.68553],[-1.31385,53.68727],[-1.31438,53.68932],[-1.31488,53.69016],[-1.3153,53.69019],[-1.31624,53.69111],[-1.31702,53.69078],[-1.31748,53.69175],[-1.31822,53.69195],[-1.3179,53.69223],[-1.3186,53.69301],[-1.31771,53.69324],[-1.31699,53.69257],[-1.31522,53.69321],[-1.3143,53.69209],[-1.31339,53.69307],[-1.31408,53.69369],[-1.31043,53.69454],[-1.30966,53.69366],[-1.31001,53.6932],[-1.30956,53.69272]]]}},{"type":"Feature","properties":{"id":"E01011838","name":"E01011838","parent":"E08000036","type":"LSOA","pop":1903,"r":192,"ff":86,"ffd":4519.2,"ffs":0.5443,"g":33,"co":3,"mo":0,"sa":0,"ic":1},"geometry":{"type":"Polygon","coordinates":[[[-1.30334,53.69986],[-1.30306,53.69895],[-1.30186,53.69939],[-1.30134,53.69935],[-1.30103,53.69888],[-1.29945,53.69958],[-1.29862,53.69867],[-1.29814,53.69879],[-1.29812,53.69794],[-1.2985,53.69765],[-1.29878,53.69796],[-1.30067,53.69833],[-1.30037,53.69744],[-1.30072,53.69636],[-1.29964,53.69647],[-1.30078,53.69574],[-1.29957,53.69479],[-1.30164,53.69458],[-1.30222,53.69385],[-1.30165,53.69304],[-1.30014,53.69377],[-1.29806,53.69264],[-1.2996,53.69331],[-1.29955,53.69234],[-1.30042,53.69191],[-1.30038,53.6915],[-1.30277,53.69172],[-1.3036,53.69163],[-1.30299,53.69233],[-1.30391,53.69202],[-1.30676,53.69211],[-1.30694,53.69224],[-1.30784,53.69175],[-1.30832,53.69205],[-1.30915,53.69196],[-1.30885,53.69248],[-1.30788,53.69231],[-1.30755,53.69251],[-1.30796,53.693],[-1.309,53.69262],[-1.30956,53.69272],[-1.31001,53.6932],[-1.30966,53.69366],[-1.31075,53.69484],[-1.31203,53.69698],[-1.31161,53.69795],[-1.30701,53.69771],[-1.30651,53.69784],[-1.30703,53.6994],[-1.30656,53.69956],[-1.30663,53.6999],[-1.30481,53.70004],[-1.30439,53.70032],[-1.30334,53.69986]]]}},{"type":"Feature","properties":{"id":"E01011839","name":"E01011839","parent":"E08000036","type":"LSOA","pop":2752,"r":172,"ff":76,"ffd":2761.6,"ffs":0.5352,"g":29,"co":3,"mo":0,"sa":0,"ic":1},"geometry":{"type":"Polygon","coordinates":[[[-1.29084,53.69716],[-1.28752,53.69621],[-1.28489,53.69592],[-1.27925,53.69414],[-1.27392,53.69316],[-1.27396,53.69102],[-1.27435,53.69054],[-1.27612,53.69055],[-1.27647,53.68971],[-1.27589,53.68974],[-1.27539,53.68918],[-1.28455,53.68765],[-1.28627,53.68924],[-1.29706,53.69217],[-1.2974,53.69232],[-1.29708,53.69256],[-1.29895,53.69396],[-1.29838,53.69423],[-1.29748,53.69382],[-1.29665,53.69421],[-1.29656,53.6946],[-1.2961,53.69468],[-1.29584,53.69441],[-1.29488,53.69462],[-1.29467,53.69437],[-1.29497,53.69488],[-1.29162,53.69625],[-1.29182,53.69676],[-1.29233,53.69657],[-1.29266,53.69701],[-1.29147,53.69767],[-1.29084,53.69716]]]}},{"type":"Feature","properties":{"id":"E01011840","name":"E01011840","parent":"E08000036","type":"LSOA","pop":1821,"r":176,"ff":79,"ffd":4338.3,"ffs":0.5374,"g":28,"co":3,"mo":0,"sa":0,"ic":1},"geometry":{"type":"Polygon","coordinates":[[[-1.29895,53.69396],[-1.29708,53.69256],[-1.2974,53.69232],[-1.29706,53.69217],[-1.29714,53.69149],[-1.29858,53.68819],[-1.3006,53.68777],[-1.30227,53.68641],[-1.30345,53.68653],[-1.30376,53.68594],[-1.30424,53.68585],[-1.30415,53.68547],[-1.30503,53.68602],[-1.30502,53.68747],[-1.30611,53.68739],[-1.30689,53.68836],[-1.3088,53.68768],[-1.30994,53.68864],[-1.30829,53.6894],[-1.30903,53.69002],[-1.30885,53.69038],[-1.30683,53.69122],[-1.30676,53.69211],[-1.30391,53.69202],[-1.30299,53.69233],[-1.3036,53.69163],[-1.30277,53.69172],[-1.30038,53.6915],[-1.30042,53.69191],[-1.29955,53.69234],[-1.2996,53.69331],[-1.29806,53.69264],[-1.30014,53.69377],[-1.30165,53.69304],[-1.30222,53.69385],[-1.30164,53.69458],[-1.29918,53.69485],[-1.29838,53.69423],[-1.29895,53.69396]]]}},{"type":"Feature","properties":{"id":"E01011841","name":"E01011841","parent":"E08000036","type":"LSOA","pop":2502,"r":205,"ff":88,"ffd":3517.2,"ffs":0.5269,"g":37,"co":2,"mo":0,"sa":0,"ic":1},"geometry":{"type":"Polygon","coordinates":[[[-1.3241,53.69901],[-1.32326,53.69797],[-1.32228,53.6981],[-1.32017,53.69988],[-1.31987,53.69976],[-1.31235,53.70176],[-1.31176,53.70101],[-1.31118,53.69973],[-1.31203,53.69698],[-1.31043,53.69454],[-1.31408,53.69369],[-1.31339,53.69307],[-1.3143,53.69209],[-1.31522,53.69321],[-1.31699,53.69257],[-1.31771,53.69324],[-1.3186,53.69301],[-1.3179,53.69223],[-1.31822,53.69195],[-1.31748,53.69175],[-1.31702,53.69078],[-1.32162,53.68891],[-1.32185,53.68967],[-1.32305,53.69009],[-1.32337,53.68942],[-1.3248,53.68899],[-1.32557,53.68929],[-1.32748,53.68873],[-1.32903,53.68797],[-1.33271,53.68569],[-1.33676,53.68364],[-1.33862,53.68315],[-1.33807,53.68389],[-1.34566,53.68375],[-1.34915,53.68417],[-1.35173,53.68523],[-1.35265,53.68649],[-1.3529,53.68782],[-1.35242,53.69167],[-1.3534,53.69394],[-1.35497,53.69555],[-1.35529,53.69881],[-1.35318,53.70151],[-1.35136,53.70299],[-1.35206,53.70424],[-1.34476,53.70474],[-1.32989,53.70844],[-1.33002,53.70672],[-1.32941,53.70559],[-1.3241,53.69901]]]}},{"type":"Feature","properties":{"id":"E01011842","name":"E01011842","parent":"E08000036","type":"LSOA","pop":1365,"r":195,"ff":89,"ffd":6520.1,"ffs":0.5427,"g":30,"co":3,"mo":0,"sa":0,"ic":1},"geometry":{"type":"Polygon","coordinates":[[[-1.32185,53.68967],[-1.32162,53.68891],[-1.32476,53.68799],[-1.32241,53.68673],[-1.33333,53.68127],[-1.33527,53.68267],[-1.33713,53.6834],[-1.33862,53.68315],[-1.33676,53.68364],[-1.33271,53.68569],[-1.32903,53.68797],[-1.32748,53.68873],[-1.32557,53.68929],[-1.3248,53.68899],[-1.32337,53.68942],[-1.32305,53.69009],[-1.32185,53.68967]]]}},{"type":"Feature","properties":{"id":"E01011843","name":"E01011843","parent":"E08000036","type":"LSOA","pop":1720,"r":183,"ff":83,"ffd":4825.6,"ffs":0.5497,"g":31,"co":3,"mo":0,"sa":0,"ic":1},"geometry":{"type":"Polygon","coordinates":[[[-1.29021,53.70466],[-1.29061,53.70451],[-1.29044,53.70376],[-1.29139,53.70351],[-1.29176,53.70464],[-1.29306,53.70427],[-1.29266,53.70417],[-1.29308,53.70376],[-1.29373,53.70408],[-1.29504,53.70408],[-1.29545,53.7038],[-1.29576,53.70431],[-1.29613,53.70404],[-1.29816,53.70463],[-1.29741,53.70361],[-1.29846,53.70294],[-1.29931,53.70311],[-1.29965,53.70363],[-1.29975,53.70465],[-1.29916,53.70532],[-1.30282,53.70706],[-1.30573,53.71035],[-1.29556,53.71149],[-1.29362,53.71145],[-1.28782,53.71055],[-1.2834,53.70873],[-1.28784,53.70698],[-1.29063,53.70534],[-1.29021,53.70466]]]}},{"type":"Feature","properties":{"id":"E01011844","name":"E01011844","parent":"E08000036","type":"LSOA","pop":1900,"r":196,"ff":84,"ffd":4421.1,"ffs":0.535,"g":38,"co":2,"mo":0,"sa":0,"ic":1},"geometry":{"type":"Polygon","coordinates":[[[-1.29975,53.70465],[-1.29965,53.70363],[-1.29931,53.70311],[-1.29846,53.70294],[-1.29914,53.70203],[-1.30298,53.7023],[-1.30333,53.70328],[-1.30514,53.70283],[-1.30594,53.70362],[-1.30726,53.70325],[-1.3076,53.70379],[-1.30853,53.7037],[-1.31231,53.70249],[-1.31323,53.70356],[-1.31931,53.70486],[-1.31957,53.70628],[-1.32253,53.70957],[-1.31938,53.70984],[-1.30573,53.71035],[-1.30282,53.70706],[-1.29916,53.70532],[-1.29975,53.70465]]]}},{"type":"Feature","properties":{"id":"E01011845","name":"E01011845","parent":"E08000036","type":"LSOA","pop":1824,"r":170,"ff":78,"ffd":4276.3,"ffs":0.5455,"g":26,"co":3,"mo":0,"sa":2,"ic":1},"geometry":{"type":"Polygon","coordinates":[[[-1.32328,53.68315],[-1.322,53.68129],[-1.32226,53.68029],[-1.32075,53.68039],[-1.32099,53.68108],[-1.32028,53.68172],[-1.31986,53.68136],[-1.31906,53.68166],[-1.31809,53.68074],[-1.31858,53.68021],[-1.31818,53.6803],[-1.31744,53.67949],[-1.31763,53.67909],[-1.31682,53.67884],[-1.31577,53.67741],[-1.31509,53.67717],[-1.31498,53.6778],[-1.31418,53.67818],[-1.3143,53.6786],[-1.31365,53.67852],[-1.31338,53.679],[-1.31297,53.6786],[-1.31322,53.67807],[-1.31255,53.67791],[-1.31134,53.67832],[-1.31154,53.67881],[-1.31128,53.67872],[-1.30919,53.67423],[-1.30823,53.67272],[-1.31029,53.67278],[-1.31592,53.67169],[-1.3177,53.67047],[-1.31859,53.67134],[-1.32899,53.67798],[-1.33333,53.68127],[-1.33042,53.68266],[-1.32734,53.68261],[-1.32442,53.68324],[-1.32375,53.68369],[-1.32328,53.68315]]]}},{"type":"Feature","properties":{"id":"E01011846","name":"E01011846","parent":"E08000036","type":"LSOA","pop":1335,"r":175,"ff":80,"ffd":5992.5,"ffs":0.5479,"g":28,"co":3,"mo":0,"sa":2,"ic":1},"geometry":{"type":"Polygon","coordinates":[[[-1.31631,53.685],[-1.31516,53.68474],[-1.31501,53.68519],[-1.31272,53.68467],[-1.31231,53.68553],[-1.31139,53.6852],[-1.30869,53.68366],[-1.30524,53.68368],[-1.30542,53.68134],[-1.30556,53.68112],[-1.30621,53.68129],[-1.30749,53.6811],[-1.30887,53.68056],[-1.309,53.68007],[-1.31117,53.67964],[-1.31131,53.67988],[-1.31137,53.67891],[-1.31056,53.67895],[-1.31128,53.67872],[-1.31154,53.67881],[-1.31134,53.67832],[-1.31255,53.67791],[-1.31322,53.67807],[-1.31297,53.6786],[-1.31338,53.679],[-1.31365,53.67852],[-1.3143,53.6786],[-1.31418,53.67818],[-1.31498,53.6778],[-1.31509,53.67717],[-1.31577,53.67741],[-1.31682,53.67884],[-1.31763,53.67909],[-1.31744,53.67949],[-1.31634,53.67947],[-1.31589,53.67914],[-1.31551,53.6795],[-1.31467,53.67932],[-1.31447,53.67965],[-1.31499,53.67978],[-1.31415,53.68015],[-1.31455,53.68045],[-1.31412,53.68057],[-1.31414,53.68099],[-1.31325,53.68097],[-1.31302,53.68382],[-1.31709,53.68372],[-1.31794,53.68462],[-1.31767,53.6858],[-1.31631,53.685]]]}},{"type":"Feature","properties":{"id":"E01011847","name":"E01011847","parent":"E08000036","type":"LSOA","pop":1360,"r":180,"ff":83,"ffd":6102.9,"ffs":0.5461,"g":27,"co":3,"mo":0,"sa":0,"ic":1},"geometry":{"type":"Polygon","coordinates":[[[-1.32197,53.68691],[-1.31971,53.6856],[-1.31842,53.68603],[-1.31767,53.6858],[-1.31794,53.68462],[-1.31709,53.68372],[-1.31302,53.68382],[-1.31325,53.68097],[-1.31414,53.68099],[-1.31412,53.68057],[-1.31455,53.68045],[-1.31415,53.68015],[-1.31499,53.67978],[-1.31447,53.67965],[-1.31467,53.67932],[-1.31551,53.6795],[-1.31589,53.67914],[-1.31634,53.67947],[-1.31744,53.67949],[-1.31818,53.6803],[-1.31858,53.68021],[-1.31809,53.68074],[-1.31906,53.68166],[-1.31986,53.68136],[-1.32028,53.68172],[-1.32099,53.68108],[-1.32075,53.68039],[-1.32226,53.68029],[-1.322,53.68129],[-1.32375,53.68369],[-1.32442,53.68324],[-1.32734,53.68261],[-1.33042,53.68266],[-1.32575,53.68519],[-1.32197,53.68691]]]}},{"type":"Feature","properties":{"id":"E01011848","name":"E01011848","parent":"E08000036","type":"LSOA","pop":1430,"r":170,"ff":78,"ffd":5454.5,"ffs":0.5455,"g":26,"co":3,"mo":0,"sa":2,"ic":1},"geometry":{"type":"Polygon","coordinates":[[[-1.30245,53.68372],[-1.30241,53.68341],[-1.30326,53.68328],[-1.30436,53.68189],[-1.30397,53.68176],[-1.30261,53.68234],[-1.30183,53.6823],[-1.30189,53.68179],[-1.30282,53.68177],[-1.30292,53.68143],[-1.30185,53.68139],[-1.30164,53.68054],[-1.30124,53.68035],[-1.30064,53.68059],[-1.30037,53.68011],[-1.30047,53.6797],[-1.29941,53.67817],[-1.29836,53.67851],[-1.29607,53.67696],[-1.29936,53.66983],[-1.30031,53.6689],[-1.29863,53.66665],[-1.30156,53.66571],[-1.30552,53.66687],[-1.30645,53.66745],[-1.30816,53.66754],[-1.31166,53.66669],[-1.31252,53.66685],[-1.31494,53.66829],[-1.3177,53.67047],[-1.31592,53.67169],[-1.31029,53.67278],[-1.30823,53.67272],[-1.30919,53.67423],[-1.31128,53.67872],[-1.31056,53.67895],[-1.31137,53.67891],[-1.31131,53.67988],[-1.31117,53.67964],[-1.309,53.68007],[-1.30887,53.68056],[-1.30749,53.6811],[-1.30621,53.68129],[-1.30556,53.68112],[-1.30524,53.68368],[-1.3043,53.68368],[-1.30306,53.68421],[-1.30307,53.6838],[-1.30245,53.68372]]]}},{"type":"Feature","properties":{"id":"E01011849","name":"E01011849","parent":"E08000036","type":"LSOA","pop":1601,"r":153,"ff":67,"ffd":4184.9,"ffs":0.5317,"g":26,"co":3,"mo":0,"sa":0,"ic":1},"geometry":{"type":"Polygon","coordinates":[[[-1.25262,53.6921],[-1.25236,53.69174],[-1.24997,53.69213],[-1.25014,53.69258],[-1.24797,53.69313],[-1.24783,53.69198],[-1.2462,53.69275],[-1.24571,53.69191],[-1.24522,53.6919],[-1.24496,53.69141],[-1.2443,53.69181],[-1.24399,53.69115],[-1.24243,53.68048],[-1.24396,53.67325],[-1.24516,53.67336],[-1.24564,53.67287],[-1.24644,53.67296],[-1.24655,53.67226],[-1.24776,53.67216],[-1.24778,53.67185],[-1.24855,53.67178],[-1.24903,53.67137],[-1.25022,53.66939],[-1.25177,53.66798],[-1.25232,53.66666],[-1.25119,53.66259],[-1.25251,53.66245],[-1.2523,53.66177],[-1.24797,53.65623],[-1.24696,53.65561],[-1.25116,53.65163],[-1.24878,53.64963],[-1.24967,53.64902],[-1.25168,53.6484],[-1.25269,53.64841],[-1.25262,53.64874],[-1.25302,53.64881],[-1.25433,53.64852],[-1.25653,53.64949],[-1.25853,53.64941],[-1.25845,53.64965],[-1.25936,53.64954],[-1.26019,53.64994],[-1.26276,53.65024],[-1.27028,53.64922],[-1.2758,53.64923],[-1.27982,53.64835],[-1.28194,53.64643],[-1.28378,53.64627],[-1.28483,53.64584],[-1.28489,53.64551],[-1.29834,53.65488],[-1.30202,53.65839],[-1.30339,53.66031],[-1.3078,53.66401],[-1.30954,53.66474],[-1.31166,53.66669],[-1.30816,53.66754],[-1.30645,53.66745],[-1.30552,53.66687],[-1.30156,53.66571],[-1.29863,53.66665],[-1.30031,53.6689],[-1.29936,53.66983],[-1.29769,53.67089],[-1.29283,53.67218],[-1.29216,53.67261],[-1.28907,53.67287],[-1.28831,53.67555],[-1.28512,53.67657],[-1.28636,53.67828],[-1.28529,53.67912],[-1.28245,53.67944],[-1.282,53.67895],[-1.27657,53.68073],[-1.28233,53.68521],[-1.28455,53.68765],[-1.27539,53.68918],[-1.27589,53.68974],[-1.27647,53.68971],[-1.27612,53.69055],[-1.27435,53.69054],[-1.27396,53.69102],[-1.27233,53.69099],[-1.27155,53.69138],[-1.26281,53.69254],[-1.26203,53.69222],[-1.26071,53.69247],[-1.26029,53.6921],[-1.25845,53.69184],[-1.25757,53.69227],[-1.25827,53.69366],[-1.25801,53.69387],[-1.25525,53.69297],[-1.25534,53.69226],[-1.25262,53.6921]]]}},{"type":"Feature","properties":{"id":"E01011850","name":"E01011850","parent":"E08000036","type":"LSOA","pop":1559,"r":171,"ff":76,"ffd":4874.9,"ffs":0.5352,"g":28,"co":3,"mo":0,"sa":0,"ic":1},"geometry":{"type":"Polygon","coordinates":[[[-1.29021,53.68909],[-1.28944,53.68863],[-1.29043,53.68774],[-1.29135,53.68813],[-1.29156,53.68874],[-1.29298,53.68855],[-1.29285,53.68885],[-1.29484,53.68758],[-1.29696,53.68712],[-1.29671,53.68666],[-1.29772,53.68617],[-1.29684,53.68603],[-1.29709,53.68532],[-1.29769,53.68517],[-1.29734,53.68485],[-1.29849,53.68466],[-1.30078,53.68487],[-1.30094,53.68515],[-1.30135,53.68507],[-1.30213,53.68554],[-1.30227,53.68641],[-1.3006,53.68777],[-1.29858,53.68819],[-1.29714,53.69149],[-1.29706,53.69217],[-1.29074,53.69054],[-1.29081,53.69013],[-1.28977,53.68981],[-1.29021,53.68909]]]}},{"type":"Feature","properties":{"id":"E01011851","name":"E01011851","parent":"E08000036","type":"LSOA","pop":1479,"r":193,"ff":86,"ffd":5814.7,"ffs":0.5342,"g":31,"co":3,"mo":0,"sa":0,"ic":1},"geometry":{"type":"Polygon","coordinates":[[[-1.31385,53.68727],[-1.31231,53.68553],[-1.31272,53.68467],[-1.31501,53.68519],[-1.31516,53.68474],[-1.31631,53.685],[-1.31767,53.6858],[-1.31842,53.68603],[-1.31971,53.6856],[-1.32197,53.68691],[-1.32241,53.68673],[-1.32476,53.68799],[-1.32162,53.68891],[-1.31624,53.69111],[-1.3153,53.69019],[-1.31488,53.69016],[-1.31438,53.68932],[-1.31385,53.68727]]]}},{"type":"Feature","properties":{"id":"E01011852","name":"E01011852","parent":"E08000036","type":"LSOA","pop":1724,"r":163,"ff":75,"ffd":4350.3,"ffs":0.5556,"g":27,"co":3,"mo":0,"sa":0,"ic":1},"geometry":{"type":"Polygon","coordinates":[[[-1.28528,53.68847],[-1.28233,53.68521],[-1.27657,53.68073],[-1.282,53.67895],[-1.28245,53.67944],[-1.28529,53.67912],[-1.28636,53.67828],[-1.28512,53.67657],[-1.28831,53.67555],[-1.28907,53.67287],[-1.29216,53.67261],[-1.29283,53.67218],[-1.29769,53.67089],[-1.29936,53.66983],[-1.29607,53.67696],[-1.29836,53.67851],[-1.29941,53.67817],[-1.30047,53.6797],[-1.30037,53.68011],[-1.29823,53.68129],[-1.29763,53.68212],[-1.29614,53.68355],[-1.293,53.68447],[-1.29204,53.68556],[-1.29251,53.68587],[-1.29327,53.68578],[-1.29427,53.68647],[-1.29734,53.68485],[-1.29769,53.68517],[-1.29709,53.68532],[-1.29684,53.68603],[-1.29772,53.68617],[-1.29671,53.68666],[-1.29696,53.68712],[-1.29484,53.68758],[-1.29285,53.68885],[-1.29298,53.68855],[-1.29156,53.68874],[-1.29135,53.68813],[-1.29043,53.68774],[-1.28944,53.68863],[-1.29021,53.68909],[-1.28977,53.68981],[-1.29081,53.69013],[-1.29074,53.69054],[-1.28627,53.68924],[-1.28528,53.68847]]]}},{"type":"Feature","properties":{"id":"E01011853","name":"E01011853","parent":"E08000036","type":"LSOA","pop":1411,"r":166,"ff":76,"ffd":5386.3,"ffs":0.5468,"g":26,"co":3,"mo":0,"sa":0,"ic":1},"geometry":{"type":"Polygon","coordinates":[[[-1.29427,53.68647],[-1.29327,53.68578],[-1.29251,53.68587],[-1.29204,53.68556],[-1.293,53.68447],[-1.29614,53.68355],[-1.29763,53.68212],[-1.29823,53.68129],[-1.30037,53.68011],[-1.30064,53.68059],[-1.30124,53.68035],[-1.30164,53.68054],[-1.30185,53.68139],[-1.30292,53.68143],[-1.30282,53.68177],[-1.30189,53.68179],[-1.30183,53.6823],[-1.30261,53.68234],[-1.30397,53.68176],[-1.30436,53.68189],[-1.30326,53.68328],[-1.30241,53.68341],[-1.30245,53.68372],[-1.30307,53.6838],[-1.30306,53.68421],[-1.30135,53.68507],[-1.30094,53.68515],[-1.30078,53.68487],[-1.29849,53.68466],[-1.29734,53.68485],[-1.29427,53.68647]]]}},{"type":"Feature","properties":{"id":"E01011854","name":"E01011854","parent":"E08000036","type":"LSOA","pop":1639,"r":108,"ff":25,"ffd":1525.3,"ffs":0.4902,"g":57,"co":2,"mo":2,"sa":2,"ic":0},"geometry":{"type":"Polygon","coordinates":[[[-1.25573,53.62108],[-1.25944,53.61854],[-1.2585,53.61742],[-1.25758,53.61755],[-1.25732,53.61674],[-1.25351,53.61698],[-1.25339,53.61654],[-1.25689,53.61637],[-1.25757,53.61606],[-1.25749,53.6158],[-1.26002,53.61565],[-1.25947,53.6161],[-1.25989,53.61642],[-1.26069,53.61629],[-1.26104,53.61588],[-1.26453,53.61561],[-1.26559,53.61676],[-1.26479,53.61732],[-1.2649,53.61754],[-1.26452,53.61796],[-1.26183,53.61852],[-1.26211,53.61898],[-1.26294,53.61916],[-1.26216,53.6201],[-1.26573,53.61927],[-1.26562,53.61899],[-1.26639,53.61844],[-1.2673,53.61852],[-1.26774,53.61954],[-1.26558,53.62014],[-1.26344,53.62123],[-1.26141,53.62276],[-1.2588,53.62406],[-1.25573,53.62108]]]}},{"type":"Feature","properties":{"id":"E01011855","name":"E01011855","parent":"E08000036","type":"LSOA","pop":1583,"r":109,"ff":27,"ffd":1705.6,"ffs":0.5,"g":55,"co":2,"mo":2,"sa":2,"ic":0},"geometry":{"type":"Polygon","coordinates":[[[-1.27498,53.61927],[-1.27421,53.619],[-1.27367,53.61934],[-1.27265,53.61912],[-1.27321,53.61839],[-1.27294,53.61804],[-1.27184,53.61832],[-1.26913,53.61365],[-1.26937,53.61338],[-1.26847,53.61219],[-1.27003,53.6116],[-1.27301,53.6115],[-1.2749,53.6119],[-1.27536,53.61226],[-1.2778,53.61253],[-1.27986,53.61241],[-1.28285,53.61165],[-1.28468,53.61296],[-1.28566,53.61307],[-1.28586,53.61349],[-1.28556,53.61465],[-1.28598,53.61504],[-1.2867,53.61479],[-1.28724,53.61506],[-1.28718,53.61537],[-1.28846,53.61552],[-1.28876,53.61626],[-1.28857,53.61686],[-1.28788,53.61688],[-1.28667,53.61776],[-1.28601,53.61776],[-1.28552,53.61812],[-1.28059,53.61912],[-1.28021,53.61999],[-1.2803,53.62556],[-1.27764,53.62681],[-1.27448,53.62777],[-1.2736,53.62875],[-1.27417,53.62953],[-1.27357,53.62956],[-1.27293,53.62902],[-1.27363,53.62312],[-1.27474,53.61993],[-1.27444,53.61934],[-1.27498,53.61927]]]}},{"type":"Feature","properties":{"id":"E01011856","name":"E01011856","parent":"E08000036","type":"LSOA","pop":1418,"r":102,"ff":25,"ffd":1763.0,"ffs":0.5102,"g":53,"co":2,"mo":2,"sa":2,"ic":1},"geometry":{"type":"Polygon","coordinates":[[[-1.26019,53.64994],[-1.25936,53.64954],[-1.25845,53.64965],[-1.25853,53.64941],[-1.25653,53.64949],[-1.25522,53.64896],[-1.25537,53.6448],[-1.25486,53.64448],[-1.25495,53.64333],[-1.25366,53.6412],[-1.25064,53.6388],[-1.2453,53.63534],[-1.24354,53.63427],[-1.2429,53.63461],[-1.24269,53.63358],[-1.23806,53.62685],[-1.23284,53.62111],[-1.23108,53.6189],[-1.23004,53.61908],[-1.22923,53.61889],[-1.2279,53.61734],[-1.22893,53.61707],[-1.2287,53.61651],[-1.22951,53.61623],[-1.23073,53.617],[-1.23333,53.61667],[-1.23656,53.61705],[-1.24413,53.6171],[-1.24947,53.61597],[-1.25339,53.61652],[-1.25344,53.61566],[-1.25618,53.6148],[-1.25605,53.61428],[-1.25691,53.61485],[-1.25979,53.61455],[-1.25927,53.61365],[-1.25776,53.61352],[-1.25705,53.61279],[-1.26149,53.61192],[-1.26541,53.61167],[-1.26799,53.61081],[-1.26901,53.61191],[-1.26847,53.61219],[-1.26937,53.61338],[-1.26913,53.61365],[-1.27184,53.61832],[-1.27294,53.61804],[-1.27321,53.61839],[-1.27265,53.61912],[-1.27367,53.61934],[-1.27421,53.619],[-1.27498,53.61927],[-1.27444,53.61934],[-1.27474,53.61993],[-1.27363,53.62312],[-1.27293,53.62902],[-1.27357,53.62956],[-1.26833,53.63],[-1.26618,53.63081],[-1.26385,53.63228],[-1.26168,53.63244],[-1.25782,53.63166],[-1.25715,53.63214],[-1.2505,53.6292],[-1.24909,53.63097],[-1.25194,53.63311],[-1.25296,53.63515],[-1.25247,53.63598],[-1.25266,53.63662],[-1.25007,53.63819],[-1.25513,53.64171],[-1.25897,53.64382],[-1.26206,53.64627],[-1.26174,53.64638],[-1.26324,53.64859],[-1.26276,53.65024],[-1.26019,53.64994]],[[-1.26774,53.61954],[-1.2673,53.61852],[-1.26639,53.61844],[-1.26562,53.61899],[-1.26573,53.61927],[-1.26216,53.6201],[-1.26294,53.61916],[-1.26211,53.61898],[-1.26183,53.61852],[-1.26452,53.61796],[-1.2649,53.61754],[-1.26479,53.61732],[-1.26559,53.61676],[-1.26453,53.61561],[-1.26104,53.61588],[-1.26069,53.61629],[-1.25989,53.61642],[-1.25947,53.6161],[-1.26002,53.61565],[-1.25749,53.6158],[-1.25757,53.61606],[-1.25689,53.61637],[-1.25339,53.61654],[-1.25351,53.61698],[-1.25732,53.61674],[-1.25758,53.61755],[-1.2585,53.61742],[-1.25944,53.61854],[-1.25573,53.62108],[-1.2588,53.62406],[-1.26141,53.62276],[-1.26344,53.62123],[-1.26558,53.62014],[-1.26774,53.61954]]]}},{"type":"Feature","properties":{"id":"E01011857","name":"E01011857","parent":"E08000036","type":"LSOA","pop":1735,"r":40,"ff":22,"ffd":1268.0,"ffs":0.5946,"g":3,"co":3,"mo":3,"sa":3,"ic":1},"geometry":{"type":"Polygon","coordinates":[[[-1.26206,53.64627],[-1.25897,53.64382],[-1.25513,53.64171],[-1.25007,53.63819],[-1.25266,53.63662],[-1.25247,53.63598],[-1.25296,53.63515],[-1.25194,53.63311],[-1.24909,53.63097],[-1.2505,53.6292],[-1.25715,53.63214],[-1.25782,53.63166],[-1.26168,53.63244],[-1.26385,53.63228],[-1.26618,53.63081],[-1.26833,53.63],[-1.27417,53.62953],[-1.2736,53.62875],[-1.27448,53.62777],[-1.27764,53.62681],[-1.2803,53.62556],[-1.28021,53.61999],[-1.28059,53.61912],[-1.28552,53.61812],[-1.28601,53.61776],[-1.28667,53.61776],[-1.28788,53.61688],[-1.28857,53.61686],[-1.28876,53.61626],[-1.291,53.61651],[-1.29093,53.61763],[-1.29563,53.61959],[-1.29609,53.61954],[-1.29584,53.61908],[-1.29963,53.61869],[-1.30025,53.6194],[-1.30145,53.61953],[-1.3017,53.61905],[-1.30466,53.61879],[-1.30479,53.61847],[-1.30671,53.61955],[-1.30872,53.61932],[-1.309,53.62032],[-1.30999,53.62126],[-1.31407,53.62388],[-1.31631,53.62248],[-1.32259,53.62109],[-1.3235,53.62285],[-1.32242,53.62719],[-1.32335,53.62802],[-1.32482,53.62839],[-1.32658,53.62965],[-1.32827,53.63172],[-1.32887,53.63351],[-1.33131,53.63566],[-1.32837,53.63742],[-1.3243,53.641],[-1.32296,53.64277],[-1.32104,53.64407],[-1.31793,53.64541],[-1.31189,53.64493],[-1.30659,53.64372],[-1.30359,53.64361],[-1.29985,53.64385],[-1.29294,53.64491],[-1.28929,53.64465],[-1.28498,53.64535],[-1.28541,53.64581],[-1.28489,53.64551],[-1.28483,53.64584],[-1.28378,53.64627],[-1.28194,53.64643],[-1.27982,53.64835],[-1.2758,53.64923],[-1.27028,53.64922],[-1.26276,53.65024],[-1.26324,53.64859],[-1.26174,53.64638],[-1.26206,53.64627]]]}},{"type":"Feature","properties":{"id":"E01011858","name":"E01011858","parent":"E08000036","type":"LSOA","pop":1846,"r":115,"ff":29,"ffd":1571.0,"ffs":0.5088,"g":58,"co":2,"mo":2,"sa":2,"ic":0},"geometry":{"type":"Polygon","coordinates":[[[-1.309,53.62032],[-1.30872,53.61932],[-1.30671,53.61955],[-1.30479,53.61847],[-1.30466,53.61879],[-1.3017,53.61905],[-1.30145,53.61953],[-1.30025,53.6194],[-1.29963,53.61869],[-1.29584,53.61908],[-1.29609,53.61954],[-1.29563,53.61959],[-1.29093,53.61763],[-1.291,53.61651],[-1.28876,53.61626],[-1.28846,53.61552],[-1.28718,53.61537],[-1.28724,53.61506],[-1.2867,53.61479],[-1.28598,53.61504],[-1.28556,53.61465],[-1.28586,53.61349],[-1.28566,53.61307],[-1.28468,53.61296],[-1.28285,53.61165],[-1.27986,53.61241],[-1.2778,53.61253],[-1.27536,53.61226],[-1.2749,53.6119],[-1.27301,53.6115],[-1.27003,53.6116],[-1.26901,53.61191],[-1.26799,53.61081],[-1.26541,53.61167],[-1.26149,53.61192],[-1.25705,53.61279],[-1.25776,53.61352],[-1.25927,53.61365],[-1.25979,53.61455],[-1.25691,53.61485],[-1.25605,53.61428],[-1.25618,53.6148],[-1.25344,53.61566],[-1.25339,53.61652],[-1.24947,53.61597],[-1.24818,53.61629],[-1.2471,53.61291],[-1.2448,53.60813],[-1.24844,53.60784],[-1.2522,53.60711],[-1.26677,53.60358],[-1.27666,53.60679],[-1.27974,53.60548],[-1.28567,53.60724],[-1.28988,53.60778],[-1.29093,53.60764],[-1.289,53.6063],[-1.28783,53.60482],[-1.28983,53.6041],[-1.29506,53.60173],[-1.29896,53.60175],[-1.29905,53.60049],[-1.3013,53.60044],[-1.30192,53.60121],[-1.3029,53.60161],[-1.30585,53.6017],[-1.30709,53.60131],[-1.3069,53.60295],[-1.31138,53.60267],[-1.31271,53.60276],[-1.31526,53.60395],[-1.31862,53.60355],[-1.32367,53.60409],[-1.32515,53.60508],[-1.32753,53.60524],[-1.32962,53.60622],[-1.33619,53.60796],[-1.33795,53.60882],[-1.33646,53.60963],[-1.33161,53.60932],[-1.33026,53.61019],[-1.33025,53.61118],[-1.32764,53.61176],[-1.32497,53.61065],[-1.3203,53.60935],[-1.32114,53.61307],[-1.32042,53.61432],[-1.32105,53.616],[-1.31974,53.61766],[-1.32207,53.61783],[-1.32199,53.61993],[-1.32259,53.62109],[-1.31631,53.62248],[-1.31407,53.62388],[-1.30999,53.62126],[-1.309,53.62032]]]}},{"type":"Feature","properties":{"id":"E01011859","name":"E01011859","parent":"E08000036","type":"LSOA","pop":1401,"r":129,"ff":27,"ffd":1927.2,"ffs":0.4821,"g":73,"co":2,"mo":2,"sa":2,"ic":0},"geometry":{"type":"Polygon","coordinates":[[[-1.28983,53.6041],[-1.28964,53.60368],[-1.28722,53.60379],[-1.28658,53.60328],[-1.28424,53.60392],[-1.2838,53.60272],[-1.28452,53.60242],[-1.28449,53.60212],[-1.2857,53.60215],[-1.28372,53.60111],[-1.28284,53.60173],[-1.28245,53.6012],[-1.28288,53.60114],[-1.28314,53.60025],[-1.28507,53.59981],[-1.28414,53.59914],[-1.28542,53.5987],[-1.2858,53.59803],[-1.28526,53.59813],[-1.28486,53.59782],[-1.28559,53.59718],[-1.28522,53.59679],[-1.28715,53.59606],[-1.28784,53.59535],[-1.28874,53.5956],[-1.28948,53.59501],[-1.2902,53.59524],[-1.29179,53.59493],[-1.29084,53.59337],[-1.29143,53.59296],[-1.29249,53.59369],[-1.29357,53.59482],[-1.29216,53.59603],[-1.2914,53.59632],[-1.29118,53.59659],[-1.2918,53.59765],[-1.29163,53.59867],[-1.29258,53.59959],[-1.29445,53.60016],[-1.29796,53.60009],[-1.29905,53.60049],[-1.29896,53.60175],[-1.29506,53.60173],[-1.28983,53.6041]]]}},{"type":"Feature","properties":{"id":"E01011860","name":"E01011860","parent":"E08000036","type":"LSOA","pop":1477,"r":152,"ff":34,"ffd":2302.0,"ffs":0.4928,"g":83,"co":2,"mo":2,"sa":2,"ic":0},"geometry":{"type":"Polygon","coordinates":[[[-1.28567,53.60724],[-1.27974,53.60548],[-1.27666,53.60679],[-1.26677,53.60358],[-1.2522,53.60711],[-1.25054,53.60386],[-1.24893,53.60198],[-1.24722,53.60076],[-1.25057,53.59982],[-1.251,53.60049],[-1.24986,53.60067],[-1.25026,53.60115],[-1.2577,53.59985],[-1.25766,53.59907],[-1.25839,53.59876],[-1.2579,53.59837],[-1.2561,53.59905],[-1.2555,53.5989],[-1.25741,53.5981],[-1.25496,53.59696],[-1.25364,53.59755],[-1.25301,53.59715],[-1.25808,53.59491],[-1.25697,53.59285],[-1.25809,53.592],[-1.26056,53.59188],[-1.2609,53.5915],[-1.26278,53.59126],[-1.26291,53.59081],[-1.26421,53.59134],[-1.26549,53.59069],[-1.26606,53.5898],[-1.26701,53.59012],[-1.2683,53.58954],[-1.26951,53.59006],[-1.27054,53.58988],[-1.27242,53.59075],[-1.27264,53.59179],[-1.27241,53.59268],[-1.27317,53.59348],[-1.27319,53.59573],[-1.27355,53.59595],[-1.27529,53.59583],[-1.27644,53.59836],[-1.2782,53.5982],[-1.27881,53.59783],[-1.28018,53.59787],[-1.27965,53.59679],[-1.28104,53.59618],[-1.28046,53.59584],[-1.28156,53.59501],[-1.28139,53.59478],[-1.28245,53.594],[-1.28637,53.59493],[-1.28768,53.59418],[-1.28833,53.59416],[-1.28815,53.59439],[-1.28903,53.59466],[-1.28905,53.59414],[-1.29115,53.59369],[-1.29179,53.59493],[-1.2902,53.59524],[-1.28948,53.59501],[-1.28874,53.5956],[-1.28784,53.59535],[-1.28715,53.59606],[-1.28522,53.59679],[-1.28559,53.59718],[-1.28486,53.59782],[-1.28526,53.59813],[-1.2858,53.59803],[-1.28542,53.5987],[-1.28414,53.59914],[-1.28507,53.59981],[-1.28314,53.60025],[-1.28288,53.60114],[-1.28245,53.6012],[-1.28284,53.60173],[-1.28372,53.60111],[-1.2857,53.60215],[-1.28449,53.60212],[-1.28452,53.60242],[-1.2838,53.60272],[-1.28424,53.60392],[-1.28658,53.60328],[-1.28722,53.60379],[-1.28964,53.60368],[-1.28983,53.6041],[-1.28783,53.60482],[-1.289,53.6063],[-1.29093,53.60764],[-1.28988,53.60778],[-1.28567,53.60724]]]}},{"type":"Feature","properties":{"id":"E01011861","name":"E01011861","parent":"E08000036","type":"LSOA","pop":1981,"r":144,"ff":32,"ffd":1615.3,"ffs":0.5,"g":80,"co":2,"mo":2,"sa":2,"ic":0},"geometry":{"type":"Polygon","coordinates":[[[-1.27644,53.59836],[-1.27529,53.59583],[-1.27355,53.59595],[-1.27319,53.59573],[-1.27317,53.59348],[-1.27241,53.59268],[-1.27264,53.59179],[-1.27242,53.59075],[-1.27134,53.59016],[-1.27289,53.59014],[-1.27288,53.58977],[-1.27387,53.58949],[-1.27487,53.58995],[-1.27544,53.58976],[-1.27669,53.58997],[-1.27948,53.58756],[-1.27781,53.58606],[-1.27834,53.58551],[-1.27931,53.58542],[-1.28011,53.58432],[-1.28227,53.58307],[-1.28327,53.58304],[-1.286,53.5824],[-1.28824,53.58076],[-1.28938,53.58054],[-1.28949,53.58176],[-1.28893,53.58306],[-1.28979,53.58547],[-1.28937,53.58622],[-1.28567,53.58883],[-1.28453,53.59083],[-1.28504,53.59106],[-1.28514,53.59069],[-1.286,53.59047],[-1.28671,53.5911],[-1.28775,53.59045],[-1.28877,53.5908],[-1.28917,53.59131],[-1.2882,53.59216],[-1.28608,53.59201],[-1.28525,53.59224],[-1.28593,53.5929],[-1.28509,53.5932],[-1.285,53.59378],[-1.28651,53.59374],[-1.28768,53.59418],[-1.28637,53.59493],[-1.28245,53.594],[-1.28139,53.59478],[-1.28156,53.59501],[-1.28046,53.59584],[-1.28104,53.59618],[-1.27965,53.59679],[-1.28018,53.59787],[-1.27881,53.59783],[-1.2782,53.5982],[-1.27644,53.59836]]]}},{"type":"Feature","properties":{"id":"E01011862","name":"E01011862","parent":"E08000036","type":"LSOA","pop":2518,"r":112,"ff":27,"ffd":1072.3,"ffs":0.54,"g":62,"co":2,"mo":2,"sa":2,"ic":0},"geometry":{"type":"Polygon","coordinates":[[[-1.28868,53.59426],[-1.28768,53.59418],[-1.28651,53.59374],[-1.285,53.59378],[-1.28509,53.5932],[-1.28593,53.5929],[-1.28525,53.59224],[-1.28608,53.59201],[-1.2882,53.59216],[-1.28917,53.59131],[-1.28877,53.5908],[-1.28775,53.59045],[-1.28671,53.5911],[-1.286,53.59047],[-1.28514,53.59069],[-1.28504,53.59106],[-1.28453,53.59083],[-1.28567,53.58883],[-1.28937,53.58622],[-1.28979,53.58547],[-1.28893,53.58306],[-1.28949,53.58176],[-1.28938,53.58054],[-1.29107,53.57985],[-1.29453,53.57932],[-1.29475,53.57896],[-1.29607,53.57878],[-1.29592,53.57848],[-1.2968,53.57801],[-1.29859,53.5775],[-1.3076,53.57543],[-1.31039,53.576],[-1.31163,53.57965],[-1.31421,53.5825],[-1.30451,53.5845],[-1.30439,53.58655],[-1.30289,53.58693],[-1.30143,53.5881],[-1.30101,53.58724],[-1.30171,53.58709],[-1.30118,53.58649],[-1.30172,53.5859],[-1.3011,53.58578],[-1.30021,53.58617],[-1.3006,53.5864],[-1.30026,53.58691],[-1.29879,53.58618],[-1.29738,53.58682],[-1.29784,53.58748],[-1.29911,53.58755],[-1.29976,53.5872],[-1.29852,53.58851],[-1.29856,53.5882],[-1.2981,53.58817],[-1.29726,53.58904],[-1.29806,53.58953],[-1.29733,53.58966],[-1.29682,53.59069],[-1.29511,53.59022],[-1.29406,53.59042],[-1.294,53.59091],[-1.29344,53.59099],[-1.29227,53.59047],[-1.28993,53.5913],[-1.29146,53.5919],[-1.29007,53.59294],[-1.2901,53.59345],[-1.28883,53.5938],[-1.28868,53.59426]]]}},{"type":"Feature","properties":{"id":"E01011863","name":"E01011863","parent":"E08000036","type":"LSOA","pop":1635,"r":116,"ff":29,"ffd":1773.7,"ffs":0.5472,"g":63,"co":2,"mo":2,"sa":2,"ic":0},"geometry":{"type":"Polygon","coordinates":[[[-1.29249,53.59369],[-1.29143,53.59296],[-1.29084,53.59337],[-1.29115,53.59369],[-1.28905,53.59414],[-1.28903,53.59466],[-1.28815,53.59439],[-1.28833,53.59416],[-1.28868,53.59426],[-1.28883,53.5938],[-1.2901,53.59345],[-1.29007,53.59294],[-1.29146,53.5919],[-1.28993,53.5913],[-1.29227,53.59047],[-1.29344,53.59099],[-1.294,53.59091],[-1.29406,53.59042],[-1.29511,53.59022],[-1.29682,53.59069],[-1.29733,53.58966],[-1.29806,53.58953],[-1.29726,53.58904],[-1.2981,53.58817],[-1.29856,53.5882],[-1.29852,53.58851],[-1.29976,53.5872],[-1.29911,53.58755],[-1.29784,53.58748],[-1.29738,53.58682],[-1.29879,53.58618],[-1.30026,53.58691],[-1.3006,53.5864],[-1.30021,53.58617],[-1.3011,53.58578],[-1.30172,53.5859],[-1.30118,53.58649],[-1.30171,53.58709],[-1.30101,53.58724],[-1.30143,53.5881],[-1.30046,53.58922],[-1.30016,53.59077],[-1.29899,53.59191],[-1.29737,53.59295],[-1.29533,53.5936],[-1.29517,53.59416],[-1.29357,53.59482],[-1.29249,53.59369]]]}},{"type":"Feature","properties":{"id":"E01011864","name":"E01011864","parent":"E08000036","type":"LSOA","pop":1860,"r":91,"ff":28,"ffd":1505.4,"ffs":0.5385,"g":39,"co":2,"mo":2,"sa":1,"ic":1},"geometry":{"type":"Polygon","coordinates":[[[-1.33235,53.59037],[-1.33171,53.59012],[-1.33071,53.59036],[-1.33064,53.58977],[-1.33141,53.58881],[-1.33097,53.58848],[-1.33165,53.58825],[-1.33151,53.58529],[-1.33025,53.58414],[-1.32963,53.58135],[-1.33028,53.57925],[-1.33367,53.57956],[-1.33436,53.58004],[-1.33501,53.58007],[-1.33621,53.58102],[-1.33788,53.58119],[-1.33832,53.58153],[-1.34028,53.58187],[-1.34185,53.58271],[-1.34766,53.5842],[-1.35143,53.58108],[-1.35386,53.5834],[-1.35461,53.58621],[-1.35633,53.58875],[-1.35464,53.59205],[-1.35616,53.59537],[-1.35283,53.59725],[-1.35116,53.59738],[-1.34791,53.59864],[-1.34866,53.60112],[-1.34824,53.60366],[-1.34963,53.60494],[-1.34213,53.60676],[-1.33849,53.60804],[-1.33795,53.60882],[-1.33619,53.60796],[-1.32962,53.60622],[-1.32753,53.60524],[-1.3283,53.60258],[-1.32751,53.60163],[-1.32942,53.60125],[-1.33031,53.60018],[-1.32984,53.59989],[-1.33302,53.59909],[-1.33469,53.59821],[-1.33144,53.59585],[-1.3301,53.59262],[-1.33307,53.59239],[-1.33246,53.59201],[-1.33235,53.59037]]]}},{"type":"Feature","properties":{"id":"E01011865","name":"E01011865","parent":"E08000036","type":"LSOA","pop":1708,"r":41,"ff":21,"ffd":1229.5,"ffs":0.5526,"g":3,"co":3,"mo":3,"sa":1,"ic":1},"geometry":{"type":"Polygon","coordinates":[[[-1.35986,53.60954],[-1.35918,53.60898],[-1.35867,53.60921],[-1.35719,53.6093],[-1.35635,53.60844],[-1.3544,53.609],[-1.35167,53.60841],[-1.35271,53.60542],[-1.35297,53.60317],[-1.34824,53.60366],[-1.34866,53.60112],[-1.34791,53.59864],[-1.35116,53.59738],[-1.35283,53.59725],[-1.35616,53.59537],[-1.3599,53.5968],[-1.36023,53.59863],[-1.36396,53.60175],[-1.36465,53.602],[-1.36349,53.60388],[-1.36306,53.60588],[-1.36402,53.60671],[-1.3616,53.60777],[-1.3617,53.60813],[-1.36298,53.60948],[-1.362,53.60988],[-1.36254,53.61078],[-1.36027,53.61172],[-1.35986,53.61157],[-1.36048,53.61128],[-1.36034,53.61096],[-1.35918,53.61081],[-1.35875,53.61022],[-1.35993,53.61011],[-1.35986,53.60954]]]}},{"type":"Feature","properties":{"id":"E01011866","name":"E01011866","parent":"E08000036","type":"LSOA","pop":1805,"r":89,"ff":27,"ffd":1495.8,"ffs":0.54,"g":39,"co":2,"mo":2,"sa":3,"ic":1},"geometry":{"type":"Polygon","coordinates":[[[-1.30017,53.59349],[-1.29924,53.59208],[-1.29855,53.59227],[-1.30016,53.59077],[-1.30046,53.58922],[-1.30143,53.5881],[-1.30289,53.58693],[-1.30439,53.58655],[-1.30451,53.5845],[-1.31421,53.5825],[-1.31163,53.57965],[-1.31039,53.576],[-1.31181,53.57667],[-1.31493,53.57681],[-1.31845,53.57749],[-1.32082,53.57912],[-1.32213,53.5796],[-1.32419,53.5796],[-1.32486,53.57989],[-1.32623,53.57935],[-1.32828,53.5791],[-1.33028,53.57925],[-1.32963,53.58135],[-1.33025,53.58414],[-1.32841,53.58406],[-1.32734,53.58679],[-1.32745,53.588],[-1.32818,53.58845],[-1.32639,53.58912],[-1.32317,53.58991],[-1.32223,53.59225],[-1.32138,53.59197],[-1.3197,53.59229],[-1.31985,53.59296],[-1.31874,53.59348],[-1.32022,53.59123],[-1.31813,53.59094],[-1.31794,53.59136],[-1.31714,53.59134],[-1.31624,53.59212],[-1.31702,53.5927],[-1.31567,53.59252],[-1.31536,53.59187],[-1.31581,53.59148],[-1.31506,53.59103],[-1.31504,53.58992],[-1.3129,53.5883],[-1.30963,53.58937],[-1.30751,53.58761],[-1.30565,53.58845],[-1.30519,53.58936],[-1.30349,53.59078],[-1.30095,53.59247],[-1.30017,53.59349]]]}},{"type":"Feature","properties":{"id":"E01011867","name":"E01011867","parent":"E08000036","type":"LSOA","pop":1636,"r":42,"ff":21,"ffd":1283.6,"ffs":0.5385,"g":3,"co":3,"mo":3,"sa":1,"ic":1},"geometry":{"type":"Polygon","coordinates":[[[-1.35347,53.61198],[-1.35164,53.61013],[-1.35167,53.60841],[-1.3544,53.609],[-1.35635,53.60844],[-1.35719,53.6093],[-1.35867,53.60921],[-1.35918,53.60898],[-1.35986,53.60954],[-1.35993,53.61011],[-1.35875,53.61022],[-1.35918,53.61081],[-1.36034,53.61096],[-1.36048,53.61128],[-1.35986,53.61157],[-1.36027,53.61172],[-1.36254,53.61078],[-1.362,53.60988],[-1.36298,53.60948],[-1.3617,53.60813],[-1.3616,53.60777],[-1.36402,53.60671],[-1.36306,53.60588],[-1.36349,53.60388],[-1.36465,53.602],[-1.36604,53.60286],[-1.36843,53.60348],[-1.36914,53.60407],[-1.37183,53.605],[-1.3697,53.60693],[-1.36737,53.6082],[-1.36521,53.61072],[-1.36193,53.6125],[-1.35988,53.61315],[-1.35383,53.61351],[-1.35379,53.61228],[-1.35347,53.61198]]]}},{"type":"Feature","properties":{"id":"E01011868","name":"E01011868","parent":"E08000036","type":"LSOA","pop":2230,"r":96,"ff":25,"ffd":1121.1,"ffs":0.4808,"g":44,"co":2,"mo":2,"sa":3,"ic":1},"geometry":{"type":"Polygon","coordinates":[[[-1.32367,53.60409],[-1.31862,53.60355],[-1.31526,53.60395],[-1.31271,53.60276],[-1.31138,53.60267],[-1.31207,53.60077],[-1.31281,53.60021],[-1.31262,53.59875],[-1.31298,53.59858],[-1.31288,53.59786],[-1.31352,53.59778],[-1.31417,53.59691],[-1.31402,53.59669],[-1.31424,53.59636],[-1.31559,53.5966],[-1.31633,53.59614],[-1.31842,53.59636],[-1.31842,53.5957],[-1.31707,53.59389],[-1.31748,53.59367],[-1.31702,53.5927],[-1.31624,53.59212],[-1.31714,53.59134],[-1.31794,53.59136],[-1.31813,53.59094],[-1.32022,53.59123],[-1.31874,53.59348],[-1.31985,53.59296],[-1.3197,53.59229],[-1.32138,53.59197],[-1.32223,53.59225],[-1.32224,53.59252],[-1.32288,53.59274],[-1.32443,53.59299],[-1.32593,53.59253],[-1.32581,53.5932],[-1.328,53.59262],[-1.32797,53.59424],[-1.32975,53.59568],[-1.32993,53.59326],[-1.33037,53.59309],[-1.33144,53.59585],[-1.33469,53.59821],[-1.33302,53.59909],[-1.32984,53.59989],[-1.33031,53.60018],[-1.32942,53.60125],[-1.32751,53.60163],[-1.3283,53.60258],[-1.32753,53.60524],[-1.32515,53.60508],[-1.32367,53.60409]]]}},{"type":"Feature","properties":{"id":"E01011869","name":"E01011869","parent":"E08000036","type":"LSOA","pop":1429,"r":109,"ff":27,"ffd":1889.4,"ffs":0.54,"g":59,"co":2,"mo":2,"sa":2,"ic":0},"geometry":{"type":"Polygon","coordinates":[[[-1.29919,53.59802],[-1.3,53.59714],[-1.29973,53.59689],[-1.29826,53.59723],[-1.2972,53.59606],[-1.29698,53.59651],[-1.29526,53.59647],[-1.29411,53.59575],[-1.29216,53.59603],[-1.29357,53.59482],[-1.29517,53.59416],[-1.29533,53.5936],[-1.29737,53.59295],[-1.29855,53.59227],[-1.29924,53.59208],[-1.30017,53.59349],[-1.30095,53.59247],[-1.30349,53.59078],[-1.30407,53.59168],[-1.30365,53.59387],[-1.30538,53.59426],[-1.30559,53.59541],[-1.30359,53.59647],[-1.30315,53.59607],[-1.30153,53.59647],[-1.30197,53.59717],[-1.30234,53.59688],[-1.302,53.59742],[-1.30123,53.59771],[-1.30114,53.59867],[-1.29925,53.59824],[-1.29972,53.59812],[-1.29919,53.59802]]]}},{"type":"Feature","properties":{"id":"E01011870","name":"E01011870","parent":"E08000036","type":"LSOA","pop":1349,"r":112,"ff":28,"ffd":2075.6,"ffs":0.549,"g":61,"co":2,"mo":2,"sa":2,"ic":0},"geometry":{"type":"Polygon","coordinates":[[[-1.3069,53.60295],[-1.30709,53.60131],[-1.30585,53.6017],[-1.3029,53.60161],[-1.30192,53.60121],[-1.3013,53.60044],[-1.29905,53.60049],[-1.29796,53.60009],[-1.29445,53.60016],[-1.29258,53.59959],[-1.29163,53.59867],[-1.2918,53.59765],[-1.29118,53.59659],[-1.2914,53.59632],[-1.29216,53.59603],[-1.29411,53.59575],[-1.29526,53.59647],[-1.29698,53.59651],[-1.2972,53.59606],[-1.29826,53.59723],[-1.29973,53.59689],[-1.3,53.59714],[-1.29919,53.59802],[-1.29972,53.59812],[-1.29925,53.59824],[-1.30114,53.59867],[-1.30123,53.59771],[-1.302,53.59742],[-1.30234,53.59688],[-1.30197,53.59717],[-1.30153,53.59647],[-1.30315,53.59607],[-1.30359,53.59647],[-1.30559,53.59541],[-1.30598,53.59584],[-1.30528,53.5962],[-1.30546,53.59655],[-1.30739,53.59616],[-1.30885,53.59654],[-1.30929,53.59798],[-1.31018,53.59785],[-1.31073,53.59694],[-1.31114,53.59687],[-1.31163,53.59747],[-1.3115,53.59789],[-1.30935,53.59834],[-1.30986,53.59866],[-1.30864,53.5993],[-1.30797,53.60015],[-1.31026,53.60269],[-1.3069,53.60295]]]}},{"type":"Feature","properties":{"id":"E01011871","name":"E01011871","parent":"E08000036","type":"LSOA","pop":1557,"r":94,"ff":28,"ffd":1798.3,"ffs":0.549,"g":43,"co":2,"mo":2,"sa":3,"ic":1},"geometry":{"type":"Polygon","coordinates":[[[-1.31163,53.59747],[-1.31114,53.59687],[-1.31073,53.59694],[-1.31018,53.59785],[-1.30929,53.59798],[-1.30885,53.59654],[-1.30739,53.59616],[-1.30546,53.59655],[-1.30528,53.5962],[-1.30598,53.59584],[-1.30559,53.59541],[-1.30538,53.59426],[-1.30365,53.59387],[-1.30407,53.59168],[-1.30349,53.59078],[-1.30519,53.58936],[-1.30565,53.58845],[-1.30751,53.58761],[-1.30963,53.58937],[-1.3129,53.5883],[-1.31504,53.58992],[-1.31506,53.59103],[-1.31581,53.59148],[-1.31536,53.59187],[-1.31567,53.59252],[-1.31702,53.5927],[-1.31748,53.59367],[-1.31707,53.59389],[-1.31842,53.5957],[-1.31842,53.59636],[-1.31633,53.59614],[-1.31559,53.5966],[-1.31424,53.59636],[-1.31402,53.59669],[-1.31417,53.59691],[-1.31352,53.59778],[-1.31288,53.59786],[-1.31298,53.59858],[-1.31262,53.59875],[-1.31281,53.60021],[-1.31207,53.60077],[-1.31138,53.60267],[-1.31026,53.60269],[-1.30797,53.60015],[-1.30864,53.5993],[-1.30986,53.59866],[-1.30935,53.59834],[-1.3115,53.59789],[-1.31163,53.59747]]]}},{"type":"Feature","properties":{"id":"E01011872","name":"E01011872","parent":"E08000036","type":"LSOA","pop":1595,"r":92,"ff":27,"ffd":1692.8,"ffs":0.5192,"g":40,"co":2,"mo":2,"sa":3,"ic":1},"geometry":{"type":"Polygon","coordinates":[[[-1.32797,53.59424],[-1.328,53.59262],[-1.32581,53.5932],[-1.32593,53.59253],[-1.32443,53.59299],[-1.32288,53.59274],[-1.32224,53.59252],[-1.32223,53.59225],[-1.32317,53.58991],[-1.32639,53.58912],[-1.32818,53.58845],[-1.32745,53.588],[-1.32734,53.58679],[-1.32841,53.58406],[-1.33025,53.58414],[-1.33151,53.58529],[-1.33165,53.58825],[-1.33097,53.58848],[-1.33141,53.58881],[-1.33064,53.58977],[-1.33071,53.59036],[-1.33171,53.59012],[-1.33235,53.59037],[-1.33246,53.59201],[-1.33307,53.59239],[-1.3301,53.59262],[-1.33037,53.59309],[-1.32993,53.59326],[-1.32975,53.59568],[-1.32797,53.59424]]]}},{"type":"Feature","properties":{"id":"E01011873","name":"E01011873","parent":"E08000036","type":"LSOA","pop":2172,"r":429,"ff":173,"ffd":7965.0,"ffs":0.5149,"g":89,"co":0,"mo":0,"sa":0,"ic":0},"geometry":{"type":"Polygon","coordinates":[[[-1.50597,53.72709],[-1.50383,53.72691],[-1.50311,53.72721],[-1.50193,53.72581],[-1.50438,53.72499],[-1.50132,53.72369],[-1.49723,53.72296],[-1.49581,53.72233],[-1.49187,53.72215],[-1.49038,53.72244],[-1.49039,53.72312],[-1.48929,53.72301],[-1.48913,53.72352],[-1.48834,53.72286],[-1.48548,53.72272],[-1.47909,53.72173],[-1.47802,53.72232],[-1.4751,53.72081],[-1.47402,53.72074],[-1.47733,53.71908],[-1.47643,53.7177],[-1.47463,53.71751],[-1.47599,53.7167],[-1.47625,53.71686],[-1.47714,53.71651],[-1.47848,53.71668],[-1.47846,53.71696],[-1.48088,53.71712],[-1.48049,53.71597],[-1.48227,53.71596],[-1.48223,53.7156],[-1.48305,53.71586],[-1.48369,53.71715],[-1.48411,53.71921],[-1.48532,53.71849],[-1.49181,53.7182],[-1.49592,53.71765],[-1.50037,53.71831],[-1.50197,53.71928],[-1.50467,53.72003],[-1.50513,53.72066],[-1.50487,53.72105],[-1.50604,53.72266],[-1.50816,53.72419],[-1.50984,53.72468],[-1.51147,53.72572],[-1.51225,53.7259],[-1.5137,53.7257],[-1.51526,53.72609],[-1.51091,53.72959],[-1.5098,53.72974],[-1.50558,53.72912],[-1.50597,53.72709]]]}},{"type":"Feature","properties":{"id":"E01011874","name":"E01011874","parent":"E08000036","type":"LSOA","pop":1524,"r":306,"ff":127,"ffd":8333.3,"ffs":0.5404,"g":68,"co":2,"mo":2,"sa":0,"ic":0},"geometry":{"type":"Polygon","coordinates":[[[-1.4236,53.71178],[-1.42326,53.71151],[-1.42273,53.71145],[-1.42256,53.71186],[-1.42141,53.71235],[-1.42141,53.71194],[-1.4209,53.71181],[-1.42158,53.71074],[-1.42105,53.71061],[-1.42099,53.71014],[-1.4206,53.7101],[-1.42097,53.70982],[-1.42026,53.70929],[-1.42257,53.70927],[-1.42278,53.71005],[-1.42409,53.70971],[-1.42424,53.71029],[-1.42549,53.71033],[-1.42526,53.70984],[-1.42619,53.71009],[-1.42878,53.70954],[-1.42907,53.70995],[-1.43044,53.70972],[-1.43132,53.71015],[-1.43088,53.70943],[-1.43205,53.70918],[-1.43192,53.70888],[-1.43271,53.70838],[-1.43442,53.7085],[-1.43474,53.70767],[-1.43589,53.70666],[-1.43735,53.7074],[-1.43789,53.70727],[-1.43795,53.70688],[-1.43864,53.70683],[-1.43948,53.70634],[-1.43991,53.70655],[-1.43957,53.70675],[-1.43984,53.70732],[-1.43956,53.70776],[-1.43883,53.70745],[-1.43733,53.70782],[-1.4381,53.70874],[-1.43614,53.70957],[-1.43444,53.70921],[-1.43307,53.70957],[-1.43717,53.71251],[-1.43364,53.71302],[-1.43279,53.71373],[-1.42963,53.71332],[-1.42892,53.71367],[-1.42855,53.71305],[-1.42905,53.71302],[-1.42869,53.71253],[-1.42912,53.71239],[-1.42918,53.71176],[-1.42795,53.71194],[-1.42805,53.71257],[-1.4264,53.71439],[-1.42511,53.71392],[-1.42447,53.7132],[-1.42486,53.71247],[-1.4233,53.71196],[-1.4236,53.71178]]]}},{"type":"Feature","properties":{"id":"E01011875","name":"E01011875","parent":"E08000036","type":"LSOA","pop":1432,"r":514,"ff":192,"ffd":13407.8,"ffs":0.4836,"g":112,"co":0,"mo":0,"sa":0,"ic":0},"geometry":{"type":"Polygon","coordinates":[[[-1.43885,53.72724],[-1.43548,53.726],[-1.43076,53.72324],[-1.42912,53.72165],[-1.42826,53.72134],[-1.42977,53.7212],[-1.43324,53.72197],[-1.43438,53.72173],[-1.43447,53.72124],[-1.43235,53.72011],[-1.43084,53.71873],[-1.43091,53.71793],[-1.43206,53.71722],[-1.43479,53.71833],[-1.43964,53.71896],[-1.44247,53.71903],[-1.44631,53.71859],[-1.44688,53.71797],[-1.44587,53.7174],[-1.44176,53.71698],[-1.43784,53.71733],[-1.43694,53.71671],[-1.44037,53.71459],[-1.44152,53.71472],[-1.44288,53.71566],[-1.44377,53.71577],[-1.44514,53.71544],[-1.44736,53.7142],[-1.45157,53.71374],[-1.45444,53.71438],[-1.45862,53.71455],[-1.46197,53.71533],[-1.46241,53.71631],[-1.46408,53.71729],[-1.46593,53.71709],[-1.46805,53.71628],[-1.46926,53.71659],[-1.47056,53.71633],[-1.4708,53.7175],[-1.47234,53.71809],[-1.47264,53.72083],[-1.4751,53.72081],[-1.47802,53.72232],[-1.47909,53.72173],[-1.48548,53.72272],[-1.48834,53.72286],[-1.48913,53.72352],[-1.48796,53.72773],[-1.46189,53.72801],[-1.45942,53.72783],[-1.45739,53.72721],[-1.45662,53.72779],[-1.45462,53.72807],[-1.44295,53.72815],[-1.43885,53.72724]]]}},{"type":"Feature","properties":{"id":"E01011876","name":"E01011876","parent":"E08000036","type":"LSOA","pop":3945,"r":442,"ff":170,"ffd":4309.3,"ffs":0.5015,"g":100,"co":0,"mo":0,"sa":0,"ic":0},"geometry":{"type":"Polygon","coordinates":[[[-1.46197,53.71533],[-1.4698,53.71192],[-1.46937,53.71118],[-1.46537,53.71014],[-1.46214,53.70907],[-1.46195,53.70801],[-1.46414,53.70631],[-1.4659,53.70615],[-1.46951,53.70676],[-1.47056,53.70632],[-1.47074,53.70555],[-1.4697,53.70478],[-1.46613,53.70401],[-1.46326,53.70267],[-1.46034,53.70191],[-1.45082,53.69796],[-1.44914,53.69671],[-1.44807,53.69486],[-1.44902,53.69264],[-1.44785,53.69067],[-1.44824,53.68961],[-1.44883,53.68884],[-1.4512,53.68826],[-1.45225,53.68833],[-1.45248,53.68879],[-1.4551,53.68925],[-1.45786,53.68915],[-1.45913,53.68831],[-1.45978,53.68674],[-1.45862,53.68564],[-1.45833,53.68321],[-1.46011,53.68254],[-1.46314,53.68364],[-1.46383,53.68517],[-1.46505,53.68568],[-1.46671,53.68548],[-1.46799,53.68467],[-1.46748,53.68641],[-1.46922,53.68653],[-1.46911,53.68725],[-1.46977,53.68889],[-1.47098,53.68862],[-1.47204,53.69074],[-1.47345,53.69245],[-1.47321,53.69352],[-1.47434,53.69438],[-1.4761,53.69534],[-1.47853,53.69473],[-1.4844,53.69498],[-1.4847,53.6976],[-1.4846,53.69918],[-1.48132,53.70065],[-1.48102,53.69944],[-1.48031,53.699],[-1.47983,53.69902],[-1.47982,53.69961],[-1.47914,53.69958],[-1.47871,53.70006],[-1.47437,53.69956],[-1.47351,53.70211],[-1.47209,53.70188],[-1.47036,53.70362],[-1.47401,53.7043],[-1.47428,53.70603],[-1.47407,53.70639],[-1.47518,53.70749],[-1.47639,53.7079],[-1.48015,53.70666],[-1.48148,53.7084],[-1.47842,53.70969],[-1.47822,53.7104],[-1.47966,53.71226],[-1.47896,53.71249],[-1.47811,53.71217],[-1.4773,53.71319],[-1.47755,53.71336],[-1.47682,53.71365],[-1.47471,53.71441],[-1.47439,53.71413],[-1.47449,53.71447],[-1.47304,53.71506],[-1.47078,53.715],[-1.47073,53.71531],[-1.46873,53.71571],[-1.46805,53.71628],[-1.46593,53.71709],[-1.46408,53.71729],[-1.46241,53.71631],[-1.46197,53.71533]]]}},{"type":"Feature","properties":{"id":"E01011877","name":"E01011877","parent":"E08000036","type":"LSOA","pop":1324,"r":402,"ff":155,"ffd":11706.9,"ffs":0.5,"g":88,"co":0,"mo":0,"sa":0,"ic":0},"geometry":{"type":"Polygon","coordinates":[[[-1.48291,53.71552],[-1.48285,53.71529],[-1.48225,53.71539],[-1.48186,53.71475],[-1.48274,53.71472],[-1.48307,53.71283],[-1.48177,53.71269],[-1.48131,53.71223],[-1.48386,53.71147],[-1.48463,53.7102],[-1.48458,53.70924],[-1.48148,53.7084],[-1.48015,53.70666],[-1.4822,53.70394],[-1.48047,53.70257],[-1.48033,53.70185],[-1.48139,53.7022],[-1.48308,53.70175],[-1.48377,53.7024],[-1.48431,53.70209],[-1.48427,53.70155],[-1.48655,53.70039],[-1.48778,53.70073],[-1.48726,53.69917],[-1.4878,53.69748],[-1.48974,53.69744],[-1.48904,53.69616],[-1.4953,53.69614],[-1.49808,53.69791],[-1.49856,53.69904],[-1.49616,53.70187],[-1.49817,53.70063],[-1.501,53.70115],[-1.50077,53.70175],[-1.5019,53.70171],[-1.50147,53.70242],[-1.49809,53.70241],[-1.4987,53.70424],[-1.49767,53.70482],[-1.49819,53.70574],[-1.5014,53.70517],[-1.50157,53.7055],[-1.5023,53.70551],[-1.50193,53.70556],[-1.50197,53.70637],[-1.50072,53.70669],[-1.5007,53.70707],[-1.49644,53.70766],[-1.49327,53.70692],[-1.49545,53.70893],[-1.49101,53.71013],[-1.49131,53.71053],[-1.48665,53.71167],[-1.48698,53.71383],[-1.48758,53.71413],[-1.48696,53.71466],[-1.48732,53.71479],[-1.48741,53.71641],[-1.48369,53.71715],[-1.48305,53.71586],[-1.48223,53.7156],[-1.48291,53.71552]]]}},{"type":"Feature","properties":{"id":"E01011878","name":"E01011878","parent":"E08000036","type":"LSOA","pop":1466,"r":414,"ff":159,"ffd":10845.8,"ffs":0.4969,"g":91,"co":0,"mo":0,"sa":0,"ic":0},"geometry":{"type":"Polygon","coordinates":[[[-1.4708,53.7175],[-1.47056,53.71633],[-1.46926,53.71659],[-1.46805,53.71628],[-1.46873,53.71571],[-1.47073,53.71531],[-1.47078,53.715],[-1.47304,53.71506],[-1.47449,53.71447],[-1.47439,53.71413],[-1.47471,53.71441],[-1.47755,53.71336],[-1.4773,53.71319],[-1.47811,53.71217],[-1.47896,53.71249],[-1.47966,53.71226],[-1.47822,53.7104],[-1.47842,53.70969],[-1.48148,53.7084],[-1.48458,53.70924],[-1.48463,53.7102],[-1.48386,53.71147],[-1.48131,53.71223],[-1.48177,53.71269],[-1.48307,53.71283],[-1.48274,53.71472],[-1.48186,53.71475],[-1.48225,53.71539],[-1.48285,53.71529],[-1.48291,53.71552],[-1.48222,53.7156],[-1.48227,53.71596],[-1.48049,53.71597],[-1.48088,53.71712],[-1.47846,53.71696],[-1.47848,53.71668],[-1.47714,53.71651],[-1.47625,53.71686],[-1.47599,53.7167],[-1.47463,53.71751],[-1.47643,53.7177],[-1.47733,53.71908],[-1.47402,53.72074],[-1.47264,53.72083],[-1.47234,53.71809],[-1.4708,53.7175]]]}},{"type":"Feature","properties":{"id":"E01011879","name":"E01011879","parent":"E08000036","type":"LSOA","pop":1417,"r":276,"ff":116,"ffd":8186.3,"ffs":0.5446,"g":60,"co":2,"mo":2,"sa":0,"ic":0},"geometry":{"type":"Polygon","coordinates":[[[-1.43324,53.72197],[-1.42977,53.7212],[-1.4282,53.72138],[-1.42575,53.71938],[-1.42708,53.71781],[-1.426,53.7142],[-1.4264,53.71439],[-1.42805,53.71257],[-1.42795,53.71194],[-1.42918,53.71176],[-1.42912,53.71239],[-1.42869,53.71253],[-1.42905,53.71302],[-1.42855,53.71305],[-1.42892,53.71367],[-1.42963,53.71332],[-1.43279,53.71373],[-1.43364,53.71302],[-1.43717,53.71251],[-1.43307,53.70957],[-1.43444,53.70921],[-1.43614,53.70957],[-1.4381,53.70874],[-1.43733,53.70782],[-1.43883,53.70745],[-1.43956,53.70776],[-1.43984,53.70732],[-1.43957,53.70675],[-1.43991,53.70655],[-1.43948,53.70634],[-1.44117,53.70519],[-1.44146,53.70455],[-1.4389,53.7048],[-1.4384,53.70509],[-1.43803,53.70453],[-1.43643,53.70455],[-1.43488,53.7037],[-1.43433,53.70429],[-1.43486,53.70471],[-1.43436,53.70497],[-1.43445,53.70533],[-1.43327,53.70586],[-1.4325,53.70538],[-1.4311,53.7058],[-1.43076,53.70555],[-1.42936,53.70583],[-1.42895,53.70565],[-1.42996,53.70461],[-1.42982,53.70424],[-1.43078,53.704],[-1.43035,53.70405],[-1.42974,53.70218],[-1.42764,53.70192],[-1.42725,53.70153],[-1.42742,53.70024],[-1.42839,53.69991],[-1.43185,53.69984],[-1.43554,53.699],[-1.443,53.69967],[-1.44409,53.69827],[-1.44675,53.6978],[-1.44585,53.70018],[-1.44438,53.70226],[-1.44791,53.70273],[-1.45215,53.70216],[-1.45404,53.70152],[-1.4503,53.6982],[-1.45082,53.69796],[-1.46034,53.70191],[-1.46326,53.70267],[-1.46613,53.70401],[-1.4697,53.70478],[-1.47074,53.70555],[-1.47056,53.70632],[-1.46951,53.70676],[-1.4659,53.70615],[-1.46414,53.70631],[-1.46195,53.70801],[-1.46214,53.70907],[-1.46537,53.71014],[-1.46937,53.71118],[-1.4698,53.71192],[-1.46197,53.71533],[-1.45862,53.71455],[-1.45444,53.71438],[-1.45157,53.71374],[-1.44736,53.7142],[-1.44514,53.71544],[-1.44377,53.71577],[-1.44288,53.71566],[-1.44152,53.71472],[-1.44037,53.71459],[-1.43694,53.71671],[-1.43784,53.71733],[-1.44176,53.71698],[-1.44587,53.7174],[-1.44688,53.71797],[-1.44631,53.71859],[-1.44247,53.71903],[-1.43964,53.71896],[-1.43479,53.71833],[-1.43206,53.71722],[-1.43091,53.71793],[-1.43084,53.71873],[-1.43235,53.72011],[-1.43447,53.72124],[-1.43438,53.72173],[-1.43324,53.72197]]]}},{"type":"Feature","properties":{"id":"E01011880","name":"E01011880","parent":"E08000036","type":"LSOA","pop":1628,"r":390,"ff":149,"ffd":9152.3,"ffs":0.5,"g":88,"co":0,"mo":0,"sa":0,"ic":0},"geometry":{"type":"Polygon","coordinates":[[[-1.47036,53.70362],[-1.47209,53.70188],[-1.47351,53.70211],[-1.47437,53.69956],[-1.47871,53.70006],[-1.47914,53.69958],[-1.47982,53.69961],[-1.47983,53.69902],[-1.48031,53.699],[-1.48102,53.69944],[-1.48132,53.70065],[-1.4846,53.69918],[-1.4847,53.6976],[-1.48446,53.69576],[-1.48649,53.69595],[-1.48655,53.69568],[-1.48588,53.69562],[-1.48598,53.6953],[-1.48896,53.69542],[-1.48904,53.69616],[-1.48974,53.69744],[-1.4878,53.69748],[-1.48726,53.69917],[-1.48778,53.70073],[-1.48655,53.70039],[-1.48427,53.70155],[-1.48431,53.70209],[-1.48377,53.7024],[-1.48308,53.70175],[-1.48139,53.7022],[-1.48033,53.70185],[-1.48047,53.70257],[-1.4822,53.70394],[-1.48015,53.70666],[-1.47639,53.7079],[-1.47518,53.70749],[-1.47407,53.70639],[-1.47428,53.70603],[-1.47401,53.7043],[-1.47036,53.70362]]]}},{"type":"Feature","properties":{"id":"E01011881","name":"E01011881","parent":"E08000036","type":"LSOA","pop":1381,"r":404,"ff":163,"ffd":11803.0,"ffs":0.5191,"g":86,"co":0,"mo":0,"sa":0,"ic":0},"geometry":{"type":"Polygon","coordinates":[[[-1.49607,53.71052],[-1.49415,53.70971],[-1.49131,53.71053],[-1.49101,53.71013],[-1.49545,53.70893],[-1.49327,53.70692],[-1.49644,53.70766],[-1.5007,53.70707],[-1.50072,53.70669],[-1.50197,53.70637],[-1.50193,53.70556],[-1.5023,53.70551],[-1.50157,53.7055],[-1.5014,53.70517],[-1.49819,53.70574],[-1.49767,53.70482],[-1.4987,53.70424],[-1.50006,53.70446],[-1.50293,53.70371],[-1.50386,53.70467],[-1.50446,53.70457],[-1.50524,53.70665],[-1.49994,53.71211],[-1.49607,53.71052]]]}},{"type":"Feature","properties":{"id":"E01011882","name":"E01011882","parent":"E08000036","type":"LSOA","pop":1382,"r":267,"ff":111,"ffd":8031.8,"ffs":0.5415,"g":59,"co":2,"mo":2,"sa":0,"ic":0},"geometry":{"type":"Polygon","coordinates":[[[-1.43132,53.71015],[-1.43044,53.70972],[-1.42907,53.70995],[-1.42866,53.709],[-1.42815,53.70888],[-1.42794,53.70919],[-1.4267,53.70897],[-1.42617,53.70931],[-1.42606,53.70912],[-1.42705,53.70887],[-1.42685,53.70783],[-1.42564,53.70784],[-1.42554,53.70724],[-1.42702,53.70753],[-1.42672,53.70677],[-1.42788,53.70658],[-1.42788,53.70599],[-1.42443,53.7051],[-1.42502,53.70468],[-1.42545,53.70323],[-1.4267,53.70331],[-1.42799,53.70298],[-1.42982,53.70424],[-1.42996,53.70461],[-1.42895,53.70565],[-1.42936,53.70583],[-1.43076,53.70555],[-1.4311,53.7058],[-1.4325,53.70538],[-1.43327,53.70586],[-1.43445,53.70533],[-1.43436,53.70497],[-1.43486,53.70471],[-1.43433,53.70429],[-1.43488,53.7037],[-1.43643,53.70455],[-1.43803,53.70453],[-1.4384,53.70509],[-1.4389,53.7048],[-1.44146,53.70455],[-1.44117,53.70519],[-1.43864,53.70683],[-1.43795,53.70688],[-1.43789,53.70727],[-1.43735,53.7074],[-1.43589,53.70666],[-1.43474,53.70767],[-1.43442,53.7085],[-1.43271,53.70838],[-1.43192,53.70888],[-1.43205,53.70918],[-1.43088,53.70943],[-1.43132,53.71015]]]}},{"type":"Feature","properties":{"id":"E01011883","name":"E01011883","parent":"E08000036","type":"LSOA","pop":1637,"r":304,"ff":128,"ffd":7819.2,"ffs":0.5447,"g":66,"co":2,"mo":2,"sa":0,"ic":0},"geometry":{"type":"Polygon","coordinates":[[[-1.42252,53.72355],[-1.41968,53.7221],[-1.41639,53.72227],[-1.41386,53.72294],[-1.41182,53.72309],[-1.40457,53.72084],[-1.40091,53.7195],[-1.39895,53.71939],[-1.40107,53.71749],[-1.40187,53.71748],[-1.40269,53.71673],[-1.40333,53.71662],[-1.40382,53.71574],[-1.40526,53.71521],[-1.40467,53.71374],[-1.41076,53.71238],[-1.41248,53.71157],[-1.41602,53.70779],[-1.41575,53.70769],[-1.41883,53.70477],[-1.42018,53.70272],[-1.42125,53.70163],[-1.42437,53.70268],[-1.42742,53.70024],[-1.42725,53.70153],[-1.42764,53.70192],[-1.42974,53.70218],[-1.43035,53.70405],[-1.43078,53.704],[-1.42982,53.70424],[-1.42799,53.70298],[-1.4267,53.70331],[-1.42545,53.70323],[-1.42502,53.70468],[-1.42443,53.7051],[-1.42788,53.70599],[-1.42788,53.70658],[-1.42672,53.70677],[-1.42702,53.70753],[-1.42554,53.70724],[-1.42564,53.70784],[-1.42685,53.70783],[-1.42705,53.70887],[-1.42606,53.70912],[-1.42617,53.70931],[-1.4267,53.70897],[-1.42794,53.70919],[-1.42815,53.70888],[-1.42866,53.709],[-1.42878,53.70954],[-1.42619,53.71009],[-1.42526,53.70984],[-1.42549,53.71033],[-1.42424,53.71029],[-1.42409,53.70971],[-1.42278,53.71005],[-1.42257,53.70927],[-1.42026,53.70929],[-1.42097,53.70982],[-1.4206,53.7101],[-1.42099,53.71014],[-1.42105,53.71061],[-1.42158,53.71074],[-1.4209,53.71181],[-1.42141,53.71194],[-1.42141,53.71235],[-1.42256,53.71186],[-1.42273,53.71145],[-1.42326,53.71151],[-1.4236,53.71178],[-1.4233,53.71196],[-1.42486,53.71247],[-1.42447,53.7132],[-1.42511,53.71392],[-1.426,53.7142],[-1.42708,53.71781],[-1.42575,53.71938],[-1.4282,53.72138],[-1.42519,53.72287],[-1.42252,53.72355]]]}},{"type":"Feature","properties":{"id":"E01011884","name":"E01011884","parent":"E08000036","type":"LSOA","pop":3044,"r":469,"ff":188,"ffd":6176.1,"ffs":0.5137,"g":99,"co":0,"mo":0,"sa":0,"ic":0},"geometry":{"type":"Polygon","coordinates":[[[-1.50386,53.70467],[-1.50293,53.70371],[-1.50006,53.70446],[-1.4987,53.70424],[-1.49809,53.70241],[-1.50147,53.70242],[-1.5019,53.70171],[-1.50077,53.70175],[-1.501,53.70115],[-1.49817,53.70063],[-1.49616,53.70187],[-1.49856,53.69904],[-1.49808,53.69791],[-1.4953,53.69614],[-1.48904,53.69616],[-1.48896,53.69542],[-1.48598,53.6953],[-1.48588,53.69562],[-1.48655,53.69568],[-1.48649,53.69595],[-1.48446,53.69576],[-1.4844,53.69498],[-1.486,53.69133],[-1.48797,53.68857],[-1.49311,53.68974],[-1.49702,53.69126],[-1.49678,53.69157],[-1.49751,53.6931],[-1.49712,53.69409],[-1.50103,53.69461],[-1.50087,53.69492],[-1.50334,53.69514],[-1.50303,53.69607],[-1.50353,53.69739],[-1.5032,53.69847],[-1.50317,53.70088],[-1.50446,53.70457],[-1.50386,53.70467]]]}},{"type":"Feature","properties":{"id":"E01011885","name":"E01011885","parent":"E08000036","type":"LSOA","pop":1587,"r":644,"ff":255,"ffd":16068.1,"ffs":0.504,"g":133,"co":2,"mo":0,"sa":0,"ic":0},"geometry":{"type":"Polygon","coordinates":[[[-1.52258,53.72158],[-1.52107,53.72049],[-1.52007,53.72065],[-1.51781,53.71779],[-1.51883,53.71739],[-1.51974,53.71642],[-1.51986,53.71364],[-1.51469,53.7137],[-1.51464,53.71285],[-1.51207,53.71258],[-1.51585,53.70756],[-1.51735,53.70795],[-1.51893,53.70642],[-1.5186,53.70615],[-1.51833,53.70637],[-1.51777,53.70624],[-1.51818,53.70547],[-1.51899,53.70573],[-1.51932,53.70518],[-1.51988,53.70522],[-1.52045,53.70459],[-1.52129,53.70615],[-1.52073,53.7063],[-1.52135,53.70664],[-1.52288,53.70662],[-1.52358,53.7063],[-1.52313,53.70604],[-1.52647,53.70385],[-1.52563,53.70315],[-1.52854,53.70151],[-1.52989,53.70027],[-1.53046,53.70057],[-1.53113,53.69971],[-1.53438,53.69998],[-1.53669,53.70079],[-1.53903,53.69869],[-1.54201,53.69794],[-1.54415,53.69568],[-1.54826,53.69774],[-1.54614,53.69891],[-1.54683,53.6993],[-1.5465,53.69954],[-1.54838,53.69999],[-1.54911,53.70085],[-1.55078,53.7003],[-1.55204,53.70143],[-1.55265,53.70134],[-1.55265,53.70199],[-1.55317,53.70189],[-1.5536,53.70226],[-1.5521,53.70546],[-1.5486,53.70892],[-1.54632,53.71054],[-1.54128,53.71285],[-1.53575,53.7146],[-1.53399,53.71482],[-1.53318,53.7159],[-1.52795,53.71889],[-1.52258,53.72158]]]}},{"type":"Feature","properties":{"id":"E01011886","name":"E01011886","parent":"E08000036","type":"LSOA","pop":2170,"r":534,"ff":218,"ffd":10046.1,"ffs":0.519,"g":110,"co":2,"mo":0,"sa":0,"ic":0},"geometry":{"type":"Polygon","coordinates":[[[-1.51169,53.70817],[-1.51158,53.70779],[-1.51039,53.70782],[-1.51079,53.70736],[-1.50963,53.70669],[-1.50961,53.70623],[-1.51114,53.7059],[-1.50898,53.70467],[-1.50879,53.70436],[-1.51068,53.70349],[-1.51203,53.70402],[-1.51323,53.70357],[-1.51222,53.70275],[-1.51428,53.70215],[-1.51571,53.70083],[-1.51591,53.69889],[-1.51636,53.6987],[-1.51671,53.69907],[-1.51837,53.69916],[-1.51833,53.69898],[-1.51971,53.69916],[-1.51954,53.70033],[-1.52087,53.70039],[-1.52119,53.70102],[-1.52173,53.70108],[-1.52331,53.70188],[-1.52371,53.70167],[-1.52348,53.70196],[-1.52397,53.70222],[-1.52361,53.7025],[-1.52446,53.70291],[-1.52386,53.70332],[-1.52432,53.70363],[-1.5238,53.70422],[-1.5248,53.7045],[-1.52418,53.70493],[-1.52313,53.70432],[-1.52209,53.7045],[-1.52253,53.70486],[-1.52194,53.70518],[-1.52126,53.70426],[-1.51972,53.70405],[-1.51883,53.70493],[-1.51826,53.70482],[-1.51818,53.70547],[-1.51777,53.70624],[-1.51833,53.70637],[-1.5186,53.70615],[-1.51893,53.70642],[-1.51735,53.70795],[-1.51585,53.70756],[-1.51418,53.70985],[-1.51276,53.70912],[-1.51169,53.70817]]]}},{"type":"Feature","properties":{"id":"E01011887","name":"E01011887","parent":"E08000036","type":"LSOA","pop":3050,"r":576,"ff":231,"ffd":7573.8,"ffs":0.5156,"g":123,"co":2,"mo":0,"sa":0,"ic":0},"geometry":{"type":"Polygon","coordinates":[[[-1.50446,53.70457],[-1.50317,53.70088],[-1.5032,53.69847],[-1.50353,53.69739],[-1.50303,53.69607],[-1.50334,53.69514],[-1.50487,53.69376],[-1.50659,53.6943],[-1.50823,53.69403],[-1.51046,53.69425],[-1.51156,53.69417],[-1.51946,53.6907],[-1.51875,53.69398],[-1.51967,53.69298],[-1.52015,53.6931],[-1.51678,53.69607],[-1.51529,53.69462],[-1.51463,53.69586],[-1.51396,53.69606],[-1.51491,53.69698],[-1.51556,53.69676],[-1.5157,53.69789],[-1.51636,53.6987],[-1.51591,53.69889],[-1.51571,53.70083],[-1.51428,53.70215],[-1.51222,53.70275],[-1.51323,53.70357],[-1.51203,53.70402],[-1.51068,53.70349],[-1.50879,53.70436],[-1.50898,53.70467],[-1.50837,53.70424],[-1.5077,53.70448],[-1.50862,53.70503],[-1.50821,53.70629],[-1.50695,53.70666],[-1.50524,53.70665],[-1.50446,53.70457]]]}},{"type":"Feature","properties":{"id":"E01011888","name":"E01011888","parent":"E08000036","type":"LSOA","pop":1355,"r":569,"ff":231,"ffd":17048.0,"ffs":0.5203,"g":120,"co":2,"mo":0,"sa":0,"ic":0},"geometry":{"type":"Polygon","coordinates":[[[-1.52129,53.70615],[-1.52045,53.70459],[-1.51988,53.70522],[-1.51932,53.70518],[-1.51899,53.70573],[-1.51818,53.70547],[-1.51826,53.70482],[-1.51883,53.70493],[-1.51972,53.70405],[-1.52126,53.70426],[-1.52194,53.70518],[-1.52253,53.70486],[-1.52209,53.7045],[-1.52313,53.70432],[-1.52418,53.70493],[-1.5248,53.7045],[-1.5238,53.70422],[-1.52432,53.70363],[-1.52386,53.70332],[-1.52446,53.70291],[-1.52361,53.7025],[-1.52397,53.70222],[-1.52348,53.70196],[-1.52371,53.70167],[-1.52331,53.70188],[-1.52173,53.70108],[-1.52119,53.70102],[-1.52087,53.70039],[-1.51954,53.70033],[-1.51971,53.69916],[-1.52358,53.69994],[-1.5238,53.69972],[-1.52444,53.70028],[-1.52502,53.69943],[-1.52453,53.69933],[-1.52508,53.69845],[-1.52566,53.69872],[-1.52645,53.69815],[-1.52728,53.69887],[-1.52849,53.69953],[-1.52907,53.69886],[-1.52982,53.69871],[-1.53113,53.69971],[-1.53046,53.70057],[-1.52989,53.70027],[-1.52854,53.70151],[-1.52563,53.70315],[-1.52647,53.70385],[-1.52313,53.70604],[-1.52358,53.7063],[-1.52288,53.70662],[-1.52135,53.70664],[-1.52073,53.7063],[-1.52129,53.70615]]]}},{"type":"Feature","properties":{"id":"E01011889","name":"E01011889","parent":"E08000036","type":"LSOA","pop":1620,"r":435,"ff":176,"ffd":10864.2,"ffs":0.5101,"g":87,"co":2,"mo":0,"sa":0,"ic":0},"geometry":{"type":"Polygon","coordinates":[[[-1.55311,53.70358],[-1.5536,53.70226],[-1.55317,53.70189],[-1.55265,53.70199],[-1.55265,53.70134],[-1.55204,53.70143],[-1.55078,53.7003],[-1.54911,53.70085],[-1.54838,53.69999],[-1.5465,53.69954],[-1.54683,53.6993],[-1.54614,53.69891],[-1.54826,53.69774],[-1.54454,53.69581],[-1.54415,53.69568],[-1.54299,53.69683],[-1.53947,53.69532],[-1.53836,53.69557],[-1.53579,53.69518],[-1.5357,53.69448],[-1.537,53.69465],[-1.53686,53.69486],[-1.53735,53.69496],[-1.53777,53.69466],[-1.53799,53.69395],[-1.53694,53.69387],[-1.53733,53.69306],[-1.53864,53.69354],[-1.53917,53.69339],[-1.53862,53.69287],[-1.53517,53.69147],[-1.53621,53.69083],[-1.53685,53.68956],[-1.5377,53.68897],[-1.53424,53.68825],[-1.53269,53.68741],[-1.53295,53.68702],[-1.53374,53.68676],[-1.53371,53.68639],[-1.54162,53.68677],[-1.54282,53.68487],[-1.54505,53.68001],[-1.55395,53.68398],[-1.55528,53.68412],[-1.55568,53.68706],[-1.55131,53.68725],[-1.54873,53.69143],[-1.54946,53.69156],[-1.55024,53.69235],[-1.55392,53.69377],[-1.55536,53.69498],[-1.55561,53.69607],[-1.55794,53.69724],[-1.5581,53.69825],[-1.55927,53.699],[-1.5576,53.70035],[-1.55564,53.70274],[-1.55504,53.70317],[-1.55397,53.70243],[-1.55311,53.70358]]]}},{"type":"Feature","properties":{"id":"E01011890","name":"E01011890","parent":"E08000036","type":"LSOA","pop":1429,"r":492,"ff":201,"ffd":14065.8,"ffs":0.5234,"g":105,"co":2,"mo":0,"sa":0,"ic":0},"geometry":{"type":"Polygon","coordinates":[[[-1.53069,53.69641],[-1.53133,53.6952],[-1.53163,53.69525],[-1.53237,53.69373],[-1.53058,53.69362],[-1.53098,53.69207],[-1.53167,53.69265],[-1.53228,53.69266],[-1.5323,53.69303],[-1.533,53.6928],[-1.53435,53.6936],[-1.53799,53.69395],[-1.53777,53.69466],[-1.53735,53.69496],[-1.53686,53.69486],[-1.537,53.69465],[-1.5357,53.69448],[-1.53579,53.69518],[-1.53836,53.69557],[-1.53947,53.69532],[-1.54299,53.69683],[-1.54201,53.69794],[-1.53903,53.69869],[-1.53669,53.70079],[-1.53438,53.69998],[-1.53113,53.69971],[-1.52982,53.69871],[-1.53037,53.69797],[-1.5295,53.69795],[-1.52949,53.69763],[-1.53168,53.69754],[-1.53228,53.69731],[-1.53203,53.69695],[-1.53069,53.69641]]]}},{"type":"Feature","properties":{"id":"E01011891","name":"E01011891","parent":"E08000036","type":"LSOA","pop":1585,"r":541,"ff":223,"ffd":14069.4,"ffs":0.5247,"g":112,"co":2,"mo":0,"sa":0,"ic":0},"geometry":{"type":"Polygon","coordinates":[[[-1.52444,53.70028],[-1.5238,53.69972],[-1.52358,53.69994],[-1.52018,53.69921],[-1.51833,53.69898],[-1.51837,53.69916],[-1.51671,53.69907],[-1.5157,53.69789],[-1.51556,53.69676],[-1.51491,53.69698],[-1.51396,53.69606],[-1.51463,53.69586],[-1.51529,53.69462],[-1.51678,53.69607],[-1.52015,53.6931],[-1.52173,53.69338],[-1.52315,53.69234],[-1.52653,53.69305],[-1.52721,53.69151],[-1.52874,53.69136],[-1.53102,53.69171],[-1.53058,53.69362],[-1.53237,53.69373],[-1.53163,53.69525],[-1.53133,53.6952],[-1.53069,53.69641],[-1.53203,53.69695],[-1.53228,53.69731],[-1.53168,53.69754],[-1.52949,53.69763],[-1.5295,53.69795],[-1.53037,53.69797],[-1.52982,53.69871],[-1.52907,53.69886],[-1.52849,53.69953],[-1.52728,53.69887],[-1.52645,53.69815],[-1.52566,53.69872],[-1.52508,53.69845],[-1.52453,53.69933],[-1.52502,53.69943],[-1.52444,53.70028]]]}},{"type":"Feature","properties":{"id":"E01011892","name":"E01011892","parent":"E08000036","type":"LSOA","pop":1961,"r":434,"ff":176,"ffd":8975.0,"ffs":0.5101,"g":86,"co":2,"mo":0,"sa":0,"ic":0},"geometry":{"type":"Polygon","coordinates":[[[-1.51875,53.69398],[-1.51946,53.6907],[-1.5201,53.69056],[-1.52209,53.68954],[-1.52294,53.68959],[-1.52767,53.68778],[-1.5274,53.68763],[-1.52981,53.68605],[-1.53131,53.68731],[-1.53295,53.68702],[-1.53269,53.68741],[-1.53424,53.68825],[-1.5377,53.68897],[-1.53685,53.68956],[-1.53621,53.69083],[-1.53517,53.69147],[-1.53862,53.69287],[-1.53917,53.69339],[-1.53864,53.69354],[-1.53733,53.69306],[-1.53694,53.69387],[-1.53435,53.6936],[-1.533,53.6928],[-1.5323,53.69303],[-1.53228,53.69266],[-1.53167,53.69265],[-1.53098,53.69207],[-1.53102,53.69171],[-1.52874,53.69136],[-1.52721,53.69151],[-1.52653,53.69305],[-1.52315,53.69234],[-1.52173,53.69338],[-1.51967,53.69298],[-1.51875,53.69398]]]}},{"type":"Feature","properties":{"id":"E01011893","name":"E01011893","parent":"E08000036","type":"LSOA","pop":1455,"r":471,"ff":183,"ffd":12577.3,"ffs":0.4986,"g":100,"co":2,"mo":0,"sa":0,"ic":0},"geometry":{"type":"Polygon","coordinates":[[[-1.51526,53.72609],[-1.5137,53.7257],[-1.51225,53.7259],[-1.51147,53.72572],[-1.50984,53.72468],[-1.50816,53.72419],[-1.50604,53.72266],[-1.50487,53.72105],[-1.50513,53.72066],[-1.50467,53.72003],[-1.50197,53.71928],[-1.50037,53.71831],[-1.49866,53.71796],[-1.49847,53.71764],[-1.49907,53.71736],[-1.49962,53.7175],[-1.50015,53.71725],[-1.50131,53.71754],[-1.50141,53.71709],[-1.50065,53.71698],[-1.50143,53.71684],[-1.50047,53.71665],[-1.50202,53.71587],[-1.50171,53.71564],[-1.50219,53.71549],[-1.50142,53.71507],[-1.50442,53.71533],[-1.50456,53.71501],[-1.50595,53.71474],[-1.50644,53.71386],[-1.50467,53.713],[-1.50491,53.7128],[-1.50564,53.71294],[-1.50582,53.7135],[-1.50644,53.71347],[-1.50763,53.71273],[-1.50895,53.7127],[-1.50917,53.71297],[-1.51061,53.71285],[-1.51119,53.71248],[-1.51464,53.71285],[-1.51469,53.7137],[-1.51986,53.71364],[-1.51974,53.71642],[-1.51883,53.71739],[-1.51781,53.71779],[-1.52007,53.72065],[-1.52107,53.72049],[-1.52258,53.72158],[-1.52316,53.72141],[-1.51718,53.72478],[-1.51526,53.72609]]]}},{"type":"Feature","properties":{"id":"E01011894","name":"E01011894","parent":"E08000036","type":"LSOA","pop":1301,"r":410,"ff":160,"ffd":12298.2,"ffs":0.5047,"g":89,"co":0,"mo":0,"sa":0,"ic":0},"geometry":{"type":"Polygon","coordinates":[[[-1.48395,53.71845],[-1.48369,53.71715],[-1.48741,53.71641],[-1.48732,53.71479],[-1.48696,53.71466],[-1.48758,53.71413],[-1.48698,53.71383],[-1.48692,53.71344],[-1.4886,53.71295],[-1.48991,53.71363],[-1.49139,53.71384],[-1.49183,53.713],[-1.49357,53.71332],[-1.49368,53.71398],[-1.49406,53.71402],[-1.49367,53.71467],[-1.49448,53.71507],[-1.4975,53.71509],[-1.49728,53.71545],[-1.49952,53.71603],[-1.49969,53.71514],[-1.50142,53.71507],[-1.50219,53.71549],[-1.50171,53.71564],[-1.50202,53.71587],[-1.50047,53.71665],[-1.50143,53.71684],[-1.50065,53.71698],[-1.50141,53.71709],[-1.50131,53.71754],[-1.50015,53.71725],[-1.49962,53.7175],[-1.49907,53.71736],[-1.49847,53.71764],[-1.49866,53.71796],[-1.49592,53.71765],[-1.49181,53.7182],[-1.48532,53.71849],[-1.48411,53.71921],[-1.48395,53.71845]]]}},{"type":"Feature","properties":{"id":"E01011895","name":"E01011895","parent":"E08000036","type":"LSOA","pop":1414,"r":375,"ff":151,"ffd":10678.9,"ffs":0.5225,"g":82,"co":0,"mo":0,"sa":0,"ic":0},"geometry":{"type":"Polygon","coordinates":[[[-1.49368,53.71398],[-1.49357,53.71332],[-1.49183,53.713],[-1.49139,53.71384],[-1.48991,53.71363],[-1.4886,53.71295],[-1.48692,53.71344],[-1.48665,53.71167],[-1.49415,53.70971],[-1.49975,53.71204],[-1.4986,53.71284],[-1.4978,53.71264],[-1.49656,53.71407],[-1.49536,53.71398],[-1.49533,53.71502],[-1.49453,53.71504],[-1.49367,53.71467],[-1.49406,53.71402],[-1.49368,53.71398]]]}},{"type":"Feature","properties":{"id":"E01011896","name":"E01011896","parent":"E08000036","type":"LSOA","pop":1597,"r":448,"ff":178,"ffd":11145.9,"ffs":0.51,"g":95,"co":2,"mo":0,"sa":0,"ic":0},"geometry":{"type":"Polygon","coordinates":[[[-1.49728,53.71545],[-1.4975,53.71509],[-1.49448,53.71507],[-1.49533,53.71502],[-1.49536,53.71398],[-1.49656,53.71407],[-1.4978,53.71264],[-1.4986,53.71284],[-1.49975,53.71204],[-1.49994,53.71211],[-1.50328,53.70867],[-1.50706,53.71054],[-1.5056,53.7109],[-1.50658,53.71138],[-1.50533,53.71203],[-1.50563,53.71222],[-1.50467,53.713],[-1.50644,53.71386],[-1.50595,53.71474],[-1.50456,53.71501],[-1.50442,53.71533],[-1.50142,53.71507],[-1.49969,53.71514],[-1.49952,53.71603],[-1.49728,53.71545]]]}},{"type":"Feature","properties":{"id":"E01011897","name":"E01011897","parent":"E08000036","type":"LSOA","pop":1587,"r":443,"ff":176,"ffd":11090.1,"ffs":0.5131,"g":96,"co":2,"mo":0,"sa":0,"ic":0},"geometry":{"type":"Polygon","coordinates":[[[-1.50491,53.7128],[-1.50563,53.71222],[-1.50533,53.71203],[-1.50658,53.71138],[-1.5056,53.7109],[-1.50706,53.71054],[-1.50328,53.70867],[-1.50524,53.70665],[-1.50695,53.70666],[-1.50821,53.70629],[-1.50862,53.70503],[-1.5077,53.70448],[-1.50837,53.70424],[-1.51114,53.7059],[-1.50961,53.70623],[-1.50963,53.70669],[-1.51079,53.70736],[-1.51039,53.70782],[-1.51158,53.70779],[-1.51169,53.70817],[-1.51276,53.70912],[-1.51418,53.70985],[-1.51207,53.71258],[-1.51119,53.71248],[-1.51061,53.71285],[-1.50917,53.71297],[-1.50895,53.7127],[-1.50763,53.71273],[-1.50644,53.71347],[-1.50582,53.7135],[-1.50564,53.71294],[-1.50491,53.7128]]]}},{"type":"Feature","properties":{"id":"E01011898","name":"E01011898","parent":"E08000036","type":"LSOA","pop":1581,"r":281,"ff":117,"ffd":7400.4,"ffs":0.5342,"g":60,"co":2,"mo":0,"sa":0,"ic":0},"geometry":{"type":"Polygon","coordinates":[[[-1.4909,53.67805],[-1.48993,53.6758],[-1.49031,53.67384],[-1.49019,53.67267],[-1.48909,53.67147],[-1.48573,53.66472],[-1.48851,53.66584],[-1.48772,53.66687],[-1.48903,53.66694],[-1.49029,53.66748],[-1.49115,53.66723],[-1.48966,53.66642],[-1.49198,53.66653],[-1.49348,53.66526],[-1.4951,53.66526],[-1.49539,53.66443],[-1.49661,53.66375],[-1.49621,53.66488],[-1.49676,53.66604],[-1.49426,53.66724],[-1.49291,53.66849],[-1.49333,53.66883],[-1.49221,53.67024],[-1.49215,53.67106],[-1.49265,53.67082],[-1.49399,53.67096],[-1.49552,53.67152],[-1.49604,53.67208],[-1.4975,53.67238],[-1.49824,53.6721],[-1.49872,53.67255],[-1.50021,53.67218],[-1.50059,53.67158],[-1.50173,53.67175],[-1.49969,53.67358],[-1.49913,53.6736],[-1.49946,53.67319],[-1.49889,53.67302],[-1.49731,53.67378],[-1.49803,53.67436],[-1.49849,53.6741],[-1.49988,53.67458],[-1.50061,53.67536],[-1.50116,53.67513],[-1.50135,53.67625],[-1.50058,53.67753],[-1.4984,53.67696],[-1.49649,53.67683],[-1.49265,53.67749],[-1.4909,53.67805]]]}},{"type":"Feature","properties":{"id":"E01011899","name":"E01011899","parent":"E08000036","type":"LSOA","pop":2043,"r":429,"ff":178,"ffd":8712.7,"ffs":0.5251,"g":87,"co":2,"mo":0,"sa":0,"ic":0},"geometry":{"type":"Polygon","coordinates":[[[-1.53427,53.67283],[-1.53406,53.67167],[-1.53277,53.67045],[-1.53201,53.67011],[-1.5323,53.66918],[-1.53292,53.66907],[-1.53354,53.66961],[-1.53412,53.6694],[-1.53449,53.66973],[-1.53511,53.66972],[-1.53569,53.67034],[-1.53676,53.67057],[-1.53687,53.67102],[-1.53616,53.67125],[-1.53682,53.67189],[-1.5396,53.67115],[-1.53999,53.67086],[-1.53855,53.67023],[-1.53852,53.66984],[-1.53978,53.66963],[-1.53949,53.66926],[-1.54271,53.66801],[-1.5462,53.66991],[-1.55006,53.67286],[-1.54591,53.67291],[-1.53949,53.67444],[-1.5397,53.67473],[-1.53576,53.6755],[-1.53472,53.67609],[-1.5312,53.67735],[-1.52907,53.6776],[-1.52929,53.67706],[-1.5308,53.67676],[-1.53098,53.67583],[-1.5318,53.67535],[-1.52959,53.6744],[-1.53133,53.67436],[-1.5327,53.67382],[-1.53254,53.67361],[-1.53427,53.67283]]]}},{"type":"Feature","properties":{"id":"E01011900","name":"E01011900","parent":"E08000036","type":"LSOA","pop":1534,"r":338,"ff":144,"ffd":9387.2,"ffs":0.5314,"g":64,"co":2,"mo":0,"sa":0,"ic":0},"geometry":{"type":"Polygon","coordinates":[[[-1.52385,53.67805],[-1.52264,53.67725],[-1.52191,53.67746],[-1.52136,53.677],[-1.52052,53.67705],[-1.51955,53.67623],[-1.51826,53.67596],[-1.51808,53.67633],[-1.51746,53.67615],[-1.51824,53.67335],[-1.51755,53.67285],[-1.51785,53.67242],[-1.51885,53.67283],[-1.51989,53.6721],[-1.51972,53.6719],[-1.52124,53.67269],[-1.52312,53.67206],[-1.52429,53.67399],[-1.52362,53.67445],[-1.52499,53.6753],[-1.52471,53.67548],[-1.52355,53.67484],[-1.52272,53.67544],[-1.52211,53.67536],[-1.52229,53.67562],[-1.52442,53.67626],[-1.52402,53.67703],[-1.52456,53.67704],[-1.52483,53.67742],[-1.52599,53.67775],[-1.52651,53.67725],[-1.5277,53.67734],[-1.52791,53.67796],[-1.52866,53.67819],[-1.52863,53.67841],[-1.52385,53.67805]]]}},{"type":"Feature","properties":{"id":"E01011901","name":"E01011901","parent":"E08000036","type":"LSOA","pop":1834,"r":374,"ff":161,"ffd":8778.6,"ffs":0.5367,"g":71,"co":2,"mo":0,"sa":0,"ic":0},"geometry":{"type":"Polygon","coordinates":[[[-1.5277,53.67734],[-1.52651,53.67725],[-1.52599,53.67775],[-1.52483,53.67742],[-1.52456,53.67704],[-1.52402,53.67703],[-1.52442,53.67626],[-1.52229,53.67562],[-1.52211,53.67536],[-1.52272,53.67544],[-1.52355,53.67484],[-1.52471,53.67548],[-1.52499,53.6753],[-1.52362,53.67445],[-1.52429,53.67399],[-1.52362,53.67266],[-1.52603,53.67244],[-1.52657,53.67191],[-1.52746,53.67223],[-1.52804,53.67208],[-1.52943,53.67217],[-1.52916,53.67295],[-1.52977,53.67402],[-1.53254,53.67361],[-1.5327,53.67382],[-1.53133,53.67436],[-1.52959,53.6744],[-1.5318,53.67535],[-1.53098,53.67583],[-1.5308,53.67676],[-1.52929,53.67706],[-1.52907,53.6776],[-1.52863,53.67764],[-1.52866,53.67819],[-1.52791,53.67796],[-1.5277,53.67734]]]}},{"type":"Feature","properties":{"id":"E01011902","name":"E01011902","parent":"E08000036","type":"LSOA","pop":1408,"r":316,"ff":129,"ffd":9161.9,"ffs":0.5181,"g":64,"co":2,"mo":0,"sa":0,"ic":0},"geometry":{"type":"Polygon","coordinates":[[[-1.49988,53.67458],[-1.49849,53.6741],[-1.49803,53.67436],[-1.49731,53.67378],[-1.49889,53.67302],[-1.49946,53.67319],[-1.49913,53.6736],[-1.49969,53.67358],[-1.50173,53.67175],[-1.50059,53.67158],[-1.50021,53.67218],[-1.49872,53.67255],[-1.49824,53.6721],[-1.4975,53.67238],[-1.49604,53.67208],[-1.49552,53.67152],[-1.49399,53.67096],[-1.49265,53.67082],[-1.49215,53.67106],[-1.49221,53.67024],[-1.49333,53.66883],[-1.49291,53.66849],[-1.49426,53.66724],[-1.49676,53.66604],[-1.49621,53.66488],[-1.49708,53.66255],[-1.49872,53.66264],[-1.49926,53.66209],[-1.50061,53.66167],[-1.50102,53.66013],[-1.50167,53.65993],[-1.50129,53.66205],[-1.50416,53.66223],[-1.51073,53.66381],[-1.51018,53.66479],[-1.50833,53.66554],[-1.50898,53.66588],[-1.50991,53.66555],[-1.51136,53.66622],[-1.50865,53.66745],[-1.50938,53.66866],[-1.50895,53.66954],[-1.50937,53.66996],[-1.51421,53.67107],[-1.51393,53.67216],[-1.51278,53.67257],[-1.51104,53.67234],[-1.5094,53.67162],[-1.50955,53.67217],[-1.50745,53.67338],[-1.50604,53.67351],[-1.50482,53.67426],[-1.50264,53.67331],[-1.50244,53.67374],[-1.50174,53.6737],[-1.50116,53.67513],[-1.50061,53.67536],[-1.49988,53.67458]]]}},{"type":"Feature","properties":{"id":"E01011903","name":"E01011903","parent":"E08000036","type":"LSOA","pop":1238,"r":393,"ff":169,"ffd":13651.1,"ffs":0.5487,"g":82,"co":2,"mo":0,"sa":0,"ic":0},"geometry":{"type":"Polygon","coordinates":[[[-1.53569,53.67034],[-1.53511,53.66972],[-1.53449,53.66973],[-1.53412,53.6694],[-1.53354,53.66961],[-1.53292,53.66907],[-1.5323,53.66918],[-1.53205,53.6697],[-1.52913,53.66975],[-1.52912,53.66929],[-1.52993,53.66938],[-1.53051,53.66891],[-1.53,53.66857],[-1.53039,53.66823],[-1.52978,53.66823],[-1.52966,53.66773],[-1.53053,53.66755],[-1.53037,53.66615],[-1.53085,53.66616],[-1.53137,53.66752],[-1.533,53.66709],[-1.53349,53.66624],[-1.52817,53.66063],[-1.52624,53.66127],[-1.52621,53.66102],[-1.52234,53.66244],[-1.52319,53.66065],[-1.52868,53.65627],[-1.53163,53.65935],[-1.53877,53.66556],[-1.54271,53.66801],[-1.53949,53.66926],[-1.53978,53.66963],[-1.53852,53.66984],[-1.53855,53.67023],[-1.53999,53.67086],[-1.5396,53.67115],[-1.53682,53.67189],[-1.53616,53.67125],[-1.53687,53.67102],[-1.53676,53.67057],[-1.53569,53.67034]]]}},{"type":"Feature","properties":{"id":"E01011904","name":"E01011904","parent":"E08000036","type":"LSOA","pop":1774,"r":383,"ff":166,"ffd":9357.4,"ffs":0.5479,"g":77,"co":2,"mo":0,"sa":0,"ic":0},"geometry":{"type":"Polygon","coordinates":[[[-1.52943,53.67217],[-1.52804,53.67208],[-1.52746,53.67223],[-1.52657,53.67191],[-1.52603,53.67244],[-1.52362,53.67266],[-1.52244,53.67119],[-1.52459,53.67061],[-1.5246,53.67036],[-1.52513,53.67052],[-1.52572,53.67008],[-1.52509,53.66785],[-1.52912,53.66929],[-1.52913,53.66975],[-1.53205,53.6697],[-1.53201,53.67011],[-1.53277,53.67045],[-1.53406,53.67167],[-1.53427,53.67283],[-1.53254,53.67361],[-1.52977,53.67402],[-1.52916,53.67295],[-1.52943,53.67217]]]}},{"type":"Feature","properties":{"id":"E01011905","name":"E01011905","parent":"E08000036","type":"LSOA","pop":1687,"r":328,"ff":140,"ffd":8298.8,"ffs":0.5364,"g":64,"co":2,"mo":0,"sa":0,"ic":0},"geometry":{"type":"Polygon","coordinates":[[[-1.52046,53.67065],[-1.52017,53.6702],[-1.51901,53.67071],[-1.51914,53.6701],[-1.51816,53.66978],[-1.51766,53.67006],[-1.51776,53.67083],[-1.51631,53.67054],[-1.51603,53.671],[-1.51534,53.67084],[-1.51532,53.67133],[-1.50937,53.66996],[-1.50895,53.66954],[-1.50938,53.66866],[-1.50865,53.66745],[-1.51136,53.66622],[-1.50991,53.66555],[-1.50898,53.66588],[-1.50833,53.66554],[-1.51018,53.66479],[-1.51073,53.66381],[-1.51329,53.66408],[-1.51479,53.66384],[-1.52108,53.66197],[-1.52319,53.66065],[-1.52234,53.66244],[-1.52621,53.66102],[-1.52624,53.66127],[-1.52817,53.66063],[-1.53349,53.66624],[-1.533,53.66709],[-1.53137,53.66752],[-1.53085,53.66616],[-1.53037,53.66615],[-1.53053,53.66755],[-1.52966,53.66773],[-1.52978,53.66823],[-1.53039,53.66823],[-1.53,53.66857],[-1.53051,53.66891],[-1.52993,53.66938],[-1.52912,53.66929],[-1.52509,53.66785],[-1.52572,53.67008],[-1.52513,53.67052],[-1.5246,53.67036],[-1.52459,53.67061],[-1.52244,53.67119],[-1.52312,53.67206],[-1.52124,53.67269],[-1.51822,53.6713],[-1.52046,53.67065]]]}},{"type":"Feature","properties":{"id":"E01011906","name":"E01011906","parent":"E08000036","type":"LSOA","pop":1692,"r":320,"ff":132,"ffd":7801.4,"ffs":0.5259,"g":66,"co":2,"mo":0,"sa":0,"ic":0},"geometry":{"type":"Polygon","coordinates":[[[-1.48772,53.66687],[-1.48851,53.66584],[-1.48865,53.66485],[-1.4913,53.66205],[-1.49233,53.66184],[-1.49644,53.6585],[-1.49675,53.65767],[-1.49469,53.65505],[-1.49726,53.65382],[-1.50372,53.65371],[-1.50373,53.65435],[-1.5028,53.65436],[-1.502,53.655],[-1.50228,53.65626],[-1.5012,53.65722],[-1.50167,53.65993],[-1.50102,53.66013],[-1.50061,53.66167],[-1.49926,53.66209],[-1.49872,53.66264],[-1.49708,53.66255],[-1.49661,53.66375],[-1.49539,53.66443],[-1.4951,53.66526],[-1.49348,53.66526],[-1.49198,53.66653],[-1.48966,53.66642],[-1.49115,53.66723],[-1.49029,53.66748],[-1.48903,53.66694],[-1.48772,53.66687]]]}},{"type":"Feature","properties":{"id":"E01011907","name":"E01011907","parent":"E08000036","type":"LSOA","pop":1940,"r":326,"ff":136,"ffd":7010.3,"ffs":0.5292,"g":66,"co":2,"mo":0,"sa":0,"ic":0},"geometry":{"type":"Polygon","coordinates":[[[-1.50058,53.67753],[-1.50135,53.67625],[-1.50116,53.67513],[-1.50174,53.6737],[-1.50244,53.67374],[-1.50264,53.67331],[-1.50482,53.67426],[-1.50604,53.67351],[-1.50745,53.67338],[-1.50955,53.67217],[-1.5094,53.67162],[-1.51104,53.67234],[-1.51278,53.67257],[-1.51393,53.67216],[-1.51421,53.67107],[-1.51532,53.67133],[-1.51534,53.67084],[-1.51603,53.671],[-1.51631,53.67054],[-1.51776,53.67083],[-1.51766,53.67006],[-1.51816,53.66978],[-1.51914,53.6701],[-1.51901,53.67071],[-1.52017,53.6702],[-1.52046,53.67065],[-1.51822,53.6713],[-1.51989,53.6721],[-1.51885,53.67283],[-1.51785,53.67242],[-1.51755,53.67285],[-1.51824,53.67335],[-1.51746,53.67615],[-1.51808,53.67633],[-1.51826,53.67596],[-1.51955,53.67623],[-1.52052,53.67705],[-1.52136,53.677],[-1.52191,53.67746],[-1.52264,53.67725],[-1.52385,53.67805],[-1.51254,53.67943],[-1.5049,53.68132],[-1.50326,53.67916],[-1.50058,53.67753]]]}},{"type":"Feature","properties":{"id":"E01011908","name":"E01011908","parent":"E08000036","type":"LSOA","pop":2789,"r":287,"ff":116,"ffd":4159.2,"ffs":0.5297,"g":65,"co":2,"mo":0,"sa":0,"ic":0},"geometry":{"type":"Polygon","coordinates":[[[-1.47582,53.68119],[-1.47562,53.68088],[-1.47452,53.68109],[-1.47331,53.6804],[-1.47761,53.67865],[-1.47656,53.67763],[-1.47878,53.67756],[-1.4793,53.678],[-1.48138,53.67722],[-1.48102,53.67688],[-1.48404,53.67653],[-1.48416,53.67486],[-1.48282,53.67231],[-1.48339,53.67222],[-1.48239,53.67181],[-1.48276,53.67155],[-1.48344,53.67219],[-1.48427,53.67187],[-1.48362,53.67012],[-1.48271,53.67002],[-1.48209,53.66851],[-1.48145,53.66915],[-1.482,53.67028],[-1.48122,53.67062],[-1.48074,53.67041],[-1.47992,53.66909],[-1.47889,53.66963],[-1.47853,53.66845],[-1.4793,53.66826],[-1.47926,53.66795],[-1.47817,53.66709],[-1.48053,53.66556],[-1.48233,53.66344],[-1.48573,53.66472],[-1.48909,53.67147],[-1.49019,53.67267],[-1.49031,53.67384],[-1.48993,53.6758],[-1.4909,53.67805],[-1.48645,53.67915],[-1.47582,53.68119]]]}},{"type":"Feature","properties":{"id":"E01011909","name":"E01011909","parent":"E08000036","type":"LSOA","pop":1390,"r":342,"ff":142,"ffd":10215.8,"ffs":0.542,"g":77,"co":0,"mo":0,"sa":0,"ic":0},"geometry":{"type":"Polygon","coordinates":[[[-1.4761,53.69534],[-1.47434,53.69438],[-1.47321,53.69352],[-1.47345,53.69245],[-1.47459,53.69251],[-1.47528,53.69192],[-1.47592,53.69104],[-1.47645,53.69088],[-1.47728,53.69125],[-1.47798,53.69097],[-1.47766,53.69055],[-1.47811,53.69035],[-1.47894,53.69071],[-1.47811,53.69111],[-1.47811,53.69165],[-1.47868,53.69192],[-1.4796,53.69169],[-1.47961,53.69215],[-1.47997,53.69216],[-1.48035,53.69145],[-1.48153,53.69148],[-1.48159,53.69206],[-1.48387,53.69109],[-1.48501,53.69126],[-1.48559,53.69067],[-1.48655,53.69061],[-1.486,53.69133],[-1.4844,53.69498],[-1.47853,53.69473],[-1.4761,53.69534]]]}},{"type":"Feature","properties":{"id":"E01011910","name":"E01011910","parent":"E08000036","type":"LSOA","pop":1644,"r":325,"ff":136,"ffd":8272.5,"ffs":0.5506,"g":74,"co":2,"mo":0,"sa":0,"ic":0},"geometry":{"type":"Polygon","coordinates":[[[-1.47961,53.69215],[-1.4796,53.69169],[-1.47868,53.69192],[-1.47811,53.69165],[-1.47811,53.69111],[-1.47894,53.69071],[-1.47811,53.69035],[-1.47644,53.69076],[-1.47599,53.69052],[-1.47642,53.69025],[-1.47906,53.68957],[-1.47967,53.68862],[-1.47871,53.68876],[-1.47831,53.68838],[-1.48014,53.68828],[-1.47919,53.68755],[-1.47926,53.68706],[-1.48061,53.68685],[-1.4812,53.68646],[-1.48332,53.68637],[-1.4843,53.68688],[-1.48501,53.6868],[-1.48654,53.68567],[-1.48759,53.68551],[-1.48847,53.68574],[-1.489,53.68546],[-1.48863,53.68656],[-1.48878,53.68696],[-1.48825,53.68742],[-1.48797,53.68857],[-1.48655,53.69061],[-1.48559,53.69067],[-1.48501,53.69126],[-1.48387,53.69109],[-1.48159,53.69206],[-1.48153,53.69148],[-1.48035,53.69145],[-1.47997,53.69216],[-1.47961,53.69215]]]}},{"type":"Feature","properties":{"id":"E01011911","name":"E01011911","parent":"E08000036","type":"LSOA","pop":1674,"r":301,"ff":124,"ffd":7407.4,"ffs":0.5368,"g":67,"co":2,"mo":0,"sa":0,"ic":0},"geometry":{"type":"Polygon","coordinates":[[[-1.47345,53.69245],[-1.47204,53.69074],[-1.47098,53.68862],[-1.46977,53.68889],[-1.46911,53.68725],[-1.46922,53.68653],[-1.46748,53.68641],[-1.46856,53.6826],[-1.46993,53.68234],[-1.47306,53.68419],[-1.47484,53.68381],[-1.4749,53.68409],[-1.47348,53.68439],[-1.47246,53.68509],[-1.47362,53.68541],[-1.47394,53.68654],[-1.47334,53.68758],[-1.47673,53.6862],[-1.47676,53.68681],[-1.47851,53.68698],[-1.47938,53.68615],[-1.47919,53.68591],[-1.48095,53.68555],[-1.4812,53.68646],[-1.48061,53.68685],[-1.47926,53.68706],[-1.47919,53.68755],[-1.48014,53.68828],[-1.47831,53.68838],[-1.47871,53.68876],[-1.47967,53.68862],[-1.47906,53.68957],[-1.47642,53.69025],[-1.47599,53.69052],[-1.47644,53.69076],[-1.47766,53.69055],[-1.47798,53.69097],[-1.47728,53.69125],[-1.47645,53.69088],[-1.47592,53.69104],[-1.47528,53.69192],[-1.47459,53.69251],[-1.47345,53.69245]]]}},{"type":"Feature","properties":{"id":"E01011912","name":"E01011912","parent":"E08000036","type":"LSOA","pop":2125,"r":375,"ff":151,"ffd":7105.9,"ffs":0.5225,"g":83,"co":0,"mo":0,"sa":0,"ic":0},"geometry":{"type":"Polygon","coordinates":[[[-1.49348,53.68748],[-1.4939,53.68698],[-1.49504,53.68724],[-1.49521,53.68702],[-1.49423,53.68662],[-1.4966,53.686],[-1.49709,53.68518],[-1.49859,53.68542],[-1.49954,53.68616],[-1.50036,53.68581],[-1.50052,53.68668],[-1.50272,53.68901],[-1.50223,53.68923],[-1.50186,53.69062],[-1.50102,53.69135],[-1.50025,53.69452],[-1.49712,53.69409],[-1.49751,53.6931],[-1.49678,53.69157],[-1.49702,53.69126],[-1.49311,53.68974],[-1.49314,53.6893],[-1.49383,53.68906],[-1.49374,53.68863],[-1.49421,53.6884],[-1.49456,53.68781],[-1.49348,53.68748]]]}},{"type":"Feature","properties":{"id":"E01011913","name":"E01011913","parent":"E08000036","type":"LSOA","pop":2091,"r":342,"ff":138,"ffd":6599.7,"ffs":0.5328,"g":79,"co":0,"mo":0,"sa":0,"ic":0},"geometry":{"type":"Polygon","coordinates":[[[-1.48878,53.68696],[-1.48863,53.68656],[-1.489,53.68546],[-1.48847,53.68574],[-1.48759,53.68551],[-1.48654,53.68567],[-1.48501,53.6868],[-1.4843,53.68688],[-1.48332,53.68637],[-1.4833,53.68601],[-1.48556,53.68475],[-1.48555,53.68434],[-1.48599,53.68399],[-1.48685,53.68408],[-1.48722,53.68373],[-1.48761,53.68396],[-1.48863,53.68388],[-1.48856,53.68432],[-1.48917,53.68439],[-1.48971,53.68335],[-1.49077,53.68328],[-1.49069,53.68361],[-1.49122,53.68348],[-1.4921,53.68401],[-1.49221,53.68355],[-1.49475,53.68514],[-1.49402,53.6851],[-1.49383,53.68558],[-1.49482,53.68568],[-1.49538,53.6864],[-1.49423,53.68662],[-1.49521,53.68702],[-1.49504,53.68724],[-1.4939,53.68698],[-1.49348,53.68748],[-1.49456,53.68781],[-1.49421,53.6884],[-1.49374,53.68863],[-1.49383,53.68906],[-1.49314,53.6893],[-1.49311,53.68974],[-1.48797,53.68857],[-1.48825,53.68742],[-1.48878,53.68696]]]}},{"type":"Feature","properties":{"id":"E01011914","name":"E01011914","parent":"E08000036","type":"LSOA","pop":1609,"r":303,"ff":124,"ffd":7706.7,"ffs":0.5391,"g":70,"co":2,"mo":0,"sa":0,"ic":0},"geometry":{"type":"Polygon","coordinates":[[[-1.47394,53.68654],[-1.47362,53.68541],[-1.47246,53.68509],[-1.47348,53.68439],[-1.4749,53.68409],[-1.47484,53.68381],[-1.47306,53.68419],[-1.46993,53.68234],[-1.48009,53.68033],[-1.48101,53.68295],[-1.48251,53.68266],[-1.48177,53.68515],[-1.48219,53.68547],[-1.48363,53.68501],[-1.48334,53.68463],[-1.48416,53.68464],[-1.48414,53.68438],[-1.48481,53.68426],[-1.48555,53.68434],[-1.48556,53.68475],[-1.4833,53.68601],[-1.48332,53.68637],[-1.4812,53.68646],[-1.48095,53.68555],[-1.47919,53.68591],[-1.47938,53.68615],[-1.47851,53.68698],[-1.47676,53.68681],[-1.47673,53.6862],[-1.47334,53.68758],[-1.47394,53.68654]]]}},{"type":"Feature","properties":{"id":"E01011915","name":"E01011915","parent":"E08000036","type":"LSOA","pop":1742,"r":302,"ff":123,"ffd":7060.8,"ffs":0.5348,"g":70,"co":2,"mo":0,"sa":0,"ic":0},"geometry":{"type":"Polygon","coordinates":[[[-1.48177,53.68515],[-1.48251,53.68266],[-1.48101,53.68295],[-1.48009,53.68033],[-1.48645,53.67915],[-1.48603,53.68061],[-1.48765,53.6816],[-1.48887,53.68088],[-1.48944,53.68121],[-1.49025,53.68105],[-1.4907,53.68118],[-1.49048,53.68155],[-1.48941,53.68139],[-1.48869,53.68164],[-1.49029,53.682],[-1.49006,53.68333],[-1.48971,53.68335],[-1.48917,53.68439],[-1.48856,53.68432],[-1.48863,53.68388],[-1.48761,53.68396],[-1.48722,53.68373],[-1.48685,53.68408],[-1.48599,53.68399],[-1.48555,53.68434],[-1.48481,53.68426],[-1.48414,53.68438],[-1.48416,53.68464],[-1.48334,53.68463],[-1.48363,53.68501],[-1.48219,53.68547],[-1.48177,53.68515]]]}},{"type":"Feature","properties":{"id":"E01011917","name":"E01011917","parent":"E08000036","type":"LSOA","pop":2288,"r":308,"ff":126,"ffd":5507.0,"ffs":0.5272,"g":66,"co":2,"mo":0,"sa":0,"ic":0},"geometry":{"type":"Polygon","coordinates":[[[-1.46856,53.6826],[-1.47132,53.67642],[-1.47306,53.67543],[-1.47279,53.67458],[-1.46863,53.67146],[-1.46818,53.67063],[-1.47257,53.66871],[-1.47473,53.66926],[-1.47817,53.66709],[-1.47926,53.66795],[-1.4793,53.66826],[-1.47853,53.66845],[-1.47889,53.66963],[-1.47992,53.66909],[-1.48074,53.67041],[-1.48122,53.67062],[-1.482,53.67028],[-1.48145,53.66915],[-1.48209,53.66851],[-1.48271,53.67002],[-1.48362,53.67012],[-1.48427,53.67187],[-1.48344,53.67219],[-1.48276,53.67155],[-1.48239,53.67181],[-1.48339,53.67222],[-1.48282,53.67231],[-1.48416,53.67486],[-1.48404,53.67653],[-1.48102,53.67688],[-1.48138,53.67722],[-1.4793,53.678],[-1.47878,53.67756],[-1.47656,53.67763],[-1.47761,53.67865],[-1.47331,53.6804],[-1.47452,53.68109],[-1.47562,53.68088],[-1.47582,53.68119],[-1.46856,53.6826]]]}},{"type":"Feature","properties":{"id":"E01011918","name":"E01011918","parent":"E08000036","type":"LSOA","pop":2644,"r":502,"ff":205,"ffd":7753.4,"ffs":0.523,"g":107,"co":2,"mo":0,"sa":0,"ic":0},"geometry":{"type":"Polygon","coordinates":[[[-1.54282,53.68487],[-1.54139,53.68461],[-1.54052,53.68482],[-1.54059,53.68376],[-1.53873,53.68375],[-1.53499,53.68295],[-1.53312,53.68167],[-1.53325,53.68136],[-1.53419,53.68161],[-1.53522,53.68146],[-1.53466,53.6804],[-1.53313,53.68013],[-1.53298,53.67982],[-1.5343,53.67947],[-1.53622,53.67964],[-1.53692,53.67941],[-1.53705,53.67895],[-1.53782,53.6787],[-1.53591,53.67784],[-1.53478,53.67776],[-1.53509,53.67732],[-1.53592,53.67751],[-1.53635,53.6772],[-1.53525,53.67633],[-1.53635,53.67573],[-1.53738,53.67751],[-1.53878,53.67763],[-1.53888,53.67864],[-1.54136,53.67908],[-1.54148,53.67936],[-1.54329,53.67914],[-1.54214,53.67836],[-1.54064,53.67832],[-1.5407,53.67796],[-1.54169,53.67752],[-1.54081,53.67649],[-1.54133,53.67634],[-1.54043,53.67541],[-1.54094,53.67523],[-1.54228,53.67646],[-1.54329,53.67651],[-1.54442,53.67611],[-1.54539,53.67534],[-1.54567,53.67567],[-1.55233,53.67557],[-1.55397,53.67894],[-1.55421,53.67993],[-1.54953,53.68193],[-1.54505,53.68001],[-1.54282,53.68487]]]}},{"type":"Feature","properties":{"id":"E01011919","name":"E01011919","parent":"E08000036","type":"LSOA","pop":1975,"r":358,"ff":154,"ffd":7797.5,"ffs":0.5366,"g":68,"co":2,"mo":0,"sa":0,"ic":0},"geometry":{"type":"Polygon","coordinates":[[[-1.52395,53.68419],[-1.52193,53.68408],[-1.52147,53.68459],[-1.52074,53.6844],[-1.52051,53.6846],[-1.51955,53.68447],[-1.52087,53.68413],[-1.52135,53.68299],[-1.52092,53.68238],[-1.52173,53.68204],[-1.52059,53.68178],[-1.52015,53.68206],[-1.51909,53.68178],[-1.5179,53.68203],[-1.51787,53.68265],[-1.51748,53.68265],[-1.51716,53.68224],[-1.51471,53.68241],[-1.51411,53.68186],[-1.51284,53.68173],[-1.5133,53.68251],[-1.51286,53.68295],[-1.51156,53.6819],[-1.5123,53.68175],[-1.51233,53.68146],[-1.51284,53.68165],[-1.51595,53.6814],[-1.51614,53.68117],[-1.51499,53.68026],[-1.51504,53.67984],[-1.51615,53.68018],[-1.5174,53.68121],[-1.51779,53.68087],[-1.51728,53.68034],[-1.51792,53.6798],[-1.51524,53.67908],[-1.5233,53.67808],[-1.52696,53.67833],[-1.52596,53.67959],[-1.52691,53.68036],[-1.5267,53.68093],[-1.52764,53.68114],[-1.52625,53.68197],[-1.52553,53.68311],[-1.52541,53.68359],[-1.52591,53.68389],[-1.52564,53.68422],[-1.52469,53.68418],[-1.52424,53.68463],[-1.52439,53.68435],[-1.52395,53.68419]]]}},{"type":"Feature","properties":{"id":"E01011920","name":"E01011920","parent":"E08000036","type":"LSOA","pop":2977,"r":314,"ff":131,"ffd":4400.4,"ffs":0.5282,"g":63,"co":2,"mo":0,"sa":0,"ic":0},"geometry":{"type":"Polygon","coordinates":[[[-1.51098,53.6895],[-1.50972,53.68761],[-1.50845,53.68813],[-1.50872,53.68914],[-1.50802,53.6891],[-1.50715,53.68866],[-1.50685,53.6883],[-1.50742,53.68811],[-1.50671,53.68747],[-1.50565,53.68713],[-1.50589,53.68687],[-1.50624,53.68551],[-1.50387,53.68485],[-1.50303,53.6854],[-1.50222,53.68483],[-1.50036,53.68581],[-1.49936,53.68416],[-1.4987,53.68382],[-1.49796,53.68386],[-1.49769,53.68352],[-1.49766,53.68267],[-1.50003,53.68236],[-1.5049,53.68132],[-1.51306,53.67935],[-1.51524,53.67908],[-1.51792,53.6798],[-1.51728,53.68034],[-1.51779,53.68087],[-1.5174,53.68121],[-1.51615,53.68018],[-1.51504,53.67984],[-1.51499,53.68026],[-1.51614,53.68117],[-1.51595,53.6814],[-1.51284,53.68165],[-1.51233,53.68146],[-1.5123,53.68175],[-1.51156,53.6819],[-1.51286,53.68295],[-1.51211,53.68337],[-1.5137,53.68398],[-1.5133,53.6847],[-1.5127,53.68484],[-1.51306,53.68584],[-1.51146,53.68714],[-1.51199,53.68769],[-1.51521,53.6887],[-1.5148,53.68934],[-1.51146,53.68893],[-1.51189,53.68966],[-1.51121,53.68985],[-1.51098,53.6895]]]}},{"type":"Feature","properties":{"id":"E01011921","name":"E01011921","parent":"E08000036","type":"LSOA","pop":1518,"r":437,"ff":180,"ffd":11857.7,"ffs":0.5187,"g":87,"co":2,"mo":0,"sa":0,"ic":0},"geometry":{"type":"Polygon","coordinates":[[[-1.52553,53.68311],[-1.52625,53.68197],[-1.52764,53.68114],[-1.5267,53.68093],[-1.52691,53.68036],[-1.52596,53.67959],[-1.52696,53.67833],[-1.52863,53.67841],[-1.52863,53.67764],[-1.5312,53.67735],[-1.53472,53.67609],[-1.53635,53.6772],[-1.53592,53.67751],[-1.53509,53.67732],[-1.53478,53.67776],[-1.53591,53.67784],[-1.53782,53.6787],[-1.53705,53.67895],[-1.53692,53.67941],[-1.53622,53.67964],[-1.5343,53.67947],[-1.53298,53.67982],[-1.53313,53.68013],[-1.53466,53.6804],[-1.53522,53.68146],[-1.53419,53.68161],[-1.53325,53.68136],[-1.53312,53.68167],[-1.53154,53.68202],[-1.52853,53.6818],[-1.52842,53.68275],[-1.52944,53.68238],[-1.52913,53.68285],[-1.52666,53.68356],[-1.52684,53.68417],[-1.52541,53.68359],[-1.52553,53.68311]]]}},{"type":"Feature","properties":{"id":"E01011922","name":"E01011922","parent":"E08000036","type":"LSOA","pop":1396,"r":477,"ff":197,"ffd":14111.7,"ffs":0.5239,"g":98,"co":2,"mo":0,"sa":0,"ic":0},"geometry":{"type":"Polygon","coordinates":[[[-1.53718,53.67714],[-1.53635,53.67573],[-1.53525,53.67633],[-1.53472,53.67609],[-1.53576,53.6755],[-1.5397,53.67473],[-1.53949,53.67444],[-1.54591,53.67291],[-1.55006,53.67286],[-1.55233,53.67557],[-1.54567,53.67567],[-1.54539,53.67534],[-1.54442,53.67611],[-1.54329,53.67651],[-1.54228,53.67646],[-1.54094,53.67523],[-1.54043,53.67541],[-1.54133,53.67634],[-1.54081,53.67649],[-1.54169,53.67752],[-1.5407,53.67796],[-1.54064,53.67832],[-1.54214,53.67836],[-1.54329,53.67914],[-1.54148,53.67936],[-1.54136,53.67908],[-1.53888,53.67864],[-1.53878,53.67763],[-1.53738,53.67751],[-1.53718,53.67714]]]}},{"type":"Feature","properties":{"id":"E01011923","name":"E01011923","parent":"E08000036","type":"LSOA","pop":1710,"r":457,"ff":180,"ffd":10526.3,"ffs":0.507,"g":99,"co":0,"mo":0,"sa":0,"ic":0},"geometry":{"type":"Polygon","coordinates":[[[-1.50025,53.69452],[-1.50102,53.69135],[-1.50186,53.69062],[-1.50223,53.68923],[-1.50272,53.68901],[-1.50052,53.68668],[-1.50036,53.68581],[-1.50222,53.68483],[-1.50303,53.6854],[-1.50387,53.68485],[-1.50624,53.68551],[-1.50589,53.68687],[-1.50565,53.68713],[-1.50671,53.68747],[-1.50742,53.68811],[-1.50685,53.6883],[-1.50715,53.68866],[-1.50802,53.6891],[-1.50872,53.68914],[-1.50845,53.68813],[-1.50972,53.68761],[-1.51098,53.6895],[-1.51022,53.68982],[-1.50998,53.69075],[-1.51189,53.69227],[-1.51102,53.69255],[-1.51001,53.69234],[-1.50845,53.69131],[-1.50795,53.69151],[-1.50822,53.69199],[-1.51113,53.69308],[-1.51072,53.69324],[-1.51142,53.69369],[-1.51135,53.69403],[-1.51102,53.69388],[-1.51082,53.6942],[-1.50823,53.69403],[-1.50659,53.6943],[-1.50487,53.69376],[-1.50334,53.69514],[-1.50087,53.69492],[-1.50103,53.69461],[-1.50025,53.69452]]]}},{"type":"Feature","properties":{"id":"E01011924","name":"E01011924","parent":"E08000036","type":"LSOA","pop":1798,"r":350,"ff":149,"ffd":8287.0,"ffs":0.5341,"g":68,"co":2,"mo":0,"sa":0,"ic":0},"geometry":{"type":"Polygon","coordinates":[[[-1.51082,53.6942],[-1.51102,53.69388],[-1.51135,53.69403],[-1.51142,53.69369],[-1.51072,53.69324],[-1.51113,53.69308],[-1.50822,53.69199],[-1.50795,53.69151],[-1.50845,53.69131],[-1.51001,53.69234],[-1.51102,53.69255],[-1.51189,53.69227],[-1.50998,53.69075],[-1.51022,53.68982],[-1.51098,53.6895],[-1.51121,53.68985],[-1.51189,53.68966],[-1.51146,53.68893],[-1.5148,53.68934],[-1.51521,53.6887],[-1.51199,53.68769],[-1.51146,53.68714],[-1.51306,53.68584],[-1.51383,53.68592],[-1.51493,53.68552],[-1.51465,53.68483],[-1.51617,53.68474],[-1.51607,53.68399],[-1.51673,53.68413],[-1.51768,53.68381],[-1.51818,53.68435],[-1.51729,53.68472],[-1.51776,53.68471],[-1.51818,53.68531],[-1.5196,53.68547],[-1.518,53.68612],[-1.51646,53.68649],[-1.51661,53.68699],[-1.5158,53.68719],[-1.51597,53.68757],[-1.51576,53.688],[-1.5169,53.68828],[-1.51692,53.68862],[-1.51784,53.6889],[-1.51834,53.68947],[-1.51922,53.68955],[-1.5201,53.69056],[-1.51711,53.69167],[-1.51156,53.69417],[-1.51082,53.6942]]]}},{"type":"Feature","properties":{"id":"E01011925","name":"E01011925","parent":"E08000036","type":"LSOA","pop":1752,"r":362,"ff":156,"ffd":8904.1,"ffs":0.5398,"g":70,"co":2,"mo":0,"sa":0,"ic":0},"geometry":{"type":"Polygon","coordinates":[[[-1.51922,53.68955],[-1.51834,53.68947],[-1.51784,53.6889],[-1.51692,53.68862],[-1.5169,53.68828],[-1.51576,53.688],[-1.51597,53.68757],[-1.5158,53.68719],[-1.51661,53.68699],[-1.51646,53.68649],[-1.518,53.68612],[-1.5196,53.68547],[-1.52096,53.68625],[-1.52373,53.68689],[-1.52416,53.68677],[-1.52471,53.68715],[-1.52513,53.68674],[-1.52767,53.68778],[-1.52294,53.68959],[-1.52209,53.68954],[-1.5201,53.69056],[-1.51922,53.68955]]]}},{"type":"Feature","properties":{"id":"E01011926","name":"E01011926","parent":"E08000036","type":"LSOA","pop":1923,"r":366,"ff":157,"ffd":8164.3,"ffs":0.5377,"g":71,"co":2,"mo":0,"sa":0,"ic":0},"geometry":{"type":"Polygon","coordinates":[[[-1.51818,53.68531],[-1.51776,53.68471],[-1.51729,53.68472],[-1.51818,53.68435],[-1.51768,53.68381],[-1.51673,53.68413],[-1.51607,53.68399],[-1.51617,53.68474],[-1.51465,53.68483],[-1.51493,53.68552],[-1.51383,53.68592],[-1.51306,53.68584],[-1.5127,53.68484],[-1.5133,53.6847],[-1.5137,53.68398],[-1.51211,53.68337],[-1.5133,53.68251],[-1.51284,53.68173],[-1.51411,53.68186],[-1.51471,53.68241],[-1.51716,53.68224],[-1.51748,53.68265],[-1.51787,53.68265],[-1.5179,53.68203],[-1.51909,53.68178],[-1.52015,53.68206],[-1.52059,53.68178],[-1.52173,53.68204],[-1.52092,53.68238],[-1.52135,53.68299],[-1.52087,53.68413],[-1.51955,53.68447],[-1.52051,53.6846],[-1.52074,53.6844],[-1.52147,53.68459],[-1.52193,53.68408],[-1.52395,53.68419],[-1.52439,53.68435],[-1.52379,53.6851],[-1.52487,53.68514],[-1.52373,53.68689],[-1.52096,53.68625],[-1.51959,53.68544],[-1.51818,53.68531]]]}},{"type":"Feature","properties":{"id":"E01011927","name":"E01011927","parent":"E08000036","type":"LSOA","pop":1475,"r":398,"ff":172,"ffd":11661.0,"ffs":0.5409,"g":77,"co":2,"mo":0,"sa":0,"ic":0},"geometry":{"type":"Polygon","coordinates":[[[-1.5274,53.68763],[-1.52513,53.68674],[-1.52471,53.68715],[-1.52416,53.68677],[-1.52373,53.68689],[-1.52487,53.68514],[-1.52379,53.6851],[-1.52469,53.68418],[-1.52564,53.68422],[-1.52591,53.68389],[-1.52684,53.68417],[-1.52666,53.68356],[-1.52913,53.68285],[-1.52944,53.68238],[-1.52842,53.68275],[-1.52853,53.6818],[-1.53154,53.68202],[-1.53312,53.68167],[-1.53499,53.68295],[-1.53873,53.68375],[-1.54059,53.68376],[-1.54052,53.68482],[-1.54139,53.68461],[-1.54282,53.68487],[-1.54162,53.68677],[-1.53371,53.68639],[-1.53374,53.68676],[-1.53131,53.68731],[-1.52981,53.68605],[-1.5274,53.68763]]]}},{"type":"Feature","properties":{"id":"E01011928","name":"E01011928","parent":"E08000036","type":"LSOA","pop":1277,"r":190,"ff":75,"ffd":5873.1,"ffs":0.5682,"g":55,"co":0,"mo":2,"sa":0,"ic":0},"geometry":{"type":"Polygon","coordinates":[[[-1.59977,53.65136],[-1.59919,53.65101],[-1.59792,53.65124],[-1.59757,53.65087],[-1.59856,53.65053],[-1.59761,53.65035],[-1.59722,53.64994],[-1.59716,53.64894],[-1.59891,53.64765],[-1.59955,53.64776],[-1.60024,53.64737],[-1.60021,53.64671],[-1.60629,53.64353],[-1.60681,53.64473],[-1.60808,53.64574],[-1.60833,53.64552],[-1.60956,53.64595],[-1.61117,53.64602],[-1.61044,53.64518],[-1.6124,53.64393],[-1.61306,53.64498],[-1.61422,53.64448],[-1.61624,53.64422],[-1.61764,53.64329],[-1.61796,53.64398],[-1.61579,53.64573],[-1.61386,53.64622],[-1.6135,53.64734],[-1.60988,53.64894],[-1.60792,53.64772],[-1.60834,53.64711],[-1.60708,53.64728],[-1.60781,53.64762],[-1.60725,53.64774],[-1.60777,53.64821],[-1.60711,53.64866],[-1.60751,53.64917],[-1.60478,53.65005],[-1.60233,53.65037],[-1.60179,53.64983],[-1.60138,53.64998],[-1.60165,53.65059],[-1.59977,53.65136]]]}},{"type":"Feature","properties":{"id":"E01011929","name":"E01011929","parent":"E08000036","type":"LSOA","pop":2352,"r":304,"ff":129,"ffd":5484.7,"ffs":0.542,"g":63,"co":0,"mo":2,"sa":0,"ic":0},"geometry":{"type":"Polygon","coordinates":[[[-1.5279,53.65283],[-1.52618,53.65105],[-1.52576,53.65115],[-1.52487,53.65083],[-1.52354,53.65118],[-1.52518,53.64987],[-1.52458,53.64924],[-1.52456,53.64899],[-1.52589,53.6485],[-1.52527,53.64775],[-1.52217,53.64807],[-1.5191,53.64708],[-1.52236,53.64668],[-1.52527,53.64504],[-1.52593,53.64498],[-1.52572,53.64401],[-1.52637,53.64293],[-1.52818,53.6427],[-1.52754,53.64252],[-1.52842,53.64207],[-1.52872,53.64261],[-1.52989,53.64232],[-1.5303,53.6433],[-1.53301,53.64405],[-1.53443,53.64254],[-1.53858,53.64368],[-1.53627,53.64599],[-1.53524,53.64534],[-1.5348,53.64547],[-1.53377,53.64516],[-1.53224,53.64633],[-1.53289,53.64719],[-1.53345,53.64756],[-1.53427,53.64745],[-1.53393,53.64799],[-1.53584,53.64767],[-1.53633,53.64792],[-1.54043,53.64712],[-1.53972,53.64755],[-1.5399,53.64813],[-1.53866,53.64843],[-1.53763,53.64917],[-1.5354,53.64994],[-1.53345,53.65118],[-1.5334,53.65171],[-1.52865,53.65629],[-1.52795,53.65464],[-1.5279,53.65283]]]}},{"type":"Feature","properties":{"id":"E01011930","name":"E01011930","parent":"E08000036","type":"LSOA","pop":1642,"r":280,"ff":115,"ffd":7003.7,"ffs":0.5374,"g":63,"co":0,"mo":2,"sa":0,"ic":0},"geometry":{"type":"Polygon","coordinates":[[[-1.5399,53.64813],[-1.53972,53.64755],[-1.54043,53.64712],[-1.53633,53.64792],[-1.53584,53.64767],[-1.53393,53.64799],[-1.53427,53.64745],[-1.53345,53.64756],[-1.53289,53.64719],[-1.53224,53.64633],[-1.53377,53.64516],[-1.5348,53.64547],[-1.53524,53.64534],[-1.53627,53.64599],[-1.53858,53.64368],[-1.53443,53.64254],[-1.53301,53.64405],[-1.5303,53.6433],[-1.52989,53.64232],[-1.52872,53.64261],[-1.52836,53.64179],[-1.52639,53.6423],[-1.52578,53.64238],[-1.52636,53.64225],[-1.52707,53.64056],[-1.52793,53.64058],[-1.52879,53.6397],[-1.52771,53.63914],[-1.52831,53.63865],[-1.5291,53.6387],[-1.53002,53.63957],[-1.53115,53.6396],[-1.53159,53.63946],[-1.53133,53.63923],[-1.5333,53.63867],[-1.53304,53.63845],[-1.53356,53.63828],[-1.53476,53.63996],[-1.53456,53.64048],[-1.53666,53.63993],[-1.53925,53.63738],[-1.53988,53.63789],[-1.54083,53.63771],[-1.5403,53.63833],[-1.54153,53.63877],[-1.54445,53.63824],[-1.54502,53.63917],[-1.54672,53.63951],[-1.54742,53.64056],[-1.54698,53.64219],[-1.54772,53.6423],[-1.54797,53.6425],[-1.54743,53.64275],[-1.54724,53.64341],[-1.54826,53.64426],[-1.54745,53.6446],[-1.54776,53.64506],[-1.54686,53.64609],[-1.54732,53.64621],[-1.54636,53.64705],[-1.5466,53.64728],[-1.54487,53.64798],[-1.54155,53.64769],[-1.5399,53.64813]]]}},{"type":"Feature","properties":{"id":"E01011931","name":"E01011931","parent":"E08000036","type":"LSOA","pop":1354,"r":207,"ff":85,"ffd":6277.7,"ffs":0.5862,"g":59,"co":0,"mo":2,"sa":0,"ic":0},"geometry":{"type":"Polygon","coordinates":[[[-1.58178,53.64803],[-1.57898,53.64725],[-1.57766,53.64716],[-1.57661,53.6476],[-1.57333,53.64529],[-1.57325,53.64638],[-1.57385,53.64725],[-1.57285,53.64762],[-1.5718,53.6475],[-1.57026,53.64663],[-1.56894,53.64388],[-1.57184,53.64309],[-1.57545,53.6429],[-1.57756,53.6436],[-1.5771,53.64391],[-1.57743,53.64409],[-1.57788,53.6438],[-1.57927,53.6436],[-1.57943,53.64381],[-1.58037,53.64351],[-1.58142,53.64282],[-1.58145,53.64212],[-1.58051,53.64227],[-1.58052,53.64175],[-1.58012,53.64175],[-1.58018,53.64201],[-1.57954,53.64192],[-1.57958,53.64083],[-1.58174,53.64031],[-1.58437,53.64026],[-1.58544,53.63937],[-1.59435,53.6393],[-1.59364,53.64046],[-1.59243,53.64092],[-1.59228,53.64457],[-1.59044,53.64534],[-1.59036,53.64606],[-1.58974,53.64606],[-1.58805,53.64777],[-1.58756,53.64796],[-1.58663,53.64748],[-1.58502,53.64729],[-1.5843,53.64797],[-1.58178,53.64803]]]}},{"type":"Feature","properties":{"id":"E01011932","name":"E01011932","parent":"E08000036","type":"LSOA","pop":1400,"r":235,"ff":94,"ffd":6714.3,"ffs":0.5497,"g":61,"co":0,"mo":2,"sa":0,"ic":0},"geometry":{"type":"Polygon","coordinates":[[[-1.57953,53.65726],[-1.57565,53.65685],[-1.56851,53.65695],[-1.56604,53.65657],[-1.56161,53.65487],[-1.56131,53.65337],[-1.56039,53.65264],[-1.55875,53.65225],[-1.55597,53.65216],[-1.55349,53.65272],[-1.54961,53.65245],[-1.54872,53.65152],[-1.55019,53.65008],[-1.54999,53.64948],[-1.54763,53.64915],[-1.54517,53.64996],[-1.54215,53.6503],[-1.54145,53.64861],[-1.54064,53.64802],[-1.54155,53.64769],[-1.54487,53.64798],[-1.5466,53.64728],[-1.54636,53.64705],[-1.54732,53.64621],[-1.54686,53.64609],[-1.54776,53.64506],[-1.54745,53.6446],[-1.54826,53.64426],[-1.54724,53.64341],[-1.54743,53.64275],[-1.54797,53.6425],[-1.54772,53.6423],[-1.55024,53.64117],[-1.55227,53.64092],[-1.55262,53.64048],[-1.55651,53.64004],[-1.55709,53.64033],[-1.55752,53.64007],[-1.55909,53.64016],[-1.5604,53.63985],[-1.56279,53.6399],[-1.56385,53.63955],[-1.5649,53.63985],[-1.56605,53.63979],[-1.56895,53.63829],[-1.57176,53.63619],[-1.57835,53.63765],[-1.57803,53.63878],[-1.57958,53.64083],[-1.57954,53.64192],[-1.58018,53.64201],[-1.58012,53.64175],[-1.58052,53.64175],[-1.58051,53.64227],[-1.58145,53.64212],[-1.58142,53.64282],[-1.58037,53.64351],[-1.57943,53.64381],[-1.57927,53.6436],[-1.57788,53.6438],[-1.57743,53.64409],[-1.5771,53.64391],[-1.57756,53.6436],[-1.57545,53.6429],[-1.57184,53.64309],[-1.56894,53.64388],[-1.57026,53.64663],[-1.5718,53.6475],[-1.57285,53.64762],[-1.57385,53.64725],[-1.57325,53.64638],[-1.57333,53.64529],[-1.57661,53.6476],[-1.57766,53.64716],[-1.57898,53.64725],[-1.58178,53.64803],[-1.5843,53.64797],[-1.58577,53.65069],[-1.58476,53.65219],[-1.5843,53.65216],[-1.586,53.65262],[-1.58545,53.65302],[-1.58485,53.65466],[-1.58368,53.65547],[-1.5821,53.65584],[-1.58383,53.65671],[-1.58365,53.65754],[-1.58153,53.65704],[-1.58046,53.65767],[-1.57953,53.65726]]]}},{"type":"Feature","properties":{"id":"E01011933","name":"E01011933","parent":"E08000036","type":"LSOA","pop":1628,"r":242,"ff":93,"ffd":5712.5,"ffs":0.5167,"g":59,"co":0,"mo":2,"sa":0,"ic":0},"geometry":{"type":"Polygon","coordinates":[[[-1.54502,53.63917],[-1.54445,53.63824],[-1.54153,53.63877],[-1.5403,53.63833],[-1.54083,53.63771],[-1.53988,53.63789],[-1.53925,53.63738],[-1.53666,53.63993],[-1.53456,53.64048],[-1.53476,53.63996],[-1.53356,53.63828],[-1.53304,53.63845],[-1.5333,53.63867],[-1.53133,53.63923],[-1.53159,53.63946],[-1.53115,53.6396],[-1.53002,53.63957],[-1.5291,53.6387],[-1.52831,53.63865],[-1.52843,53.63836],[-1.52693,53.6387],[-1.52598,53.63802],[-1.52704,53.63769],[-1.5268,53.63734],[-1.52738,53.63714],[-1.52612,53.63573],[-1.52537,53.63539],[-1.52483,53.63432],[-1.52329,53.63387],[-1.52359,53.63337],[-1.52328,53.63317],[-1.52397,53.63322],[-1.52429,53.63289],[-1.52346,53.63207],[-1.52549,53.63123],[-1.52495,53.63047],[-1.52417,53.6299],[-1.52175,53.62729],[-1.52017,53.62671],[-1.51857,53.62575],[-1.52011,53.62585],[-1.52054,53.62504],[-1.52478,53.62482],[-1.53113,53.62317],[-1.53647,53.62049],[-1.53924,53.62249],[-1.54246,53.62423],[-1.54401,53.62472],[-1.54522,53.62605],[-1.54583,53.62765],[-1.54641,53.62779],[-1.54676,53.62744],[-1.54806,53.6279],[-1.55134,53.63102],[-1.55325,53.63149],[-1.5541,53.63214],[-1.55484,53.63376],[-1.55912,53.63841],[-1.55651,53.64004],[-1.55262,53.64048],[-1.55227,53.64092],[-1.55024,53.64117],[-1.54772,53.6423],[-1.54698,53.64219],[-1.54742,53.64056],[-1.54672,53.63951],[-1.54502,53.63917]]]}},{"type":"Feature","properties":{"id":"E01011934","name":"E01011934","parent":"E08000036","type":"LSOA","pop":1586,"r":287,"ff":118,"ffd":7440.1,"ffs":0.5364,"g":64,"co":0,"mo":2,"sa":0,"ic":0},"geometry":{"type":"Polygon","coordinates":[[[-1.52189,53.6428],[-1.52078,53.64161],[-1.51723,53.63889],[-1.51705,53.6377],[-1.5157,53.63646],[-1.51199,53.63739],[-1.51122,53.63774],[-1.50941,53.63913],[-1.50868,53.64035],[-1.50809,53.64066],[-1.50512,53.64152],[-1.50007,53.64189],[-1.50042,53.64151],[-1.5004,53.6406],[-1.49941,53.64003],[-1.49954,53.63875],[-1.49877,53.63813],[-1.49906,53.63784],[-1.49551,53.63603],[-1.49391,53.63176],[-1.49206,53.63026],[-1.49182,53.62893],[-1.4944,53.62837],[-1.49821,53.62611],[-1.50215,53.62796],[-1.50316,53.63323],[-1.50543,53.633],[-1.50806,53.63182],[-1.50853,53.63126],[-1.50834,53.6308],[-1.51172,53.6323],[-1.5139,53.63128],[-1.51339,53.63316],[-1.5137,53.63347],[-1.51595,53.63372],[-1.51664,53.63412],[-1.51769,53.63382],[-1.51831,53.63431],[-1.51846,53.63489],[-1.51991,53.63461],[-1.51969,53.63507],[-1.52004,53.63526],[-1.51887,53.63546],[-1.52094,53.63619],[-1.52266,53.63742],[-1.52455,53.63607],[-1.52612,53.63573],[-1.52738,53.63714],[-1.5268,53.63734],[-1.52704,53.63769],[-1.52598,53.63802],[-1.52693,53.6387],[-1.52843,53.63836],[-1.52771,53.63914],[-1.52879,53.6397],[-1.52793,53.64058],[-1.52707,53.64056],[-1.52636,53.64225],[-1.52578,53.64238],[-1.52639,53.6423],[-1.52836,53.64179],[-1.52842,53.64207],[-1.52754,53.64252],[-1.52818,53.6427],[-1.52637,53.64293],[-1.52572,53.64401],[-1.52593,53.64498],[-1.52527,53.64504],[-1.52387,53.64586],[-1.5219,53.64404],[-1.52255,53.64367],[-1.52189,53.6428]]]}},{"type":"Feature","properties":{"id":"E01011935","name":"E01011935","parent":"E08000036","type":"LSOA","pop":2075,"r":147,"ff":50,"ffd":2409.6,"ffs":0.5376,"g":54,"co":0,"mo":0,"sa":0,"ic":0},"geometry":{"type":"Polygon","coordinates":[[[-1.55709,53.64033],[-1.55651,53.64004],[-1.55912,53.63841],[-1.55484,53.63376],[-1.5541,53.63214],[-1.55325,53.63149],[-1.55134,53.63102],[-1.54806,53.6279],[-1.54676,53.62744],[-1.54641,53.62779],[-1.54583,53.62765],[-1.54522,53.62605],[-1.54401,53.62472],[-1.54246,53.62423],[-1.53924,53.62249],[-1.53647,53.62049],[-1.53113,53.62317],[-1.52478,53.62482],[-1.52054,53.62504],[-1.52011,53.62585],[-1.51687,53.62578],[-1.51358,53.62653],[-1.51013,53.6265],[-1.50915,53.62604],[-1.51055,53.62563],[-1.51074,53.62475],[-1.51219,53.6241],[-1.51067,53.62355],[-1.50891,53.62353],[-1.50811,53.62315],[-1.5089,53.62223],[-1.5032,53.62218],[-1.49997,53.62093],[-1.49994,53.6192],[-1.49588,53.61865],[-1.49561,53.61838],[-1.4935,53.61855],[-1.4905,53.61831],[-1.49018,53.61649],[-1.49452,53.61435],[-1.4962,53.61324],[-1.49754,53.61104],[-1.49594,53.6076],[-1.49549,53.60757],[-1.49516,53.6051],[-1.49596,53.60484],[-1.49676,53.60386],[-1.49657,53.60299],[-1.50148,53.59988],[-1.50721,53.59771],[-1.50832,53.5982],[-1.5104,53.59748],[-1.5098,53.59701],[-1.51041,53.59686],[-1.51087,53.59719],[-1.51298,53.59701],[-1.51589,53.59794],[-1.51631,53.59773],[-1.51868,53.59971],[-1.52441,53.59771],[-1.5284,53.59697],[-1.5298,53.59462],[-1.52989,53.59407],[-1.53108,53.59381],[-1.53027,53.59334],[-1.53079,53.59315],[-1.53214,53.59377],[-1.53474,53.59393],[-1.53614,53.59363],[-1.53629,53.59457],[-1.53694,53.59482],[-1.53662,53.59528],[-1.53801,53.59533],[-1.53923,53.59647],[-1.53981,53.59659],[-1.53987,53.59749],[-1.54108,53.59771],[-1.54182,53.59829],[-1.54152,53.59875],[-1.54241,53.59848],[-1.54302,53.59933],[-1.54472,53.5995],[-1.54639,53.60119],[-1.54673,53.60236],[-1.54765,53.60239],[-1.54735,53.60319],[-1.54812,53.60343],[-1.54917,53.60315],[-1.54989,53.60408],[-1.55435,53.605],[-1.55718,53.60522],[-1.5576,53.60591],[-1.55873,53.60688],[-1.56004,53.60674],[-1.55981,53.60722],[-1.56047,53.60757],[-1.56345,53.60769],[-1.56466,53.60698],[-1.56617,53.6067],[-1.57193,53.60861],[-1.57705,53.60756],[-1.5819,53.6058],[-1.58355,53.60566],[-1.58454,53.60591],[-1.58645,53.60717],[-1.58618,53.60843],[-1.58688,53.60896],[-1.58672,53.61033],[-1.58843,53.6112],[-1.59008,53.61334],[-1.59162,53.61406],[-1.59191,53.61465],[-1.59466,53.61558],[-1.59427,53.61615],[-1.5949,53.61607],[-1.59585,53.61643],[-1.59577,53.61688],[-1.59756,53.61711],[-1.59619,53.62173],[-1.5897,53.62506],[-1.58724,53.62692],[-1.58636,53.62683],[-1.58306,53.62892],[-1.58236,53.62991],[-1.57942,53.63123],[-1.57991,53.6323],[-1.57951,53.63311],[-1.57753,53.63464],[-1.57482,53.63534],[-1.57346,53.63511],[-1.56895,53.63829],[-1.56605,53.63979],[-1.5649,53.63985],[-1.56385,53.63955],[-1.56279,53.6399],[-1.5604,53.63985],[-1.55909,53.64016],[-1.55752,53.64007],[-1.55709,53.64033]]]}},{"type":"Feature","properties":{"id":"E01011936","name":"E01011936","parent":"E08000036","type":"LSOA","pop":1619,"r":216,"ff":85,"ffd":5250.2,"ffs":0.538,"g":55,"co":0,"mo":2,"sa":2,"ic":0},"geometry":{"type":"Polygon","coordinates":[[[-1.51969,53.63507],[-1.51991,53.63461],[-1.51846,53.63489],[-1.51831,53.63431],[-1.51769,53.63382],[-1.51664,53.63412],[-1.51595,53.63372],[-1.5137,53.63347],[-1.51339,53.63316],[-1.5139,53.63128],[-1.51172,53.6323],[-1.50834,53.6308],[-1.50853,53.63126],[-1.50806,53.63182],[-1.50543,53.633],[-1.50316,53.63323],[-1.50215,53.62796],[-1.49821,53.62611],[-1.49945,53.62514],[-1.49963,53.6245],[-1.50035,53.62421],[-1.50177,53.62438],[-1.50568,53.62607],[-1.50915,53.62604],[-1.51013,53.6265],[-1.51358,53.62653],[-1.51687,53.62578],[-1.51857,53.62575],[-1.52017,53.62671],[-1.52175,53.62729],[-1.52417,53.6299],[-1.52495,53.63047],[-1.52549,53.63123],[-1.52346,53.63207],[-1.52429,53.63289],[-1.52397,53.63322],[-1.52328,53.63317],[-1.52359,53.63337],[-1.52329,53.63387],[-1.52483,53.63432],[-1.52537,53.63539],[-1.52612,53.63573],[-1.52455,53.63607],[-1.52266,53.63742],[-1.52094,53.63619],[-1.51887,53.63546],[-1.52004,53.63526],[-1.51969,53.63507]]]}},{"type":"Feature","properties":{"id":"E01011937","name":"E01011937","parent":"E08000036","type":"LSOA","pop":1298,"r":404,"ff":160,"ffd":12326.7,"ffs":0.5128,"g":89,"co":0,"mo":2,"sa":0,"ic":0},"geometry":{"type":"Polygon","coordinates":[[[-1.50783,53.65125],[-1.50795,53.6508],[-1.50743,53.64971],[-1.51258,53.64855],[-1.51291,53.64882],[-1.5191,53.64708],[-1.52217,53.64807],[-1.52527,53.64775],[-1.52589,53.6485],[-1.52456,53.64899],[-1.52458,53.64924],[-1.52518,53.64987],[-1.52354,53.65118],[-1.52487,53.65083],[-1.52576,53.65115],[-1.52618,53.65105],[-1.5279,53.65283],[-1.52795,53.65464],[-1.52865,53.65629],[-1.52319,53.66065],[-1.52108,53.66197],[-1.51479,53.66384],[-1.51329,53.66408],[-1.51073,53.66381],[-1.50416,53.66223],[-1.50129,53.66205],[-1.50167,53.65993],[-1.5012,53.65722],[-1.50228,53.65626],[-1.502,53.655],[-1.5028,53.65436],[-1.50373,53.65435],[-1.50382,53.65309],[-1.50648,53.65282],[-1.50694,53.65151],[-1.50783,53.65125]]]}},{"type":"Feature","properties":{"id":"E01011938","name":"E01011938","parent":"E08000036","type":"LSOA","pop":1628,"r":209,"ff":84,"ffd":5159.7,"ffs":0.5638,"g":57,"co":0,"mo":2,"sa":0,"ic":0},"geometry":{"type":"Polygon","coordinates":[[[-1.59084,53.66047],[-1.58593,53.65821],[-1.58365,53.65754],[-1.58383,53.65671],[-1.5821,53.65584],[-1.58368,53.65547],[-1.58485,53.65466],[-1.58545,53.65302],[-1.586,53.65262],[-1.5843,53.65216],[-1.58476,53.65219],[-1.58577,53.65069],[-1.5843,53.64797],[-1.58502,53.64729],[-1.58663,53.64748],[-1.58756,53.64796],[-1.58805,53.64777],[-1.58974,53.64606],[-1.59036,53.64606],[-1.59044,53.64534],[-1.59228,53.64457],[-1.59243,53.64092],[-1.59364,53.64046],[-1.59435,53.6393],[-1.58544,53.63937],[-1.58437,53.64026],[-1.58174,53.64031],[-1.57958,53.64083],[-1.57803,53.63878],[-1.57835,53.63765],[-1.57176,53.63619],[-1.57346,53.63511],[-1.57482,53.63534],[-1.57753,53.63464],[-1.57951,53.63311],[-1.57991,53.6323],[-1.57942,53.63123],[-1.58236,53.62991],[-1.58306,53.62892],[-1.58636,53.62683],[-1.58724,53.62692],[-1.5897,53.62506],[-1.59619,53.62173],[-1.59756,53.61711],[-1.5992,53.61743],[-1.6007,53.61817],[-1.60179,53.61804],[-1.60176,53.61763],[-1.60231,53.61742],[-1.60252,53.61815],[-1.60309,53.61806],[-1.60421,53.61865],[-1.60541,53.61869],[-1.60604,53.61954],[-1.60751,53.61961],[-1.60825,53.62153],[-1.60999,53.62286],[-1.61148,53.62337],[-1.61188,53.62396],[-1.61369,53.62466],[-1.61451,53.62594],[-1.61192,53.62677],[-1.6103,53.62795],[-1.61568,53.63026],[-1.6156,53.63187],[-1.61222,53.63274],[-1.61358,53.63378],[-1.61586,53.63474],[-1.61728,53.63776],[-1.61944,53.63914],[-1.62212,53.63738],[-1.62268,53.63792],[-1.62321,53.63811],[-1.6237,53.63937],[-1.6227,53.64141],[-1.62275,53.6422],[-1.62224,53.64293],[-1.62113,53.64347],[-1.61925,53.64637],[-1.62087,53.6478],[-1.62175,53.64939],[-1.62164,53.65006],[-1.6225,53.65102],[-1.62338,53.65138],[-1.62398,53.65307],[-1.62482,53.65356],[-1.6247,53.65399],[-1.62327,53.65406],[-1.62313,53.65436],[-1.62161,53.65467],[-1.62132,53.65534],[-1.61782,53.65538],[-1.61677,53.65572],[-1.61104,53.65623],[-1.61031,53.65691],[-1.6063,53.65704],[-1.60613,53.6573],[-1.60324,53.658],[-1.60024,53.65825],[-1.60027,53.65863],[-1.59954,53.65862],[-1.59948,53.65831],[-1.59848,53.6584],[-1.59666,53.65884],[-1.5953,53.65982],[-1.59256,53.65909],[-1.59187,53.66079],[-1.59084,53.66047]],[[-1.60165,53.65059],[-1.60138,53.64998],[-1.60179,53.64983],[-1.60233,53.65037],[-1.60478,53.65005],[-1.60751,53.64917],[-1.60711,53.64866],[-1.60777,53.64821],[-1.60725,53.64774],[-1.60781,53.64762],[-1.60708,53.64728],[-1.60834,53.64711],[-1.60792,53.64772],[-1.60988,53.64894],[-1.6135,53.64734],[-1.61386,53.64622],[-1.61579,53.64573],[-1.61796,53.64398],[-1.61764,53.64329],[-1.61624,53.64422],[-1.61422,53.64448],[-1.61306,53.64498],[-1.6124,53.64393],[-1.61044,53.64518],[-1.61117,53.64602],[-1.60956,53.64595],[-1.60833,53.64552],[-1.60808,53.64574],[-1.60681,53.64473],[-1.60629,53.64353],[-1.60021,53.64671],[-1.60024,53.64737],[-1.59955,53.64776],[-1.59891,53.64765],[-1.59716,53.64894],[-1.59722,53.64994],[-1.59761,53.65035],[-1.59856,53.65053],[-1.59757,53.65087],[-1.59792,53.65124],[-1.59919,53.65101],[-1.59977,53.65136],[-1.60165,53.65059]]]}},{"type":"Feature","properties":{"id":"E01011939","name":"E01011939","parent":"E08000036","type":"LSOA","pop":1447,"r":236,"ff":96,"ffd":6634.4,"ffs":0.5304,"g":52,"co":2,"mo":0,"sa":0,"ic":0},"geometry":{"type":"Polygon","coordinates":[[[-1.49558,53.65077],[-1.49408,53.65062],[-1.49219,53.65095],[-1.49161,53.65152],[-1.49042,53.65133],[-1.48999,53.65088],[-1.49239,53.64958],[-1.4927,53.64845],[-1.4919,53.64852],[-1.4917,53.64798],[-1.49098,53.64808],[-1.4903,53.64742],[-1.49013,53.64695],[-1.48892,53.64681],[-1.48814,53.6474],[-1.48844,53.64575],[-1.4908,53.64361],[-1.48822,53.64133],[-1.48987,53.6413],[-1.49215,53.64089],[-1.49369,53.64008],[-1.49414,53.64043],[-1.49456,53.64028],[-1.49578,53.64113],[-1.49653,53.64124],[-1.49615,53.64232],[-1.49672,53.64235],[-1.49679,53.64271],[-1.49602,53.64402],[-1.49709,53.64465],[-1.49675,53.64625],[-1.49925,53.64726],[-1.50069,53.64641],[-1.50795,53.6508],[-1.50783,53.65125],[-1.50694,53.65151],[-1.50648,53.65282],[-1.50382,53.65309],[-1.50187,53.65233],[-1.49558,53.65077]]]}},{"type":"Feature","properties":{"id":"E01011940","name":"E01011940","parent":"E08000036","type":"LSOA","pop":1666,"r":258,"ff":101,"ffd":6062.4,"ffs":0.5075,"g":56,"co":2,"mo":0,"sa":0,"ic":0},"geometry":{"type":"Polygon","coordinates":[[[-1.50795,53.6508],[-1.50069,53.64641],[-1.49925,53.64726],[-1.49675,53.64625],[-1.49709,53.64465],[-1.49776,53.6443],[-1.49855,53.64294],[-1.49891,53.64313],[-1.49971,53.64182],[-1.50042,53.64151],[-1.50007,53.64189],[-1.50512,53.64152],[-1.50809,53.64066],[-1.50844,53.64127],[-1.50784,53.64164],[-1.50768,53.64234],[-1.50536,53.64267],[-1.50561,53.64338],[-1.50632,53.64377],[-1.50613,53.64412],[-1.50647,53.64408],[-1.50708,53.64484],[-1.50967,53.6442],[-1.50984,53.64322],[-1.51271,53.64215],[-1.51532,53.6419],[-1.51571,53.64209],[-1.51517,53.64295],[-1.51903,53.64285],[-1.5212,53.64215],[-1.52255,53.64367],[-1.5219,53.64404],[-1.52387,53.64586],[-1.52236,53.64668],[-1.5191,53.64708],[-1.51291,53.64882],[-1.51258,53.64855],[-1.50743,53.64971],[-1.50795,53.6508]]]}},{"type":"Feature","properties":{"id":"E01011941","name":"E01011941","parent":"E08000036","type":"LSOA","pop":1604,"r":199,"ff":81,"ffd":5049.9,"ffs":0.526,"g":43,"co":2,"mo":0,"sa":0,"ic":0},"geometry":{"type":"Polygon","coordinates":[[[-1.44925,53.65424],[-1.44612,53.65303],[-1.44382,53.65336],[-1.43636,53.65256],[-1.43446,53.65269],[-1.43215,53.65207],[-1.42942,53.65205],[-1.42704,53.65105],[-1.42495,53.64976],[-1.42078,53.64839],[-1.4216,53.64699],[-1.4242,53.64541],[-1.43076,53.64576],[-1.43763,53.64478],[-1.43907,53.64396],[-1.44165,53.64002],[-1.43976,53.63797],[-1.43862,53.63768],[-1.43785,53.63682],[-1.43781,53.63613],[-1.43982,53.63545],[-1.43914,53.63521],[-1.44035,53.63427],[-1.44093,53.63309],[-1.43984,53.63227],[-1.4421,53.63189],[-1.44273,53.6309],[-1.44235,53.62958],[-1.44278,53.62831],[-1.43976,53.6283],[-1.43869,53.62758],[-1.43994,53.62711],[-1.43979,53.6268],[-1.44244,53.6269],[-1.44922,53.6262],[-1.45066,53.62655],[-1.45344,53.62626],[-1.45845,53.6245],[-1.46335,53.62422],[-1.46509,53.62518],[-1.46008,53.6269],[-1.45934,53.6282],[-1.46037,53.62891],[-1.46118,53.63048],[-1.45908,53.63098],[-1.45844,53.63164],[-1.45919,53.6335],[-1.46251,53.63459],[-1.46329,53.63508],[-1.46334,53.6356],[-1.46446,53.63587],[-1.46408,53.63643],[-1.46518,53.63733],[-1.4661,53.63922],[-1.46985,53.63966],[-1.47492,53.63981],[-1.47639,53.63924],[-1.47713,53.64039],[-1.47487,53.64131],[-1.47257,53.64293],[-1.47164,53.64432],[-1.47149,53.64647],[-1.47026,53.64703],[-1.46884,53.64701],[-1.46878,53.64676],[-1.46747,53.64695],[-1.46693,53.64629],[-1.46579,53.64652],[-1.46591,53.64714],[-1.46521,53.64775],[-1.46337,53.64655],[-1.4622,53.64711],[-1.46374,53.64841],[-1.46466,53.64869],[-1.46182,53.64988],[-1.45855,53.6505],[-1.45821,53.65021],[-1.45831,53.65056],[-1.44925,53.65424]]]}},{"type":"Feature","properties":{"id":"E01011942","name":"E01011942","parent":"E08000036","type":"LSOA","pop":1232,"r":138,"ff":52,"ffd":4220.8,"ffs":0.6118,"g":53,"co":2,"mo":2,"sa":2,"ic":0},"geometry":{"type":"Polygon","coordinates":[[[-1.48583,53.64346],[-1.484,53.64247],[-1.47971,53.64357],[-1.47952,53.63942],[-1.47713,53.64039],[-1.47639,53.63924],[-1.47492,53.63981],[-1.46985,53.63966],[-1.4661,53.63922],[-1.46518,53.63733],[-1.46408,53.63643],[-1.46446,53.63587],[-1.46334,53.6356],[-1.46329,53.63508],[-1.46251,53.63459],[-1.45919,53.6335],[-1.45844,53.63164],[-1.45908,53.63098],[-1.46118,53.63048],[-1.46037,53.62891],[-1.45934,53.6282],[-1.46008,53.6269],[-1.46509,53.62518],[-1.46335,53.62422],[-1.46375,53.62306],[-1.4633,53.62246],[-1.46143,53.62176],[-1.45864,53.62151],[-1.4561,53.62074],[-1.44762,53.62157],[-1.44634,53.61922],[-1.44303,53.61494],[-1.44487,53.61406],[-1.44585,53.61289],[-1.4467,53.61301],[-1.44706,53.61232],[-1.44762,53.61274],[-1.44829,53.61155],[-1.45622,53.6074],[-1.4591,53.60625],[-1.46046,53.60613],[-1.46443,53.6042],[-1.47302,53.60081],[-1.47409,53.60135],[-1.475,53.59999],[-1.4785,53.59829],[-1.47929,53.5969],[-1.48126,53.59633],[-1.48282,53.59516],[-1.48383,53.59483],[-1.48426,53.59495],[-1.4851,53.59697],[-1.4894,53.5962],[-1.49197,53.59681],[-1.49286,53.59877],[-1.49153,53.60274],[-1.49506,53.60319],[-1.49656,53.59737],[-1.50148,53.59988],[-1.49657,53.60299],[-1.49676,53.60386],[-1.49596,53.60484],[-1.49516,53.6051],[-1.49549,53.60757],[-1.49594,53.6076],[-1.49754,53.61104],[-1.4962,53.61324],[-1.49452,53.61435],[-1.49018,53.61649],[-1.4905,53.61831],[-1.4935,53.61855],[-1.49561,53.61838],[-1.49588,53.61865],[-1.49994,53.6192],[-1.49997,53.62093],[-1.5015,53.62159],[-1.5032,53.62218],[-1.5089,53.62223],[-1.50811,53.62315],[-1.50891,53.62353],[-1.51067,53.62355],[-1.51219,53.6241],[-1.51074,53.62475],[-1.51055,53.62563],[-1.50915,53.62604],[-1.50568,53.62607],[-1.50177,53.62438],[-1.50035,53.62421],[-1.49963,53.6245],[-1.49945,53.62514],[-1.49821,53.62611],[-1.4944,53.62837],[-1.49182,53.62893],[-1.49206,53.63026],[-1.49391,53.63176],[-1.49551,53.63603],[-1.49906,53.63784],[-1.49877,53.63813],[-1.49954,53.63875],[-1.49941,53.64003],[-1.5004,53.6406],[-1.50042,53.64151],[-1.49971,53.64182],[-1.49891,53.64313],[-1.49855,53.64294],[-1.49776,53.6443],[-1.49709,53.64465],[-1.49602,53.64402],[-1.49679,53.64271],[-1.49672,53.64235],[-1.49615,53.64232],[-1.49653,53.64124],[-1.49578,53.64113],[-1.49456,53.64028],[-1.49414,53.64043],[-1.49369,53.64008],[-1.49215,53.64089],[-1.48987,53.6413],[-1.48822,53.64133],[-1.4908,53.64361],[-1.48847,53.6457],[-1.48643,53.64531],[-1.48583,53.64346]]]}},{"type":"Feature","properties":{"id":"E01011943","name":"E01011943","parent":"E08000036","type":"LSOA","pop":2214,"r":269,"ff":108,"ffd":4878.0,"ffs":0.5217,"g":59,"co":2,"mo":0,"sa":0,"ic":0},"geometry":{"type":"Polygon","coordinates":[[[-1.50708,53.64484],[-1.50647,53.64408],[-1.50613,53.64412],[-1.50632,53.64377],[-1.50561,53.64338],[-1.50536,53.64267],[-1.50768,53.64234],[-1.50784,53.64164],[-1.50844,53.64127],[-1.50809,53.64066],[-1.50868,53.64035],[-1.50941,53.63913],[-1.51122,53.63774],[-1.51199,53.63739],[-1.5157,53.63646],[-1.51705,53.6377],[-1.51723,53.63889],[-1.52078,53.64161],[-1.52198,53.6429],[-1.5212,53.64215],[-1.51903,53.64285],[-1.51517,53.64295],[-1.51571,53.64209],[-1.51532,53.6419],[-1.51271,53.64215],[-1.50984,53.64322],[-1.50967,53.6442],[-1.50708,53.64484]]]}},{"type":"Feature","properties":{"id":"E01011944","name":"E01011944","parent":"E08000036","type":"LSOA","pop":1532,"r":274,"ff":112,"ffd":7310.7,"ffs":0.5385,"g":63,"co":2,"mo":0,"sa":0,"ic":0},"geometry":{"type":"Polygon","coordinates":[[[-1.47413,53.6645],[-1.47278,53.66396],[-1.47108,53.66398],[-1.4693,53.66275],[-1.4689,53.66195],[-1.46833,53.66179],[-1.46794,53.66108],[-1.46676,53.6608],[-1.46071,53.66227],[-1.45811,53.6602],[-1.45248,53.65777],[-1.45754,53.65584],[-1.45796,53.65465],[-1.46541,53.65713],[-1.46596,53.6567],[-1.46577,53.65478],[-1.46639,53.65459],[-1.4664,53.65381],[-1.4671,53.65362],[-1.4677,53.65305],[-1.46745,53.65279],[-1.46864,53.65296],[-1.46776,53.65488],[-1.47093,53.65524],[-1.47072,53.65734],[-1.472,53.65802],[-1.47219,53.65893],[-1.47284,53.6595],[-1.47264,53.65983],[-1.47702,53.66146],[-1.47932,53.6615],[-1.48175,53.66293],[-1.48249,53.66288],[-1.48271,53.66232],[-1.48358,53.66221],[-1.48053,53.66556],[-1.47473,53.66926],[-1.47257,53.66871],[-1.47437,53.66811],[-1.47574,53.6671],[-1.4756,53.66557],[-1.47413,53.6645]]]}},{"type":"Feature","properties":{"id":"E01011945","name":"E01011945","parent":"E08000036","type":"LSOA","pop":1480,"r":272,"ff":109,"ffd":7364.9,"ffs":0.5266,"g":63,"co":2,"mo":0,"sa":0,"ic":0},"geometry":{"type":"Polygon","coordinates":[[[-1.48233,53.66344],[-1.48358,53.66221],[-1.48271,53.66232],[-1.48249,53.66288],[-1.48175,53.66293],[-1.47932,53.6615],[-1.47702,53.66146],[-1.4741,53.66037],[-1.47655,53.65844],[-1.47732,53.65868],[-1.4785,53.65748],[-1.47939,53.65746],[-1.47962,53.65716],[-1.48025,53.65728],[-1.48023,53.65766],[-1.48261,53.65821],[-1.48277,53.65791],[-1.48067,53.65683],[-1.48186,53.65645],[-1.48341,53.65702],[-1.48519,53.65528],[-1.48692,53.65442],[-1.48726,53.65495],[-1.48829,53.65475],[-1.48836,53.65553],[-1.49202,53.65648],[-1.4945,53.65821],[-1.49607,53.65885],[-1.49233,53.66184],[-1.4913,53.66205],[-1.48865,53.66485],[-1.48851,53.66584],[-1.48233,53.66344]]]}},{"type":"Feature","properties":{"id":"E01011946","name":"E01011946","parent":"E08000036","type":"LSOA","pop":1377,"r":232,"ff":95,"ffd":6899.1,"ffs":0.5307,"g":51,"co":2,"mo":0,"sa":0,"ic":0},"geometry":{"type":"Polygon","coordinates":[[[-1.45171,53.65531],[-1.44925,53.65424],[-1.45831,53.65056],[-1.45821,53.65021],[-1.45855,53.6505],[-1.46182,53.64988],[-1.46466,53.64869],[-1.46374,53.64841],[-1.4622,53.64711],[-1.46337,53.64655],[-1.46521,53.64775],[-1.46591,53.64714],[-1.46579,53.64652],[-1.46693,53.64629],[-1.46747,53.64695],[-1.46878,53.64676],[-1.46884,53.64701],[-1.47026,53.64703],[-1.47149,53.64647],[-1.47216,53.651],[-1.47257,53.6513],[-1.47233,53.6521],[-1.47286,53.65324],[-1.47093,53.65524],[-1.46776,53.65488],[-1.46864,53.65296],[-1.46745,53.65279],[-1.4677,53.65305],[-1.4671,53.65362],[-1.4664,53.65381],[-1.46639,53.65459],[-1.46577,53.65478],[-1.46596,53.6567],[-1.46541,53.65713],[-1.45796,53.65465],[-1.45754,53.65584],[-1.45248,53.65777],[-1.4514,53.65715],[-1.45171,53.65531]]]}},{"type":"Feature","properties":{"id":"E01011947","name":"E01011947","parent":"E08000036","type":"LSOA","pop":1516,"r":258,"ff":102,"ffd":6728.2,"ffs":0.5204,"g":60,"co":2,"mo":0,"sa":0,"ic":0},"geometry":{"type":"Polygon","coordinates":[[[-1.47219,53.65893],[-1.472,53.65802],[-1.47072,53.65734],[-1.47093,53.65524],[-1.47286,53.65324],[-1.47233,53.6521],[-1.47257,53.6513],[-1.47216,53.651],[-1.47178,53.64819],[-1.47633,53.64879],[-1.48082,53.65017],[-1.48131,53.65009],[-1.48143,53.65039],[-1.48083,53.65058],[-1.48162,53.65154],[-1.4824,53.65147],[-1.48286,53.65174],[-1.48384,53.65307],[-1.48474,53.65276],[-1.48474,53.65226],[-1.48692,53.65442],[-1.48519,53.65528],[-1.48341,53.65702],[-1.48186,53.65645],[-1.48067,53.65683],[-1.48277,53.65791],[-1.48261,53.65821],[-1.48023,53.65766],[-1.48025,53.65728],[-1.47962,53.65716],[-1.47939,53.65746],[-1.4785,53.65748],[-1.47732,53.65868],[-1.47655,53.65844],[-1.4741,53.66037],[-1.47264,53.65983],[-1.47284,53.6595],[-1.47219,53.65893]]]}},{"type":"Feature","properties":{"id":"E01011948","name":"E01011948","parent":"E08000036","type":"LSOA","pop":1603,"r":234,"ff":94,"ffd":5864.0,"ffs":0.5251,"g":53,"co":2,"mo":0,"sa":0,"ic":0},"geometry":{"type":"Polygon","coordinates":[[[-1.48836,53.65553],[-1.48829,53.65475],[-1.48726,53.65495],[-1.48474,53.65226],[-1.48474,53.65276],[-1.48384,53.65307],[-1.48286,53.65174],[-1.4824,53.65147],[-1.48162,53.65154],[-1.48083,53.65058],[-1.48143,53.65039],[-1.48131,53.65009],[-1.48082,53.65017],[-1.47633,53.64879],[-1.47178,53.64819],[-1.47149,53.64647],[-1.47164,53.64432],[-1.47257,53.64293],[-1.47487,53.64131],[-1.47952,53.63942],[-1.47971,53.64357],[-1.484,53.64247],[-1.48583,53.64346],[-1.48643,53.64531],[-1.48847,53.6457],[-1.48814,53.6474],[-1.48892,53.64681],[-1.49013,53.64695],[-1.4903,53.64742],[-1.49098,53.64808],[-1.4917,53.64798],[-1.4919,53.64852],[-1.4927,53.64845],[-1.49239,53.64958],[-1.48999,53.65088],[-1.49042,53.65133],[-1.49161,53.65152],[-1.49219,53.65095],[-1.49408,53.65062],[-1.49558,53.65077],[-1.50187,53.65233],[-1.50382,53.65309],[-1.50372,53.65371],[-1.49726,53.65382],[-1.49469,53.65505],[-1.49675,53.65767],[-1.49644,53.6585],[-1.49607,53.65885],[-1.4945,53.65821],[-1.49202,53.65648],[-1.48836,53.65553]]]}},{"type":"Feature","properties":{"id":"E01034260","name":"E01034260","parent":"E08000036","type":"LSOA","pop":1715,"r":236,"ff":99,"ffd":5772.6,"ffs":0.5294,"g":46,"co":2,"mo":0,"sa":0,"ic":1},"geometry":{"type":"Polygon","coordinates":[[[-1.35862,53.73156],[-1.35827,53.72887],[-1.35701,53.72827],[-1.35525,53.72818],[-1.34966,53.72841],[-1.3496,53.72756],[-1.3505,53.72701],[-1.35023,53.72652],[-1.35209,53.72613],[-1.35224,53.72643],[-1.35379,53.72641],[-1.35404,53.72732],[-1.35466,53.72712],[-1.35479,53.72739],[-1.35544,53.72701],[-1.35575,53.72726],[-1.35583,53.72686],[-1.35762,53.72663],[-1.35768,53.72584],[-1.35846,53.72577],[-1.35931,53.72709],[-1.3619,53.72621],[-1.36471,53.72682],[-1.36442,53.72611],[-1.36521,53.72605],[-1.36629,53.72673],[-1.36562,53.72719],[-1.36938,53.72735],[-1.37203,53.72959],[-1.36974,53.7294],[-1.36795,53.72961],[-1.36261,53.73157],[-1.3605,53.73198],[-1.35862,53.73156]]]}},{"type":"Feature","properties":{"id":"E01034261","name":"E01034261","parent":"E08000036","type":"LSOA","pop":1281,"r":254,"ff":107,"ffd":8352.8,"ffs":0.5377,"g":52,"co":2,"mo":0,"sa":0,"ic":1},"geometry":{"type":"Polygon","coordinates":[[[-1.35479,53.72739],[-1.35466,53.72712],[-1.35404,53.72732],[-1.35379,53.72641],[-1.35224,53.72643],[-1.35209,53.72613],[-1.35354,53.72581],[-1.35291,53.7244],[-1.35416,53.72348],[-1.35518,53.72335],[-1.35516,53.72252],[-1.35562,53.7225],[-1.35465,53.72195],[-1.35508,53.72191],[-1.35503,53.72161],[-1.35603,53.72168],[-1.35601,53.72117],[-1.35645,53.72085],[-1.35801,53.72108],[-1.35832,53.72204],[-1.35685,53.72227],[-1.35772,53.72247],[-1.35729,53.72281],[-1.35959,53.72253],[-1.35924,53.72272],[-1.35977,53.72366],[-1.35837,53.72389],[-1.35873,53.72447],[-1.36252,53.72313],[-1.3654,53.72312],[-1.36562,53.72402],[-1.36839,53.72456],[-1.36655,53.72492],[-1.36682,53.72596],[-1.36851,53.72575],[-1.36867,53.72612],[-1.36629,53.72673],[-1.36521,53.72605],[-1.36442,53.72611],[-1.36471,53.72682],[-1.3619,53.72621],[-1.35931,53.72709],[-1.35846,53.72577],[-1.35768,53.72584],[-1.35762,53.72663],[-1.35583,53.72686],[-1.35575,53.72726],[-1.35544,53.72701],[-1.35479,53.72739]]]}},{"type":"Feature","properties":{"id":"E01034262","name":"E01034262","parent":"E08000036","type":"LSOA","pop":1387,"r":255,"ff":108,"ffd":7786.6,"ffs":0.532,"g":50,"co":2,"mo":0,"sa":0,"ic":1},"geometry":{"type":"Polygon","coordinates":[[[-1.34437,53.71685],[-1.34377,53.7159],[-1.34271,53.71604],[-1.343,53.71655],[-1.34045,53.71664],[-1.3401,53.71608],[-1.34074,53.71479],[-1.34013,53.71438],[-1.34155,53.71396],[-1.34121,53.71338],[-1.34258,53.7124],[-1.34294,53.71262],[-1.34476,53.71243],[-1.34407,53.71296],[-1.34482,53.71307],[-1.34597,53.71276],[-1.34601,53.7135],[-1.34829,53.71416],[-1.34949,53.71313],[-1.34936,53.7151],[-1.34899,53.71532],[-1.35019,53.71502],[-1.35032,53.71535],[-1.34985,53.71543],[-1.35059,53.71707],[-1.3485,53.7172],[-1.34775,53.71606],[-1.34794,53.71549],[-1.34558,53.71572],[-1.34558,53.71616],[-1.34668,53.71651],[-1.34518,53.71683],[-1.34595,53.71793],[-1.34444,53.71828],[-1.34369,53.718],[-1.34365,53.71752],[-1.34437,53.71685]]]}},{"type":"Feature","properties":{"id":"E01034263","name":"E01034263","parent":"E08000036","type":"LSOA","pop":1661,"r":269,"ff":115,"ffd":6923.5,"ffs":0.5349,"g":51,"co":2,"mo":0,"sa":0,"ic":1},"geometry":{"type":"Polygon","coordinates":[[[-1.35183,53.71957],[-1.351,53.71846],[-1.35041,53.71861],[-1.35024,53.71837],[-1.34924,53.71855],[-1.3485,53.7172],[-1.35059,53.71707],[-1.34985,53.71543],[-1.35032,53.71535],[-1.35019,53.71502],[-1.34899,53.71532],[-1.34936,53.7151],[-1.34949,53.71313],[-1.34829,53.71416],[-1.34601,53.7135],[-1.34597,53.71276],[-1.34482,53.71307],[-1.34407,53.71296],[-1.34476,53.71243],[-1.34294,53.71262],[-1.34258,53.7124],[-1.34121,53.71338],[-1.34155,53.71396],[-1.34013,53.71438],[-1.33939,53.71498],[-1.3374,53.71435],[-1.33486,53.7111],[-1.33447,53.7099],[-1.33236,53.70991],[-1.33125,53.70908],[-1.3333,53.70769],[-1.34476,53.70474],[-1.35206,53.70424],[-1.35296,53.70573],[-1.35644,53.70799],[-1.35935,53.70855],[-1.36046,53.70899],[-1.36008,53.70937],[-1.36105,53.70994],[-1.35982,53.71055],[-1.35827,53.71412],[-1.35861,53.71442],[-1.35412,53.71473],[-1.35497,53.71707],[-1.35141,53.71834],[-1.35219,53.71947],[-1.35183,53.71957]]]}},{"type":"Feature","properties":{"id":"E01034264","name":"E01034264","parent":"E08000036","type":"LSOA","pop":1535,"r":301,"ff":124,"ffd":8078.2,"ffs":0.5345,"g":66,"co":2,"mo":0,"sa":0,"ic":0},"geometry":{"type":"Polygon","coordinates":[[[-1.49383,53.68558],[-1.49402,53.6851],[-1.49475,53.68514],[-1.49221,53.68355],[-1.4921,53.68401],[-1.49122,53.68348],[-1.49069,53.68361],[-1.49077,53.68328],[-1.49006,53.68333],[-1.49029,53.682],[-1.48869,53.68164],[-1.48941,53.68139],[-1.49048,53.68155],[-1.4907,53.68118],[-1.49025,53.68105],[-1.48944,53.68121],[-1.48887,53.68088],[-1.48765,53.6816],[-1.48603,53.68061],[-1.48645,53.67915],[-1.49265,53.67749],[-1.49649,53.67683],[-1.4984,53.67696],[-1.50058,53.67753],[-1.49998,53.67903],[-1.49624,53.67831],[-1.49612,53.67853],[-1.49645,53.6789],[-1.49509,53.67935],[-1.49518,53.67975],[-1.49426,53.67986],[-1.49413,53.68107],[-1.49298,53.68125],[-1.49439,53.6826],[-1.49484,53.68219],[-1.49572,53.68215],[-1.49517,53.68147],[-1.49501,53.68092],[-1.49733,53.68057],[-1.49777,53.68152],[-1.49864,53.68157],[-1.49953,53.68242],[-1.49766,53.68267],[-1.49769,53.68352],[-1.49796,53.68386],[-1.4987,53.68382],[-1.49936,53.68416],[-1.50036,53.68581],[-1.49954,53.68616],[-1.49859,53.68542],[-1.49709,53.68518],[-1.4966,53.686],[-1.49538,53.6864],[-1.49482,53.68568],[-1.49383,53.68558]]]}},{"type":"Feature","properties":{"id":"E01034265","name":"E01034265","parent":"E08000036","type":"LSOA","pop":1370,"r":306,"ff":126,"ffd":9197.1,"ffs":0.5294,"g":65,"co":2,"mo":0,"sa":0,"ic":0},"geometry":{"type":"Polygon","coordinates":[[[-1.49413,53.68107],[-1.49426,53.67986],[-1.49518,53.67975],[-1.49509,53.67935],[-1.49645,53.6789],[-1.49612,53.67853],[-1.49624,53.67831],[-1.49998,53.67903],[-1.50058,53.67753],[-1.50326,53.67916],[-1.5049,53.68132],[-1.49953,53.68242],[-1.49864,53.68157],[-1.49777,53.68152],[-1.49733,53.68057],[-1.49647,53.68065],[-1.49501,53.68092],[-1.49517,53.68147],[-1.49572,53.68215],[-1.49484,53.68219],[-1.49439,53.6826],[-1.49298,53.68125],[-1.49413,53.68107]]]}},{"type":"Feature","properties":{"id":"E01034266","name":"E01034266","parent":"E08000036","type":"LSOA","pop":1740,"r":297,"ff":124,"ffd":7126.4,"ffs":0.5277,"g":59,"co":2,"mo":0,"sa":0,"ic":1},"geometry":{"type":"Polygon","coordinates":[[[-1.37283,53.7144],[-1.3717,53.71428],[-1.37142,53.71447],[-1.36729,53.71379],[-1.367,53.71272],[-1.36735,53.71258],[-1.36892,53.71348],[-1.37037,53.71354],[-1.37073,53.71333],[-1.37025,53.7124],[-1.37181,53.71235],[-1.37146,53.71133],[-1.36754,53.70974],[-1.36785,53.70752],[-1.36991,53.70785],[-1.3715,53.70976],[-1.37201,53.70963],[-1.37242,53.71029],[-1.37318,53.71027],[-1.3735,53.71079],[-1.37596,53.70963],[-1.37495,53.70886],[-1.37724,53.70838],[-1.37766,53.70857],[-1.37716,53.70886],[-1.37745,53.7095],[-1.37709,53.7103],[-1.37795,53.7104],[-1.37861,53.71104],[-1.37871,53.71057],[-1.37965,53.71062],[-1.38014,53.71133],[-1.37917,53.71172],[-1.38052,53.71202],[-1.38124,53.71251],[-1.37754,53.71347],[-1.37799,53.71475],[-1.37687,53.71498],[-1.37567,53.71451],[-1.37283,53.7144]]]}},{"type":"Feature","properties":{"id":"E01034267","name":"E01034267","parent":"E08000036","type":"LSOA","pop":2198,"r":290,"ff":119,"ffd":5414.0,"ffs":0.5219,"g":59,"co":2,"mo":0,"sa":0,"ic":1},"geometry":{"type":"Polygon","coordinates":[[[-1.36892,53.71348],[-1.36735,53.71258],[-1.367,53.71272],[-1.36673,53.71066],[-1.3656,53.71025],[-1.36421,53.7104],[-1.36331,53.7098],[-1.35935,53.70855],[-1.35644,53.70799],[-1.35296,53.70573],[-1.35136,53.70299],[-1.35318,53.70151],[-1.35529,53.69881],[-1.3551,53.69673],[-1.35557,53.69573],[-1.3572,53.69558],[-1.35792,53.69583],[-1.35818,53.69513],[-1.35941,53.69508],[-1.35847,53.6944],[-1.35759,53.69461],[-1.35506,53.69443],[-1.35466,53.69378],[-1.35582,53.69358],[-1.3559,53.69388],[-1.35759,53.69385],[-1.35837,53.69295],[-1.35888,53.69373],[-1.35992,53.6935],[-1.36007,53.69444],[-1.36062,53.6944],[-1.36049,53.69551],[-1.36092,53.69572],[-1.36014,53.69591],[-1.35959,53.69675],[-1.36057,53.69614],[-1.36138,53.69607],[-1.35912,53.69823],[-1.35917,53.70023],[-1.35849,53.70179],[-1.36559,53.70086],[-1.36903,53.69947],[-1.37047,53.69915],[-1.37586,53.69971],[-1.37611,53.70012],[-1.37274,53.70669],[-1.36946,53.70731],[-1.37545,53.70799],[-1.38293,53.70796],[-1.38137,53.70938],[-1.38087,53.71076],[-1.38125,53.71108],[-1.38052,53.71103],[-1.37766,53.70857],[-1.37724,53.70838],[-1.37495,53.70886],[-1.37596,53.70963],[-1.3735,53.71079],[-1.37318,53.71027],[-1.37242,53.71029],[-1.37201,53.70963],[-1.3715,53.70976],[-1.36991,53.70785],[-1.36785,53.70752],[-1.36754,53.70974],[-1.37146,53.71133],[-1.37181,53.71235],[-1.37025,53.7124],[-1.37073,53.71333],[-1.37037,53.71354],[-1.36892,53.71348]]]}},{"type":"Feature","properties":{"id":"E01034268","name":"E01034268","parent":"E08000036","type":"LSOA","pop":1303,"r":271,"ff":111,"ffd":8518.8,"ffs":0.5211,"g":55,"co":2,"mo":2,"sa":0,"ic":0},"geometry":{"type":"Polygon","coordinates":[[[-1.38014,53.71133],[-1.37965,53.71062],[-1.37871,53.71057],[-1.37861,53.71104],[-1.37795,53.7104],[-1.37709,53.7103],[-1.37745,53.7095],[-1.37716,53.70886],[-1.37766,53.70857],[-1.38052,53.71103],[-1.38125,53.71108],[-1.38087,53.71076],[-1.38137,53.70938],[-1.38293,53.70796],[-1.37545,53.70799],[-1.36946,53.70731],[-1.37274,53.70669],[-1.37611,53.70012],[-1.37586,53.69971],[-1.37186,53.69929],[-1.37461,53.69456],[-1.37184,53.69437],[-1.37195,53.69375],[-1.37152,53.69367],[-1.37125,53.69269],[-1.37419,53.69268],[-1.37438,53.69217],[-1.37516,53.69212],[-1.37445,53.69179],[-1.3762,53.6885],[-1.37534,53.68665],[-1.37654,53.68284],[-1.37905,53.68435],[-1.38056,53.6871],[-1.38151,53.68736],[-1.39001,53.68654],[-1.39134,53.68696],[-1.39325,53.68693],[-1.39422,53.68858],[-1.39603,53.68876],[-1.39583,53.68773],[-1.39653,53.68755],[-1.39794,53.68733],[-1.39829,53.68813],[-1.39919,53.68797],[-1.39974,53.68431],[-1.40216,53.68428],[-1.41816,53.68304],[-1.41871,53.68426],[-1.41519,53.68636],[-1.41183,53.68729],[-1.41023,53.68948],[-1.40812,53.69081],[-1.40748,53.69163],[-1.40375,53.6921],[-1.4027,53.69292],[-1.40115,53.69339],[-1.39692,53.69535],[-1.39599,53.6955],[-1.39403,53.69521],[-1.39134,53.694],[-1.38935,53.69465],[-1.38629,53.69777],[-1.39095,53.69964],[-1.39447,53.70171],[-1.39272,53.70404],[-1.39351,53.70566],[-1.38489,53.70968],[-1.38232,53.71192],[-1.38124,53.71251],[-1.38052,53.71202],[-1.37917,53.71172],[-1.38014,53.71133]]]}},{"type":"Feature","properties":{"id":"E01034269","name":"E01034269","parent":"E08000036","type":"LSOA","pop":1672,"r":103,"ff":60,"ffd":3588.5,"ffs":0.6316,"g":7,"co":3,"mo":0,"sa":2,"ic":1},"geometry":{"type":"Polygon","coordinates":[[[-1.37457,53.66955],[-1.37168,53.66785],[-1.37141,53.66839],[-1.37018,53.66884],[-1.36903,53.66813],[-1.36541,53.6678],[-1.36337,53.66731],[-1.36003,53.66513],[-1.35992,53.66445],[-1.35937,53.66413],[-1.35949,53.66356],[-1.3587,53.66321],[-1.35504,53.66296],[-1.35068,53.65887],[-1.34395,53.65836],[-1.34297,53.65851],[-1.34274,53.6581],[-1.34195,53.65811],[-1.34214,53.65701],[-1.3415,53.65618],[-1.34008,53.65557],[-1.33965,53.65438],[-1.33682,53.65337],[-1.3362,53.65258],[-1.33707,53.65127],[-1.33933,53.65082],[-1.34141,53.64902],[-1.34338,53.64535],[-1.34463,53.645],[-1.34452,53.64437],[-1.34577,53.64405],[-1.34569,53.64367],[-1.34421,53.64373],[-1.34378,53.64317],[-1.34498,53.64267],[-1.34391,53.64131],[-1.34344,53.64122],[-1.34424,53.64054],[-1.34471,53.64053],[-1.34443,53.63917],[-1.34648,53.63697],[-1.35025,53.63748],[-1.34976,53.63881],[-1.35038,53.64065],[-1.35085,53.64086],[-1.3509,53.6413],[-1.35138,53.6414],[-1.3517,53.64239],[-1.3492,53.64319],[-1.34997,53.64414],[-1.34904,53.64448],[-1.34945,53.6449],[-1.35029,53.64486],[-1.35066,53.64466],[-1.35016,53.6444],[-1.35247,53.64345],[-1.353,53.64416],[-1.3531,53.64551],[-1.35598,53.64668],[-1.35789,53.64458],[-1.35778,53.64356],[-1.36013,53.64154],[-1.36133,53.64187],[-1.36376,53.64179],[-1.36455,53.64221],[-1.36767,53.64257],[-1.37293,53.64391],[-1.37409,53.645],[-1.37767,53.64604],[-1.37974,53.64562],[-1.38073,53.64792],[-1.38119,53.64863],[-1.38192,53.64874],[-1.38201,53.64929],[-1.38083,53.64917],[-1.38023,53.64942],[-1.37766,53.65151],[-1.3777,53.65558],[-1.3816,53.65794],[-1.38373,53.6587],[-1.38487,53.66204],[-1.38241,53.66283],[-1.38198,53.66268],[-1.37781,53.66474],[-1.38012,53.66576],[-1.38154,53.66782],[-1.37746,53.66894],[-1.37734,53.66859],[-1.37537,53.6684],[-1.37457,53.66955]]]}},{"type":"Feature","properties":{"id":"E01034270","name":"E01034270","parent":"E08000036","type":"LSOA","pop":1759,"r":60,"ff":32,"ffd":1819.2,"ffs":0.5714,"g":4,"co":3,"mo":1,"sa":3,"ic":1},"geometry":{"type":"Polygon","coordinates":[[[-1.353,53.64416],[-1.35247,53.64345],[-1.35016,53.6444],[-1.35066,53.64466],[-1.35029,53.64486],[-1.34945,53.6449],[-1.34904,53.64448],[-1.34997,53.64414],[-1.3492,53.64319],[-1.3517,53.64239],[-1.35138,53.6414],[-1.3509,53.6413],[-1.35085,53.64086],[-1.35497,53.63773],[-1.35595,53.63956],[-1.35851,53.63978],[-1.35876,53.64056],[-1.35989,53.64086],[-1.36013,53.64154],[-1.35778,53.64356],[-1.35789,53.64458],[-1.35598,53.64668],[-1.3531,53.64551],[-1.353,53.64416]]]}}]}