{"type":"FeatureCollection","features":[{"type":"Feature","properties":{"id":"E01005599","name":"E01005599","parent":"E08000006","type":"LSOA","pop":2004,"r":560,"ff":208,"ffd":10379.2,"ffs":0.52,"g":156,"co":0,"mo":0,"sa":0,"ic":0},"geometry":{"type":"Polygon","coordinates":[[[-2.3317,53.4837],[-2.3302,53.48361],[-2.33066,53.47972],[-2.33687,53.47825],[-2.33861,53.48026],[-2.3382,53.48106],[-2.33948,53.48096],[-2.33963,53.47987],[-2.34104,53.48126],[-2.34453,53.47962],[-2.34479,53.47985],[-2.34623,53.47936],[-2.34742,53.48044],[-2.34614,53.48107],[-2.34636,53.48128],[-2.34619,53.48139],[-2.34745,53.48195],[-2.34787,53.48165],[-2.34717,53.48126],[-2.34868,53.48102],[-2.34919,53.48169],[-2.34968,53.48154],[-2.35066,53.48304],[-2.34829,53.4833],[-2.34491,53.48319],[-2.34057,53.48343],[-2.3382,53.48291],[-2.33553,53.48302],[-2.3317,53.4837]]]}},{"type":"Feature","properties":{"id":"E01005600","name":"E01005600","parent":"E08000006","type":"LSOA","pop":2501,"r":592,"ff":216,"ffd":8636.5,"ffs":0.5118,"g":167,"co":0,"mo":0,"sa":0,"ic":0},"geometry":{"type":"Polygon","coordinates":[[[-2.3501,53.48204],[-2.34968,53.48154],[-2.34919,53.48169],[-2.34868,53.48102],[-2.34717,53.48126],[-2.34787,53.48165],[-2.34745,53.48195],[-2.34619,53.48139],[-2.34636,53.48128],[-2.34614,53.48107],[-2.34742,53.48044],[-2.34623,53.47936],[-2.34479,53.47985],[-2.34453,53.47962],[-2.34104,53.48126],[-2.33963,53.47987],[-2.33948,53.48096],[-2.3382,53.48106],[-2.33861,53.48026],[-2.33687,53.47825],[-2.34787,53.47572],[-2.3487,53.47664],[-2.34751,53.47689],[-2.34846,53.4779],[-2.34704,53.4785],[-2.34832,53.47833],[-2.34921,53.47922],[-2.34814,53.47911],[-2.34792,53.47933],[-2.34866,53.47957],[-2.3481,53.48041],[-2.34883,53.47987],[-2.34926,53.47993],[-2.35085,53.48185],[-2.3501,53.48204]]]}},{"type":"Feature","properties":{"id":"E01005601","name":"E01005601","parent":"E08000006","type":"LSOA","pop":1798,"r":520,"ff":194,"ffd":10789.8,"ffs":0.5243,"g":146,"co":0,"mo":0,"sa":0,"ic":0},"geometry":{"type":"Polygon","coordinates":[[[-2.34926,53.47993],[-2.34883,53.47987],[-2.3481,53.48041],[-2.34866,53.47957],[-2.34792,53.47933],[-2.34814,53.47911],[-2.34921,53.47922],[-2.34832,53.47833],[-2.34853,53.47805],[-2.34945,53.47807],[-2.35031,53.4776],[-2.35131,53.47829],[-2.35139,53.478],[-2.35268,53.47755],[-2.35153,53.47668],[-2.35052,53.47707],[-2.34973,53.4767],[-2.35001,53.47633],[-2.35083,53.47648],[-2.35264,53.47588],[-2.35338,53.47529],[-2.354,53.4757],[-2.35278,53.47622],[-2.354,53.47699],[-2.35338,53.47815],[-2.35305,53.47797],[-2.35256,53.47821],[-2.35324,53.47849],[-2.35294,53.47902],[-2.35389,53.47947],[-2.35352,53.47957],[-2.35368,53.48043],[-2.35568,53.48226],[-2.35066,53.48304],[-2.3501,53.48204],[-2.35085,53.48185],[-2.34926,53.47993]]]}},{"type":"Feature","properties":{"id":"E01005602","name":"E01005602","parent":"E08000006","type":"LSOA","pop":1738,"r":552,"ff":201,"ffd":11565.0,"ffs":0.5207,"g":162,"co":0,"mo":0,"sa":0,"ic":0},"geometry":{"type":"Polygon","coordinates":[[[-2.35434,53.47999],[-2.35483,53.47966],[-2.35294,53.47902],[-2.35324,53.47849],[-2.35256,53.47821],[-2.35305,53.47797],[-2.35338,53.47815],[-2.354,53.47699],[-2.35278,53.47622],[-2.354,53.4757],[-2.35338,53.47529],[-2.35264,53.47588],[-2.35083,53.47648],[-2.35001,53.47633],[-2.34973,53.4767],[-2.35052,53.47707],[-2.35153,53.47668],[-2.35268,53.47755],[-2.35139,53.478],[-2.35131,53.47829],[-2.35031,53.4776],[-2.34945,53.47807],[-2.34853,53.47805],[-2.34832,53.47833],[-2.34704,53.4785],[-2.34846,53.4779],[-2.34751,53.47689],[-2.3487,53.47664],[-2.34787,53.47572],[-2.35382,53.47434],[-2.35544,53.4764],[-2.35733,53.47592],[-2.3573,53.47653],[-2.3579,53.47669],[-2.35807,53.47624],[-2.35917,53.47587],[-2.35974,53.47667],[-2.36006,53.47647],[-2.36063,53.47708],[-2.35846,53.47761],[-2.35828,53.47729],[-2.3576,53.4772],[-2.35644,53.47756],[-2.3559,53.4774],[-2.35555,53.47757],[-2.35767,53.47921],[-2.35709,53.47946],[-2.35704,53.48043],[-2.35623,53.47982],[-2.35473,53.48045],[-2.35434,53.47999]]]}},{"type":"Feature","properties":{"id":"E01005603","name":"E01005603","parent":"E08000006","type":"LSOA","pop":1944,"r":511,"ff":185,"ffd":9516.5,"ffs":0.5153,"g":148,"co":0,"mo":0,"sa":0,"ic":0},"geometry":{"type":"Polygon","coordinates":[[[-2.35568,53.48226],[-2.35368,53.48043],[-2.35352,53.47957],[-2.35389,53.47947],[-2.35483,53.47966],[-2.35434,53.47999],[-2.35473,53.48045],[-2.35623,53.47982],[-2.35704,53.48043],[-2.35709,53.47946],[-2.35767,53.47921],[-2.35555,53.47757],[-2.3559,53.4774],[-2.35644,53.47756],[-2.3576,53.4772],[-2.35828,53.47729],[-2.35846,53.47761],[-2.36063,53.47708],[-2.36171,53.47659],[-2.36176,53.47682],[-2.36275,53.47645],[-2.36406,53.47772],[-2.36372,53.4779],[-2.36435,53.47801],[-2.36679,53.47716],[-2.36742,53.47748],[-2.36178,53.48014],[-2.35955,53.48072],[-2.35568,53.48226]]]}},{"type":"Feature","properties":{"id":"E01005604","name":"E01005604","parent":"E08000006","type":"LSOA","pop":1728,"r":565,"ff":201,"ffd":11631.9,"ffs":0.518,"g":173,"co":2,"mo":0,"sa":0,"ic":0},"geometry":{"type":"Polygon","coordinates":[[[-2.36062,53.47707],[-2.36006,53.47647],[-2.35974,53.47667],[-2.35917,53.47587],[-2.35807,53.47624],[-2.3579,53.47669],[-2.3573,53.47653],[-2.35733,53.47592],[-2.35544,53.4764],[-2.35382,53.47434],[-2.36903,53.46932],[-2.36952,53.46974],[-2.36936,53.47015],[-2.36727,53.47231],[-2.36777,53.47434],[-2.36688,53.47477],[-2.36751,53.47594],[-2.3671,53.47603],[-2.36411,53.47517],[-2.36375,53.47569],[-2.36062,53.47707]]]}},{"type":"Feature","properties":{"id":"E01005605","name":"E01005605","parent":"E08000006","type":"LSOA","pop":1756,"r":619,"ff":208,"ffd":11845.1,"ffs":0.4804,"g":182,"co":2,"mo":0,"sa":0,"ic":0},"geometry":{"type":"Polygon","coordinates":[[[-2.36406,53.47772],[-2.36275,53.47645],[-2.36176,53.47682],[-2.36171,53.47659],[-2.36375,53.47569],[-2.36411,53.47517],[-2.3671,53.47603],[-2.36751,53.47594],[-2.36688,53.47477],[-2.36777,53.47434],[-2.36727,53.47231],[-2.36936,53.47015],[-2.36952,53.46974],[-2.36903,53.46932],[-2.37715,53.46653],[-2.38086,53.46493],[-2.3831,53.46428],[-2.38474,53.46545],[-2.39078,53.46783],[-2.38623,53.46914],[-2.3749,53.47489],[-2.37441,53.476],[-2.37283,53.4765],[-2.37007,53.47687],[-2.36742,53.47748],[-2.36679,53.47716],[-2.36435,53.47801],[-2.36372,53.4779],[-2.36406,53.47772]]]}},{"type":"Feature","properties":{"id":"E01005610","name":"E01005610","parent":"E08000006","type":"LSOA","pop":3193,"r":759,"ff":308,"ffd":9646.1,"ffs":0.5125,"g":154,"co":2,"mo":0,"sa":0,"ic":0},"geometry":{"type":"Polygon","coordinates":[[[-2.26602,53.49459],[-2.26534,53.49352],[-2.26462,53.49379],[-2.26389,53.49365],[-2.26408,53.49232],[-2.26275,53.49263],[-2.26201,53.49252],[-2.2618,53.49218],[-2.25946,53.49218],[-2.25956,53.49103],[-2.26237,53.49129],[-2.26201,53.49059],[-2.26389,53.49022],[-2.26491,53.49076],[-2.26537,53.49081],[-2.26589,53.49013],[-2.26688,53.49032],[-2.26691,53.49051],[-2.26844,53.48992],[-2.27083,53.49008],[-2.27075,53.4864],[-2.2739,53.48559],[-2.27494,53.48582],[-2.2752,53.48535],[-2.27713,53.48603],[-2.28023,53.48844],[-2.27936,53.48941],[-2.2788,53.49062],[-2.26759,53.49574],[-2.26657,53.49459],[-2.26602,53.49459]]]}},{"type":"Feature","properties":{"id":"E01005611","name":"E01005611","parent":"E08000006","type":"LSOA","pop":2850,"r":773,"ff":314,"ffd":11017.5,"ffs":0.519,"g":163,"co":0,"mo":2,"sa":0,"ic":0},"geometry":{"type":"Polygon","coordinates":[[[-2.26954,53.5011],[-2.26751,53.50016],[-2.26753,53.50076],[-2.26668,53.50043],[-2.26496,53.50124],[-2.26372,53.5013],[-2.26368,53.50209],[-2.26292,53.50171],[-2.26052,53.50238],[-2.26037,53.50213],[-2.26059,53.50182],[-2.26191,53.50159],[-2.2619,53.50102],[-2.26064,53.50116],[-2.26087,53.50142],[-2.26036,53.50154],[-2.26019,53.50123],[-2.26004,53.50158],[-2.25904,53.50183],[-2.25787,53.50051],[-2.25687,53.50085],[-2.25613,53.50003],[-2.25885,53.49957],[-2.27012,53.4946],[-2.27015,53.49749],[-2.27162,53.5013],[-2.27116,53.50325],[-2.26847,53.50296],[-2.26954,53.5011]]]}},{"type":"Feature","properties":{"id":"E01005612","name":"E01005612","parent":"E08000006","type":"LSOA","pop":2670,"r":768,"ff":306,"ffd":11460.7,"ffs":0.5126,"g":166,"co":0,"mo":2,"sa":0,"ic":0},"geometry":{"type":"Polygon","coordinates":[[[-2.2569,53.50673],[-2.25707,53.50632],[-2.25873,53.50635],[-2.25854,53.50444],[-2.25812,53.50451],[-2.25781,53.50387],[-2.25682,53.50385],[-2.25398,53.50462],[-2.25304,53.50466],[-2.25249,53.5039],[-2.25302,53.50348],[-2.25241,53.50286],[-2.25483,53.50038],[-2.25428,53.49958],[-2.25529,53.49915],[-2.25687,53.50085],[-2.25787,53.50051],[-2.25904,53.50183],[-2.26004,53.50158],[-2.26019,53.50123],[-2.26036,53.50154],[-2.26087,53.50142],[-2.26064,53.50116],[-2.2619,53.50102],[-2.26191,53.50159],[-2.26059,53.50182],[-2.26001,53.50238],[-2.26041,53.50316],[-2.26178,53.50368],[-2.26097,53.50441],[-2.2617,53.50469],[-2.26111,53.50514],[-2.2618,53.50665],[-2.26107,53.50686],[-2.26126,53.50774],[-2.25929,53.50818],[-2.2569,53.50673]]]}},{"type":"Feature","properties":{"id":"E01005613","name":"E01005613","parent":"E08000006","type":"LSOA","pop":2916,"r":774,"ff":312,"ffd":10699.6,"ffs":0.5217,"g":171,"co":0,"mo":2,"sa":0,"ic":0},"geometry":{"type":"Polygon","coordinates":[[[-2.24921,53.50953],[-2.25026,53.50805],[-2.24851,53.50774],[-2.24864,53.5071],[-2.2457,53.50654],[-2.24552,53.50596],[-2.24528,53.50482],[-2.24572,53.50486],[-2.2471,53.50241],[-2.24944,53.50336],[-2.25152,53.5039],[-2.25257,53.50317],[-2.25302,53.50348],[-2.25249,53.5039],[-2.25304,53.50466],[-2.25398,53.50462],[-2.25426,53.50532],[-2.25343,53.50685],[-2.25167,53.50663],[-2.25115,53.50775],[-2.25353,53.50811],[-2.25333,53.50882],[-2.25423,53.50868],[-2.2541,53.50829],[-2.25455,53.50861],[-2.25691,53.50782],[-2.25765,53.50822],[-2.25363,53.50904],[-2.25386,53.50936],[-2.25311,53.50953],[-2.25287,53.51034],[-2.24921,53.50953]]]}},{"type":"Feature","properties":{"id":"E01005614","name":"E01005614","parent":"E08000006","type":"LSOA","pop":3295,"r":774,"ff":312,"ffd":9468.9,"ffs":0.5217,"g":171,"co":0,"mo":2,"sa":0,"ic":0},"geometry":{"type":"Polygon","coordinates":[[[-2.25765,53.50822],[-2.25691,53.50782],[-2.25455,53.50861],[-2.2541,53.50829],[-2.25423,53.50868],[-2.25333,53.50882],[-2.25353,53.50811],[-2.25115,53.50775],[-2.25167,53.50663],[-2.25343,53.50685],[-2.25426,53.50532],[-2.25398,53.50462],[-2.25682,53.50385],[-2.25781,53.50387],[-2.25812,53.50451],[-2.25854,53.50444],[-2.25873,53.50635],[-2.25707,53.50632],[-2.2569,53.50673],[-2.25929,53.50818],[-2.25386,53.50936],[-2.25363,53.50904],[-2.25765,53.50822]]]}},{"type":"Feature","properties":{"id":"E01005615","name":"E01005615","parent":"E08000006","type":"LSOA","pop":2611,"r":774,"ff":312,"ffd":11949.4,"ffs":0.5217,"g":171,"co":0,"mo":2,"sa":0,"ic":0},"geometry":{"type":"Polygon","coordinates":[[[-2.26001,53.50238],[-2.26037,53.50213],[-2.26052,53.50238],[-2.26292,53.50171],[-2.26368,53.50209],[-2.26372,53.5013],[-2.26496,53.50124],[-2.26668,53.50043],[-2.26753,53.50076],[-2.26751,53.50016],[-2.26954,53.5011],[-2.26821,53.50346],[-2.2657,53.50357],[-2.26567,53.50392],[-2.26469,53.50469],[-2.26358,53.50602],[-2.26308,53.50781],[-2.26126,53.50774],[-2.26107,53.50686],[-2.2618,53.50665],[-2.26111,53.50514],[-2.2617,53.50469],[-2.26097,53.50441],[-2.26178,53.50368],[-2.26041,53.50316],[-2.26001,53.50238]]]}},{"type":"Feature","properties":{"id":"E01005616","name":"E01005616","parent":"E08000006","type":"LSOA","pop":1396,"r":121,"ff":35,"ffd":2507.2,"ffs":0.5,"g":51,"co":2,"mo":2,"sa":0,"ic":0},"geometry":{"type":"Polygon","coordinates":[[[-2.45096,53.4301],[-2.45067,53.4294],[-2.44888,53.42953],[-2.44806,53.43008],[-2.44801,53.42941],[-2.44369,53.42892],[-2.44293,53.42825],[-2.4423,53.42751],[-2.44256,53.42715],[-2.44323,53.42771],[-2.44302,53.42825],[-2.44409,53.42834],[-2.44415,53.42783],[-2.44583,53.42798],[-2.44661,53.42766],[-2.44619,53.42739],[-2.44673,53.42738],[-2.44722,53.42665],[-2.44615,53.42652],[-2.44584,53.42601],[-2.44598,53.42581],[-2.44407,53.42419],[-2.44299,53.42455],[-2.44135,53.42409],[-2.4418,53.42316],[-2.44265,53.42319],[-2.4423,53.42286],[-2.44605,53.42278],[-2.4461,53.42251],[-2.44665,53.4224],[-2.44701,53.42181],[-2.44906,53.42168],[-2.44914,53.42309],[-2.45032,53.42408],[-2.45175,53.42692],[-2.45351,53.42791],[-2.45483,53.42946],[-2.45277,53.42994],[-2.45096,53.4301]]]}},{"type":"Feature","properties":{"id":"E01005617","name":"E01005617","parent":"E08000006","type":"LSOA","pop":1513,"r":447,"ff":155,"ffd":10244.5,"ffs":0.5099,"g":139,"co":2,"mo":2,"sa":0,"ic":0},"geometry":{"type":"Polygon","coordinates":[[[-2.43853,53.43546],[-2.43695,53.43336],[-2.4359,53.43336],[-2.43609,53.43229],[-2.43511,53.43156],[-2.43832,53.43021],[-2.43873,53.42967],[-2.43945,53.42928],[-2.43905,53.42902],[-2.43936,53.4288],[-2.43595,53.4278],[-2.4364,53.42718],[-2.43731,53.42744],[-2.43727,53.4265],[-2.43816,53.42618],[-2.43846,53.42695],[-2.43901,53.42718],[-2.43877,53.42783],[-2.43969,53.42773],[-2.43996,53.42736],[-2.44169,53.4269],[-2.43791,53.42524],[-2.43818,53.42493],[-2.43899,53.42515],[-2.43963,53.42567],[-2.44223,53.42664],[-2.44256,53.42715],[-2.4423,53.42751],[-2.44369,53.42892],[-2.44801,53.42941],[-2.44806,53.43008],[-2.44888,53.42953],[-2.45067,53.4294],[-2.45096,53.4301],[-2.45277,53.42994],[-2.45408,53.43393],[-2.45299,53.43534],[-2.45288,53.43858],[-2.4534,53.43923],[-2.4507,53.44],[-2.4524,53.44214],[-2.44551,53.44387],[-2.43853,53.43546]]]}},{"type":"Feature","properties":{"id":"E01005618","name":"E01005618","parent":"E08000006","type":"LSOA","pop":2087,"r":135,"ff":42,"ffd":2012.5,"ffs":0.5185,"g":54,"co":2,"mo":2,"sa":0,"ic":0},"geometry":{"type":"Polygon","coordinates":[[[-2.41352,53.43753],[-2.41728,53.43157],[-2.42117,53.42814],[-2.42504,53.42587],[-2.43422,53.42214],[-2.43702,53.42367],[-2.43636,53.42433],[-2.43692,53.42475],[-2.43768,53.42477],[-2.43861,53.42427],[-2.43794,53.42402],[-2.43905,53.4239],[-2.43831,53.42477],[-2.43954,53.42458],[-2.43936,53.42414],[-2.43996,53.42423],[-2.4438,53.42507],[-2.44584,53.42601],[-2.44615,53.42652],[-2.44722,53.42665],[-2.44673,53.42738],[-2.44619,53.42739],[-2.44661,53.42766],[-2.44583,53.42798],[-2.44415,53.42783],[-2.44409,53.42834],[-2.4436,53.42837],[-2.44302,53.42825],[-2.44323,53.42771],[-2.44223,53.42664],[-2.43963,53.42567],[-2.43899,53.42515],[-2.43818,53.42493],[-2.43791,53.42524],[-2.44169,53.4269],[-2.43996,53.42736],[-2.43969,53.42773],[-2.43877,53.42783],[-2.43901,53.42718],[-2.43846,53.42695],[-2.43816,53.42618],[-2.43727,53.4265],[-2.43731,53.42744],[-2.4364,53.42718],[-2.43595,53.4278],[-2.43936,53.4288],[-2.43823,53.42959],[-2.43798,53.42939],[-2.43726,53.42972],[-2.43603,53.42917],[-2.43579,53.42885],[-2.43615,53.4286],[-2.43559,53.42831],[-2.43405,53.43028],[-2.43086,53.42985],[-2.42838,53.43147],[-2.42775,53.43269],[-2.42836,53.4337],[-2.42901,53.43358],[-2.42884,53.4343],[-2.43001,53.43589],[-2.42956,53.43672],[-2.42965,53.43634],[-2.42819,53.43597],[-2.42817,53.43704],[-2.42651,53.43696],[-2.42504,53.43729],[-2.42428,53.43629],[-2.41316,53.43871],[-2.41399,53.43808],[-2.41352,53.43753]]]}},{"type":"Feature","properties":{"id":"E01005619","name":"E01005619","parent":"E08000006","type":"LSOA","pop":1232,"r":127,"ff":39,"ffd":3165.6,"ffs":0.52,"g":52,"co":2,"mo":2,"sa":0,"ic":0},"geometry":{"type":"Polygon","coordinates":[[[-2.4438,53.42507],[-2.43936,53.42414],[-2.43954,53.42458],[-2.43831,53.42477],[-2.43905,53.4239],[-2.43794,53.42402],[-2.43861,53.42427],[-2.43768,53.42477],[-2.43692,53.42475],[-2.43636,53.42433],[-2.43702,53.42367],[-2.43422,53.42214],[-2.44938,53.41589],[-2.4494,53.4168],[-2.45065,53.41729],[-2.45122,53.41884],[-2.44924,53.42047],[-2.44906,53.42168],[-2.44701,53.42181],[-2.44665,53.4224],[-2.4461,53.42251],[-2.44605,53.42278],[-2.4423,53.42286],[-2.44265,53.42319],[-2.4418,53.42316],[-2.44135,53.42409],[-2.44299,53.42455],[-2.44407,53.42419],[-2.44598,53.42581],[-2.4458,53.42601],[-2.4438,53.42507]]]}},{"type":"Feature","properties":{"id":"E01005620","name":"E01005620","parent":"E08000006","type":"LSOA","pop":2655,"r":447,"ff":155,"ffd":5838.0,"ffs":0.5099,"g":139,"co":0,"mo":2,"sa":0,"ic":0},"geometry":{"type":"Polygon","coordinates":[[[-2.41755,53.44342],[-2.4102,53.44341],[-2.41254,53.43996],[-2.41316,53.43871],[-2.42428,53.43629],[-2.42504,53.43729],[-2.42651,53.43696],[-2.42817,53.43704],[-2.42819,53.43597],[-2.42965,53.43634],[-2.42956,53.43672],[-2.42837,53.43791],[-2.42885,53.43803],[-2.42852,53.43847],[-2.42796,53.43873],[-2.43104,53.4397],[-2.43079,53.44042],[-2.4302,53.44121],[-2.42883,53.44096],[-2.42832,53.44173],[-2.42796,53.44167],[-2.43122,53.44242],[-2.43038,53.44438],[-2.43134,53.44657],[-2.42512,53.44495],[-2.41952,53.44401],[-2.41869,53.44347],[-2.41755,53.44342]]]}},{"type":"Feature","properties":{"id":"E01005621","name":"E01005621","parent":"E08000006","type":"LSOA","pop":1800,"r":145,"ff":44,"ffd":2444.4,"ffs":0.5,"g":57,"co":2,"mo":2,"sa":0,"ic":0},"geometry":{"type":"Polygon","coordinates":[[[-2.44591,53.46408],[-2.43346,53.44865],[-2.43134,53.44657],[-2.43038,53.44438],[-2.43122,53.44242],[-2.42796,53.44167],[-2.42832,53.44173],[-2.42883,53.44096],[-2.4302,53.44121],[-2.43079,53.44042],[-2.43104,53.4397],[-2.42796,53.43873],[-2.42852,53.43847],[-2.42885,53.43803],[-2.42837,53.43791],[-2.42956,53.43672],[-2.43001,53.43589],[-2.42884,53.4343],[-2.42901,53.43358],[-2.42836,53.4337],[-2.42775,53.43269],[-2.42838,53.43147],[-2.43086,53.42985],[-2.43405,53.43028],[-2.43559,53.42831],[-2.43615,53.4286],[-2.43579,53.42885],[-2.43603,53.42917],[-2.43726,53.42972],[-2.43798,53.42939],[-2.43823,53.42959],[-2.43905,53.42902],[-2.43945,53.42928],[-2.43873,53.42967],[-2.43832,53.43021],[-2.43511,53.43156],[-2.43609,53.43229],[-2.4359,53.43336],[-2.43695,53.43336],[-2.44551,53.44387],[-2.4524,53.44214],[-2.4507,53.44],[-2.4534,53.43923],[-2.45288,53.43858],[-2.45299,53.43534],[-2.45408,53.43393],[-2.45277,53.42994],[-2.45483,53.42946],[-2.45926,53.43316],[-2.46172,53.43637],[-2.46332,53.43702],[-2.46634,53.43704],[-2.4677,53.43744],[-2.4708,53.43891],[-2.4741,53.43938],[-2.47821,53.44349],[-2.47826,53.44432],[-2.47588,53.44801],[-2.47877,53.45005],[-2.48275,53.45382],[-2.48611,53.45519],[-2.48699,53.45824],[-2.48969,53.45967],[-2.48973,53.46014],[-2.48803,53.46074],[-2.48671,53.4604],[-2.48352,53.46065],[-2.48273,53.46125],[-2.48097,53.46182],[-2.47916,53.46178],[-2.47675,53.46241],[-2.46512,53.46223],[-2.44591,53.46408]]]}},{"type":"Feature","properties":{"id":"E01005622","name":"E01005622","parent":"E08000006","type":"LSOA","pop":1592,"r":749,"ff":291,"ffd":18278.9,"ffs":0.5234,"g":187,"co":0,"mo":0,"sa":0,"ic":0},"geometry":{"type":"Polygon","coordinates":[[[-2.30845,53.50019],[-2.30578,53.49838],[-2.30489,53.49882],[-2.30456,53.49868],[-2.30517,53.498],[-2.30494,53.49777],[-2.30582,53.49733],[-2.3064,53.49778],[-2.3071,53.49744],[-2.30706,53.49775],[-2.30865,53.49848],[-2.30966,53.49763],[-2.31035,53.49752],[-2.31097,53.49872],[-2.31033,53.4989],[-2.3106,53.50009],[-2.31105,53.49974],[-2.31078,53.49924],[-2.31271,53.49871],[-2.31363,53.49772],[-2.31488,53.4986],[-2.31481,53.50052],[-2.31107,53.50118],[-2.3113,53.50148],[-2.31045,53.50168],[-2.30953,53.50164],[-2.30819,53.50058],[-2.30866,53.50038],[-2.30845,53.50019]]]}},{"type":"Feature","properties":{"id":"E01005623","name":"E01005623","parent":"E08000006","type":"LSOA","pop":1316,"r":741,"ff":286,"ffd":21732.5,"ffs":0.5181,"g":184,"co":0,"mo":0,"sa":0,"ic":0},"geometry":{"type":"Polygon","coordinates":[[[-2.30362,53.49835],[-2.30099,53.49689],[-2.30151,53.49654],[-2.30325,53.49748],[-2.30394,53.49704],[-2.30462,53.49746],[-2.30611,53.49682],[-2.30569,53.49644],[-2.30642,53.49616],[-2.30594,53.4957],[-2.30614,53.49595],[-2.30524,53.49602],[-2.30478,53.49644],[-2.30359,53.49542],[-2.30437,53.49514],[-2.30346,53.49429],[-2.30358,53.49393],[-2.30428,53.49336],[-2.30439,53.49234],[-2.30716,53.4925],[-2.30755,53.49308],[-2.30965,53.49296],[-2.3111,53.49473],[-2.30701,53.4957],[-2.30746,53.49603],[-2.30962,53.49532],[-2.31054,53.49607],[-2.30982,53.49634],[-2.3102,53.49668],[-2.30966,53.49662],[-2.30838,53.49715],[-2.30966,53.49763],[-2.30865,53.49848],[-2.30706,53.49775],[-2.3071,53.49744],[-2.3064,53.49778],[-2.30582,53.49733],[-2.30494,53.49777],[-2.30517,53.498],[-2.30456,53.49868],[-2.30489,53.49882],[-2.3034,53.49849],[-2.30362,53.49835]]]}},{"type":"Feature","properties":{"id":"E01005624","name":"E01005624","parent":"E08000006","type":"LSOA","pop":1990,"r":691,"ff":278,"ffd":13969.8,"ffs":0.544,"g":174,"co":0,"mo":0,"sa":0,"ic":0},"geometry":{"type":"Polygon","coordinates":[[[-2.30311,53.50357],[-2.29596,53.50067],[-2.29651,53.49939],[-2.29997,53.50094],[-2.30171,53.49906],[-2.30266,53.49925],[-2.3034,53.49849],[-2.30489,53.49882],[-2.30578,53.49838],[-2.30845,53.50019],[-2.30866,53.50038],[-2.30819,53.50058],[-2.30953,53.50164],[-2.31045,53.50168],[-2.31021,53.5019],[-2.31243,53.50238],[-2.31225,53.50254],[-2.31037,53.50228],[-2.30873,53.50174],[-2.30629,53.50295],[-2.3049,53.50334],[-2.30362,53.50322],[-2.30311,53.50357]]]}},{"type":"Feature","properties":{"id":"E01005625","name":"E01005625","parent":"E08000006","type":"LSOA","pop":1496,"r":710,"ff":270,"ffd":18048.1,"ffs":0.5192,"g":185,"co":2,"mo":0,"sa":0,"ic":0},"geometry":{"type":"Polygon","coordinates":[[[-2.32068,53.50018],[-2.32039,53.49825],[-2.32064,53.49799],[-2.32214,53.49827],[-2.32199,53.49688],[-2.32384,53.49673],[-2.32389,53.4964],[-2.32689,53.49591],[-2.32946,53.4976],[-2.32803,53.49921],[-2.32625,53.50079],[-2.32634,53.50233],[-2.32229,53.50255],[-2.32195,53.5004],[-2.32068,53.50018]]]}},{"type":"Feature","properties":{"id":"E01005626","name":"E01005626","parent":"E08000006","type":"LSOA","pop":1270,"r":716,"ff":272,"ffd":21417.3,"ffs":0.5191,"g":186,"co":0,"mo":0,"sa":0,"ic":0},"geometry":{"type":"Polygon","coordinates":[[[-2.31481,53.50052],[-2.31488,53.4986],[-2.31363,53.49772],[-2.31486,53.49587],[-2.31708,53.49554],[-2.31762,53.49567],[-2.31742,53.49599],[-2.31786,53.49609],[-2.31793,53.49654],[-2.31893,53.49667],[-2.31929,53.49594],[-2.32002,53.4964],[-2.32076,53.49627],[-2.32097,53.49651],[-2.32136,53.49648],[-2.32085,53.49679],[-2.32079,53.49758],[-2.31858,53.49765],[-2.3183,53.49794],[-2.31894,53.49879],[-2.32011,53.49937],[-2.31954,53.49978],[-2.32007,53.5005],[-2.32068,53.50018],[-2.32195,53.5004],[-2.32229,53.50255],[-2.31615,53.50299],[-2.31225,53.50254],[-2.31243,53.50238],[-2.31021,53.5019],[-2.3113,53.50148],[-2.31107,53.50118],[-2.31481,53.50052]]]}},{"type":"Feature","properties":{"id":"E01005627","name":"E01005627","parent":"E08000006","type":"LSOA","pop":1215,"r":725,"ff":268,"ffd":22057.6,"ffs":0.5066,"g":191,"co":0,"mo":0,"sa":0,"ic":0},"geometry":{"type":"Polygon","coordinates":[[[-2.31894,53.49879],[-2.3183,53.49794],[-2.31858,53.49765],[-2.32079,53.49758],[-2.32085,53.49679],[-2.32136,53.49648],[-2.32097,53.49651],[-2.32076,53.49627],[-2.32002,53.4964],[-2.31929,53.49594],[-2.31893,53.49667],[-2.31793,53.49654],[-2.31786,53.49609],[-2.31742,53.49599],[-2.31762,53.49567],[-2.31708,53.49554],[-2.31739,53.49487],[-2.32048,53.49456],[-2.32101,53.49421],[-2.32108,53.49459],[-2.32696,53.49442],[-2.32708,53.49552],[-2.32689,53.49591],[-2.32389,53.4964],[-2.32384,53.49673],[-2.32199,53.49688],[-2.32214,53.49827],[-2.32064,53.49799],[-2.32039,53.49825],[-2.32068,53.50018],[-2.32007,53.5005],[-2.31954,53.49978],[-2.32011,53.49937],[-2.31894,53.49879]]]}},{"type":"Feature","properties":{"id":"E01005628","name":"E01005628","parent":"E08000006","type":"LSOA","pop":1745,"r":779,"ff":304,"ffd":17421.2,"ffs":0.5135,"g":182,"co":0,"mo":0,"sa":0,"ic":0},"geometry":{"type":"Polygon","coordinates":[[[-2.30325,53.49748],[-2.30151,53.49654],[-2.30099,53.49689],[-2.29559,53.49388],[-2.29507,53.49197],[-2.29679,53.49205],[-2.30138,53.49182],[-2.30439,53.49234],[-2.30428,53.49336],[-2.30358,53.49393],[-2.30346,53.49429],[-2.30437,53.49514],[-2.30359,53.49542],[-2.30478,53.49644],[-2.30524,53.49602],[-2.30614,53.49595],[-2.30594,53.4957],[-2.30642,53.49616],[-2.30569,53.49644],[-2.30611,53.49682],[-2.30545,53.49716],[-2.30462,53.49746],[-2.30394,53.49704],[-2.30325,53.49748]]]}},{"type":"Feature","properties":{"id":"E01005629","name":"E01005629","parent":"E08000006","type":"LSOA","pop":1523,"r":708,"ff":275,"ffd":18056.5,"ffs":0.5278,"g":182,"co":0,"mo":0,"sa":0,"ic":0},"geometry":{"type":"Polygon","coordinates":[[[-2.31097,53.49872],[-2.31035,53.49752],[-2.30966,53.49763],[-2.30838,53.49715],[-2.30966,53.49662],[-2.3102,53.49668],[-2.30982,53.49634],[-2.31054,53.49607],[-2.30962,53.49532],[-2.30746,53.49603],[-2.30701,53.4957],[-2.3111,53.49473],[-2.30965,53.49296],[-2.30755,53.49308],[-2.30716,53.4925],[-2.3119,53.49195],[-2.31353,53.49134],[-2.31457,53.49203],[-2.31563,53.49355],[-2.31476,53.49368],[-2.31409,53.49326],[-2.31424,53.49433],[-2.31359,53.4944],[-2.31374,53.49475],[-2.31625,53.49447],[-2.31639,53.49495],[-2.31739,53.49487],[-2.31708,53.49554],[-2.31486,53.49587],[-2.31391,53.49746],[-2.31271,53.49871],[-2.31078,53.49924],[-2.31105,53.49974],[-2.3106,53.50009],[-2.31033,53.4989],[-2.31097,53.49872]]]}},{"type":"Feature","properties":{"id":"E01005630","name":"E01005630","parent":"E08000006","type":"LSOA","pop":1565,"r":694,"ff":263,"ffd":16805.1,"ffs":0.5147,"g":178,"co":0,"mo":0,"sa":0,"ic":0},"geometry":{"type":"Polygon","coordinates":[[[-2.31639,53.49495],[-2.31625,53.49447],[-2.31374,53.49475],[-2.31359,53.4944],[-2.31424,53.49433],[-2.31409,53.49326],[-2.31476,53.49368],[-2.31563,53.49355],[-2.31457,53.49203],[-2.31353,53.49134],[-2.31706,53.48947],[-2.32011,53.48925],[-2.32101,53.49421],[-2.32048,53.49456],[-2.31639,53.49495]]]}},{"type":"Feature","properties":{"id":"E01005631","name":"E01005631","parent":"E08000006","type":"LSOA","pop":1646,"r":934,"ff":340,"ffd":20656.1,"ffs":0.4899,"g":235,"co":0,"mo":0,"sa":0,"ic":0},"geometry":{"type":"Polygon","coordinates":[[[-2.33198,53.48938],[-2.3357,53.48845],[-2.33509,53.48711],[-2.33388,53.48769],[-2.33331,53.48744],[-2.33319,53.48621],[-2.3346,53.48608],[-2.33439,53.48557],[-2.33352,53.48553],[-2.3334,53.485],[-2.33264,53.48498],[-2.33261,53.48444],[-2.33146,53.48407],[-2.33111,53.48421],[-2.33079,53.48356],[-2.3317,53.4837],[-2.33553,53.48302],[-2.3382,53.48291],[-2.34057,53.48343],[-2.34296,53.48327],[-2.34342,53.48423],[-2.34283,53.48457],[-2.34155,53.48457],[-2.34162,53.48496],[-2.34111,53.48498],[-2.33989,53.48432],[-2.3398,53.48468],[-2.33859,53.48507],[-2.33817,53.48508],[-2.33808,53.48463],[-2.33583,53.48473],[-2.33573,53.48536],[-2.33676,53.48543],[-2.3368,53.48603],[-2.33993,53.48618],[-2.33993,53.48651],[-2.34054,53.48654],[-2.34059,53.48712],[-2.34104,53.48724],[-2.342,53.48688],[-2.34284,53.48721],[-2.34002,53.48761],[-2.33973,53.48819],[-2.33793,53.48824],[-2.33792,53.48865],[-2.33735,53.48835],[-2.33587,53.48926],[-2.33582,53.48882],[-2.33411,53.48952],[-2.33198,53.48938]]]}},{"type":"Feature","properties":{"id":"E01005632","name":"E01005632","parent":"E08000006","type":"LSOA","pop":2612,"r":815,"ff":295,"ffd":11294.0,"ffs":0.4908,"g":209,"co":0,"mo":0,"sa":0,"ic":0},"geometry":{"type":"Polygon","coordinates":[[[-2.34504,53.48784],[-2.34365,53.4873],[-2.34397,53.48644],[-2.3368,53.48603],[-2.33676,53.48543],[-2.33573,53.48536],[-2.33583,53.48473],[-2.33808,53.48463],[-2.33817,53.48508],[-2.33859,53.48507],[-2.3398,53.48468],[-2.33989,53.48432],[-2.34111,53.48498],[-2.34162,53.48496],[-2.34155,53.48457],[-2.34283,53.48457],[-2.34342,53.48423],[-2.34296,53.48327],[-2.34396,53.48321],[-2.34379,53.48365],[-2.34464,53.48351],[-2.34756,53.4836],[-2.34855,53.48531],[-2.34962,53.48493],[-2.35086,53.48519],[-2.3517,53.48453],[-2.35247,53.4851],[-2.35322,53.48479],[-2.35341,53.48505],[-2.3583,53.48471],[-2.35888,53.48748],[-2.35981,53.48761],[-2.35888,53.48917],[-2.35531,53.48855],[-2.35511,53.48797],[-2.35447,53.48772],[-2.35383,53.48823],[-2.35155,53.48774],[-2.35011,53.48941],[-2.35075,53.48965],[-2.35021,53.4901],[-2.35063,53.49024],[-2.35034,53.49047],[-2.35076,53.49068],[-2.35006,53.49139],[-2.34931,53.49115],[-2.34946,53.49073],[-2.34801,53.48999],[-2.34861,53.48969],[-2.34504,53.48784]]]}},{"type":"Feature","properties":{"id":"E01005633","name":"E01005633","parent":"E08000006","type":"LSOA","pop":1512,"r":668,"ff":247,"ffd":16336.0,"ffs":0.5061,"g":176,"co":0,"mo":0,"sa":0,"ic":0},"geometry":{"type":"Polygon","coordinates":[[[-2.3334,53.49078],[-2.33461,53.49071],[-2.33745,53.49486],[-2.33686,53.49503],[-2.33699,53.4957],[-2.32946,53.4976],[-2.32689,53.49591],[-2.32708,53.49552],[-2.32696,53.49442],[-2.32721,53.49371],[-2.32907,53.49274],[-2.32955,53.49165],[-2.32953,53.49122],[-2.3334,53.49078]]]}},{"type":"Feature","properties":{"id":"E01005634","name":"E01005634","parent":"E08000006","type":"LSOA","pop":1635,"r":613,"ff":227,"ffd":13883.8,"ffs":0.5124,"g":166,"co":0,"mo":0,"sa":0,"ic":0},"geometry":{"type":"Polygon","coordinates":[[[-2.34246,53.49577],[-2.34354,53.49463],[-2.34349,53.49372],[-2.34528,53.49295],[-2.34595,53.49284],[-2.3471,53.49163],[-2.34795,53.49258],[-2.34899,53.49083],[-2.34946,53.49073],[-2.34931,53.49115],[-2.35006,53.49139],[-2.35076,53.49068],[-2.35356,53.49203],[-2.35143,53.49287],[-2.35176,53.49312],[-2.35041,53.49374],[-2.35052,53.49414],[-2.35137,53.49476],[-2.35337,53.49415],[-2.35543,53.49545],[-2.3536,53.49523],[-2.35281,53.49581],[-2.35144,53.49603],[-2.35058,53.49654],[-2.34824,53.49691],[-2.34246,53.49577]]]}},{"type":"Feature","properties":{"id":"E01005635","name":"E01005635","parent":"E08000006","type":"LSOA","pop":1635,"r":734,"ff":276,"ffd":16880.7,"ffs":0.514,"g":193,"co":0,"mo":0,"sa":0,"ic":0},"geometry":{"type":"Polygon","coordinates":[[[-2.33745,53.49486],[-2.33461,53.49071],[-2.32953,53.49122],[-2.32941,53.48917],[-2.32881,53.48888],[-2.32994,53.4878],[-2.33032,53.48684],[-2.32975,53.48611],[-2.3306,53.48534],[-2.33095,53.4844],[-2.33034,53.48389],[-2.3306,53.4836],[-2.33079,53.48356],[-2.33111,53.48421],[-2.33146,53.48407],[-2.33261,53.48444],[-2.33264,53.48498],[-2.3334,53.485],[-2.33352,53.48553],[-2.33439,53.48557],[-2.3346,53.48608],[-2.33319,53.48621],[-2.33331,53.48744],[-2.33388,53.48769],[-2.33509,53.48711],[-2.3357,53.48845],[-2.33198,53.48938],[-2.33411,53.48952],[-2.33582,53.48882],[-2.33587,53.48926],[-2.33735,53.48835],[-2.33792,53.48865],[-2.33756,53.48892],[-2.33678,53.48873],[-2.33711,53.48903],[-2.33679,53.48945],[-2.3377,53.48923],[-2.33809,53.48942],[-2.3374,53.49],[-2.33943,53.49063],[-2.3401,53.49112],[-2.33944,53.49197],[-2.3406,53.49256],[-2.33887,53.49325],[-2.33856,53.49502],[-2.3375,53.49523],[-2.33699,53.4957],[-2.33686,53.49503],[-2.33745,53.49486]]]}},{"type":"Feature","properties":{"id":"E01005636","name":"E01005636","parent":"E08000006","type":"LSOA","pop":1583,"r":606,"ff":227,"ffd":14339.9,"ffs":0.523,"g":168,"co":0,"mo":0,"sa":0,"ic":0},"geometry":{"type":"Polygon","coordinates":[[[-2.34244,53.49576],[-2.3401,53.49501],[-2.33856,53.49502],[-2.33887,53.49325],[-2.3406,53.49256],[-2.33944,53.49197],[-2.3401,53.49112],[-2.33943,53.49063],[-2.3374,53.49],[-2.33809,53.48942],[-2.3377,53.48923],[-2.33679,53.48945],[-2.33711,53.48903],[-2.33678,53.48873],[-2.33756,53.48892],[-2.33792,53.48865],[-2.33793,53.48824],[-2.33973,53.48819],[-2.34002,53.48761],[-2.34284,53.48721],[-2.342,53.48688],[-2.34104,53.48724],[-2.34059,53.48712],[-2.34054,53.48654],[-2.33993,53.48651],[-2.33993,53.48618],[-2.34397,53.48644],[-2.34365,53.4873],[-2.34861,53.48969],[-2.34801,53.48999],[-2.34946,53.49073],[-2.34899,53.49083],[-2.34795,53.49258],[-2.3471,53.49163],[-2.34595,53.49284],[-2.34528,53.49295],[-2.34349,53.49372],[-2.34354,53.49463],[-2.34244,53.49576]]]}},{"type":"Feature","properties":{"id":"E01005637","name":"E01005637","parent":"E08000006","type":"LSOA","pop":1558,"r":568,"ff":209,"ffd":13414.6,"ffs":0.5098,"g":154,"co":0,"mo":0,"sa":0,"ic":0},"geometry":{"type":"Polygon","coordinates":[[[-2.35543,53.49545],[-2.35337,53.49415],[-2.35137,53.49476],[-2.35052,53.49414],[-2.35041,53.49374],[-2.35176,53.49312],[-2.35143,53.49287],[-2.35356,53.49203],[-2.35034,53.49047],[-2.35063,53.49024],[-2.35021,53.4901],[-2.35075,53.48965],[-2.35011,53.48941],[-2.35155,53.48774],[-2.35383,53.48823],[-2.35447,53.48772],[-2.35511,53.48797],[-2.35531,53.48855],[-2.35888,53.48917],[-2.35723,53.49161],[-2.359,53.49257],[-2.35902,53.4935],[-2.35844,53.49426],[-2.35641,53.49458],[-2.35621,53.49509],[-2.35543,53.49545]]]}},{"type":"Feature","properties":{"id":"E01005638","name":"E01005638","parent":"E08000006","type":"LSOA","pop":2322,"r":549,"ff":202,"ffd":8699.4,"ffs":0.5179,"g":155,"co":0,"mo":0,"sa":0,"ic":0},"geometry":{"type":"Polygon","coordinates":[[[-2.35888,53.48748],[-2.3583,53.48471],[-2.35341,53.48505],[-2.35322,53.48479],[-2.35247,53.4851],[-2.3517,53.48453],[-2.35086,53.48519],[-2.34962,53.48493],[-2.34855,53.48531],[-2.34756,53.4836],[-2.34464,53.48351],[-2.34379,53.48365],[-2.34396,53.48321],[-2.34829,53.4833],[-2.35568,53.48226],[-2.35955,53.48072],[-2.36132,53.48208],[-2.36105,53.4831],[-2.35994,53.4843],[-2.35981,53.48472],[-2.35981,53.48761],[-2.35888,53.48748]]]}},{"type":"Feature","properties":{"id":"E01005639","name":"E01005639","parent":"E08000006","type":"LSOA","pop":1555,"r":447,"ff":155,"ffd":9967.8,"ffs":0.5099,"g":139,"co":0,"mo":2,"sa":0,"ic":0},"geometry":{"type":"Polygon","coordinates":[[[-2.41822,53.45849],[-2.41743,53.45737],[-2.41646,53.45807],[-2.41577,53.45784],[-2.41529,53.45827],[-2.41446,53.45614],[-2.41498,53.45603],[-2.4143,53.45555],[-2.41513,53.45539],[-2.41652,53.45448],[-2.41754,53.45502],[-2.41793,53.45439],[-2.41894,53.45405],[-2.41842,53.45342],[-2.41905,53.45272],[-2.42064,53.45272],[-2.42127,53.45229],[-2.42188,53.45267],[-2.42168,53.45289],[-2.42227,53.45288],[-2.4234,53.45346],[-2.42272,53.45371],[-2.42242,53.4535],[-2.42263,53.45428],[-2.42123,53.45564],[-2.42194,53.45588],[-2.41822,53.45849]]]}},{"type":"Feature","properties":{"id":"E01005640","name":"E01005640","parent":"E08000006","type":"LSOA","pop":1418,"r":447,"ff":155,"ffd":10930.9,"ffs":0.5099,"g":139,"co":0,"mo":2,"sa":0,"ic":0},"geometry":{"type":"Polygon","coordinates":[[[-2.39946,53.47112],[-2.39755,53.46834],[-2.39348,53.46663],[-2.39078,53.46783],[-2.38474,53.46545],[-2.3831,53.46428],[-2.38818,53.46259],[-2.39712,53.45791],[-2.40081,53.45529],[-2.40228,53.45402],[-2.40379,53.45421],[-2.40446,53.45459],[-2.40789,53.45313],[-2.40748,53.45367],[-2.40807,53.45409],[-2.40822,53.45494],[-2.40949,53.45553],[-2.40912,53.4562],[-2.4092,53.45659],[-2.41022,53.45656],[-2.41071,53.45529],[-2.41151,53.45473],[-2.41108,53.45453],[-2.41223,53.45418],[-2.41242,53.45491],[-2.4119,53.455],[-2.41222,53.45568],[-2.41186,53.45613],[-2.4135,53.45723],[-2.4146,53.45654],[-2.41529,53.45827],[-2.41577,53.45784],[-2.41646,53.45807],[-2.41743,53.45737],[-2.41822,53.45849],[-2.41258,53.46268],[-2.41548,53.4662],[-2.40548,53.46926],[-2.405,53.46872],[-2.40141,53.47238],[-2.40027,53.47194],[-2.39946,53.47112]]]}},{"type":"Feature","properties":{"id":"E01005641","name":"E01005641","parent":"E08000006","type":"LSOA","pop":1298,"r":447,"ff":155,"ffd":11941.4,"ffs":0.5099,"g":139,"co":0,"mo":2,"sa":0,"ic":0},"geometry":{"type":"Polygon","coordinates":[[[-2.41222,53.45568],[-2.4119,53.455],[-2.41242,53.45491],[-2.41223,53.45418],[-2.41108,53.45453],[-2.41151,53.45473],[-2.41071,53.45529],[-2.41022,53.45656],[-2.4092,53.45659],[-2.40912,53.4562],[-2.40949,53.45553],[-2.40822,53.45494],[-2.40807,53.45409],[-2.40748,53.45367],[-2.40789,53.45313],[-2.41088,53.45238],[-2.41511,53.4506],[-2.41556,53.45084],[-2.41557,53.45155],[-2.4165,53.45237],[-2.41548,53.45284],[-2.4161,53.4539],[-2.41793,53.45439],[-2.41754,53.45502],[-2.41652,53.45448],[-2.41513,53.45539],[-2.4143,53.45555],[-2.41498,53.45603],[-2.41446,53.45614],[-2.4146,53.45654],[-2.4135,53.45723],[-2.41186,53.45613],[-2.41222,53.45568]]]}},{"type":"Feature","properties":{"id":"E01005642","name":"E01005642","parent":"E08000006","type":"LSOA","pop":1226,"r":209,"ff":69,"ffd":5628.1,"ffs":0.5111,"g":74,"co":0,"mo":2,"sa":0,"ic":0},"geometry":{"type":"Polygon","coordinates":[[[-2.4058,53.45074],[-2.40792,53.44815],[-2.41293,53.44881],[-2.4136,53.4482],[-2.41426,53.44841],[-2.4148,53.44824],[-2.4151,53.44848],[-2.41559,53.44826],[-2.41712,53.44949],[-2.41564,53.45023],[-2.4164,53.45043],[-2.41615,53.45066],[-2.41556,53.45084],[-2.41511,53.4506],[-2.41088,53.45238],[-2.40789,53.45313],[-2.40446,53.45459],[-2.40379,53.45421],[-2.40228,53.45402],[-2.4058,53.45074]]]}},{"type":"Feature","properties":{"id":"E01005643","name":"E01005643","parent":"E08000006","type":"LSOA","pop":1412,"r":190,"ff":63,"ffd":4461.8,"ffs":0.525,"g":70,"co":0,"mo":2,"sa":0,"ic":0},"geometry":{"type":"Polygon","coordinates":[[[-2.40141,53.47238],[-2.405,53.46872],[-2.40548,53.46926],[-2.41548,53.4662],[-2.41258,53.46268],[-2.42194,53.45588],[-2.42123,53.45564],[-2.42263,53.45428],[-2.42242,53.4535],[-2.42272,53.45371],[-2.4234,53.45346],[-2.42227,53.45288],[-2.42168,53.45289],[-2.42188,53.45267],[-2.42127,53.45229],[-2.42064,53.45272],[-2.41905,53.45272],[-2.41842,53.45342],[-2.41894,53.45405],[-2.41793,53.45439],[-2.4161,53.4539],[-2.41548,53.45284],[-2.4165,53.45237],[-2.41557,53.45155],[-2.41556,53.45084],[-2.4164,53.45043],[-2.41564,53.45023],[-2.41712,53.44949],[-2.42095,53.44687],[-2.42091,53.44766],[-2.42009,53.44832],[-2.42106,53.44831],[-2.4214,53.44853],[-2.42028,53.44944],[-2.4213,53.45068],[-2.4223,53.45026],[-2.42292,53.45046],[-2.42348,53.45028],[-2.42293,53.44956],[-2.42336,53.44953],[-2.42435,53.44991],[-2.42942,53.44954],[-2.43157,53.44968],[-2.43346,53.44865],[-2.44591,53.46408],[-2.43452,53.46507],[-2.4362,53.47189],[-2.40558,53.47767],[-2.40167,53.47347],[-2.40211,53.47258],[-2.40141,53.47238]]]}},{"type":"Feature","properties":{"id":"E01005644","name":"E01005644","parent":"E08000006","type":"LSOA","pop":1492,"r":447,"ff":155,"ffd":10388.7,"ffs":0.5099,"g":139,"co":0,"mo":2,"sa":0,"ic":0},"geometry":{"type":"Polygon","coordinates":[[[-2.41712,53.44949],[-2.41559,53.44826],[-2.4151,53.44848],[-2.4148,53.44824],[-2.41426,53.44841],[-2.4136,53.4482],[-2.41293,53.44881],[-2.40792,53.44815],[-2.40947,53.44597],[-2.4102,53.44341],[-2.41755,53.44342],[-2.41643,53.44382],[-2.41652,53.44515],[-2.41751,53.44665],[-2.41798,53.44649],[-2.41928,53.44697],[-2.41895,53.44722],[-2.4186,53.447],[-2.41824,53.44716],[-2.41815,53.44781],[-2.41961,53.44717],[-2.42083,53.44558],[-2.42122,53.44554],[-2.42095,53.44687],[-2.41712,53.44949]]]}},{"type":"Feature","properties":{"id":"E01005645","name":"E01005645","parent":"E08000006","type":"LSOA","pop":1324,"r":188,"ff":60,"ffd":4531.7,"ffs":0.5128,"g":71,"co":0,"mo":2,"sa":0,"ic":0},"geometry":{"type":"Polygon","coordinates":[[[-2.4213,53.45068],[-2.42028,53.44944],[-2.4214,53.44853],[-2.42106,53.44831],[-2.42009,53.44832],[-2.42091,53.44766],[-2.42122,53.44554],[-2.42083,53.44558],[-2.41961,53.44717],[-2.41815,53.44781],[-2.41824,53.44716],[-2.4186,53.447],[-2.41895,53.44722],[-2.41928,53.44697],[-2.41798,53.44649],[-2.41751,53.44665],[-2.41652,53.44515],[-2.41643,53.44382],[-2.41755,53.44342],[-2.41869,53.44347],[-2.41952,53.44401],[-2.42512,53.44495],[-2.43134,53.44657],[-2.43346,53.44865],[-2.43157,53.44968],[-2.42942,53.44954],[-2.42435,53.44991],[-2.42336,53.44953],[-2.42293,53.44956],[-2.42348,53.45028],[-2.42292,53.45046],[-2.4223,53.45026],[-2.4213,53.45068]]]}},{"type":"Feature","properties":{"id":"E01005646","name":"E01005646","parent":"E08000006","type":"LSOA","pop":2435,"r":738,"ff":282,"ffd":11581.1,"ffs":0.5118,"g":182,"co":0,"mo":2,"sa":0,"ic":0},"geometry":{"type":"Polygon","coordinates":[[[-2.25104,53.51662],[-2.24689,53.51432],[-2.24596,53.51319],[-2.24634,53.51302],[-2.24697,53.5139],[-2.24869,53.51266],[-2.24974,53.51269],[-2.25077,53.51308],[-2.251,53.51286],[-2.25246,53.51289],[-2.25362,53.51266],[-2.25337,53.51221],[-2.25398,53.51168],[-2.25478,53.51167],[-2.25532,53.51219],[-2.2561,53.51177],[-2.25696,53.51179],[-2.25806,53.51294],[-2.25735,53.51368],[-2.25623,53.51321],[-2.25561,53.51333],[-2.25536,53.51387],[-2.25633,53.5144],[-2.25534,53.51533],[-2.2547,53.51517],[-2.25459,53.5148],[-2.2538,53.51488],[-2.25221,53.51448],[-2.2525,53.51482],[-2.25166,53.51524],[-2.2529,53.51561],[-2.25274,53.51592],[-2.25208,53.51599],[-2.25257,53.51631],[-2.25339,53.51578],[-2.2549,53.51611],[-2.25486,53.5165],[-2.25731,53.51721],[-2.25765,53.51809],[-2.25104,53.51662]]]}},{"type":"Feature","properties":{"id":"E01005647","name":"E01005647","parent":"E08000006","type":"LSOA","pop":1601,"r":774,"ff":312,"ffd":19487.8,"ffs":0.5217,"g":171,"co":0,"mo":2,"sa":0,"ic":0},"geometry":{"type":"Polygon","coordinates":[[[-2.26038,53.51827],[-2.25875,53.51738],[-2.25954,53.51693],[-2.25971,53.51715],[-2.26156,53.51685],[-2.2624,53.51631],[-2.26227,53.51597],[-2.26404,53.51574],[-2.26351,53.51538],[-2.26414,53.51523],[-2.26478,53.51545],[-2.26484,53.51563],[-2.26667,53.5154],[-2.26489,53.51416],[-2.26578,53.51405],[-2.26551,53.51359],[-2.26615,53.51336],[-2.26576,53.51317],[-2.26677,53.51297],[-2.26703,53.51379],[-2.26776,53.51417],[-2.2674,53.51409],[-2.26711,53.51474],[-2.2678,53.5149],[-2.26812,53.51437],[-2.26856,53.51468],[-2.2695,53.51489],[-2.27012,53.5145],[-2.26998,53.51402],[-2.27114,53.51354],[-2.27226,53.51375],[-2.27275,53.51437],[-2.27271,53.51473],[-2.27183,53.5148],[-2.27155,53.5152],[-2.27404,53.51651],[-2.27161,53.51748],[-2.26038,53.51827]]]}},{"type":"Feature","properties":{"id":"E01005648","name":"E01005648","parent":"E08000006","type":"LSOA","pop":2510,"r":660,"ff":259,"ffd":10318.7,"ffs":0.5297,"g":166,"co":2,"mo":0,"sa":0,"ic":0},"geometry":{"type":"Polygon","coordinates":[[[-2.27226,53.51375],[-2.27114,53.51354],[-2.26998,53.51402],[-2.27012,53.5145],[-2.2695,53.51489],[-2.26856,53.51468],[-2.26812,53.51437],[-2.2678,53.5149],[-2.26711,53.51474],[-2.2674,53.51409],[-2.26776,53.51417],[-2.26703,53.51379],[-2.26677,53.51297],[-2.26716,53.5127],[-2.26577,53.51249],[-2.26816,53.51201],[-2.26816,53.5115],[-2.26624,53.5117],[-2.26542,53.51016],[-2.26598,53.50932],[-2.26872,53.50987],[-2.27242,53.5097],[-2.27388,53.50907],[-2.27473,53.50827],[-2.27593,53.50645],[-2.27616,53.50491],[-2.27673,53.5047],[-2.27732,53.50488],[-2.27767,53.50548],[-2.27736,53.50623],[-2.27675,53.50644],[-2.27722,53.50778],[-2.27932,53.50791],[-2.27992,53.50822],[-2.2798,53.50877],[-2.27778,53.50936],[-2.2781,53.5099],[-2.27899,53.50945],[-2.27966,53.50978],[-2.27961,53.51027],[-2.27869,53.51071],[-2.27891,53.51096],[-2.2794,53.51108],[-2.2807,53.51051],[-2.28114,53.51092],[-2.28052,53.51155],[-2.28326,53.51154],[-2.28452,53.51193],[-2.28612,53.51311],[-2.2862,53.5134],[-2.28508,53.5136],[-2.2826,53.51521],[-2.28012,53.5159],[-2.27404,53.51651],[-2.27155,53.5152],[-2.27183,53.5148],[-2.27271,53.51473],[-2.27275,53.51437],[-2.27226,53.51375]]]}},{"type":"Feature","properties":{"id":"E01005649","name":"E01005649","parent":"E08000006","type":"LSOA","pop":1958,"r":774,"ff":312,"ffd":15934.6,"ffs":0.5217,"g":171,"co":0,"mo":2,"sa":0,"ic":0},"geometry":{"type":"Polygon","coordinates":[[[-2.25898,53.51844],[-2.25855,53.51804],[-2.25765,53.51809],[-2.25731,53.51721],[-2.25486,53.5165],[-2.2549,53.51611],[-2.25339,53.51578],[-2.25257,53.51631],[-2.25208,53.51599],[-2.25274,53.51592],[-2.2529,53.51561],[-2.25166,53.51524],[-2.2525,53.51482],[-2.25221,53.51448],[-2.2538,53.51488],[-2.25459,53.5148],[-2.2547,53.51517],[-2.25534,53.51533],[-2.25633,53.5144],[-2.25536,53.51387],[-2.25561,53.51333],[-2.25623,53.51321],[-2.25735,53.51368],[-2.25806,53.51294],[-2.259,53.51276],[-2.25973,53.51353],[-2.26042,53.5136],[-2.26067,53.51293],[-2.26055,53.51229],[-2.26107,53.51237],[-2.2613,53.51207],[-2.26015,53.51182],[-2.26019,53.51113],[-2.26063,53.51052],[-2.2619,53.51043],[-2.26271,53.50968],[-2.26314,53.51074],[-2.26186,53.51108],[-2.26215,53.51128],[-2.26317,53.51109],[-2.26389,53.51219],[-2.26716,53.5127],[-2.26677,53.51297],[-2.26576,53.51317],[-2.26615,53.51336],[-2.26551,53.51359],[-2.26578,53.51405],[-2.26489,53.51416],[-2.26667,53.5154],[-2.26484,53.51563],[-2.26478,53.51545],[-2.26414,53.51523],[-2.26351,53.51538],[-2.26404,53.51574],[-2.26227,53.51597],[-2.2624,53.51631],[-2.26156,53.51685],[-2.25971,53.51715],[-2.25954,53.51693],[-2.25875,53.51738],[-2.26038,53.51827],[-2.25898,53.51844]]]}},{"type":"Feature","properties":{"id":"E01005650","name":"E01005650","parent":"E08000006","type":"LSOA","pop":2163,"r":774,"ff":312,"ffd":14424.4,"ffs":0.5217,"g":171,"co":0,"mo":2,"sa":0,"ic":0},"geometry":{"type":"Polygon","coordinates":[[[-2.25973,53.51353],[-2.259,53.51276],[-2.25806,53.51294],[-2.25696,53.51179],[-2.25959,53.51081],[-2.25959,53.51025],[-2.25685,53.51045],[-2.25597,53.51009],[-2.25301,53.50989],[-2.25311,53.50953],[-2.26126,53.50774],[-2.26308,53.50781],[-2.26358,53.50602],[-2.26469,53.50469],[-2.26567,53.50392],[-2.2657,53.50357],[-2.26821,53.50346],[-2.26847,53.50296],[-2.27116,53.50325],[-2.27089,53.50437],[-2.26959,53.50568],[-2.26468,53.50826],[-2.26489,53.50883],[-2.26598,53.50932],[-2.26542,53.51016],[-2.26624,53.5117],[-2.26816,53.5115],[-2.26816,53.51201],[-2.26577,53.51249],[-2.26389,53.51219],[-2.26317,53.51109],[-2.26215,53.51128],[-2.26186,53.51108],[-2.26314,53.51074],[-2.26271,53.50968],[-2.2619,53.51043],[-2.26063,53.51052],[-2.26019,53.51113],[-2.26015,53.51182],[-2.2613,53.51207],[-2.26107,53.51237],[-2.26055,53.51229],[-2.26067,53.51293],[-2.26042,53.5136],[-2.25973,53.51353]]]}},{"type":"Feature","properties":{"id":"E01005651","name":"E01005651","parent":"E08000006","type":"LSOA","pop":2404,"r":774,"ff":312,"ffd":12978.4,"ffs":0.5217,"g":171,"co":0,"mo":2,"sa":0,"ic":0},"geometry":{"type":"Polygon","coordinates":[[[-2.24697,53.5139],[-2.24634,53.51302],[-2.24596,53.51319],[-2.24518,53.51209],[-2.24642,53.51155],[-2.24654,53.51081],[-2.24747,53.51022],[-2.24801,53.50942],[-2.25287,53.51034],[-2.25301,53.50989],[-2.25597,53.51009],[-2.25685,53.51045],[-2.25959,53.51025],[-2.25959,53.51081],[-2.25696,53.51179],[-2.2561,53.51177],[-2.25532,53.51219],[-2.25478,53.51167],[-2.25398,53.51168],[-2.25337,53.51221],[-2.25362,53.51266],[-2.25246,53.51289],[-2.251,53.51286],[-2.25077,53.51308],[-2.24974,53.51269],[-2.24869,53.51266],[-2.24697,53.5139]]]}},{"type":"Feature","properties":{"id":"E01005652","name":"E01005652","parent":"E08000006","type":"LSOA","pop":1545,"r":774,"ff":312,"ffd":20194.2,"ffs":0.5217,"g":171,"co":2,"mo":0,"sa":0,"ic":0},"geometry":{"type":"Polygon","coordinates":[[[-2.28452,53.51193],[-2.28326,53.51154],[-2.28052,53.51155],[-2.28114,53.51092],[-2.2807,53.51051],[-2.2794,53.51108],[-2.27891,53.51096],[-2.27869,53.51071],[-2.27961,53.51027],[-2.27966,53.50978],[-2.27899,53.50945],[-2.2781,53.5099],[-2.27778,53.50936],[-2.2798,53.50877],[-2.27992,53.50822],[-2.27932,53.50791],[-2.28098,53.50747],[-2.28129,53.50787],[-2.28177,53.50767],[-2.28285,53.50796],[-2.28349,53.50791],[-2.28453,53.50891],[-2.28529,53.50897],[-2.28688,53.51044],[-2.29038,53.50951],[-2.29047,53.5111],[-2.2908,53.51202],[-2.28961,53.5127],[-2.2862,53.5134],[-2.28612,53.51311],[-2.28452,53.51193]]]}},{"type":"Feature","properties":{"id":"E01005653","name":"E01005653","parent":"E08000006","type":"LSOA","pop":1696,"r":669,"ff":273,"ffd":16096.7,"ffs":0.5385,"g":157,"co":2,"mo":0,"sa":0,"ic":0},"geometry":{"type":"Polygon","coordinates":[[[-2.28453,53.50891],[-2.28349,53.50791],[-2.28285,53.50796],[-2.28177,53.50767],[-2.28129,53.50787],[-2.28098,53.50747],[-2.27932,53.50791],[-2.27722,53.50778],[-2.27675,53.50644],[-2.27736,53.50623],[-2.27767,53.50548],[-2.27732,53.50488],[-2.27673,53.5047],[-2.27616,53.50491],[-2.27545,53.50307],[-2.27569,53.50176],[-2.2784,53.50034],[-2.28186,53.50082],[-2.28518,53.50199],[-2.28943,53.50424],[-2.2905,53.50594],[-2.29038,53.50951],[-2.28688,53.51044],[-2.28529,53.50897],[-2.28453,53.50891]]]}},{"type":"Feature","properties":{"id":"E01005654","name":"E01005654","parent":"E08000006","type":"LSOA","pop":2218,"r":662,"ff":264,"ffd":11902.6,"ffs":0.5421,"g":169,"co":0,"mo":0,"sa":0,"ic":0},"geometry":{"type":"Polygon","coordinates":[[[-2.29185,53.48709],[-2.29176,53.48553],[-2.29027,53.48572],[-2.29039,53.48311],[-2.29104,53.48313],[-2.29133,53.48217],[-2.2928,53.48257],[-2.29392,53.48229],[-2.29412,53.48157],[-2.29582,53.48177],[-2.29579,53.48293],[-2.299,53.48293],[-2.29898,53.48366],[-2.2972,53.48372],[-2.29716,53.48394],[-2.29613,53.48356],[-2.29466,53.48354],[-2.29467,53.48381],[-2.29556,53.48427],[-2.29683,53.48434],[-2.29693,53.48575],[-2.29722,53.48589],[-2.29708,53.48606],[-2.29635,53.48577],[-2.29657,53.48514],[-2.29478,53.48566],[-2.29465,53.48547],[-2.29437,53.48603],[-2.29477,53.4865],[-2.29248,53.48654],[-2.29253,53.48708],[-2.29185,53.48709]]]}},{"type":"Feature","properties":{"id":"E01005656","name":"E01005656","parent":"E08000006","type":"LSOA","pop":1889,"r":793,"ff":316,"ffd":16728.4,"ffs":0.518,"g":178,"co":0,"mo":0,"sa":0,"ic":0},"geometry":{"type":"Polygon","coordinates":[[[-2.29841,53.48751],[-2.29864,53.48665],[-2.29693,53.48575],[-2.29683,53.48434],[-2.29556,53.48427],[-2.29467,53.48381],[-2.29466,53.48354],[-2.29613,53.48356],[-2.29716,53.48394],[-2.2972,53.48372],[-2.29898,53.48366],[-2.299,53.48293],[-2.29579,53.48293],[-2.29582,53.48177],[-2.30152,53.48265],[-2.30106,53.48417],[-2.30088,53.48622],[-2.30053,53.48706],[-2.29919,53.48724],[-2.29889,53.48702],[-2.29841,53.48751]]]}},{"type":"Feature","properties":{"id":"E01005657","name":"E01005657","parent":"E08000006","type":"LSOA","pop":1981,"r":800,"ff":311,"ffd":15699.1,"ffs":0.5107,"g":186,"co":0,"mo":0,"sa":0,"ic":0},"geometry":{"type":"Polygon","coordinates":[[[-2.29167,53.48788],[-2.29153,53.48709],[-2.29253,53.48708],[-2.29248,53.48654],[-2.29477,53.4865],[-2.29437,53.48603],[-2.29465,53.48547],[-2.29478,53.48566],[-2.29657,53.48514],[-2.29635,53.48577],[-2.29708,53.48606],[-2.29722,53.48589],[-2.29864,53.48665],[-2.29841,53.48751],[-2.29889,53.48702],[-2.29919,53.48724],[-2.30053,53.48706],[-2.30037,53.48745],[-2.29897,53.48832],[-2.2949,53.48895],[-2.29495,53.48991],[-2.29241,53.49017],[-2.29109,53.48853],[-2.29176,53.48841],[-2.29167,53.48788]]]}},{"type":"Feature","properties":{"id":"E01005659","name":"E01005659","parent":"E08000006","type":"LSOA","pop":1572,"r":542,"ff":199,"ffd":12659.0,"ffs":0.4889,"g":132,"co":0,"mo":0,"sa":0,"ic":0},"geometry":{"type":"Polygon","coordinates":[[[-2.43225,53.53865],[-2.43287,53.5384],[-2.43349,53.53852],[-2.43345,53.53811],[-2.43416,53.53757],[-2.43538,53.53738],[-2.43556,53.53664],[-2.43527,53.53605],[-2.43484,53.53603],[-2.43479,53.5363],[-2.43167,53.53578],[-2.43114,53.53544],[-2.43176,53.53395],[-2.43104,53.53357],[-2.43029,53.53412],[-2.42885,53.53346],[-2.42709,53.53345],[-2.42688,53.53311],[-2.42574,53.5328],[-2.42606,53.5323],[-2.42537,53.53211],[-2.42609,53.5318],[-2.42674,53.53179],[-2.42738,53.53105],[-2.42775,53.52903],[-2.42854,53.52844],[-2.42905,53.52852],[-2.42749,53.53124],[-2.42894,53.53167],[-2.42822,53.53234],[-2.42975,53.53273],[-2.42984,53.53234],[-2.43143,53.53137],[-2.43268,53.53102],[-2.43249,53.53211],[-2.43462,53.53234],[-2.43579,53.53351],[-2.43842,53.53299],[-2.43954,53.53349],[-2.43922,53.53381],[-2.44081,53.53417],[-2.44191,53.53617],[-2.44098,53.5387],[-2.4381,53.54004],[-2.4372,53.54214],[-2.43271,53.54151],[-2.43225,53.53865]]]}},{"type":"Feature","properties":{"id":"E01005660","name":"E01005660","parent":"E08000006","type":"LSOA","pop":1955,"r":536,"ff":198,"ffd":10127.9,"ffs":0.4865,"g":127,"co":0,"mo":0,"sa":0,"ic":0},"geometry":{"type":"Polygon","coordinates":[[[-2.41864,53.53824],[-2.4176,53.53791],[-2.41714,53.53823],[-2.41644,53.53784],[-2.417,53.53753],[-2.41697,53.53679],[-2.41797,53.53636],[-2.41838,53.53651],[-2.41811,53.53595],[-2.41706,53.53602],[-2.41713,53.53566],[-2.42148,53.53373],[-2.42353,53.53146],[-2.4237,53.53104],[-2.41902,53.52938],[-2.41969,53.52878],[-2.42132,53.52937],[-2.42184,53.52861],[-2.4235,53.52924],[-2.42389,53.52884],[-2.42232,53.5282],[-2.4228,53.52804],[-2.42393,53.52808],[-2.42574,53.52917],[-2.42492,53.53025],[-2.4251,53.53061],[-2.42591,53.53082],[-2.42631,53.5318],[-2.42537,53.53211],[-2.42606,53.5323],[-2.42574,53.5328],[-2.42688,53.53311],[-2.42709,53.53345],[-2.42692,53.53354],[-2.42796,53.53442],[-2.42677,53.535],[-2.42777,53.53606],[-2.42709,53.53693],[-2.42581,53.53713],[-2.42572,53.53686],[-2.42528,53.53688],[-2.42499,53.53729],[-2.42247,53.53472],[-2.4212,53.53551],[-2.42118,53.53489],[-2.41882,53.53599],[-2.4195,53.53681],[-2.42013,53.5367],[-2.42042,53.53705],[-2.41986,53.53717],[-2.41997,53.53799],[-2.41864,53.53824]]]}},{"type":"Feature","properties":{"id":"E01005661","name":"E01005661","parent":"E08000006","type":"LSOA","pop":1923,"r":496,"ff":182,"ffd":9464.4,"ffs":0.5245,"g":146,"co":0,"mo":2,"sa":0,"ic":0},"geometry":{"type":"Polygon","coordinates":[[[-2.42574,53.52917],[-2.42393,53.52808],[-2.4228,53.52804],[-2.42235,53.52729],[-2.42303,53.52644],[-2.42319,53.52577],[-2.42267,53.52565],[-2.42365,53.52499],[-2.42455,53.52502],[-2.42666,53.52436],[-2.42657,53.52383],[-2.42873,53.52373],[-2.42974,53.52407],[-2.43241,53.5224],[-2.44476,53.52448],[-2.44464,53.52679],[-2.43715,53.52787],[-2.4369,53.52739],[-2.43578,53.52734],[-2.43552,53.52818],[-2.43601,53.52829],[-2.43539,53.52914],[-2.43462,53.52935],[-2.4349,53.52855],[-2.43398,53.52839],[-2.4344,53.52819],[-2.43382,53.52779],[-2.43421,53.52711],[-2.43252,53.5271],[-2.43191,53.52658],[-2.43135,53.52655],[-2.43137,53.52703],[-2.43014,53.5272],[-2.42955,53.52805],[-2.42751,53.52808],[-2.42773,53.52847],[-2.42854,53.52844],[-2.42775,53.52903],[-2.42738,53.53105],[-2.42674,53.53179],[-2.42631,53.5318],[-2.42591,53.53082],[-2.4251,53.53061],[-2.42492,53.53025],[-2.42574,53.52917]]]}},{"type":"Feature","properties":{"id":"E01005662","name":"E01005662","parent":"E08000006","type":"LSOA","pop":1733,"r":504,"ff":190,"ffd":10963.6,"ffs":0.4961,"g":119,"co":0,"mo":2,"sa":0,"ic":0},"geometry":{"type":"Polygon","coordinates":[[[-2.43954,53.53349],[-2.43842,53.53299],[-2.43579,53.53351],[-2.43462,53.53234],[-2.43249,53.53211],[-2.43268,53.53102],[-2.43143,53.53137],[-2.42984,53.53234],[-2.42975,53.53273],[-2.42822,53.53234],[-2.42894,53.53167],[-2.42749,53.53124],[-2.42905,53.52852],[-2.42773,53.52847],[-2.42751,53.52808],[-2.42955,53.52805],[-2.43014,53.5272],[-2.43137,53.52703],[-2.43135,53.52655],[-2.43191,53.52658],[-2.43252,53.5271],[-2.43421,53.52711],[-2.43382,53.52779],[-2.4344,53.52819],[-2.43398,53.52839],[-2.4349,53.52855],[-2.43462,53.52935],[-2.43539,53.52914],[-2.43601,53.52829],[-2.43552,53.52818],[-2.43578,53.52734],[-2.4369,53.52739],[-2.43715,53.52787],[-2.44464,53.52679],[-2.44476,53.52448],[-2.45418,53.52605],[-2.4538,53.52671],[-2.45115,53.52828],[-2.45111,53.52865],[-2.44801,53.52818],[-2.44781,53.52937],[-2.44461,53.53093],[-2.44436,53.53154],[-2.44311,53.53235],[-2.44247,53.53367],[-2.44197,53.5337],[-2.44133,53.53497],[-2.44081,53.53417],[-2.43922,53.53381],[-2.43954,53.53349]]]}},{"type":"Feature","properties":{"id":"E01005663","name":"E01005663","parent":"E08000006","type":"LSOA","pop":1593,"r":501,"ff":190,"ffd":11927.2,"ffs":0.5013,"g":119,"co":0,"mo":2,"sa":0,"ic":0},"geometry":{"type":"Polygon","coordinates":[[[-2.42132,53.52937],[-2.41969,53.52878],[-2.41902,53.52938],[-2.41605,53.52823],[-2.4092,53.52639],[-2.4121,53.52361],[-2.41392,53.52392],[-2.41632,53.52463],[-2.41954,53.52443],[-2.42321,53.52389],[-2.42657,53.52383],[-2.42666,53.52436],[-2.42455,53.52502],[-2.42365,53.52499],[-2.42267,53.52565],[-2.42319,53.52577],[-2.42303,53.52644],[-2.42235,53.52729],[-2.4228,53.52804],[-2.42232,53.5282],[-2.42389,53.52884],[-2.4235,53.52924],[-2.42184,53.52861],[-2.42132,53.52937]]]}},{"type":"Feature","properties":{"id":"E01005664","name":"E01005664","parent":"E08000006","type":"LSOA","pop":1826,"r":496,"ff":182,"ffd":9967.1,"ffs":0.5245,"g":146,"co":0,"mo":0,"sa":0,"ic":0},"geometry":{"type":"Polygon","coordinates":[[[-2.42716,53.53955],[-2.42698,53.53936],[-2.42614,53.53967],[-2.42528,53.53952],[-2.42542,53.53896],[-2.42476,53.53885],[-2.42522,53.5381],[-2.42571,53.53803],[-2.42499,53.53729],[-2.42528,53.53688],[-2.42572,53.53686],[-2.42581,53.53713],[-2.42709,53.53693],[-2.42777,53.53606],[-2.42677,53.535],[-2.42796,53.53442],[-2.42692,53.53354],[-2.42709,53.53345],[-2.42885,53.53346],[-2.43029,53.53412],[-2.43104,53.53357],[-2.43176,53.53395],[-2.43114,53.53544],[-2.43167,53.53578],[-2.43479,53.5363],[-2.43484,53.53603],[-2.43527,53.53605],[-2.43556,53.53664],[-2.43538,53.53738],[-2.43416,53.53757],[-2.43345,53.53811],[-2.43349,53.53852],[-2.43287,53.5384],[-2.43225,53.53865],[-2.43271,53.54151],[-2.42698,53.54114],[-2.42673,53.53975],[-2.42716,53.53955]]]}},{"type":"Feature","properties":{"id":"E01005665","name":"E01005665","parent":"E08000006","type":"LSOA","pop":2206,"r":521,"ff":193,"ffd":8748.9,"ffs":0.4874,"g":123,"co":0,"mo":0,"sa":0,"ic":0},"geometry":{"type":"Polygon","coordinates":[[[-2.42324,53.54096],[-2.42155,53.54072],[-2.42138,53.54106],[-2.41403,53.53912],[-2.41034,53.53852],[-2.41713,53.53566],[-2.41706,53.53602],[-2.41811,53.53595],[-2.41838,53.53651],[-2.41797,53.53636],[-2.41697,53.53679],[-2.417,53.53753],[-2.41644,53.53784],[-2.41714,53.53823],[-2.4176,53.53791],[-2.41864,53.53824],[-2.41997,53.53799],[-2.41986,53.53717],[-2.42042,53.53705],[-2.42013,53.5367],[-2.4195,53.53681],[-2.41882,53.53599],[-2.42118,53.53489],[-2.4212,53.53551],[-2.42247,53.53472],[-2.42571,53.53803],[-2.42522,53.5381],[-2.42476,53.53885],[-2.42542,53.53896],[-2.42528,53.53952],[-2.42614,53.53967],[-2.42698,53.53936],[-2.42716,53.53955],[-2.42673,53.53975],[-2.42698,53.54114],[-2.42324,53.54096]]]}},{"type":"Feature","properties":{"id":"E01005667","name":"E01005667","parent":"E08000006","type":"LSOA","pop":2323,"r":872,"ff":359,"ffd":15454.2,"ffs":0.5114,"g":166,"co":2,"mo":0,"sa":0,"ic":0},"geometry":{"type":"Polygon","coordinates":[[[-2.27177,53.47881],[-2.27224,53.47722],[-2.27258,53.47728],[-2.27292,53.47672],[-2.27399,53.47674],[-2.27456,53.47601],[-2.27547,53.47588],[-2.27329,53.47559],[-2.27491,53.47431],[-2.27585,53.47447],[-2.27601,53.47414],[-2.27472,53.4737],[-2.27491,53.47269],[-2.27375,53.47165],[-2.27408,53.47145],[-2.27516,53.47176],[-2.27571,53.47121],[-2.27533,53.47081],[-2.27477,53.47064],[-2.27618,53.4695],[-2.27721,53.47008],[-2.27871,53.46919],[-2.27771,53.46843],[-2.27932,53.46883],[-2.27874,53.47018],[-2.27797,53.47016],[-2.2779,53.47057],[-2.27876,53.47083],[-2.27855,53.47178],[-2.27726,53.47183],[-2.27728,53.4722],[-2.27986,53.47267],[-2.27931,53.47388],[-2.28058,53.47409],[-2.27953,53.47485],[-2.27879,53.47621],[-2.28055,53.47694],[-2.28194,53.47686],[-2.28232,53.47714],[-2.28193,53.47794],[-2.28124,53.47784],[-2.28104,53.47813],[-2.28005,53.47796],[-2.2803,53.47761],[-2.27977,53.47749],[-2.27901,53.47778],[-2.27878,53.47825],[-2.27994,53.47858],[-2.27909,53.47962],[-2.27177,53.47881]]]}},{"type":"Feature","properties":{"id":"E01005670","name":"E01005670","parent":"E08000006","type":"LSOA","pop":1869,"r":690,"ff":268,"ffd":14339.2,"ffs":0.5265,"g":176,"co":0,"mo":0,"sa":0,"ic":0},"geometry":{"type":"Polygon","coordinates":[[[-2.32987,53.52198],[-2.32945,53.52182],[-2.329,53.522],[-2.32904,53.52243],[-2.32759,53.5218],[-2.32581,53.52205],[-2.32551,53.52183],[-2.32606,53.52164],[-2.32557,53.52133],[-2.32776,53.52103],[-2.32741,53.52057],[-2.32639,53.52045],[-2.32596,53.51998],[-2.32638,53.51999],[-2.32679,53.51893],[-2.32583,53.51894],[-2.32589,53.51863],[-2.32495,53.51867],[-2.32338,53.51811],[-2.32344,53.51781],[-2.32062,53.51687],[-2.32011,53.51694],[-2.32087,53.51626],[-2.32121,53.51513],[-2.32541,53.51504],[-2.3257,53.51525],[-2.3248,53.51564],[-2.32405,53.51687],[-2.32716,53.51817],[-2.32798,53.51715],[-2.32982,53.51715],[-2.32968,53.51708],[-2.3301,53.51682],[-2.33074,53.51716],[-2.33226,53.51507],[-2.33253,53.51517],[-2.33255,53.51566],[-2.33477,53.5164],[-2.33452,53.51676],[-2.33368,53.51677],[-2.3345,53.51734],[-2.33307,53.51786],[-2.3332,53.5182],[-2.33257,53.51877],[-2.33318,53.51914],[-2.33452,53.52066],[-2.33504,53.5218],[-2.3309,53.523],[-2.33016,53.52279],[-2.32938,53.52227],[-2.32987,53.52198]]]}},{"type":"Feature","properties":{"id":"E01005671","name":"E01005671","parent":"E08000006","type":"LSOA","pop":1691,"r":695,"ff":269,"ffd":15907.7,"ffs":0.5244,"g":177,"co":0,"mo":0,"sa":0,"ic":0},"geometry":{"type":"Polygon","coordinates":[[[-2.32716,53.51817],[-2.32405,53.51687],[-2.3248,53.51564],[-2.3257,53.51525],[-2.32541,53.51504],[-2.32121,53.51513],[-2.32228,53.51428],[-2.32284,53.5132],[-2.32231,53.5126],[-2.32253,53.5124],[-2.32413,53.51274],[-2.32601,53.51043],[-2.32701,53.50999],[-2.32804,53.51062],[-2.32734,53.51068],[-2.32632,53.51217],[-2.32768,53.51254],[-2.32949,53.50832],[-2.33039,53.50836],[-2.33072,53.50876],[-2.33145,53.50884],[-2.33113,53.50956],[-2.33261,53.50983],[-2.33219,53.51104],[-2.3343,53.5117],[-2.33392,53.51215],[-2.33648,53.51305],[-2.33542,53.51371],[-2.33623,53.51435],[-2.33296,53.51381],[-2.33074,53.51716],[-2.3301,53.51682],[-2.32968,53.51708],[-2.32982,53.51715],[-2.32798,53.51715],[-2.32716,53.51817]]]}},{"type":"Feature","properties":{"id":"E01005672","name":"E01005672","parent":"E08000006","type":"LSOA","pop":1355,"r":695,"ff":269,"ffd":19852.4,"ffs":0.5244,"g":177,"co":0,"mo":0,"sa":0,"ic":0},"geometry":{"type":"Polygon","coordinates":[[[-2.33226,53.51507],[-2.33296,53.51381],[-2.33623,53.51435],[-2.33542,53.51371],[-2.33648,53.51305],[-2.33392,53.51215],[-2.3343,53.5117],[-2.33219,53.51104],[-2.33261,53.50983],[-2.33497,53.50966],[-2.33759,53.51078],[-2.34028,53.51225],[-2.33318,53.51914],[-2.33257,53.51877],[-2.3332,53.5182],[-2.33307,53.51786],[-2.3345,53.51734],[-2.33368,53.51677],[-2.33452,53.51676],[-2.33477,53.5164],[-2.33255,53.51566],[-2.33253,53.51517],[-2.33226,53.51507]]]}},{"type":"Feature","properties":{"id":"E01005673","name":"E01005673","parent":"E08000006","type":"LSOA","pop":1422,"r":695,"ff":269,"ffd":18917.0,"ffs":0.5244,"g":177,"co":0,"mo":0,"sa":0,"ic":0},"geometry":{"type":"Polygon","coordinates":[[[-2.31713,53.51823],[-2.3163,53.51496],[-2.31406,53.51482],[-2.31365,53.5146],[-2.31129,53.5146],[-2.3113,53.51083],[-2.3107,53.50978],[-2.30976,53.5095],[-2.30709,53.51012],[-2.30652,53.50989],[-2.30699,53.51],[-2.30611,53.5086],[-2.30448,53.50911],[-2.30406,53.51061],[-2.30191,53.51057],[-2.30226,53.50835],[-2.3017,53.50823],[-2.30178,53.50791],[-2.30054,53.5077],[-2.30022,53.50707],[-2.30037,53.50655],[-2.3021,53.50641],[-2.30558,53.50393],[-2.30758,53.50512],[-2.30946,53.50479],[-2.30896,53.50356],[-2.31044,53.50353],[-2.31109,53.50564],[-2.31168,53.5065],[-2.31351,53.50832],[-2.31722,53.51006],[-2.31767,53.51017],[-2.31789,53.50996],[-2.32001,53.51093],[-2.32152,53.51122],[-2.32151,53.51077],[-2.32092,53.51046],[-2.3227,53.50997],[-2.323,53.50919],[-2.32601,53.51043],[-2.32413,53.51274],[-2.32253,53.5124],[-2.32231,53.5126],[-2.32284,53.5132],[-2.32228,53.51428],[-2.32121,53.51513],[-2.32087,53.51626],[-2.32011,53.51694],[-2.31948,53.51721],[-2.31912,53.51707],[-2.31776,53.51825],[-2.31713,53.51823]]]}},{"type":"Feature","properties":{"id":"E01005674","name":"E01005674","parent":"E08000006","type":"LSOA","pop":1647,"r":695,"ff":269,"ffd":16332.7,"ffs":0.5244,"g":177,"co":0,"mo":0,"sa":0,"ic":0},"geometry":{"type":"Polygon","coordinates":[[[-2.32804,53.51062],[-2.32701,53.50999],[-2.32601,53.51043],[-2.323,53.50919],[-2.3227,53.50997],[-2.32092,53.51046],[-2.32151,53.51077],[-2.32152,53.51122],[-2.32001,53.51093],[-2.31789,53.50996],[-2.3188,53.50882],[-2.31929,53.5054],[-2.32391,53.507],[-2.3259,53.50739],[-2.32978,53.50785],[-2.33257,53.50797],[-2.33497,53.50966],[-2.33261,53.50983],[-2.33113,53.50956],[-2.33145,53.50884],[-2.33072,53.50876],[-2.33039,53.50836],[-2.32949,53.50832],[-2.32768,53.51254],[-2.32632,53.51217],[-2.32734,53.51068],[-2.32804,53.51062]]]}},{"type":"Feature","properties":{"id":"E01005676","name":"E01005676","parent":"E08000006","type":"LSOA","pop":1181,"r":695,"ff":269,"ffd":22777.3,"ffs":0.5244,"g":177,"co":0,"mo":0,"sa":2,"ic":0},"geometry":{"type":"Polygon","coordinates":[[[-2.34248,53.53666],[-2.34013,53.53506],[-2.34111,53.53307],[-2.34259,53.5314],[-2.3433,53.52936],[-2.34387,53.52923],[-2.34349,53.529],[-2.34462,53.52941],[-2.34473,53.52872],[-2.34399,53.52848],[-2.34452,53.52804],[-2.34542,53.52787],[-2.34797,53.5283],[-2.35068,53.5276],[-2.34931,53.52937],[-2.3536,53.53027],[-2.35275,53.53127],[-2.35327,53.53135],[-2.35283,53.53233],[-2.35468,53.53279],[-2.35389,53.53395],[-2.35267,53.53371],[-2.35215,53.53426],[-2.35378,53.5348],[-2.35316,53.5352],[-2.35217,53.53518],[-2.35145,53.53579],[-2.34874,53.53568],[-2.34804,53.53617],[-2.34883,53.53672],[-2.34866,53.53726],[-2.34675,53.53753],[-2.34248,53.53666]]]}},{"type":"Feature","properties":{"id":"E01005677","name":"E01005677","parent":"E08000006","type":"LSOA","pop":1612,"r":739,"ff":278,"ffd":17245.7,"ffs":0.5082,"g":188,"co":0,"mo":0,"sa":0,"ic":0},"geometry":{"type":"Polygon","coordinates":[[[-2.32836,53.52958],[-2.32476,53.52736],[-2.32338,53.52714],[-2.32349,53.52568],[-2.32556,53.52435],[-2.32482,53.52347],[-2.32499,53.52326],[-2.32688,53.52386],[-2.32771,53.52327],[-2.32809,53.5234],[-2.32795,53.52389],[-2.32954,53.52388],[-2.33053,53.52321],[-2.33167,53.52392],[-2.33201,53.52372],[-2.33153,53.5234],[-2.33158,53.52275],[-2.33504,53.5218],[-2.33654,53.52549],[-2.33733,53.52629],[-2.34316,53.52516],[-2.34769,53.52482],[-2.35438,53.52473],[-2.35442,53.52627],[-2.35089,53.52968],[-2.34931,53.52937],[-2.35068,53.5276],[-2.34797,53.5283],[-2.34542,53.52787],[-2.34452,53.52804],[-2.34399,53.52848],[-2.34473,53.52872],[-2.34462,53.52941],[-2.34349,53.529],[-2.34387,53.52923],[-2.3433,53.52936],[-2.34259,53.5314],[-2.34111,53.53307],[-2.34013,53.53506],[-2.33521,53.53135],[-2.32836,53.52958]]]}},{"type":"Feature","properties":{"id":"E01005678","name":"E01005678","parent":"E08000006","type":"LSOA","pop":1543,"r":695,"ff":269,"ffd":17433.6,"ffs":0.5244,"g":177,"co":0,"mo":0,"sa":0,"ic":0},"geometry":{"type":"Polygon","coordinates":[[[-2.31036,53.52713],[-2.3044,53.52315],[-2.31001,53.5223],[-2.31036,53.52065],[-2.31105,53.52041],[-2.3122,53.51964],[-2.31059,53.51698],[-2.31297,53.51558],[-2.31473,53.51893],[-2.31471,53.5195],[-2.31645,53.52029],[-2.31665,53.52067],[-2.31633,53.52244],[-2.31717,53.52205],[-2.31769,53.52127],[-2.31898,53.52112],[-2.32181,53.52193],[-2.3215,53.5224],[-2.32216,53.52244],[-2.3225,53.52172],[-2.3251,53.52187],[-2.32503,53.52157],[-2.3227,53.52149],[-2.32292,53.52122],[-2.32557,53.52133],[-2.32606,53.52164],[-2.32551,53.52183],[-2.32581,53.52205],[-2.32759,53.5218],[-2.32904,53.52243],[-2.329,53.522],[-2.32945,53.52182],[-2.32987,53.52198],[-2.32938,53.52227],[-2.33016,53.52279],[-2.3309,53.523],[-2.33158,53.52275],[-2.33153,53.5234],[-2.33201,53.52372],[-2.33167,53.52392],[-2.33053,53.52321],[-2.32954,53.52388],[-2.32795,53.52389],[-2.32809,53.5234],[-2.32771,53.52327],[-2.32688,53.52386],[-2.32499,53.52326],[-2.32482,53.52347],[-2.32556,53.52435],[-2.32349,53.52568],[-2.32338,53.52714],[-2.3194,53.52704],[-2.3159,53.52746],[-2.31145,53.52743],[-2.31036,53.52713]]]}},{"type":"Feature","properties":{"id":"E01005679","name":"E01005679","parent":"E08000006","type":"LSOA","pop":1504,"r":695,"ff":269,"ffd":17885.6,"ffs":0.5244,"g":177,"co":0,"mo":0,"sa":0,"ic":0},"geometry":{"type":"Polygon","coordinates":[[[-2.32181,53.52193],[-2.31898,53.52112],[-2.31769,53.52127],[-2.31717,53.52205],[-2.31633,53.52244],[-2.31665,53.52067],[-2.31645,53.52029],[-2.31471,53.5195],[-2.31473,53.51893],[-2.31297,53.51558],[-2.31406,53.51482],[-2.3163,53.51496],[-2.31713,53.51823],[-2.31776,53.51825],[-2.31912,53.51707],[-2.31948,53.51721],[-2.32062,53.51687],[-2.32344,53.51781],[-2.32338,53.51811],[-2.32495,53.51867],[-2.32589,53.51863],[-2.32583,53.51894],[-2.32679,53.51893],[-2.32638,53.51999],[-2.32596,53.51998],[-2.32639,53.52045],[-2.32741,53.52057],[-2.32776,53.52103],[-2.32557,53.52133],[-2.32292,53.52122],[-2.3227,53.52149],[-2.32503,53.52157],[-2.3251,53.52187],[-2.3225,53.52172],[-2.32216,53.52244],[-2.3215,53.5224],[-2.32181,53.52193]]]}},{"type":"Feature","properties":{"id":"E01005680","name":"E01005680","parent":"E08000006","type":"LSOA","pop":1802,"r":844,"ff":330,"ffd":18313.0,"ffs":0.5116,"g":193,"co":0,"mo":0,"sa":0,"ic":0},"geometry":{"type":"Polygon","coordinates":[[[-2.28958,53.49997],[-2.29149,53.49913],[-2.2882,53.4966],[-2.28927,53.49582],[-2.28702,53.49473],[-2.28792,53.4941],[-2.28607,53.4934],[-2.28552,53.49244],[-2.28698,53.49218],[-2.286,53.49198],[-2.28558,53.49152],[-2.28644,53.49061],[-2.28738,53.49091],[-2.2875,53.49022],[-2.28593,53.48965],[-2.28739,53.4878],[-2.28995,53.4885],[-2.29033,53.48775],[-2.29241,53.49017],[-2.29495,53.48991],[-2.29507,53.49197],[-2.29559,53.49388],[-2.30362,53.49835],[-2.30266,53.49925],[-2.30171,53.49906],[-2.29997,53.50094],[-2.29651,53.49939],[-2.29596,53.50067],[-2.29326,53.50231],[-2.29068,53.5033],[-2.28952,53.50209],[-2.28958,53.49997]]]}},{"type":"Feature","properties":{"id":"E01005681","name":"E01005681","parent":"E08000006","type":"LSOA","pop":1709,"r":895,"ff":357,"ffd":20889.4,"ffs":0.5152,"g":196,"co":0,"mo":0,"sa":0,"ic":0},"geometry":{"type":"Polygon","coordinates":[[[-2.28085,53.49154],[-2.2788,53.49062],[-2.27936,53.48941],[-2.28023,53.48844],[-2.27997,53.48822],[-2.28115,53.48698],[-2.28153,53.48706],[-2.28142,53.48741],[-2.28169,53.48779],[-2.28391,53.48826],[-2.28431,53.48869],[-2.28647,53.48884],[-2.28593,53.48965],[-2.2875,53.49022],[-2.28738,53.49091],[-2.28644,53.49061],[-2.28558,53.49152],[-2.286,53.49198],[-2.28698,53.49218],[-2.28414,53.49258],[-2.28219,53.49378],[-2.28185,53.49353],[-2.28227,53.4928],[-2.28053,53.4919],[-2.28085,53.49154]]]}},{"type":"Feature","properties":{"id":"E01005682","name":"E01005682","parent":"E08000006","type":"LSOA","pop":1826,"r":822,"ff":329,"ffd":18017.5,"ffs":0.5157,"g":179,"co":0,"mo":0,"sa":0,"ic":0},"geometry":{"type":"Polygon","coordinates":[[[-2.28431,53.48869],[-2.28391,53.48826],[-2.28169,53.48779],[-2.28142,53.48741],[-2.28153,53.48706],[-2.28115,53.48698],[-2.27997,53.48822],[-2.27713,53.48603],[-2.27842,53.48454],[-2.28616,53.48711],[-2.28825,53.48719],[-2.29033,53.48775],[-2.28995,53.4885],[-2.28739,53.4878],[-2.28647,53.48884],[-2.28431,53.48869]]]}},{"type":"Feature","properties":{"id":"E01005683","name":"E01005683","parent":"E08000006","type":"LSOA","pop":2564,"r":744,"ff":303,"ffd":11817.5,"ffs":0.5306,"g":167,"co":0,"mo":0,"sa":0,"ic":0},"geometry":{"type":"Polygon","coordinates":[[[-2.27995,53.49734],[-2.27742,53.49666],[-2.27847,53.49682],[-2.27866,53.49604],[-2.27832,53.49469],[-2.27784,53.49462],[-2.27858,53.49424],[-2.28124,53.49465],[-2.28219,53.49378],[-2.28414,53.49258],[-2.28552,53.49244],[-2.28607,53.4934],[-2.28792,53.4941],[-2.28702,53.49473],[-2.28927,53.49582],[-2.2882,53.4966],[-2.29149,53.49913],[-2.28958,53.49997],[-2.28952,53.50209],[-2.29068,53.5033],[-2.29064,53.50366],[-2.28943,53.50424],[-2.28518,53.50199],[-2.28186,53.50082],[-2.28186,53.49892],[-2.28289,53.49808],[-2.27983,53.49759],[-2.27995,53.49734]]]}},{"type":"Feature","properties":{"id":"E01005686","name":"E01005686","parent":"E08000006","type":"LSOA","pop":1562,"r":695,"ff":269,"ffd":17221.5,"ffs":0.5244,"g":177,"co":0,"mo":0,"sa":0,"ic":0},"geometry":{"type":"Polygon","coordinates":[[[-2.33598,53.51734],[-2.33666,53.51684],[-2.33594,53.51658],[-2.34031,53.51223],[-2.34247,53.51387],[-2.34243,53.5136],[-2.34371,53.5141],[-2.34421,53.51355],[-2.34624,53.51405],[-2.34671,53.51424],[-2.34654,53.51527],[-2.34972,53.5162],[-2.34589,53.5161],[-2.34584,53.5163],[-2.34549,53.51626],[-2.34543,53.51671],[-2.34437,53.51686],[-2.34461,53.51715],[-2.34407,53.51744],[-2.34138,53.51716],[-2.34033,53.51927],[-2.33879,53.51889],[-2.33745,53.51886],[-2.33574,53.51835],[-2.33614,53.51819],[-2.33598,53.51734]]]}},{"type":"Feature","properties":{"id":"E01005687","name":"E01005687","parent":"E08000006","type":"LSOA","pop":1870,"r":657,"ff":238,"ffd":12727.3,"ffs":0.4887,"g":167,"co":0,"mo":0,"sa":0,"ic":0},"geometry":{"type":"Polygon","coordinates":[[[-2.36169,53.51579],[-2.35555,53.51413],[-2.35469,53.51579],[-2.35323,53.51523],[-2.3532,53.51709],[-2.35298,53.51759],[-2.35218,53.51731],[-2.35163,53.51871],[-2.35111,53.51868],[-2.35122,53.51804],[-2.35073,53.51801],[-2.35081,53.51693],[-2.34958,53.51653],[-2.34918,53.51678],[-2.34892,53.5176],[-2.34932,53.51791],[-2.34607,53.51771],[-2.34633,53.51634],[-2.34584,53.5163],[-2.34589,53.5161],[-2.34972,53.5162],[-2.34889,53.51597],[-2.34892,53.51565],[-2.35054,53.51568],[-2.35082,53.51501],[-2.35155,53.51506],[-2.35243,53.51292],[-2.35154,53.51243],[-2.35036,53.51137],[-2.351,53.51104],[-2.34976,53.51099],[-2.35026,53.50897],[-2.34901,53.50905],[-2.34904,53.50859],[-2.35131,53.5082],[-2.35386,53.50803],[-2.35383,53.50778],[-2.36252,53.5113],[-2.36722,53.51255],[-2.36988,53.51295],[-2.36897,53.51703],[-2.36654,53.52011],[-2.36505,53.51971],[-2.36593,53.51888],[-2.36157,53.51791],[-2.36206,53.5167],[-2.36169,53.51579]]]}},{"type":"Feature","properties":{"id":"E01005688","name":"E01005688","parent":"E08000006","type":"LSOA","pop":1572,"r":695,"ff":269,"ffd":17112.0,"ffs":0.5244,"g":177,"co":0,"mo":0,"sa":0,"ic":0},"geometry":{"type":"Polygon","coordinates":[[[-2.3367,53.52078],[-2.3373,53.52027],[-2.33888,53.52039],[-2.33925,53.51987],[-2.34033,53.52017],[-2.341,53.51949],[-2.34033,53.51927],[-2.34138,53.51716],[-2.34407,53.51744],[-2.34461,53.51715],[-2.34437,53.51686],[-2.34543,53.51671],[-2.34549,53.51626],[-2.34633,53.51634],[-2.34607,53.51771],[-2.34628,53.51821],[-2.34746,53.51883],[-2.34727,53.51934],[-2.34783,53.5198],[-2.34735,53.52083],[-2.34447,53.52366],[-2.34143,53.52267],[-2.34042,53.52194],[-2.3385,53.52185],[-2.33698,53.5214],[-2.3375,53.52096],[-2.3367,53.52078]]]}},{"type":"Feature","properties":{"id":"E01005689","name":"E01005689","parent":"E08000006","type":"LSOA","pop":1540,"r":670,"ff":252,"ffd":16363.6,"ffs":0.503,"g":165,"co":0,"mo":0,"sa":0,"ic":0},"geometry":{"type":"Polygon","coordinates":[[[-2.34889,53.51597],[-2.34654,53.51527],[-2.34671,53.51424],[-2.34421,53.51355],[-2.34371,53.5141],[-2.34243,53.5136],[-2.34247,53.51387],[-2.34076,53.51254],[-2.34119,53.51215],[-2.34296,53.51215],[-2.34378,53.5116],[-2.34428,53.5117],[-2.34459,53.51092],[-2.34397,53.51087],[-2.34412,53.5104],[-2.3459,53.51051],[-2.34617,53.50963],[-2.34665,53.50944],[-2.34814,53.51091],[-2.351,53.51104],[-2.35036,53.51137],[-2.35154,53.51243],[-2.35243,53.51292],[-2.35155,53.51506],[-2.35082,53.51501],[-2.35054,53.51568],[-2.34892,53.51565],[-2.34889,53.51597]]]}},{"type":"Feature","properties":{"id":"E01005690","name":"E01005690","parent":"E08000006","type":"LSOA","pop":1624,"r":681,"ff":251,"ffd":15455.7,"ffs":0.4941,"g":169,"co":0,"mo":0,"sa":0,"ic":0},"geometry":{"type":"Polygon","coordinates":[[[-2.34031,53.51223],[-2.34142,53.5109],[-2.3422,53.50704],[-2.34237,53.50535],[-2.34398,53.5049],[-2.35383,53.50778],[-2.35386,53.50803],[-2.35131,53.5082],[-2.34904,53.50859],[-2.34901,53.50905],[-2.35026,53.50897],[-2.34976,53.51099],[-2.34814,53.51091],[-2.34665,53.50944],[-2.34617,53.50963],[-2.3459,53.51051],[-2.34412,53.5104],[-2.34397,53.51087],[-2.34459,53.51092],[-2.34428,53.5117],[-2.34378,53.5116],[-2.34296,53.51215],[-2.34119,53.51215],[-2.34076,53.51254],[-2.34031,53.51223]]]}},{"type":"Feature","properties":{"id":"E01005691","name":"E01005691","parent":"E08000006","type":"LSOA","pop":1454,"r":695,"ff":269,"ffd":18500.7,"ffs":0.5244,"g":177,"co":0,"mo":0,"sa":0,"ic":0},"geometry":{"type":"Polygon","coordinates":[[[-2.34447,53.52366],[-2.34735,53.52083],[-2.34783,53.5198],[-2.34989,53.51997],[-2.34983,53.52032],[-2.34936,53.5204],[-2.34965,53.52079],[-2.34903,53.52106],[-2.34979,53.52147],[-2.3503,53.52077],[-2.35089,53.52071],[-2.35091,53.51991],[-2.35152,53.51956],[-2.35346,53.51971],[-2.35362,53.51933],[-2.35302,53.51916],[-2.35332,53.51869],[-2.35489,53.519],[-2.35541,53.51887],[-2.3557,53.51913],[-2.35505,53.51963],[-2.3551,53.52074],[-2.35638,53.52023],[-2.35611,53.51984],[-2.35653,53.5194],[-2.35736,53.51941],[-2.35784,53.51829],[-2.35823,53.51834],[-2.35842,53.5177],[-2.35954,53.51794],[-2.35943,53.51742],[-2.36593,53.51888],[-2.36505,53.51971],[-2.36654,53.52011],[-2.36346,53.52217],[-2.35931,53.5238],[-2.35438,53.52473],[-2.34769,53.52482],[-2.34447,53.52366]]]}},{"type":"Feature","properties":{"id":"E01005692","name":"E01005692","parent":"E08000006","type":"LSOA","pop":1483,"r":709,"ff":272,"ffd":18341.2,"ffs":0.5201,"g":182,"co":0,"mo":0,"sa":0,"ic":0},"geometry":{"type":"Polygon","coordinates":[[[-2.33452,53.52066],[-2.33318,53.51914],[-2.33594,53.51658],[-2.33666,53.51684],[-2.33598,53.51734],[-2.33614,53.51819],[-2.33574,53.51835],[-2.33745,53.51886],[-2.33879,53.51889],[-2.341,53.51949],[-2.34033,53.52017],[-2.33925,53.51987],[-2.33888,53.52039],[-2.3373,53.52027],[-2.3367,53.52078],[-2.3375,53.52096],[-2.33698,53.5214],[-2.3385,53.52185],[-2.34042,53.52194],[-2.34143,53.52267],[-2.34769,53.52482],[-2.34316,53.52516],[-2.33733,53.52629],[-2.33654,53.52549],[-2.33452,53.52066]]]}},{"type":"Feature","properties":{"id":"E01005693","name":"E01005693","parent":"E08000006","type":"LSOA","pop":1461,"r":580,"ff":217,"ffd":14852.8,"ffs":0.5035,"g":146,"co":0,"mo":0,"sa":0,"ic":0},"geometry":{"type":"Polygon","coordinates":[[[-2.34783,53.5198],[-2.34727,53.51934],[-2.34746,53.51883],[-2.34628,53.51821],[-2.34607,53.51771],[-2.34932,53.51791],[-2.34892,53.5176],[-2.34918,53.51678],[-2.34958,53.51653],[-2.35081,53.51693],[-2.35073,53.51801],[-2.35122,53.51804],[-2.35111,53.51868],[-2.35163,53.51871],[-2.35218,53.51731],[-2.35298,53.51759],[-2.3532,53.51709],[-2.35323,53.51523],[-2.35469,53.51579],[-2.35555,53.51413],[-2.36169,53.51579],[-2.36206,53.5167],[-2.36157,53.51791],[-2.35943,53.51742],[-2.35954,53.51794],[-2.35842,53.5177],[-2.35823,53.51834],[-2.35784,53.51829],[-2.35736,53.51941],[-2.35653,53.5194],[-2.35611,53.51984],[-2.35638,53.52023],[-2.3551,53.52074],[-2.35505,53.51963],[-2.3557,53.51913],[-2.35541,53.51887],[-2.35489,53.519],[-2.35332,53.51869],[-2.35302,53.51916],[-2.35362,53.51933],[-2.35346,53.51971],[-2.35152,53.51956],[-2.35091,53.51991],[-2.35089,53.52071],[-2.3503,53.52077],[-2.34979,53.52147],[-2.34903,53.52106],[-2.34965,53.52079],[-2.34936,53.5204],[-2.34983,53.52032],[-2.34989,53.51997],[-2.34783,53.5198]]]}},{"type":"Feature","properties":{"id":"E01005694","name":"E01005694","parent":"E08000006","type":"LSOA","pop":1960,"r":695,"ff":269,"ffd":13724.5,"ffs":0.5244,"g":177,"co":0,"mo":0,"sa":0,"ic":0},"geometry":{"type":"Polygon","coordinates":[[[-2.32677,53.50524],[-2.32661,53.50394],[-2.32699,53.50396],[-2.3273,53.50282],[-2.32703,53.5024],[-2.32634,53.50233],[-2.32625,53.50079],[-2.32803,53.49921],[-2.32946,53.4976],[-2.33699,53.4957],[-2.3375,53.49523],[-2.33856,53.49502],[-2.3401,53.49501],[-2.34244,53.49576],[-2.34087,53.49716],[-2.34298,53.49843],[-2.3428,53.50024],[-2.34217,53.501],[-2.34289,53.50201],[-2.34357,53.50205],[-2.34345,53.5027],[-2.34247,53.50294],[-2.34232,53.50272],[-2.34144,53.50302],[-2.34108,53.50362],[-2.34132,53.504],[-2.34328,53.50465],[-2.34323,53.50507],[-2.33882,53.50397],[-2.3382,53.50345],[-2.33787,53.504],[-2.33466,53.50378],[-2.33428,53.50387],[-2.33453,53.50439],[-2.33303,53.50456],[-2.33239,53.50415],[-2.33277,53.50388],[-2.33158,53.5031],[-2.3292,53.50294],[-2.3289,53.50472],[-2.32684,53.50543],[-2.32677,53.50524]]]}},{"type":"Feature","properties":{"id":"E01005695","name":"E01005695","parent":"E08000006","type":"LSOA","pop":1474,"r":629,"ff":222,"ffd":15061.1,"ffs":0.4816,"g":164,"co":0,"mo":0,"sa":0,"ic":0},"geometry":{"type":"Polygon","coordinates":[[[-2.35144,53.50351],[-2.35169,53.5028],[-2.35215,53.50279],[-2.35174,53.50259],[-2.35216,53.50167],[-2.35271,53.5015],[-2.35292,53.49959],[-2.35214,53.49979],[-2.35187,53.49932],[-2.35041,53.50079],[-2.34998,53.50022],[-2.35028,53.49963],[-2.34933,53.49949],[-2.34935,53.49917],[-2.34873,53.49909],[-2.34865,53.4987],[-2.34961,53.49851],[-2.34985,53.49745],[-2.349,53.49672],[-2.35058,53.49654],[-2.35144,53.49603],[-2.35281,53.49581],[-2.3536,53.49523],[-2.35543,53.49545],[-2.35621,53.49509],[-2.35641,53.49458],[-2.35844,53.49426],[-2.35902,53.4935],[-2.359,53.49257],[-2.36198,53.49392],[-2.36764,53.49586],[-2.36653,53.49644],[-2.36641,53.49744],[-2.36748,53.4981],[-2.36741,53.49883],[-2.36549,53.5012],[-2.36571,53.50161],[-2.36326,53.50341],[-2.3622,53.50361],[-2.36016,53.50322],[-2.35576,53.50363],[-2.35144,53.50351]]]}},{"type":"Feature","properties":{"id":"E01005696","name":"E01005696","parent":"E08000006","type":"LSOA","pop":2064,"r":695,"ff":269,"ffd":13032.9,"ffs":0.5244,"g":177,"co":0,"mo":0,"sa":0,"ic":0},"geometry":{"type":"Polygon","coordinates":[[[-2.34502,53.50522],[-2.34398,53.5049],[-2.34325,53.50508],[-2.34328,53.50465],[-2.34132,53.504],[-2.34108,53.50362],[-2.34144,53.50302],[-2.34232,53.50272],[-2.34247,53.50294],[-2.34345,53.5027],[-2.34357,53.50205],[-2.34289,53.50201],[-2.34217,53.501],[-2.3428,53.50024],[-2.34298,53.49843],[-2.34087,53.49716],[-2.34244,53.49576],[-2.34824,53.49691],[-2.349,53.49672],[-2.34985,53.49745],[-2.34961,53.49851],[-2.34865,53.4987],[-2.34873,53.49909],[-2.34935,53.49917],[-2.34933,53.49949],[-2.34971,53.49957],[-2.3483,53.50192],[-2.34869,53.50175],[-2.34891,53.50236],[-2.34841,53.50349],[-2.3478,53.50358],[-2.34795,53.50387],[-2.34698,53.50421],[-2.34716,53.50444],[-2.34555,53.50508],[-2.34562,53.5054],[-2.34502,53.50522]]]}},{"type":"Feature","properties":{"id":"E01005697","name":"E01005697","parent":"E08000006","type":"LSOA","pop":1528,"r":696,"ff":251,"ffd":16426.7,"ffs":0.4836,"g":173,"co":0,"mo":0,"sa":0,"ic":0},"geometry":{"type":"Polygon","coordinates":[[[-2.34795,53.50387],[-2.3478,53.50358],[-2.34841,53.50349],[-2.34891,53.50236],[-2.34869,53.50175],[-2.3483,53.50192],[-2.34971,53.49957],[-2.35028,53.49963],[-2.34998,53.50022],[-2.35041,53.50079],[-2.35187,53.49932],[-2.35214,53.49979],[-2.35292,53.49959],[-2.35271,53.5015],[-2.35216,53.50167],[-2.35174,53.50259],[-2.35215,53.50279],[-2.35169,53.5028],[-2.35144,53.50351],[-2.35576,53.50363],[-2.35442,53.50612],[-2.35674,53.50815],[-2.35607,53.50857],[-2.34562,53.5054],[-2.34555,53.50508],[-2.34716,53.50444],[-2.34698,53.50421],[-2.34795,53.50387]]]}},{"type":"Feature","properties":{"id":"E01005698","name":"E01005698","parent":"E08000006","type":"LSOA","pop":1733,"r":695,"ff":269,"ffd":15522.2,"ffs":0.5244,"g":177,"co":0,"mo":0,"sa":0,"ic":0},"geometry":{"type":"Polygon","coordinates":[[[-2.33596,53.50893],[-2.33493,53.50851],[-2.33337,53.50865],[-2.33257,53.50797],[-2.32978,53.50785],[-2.33006,53.50694],[-2.32874,53.50645],[-2.32782,53.50585],[-2.32707,53.50602],[-2.32684,53.50543],[-2.3289,53.50472],[-2.3292,53.50294],[-2.33158,53.5031],[-2.33277,53.50388],[-2.33239,53.50415],[-2.33303,53.50456],[-2.33311,53.50482],[-2.33508,53.50507],[-2.3359,53.50486],[-2.33663,53.50539],[-2.33708,53.50548],[-2.33759,53.50497],[-2.33865,53.50472],[-2.3389,53.5053],[-2.33866,53.50556],[-2.33783,53.50549],[-2.33755,53.5067],[-2.33828,53.50617],[-2.33947,53.50627],[-2.33953,53.50726],[-2.33908,53.50705],[-2.33817,53.5079],[-2.33724,53.50791],[-2.33644,53.5072],[-2.33589,53.50731],[-2.33692,53.50892],[-2.33596,53.50893]]]}},{"type":"Feature","properties":{"id":"E01005699","name":"E01005699","parent":"E08000006","type":"LSOA","pop":1824,"r":695,"ff":269,"ffd":14747.8,"ffs":0.5244,"g":177,"co":0,"mo":0,"sa":0,"ic":0},"geometry":{"type":"Polygon","coordinates":[[[-2.31168,53.5065],[-2.31109,53.50564],[-2.31035,53.50293],[-2.3111,53.5029],[-2.31362,53.5036],[-2.31358,53.50419],[-2.31506,53.50503],[-2.3152,53.50596],[-2.31658,53.50594],[-2.31919,53.5066],[-2.3188,53.50882],[-2.31767,53.51017],[-2.31351,53.50832],[-2.31168,53.5065]]]}},{"type":"Feature","properties":{"id":"E01005700","name":"E01005700","parent":"E08000006","type":"LSOA","pop":1516,"r":735,"ff":273,"ffd":18007.9,"ffs":0.4955,"g":180,"co":0,"mo":0,"sa":0,"ic":0},"geometry":{"type":"Polygon","coordinates":[[[-2.33497,53.50966],[-2.33337,53.50865],[-2.33493,53.50851],[-2.33596,53.50893],[-2.33692,53.50892],[-2.33589,53.50731],[-2.33644,53.5072],[-2.33724,53.50791],[-2.33817,53.5079],[-2.33908,53.50705],[-2.33953,53.50726],[-2.33947,53.50627],[-2.33828,53.50617],[-2.33755,53.5067],[-2.33783,53.50549],[-2.33866,53.50556],[-2.3389,53.5053],[-2.33865,53.50472],[-2.33759,53.50497],[-2.33708,53.50548],[-2.33663,53.50539],[-2.3359,53.50486],[-2.33508,53.50507],[-2.33311,53.50482],[-2.33303,53.50456],[-2.33453,53.50439],[-2.33428,53.50387],[-2.33466,53.50378],[-2.33787,53.504],[-2.3382,53.50345],[-2.33882,53.50397],[-2.34325,53.50508],[-2.34237,53.50535],[-2.3422,53.50704],[-2.34142,53.5109],[-2.34028,53.51225],[-2.33759,53.51078],[-2.33497,53.50966]]]}},{"type":"Feature","properties":{"id":"E01005701","name":"E01005701","parent":"E08000006","type":"LSOA","pop":1836,"r":735,"ff":281,"ffd":15305.0,"ffs":0.5223,"g":191,"co":0,"mo":0,"sa":0,"ic":0},"geometry":{"type":"Polygon","coordinates":[[[-2.32391,53.507],[-2.31929,53.5054],[-2.31919,53.5066],[-2.31658,53.50594],[-2.3152,53.50596],[-2.31506,53.50503],[-2.31358,53.50419],[-2.31362,53.5036],[-2.3111,53.5029],[-2.31035,53.50293],[-2.31037,53.50228],[-2.31615,53.50299],[-2.32703,53.5024],[-2.3273,53.50282],[-2.32699,53.50396],[-2.32661,53.50394],[-2.32677,53.50524],[-2.32707,53.50602],[-2.32782,53.50585],[-2.32874,53.50645],[-2.33006,53.50694],[-2.32978,53.50785],[-2.32391,53.507]]]}},{"type":"Feature","properties":{"id":"E01005702","name":"E01005702","parent":"E08000006","type":"LSOA","pop":3092,"r":516,"ff":186,"ffd":6015.5,"ffs":0.4806,"g":126,"co":0,"mo":0,"sa":0,"ic":0},"geometry":{"type":"Polygon","coordinates":[[[-2.40011,53.53856],[-2.39568,53.53747],[-2.39298,53.53599],[-2.39888,53.53381],[-2.40036,53.53371],[-2.40059,53.53153],[-2.40049,53.53034],[-2.40254,53.53047],[-2.40198,53.52988],[-2.40257,53.52989],[-2.40231,53.52952],[-2.40327,53.52943],[-2.40404,53.52879],[-2.40464,53.52952],[-2.40609,53.5294],[-2.40626,53.52988],[-2.40579,53.52998],[-2.40611,53.53047],[-2.40691,53.53021],[-2.40769,53.53228],[-2.40852,53.53238],[-2.4079,53.53321],[-2.40762,53.53396],[-2.40817,53.53419],[-2.40839,53.53488],[-2.40982,53.53564],[-2.41191,53.53586],[-2.41156,53.5359],[-2.41314,53.53726],[-2.41391,53.53695],[-2.41034,53.53852],[-2.4088,53.53831],[-2.40011,53.53856]]]}},{"type":"Feature","properties":{"id":"E01005703","name":"E01005703","parent":"E08000006","type":"LSOA","pop":1752,"r":519,"ff":190,"ffd":10844.7,"ffs":0.4822,"g":123,"co":0,"mo":0,"sa":0,"ic":0},"geometry":{"type":"Polygon","coordinates":[[[-2.40839,53.53488],[-2.40817,53.53419],[-2.40762,53.53396],[-2.4079,53.53321],[-2.40852,53.53238],[-2.40769,53.53228],[-2.40739,53.53134],[-2.40782,53.53127],[-2.40881,53.53215],[-2.40978,53.53221],[-2.4111,53.53178],[-2.41075,53.53111],[-2.41153,53.53109],[-2.41157,53.53054],[-2.4121,53.53061],[-2.41231,53.53035],[-2.41529,53.53108],[-2.41558,53.53082],[-2.41938,53.53203],[-2.41909,53.5322],[-2.41847,53.53206],[-2.41688,53.53318],[-2.41598,53.53305],[-2.41439,53.5335],[-2.4144,53.53388],[-2.41547,53.53424],[-2.41595,53.5342],[-2.41661,53.53344],[-2.41697,53.53359],[-2.41756,53.53325],[-2.41763,53.53367],[-2.41621,53.53458],[-2.41713,53.53526],[-2.4178,53.53538],[-2.41314,53.53726],[-2.41156,53.5359],[-2.41191,53.53586],[-2.40982,53.53564],[-2.40839,53.53488]]]}},{"type":"Feature","properties":{"id":"E01005704","name":"E01005704","parent":"E08000006","type":"LSOA","pop":1368,"r":530,"ff":196,"ffd":14327.5,"ffs":0.4888,"g":127,"co":0,"mo":0,"sa":0,"ic":0},"geometry":{"type":"Polygon","coordinates":[[[-2.41763,53.53367],[-2.41756,53.53325],[-2.41697,53.53359],[-2.41661,53.53344],[-2.41595,53.5342],[-2.41547,53.53424],[-2.4144,53.53388],[-2.41439,53.5335],[-2.41598,53.53305],[-2.41688,53.53318],[-2.41847,53.53206],[-2.41909,53.5322],[-2.41938,53.53203],[-2.41653,53.5311],[-2.41569,53.53036],[-2.41613,53.52998],[-2.41581,53.52906],[-2.41507,53.52889],[-2.41509,53.52826],[-2.41605,53.52823],[-2.4237,53.53104],[-2.42353,53.53146],[-2.42148,53.53373],[-2.4178,53.53538],[-2.41713,53.53526],[-2.41621,53.53458],[-2.41763,53.53367]]]}},{"type":"Feature","properties":{"id":"E01005706","name":"E01005706","parent":"E08000006","type":"LSOA","pop":1590,"r":496,"ff":182,"ffd":11446.5,"ffs":0.5245,"g":146,"co":0,"mo":0,"sa":0,"ic":0},"geometry":{"type":"Polygon","coordinates":[[[-2.40881,53.53215],[-2.40782,53.53127],[-2.40739,53.53134],[-2.4059,53.52754],[-2.40651,53.52737],[-2.40669,53.52757],[-2.407,53.52716],[-2.40794,53.52701],[-2.40812,53.52652],[-2.40893,53.5266],[-2.40915,53.52638],[-2.41605,53.52823],[-2.41509,53.52826],[-2.41507,53.52889],[-2.41581,53.52906],[-2.41613,53.52998],[-2.41569,53.53036],[-2.41653,53.5311],[-2.41558,53.53082],[-2.41529,53.53108],[-2.41231,53.53035],[-2.4121,53.53061],[-2.41157,53.53054],[-2.41153,53.53109],[-2.41075,53.53111],[-2.4111,53.53178],[-2.40978,53.53221],[-2.40881,53.53215]]]}},{"type":"Feature","properties":{"id":"E01005707","name":"E01005707","parent":"E08000006","type":"LSOA","pop":1844,"r":494,"ff":188,"ffd":10195.2,"ffs":0.5123,"g":124,"co":0,"mo":0,"sa":0,"ic":0},"geometry":{"type":"Polygon","coordinates":[[[-2.39337,53.52952],[-2.38773,53.52765],[-2.3872,53.52637],[-2.38853,53.52621],[-2.38838,53.52681],[-2.38887,53.52695],[-2.38967,53.52661],[-2.38854,53.52533],[-2.38879,53.52502],[-2.38916,53.52527],[-2.39013,53.52487],[-2.3901,53.52446],[-2.39132,53.52495],[-2.39238,53.52512],[-2.393,53.52433],[-2.39423,53.52416],[-2.39505,53.52488],[-2.39605,53.52516],[-2.39569,53.52541],[-2.39423,53.525],[-2.3934,53.5255],[-2.3952,53.52631],[-2.39518,53.52655],[-2.39573,53.52656],[-2.39635,53.52867],[-2.39742,53.52895],[-2.39864,53.52876],[-2.39903,53.52798],[-2.39976,53.528],[-2.40056,53.53077],[-2.40036,53.53371],[-2.39888,53.53381],[-2.39298,53.53599],[-2.39058,53.53391],[-2.38845,53.53262],[-2.39137,53.53109],[-2.39337,53.52952]]]}},{"type":"Feature","properties":{"id":"E01005708","name":"E01005708","parent":"E08000006","type":"LSOA","pop":1592,"r":496,"ff":182,"ffd":11432.2,"ffs":0.5245,"g":146,"co":0,"mo":0,"sa":0,"ic":0},"geometry":{"type":"Polygon","coordinates":[[[-2.40626,53.52988],[-2.40609,53.5294],[-2.40464,53.52952],[-2.40404,53.52879],[-2.40327,53.52943],[-2.40231,53.52952],[-2.40257,53.52989],[-2.40198,53.52988],[-2.40254,53.53047],[-2.40049,53.53034],[-2.39976,53.528],[-2.39903,53.52798],[-2.39864,53.52876],[-2.39742,53.52895],[-2.39635,53.52867],[-2.39573,53.52656],[-2.39518,53.52655],[-2.3952,53.52631],[-2.39685,53.52622],[-2.3963,53.52562],[-2.39773,53.52504],[-2.39751,53.52461],[-2.39797,53.52456],[-2.39661,53.52401],[-2.39722,53.5235],[-2.40182,53.52444],[-2.40915,53.52638],[-2.40893,53.5266],[-2.40812,53.52652],[-2.40794,53.52701],[-2.407,53.52716],[-2.40669,53.52757],[-2.40651,53.52737],[-2.4059,53.52754],[-2.40691,53.53021],[-2.40611,53.53047],[-2.40579,53.52998],[-2.40626,53.52988]]]}},{"type":"Feature","properties":{"id":"E01005709","name":"E01005709","parent":"E08000006","type":"LSOA","pop":1579,"r":480,"ff":182,"ffd":11526.3,"ffs":0.5028,"g":115,"co":0,"mo":2,"sa":0,"ic":0},"geometry":{"type":"Polygon","coordinates":[[[-2.41392,53.52392],[-2.41572,53.52365],[-2.41633,53.52321],[-2.41619,53.52284],[-2.4166,53.5225],[-2.41917,53.52286],[-2.42003,53.52263],[-2.42146,53.52274],[-2.42199,53.52249],[-2.42289,53.52044],[-2.43241,53.5224],[-2.42974,53.52407],[-2.42873,53.52373],[-2.42321,53.52389],[-2.41954,53.52443],[-2.41632,53.52463],[-2.41392,53.52392]]]}},{"type":"Feature","properties":{"id":"E01005710","name":"E01005710","parent":"E08000006","type":"LSOA","pop":2715,"r":542,"ff":199,"ffd":7329.7,"ffs":0.4889,"g":132,"co":0,"mo":2,"sa":0,"ic":0},"geometry":{"type":"Polygon","coordinates":[[[-2.40858,53.52516],[-2.40839,53.52434],[-2.40771,53.52443],[-2.40753,53.52397],[-2.40694,53.52391],[-2.4076,53.52311],[-2.4049,53.52198],[-2.40522,53.52161],[-2.4048,53.51993],[-2.40537,53.5198],[-2.40556,53.51872],[-2.40459,53.51807],[-2.40514,53.51764],[-2.40845,53.51615],[-2.4102,53.51727],[-2.4138,53.51718],[-2.41691,53.51672],[-2.41826,53.51805],[-2.42289,53.52044],[-2.42199,53.52249],[-2.42146,53.52274],[-2.42003,53.52263],[-2.41917,53.52286],[-2.4166,53.5225],[-2.41619,53.52284],[-2.41633,53.52321],[-2.41572,53.52365],[-2.41392,53.52392],[-2.4121,53.52361],[-2.4105,53.52506],[-2.40992,53.52502],[-2.40949,53.52544],[-2.40858,53.52516]]]}},{"type":"Feature","properties":{"id":"E01005711","name":"E01005711","parent":"E08000006","type":"LSOA","pop":1414,"r":549,"ff":206,"ffd":14568.6,"ffs":0.5202,"g":150,"co":0,"mo":0,"sa":0,"ic":0},"geometry":{"type":"Polygon","coordinates":[[[-2.37704,53.52281],[-2.36653,53.52011],[-2.36897,53.51703],[-2.36978,53.51362],[-2.3718,53.51505],[-2.37136,53.5161],[-2.38087,53.51914],[-2.38112,53.51955],[-2.38582,53.51968],[-2.38583,53.51898],[-2.38638,53.51874],[-2.38687,53.51901],[-2.38761,53.51867],[-2.3879,53.51907],[-2.38945,53.51909],[-2.38943,53.52016],[-2.39002,53.52053],[-2.39058,53.5202],[-2.39156,53.52029],[-2.39131,53.52157],[-2.39177,53.52159],[-2.39171,53.52206],[-2.39273,53.52219],[-2.39296,53.52245],[-2.38978,53.52256],[-2.38576,53.52309],[-2.38211,53.52321],[-2.37704,53.52281]]]}},{"type":"Feature","properties":{"id":"E01005712","name":"E01005712","parent":"E08000006","type":"LSOA","pop":1940,"r":547,"ff":202,"ffd":10412.4,"ffs":0.5114,"g":149,"co":0,"mo":0,"sa":0,"ic":0},"geometry":{"type":"Polygon","coordinates":[[[-2.39722,53.5235],[-2.39492,53.52268],[-2.39296,53.52245],[-2.39273,53.52219],[-2.39171,53.52206],[-2.39177,53.52159],[-2.39131,53.52157],[-2.39156,53.52029],[-2.39058,53.5202],[-2.39002,53.52053],[-2.38943,53.52016],[-2.38945,53.51909],[-2.39053,53.51895],[-2.3907,53.51862],[-2.39198,53.51905],[-2.39235,53.51776],[-2.39193,53.51733],[-2.3926,53.51705],[-2.39223,53.51696],[-2.39219,53.51598],[-2.39499,53.51733],[-2.39468,53.51761],[-2.39518,53.5174],[-2.39552,53.51772],[-2.39628,53.5177],[-2.39665,53.51822],[-2.39858,53.51915],[-2.39828,53.51962],[-2.3996,53.5194],[-2.40111,53.52011],[-2.40024,53.52119],[-2.39836,53.52125],[-2.39843,53.52205],[-2.39651,53.52236],[-2.39617,53.52207],[-2.39564,53.52264],[-2.39699,53.52289],[-2.39774,53.52274],[-2.39843,53.52315],[-2.3987,53.52377],[-2.39722,53.5235]]]}},{"type":"Feature","properties":{"id":"E01005713","name":"E01005713","parent":"E08000006","type":"LSOA","pop":1627,"r":496,"ff":182,"ffd":11186.2,"ffs":0.5245,"g":146,"co":0,"mo":0,"sa":0,"ic":0},"geometry":{"type":"Polygon","coordinates":[[[-2.40504,53.51663],[-2.40435,53.51622],[-2.40313,53.5169],[-2.40185,53.51578],[-2.40101,53.51591],[-2.40138,53.51534],[-2.39993,53.51498],[-2.39952,53.51438],[-2.4009,53.51411],[-2.40133,53.51318],[-2.40345,53.51373],[-2.40307,53.51471],[-2.40413,53.51483],[-2.40452,53.5142],[-2.40401,53.51402],[-2.4043,53.51349],[-2.40544,53.51371],[-2.40578,53.51319],[-2.4046,53.51295],[-2.40497,53.51244],[-2.40604,53.51269],[-2.40608,53.51205],[-2.4083,53.5121],[-2.40868,53.51256],[-2.40844,53.51297],[-2.40893,53.51304],[-2.40932,53.51251],[-2.41003,53.51283],[-2.4107,53.51254],[-2.41129,53.51285],[-2.41195,53.51218],[-2.41275,53.51218],[-2.41213,53.51293],[-2.41227,53.51377],[-2.41466,53.51456],[-2.41458,53.51492],[-2.41691,53.51672],[-2.4138,53.51718],[-2.4102,53.51727],[-2.40845,53.51615],[-2.40514,53.51764],[-2.40459,53.51807],[-2.40328,53.51777],[-2.40504,53.51663]]]}},{"type":"Feature","properties":{"id":"E01005714","name":"E01005714","parent":"E08000006","type":"LSOA","pop":1744,"r":496,"ff":182,"ffd":10435.8,"ffs":0.5245,"g":146,"co":0,"mo":0,"sa":0,"ic":0},"geometry":{"type":"Polygon","coordinates":[[[-2.38582,53.51968],[-2.38112,53.51955],[-2.38087,53.51914],[-2.37136,53.5161],[-2.3718,53.51505],[-2.36978,53.51362],[-2.36988,53.51295],[-2.3743,53.51347],[-2.38093,53.51346],[-2.38844,53.51268],[-2.3898,53.5141],[-2.39031,53.51401],[-2.39007,53.51454],[-2.39097,53.51445],[-2.39232,53.51493],[-2.39257,53.51582],[-2.3921,53.51594],[-2.39223,53.51696],[-2.3926,53.51705],[-2.39193,53.51733],[-2.39235,53.51776],[-2.39198,53.51905],[-2.3907,53.51862],[-2.39053,53.51895],[-2.38945,53.51909],[-2.3879,53.51907],[-2.38761,53.51867],[-2.38687,53.51901],[-2.38638,53.51874],[-2.38583,53.51898],[-2.38582,53.51968]]]}},{"type":"Feature","properties":{"id":"E01005715","name":"E01005715","parent":"E08000006","type":"LSOA","pop":1802,"r":496,"ff":182,"ffd":10099.9,"ffs":0.5245,"g":146,"co":0,"mo":0,"sa":0,"ic":0},"geometry":{"type":"Polygon","coordinates":[[[-2.39665,53.51822],[-2.39628,53.5177],[-2.39552,53.51772],[-2.39518,53.5174],[-2.39468,53.51761],[-2.39499,53.51733],[-2.3921,53.51594],[-2.39257,53.51582],[-2.39232,53.51493],[-2.39097,53.51445],[-2.39007,53.51454],[-2.39031,53.51401],[-2.3898,53.5141],[-2.38844,53.51268],[-2.392,53.51189],[-2.39467,53.51101],[-2.39617,53.51196],[-2.39887,53.51202],[-2.39855,53.51114],[-2.3989,53.51102],[-2.39845,53.51058],[-2.39916,53.51029],[-2.39965,53.51116],[-2.40076,53.51126],[-2.40056,53.51205],[-2.40163,53.51269],[-2.4009,53.51411],[-2.39952,53.51438],[-2.39993,53.51498],[-2.40138,53.51534],[-2.40101,53.51591],[-2.40185,53.51578],[-2.40313,53.5169],[-2.40435,53.51622],[-2.40504,53.51663],[-2.40328,53.51777],[-2.40061,53.51858],[-2.3996,53.5194],[-2.39828,53.51962],[-2.39858,53.51915],[-2.39665,53.51822]]]}},{"type":"Feature","properties":{"id":"E01005716","name":"E01005716","parent":"E08000006","type":"LSOA","pop":1643,"r":458,"ff":169,"ffd":10286.1,"ffs":0.5314,"g":137,"co":0,"mo":0,"sa":0,"ic":0},"geometry":{"type":"Polygon","coordinates":[[[-2.41275,53.51218],[-2.41195,53.51218],[-2.41129,53.51285],[-2.4107,53.51254],[-2.41003,53.51283],[-2.40932,53.51251],[-2.40893,53.51304],[-2.40844,53.51297],[-2.40868,53.51256],[-2.40822,53.51167],[-2.40909,53.51136],[-2.40919,53.51102],[-2.41097,53.51102],[-2.41181,53.51064],[-2.40974,53.50974],[-2.40911,53.50882],[-2.40967,53.50763],[-2.42105,53.50668],[-2.42051,53.50675],[-2.42217,53.50754],[-2.42132,53.50828],[-2.42224,53.50911],[-2.41871,53.51036],[-2.41945,53.51214],[-2.4153,53.51198],[-2.41576,53.51344],[-2.41466,53.51456],[-2.41227,53.51377],[-2.41213,53.51293],[-2.41275,53.51218]]]}},{"type":"Feature","properties":{"id":"E01005717","name":"E01005717","parent":"E08000006","type":"LSOA","pop":1557,"r":470,"ff":173,"ffd":11111.1,"ffs":0.5227,"g":136,"co":0,"mo":0,"sa":0,"ic":0},"geometry":{"type":"Polygon","coordinates":[[[-2.40345,53.51373],[-2.40133,53.51318],[-2.40163,53.51269],[-2.40056,53.51205],[-2.40076,53.51126],[-2.39965,53.51116],[-2.39916,53.51029],[-2.39845,53.51058],[-2.3989,53.51102],[-2.39855,53.51114],[-2.39887,53.51202],[-2.39617,53.51196],[-2.39467,53.51101],[-2.4009,53.50889],[-2.40602,53.50798],[-2.40967,53.50763],[-2.40911,53.50882],[-2.40974,53.50974],[-2.41181,53.51064],[-2.41097,53.51102],[-2.40919,53.51102],[-2.40909,53.51136],[-2.40822,53.51167],[-2.4083,53.5121],[-2.40608,53.51205],[-2.40604,53.51269],[-2.40497,53.51244],[-2.4046,53.51295],[-2.40578,53.51319],[-2.40544,53.51371],[-2.4043,53.51349],[-2.40401,53.51402],[-2.40452,53.5142],[-2.40413,53.51483],[-2.40307,53.51471],[-2.40345,53.51373]]]}},{"type":"Feature","properties":{"id":"E01005718","name":"E01005718","parent":"E08000006","type":"LSOA","pop":1696,"r":493,"ff":186,"ffd":10967.0,"ffs":0.511,"g":126,"co":0,"mo":2,"sa":0,"ic":0},"geometry":{"type":"Polygon","coordinates":[[[-2.4057,53.52547],[-2.3987,53.52377],[-2.39843,53.52315],[-2.39774,53.52274],[-2.39699,53.52289],[-2.39564,53.52264],[-2.39617,53.52207],[-2.39651,53.52236],[-2.39843,53.52205],[-2.39836,53.52125],[-2.40024,53.52119],[-2.40111,53.52011],[-2.3996,53.5194],[-2.40061,53.51858],[-2.40328,53.51777],[-2.40459,53.51807],[-2.40556,53.51872],[-2.40537,53.5198],[-2.4048,53.51993],[-2.40522,53.52161],[-2.4049,53.52198],[-2.4076,53.52311],[-2.40694,53.52391],[-2.40753,53.52397],[-2.40771,53.52443],[-2.40839,53.52434],[-2.40858,53.52516],[-2.40949,53.52544],[-2.40992,53.52502],[-2.4105,53.52506],[-2.4092,53.52639],[-2.4057,53.52547]]]}},{"type":"Feature","properties":{"id":"E01005719","name":"E01005719","parent":"E08000006","type":"LSOA","pop":2143,"r":941,"ff":389,"ffd":18152.1,"ffs":0.5112,"g":176,"co":0,"mo":0,"sa":0,"ic":0},"geometry":{"type":"Polygon","coordinates":[[[-2.32681,53.49027],[-2.32662,53.48952],[-2.32566,53.48957],[-2.32542,53.48984],[-2.32443,53.48993],[-2.32461,53.48917],[-2.31722,53.48942],[-2.31712,53.48907],[-2.31386,53.4878],[-2.31441,53.4872],[-2.31479,53.48756],[-2.31503,53.48736],[-2.31717,53.48746],[-2.31725,53.48726],[-2.31672,53.48723],[-2.31676,53.48665],[-2.3157,53.4866],[-2.31525,53.48499],[-2.31389,53.48485],[-2.31407,53.48434],[-2.32086,53.48509],[-2.32081,53.48409],[-2.32426,53.48407],[-2.32389,53.48323],[-2.3241,53.48174],[-2.32499,53.48169],[-2.32503,53.48135],[-2.32553,53.4813],[-2.32527,53.48038],[-2.33066,53.47972],[-2.3302,53.48361],[-2.3306,53.4836],[-2.33034,53.48389],[-2.33095,53.4844],[-2.3306,53.48534],[-2.32975,53.48611],[-2.33032,53.48684],[-2.32994,53.4878],[-2.32881,53.48888],[-2.32767,53.4889],[-2.32724,53.48942],[-2.32738,53.49026],[-2.32681,53.49027]]]}},{"type":"Feature","properties":{"id":"E01005721","name":"E01005721","parent":"E08000006","type":"LSOA","pop":1613,"r":736,"ff":287,"ffd":17792.9,"ffs":0.5153,"g":174,"co":0,"mo":0,"sa":0,"ic":0},"geometry":{"type":"Polygon","coordinates":[[[-2.30355,53.49215],[-2.30138,53.49182],[-2.29679,53.49205],[-2.29507,53.49197],[-2.2949,53.48895],[-2.29897,53.48832],[-2.30037,53.48745],[-2.30101,53.48546],[-2.30153,53.48547],[-2.30157,53.48576],[-2.30196,53.48552],[-2.30317,53.48563],[-2.30345,53.48698],[-2.30395,53.48722],[-2.30174,53.48747],[-2.30341,53.48821],[-2.30607,53.48816],[-2.30663,53.48761],[-2.30816,53.48754],[-2.30844,53.48863],[-2.30788,53.4888],[-2.30815,53.48998],[-2.30668,53.49251],[-2.30355,53.49215]]]}},{"type":"Feature","properties":{"id":"E01005722","name":"E01005722","parent":"E08000006","type":"LSOA","pop":2108,"r":681,"ff":268,"ffd":12713.5,"ffs":0.5286,"g":169,"co":0,"mo":0,"sa":0,"ic":0},"geometry":{"type":"Polygon","coordinates":[[[-2.3089,53.48815],[-2.3096,53.48755],[-2.31027,53.4879],[-2.31151,53.48784],[-2.31246,53.48712],[-2.31075,53.48696],[-2.3106,53.48586],[-2.31007,53.48569],[-2.31058,53.48571],[-2.31046,53.48467],[-2.30946,53.4847],[-2.30943,53.4844],[-2.31039,53.48429],[-2.31104,53.48384],[-2.30993,53.48366],[-2.3095,53.48321],[-2.31001,53.48328],[-2.31047,53.48277],[-2.31172,53.48291],[-2.31154,53.48386],[-2.31407,53.48434],[-2.31389,53.48485],[-2.31525,53.48499],[-2.3157,53.4866],[-2.31676,53.48665],[-2.31672,53.48723],[-2.31725,53.48726],[-2.31717,53.48746],[-2.31503,53.48736],[-2.31479,53.48756],[-2.31441,53.4872],[-2.31386,53.4878],[-2.31712,53.48907],[-2.31722,53.48942],[-2.31353,53.49134],[-2.3119,53.49195],[-2.30668,53.49251],[-2.30815,53.48998],[-2.30788,53.4888],[-2.30904,53.48852],[-2.3089,53.48815]]]}},{"type":"Feature","properties":{"id":"E01005723","name":"E01005723","parent":"E08000006","type":"LSOA","pop":1738,"r":941,"ff":389,"ffd":22382.0,"ffs":0.5112,"g":176,"co":0,"mo":0,"sa":0,"ic":0},"geometry":{"type":"Polygon","coordinates":[[[-2.30345,53.48698],[-2.30317,53.48563],[-2.30196,53.48552],[-2.30157,53.48576],[-2.30153,53.48547],[-2.30101,53.48546],[-2.30106,53.48417],[-2.30152,53.48265],[-2.29458,53.48162],[-2.29561,53.47864],[-2.29989,53.47911],[-2.30055,53.4761],[-2.30246,53.47521],[-2.30234,53.47215],[-2.30716,53.47436],[-2.3068,53.47515],[-2.30936,53.47635],[-2.30975,53.47698],[-2.30635,53.47993],[-2.30634,53.48036],[-2.30578,53.48042],[-2.30549,53.481],[-2.3059,53.48206],[-2.30343,53.48172],[-2.30302,53.48297],[-2.30425,53.48312],[-2.30381,53.48345],[-2.30404,53.48372],[-2.30343,53.4837],[-2.30351,53.48423],[-2.30439,53.48427],[-2.30496,53.48466],[-2.30429,53.48526],[-2.30456,53.48546],[-2.30452,53.4857],[-2.30495,53.4855],[-2.30539,53.48577],[-2.30546,53.48624],[-2.3054,53.48675],[-2.30395,53.48722],[-2.30345,53.48698]]]}},{"type":"Feature","properties":{"id":"E01005724","name":"E01005724","parent":"E08000006","type":"LSOA","pop":1410,"r":681,"ff":258,"ffd":18297.9,"ffs":0.515,"g":176,"co":0,"mo":0,"sa":0,"ic":0},"geometry":{"type":"Polygon","coordinates":[[[-2.32108,53.49459],[-2.32011,53.48925],[-2.32461,53.48917],[-2.32443,53.48993],[-2.32542,53.48984],[-2.32566,53.48957],[-2.32662,53.48952],[-2.32681,53.49027],[-2.32738,53.49026],[-2.32724,53.48942],[-2.32767,53.4889],[-2.32881,53.48888],[-2.32941,53.48917],[-2.32955,53.49165],[-2.32907,53.49274],[-2.32721,53.49371],[-2.32696,53.49442],[-2.32108,53.49459]]]}},{"type":"Feature","properties":{"id":"E01005725","name":"E01005725","parent":"E08000006","type":"LSOA","pop":1416,"r":517,"ff":180,"ffd":12711.9,"ffs":0.4905,"g":146,"co":0,"mo":0,"sa":0,"ic":0},"geometry":{"type":"Polygon","coordinates":[[[-2.36198,53.49392],[-2.35907,53.4926],[-2.3596,53.49243],[-2.35928,53.49199],[-2.3617,53.49291],[-2.36241,53.49282],[-2.36206,53.49205],[-2.36291,53.4921],[-2.36323,53.49258],[-2.3641,53.49231],[-2.364,53.4919],[-2.36492,53.4917],[-2.36583,53.49223],[-2.36621,53.49181],[-2.36735,53.49184],[-2.36836,53.49136],[-2.36855,53.49162],[-2.3694,53.4914],[-2.36936,53.4917],[-2.36781,53.49309],[-2.36798,53.49377],[-2.36949,53.49313],[-2.36967,53.4936],[-2.37001,53.49339],[-2.37122,53.49143],[-2.37157,53.49219],[-2.37092,53.49311],[-2.37128,53.49339],[-2.37044,53.49415],[-2.37016,53.49527],[-2.36879,53.49612],[-2.36198,53.49392]]]}},{"type":"Feature","properties":{"id":"E01005726","name":"E01005726","parent":"E08000006","type":"LSOA","pop":1463,"r":708,"ff":248,"ffd":16951.5,"ffs":0.4844,"g":192,"co":0,"mo":0,"sa":0,"ic":0},"geometry":{"type":"Polygon","coordinates":[[[-2.36798,53.49377],[-2.36781,53.49309],[-2.36936,53.4917],[-2.3694,53.4914],[-2.36855,53.49162],[-2.3682,53.49112],[-2.3695,53.49041],[-2.36917,53.49014],[-2.36632,53.49012],[-2.36594,53.48875],[-2.36552,53.4888],[-2.36563,53.48719],[-2.36523,53.48673],[-2.36538,53.48623],[-2.36578,53.48605],[-2.36663,53.48708],[-2.36604,53.48731],[-2.36602,53.48773],[-2.36684,53.48815],[-2.36727,53.48716],[-2.36802,53.4869],[-2.36824,53.4872],[-2.37101,53.48734],[-2.37212,53.48641],[-2.37243,53.4836],[-2.37597,53.48312],[-2.37619,53.48626],[-2.37756,53.48916],[-2.37629,53.48919],[-2.3752,53.4888],[-2.37215,53.4893],[-2.3731,53.48981],[-2.37435,53.49082],[-2.37404,53.4912],[-2.37522,53.49109],[-2.37499,53.49224],[-2.37441,53.49236],[-2.37423,53.49212],[-2.37364,53.49273],[-2.37245,53.49266],[-2.37128,53.49339],[-2.37092,53.49311],[-2.37157,53.49219],[-2.37122,53.49143],[-2.37001,53.49339],[-2.36967,53.4936],[-2.36949,53.49313],[-2.36798,53.49377]]]}},{"type":"Feature","properties":{"id":"E01005727","name":"E01005727","parent":"E08000006","type":"LSOA","pop":1367,"r":545,"ff":194,"ffd":14191.7,"ffs":0.4949,"g":149,"co":0,"mo":0,"sa":0,"ic":0},"geometry":{"type":"Polygon","coordinates":[[[-2.3617,53.49291],[-2.35939,53.49196],[-2.3596,53.49243],[-2.35907,53.4926],[-2.35723,53.49161],[-2.35888,53.48917],[-2.36203,53.48939],[-2.36164,53.49061],[-2.3621,53.4908],[-2.36366,53.49018],[-2.36516,53.49067],[-2.36755,53.49015],[-2.36917,53.49014],[-2.3695,53.49041],[-2.3682,53.49112],[-2.36836,53.49136],[-2.36735,53.49184],[-2.36621,53.49181],[-2.36583,53.49223],[-2.36492,53.4917],[-2.364,53.4919],[-2.3641,53.49231],[-2.36323,53.49258],[-2.36291,53.4921],[-2.36206,53.49205],[-2.36241,53.49282],[-2.3617,53.49291]]]}},{"type":"Feature","properties":{"id":"E01005728","name":"E01005728","parent":"E08000006","type":"LSOA","pop":1830,"r":522,"ff":191,"ffd":10437.2,"ffs":0.5219,"g":152,"co":0,"mo":0,"sa":0,"ic":0},"geometry":{"type":"Polygon","coordinates":[[[-2.36164,53.49061],[-2.36203,53.48939],[-2.35888,53.48917],[-2.35981,53.48761],[-2.35981,53.48472],[-2.3615,53.48461],[-2.36145,53.48439],[-2.36235,53.48423],[-2.36425,53.48518],[-2.36594,53.48486],[-2.36611,53.48558],[-2.36662,53.48531],[-2.36649,53.48499],[-2.36742,53.48491],[-2.36781,53.48569],[-2.36871,53.48555],[-2.37052,53.48647],[-2.36889,53.48719],[-2.36824,53.4872],[-2.36802,53.4869],[-2.36727,53.48716],[-2.36684,53.48815],[-2.36602,53.48773],[-2.36604,53.48731],[-2.36663,53.48708],[-2.36578,53.48605],[-2.36538,53.48623],[-2.36523,53.48673],[-2.36563,53.48719],[-2.36552,53.4888],[-2.36594,53.48875],[-2.36632,53.49012],[-2.36755,53.49015],[-2.36516,53.49067],[-2.36366,53.49018],[-2.3621,53.4908],[-2.36164,53.49061]]]}},{"type":"Feature","properties":{"id":"E01005729","name":"E01005729","parent":"E08000006","type":"LSOA","pop":1588,"r":512,"ff":185,"ffd":11649.9,"ffs":0.5168,"g":150,"co":0,"mo":0,"sa":0,"ic":0},"geometry":{"type":"Polygon","coordinates":[[[-2.36285,53.48453],[-2.36235,53.48423],[-2.36145,53.48439],[-2.3615,53.48461],[-2.35981,53.48472],[-2.35994,53.4843],[-2.36105,53.4831],[-2.36132,53.48208],[-2.35955,53.48072],[-2.36178,53.48014],[-2.36587,53.47831],[-2.36601,53.47849],[-2.36583,53.47918],[-2.3652,53.48071],[-2.36524,53.48223],[-2.36594,53.48486],[-2.36425,53.48518],[-2.36285,53.48453]]]}},{"type":"Feature","properties":{"id":"E01005730","name":"E01005730","parent":"E08000006","type":"LSOA","pop":1794,"r":529,"ff":189,"ffd":10535.1,"ffs":0.5122,"g":156,"co":2,"mo":0,"sa":0,"ic":0},"geometry":{"type":"Polygon","coordinates":[[[-2.37052,53.48647],[-2.36871,53.48555],[-2.36781,53.48569],[-2.36742,53.48491],[-2.36649,53.48499],[-2.36662,53.48531],[-2.36611,53.48558],[-2.36524,53.48223],[-2.3652,53.48071],[-2.36583,53.47918],[-2.36601,53.47849],[-2.36587,53.47831],[-2.36742,53.47748],[-2.37007,53.47687],[-2.37283,53.4765],[-2.37397,53.47676],[-2.37556,53.47965],[-2.37505,53.47964],[-2.37435,53.47826],[-2.37178,53.47854],[-2.37189,53.47885],[-2.37108,53.47931],[-2.3713,53.47993],[-2.37111,53.48165],[-2.37072,53.48238],[-2.37243,53.4836],[-2.37212,53.48641],[-2.37101,53.48734],[-2.36889,53.48719],[-2.37052,53.48647]]]}},{"type":"Feature","properties":{"id":"E01005731","name":"E01005731","parent":"E08000006","type":"LSOA","pop":1582,"r":539,"ff":183,"ffd":11567.6,"ffs":0.4973,"g":167,"co":2,"mo":0,"sa":0,"ic":0},"geometry":{"type":"Polygon","coordinates":[[[-2.37111,53.48165],[-2.3713,53.47993],[-2.37108,53.47931],[-2.37189,53.47885],[-2.37178,53.47854],[-2.37435,53.47826],[-2.37505,53.47964],[-2.37556,53.47965],[-2.37397,53.47676],[-2.3744,53.47635],[-2.37487,53.47646],[-2.37527,53.47621],[-2.37745,53.47678],[-2.37733,53.47802],[-2.37818,53.47795],[-2.3784,53.47729],[-2.3797,53.47789],[-2.3777,53.47931],[-2.37787,53.47974],[-2.37858,53.48],[-2.37825,53.47945],[-2.37951,53.4792],[-2.38314,53.47967],[-2.38011,53.48016],[-2.3815,53.48218],[-2.37597,53.48312],[-2.37239,53.4836],[-2.37072,53.48238],[-2.37111,53.48165]]]}},{"type":"Feature","properties":{"id":"E01005732","name":"E01005732","parent":"E08000006","type":"LSOA","pop":1254,"r":537,"ff":177,"ffd":14114.8,"ffs":0.4863,"g":169,"co":2,"mo":0,"sa":0,"ic":0},"geometry":{"type":"Polygon","coordinates":[[[-2.38314,53.47967],[-2.37951,53.4792],[-2.37825,53.47945],[-2.37858,53.48],[-2.37787,53.47974],[-2.3777,53.47931],[-2.3797,53.47789],[-2.3784,53.47729],[-2.37818,53.47795],[-2.37733,53.47802],[-2.37745,53.47678],[-2.37527,53.47621],[-2.37487,53.47646],[-2.3744,53.47635],[-2.37397,53.47676],[-2.37283,53.4765],[-2.37441,53.476],[-2.3749,53.47489],[-2.38623,53.46914],[-2.39078,53.46783],[-2.39348,53.46663],[-2.39755,53.46834],[-2.39946,53.47112],[-2.40027,53.47194],[-2.40211,53.47258],[-2.40167,53.47347],[-2.40558,53.47767],[-2.3815,53.48218],[-2.38011,53.48016],[-2.38314,53.47967]]]}},{"type":"Feature","properties":{"id":"E01005733","name":"E01005733","parent":"E08000006","type":"LSOA","pop":1437,"r":508,"ff":178,"ffd":12386.9,"ffs":0.4944,"g":144,"co":0,"mo":0,"sa":0,"ic":0},"geometry":{"type":"Polygon","coordinates":[[[-2.37128,53.49339],[-2.37245,53.49266],[-2.37364,53.49273],[-2.37423,53.49212],[-2.37441,53.49236],[-2.37499,53.49224],[-2.37522,53.49109],[-2.37404,53.4912],[-2.37435,53.49082],[-2.3731,53.48981],[-2.37215,53.4893],[-2.3752,53.4888],[-2.37629,53.48919],[-2.37756,53.48916],[-2.38296,53.49421],[-2.38273,53.49459],[-2.38121,53.49467],[-2.38033,53.49514],[-2.37696,53.4956],[-2.37095,53.49686],[-2.36879,53.49612],[-2.37016,53.49527],[-2.37044,53.49415],[-2.37128,53.49339]]]}},{"type":"Feature","properties":{"id":"E01005734","name":"E01005734","parent":"E08000006","type":"LSOA","pop":1392,"r":443,"ff":153,"ffd":10991.4,"ffs":0.5083,"g":139,"co":0,"mo":0,"sa":0,"ic":0},"geometry":{"type":"Polygon","coordinates":[[[-2.41759,53.50296],[-2.41697,53.50281],[-2.41694,53.50336],[-2.41598,53.50336],[-2.41565,53.50308],[-2.41526,53.50305],[-2.41512,53.50389],[-2.41298,53.50338],[-2.41256,53.50345],[-2.41229,53.50414],[-2.41167,53.50413],[-2.41172,53.50289],[-2.4106,53.50264],[-2.40245,53.50288],[-2.40154,53.50033],[-2.4069,53.501],[-2.40735,53.5009],[-2.40731,53.50026],[-2.40911,53.50026],[-2.40919,53.50078],[-2.40845,53.50139],[-2.40973,53.50164],[-2.41238,53.50122],[-2.41346,53.50242],[-2.41415,53.50208],[-2.4141,53.50161],[-2.41524,53.50154],[-2.41528,53.50075],[-2.41391,53.50069],[-2.41395,53.50029],[-2.41323,53.50016],[-2.4144,53.49935],[-2.41515,53.4997],[-2.41615,53.49966],[-2.41611,53.50047],[-2.41663,53.50053],[-2.41665,53.50109],[-2.41574,53.50124],[-2.41588,53.50201],[-2.41913,53.50138],[-2.42019,53.50145],[-2.42005,53.50164],[-2.42161,53.50265],[-2.42214,53.50177],[-2.42301,53.50209],[-2.422,53.50277],[-2.42345,53.50365],[-2.42323,53.50409],[-2.42235,53.50426],[-2.42143,53.50398],[-2.42148,53.50363],[-2.42055,53.50349],[-2.4204,53.50259],[-2.4193,53.50274],[-2.42009,53.50466],[-2.42124,53.50525],[-2.421,53.50586],[-2.41886,53.50607],[-2.41842,53.50638],[-2.41757,53.50601],[-2.41795,53.50564],[-2.41759,53.50296]]]}},{"type":"Feature","properties":{"id":"E01005735","name":"E01005735","parent":"E08000006","type":"LSOA","pop":1413,"r":463,"ff":164,"ffd":11606.5,"ffs":0.5174,"g":143,"co":0,"mo":0,"sa":0,"ic":0},"geometry":{"type":"Polygon","coordinates":[[[-2.40967,53.50763],[-2.41158,53.50598],[-2.41154,53.50565],[-2.41102,53.50567],[-2.41097,53.50491],[-2.40933,53.50493],[-2.40908,53.50417],[-2.40819,53.5038],[-2.40812,53.50314],[-2.41019,53.50292],[-2.4106,53.50264],[-2.41172,53.50289],[-2.41167,53.50413],[-2.41229,53.50414],[-2.41256,53.50345],[-2.41298,53.50338],[-2.41512,53.50389],[-2.41526,53.50305],[-2.41565,53.50308],[-2.41598,53.50336],[-2.41694,53.50336],[-2.41697,53.50281],[-2.41759,53.50296],[-2.41795,53.50564],[-2.41757,53.50601],[-2.41842,53.50638],[-2.41886,53.50607],[-2.421,53.50586],[-2.42167,53.50659],[-2.40967,53.50763]]]}},{"type":"Feature","properties":{"id":"E01005736","name":"E01005736","parent":"E08000006","type":"LSOA","pop":1382,"r":429,"ff":147,"ffd":10636.8,"ffs":0.5017,"g":133,"co":0,"mo":0,"sa":0,"ic":0},"geometry":{"type":"Polygon","coordinates":[[[-2.42009,53.50466],[-2.4193,53.50274],[-2.4204,53.50259],[-2.42055,53.50349],[-2.42148,53.50363],[-2.42143,53.50398],[-2.42235,53.50426],[-2.42323,53.50409],[-2.42345,53.50365],[-2.422,53.50277],[-2.42301,53.50209],[-2.42437,53.50169],[-2.42518,53.50082],[-2.42544,53.50027],[-2.42651,53.50021],[-2.42653,53.50055],[-2.42739,53.50043],[-2.42814,53.50133],[-2.42786,53.5018],[-2.42714,53.50195],[-2.4272,53.50304],[-2.42811,53.50306],[-2.42816,53.50338],[-2.42774,53.50339],[-2.42739,53.50405],[-2.42679,53.50385],[-2.42674,53.50414],[-2.4293,53.50429],[-2.42859,53.50238],[-2.42883,53.50198],[-2.43013,53.50187],[-2.43046,53.50468],[-2.42942,53.50504],[-2.42167,53.50659],[-2.421,53.50586],[-2.42124,53.50525],[-2.42009,53.50466]]]}},{"type":"Feature","properties":{"id":"E01005737","name":"E01005737","parent":"E08000006","type":"LSOA","pop":1619,"r":525,"ff":183,"ffd":11303.3,"ffs":0.5014,"g":156,"co":0,"mo":0,"sa":0,"ic":0},"geometry":{"type":"Polygon","coordinates":[[[-2.38574,53.5111],[-2.38358,53.51065],[-2.38487,53.5102],[-2.38459,53.51034],[-2.38515,53.51063],[-2.3879,53.51094],[-2.38739,53.51039],[-2.3876,53.50923],[-2.38682,53.50931],[-2.38667,53.50897],[-2.38744,53.50875],[-2.38703,53.50712],[-2.38623,53.50709],[-2.38605,53.50668],[-2.38592,53.5071],[-2.38496,53.50713],[-2.38485,53.50677],[-2.38432,53.50682],[-2.38435,53.50732],[-2.38497,53.50739],[-2.38508,53.5089],[-2.38447,53.50902],[-2.38424,53.50953],[-2.38246,53.50894],[-2.37737,53.50608],[-2.37958,53.50462],[-2.38292,53.50475],[-2.38293,53.50368],[-2.38184,53.50297],[-2.38312,53.50206],[-2.38527,53.50335],[-2.38578,53.50336],[-2.38565,53.50366],[-2.38611,53.50366],[-2.38626,53.50288],[-2.38697,53.50229],[-2.38874,53.50298],[-2.39241,53.50343],[-2.39233,53.50199],[-2.39146,53.50025],[-2.39253,53.49861],[-2.39252,53.49764],[-2.39299,53.4975],[-2.393,53.49546],[-2.39411,53.495],[-2.39679,53.49155],[-2.39403,53.49102],[-2.39297,53.49052],[-2.39686,53.48136],[-2.39948,53.48068],[-2.39675,53.47933],[-2.4362,53.47189],[-2.43858,53.48214],[-2.43673,53.48488],[-2.43655,53.48651],[-2.43571,53.48721],[-2.43567,53.48829],[-2.43635,53.49064],[-2.43829,53.49186],[-2.4385,53.49236],[-2.43618,53.49382],[-2.43428,53.49649],[-2.43277,53.49758],[-2.43113,53.49776],[-2.43072,53.49446],[-2.42839,53.49433],[-2.42504,53.49494],[-2.42139,53.49681],[-2.4207,53.49641],[-2.41853,53.49658],[-2.41497,53.49627],[-2.41706,53.49908],[-2.41715,53.49991],[-2.41818,53.49928],[-2.41886,53.49935],[-2.41903,53.49999],[-2.41833,53.50011],[-2.41888,53.50068],[-2.41939,53.50033],[-2.42029,53.50032],[-2.42067,53.5007],[-2.42019,53.50145],[-2.41913,53.50138],[-2.41588,53.50201],[-2.41574,53.50124],[-2.41665,53.50109],[-2.41663,53.50053],[-2.41611,53.50047],[-2.41615,53.49966],[-2.41515,53.4997],[-2.4144,53.49935],[-2.41323,53.50016],[-2.41395,53.50029],[-2.41391,53.50069],[-2.41528,53.50075],[-2.41524,53.50154],[-2.4141,53.50161],[-2.41415,53.50208],[-2.41346,53.50242],[-2.41238,53.50122],[-2.40973,53.50164],[-2.40845,53.50139],[-2.40919,53.50078],[-2.40911,53.50026],[-2.40731,53.50026],[-2.40735,53.5009],[-2.4069,53.501],[-2.40154,53.50033],[-2.40245,53.50288],[-2.4106,53.50264],[-2.41019,53.50292],[-2.40812,53.50314],[-2.40819,53.5038],[-2.40908,53.50417],[-2.40933,53.50493],[-2.41097,53.50491],[-2.41102,53.50567],[-2.41154,53.50565],[-2.41158,53.50598],[-2.40967,53.50763],[-2.40602,53.50798],[-2.4009,53.50889],[-2.392,53.51189],[-2.38844,53.51268],[-2.38586,53.51302],[-2.38496,53.51238],[-2.3851,53.51136],[-2.38566,53.51135],[-2.38574,53.5111]]]}},{"type":"Feature","properties":{"id":"E01005738","name":"E01005738","parent":"E08000006","type":"LSOA","pop":1922,"r":579,"ff":196,"ffd":10197.7,"ffs":0.4792,"g":166,"co":0,"mo":0,"sa":0,"ic":0},"geometry":{"type":"Polygon","coordinates":[[[-2.37234,53.5067],[-2.36979,53.50433],[-2.37213,53.50396],[-2.37211,53.50318],[-2.37314,53.5034],[-2.37387,53.50296],[-2.37345,53.50256],[-2.37546,53.50211],[-2.37551,53.50289],[-2.37837,53.50395],[-2.37868,53.50367],[-2.37705,53.5018],[-2.37826,53.50023],[-2.37701,53.50014],[-2.37602,53.49952],[-2.37415,53.49983],[-2.36976,53.5013],[-2.36729,53.50269],[-2.36644,53.50189],[-2.36496,53.50209],[-2.36571,53.50161],[-2.36549,53.5012],[-2.36741,53.49883],[-2.36748,53.4981],[-2.36641,53.49744],[-2.36653,53.49644],[-2.36764,53.49586],[-2.37095,53.49686],[-2.37696,53.4956],[-2.38033,53.49514],[-2.38121,53.49467],[-2.38273,53.49459],[-2.38296,53.49421],[-2.37756,53.48916],[-2.37619,53.48626],[-2.37597,53.48312],[-2.39675,53.47933],[-2.39948,53.48068],[-2.39686,53.48136],[-2.39297,53.49052],[-2.39403,53.49102],[-2.39679,53.49155],[-2.39411,53.495],[-2.393,53.49546],[-2.39299,53.4975],[-2.39252,53.49764],[-2.39253,53.49861],[-2.39146,53.50025],[-2.39233,53.50199],[-2.39241,53.50343],[-2.38874,53.50298],[-2.38697,53.50229],[-2.38626,53.50288],[-2.38611,53.50366],[-2.38565,53.50366],[-2.38578,53.50336],[-2.38527,53.50335],[-2.38312,53.50206],[-2.38184,53.50297],[-2.38293,53.50368],[-2.38292,53.50475],[-2.37958,53.50462],[-2.37365,53.50823],[-2.37234,53.5067]]]}},{"type":"Feature","properties":{"id":"E01005739","name":"E01005739","parent":"E08000006","type":"LSOA","pop":2108,"r":366,"ff":126,"ffd":5977.2,"ffs":0.5101,"g":116,"co":0,"mo":0,"sa":0,"ic":0},"geometry":{"type":"Polygon","coordinates":[[[-2.42674,53.50414],[-2.42679,53.50385],[-2.42739,53.50405],[-2.42774,53.50339],[-2.42816,53.50338],[-2.42811,53.50306],[-2.4272,53.50304],[-2.42714,53.50195],[-2.42786,53.5018],[-2.42814,53.50133],[-2.42739,53.50043],[-2.42653,53.50055],[-2.42651,53.50021],[-2.42544,53.50027],[-2.42518,53.50082],[-2.42437,53.50169],[-2.42301,53.50209],[-2.42214,53.50177],[-2.42161,53.50265],[-2.42005,53.50164],[-2.42067,53.5007],[-2.42029,53.50032],[-2.41939,53.50033],[-2.41888,53.50068],[-2.41833,53.50011],[-2.41903,53.49999],[-2.41886,53.49935],[-2.41818,53.49928],[-2.41715,53.49991],[-2.41706,53.49908],[-2.41497,53.49627],[-2.41853,53.49658],[-2.4207,53.49641],[-2.42139,53.49681],[-2.42504,53.49494],[-2.42839,53.49433],[-2.43072,53.49446],[-2.43113,53.49776],[-2.43277,53.49758],[-2.4317,53.49807],[-2.43311,53.49966],[-2.4331,53.50109],[-2.43013,53.50187],[-2.42883,53.50198],[-2.42859,53.50238],[-2.4293,53.50429],[-2.42674,53.50414]]]}},{"type":"Feature","properties":{"id":"E01005740","name":"E01005740","parent":"E08000006","type":"LSOA","pop":1672,"r":635,"ff":218,"ffd":13038.3,"ffs":0.4855,"g":181,"co":0,"mo":0,"sa":0,"ic":0},"geometry":{"type":"Polygon","coordinates":[[[-2.36975,53.51293],[-2.37132,53.51006],[-2.37193,53.50947],[-2.37249,53.50974],[-2.37406,53.50903],[-2.37375,53.50842],[-2.37254,53.50926],[-2.3728,53.50869],[-2.37169,53.50696],[-2.37234,53.5067],[-2.37365,53.50823],[-2.37737,53.50608],[-2.38246,53.50894],[-2.38424,53.50953],[-2.38447,53.50902],[-2.38508,53.5089],[-2.38497,53.50739],[-2.38435,53.50732],[-2.38432,53.50682],[-2.38485,53.50677],[-2.38496,53.50713],[-2.38592,53.5071],[-2.38605,53.50668],[-2.38623,53.50709],[-2.38703,53.50712],[-2.38744,53.50875],[-2.38667,53.50897],[-2.38682,53.50931],[-2.3876,53.50923],[-2.38739,53.51039],[-2.3879,53.51094],[-2.38515,53.51063],[-2.38459,53.51034],[-2.38487,53.5102],[-2.38358,53.51065],[-2.38574,53.5111],[-2.38566,53.51135],[-2.3851,53.51136],[-2.38496,53.51238],[-2.38586,53.51302],[-2.38093,53.51346],[-2.3743,53.51347],[-2.36975,53.51293]]]}},{"type":"Feature","properties":{"id":"E01005741","name":"E01005741","parent":"E08000006","type":"LSOA","pop":1713,"r":628,"ff":221,"ffd":12901.3,"ffs":0.4836,"g":168,"co":0,"mo":0,"sa":0,"ic":0},"geometry":{"type":"Polygon","coordinates":[[[-2.36746,53.51211],[-2.3661,53.50921],[-2.36276,53.5089],[-2.36151,53.50803],[-2.36264,53.50767],[-2.36244,53.50731],[-2.36098,53.50765],[-2.36046,53.50738],[-2.35924,53.50775],[-2.36054,53.50618],[-2.36,53.506],[-2.36043,53.50437],[-2.36204,53.50398],[-2.3622,53.50361],[-2.36326,53.50341],[-2.36496,53.50209],[-2.36644,53.50189],[-2.36729,53.50269],[-2.36976,53.5013],[-2.37415,53.49983],[-2.37602,53.49952],[-2.37701,53.50014],[-2.37826,53.50023],[-2.37705,53.5018],[-2.37868,53.50367],[-2.37837,53.50395],[-2.37551,53.50289],[-2.37546,53.50211],[-2.37345,53.50256],[-2.37387,53.50296],[-2.37314,53.5034],[-2.37211,53.50318],[-2.37213,53.50396],[-2.36979,53.50433],[-2.37234,53.5067],[-2.37169,53.50696],[-2.3728,53.50869],[-2.37254,53.50926],[-2.37375,53.50842],[-2.37406,53.50903],[-2.37249,53.50974],[-2.37193,53.50947],[-2.37132,53.51006],[-2.36975,53.51293],[-2.36722,53.51255],[-2.36746,53.51211]]]}},{"type":"Feature","properties":{"id":"E01005742","name":"E01005742","parent":"E08000006","type":"LSOA","pop":1594,"r":695,"ff":269,"ffd":16875.8,"ffs":0.5244,"g":177,"co":0,"mo":0,"sa":0,"ic":0},"geometry":{"type":"Polygon","coordinates":[[[-2.35674,53.50815],[-2.35442,53.50612],[-2.35576,53.50363],[-2.36016,53.50322],[-2.3622,53.50361],[-2.36204,53.50398],[-2.36043,53.50437],[-2.36,53.506],[-2.36054,53.50618],[-2.35924,53.50775],[-2.36046,53.50738],[-2.36098,53.50765],[-2.36244,53.50731],[-2.36264,53.50767],[-2.36151,53.50803],[-2.36276,53.5089],[-2.3661,53.50921],[-2.36746,53.51211],[-2.36722,53.51255],[-2.36252,53.5113],[-2.35607,53.50857],[-2.35674,53.50815]]]}},{"type":"Feature","properties":{"id":"E01032684","name":"E01032684","parent":"E08000006","type":"LSOA","pop":1434,"r":756,"ff":311,"ffd":21687.6,"ffs":0.5049,"g":136,"co":0,"mo":2,"sa":0,"ic":0},"geometry":{"type":"Polygon","coordinates":[[[-2.25956,53.49103],[-2.25949,53.49057],[-2.26038,53.49057],[-2.2601,53.49033],[-2.26108,53.48943],[-2.2602,53.4896],[-2.25974,53.48932],[-2.25942,53.48891],[-2.26008,53.48839],[-2.25936,53.48793],[-2.26081,53.48707],[-2.25968,53.48671],[-2.25955,53.4861],[-2.25736,53.48593],[-2.25762,53.48488],[-2.26005,53.48455],[-2.26013,53.48517],[-2.26062,53.48509],[-2.26094,53.48546],[-2.2618,53.4854],[-2.26241,53.48464],[-2.26476,53.48473],[-2.26465,53.48667],[-2.26264,53.48702],[-2.26252,53.48663],[-2.26091,53.48702],[-2.26119,53.48765],[-2.26222,53.48822],[-2.26292,53.48791],[-2.26405,53.48803],[-2.26391,53.48879],[-2.26556,53.48886],[-2.26556,53.48797],[-2.26673,53.48783],[-2.26612,53.48871],[-2.26701,53.48878],[-2.26759,53.48975],[-2.26688,53.49032],[-2.26589,53.49013],[-2.26537,53.49081],[-2.26491,53.49076],[-2.26389,53.49022],[-2.26201,53.49059],[-2.26237,53.49129],[-2.25956,53.49103]]]}},{"type":"Feature","properties":{"id":"E01032906","name":"E01032906","parent":"E08000006","type":"LSOA","pop":2949,"r":801,"ff":319,"ffd":10817.2,"ffs":0.4969,"g":155,"co":0,"mo":2,"sa":0,"ic":0},"geometry":{"type":"Polygon","coordinates":[[[-2.25976,53.48462],[-2.25966,53.4838],[-2.25786,53.48384],[-2.25797,53.48337],[-2.25734,53.48334],[-2.25768,53.48257],[-2.25741,53.48233],[-2.25446,53.48361],[-2.25374,53.48283],[-2.25419,53.48267],[-2.25305,53.48181],[-2.25586,53.48057],[-2.26019,53.47779],[-2.26091,53.47814],[-2.26057,53.47849],[-2.26225,53.47922],[-2.26222,53.48123],[-2.26274,53.48136],[-2.263,53.48189],[-2.26734,53.48263],[-2.26721,53.48305],[-2.26593,53.48331],[-2.26482,53.48325],[-2.26476,53.48473],[-2.26241,53.48464],[-2.2618,53.4854],[-2.26094,53.48546],[-2.26062,53.48509],[-2.26013,53.48517],[-2.26005,53.48455],[-2.25976,53.48462]]]}},{"type":"Feature","properties":{"id":"E01032909","name":"E01032909","parent":"E08000006","type":"LSOA","pop":3024,"r":782,"ff":309,"ffd":10218.3,"ffs":0.4905,"g":147,"co":0,"mo":2,"sa":0,"ic":0},"geometry":{"type":"Polygon","coordinates":[[[-2.24585,53.48704],[-2.24511,53.48627],[-2.24569,53.48504],[-2.24835,53.48352],[-2.25104,53.48243],[-2.25132,53.48435],[-2.25094,53.48463],[-2.25236,53.4853],[-2.25209,53.4857],[-2.25124,53.48554],[-2.25127,53.48593],[-2.25102,53.48638],[-2.2505,53.48673],[-2.24918,53.48659],[-2.24927,53.48629],[-2.24772,53.48662],[-2.24838,53.48714],[-2.2476,53.48778],[-2.24585,53.48704]]]}},{"type":"Feature","properties":{"id":"E01032912","name":"E01032912","parent":"E08000006","type":"LSOA","pop":3302,"r":870,"ff":362,"ffd":10963.1,"ffs":0.5209,"g":171,"co":2,"mo":0,"sa":0,"ic":0},"geometry":{"type":"Polygon","coordinates":[[[-2.27909,53.47962],[-2.27994,53.47858],[-2.27878,53.47825],[-2.27901,53.47778],[-2.27977,53.47749],[-2.2803,53.47761],[-2.28005,53.47796],[-2.28104,53.47813],[-2.28124,53.47784],[-2.28193,53.47794],[-2.28232,53.47714],[-2.28194,53.47686],[-2.28055,53.47694],[-2.27879,53.47621],[-2.27953,53.47485],[-2.28058,53.47409],[-2.27931,53.47388],[-2.27986,53.47267],[-2.27728,53.4722],[-2.27726,53.47183],[-2.27855,53.47178],[-2.27876,53.47083],[-2.2779,53.47057],[-2.27797,53.47016],[-2.27874,53.47018],[-2.27932,53.46883],[-2.27771,53.46843],[-2.27871,53.46919],[-2.27721,53.47008],[-2.27618,53.4695],[-2.27477,53.47064],[-2.27533,53.47081],[-2.27571,53.47121],[-2.27516,53.47176],[-2.27345,53.47108],[-2.27419,53.47064],[-2.27278,53.46961],[-2.27812,53.46588],[-2.27976,53.4651],[-2.28191,53.46485],[-2.28421,53.46546],[-2.2837,53.46733],[-2.28005,53.46634],[-2.2793,53.46794],[-2.28078,53.46813],[-2.28041,53.46959],[-2.28075,53.46982],[-2.28049,53.47087],[-2.2824,53.47147],[-2.28249,53.47434],[-2.28261,53.47387],[-2.28335,53.47396],[-2.28437,53.47525],[-2.28513,53.47452],[-2.2868,53.47508],[-2.28672,53.47575],[-2.28859,53.47627],[-2.28795,53.4765],[-2.28548,53.4768],[-2.28513,53.47709],[-2.28431,53.47689],[-2.28385,53.4772],[-2.28334,53.47709],[-2.28295,53.47808],[-2.28476,53.47863],[-2.28537,53.4784],[-2.28517,53.47769],[-2.28573,53.47764],[-2.28655,53.47815],[-2.28743,53.47792],[-2.28641,53.47746],[-2.28941,53.47784],[-2.28922,53.47836],[-2.29012,53.47858],[-2.2915,53.47813],[-2.29079,53.48004],[-2.28617,53.47953],[-2.28588,53.48049],[-2.27909,53.47962]]]}},{"type":"Feature","properties":{"id":"E01032914","name":"E01032914","parent":"E08000006","type":"LSOA","pop":2656,"r":821,"ff":335,"ffd":12613.0,"ffs":0.513,"g":164,"co":2,"mo":0,"sa":0,"ic":0},"geometry":{"type":"Polygon","coordinates":[[[-2.28588,53.48049],[-2.28617,53.47953],[-2.29079,53.48004],[-2.2915,53.47813],[-2.29012,53.47858],[-2.28922,53.47836],[-2.28941,53.47784],[-2.28641,53.47746],[-2.28743,53.47792],[-2.28655,53.47815],[-2.28573,53.47764],[-2.28517,53.47769],[-2.28537,53.4784],[-2.28476,53.47863],[-2.28295,53.47808],[-2.28334,53.47709],[-2.28385,53.4772],[-2.28431,53.47689],[-2.28513,53.47709],[-2.28548,53.4768],[-2.28795,53.4765],[-2.28859,53.47627],[-2.28672,53.47575],[-2.28713,53.47346],[-2.28985,53.47421],[-2.28932,53.4764],[-2.29297,53.47635],[-2.29606,53.47516],[-2.30238,53.47385],[-2.30246,53.47521],[-2.30055,53.4761],[-2.29989,53.47911],[-2.29561,53.47864],[-2.29458,53.48162],[-2.28588,53.48049]]]}},{"type":"Feature","properties":{"id":"E01032915","name":"E01032915","parent":"E08000006","type":"LSOA","pop":2977,"r":896,"ff":370,"ffd":12428.6,"ffs":0.5082,"g":164,"co":2,"mo":0,"sa":0,"ic":0},"geometry":{"type":"Polygon","coordinates":[[[-2.27114,53.47703],[-2.27151,53.47559],[-2.27092,53.47546],[-2.27124,53.4745],[-2.2706,53.47398],[-2.27074,53.47357],[-2.27018,53.47347],[-2.26949,53.47455],[-2.27002,53.47464],[-2.27015,53.47555],[-2.26976,53.47587],[-2.26918,53.47553],[-2.26926,53.47497],[-2.26869,53.47491],[-2.26891,53.47463],[-2.26732,53.47431],[-2.26697,53.47457],[-2.26634,53.47438],[-2.2684,53.47354],[-2.26713,53.4729],[-2.26711,53.47212],[-2.26904,53.4714],[-2.27278,53.46961],[-2.27419,53.47064],[-2.27345,53.47108],[-2.27408,53.47145],[-2.27375,53.47165],[-2.27491,53.47269],[-2.27472,53.4737],[-2.27601,53.47414],[-2.27585,53.47447],[-2.27491,53.47431],[-2.27329,53.47559],[-2.27547,53.47588],[-2.27456,53.47601],[-2.27399,53.47674],[-2.27292,53.47672],[-2.27258,53.47728],[-2.27114,53.47703]]]}},{"type":"Feature","properties":{"id":"E01033330","name":"E01033330","parent":"E08000006","type":"LSOA","pop":1644,"r":758,"ff":301,"ffd":18309.0,"ffs":0.4926,"g":143,"co":0,"mo":2,"sa":0,"ic":0},"geometry":{"type":"Polygon","coordinates":[[[-2.25479,53.49738],[-2.25252,53.49511],[-2.25359,53.49321],[-2.25573,53.49326],[-2.25578,53.49215],[-2.25453,53.49209],[-2.25421,53.49174],[-2.25341,53.49204],[-2.25236,53.49148],[-2.25306,53.49057],[-2.25468,53.49051],[-2.25465,53.49019],[-2.25395,53.49014],[-2.25349,53.48941],[-2.2545,53.48915],[-2.25406,53.48902],[-2.25443,53.48832],[-2.25537,53.48863],[-2.25562,53.4882],[-2.25431,53.48718],[-2.25513,53.48715],[-2.25575,53.48687],[-2.25587,53.48635],[-2.25631,53.4867],[-2.25724,53.48651],[-2.25672,53.48802],[-2.25723,53.48884],[-2.25675,53.4895],[-2.25798,53.48921],[-2.25887,53.48971],[-2.25974,53.48932],[-2.2602,53.4896],[-2.26108,53.48943],[-2.2601,53.49033],[-2.26038,53.49057],[-2.25949,53.49057],[-2.25946,53.49218],[-2.2603,53.4922],[-2.26035,53.49364],[-2.25938,53.4935],[-2.25932,53.49449],[-2.25837,53.49448],[-2.25832,53.49538],[-2.25933,53.49553],[-2.25939,53.49688],[-2.25836,53.49661],[-2.25858,53.49602],[-2.25753,53.49587],[-2.25798,53.49653],[-2.25746,53.49708],[-2.25642,53.49702],[-2.25613,53.49752],[-2.25479,53.49738]]]}},{"type":"Feature","properties":{"id":"E01033976","name":"E01033976","parent":"E08000006","type":"LSOA","pop":2052,"r":531,"ff":201,"ffd":9795.3,"ffs":0.5194,"g":141,"co":0,"mo":0,"sa":0,"ic":0},"geometry":{"type":"Polygon","coordinates":[[[-2.37087,53.5289],[-2.3686,53.52819],[-2.36818,53.52925],[-2.35442,53.52627],[-2.35438,53.52473],[-2.35931,53.5238],[-2.36346,53.52217],[-2.36653,53.52011],[-2.37704,53.52281],[-2.38143,53.52319],[-2.38576,53.52309],[-2.38593,53.5234],[-2.3869,53.52361],[-2.38697,53.52457],[-2.38648,53.52467],[-2.38736,53.52515],[-2.38879,53.52502],[-2.38854,53.52533],[-2.38967,53.52661],[-2.38887,53.52695],[-2.38838,53.52681],[-2.38853,53.52621],[-2.3872,53.52637],[-2.38773,53.52765],[-2.39337,53.52952],[-2.39137,53.53109],[-2.38845,53.53262],[-2.38456,53.5313],[-2.37087,53.5289]]]}},{"type":"Feature","properties":{"id":"E01033977","name":"E01033977","parent":"E08000006","type":"LSOA","pop":1169,"r":519,"ff":194,"ffd":16595.4,"ffs":0.5092,"g":135,"co":0,"mo":0,"sa":0,"ic":0},"geometry":{"type":"Polygon","coordinates":[[[-2.3934,53.5255],[-2.39423,53.525],[-2.39569,53.52541],[-2.39605,53.52516],[-2.39505,53.52488],[-2.39423,53.52416],[-2.393,53.52433],[-2.39238,53.52512],[-2.39132,53.52495],[-2.3901,53.52446],[-2.39013,53.52487],[-2.38916,53.52527],[-2.38879,53.52502],[-2.38736,53.52515],[-2.38648,53.52467],[-2.38697,53.52457],[-2.3869,53.52361],[-2.38593,53.5234],[-2.38576,53.52309],[-2.38978,53.52256],[-2.39296,53.52245],[-2.39492,53.52268],[-2.39722,53.5235],[-2.39661,53.52401],[-2.39797,53.52456],[-2.39751,53.52461],[-2.39773,53.52504],[-2.39732,53.52534],[-2.3963,53.52562],[-2.39685,53.52622],[-2.3952,53.52631],[-2.3934,53.5255]]]}},{"type":"Feature","properties":{"id":"E01033978","name":"E01033978","parent":"E08000006","type":"LSOA","pop":953,"r":676,"ff":263,"ffd":27597.1,"ffs":0.5491,"g":191,"co":0,"mo":0,"sa":0,"ic":0},"geometry":{"type":"Polygon","coordinates":[[[-2.30465,53.51134],[-2.30418,53.51116],[-2.30384,53.51146],[-2.30209,53.51096],[-2.30069,53.51093],[-2.3007,53.51057],[-2.30406,53.51061],[-2.30448,53.50911],[-2.30611,53.5086],[-2.30699,53.51],[-2.30652,53.50989],[-2.30709,53.51012],[-2.30976,53.5095],[-2.3107,53.50978],[-2.3113,53.51083],[-2.31129,53.5146],[-2.31365,53.5146],[-2.31406,53.51482],[-2.31059,53.51698],[-2.3122,53.51964],[-2.31105,53.52041],[-2.30216,53.51271],[-2.30472,53.51221],[-2.30435,53.51156],[-2.30465,53.51134]]]}},{"type":"Feature","properties":{"id":"E01033979","name":"E01033979","parent":"E08000006","type":"LSOA","pop":1916,"r":665,"ff":256,"ffd":13361.2,"ffs":0.5424,"g":187,"co":0,"mo":0,"sa":0,"ic":0},"geometry":{"type":"Polygon","coordinates":[[[-2.30214,53.51699],[-2.29774,53.51564],[-2.29598,53.51576],[-2.29464,53.51551],[-2.29275,53.51462],[-2.29152,53.51375],[-2.29047,53.5111],[-2.2905,53.50594],[-2.28943,53.50424],[-2.29064,53.50366],[-2.29068,53.5033],[-2.29326,53.50231],[-2.29596,53.50067],[-2.30311,53.50357],[-2.30362,53.50322],[-2.3049,53.50334],[-2.30629,53.50295],[-2.30873,53.50174],[-2.31037,53.50228],[-2.31044,53.50353],[-2.30896,53.50356],[-2.30946,53.50479],[-2.30758,53.50512],[-2.30558,53.50393],[-2.3021,53.50641],[-2.30037,53.50655],[-2.30022,53.50707],[-2.30054,53.5077],[-2.30178,53.50791],[-2.3017,53.50823],[-2.30226,53.50835],[-2.30191,53.51057],[-2.3007,53.51057],[-2.30069,53.51093],[-2.30209,53.51096],[-2.30384,53.51146],[-2.30418,53.51116],[-2.30465,53.51134],[-2.30435,53.51156],[-2.30472,53.51221],[-2.30216,53.51271],[-2.31105,53.52041],[-2.31036,53.52065],[-2.31001,53.5223],[-2.3044,53.52315],[-2.30213,53.52073],[-2.30262,53.51784],[-2.30214,53.51699]]]}},{"type":"Feature","properties":{"id":"E01033980","name":"E01033980","parent":"E08000006","type":"LSOA","pop":1712,"r":742,"ff":306,"ffd":17873.8,"ffs":0.5312,"g":161,"co":0,"mo":0,"sa":0,"ic":0},"geometry":{"type":"Polygon","coordinates":[[[-2.27162,53.5013],[-2.27095,53.49931],[-2.27368,53.49855],[-2.2764,53.49712],[-2.27698,53.4971],[-2.27742,53.49666],[-2.27995,53.49734],[-2.27983,53.49759],[-2.28289,53.49808],[-2.28186,53.49892],[-2.28186,53.50082],[-2.2784,53.50034],[-2.27569,53.50176],[-2.27545,53.50307],[-2.27616,53.50491],[-2.27593,53.50645],[-2.27473,53.50827],[-2.27388,53.50907],[-2.27242,53.5097],[-2.26872,53.50987],[-2.26598,53.50932],[-2.26489,53.50883],[-2.26468,53.50826],[-2.26959,53.50568],[-2.27089,53.50437],[-2.27162,53.5013]]]}},{"type":"Feature","properties":{"id":"E01033981","name":"E01033981","parent":"E08000006","type":"LSOA","pop":3128,"r":662,"ff":264,"ffd":8439.9,"ffs":0.5421,"g":169,"co":0,"mo":0,"sa":0,"ic":0},"geometry":{"type":"Polygon","coordinates":[[[-2.27015,53.49749],[-2.27012,53.4946],[-2.2788,53.49062],[-2.28085,53.49154],[-2.28053,53.4919],[-2.28227,53.4928],[-2.28185,53.49353],[-2.28219,53.49378],[-2.28124,53.49465],[-2.27858,53.49424],[-2.27784,53.49462],[-2.27832,53.49469],[-2.27866,53.49604],[-2.27847,53.49682],[-2.27742,53.49666],[-2.27698,53.4971],[-2.2764,53.49712],[-2.27368,53.49855],[-2.27095,53.49931],[-2.27015,53.49749]]]}},{"type":"Feature","properties":{"id":"E01033982","name":"E01033982","parent":"E08000006","type":"LSOA","pop":2072,"r":941,"ff":389,"ffd":18774.1,"ffs":0.5112,"g":176,"co":0,"mo":0,"sa":0,"ic":0},"geometry":{"type":"Polygon","coordinates":[[[-2.30844,53.48863],[-2.30816,53.48754],[-2.30663,53.48761],[-2.30607,53.48816],[-2.30341,53.48821],[-2.30174,53.48747],[-2.30395,53.48722],[-2.3054,53.48675],[-2.30539,53.48577],[-2.30495,53.4855],[-2.30452,53.4857],[-2.30456,53.48546],[-2.30429,53.48526],[-2.30496,53.48466],[-2.30563,53.48449],[-2.30608,53.48479],[-2.30647,53.48455],[-2.30766,53.4847],[-2.30744,53.48506],[-2.30809,53.48516],[-2.30771,53.48438],[-2.30864,53.48365],[-2.31104,53.48384],[-2.31039,53.48429],[-2.30943,53.4844],[-2.30946,53.4847],[-2.31046,53.48467],[-2.31058,53.48571],[-2.31007,53.48569],[-2.3106,53.48586],[-2.31075,53.48696],[-2.31246,53.48712],[-2.31151,53.48784],[-2.31027,53.4879],[-2.3096,53.48755],[-2.3089,53.48815],[-2.30904,53.48852],[-2.30844,53.48863]]]}},{"type":"Feature","properties":{"id":"E01033983","name":"E01033983","parent":"E08000006","type":"LSOA","pop":1475,"r":944,"ff":356,"ffd":24135.6,"ffs":0.491,"g":214,"co":0,"mo":0,"sa":0,"ic":0},"geometry":{"type":"Polygon","coordinates":[[[-2.30766,53.4847],[-2.30647,53.48455],[-2.30608,53.48479],[-2.30563,53.48449],[-2.30496,53.48466],[-2.30439,53.48427],[-2.30351,53.48423],[-2.30343,53.4837],[-2.30404,53.48372],[-2.30381,53.48345],[-2.30425,53.48312],[-2.30302,53.48297],[-2.30343,53.48172],[-2.3059,53.48206],[-2.30549,53.481],[-2.30578,53.48042],[-2.30634,53.48036],[-2.30635,53.47993],[-2.30975,53.47698],[-2.30936,53.47635],[-2.3068,53.47515],[-2.30716,53.47436],[-2.31832,53.47942],[-2.32137,53.48007],[-2.32527,53.48038],[-2.32553,53.4813],[-2.32503,53.48135],[-2.32499,53.48169],[-2.3241,53.48174],[-2.32389,53.48323],[-2.32426,53.48407],[-2.32081,53.48409],[-2.32086,53.48509],[-2.31407,53.48434],[-2.31154,53.48386],[-2.31172,53.48291],[-2.31047,53.48277],[-2.31001,53.48328],[-2.3095,53.48321],[-2.30993,53.48366],[-2.30864,53.48365],[-2.30771,53.48438],[-2.30809,53.48516],[-2.30744,53.48506],[-2.30766,53.4847]]]}},{"type":"Feature","properties":{"id":"E01033984","name":"E01033984","parent":"E08000006","type":"LSOA","pop":2606,"r":941,"ff":389,"ffd":14927.1,"ffs":0.5112,"g":176,"co":2,"mo":0,"sa":0,"ic":0},"geometry":{"type":"Polygon","coordinates":[[[-2.28214,53.48574],[-2.27842,53.48454],[-2.28186,53.47996],[-2.29412,53.48157],[-2.29392,53.48229],[-2.2928,53.48257],[-2.29133,53.48217],[-2.29104,53.48313],[-2.29039,53.48311],[-2.29027,53.48572],[-2.29176,53.48553],[-2.29185,53.48709],[-2.29153,53.48709],[-2.29176,53.48841],[-2.29109,53.48853],[-2.29033,53.48775],[-2.28825,53.48719],[-2.28616,53.48711],[-2.28214,53.48574]]]}},{"type":"Feature","properties":{"id":"E01033985","name":"E01033985","parent":"E08000006","type":"LSOA","pop":1731,"r":774,"ff":312,"ffd":18024.3,"ffs":0.5217,"g":171,"co":0,"mo":2,"sa":0,"ic":0},"geometry":{"type":"Polygon","coordinates":[[[-2.25445,53.49769],[-2.25479,53.49738],[-2.25613,53.49752],[-2.25642,53.49702],[-2.25746,53.49708],[-2.25798,53.49653],[-2.25753,53.49587],[-2.25858,53.49602],[-2.25836,53.49661],[-2.25939,53.49688],[-2.25939,53.49641],[-2.26038,53.49627],[-2.26225,53.49654],[-2.262,53.49591],[-2.26408,53.49594],[-2.26401,53.49654],[-2.26508,53.49649],[-2.26532,53.49676],[-2.25885,53.49957],[-2.25613,53.50003],[-2.25529,53.49915],[-2.25445,53.49769]]]}},{"type":"Feature","properties":{"id":"E01033986","name":"E01033986","parent":"E08000006","type":"LSOA","pop":1899,"r":795,"ff":331,"ffd":17430.2,"ffs":0.5271,"g":162,"co":0,"mo":2,"sa":0,"ic":0},"geometry":{"type":"Polygon","coordinates":[[[-2.26532,53.49676],[-2.26508,53.49649],[-2.26401,53.49654],[-2.26408,53.49594],[-2.262,53.49591],[-2.26225,53.49654],[-2.26038,53.49627],[-2.25939,53.49641],[-2.25933,53.49553],[-2.25832,53.49538],[-2.25837,53.49448],[-2.25932,53.49449],[-2.25938,53.4935],[-2.26035,53.49364],[-2.2603,53.4922],[-2.2618,53.49218],[-2.26201,53.49252],[-2.26275,53.49263],[-2.26408,53.49232],[-2.26389,53.49365],[-2.26462,53.49379],[-2.26534,53.49352],[-2.26602,53.49459],[-2.26657,53.49459],[-2.26751,53.49577],[-2.26532,53.49676]]]}},{"type":"Feature","properties":{"id":"E01033987","name":"E01033987","parent":"E08000006","type":"LSOA","pop":1359,"r":780,"ff":308,"ffd":22663.7,"ffs":0.4952,"g":152,"co":0,"mo":2,"sa":0,"ic":0},"geometry":{"type":"Polygon","coordinates":[[[-2.25339,53.49347],[-2.25176,53.493],[-2.25066,53.4921],[-2.2506,53.49022],[-2.24905,53.48921],[-2.24873,53.48828],[-2.2476,53.48778],[-2.24838,53.48714],[-2.25066,53.48808],[-2.25368,53.48683],[-2.25562,53.4882],[-2.25537,53.48863],[-2.25443,53.48832],[-2.25406,53.48902],[-2.2545,53.48915],[-2.25349,53.48941],[-2.25395,53.49014],[-2.25465,53.49019],[-2.25468,53.49051],[-2.25306,53.49057],[-2.25236,53.49148],[-2.25341,53.49204],[-2.25421,53.49174],[-2.25453,53.49209],[-2.25578,53.49215],[-2.25573,53.49326],[-2.25359,53.49321],[-2.25339,53.49347]]]}},{"type":"Feature","properties":{"id":"E01033988","name":"E01033988","parent":"E08000006","type":"LSOA","pop":1844,"r":786,"ff":318,"ffd":17245.1,"ffs":0.5024,"g":148,"co":0,"mo":2,"sa":0,"ic":0},"geometry":{"type":"Polygon","coordinates":[[[-2.24826,53.48705],[-2.24772,53.48662],[-2.24927,53.48629],[-2.24918,53.48659],[-2.2505,53.48673],[-2.25102,53.48638],[-2.25127,53.48593],[-2.25124,53.48554],[-2.25209,53.4857],[-2.25236,53.4853],[-2.25286,53.4855],[-2.2543,53.48496],[-2.2556,53.48538],[-2.25368,53.48683],[-2.25066,53.48808],[-2.24826,53.48705]]]}},{"type":"Feature","properties":{"id":"E01033989","name":"E01033989","parent":"E08000006","type":"LSOA","pop":1536,"r":756,"ff":311,"ffd":20247.4,"ffs":0.5049,"g":136,"co":0,"mo":2,"sa":0,"ic":0},"geometry":{"type":"Polygon","coordinates":[[[-2.25887,53.48971],[-2.25798,53.48921],[-2.25675,53.4895],[-2.25723,53.48884],[-2.25672,53.48802],[-2.25724,53.48651],[-2.25631,53.4867],[-2.25587,53.48635],[-2.25575,53.48687],[-2.25513,53.48715],[-2.25431,53.48718],[-2.25368,53.48683],[-2.2566,53.48447],[-2.25562,53.48473],[-2.255,53.48419],[-2.25443,53.48472],[-2.25476,53.48411],[-2.25411,53.48369],[-2.25741,53.48233],[-2.25768,53.48257],[-2.25734,53.48334],[-2.25797,53.48337],[-2.25786,53.48384],[-2.25966,53.4838],[-2.25976,53.48462],[-2.25762,53.48488],[-2.25736,53.48593],[-2.25955,53.4861],[-2.25968,53.48671],[-2.26081,53.48707],[-2.25936,53.48793],[-2.26008,53.48839],[-2.25942,53.48891],[-2.25974,53.48932],[-2.25887,53.48971]]]}},{"type":"Feature","properties":{"id":"E01033990","name":"E01033990","parent":"E08000006","type":"LSOA","pop":2029,"r":755,"ff":311,"ffd":15327.7,"ffs":0.5049,"g":135,"co":0,"mo":2,"sa":0,"ic":0},"geometry":{"type":"Polygon","coordinates":[[[-2.25236,53.4853],[-2.25094,53.48463],[-2.25132,53.48435],[-2.25104,53.48243],[-2.25305,53.48181],[-2.25419,53.48267],[-2.25374,53.48283],[-2.25446,53.48361],[-2.25411,53.48369],[-2.25476,53.48411],[-2.25443,53.48472],[-2.255,53.48419],[-2.25562,53.48473],[-2.2566,53.48447],[-2.2556,53.48538],[-2.25438,53.48497],[-2.25286,53.4855],[-2.25236,53.4853]]]}},{"type":"Feature","properties":{"id":"E01033991","name":"E01033991","parent":"E08000006","type":"LSOA","pop":1995,"r":764,"ff":298,"ffd":14937.3,"ffs":0.4942,"g":157,"co":0,"mo":2,"sa":0,"ic":0},"geometry":{"type":"Polygon","coordinates":[[[-2.26688,53.49032],[-2.26759,53.48975],[-2.26701,53.48878],[-2.26612,53.48871],[-2.26673,53.48783],[-2.26556,53.48797],[-2.26556,53.48886],[-2.26391,53.48879],[-2.26405,53.48803],[-2.26292,53.48791],[-2.26222,53.48822],[-2.26119,53.48765],[-2.26091,53.48702],[-2.26252,53.48663],[-2.26264,53.48702],[-2.26465,53.48667],[-2.26482,53.48325],[-2.26902,53.48334],[-2.26969,53.48161],[-2.26946,53.481],[-2.26831,53.48081],[-2.26876,53.47992],[-2.26763,53.47973],[-2.26785,53.47929],[-2.26746,53.47915],[-2.26799,53.47862],[-2.27177,53.47881],[-2.28186,53.47996],[-2.27713,53.48603],[-2.2752,53.48535],[-2.27494,53.48582],[-2.2739,53.48559],[-2.27075,53.4864],[-2.27083,53.49008],[-2.26844,53.48992],[-2.26691,53.49051],[-2.26688,53.49032]]]}},{"type":"Feature","properties":{"id":"E01033992","name":"E01033992","parent":"E08000006","type":"LSOA","pop":2868,"r":916,"ff":383,"ffd":13354.3,"ffs":0.5169,"g":171,"co":2,"mo":0,"sa":0,"ic":0},"geometry":{"type":"Polygon","coordinates":[[[-2.26057,53.47849],[-2.26091,53.47814],[-2.26799,53.47862],[-2.26746,53.47915],[-2.26785,53.47929],[-2.26763,53.47973],[-2.26876,53.47992],[-2.26831,53.48081],[-2.26946,53.481],[-2.26969,53.48161],[-2.26902,53.48334],[-2.26593,53.48331],[-2.26721,53.48305],[-2.26734,53.48263],[-2.263,53.48189],[-2.26274,53.48136],[-2.26222,53.48123],[-2.26225,53.47922],[-2.26057,53.47849]]]}},{"type":"Feature","properties":{"id":"E01033993","name":"E01033993","parent":"E08000006","type":"LSOA","pop":2223,"r":918,"ff":377,"ffd":16959.1,"ffs":0.5033,"g":164,"co":2,"mo":0,"sa":0,"ic":0},"geometry":{"type":"Polygon","coordinates":[[[-2.26294,53.47656],[-2.26368,53.47445],[-2.26548,53.47397],[-2.26697,53.47457],[-2.26732,53.47431],[-2.26891,53.47463],[-2.26869,53.47491],[-2.26926,53.47497],[-2.26918,53.47553],[-2.26976,53.47587],[-2.27015,53.47555],[-2.27002,53.47464],[-2.26949,53.47455],[-2.27018,53.47347],[-2.27074,53.47357],[-2.2706,53.47398],[-2.27124,53.4745],[-2.27092,53.47546],[-2.27151,53.47559],[-2.27114,53.47703],[-2.27224,53.47722],[-2.27177,53.47881],[-2.26243,53.47835],[-2.26091,53.47814],[-2.26019,53.47779],[-2.26294,53.47656]]]}},{"type":"Feature","properties":{"id":"E01033994","name":"E01033994","parent":"E08000006","type":"LSOA","pop":1524,"r":873,"ff":364,"ffd":23884.5,"ffs":0.5077,"g":152,"co":2,"mo":0,"sa":0,"ic":0},"geometry":{"type":"Polygon","coordinates":[[[-2.26379,53.47415],[-2.26472,53.47302],[-2.26711,53.47212],[-2.26713,53.4729],[-2.2684,53.47354],[-2.26634,53.47438],[-2.26548,53.47397],[-2.26368,53.47445],[-2.26379,53.47415]]]}},{"type":"Feature","properties":{"id":"E01033995","name":"E01033995","parent":"E08000006","type":"LSOA","pop":1986,"r":700,"ff":286,"ffd":14400.8,"ffs":0.52,"g":146,"co":0,"mo":0,"sa":0,"ic":0},"geometry":{"type":"Polygon","coordinates":[[[-2.2937,53.47201],[-2.29376,53.47176],[-2.29508,53.4714],[-2.29551,53.472],[-2.2976,53.47114],[-2.29892,53.47232],[-2.29837,53.47253],[-2.29993,53.47425],[-2.29606,53.47516],[-2.29297,53.47635],[-2.29164,53.47391],[-2.29325,53.47358],[-2.29248,53.47269],[-2.2937,53.47201]]]}},{"type":"Feature","properties":{"id":"E01033996","name":"E01033996","parent":"E08000006","type":"LSOA","pop":1571,"r":668,"ff":257,"ffd":16359.0,"ffs":0.512,"g":163,"co":0,"mo":0,"sa":0,"ic":0},"geometry":{"type":"Polygon","coordinates":[[[-2.29892,53.47232],[-2.2976,53.47114],[-2.29551,53.472],[-2.29508,53.4714],[-2.29376,53.47176],[-2.2937,53.47201],[-2.29248,53.47269],[-2.29325,53.47358],[-2.29116,53.474],[-2.28959,53.47167],[-2.29071,53.47134],[-2.29037,53.47087],[-2.29088,53.47054],[-2.29215,53.47108],[-2.29266,53.46936],[-2.29238,53.46852],[-2.30234,53.47215],[-2.30238,53.47385],[-2.29993,53.47425],[-2.29837,53.47253],[-2.29892,53.47232]]]}},{"type":"Feature","properties":{"id":"E01033997","name":"E01033997","parent":"E08000006","type":"LSOA","pop":1538,"r":941,"ff":389,"ffd":25292.6,"ffs":0.5112,"g":176,"co":0,"mo":0,"sa":0,"ic":0},"geometry":{"type":"Polygon","coordinates":[[[-2.28437,53.47525],[-2.28335,53.47396],[-2.28261,53.47387],[-2.28249,53.47434],[-2.28231,53.47176],[-2.28247,53.47122],[-2.2817,53.47098],[-2.28187,53.47011],[-2.28277,53.47009],[-2.28321,53.46829],[-2.28371,53.46731],[-2.28429,53.46744],[-2.28583,53.46719],[-2.28627,53.46791],[-2.2872,53.46868],[-2.28838,53.46875],[-2.28894,53.46957],[-2.28846,53.46976],[-2.28934,53.47121],[-2.28731,53.47185],[-2.28759,53.47221],[-2.28832,53.47204],[-2.28864,53.4726],[-2.28838,53.47316],[-2.28713,53.47346],[-2.2868,53.47508],[-2.28513,53.47452],[-2.28437,53.47525]]]}},{"type":"Feature","properties":{"id":"E01033998","name":"E01033998","parent":"E08000006","type":"LSOA","pop":1967,"r":712,"ff":300,"ffd":15251.7,"ffs":0.53,"g":142,"co":0,"mo":0,"sa":0,"ic":0},"geometry":{"type":"Polygon","coordinates":[[[-2.28985,53.47421],[-2.28733,53.47341],[-2.28838,53.47316],[-2.28864,53.4726],[-2.28832,53.47204],[-2.28759,53.47221],[-2.28731,53.47185],[-2.28934,53.47121],[-2.28846,53.46976],[-2.28894,53.46957],[-2.28838,53.46875],[-2.2872,53.46868],[-2.28627,53.46791],[-2.28583,53.46719],[-2.28429,53.46744],[-2.28371,53.46731],[-2.28422,53.46547],[-2.29238,53.46852],[-2.29266,53.46936],[-2.29215,53.47108],[-2.29088,53.47054],[-2.29037,53.47087],[-2.29071,53.47134],[-2.28959,53.47167],[-2.29116,53.474],[-2.29164,53.47391],[-2.29297,53.47635],[-2.28932,53.4764],[-2.28985,53.47421]]]}},{"type":"Feature","properties":{"id":"E01033999","name":"E01033999","parent":"E08000006","type":"LSOA","pop":1312,"r":846,"ff":349,"ffd":26600.6,"ffs":0.5132,"g":162,"co":2,"mo":0,"sa":0,"ic":0},"geometry":{"type":"Polygon","coordinates":[[[-2.2793,53.46794],[-2.28005,53.46634],[-2.2837,53.46733],[-2.28321,53.46829],[-2.28277,53.47009],[-2.28187,53.47011],[-2.2817,53.47098],[-2.28247,53.47122],[-2.2824,53.47147],[-2.28049,53.47087],[-2.28075,53.46982],[-2.28041,53.46959],[-2.28078,53.46813],[-2.2793,53.46794]]]}}]}