{"type":"FeatureCollection","features":[{"type":"Feature","properties":{"id":"E01002106","name":"E01002106","parent":"E09000015","type":"LSOA","pop":1960,"r":737,"ff":293,"ffd":14949.0,"ffs":0.4487,"g":82,"co":0,"mo":0,"sa":0,"ic":0},"geometry":{"type":"Polygon","coordinates":[[[-0.32261,51.60006],[-0.32364,51.59998],[-0.32557,51.60248],[-0.32769,51.60402],[-0.32798,51.60445],[-0.32636,51.60478],[-0.32449,51.60564],[-0.32427,51.60527],[-0.31739,51.60487],[-0.31729,51.60441],[-0.31838,51.60395],[-0.31825,51.60336],[-0.31902,51.60257],[-0.31852,51.60218],[-0.31998,51.6009],[-0.32261,51.60006]]]}},{"type":"Feature","properties":{"id":"E01002107","name":"E01002107","parent":"E09000015","type":"LSOA","pop":1807,"r":697,"ff":285,"ffd":15772.0,"ffs":0.4634,"g":80,"co":0,"mo":0,"sa":0,"ic":0},"geometry":{"type":"Polygon","coordinates":[[[-0.30183,51.60448],[-0.30053,51.6038],[-0.29873,51.60413],[-0.29768,51.60293],[-0.29834,51.60277],[-0.29671,51.59966],[-0.30312,51.59867],[-0.30342,51.59924],[-0.30388,51.59902],[-0.30404,51.59926],[-0.30424,51.59967],[-0.30368,51.59978],[-0.30463,51.60156],[-0.30677,51.60107],[-0.30731,51.60291],[-0.30668,51.60295],[-0.30664,51.60349],[-0.30605,51.60355],[-0.30596,51.60161],[-0.30336,51.60217],[-0.30368,51.6031],[-0.30447,51.6032],[-0.30406,51.604],[-0.30436,51.60463],[-0.30384,51.60506],[-0.30208,51.60519],[-0.30183,51.60448]]]}},{"type":"Feature","properties":{"id":"E01002108","name":"E01002108","parent":"E09000015","type":"LSOA","pop":1806,"r":722,"ff":293,"ffd":16223.7,"ffs":0.4614,"g":85,"co":0,"mo":0,"sa":0,"ic":0},"geometry":{"type":"Polygon","coordinates":[[[-0.3081,51.60447],[-0.30817,51.60297],[-0.30781,51.60116],[-0.30921,51.60076],[-0.30898,51.60046],[-0.3109,51.59967],[-0.31018,51.59887],[-0.31064,51.59874],[-0.31113,51.59908],[-0.31311,51.59865],[-0.31336,51.59935],[-0.31398,51.59958],[-0.31263,51.60008],[-0.31311,51.60058],[-0.31263,51.60077],[-0.31395,51.60225],[-0.31478,51.60196],[-0.31507,51.60226],[-0.31196,51.60371],[-0.31158,51.6047],[-0.31101,51.6045],[-0.3078,51.60533],[-0.3081,51.60447]]]}},{"type":"Feature","properties":{"id":"E01002109","name":"E01002109","parent":"E09000015","type":"LSOA","pop":1860,"r":715,"ff":283,"ffd":15215.1,"ffs":0.455,"g":90,"co":0,"mo":0,"sa":0,"ic":0},"geometry":{"type":"Polygon","coordinates":[[[-0.30492,51.61278],[-0.30348,51.61084],[-0.30306,51.61052],[-0.30115,51.6073],[-0.30767,51.60578],[-0.3078,51.60533],[-0.31101,51.6045],[-0.31158,51.6047],[-0.31027,51.60516],[-0.31038,51.60554],[-0.31125,51.60546],[-0.31158,51.6062],[-0.3123,51.60617],[-0.31273,51.60665],[-0.31366,51.60673],[-0.31241,51.60885],[-0.31303,51.60924],[-0.31274,51.61038],[-0.31311,51.61093],[-0.31226,51.61064],[-0.31231,51.61156],[-0.31166,51.61174],[-0.31183,51.61207],[-0.31043,51.61219],[-0.3102,51.61259],[-0.30783,51.61223],[-0.30785,51.61258],[-0.30492,51.61278]]]}},{"type":"Feature","properties":{"id":"E01002110","name":"E01002110","parent":"E09000015","type":"LSOA","pop":1680,"r":713,"ff":284,"ffd":16904.8,"ffs":0.453,"g":84,"co":0,"mo":0,"sa":0,"ic":0},"geometry":{"type":"Polygon","coordinates":[[[-0.30019,51.6061],[-0.29873,51.60413],[-0.30053,51.6038],[-0.30183,51.60448],[-0.30208,51.60519],[-0.30384,51.60506],[-0.30436,51.60463],[-0.30406,51.604],[-0.30447,51.6032],[-0.30368,51.6031],[-0.30336,51.60217],[-0.30596,51.60161],[-0.30605,51.60355],[-0.30664,51.60349],[-0.30668,51.60295],[-0.30731,51.60291],[-0.30677,51.60107],[-0.30683,51.60076],[-0.30917,51.60003],[-0.30809,51.59884],[-0.30966,51.59831],[-0.30944,51.59806],[-0.31003,51.5979],[-0.31049,51.59826],[-0.31064,51.59874],[-0.31018,51.59887],[-0.3109,51.59967],[-0.30898,51.60046],[-0.30921,51.60076],[-0.30781,51.60116],[-0.30817,51.60297],[-0.3081,51.60447],[-0.30767,51.60578],[-0.30115,51.6073],[-0.30019,51.6061]]]}},{"type":"Feature","properties":{"id":"E01002111","name":"E01002111","parent":"E09000015","type":"LSOA","pop":2214,"r":724,"ff":295,"ffd":13324.3,"ffs":0.4609,"g":82,"co":0,"mo":0,"sa":0,"ic":0},"geometry":{"type":"Polygon","coordinates":[[[-0.31273,51.60665],[-0.3123,51.60617],[-0.31158,51.6062],[-0.31125,51.60546],[-0.31038,51.60554],[-0.31027,51.60516],[-0.31158,51.6047],[-0.31196,51.60371],[-0.31507,51.60226],[-0.31478,51.60196],[-0.31395,51.60225],[-0.31263,51.60077],[-0.31311,51.60058],[-0.31263,51.60008],[-0.31398,51.59958],[-0.31336,51.59935],[-0.31311,51.59865],[-0.31113,51.59908],[-0.31064,51.59874],[-0.31049,51.59826],[-0.31248,51.59766],[-0.31274,51.59806],[-0.31343,51.59786],[-0.31405,51.59903],[-0.31635,51.60033],[-0.318,51.60098],[-0.31998,51.6009],[-0.31852,51.60218],[-0.31902,51.60257],[-0.31825,51.60336],[-0.31838,51.60395],[-0.31729,51.60441],[-0.31739,51.60487],[-0.31557,51.60496],[-0.31366,51.60673],[-0.31273,51.60665]]]}},{"type":"Feature","properties":{"id":"E01002112","name":"E01002112","parent":"E09000015","type":"LSOA","pop":2095,"r":666,"ff":269,"ffd":12840.1,"ffs":0.4719,"g":93,"co":0,"mo":0,"sa":0,"ic":0},"geometry":{"type":"Polygon","coordinates":[[[-0.29194,51.62115],[-0.28909,51.61875],[-0.28963,51.61894],[-0.29008,51.61873],[-0.29049,51.61901],[-0.29129,51.61869],[-0.29185,51.619],[-0.29412,51.61844],[-0.29429,51.61793],[-0.29484,51.61794],[-0.29455,51.61838],[-0.2949,51.61961],[-0.29448,51.62012],[-0.29463,51.62074],[-0.29849,51.6201],[-0.29798,51.61936],[-0.29859,51.61936],[-0.29892,51.61888],[-0.29823,51.61802],[-0.2994,51.61798],[-0.30028,51.61839],[-0.3006,51.61823],[-0.30041,51.61917],[-0.29989,51.61946],[-0.3001,51.61993],[-0.3023,51.61913],[-0.30206,51.61872],[-0.30346,51.61849],[-0.30312,51.61802],[-0.30357,51.6179],[-0.30409,51.61878],[-0.30488,51.61884],[-0.30494,51.61847],[-0.3059,51.61829],[-0.30551,51.61867],[-0.30581,51.61892],[-0.30539,51.61932],[-0.30599,51.61998],[-0.30749,51.62017],[-0.30709,51.62032],[-0.30775,51.62119],[-0.30656,51.62075],[-0.30615,51.6212],[-0.30633,51.62274],[-0.30806,51.6245],[-0.30814,51.6254],[-0.29985,51.62795],[-0.29194,51.62115]]]}},{"type":"Feature","properties":{"id":"E01002113","name":"E01002113","parent":"E09000015","type":"LSOA","pop":1522,"r":696,"ff":274,"ffd":18002.6,"ffs":0.4621,"g":100,"co":0,"mo":0,"sa":0,"ic":0},"geometry":{"type":"Polygon","coordinates":[[[-0.29484,51.61794],[-0.29429,51.61793],[-0.29412,51.61844],[-0.29185,51.619],[-0.29129,51.61869],[-0.29049,51.61901],[-0.29008,51.61873],[-0.28963,51.61894],[-0.28909,51.61875],[-0.28632,51.61618],[-0.28757,51.61621],[-0.28796,51.61682],[-0.28894,51.6165],[-0.28823,51.6158],[-0.28919,51.61555],[-0.28963,51.61464],[-0.29187,51.61487],[-0.29205,51.61439],[-0.29107,51.61415],[-0.29127,51.61361],[-0.28876,51.61326],[-0.28894,51.61276],[-0.28835,51.61263],[-0.28818,51.61239],[-0.29015,51.61168],[-0.29063,51.61059],[-0.29198,51.60996],[-0.29134,51.60927],[-0.29372,51.60792],[-0.29424,51.60789],[-0.29441,51.60893],[-0.29495,51.60872],[-0.29623,51.61077],[-0.29437,51.61167],[-0.29513,51.61256],[-0.29451,51.61319],[-0.29563,51.6142],[-0.29677,51.61417],[-0.29853,51.61373],[-0.29973,51.61539],[-0.29937,51.61645],[-0.29877,51.61653],[-0.29801,51.61733],[-0.29849,51.61797],[-0.29823,51.61802],[-0.29892,51.61888],[-0.29859,51.61936],[-0.29798,51.61936],[-0.29849,51.6201],[-0.29463,51.62074],[-0.29448,51.62012],[-0.2949,51.61961],[-0.29455,51.61838],[-0.29484,51.61794]]]}},{"type":"Feature","properties":{"id":"E01002114","name":"E01002114","parent":"E09000015","type":"LSOA","pop":2284,"r":652,"ff":254,"ffd":11120.8,"ffs":0.456,"g":92,"co":0,"mo":0,"sa":0,"ic":0},"geometry":{"type":"Polygon","coordinates":[[[-0.29985,51.62795],[-0.30814,51.6254],[-0.30806,51.6245],[-0.30633,51.62274],[-0.30615,51.6212],[-0.30656,51.62075],[-0.30775,51.62119],[-0.30709,51.62032],[-0.30749,51.62017],[-0.30599,51.61998],[-0.30539,51.61932],[-0.30581,51.61892],[-0.30551,51.61867],[-0.3059,51.61829],[-0.30494,51.61847],[-0.30488,51.61884],[-0.30409,51.61878],[-0.30357,51.6179],[-0.30511,51.6174],[-0.30243,51.61401],[-0.30439,51.61342],[-0.30379,51.61228],[-0.30447,51.61216],[-0.3077,51.61726],[-0.30811,51.61848],[-0.30902,51.61965],[-0.3099,51.62038],[-0.31271,51.62187],[-0.31641,51.62518],[-0.31766,51.6257],[-0.31709,51.62686],[-0.32077,51.62652],[-0.32238,51.62615],[-0.32314,51.62673],[-0.33193,51.62981],[-0.33299,51.63205],[-0.33298,51.63319],[-0.33228,51.63346],[-0.33246,51.63382],[-0.32998,51.63534],[-0.32655,51.63672],[-0.31979,51.63822],[-0.31806,51.63993],[-0.31667,51.64054],[-0.31232,51.63896],[-0.30538,51.63711],[-0.30446,51.63635],[-0.30555,51.6344],[-0.30539,51.63339],[-0.30393,51.63147],[-0.29985,51.62795]]]}},{"type":"Feature","properties":{"id":"E01002115","name":"E01002115","parent":"E09000015","type":"LSOA","pop":1481,"r":664,"ff":256,"ffd":17285.6,"ffs":0.4507,"g":93,"co":0,"mo":0,"sa":0,"ic":0},"geometry":{"type":"Polygon","coordinates":[[[-0.30041,51.61917],[-0.3006,51.61823],[-0.30028,51.61839],[-0.2994,51.61798],[-0.29849,51.61797],[-0.29801,51.61733],[-0.29877,51.61653],[-0.29937,51.61645],[-0.29973,51.61539],[-0.29853,51.61373],[-0.29677,51.61417],[-0.29563,51.6142],[-0.29451,51.61319],[-0.29513,51.61256],[-0.29437,51.61167],[-0.29692,51.61055],[-0.2967,51.61019],[-0.29712,51.60987],[-0.29761,51.61022],[-0.29946,51.61317],[-0.30031,51.61271],[-0.30254,51.61205],[-0.30204,51.61161],[-0.3031,51.61161],[-0.30348,51.61084],[-0.30447,51.61216],[-0.30379,51.61228],[-0.30439,51.61342],[-0.30243,51.61401],[-0.30511,51.6174],[-0.30312,51.61802],[-0.30346,51.61849],[-0.30206,51.61872],[-0.3023,51.61913],[-0.3001,51.61993],[-0.29989,51.61946],[-0.30041,51.61917]]]}},{"type":"Feature","properties":{"id":"E01002116","name":"E01002116","parent":"E09000015","type":"LSOA","pop":1573,"r":666,"ff":262,"ffd":16656.1,"ffs":0.4654,"g":100,"co":0,"mo":0,"sa":0,"ic":0},"geometry":{"type":"Polygon","coordinates":[[[-0.28387,51.61461],[-0.281,51.61226],[-0.2816,51.6123],[-0.28252,51.61146],[-0.28368,51.61151],[-0.28492,51.61069],[-0.2852,51.61091],[-0.28636,51.61071],[-0.28555,51.60981],[-0.28645,51.60941],[-0.28637,51.60873],[-0.28677,51.6087],[-0.28849,51.60938],[-0.28993,51.61107],[-0.28923,51.61145],[-0.2897,51.61184],[-0.28818,51.61239],[-0.28835,51.61263],[-0.28894,51.61276],[-0.28876,51.61326],[-0.29127,51.61361],[-0.29107,51.61415],[-0.29205,51.61439],[-0.29187,51.61487],[-0.28963,51.61464],[-0.28919,51.61555],[-0.28823,51.6158],[-0.28894,51.6165],[-0.28796,51.61682],[-0.28757,51.61621],[-0.28632,51.61618],[-0.28387,51.61461]]]}},{"type":"Feature","properties":{"id":"E01002118","name":"E01002118","parent":"E09000015","type":"LSOA","pop":2186,"r":678,"ff":278,"ffd":12717.3,"ffs":0.4768,"g":92,"co":0,"mo":0,"sa":0,"ic":0},"geometry":{"type":"Polygon","coordinates":[[[-0.281,51.61226],[-0.27932,51.61072],[-0.28027,51.61012],[-0.2793,51.60954],[-0.27907,51.609],[-0.27959,51.60871],[-0.28037,51.60852],[-0.28096,51.60928],[-0.28161,51.60944],[-0.28515,51.60786],[-0.28571,51.60824],[-0.28945,51.6073],[-0.29439,51.60696],[-0.29479,51.60813],[-0.29429,51.60822],[-0.29424,51.60789],[-0.29372,51.60792],[-0.29163,51.60904],[-0.29134,51.60927],[-0.29198,51.60996],[-0.29063,51.61059],[-0.29015,51.61168],[-0.2897,51.61184],[-0.28923,51.61145],[-0.28993,51.61107],[-0.28849,51.60938],[-0.28677,51.6087],[-0.28637,51.60873],[-0.28645,51.60941],[-0.28555,51.60981],[-0.28636,51.61071],[-0.2852,51.61091],[-0.28492,51.61069],[-0.28368,51.61151],[-0.28252,51.61146],[-0.2816,51.6123],[-0.281,51.61226]]]}},{"type":"Feature","properties":{"id":"E01002119","name":"E01002119","parent":"E09000015","type":"LSOA","pop":2731,"r":662,"ff":269,"ffd":9849.9,"ffs":0.4728,"g":90,"co":0,"mo":0,"sa":0,"ic":0},"geometry":{"type":"Polygon","coordinates":[[[-0.27932,51.61072],[-0.27586,51.60787],[-0.27392,51.60586],[-0.27441,51.60571],[-0.27538,51.60675],[-0.27583,51.6066],[-0.27485,51.60555],[-0.27628,51.60517],[-0.27598,51.60486],[-0.27868,51.60432],[-0.27898,51.60465],[-0.28011,51.60467],[-0.27966,51.60506],[-0.28059,51.60681],[-0.28125,51.60749],[-0.28358,51.6067],[-0.2847,51.60676],[-0.28529,51.60714],[-0.28509,51.60736],[-0.28453,51.60722],[-0.28507,51.60743],[-0.28515,51.60786],[-0.28161,51.60944],[-0.28096,51.60928],[-0.28037,51.60852],[-0.27907,51.609],[-0.2793,51.60954],[-0.28027,51.61012],[-0.27932,51.61072]]]}},{"type":"Feature","properties":{"id":"E01002120","name":"E01002120","parent":"E09000015","type":"LSOA","pop":1368,"r":678,"ff":276,"ffd":20175.4,"ffs":0.4718,"g":90,"co":0,"mo":0,"sa":0,"ic":0},"geometry":{"type":"Polygon","coordinates":[[[-0.28507,51.60743],[-0.28453,51.60722],[-0.28509,51.60736],[-0.28529,51.60714],[-0.28299,51.60553],[-0.28468,51.60434],[-0.28653,51.60485],[-0.28665,51.60404],[-0.28723,51.60395],[-0.28851,51.60442],[-0.28945,51.60397],[-0.2918,51.60709],[-0.28945,51.6073],[-0.28571,51.60824],[-0.28515,51.60786],[-0.28507,51.60743]]]}},{"type":"Feature","properties":{"id":"E01002121","name":"E01002121","parent":"E09000015","type":"LSOA","pop":1880,"r":696,"ff":282,"ffd":15000.0,"ffs":0.4669,"g":90,"co":0,"mo":0,"sa":0,"ic":0},"geometry":{"type":"Polygon","coordinates":[[[-0.28059,51.60681],[-0.27966,51.60506],[-0.28011,51.60467],[-0.27936,51.60433],[-0.28004,51.6038],[-0.28017,51.6031],[-0.27963,51.6025],[-0.28284,51.60109],[-0.28327,51.60152],[-0.28614,51.59998],[-0.28648,51.60043],[-0.28596,51.60057],[-0.28681,51.60174],[-0.28735,51.60157],[-0.28756,51.60185],[-0.2883,51.60206],[-0.28807,51.60234],[-0.28945,51.60397],[-0.28851,51.60442],[-0.28723,51.60395],[-0.28665,51.60404],[-0.28653,51.60485],[-0.28468,51.60434],[-0.28299,51.60553],[-0.2847,51.60676],[-0.28358,51.6067],[-0.28125,51.60749],[-0.28059,51.60681]]]}},{"type":"Feature","properties":{"id":"E01002122","name":"E01002122","parent":"E09000015","type":"LSOA","pop":2049,"r":663,"ff":267,"ffd":13030.7,"ffs":0.4635,"g":84,"co":0,"mo":0,"sa":0,"ic":0},"geometry":{"type":"Polygon","coordinates":[[[-0.27538,51.60675],[-0.27441,51.60571],[-0.27392,51.60586],[-0.27205,51.60432],[-0.27278,51.60406],[-0.27236,51.60386],[-0.27284,51.60365],[-0.2733,51.60404],[-0.27452,51.60355],[-0.27408,51.60315],[-0.275,51.60271],[-0.27498,51.60226],[-0.27547,51.60245],[-0.27661,51.60153],[-0.2763,51.60122],[-0.27558,51.60185],[-0.2754,51.60166],[-0.27562,51.60116],[-0.27471,51.60012],[-0.27525,51.59984],[-0.2751,51.59958],[-0.27598,51.59978],[-0.27652,51.60045],[-0.278,51.59988],[-0.28065,51.60214],[-0.27963,51.6025],[-0.28017,51.6031],[-0.28004,51.6038],[-0.27936,51.60433],[-0.27958,51.60455],[-0.27898,51.60465],[-0.27868,51.60432],[-0.27598,51.60486],[-0.27628,51.60517],[-0.27485,51.60555],[-0.27583,51.6066],[-0.27538,51.60675]]]}},{"type":"Feature","properties":{"id":"E01002123","name":"E01002123","parent":"E09000015","type":"LSOA","pop":1804,"r":658,"ff":271,"ffd":15022.2,"ffs":0.4729,"g":82,"co":0,"mo":0,"sa":0,"ic":0},"geometry":{"type":"Polygon","coordinates":[[[-0.27124,51.6037],[-0.26713,51.60037],[-0.26762,51.60013],[-0.26818,51.60055],[-0.26854,51.6003],[-0.26879,51.60087],[-0.26966,51.60091],[-0.27217,51.59935],[-0.27234,51.59993],[-0.27352,51.59953],[-0.27399,51.60022],[-0.27471,51.60012],[-0.27562,51.60116],[-0.2754,51.60166],[-0.27558,51.60185],[-0.2763,51.60122],[-0.27661,51.60153],[-0.27547,51.60245],[-0.27498,51.60226],[-0.275,51.60271],[-0.27408,51.60315],[-0.27452,51.60355],[-0.2733,51.60404],[-0.27284,51.60365],[-0.27236,51.60386],[-0.27278,51.60406],[-0.27205,51.60432],[-0.27124,51.6037]]]}},{"type":"Feature","properties":{"id":"E01002124","name":"E01002124","parent":"E09000015","type":"LSOA","pop":1790,"r":678,"ff":278,"ffd":15530.7,"ffs":0.4728,"g":88,"co":0,"mo":0,"sa":0,"ic":0},"geometry":{"type":"Polygon","coordinates":[[[-0.27929,51.60111],[-0.278,51.59988],[-0.27652,51.60045],[-0.27598,51.59978],[-0.27743,51.5993],[-0.27828,51.59937],[-0.27761,51.59854],[-0.28011,51.59796],[-0.28036,51.59845],[-0.28262,51.59858],[-0.28407,51.59821],[-0.28482,51.59848],[-0.28472,51.59889],[-0.28566,51.60016],[-0.28327,51.60152],[-0.28284,51.60109],[-0.28065,51.60214],[-0.27929,51.60111]]]}},{"type":"Feature","properties":{"id":"E01002125","name":"E01002125","parent":"E09000015","type":"LSOA","pop":2126,"r":708,"ff":288,"ffd":13546.6,"ffs":0.4691,"g":92,"co":0,"mo":0,"sa":0,"ic":0},"geometry":{"type":"Polygon","coordinates":[[[-0.26879,51.60087],[-0.26854,51.6003],[-0.26818,51.60055],[-0.26762,51.60013],[-0.27111,51.59832],[-0.27265,51.59842],[-0.27693,51.5969],[-0.27649,51.59652],[-0.27934,51.59623],[-0.28011,51.59796],[-0.27761,51.59854],[-0.27828,51.59937],[-0.27743,51.5993],[-0.27598,51.59978],[-0.2751,51.59958],[-0.27525,51.59984],[-0.27399,51.60022],[-0.27352,51.59953],[-0.27234,51.59993],[-0.27217,51.59935],[-0.26966,51.60091],[-0.26879,51.60087]]]}},{"type":"Feature","properties":{"id":"E01002127","name":"E01002127","parent":"E09000015","type":"LSOA","pop":1987,"r":893,"ff":356,"ffd":17916.5,"ffs":0.445,"g":90,"co":2,"mo":0,"sa":0,"ic":0},"geometry":{"type":"Polygon","coordinates":[[[-0.32305,51.5838],[-0.3226,51.58354],[-0.32059,51.58481],[-0.31707,51.58211],[-0.32002,51.58051],[-0.32374,51.57932],[-0.32668,51.57869],[-0.32835,51.58017],[-0.32646,51.58063],[-0.32726,51.58125],[-0.32526,51.5822],[-0.32608,51.58253],[-0.32393,51.58428],[-0.32257,51.58496],[-0.32241,51.58474],[-0.32347,51.58404],[-0.32305,51.5838]]]}},{"type":"Feature","properties":{"id":"E01002128","name":"E01002128","parent":"E09000015","type":"LSOA","pop":2155,"r":766,"ff":297,"ffd":13781.9,"ffs":0.4368,"g":83,"co":2,"mo":0,"sa":0,"ic":0},"geometry":{"type":"Polygon","coordinates":[[[-0.34091,51.58597],[-0.34072,51.58505],[-0.33974,51.58514],[-0.33961,51.58487],[-0.33912,51.58523],[-0.33603,51.58552],[-0.33525,51.58541],[-0.3353,51.58413],[-0.33587,51.58409],[-0.33584,51.58375],[-0.337,51.58344],[-0.33716,51.58294],[-0.33587,51.58321],[-0.33593,51.58276],[-0.33783,51.58238],[-0.33789,51.58186],[-0.33959,51.58203],[-0.34053,51.58179],[-0.34114,51.5833],[-0.34166,51.58324],[-0.34092,51.58128],[-0.34193,51.58045],[-0.34199,51.58076],[-0.34263,51.58092],[-0.34322,51.5835],[-0.34435,51.58372],[-0.34436,51.58451],[-0.34388,51.58468],[-0.3437,51.5842],[-0.34261,51.58452],[-0.34267,51.58486],[-0.34227,51.58451],[-0.34151,51.58461],[-0.34093,51.58487],[-0.34137,51.58599],[-0.34091,51.58597]]]}},{"type":"Feature","properties":{"id":"E01002129","name":"E01002129","parent":"E09000015","type":"LSOA","pop":3248,"r":812,"ff":317,"ffd":9759.9,"ffs":0.4378,"g":86,"co":2,"mo":0,"sa":0,"ic":0},"geometry":{"type":"Polygon","coordinates":[[[-0.33391,51.58202],[-0.33341,51.58139],[-0.33408,51.58001],[-0.33698,51.5801],[-0.3374,51.57991],[-0.3365,51.57888],[-0.3371,51.57898],[-0.33782,51.5784],[-0.33645,51.57734],[-0.33526,51.57717],[-0.33498,51.57627],[-0.33681,51.57598],[-0.33854,51.57525],[-0.3384,51.57455],[-0.33813,51.57418],[-0.34048,51.57406],[-0.34355,51.57467],[-0.343,51.57638],[-0.34298,51.57719],[-0.34232,51.57903],[-0.3419,51.57958],[-0.34193,51.58045],[-0.34092,51.58128],[-0.34166,51.58324],[-0.34114,51.5833],[-0.34053,51.58179],[-0.33959,51.58203],[-0.33789,51.58186],[-0.33783,51.58238],[-0.33593,51.58276],[-0.33587,51.58321],[-0.33435,51.5837],[-0.33363,51.58359],[-0.33391,51.58202]]]}},{"type":"Feature","properties":{"id":"E01002130","name":"E01002130","parent":"E09000015","type":"LSOA","pop":3302,"r":800,"ff":308,"ffd":9327.7,"ffs":0.435,"g":89,"co":2,"mo":0,"sa":0,"ic":0},"geometry":{"type":"Polygon","coordinates":[[[-0.32631,51.58729],[-0.32855,51.58657],[-0.32831,51.58637],[-0.32822,51.58572],[-0.33073,51.58484],[-0.33101,51.58386],[-0.33048,51.58348],[-0.33175,51.58325],[-0.33158,51.58295],[-0.33246,51.58227],[-0.33227,51.5815],[-0.33293,51.581],[-0.33253,51.58039],[-0.33292,51.57957],[-0.33377,51.57893],[-0.33408,51.58001],[-0.33341,51.58139],[-0.33391,51.58202],[-0.33363,51.58359],[-0.33435,51.5837],[-0.33716,51.58294],[-0.337,51.58344],[-0.33584,51.58375],[-0.33587,51.58409],[-0.3353,51.58413],[-0.33525,51.58541],[-0.33469,51.58562],[-0.33551,51.58689],[-0.33318,51.58715],[-0.33302,51.58676],[-0.3321,51.58683],[-0.33327,51.59146],[-0.32723,51.58854],[-0.32631,51.58729]]]}},{"type":"Feature","properties":{"id":"E01002131","name":"E01002131","parent":"E09000015","type":"LSOA","pop":1802,"r":799,"ff":321,"ffd":17813.5,"ffs":0.4477,"g":79,"co":2,"mo":0,"sa":0,"ic":0},"geometry":{"type":"Polygon","coordinates":[[[-0.32334,51.58651],[-0.32059,51.58481],[-0.3226,51.58354],[-0.32347,51.58404],[-0.32241,51.58474],[-0.32257,51.58496],[-0.32393,51.58428],[-0.32608,51.58253],[-0.32642,51.58246],[-0.32744,51.58327],[-0.32706,51.58364],[-0.32806,51.58424],[-0.32819,51.58453],[-0.32731,51.58485],[-0.32769,51.58642],[-0.32831,51.58637],[-0.32855,51.58657],[-0.32631,51.58729],[-0.32723,51.58854],[-0.32334,51.58651]]]}},{"type":"Feature","properties":{"id":"E01002132","name":"E01002132","parent":"E09000015","type":"LSOA","pop":2170,"r":844,"ff":334,"ffd":15391.7,"ffs":0.4401,"g":83,"co":2,"mo":0,"sa":0,"ic":0},"geometry":{"type":"Polygon","coordinates":[[[-0.34376,51.574],[-0.34404,51.57305],[-0.34322,51.5734],[-0.34212,51.57285],[-0.34226,51.57258],[-0.34175,51.57248],[-0.34209,51.57232],[-0.34393,51.5725],[-0.34246,51.57168],[-0.34392,51.57123],[-0.34367,51.57075],[-0.34291,51.57081],[-0.34261,51.56998],[-0.34202,51.57033],[-0.34163,51.56975],[-0.33999,51.57045],[-0.34054,51.57141],[-0.33954,51.5716],[-0.33979,51.56985],[-0.3392,51.56985],[-0.33913,51.56947],[-0.33868,51.5694],[-0.3389,51.5685],[-0.33839,51.56802],[-0.33752,51.56784],[-0.33863,51.56677],[-0.33799,51.56576],[-0.33966,51.56643],[-0.34064,51.56587],[-0.34139,51.56669],[-0.34219,51.5666],[-0.34256,51.5662],[-0.34367,51.56626],[-0.34538,51.56708],[-0.34653,51.56734],[-0.34696,51.56706],[-0.34749,51.5675],[-0.34772,51.56784],[-0.34692,51.56825],[-0.34692,51.56861],[-0.34747,51.56888],[-0.34784,51.57006],[-0.34713,51.57018],[-0.34655,51.57089],[-0.34737,51.57128],[-0.34732,51.57257],[-0.34779,51.57335],[-0.3468,51.57457],[-0.34989,51.57517],[-0.34896,51.57555],[-0.34443,51.57467],[-0.34464,51.57415],[-0.34376,51.574]]]}},{"type":"Feature","properties":{"id":"E01002133","name":"E01002133","parent":"E09000015","type":"LSOA","pop":2026,"r":736,"ff":289,"ffd":14264.6,"ffs":0.4419,"g":80,"co":2,"mo":0,"sa":0,"ic":0},"geometry":{"type":"Polygon","coordinates":[[[-0.35132,51.57004],[-0.35183,51.56976],[-0.35139,51.57],[-0.35034,51.56955],[-0.34942,51.56984],[-0.34875,51.56957],[-0.34927,51.56914],[-0.3481,51.5684],[-0.34747,51.56888],[-0.34692,51.56861],[-0.34692,51.56825],[-0.34772,51.56784],[-0.34696,51.56706],[-0.34653,51.56734],[-0.34538,51.56708],[-0.34367,51.56626],[-0.34303,51.56547],[-0.34363,51.56529],[-0.34336,51.56497],[-0.3449,51.56437],[-0.34594,51.56437],[-0.34594,51.56389],[-0.34779,51.56336],[-0.34707,51.56264],[-0.34769,51.56244],[-0.34818,51.56275],[-0.3481,51.56231],[-0.34717,51.56213],[-0.34706,51.56259],[-0.34651,51.56243],[-0.34521,51.56265],[-0.34331,51.5635],[-0.3419,51.56344],[-0.34182,51.56217],[-0.3455,51.56185],[-0.34629,51.56003],[-0.34749,51.55983],[-0.35055,51.56319],[-0.35264,51.56496],[-0.34929,51.56758],[-0.3526,51.56878],[-0.35483,51.56912],[-0.35488,51.56946],[-0.35325,51.56939],[-0.35176,51.5705],[-0.35132,51.57004]]]}},{"type":"Feature","properties":{"id":"E01002134","name":"E01002134","parent":"E09000015","type":"LSOA","pop":1484,"r":889,"ff":347,"ffd":23382.7,"ffs":0.4332,"g":86,"co":0,"mo":0,"sa":0,"ic":0},"geometry":{"type":"Polygon","coordinates":[[[-0.32405,51.57227],[-0.32213,51.56966],[-0.32515,51.56844],[-0.32505,51.56826],[-0.32972,51.56709],[-0.32961,51.56621],[-0.33102,51.56629],[-0.33123,51.56475],[-0.33191,51.5643],[-0.33174,51.56481],[-0.33213,51.56483],[-0.333,51.56427],[-0.33357,51.56299],[-0.33433,51.56337],[-0.33602,51.56293],[-0.33776,51.56285],[-0.33812,51.5612],[-0.33783,51.56082],[-0.33821,51.56067],[-0.33704,51.55928],[-0.33906,51.55955],[-0.33929,51.55911],[-0.34014,51.55922],[-0.34046,51.55869],[-0.34086,51.55845],[-0.34391,51.55861],[-0.34425,51.55896],[-0.34548,51.55838],[-0.34753,51.55969],[-0.34749,51.55983],[-0.34629,51.56003],[-0.3455,51.56185],[-0.34182,51.56217],[-0.3419,51.56344],[-0.34331,51.5635],[-0.34521,51.56265],[-0.34651,51.56243],[-0.34706,51.56259],[-0.34717,51.56213],[-0.3481,51.56231],[-0.34818,51.56275],[-0.34769,51.56244],[-0.34707,51.56264],[-0.34779,51.56336],[-0.34594,51.56389],[-0.34594,51.56437],[-0.3449,51.56437],[-0.34336,51.56497],[-0.34363,51.56529],[-0.34303,51.56547],[-0.34367,51.56626],[-0.34256,51.5662],[-0.34219,51.5666],[-0.34139,51.56669],[-0.34064,51.56587],[-0.33966,51.56643],[-0.33799,51.56576],[-0.33863,51.56677],[-0.33752,51.56784],[-0.33839,51.56802],[-0.3389,51.5685],[-0.33868,51.5694],[-0.33913,51.56947],[-0.3392,51.56985],[-0.33883,51.57043],[-0.33626,51.57035],[-0.33477,51.5708],[-0.33281,51.57075],[-0.33281,51.57116],[-0.33164,51.5719],[-0.33254,51.57286],[-0.33187,51.57339],[-0.32969,51.57439],[-0.3253,51.5756],[-0.32486,51.57351],[-0.32405,51.57227]]]}},{"type":"Feature","properties":{"id":"E01002135","name":"E01002135","parent":"E09000015","type":"LSOA","pop":2122,"r":829,"ff":324,"ffd":15268.6,"ffs":0.4355,"g":83,"co":0,"mo":0,"sa":0,"ic":0},"geometry":{"type":"Polygon","coordinates":[[[-0.32865,51.56594],[-0.32822,51.56248],[-0.32967,51.56239],[-0.3313,51.56158],[-0.33119,51.56146],[-0.33399,51.55842],[-0.33396,51.55771],[-0.33489,51.55783],[-0.33556,51.55658],[-0.33778,51.55707],[-0.34297,51.55754],[-0.34548,51.55838],[-0.34425,51.55896],[-0.34391,51.55861],[-0.34086,51.55845],[-0.34046,51.55869],[-0.34014,51.55922],[-0.33929,51.55911],[-0.33906,51.55955],[-0.33704,51.55928],[-0.33821,51.56067],[-0.33783,51.56082],[-0.33812,51.5612],[-0.33776,51.56285],[-0.33602,51.56293],[-0.33433,51.56337],[-0.33357,51.56299],[-0.333,51.56427],[-0.33213,51.56483],[-0.33174,51.56481],[-0.33191,51.5643],[-0.33123,51.56475],[-0.33102,51.56629],[-0.32961,51.56621],[-0.32865,51.56594]]]}},{"type":"Feature","properties":{"id":"E01002136","name":"E01002136","parent":"E09000015","type":"LSOA","pop":1990,"r":786,"ff":309,"ffd":15527.6,"ffs":0.4414,"g":84,"co":2,"mo":0,"sa":0,"ic":0},"geometry":{"type":"Polygon","coordinates":[[[-0.35005,51.57584],[-0.34989,51.57523],[-0.34961,51.57532],[-0.34989,51.57517],[-0.3468,51.57457],[-0.34779,51.57335],[-0.34732,51.57257],[-0.34737,51.57128],[-0.34655,51.57089],[-0.34713,51.57018],[-0.34784,51.57006],[-0.34747,51.56888],[-0.3481,51.5684],[-0.34927,51.56914],[-0.34875,51.56957],[-0.34942,51.56984],[-0.35034,51.56955],[-0.35139,51.57],[-0.35183,51.56976],[-0.35132,51.57004],[-0.35176,51.5705],[-0.35484,51.57203],[-0.35525,51.57176],[-0.35586,51.57203],[-0.35636,51.57154],[-0.35693,51.57168],[-0.35601,51.57319],[-0.35826,51.57511],[-0.35782,51.57555],[-0.35183,51.57577],[-0.35175,51.57525],[-0.35128,51.57524],[-0.35118,51.57582],[-0.35005,51.57584]]]}},{"type":"Feature","properties":{"id":"E01002137","name":"E01002137","parent":"E09000015","type":"LSOA","pop":1781,"r":860,"ff":331,"ffd":18585.1,"ffs":0.4299,"g":88,"co":0,"mo":0,"sa":0,"ic":0},"geometry":{"type":"Polygon","coordinates":[[[-0.32969,51.57439],[-0.33187,51.57339],[-0.33254,51.57286],[-0.33164,51.5719],[-0.33281,51.57116],[-0.33281,51.57075],[-0.33477,51.5708],[-0.33626,51.57035],[-0.33883,51.57043],[-0.3392,51.56985],[-0.33979,51.56985],[-0.33954,51.5716],[-0.34054,51.57141],[-0.33999,51.57045],[-0.34163,51.56975],[-0.34202,51.57033],[-0.34261,51.56998],[-0.34291,51.57081],[-0.34367,51.57075],[-0.34392,51.57123],[-0.34246,51.57168],[-0.34393,51.5725],[-0.34209,51.57232],[-0.34175,51.57248],[-0.34226,51.57258],[-0.34212,51.57285],[-0.34322,51.5734],[-0.34404,51.57305],[-0.34355,51.57467],[-0.34048,51.57406],[-0.33813,51.57418],[-0.3384,51.57455],[-0.33854,51.57525],[-0.33681,51.57598],[-0.33498,51.57627],[-0.33526,51.57717],[-0.3329,51.5773],[-0.32838,51.5782],[-0.32656,51.57824],[-0.3253,51.5756],[-0.32969,51.57439]]]}},{"type":"Feature","properties":{"id":"E01002138","name":"E01002138","parent":"E09000015","type":"LSOA","pop":1610,"r":771,"ff":302,"ffd":18757.8,"ffs":0.4396,"g":82,"co":2,"mo":0,"sa":0,"ic":0},"geometry":{"type":"Polygon","coordinates":[[[-0.35693,51.57168],[-0.35636,51.57154],[-0.35586,51.57203],[-0.35525,51.57176],[-0.35484,51.57203],[-0.35185,51.57043],[-0.35325,51.56939],[-0.35488,51.56946],[-0.35483,51.56912],[-0.35349,51.56883],[-0.35677,51.56816],[-0.35811,51.56929],[-0.35832,51.57156],[-0.35769,51.57313],[-0.35687,51.57388],[-0.35601,51.57319],[-0.35693,51.57168]]]}},{"type":"Feature","properties":{"id":"E01002139","name":"E01002139","parent":"E09000015","type":"LSOA","pop":1527,"r":722,"ff":256,"ffd":16764.9,"ffs":0.407,"g":90,"co":2,"mo":0,"sa":0,"ic":0},"geometry":{"type":"Polygon","coordinates":[[[-0.3497,51.60832],[-0.35027,51.60792],[-0.3509,51.60818],[-0.35132,51.6077],[-0.35015,51.60726],[-0.34915,51.60792],[-0.34848,51.60763],[-0.34779,51.60794],[-0.34799,51.60653],[-0.34756,51.60612],[-0.34828,51.60556],[-0.34917,51.6059],[-0.34918,51.60681],[-0.35041,51.6061],[-0.35002,51.60397],[-0.35016,51.60358],[-0.35074,51.60384],[-0.35038,51.60267],[-0.3515,51.60281],[-0.35191,51.6024],[-0.35116,51.60217],[-0.35108,51.60172],[-0.35154,51.60141],[-0.3552,51.60939],[-0.35376,51.60989],[-0.35045,51.60993],[-0.3502,51.6089],[-0.34808,51.60879],[-0.34797,51.60855],[-0.34855,51.60831],[-0.3497,51.60832]]]}},{"type":"Feature","properties":{"id":"E01002140","name":"E01002140","parent":"E09000015","type":"LSOA","pop":1898,"r":740,"ff":267,"ffd":14067.4,"ffs":0.4127,"g":90,"co":2,"mo":0,"sa":0,"ic":0},"geometry":{"type":"Polygon","coordinates":[[[-0.34813,51.60984],[-0.34724,51.60943],[-0.34629,51.60961],[-0.34621,51.60713],[-0.3455,51.60767],[-0.3455,51.60901],[-0.34458,51.60871],[-0.3438,51.60785],[-0.34415,51.60827],[-0.3433,51.60808],[-0.3427,51.60834],[-0.34243,51.60799],[-0.34303,51.60774],[-0.3426,51.6074],[-0.34225,51.60563],[-0.34074,51.60553],[-0.34099,51.607],[-0.34019,51.60682],[-0.34,51.605],[-0.33928,51.60518],[-0.33975,51.60437],[-0.34076,51.60435],[-0.34074,51.60394],[-0.34275,51.60388],[-0.34248,51.60335],[-0.34359,51.60292],[-0.34438,51.60423],[-0.34722,51.6041],[-0.34723,51.60445],[-0.34796,51.60455],[-0.34805,51.60504],[-0.34862,51.6053],[-0.34756,51.60612],[-0.34799,51.60653],[-0.34779,51.60794],[-0.34848,51.60763],[-0.34915,51.60792],[-0.35015,51.60726],[-0.35132,51.6077],[-0.3509,51.60818],[-0.35027,51.60792],[-0.3497,51.60832],[-0.34855,51.60831],[-0.34797,51.60855],[-0.34813,51.60984]]]}},{"type":"Feature","properties":{"id":"E01002141","name":"E01002141","parent":"E09000015","type":"LSOA","pop":1910,"r":688,"ff":261,"ffd":13664.9,"ffs":0.4293,"g":77,"co":2,"mo":0,"sa":0,"ic":0},"geometry":{"type":"Polygon","coordinates":[[[-0.33472,51.60863],[-0.33358,51.60723],[-0.33169,51.60742],[-0.33116,51.60788],[-0.32977,51.60795],[-0.33008,51.60817],[-0.3298,51.60863],[-0.32909,51.60866],[-0.32885,51.60737],[-0.32737,51.60482],[-0.32647,51.60502],[-0.32636,51.60478],[-0.32798,51.60445],[-0.32769,51.60402],[-0.32916,51.60379],[-0.32934,51.60339],[-0.3311,51.60306],[-0.33137,51.60342],[-0.33278,51.60318],[-0.33357,51.60376],[-0.33474,51.60341],[-0.33523,51.60389],[-0.33458,51.60436],[-0.335,51.60487],[-0.33693,51.60529],[-0.33589,51.60595],[-0.33506,51.60609],[-0.33545,51.60661],[-0.33624,51.60677],[-0.3368,51.60663],[-0.33736,51.60745],[-0.33796,51.60749],[-0.33836,51.60797],[-0.33635,51.60842],[-0.33473,51.60983],[-0.3344,51.60943],[-0.33472,51.60863]]]}},{"type":"Feature","properties":{"id":"E01002142","name":"E01002142","parent":"E09000015","type":"LSOA","pop":1951,"r":709,"ff":268,"ffd":13736.5,"ffs":0.4302,"g":83,"co":2,"mo":0,"sa":0,"ic":0},"geometry":{"type":"Polygon","coordinates":[[[-0.34015,51.61281],[-0.33948,51.61098],[-0.33863,51.61104],[-0.33822,51.61057],[-0.33717,51.61091],[-0.33659,51.60995],[-0.33703,51.60969],[-0.33667,51.60911],[-0.33901,51.60851],[-0.33946,51.60789],[-0.33836,51.60797],[-0.33796,51.60749],[-0.33736,51.60745],[-0.3368,51.60663],[-0.33624,51.60677],[-0.33545,51.60661],[-0.33506,51.60609],[-0.33589,51.60595],[-0.33693,51.60529],[-0.335,51.60487],[-0.33458,51.60436],[-0.33523,51.60389],[-0.33474,51.60341],[-0.33612,51.60289],[-0.3378,51.60271],[-0.33902,51.60427],[-0.3396,51.60412],[-0.33975,51.60437],[-0.33928,51.60518],[-0.34,51.605],[-0.34019,51.60682],[-0.34099,51.607],[-0.34074,51.60553],[-0.34225,51.60563],[-0.3426,51.6074],[-0.34303,51.60774],[-0.34243,51.60799],[-0.34281,51.6088],[-0.34417,51.60963],[-0.34546,51.60984],[-0.3455,51.61008],[-0.34397,51.61015],[-0.34412,51.61058],[-0.34254,51.61112],[-0.34223,51.61211],[-0.34259,51.61261],[-0.34201,51.61311],[-0.34108,51.61326],[-0.34015,51.61281]]]}},{"type":"Feature","properties":{"id":"E01002143","name":"E01002143","parent":"E09000015","type":"LSOA","pop":1657,"r":739,"ff":272,"ffd":16415.2,"ffs":0.4191,"g":87,"co":2,"mo":0,"sa":0,"ic":0},"geometry":{"type":"Polygon","coordinates":[[[-0.34723,51.60445],[-0.34722,51.6041],[-0.34496,51.60418],[-0.34482,51.60382],[-0.34633,51.60358],[-0.34528,51.60242],[-0.34621,51.60122],[-0.34834,51.60095],[-0.34814,51.60053],[-0.34973,51.60031],[-0.34915,51.59981],[-0.34974,51.59932],[-0.35086,51.59985],[-0.35154,51.60141],[-0.35108,51.60172],[-0.35116,51.60217],[-0.35191,51.6024],[-0.3515,51.60281],[-0.35038,51.60267],[-0.35074,51.60384],[-0.35016,51.60358],[-0.35002,51.60397],[-0.35041,51.6061],[-0.34918,51.60681],[-0.34917,51.6059],[-0.34828,51.60556],[-0.34862,51.6053],[-0.34805,51.60504],[-0.34796,51.60455],[-0.34723,51.60445]]]}},{"type":"Feature","properties":{"id":"E01002144","name":"E01002144","parent":"E09000015","type":"LSOA","pop":1611,"r":702,"ff":254,"ffd":15766.6,"ffs":0.4157,"g":88,"co":2,"mo":0,"sa":0,"ic":0},"geometry":{"type":"Polygon","coordinates":[[[-0.33708,51.61523],[-0.33723,51.61443],[-0.33607,51.61456],[-0.33479,51.61316],[-0.33573,51.61339],[-0.33596,51.61198],[-0.33694,51.6119],[-0.33668,51.61144],[-0.33428,51.6117],[-0.3346,51.61125],[-0.33591,51.61119],[-0.33567,51.61063],[-0.33635,51.61076],[-0.33629,51.61045],[-0.33681,51.61039],[-0.33717,51.61091],[-0.33822,51.61057],[-0.33863,51.61104],[-0.33948,51.61098],[-0.34015,51.61281],[-0.34108,51.61326],[-0.34201,51.61311],[-0.34259,51.61261],[-0.34223,51.61211],[-0.34254,51.61112],[-0.34412,51.61058],[-0.34397,51.61015],[-0.3455,51.61008],[-0.34546,51.60984],[-0.34417,51.60963],[-0.34281,51.6088],[-0.3427,51.60834],[-0.3433,51.60808],[-0.34415,51.60827],[-0.3438,51.60785],[-0.34458,51.60871],[-0.3455,51.60901],[-0.3455,51.60767],[-0.34621,51.60713],[-0.34629,51.60961],[-0.34724,51.60943],[-0.34813,51.60984],[-0.34808,51.60879],[-0.3502,51.6089],[-0.35045,51.60993],[-0.35376,51.60989],[-0.3552,51.60939],[-0.35862,51.61311],[-0.36347,51.61751],[-0.36627,51.61844],[-0.36817,51.62065],[-0.36554,51.62133],[-0.36343,51.62254],[-0.3626,51.62354],[-0.36179,51.62373],[-0.35977,51.62524],[-0.35042,51.6266],[-0.34524,51.6283],[-0.33988,51.63073],[-0.34079,51.63005],[-0.33904,51.62809],[-0.34334,51.62419],[-0.34253,51.62261],[-0.34253,51.6209],[-0.33723,51.61634],[-0.3362,51.61575],[-0.33708,51.61523]]]}},{"type":"Feature","properties":{"id":"E01002145","name":"E01002145","parent":"E09000015","type":"LSOA","pop":1723,"r":695,"ff":258,"ffd":14973.9,"ffs":0.4264,"g":86,"co":2,"mo":0,"sa":0,"ic":0},"geometry":{"type":"Polygon","coordinates":[[[-0.3362,51.61575],[-0.3317,51.61342],[-0.3309,51.61339],[-0.33071,51.61206],[-0.33037,51.61211],[-0.32909,51.61025],[-0.32983,51.61017],[-0.32976,51.60977],[-0.32938,51.60978],[-0.32878,51.6088],[-0.3298,51.60863],[-0.33008,51.60817],[-0.32977,51.60795],[-0.33116,51.60788],[-0.33169,51.60742],[-0.33358,51.60723],[-0.33472,51.60863],[-0.3344,51.60943],[-0.33473,51.60983],[-0.33635,51.60842],[-0.33946,51.60789],[-0.33901,51.60851],[-0.33667,51.60911],[-0.33703,51.60969],[-0.33659,51.60995],[-0.33681,51.61039],[-0.33629,51.61045],[-0.33635,51.61076],[-0.33567,51.61063],[-0.33591,51.61119],[-0.3346,51.61125],[-0.33428,51.6117],[-0.33668,51.61144],[-0.33694,51.6119],[-0.33596,51.61198],[-0.33573,51.61339],[-0.33479,51.61316],[-0.33607,51.61456],[-0.33723,51.61443],[-0.33708,51.61523],[-0.3362,51.61575]]]}},{"type":"Feature","properties":{"id":"E01002146","name":"E01002146","parent":"E09000015","type":"LSOA","pop":1426,"r":576,"ff":227,"ffd":15918.7,"ffs":0.4495,"g":68,"co":0,"mo":0,"sa":0,"ic":0},"geometry":{"type":"Polygon","coordinates":[[[-0.37149,51.61185],[-0.37185,51.61125],[-0.37096,51.6114],[-0.37069,51.61118],[-0.37113,51.61042],[-0.37207,51.61047],[-0.37233,51.60955],[-0.37133,51.60927],[-0.37131,51.60899],[-0.37194,51.60884],[-0.37172,51.6085],[-0.37262,51.60833],[-0.37286,51.60874],[-0.3741,51.60846],[-0.37668,51.60937],[-0.37917,51.60978],[-0.38189,51.60978],[-0.38223,51.61019],[-0.38546,51.61078],[-0.38598,51.61368],[-0.38341,51.61426],[-0.38457,51.61617],[-0.38368,51.61645],[-0.38201,51.61743],[-0.37851,51.61778],[-0.37307,51.61899],[-0.37129,51.61755],[-0.37258,51.61394],[-0.37024,51.61219],[-0.37149,51.61185]]]}},{"type":"Feature","properties":{"id":"E01002147","name":"E01002147","parent":"E09000015","type":"LSOA","pop":1395,"r":704,"ff":263,"ffd":18853.0,"ffs":0.4263,"g":84,"co":0,"mo":0,"sa":0,"ic":0},"geometry":{"type":"Polygon","coordinates":[[[-0.36347,51.61751],[-0.35862,51.61311],[-0.36035,51.61264],[-0.36117,51.61367],[-0.36189,51.61349],[-0.36015,51.61165],[-0.36677,51.61122],[-0.36834,51.61076],[-0.36807,51.61036],[-0.36897,51.61016],[-0.36964,51.61052],[-0.36875,51.61108],[-0.37258,51.61394],[-0.37129,51.61755],[-0.37307,51.61899],[-0.36817,51.62065],[-0.36627,51.61844],[-0.36347,51.61751]]]}},{"type":"Feature","properties":{"id":"E01002148","name":"E01002148","parent":"E09000015","type":"LSOA","pop":1480,"r":751,"ff":274,"ffd":18513.5,"ffs":0.4183,"g":93,"co":0,"mo":0,"sa":0,"ic":0},"geometry":{"type":"Polygon","coordinates":[[[-0.36117,51.61367],[-0.36035,51.61264],[-0.35862,51.61311],[-0.35565,51.61003],[-0.3545,51.60777],[-0.35538,51.60802],[-0.35585,51.60884],[-0.35681,51.60886],[-0.35676,51.60826],[-0.35594,51.60826],[-0.35666,51.60806],[-0.3563,51.60739],[-0.35906,51.60695],[-0.35868,51.60603],[-0.36321,51.60632],[-0.36096,51.60729],[-0.35978,51.60845],[-0.36602,51.60916],[-0.36686,51.61058],[-0.36752,51.61094],[-0.36677,51.61122],[-0.36015,51.61165],[-0.36189,51.61349],[-0.36117,51.61367]]]}},{"type":"Feature","properties":{"id":"E01002149","name":"E01002149","parent":"E09000015","type":"LSOA","pop":1263,"r":644,"ff":254,"ffd":20110.8,"ffs":0.4496,"g":76,"co":0,"mo":0,"sa":0,"ic":0},"geometry":{"type":"Polygon","coordinates":[[[-0.38189,51.60978],[-0.37917,51.60978],[-0.37668,51.60937],[-0.3741,51.60846],[-0.37494,51.60814],[-0.37678,51.60888],[-0.3773,51.60769],[-0.37777,51.60784],[-0.37866,51.6076],[-0.37833,51.60595],[-0.38055,51.60604],[-0.38109,51.60702],[-0.38243,51.60723],[-0.38258,51.60682],[-0.38505,51.6065],[-0.38547,51.6067],[-0.38652,51.60643],[-0.3863,51.60618],[-0.38752,51.60559],[-0.38934,51.60529],[-0.38967,51.60614],[-0.38893,51.60627],[-0.38967,51.60634],[-0.38946,51.60674],[-0.38844,51.60745],[-0.38629,51.608],[-0.3864,51.60896],[-0.38671,51.60963],[-0.38575,51.60986],[-0.38546,51.61078],[-0.38223,51.61019],[-0.38189,51.60978]]]}},{"type":"Feature","properties":{"id":"E01002150","name":"E01002150","parent":"E09000015","type":"LSOA","pop":2446,"r":641,"ff":251,"ffd":10261.7,"ffs":0.4427,"g":71,"co":0,"mo":0,"sa":0,"ic":0},"geometry":{"type":"Polygon","coordinates":[[[-0.37012,51.61209],[-0.36875,51.61108],[-0.36964,51.61052],[-0.36897,51.61016],[-0.36807,51.61036],[-0.36834,51.61076],[-0.36774,51.61103],[-0.36686,51.61058],[-0.36602,51.60916],[-0.35978,51.60845],[-0.36096,51.60729],[-0.36321,51.60632],[-0.36333,51.60612],[-0.36508,51.6072],[-0.3704,51.60563],[-0.37157,51.60382],[-0.37252,51.60408],[-0.37533,51.60588],[-0.37447,51.60615],[-0.3754,51.60683],[-0.37567,51.60731],[-0.37638,51.60704],[-0.37658,51.60771],[-0.3759,51.60785],[-0.37552,51.60834],[-0.37494,51.60814],[-0.37286,51.60874],[-0.37262,51.60833],[-0.37172,51.6085],[-0.37194,51.60884],[-0.37131,51.60899],[-0.37133,51.60927],[-0.37233,51.60955],[-0.37207,51.61047],[-0.37113,51.61042],[-0.37069,51.61118],[-0.37096,51.6114],[-0.37185,51.61125],[-0.37149,51.61185],[-0.37012,51.61209]]]}},{"type":"Feature","properties":{"id":"E01002151","name":"E01002151","parent":"E09000015","type":"LSOA","pop":1580,"r":757,"ff":276,"ffd":17468.4,"ffs":0.4169,"g":92,"co":2,"mo":0,"sa":0,"ic":0},"geometry":{"type":"Polygon","coordinates":[[[-0.35585,51.60884],[-0.35538,51.60802],[-0.3545,51.60777],[-0.35086,51.59985],[-0.35816,51.6033],[-0.36333,51.60612],[-0.36321,51.60632],[-0.35868,51.60603],[-0.35906,51.60695],[-0.3563,51.60739],[-0.35666,51.60806],[-0.35594,51.60826],[-0.35676,51.60826],[-0.35681,51.60886],[-0.35585,51.60884]]]}},{"type":"Feature","properties":{"id":"E01002152","name":"E01002152","parent":"E09000015","type":"LSOA","pop":1579,"r":664,"ff":263,"ffd":16656.1,"ffs":0.4488,"g":75,"co":0,"mo":0,"sa":0,"ic":0},"geometry":{"type":"Polygon","coordinates":[[[-0.37658,51.60771],[-0.37638,51.60704],[-0.37567,51.60731],[-0.3754,51.60683],[-0.37447,51.60615],[-0.37533,51.60588],[-0.37252,51.60408],[-0.37157,51.60382],[-0.37234,51.60142],[-0.37304,51.60092],[-0.37407,51.60069],[-0.3752,51.59994],[-0.3767,51.60179],[-0.37718,51.6016],[-0.37824,51.60281],[-0.37879,51.60282],[-0.38027,51.60345],[-0.38085,51.60308],[-0.38167,51.60391],[-0.38304,51.60372],[-0.38325,51.60387],[-0.38415,51.60307],[-0.38462,51.60368],[-0.38649,51.60362],[-0.38752,51.60559],[-0.3863,51.60618],[-0.38652,51.60643],[-0.38547,51.6067],[-0.38505,51.6065],[-0.38258,51.60682],[-0.38243,51.60723],[-0.38109,51.60702],[-0.38055,51.60604],[-0.37833,51.60595],[-0.37866,51.6076],[-0.37777,51.60784],[-0.3773,51.60769],[-0.37678,51.60888],[-0.37552,51.60834],[-0.3759,51.60785],[-0.37658,51.60771]]]}},{"type":"Feature","properties":{"id":"E01002153","name":"E01002153","parent":"E09000015","type":"LSOA","pop":1914,"r":693,"ff":273,"ffd":14263.3,"ffs":0.4446,"g":77,"co":2,"mo":0,"sa":0,"ic":0},"geometry":{"type":"Polygon","coordinates":[[[-0.36625,51.5827],[-0.36591,51.58243],[-0.365,51.58245],[-0.36431,51.58298],[-0.36371,51.58287],[-0.36819,51.57814],[-0.36866,51.5783],[-0.37028,51.57797],[-0.37197,51.58187],[-0.37339,51.58436],[-0.3668,51.58546],[-0.36575,51.585],[-0.36663,51.58437],[-0.36731,51.5843],[-0.36718,51.58393],[-0.36763,51.58386],[-0.36625,51.5827]]]}},{"type":"Feature","properties":{"id":"E01002155","name":"E01002155","parent":"E09000015","type":"LSOA","pop":1770,"r":660,"ff":257,"ffd":14519.8,"ffs":0.4401,"g":73,"co":2,"mo":0,"sa":0,"ic":0},"geometry":{"type":"Polygon","coordinates":[[[-0.37304,51.60092],[-0.36882,51.59816],[-0.36623,51.59814],[-0.36435,51.59867],[-0.3632,51.5997],[-0.35995,51.59858],[-0.35906,51.59741],[-0.35896,51.59638],[-0.35806,51.59588],[-0.35866,51.5956],[-0.36024,51.59601],[-0.36236,51.59595],[-0.36286,51.59622],[-0.36401,51.59522],[-0.36564,51.59555],[-0.36544,51.59521],[-0.36159,51.59382],[-0.3619,51.59333],[-0.36471,51.59445],[-0.36571,51.59349],[-0.36416,51.59111],[-0.36476,51.59117],[-0.36523,51.59046],[-0.36529,51.59002],[-0.36737,51.59024],[-0.36754,51.58971],[-0.36871,51.58996],[-0.36849,51.59063],[-0.37054,51.59069],[-0.37035,51.58931],[-0.37214,51.58899],[-0.37373,51.58968],[-0.37297,51.59035],[-0.3729,51.59091],[-0.37351,51.5912],[-0.37293,51.59137],[-0.37175,51.59123],[-0.37145,51.59186],[-0.3721,51.59202],[-0.37207,51.59243],[-0.37321,51.59278],[-0.37225,51.59306],[-0.37227,51.59335],[-0.37105,51.59291],[-0.371,51.59375],[-0.37034,51.59375],[-0.3701,51.59463],[-0.37151,51.59446],[-0.37355,51.59505],[-0.37445,51.59574],[-0.37372,51.59616],[-0.37534,51.5987],[-0.37471,51.59923],[-0.3752,51.59994],[-0.37407,51.60069],[-0.37304,51.60092]]]}},{"type":"Feature","properties":{"id":"E01002156","name":"E01002156","parent":"E09000015","type":"LSOA","pop":1557,"r":712,"ff":285,"ffd":18304.4,"ffs":0.4524,"g":79,"co":2,"mo":0,"sa":0,"ic":0},"geometry":{"type":"Polygon","coordinates":[[[-0.36286,51.59622],[-0.36236,51.59595],[-0.36024,51.59601],[-0.35866,51.5956],[-0.35812,51.59585],[-0.35748,51.5942],[-0.35638,51.59329],[-0.35576,51.5932],[-0.35401,51.59146],[-0.35777,51.58974],[-0.35808,51.58927],[-0.36074,51.58988],[-0.3605,51.59021],[-0.36204,51.59066],[-0.36261,51.59047],[-0.36271,51.58976],[-0.36335,51.58971],[-0.36387,51.59047],[-0.36523,51.59046],[-0.36476,51.59117],[-0.36416,51.59111],[-0.36571,51.59349],[-0.36471,51.59445],[-0.3619,51.59333],[-0.36159,51.59382],[-0.36544,51.59521],[-0.36564,51.59555],[-0.36401,51.59522],[-0.36286,51.59622]]]}},{"type":"Feature","properties":{"id":"E01002157","name":"E01002157","parent":"E09000015","type":"LSOA","pop":1712,"r":688,"ff":274,"ffd":16004.7,"ffs":0.447,"g":73,"co":2,"mo":0,"sa":0,"ic":0},"geometry":{"type":"Polygon","coordinates":[[[-0.36365,51.59021],[-0.36321,51.58941],[-0.36225,51.58923],[-0.36195,51.58775],[-0.3606,51.58642],[-0.36371,51.58287],[-0.36431,51.58298],[-0.365,51.58245],[-0.36591,51.58243],[-0.36763,51.58386],[-0.36718,51.58393],[-0.36731,51.5843],[-0.36663,51.58437],[-0.36541,51.58516],[-0.36868,51.58688],[-0.36811,51.58727],[-0.37003,51.5883],[-0.36918,51.58832],[-0.36494,51.58666],[-0.36453,51.58708],[-0.36473,51.58751],[-0.36606,51.58804],[-0.36521,51.5891],[-0.36754,51.58971],[-0.36737,51.59024],[-0.36529,51.59002],[-0.36523,51.59046],[-0.36387,51.59047],[-0.36365,51.59021]]]}},{"type":"Feature","properties":{"id":"E01002158","name":"E01002158","parent":"E09000015","type":"LSOA","pop":1365,"r":686,"ff":273,"ffd":20000.0,"ffs":0.4468,"g":73,"co":2,"mo":0,"sa":0,"ic":0},"geometry":{"type":"Polygon","coordinates":[[[-0.36521,51.5891],[-0.36606,51.58804],[-0.36473,51.58751],[-0.36453,51.58708],[-0.36494,51.58666],[-0.36918,51.58832],[-0.37003,51.5883],[-0.36811,51.58727],[-0.36868,51.58688],[-0.36541,51.58516],[-0.36575,51.585],[-0.3668,51.58546],[-0.37339,51.58436],[-0.37388,51.58659],[-0.37557,51.58761],[-0.37626,51.58838],[-0.37302,51.58936],[-0.37214,51.58899],[-0.37035,51.58931],[-0.37054,51.59069],[-0.36849,51.59063],[-0.36871,51.58996],[-0.36521,51.5891]]]}},{"type":"Feature","properties":{"id":"E01002159","name":"E01002159","parent":"E09000015","type":"LSOA","pop":1959,"r":728,"ff":291,"ffd":14854.5,"ffs":0.4491,"g":77,"co":2,"mo":0,"sa":0,"ic":0},"geometry":{"type":"Polygon","coordinates":[[[-0.34989,51.58834],[-0.35001,51.58712],[-0.34953,51.58704],[-0.34944,51.58657],[-0.3487,51.58652],[-0.34815,51.58607],[-0.34844,51.58529],[-0.34837,51.58488],[-0.34771,51.58476],[-0.34784,51.58404],[-0.34765,51.58392],[-0.34818,51.58365],[-0.35136,51.58448],[-0.35261,51.58458],[-0.35408,51.58294],[-0.35341,51.58271],[-0.35399,51.58197],[-0.35644,51.58281],[-0.35608,51.58363],[-0.35765,51.58416],[-0.35759,51.58457],[-0.35642,51.58418],[-0.35546,51.58505],[-0.35482,51.5849],[-0.35467,51.58527],[-0.35609,51.58588],[-0.35677,51.58643],[-0.35659,51.58684],[-0.35606,51.58722],[-0.35522,51.58709],[-0.355,51.58752],[-0.35326,51.58735],[-0.35313,51.58768],[-0.3505,51.5872],[-0.35101,51.58806],[-0.34989,51.58834]]]}},{"type":"Feature","properties":{"id":"E01002160","name":"E01002160","parent":"E09000015","type":"LSOA","pop":2581,"r":754,"ff":300,"ffd":11623.4,"ffs":0.4444,"g":77,"co":2,"mo":0,"sa":0,"ic":0},"geometry":{"type":"Polygon","coordinates":[[[-0.35077,51.58432],[-0.34818,51.58365],[-0.34765,51.58392],[-0.3477,51.58414],[-0.34647,51.58404],[-0.34597,51.58431],[-0.34436,51.58417],[-0.34435,51.58372],[-0.34322,51.5835],[-0.34263,51.58092],[-0.34199,51.58076],[-0.34191,51.5798],[-0.34734,51.58022],[-0.35072,51.58097],[-0.35399,51.58197],[-0.35341,51.58271],[-0.35408,51.58294],[-0.35261,51.58458],[-0.35077,51.58432]]]}},{"type":"Feature","properties":{"id":"E01002161","name":"E01002161","parent":"E09000015","type":"LSOA","pop":2106,"r":709,"ff":280,"ffd":13295.3,"ffs":0.4444,"g":77,"co":2,"mo":0,"sa":0,"ic":0},"geometry":{"type":"Polygon","coordinates":[[[-0.35467,51.58527],[-0.35482,51.5849],[-0.35546,51.58505],[-0.35642,51.58418],[-0.35759,51.58457],[-0.35765,51.58416],[-0.35608,51.58363],[-0.35644,51.58281],[-0.36205,51.58476],[-0.3606,51.58642],[-0.36195,51.58775],[-0.36225,51.58923],[-0.36321,51.58941],[-0.36335,51.58971],[-0.36271,51.58976],[-0.36261,51.59047],[-0.36204,51.59066],[-0.3605,51.59021],[-0.36074,51.58988],[-0.35776,51.58914],[-0.35848,51.58872],[-0.35831,51.58808],[-0.35652,51.58766],[-0.35606,51.58722],[-0.35659,51.58684],[-0.35677,51.58643],[-0.35609,51.58588],[-0.35467,51.58527]]]}},{"type":"Feature","properties":{"id":"E01002162","name":"E01002162","parent":"E09000015","type":"LSOA","pop":1946,"r":727,"ff":289,"ffd":14851.0,"ffs":0.4453,"g":75,"co":2,"mo":0,"sa":0,"ic":0},"geometry":{"type":"Polygon","coordinates":[[[-0.34657,51.59304],[-0.34457,51.58995],[-0.34508,51.58982],[-0.34504,51.58935],[-0.34782,51.5885],[-0.34809,51.58877],[-0.34777,51.58901],[-0.34827,51.58888],[-0.34829,51.58932],[-0.34935,51.58901],[-0.34997,51.58918],[-0.34568,51.59068],[-0.34609,51.59107],[-0.34969,51.58991],[-0.34985,51.59073],[-0.34737,51.59151],[-0.3479,51.59238],[-0.35129,51.59196],[-0.3531,51.59371],[-0.34809,51.5953],[-0.34657,51.59304]]]}},{"type":"Feature","properties":{"id":"E01002163","name":"E01002163","parent":"E09000015","type":"LSOA","pop":1704,"r":712,"ff":280,"ffd":16431.9,"ffs":0.4423,"g":76,"co":2,"mo":0,"sa":0,"ic":0},"geometry":{"type":"Polygon","coordinates":[[[-0.35167,51.59249],[-0.35129,51.59196],[-0.3479,51.59238],[-0.34737,51.59151],[-0.34985,51.59073],[-0.34969,51.58991],[-0.34609,51.59107],[-0.34568,51.59068],[-0.34997,51.58918],[-0.35113,51.5891],[-0.35159,51.58838],[-0.35358,51.5881],[-0.35374,51.58776],[-0.35313,51.58768],[-0.35326,51.58735],[-0.355,51.58752],[-0.35522,51.58709],[-0.35606,51.58722],[-0.35652,51.58766],[-0.35831,51.58808],[-0.35848,51.58872],[-0.35776,51.58914],[-0.35808,51.58927],[-0.35777,51.58974],[-0.35167,51.59249]]]}},{"type":"Feature","properties":{"id":"E01002164","name":"E01002164","parent":"E09000015","type":"LSOA","pop":1993,"r":739,"ff":290,"ffd":14550.9,"ffs":0.4401,"g":77,"co":2,"mo":0,"sa":0,"ic":0},"geometry":{"type":"Polygon","coordinates":[[[-0.34402,51.58909],[-0.3422,51.58613],[-0.34151,51.58461],[-0.34227,51.58451],[-0.34267,51.58486],[-0.34261,51.58452],[-0.3432,51.58428],[-0.3437,51.5842],[-0.34388,51.58468],[-0.34436,51.58451],[-0.34436,51.58417],[-0.34597,51.58431],[-0.34647,51.58404],[-0.3477,51.58414],[-0.34765,51.58392],[-0.34784,51.58404],[-0.34771,51.58476],[-0.34837,51.58488],[-0.34844,51.58529],[-0.34815,51.58607],[-0.3487,51.58652],[-0.34944,51.58657],[-0.34953,51.58704],[-0.35001,51.58712],[-0.34989,51.58834],[-0.35101,51.58806],[-0.3505,51.5872],[-0.35374,51.58776],[-0.35358,51.5881],[-0.35159,51.58838],[-0.35113,51.5891],[-0.35001,51.58922],[-0.34935,51.58901],[-0.34829,51.58932],[-0.34827,51.58888],[-0.34777,51.58901],[-0.34809,51.58877],[-0.34782,51.5885],[-0.34504,51.58935],[-0.34508,51.58982],[-0.34457,51.58995],[-0.34402,51.58909]]]}},{"type":"Feature","properties":{"id":"E01002165","name":"E01002165","parent":"E09000015","type":"LSOA","pop":1848,"r":809,"ff":330,"ffd":17857.1,"ffs":0.4552,"g":82,"co":0,"mo":0,"sa":0,"ic":0},"geometry":{"type":"Polygon","coordinates":[[[-0.29112,51.58966],[-0.2902,51.58948],[-0.28956,51.5897],[-0.28708,51.58912],[-0.28705,51.58846],[-0.28644,51.58846],[-0.28645,51.58873],[-0.28574,51.58893],[-0.2833,51.58871],[-0.28225,51.58574],[-0.28253,51.58507],[-0.28777,51.58579],[-0.28767,51.58616],[-0.28863,51.58655],[-0.2897,51.58641],[-0.28936,51.58787],[-0.28999,51.58794],[-0.29013,51.58751],[-0.2925,51.58779],[-0.29222,51.58871],[-0.29146,51.58848],[-0.29191,51.58992],[-0.29142,51.59005],[-0.29112,51.58966]]]}},{"type":"Feature","properties":{"id":"E01002166","name":"E01002166","parent":"E09000015","type":"LSOA","pop":1813,"r":807,"ff":325,"ffd":17926.1,"ffs":0.4508,"g":84,"co":0,"mo":0,"sa":0,"ic":0},"geometry":{"type":"Polygon","coordinates":[[[-0.29129,51.59336],[-0.29231,51.59082],[-0.29146,51.58848],[-0.29222,51.58871],[-0.2925,51.58779],[-0.29013,51.58751],[-0.28999,51.58794],[-0.28936,51.58787],[-0.2897,51.58641],[-0.28863,51.58655],[-0.28767,51.58616],[-0.28777,51.58579],[-0.29509,51.58665],[-0.29499,51.58701],[-0.29417,51.58706],[-0.29356,51.58906],[-0.29301,51.58913],[-0.294,51.59095],[-0.29448,51.59089],[-0.29464,51.59047],[-0.29602,51.59071],[-0.29549,51.59216],[-0.29414,51.59247],[-0.29277,51.59412],[-0.29124,51.59352],[-0.29129,51.59336]]]}},{"type":"Feature","properties":{"id":"E01002167","name":"E01002167","parent":"E09000015","type":"LSOA","pop":1655,"r":798,"ff":325,"ffd":19637.5,"ffs":0.4571,"g":85,"co":0,"mo":0,"sa":0,"ic":0},"geometry":{"type":"Polygon","coordinates":[[[-0.29549,51.59216],[-0.29602,51.59071],[-0.29707,51.58915],[-0.29799,51.58899],[-0.29828,51.58858],[-0.29971,51.58913],[-0.30028,51.58967],[-0.30039,51.59037],[-0.29999,51.5906],[-0.30068,51.59065],[-0.30026,51.59099],[-0.29997,51.59178],[-0.30055,51.59265],[-0.30102,51.59385],[-0.30044,51.59408],[-0.2998,51.59278],[-0.29944,51.59286],[-0.29904,51.59255],[-0.29868,51.59298],[-0.29814,51.59301],[-0.2981,51.59277],[-0.29736,51.59267],[-0.29765,51.59235],[-0.29722,51.59213],[-0.2957,51.59339],[-0.29482,51.59472],[-0.29382,51.59532],[-0.29346,51.59505],[-0.2938,51.59468],[-0.29277,51.59412],[-0.29414,51.59247],[-0.29549,51.59216]]]}},{"type":"Feature","properties":{"id":"E01002168","name":"E01002168","parent":"E09000015","type":"LSOA","pop":1551,"r":775,"ff":318,"ffd":20502.9,"ffs":0.4582,"g":79,"co":0,"mo":0,"sa":0,"ic":0},"geometry":{"type":"Polygon","coordinates":[[[-0.29518,51.59531],[-0.29482,51.59472],[-0.2957,51.59339],[-0.29722,51.59213],[-0.29765,51.59235],[-0.29736,51.59267],[-0.2981,51.59277],[-0.29814,51.59301],[-0.29868,51.59298],[-0.29904,51.59255],[-0.29944,51.59286],[-0.2998,51.59278],[-0.30044,51.59408],[-0.30102,51.59385],[-0.30055,51.59265],[-0.29997,51.59178],[-0.30026,51.59099],[-0.30221,51.59093],[-0.30286,51.59129],[-0.30344,51.59358],[-0.30305,51.59392],[-0.30413,51.59378],[-0.30396,51.59324],[-0.30578,51.59387],[-0.29903,51.59504],[-0.29518,51.59531]]]}},{"type":"Feature","properties":{"id":"E01002169","name":"E01002169","parent":"E09000015","type":"LSOA","pop":1705,"r":787,"ff":323,"ffd":18944.3,"ffs":0.4588,"g":81,"co":0,"mo":0,"sa":0,"ic":0},"geometry":{"type":"Polygon","coordinates":[[[-0.28434,51.59067],[-0.2833,51.58871],[-0.28574,51.58893],[-0.28645,51.58873],[-0.28644,51.58846],[-0.28705,51.58846],[-0.28708,51.58912],[-0.28956,51.5897],[-0.2902,51.58948],[-0.29112,51.58966],[-0.29142,51.59005],[-0.29191,51.58992],[-0.29231,51.59082],[-0.29099,51.59386],[-0.28564,51.5918],[-0.28434,51.59067]]]}},{"type":"Feature","properties":{"id":"E01002170","name":"E01002170","parent":"E09000015","type":"LSOA","pop":1451,"r":810,"ff":328,"ffd":22605.1,"ffs":0.4505,"g":80,"co":0,"mo":0,"sa":0,"ic":0},"geometry":{"type":"Polygon","coordinates":[[[-0.30344,51.59358],[-0.30286,51.59129],[-0.30221,51.59093],[-0.30026,51.59099],[-0.30068,51.59065],[-0.30116,51.5907],[-0.30122,51.59047],[-0.30433,51.59045],[-0.30486,51.58992],[-0.30508,51.59023],[-0.30771,51.59004],[-0.30785,51.59039],[-0.30878,51.59027],[-0.31093,51.59296],[-0.31018,51.59313],[-0.30982,51.59266],[-0.30628,51.59342],[-0.30642,51.59368],[-0.30578,51.59387],[-0.30396,51.59324],[-0.30413,51.59378],[-0.30305,51.59392],[-0.30344,51.59358]]]}},{"type":"Feature","properties":{"id":"E01002171","name":"E01002171","parent":"E09000015","type":"LSOA","pop":1724,"r":822,"ff":336,"ffd":19489.6,"ffs":0.4565,"g":84,"co":0,"mo":0,"sa":0,"ic":0},"geometry":{"type":"Polygon","coordinates":[[[-0.294,51.59095],[-0.29301,51.58913],[-0.29356,51.58906],[-0.29417,51.58706],[-0.29499,51.58701],[-0.29509,51.58665],[-0.30203,51.58728],[-0.30201,51.58778],[-0.30237,51.58869],[-0.30202,51.58874],[-0.30116,51.5907],[-0.29999,51.5906],[-0.30039,51.59037],[-0.30028,51.58967],[-0.29971,51.58913],[-0.29828,51.58858],[-0.29799,51.58899],[-0.29707,51.58915],[-0.29602,51.59071],[-0.29464,51.59047],[-0.29448,51.59089],[-0.294,51.59095]]]}},{"type":"Feature","properties":{"id":"E01002172","name":"E01002172","parent":"E09000015","type":"LSOA","pop":1635,"r":832,"ff":331,"ffd":20244.6,"ffs":0.4449,"g":85,"co":2,"mo":0,"sa":0,"ic":0},"geometry":{"type":"Polygon","coordinates":[[[-0.3203,51.5948],[-0.32018,51.59439],[-0.31815,51.59474],[-0.31724,51.59302],[-0.32028,51.5926],[-0.32061,51.5917],[-0.32148,51.59157],[-0.32192,51.59102],[-0.32139,51.59072],[-0.3217,51.5904],[-0.31877,51.58931],[-0.31786,51.58814],[-0.31864,51.58709],[-0.32162,51.58697],[-0.32334,51.58651],[-0.33177,51.59074],[-0.32872,51.5904],[-0.32815,51.59091],[-0.32545,51.5909],[-0.32312,51.59223],[-0.32185,51.59426],[-0.32085,51.59422],[-0.32081,51.59473],[-0.3203,51.5948]]]}},{"type":"Feature","properties":{"id":"E01002173","name":"E01002173","parent":"E09000015","type":"LSOA","pop":1944,"r":849,"ff":350,"ffd":18004.1,"ffs":0.4563,"g":80,"co":2,"mo":0,"sa":0,"ic":0},"geometry":{"type":"Polygon","coordinates":[[[-0.31724,51.59302],[-0.31698,51.5923],[-0.31617,51.5923],[-0.31583,51.59205],[-0.3148,51.59224],[-0.31461,51.59154],[-0.31274,51.59011],[-0.31295,51.58919],[-0.31229,51.58886],[-0.3116,51.58898],[-0.31134,51.58812],[-0.31249,51.58815],[-0.31225,51.58684],[-0.313,51.58649],[-0.31303,51.58726],[-0.31393,51.5867],[-0.31558,51.58745],[-0.3155,51.58888],[-0.31671,51.58916],[-0.31629,51.58957],[-0.31853,51.59001],[-0.319,51.5915],[-0.32184,51.59104],[-0.32148,51.59157],[-0.32061,51.5917],[-0.32028,51.5926],[-0.31724,51.59302]]]}},{"type":"Feature","properties":{"id":"E01002174","name":"E01002174","parent":"E09000015","type":"LSOA","pop":1588,"r":835,"ff":344,"ffd":21662.5,"ffs":0.455,"g":77,"co":2,"mo":0,"sa":0,"ic":0},"geometry":{"type":"Polygon","coordinates":[[[-0.3106,51.59248],[-0.30878,51.59027],[-0.30785,51.59039],[-0.30771,51.59004],[-0.30613,51.59021],[-0.30609,51.58963],[-0.30736,51.58864],[-0.30798,51.58881],[-0.30786,51.58804],[-0.30906,51.58808],[-0.30931,51.58902],[-0.31168,51.59189],[-0.31315,51.59161],[-0.31201,51.59114],[-0.31012,51.58888],[-0.31004,51.58861],[-0.31078,51.58841],[-0.31057,51.58784],[-0.30981,51.58768],[-0.31106,51.58706],[-0.31182,51.58736],[-0.31201,51.58813],[-0.31134,51.58812],[-0.3116,51.58898],[-0.31229,51.58886],[-0.31295,51.58919],[-0.31274,51.59011],[-0.31461,51.59154],[-0.3148,51.59224],[-0.31583,51.59205],[-0.31617,51.5923],[-0.31567,51.59253],[-0.31317,51.59297],[-0.31396,51.59508],[-0.3129,51.59529],[-0.31402,51.59593],[-0.3128,51.59631],[-0.3106,51.59248]]]}},{"type":"Feature","properties":{"id":"E01002175","name":"E01002175","parent":"E09000015","type":"LSOA","pop":1537,"r":825,"ff":337,"ffd":21925.8,"ffs":0.4536,"g":80,"co":2,"mo":0,"sa":0,"ic":0},"geometry":{"type":"Polygon","coordinates":[[[-0.30842,51.58806],[-0.30786,51.58804],[-0.30798,51.58881],[-0.30736,51.58864],[-0.30609,51.58963],[-0.30613,51.59021],[-0.30508,51.59023],[-0.30486,51.58992],[-0.30433,51.59045],[-0.30122,51.59047],[-0.30202,51.58874],[-0.30237,51.58869],[-0.30201,51.58778],[-0.30203,51.58728],[-0.3053,51.58698],[-0.30752,51.5863],[-0.3078,51.58661],[-0.30995,51.58596],[-0.31106,51.58706],[-0.30981,51.58768],[-0.31057,51.58784],[-0.31078,51.58841],[-0.31004,51.58861],[-0.31012,51.58888],[-0.31201,51.59114],[-0.31315,51.59161],[-0.31168,51.59189],[-0.30931,51.58902],[-0.30906,51.58808],[-0.30842,51.58806]]]}},{"type":"Feature","properties":{"id":"E01002176","name":"E01002176","parent":"E09000015","type":"LSOA","pop":1661,"r":872,"ff":346,"ffd":20830.8,"ffs":0.4436,"g":90,"co":2,"mo":0,"sa":0,"ic":0},"geometry":{"type":"Polygon","coordinates":[[[-0.31558,51.58745],[-0.31393,51.5867],[-0.31303,51.58726],[-0.313,51.58649],[-0.31225,51.58684],[-0.31249,51.58815],[-0.31201,51.58813],[-0.31182,51.58736],[-0.31106,51.58706],[-0.30995,51.58596],[-0.3078,51.58661],[-0.30752,51.5863],[-0.31314,51.58423],[-0.31707,51.58211],[-0.32059,51.58481],[-0.32334,51.58651],[-0.32162,51.58697],[-0.31864,51.58709],[-0.31786,51.58814],[-0.31877,51.58931],[-0.3217,51.5904],[-0.32139,51.59072],[-0.32192,51.59102],[-0.319,51.5915],[-0.31853,51.59001],[-0.31629,51.58957],[-0.31671,51.58916],[-0.3155,51.58888],[-0.31558,51.58745]]]}},{"type":"Feature","properties":{"id":"E01002177","name":"E01002177","parent":"E09000015","type":"LSOA","pop":1553,"r":771,"ff":315,"ffd":20283.3,"ffs":0.4572,"g":80,"co":2,"mo":0,"sa":0,"ic":0},"geometry":{"type":"Polygon","coordinates":[[[-0.31405,51.59903],[-0.3128,51.59631],[-0.31402,51.59593],[-0.31466,51.5954],[-0.31561,51.5954],[-0.31759,51.59701],[-0.31869,51.59681],[-0.31843,51.5986],[-0.32044,51.59855],[-0.32064,51.59748],[-0.32129,51.59751],[-0.32125,51.59799],[-0.32012,51.60042],[-0.31964,51.60097],[-0.318,51.60098],[-0.31635,51.60033],[-0.31405,51.59903]]]}},{"type":"Feature","properties":{"id":"E01002178","name":"E01002178","parent":"E09000015","type":"LSOA","pop":1685,"r":797,"ff":321,"ffd":19050.4,"ffs":0.4502,"g":82,"co":2,"mo":0,"sa":0,"ic":0},"geometry":{"type":"Polygon","coordinates":[[[-0.31843,51.5986],[-0.31869,51.59681],[-0.31759,51.59701],[-0.31561,51.5954],[-0.31466,51.5954],[-0.31402,51.59593],[-0.3129,51.59529],[-0.31396,51.59508],[-0.31317,51.59297],[-0.31567,51.59253],[-0.31617,51.5923],[-0.31698,51.5923],[-0.31815,51.59474],[-0.32018,51.59439],[-0.3203,51.5948],[-0.32081,51.59473],[-0.32085,51.59422],[-0.32185,51.59426],[-0.32178,51.59544],[-0.32147,51.59549],[-0.32129,51.59751],[-0.32064,51.59748],[-0.32044,51.59855],[-0.31843,51.5986]]]}},{"type":"Feature","properties":{"id":"E01002179","name":"E01002179","parent":"E09000015","type":"LSOA","pop":2657,"r":760,"ff":304,"ffd":11441.5,"ffs":0.4504,"g":83,"co":2,"mo":0,"sa":0,"ic":0},"geometry":{"type":"Polygon","coordinates":[[[-0.33032,51.59541],[-0.33116,51.59535],[-0.33005,51.59405],[-0.33007,51.59238],[-0.33171,51.59324],[-0.33339,51.59356],[-0.33447,51.59357],[-0.33433,51.59323],[-0.33343,51.59305],[-0.33327,51.59194],[-0.33487,51.59277],[-0.33582,51.59236],[-0.33627,51.59163],[-0.33982,51.59121],[-0.33896,51.59],[-0.34002,51.58954],[-0.34224,51.59003],[-0.34192,51.59107],[-0.3413,51.5913],[-0.34307,51.59245],[-0.34245,51.59271],[-0.34263,51.59303],[-0.33812,51.59381],[-0.33525,51.59454],[-0.33524,51.59553],[-0.33408,51.59541],[-0.33408,51.59587],[-0.33225,51.59588],[-0.33026,51.59563],[-0.33032,51.59541]]]}},{"type":"Feature","properties":{"id":"E01002181","name":"E01002181","parent":"E09000015","type":"LSOA","pop":3455,"r":745,"ff":291,"ffd":8422.6,"ffs":0.4383,"g":78,"co":2,"mo":0,"sa":0,"ic":0},"geometry":{"type":"Polygon","coordinates":[[[-0.34111,51.58853],[-0.3409,51.58826],[-0.34014,51.58834],[-0.33947,51.58689],[-0.33979,51.5865],[-0.33927,51.58603],[-0.33989,51.58582],[-0.33973,51.58523],[-0.33912,51.58523],[-0.33961,51.58487],[-0.33974,51.58514],[-0.34072,51.58505],[-0.34091,51.58597],[-0.34137,51.58599],[-0.34093,51.58487],[-0.34151,51.58461],[-0.34343,51.5882],[-0.34924,51.5968],[-0.34614,51.59762],[-0.33812,51.59381],[-0.34263,51.59303],[-0.34245,51.59271],[-0.34307,51.59245],[-0.3413,51.5913],[-0.34192,51.59107],[-0.34224,51.59003],[-0.34002,51.58954],[-0.34111,51.58853]]]}},{"type":"Feature","properties":{"id":"E01002182","name":"E01002182","parent":"E09000015","type":"LSOA","pop":2268,"r":765,"ff":299,"ffd":13183.4,"ffs":0.441,"g":84,"co":2,"mo":0,"sa":0,"ic":0},"geometry":{"type":"Polygon","coordinates":[[[-0.33588,51.58985],[-0.33558,51.58895],[-0.33494,51.58869],[-0.33267,51.58911],[-0.3321,51.58683],[-0.33302,51.58676],[-0.33318,51.58715],[-0.33522,51.58704],[-0.33551,51.58689],[-0.33469,51.58562],[-0.33525,51.58541],[-0.33603,51.58552],[-0.33973,51.58523],[-0.33989,51.58582],[-0.33927,51.58603],[-0.33979,51.5865],[-0.33947,51.58689],[-0.34014,51.58834],[-0.3409,51.58826],[-0.34111,51.58853],[-0.33946,51.58985],[-0.33919,51.58955],[-0.33644,51.58998],[-0.33588,51.58985]]]}},{"type":"Feature","properties":{"id":"E01002183","name":"E01002183","parent":"E09000015","type":"LSOA","pop":2130,"r":778,"ff":308,"ffd":14460.1,"ffs":0.4464,"g":86,"co":2,"mo":0,"sa":0,"ic":0},"geometry":{"type":"Polygon","coordinates":[[[-0.32298,51.59954],[-0.32224,51.59789],[-0.32359,51.59762],[-0.323,51.59569],[-0.32418,51.59591],[-0.32469,51.597],[-0.32523,51.59676],[-0.32856,51.5967],[-0.32911,51.5963],[-0.3291,51.596],[-0.33016,51.59592],[-0.3318,51.59617],[-0.33225,51.59588],[-0.33408,51.59587],[-0.33408,51.59541],[-0.33524,51.59553],[-0.33554,51.59666],[-0.32933,51.59808],[-0.32588,51.59911],[-0.32564,51.59884],[-0.32405,51.59929],[-0.32357,51.59917],[-0.32298,51.59954]]]}},{"type":"Feature","properties":{"id":"E01002184","name":"E01002184","parent":"E09000015","type":"LSOA","pop":1985,"r":742,"ff":291,"ffd":14659.9,"ffs":0.4422,"g":82,"co":2,"mo":0,"sa":0,"ic":0},"geometry":{"type":"Polygon","coordinates":[[[-0.32012,51.60042],[-0.32125,51.59799],[-0.32147,51.59549],[-0.32564,51.59503],[-0.32576,51.59524],[-0.32611,51.59343],[-0.3272,51.59344],[-0.32936,51.59445],[-0.32935,51.59406],[-0.33005,51.59405],[-0.33116,51.59535],[-0.33032,51.59541],[-0.33026,51.59563],[-0.33225,51.59588],[-0.3318,51.59617],[-0.33016,51.59592],[-0.3291,51.596],[-0.32911,51.5963],[-0.32856,51.5967],[-0.32523,51.59676],[-0.32469,51.597],[-0.32418,51.59591],[-0.323,51.59569],[-0.32359,51.59762],[-0.32224,51.59789],[-0.32298,51.59954],[-0.32357,51.59917],[-0.32405,51.59929],[-0.32564,51.59884],[-0.32588,51.59911],[-0.32436,51.59955],[-0.32364,51.59998],[-0.32261,51.60006],[-0.31964,51.60097],[-0.32012,51.60042]]]}},{"type":"Feature","properties":{"id":"E01002185","name":"E01002185","parent":"E09000015","type":"LSOA","pop":1883,"r":638,"ff":251,"ffd":13329.8,"ffs":0.4474,"g":75,"co":0,"mo":0,"sa":0,"ic":0},"geometry":{"type":"Polygon","coordinates":[[[-0.39822,51.60275],[-0.39748,51.60252],[-0.39675,51.60267],[-0.39613,51.60174],[-0.3943,51.60004],[-0.39466,51.59969],[-0.39558,51.60047],[-0.39594,51.5999],[-0.39536,51.59928],[-0.3957,51.59885],[-0.39814,51.5997],[-0.39891,51.59945],[-0.39913,51.59988],[-0.39948,51.59963],[-0.39802,51.59897],[-0.39871,51.59865],[-0.4007,51.59981],[-0.40134,51.59981],[-0.40256,51.60292],[-0.3981,51.60312],[-0.39822,51.60275]]]}},{"type":"Feature","properties":{"id":"E01002186","name":"E01002186","parent":"E09000015","type":"LSOA","pop":1954,"r":657,"ff":259,"ffd":13254.9,"ffs":0.4489,"g":78,"co":0,"mo":0,"sa":0,"ic":0},"geometry":{"type":"Polygon","coordinates":[[[-0.38933,51.60155],[-0.39248,51.59895],[-0.39187,51.59868],[-0.39137,51.59872],[-0.39148,51.59892],[-0.39002,51.59827],[-0.39045,51.59784],[-0.38846,51.5979],[-0.38922,51.59722],[-0.38933,51.59662],[-0.38691,51.59576],[-0.38736,51.59523],[-0.40019,51.59744],[-0.39995,51.59822],[-0.40134,51.59981],[-0.4007,51.59981],[-0.39871,51.59865],[-0.39802,51.59897],[-0.39948,51.59963],[-0.39913,51.59988],[-0.39891,51.59945],[-0.39814,51.5997],[-0.3957,51.59885],[-0.39536,51.59928],[-0.39594,51.5999],[-0.39558,51.60047],[-0.39466,51.59969],[-0.3943,51.60004],[-0.39613,51.60174],[-0.39438,51.60203],[-0.39344,51.60082],[-0.39222,51.60058],[-0.39077,51.6023],[-0.38961,51.60298],[-0.38889,51.60285],[-0.38952,51.60259],[-0.38903,51.60213],[-0.38955,51.60193],[-0.38933,51.60155]]]}},{"type":"Feature","properties":{"id":"E01002187","name":"E01002187","parent":"E09000015","type":"LSOA","pop":1974,"r":654,"ff":258,"ffd":13069.9,"ffs":0.4495,"g":78,"co":0,"mo":0,"sa":0,"ic":0},"geometry":{"type":"Polygon","coordinates":[[[-0.38752,51.60559],[-0.38649,51.60362],[-0.38462,51.60368],[-0.38415,51.60307],[-0.38325,51.60387],[-0.38234,51.60307],[-0.38248,51.60133],[-0.38367,51.60104],[-0.38458,51.6021],[-0.38466,51.59987],[-0.38576,51.59966],[-0.38569,51.59935],[-0.3851,51.59928],[-0.3856,51.59902],[-0.38517,51.59768],[-0.38617,51.59736],[-0.38617,51.597],[-0.38528,51.59632],[-0.38535,51.59577],[-0.38922,51.59722],[-0.38846,51.5979],[-0.39045,51.59784],[-0.39002,51.59827],[-0.39148,51.59892],[-0.39137,51.59872],[-0.39187,51.59868],[-0.39248,51.59895],[-0.38933,51.60155],[-0.38955,51.60193],[-0.38903,51.60213],[-0.38952,51.60259],[-0.38889,51.60285],[-0.38961,51.60298],[-0.39077,51.6023],[-0.39222,51.60058],[-0.39344,51.60082],[-0.39438,51.60203],[-0.39613,51.60174],[-0.39675,51.60267],[-0.39748,51.60252],[-0.39822,51.60275],[-0.3981,51.60312],[-0.39626,51.60327],[-0.39606,51.60392],[-0.39506,51.60416],[-0.39524,51.60444],[-0.39356,51.60509],[-0.39293,51.60445],[-0.3934,51.60422],[-0.39312,51.60389],[-0.38984,51.6048],[-0.38953,51.6046],[-0.3896,51.60438],[-0.39344,51.60333],[-0.39296,51.60304],[-0.38877,51.60407],[-0.38934,51.60529],[-0.38752,51.60559]]]}},{"type":"Feature","properties":{"id":"E01002188","name":"E01002188","parent":"E09000015","type":"LSOA","pop":1635,"r":657,"ff":259,"ffd":15841.0,"ffs":0.4489,"g":78,"co":0,"mo":0,"sa":0,"ic":0},"geometry":{"type":"Polygon","coordinates":[[[-0.38167,51.60391],[-0.38085,51.60308],[-0.38027,51.60345],[-0.37879,51.60282],[-0.37824,51.60281],[-0.37718,51.6016],[-0.3767,51.60179],[-0.37471,51.59923],[-0.37534,51.5987],[-0.37402,51.59667],[-0.3752,51.59665],[-0.37563,51.59619],[-0.3764,51.59607],[-0.37831,51.59666],[-0.37978,51.59648],[-0.3799,51.59618],[-0.38103,51.59581],[-0.38115,51.59606],[-0.38227,51.59592],[-0.38234,51.59567],[-0.38403,51.59585],[-0.38479,51.59554],[-0.38535,51.59577],[-0.38528,51.59632],[-0.38617,51.597],[-0.38617,51.59736],[-0.38517,51.59768],[-0.3856,51.59902],[-0.3851,51.59928],[-0.38569,51.59935],[-0.38576,51.59966],[-0.38466,51.59987],[-0.38458,51.6021],[-0.38367,51.60104],[-0.38248,51.60133],[-0.38234,51.60307],[-0.38304,51.60372],[-0.38167,51.60391]]]}},{"type":"Feature","properties":{"id":"E01002189","name":"E01002189","parent":"E09000015","type":"LSOA","pop":1859,"r":686,"ff":274,"ffd":14739.1,"ffs":0.4521,"g":78,"co":0,"mo":0,"sa":0,"ic":0},"geometry":{"type":"Polygon","coordinates":[[[-0.38535,51.59577],[-0.38479,51.59554],[-0.38403,51.59585],[-0.38234,51.59567],[-0.38227,51.59592],[-0.38115,51.59606],[-0.38103,51.59581],[-0.3799,51.59618],[-0.37978,51.59648],[-0.37831,51.59666],[-0.3764,51.59607],[-0.37563,51.59619],[-0.3752,51.59665],[-0.37402,51.59667],[-0.37372,51.59616],[-0.37445,51.59574],[-0.37355,51.59505],[-0.37151,51.59446],[-0.3701,51.59463],[-0.37034,51.59375],[-0.371,51.59375],[-0.37105,51.59291],[-0.37227,51.59335],[-0.37225,51.59306],[-0.37321,51.59278],[-0.37207,51.59243],[-0.3721,51.59202],[-0.37145,51.59186],[-0.37175,51.59123],[-0.37293,51.59137],[-0.37351,51.5912],[-0.3729,51.59091],[-0.37297,51.59035],[-0.37373,51.58968],[-0.3851,51.59453],[-0.38736,51.59523],[-0.38691,51.59576],[-0.38933,51.59662],[-0.38922,51.59722],[-0.38535,51.59577]]]}},{"type":"Feature","properties":{"id":"E01002190","name":"E01002190","parent":"E09000015","type":"LSOA","pop":1736,"r":637,"ff":250,"ffd":14400.9,"ffs":0.4448,"g":73,"co":0,"mo":0,"sa":0,"ic":0},"geometry":{"type":"Polygon","coordinates":[[[-0.38934,51.60529],[-0.38877,51.60407],[-0.39296,51.60304],[-0.39344,51.60333],[-0.3896,51.60438],[-0.38953,51.6046],[-0.38984,51.6048],[-0.39312,51.60389],[-0.3934,51.60422],[-0.39293,51.60445],[-0.39356,51.60509],[-0.39524,51.60444],[-0.39506,51.60416],[-0.39606,51.60392],[-0.39626,51.60327],[-0.40256,51.60292],[-0.40235,51.6061],[-0.40182,51.60661],[-0.40344,51.60983],[-0.40405,51.61318],[-0.39947,51.61341],[-0.39428,51.61487],[-0.38695,51.61559],[-0.38457,51.61617],[-0.38341,51.61426],[-0.38598,51.61368],[-0.38546,51.61078],[-0.38575,51.60986],[-0.38671,51.60963],[-0.3864,51.60896],[-0.38629,51.608],[-0.38844,51.60745],[-0.38946,51.60674],[-0.38967,51.60634],[-0.38893,51.60627],[-0.38967,51.60614],[-0.38934,51.60529]]]}},{"type":"Feature","properties":{"id":"E01002191","name":"E01002191","parent":"E09000015","type":"LSOA","pop":2014,"r":654,"ff":261,"ffd":12959.3,"ffs":0.4539,"g":77,"co":0,"mo":0,"sa":0,"ic":0},"geometry":{"type":"Polygon","coordinates":[[[-0.3806,51.58184],[-0.38103,51.58043],[-0.37959,51.58047],[-0.379,51.58017],[-0.37881,51.57946],[-0.37989,51.57824],[-0.38019,51.57713],[-0.37991,51.57663],[-0.38024,51.57577],[-0.381,51.57499],[-0.3807,51.5742],[-0.38097,51.57383],[-0.38324,51.57297],[-0.38587,51.57091],[-0.38644,51.57155],[-0.38569,51.57215],[-0.38805,51.57496],[-0.38749,51.57529],[-0.38897,51.5781],[-0.38843,51.57784],[-0.38704,51.57818],[-0.38928,51.57964],[-0.38707,51.58035],[-0.38798,51.58108],[-0.38223,51.58067],[-0.38211,51.58102],[-0.3815,51.58097],[-0.38121,51.58192],[-0.3806,51.58184]]]}},{"type":"Feature","properties":{"id":"E01002192","name":"E01002192","parent":"E09000015","type":"LSOA","pop":1664,"r":659,"ff":261,"ffd":15685.1,"ffs":0.4508,"g":78,"co":0,"mo":0,"sa":0,"ic":0},"geometry":{"type":"Polygon","coordinates":[[[-0.38096,51.5928],[-0.37998,51.59238],[-0.3811,51.59112],[-0.38207,51.59145],[-0.38234,51.59197],[-0.38508,51.59121],[-0.38545,51.59231],[-0.38653,51.59145],[-0.38709,51.59149],[-0.38702,51.59079],[-0.38775,51.59072],[-0.38822,51.59153],[-0.38889,51.59149],[-0.39012,51.59224],[-0.39154,51.59201],[-0.39224,51.59277],[-0.39274,51.59258],[-0.393,51.59136],[-0.39407,51.59016],[-0.39445,51.59045],[-0.39547,51.5902],[-0.39644,51.59501],[-0.39766,51.59695],[-0.38784,51.59535],[-0.3851,51.59453],[-0.38096,51.5928]]]}},{"type":"Feature","properties":{"id":"E01002193","name":"E01002193","parent":"E09000015","type":"LSOA","pop":2070,"r":686,"ff":275,"ffd":13285.0,"ffs":0.4538,"g":78,"co":2,"mo":0,"sa":0,"ic":0},"geometry":{"type":"Polygon","coordinates":[[[-0.37707,51.59113],[-0.37302,51.58936],[-0.37626,51.58838],[-0.37487,51.58641],[-0.37545,51.58629],[-0.37758,51.58715],[-0.37922,51.58596],[-0.37994,51.58584],[-0.37959,51.58741],[-0.38083,51.58749],[-0.38099,51.58673],[-0.38182,51.58673],[-0.38193,51.5862],[-0.38525,51.58745],[-0.38432,51.58757],[-0.38493,51.58775],[-0.38417,51.5881],[-0.38452,51.58833],[-0.3842,51.5891],[-0.38488,51.58929],[-0.38462,51.59014],[-0.38389,51.5901],[-0.38343,51.59122],[-0.38207,51.59145],[-0.3811,51.59112],[-0.37998,51.59238],[-0.37707,51.59113]]]}},{"type":"Feature","properties":{"id":"E01002194","name":"E01002194","parent":"E09000015","type":"LSOA","pop":1825,"r":682,"ff":273,"ffd":14958.9,"ffs":0.4565,"g":82,"co":0,"mo":0,"sa":0,"ic":0},"geometry":{"type":"Polygon","coordinates":[[[-0.39224,51.59277],[-0.39154,51.59201],[-0.39012,51.59224],[-0.38889,51.59149],[-0.38822,51.59153],[-0.38775,51.59072],[-0.38702,51.59079],[-0.38709,51.59149],[-0.38653,51.59145],[-0.38545,51.59231],[-0.38508,51.59121],[-0.38234,51.59197],[-0.38207,51.59145],[-0.38343,51.59122],[-0.38389,51.5901],[-0.38462,51.59014],[-0.38488,51.58929],[-0.3842,51.5891],[-0.38452,51.58833],[-0.38417,51.5881],[-0.38493,51.58775],[-0.38432,51.58757],[-0.38525,51.58745],[-0.38205,51.58624],[-0.38266,51.58589],[-0.38326,51.58621],[-0.38352,51.58453],[-0.38415,51.58454],[-0.38415,51.58534],[-0.38559,51.58539],[-0.38581,51.58635],[-0.38827,51.58537],[-0.38917,51.58547],[-0.39066,51.58483],[-0.39079,51.58527],[-0.3915,51.58527],[-0.39199,51.58816],[-0.39407,51.59016],[-0.393,51.59136],[-0.39274,51.59258],[-0.39224,51.59277]]]}},{"type":"Feature","properties":{"id":"E01002195","name":"E01002195","parent":"E09000015","type":"LSOA","pop":1658,"r":699,"ff":276,"ffd":16646.6,"ffs":0.4473,"g":80,"co":2,"mo":0,"sa":0,"ic":0},"geometry":{"type":"Polygon","coordinates":[[[-0.37388,51.58659],[-0.37366,51.58518],[-0.37311,51.58384],[-0.37417,51.58389],[-0.37469,51.58358],[-0.37639,51.58394],[-0.3776,51.5829],[-0.37902,51.58224],[-0.37959,51.58047],[-0.38103,51.58043],[-0.3806,51.58184],[-0.38121,51.58192],[-0.38133,51.58242],[-0.38211,51.58346],[-0.38209,51.5845],[-0.38281,51.58452],[-0.38266,51.58589],[-0.38193,51.5862],[-0.38182,51.58673],[-0.38099,51.58673],[-0.38083,51.58749],[-0.37959,51.58741],[-0.37994,51.58584],[-0.37922,51.58596],[-0.37758,51.58715],[-0.37545,51.58629],[-0.37487,51.58641],[-0.37557,51.58761],[-0.37388,51.58659]]]}},{"type":"Feature","properties":{"id":"E01002196","name":"E01002196","parent":"E09000015","type":"LSOA","pop":1829,"r":671,"ff":269,"ffd":14707.5,"ffs":0.4552,"g":78,"co":0,"mo":0,"sa":0,"ic":0},"geometry":{"type":"Polygon","coordinates":[[[-0.38415,51.58534],[-0.38415,51.58454],[-0.38352,51.58453],[-0.38326,51.58621],[-0.38266,51.58589],[-0.38281,51.58452],[-0.38209,51.5845],[-0.38211,51.58346],[-0.38133,51.58242],[-0.38121,51.58192],[-0.3815,51.58097],[-0.38211,51.58102],[-0.38223,51.58067],[-0.38798,51.58108],[-0.38707,51.58035],[-0.38928,51.57964],[-0.38704,51.57818],[-0.38843,51.57784],[-0.38897,51.5781],[-0.39152,51.58163],[-0.39103,51.58173],[-0.39117,51.584],[-0.3915,51.58527],[-0.39079,51.58527],[-0.39066,51.58483],[-0.38917,51.58547],[-0.38827,51.58537],[-0.38581,51.58635],[-0.38559,51.58539],[-0.38415,51.58534]]]}},{"type":"Feature","properties":{"id":"E01002197","name":"E01002197","parent":"E09000015","type":"LSOA","pop":1514,"r":757,"ff":308,"ffd":20343.5,"ffs":0.459,"g":84,"co":0,"mo":0,"sa":0,"ic":0},"geometry":{"type":"Polygon","coordinates":[[[-0.30509,51.59801],[-0.30523,51.59757],[-0.30455,51.59671],[-0.30514,51.59661],[-0.30452,51.5956],[-0.30501,51.59537],[-0.30588,51.59665],[-0.30674,51.59691],[-0.30605,51.59599],[-0.30731,51.59573],[-0.30772,51.59619],[-0.31133,51.59515],[-0.31227,51.5963],[-0.31248,51.59766],[-0.31049,51.59826],[-0.31003,51.5979],[-0.30944,51.59806],[-0.30966,51.59831],[-0.30809,51.59884],[-0.30917,51.60003],[-0.30683,51.60076],[-0.30509,51.59801]]]}},{"type":"Feature","properties":{"id":"E01002198","name":"E01002198","parent":"E09000015","type":"LSOA","pop":1832,"r":720,"ff":295,"ffd":16102.6,"ffs":0.4705,"g":91,"co":0,"mo":0,"sa":0,"ic":0},"geometry":{"type":"Polygon","coordinates":[[[-0.28482,51.59848],[-0.28407,51.59821],[-0.28262,51.59858],[-0.28036,51.59845],[-0.27934,51.59623],[-0.28544,51.59529],[-0.28577,51.59475],[-0.28733,51.5956],[-0.28677,51.59566],[-0.2867,51.596],[-0.28737,51.59614],[-0.28395,51.59695],[-0.28415,51.59734],[-0.28481,51.59729],[-0.28492,51.59757],[-0.28826,51.59715],[-0.28838,51.59741],[-0.28784,51.5977],[-0.28824,51.59868],[-0.28725,51.599],[-0.28684,51.59975],[-0.28566,51.60016],[-0.28472,51.59889],[-0.28482,51.59848]]]}},{"type":"Feature","properties":{"id":"E01002199","name":"E01002199","parent":"E09000015","type":"LSOA","pop":1592,"r":778,"ff":313,"ffd":19660.8,"ffs":0.4517,"g":83,"co":0,"mo":0,"sa":0,"ic":0},"geometry":{"type":"Polygon","coordinates":[[[-0.31227,51.5963],[-0.31133,51.59515],[-0.30772,51.59619],[-0.30731,51.59573],[-0.30605,51.59599],[-0.30674,51.59691],[-0.30588,51.59665],[-0.30501,51.59537],[-0.30452,51.5956],[-0.30514,51.59661],[-0.30455,51.59671],[-0.30365,51.59526],[-0.30227,51.59493],[-0.3025,51.59449],[-0.30563,51.59392],[-0.30642,51.59368],[-0.30628,51.59342],[-0.30982,51.59266],[-0.31018,51.59313],[-0.31093,51.59296],[-0.3128,51.59631],[-0.31343,51.59786],[-0.31274,51.59806],[-0.31248,51.59766],[-0.31227,51.5963]]]}},{"type":"Feature","properties":{"id":"E01002200","name":"E01002200","parent":"E09000015","type":"LSOA","pop":2216,"r":714,"ff":293,"ffd":13222.0,"ffs":0.4681,"g":86,"co":0,"mo":0,"sa":0,"ic":0},"geometry":{"type":"Polygon","coordinates":[[[-0.28756,51.60185],[-0.28735,51.60157],[-0.28681,51.60174],[-0.28596,51.60057],[-0.28648,51.60043],[-0.28614,51.59998],[-0.28684,51.59975],[-0.28725,51.599],[-0.28824,51.59868],[-0.28784,51.5977],[-0.28838,51.59741],[-0.28826,51.59715],[-0.28492,51.59757],[-0.28481,51.59729],[-0.28415,51.59734],[-0.28395,51.59695],[-0.28737,51.59614],[-0.2867,51.596],[-0.28677,51.59566],[-0.28733,51.5956],[-0.28605,51.59486],[-0.28705,51.59459],[-0.29007,51.59623],[-0.29105,51.59725],[-0.29206,51.59705],[-0.29286,51.59898],[-0.29177,51.5989],[-0.2933,51.60363],[-0.29286,51.6037],[-0.293,51.60441],[-0.29051,51.60526],[-0.28807,51.60234],[-0.2883,51.60206],[-0.28756,51.60185]]]}},{"type":"Feature","properties":{"id":"E01002201","name":"E01002201","parent":"E09000015","type":"LSOA","pop":1831,"r":738,"ff":304,"ffd":16602.9,"ffs":0.4648,"g":82,"co":0,"mo":0,"sa":0,"ic":0},"geometry":{"type":"Polygon","coordinates":[[[-0.30404,51.59926],[-0.30388,51.59902],[-0.30342,51.59924],[-0.30312,51.59867],[-0.30043,51.5991],[-0.30076,51.59865],[-0.30034,51.59851],[-0.29897,51.59896],[-0.29866,51.5983],[-0.2981,51.59833],[-0.2978,51.59774],[-0.2973,51.59792],[-0.29645,51.59739],[-0.29614,51.59647],[-0.29749,51.59566],[-0.29809,51.59572],[-0.29782,51.59508],[-0.3025,51.59449],[-0.30227,51.59493],[-0.30365,51.59526],[-0.30523,51.59757],[-0.30509,51.59801],[-0.30683,51.60076],[-0.30677,51.60107],[-0.30463,51.60156],[-0.30368,51.59978],[-0.30424,51.59967],[-0.30404,51.59926]]]}},{"type":"Feature","properties":{"id":"E01002202","name":"E01002202","parent":"E09000015","type":"LSOA","pop":2456,"r":743,"ff":306,"ffd":12459.3,"ffs":0.4658,"g":84,"co":0,"mo":0,"sa":0,"ic":0},"geometry":{"type":"Polygon","coordinates":[[[-0.29196,51.59949],[-0.29177,51.5989],[-0.29286,51.59898],[-0.29206,51.59705],[-0.29105,51.59725],[-0.29007,51.59623],[-0.28705,51.59459],[-0.2904,51.59357],[-0.29099,51.59386],[-0.29124,51.59352],[-0.2938,51.59468],[-0.29346,51.59505],[-0.29382,51.59532],[-0.29482,51.59472],[-0.29518,51.59531],[-0.29782,51.59508],[-0.29809,51.59572],[-0.29749,51.59566],[-0.29614,51.59647],[-0.29645,51.59739],[-0.29592,51.59747],[-0.29614,51.59809],[-0.29543,51.59815],[-0.29472,51.59675],[-0.2941,51.59695],[-0.29333,51.59646],[-0.29386,51.59882],[-0.2922,51.60022],[-0.29196,51.59949]]]}},{"type":"Feature","properties":{"id":"E01002203","name":"E01002203","parent":"E09000015","type":"LSOA","pop":1842,"r":684,"ff":265,"ffd":14386.5,"ffs":0.4446,"g":85,"co":0,"mo":0,"sa":0,"ic":0},"geometry":{"type":"Polygon","coordinates":[[[-0.2931,51.59934],[-0.29386,51.59882],[-0.29333,51.59646],[-0.2941,51.59695],[-0.29472,51.59675],[-0.29543,51.59815],[-0.29614,51.59809],[-0.29592,51.59747],[-0.29645,51.59739],[-0.2973,51.59792],[-0.2978,51.59774],[-0.2981,51.59833],[-0.29866,51.5983],[-0.29897,51.59896],[-0.30034,51.59851],[-0.30076,51.59865],[-0.30043,51.5991],[-0.29671,51.59966],[-0.29834,51.60277],[-0.29486,51.60314],[-0.29333,51.60361],[-0.29439,51.60696],[-0.2918,51.60709],[-0.29051,51.60526],[-0.293,51.60441],[-0.29286,51.6037],[-0.2933,51.60363],[-0.2922,51.60022],[-0.2931,51.59934]]]}},{"type":"Feature","properties":{"id":"E01002204","name":"E01002204","parent":"E09000015","type":"LSOA","pop":1938,"r":662,"ff":263,"ffd":13570.7,"ffs":0.4488,"g":74,"co":2,"mo":0,"sa":0,"ic":0},"geometry":{"type":"Polygon","coordinates":[[[-0.36937,51.57484],[-0.37007,51.57439],[-0.37032,51.57453],[-0.37042,51.57257],[-0.37132,51.57257],[-0.37117,51.57175],[-0.37041,51.57177],[-0.36947,51.56962],[-0.37638,51.56949],[-0.37679,51.56985],[-0.37582,51.57081],[-0.37622,51.57121],[-0.37558,51.57163],[-0.37524,51.57163],[-0.37538,51.57208],[-0.37469,51.57254],[-0.3766,51.57252],[-0.37662,51.57287],[-0.37216,51.57304],[-0.37186,51.57405],[-0.37244,51.57444],[-0.37167,51.57441],[-0.37158,51.57488],[-0.37212,51.57531],[-0.36937,51.57484]]]}},{"type":"Feature","properties":{"id":"E01002206","name":"E01002206","parent":"E09000015","type":"LSOA","pop":1461,"r":675,"ff":266,"ffd":18206.7,"ffs":0.4448,"g":75,"co":2,"mo":0,"sa":0,"ic":0},"geometry":{"type":"Polygon","coordinates":[[[-0.36919,51.57479],[-0.36513,51.57338],[-0.36547,51.5718],[-0.36535,51.57065],[-0.36597,51.57064],[-0.36602,51.56948],[-0.36947,51.56962],[-0.37041,51.57177],[-0.37117,51.57175],[-0.37132,51.57257],[-0.37042,51.57257],[-0.37032,51.57453],[-0.37007,51.57439],[-0.36919,51.57479]]]}},{"type":"Feature","properties":{"id":"E01002207","name":"E01002207","parent":"E09000015","type":"LSOA","pop":1748,"r":685,"ff":277,"ffd":15846.7,"ffs":0.4534,"g":72,"co":2,"mo":0,"sa":0,"ic":0},"geometry":{"type":"Polygon","coordinates":[[[-0.37744,51.5691],[-0.3793,51.56819],[-0.37736,51.56514],[-0.38195,51.56307],[-0.38335,51.56736],[-0.38269,51.56747],[-0.38295,51.56836],[-0.37998,51.5682],[-0.37759,51.5706],[-0.37637,51.57025],[-0.37679,51.56985],[-0.37638,51.56949],[-0.37744,51.5691]]]}},{"type":"Feature","properties":{"id":"E01002208","name":"E01002208","parent":"E09000015","type":"LSOA","pop":1341,"r":695,"ff":273,"ffd":20357.9,"ffs":0.4439,"g":78,"co":2,"mo":0,"sa":0,"ic":0},"geometry":{"type":"Polygon","coordinates":[[[-0.37639,51.58394],[-0.37469,51.58358],[-0.37417,51.58389],[-0.37311,51.58384],[-0.37197,51.58187],[-0.3735,51.58164],[-0.37298,51.58049],[-0.37488,51.58031],[-0.37464,51.57962],[-0.37586,51.57945],[-0.37562,51.57686],[-0.3764,51.57695],[-0.37672,51.57612],[-0.37614,51.57599],[-0.37715,51.57527],[-0.37772,51.57555],[-0.38024,51.57577],[-0.37991,51.57663],[-0.38019,51.57713],[-0.37989,51.57824],[-0.37881,51.57946],[-0.379,51.58017],[-0.37959,51.58047],[-0.37902,51.58224],[-0.3776,51.5829],[-0.37639,51.58394]]]}},{"type":"Feature","properties":{"id":"E01002209","name":"E01002209","parent":"E09000015","type":"LSOA","pop":1914,"r":695,"ff":273,"ffd":14263.3,"ffs":0.4446,"g":79,"co":2,"mo":0,"sa":0,"ic":0},"geometry":{"type":"Polygon","coordinates":[[[-0.37119,51.58027],[-0.37028,51.57797],[-0.36866,51.5783],[-0.36819,51.57814],[-0.37009,51.57595],[-0.3706,51.5751],[-0.37212,51.57531],[-0.37158,51.57488],[-0.37167,51.57441],[-0.37244,51.57444],[-0.37325,51.57417],[-0.37409,51.57445],[-0.37401,51.57476],[-0.37715,51.57527],[-0.37614,51.57599],[-0.37672,51.57612],[-0.3764,51.57695],[-0.37562,51.57686],[-0.37586,51.57945],[-0.37464,51.57962],[-0.37488,51.58031],[-0.37298,51.58049],[-0.3735,51.58164],[-0.37197,51.58187],[-0.37119,51.58027]]]}},{"type":"Feature","properties":{"id":"E01002210","name":"E01002210","parent":"E09000015","type":"LSOA","pop":1544,"r":735,"ff":288,"ffd":18652.8,"ffs":0.441,"g":80,"co":2,"mo":0,"sa":0,"ic":0},"geometry":{"type":"Polygon","coordinates":[[[-0.37409,51.57445],[-0.37325,51.57417],[-0.37244,51.57444],[-0.37186,51.57405],[-0.37216,51.57304],[-0.37662,51.57287],[-0.3766,51.57252],[-0.37469,51.57254],[-0.37538,51.57208],[-0.37524,51.57163],[-0.37805,51.57155],[-0.37855,51.57122],[-0.3808,51.57213],[-0.38251,51.57049],[-0.38319,51.5707],[-0.38115,51.57257],[-0.38016,51.57287],[-0.38097,51.57383],[-0.3807,51.5742],[-0.381,51.57499],[-0.38024,51.57577],[-0.37772,51.57555],[-0.37715,51.57527],[-0.37401,51.57476],[-0.37409,51.57445]]]}},{"type":"Feature","properties":{"id":"E01002211","name":"E01002211","parent":"E09000015","type":"LSOA","pop":1502,"r":718,"ff":289,"ffd":19241.0,"ffs":0.4523,"g":77,"co":2,"mo":0,"sa":0,"ic":0},"geometry":{"type":"Polygon","coordinates":[[[-0.36423,51.56993],[-0.3639,51.56938],[-0.36313,51.56924],[-0.36268,51.56824],[-0.3621,51.56797],[-0.3595,51.56809],[-0.35945,51.56729],[-0.35994,51.56671],[-0.36102,51.56646],[-0.36155,51.56529],[-0.36278,51.567],[-0.36334,51.56686],[-0.36257,51.56574],[-0.36286,51.56524],[-0.3637,51.56496],[-0.36394,51.56574],[-0.36559,51.5655],[-0.36606,51.56569],[-0.36664,51.56622],[-0.36643,51.56647],[-0.36764,51.56772],[-0.3669,51.56949],[-0.3647,51.56944],[-0.36509,51.56963],[-0.36423,51.56993]]]}},{"type":"Feature","properties":{"id":"E01002212","name":"E01002212","parent":"E09000015","type":"LSOA","pop":2015,"r":735,"ff":288,"ffd":14292.8,"ffs":0.441,"g":80,"co":2,"mo":0,"sa":0,"ic":0},"geometry":{"type":"Polygon","coordinates":[[[-0.3669,51.56949],[-0.36764,51.56772],[-0.36643,51.56647],[-0.36664,51.56622],[-0.36606,51.56569],[-0.36559,51.5655],[-0.36394,51.56574],[-0.3637,51.56496],[-0.36286,51.56524],[-0.36257,51.56574],[-0.36334,51.56686],[-0.36278,51.567],[-0.36153,51.56511],[-0.36552,51.56391],[-0.36511,51.56334],[-0.37099,51.56158],[-0.37255,51.5614],[-0.37281,51.56175],[-0.37127,51.56219],[-0.37162,51.56277],[-0.37061,51.56278],[-0.36999,51.56379],[-0.37135,51.5646],[-0.36776,51.56578],[-0.36859,51.56689],[-0.36936,51.56721],[-0.37217,51.56771],[-0.37251,51.56819],[-0.37251,51.5696],[-0.3669,51.56949]]]}},{"type":"Feature","properties":{"id":"E01002214","name":"E01002214","parent":"E09000015","type":"LSOA","pop":1955,"r":702,"ff":286,"ffd":14629.2,"ffs":0.4561,"g":73,"co":2,"mo":0,"sa":0,"ic":0},"geometry":{"type":"Polygon","coordinates":[[[-0.37656,51.56496],[-0.37627,51.56454],[-0.37571,51.56475],[-0.3748,51.56378],[-0.37652,51.56277],[-0.37584,51.56186],[-0.37643,51.56116],[-0.37609,51.56077],[-0.37736,51.56039],[-0.37701,51.56004],[-0.37822,51.55968],[-0.37925,51.55937],[-0.37955,51.55974],[-0.38009,51.55958],[-0.38033,51.56054],[-0.38086,51.56135],[-0.38236,51.5629],[-0.37792,51.56488],[-0.37755,51.56454],[-0.37656,51.56496]]]}},{"type":"Feature","properties":{"id":"E01002215","name":"E01002215","parent":"E09000015","type":"LSOA","pop":1710,"r":720,"ff":289,"ffd":16900.6,"ffs":0.4481,"g":73,"co":2,"mo":0,"sa":0,"ic":0},"geometry":{"type":"Polygon","coordinates":[[[-0.37537,51.56053],[-0.37446,51.55923],[-0.37555,51.55897],[-0.37641,51.56021],[-0.37701,51.56004],[-0.37736,51.56039],[-0.37609,51.56077],[-0.37643,51.56116],[-0.37584,51.56186],[-0.37652,51.56277],[-0.37393,51.56432],[-0.37468,51.56554],[-0.37346,51.56585],[-0.37159,51.56583],[-0.37086,51.56478],[-0.37135,51.5646],[-0.36999,51.56379],[-0.37061,51.56278],[-0.37162,51.56277],[-0.37127,51.56219],[-0.37281,51.56175],[-0.37255,51.5614],[-0.37537,51.56053]]]}},{"type":"Feature","properties":{"id":"E01002216","name":"E01002216","parent":"E09000015","type":"LSOA","pop":1732,"r":682,"ff":277,"ffd":15993.1,"ffs":0.4526,"g":68,"co":2,"mo":0,"sa":0,"ic":0},"geometry":{"type":"Polygon","coordinates":[[[-0.36776,51.56578],[-0.37086,51.56478],[-0.37159,51.56583],[-0.37346,51.56585],[-0.37468,51.56554],[-0.37393,51.56432],[-0.3748,51.56378],[-0.37571,51.56475],[-0.37627,51.56454],[-0.37656,51.56496],[-0.37755,51.56454],[-0.37792,51.56488],[-0.37736,51.56514],[-0.3793,51.56819],[-0.37638,51.56949],[-0.37251,51.5696],[-0.37251,51.56819],[-0.37217,51.56771],[-0.36936,51.56721],[-0.36859,51.56689],[-0.36776,51.56578]]]}},{"type":"Feature","properties":{"id":"E01002217","name":"E01002217","parent":"E09000015","type":"LSOA","pop":2262,"r":691,"ff":271,"ffd":11980.5,"ffs":0.4421,"g":76,"co":2,"mo":0,"sa":0,"ic":0},"geometry":{"type":"Polygon","coordinates":[[[-0.36076,51.57101],[-0.35852,51.56959],[-0.36057,51.56838],[-0.36158,51.56839],[-0.36176,51.56797],[-0.36268,51.56824],[-0.36313,51.56924],[-0.3639,51.56938],[-0.36423,51.56993],[-0.36509,51.56963],[-0.3647,51.56944],[-0.36602,51.56948],[-0.36597,51.57064],[-0.36535,51.57065],[-0.36547,51.5718],[-0.36513,51.57338],[-0.36076,51.57101]]]}},{"type":"Feature","properties":{"id":"E01002218","name":"E01002218","parent":"E09000015","type":"LSOA","pop":1830,"r":716,"ff":292,"ffd":15956.3,"ffs":0.4562,"g":74,"co":2,"mo":0,"sa":0,"ic":0},"geometry":{"type":"Polygon","coordinates":[[[-0.35644,51.56521],[-0.35561,51.56486],[-0.35663,51.56426],[-0.35732,51.56428],[-0.35715,51.564],[-0.3582,51.56346],[-0.35623,51.56234],[-0.35672,51.56192],[-0.35866,51.5613],[-0.35959,51.56199],[-0.36131,51.56102],[-0.36042,51.56055],[-0.35822,51.55995],[-0.36006,51.55841],[-0.36047,51.55864],[-0.36015,51.5589],[-0.36048,51.55928],[-0.36199,51.55804],[-0.36222,51.55822],[-0.36266,51.55791],[-0.36472,51.55924],[-0.3652,51.56021],[-0.36526,51.56076],[-0.3648,51.56213],[-0.36511,51.56334],[-0.36552,51.56391],[-0.36153,51.56511],[-0.36046,51.565],[-0.35644,51.56521]]]}},{"type":"Feature","properties":{"id":"E01002219","name":"E01002219","parent":"E09000015","type":"LSOA","pop":1989,"r":715,"ff":290,"ffd":14580.2,"ffs":0.4503,"g":69,"co":2,"mo":0,"sa":0,"ic":0},"geometry":{"type":"Polygon","coordinates":[[[-0.35226,51.56469],[-0.35055,51.56319],[-0.34749,51.55983],[-0.34753,51.55969],[-0.35248,51.55886],[-0.35394,51.55952],[-0.35533,51.55923],[-0.35616,51.55968],[-0.35523,51.5605],[-0.35658,51.56089],[-0.35627,51.56171],[-0.35672,51.56192],[-0.35623,51.56234],[-0.3582,51.56346],[-0.35715,51.564],[-0.35732,51.56428],[-0.35663,51.56426],[-0.35561,51.56486],[-0.35436,51.5643],[-0.35264,51.56496],[-0.35226,51.56469]]]}},{"type":"Feature","properties":{"id":"E01002220","name":"E01002220","parent":"E09000015","type":"LSOA","pop":1649,"r":729,"ff":295,"ffd":17889.6,"ffs":0.4511,"g":73,"co":2,"mo":0,"sa":0,"ic":0},"geometry":{"type":"Polygon","coordinates":[[[-0.3652,51.56021],[-0.36507,51.55987],[-0.36572,51.55938],[-0.3668,51.55935],[-0.36944,51.5602],[-0.36987,51.5597],[-0.37103,51.55985],[-0.37045,51.55923],[-0.37088,51.55903],[-0.36984,51.55825],[-0.37017,51.55799],[-0.37218,51.55805],[-0.37383,51.55856],[-0.37262,51.56039],[-0.37263,51.56138],[-0.37099,51.56158],[-0.36511,51.56334],[-0.3648,51.56213],[-0.36526,51.56076],[-0.3652,51.56021]]]}},{"type":"Feature","properties":{"id":"E01002221","name":"E01002221","parent":"E09000015","type":"LSOA","pop":1679,"r":744,"ff":299,"ffd":17808.2,"ffs":0.4489,"g":76,"co":2,"mo":0,"sa":0,"ic":0},"geometry":{"type":"Polygon","coordinates":[[[-0.35627,51.56171],[-0.35658,51.56089],[-0.35523,51.5605],[-0.35616,51.55968],[-0.35533,51.55923],[-0.35394,51.55952],[-0.35248,51.55886],[-0.36241,51.55727],[-0.36211,51.55657],[-0.36268,51.5563],[-0.36252,51.55603],[-0.3643,51.55562],[-0.36478,51.55675],[-0.36331,51.55695],[-0.36266,51.55791],[-0.36222,51.55822],[-0.36199,51.55804],[-0.36048,51.55928],[-0.36015,51.5589],[-0.36047,51.55864],[-0.36006,51.55841],[-0.35822,51.55995],[-0.36042,51.56055],[-0.36131,51.56102],[-0.35959,51.56199],[-0.35866,51.5613],[-0.35679,51.56196],[-0.35627,51.56171]]]}},{"type":"Feature","properties":{"id":"E01002222","name":"E01002222","parent":"E09000015","type":"LSOA","pop":1631,"r":736,"ff":296,"ffd":18148.4,"ffs":0.4492,"g":75,"co":2,"mo":0,"sa":0,"ic":0},"geometry":{"type":"Polygon","coordinates":[[[-0.36944,51.5602],[-0.3668,51.55935],[-0.36572,51.55938],[-0.36507,51.55987],[-0.36472,51.55924],[-0.36266,51.55791],[-0.36331,51.55695],[-0.36478,51.55675],[-0.3643,51.55562],[-0.36657,51.55532],[-0.36668,51.55509],[-0.36958,51.55463],[-0.36968,51.55497],[-0.36893,51.55508],[-0.36884,51.55544],[-0.36904,51.55609],[-0.37051,51.55594],[-0.37092,51.55654],[-0.37103,51.55738],[-0.36845,51.55823],[-0.37045,51.55923],[-0.37103,51.55985],[-0.36987,51.5597],[-0.36944,51.5602]]]}},{"type":"Feature","properties":{"id":"E01002223","name":"E01002223","parent":"E09000015","type":"LSOA","pop":1840,"r":695,"ff":280,"ffd":15217.4,"ffs":0.4509,"g":72,"co":2,"mo":0,"sa":0,"ic":0},"geometry":{"type":"Polygon","coordinates":[[[-0.37262,51.56039],[-0.37383,51.55856],[-0.37218,51.55805],[-0.37017,51.55799],[-0.36984,51.55825],[-0.37088,51.55903],[-0.37045,51.55923],[-0.36845,51.55823],[-0.37103,51.55738],[-0.37092,51.55697],[-0.37482,51.55679],[-0.3749,51.55743],[-0.37602,51.55742],[-0.37628,51.5567],[-0.37713,51.55603],[-0.37823,51.55582],[-0.38027,51.55911],[-0.38009,51.55958],[-0.37955,51.55974],[-0.37925,51.55937],[-0.37641,51.56021],[-0.37555,51.55897],[-0.37446,51.55923],[-0.37537,51.56053],[-0.37263,51.56138],[-0.37262,51.56039]]]}},{"type":"Feature","properties":{"id":"E01002224","name":"E01002224","parent":"E09000015","type":"LSOA","pop":1668,"r":711,"ff":296,"ffd":17745.8,"ffs":0.4661,"g":74,"co":0,"mo":0,"sa":0,"ic":0},"geometry":{"type":"Polygon","coordinates":[[[-0.3749,51.55743],[-0.37482,51.55679],[-0.37092,51.55697],[-0.37092,51.55654],[-0.37051,51.55594],[-0.36904,51.55609],[-0.36884,51.55544],[-0.36893,51.55508],[-0.36968,51.55497],[-0.36958,51.55463],[-0.37283,51.55372],[-0.37334,51.55403],[-0.37584,51.55306],[-0.37653,51.55351],[-0.37758,51.555],[-0.37787,51.55495],[-0.37823,51.55582],[-0.37713,51.55603],[-0.37628,51.5567],[-0.37602,51.55742],[-0.3749,51.55743]]]}},{"type":"Feature","properties":{"id":"E01002225","name":"E01002225","parent":"E09000015","type":"LSOA","pop":1754,"r":614,"ff":226,"ffd":12884.8,"ffs":0.4313,"g":87,"co":2,"mo":0,"sa":0,"ic":0},"geometry":{"type":"Polygon","coordinates":[[[-0.33193,51.62981],[-0.32314,51.62673],[-0.32238,51.62615],[-0.32077,51.62652],[-0.31709,51.62686],[-0.3179,51.62545],[-0.31698,51.62454],[-0.31708,51.62399],[-0.31774,51.62373],[-0.31965,51.62389],[-0.32005,51.62327],[-0.32068,51.6229],[-0.32018,51.6223],[-0.32106,51.62187],[-0.31917,51.62109],[-0.31923,51.62073],[-0.31804,51.62046],[-0.31757,51.62069],[-0.31684,51.62002],[-0.31757,51.61974],[-0.31677,51.61978],[-0.31661,51.61925],[-0.31723,51.61903],[-0.31717,51.61871],[-0.31649,51.61869],[-0.31644,51.61841],[-0.31727,51.61819],[-0.31654,51.61679],[-0.31885,51.61689],[-0.31985,51.61663],[-0.32014,51.61708],[-0.32107,51.61693],[-0.32078,51.61752],[-0.32193,51.61776],[-0.3233,51.61759],[-0.32432,51.61857],[-0.32733,51.61773],[-0.32955,51.61831],[-0.3312,51.61839],[-0.33251,51.61824],[-0.3333,51.6168],[-0.33391,51.61673],[-0.33487,51.61723],[-0.33723,51.61634],[-0.34253,51.6209],[-0.34253,51.62261],[-0.34334,51.62419],[-0.33904,51.62809],[-0.34079,51.63005],[-0.33988,51.63073],[-0.33828,51.62947],[-0.33309,51.63338],[-0.33297,51.63384],[-0.33246,51.63382],[-0.33228,51.63346],[-0.33298,51.63319],[-0.33299,51.63205],[-0.33193,51.62981]]]}},{"type":"Feature","properties":{"id":"E01002226","name":"E01002226","parent":"E09000015","type":"LSOA","pop":2784,"r":646,"ff":239,"ffd":8584.8,"ffs":0.4299,"g":87,"co":2,"mo":0,"sa":0,"ic":0},"geometry":{"type":"Polygon","coordinates":[[[-0.31641,51.62518],[-0.31271,51.62187],[-0.3099,51.62038],[-0.30902,51.61965],[-0.30811,51.61848],[-0.3077,51.61726],[-0.30642,51.61518],[-0.30806,51.61554],[-0.30845,51.61632],[-0.30957,51.61604],[-0.30969,51.61728],[-0.31046,51.61755],[-0.31039,51.61647],[-0.31102,51.61608],[-0.31244,51.61728],[-0.31292,51.61707],[-0.31053,51.61415],[-0.31097,51.61403],[-0.31286,51.61547],[-0.3135,51.61514],[-0.31274,51.61427],[-0.31275,51.61356],[-0.3144,51.61378],[-0.31653,51.61371],[-0.31776,51.61473],[-0.31806,51.61574],[-0.3202,51.61645],[-0.31885,51.61689],[-0.31654,51.61679],[-0.31727,51.61819],[-0.31644,51.61841],[-0.31649,51.61869],[-0.31717,51.61871],[-0.31723,51.61903],[-0.31661,51.61925],[-0.31677,51.61978],[-0.31757,51.61974],[-0.31684,51.62002],[-0.31757,51.62069],[-0.31804,51.62046],[-0.31923,51.62073],[-0.31917,51.62109],[-0.32106,51.62187],[-0.32018,51.6223],[-0.32068,51.6229],[-0.32005,51.62327],[-0.31965,51.62389],[-0.31774,51.62373],[-0.31708,51.62399],[-0.31698,51.62454],[-0.3179,51.62545],[-0.31766,51.6257],[-0.31641,51.62518]]]}},{"type":"Feature","properties":{"id":"E01002227","name":"E01002227","parent":"E09000015","type":"LSOA","pop":2213,"r":657,"ff":251,"ffd":11342.1,"ffs":0.4358,"g":78,"co":2,"mo":0,"sa":0,"ic":0},"geometry":{"type":"Polygon","coordinates":[[[-0.32955,51.61831],[-0.32733,51.61773],[-0.32587,51.61813],[-0.32484,51.61641],[-0.32319,51.61576],[-0.32451,51.61537],[-0.32469,51.61583],[-0.32533,51.61575],[-0.32563,51.6163],[-0.32594,51.61622],[-0.32576,51.61595],[-0.32642,51.61582],[-0.32617,51.61449],[-0.32668,51.61523],[-0.32744,51.61506],[-0.32728,51.61462],[-0.32808,51.61453],[-0.32836,51.61501],[-0.32957,51.61392],[-0.32897,51.6139],[-0.3287,51.61356],[-0.32939,51.61348],[-0.3276,51.61079],[-0.32931,51.61067],[-0.33037,51.61211],[-0.33071,51.61206],[-0.3309,51.61339],[-0.3317,51.61342],[-0.33723,51.61634],[-0.33487,51.61723],[-0.33391,51.61673],[-0.3333,51.6168],[-0.33251,51.61824],[-0.3312,51.61839],[-0.32955,51.61831]]]}},{"type":"Feature","properties":{"id":"E01002228","name":"E01002228","parent":"E09000015","type":"LSOA","pop":2299,"r":668,"ff":254,"ffd":11048.3,"ffs":0.4334,"g":79,"co":2,"mo":0,"sa":0,"ic":0},"geometry":{"type":"Polygon","coordinates":[[[-0.32432,51.61857],[-0.3233,51.61759],[-0.32193,51.61776],[-0.32078,51.61752],[-0.32107,51.61693],[-0.32014,51.61708],[-0.31985,51.61663],[-0.3202,51.61645],[-0.31806,51.61574],[-0.31776,51.61473],[-0.31653,51.61371],[-0.3144,51.61378],[-0.31275,51.61356],[-0.31464,51.61248],[-0.31513,51.61192],[-0.31559,51.61086],[-0.31648,51.61077],[-0.32078,51.61132],[-0.32113,51.60996],[-0.32176,51.60999],[-0.32229,51.61035],[-0.32218,51.61083],[-0.32274,51.61085],[-0.3223,51.61174],[-0.32159,51.61174],[-0.32149,51.61229],[-0.32169,51.61262],[-0.32241,51.61258],[-0.3225,51.6134],[-0.32305,51.61337],[-0.32345,51.61373],[-0.32449,51.61339],[-0.32595,51.6135],[-0.32711,51.61303],[-0.32801,51.61361],[-0.32808,51.61453],[-0.32728,51.61462],[-0.32744,51.61506],[-0.32668,51.61523],[-0.32617,51.61449],[-0.32642,51.61582],[-0.32576,51.61595],[-0.32594,51.61622],[-0.32563,51.6163],[-0.32533,51.61575],[-0.32469,51.61583],[-0.32451,51.61537],[-0.32319,51.61576],[-0.32484,51.61641],[-0.32587,51.61813],[-0.32432,51.61857]]]}},{"type":"Feature","properties":{"id":"E01002229","name":"E01002229","parent":"E09000015","type":"LSOA","pop":1903,"r":698,"ff":272,"ffd":14293.2,"ffs":0.4496,"g":90,"co":0,"mo":0,"sa":0,"ic":0},"geometry":{"type":"Polygon","coordinates":[[[-0.30969,51.61728],[-0.30957,51.61604],[-0.30845,51.61632],[-0.30806,51.61554],[-0.30642,51.61518],[-0.30492,51.61278],[-0.30785,51.61258],[-0.30783,51.61223],[-0.3102,51.61259],[-0.31043,51.61219],[-0.31183,51.61207],[-0.31166,51.61174],[-0.31231,51.61156],[-0.31226,51.61064],[-0.31311,51.61093],[-0.31274,51.61038],[-0.31303,51.60924],[-0.31241,51.60885],[-0.31366,51.60673],[-0.31557,51.60496],[-0.31701,51.60488],[-0.32017,51.60727],[-0.32242,51.60824],[-0.32473,51.60738],[-0.32598,51.60582],[-0.32651,51.60614],[-0.32584,51.60713],[-0.32585,51.60946],[-0.32262,51.60996],[-0.32274,51.61085],[-0.32218,51.61083],[-0.32229,51.61035],[-0.32176,51.60999],[-0.32113,51.60996],[-0.32078,51.61132],[-0.31648,51.61077],[-0.31559,51.61086],[-0.31513,51.61192],[-0.31464,51.61248],[-0.31275,51.61356],[-0.31274,51.61427],[-0.3135,51.61514],[-0.31286,51.61547],[-0.31097,51.61403],[-0.31053,51.61415],[-0.31292,51.61707],[-0.31244,51.61728],[-0.31102,51.61608],[-0.31039,51.61647],[-0.31046,51.61755],[-0.30969,51.61728]]]}},{"type":"Feature","properties":{"id":"E01002230","name":"E01002230","parent":"E09000015","type":"LSOA","pop":1839,"r":700,"ff":267,"ffd":14518.8,"ffs":0.4363,"g":85,"co":2,"mo":0,"sa":0,"ic":0},"geometry":{"type":"Polygon","coordinates":[[[-0.32801,51.61361],[-0.32711,51.61303],[-0.32595,51.6135],[-0.32449,51.61339],[-0.32345,51.61373],[-0.32305,51.61337],[-0.3225,51.6134],[-0.32241,51.61258],[-0.32169,51.61262],[-0.32149,51.61229],[-0.32159,51.61174],[-0.3223,51.61174],[-0.32274,51.61085],[-0.32262,51.60996],[-0.32585,51.60946],[-0.32584,51.60713],[-0.32651,51.60614],[-0.32598,51.60582],[-0.32473,51.60738],[-0.32242,51.60824],[-0.32017,51.60727],[-0.31701,51.60488],[-0.32427,51.60527],[-0.32449,51.60564],[-0.32636,51.60478],[-0.32647,51.60502],[-0.32737,51.60482],[-0.32885,51.60737],[-0.32909,51.60866],[-0.32878,51.6088],[-0.32938,51.60978],[-0.32976,51.60977],[-0.32983,51.61017],[-0.32909,51.61025],[-0.32931,51.61067],[-0.3276,51.61079],[-0.32939,51.61348],[-0.3287,51.61356],[-0.32897,51.6139],[-0.32957,51.61392],[-0.32836,51.61501],[-0.32808,51.61453],[-0.32801,51.61361]]]}},{"type":"Feature","properties":{"id":"E01002231","name":"E01002231","parent":"E09000015","type":"LSOA","pop":2096,"r":732,"ff":290,"ffd":13835.9,"ffs":0.4475,"g":82,"co":2,"mo":0,"sa":0,"ic":0},"geometry":{"type":"Polygon","coordinates":[[[-0.32769,51.60402],[-0.32557,51.60248],[-0.32364,51.59998],[-0.32436,51.59955],[-0.32933,51.59808],[-0.33077,51.59927],[-0.33016,51.59986],[-0.32967,51.60184],[-0.33019,51.60188],[-0.33085,51.60129],[-0.33205,51.6033],[-0.33137,51.60342],[-0.3311,51.60306],[-0.32934,51.60339],[-0.32916,51.60379],[-0.32769,51.60402]]]}},{"type":"Feature","properties":{"id":"E01002232","name":"E01002232","parent":"E09000015","type":"LSOA","pop":2139,"r":729,"ff":275,"ffd":12856.5,"ffs":0.4283,"g":84,"co":2,"mo":0,"sa":0,"ic":0},"geometry":{"type":"Polygon","coordinates":[[[-0.33975,51.60437],[-0.3396,51.60412],[-0.33902,51.60427],[-0.3378,51.60271],[-0.33852,51.60257],[-0.33854,51.60095],[-0.33768,51.60012],[-0.33842,51.59958],[-0.33895,51.59988],[-0.34017,51.59999],[-0.34106,51.59928],[-0.34119,51.59968],[-0.34375,51.59968],[-0.34367,51.60064],[-0.34263,51.60097],[-0.34325,51.60133],[-0.3458,51.6005],[-0.34515,51.60107],[-0.34542,51.60133],[-0.34621,51.60122],[-0.34528,51.60242],[-0.34633,51.60358],[-0.34482,51.60382],[-0.34496,51.60418],[-0.34438,51.60423],[-0.34359,51.60292],[-0.34248,51.60335],[-0.34275,51.60388],[-0.34074,51.60394],[-0.34076,51.60435],[-0.33975,51.60437]]]}},{"type":"Feature","properties":{"id":"E01002233","name":"E01002233","parent":"E09000015","type":"LSOA","pop":2598,"r":721,"ff":280,"ffd":10777.5,"ffs":0.4375,"g":78,"co":2,"mo":0,"sa":0,"ic":0},"geometry":{"type":"Polygon","coordinates":[[[-0.33288,51.6033],[-0.33517,51.60256],[-0.33582,51.60261],[-0.33394,51.60106],[-0.33524,51.60084],[-0.33361,51.59858],[-0.33311,51.59878],[-0.33289,51.59854],[-0.33424,51.59717],[-0.33419,51.59695],[-0.33554,51.59666],[-0.33524,51.59553],[-0.33525,51.59454],[-0.33586,51.59436],[-0.33563,51.59533],[-0.33607,51.59531],[-0.33753,51.59709],[-0.33964,51.59663],[-0.33982,51.59681],[-0.33903,51.59751],[-0.33741,51.59753],[-0.33781,51.59859],[-0.33734,51.59868],[-0.33739,51.59979],[-0.33854,51.60095],[-0.33852,51.60257],[-0.33612,51.60289],[-0.33357,51.60376],[-0.33288,51.6033]]]}},{"type":"Feature","properties":{"id":"E01002234","name":"E01002234","parent":"E09000015","type":"LSOA","pop":1985,"r":722,"ff":278,"ffd":14005.0,"ffs":0.4351,"g":80,"co":2,"mo":0,"sa":0,"ic":0},"geometry":{"type":"Polygon","coordinates":[[[-0.34367,51.60064],[-0.34375,51.59968],[-0.34166,51.59968],[-0.3413,51.59893],[-0.34169,51.59805],[-0.34249,51.5987],[-0.34404,51.59789],[-0.34255,51.59645],[-0.3428,51.59626],[-0.34362,51.59663],[-0.34388,51.59651],[-0.34974,51.59932],[-0.34915,51.59981],[-0.34973,51.60031],[-0.34814,51.60053],[-0.34834,51.60095],[-0.34542,51.60133],[-0.34515,51.60107],[-0.3458,51.6005],[-0.34325,51.60133],[-0.34263,51.60097],[-0.34367,51.60064]]]}},{"type":"Feature","properties":{"id":"E01002235","name":"E01002235","parent":"E09000015","type":"LSOA","pop":1908,"r":737,"ff":284,"ffd":14884.7,"ffs":0.4369,"g":84,"co":2,"mo":0,"sa":0,"ic":0},"geometry":{"type":"Polygon","coordinates":[[[-0.33205,51.6033],[-0.33085,51.60129],[-0.33019,51.60188],[-0.32967,51.60184],[-0.33016,51.59986],[-0.33077,51.59927],[-0.32933,51.59808],[-0.33419,51.59695],[-0.33424,51.59717],[-0.33289,51.59854],[-0.33311,51.59878],[-0.33361,51.59858],[-0.33524,51.60084],[-0.33394,51.60106],[-0.33582,51.60261],[-0.33517,51.60256],[-0.33288,51.6033],[-0.33205,51.6033]]]}},{"type":"Feature","properties":{"id":"E01002236","name":"E01002236","parent":"E09000015","type":"LSOA","pop":2463,"r":734,"ff":283,"ffd":11490.1,"ffs":0.4354,"g":81,"co":2,"mo":0,"sa":0,"ic":0},"geometry":{"type":"Polygon","coordinates":[[[-0.33739,51.59979],[-0.33734,51.59868],[-0.33781,51.59859],[-0.33741,51.59753],[-0.33903,51.59751],[-0.33982,51.59681],[-0.33964,51.59663],[-0.33753,51.59709],[-0.33607,51.59531],[-0.33563,51.59533],[-0.33586,51.59436],[-0.33816,51.59383],[-0.34388,51.59651],[-0.34362,51.59663],[-0.3428,51.59626],[-0.34255,51.59645],[-0.34404,51.59789],[-0.34249,51.5987],[-0.34169,51.59805],[-0.3413,51.59893],[-0.34166,51.59968],[-0.34119,51.59968],[-0.34106,51.59928],[-0.34017,51.59999],[-0.33895,51.59988],[-0.33842,51.59958],[-0.33768,51.60012],[-0.33739,51.59979]]]}},{"type":"Feature","properties":{"id":"E01002237","name":"E01002237","parent":"E09000015","type":"LSOA","pop":2270,"r":773,"ff":304,"ffd":13392.1,"ffs":0.4393,"g":79,"co":2,"mo":0,"sa":0,"ic":0},"geometry":{"type":"Polygon","coordinates":[[[-0.34232,51.57903],[-0.34298,51.57719],[-0.34353,51.5769],[-0.3443,51.57706],[-0.34576,51.57777],[-0.34671,51.5765],[-0.34791,51.57664],[-0.34699,51.5774],[-0.34752,51.57813],[-0.3491,51.57771],[-0.34963,51.57833],[-0.34909,51.57854],[-0.34974,51.57844],[-0.34999,51.57875],[-0.34913,51.57899],[-0.3493,51.57952],[-0.34859,51.58048],[-0.34592,51.58005],[-0.34191,51.5798],[-0.34232,51.57903]]]}},{"type":"Feature","properties":{"id":"E01002238","name":"E01002238","parent":"E09000015","type":"LSOA","pop":1860,"r":739,"ff":292,"ffd":15698.9,"ffs":0.4438,"g":79,"co":2,"mo":0,"sa":0,"ic":0},"geometry":{"type":"Polygon","coordinates":[[[-0.35072,51.58097],[-0.34859,51.58048],[-0.3493,51.57952],[-0.34913,51.57899],[-0.35031,51.57851],[-0.35159,51.57877],[-0.35181,51.57738],[-0.35092,51.57691],[-0.35179,51.57658],[-0.35183,51.57577],[-0.35575,51.57563],[-0.35603,51.5766],[-0.35698,51.5774],[-0.35926,51.57828],[-0.35961,51.5787],[-0.35912,51.57939],[-0.3578,51.57995],[-0.35765,51.58099],[-0.35723,51.58091],[-0.35693,51.58122],[-0.35745,51.58136],[-0.35731,51.58163],[-0.35789,51.58179],[-0.35709,51.58303],[-0.35072,51.58097]]]}},{"type":"Feature","properties":{"id":"E01002239","name":"E01002239","parent":"E09000015","type":"LSOA","pop":2003,"r":736,"ff":289,"ffd":14428.4,"ffs":0.4419,"g":80,"co":2,"mo":0,"sa":0,"ic":0},"geometry":{"type":"Polygon","coordinates":[[[-0.36457,51.57996],[-0.3633,51.57877],[-0.36221,51.5793],[-0.36126,51.57949],[-0.35961,51.5787],[-0.35926,51.57828],[-0.35698,51.5774],[-0.35603,51.5766],[-0.35575,51.57563],[-0.35782,51.57555],[-0.35826,51.57511],[-0.359,51.57509],[-0.35992,51.57564],[-0.36236,51.57472],[-0.36385,51.57533],[-0.36568,51.57499],[-0.36984,51.57495],[-0.3706,51.5751],[-0.37009,51.57595],[-0.36829,51.57803],[-0.36666,51.57826],[-0.36608,51.57967],[-0.36548,51.57984],[-0.36518,51.57964],[-0.36457,51.57996]]]}},{"type":"Feature","properties":{"id":"E01002240","name":"E01002240","parent":"E09000015","type":"LSOA","pop":2084,"r":768,"ff":305,"ffd":14635.3,"ffs":0.4433,"g":78,"co":2,"mo":0,"sa":0,"ic":0},"geometry":{"type":"Polygon","coordinates":[[[-0.35159,51.57877],[-0.35031,51.57851],[-0.34999,51.57875],[-0.34974,51.57844],[-0.34909,51.57854],[-0.34963,51.57833],[-0.3491,51.57771],[-0.34752,51.57813],[-0.34699,51.5774],[-0.34791,51.57664],[-0.34733,51.57648],[-0.34671,51.5765],[-0.34576,51.57777],[-0.3443,51.57706],[-0.34353,51.5769],[-0.34298,51.57719],[-0.343,51.57638],[-0.34376,51.574],[-0.34464,51.57415],[-0.34443,51.57467],[-0.34896,51.57555],[-0.34989,51.57523],[-0.35005,51.57584],[-0.35118,51.57582],[-0.35128,51.57524],[-0.35175,51.57525],[-0.35179,51.57658],[-0.35092,51.57691],[-0.35181,51.57738],[-0.35159,51.57877]]]}},{"type":"Feature","properties":{"id":"E01002241","name":"E01002241","parent":"E09000015","type":"LSOA","pop":1919,"r":724,"ff":288,"ffd":15007.8,"ffs":0.4472,"g":78,"co":2,"mo":0,"sa":0,"ic":0},"geometry":{"type":"Polygon","coordinates":[[[-0.35992,51.57564],[-0.359,51.57509],[-0.35826,51.57511],[-0.35687,51.57388],[-0.35769,51.57313],[-0.35832,51.57156],[-0.35811,51.56929],[-0.36076,51.57101],[-0.36513,51.57338],[-0.36984,51.57495],[-0.36568,51.57499],[-0.36385,51.57533],[-0.36236,51.57472],[-0.35992,51.57564]]]}},{"type":"Feature","properties":{"id":"E01002242","name":"E01002242","parent":"E09000015","type":"LSOA","pop":1755,"r":733,"ff":286,"ffd":16296.3,"ffs":0.44,"g":81,"co":2,"mo":0,"sa":0,"ic":0},"geometry":{"type":"Polygon","coordinates":[[[-0.35693,51.58122],[-0.35723,51.58091],[-0.35765,51.58099],[-0.3578,51.57995],[-0.35912,51.57939],[-0.35961,51.5787],[-0.36126,51.57949],[-0.36221,51.5793],[-0.3633,51.57877],[-0.36457,51.57996],[-0.36518,51.57964],[-0.36548,51.57984],[-0.36608,51.57967],[-0.36666,51.57826],[-0.36829,51.57803],[-0.36205,51.58476],[-0.35709,51.58303],[-0.35789,51.58179],[-0.35731,51.58163],[-0.35745,51.58136],[-0.35693,51.58122]]]}},{"type":"Feature","properties":{"id":"E01032576","name":"E01032576","parent":"E09000015","type":"LSOA","pop":1733,"r":641,"ff":254,"ffd":14656.7,"ffs":0.4464,"g":70,"co":2,"mo":0,"sa":0,"ic":0},"geometry":{"type":"Polygon","coordinates":[[[-0.38319,51.5707],[-0.38251,51.57049],[-0.3808,51.57213],[-0.37855,51.57122],[-0.37805,51.57155],[-0.37558,51.57163],[-0.37622,51.57121],[-0.37582,51.57081],[-0.37637,51.57025],[-0.37759,51.5706],[-0.37998,51.5682],[-0.38295,51.56836],[-0.38269,51.56747],[-0.38335,51.56736],[-0.38587,51.57091],[-0.38324,51.57297],[-0.38097,51.57383],[-0.38016,51.57287],[-0.38115,51.57257],[-0.38319,51.5707]]]}},{"type":"Feature","properties":{"id":"E01034589","name":"E01034589","parent":"E09000015","type":"LSOA","pop":1984,"r":679,"ff":270,"ffd":13608.9,"ffs":0.4608,"g":90,"co":0,"mo":0,"sa":0,"ic":0},"geometry":{"type":"Polygon","coordinates":[[[-0.29761,51.61022],[-0.29712,51.60987],[-0.2967,51.61019],[-0.29692,51.61055],[-0.29623,51.61077],[-0.29495,51.60872],[-0.29441,51.60893],[-0.29429,51.60822],[-0.29479,51.60813],[-0.29418,51.60623],[-0.29558,51.607],[-0.2955,51.60634],[-0.29789,51.60646],[-0.29874,51.60625],[-0.29951,51.60653],[-0.30019,51.6061],[-0.30115,51.6073],[-0.30306,51.61052],[-0.30348,51.61084],[-0.3031,51.61161],[-0.30204,51.61161],[-0.30254,51.61205],[-0.30031,51.61271],[-0.29946,51.61317],[-0.29761,51.61022]]]}},{"type":"Feature","properties":{"id":"E01034590","name":"E01034590","parent":"E09000015","type":"LSOA","pop":1434,"r":640,"ff":259,"ffd":18061.4,"ffs":0.4609,"g":76,"co":0,"mo":0,"sa":0,"ic":0},"geometry":{"type":"Polygon","coordinates":[[[-0.29558,51.607],[-0.29418,51.60623],[-0.29333,51.60361],[-0.29486,51.60314],[-0.29768,51.60293],[-0.29914,51.60453],[-0.30019,51.6061],[-0.29951,51.60653],[-0.29874,51.60625],[-0.29789,51.60646],[-0.2955,51.60634],[-0.29558,51.607]]]}},{"type":"Feature","properties":{"id":"E01034591","name":"E01034591","parent":"E09000015","type":"LSOA","pop":2358,"r":841,"ff":334,"ffd":14164.5,"ffs":0.4465,"g":90,"co":2,"mo":0,"sa":0,"ic":0},"geometry":{"type":"Polygon","coordinates":[[[-0.32178,51.59544],[-0.32185,51.59426],[-0.32312,51.59223],[-0.32545,51.5909],[-0.32815,51.59091],[-0.32872,51.5904],[-0.33126,51.59079],[-0.33094,51.59149],[-0.33199,51.59179],[-0.33207,51.59204],[-0.33159,51.59196],[-0.33323,51.59244],[-0.33343,51.59305],[-0.33433,51.59323],[-0.33447,51.59357],[-0.33339,51.59356],[-0.33171,51.59324],[-0.33007,51.59238],[-0.33005,51.59405],[-0.32935,51.59406],[-0.32936,51.59445],[-0.3272,51.59344],[-0.32611,51.59343],[-0.32576,51.59524],[-0.32564,51.59503],[-0.32178,51.59544]]]}},{"type":"Feature","properties":{"id":"E01034592","name":"E01034592","parent":"E09000015","type":"LSOA","pop":1251,"r":778,"ff":302,"ffd":24140.7,"ffs":0.4383,"g":86,"co":2,"mo":0,"sa":0,"ic":0},"geometry":{"type":"Polygon","coordinates":[[[-0.33487,51.59277],[-0.33327,51.59194],[-0.33323,51.59244],[-0.33159,51.59196],[-0.33207,51.59204],[-0.33199,51.59179],[-0.33094,51.59149],[-0.33126,51.59079],[-0.33177,51.59074],[-0.33327,51.59146],[-0.33267,51.58911],[-0.33494,51.58869],[-0.33558,51.58895],[-0.33588,51.58985],[-0.33644,51.58998],[-0.33919,51.58955],[-0.33946,51.58985],[-0.33896,51.59],[-0.33982,51.59121],[-0.33627,51.59163],[-0.33582,51.59236],[-0.33487,51.59277]]]}},{"type":"Feature","properties":{"id":"E01034593","name":"E01034593","parent":"E09000015","type":"LSOA","pop":1521,"r":721,"ff":280,"ffd":18408.9,"ffs":0.4409,"g":83,"co":2,"mo":0,"sa":0,"ic":0},"geometry":{"type":"Polygon","coordinates":[[[-0.35442,51.6015],[-0.35543,51.60098],[-0.35578,51.60111],[-0.35578,51.60063],[-0.3552,51.60054],[-0.35489,51.60005],[-0.35374,51.59975],[-0.35376,51.59916],[-0.35332,51.59917],[-0.35299,51.59799],[-0.35221,51.59809],[-0.35197,51.59776],[-0.35416,51.59732],[-0.35415,51.59695],[-0.35187,51.59618],[-0.35107,51.59572],[-0.35081,51.59488],[-0.35002,51.59467],[-0.3531,51.59371],[-0.35167,51.59249],[-0.35401,51.59146],[-0.35576,51.5932],[-0.35638,51.59329],[-0.35748,51.5942],[-0.35806,51.59588],[-0.35896,51.59638],[-0.35906,51.59741],[-0.35995,51.59858],[-0.3632,51.5997],[-0.36435,51.59867],[-0.36623,51.59814],[-0.36882,51.59816],[-0.37304,51.60092],[-0.37234,51.60142],[-0.37157,51.60382],[-0.3704,51.60563],[-0.36508,51.6072],[-0.35816,51.6033],[-0.35442,51.6015]]]}},{"type":"Feature","properties":{"id":"E01034594","name":"E01034594","parent":"E09000015","type":"LSOA","pop":1938,"r":763,"ff":292,"ffd":15067.1,"ffs":0.4345,"g":88,"co":2,"mo":0,"sa":0,"ic":0},"geometry":{"type":"Polygon","coordinates":[[[-0.35442,51.6015],[-0.35086,51.59985],[-0.34614,51.59762],[-0.34924,51.5968],[-0.34809,51.5953],[-0.35002,51.59467],[-0.35081,51.59488],[-0.35107,51.59572],[-0.35187,51.59618],[-0.35415,51.59695],[-0.35416,51.59732],[-0.35197,51.59776],[-0.35221,51.59809],[-0.35299,51.59799],[-0.35332,51.59917],[-0.35376,51.59916],[-0.35374,51.59975],[-0.35489,51.60005],[-0.3552,51.60054],[-0.35578,51.60063],[-0.35578,51.60111],[-0.35543,51.60098],[-0.35442,51.6015]]]}},{"type":"Feature","properties":{"id":"E01034595","name":"E01034595","parent":"E09000015","type":"LSOA","pop":1578,"r":863,"ff":347,"ffd":21989.9,"ffs":0.4477,"g":85,"co":2,"mo":0,"sa":0,"ic":0},"geometry":{"type":"Polygon","coordinates":[[[-0.32744,51.58327],[-0.32642,51.58246],[-0.32608,51.58253],[-0.32526,51.5822],[-0.32726,51.58125],[-0.32747,51.58141],[-0.32828,51.58107],[-0.32908,51.58178],[-0.32944,51.58112],[-0.33091,51.58218],[-0.33116,51.58189],[-0.33246,51.58227],[-0.33158,51.58295],[-0.33175,51.58325],[-0.33048,51.58348],[-0.33101,51.58386],[-0.33073,51.58484],[-0.32822,51.58572],[-0.32831,51.58637],[-0.32769,51.58642],[-0.32731,51.58485],[-0.32819,51.58453],[-0.32806,51.58424],[-0.32706,51.58364],[-0.32744,51.58327]]]}},{"type":"Feature","properties":{"id":"E01034596","name":"E01034596","parent":"E09000015","type":"LSOA","pop":1458,"r":858,"ff":338,"ffd":23182.4,"ffs":0.4384,"g":84,"co":2,"mo":0,"sa":0,"ic":0},"geometry":{"type":"Polygon","coordinates":[[[-0.33246,51.58227],[-0.33116,51.58189],[-0.33091,51.58218],[-0.32972,51.58122],[-0.33023,51.58096],[-0.33001,51.58069],[-0.33062,51.5804],[-0.33049,51.58029],[-0.33081,51.58044],[-0.33131,51.58016],[-0.33193,51.58019],[-0.33196,51.57998],[-0.33292,51.57957],[-0.33253,51.58039],[-0.33293,51.581],[-0.33227,51.5815],[-0.33246,51.58227]]]}},{"type":"Feature","properties":{"id":"E01034597","name":"E01034597","parent":"E09000015","type":"LSOA","pop":1569,"r":898,"ff":356,"ffd":22689.6,"ffs":0.4411,"g":88,"co":2,"mo":0,"sa":0,"ic":0},"geometry":{"type":"Polygon","coordinates":[[[-0.32908,51.58178],[-0.32828,51.58107],[-0.32747,51.58141],[-0.32646,51.58063],[-0.32835,51.58017],[-0.32668,51.57869],[-0.32656,51.57824],[-0.32838,51.5782],[-0.3329,51.5773],[-0.33305,51.57846],[-0.33227,51.57853],[-0.33233,51.57904],[-0.33181,51.5791],[-0.3322,51.57954],[-0.33155,51.57964],[-0.33196,51.57998],[-0.33193,51.58019],[-0.33131,51.58016],[-0.33081,51.58044],[-0.33049,51.58029],[-0.33062,51.5804],[-0.33001,51.58069],[-0.33023,51.58096],[-0.32972,51.58122],[-0.32944,51.58112],[-0.32908,51.58178]]]}},{"type":"Feature","properties":{"id":"E01034598","name":"E01034598","parent":"E09000015","type":"LSOA","pop":1517,"r":841,"ff":328,"ffd":21621.6,"ffs":0.4339,"g":83,"co":2,"mo":0,"sa":0,"ic":0},"geometry":{"type":"Polygon","coordinates":[[[-0.33408,51.58001],[-0.33377,51.57893],[-0.33292,51.57957],[-0.33196,51.57998],[-0.33155,51.57964],[-0.3322,51.57954],[-0.33181,51.5791],[-0.33233,51.57904],[-0.33227,51.57853],[-0.33305,51.57846],[-0.3329,51.5773],[-0.33526,51.57717],[-0.33645,51.57734],[-0.33782,51.5784],[-0.3371,51.57898],[-0.3365,51.57888],[-0.3374,51.57991],[-0.33698,51.5801],[-0.33408,51.58001]]]}},{"type":"Feature","properties":{"id":"E01034599","name":"E01034599","parent":"E09000015","type":"LSOA","pop":1696,"r":756,"ff":304,"ffd":17924.5,"ffs":0.4517,"g":81,"co":2,"mo":0,"sa":0,"ic":0},"geometry":{"type":"Polygon","coordinates":[[[-0.35811,51.56929],[-0.35488,51.56641],[-0.35464,51.566],[-0.35317,51.56554],[-0.35342,51.56504],[-0.35419,51.56476],[-0.35436,51.5643],[-0.35644,51.56521],[-0.36046,51.565],[-0.36153,51.56511],[-0.36102,51.56646],[-0.35994,51.56671],[-0.35945,51.56729],[-0.3595,51.56809],[-0.36176,51.56797],[-0.36158,51.56839],[-0.36057,51.56838],[-0.35852,51.56959],[-0.35811,51.56929]]]}},{"type":"Feature","properties":{"id":"E01034600","name":"E01034600","parent":"E09000015","type":"LSOA","pop":2232,"r":736,"ff":289,"ffd":12948.0,"ffs":0.4419,"g":80,"co":2,"mo":0,"sa":0,"ic":0},"geometry":{"type":"Polygon","coordinates":[[[-0.35264,51.56496],[-0.35436,51.5643],[-0.35419,51.56476],[-0.35342,51.56504],[-0.35317,51.56554],[-0.35464,51.566],[-0.35677,51.56816],[-0.35349,51.56883],[-0.3526,51.56878],[-0.34929,51.56758],[-0.35264,51.56496]]]}}]}