{"type":"FeatureCollection","features":[{"type":"Feature","properties":{"id":"E01000115","name":"E01000115","parent":"E09000003","type":"LSOA","pop":1381,"r":579,"ff":248,"ffd":17958.0,"ffs":0.503,"g":82,"co":0,"mo":0,"sa":0,"ic":0},"geometry":{"type":"Polygon","coordinates":[[[-0.1384,51.63651],[-0.13478,51.63483],[-0.13427,51.63442],[-0.13458,51.63378],[-0.13731,51.63311],[-0.13764,51.63349],[-0.13724,51.63376],[-0.13965,51.63492],[-0.1404,51.63511],[-0.14122,51.63438],[-0.14292,51.63501],[-0.14351,51.63448],[-0.14528,51.63618],[-0.1458,51.63595],[-0.14396,51.63418],[-0.1445,51.6339],[-0.14707,51.63646],[-0.14756,51.63628],[-0.14833,51.63713],[-0.14617,51.63755],[-0.14335,51.63897],[-0.14229,51.63932],[-0.1384,51.63651]]]}},{"type":"Feature","properties":{"id":"E01000116","name":"E01000116","parent":"E09000003","type":"LSOA","pop":1757,"r":549,"ff":236,"ffd":13432.0,"ffs":0.5043,"g":77,"co":0,"mo":2,"sa":0,"ic":0},"geometry":{"type":"Polygon","coordinates":[[[-0.14833,51.63713],[-0.14756,51.63628],[-0.14707,51.63646],[-0.1445,51.6339],[-0.14396,51.63418],[-0.1458,51.63595],[-0.14528,51.63618],[-0.14351,51.63448],[-0.14292,51.63501],[-0.14237,51.63481],[-0.14352,51.63367],[-0.14178,51.63232],[-0.14216,51.63194],[-0.14292,51.63191],[-0.14388,51.63085],[-0.14336,51.63167],[-0.14357,51.63202],[-0.14464,51.63177],[-0.14446,51.63027],[-0.14487,51.62991],[-0.14594,51.63146],[-0.14843,51.63087],[-0.14964,51.63363],[-0.15152,51.63453],[-0.15029,51.63467],[-0.14989,51.63511],[-0.15019,51.63529],[-0.14973,51.63547],[-0.15016,51.63575],[-0.14975,51.63648],[-0.14833,51.63713]]]}},{"type":"Feature","properties":{"id":"E01000117","name":"E01000117","parent":"E09000003","type":"LSOA","pop":1802,"r":546,"ff":231,"ffd":12819.1,"ffs":0.4978,"g":79,"co":0,"mo":2,"sa":0,"ic":0},"geometry":{"type":"Polygon","coordinates":[[[-0.1536,51.63381],[-0.15443,51.63321],[-0.15098,51.63279],[-0.15142,51.63175],[-0.15259,51.63178],[-0.15365,51.63133],[-0.15349,51.63062],[-0.15582,51.62981],[-0.15609,51.63009],[-0.15561,51.63044],[-0.15834,51.62939],[-0.15964,51.63137],[-0.1603,51.63159],[-0.16221,51.63358],[-0.16073,51.63347],[-0.15999,51.63362],[-0.16087,51.63542],[-0.16024,51.63553],[-0.15771,51.6368],[-0.15319,51.63436],[-0.1536,51.63381]]]}},{"type":"Feature","properties":{"id":"E01000118","name":"E01000118","parent":"E09000003","type":"LSOA","pop":2091,"r":596,"ff":258,"ffd":12338.6,"ffs":0.5059,"g":82,"co":0,"mo":0,"sa":0,"ic":0},"geometry":{"type":"Polygon","coordinates":[[[-0.15152,51.63453],[-0.14964,51.63363],[-0.14843,51.63087],[-0.14594,51.63146],[-0.14487,51.62991],[-0.145,51.62943],[-0.14673,51.62947],[-0.14856,51.63005],[-0.14886,51.62951],[-0.14821,51.62848],[-0.14933,51.62858],[-0.14863,51.62722],[-0.14934,51.6272],[-0.15037,51.62931],[-0.15124,51.62949],[-0.15315,51.62942],[-0.15295,51.6286],[-0.15456,51.62821],[-0.15482,51.62855],[-0.15588,51.6283],[-0.15703,51.62938],[-0.15757,51.62901],[-0.1562,51.62742],[-0.15725,51.62714],[-0.15907,51.62907],[-0.15561,51.63044],[-0.15609,51.63009],[-0.15582,51.62981],[-0.15349,51.63062],[-0.15365,51.63133],[-0.15259,51.63178],[-0.15142,51.63175],[-0.15098,51.63279],[-0.15443,51.63321],[-0.1536,51.63381],[-0.15319,51.63436],[-0.153,51.6342],[-0.15019,51.63529],[-0.14989,51.63511],[-0.15029,51.63467],[-0.15152,51.63453]]]}},{"type":"Feature","properties":{"id":"E01000119","name":"E01000119","parent":"E09000003","type":"LSOA","pop":1828,"r":581,"ff":255,"ffd":13949.7,"ffs":0.512,"g":79,"co":0,"mo":0,"sa":0,"ic":0},"geometry":{"type":"Polygon","coordinates":[[[-0.13087,51.63001],[-0.13112,51.62966],[-0.13044,51.62938],[-0.13106,51.62908],[-0.1326,51.62705],[-0.13323,51.6269],[-0.13303,51.62725],[-0.13427,51.62722],[-0.13417,51.6275],[-0.13505,51.62642],[-0.13649,51.6267],[-0.13747,51.6258],[-0.13807,51.62598],[-0.13854,51.62639],[-0.13728,51.62746],[-0.13772,51.62777],[-0.13809,51.62851],[-0.13738,51.62831],[-0.13668,51.62885],[-0.13591,51.62886],[-0.13768,51.62994],[-0.1404,51.62857],[-0.13982,51.62747],[-0.14035,51.62715],[-0.14348,51.62743],[-0.14454,51.62904],[-0.14105,51.62982],[-0.14035,51.62934],[-0.13879,51.63001],[-0.13855,51.63072],[-0.1358,51.63221],[-0.13619,51.63247],[-0.13588,51.63339],[-0.13396,51.63405],[-0.13392,51.63361],[-0.13207,51.63282],[-0.12914,51.63227],[-0.12956,51.63142],[-0.13087,51.63001]]]}},{"type":"Feature","properties":{"id":"E01000120","name":"E01000120","parent":"E09000003","type":"LSOA","pop":1468,"r":576,"ff":255,"ffd":17370.6,"ffs":0.5162,"g":77,"co":0,"mo":0,"sa":0,"ic":0},"geometry":{"type":"Polygon","coordinates":[[[-0.13965,51.63492],[-0.13724,51.63376],[-0.13764,51.63349],[-0.13731,51.63311],[-0.13588,51.63339],[-0.13619,51.63247],[-0.1358,51.63221],[-0.13855,51.63072],[-0.13879,51.63001],[-0.14035,51.62934],[-0.14105,51.62982],[-0.14454,51.62904],[-0.145,51.62943],[-0.14487,51.62991],[-0.14446,51.63027],[-0.14464,51.63177],[-0.14357,51.63202],[-0.14336,51.63167],[-0.14388,51.63085],[-0.14292,51.63191],[-0.14216,51.63194],[-0.14178,51.63232],[-0.14352,51.63367],[-0.14237,51.63481],[-0.14122,51.63438],[-0.1404,51.63511],[-0.13965,51.63492]]]}},{"type":"Feature","properties":{"id":"E01000121","name":"E01000121","parent":"E09000003","type":"LSOA","pop":1429,"r":583,"ff":247,"ffd":17284.8,"ffs":0.496,"g":81,"co":0,"mo":0,"sa":0,"ic":0},"geometry":{"type":"Polygon","coordinates":[[[-0.14454,51.62904],[-0.14348,51.62743],[-0.14131,51.62728],[-0.14167,51.62609],[-0.14107,51.62532],[-0.14027,51.62498],[-0.14125,51.62391],[-0.14375,51.62444],[-0.1446,51.62411],[-0.14613,51.62481],[-0.14757,51.62505],[-0.14815,51.62617],[-0.14889,51.62626],[-0.15038,51.62568],[-0.15144,51.62684],[-0.15409,51.62647],[-0.15463,51.62582],[-0.15757,51.62901],[-0.15703,51.62938],[-0.15588,51.6283],[-0.15482,51.62855],[-0.15456,51.62821],[-0.15295,51.6286],[-0.15315,51.62942],[-0.15124,51.62949],[-0.15037,51.62931],[-0.14934,51.6272],[-0.14863,51.62722],[-0.14933,51.62858],[-0.14821,51.62848],[-0.14886,51.62951],[-0.14856,51.63005],[-0.14673,51.62947],[-0.145,51.62943],[-0.14454,51.62904]]]}},{"type":"Feature","properties":{"id":"E01000122","name":"E01000122","parent":"E09000003","type":"LSOA","pop":1559,"r":620,"ff":269,"ffd":17254.7,"ffs":0.5037,"g":81,"co":0,"mo":0,"sa":0,"ic":0},"geometry":{"type":"Polygon","coordinates":[[[-0.13668,51.62885],[-0.13738,51.62831],[-0.13809,51.62851],[-0.13772,51.62777],[-0.13728,51.62746],[-0.13854,51.62639],[-0.13807,51.62598],[-0.13747,51.6258],[-0.13649,51.6267],[-0.13505,51.62642],[-0.13417,51.6275],[-0.13427,51.62722],[-0.13303,51.62725],[-0.13323,51.6269],[-0.1326,51.62705],[-0.13352,51.62635],[-0.13427,51.62408],[-0.13541,51.62221],[-0.13662,51.62302],[-0.13729,51.62276],[-0.13883,51.62315],[-0.13833,51.6239],[-0.13895,51.62406],[-0.1387,51.62446],[-0.14107,51.62532],[-0.14167,51.62609],[-0.14131,51.62728],[-0.14035,51.62715],[-0.13982,51.62747],[-0.1404,51.62857],[-0.13768,51.62994],[-0.13591,51.62886],[-0.13668,51.62885]]]}},{"type":"Feature","properties":{"id":"E01000123","name":"E01000123","parent":"E09000003","type":"LSOA","pop":1820,"r":577,"ff":244,"ffd":13406.6,"ffs":0.4949,"g":80,"co":0,"mo":0,"sa":0,"ic":0},"geometry":{"type":"Polygon","coordinates":[[[-0.15144,51.62684],[-0.15038,51.62568],[-0.14889,51.62626],[-0.14815,51.62617],[-0.14757,51.62505],[-0.14613,51.62481],[-0.1446,51.62411],[-0.14375,51.62444],[-0.14125,51.62391],[-0.14027,51.62498],[-0.1387,51.62446],[-0.13895,51.62406],[-0.13833,51.6239],[-0.13883,51.62315],[-0.13729,51.62276],[-0.13662,51.62302],[-0.13541,51.62221],[-0.13537,51.62179],[-0.13841,51.61958],[-0.13873,51.61974],[-0.1401,51.61942],[-0.14196,51.62043],[-0.1432,51.62056],[-0.14333,51.61999],[-0.14388,51.6205],[-0.14423,51.62032],[-0.14397,51.62007],[-0.14544,51.61948],[-0.14678,51.62127],[-0.14901,51.62207],[-0.14937,51.62189],[-0.14966,51.62243],[-0.15061,51.62239],[-0.15081,51.62276],[-0.1516,51.62277],[-0.15463,51.62582],[-0.15409,51.62647],[-0.15144,51.62684]]]}},{"type":"Feature","properties":{"id":"E01000124","name":"E01000124","parent":"E09000003","type":"LSOA","pop":1918,"r":626,"ff":271,"ffd":14129.3,"ffs":0.5037,"g":84,"co":0,"mo":0,"sa":0,"ic":0},"geometry":{"type":"Polygon","coordinates":[[[-0.15081,51.62276],[-0.15061,51.62239],[-0.14966,51.62243],[-0.14937,51.62189],[-0.14901,51.62207],[-0.14678,51.62127],[-0.14544,51.61948],[-0.14397,51.62007],[-0.14423,51.62032],[-0.14388,51.6205],[-0.14333,51.61999],[-0.1432,51.62056],[-0.14196,51.62043],[-0.1401,51.61942],[-0.13873,51.61974],[-0.13841,51.61958],[-0.14062,51.61773],[-0.14123,51.61766],[-0.14198,51.61619],[-0.14451,51.61549],[-0.1516,51.62277],[-0.15081,51.62276]]]}},{"type":"Feature","properties":{"id":"E01000126","name":"E01000126","parent":"E09000003","type":"LSOA","pop":2244,"r":673,"ff":274,"ffd":12210.3,"ffs":0.4749,"g":93,"co":0,"mo":0,"sa":0,"ic":0},"geometry":{"type":"Polygon","coordinates":[[[-0.25006,51.60261],[-0.25078,51.60114],[-0.24732,51.60107],[-0.2474,51.59948],[-0.24832,51.5993],[-0.25083,51.59927],[-0.25165,51.59934],[-0.25221,51.59984],[-0.25342,51.59947],[-0.25492,51.60023],[-0.25517,51.59996],[-0.25563,51.6002],[-0.2541,51.60178],[-0.25488,51.60243],[-0.25364,51.60278],[-0.25337,51.60238],[-0.25178,51.60381],[-0.2512,51.60405],[-0.25122,51.60313],[-0.25006,51.60261]]]}},{"type":"Feature","properties":{"id":"E01000127","name":"E01000127","parent":"E09000003","type":"LSOA","pop":1643,"r":661,"ff":270,"ffd":16433.4,"ffs":0.4754,"g":90,"co":0,"mo":0,"sa":0,"ic":0},"geometry":{"type":"Polygon","coordinates":[[[-0.25694,51.60917],[-0.25652,51.60881],[-0.25542,51.60884],[-0.25515,51.60794],[-0.25707,51.60748],[-0.25612,51.60629],[-0.25694,51.6061],[-0.25666,51.60544],[-0.25895,51.60448],[-0.25923,51.60381],[-0.26134,51.60356],[-0.26147,51.60383],[-0.26246,51.60425],[-0.26434,51.60466],[-0.26532,51.60674],[-0.26484,51.60684],[-0.26434,51.60597],[-0.26232,51.60538],[-0.26206,51.60619],[-0.26249,51.60736],[-0.25991,51.60709],[-0.25821,51.60869],[-0.25829,51.60902],[-0.25694,51.60917]]]}},{"type":"Feature","properties":{"id":"E01000128","name":"E01000128","parent":"E09000003","type":"LSOA","pop":2131,"r":679,"ff":280,"ffd":13139.4,"ffs":0.4795,"g":92,"co":0,"mo":0,"sa":0,"ic":0},"geometry":{"type":"Polygon","coordinates":[[[-0.25674,51.60362],[-0.25655,51.60271],[-0.25583,51.60284],[-0.25488,51.60243],[-0.2541,51.60178],[-0.25563,51.6002],[-0.25643,51.59975],[-0.25802,51.6004],[-0.25859,51.59987],[-0.26076,51.60086],[-0.2613,51.60023],[-0.26069,51.59982],[-0.26089,51.59917],[-0.26042,51.59854],[-0.26291,51.59754],[-0.26421,51.59853],[-0.2638,51.59876],[-0.26282,51.59859],[-0.26212,51.59931],[-0.26314,51.59978],[-0.26445,51.59933],[-0.26466,51.59951],[-0.26397,51.59987],[-0.26409,51.60058],[-0.2654,51.60091],[-0.26507,51.60104],[-0.26535,51.60135],[-0.26412,51.60187],[-0.26347,51.6024],[-0.2629,51.6024],[-0.26254,51.60292],[-0.2616,51.60228],[-0.2608,51.60269],[-0.261,51.60236],[-0.26025,51.60243],[-0.25943,51.60316],[-0.25814,51.60364],[-0.25674,51.60362]]]}},{"type":"Feature","properties":{"id":"E01000129","name":"E01000129","parent":"E09000003","type":"LSOA","pop":1780,"r":671,"ff":276,"ffd":15505.6,"ffs":0.475,"g":86,"co":0,"mo":0,"sa":0,"ic":0},"geometry":{"type":"Polygon","coordinates":[[[-0.265,51.60394],[-0.26345,51.60386],[-0.2637,51.60446],[-0.26246,51.60425],[-0.26147,51.60383],[-0.26134,51.60356],[-0.25923,51.60381],[-0.25814,51.60364],[-0.25943,51.60316],[-0.26025,51.60243],[-0.261,51.60236],[-0.2608,51.60269],[-0.2616,51.60228],[-0.26254,51.60292],[-0.2629,51.6024],[-0.26347,51.6024],[-0.26412,51.60187],[-0.26535,51.60135],[-0.26507,51.60104],[-0.2654,51.60091],[-0.26409,51.60058],[-0.26397,51.59987],[-0.26466,51.59951],[-0.26445,51.59933],[-0.26314,51.59978],[-0.26212,51.59931],[-0.26282,51.59859],[-0.2638,51.59876],[-0.26421,51.59853],[-0.26182,51.59647],[-0.26225,51.59628],[-0.26464,51.5981],[-0.26922,51.60211],[-0.26837,51.60211],[-0.26723,51.60118],[-0.26554,51.6021],[-0.26555,51.60295],[-0.26439,51.60312],[-0.2666,51.60428],[-0.26696,51.60507],[-0.26533,51.60545],[-0.26515,51.60509],[-0.26596,51.60464],[-0.265,51.60394]]]}},{"type":"Feature","properties":{"id":"E01000130","name":"E01000130","parent":"E09000003","type":"LSOA","pop":1959,"r":675,"ff":274,"ffd":13986.7,"ffs":0.4716,"g":91,"co":0,"mo":0,"sa":0,"ic":0},"geometry":{"type":"Polygon","coordinates":[[[-0.2565,51.60691],[-0.25536,51.60623],[-0.25452,51.60667],[-0.25249,51.60523],[-0.25226,51.60488],[-0.2499,51.60581],[-0.25018,51.60502],[-0.24983,51.60437],[-0.24992,51.60278],[-0.25006,51.60261],[-0.25122,51.60313],[-0.2512,51.60405],[-0.25178,51.60381],[-0.25337,51.60238],[-0.25364,51.60278],[-0.25488,51.60243],[-0.25583,51.60284],[-0.25655,51.60271],[-0.25674,51.60362],[-0.25923,51.60381],[-0.25895,51.60448],[-0.25666,51.60544],[-0.25694,51.6061],[-0.25612,51.60629],[-0.2565,51.60691]]]}},{"type":"Feature","properties":{"id":"E01000131","name":"E01000131","parent":"E09000003","type":"LSOA","pop":1957,"r":658,"ff":269,"ffd":13745.5,"ffs":0.477,"g":92,"co":0,"mo":0,"sa":0,"ic":0},"geometry":{"type":"Polygon","coordinates":[[[-0.26076,51.60086],[-0.25859,51.59987],[-0.25802,51.6004],[-0.25643,51.59975],[-0.25563,51.6002],[-0.25517,51.59996],[-0.25492,51.60023],[-0.25342,51.59947],[-0.25221,51.59984],[-0.25165,51.59934],[-0.25059,51.59925],[-0.25074,51.5978],[-0.24931,51.59708],[-0.25095,51.59628],[-0.25291,51.59772],[-0.2554,51.59676],[-0.25974,51.59418],[-0.26225,51.59628],[-0.26182,51.59647],[-0.2627,51.59714],[-0.26291,51.59754],[-0.26042,51.59854],[-0.26089,51.59917],[-0.26069,51.59982],[-0.2613,51.60023],[-0.26076,51.60086]]]}},{"type":"Feature","properties":{"id":"E01000132","name":"E01000132","parent":"E09000003","type":"LSOA","pop":1643,"r":720,"ff":291,"ffd":17711.5,"ffs":0.4716,"g":100,"co":0,"mo":0,"sa":0,"ic":0},"geometry":{"type":"Polygon","coordinates":[[[-0.25397,51.60956],[-0.25399,51.60906],[-0.25457,51.60908],[-0.25471,51.60881],[-0.25344,51.60857],[-0.25318,51.60825],[-0.25334,51.60792],[-0.25444,51.60731],[-0.25483,51.60691],[-0.25452,51.60667],[-0.25536,51.60623],[-0.2565,51.60691],[-0.25707,51.60748],[-0.25515,51.60794],[-0.25542,51.60884],[-0.25652,51.60881],[-0.25694,51.60917],[-0.25829,51.60902],[-0.25821,51.60869],[-0.25991,51.60709],[-0.2604,51.60717],[-0.26159,51.60793],[-0.26188,51.60855],[-0.26281,51.60864],[-0.26197,51.60886],[-0.26246,51.60931],[-0.26337,51.60919],[-0.26379,51.60955],[-0.25867,51.61038],[-0.25536,51.6103],[-0.25502,51.60995],[-0.25559,51.6097],[-0.25397,51.60956]]]}},{"type":"Feature","properties":{"id":"E01000133","name":"E01000133","parent":"E09000003","type":"LSOA","pop":1683,"r":703,"ff":283,"ffd":16815.2,"ffs":0.4685,"g":96,"co":0,"mo":0,"sa":0,"ic":0},"geometry":{"type":"Polygon","coordinates":[[[-0.25536,51.6103],[-0.25163,51.61008],[-0.25147,51.60962],[-0.24945,51.60762],[-0.24823,51.60809],[-0.2477,51.6072],[-0.2499,51.60581],[-0.25226,51.60488],[-0.25249,51.60523],[-0.25483,51.60691],[-0.25444,51.60731],[-0.25334,51.60792],[-0.25318,51.60825],[-0.25344,51.60857],[-0.25471,51.60881],[-0.25457,51.60908],[-0.25399,51.60906],[-0.25397,51.60956],[-0.25559,51.6097],[-0.25502,51.60995],[-0.25536,51.6103]]]}},{"type":"Feature","properties":{"id":"E01000134","name":"E01000134","parent":"E09000003","type":"LSOA","pop":1855,"r":754,"ff":292,"ffd":15741.2,"ffs":0.4562,"g":111,"co":0,"mo":0,"sa":0,"ic":0},"geometry":{"type":"Polygon","coordinates":[[[-0.26379,51.60955],[-0.26337,51.60919],[-0.26246,51.60931],[-0.26197,51.60886],[-0.26281,51.60864],[-0.26188,51.60855],[-0.26159,51.60793],[-0.2604,51.60717],[-0.26249,51.60736],[-0.26206,51.60619],[-0.26232,51.60538],[-0.26434,51.60597],[-0.26484,51.60684],[-0.26694,51.60639],[-0.26653,51.60597],[-0.26733,51.60573],[-0.26785,51.60646],[-0.26881,51.60625],[-0.26923,51.60676],[-0.26819,51.60703],[-0.26903,51.60866],[-0.26379,51.60955]]]}},{"type":"Feature","properties":{"id":"E01000135","name":"E01000135","parent":"E09000003","type":"LSOA","pop":1745,"r":988,"ff":381,"ffd":21833.8,"ffs":0.4557,"g":147,"co":0,"mo":0,"sa":0,"ic":0},"geometry":{"type":"Polygon","coordinates":[[[-0.20095,51.57098],[-0.19969,51.57039],[-0.20033,51.56988],[-0.20123,51.57014],[-0.20426,51.5685],[-0.20362,51.56826],[-0.2027,51.56875],[-0.20247,51.56846],[-0.20156,51.56854],[-0.20149,51.56888],[-0.19995,51.56918],[-0.19973,51.56854],[-0.19834,51.56852],[-0.19824,51.56897],[-0.1958,51.56895],[-0.19569,51.56946],[-0.19499,51.56951],[-0.19477,51.56841],[-0.19526,51.56719],[-0.19838,51.56743],[-0.19733,51.56612],[-0.19672,51.56601],[-0.19677,51.56496],[-0.19716,51.56486],[-0.19785,51.56503],[-0.19931,51.56667],[-0.20178,51.56581],[-0.20313,51.56716],[-0.20349,51.56655],[-0.20405,51.56624],[-0.20551,51.56665],[-0.20626,51.56652],[-0.20906,51.57034],[-0.20756,51.56987],[-0.20605,51.57071],[-0.20663,51.57107],[-0.2057,51.5709],[-0.20533,51.57107],[-0.20486,51.57072],[-0.20283,51.57188],[-0.20095,51.57098]]]}},{"type":"Feature","properties":{"id":"E01000136","name":"E01000136","parent":"E09000003","type":"LSOA","pop":1512,"r":986,"ff":384,"ffd":25396.8,"ffs":0.4632,"g":150,"co":0,"mo":0,"sa":0,"ic":0},"geometry":{"type":"Polygon","coordinates":[[[-0.18379,51.5675],[-0.18699,51.56647],[-0.18982,51.56506],[-0.19035,51.56277],[-0.19089,51.56179],[-0.19245,51.56146],[-0.19288,51.56153],[-0.19261,51.56188],[-0.19417,51.56211],[-0.19454,51.56274],[-0.19614,51.56332],[-0.19632,51.56359],[-0.19563,51.56524],[-0.19485,51.56594],[-0.19582,51.56617],[-0.19598,51.56587],[-0.19733,51.56612],[-0.19838,51.56743],[-0.19526,51.56719],[-0.19477,51.56841],[-0.19327,51.56843],[-0.19321,51.57136],[-0.18898,51.57066],[-0.1872,51.57011],[-0.18354,51.56801],[-0.18379,51.5675]]]}},{"type":"Feature","properties":{"id":"E01000137","name":"E01000137","parent":"E09000003","type":"LSOA","pop":1748,"r":967,"ff":383,"ffd":21910.8,"ffs":0.4665,"g":141,"co":0,"mo":0,"sa":0,"ic":0},"geometry":{"type":"Polygon","coordinates":[[[-0.20313,51.56716],[-0.20178,51.56581],[-0.19931,51.56667],[-0.19785,51.56503],[-0.19716,51.56486],[-0.19746,51.56457],[-0.19831,51.56469],[-0.1995,51.56404],[-0.19929,51.56345],[-0.19837,51.56332],[-0.19866,51.56305],[-0.19957,51.56293],[-0.1992,51.56262],[-0.20274,51.56177],[-0.20403,51.56315],[-0.20156,51.56392],[-0.20175,51.56427],[-0.20131,51.56445],[-0.20349,51.56655],[-0.20313,51.56716]]]}},{"type":"Feature","properties":{"id":"E01000138","name":"E01000138","parent":"E09000003","type":"LSOA","pop":1690,"r":841,"ff":348,"ffd":20591.7,"ffs":0.48,"g":112,"co":0,"mo":0,"sa":0,"ic":0},"geometry":{"type":"Polygon","coordinates":[[[-0.2067,51.56709],[-0.20626,51.56652],[-0.20551,51.56665],[-0.20405,51.56624],[-0.20349,51.56655],[-0.20196,51.56508],[-0.20131,51.56445],[-0.20175,51.56427],[-0.20156,51.56392],[-0.20403,51.56315],[-0.20274,51.56177],[-0.20159,51.56216],[-0.20125,51.56183],[-0.20188,51.56139],[-0.20281,51.56106],[-0.20257,51.5608],[-0.20362,51.56142],[-0.20482,51.56099],[-0.20504,51.56134],[-0.20662,51.56129],[-0.20769,51.56308],[-0.20968,51.56237],[-0.21005,51.56277],[-0.20882,51.56319],[-0.20977,51.5647],[-0.20864,51.5652],[-0.20887,51.56551],[-0.21175,51.5641],[-0.2121,51.56436],[-0.2067,51.56709]]]}},{"type":"Feature","properties":{"id":"E01000139","name":"E01000139","parent":"E09000003","type":"LSOA","pop":1448,"r":987,"ff":392,"ffd":27071.8,"ffs":0.4683,"g":144,"co":0,"mo":0,"sa":0,"ic":0},"geometry":{"type":"Polygon","coordinates":[[[-0.19788,51.56266],[-0.19794,51.56195],[-0.19834,51.56209],[-0.19865,51.56188],[-0.1993,51.5623],[-0.19994,51.56191],[-0.19973,51.56151],[-0.19761,51.56054],[-0.19691,51.5606],[-0.19679,51.55919],[-0.1982,51.55895],[-0.19964,51.55698],[-0.19939,51.55619],[-0.20575,51.55529],[-0.20585,51.55602],[-0.2049,51.55705],[-0.20549,51.5577],[-0.20502,51.55876],[-0.20533,51.55911],[-0.20617,51.55916],[-0.20742,51.56014],[-0.20599,51.56048],[-0.20682,51.56074],[-0.20957,51.56014],[-0.20995,51.5608],[-0.20943,51.56096],[-0.20876,51.56071],[-0.20662,51.56129],[-0.20504,51.56134],[-0.20482,51.56099],[-0.20362,51.56142],[-0.20257,51.5608],[-0.20281,51.56106],[-0.20188,51.56139],[-0.20125,51.56183],[-0.20159,51.56216],[-0.1992,51.56262],[-0.19957,51.56293],[-0.19866,51.56305],[-0.19866,51.56282],[-0.19788,51.56266]]]}},{"type":"Feature","properties":{"id":"E01000140","name":"E01000140","parent":"E09000003","type":"LSOA","pop":2215,"r":982,"ff":374,"ffd":16884.9,"ffs":0.4555,"g":155,"co":0,"mo":0,"sa":0,"ic":0},"geometry":{"type":"Polygon","coordinates":[[[-0.19485,51.56594],[-0.19563,51.56524],[-0.19632,51.56359],[-0.19614,51.56332],[-0.19454,51.56274],[-0.19417,51.56211],[-0.19261,51.56188],[-0.19288,51.56153],[-0.19245,51.56146],[-0.19456,51.56069],[-0.19704,51.56069],[-0.19761,51.56054],[-0.19973,51.56151],[-0.19994,51.56191],[-0.1993,51.5623],[-0.19865,51.56188],[-0.19834,51.56209],[-0.19794,51.56195],[-0.19788,51.56266],[-0.19866,51.56282],[-0.19837,51.56332],[-0.19929,51.56345],[-0.1995,51.56404],[-0.19831,51.56469],[-0.19746,51.56457],[-0.19677,51.56496],[-0.19672,51.56601],[-0.19598,51.56587],[-0.19582,51.56617],[-0.19485,51.56594]]]}},{"type":"Feature","properties":{"id":"E01000141","name":"E01000141","parent":"E09000003","type":"LSOA","pop":1945,"r":835,"ff":343,"ffd":17635.0,"ffs":0.4845,"g":123,"co":0,"mo":0,"sa":0,"ic":0},"geometry":{"type":"Polygon","coordinates":[[[-0.21416,51.55984],[-0.21263,51.55859],[-0.212,51.55916],[-0.21259,51.5599],[-0.21332,51.55987],[-0.21268,51.56002],[-0.21302,51.56046],[-0.21227,51.56058],[-0.21132,51.55947],[-0.21072,51.55965],[-0.21049,51.55938],[-0.211,51.55899],[-0.21037,51.55863],[-0.21051,51.55837],[-0.20963,51.55754],[-0.20996,51.55731],[-0.21155,51.55745],[-0.21219,51.55788],[-0.21328,51.55747],[-0.21238,51.55656],[-0.21205,51.55672],[-0.21157,51.5562],[-0.21344,51.55515],[-0.21785,51.55876],[-0.22215,51.56312],[-0.21719,51.56462],[-0.21517,51.56324],[-0.21341,51.56098],[-0.21416,51.55984]]]}},{"type":"Feature","properties":{"id":"E01000142","name":"E01000142","parent":"E09000003","type":"LSOA","pop":2164,"r":902,"ff":368,"ffd":17005.5,"ffs":0.4804,"g":132,"co":0,"mo":0,"sa":0,"ic":0},"geometry":{"type":"Polygon","coordinates":[[[-0.20977,51.5647],[-0.20882,51.56319],[-0.21005,51.56277],[-0.20968,51.56237],[-0.20769,51.56308],[-0.20662,51.56129],[-0.20876,51.56071],[-0.20943,51.56096],[-0.20995,51.5608],[-0.20957,51.56014],[-0.21014,51.5597],[-0.21051,51.56005],[-0.21085,51.55983],[-0.21072,51.55965],[-0.21132,51.55947],[-0.21227,51.56058],[-0.21302,51.56046],[-0.21268,51.56002],[-0.21332,51.55987],[-0.21259,51.5599],[-0.212,51.55916],[-0.21263,51.55859],[-0.21416,51.55984],[-0.21341,51.56098],[-0.21492,51.56294],[-0.2121,51.56436],[-0.21175,51.5641],[-0.20887,51.56551],[-0.20864,51.5652],[-0.20977,51.5647]]]}},{"type":"Feature","properties":{"id":"E01000143","name":"E01000143","parent":"E09000003","type":"LSOA","pop":1870,"r":831,"ff":333,"ffd":17807.5,"ffs":0.4757,"g":127,"co":0,"mo":0,"sa":0,"ic":0},"geometry":{"type":"Polygon","coordinates":[[[-0.20742,51.56014],[-0.20617,51.55916],[-0.20533,51.55911],[-0.20502,51.55876],[-0.20549,51.5577],[-0.2049,51.55705],[-0.20585,51.55602],[-0.20598,51.55644],[-0.20885,51.55574],[-0.20994,51.55677],[-0.21157,51.5562],[-0.21205,51.55672],[-0.21238,51.55656],[-0.21328,51.55747],[-0.21219,51.55788],[-0.21155,51.55745],[-0.20996,51.55731],[-0.20963,51.55754],[-0.21051,51.55837],[-0.21037,51.55863],[-0.211,51.55899],[-0.21049,51.55938],[-0.21085,51.55983],[-0.21051,51.56005],[-0.21014,51.5597],[-0.20957,51.56014],[-0.20682,51.56074],[-0.20599,51.56048],[-0.20742,51.56014]]]}},{"type":"Feature","properties":{"id":"E01000144","name":"E01000144","parent":"E09000003","type":"LSOA","pop":1760,"r":986,"ff":384,"ffd":21818.2,"ffs":0.4632,"g":150,"co":0,"mo":0,"sa":0,"ic":0},"geometry":{"type":"Polygon","coordinates":[[[-0.1961,51.57458],[-0.19553,51.57195],[-0.19928,51.57343],[-0.20006,51.57292],[-0.19923,51.57241],[-0.19695,51.57169],[-0.19732,51.57171],[-0.19735,51.57124],[-0.20059,51.57258],[-0.2011,51.57226],[-0.19981,51.57157],[-0.20095,51.57098],[-0.2022,51.57157],[-0.20166,51.5719],[-0.2028,51.57252],[-0.20183,51.57263],[-0.20175,51.57346],[-0.20107,51.57397],[-0.20261,51.57485],[-0.20045,51.57634],[-0.19709,51.57707],[-0.1961,51.57458]]]}},{"type":"Feature","properties":{"id":"E01000145","name":"E01000145","parent":"E09000003","type":"LSOA","pop":1630,"r":987,"ff":387,"ffd":23742.3,"ffs":0.464,"g":148,"co":0,"mo":0,"sa":0,"ic":0},"geometry":{"type":"Polygon","coordinates":[[[-0.20166,51.5719],[-0.2022,51.57157],[-0.20283,51.57188],[-0.20486,51.57072],[-0.20533,51.57107],[-0.2057,51.5709],[-0.20663,51.57107],[-0.20605,51.57071],[-0.20756,51.56987],[-0.20906,51.57034],[-0.21068,51.57195],[-0.20815,51.57258],[-0.20698,51.57353],[-0.20735,51.57388],[-0.2041,51.57571],[-0.20107,51.57397],[-0.20175,51.57346],[-0.20183,51.57263],[-0.2028,51.57252],[-0.20166,51.5719]]]}},{"type":"Feature","properties":{"id":"E01000146","name":"E01000146","parent":"E09000003","type":"LSOA","pop":1959,"r":996,"ff":388,"ffd":19806.0,"ffs":0.4614,"g":150,"co":0,"mo":0,"sa":0,"ic":0},"geometry":{"type":"Polygon","coordinates":[[[-0.19527,51.57177],[-0.19321,51.57136],[-0.19327,51.56843],[-0.19477,51.56841],[-0.19499,51.56951],[-0.19569,51.56946],[-0.1958,51.56895],[-0.19824,51.56897],[-0.19834,51.56852],[-0.19973,51.56854],[-0.19995,51.56918],[-0.20149,51.56888],[-0.20156,51.56854],[-0.20247,51.56846],[-0.2027,51.56875],[-0.20362,51.56826],[-0.20426,51.5685],[-0.20123,51.57014],[-0.20033,51.56988],[-0.19969,51.57039],[-0.20095,51.57098],[-0.19981,51.57157],[-0.2011,51.57226],[-0.20059,51.57258],[-0.19735,51.57124],[-0.19732,51.57171],[-0.19695,51.57169],[-0.19923,51.57241],[-0.20006,51.57292],[-0.19928,51.57343],[-0.19527,51.57177]]]}},{"type":"Feature","properties":{"id":"E01000147","name":"E01000147","parent":"E09000003","type":"LSOA","pop":1972,"r":788,"ff":323,"ffd":16379.3,"ffs":0.4764,"g":107,"co":0,"mo":0,"sa":0,"ic":0},"geometry":{"type":"Polygon","coordinates":[[[-0.24453,51.59193],[-0.24404,51.591],[-0.24442,51.59098],[-0.24423,51.59073],[-0.24509,51.59067],[-0.24557,51.58903],[-0.24688,51.58909],[-0.24645,51.58809],[-0.24662,51.58783],[-0.24826,51.58795],[-0.25037,51.58745],[-0.25157,51.58796],[-0.2512,51.58858],[-0.25221,51.58809],[-0.25256,51.58844],[-0.25192,51.58888],[-0.25381,51.59019],[-0.25356,51.5904],[-0.25397,51.59072],[-0.25351,51.59085],[-0.25399,51.59162],[-0.25314,51.59177],[-0.25029,51.59115],[-0.24835,51.59105],[-0.24826,51.59135],[-0.247,51.59119],[-0.24618,51.59152],[-0.2459,51.59109],[-0.24453,51.59193]]]}},{"type":"Feature","properties":{"id":"E01000150","name":"E01000150","parent":"E09000003","type":"LSOA","pop":2535,"r":796,"ff":325,"ffd":12820.5,"ffs":0.4724,"g":106,"co":0,"mo":0,"sa":0,"ic":0},"geometry":{"type":"Polygon","coordinates":[[[-0.24207,51.58969],[-0.24046,51.58841],[-0.24052,51.58716],[-0.23875,51.58704],[-0.23938,51.58425],[-0.23913,51.58125],[-0.24285,51.58031],[-0.24826,51.58437],[-0.25018,51.58624],[-0.24642,51.58712],[-0.24623,51.5876],[-0.24569,51.58712],[-0.24519,51.58721],[-0.24415,51.58953],[-0.24264,51.58942],[-0.24207,51.58969]]]}},{"type":"Feature","properties":{"id":"E01000151","name":"E01000151","parent":"E09000003","type":"LSOA","pop":1500,"r":644,"ff":264,"ffd":17600.0,"ffs":0.4774,"g":88,"co":0,"mo":0,"sa":0,"ic":0},"geometry":{"type":"Polygon","coordinates":[[[-0.24372,51.60277],[-0.24215,51.60253],[-0.23994,51.60267],[-0.23959,51.60209],[-0.23953,51.5997],[-0.24163,51.60007],[-0.24173,51.6008],[-0.24252,51.60025],[-0.24234,51.59973],[-0.24335,51.59965],[-0.24405,51.59915],[-0.24413,51.59966],[-0.24472,51.59965],[-0.24464,51.60014],[-0.24575,51.60034],[-0.24575,51.60068],[-0.24662,51.60105],[-0.24562,51.60171],[-0.24577,51.60195],[-0.2453,51.60268],[-0.2447,51.60275],[-0.24511,51.6031],[-0.24453,51.60417],[-0.24383,51.60396],[-0.24372,51.60277]]]}},{"type":"Feature","properties":{"id":"E01000152","name":"E01000152","parent":"E09000003","type":"LSOA","pop":2921,"r":667,"ff":265,"ffd":9072.2,"ffs":0.4657,"g":95,"co":0,"mo":0,"sa":0,"ic":0},"geometry":{"type":"Polygon","coordinates":[[[-0.2446,51.60827],[-0.24074,51.60429],[-0.23872,51.60208],[-0.23959,51.60209],[-0.23994,51.60267],[-0.24215,51.60253],[-0.24372,51.60277],[-0.24383,51.60396],[-0.24453,51.60417],[-0.24511,51.6031],[-0.2447,51.60275],[-0.2453,51.60268],[-0.24577,51.60195],[-0.2468,51.60177],[-0.2471,51.60281],[-0.24633,51.60301],[-0.24647,51.60395],[-0.24597,51.60384],[-0.24551,51.60409],[-0.24554,51.60435],[-0.24599,51.60434],[-0.24605,51.60465],[-0.24747,51.60495],[-0.24702,51.60529],[-0.24739,51.60607],[-0.24616,51.60624],[-0.2463,51.60663],[-0.24571,51.60725],[-0.24495,51.60621],[-0.24444,51.60645],[-0.24511,51.60723],[-0.24469,51.60776],[-0.24498,51.60808],[-0.2446,51.60827]]]}},{"type":"Feature","properties":{"id":"E01000153","name":"E01000153","parent":"E09000003","type":"LSOA","pop":1769,"r":668,"ff":269,"ffd":15206.3,"ffs":0.4711,"g":94,"co":0,"mo":0,"sa":0,"ic":0},"geometry":{"type":"Polygon","coordinates":[[[-0.24469,51.60776],[-0.24511,51.60723],[-0.24444,51.60645],[-0.24495,51.60621],[-0.24571,51.60725],[-0.2463,51.60663],[-0.24616,51.60624],[-0.24739,51.60607],[-0.24702,51.60529],[-0.24747,51.60495],[-0.24605,51.60465],[-0.24599,51.60434],[-0.24554,51.60435],[-0.24551,51.60409],[-0.24597,51.60384],[-0.24647,51.60395],[-0.24633,51.60301],[-0.2471,51.60281],[-0.2468,51.60177],[-0.24577,51.60195],[-0.24562,51.60171],[-0.24662,51.60105],[-0.25078,51.60114],[-0.24992,51.60278],[-0.24983,51.60437],[-0.25018,51.60502],[-0.24991,51.60589],[-0.2477,51.6072],[-0.24741,51.60693],[-0.24678,51.60708],[-0.24498,51.60808],[-0.24469,51.60776]]]}},{"type":"Feature","properties":{"id":"E01000154","name":"E01000154","parent":"E09000003","type":"LSOA","pop":1823,"r":678,"ff":272,"ffd":14920.5,"ffs":0.4698,"g":96,"co":0,"mo":0,"sa":0,"ic":0},"geometry":{"type":"Polygon","coordinates":[[[-0.24464,51.60014],[-0.24472,51.59965],[-0.24413,51.59966],[-0.24405,51.59915],[-0.24335,51.59965],[-0.24234,51.59973],[-0.24252,51.60025],[-0.24173,51.6008],[-0.24177,51.59787],[-0.24133,51.59738],[-0.24262,51.5968],[-0.24593,51.59678],[-0.24585,51.5984],[-0.24748,51.59845],[-0.24725,51.599],[-0.24832,51.5993],[-0.2474,51.59948],[-0.24732,51.60107],[-0.24662,51.60105],[-0.24575,51.60068],[-0.24575,51.60034],[-0.24464,51.60014]]]}},{"type":"Feature","properties":{"id":"E01000156","name":"E01000156","parent":"E09000003","type":"LSOA","pop":1988,"r":837,"ff":336,"ffd":16901.4,"ffs":0.4773,"g":130,"co":0,"mo":0,"sa":0,"ic":0},"geometry":{"type":"Polygon","coordinates":[[[-0.14769,51.60409],[-0.14666,51.6038],[-0.14608,51.60396],[-0.14631,51.60347],[-0.14592,51.60338],[-0.1457,51.60365],[-0.14442,51.60345],[-0.14458,51.60301],[-0.14603,51.60305],[-0.14688,51.60235],[-0.14732,51.6026],[-0.14796,51.60236],[-0.14665,51.60134],[-0.14447,51.60052],[-0.14447,51.60013],[-0.15136,51.59745],[-0.15312,51.59962],[-0.14842,51.60105],[-0.14864,51.60146],[-0.15002,51.60151],[-0.14951,51.6021],[-0.14907,51.60181],[-0.14869,51.602],[-0.14863,51.60286],[-0.14897,51.60329],[-0.14856,51.60356],[-0.14773,51.60358],[-0.14769,51.60409]]]}},{"type":"Feature","properties":{"id":"E01000157","name":"E01000157","parent":"E09000003","type":"LSOA","pop":1552,"r":799,"ff":323,"ffd":20811.9,"ffs":0.4807,"g":124,"co":0,"mo":0,"sa":0,"ic":0},"geometry":{"type":"Polygon","coordinates":[[[-0.14477,51.60423],[-0.14371,51.60375],[-0.14374,51.60523],[-0.14346,51.60518],[-0.14313,51.6045],[-0.14263,51.60442],[-0.14252,51.60531],[-0.14203,51.60367],[-0.14447,51.60052],[-0.14665,51.60134],[-0.14796,51.60236],[-0.14732,51.6026],[-0.14688,51.60235],[-0.14603,51.60305],[-0.14458,51.60301],[-0.14442,51.60345],[-0.1457,51.60365],[-0.14592,51.60338],[-0.14631,51.60347],[-0.14608,51.60396],[-0.14666,51.6038],[-0.14769,51.60409],[-0.14805,51.60451],[-0.14757,51.6047],[-0.14769,51.605],[-0.14601,51.60593],[-0.14542,51.60508],[-0.14407,51.60467],[-0.14409,51.60438],[-0.14477,51.60423]]]}},{"type":"Feature","properties":{"id":"E01000158","name":"E01000158","parent":"E09000003","type":"LSOA","pop":1521,"r":592,"ff":244,"ffd":16042.1,"ffs":0.488,"g":88,"co":0,"mo":0,"sa":0,"ic":0},"geometry":{"type":"Polygon","coordinates":[[[-0.1495,51.62058],[-0.14637,51.61741],[-0.14766,51.61743],[-0.14816,51.61782],[-0.14943,51.61757],[-0.14917,51.6172],[-0.1497,51.6175],[-0.15048,51.61689],[-0.15006,51.61667],[-0.15019,51.61598],[-0.15102,51.61594],[-0.15106,51.61531],[-0.15067,51.61479],[-0.15305,51.61379],[-0.15281,51.61348],[-0.15358,51.61332],[-0.15444,51.61457],[-0.15509,51.61458],[-0.15579,51.61514],[-0.15509,51.61552],[-0.15496,51.61709],[-0.15409,51.6191],[-0.15322,51.61974],[-0.15192,51.61937],[-0.15245,51.62112],[-0.15087,51.62124],[-0.15224,51.62284],[-0.1516,51.62277],[-0.1495,51.62058]]]}},{"type":"Feature","properties":{"id":"E01000159","name":"E01000159","parent":"E09000003","type":"LSOA","pop":1764,"r":672,"ff":289,"ffd":16383.2,"ffs":0.4991,"g":89,"co":0,"mo":0,"sa":0,"ic":0},"geometry":{"type":"Polygon","coordinates":[[[-0.15224,51.62284],[-0.15087,51.62124],[-0.15245,51.62112],[-0.15192,51.61937],[-0.15322,51.61974],[-0.15409,51.6191],[-0.15496,51.61709],[-0.15509,51.61552],[-0.15579,51.61514],[-0.15795,51.61468],[-0.15837,51.61503],[-0.15894,51.61495],[-0.15875,51.61374],[-0.15946,51.61382],[-0.16001,51.6151],[-0.15975,51.61588],[-0.16195,51.61581],[-0.16256,51.61645],[-0.16308,51.61662],[-0.16343,51.61643],[-0.1644,51.6171],[-0.16508,51.61914],[-0.16367,51.61968],[-0.16286,51.62076],[-0.16076,51.61988],[-0.15896,51.6209],[-0.1591,51.62203],[-0.15526,51.62189],[-0.15353,51.62335],[-0.15224,51.62284]]]}},{"type":"Feature","properties":{"id":"E01000160","name":"E01000160","parent":"E09000003","type":"LSOA","pop":1999,"r":672,"ff":289,"ffd":14457.2,"ffs":0.4991,"g":89,"co":0,"mo":0,"sa":0,"ic":0},"geometry":{"type":"Polygon","coordinates":[[[-0.14637,51.61741],[-0.14186,51.61282],[-0.13876,51.6102],[-0.14332,51.60888],[-0.14313,51.60915],[-0.14206,51.60946],[-0.14273,51.61024],[-0.1466,51.61071],[-0.14736,51.61129],[-0.14659,51.61166],[-0.14654,51.61217],[-0.14698,51.6126],[-0.1481,51.61207],[-0.14777,51.61158],[-0.14849,51.61188],[-0.14868,51.6129],[-0.14769,51.61336],[-0.14715,51.61293],[-0.14632,51.61313],[-0.14598,51.615],[-0.14722,51.61475],[-0.1473,51.61495],[-0.1486,51.61474],[-0.14881,51.61503],[-0.14947,51.61498],[-0.15019,51.61598],[-0.15006,51.61667],[-0.15048,51.61689],[-0.1497,51.6175],[-0.14917,51.6172],[-0.14943,51.61757],[-0.14816,51.61782],[-0.14766,51.61743],[-0.14637,51.61741]]]}},{"type":"Feature","properties":{"id":"E01000161","name":"E01000161","parent":"E09000003","type":"LSOA","pop":2047,"r":601,"ff":249,"ffd":12164.1,"ffs":0.4892,"g":88,"co":0,"mo":0,"sa":0,"ic":0},"geometry":{"type":"Polygon","coordinates":[[[-0.15019,51.61598],[-0.14947,51.61498],[-0.14881,51.61503],[-0.1486,51.61474],[-0.1473,51.61495],[-0.14722,51.61475],[-0.14598,51.615],[-0.14632,51.61313],[-0.14715,51.61293],[-0.14769,51.61336],[-0.14868,51.6129],[-0.14849,51.61188],[-0.1494,51.61146],[-0.14996,51.61189],[-0.15041,51.61159],[-0.15082,51.61175],[-0.15087,51.61209],[-0.15236,51.61117],[-0.15312,51.61151],[-0.15355,51.61204],[-0.15283,51.61251],[-0.15319,51.61304],[-0.1536,51.61267],[-0.1541,51.6127],[-0.1541,51.61321],[-0.1549,51.61296],[-0.1549,51.61226],[-0.15619,51.61196],[-0.15598,51.61152],[-0.15824,51.6125],[-0.15688,51.61295],[-0.15709,51.61328],[-0.15818,51.61303],[-0.15867,51.61329],[-0.15922,51.61317],[-0.15946,51.61382],[-0.15875,51.61374],[-0.15894,51.61495],[-0.15837,51.61503],[-0.15795,51.61468],[-0.15579,51.61514],[-0.15509,51.61458],[-0.15444,51.61457],[-0.15358,51.61332],[-0.15281,51.61348],[-0.15305,51.61379],[-0.15067,51.61479],[-0.15106,51.61531],[-0.15102,51.61594],[-0.15019,51.61598]]]}},{"type":"Feature","properties":{"id":"E01000162","name":"E01000162","parent":"E09000003","type":"LSOA","pop":1720,"r":607,"ff":245,"ffd":14244.2,"ffs":0.4767,"g":90,"co":0,"mo":0,"sa":0,"ic":0},"geometry":{"type":"Polygon","coordinates":[[[-0.15946,51.61382],[-0.15922,51.61317],[-0.15867,51.61329],[-0.15818,51.61303],[-0.15709,51.61328],[-0.15688,51.61295],[-0.15824,51.6125],[-0.15598,51.61152],[-0.15619,51.61196],[-0.1549,51.61226],[-0.1549,51.61296],[-0.1541,51.61321],[-0.1541,51.6127],[-0.1536,51.61267],[-0.15319,51.61304],[-0.15283,51.61251],[-0.15355,51.61204],[-0.15312,51.61151],[-0.15414,51.61075],[-0.15485,51.61054],[-0.15532,51.6108],[-0.16026,51.6094],[-0.16158,51.61179],[-0.16081,51.612],[-0.16103,51.61247],[-0.16045,51.61272],[-0.16195,51.61581],[-0.15975,51.61588],[-0.16001,51.6151],[-0.15946,51.61382]]]}},{"type":"Feature","properties":{"id":"E01000163","name":"E01000163","parent":"E09000003","type":"LSOA","pop":1763,"r":778,"ff":313,"ffd":17753.8,"ffs":0.4801,"g":123,"co":0,"mo":0,"sa":0,"ic":0},"geometry":{"type":"Polygon","coordinates":[[[-0.14339,51.60779],[-0.14252,51.60531],[-0.14263,51.60442],[-0.14313,51.6045],[-0.14346,51.60518],[-0.14374,51.60523],[-0.14371,51.60375],[-0.14477,51.60423],[-0.14409,51.60438],[-0.14407,51.60467],[-0.14542,51.60508],[-0.14601,51.60593],[-0.14658,51.60554],[-0.14724,51.60573],[-0.14694,51.60629],[-0.14804,51.60746],[-0.14762,51.60793],[-0.14796,51.60829],[-0.14751,51.60864],[-0.14799,51.60879],[-0.14757,51.60925],[-0.14801,51.61004],[-0.1466,51.61071],[-0.14273,51.61024],[-0.14206,51.60946],[-0.14313,51.60915],[-0.14332,51.60888],[-0.14339,51.60779]]]}},{"type":"Feature","properties":{"id":"E01000164","name":"E01000164","parent":"E09000003","type":"LSOA","pop":1724,"r":851,"ff":340,"ffd":19721.6,"ffs":0.4762,"g":133,"co":0,"mo":0,"sa":0,"ic":0},"geometry":{"type":"Polygon","coordinates":[[[-0.15414,51.61075],[-0.15333,51.60857],[-0.15073,51.60799],[-0.1508,51.60769],[-0.14986,51.60731],[-0.14961,51.60701],[-0.14804,51.60746],[-0.14694,51.60629],[-0.14724,51.60573],[-0.14658,51.60554],[-0.14769,51.605],[-0.14757,51.6047],[-0.14805,51.60451],[-0.14769,51.60409],[-0.14773,51.60358],[-0.14856,51.60356],[-0.14897,51.60329],[-0.14863,51.60286],[-0.14869,51.602],[-0.14907,51.60181],[-0.14951,51.6021],[-0.15002,51.60151],[-0.14864,51.60146],[-0.14842,51.60105],[-0.15312,51.59962],[-0.15341,51.60069],[-0.15336,51.60208],[-0.15377,51.60322],[-0.15612,51.60511],[-0.15596,51.60545],[-0.15634,51.60536],[-0.1563,51.60566],[-0.15724,51.60566],[-0.15814,51.60664],[-0.15956,51.60704],[-0.1605,51.60846],[-0.15972,51.60862],[-0.16026,51.6094],[-0.15532,51.6108],[-0.15485,51.61054],[-0.15414,51.61075]]]}},{"type":"Feature","properties":{"id":"E01000165","name":"E01000165","parent":"E09000003","type":"LSOA","pop":1731,"r":656,"ff":269,"ffd":15540.2,"ffs":0.4838,"g":97,"co":0,"mo":0,"sa":0,"ic":0},"geometry":{"type":"Polygon","coordinates":[[[-0.14659,51.61166],[-0.14736,51.61129],[-0.1466,51.61071],[-0.14801,51.61004],[-0.14757,51.60925],[-0.14799,51.60879],[-0.14751,51.60864],[-0.14796,51.60829],[-0.14762,51.60793],[-0.14804,51.60746],[-0.14961,51.60701],[-0.14986,51.60731],[-0.1508,51.60769],[-0.15073,51.60799],[-0.15333,51.60857],[-0.15414,51.61075],[-0.15312,51.61151],[-0.15236,51.61117],[-0.15087,51.61209],[-0.15082,51.61175],[-0.15041,51.61159],[-0.14996,51.61189],[-0.1494,51.61146],[-0.14849,51.61188],[-0.14777,51.61158],[-0.1481,51.61207],[-0.14698,51.6126],[-0.14654,51.61217],[-0.14659,51.61166]]]}},{"type":"Feature","properties":{"id":"E01000166","name":"E01000166","parent":"E09000003","type":"LSOA","pop":1639,"r":474,"ff":202,"ffd":12324.6,"ffs":0.5012,"g":68,"co":0,"mo":2,"sa":0,"ic":0},"geometry":{"type":"Polygon","coordinates":[[[-0.15403,51.65315],[-0.15403,51.65256],[-0.15348,51.6527],[-0.15328,51.65238],[-0.15611,51.65129],[-0.15659,51.65151],[-0.1571,51.65125],[-0.15672,51.651],[-0.1571,51.65067],[-0.15611,51.65023],[-0.15657,51.64994],[-0.15772,51.65043],[-0.15983,51.65177],[-0.16043,51.6517],[-0.16093,51.65207],[-0.16238,51.65132],[-0.16356,51.65184],[-0.16341,51.65219],[-0.16575,51.65277],[-0.16537,51.65297],[-0.16545,51.65332],[-0.16371,51.65318],[-0.16172,51.65251],[-0.16095,51.65319],[-0.16107,51.65369],[-0.16047,51.65395],[-0.16499,51.65551],[-0.16401,51.65561],[-0.16445,51.65622],[-0.16412,51.65646],[-0.16438,51.65731],[-0.16376,51.65818],[-0.16278,51.65797],[-0.16014,51.65667],[-0.15476,51.65553],[-0.1547,51.65503],[-0.15373,51.65461],[-0.15346,51.65331],[-0.15403,51.65315]]]}},{"type":"Feature","properties":{"id":"E01000167","name":"E01000167","parent":"E09000003","type":"LSOA","pop":1371,"r":481,"ff":203,"ffd":14806.7,"ffs":0.4975,"g":70,"co":0,"mo":2,"sa":0,"ic":0},"geometry":{"type":"Polygon","coordinates":[[[-0.16107,51.65369],[-0.16095,51.65319],[-0.16172,51.65251],[-0.16371,51.65318],[-0.16545,51.65332],[-0.16537,51.65297],[-0.16623,51.65305],[-0.1662,51.65325],[-0.16721,51.65313],[-0.16673,51.65235],[-0.16691,51.65173],[-0.16804,51.65135],[-0.16839,51.65102],[-0.16908,51.65121],[-0.16964,51.6524],[-0.17068,51.65257],[-0.17114,51.65351],[-0.17481,51.65333],[-0.1752,51.6553],[-0.17553,51.66057],[-0.16502,51.65823],[-0.16376,51.65818],[-0.16438,51.65731],[-0.16412,51.65646],[-0.16445,51.65622],[-0.16401,51.65561],[-0.16499,51.65551],[-0.16047,51.65395],[-0.16107,51.65369]]]}},{"type":"Feature","properties":{"id":"E01000168","name":"E01000168","parent":"E09000003","type":"LSOA","pop":1467,"r":386,"ff":147,"ffd":10020.4,"ffs":0.482,"g":77,"co":0,"mo":2,"sa":0,"ic":0},"geometry":{"type":"Polygon","coordinates":[[[-0.15249,51.65137],[-0.15224,51.64985],[-0.15093,51.65001],[-0.14989,51.64879],[-0.15225,51.64799],[-0.15236,51.64765],[-0.15288,51.64782],[-0.15318,51.6475],[-0.15348,51.64781],[-0.15413,51.64741],[-0.15516,51.6473],[-0.15473,51.64683],[-0.15698,51.64606],[-0.15642,51.64558],[-0.1571,51.64514],[-0.15777,51.6451],[-0.15915,51.64561],[-0.15879,51.64655],[-0.15989,51.64841],[-0.15992,51.64971],[-0.16081,51.65048],[-0.16051,51.65126],[-0.16128,51.65189],[-0.16093,51.65207],[-0.16043,51.6517],[-0.15983,51.65177],[-0.15772,51.65043],[-0.15657,51.64994],[-0.15611,51.65023],[-0.1571,51.65067],[-0.15672,51.651],[-0.1571,51.65125],[-0.15659,51.65151],[-0.15611,51.65129],[-0.15328,51.65238],[-0.15249,51.65137]]]}},{"type":"Feature","properties":{"id":"E01000169","name":"E01000169","parent":"E09000003","type":"LSOA","pop":1612,"r":489,"ff":206,"ffd":12779.2,"ffs":0.4964,"g":71,"co":0,"mo":2,"sa":0,"ic":0},"geometry":{"type":"Polygon","coordinates":[[[-0.16356,51.65184],[-0.16238,51.65132],[-0.16128,51.65189],[-0.16051,51.65126],[-0.16081,51.65048],[-0.15992,51.64971],[-0.15989,51.64841],[-0.16085,51.64841],[-0.16096,51.64726],[-0.16211,51.64727],[-0.16394,51.64788],[-0.16391,51.64772],[-0.16464,51.64781],[-0.16493,51.64886],[-0.16557,51.6493],[-0.16624,51.64876],[-0.16672,51.64878],[-0.16618,51.64822],[-0.16669,51.64785],[-0.16657,51.64751],[-0.16724,51.64735],[-0.16714,51.6479],[-0.1675,51.64903],[-0.16669,51.64938],[-0.16673,51.64977],[-0.16932,51.65053],[-0.16931,51.65079],[-0.16851,51.65068],[-0.16804,51.65135],[-0.16691,51.65173],[-0.16673,51.65235],[-0.16721,51.65313],[-0.1662,51.65325],[-0.16623,51.65305],[-0.16537,51.65297],[-0.16575,51.65277],[-0.16341,51.65219],[-0.16356,51.65184]]]}},{"type":"Feature","properties":{"id":"E01000170","name":"E01000170","parent":"E09000003","type":"LSOA","pop":2015,"r":512,"ff":218,"ffd":10818.9,"ffs":0.5011,"g":74,"co":0,"mo":2,"sa":0,"ic":0},"geometry":{"type":"Polygon","coordinates":[[[-0.16493,51.64886],[-0.16464,51.64781],[-0.16391,51.64772],[-0.16394,51.64788],[-0.16211,51.64727],[-0.16096,51.64726],[-0.16085,51.64841],[-0.15989,51.64841],[-0.15879,51.64655],[-0.15915,51.64561],[-0.15777,51.6451],[-0.1571,51.64514],[-0.15696,51.64488],[-0.16046,51.64408],[-0.16108,51.64433],[-0.16105,51.64409],[-0.1615,51.64413],[-0.16304,51.6447],[-0.16368,51.64465],[-0.16388,51.6443],[-0.16347,51.64387],[-0.16445,51.64344],[-0.16555,51.64367],[-0.16546,51.64329],[-0.16624,51.6433],[-0.16629,51.64362],[-0.16815,51.64335],[-0.16871,51.64377],[-0.16955,51.646],[-0.16864,51.64587],[-0.16682,51.64644],[-0.16724,51.64735],[-0.16657,51.64751],[-0.16669,51.64785],[-0.16618,51.64822],[-0.16672,51.64878],[-0.16624,51.64876],[-0.16557,51.6493],[-0.16493,51.64886]]]}},{"type":"Feature","properties":{"id":"E01000171","name":"E01000171","parent":"E09000003","type":"LSOA","pop":2424,"r":501,"ff":211,"ffd":8704.6,"ffs":0.4976,"g":74,"co":0,"mo":2,"sa":0,"ic":0},"geometry":{"type":"Polygon","coordinates":[[[-0.16839,51.65102],[-0.16851,51.65068],[-0.16931,51.65079],[-0.16932,51.65053],[-0.16673,51.64977],[-0.16669,51.64938],[-0.1675,51.64903],[-0.16714,51.6479],[-0.16724,51.64735],[-0.16682,51.64644],[-0.16864,51.64587],[-0.16955,51.646],[-0.16871,51.64377],[-0.16889,51.64338],[-0.16829,51.64265],[-0.16855,51.64232],[-0.1696,51.6424],[-0.17359,51.65014],[-0.17481,51.65333],[-0.17114,51.65351],[-0.17068,51.65257],[-0.16964,51.6524],[-0.16908,51.65121],[-0.16839,51.65102]]]}},{"type":"Feature","properties":{"id":"E01000172","name":"E01000172","parent":"E09000003","type":"LSOA","pop":1630,"r":508,"ff":216,"ffd":13251.5,"ffs":0.4988,"g":72,"co":0,"mo":2,"sa":0,"ic":0},"geometry":{"type":"Polygon","coordinates":[[[-0.15228,51.64762],[-0.15104,51.64721],[-0.15214,51.64583],[-0.15157,51.64565],[-0.15173,51.64536],[-0.14914,51.64524],[-0.14897,51.64407],[-0.14789,51.64208],[-0.14496,51.64248],[-0.14224,51.63952],[-0.14229,51.63932],[-0.14335,51.63897],[-0.14617,51.63755],[-0.14833,51.63713],[-0.14975,51.63648],[-0.15016,51.63575],[-0.14973,51.63547],[-0.15013,51.63531],[-0.15078,51.63652],[-0.15026,51.63928],[-0.15323,51.64301],[-0.15358,51.64128],[-0.15441,51.64063],[-0.15529,51.6414],[-0.15494,51.6428],[-0.15545,51.64374],[-0.15653,51.64389],[-0.1571,51.64514],[-0.15642,51.64558],[-0.15698,51.64606],[-0.15473,51.64683],[-0.15516,51.6473],[-0.15413,51.64741],[-0.15348,51.64781],[-0.15318,51.6475],[-0.15288,51.64782],[-0.15228,51.64762]]]}},{"type":"Feature","properties":{"id":"E01000173","name":"E01000173","parent":"E09000003","type":"LSOA","pop":1595,"r":521,"ff":222,"ffd":13918.5,"ffs":0.5034,"g":77,"co":0,"mo":2,"sa":0,"ic":0},"geometry":{"type":"Polygon","coordinates":[[[-0.15696,51.64488],[-0.15653,51.64389],[-0.15545,51.64374],[-0.15494,51.6428],[-0.15529,51.6414],[-0.15441,51.64063],[-0.15358,51.64128],[-0.15323,51.64301],[-0.15142,51.6409],[-0.15026,51.63928],[-0.15078,51.63652],[-0.15402,51.63772],[-0.15561,51.63918],[-0.157,51.63953],[-0.15789,51.63941],[-0.16226,51.64288],[-0.16161,51.64339],[-0.16245,51.6435],[-0.16303,51.64296],[-0.16445,51.64344],[-0.16347,51.64387],[-0.16388,51.6443],[-0.16368,51.64465],[-0.16304,51.6447],[-0.1615,51.64413],[-0.16105,51.64409],[-0.16108,51.64433],[-0.16046,51.64408],[-0.15696,51.64488]]]}},{"type":"Feature","properties":{"id":"E01000174","name":"E01000174","parent":"E09000003","type":"LSOA","pop":1766,"r":475,"ff":202,"ffd":11438.3,"ffs":0.5088,"g":73,"co":0,"mo":2,"sa":0,"ic":0},"geometry":{"type":"Polygon","coordinates":[[[-0.16871,51.64377],[-0.16815,51.64335],[-0.16629,51.64362],[-0.16624,51.6433],[-0.16546,51.64329],[-0.16555,51.64367],[-0.16303,51.64296],[-0.16245,51.6435],[-0.16161,51.64339],[-0.16226,51.64288],[-0.16023,51.64126],[-0.16189,51.64053],[-0.16122,51.63982],[-0.16197,51.63947],[-0.16269,51.6404],[-0.16335,51.64063],[-0.16382,51.63976],[-0.16489,51.63929],[-0.16562,51.64006],[-0.1666,51.63984],[-0.16786,51.64205],[-0.16829,51.64175],[-0.16762,51.64073],[-0.16845,51.64041],[-0.1696,51.6424],[-0.16855,51.64232],[-0.16829,51.64265],[-0.16889,51.64338],[-0.16871,51.64377]]]}},{"type":"Feature","properties":{"id":"E01000175","name":"E01000175","parent":"E09000003","type":"LSOA","pop":2083,"r":518,"ff":217,"ffd":10417.7,"ffs":0.4977,"g":79,"co":0,"mo":2,"sa":0,"ic":0},"geometry":{"type":"Polygon","coordinates":[[[-0.16786,51.64205],[-0.1666,51.63984],[-0.16562,51.64006],[-0.16489,51.63929],[-0.16382,51.63976],[-0.16335,51.64063],[-0.16269,51.6404],[-0.16197,51.63947],[-0.16122,51.63982],[-0.16189,51.64053],[-0.16022,51.64126],[-0.15789,51.63941],[-0.157,51.63953],[-0.15561,51.63918],[-0.15402,51.63772],[-0.15078,51.63652],[-0.15013,51.63531],[-0.153,51.6342],[-0.15771,51.6368],[-0.16024,51.63553],[-0.16087,51.63542],[-0.15999,51.63362],[-0.16073,51.63347],[-0.16221,51.63358],[-0.16692,51.63844],[-0.16845,51.64041],[-0.16762,51.64073],[-0.16829,51.64175],[-0.16786,51.64205]]]}},{"type":"Feature","properties":{"id":"E01000176","name":"E01000176","parent":"E09000003","type":"LSOA","pop":1682,"r":775,"ff":300,"ffd":17835.9,"ffs":0.463,"g":122,"co":0,"mo":0,"sa":0,"ic":0},"geometry":{"type":"Polygon","coordinates":[[[-0.17594,51.59974],[-0.1762,51.59845],[-0.17324,51.59881],[-0.173,51.59837],[-0.17425,51.59805],[-0.17379,51.59749],[-0.17425,51.59703],[-0.1752,51.5973],[-0.17591,51.597],[-0.17852,51.59652],[-0.17775,51.59573],[-0.17785,51.59466],[-0.17844,51.59421],[-0.17864,51.59322],[-0.18005,51.59249],[-0.17921,51.59221],[-0.17948,51.59204],[-0.18163,51.59287],[-0.1847,51.59448],[-0.17936,51.59736],[-0.17596,51.60006],[-0.17564,51.60025],[-0.17536,51.60014],[-0.17594,51.59974]]]}},{"type":"Feature","properties":{"id":"E01000177","name":"E01000177","parent":"E09000003","type":"LSOA","pop":1649,"r":841,"ff":329,"ffd":19951.5,"ffs":0.4634,"g":126,"co":0,"mo":0,"sa":0,"ic":0},"geometry":{"type":"Polygon","coordinates":[[[-0.17331,51.59377],[-0.17233,51.59357],[-0.17167,51.59378],[-0.17118,51.59334],[-0.17068,51.59349],[-0.17113,51.59382],[-0.16892,51.59461],[-0.1684,51.59418],[-0.16863,51.59376],[-0.16781,51.59373],[-0.16699,51.59296],[-0.16748,51.59295],[-0.16747,51.5925],[-0.16795,51.5923],[-0.16772,51.59197],[-0.16853,51.5919],[-0.16934,51.5912],[-0.16962,51.59131],[-0.17013,51.59085],[-0.1711,51.59141],[-0.17178,51.59078],[-0.17217,51.59098],[-0.17171,51.59121],[-0.17262,51.59167],[-0.17313,51.59145],[-0.17379,51.59207],[-0.17494,51.59117],[-0.17702,51.59207],[-0.17598,51.59247],[-0.17493,51.59193],[-0.17483,51.59235],[-0.17669,51.59316],[-0.17749,51.59373],[-0.17516,51.5929],[-0.17474,51.59332],[-0.17578,51.59392],[-0.17473,51.59405],[-0.17349,51.5947],[-0.17254,51.5949],[-0.17221,51.59473],[-0.17331,51.59377]]]}},{"type":"Feature","properties":{"id":"E01000178","name":"E01000178","parent":"E09000003","type":"LSOA","pop":1663,"r":801,"ff":317,"ffd":19061.9,"ffs":0.4682,"g":120,"co":0,"mo":0,"sa":0,"ic":0},"geometry":{"type":"Polygon","coordinates":[[[-0.16028,51.60075],[-0.16025,51.60017],[-0.15984,51.60032],[-0.16156,51.59789],[-0.16174,51.59702],[-0.16095,51.59483],[-0.15965,51.59227],[-0.15881,51.59233],[-0.15898,51.59177],[-0.16057,51.59168],[-0.16118,51.59302],[-0.16602,51.59211],[-0.16623,51.59168],[-0.16714,51.59145],[-0.16795,51.5923],[-0.16747,51.5925],[-0.16748,51.59295],[-0.16699,51.59296],[-0.16781,51.59373],[-0.16863,51.59376],[-0.1684,51.59418],[-0.16892,51.59461],[-0.17113,51.59382],[-0.17082,51.59475],[-0.1702,51.59433],[-0.17026,51.59468],[-0.16945,51.59499],[-0.16955,51.59641],[-0.17041,51.59869],[-0.16809,51.59796],[-0.16317,51.59879],[-0.16091,51.60055],[-0.16028,51.60075]]]}},{"type":"Feature","properties":{"id":"E01000179","name":"E01000179","parent":"E09000003","type":"LSOA","pop":1834,"r":804,"ff":316,"ffd":17230.1,"ffs":0.4681,"g":124,"co":0,"mo":0,"sa":0,"ic":0},"geometry":{"type":"Polygon","coordinates":[[[-0.17578,51.59392],[-0.17474,51.59332],[-0.17516,51.5929],[-0.17749,51.59373],[-0.17669,51.59316],[-0.17483,51.59235],[-0.17493,51.59193],[-0.17598,51.59247],[-0.17794,51.5918],[-0.18005,51.59249],[-0.17864,51.59322],[-0.17844,51.59421],[-0.17785,51.59466],[-0.17775,51.59573],[-0.17852,51.59652],[-0.17591,51.597],[-0.1752,51.5973],[-0.17372,51.59694],[-0.17451,51.5955],[-0.17373,51.59513],[-0.17349,51.5947],[-0.17473,51.59405],[-0.17578,51.59392]]]}},{"type":"Feature","properties":{"id":"E01000180","name":"E01000180","parent":"E09000003","type":"LSOA","pop":1701,"r":899,"ff":356,"ffd":20928.9,"ffs":0.466,"g":130,"co":0,"mo":2,"sa":0,"ic":0},"geometry":{"type":"Polygon","coordinates":[[[-0.16772,51.59197],[-0.16714,51.59145],[-0.16623,51.59168],[-0.1656,51.59161],[-0.16597,51.59147],[-0.16572,51.59122],[-0.16698,51.59068],[-0.16626,51.59008],[-0.16718,51.59025],[-0.16861,51.5898],[-0.16806,51.5894],[-0.16892,51.589],[-0.16886,51.58718],[-0.16979,51.58743],[-0.16957,51.5887],[-0.17004,51.58892],[-0.17063,51.58781],[-0.17285,51.58786],[-0.1733,51.58826],[-0.17376,51.5878],[-0.17568,51.58869],[-0.17637,51.58941],[-0.17578,51.58964],[-0.17557,51.58934],[-0.17387,51.58957],[-0.17298,51.59058],[-0.17299,51.5909],[-0.17217,51.59098],[-0.17178,51.59078],[-0.1711,51.59141],[-0.17013,51.59085],[-0.16962,51.59131],[-0.16934,51.5912],[-0.16853,51.5919],[-0.16772,51.59197]]]}},{"type":"Feature","properties":{"id":"E01000181","name":"E01000181","parent":"E09000003","type":"LSOA","pop":1703,"r":829,"ff":324,"ffd":19025.2,"ffs":0.4615,"g":122,"co":0,"mo":0,"sa":0,"ic":0},"geometry":{"type":"Polygon","coordinates":[[[-0.16085,51.59234],[-0.16057,51.59168],[-0.15898,51.59177],[-0.15946,51.59158],[-0.15977,51.59056],[-0.16346,51.59002],[-0.16339,51.58961],[-0.16408,51.58911],[-0.16535,51.58899],[-0.16563,51.5894],[-0.16792,51.58928],[-0.16861,51.5898],[-0.16718,51.59025],[-0.16626,51.59008],[-0.16698,51.59068],[-0.16572,51.59122],[-0.16597,51.59147],[-0.1656,51.59161],[-0.16623,51.59168],[-0.16602,51.59211],[-0.16118,51.59302],[-0.16085,51.59234]]]}},{"type":"Feature","properties":{"id":"E01000182","name":"E01000182","parent":"E09000003","type":"LSOA","pop":1661,"r":818,"ff":322,"ffd":19385.9,"ffs":0.4646,"g":120,"co":0,"mo":0,"sa":0,"ic":0},"geometry":{"type":"Polygon","coordinates":[[[-0.16018,51.58973],[-0.16017,51.58805],[-0.15862,51.588],[-0.15862,51.58667],[-0.15741,51.58656],[-0.15715,51.58621],[-0.15792,51.5862],[-0.15798,51.58575],[-0.15959,51.58452],[-0.1611,51.58542],[-0.16137,51.5853],[-0.16532,51.58748],[-0.16792,51.58928],[-0.16563,51.5894],[-0.16535,51.58899],[-0.16408,51.58911],[-0.16339,51.58961],[-0.16346,51.59002],[-0.15977,51.59056],[-0.15977,51.58976],[-0.16018,51.58973]]]}},{"type":"Feature","properties":{"id":"E01000183","name":"E01000183","parent":"E09000003","type":"LSOA","pop":1544,"r":932,"ff":361,"ffd":23380.8,"ffs":0.4581,"g":139,"co":0,"mo":2,"sa":0,"ic":0},"geometry":{"type":"Polygon","coordinates":[[[-0.17863,51.59214],[-0.17794,51.5918],[-0.17702,51.59207],[-0.17494,51.59117],[-0.17379,51.59207],[-0.17313,51.59145],[-0.17262,51.59167],[-0.17171,51.59121],[-0.17299,51.5909],[-0.17298,51.59058],[-0.17387,51.58957],[-0.17557,51.58934],[-0.17578,51.58964],[-0.17637,51.58941],[-0.17568,51.58869],[-0.17376,51.5878],[-0.1733,51.58826],[-0.17285,51.58786],[-0.17063,51.58781],[-0.17004,51.58892],[-0.16957,51.5887],[-0.16979,51.58743],[-0.16886,51.58718],[-0.16941,51.58696],[-0.17219,51.58701],[-0.18053,51.58805],[-0.17927,51.59168],[-0.17948,51.59204],[-0.17921,51.59221],[-0.17863,51.59214]]]}},{"type":"Feature","properties":{"id":"E01000184","name":"E01000184","parent":"E09000003","type":"LSOA","pop":1864,"r":870,"ff":348,"ffd":18669.5,"ffs":0.4767,"g":137,"co":0,"mo":0,"sa":0,"ic":0},"geometry":{"type":"Polygon","coordinates":[[[-0.1563,51.60566],[-0.15634,51.60536],[-0.15984,51.60032],[-0.16025,51.60017],[-0.16028,51.60075],[-0.16091,51.60055],[-0.16317,51.59879],[-0.16809,51.59796],[-0.17041,51.59869],[-0.17163,51.59854],[-0.1721,51.59819],[-0.17163,51.59742],[-0.17202,51.59757],[-0.17332,51.59692],[-0.17425,51.59703],[-0.17379,51.59749],[-0.17425,51.59805],[-0.173,51.59837],[-0.17324,51.59881],[-0.1762,51.59845],[-0.17594,51.59974],[-0.17536,51.60014],[-0.17564,51.60025],[-0.17346,51.60157],[-0.17051,51.60279],[-0.16599,51.60422],[-0.16334,51.6053],[-0.16135,51.60572],[-0.1563,51.60566]]]}},{"type":"Feature","properties":{"id":"E01000185","name":"E01000185","parent":"E09000003","type":"LSOA","pop":1549,"r":816,"ff":318,"ffd":20529.4,"ffs":0.4649,"g":127,"co":0,"mo":0,"sa":0,"ic":0},"geometry":{"type":"Polygon","coordinates":[[[-0.17041,51.59869],[-0.16955,51.59641],[-0.16945,51.59499],[-0.17026,51.59468],[-0.1702,51.59433],[-0.17082,51.59475],[-0.17113,51.59382],[-0.17068,51.59349],[-0.17118,51.59334],[-0.17167,51.59378],[-0.17233,51.59357],[-0.17331,51.59377],[-0.17221,51.59473],[-0.17254,51.5949],[-0.17349,51.5947],[-0.17373,51.59513],[-0.17451,51.5955],[-0.17372,51.59694],[-0.17332,51.59692],[-0.17202,51.59757],[-0.17163,51.59742],[-0.1721,51.59819],[-0.17163,51.59854],[-0.17041,51.59869]]]}},{"type":"Feature","properties":{"id":"E01000186","name":"E01000186","parent":"E09000003","type":"LSOA","pop":1826,"r":727,"ff":272,"ffd":14895.9,"ffs":0.4444,"g":112,"co":0,"mo":0,"sa":0,"ic":0},"geometry":{"type":"Polygon","coordinates":[[[-0.27284,51.62673],[-0.27497,51.62673],[-0.27579,51.62616],[-0.27537,51.62545],[-0.27356,51.62498],[-0.2738,51.62434],[-0.27559,51.62469],[-0.27612,51.62405],[-0.274,51.62377],[-0.27434,51.62284],[-0.27456,51.623],[-0.27432,51.62251],[-0.27141,51.62297],[-0.27068,51.62217],[-0.2697,51.62218],[-0.27012,51.62001],[-0.26943,51.61815],[-0.27037,51.6182],[-0.27034,51.61856],[-0.27096,51.61871],[-0.27223,51.61861],[-0.27307,51.62074],[-0.27243,51.62083],[-0.27254,51.62115],[-0.27398,51.62096],[-0.27415,51.62165],[-0.27536,51.62193],[-0.27617,51.62175],[-0.27696,51.62196],[-0.27785,51.62326],[-0.27843,51.62319],[-0.27957,51.6251],[-0.27908,51.62533],[-0.27909,51.6267],[-0.27635,51.62626],[-0.2757,51.62688],[-0.27454,51.62714],[-0.27281,51.62694],[-0.27284,51.62673]]]}},{"type":"Feature","properties":{"id":"E01000187","name":"E01000187","parent":"E09000003","type":"LSOA","pop":1836,"r":623,"ff":225,"ffd":12254.9,"ffs":0.436,"g":104,"co":0,"mo":0,"sa":0,"ic":0},"geometry":{"type":"Polygon","coordinates":[[[-0.269,51.62808],[-0.2696,51.62632],[-0.2711,51.62625],[-0.27109,51.62525],[-0.27143,51.6244],[-0.27141,51.62297],[-0.27432,51.62251],[-0.27456,51.623],[-0.27434,51.62284],[-0.274,51.62377],[-0.27612,51.62405],[-0.27559,51.62469],[-0.2738,51.62434],[-0.27356,51.62498],[-0.27537,51.62545],[-0.27579,51.62616],[-0.27497,51.62673],[-0.27295,51.62668],[-0.27281,51.62694],[-0.27454,51.62714],[-0.2757,51.62688],[-0.27635,51.62626],[-0.27747,51.62642],[-0.27595,51.62765],[-0.27474,51.62785],[-0.27274,51.62769],[-0.27265,51.62895],[-0.2707,51.62941],[-0.26911,51.62922],[-0.26884,51.62841],[-0.269,51.62808]]]}},{"type":"Feature","properties":{"id":"E01000188","name":"E01000188","parent":"E09000003","type":"LSOA","pop":1828,"r":675,"ff":256,"ffd":14004.4,"ffs":0.4515,"g":106,"co":0,"mo":0,"sa":0,"ic":0},"geometry":{"type":"Polygon","coordinates":[[[-0.27303,51.64106],[-0.27102,51.63745],[-0.26876,51.63669],[-0.26657,51.63552],[-0.2673,51.63502],[-0.26716,51.63451],[-0.26612,51.6343],[-0.26832,51.63197],[-0.27088,51.63185],[-0.27279,51.63133],[-0.27293,51.63066],[-0.27219,51.62949],[-0.27274,51.62871],[-0.27274,51.62769],[-0.27474,51.62785],[-0.27595,51.62765],[-0.27747,51.62642],[-0.27909,51.6267],[-0.27908,51.62533],[-0.27957,51.6251],[-0.27843,51.62319],[-0.27785,51.62326],[-0.27696,51.62196],[-0.27617,51.62175],[-0.27609,51.62132],[-0.27795,51.6215],[-0.28025,51.6221],[-0.28012,51.6225],[-0.28074,51.62288],[-0.2809,51.62208],[-0.28515,51.62324],[-0.28827,51.62375],[-0.29153,51.62204],[-0.29122,51.62158],[-0.29194,51.62115],[-0.30393,51.63147],[-0.30539,51.63339],[-0.30555,51.6344],[-0.30446,51.63635],[-0.30355,51.63646],[-0.30272,51.63614],[-0.30241,51.63635],[-0.29985,51.63576],[-0.29721,51.63574],[-0.29624,51.63548],[-0.29438,51.63565],[-0.29187,51.63648],[-0.28779,51.63651],[-0.2855,51.63695],[-0.28388,51.63779],[-0.28139,51.63835],[-0.27861,51.63832],[-0.27648,51.63887],[-0.27371,51.63867],[-0.27416,51.6391],[-0.27303,51.64106]]]}},{"type":"Feature","properties":{"id":"E01000189","name":"E01000189","parent":"E09000003","type":"LSOA","pop":2541,"r":730,"ff":291,"ffd":11452.2,"ffs":0.4701,"g":108,"co":0,"mo":0,"sa":0,"ic":0},"geometry":{"type":"Polygon","coordinates":[[[-0.284,51.62294],[-0.28488,51.62242],[-0.28519,51.62254],[-0.28612,51.62191],[-0.28555,51.62119],[-0.28639,51.62075],[-0.28678,51.62009],[-0.28759,51.61979],[-0.28748,51.61946],[-0.28826,51.61926],[-0.28767,51.61849],[-0.28871,51.61843],[-0.29194,51.62115],[-0.29122,51.62158],[-0.29153,51.62204],[-0.28827,51.62375],[-0.284,51.62294]]]}},{"type":"Feature","properties":{"id":"E01000190","name":"E01000190","parent":"E09000003","type":"LSOA","pop":1795,"r":750,"ff":294,"ffd":16378.8,"ffs":0.4637,"g":114,"co":0,"mo":0,"sa":0,"ic":0},"geometry":{"type":"Polygon","coordinates":[[[-0.28377,51.62143],[-0.28203,51.62011],[-0.28246,51.62039],[-0.28284,51.62012],[-0.2808,51.61833],[-0.2802,51.61845],[-0.27983,51.61808],[-0.27937,51.61704],[-0.28004,51.61692],[-0.2798,51.6166],[-0.28022,51.6164],[-0.28121,51.61736],[-0.28561,51.6164],[-0.28327,51.61583],[-0.28394,51.61465],[-0.28632,51.61618],[-0.28871,51.61843],[-0.28767,51.61849],[-0.28826,51.61926],[-0.28748,51.61946],[-0.28759,51.61979],[-0.28678,51.62009],[-0.28639,51.62075],[-0.28555,51.62119],[-0.28612,51.62191],[-0.28519,51.62254],[-0.28404,51.62226],[-0.28377,51.62143]]]}},{"type":"Feature","properties":{"id":"E01000191","name":"E01000191","parent":"E09000003","type":"LSOA","pop":1550,"r":772,"ff":295,"ffd":19032.3,"ffs":0.4497,"g":113,"co":0,"mo":0,"sa":0,"ic":0},"geometry":{"type":"Polygon","coordinates":[[[-0.28257,51.62249],[-0.2809,51.62208],[-0.28074,51.62288],[-0.28012,51.6225],[-0.28025,51.6221],[-0.27795,51.6215],[-0.27609,51.62132],[-0.27617,51.62175],[-0.27536,51.62193],[-0.27415,51.62165],[-0.27398,51.62096],[-0.27254,51.62115],[-0.27243,51.62083],[-0.27307,51.62074],[-0.27209,51.61814],[-0.27273,51.61799],[-0.27342,51.61931],[-0.27778,51.61825],[-0.27869,51.61821],[-0.27905,51.61852],[-0.27978,51.61848],[-0.27983,51.61808],[-0.2802,51.61845],[-0.2808,51.61833],[-0.28284,51.62012],[-0.28246,51.62039],[-0.28203,51.62011],[-0.28377,51.62143],[-0.28404,51.62226],[-0.28488,51.62242],[-0.284,51.62294],[-0.28257,51.62249]]]}},{"type":"Feature","properties":{"id":"E01000192","name":"E01000192","parent":"E09000003","type":"LSOA","pop":2071,"r":731,"ff":277,"ffd":13375.2,"ffs":0.4468,"g":108,"co":0,"mo":0,"sa":0,"ic":0},"geometry":{"type":"Polygon","coordinates":[[[-0.27342,51.61931],[-0.27273,51.61799],[-0.27209,51.61814],[-0.27223,51.61861],[-0.27096,51.61871],[-0.27034,51.61856],[-0.27037,51.6182],[-0.26943,51.61815],[-0.26926,51.61752],[-0.26723,51.61772],[-0.26657,51.61748],[-0.26756,51.61668],[-0.26855,51.61647],[-0.26841,51.61553],[-0.2689,51.61553],[-0.26886,51.61513],[-0.26973,51.61492],[-0.27034,51.61526],[-0.27364,51.61405],[-0.274,51.61435],[-0.2746,51.61426],[-0.27485,51.6136],[-0.27583,51.6141],[-0.27667,51.61313],[-0.27711,51.61334],[-0.2761,51.61487],[-0.27759,51.61488],[-0.27851,51.61561],[-0.2765,51.6155],[-0.27694,51.61605],[-0.27653,51.61617],[-0.27727,51.61769],[-0.27777,51.6176],[-0.27802,51.61792],[-0.27778,51.61825],[-0.27342,51.61931]]]}},{"type":"Feature","properties":{"id":"E01000193","name":"E01000193","parent":"E09000003","type":"LSOA","pop":2041,"r":711,"ff":275,"ffd":13473.8,"ffs":0.4568,"g":106,"co":0,"mo":0,"sa":0,"ic":0},"geometry":{"type":"Polygon","coordinates":[[[-0.27905,51.61852],[-0.27869,51.61821],[-0.27778,51.61825],[-0.27802,51.61792],[-0.27777,51.6176],[-0.27727,51.61769],[-0.27653,51.61617],[-0.27694,51.61605],[-0.2765,51.6155],[-0.27851,51.61561],[-0.27759,51.61488],[-0.2761,51.61487],[-0.27711,51.61334],[-0.27667,51.61313],[-0.27583,51.6141],[-0.27431,51.61327],[-0.27387,51.61364],[-0.27212,51.61281],[-0.27561,51.6115],[-0.27766,51.61173],[-0.27703,51.61272],[-0.27869,51.61311],[-0.2779,51.61255],[-0.2784,51.61239],[-0.27878,51.61261],[-0.27916,51.61148],[-0.28048,51.61246],[-0.28123,51.61248],[-0.28394,51.61465],[-0.28327,51.61583],[-0.28561,51.6164],[-0.28121,51.61736],[-0.28022,51.6164],[-0.2798,51.6166],[-0.28004,51.61692],[-0.27937,51.61704],[-0.27983,51.61808],[-0.27978,51.61848],[-0.27905,51.61852]]]}},{"type":"Feature","properties":{"id":"E01000194","name":"E01000194","parent":"E09000003","type":"LSOA","pop":2061,"r":641,"ff":259,"ffd":12566.7,"ffs":0.4718,"g":88,"co":0,"mo":0,"sa":0,"ic":0},"geometry":{"type":"Polygon","coordinates":[[[-0.26973,51.61492],[-0.27104,51.61284],[-0.27061,51.61227],[-0.27005,51.61063],[-0.27051,51.60941],[-0.27002,51.60907],[-0.2705,51.60872],[-0.27032,51.60838],[-0.27487,51.60694],[-0.28123,51.61248],[-0.28048,51.61246],[-0.27916,51.61148],[-0.27878,51.61261],[-0.2784,51.61239],[-0.2779,51.61255],[-0.27869,51.61311],[-0.27703,51.61272],[-0.27766,51.61173],[-0.27561,51.6115],[-0.27212,51.61281],[-0.27387,51.61364],[-0.27431,51.61327],[-0.27519,51.61367],[-0.27485,51.6136],[-0.2746,51.61426],[-0.274,51.61435],[-0.27364,51.61405],[-0.27034,51.61526],[-0.26973,51.61492]]]}},{"type":"Feature","properties":{"id":"E01000195","name":"E01000195","parent":"E09000003","type":"LSOA","pop":2083,"r":527,"ff":194,"ffd":9313.5,"ffs":0.4491,"g":93,"co":0,"mo":0,"sa":0,"ic":0},"geometry":{"type":"Polygon","coordinates":[[[-0.26358,51.63257],[-0.26254,51.62892],[-0.26405,51.62836],[-0.26444,51.62877],[-0.2664,51.62886],[-0.26642,51.62847],[-0.26695,51.62877],[-0.26744,51.62854],[-0.26692,51.62684],[-0.26903,51.62638],[-0.26893,51.62678],[-0.26782,51.62704],[-0.26781,51.62827],[-0.26884,51.62841],[-0.26911,51.62922],[-0.2707,51.62941],[-0.27265,51.62895],[-0.27219,51.62949],[-0.27293,51.63066],[-0.27279,51.63133],[-0.27088,51.63185],[-0.26832,51.63197],[-0.26612,51.6343],[-0.26716,51.63451],[-0.2673,51.63502],[-0.26657,51.63552],[-0.2646,51.63394],[-0.26358,51.63257]]]}},{"type":"Feature","properties":{"id":"E01000196","name":"E01000196","parent":"E09000003","type":"LSOA","pop":2218,"r":811,"ff":342,"ffd":15419.3,"ffs":0.5037,"g":129,"co":0,"mo":0,"sa":0,"ic":0},"geometry":{"type":"Polygon","coordinates":[[[-0.19513,51.60121],[-0.19434,51.6008],[-0.19392,51.60111],[-0.19194,51.60003],[-0.19318,51.59909],[-0.19267,51.59941],[-0.19123,51.59869],[-0.19172,51.59853],[-0.1914,51.59838],[-0.19165,51.59794],[-0.19367,51.59825],[-0.19412,51.59751],[-0.19268,51.5972],[-0.1922,51.5964],[-0.19565,51.59656],[-0.19587,51.59483],[-0.19769,51.59493],[-0.19774,51.59556],[-0.1985,51.59584],[-0.19868,51.59521],[-0.1988,51.59564],[-0.19977,51.59586],[-0.20149,51.59567],[-0.20167,51.59616],[-0.20048,51.5963],[-0.20039,51.59674],[-0.20007,51.59672],[-0.20016,51.5963],[-0.19967,51.59627],[-0.19895,51.59728],[-0.19839,51.59752],[-0.19885,51.59795],[-0.19934,51.59779],[-0.19978,51.59818],[-0.19937,51.59837],[-0.19977,51.59856],[-0.19938,51.59895],[-0.19855,51.59906],[-0.1987,51.5994],[-0.19832,51.59936],[-0.1977,51.60009],[-0.19643,51.60022],[-0.19513,51.60121]]]}},{"type":"Feature","properties":{"id":"E01000197","name":"E01000197","parent":"E09000003","type":"LSOA","pop":1836,"r":767,"ff":318,"ffd":17320.3,"ffs":0.4915,"g":116,"co":0,"mo":0,"sa":0,"ic":0},"geometry":{"type":"Polygon","coordinates":[[[-0.18965,51.59963],[-0.18554,51.59796],[-0.18147,51.59621],[-0.18529,51.59417],[-0.19029,51.59622],[-0.1906,51.59592],[-0.19163,51.59585],[-0.19232,51.59603],[-0.1922,51.5964],[-0.19268,51.5972],[-0.19412,51.59751],[-0.19367,51.59825],[-0.19165,51.59794],[-0.1914,51.59838],[-0.19172,51.59853],[-0.19123,51.59869],[-0.19267,51.59941],[-0.19318,51.59909],[-0.19194,51.60003],[-0.19392,51.60111],[-0.19356,51.6014],[-0.18965,51.59963]]]}},{"type":"Feature","properties":{"id":"E01000198","name":"E01000198","parent":"E09000003","type":"LSOA","pop":2208,"r":939,"ff":365,"ffd":16530.8,"ffs":0.4668,"g":154,"co":0,"mo":0,"sa":0,"ic":0},"geometry":{"type":"Polygon","coordinates":[[[-0.22532,51.59935],[-0.22063,51.59803],[-0.21837,51.59884],[-0.21782,51.59798],[-0.21616,51.5979],[-0.21478,51.59748],[-0.21413,51.59771],[-0.21395,51.59701],[-0.21312,51.59669],[-0.21231,51.59685],[-0.21184,51.59747],[-0.2107,51.59798],[-0.20953,51.59754],[-0.21009,51.59722],[-0.20965,51.59609],[-0.20943,51.59609],[-0.20885,51.59531],[-0.20795,51.59534],[-0.20848,51.59436],[-0.20777,51.59434],[-0.20757,51.5939],[-0.20974,51.59317],[-0.20989,51.59376],[-0.21037,51.59383],[-0.21052,51.59188],[-0.21176,51.59125],[-0.21292,51.59354],[-0.21322,51.59374],[-0.21639,51.59491],[-0.21992,51.59699],[-0.22561,51.59894],[-0.22532,51.59935]]]}},{"type":"Feature","properties":{"id":"E01000199","name":"E01000199","parent":"E09000003","type":"LSOA","pop":1647,"r":696,"ff":290,"ffd":17607.8,"ffs":0.4983,"g":112,"co":0,"mo":2,"sa":0,"ic":0},"geometry":{"type":"Polygon","coordinates":[[[-0.20502,51.6018],[-0.20466,51.60157],[-0.20274,51.60258],[-0.20068,51.60157],[-0.20084,51.60103],[-0.20224,51.60084],[-0.20237,51.60042],[-0.20049,51.59878],[-0.19937,51.59837],[-0.20031,51.59808],[-0.20061,51.59857],[-0.20138,51.5983],[-0.20207,51.59869],[-0.20466,51.59858],[-0.20534,51.59882],[-0.20573,51.59857],[-0.20561,51.59785],[-0.20285,51.59735],[-0.20327,51.59713],[-0.20703,51.59765],[-0.20759,51.59728],[-0.20953,51.59754],[-0.2107,51.59798],[-0.21184,51.59747],[-0.21231,51.59685],[-0.21312,51.59669],[-0.21395,51.59701],[-0.21413,51.59771],[-0.2123,51.59865],[-0.21086,51.60017],[-0.21088,51.60077],[-0.21056,51.60068],[-0.21014,51.60125],[-0.20929,51.60105],[-0.20898,51.60163],[-0.20784,51.60158],[-0.2047,51.60297],[-0.20462,51.60217],[-0.20502,51.6018]]]}},{"type":"Feature","properties":{"id":"E01000200","name":"E01000200","parent":"E09000003","type":"LSOA","pop":2012,"r":883,"ff":356,"ffd":17693.8,"ffs":0.4824,"g":141,"co":0,"mo":0,"sa":0,"ic":0},"geometry":{"type":"Polygon","coordinates":[[[-0.20534,51.59882],[-0.20466,51.59858],[-0.20207,51.59869],[-0.20138,51.5983],[-0.20061,51.59857],[-0.20031,51.59808],[-0.19978,51.59818],[-0.19934,51.59779],[-0.19885,51.59795],[-0.19839,51.59752],[-0.19895,51.59728],[-0.19967,51.59627],[-0.20016,51.5963],[-0.20007,51.59672],[-0.20039,51.59674],[-0.20048,51.5963],[-0.20167,51.59616],[-0.20149,51.59567],[-0.20219,51.5956],[-0.20274,51.5946],[-0.19967,51.59388],[-0.19994,51.59301],[-0.20576,51.59437],[-0.20661,51.59365],[-0.20757,51.5939],[-0.20777,51.59434],[-0.20848,51.59436],[-0.20795,51.59534],[-0.20885,51.59531],[-0.20943,51.59609],[-0.20965,51.59609],[-0.21009,51.59722],[-0.20953,51.59754],[-0.20759,51.59728],[-0.20703,51.59765],[-0.20327,51.59713],[-0.20285,51.59735],[-0.20561,51.59785],[-0.20573,51.59857],[-0.20534,51.59882]]]}},{"type":"Feature","properties":{"id":"E01000201","name":"E01000201","parent":"E09000003","type":"LSOA","pop":1512,"r":884,"ff":352,"ffd":23280.4,"ffs":0.4776,"g":144,"co":0,"mo":0,"sa":0,"ic":0},"geometry":{"type":"Polygon","coordinates":[[[-0.20576,51.59437],[-0.19994,51.59301],[-0.19967,51.59388],[-0.19907,51.59374],[-0.19878,51.59401],[-0.19889,51.59351],[-0.1982,51.59345],[-0.19816,51.59252],[-0.1972,51.59238],[-0.19704,51.59276],[-0.19648,51.59265],[-0.1966,51.59233],[-0.19467,51.59212],[-0.19556,51.5913],[-0.19891,51.59149],[-0.19894,51.59191],[-0.20048,51.59206],[-0.2006,51.59128],[-0.20142,51.59134],[-0.20108,51.59121],[-0.20154,51.59074],[-0.20102,51.59029],[-0.20197,51.58979],[-0.20302,51.59019],[-0.2031,51.58929],[-0.20511,51.58883],[-0.20739,51.58882],[-0.20975,51.58957],[-0.21176,51.59125],[-0.21052,51.59188],[-0.21037,51.59383],[-0.20989,51.59376],[-0.20974,51.59317],[-0.20757,51.5939],[-0.20661,51.59365],[-0.20576,51.59437]]]}},{"type":"Feature","properties":{"id":"E01000202","name":"E01000202","parent":"E09000003","type":"LSOA","pop":1685,"r":840,"ff":348,"ffd":20652.8,"ffs":0.4964,"g":136,"co":0,"mo":0,"sa":0,"ic":0},"geometry":{"type":"Polygon","coordinates":[[[-0.19163,51.59585],[-0.1926,51.59462],[-0.19212,51.5945],[-0.19224,51.59308],[-0.19437,51.59142],[-0.19556,51.5913],[-0.19467,51.59212],[-0.1966,51.59233],[-0.19648,51.59265],[-0.19704,51.59276],[-0.1972,51.59238],[-0.19816,51.59252],[-0.1982,51.59345],[-0.19889,51.59351],[-0.19878,51.59401],[-0.19907,51.59374],[-0.20274,51.5946],[-0.20219,51.5956],[-0.19977,51.59586],[-0.1988,51.59564],[-0.19868,51.59521],[-0.1985,51.59584],[-0.19774,51.59556],[-0.19769,51.59493],[-0.19587,51.59483],[-0.19565,51.59656],[-0.1922,51.5964],[-0.19232,51.59603],[-0.19163,51.59585]]]}},{"type":"Feature","properties":{"id":"E01000203","name":"E01000203","parent":"E09000003","type":"LSOA","pop":2156,"r":812,"ff":339,"ffd":15723.6,"ffs":0.4971,"g":127,"co":0,"mo":0,"sa":0,"ic":0},"geometry":{"type":"Polygon","coordinates":[[[-0.18999,51.5916],[-0.19191,51.59054],[-0.19416,51.58981],[-0.19674,51.58959],[-0.2006,51.58975],[-0.2031,51.58929],[-0.20302,51.59019],[-0.20197,51.58979],[-0.20102,51.59029],[-0.20154,51.59074],[-0.20108,51.59121],[-0.20142,51.59134],[-0.2006,51.59128],[-0.20048,51.59206],[-0.19894,51.59191],[-0.19891,51.59149],[-0.19556,51.5913],[-0.19437,51.59142],[-0.19224,51.59308],[-0.19212,51.5945],[-0.1926,51.59462],[-0.19163,51.59585],[-0.1906,51.59592],[-0.19029,51.59622],[-0.18529,51.59417],[-0.18999,51.5916]]]}},{"type":"Feature","properties":{"id":"E01000204","name":"E01000204","parent":"E09000003","type":"LSOA","pop":1696,"r":729,"ff":303,"ffd":17865.6,"ffs":0.4984,"g":119,"co":0,"mo":2,"sa":0,"ic":0},"geometry":{"type":"Polygon","coordinates":[[[-0.2001,51.60424],[-0.19356,51.6014],[-0.19434,51.6008],[-0.19513,51.60121],[-0.19643,51.60022],[-0.1977,51.60009],[-0.19832,51.59936],[-0.1987,51.5994],[-0.19855,51.59906],[-0.19938,51.59895],[-0.19977,51.59856],[-0.20049,51.59878],[-0.20237,51.60042],[-0.20224,51.60084],[-0.20084,51.60103],[-0.20068,51.60157],[-0.20274,51.60258],[-0.20466,51.60157],[-0.20502,51.6018],[-0.20462,51.60217],[-0.2047,51.60297],[-0.20784,51.60158],[-0.20898,51.60163],[-0.20947,51.60204],[-0.20859,51.60296],[-0.20843,51.60442],[-0.20764,51.6044],[-0.20762,51.60499],[-0.20539,51.60402],[-0.20421,51.60397],[-0.20258,51.60439],[-0.20184,51.60498],[-0.2001,51.60424]]]}},{"type":"Feature","properties":{"id":"E01000205","name":"E01000205","parent":"E09000003","type":"LSOA","pop":1505,"r":876,"ff":332,"ffd":22059.8,"ffs":0.4573,"g":144,"co":0,"mo":2,"sa":0,"ic":0},"geometry":{"type":"Polygon","coordinates":[[[-0.18602,51.58836],[-0.18626,51.58668],[-0.18406,51.58633],[-0.18404,51.58537],[-0.18473,51.58534],[-0.18533,51.58439],[-0.18924,51.58345],[-0.19112,51.58377],[-0.1918,51.58459],[-0.1928,51.5842],[-0.19357,51.58533],[-0.19256,51.58566],[-0.1924,51.5859],[-0.19336,51.58726],[-0.1929,51.58758],[-0.19233,51.58733],[-0.19209,51.58764],[-0.19404,51.58841],[-0.19248,51.58978],[-0.1924,51.59034],[-0.18999,51.5916],[-0.18933,51.59104],[-0.1862,51.59018],[-0.18677,51.58975],[-0.18699,51.5885],[-0.18602,51.58836]]]}},{"type":"Feature","properties":{"id":"E01000206","name":"E01000206","parent":"E09000003","type":"LSOA","pop":1627,"r":899,"ff":323,"ffd":19852.5,"ffs":0.4359,"g":151,"co":0,"mo":2,"sa":0,"ic":0},"geometry":{"type":"Polygon","coordinates":[[[-0.16952,51.58417],[-0.16981,51.58366],[-0.16928,51.58336],[-0.16816,51.58322],[-0.16784,51.58363],[-0.16675,51.58334],[-0.16715,51.58269],[-0.16662,51.58197],[-0.16724,51.58133],[-0.16687,51.57868],[-0.16806,51.57693],[-0.16932,51.57742],[-0.16955,51.57618],[-0.16946,51.57399],[-0.17116,51.57361],[-0.17126,51.57243],[-0.17344,51.5711],[-0.17427,51.5693],[-0.17805,51.57043],[-0.17829,51.57003],[-0.18095,51.56967],[-0.18081,51.56944],[-0.18354,51.56801],[-0.18709,51.57006],[-0.18431,51.57155],[-0.18576,51.57139],[-0.18592,51.57207],[-0.18671,51.57221],[-0.18606,51.57291],[-0.18646,51.57318],[-0.18814,51.57303],[-0.18844,51.57334],[-0.18753,51.57386],[-0.18839,51.57503],[-0.1879,51.57589],[-0.18593,51.57664],[-0.18565,51.57789],[-0.18327,51.57878],[-0.18324,51.57918],[-0.18249,51.57952],[-0.1813,51.5781],[-0.1821,51.57787],[-0.18209,51.57731],[-0.18137,51.57721],[-0.18216,51.57709],[-0.18252,51.57619],[-0.17973,51.57568],[-0.17581,51.57805],[-0.17619,51.57889],[-0.17566,51.57913],[-0.17663,51.58042],[-0.176,51.5805],[-0.17528,51.57976],[-0.1739,51.58014],[-0.1737,51.58047],[-0.17458,51.58132],[-0.17396,51.58176],[-0.17365,51.58136],[-0.17313,51.58151],[-0.17242,51.58402],[-0.17127,51.5837],[-0.16991,51.58425],[-0.16952,51.58417]]]}},{"type":"Feature","properties":{"id":"E01000207","name":"E01000207","parent":"E09000003","type":"LSOA","pop":1631,"r":919,"ff":348,"ffd":21336.6,"ffs":0.4579,"g":152,"co":0,"mo":2,"sa":0,"ic":0},"geometry":{"type":"Polygon","coordinates":[[[-0.17965,51.58452],[-0.178,51.58366],[-0.17965,51.58239],[-0.17987,51.58242],[-0.18085,51.58402],[-0.18128,51.58386],[-0.18064,51.58145],[-0.18117,51.58145],[-0.18138,51.58224],[-0.18403,51.58217],[-0.18445,51.58188],[-0.18425,51.58159],[-0.18465,51.58155],[-0.18455,51.58121],[-0.1835,51.58105],[-0.18415,51.58056],[-0.18388,51.58025],[-0.18327,51.58045],[-0.18249,51.57952],[-0.18324,51.57918],[-0.18327,51.57878],[-0.18565,51.57789],[-0.18593,51.57664],[-0.18648,51.57645],[-0.1873,51.57798],[-0.18579,51.5785],[-0.18613,51.57897],[-0.18723,51.57912],[-0.18767,51.57896],[-0.18911,51.57994],[-0.19016,51.57964],[-0.19091,51.58047],[-0.18969,51.58088],[-0.18923,51.58039],[-0.18721,51.58109],[-0.18809,51.58212],[-0.1872,51.58247],[-0.18694,51.58221],[-0.18582,51.58303],[-0.18723,51.58398],[-0.18533,51.58439],[-0.18473,51.58534],[-0.18404,51.58537],[-0.18406,51.58633],[-0.18361,51.5867],[-0.18299,51.58662],[-0.18273,51.58623],[-0.17949,51.58597],[-0.17931,51.58551],[-0.17965,51.58452]]]}},{"type":"Feature","properties":{"id":"E01000208","name":"E01000208","parent":"E09000003","type":"LSOA","pop":1660,"r":944,"ff":364,"ffd":21927.7,"ffs":0.4579,"g":143,"co":0,"mo":2,"sa":0,"ic":0},"geometry":{"type":"Polygon","coordinates":[[[-0.16532,51.58748],[-0.16137,51.5853],[-0.16573,51.58325],[-0.16616,51.58201],[-0.16662,51.58197],[-0.16715,51.58269],[-0.16675,51.58334],[-0.16784,51.58363],[-0.16816,51.58322],[-0.16928,51.58336],[-0.16981,51.58366],[-0.16952,51.58417],[-0.16991,51.58425],[-0.17127,51.5837],[-0.17323,51.58424],[-0.1749,51.58436],[-0.17505,51.5838],[-0.17586,51.58346],[-0.17711,51.5836],[-0.17695,51.58503],[-0.17864,51.58534],[-0.17622,51.58514],[-0.17599,51.58607],[-0.1766,51.58615],[-0.17615,51.58742],[-0.17219,51.58701],[-0.16941,51.58696],[-0.16886,51.58718],[-0.16892,51.589],[-0.16806,51.5894],[-0.16532,51.58748]]]}},{"type":"Feature","properties":{"id":"E01000209","name":"E01000209","parent":"E09000003","type":"LSOA","pop":1504,"r":920,"ff":355,"ffd":23603.7,"ffs":0.4653,"g":149,"co":0,"mo":2,"sa":0,"ic":0},"geometry":{"type":"Polygon","coordinates":[[[-0.19336,51.58726],[-0.1924,51.5859],[-0.19256,51.58566],[-0.19357,51.58533],[-0.1928,51.5842],[-0.1918,51.58459],[-0.19112,51.58377],[-0.18924,51.58345],[-0.18723,51.58398],[-0.18582,51.58303],[-0.18694,51.58221],[-0.1872,51.58247],[-0.18809,51.58212],[-0.18721,51.58109],[-0.18923,51.58039],[-0.18969,51.58088],[-0.19091,51.58047],[-0.19115,51.57983],[-0.19229,51.57961],[-0.19458,51.58083],[-0.19431,51.58121],[-0.19486,51.58096],[-0.19546,51.58124],[-0.19518,51.58171],[-0.19576,51.5814],[-0.19728,51.58208],[-0.19729,51.58261],[-0.19843,51.5824],[-0.19895,51.58341],[-0.19906,51.5847],[-0.19747,51.58478],[-0.19765,51.58451],[-0.19706,51.58444],[-0.19688,51.58523],[-0.19782,51.5854],[-0.19924,51.58621],[-0.19853,51.58638],[-0.19766,51.5869],[-0.19725,51.58672],[-0.19506,51.58728],[-0.19501,51.58754],[-0.19336,51.58726]]]}},{"type":"Feature","properties":{"id":"E01000210","name":"E01000210","parent":"E09000003","type":"LSOA","pop":1519,"r":897,"ff":346,"ffd":22778.1,"ffs":0.4613,"g":141,"co":0,"mo":2,"sa":0,"ic":0},"geometry":{"type":"Polygon","coordinates":[[[-0.17634,51.58708],[-0.1766,51.58615],[-0.17599,51.58607],[-0.17622,51.58514],[-0.17864,51.58534],[-0.17695,51.58503],[-0.17711,51.5836],[-0.178,51.58366],[-0.17965,51.58452],[-0.17931,51.58551],[-0.17949,51.58597],[-0.18273,51.58623],[-0.18299,51.58662],[-0.18361,51.5867],[-0.18406,51.58633],[-0.18626,51.58668],[-0.18602,51.58836],[-0.18699,51.5885],[-0.18677,51.58975],[-0.1862,51.59018],[-0.18933,51.59104],[-0.18999,51.5916],[-0.1847,51.59448],[-0.18163,51.59287],[-0.17948,51.59204],[-0.17927,51.59168],[-0.18053,51.58805],[-0.17615,51.58742],[-0.17634,51.58708]]]}},{"type":"Feature","properties":{"id":"E01000211","name":"E01000211","parent":"E09000003","type":"LSOA","pop":2242,"r":904,"ff":354,"ffd":15789.5,"ffs":0.472,"g":147,"co":0,"mo":2,"sa":0,"ic":0},"geometry":{"type":"Polygon","coordinates":[[[-0.19248,51.58978],[-0.19404,51.58841],[-0.19209,51.58764],[-0.19233,51.58733],[-0.1929,51.58758],[-0.19336,51.58726],[-0.19501,51.58754],[-0.19506,51.58728],[-0.19725,51.58672],[-0.19766,51.5869],[-0.19853,51.58638],[-0.19924,51.58621],[-0.19782,51.5854],[-0.19688,51.58523],[-0.19706,51.58444],[-0.19765,51.58451],[-0.19747,51.58478],[-0.19906,51.5847],[-0.19895,51.58341],[-0.19843,51.5824],[-0.19729,51.58261],[-0.19728,51.58208],[-0.19675,51.58185],[-0.19697,51.58152],[-0.19592,51.58094],[-0.19622,51.58055],[-0.19665,51.58075],[-0.19705,51.5805],[-0.19677,51.57964],[-0.19807,51.57945],[-0.19788,51.57904],[-0.19843,51.57895],[-0.19891,51.58019],[-0.19919,51.58015],[-0.19987,51.58154],[-0.19974,51.58201],[-0.19917,51.58212],[-0.20033,51.58275],[-0.20023,51.5859],[-0.20049,51.58629],[-0.20039,51.58901],[-0.1998,51.58902],[-0.19977,51.58978],[-0.19674,51.58959],[-0.19416,51.58981],[-0.1924,51.59034],[-0.19248,51.58978]]]}},{"type":"Feature","properties":{"id":"E01000212","name":"E01000212","parent":"E09000003","type":"LSOA","pop":1377,"r":975,"ff":372,"ffd":27015.3,"ffs":0.4553,"g":151,"co":0,"mo":0,"sa":0,"ic":0},"geometry":{"type":"Polygon","coordinates":[[[-0.19672,51.58188],[-0.19576,51.5814],[-0.19518,51.58171],[-0.19546,51.58124],[-0.19486,51.58096],[-0.19431,51.58121],[-0.19458,51.58083],[-0.19229,51.57961],[-0.19115,51.57983],[-0.19091,51.58047],[-0.19016,51.57964],[-0.18911,51.57994],[-0.18767,51.57896],[-0.18723,51.57912],[-0.18613,51.57897],[-0.18579,51.5785],[-0.1873,51.57798],[-0.18648,51.57645],[-0.1879,51.57589],[-0.18839,51.57503],[-0.18909,51.57494],[-0.19097,51.57578],[-0.19078,51.5761],[-0.19147,51.57649],[-0.19204,51.57763],[-0.19182,51.578],[-0.19238,51.57819],[-0.19242,51.57786],[-0.19372,51.57738],[-0.19326,51.57676],[-0.1958,51.57595],[-0.19568,51.57558],[-0.19389,51.57554],[-0.19425,51.57514],[-0.19315,51.57487],[-0.1929,51.57431],[-0.19332,51.57414],[-0.19467,51.57473],[-0.1961,51.57458],[-0.19807,51.57945],[-0.19677,51.57964],[-0.19705,51.5805],[-0.19665,51.58075],[-0.19622,51.58055],[-0.19592,51.58094],[-0.19697,51.58152],[-0.19672,51.58188]]]}},{"type":"Feature","properties":{"id":"E01000213","name":"E01000213","parent":"E09000003","type":"LSOA","pop":1344,"r":941,"ff":357,"ffd":26562.5,"ffs":0.4542,"g":148,"co":0,"mo":2,"sa":0,"ic":0},"geometry":{"type":"Polygon","coordinates":[[[-0.17242,51.58402],[-0.17313,51.58151],[-0.17365,51.58136],[-0.17396,51.58176],[-0.17458,51.58132],[-0.1737,51.58047],[-0.1739,51.58014],[-0.17528,51.57976],[-0.176,51.5805],[-0.17663,51.58042],[-0.17566,51.57913],[-0.17619,51.57889],[-0.17581,51.57805],[-0.17973,51.57568],[-0.18252,51.57619],[-0.18216,51.57709],[-0.18137,51.57721],[-0.18209,51.57731],[-0.1821,51.57787],[-0.1813,51.5781],[-0.18327,51.58045],[-0.18388,51.58025],[-0.18415,51.58056],[-0.1835,51.58105],[-0.18455,51.58121],[-0.18465,51.58155],[-0.18425,51.58159],[-0.18445,51.58188],[-0.18403,51.58217],[-0.18138,51.58224],[-0.18117,51.58145],[-0.18064,51.58145],[-0.18128,51.58386],[-0.18085,51.58402],[-0.17987,51.58242],[-0.17965,51.58239],[-0.178,51.58366],[-0.17586,51.58346],[-0.17505,51.5838],[-0.1749,51.58436],[-0.17242,51.58402]]]}},{"type":"Feature","properties":{"id":"E01000214","name":"E01000214","parent":"E09000003","type":"LSOA","pop":1698,"r":915,"ff":351,"ffd":20671.4,"ffs":0.4594,"g":145,"co":0,"mo":0,"sa":0,"ic":0},"geometry":{"type":"Polygon","coordinates":[[[-0.19097,51.57578],[-0.18909,51.57494],[-0.18839,51.57503],[-0.18753,51.57386],[-0.18844,51.57334],[-0.18814,51.57303],[-0.18646,51.57318],[-0.18606,51.57291],[-0.18671,51.57221],[-0.18592,51.57207],[-0.18576,51.57139],[-0.18431,51.57155],[-0.18709,51.57006],[-0.18898,51.57066],[-0.19321,51.57136],[-0.19553,51.57195],[-0.1961,51.57458],[-0.19467,51.57473],[-0.19332,51.57414],[-0.1929,51.57431],[-0.19315,51.57487],[-0.19425,51.57514],[-0.19389,51.57554],[-0.19568,51.57558],[-0.1958,51.57595],[-0.19326,51.57676],[-0.19372,51.57738],[-0.19242,51.57786],[-0.19238,51.57819],[-0.19182,51.578],[-0.19204,51.57763],[-0.19147,51.57649],[-0.19078,51.5761],[-0.19097,51.57578]]]}},{"type":"Feature","properties":{"id":"E01000215","name":"E01000215","parent":"E09000003","type":"LSOA","pop":2326,"r":986,"ff":384,"ffd":16509.0,"ffs":0.4632,"g":150,"co":0,"mo":0,"sa":0,"ic":0},"geometry":{"type":"Polygon","coordinates":[[[-0.20794,51.58232],[-0.20722,51.58221],[-0.20707,51.5825],[-0.20638,51.58244],[-0.20601,51.58209],[-0.2058,51.581],[-0.20614,51.58067],[-0.20482,51.5803],[-0.20482,51.57981],[-0.2039,51.58008],[-0.20381,51.57981],[-0.20447,51.57965],[-0.20396,51.57925],[-0.2043,51.57901],[-0.20514,51.57937],[-0.20686,51.57825],[-0.20733,51.57832],[-0.20759,51.57887],[-0.20805,51.57868],[-0.20899,51.57947],[-0.21049,51.57921],[-0.2109,51.57943],[-0.21295,51.57805],[-0.21447,51.57871],[-0.21204,51.58103],[-0.21096,51.58361],[-0.20855,51.58326],[-0.20849,51.58279],[-0.20789,51.58263],[-0.20794,51.58232]]]}},{"type":"Feature","properties":{"id":"E01000216","name":"E01000216","parent":"E09000003","type":"LSOA","pop":2078,"r":919,"ff":358,"ffd":17228.1,"ffs":0.4631,"g":140,"co":0,"mo":0,"sa":0,"ic":0},"geometry":{"type":"Polygon","coordinates":[[[-0.19987,51.58154],[-0.19919,51.58015],[-0.19891,51.58019],[-0.19843,51.57895],[-0.19788,51.57904],[-0.19709,51.57707],[-0.20045,51.57634],[-0.20078,51.57664],[-0.20231,51.57586],[-0.20385,51.57639],[-0.20221,51.57763],[-0.20234,51.57825],[-0.20447,51.57965],[-0.20381,51.57981],[-0.2039,51.58008],[-0.20246,51.58025],[-0.20246,51.58059],[-0.20195,51.5806],[-0.2022,51.58172],[-0.20033,51.58275],[-0.19917,51.58212],[-0.19974,51.58201],[-0.19987,51.58154]]]}},{"type":"Feature","properties":{"id":"E01000217","name":"E01000217","parent":"E09000003","type":"LSOA","pop":1911,"r":930,"ff":373,"ffd":19518.6,"ffs":0.477,"g":143,"co":0,"mo":0,"sa":0,"ic":0},"geometry":{"type":"Polygon","coordinates":[[[-0.20023,51.5859],[-0.20033,51.58275],[-0.2022,51.58172],[-0.20195,51.5806],[-0.20246,51.58059],[-0.20246,51.58025],[-0.20482,51.57981],[-0.20482,51.5803],[-0.20614,51.58067],[-0.2058,51.581],[-0.20601,51.58209],[-0.20638,51.58244],[-0.2063,51.58418],[-0.20559,51.58417],[-0.20558,51.58521],[-0.20468,51.58544],[-0.20416,51.58519],[-0.20237,51.58597],[-0.20049,51.58629],[-0.20023,51.5859]]]}},{"type":"Feature","properties":{"id":"E01000218","name":"E01000218","parent":"E09000003","type":"LSOA","pop":1851,"r":939,"ff":361,"ffd":19503.0,"ffs":0.4529,"g":137,"co":0,"mo":0,"sa":0,"ic":0},"geometry":{"type":"Polygon","coordinates":[[[-0.20878,51.57929],[-0.20805,51.57868],[-0.20759,51.57887],[-0.20733,51.57832],[-0.20686,51.57825],[-0.20514,51.57937],[-0.2043,51.57901],[-0.20396,51.57925],[-0.20234,51.57825],[-0.20221,51.57763],[-0.20385,51.57639],[-0.20231,51.57586],[-0.20078,51.57664],[-0.20045,51.57634],[-0.20261,51.57485],[-0.20481,51.57618],[-0.20444,51.57648],[-0.205,51.57687],[-0.2046,51.57717],[-0.20528,51.57759],[-0.20534,51.57734],[-0.20653,51.5778],[-0.20752,51.57752],[-0.20799,51.57775],[-0.20784,51.5782],[-0.21149,51.57689],[-0.21171,51.5772],[-0.21108,51.57745],[-0.21161,51.57776],[-0.21209,51.57749],[-0.21295,51.57805],[-0.2109,51.57943],[-0.21049,51.57921],[-0.20899,51.57947],[-0.20878,51.57929]]]}},{"type":"Feature","properties":{"id":"E01000219","name":"E01000219","parent":"E09000003","type":"LSOA","pop":2304,"r":1044,"ff":412,"ffd":17881.9,"ffs":0.464,"g":151,"co":0,"mo":0,"sa":0,"ic":0},"geometry":{"type":"Polygon","coordinates":[[[-0.21295,51.57805],[-0.21209,51.57749],[-0.21161,51.57776],[-0.21108,51.57745],[-0.21171,51.5772],[-0.21149,51.57689],[-0.21057,51.5771],[-0.20763,51.57482],[-0.20714,51.57483],[-0.20717,51.57508],[-0.20658,51.57465],[-0.20809,51.57409],[-0.20862,51.57436],[-0.20935,51.57411],[-0.21057,51.57429],[-0.21095,51.574],[-0.21118,51.57431],[-0.21249,51.57386],[-0.21686,51.57674],[-0.21756,51.5765],[-0.21808,51.57694],[-0.21447,51.57871],[-0.21295,51.57805]]]}},{"type":"Feature","properties":{"id":"E01000220","name":"E01000220","parent":"E09000003","type":"LSOA","pop":1943,"r":1001,"ff":393,"ffd":20226.5,"ffs":0.4645,"g":150,"co":0,"mo":0,"sa":0,"ic":0},"geometry":{"type":"Polygon","coordinates":[[[-0.20799,51.57775],[-0.20752,51.57752],[-0.20653,51.5778],[-0.20534,51.57734],[-0.20528,51.57759],[-0.2046,51.57717],[-0.205,51.57687],[-0.20444,51.57648],[-0.20481,51.57618],[-0.2041,51.57571],[-0.20735,51.57388],[-0.20698,51.57353],[-0.20815,51.57258],[-0.21023,51.57207],[-0.21006,51.57248],[-0.21158,51.57409],[-0.21118,51.57431],[-0.21095,51.574],[-0.21057,51.57429],[-0.20935,51.57411],[-0.20862,51.57436],[-0.20809,51.57409],[-0.20658,51.57465],[-0.20717,51.57508],[-0.20714,51.57483],[-0.20763,51.57482],[-0.21057,51.5771],[-0.20784,51.5782],[-0.20799,51.57775]]]}},{"type":"Feature","properties":{"id":"E01000221","name":"E01000221","parent":"E09000003","type":"LSOA","pop":1486,"r":982,"ff":391,"ffd":26312.2,"ffs":0.4655,"g":137,"co":0,"mo":0,"sa":0,"ic":0},"geometry":{"type":"Polygon","coordinates":[[[-0.21808,51.57694],[-0.21756,51.5765],[-0.21686,51.57674],[-0.21249,51.57386],[-0.21158,51.57409],[-0.21006,51.57248],[-0.21023,51.57207],[-0.21068,51.57195],[-0.21209,51.57322],[-0.21222,51.57226],[-0.21488,51.57273],[-0.21522,51.57243],[-0.21607,51.57273],[-0.21704,51.57236],[-0.21542,51.57211],[-0.21435,51.57143],[-0.21442,51.57092],[-0.21527,51.57098],[-0.21684,51.57196],[-0.21718,51.57181],[-0.21838,51.57231],[-0.21949,51.57079],[-0.21998,51.5709],[-0.2205,51.57039],[-0.22123,51.57081],[-0.22326,51.5699],[-0.22424,51.56981],[-0.22716,51.57223],[-0.22791,51.57125],[-0.2281,51.5716],[-0.2298,51.57191],[-0.2223,51.57375],[-0.21954,51.576],[-0.21808,51.57694]]]}},{"type":"Feature","properties":{"id":"E01000222","name":"E01000222","parent":"E09000003","type":"LSOA","pop":2084,"r":896,"ff":357,"ffd":17130.5,"ffs":0.4673,"g":127,"co":0,"mo":0,"sa":0,"ic":0},"geometry":{"type":"Polygon","coordinates":[[[-0.21209,51.57322],[-0.20875,51.56998],[-0.2067,51.56709],[-0.20825,51.56637],[-0.20821,51.56681],[-0.20913,51.56698],[-0.20902,51.56733],[-0.2085,51.56727],[-0.20872,51.56792],[-0.21013,51.5672],[-0.21038,51.56737],[-0.21141,51.56683],[-0.21266,51.56675],[-0.21413,51.56786],[-0.21687,51.56651],[-0.21695,51.56721],[-0.21772,51.56684],[-0.21786,51.56699],[-0.21875,51.56894],[-0.21986,51.56892],[-0.21989,51.56993],[-0.2205,51.57039],[-0.21998,51.5709],[-0.21949,51.57079],[-0.21838,51.57231],[-0.21718,51.57181],[-0.21684,51.57196],[-0.21527,51.57098],[-0.21442,51.57092],[-0.21435,51.57143],[-0.21542,51.57211],[-0.21704,51.57236],[-0.21607,51.57273],[-0.21522,51.57243],[-0.21488,51.57273],[-0.21222,51.57226],[-0.21209,51.57322]]]}},{"type":"Feature","properties":{"id":"E01000223","name":"E01000223","parent":"E09000003","type":"LSOA","pop":2211,"r":978,"ff":394,"ffd":17820.0,"ffs":0.4702,"g":135,"co":0,"mo":0,"sa":0,"ic":0},"geometry":{"type":"Polygon","coordinates":[[[-0.22716,51.57223],[-0.22424,51.56981],[-0.22326,51.5699],[-0.22123,51.57081],[-0.2205,51.57039],[-0.21989,51.56993],[-0.21986,51.56892],[-0.21875,51.56894],[-0.21786,51.56699],[-0.21647,51.56488],[-0.21496,51.56537],[-0.21472,51.5648],[-0.2152,51.56455],[-0.21381,51.5643],[-0.21379,51.56401],[-0.21517,51.56324],[-0.21719,51.56462],[-0.22215,51.56312],[-0.22655,51.56668],[-0.22937,51.56855],[-0.23221,51.57096],[-0.2298,51.57191],[-0.2281,51.5716],[-0.22791,51.57125],[-0.22716,51.57223]]]}},{"type":"Feature","properties":{"id":"E01000224","name":"E01000224","parent":"E09000003","type":"LSOA","pop":1746,"r":913,"ff":370,"ffd":21191.3,"ffs":0.4738,"g":127,"co":0,"mo":0,"sa":0,"ic":0},"geometry":{"type":"Polygon","coordinates":[[[-0.20872,51.56792],[-0.2085,51.56727],[-0.20902,51.56733],[-0.20913,51.56698],[-0.20821,51.56681],[-0.20825,51.56637],[-0.21492,51.56294],[-0.21517,51.56324],[-0.21379,51.56401],[-0.21381,51.5643],[-0.2152,51.56455],[-0.21472,51.5648],[-0.21496,51.56537],[-0.21647,51.56488],[-0.21772,51.56684],[-0.21695,51.56721],[-0.21687,51.56651],[-0.21413,51.56786],[-0.21266,51.56675],[-0.21141,51.56683],[-0.21038,51.56737],[-0.21013,51.5672],[-0.20872,51.56792]]]}},{"type":"Feature","properties":{"id":"E01000225","name":"E01000225","parent":"E09000003","type":"LSOA","pop":1940,"r":911,"ff":367,"ffd":18917.5,"ffs":0.4791,"g":141,"co":0,"mo":0,"sa":0,"ic":0},"geometry":{"type":"Polygon","coordinates":[[[-0.20237,51.58597],[-0.20416,51.58519],[-0.20468,51.58544],[-0.20558,51.58521],[-0.20559,51.58417],[-0.2063,51.58418],[-0.20638,51.58244],[-0.20707,51.5825],[-0.20722,51.58221],[-0.20794,51.58232],[-0.20789,51.58263],[-0.20849,51.58279],[-0.20855,51.58326],[-0.21096,51.58361],[-0.20929,51.58673],[-0.20884,51.58722],[-0.20715,51.58825],[-0.2031,51.58929],[-0.19977,51.58978],[-0.1998,51.58902],[-0.20039,51.58901],[-0.20049,51.58629],[-0.20237,51.58597]]]}},{"type":"Feature","properties":{"id":"E01000226","name":"E01000226","parent":"E09000003","type":"LSOA","pop":1800,"r":726,"ff":294,"ffd":16333.3,"ffs":0.4742,"g":102,"co":0,"mo":0,"sa":0,"ic":0},"geometry":{"type":"Polygon","coordinates":[[[-0.26196,51.61198],[-0.26177,51.61149],[-0.26049,51.6109],[-0.26077,51.61005],[-0.27032,51.60838],[-0.2705,51.60872],[-0.27002,51.60907],[-0.27051,51.60941],[-0.27005,51.61063],[-0.27033,51.61154],[-0.26196,51.61198]]]}},{"type":"Feature","properties":{"id":"E01000227","name":"E01000227","parent":"E09000003","type":"LSOA","pop":1904,"r":715,"ff":275,"ffd":14443.3,"ffs":0.4523,"g":104,"co":0,"mo":0,"sa":0,"ic":0},"geometry":{"type":"Polygon","coordinates":[[[-0.26389,51.61796],[-0.26417,51.61759],[-0.26386,51.61723],[-0.26561,51.61702],[-0.26469,51.61609],[-0.26555,51.61575],[-0.26541,51.61534],[-0.26238,51.61621],[-0.26249,51.61486],[-0.26231,51.61445],[-0.26305,51.61373],[-0.26425,51.61364],[-0.26449,51.61233],[-0.26536,51.61236],[-0.26545,51.61171],[-0.27033,51.61154],[-0.27104,51.61284],[-0.26973,51.61492],[-0.26886,51.61513],[-0.2689,51.61553],[-0.26841,51.61553],[-0.26855,51.61647],[-0.26756,51.61668],[-0.26657,51.61748],[-0.26645,51.61807],[-0.26489,51.61783],[-0.26441,51.61841],[-0.26389,51.61796]]]}},{"type":"Feature","properties":{"id":"E01000228","name":"E01000228","parent":"E09000003","type":"LSOA","pop":1403,"r":714,"ff":291,"ffd":20741.3,"ffs":0.4858,"g":112,"co":0,"mo":0,"sa":0,"ic":0},"geometry":{"type":"Polygon","coordinates":[[[-0.26176,51.6406],[-0.25915,51.63983],[-0.25908,51.64014],[-0.25595,51.63942],[-0.25565,51.63881],[-0.25493,51.63893],[-0.25346,51.63799],[-0.25173,51.63743],[-0.24915,51.63737],[-0.24892,51.63847],[-0.24432,51.63654],[-0.24259,51.63679],[-0.24261,51.63769],[-0.23949,51.63843],[-0.23743,51.63744],[-0.23592,51.63276],[-0.23601,51.63041],[-0.23996,51.62881],[-0.24243,51.62608],[-0.24434,51.62514],[-0.24935,51.6245],[-0.25124,51.62455],[-0.25207,51.62363],[-0.25264,51.62382],[-0.25243,51.62423],[-0.25343,51.62429],[-0.25356,51.62474],[-0.25425,51.62477],[-0.25444,51.62595],[-0.25448,51.62536],[-0.25534,51.62536],[-0.2551,51.62619],[-0.25567,51.62645],[-0.2556,51.62671],[-0.25739,51.62714],[-0.25881,51.62665],[-0.26063,51.6285],[-0.26247,51.62868],[-0.26358,51.63257],[-0.2646,51.63394],[-0.26657,51.63552],[-0.26876,51.63669],[-0.27102,51.63745],[-0.27307,51.64124],[-0.27282,51.64206],[-0.27019,51.64204],[-0.26825,51.64239],[-0.26728,51.64282],[-0.26515,51.6427],[-0.26176,51.6406]]]}},{"type":"Feature","properties":{"id":"E01000229","name":"E01000229","parent":"E09000003","type":"LSOA","pop":1686,"r":572,"ff":211,"ffd":12514.8,"ffs":0.448,"g":99,"co":0,"mo":0,"sa":0,"ic":0},"geometry":{"type":"Polygon","coordinates":[[[-0.26444,51.62877],[-0.26405,51.62836],[-0.26362,51.62851],[-0.2604,51.62478],[-0.26072,51.62497],[-0.26116,51.62413],[-0.26236,51.6237],[-0.26246,51.62306],[-0.26353,51.62321],[-0.26351,51.62234],[-0.26304,51.62196],[-0.26448,51.62215],[-0.26477,51.62137],[-0.26432,51.62115],[-0.26432,51.61999],[-0.26591,51.62009],[-0.26552,51.62161],[-0.26699,51.62168],[-0.26727,51.62031],[-0.2679,51.62013],[-0.26841,51.6207],[-0.26817,51.62131],[-0.26886,51.62155],[-0.26847,51.62161],[-0.26844,51.62221],[-0.26939,51.62274],[-0.26729,51.62328],[-0.26648,51.62283],[-0.26625,51.62506],[-0.26678,51.62563],[-0.26607,51.62622],[-0.26637,51.62731],[-0.26712,51.62763],[-0.26744,51.62854],[-0.26695,51.62877],[-0.26642,51.62847],[-0.2664,51.62886],[-0.26444,51.62877]]]}},{"type":"Feature","properties":{"id":"E01000230","name":"E01000230","parent":"E09000003","type":"LSOA","pop":2058,"r":609,"ff":221,"ffd":10738.6,"ffs":0.4368,"g":101,"co":0,"mo":0,"sa":0,"ic":0},"geometry":{"type":"Polygon","coordinates":[[[-0.26893,51.62678],[-0.26903,51.62638],[-0.26692,51.62684],[-0.26712,51.62763],[-0.26637,51.62731],[-0.26607,51.62622],[-0.26678,51.62563],[-0.26625,51.62506],[-0.26648,51.62283],[-0.26729,51.62328],[-0.26939,51.62274],[-0.26844,51.62221],[-0.26847,51.62161],[-0.26886,51.62155],[-0.26817,51.62131],[-0.26841,51.6207],[-0.2679,51.62013],[-0.26727,51.62031],[-0.26699,51.62168],[-0.26552,51.62161],[-0.2667,51.61806],[-0.26645,51.61807],[-0.26657,51.61748],[-0.26723,51.61772],[-0.26926,51.61752],[-0.27012,51.62001],[-0.2697,51.62218],[-0.27068,51.62217],[-0.27141,51.62297],[-0.27143,51.6244],[-0.27109,51.62525],[-0.2711,51.62625],[-0.2696,51.62632],[-0.26884,51.62841],[-0.26781,51.62827],[-0.26782,51.62704],[-0.26893,51.62678]]]}},{"type":"Feature","properties":{"id":"E01000231","name":"E01000231","parent":"E09000003","type":"LSOA","pop":1792,"r":725,"ff":286,"ffd":15959.8,"ffs":0.4727,"g":117,"co":0,"mo":0,"sa":0,"ic":0},"geometry":{"type":"Polygon","coordinates":[[[-0.26063,51.6285],[-0.25881,51.62665],[-0.25739,51.62714],[-0.2556,51.62671],[-0.25567,51.62645],[-0.2551,51.62619],[-0.25534,51.62536],[-0.25448,51.62536],[-0.25444,51.62595],[-0.25425,51.62477],[-0.25356,51.62474],[-0.25343,51.62429],[-0.25243,51.62423],[-0.25264,51.62382],[-0.25207,51.62363],[-0.25447,51.62233],[-0.25525,51.62125],[-0.25707,51.62155],[-0.25936,51.6216],[-0.25968,51.62243],[-0.2603,51.62163],[-0.26304,51.62196],[-0.26351,51.62234],[-0.26353,51.62321],[-0.26246,51.62306],[-0.26236,51.6237],[-0.26116,51.62413],[-0.26072,51.62497],[-0.2604,51.62478],[-0.26362,51.62851],[-0.26254,51.62892],[-0.26247,51.62868],[-0.26063,51.6285]]]}},{"type":"Feature","properties":{"id":"E01000232","name":"E01000232","parent":"E09000003","type":"LSOA","pop":1874,"r":761,"ff":299,"ffd":15955.2,"ffs":0.4643,"g":114,"co":0,"mo":0,"sa":0,"ic":0},"geometry":{"type":"Polygon","coordinates":[[[-0.25968,51.62243],[-0.25936,51.6216],[-0.25707,51.62155],[-0.25525,51.62125],[-0.25624,51.62037],[-0.25539,51.61948],[-0.25663,51.61977],[-0.25876,51.61755],[-0.2569,51.61693],[-0.25639,51.61817],[-0.25567,51.61795],[-0.25693,51.616],[-0.25999,51.61689],[-0.2597,51.61742],[-0.26015,51.61777],[-0.26086,51.61744],[-0.26127,51.6177],[-0.26158,51.61734],[-0.26201,51.6176],[-0.26172,51.61802],[-0.26389,51.61796],[-0.26441,51.61841],[-0.26489,51.61783],[-0.2667,51.61806],[-0.26591,51.62009],[-0.26432,51.61999],[-0.26432,51.62115],[-0.26477,51.62137],[-0.26448,51.62215],[-0.2603,51.62163],[-0.25968,51.62243]]]}},{"type":"Feature","properties":{"id":"E01000233","name":"E01000233","parent":"E09000003","type":"LSOA","pop":1958,"r":747,"ff":288,"ffd":14708.9,"ffs":0.4543,"g":110,"co":0,"mo":0,"sa":0,"ic":0},"geometry":{"type":"Polygon","coordinates":[[[-0.26201,51.6176],[-0.26158,51.61734],[-0.26127,51.6177],[-0.26086,51.61744],[-0.26015,51.61777],[-0.2597,51.61742],[-0.25999,51.61689],[-0.25852,51.61644],[-0.25895,51.61614],[-0.26002,51.61628],[-0.2601,51.61557],[-0.25957,51.615],[-0.25979,51.61424],[-0.25844,51.61419],[-0.25817,51.6138],[-0.25805,51.61416],[-0.25725,51.61434],[-0.25555,51.61384],[-0.25584,51.61429],[-0.25704,51.61461],[-0.25661,51.61515],[-0.25417,51.61397],[-0.25487,51.61396],[-0.25543,51.61332],[-0.25499,51.61312],[-0.25559,51.61305],[-0.25564,51.61246],[-0.26545,51.6117],[-0.26536,51.61236],[-0.26449,51.61233],[-0.26425,51.61364],[-0.26305,51.61373],[-0.26231,51.61445],[-0.26249,51.61486],[-0.26238,51.61621],[-0.26541,51.61534],[-0.26555,51.61575],[-0.26469,51.61609],[-0.26561,51.61702],[-0.26386,51.61723],[-0.26417,51.61759],[-0.26389,51.61796],[-0.26172,51.61802],[-0.26201,51.6176]]]}},{"type":"Feature","properties":{"id":"E01000234","name":"E01000234","parent":"E09000003","type":"LSOA","pop":1808,"r":760,"ff":301,"ffd":16648.2,"ffs":0.4667,"g":112,"co":0,"mo":0,"sa":0,"ic":0},"geometry":{"type":"Polygon","coordinates":[[[-0.25539,51.61948],[-0.24986,51.61374],[-0.25035,51.61308],[-0.25141,51.61369],[-0.25182,51.61346],[-0.25209,51.61299],[-0.25159,51.61194],[-0.25309,51.61237],[-0.25564,51.61246],[-0.25559,51.61305],[-0.25499,51.61312],[-0.25543,51.61332],[-0.25487,51.61396],[-0.25417,51.61397],[-0.25661,51.61515],[-0.25704,51.61461],[-0.25584,51.61429],[-0.25555,51.61384],[-0.25725,51.61434],[-0.25805,51.61416],[-0.25817,51.6138],[-0.25844,51.61419],[-0.25979,51.61424],[-0.25957,51.615],[-0.2601,51.61557],[-0.26002,51.61628],[-0.25895,51.61614],[-0.25852,51.61644],[-0.25693,51.616],[-0.25567,51.61795],[-0.25639,51.61817],[-0.2569,51.61693],[-0.25876,51.61755],[-0.25663,51.61977],[-0.25539,51.61948]]]}},{"type":"Feature","properties":{"id":"E01000235","name":"E01000235","parent":"E09000003","type":"LSOA","pop":1786,"r":696,"ff":281,"ffd":15733.5,"ffs":0.4691,"g":94,"co":0,"mo":0,"sa":0,"ic":0},"geometry":{"type":"Polygon","coordinates":[[[-0.24986,51.61374],[-0.2446,51.60827],[-0.24678,51.60708],[-0.24741,51.60693],[-0.24823,51.60809],[-0.24945,51.60762],[-0.25147,51.60962],[-0.25163,51.61008],[-0.25867,51.61038],[-0.26077,51.61005],[-0.26049,51.6109],[-0.26177,51.61149],[-0.26196,51.61198],[-0.25564,51.61246],[-0.25309,51.61237],[-0.25159,51.61194],[-0.25209,51.61299],[-0.25182,51.61346],[-0.25141,51.61369],[-0.25035,51.61308],[-0.24986,51.61374]]]}},{"type":"Feature","properties":{"id":"E01000236","name":"E01000236","parent":"E09000003","type":"LSOA","pop":1982,"r":963,"ff":382,"ffd":19273.5,"ffs":0.4693,"g":146,"co":0,"mo":0,"sa":0,"ic":0},"geometry":{"type":"Polygon","coordinates":[[[-0.20884,51.58722],[-0.21044,51.58467],[-0.21204,51.58103],[-0.21461,51.58258],[-0.21818,51.58424],[-0.21811,51.58446],[-0.21568,51.58518],[-0.21602,51.58658],[-0.21543,51.58665],[-0.21571,51.58691],[-0.21281,51.5871],[-0.2109,51.58679],[-0.21047,51.58744],[-0.20884,51.58722]]]}},{"type":"Feature","properties":{"id":"E01000237","name":"E01000237","parent":"E09000003","type":"LSOA","pop":2261,"r":871,"ff":338,"ffd":14949.1,"ffs":0.4649,"g":141,"co":0,"mo":0,"sa":0,"ic":0},"geometry":{"type":"Polygon","coordinates":[[[-0.22871,51.58815],[-0.22701,51.58778],[-0.22453,51.58806],[-0.22427,51.58747],[-0.22559,51.58731],[-0.22556,51.58679],[-0.22463,51.58677],[-0.22499,51.58506],[-0.22478,51.58449],[-0.22262,51.58516],[-0.22223,51.58481],[-0.21977,51.58552],[-0.22001,51.58595],[-0.21944,51.58642],[-0.21571,51.58691],[-0.21543,51.58665],[-0.21602,51.58658],[-0.21568,51.58518],[-0.21811,51.58446],[-0.21818,51.58424],[-0.22027,51.58415],[-0.22408,51.58299],[-0.22701,51.58277],[-0.23001,51.58528],[-0.23238,51.58682],[-0.23122,51.58751],[-0.23111,51.58836],[-0.22871,51.58815]]]}},{"type":"Feature","properties":{"id":"E01000238","name":"E01000238","parent":"E09000003","type":"LSOA","pop":2138,"r":1043,"ff":412,"ffd":19270.3,"ffs":0.4687,"g":160,"co":0,"mo":0,"sa":0,"ic":0},"geometry":{"type":"Polygon","coordinates":[[[-0.21127,51.59079],[-0.20975,51.58957],[-0.20739,51.58882],[-0.20511,51.58883],[-0.20715,51.58825],[-0.20884,51.58722],[-0.21047,51.58744],[-0.2109,51.58679],[-0.21281,51.5871],[-0.21753,51.58676],[-0.21801,51.58733],[-0.21792,51.58758],[-0.21645,51.58788],[-0.21674,51.58851],[-0.21659,51.58935],[-0.21747,51.58945],[-0.2175,51.58983],[-0.21575,51.58986],[-0.21374,51.5904],[-0.21384,51.59029],[-0.2134,51.58996],[-0.21153,51.59103],[-0.21127,51.59079]]]}},{"type":"Feature","properties":{"id":"E01000239","name":"E01000239","parent":"E09000003","type":"LSOA","pop":2192,"r":866,"ff":341,"ffd":15556.6,"ffs":0.4684,"g":135,"co":0,"mo":0,"sa":0,"ic":0},"geometry":{"type":"Polygon","coordinates":[[[-0.23181,51.59247],[-0.23208,51.59213],[-0.23285,51.59235],[-0.23308,51.59203],[-0.2307,51.59121],[-0.23027,51.5896],[-0.22974,51.58955],[-0.22953,51.59018],[-0.22687,51.5904],[-0.22675,51.58996],[-0.22729,51.58991],[-0.22871,51.58815],[-0.23111,51.58836],[-0.23122,51.58751],[-0.23238,51.58682],[-0.23452,51.58741],[-0.23843,51.58811],[-0.23663,51.59471],[-0.23655,51.59592],[-0.23697,51.5988],[-0.2342,51.59861],[-0.23471,51.59451],[-0.23361,51.59425],[-0.23377,51.59368],[-0.23328,51.59332],[-0.23346,51.59303],[-0.23181,51.59247]]]}},{"type":"Feature","properties":{"id":"E01000240","name":"E01000240","parent":"E09000003","type":"LSOA","pop":1908,"r":842,"ff":330,"ffd":17295.6,"ffs":0.4701,"g":137,"co":0,"mo":0,"sa":0,"ic":0},"geometry":{"type":"Polygon","coordinates":[[[-0.22561,51.59894],[-0.21992,51.59699],[-0.22068,51.59649],[-0.22166,51.59724],[-0.22261,51.5972],[-0.22251,51.59609],[-0.22391,51.59651],[-0.22454,51.59603],[-0.22401,51.59654],[-0.22533,51.59695],[-0.22553,51.59633],[-0.22602,51.59652],[-0.22745,51.59636],[-0.22753,51.59656],[-0.23119,51.59604],[-0.23078,51.5947],[-0.23149,51.59469],[-0.23199,51.59385],[-0.23302,51.59408],[-0.23312,51.59372],[-0.23373,51.59381],[-0.23361,51.59425],[-0.23471,51.59451],[-0.2342,51.59861],[-0.23697,51.5988],[-0.23846,51.60172],[-0.23553,51.60149],[-0.23365,51.60112],[-0.22561,51.59894]]]}},{"type":"Feature","properties":{"id":"E01000241","name":"E01000241","parent":"E09000003","type":"LSOA","pop":1908,"r":773,"ff":304,"ffd":15932.9,"ffs":0.4728,"g":127,"co":0,"mo":0,"sa":0,"ic":0},"geometry":{"type":"Polygon","coordinates":[[[-0.22166,51.59724],[-0.22068,51.59649],[-0.21992,51.59699],[-0.21794,51.59583],[-0.21879,51.59549],[-0.21841,51.59507],[-0.21874,51.59476],[-0.21975,51.59575],[-0.22025,51.5957],[-0.22001,51.59386],[-0.22153,51.59235],[-0.22155,51.59186],[-0.22334,51.59321],[-0.22399,51.59298],[-0.22405,51.59355],[-0.22496,51.59388],[-0.22615,51.59387],[-0.2253,51.5911],[-0.2264,51.59098],[-0.2265,51.5916],[-0.22589,51.59175],[-0.22587,51.59216],[-0.22758,51.59253],[-0.22812,51.59205],[-0.22899,51.59168],[-0.23008,51.59191],[-0.23027,51.59214],[-0.22938,51.59241],[-0.22931,51.59301],[-0.23127,51.5931],[-0.23009,51.59426],[-0.23078,51.5947],[-0.23119,51.59604],[-0.22753,51.59656],[-0.22745,51.59636],[-0.22602,51.59652],[-0.22553,51.59633],[-0.22533,51.59695],[-0.22401,51.59654],[-0.22454,51.59603],[-0.22391,51.59651],[-0.22251,51.59609],[-0.22261,51.5972],[-0.22166,51.59724]]]}},{"type":"Feature","properties":{"id":"E01000242","name":"E01000242","parent":"E09000003","type":"LSOA","pop":1633,"r":883,"ff":345,"ffd":21126.8,"ffs":0.4713,"g":148,"co":0,"mo":0,"sa":0,"ic":0},"geometry":{"type":"Polygon","coordinates":[[[-0.21639,51.59491],[-0.21292,51.59354],[-0.21153,51.59103],[-0.2134,51.58996],[-0.21384,51.59029],[-0.21374,51.5904],[-0.21401,51.59077],[-0.21567,51.59033],[-0.21804,51.59035],[-0.21911,51.58994],[-0.2194,51.5904],[-0.21973,51.59037],[-0.2207,51.59225],[-0.22096,51.5921],[-0.22153,51.59235],[-0.22001,51.59386],[-0.22025,51.5957],[-0.21975,51.59575],[-0.21874,51.59476],[-0.21841,51.59507],[-0.21879,51.59549],[-0.21794,51.59583],[-0.21639,51.59491]]]}},{"type":"Feature","properties":{"id":"E01000243","name":"E01000243","parent":"E09000003","type":"LSOA","pop":2232,"r":899,"ff":353,"ffd":15815.4,"ffs":0.4694,"g":144,"co":0,"mo":0,"sa":0,"ic":0},"geometry":{"type":"Polygon","coordinates":[[[-0.22405,51.59355],[-0.22399,51.59298],[-0.22334,51.59321],[-0.22155,51.59186],[-0.22153,51.59235],[-0.22096,51.5921],[-0.2207,51.59225],[-0.21973,51.59037],[-0.2194,51.5904],[-0.21911,51.58994],[-0.21804,51.59035],[-0.21567,51.59033],[-0.21401,51.59077],[-0.21374,51.5904],[-0.21575,51.58986],[-0.2175,51.58983],[-0.21747,51.58945],[-0.21659,51.58935],[-0.21674,51.58851],[-0.22053,51.58818],[-0.22104,51.58885],[-0.22149,51.58883],[-0.22149,51.58841],[-0.22223,51.58854],[-0.22193,51.58862],[-0.22216,51.58937],[-0.22264,51.58948],[-0.22285,51.58853],[-0.22379,51.58852],[-0.22382,51.58964],[-0.22288,51.5899],[-0.22336,51.59053],[-0.22366,51.59001],[-0.22432,51.59084],[-0.22371,51.59093],[-0.22387,51.59127],[-0.22465,51.59139],[-0.22553,51.59383],[-0.22496,51.59388],[-0.22405,51.59355]]]}},{"type":"Feature","properties":{"id":"E01000244","name":"E01000244","parent":"E09000003","type":"LSOA","pop":1776,"r":820,"ff":325,"ffd":18299.5,"ffs":0.4745,"g":132,"co":0,"mo":0,"sa":0,"ic":0},"geometry":{"type":"Polygon","coordinates":[[[-0.23009,51.59426],[-0.23127,51.5931],[-0.22931,51.59301],[-0.22938,51.59241],[-0.23027,51.59214],[-0.23008,51.59191],[-0.22899,51.59168],[-0.22812,51.59205],[-0.22758,51.59253],[-0.22587,51.59216],[-0.22589,51.59175],[-0.2265,51.5916],[-0.2264,51.59098],[-0.2253,51.5911],[-0.22615,51.59387],[-0.22554,51.59383],[-0.22465,51.59139],[-0.22387,51.59127],[-0.22371,51.59093],[-0.22432,51.59084],[-0.22366,51.59001],[-0.22336,51.59053],[-0.22288,51.5899],[-0.22382,51.58964],[-0.22438,51.58974],[-0.22421,51.58852],[-0.22454,51.58847],[-0.22453,51.58806],[-0.22701,51.58778],[-0.22871,51.58815],[-0.22729,51.58991],[-0.22675,51.58996],[-0.22687,51.5904],[-0.22953,51.59018],[-0.22974,51.58955],[-0.23027,51.5896],[-0.2307,51.59121],[-0.23308,51.59203],[-0.23285,51.59235],[-0.23208,51.59213],[-0.23181,51.59247],[-0.23346,51.59303],[-0.23328,51.59332],[-0.23377,51.59368],[-0.23373,51.59381],[-0.23312,51.59372],[-0.23302,51.59408],[-0.23199,51.59385],[-0.23149,51.59469],[-0.23078,51.5947],[-0.23009,51.59426]]]}},{"type":"Feature","properties":{"id":"E01000245","name":"E01000245","parent":"E09000003","type":"LSOA","pop":2171,"r":871,"ff":338,"ffd":15568.9,"ffs":0.4649,"g":141,"co":0,"mo":0,"sa":0,"ic":0},"geometry":{"type":"Polygon","coordinates":[[[-0.22382,51.58964],[-0.22379,51.58852],[-0.22285,51.58853],[-0.22264,51.58948],[-0.22216,51.58937],[-0.22193,51.58862],[-0.22223,51.58854],[-0.22149,51.58841],[-0.22149,51.58883],[-0.22104,51.58885],[-0.22053,51.58818],[-0.21667,51.58851],[-0.21645,51.58788],[-0.21792,51.58758],[-0.21801,51.58733],[-0.21753,51.58676],[-0.21944,51.58642],[-0.22001,51.58595],[-0.21977,51.58552],[-0.22223,51.58481],[-0.22262,51.58516],[-0.22478,51.58449],[-0.22499,51.58506],[-0.22463,51.58677],[-0.22556,51.58679],[-0.22559,51.58731],[-0.22427,51.58747],[-0.22453,51.58806],[-0.22454,51.58847],[-0.22421,51.58852],[-0.22438,51.58974],[-0.22382,51.58964]]]}},{"type":"Feature","properties":{"id":"E01000246","name":"E01000246","parent":"E09000003","type":"LSOA","pop":1563,"r":386,"ff":147,"ffd":9405.0,"ffs":0.482,"g":77,"co":0,"mo":0,"sa":0,"ic":0},"geometry":{"type":"Polygon","coordinates":[[[-0.17545,51.65891],[-0.1752,51.6553],[-0.17836,51.65553],[-0.17841,51.65377],[-0.17987,51.65377],[-0.17969,51.65618],[-0.17877,51.65703],[-0.18105,51.65782],[-0.18387,51.65742],[-0.18371,51.65706],[-0.18321,51.65702],[-0.18321,51.65669],[-0.18382,51.65664],[-0.18383,51.65581],[-0.18448,51.65581],[-0.18533,51.65519],[-0.18451,51.65495],[-0.18536,51.65481],[-0.18445,51.65425],[-0.18317,51.65441],[-0.18377,51.65418],[-0.18379,51.65325],[-0.18507,51.65335],[-0.18618,51.65306],[-0.18483,51.65288],[-0.1852,51.65203],[-0.18479,51.65172],[-0.18553,51.65124],[-0.18634,51.65139],[-0.18682,51.65094],[-0.18615,51.65031],[-0.18657,51.64986],[-0.18722,51.64966],[-0.1881,51.65041],[-0.1876,51.6508],[-0.18874,51.6502],[-0.18936,51.65058],[-0.19069,51.64951],[-0.18918,51.6474],[-0.1906,51.64787],[-0.19354,51.64945],[-0.1931,51.65197],[-0.1936,51.65202],[-0.19208,51.65251],[-0.19234,51.65284],[-0.1915,51.65349],[-0.19167,51.65435],[-0.19052,51.6545],[-0.1893,51.65395],[-0.18713,51.65383],[-0.18702,51.65451],[-0.18627,51.65474],[-0.18685,51.65532],[-0.18645,51.65546],[-0.1866,51.65574],[-0.19028,51.65581],[-0.19128,51.65539],[-0.19183,51.65544],[-0.19455,51.65704],[-0.1921,51.65854],[-0.1894,51.65963],[-0.19312,51.66101],[-0.1928,51.66145],[-0.19049,51.66241],[-0.18866,51.66249],[-0.18542,51.66354],[-0.18587,51.66284],[-0.17553,51.66057],[-0.17545,51.65891]]]}},{"type":"Feature","properties":{"id":"E01000247","name":"E01000247","parent":"E09000003","type":"LSOA","pop":1666,"r":495,"ff":204,"ffd":12244.9,"ffs":0.4964,"g":79,"co":0,"mo":0,"sa":0,"ic":0},"geometry":{"type":"Polygon","coordinates":[[[-0.17969,51.65618],[-0.17987,51.65377],[-0.17841,51.65377],[-0.17836,51.65553],[-0.1752,51.6553],[-0.1745,51.65224],[-0.17628,51.65207],[-0.1766,51.65246],[-0.17591,51.65269],[-0.17594,51.65318],[-0.17743,51.6534],[-0.17838,51.65299],[-0.17801,51.65285],[-0.17807,51.65226],[-0.17882,51.65184],[-0.17929,51.65194],[-0.17953,51.65166],[-0.18058,51.65156],[-0.18061,51.65196],[-0.1817,51.65233],[-0.18269,51.65303],[-0.18377,51.65296],[-0.18377,51.65418],[-0.18317,51.65441],[-0.18445,51.65425],[-0.18536,51.65481],[-0.18451,51.65495],[-0.18533,51.65519],[-0.18448,51.65581],[-0.18383,51.65581],[-0.18382,51.65664],[-0.18321,51.65669],[-0.18321,51.65702],[-0.18371,51.65706],[-0.18387,51.65742],[-0.18105,51.65782],[-0.17877,51.65703],[-0.17969,51.65618]]]}},{"type":"Feature","properties":{"id":"E01000248","name":"E01000248","parent":"E09000003","type":"LSOA","pop":1716,"r":499,"ff":199,"ffd":11596.7,"ffs":0.4938,"g":91,"co":0,"mo":0,"sa":0,"ic":0},"geometry":{"type":"Polygon","coordinates":[[[-0.20421,51.65709],[-0.20352,51.65672],[-0.20264,51.65671],[-0.20302,51.65691],[-0.20313,51.65722],[-0.20255,51.65745],[-0.20183,51.65627],[-0.20174,51.65514],[-0.20188,51.65482],[-0.20482,51.655],[-0.20515,51.65441],[-0.20225,51.65452],[-0.20208,51.65423],[-0.20236,51.65368],[-0.20388,51.65382],[-0.20447,51.65343],[-0.20636,51.65318],[-0.20658,51.65288],[-0.2118,51.65289],[-0.21543,51.65161],[-0.21701,51.65239],[-0.21705,51.65273],[-0.21281,51.65288],[-0.21305,51.65411],[-0.21381,51.65493],[-0.21183,51.65497],[-0.21068,51.65436],[-0.20995,51.65484],[-0.20889,51.65492],[-0.20897,51.6553],[-0.20813,51.65558],[-0.20858,51.65622],[-0.20736,51.65693],[-0.20654,51.65693],[-0.20622,51.65775],[-0.20507,51.65772],[-0.20421,51.65709]]]}},{"type":"Feature","properties":{"id":"E01000249","name":"E01000249","parent":"E09000003","type":"LSOA","pop":1599,"r":455,"ff":185,"ffd":11569.7,"ffs":0.5041,"g":83,"co":0,"mo":0,"sa":0,"ic":0},"geometry":{"type":"Polygon","coordinates":[[[-0.20792,51.66284],[-0.2057,51.65971],[-0.20704,51.66004],[-0.20749,51.65931],[-0.20846,51.6592],[-0.20878,51.65861],[-0.20819,51.65787],[-0.20934,51.65742],[-0.20813,51.65558],[-0.20897,51.6553],[-0.20889,51.65492],[-0.20995,51.65484],[-0.21068,51.65436],[-0.21183,51.65497],[-0.21381,51.65493],[-0.21305,51.65411],[-0.21281,51.65288],[-0.21705,51.65273],[-0.21701,51.65239],[-0.21543,51.65161],[-0.21801,51.64973],[-0.21894,51.65179],[-0.21856,51.65269],[-0.21946,51.65272],[-0.21964,51.65302],[-0.2179,51.65317],[-0.21813,51.65386],[-0.21858,51.65427],[-0.21903,51.65424],[-0.21914,51.65466],[-0.21975,51.65481],[-0.21945,51.65507],[-0.21723,51.65562],[-0.21722,51.65602],[-0.22141,51.65507],[-0.22208,51.65831],[-0.22154,51.65979],[-0.21925,51.6608],[-0.2189,51.66006],[-0.2135,51.66233],[-0.21217,51.66134],[-0.20792,51.66284]]]}},{"type":"Feature","properties":{"id":"E01000250","name":"E01000250","parent":"E09000003","type":"LSOA","pop":2842,"r":386,"ff":147,"ffd":5172.4,"ffs":0.482,"g":77,"co":0,"mo":0,"sa":0,"ic":0},"geometry":{"type":"Polygon","coordinates":[[[-0.20381,51.65908],[-0.20345,51.6586],[-0.20076,51.65859],[-0.20093,51.65829],[-0.20041,51.65843],[-0.1998,51.65817],[-0.19971,51.65874],[-0.19847,51.65861],[-0.19455,51.65704],[-0.19183,51.65544],[-0.19128,51.65539],[-0.19028,51.65581],[-0.1866,51.65574],[-0.18645,51.65546],[-0.18685,51.65532],[-0.18627,51.65474],[-0.18702,51.65451],[-0.18713,51.65383],[-0.1893,51.65395],[-0.19052,51.6545],[-0.19167,51.65435],[-0.1915,51.65349],[-0.19234,51.65284],[-0.19208,51.65251],[-0.1936,51.65202],[-0.1931,51.65197],[-0.19354,51.64945],[-0.19664,51.65102],[-0.19741,51.65174],[-0.20025,51.65299],[-0.20658,51.65288],[-0.20636,51.65318],[-0.20447,51.65343],[-0.20388,51.65382],[-0.20236,51.65368],[-0.20208,51.65423],[-0.20225,51.65452],[-0.20515,51.65441],[-0.20482,51.655],[-0.20188,51.65482],[-0.20174,51.65514],[-0.20183,51.65627],[-0.20255,51.65745],[-0.20313,51.65722],[-0.20302,51.65691],[-0.20459,51.65822],[-0.20381,51.65908]]]}},{"type":"Feature","properties":{"id":"E01000251","name":"E01000251","parent":"E09000003","type":"LSOA","pop":2313,"r":506,"ff":212,"ffd":9165.6,"ffs":0.5036,"g":80,"co":0,"mo":0,"sa":0,"ic":0},"geometry":{"type":"Polygon","coordinates":[[[-0.1766,51.65246],[-0.17628,51.65207],[-0.1745,51.65224],[-0.17359,51.65014],[-0.18339,51.64773],[-0.18459,51.64724],[-0.18465,51.64795],[-0.18277,51.64897],[-0.18328,51.64946],[-0.18273,51.64995],[-0.18209,51.64948],[-0.18122,51.64969],[-0.18155,51.65025],[-0.1821,51.65013],[-0.18308,51.65076],[-0.1817,51.65233],[-0.18061,51.65196],[-0.18058,51.65156],[-0.17953,51.65166],[-0.17929,51.65194],[-0.17882,51.65184],[-0.17807,51.65226],[-0.17801,51.65285],[-0.17838,51.65299],[-0.17743,51.6534],[-0.17594,51.65318],[-0.17591,51.65269],[-0.1766,51.65246]]]}},{"type":"Feature","properties":{"id":"E01000252","name":"E01000252","parent":"E09000003","type":"LSOA","pop":1689,"r":483,"ff":197,"ffd":11663.7,"ffs":0.4925,"g":78,"co":0,"mo":0,"sa":0,"ic":0},"geometry":{"type":"Polygon","coordinates":[[[-0.18379,51.65325],[-0.18377,51.65296],[-0.18269,51.65303],[-0.1817,51.65233],[-0.18308,51.65076],[-0.1821,51.65013],[-0.18155,51.65025],[-0.18122,51.64969],[-0.18209,51.64948],[-0.18273,51.64995],[-0.18328,51.64946],[-0.18277,51.64897],[-0.18465,51.64795],[-0.18459,51.64724],[-0.18697,51.64696],[-0.18918,51.6474],[-0.19069,51.64951],[-0.18936,51.65058],[-0.18874,51.6502],[-0.1876,51.6508],[-0.1881,51.65041],[-0.18722,51.64966],[-0.18657,51.64986],[-0.18615,51.65031],[-0.18682,51.65094],[-0.18634,51.65139],[-0.18553,51.65124],[-0.18479,51.65172],[-0.1852,51.65203],[-0.18483,51.65288],[-0.18618,51.65306],[-0.18507,51.65335],[-0.18379,51.65325]]]}},{"type":"Feature","properties":{"id":"E01000253","name":"E01000253","parent":"E09000003","type":"LSOA","pop":2095,"r":539,"ff":221,"ffd":10548.9,"ffs":0.4922,"g":86,"co":0,"mo":0,"sa":0,"ic":0},"geometry":{"type":"Polygon","coordinates":[[[-0.22806,51.65859],[-0.22646,51.65716],[-0.22604,51.65763],[-0.22154,51.65979],[-0.22208,51.65831],[-0.22141,51.65507],[-0.21722,51.65602],[-0.21723,51.65562],[-0.21945,51.65507],[-0.21975,51.65481],[-0.21914,51.65466],[-0.21903,51.65424],[-0.21858,51.65427],[-0.21813,51.65386],[-0.2179,51.65317],[-0.21964,51.65302],[-0.21946,51.65272],[-0.21856,51.65269],[-0.21894,51.65179],[-0.21801,51.64973],[-0.21975,51.65127],[-0.22145,51.64999],[-0.22101,51.64971],[-0.22165,51.64933],[-0.22507,51.64878],[-0.22451,51.64826],[-0.22507,51.64805],[-0.22577,51.64866],[-0.22768,51.64783],[-0.22825,51.64834],[-0.22892,51.64827],[-0.22872,51.64808],[-0.22921,51.64784],[-0.22769,51.64651],[-0.23201,51.64467],[-0.23161,51.64417],[-0.23351,51.64325],[-0.23383,51.64374],[-0.23712,51.64264],[-0.23988,51.641],[-0.24168,51.64261],[-0.24477,51.64103],[-0.24705,51.64107],[-0.25144,51.64142],[-0.25549,51.64325],[-0.25405,51.64418],[-0.25156,51.64795],[-0.24986,51.65461],[-0.25079,51.65481],[-0.25124,51.65549],[-0.25058,51.65606],[-0.24935,51.65606],[-0.24787,51.65525],[-0.24363,51.65669],[-0.24137,51.6572],[-0.24099,51.65684],[-0.23797,51.65779],[-0.23828,51.65825],[-0.23647,51.65883],[-0.23471,51.659],[-0.23423,51.65825],[-0.22849,51.65997],[-0.22806,51.65859]]]}},{"type":"Feature","properties":{"id":"E01000254","name":"E01000254","parent":"E09000003","type":"LSOA","pop":1607,"r":481,"ff":195,"ffd":12134.4,"ffs":0.5105,"g":93,"co":0,"mo":0,"sa":0,"ic":0},"geometry":{"type":"Polygon","coordinates":[[[-0.19901,51.66821],[-0.19661,51.66815],[-0.19616,51.66853],[-0.19485,51.66831],[-0.19665,51.6655],[-0.19172,51.66451],[-0.19101,51.66395],[-0.18779,51.66788],[-0.1858,51.66851],[-0.18209,51.6686],[-0.18542,51.66354],[-0.18866,51.66249],[-0.19049,51.66241],[-0.1928,51.66145],[-0.19312,51.66101],[-0.1894,51.65963],[-0.1921,51.65854],[-0.19455,51.65704],[-0.19847,51.65861],[-0.19971,51.65874],[-0.1998,51.65817],[-0.20041,51.65843],[-0.20093,51.65829],[-0.20076,51.65859],[-0.20345,51.6586],[-0.20381,51.65908],[-0.20459,51.65822],[-0.20264,51.65671],[-0.20352,51.65672],[-0.20507,51.65772],[-0.20622,51.65775],[-0.20654,51.65693],[-0.20736,51.65693],[-0.20848,51.65627],[-0.20934,51.65742],[-0.20819,51.65787],[-0.20878,51.65861],[-0.20846,51.6592],[-0.20749,51.65931],[-0.20704,51.66004],[-0.2057,51.65971],[-0.20946,51.66498],[-0.21113,51.66695],[-0.20984,51.66756],[-0.20796,51.66659],[-0.20563,51.6686],[-0.20223,51.66781],[-0.20261,51.66931],[-0.20335,51.67013],[-0.19987,51.67017],[-0.19901,51.66821]]]}},{"type":"Feature","properties":{"id":"E01000255","name":"E01000255","parent":"E09000003","type":"LSOA","pop":1939,"r":681,"ff":285,"ffd":14698.3,"ffs":0.4905,"g":97,"co":0,"mo":0,"sa":0,"ic":0},"geometry":{"type":"Polygon","coordinates":[[[-0.22445,51.62441],[-0.22068,51.62355],[-0.21977,51.62394],[-0.21786,51.62328],[-0.21783,51.61947],[-0.21895,51.61873],[-0.22058,51.61855],[-0.22077,51.61723],[-0.22129,51.61727],[-0.22154,51.61616],[-0.21903,51.61534],[-0.2196,51.61442],[-0.2205,51.61473],[-0.22156,51.61218],[-0.21947,51.61233],[-0.22026,51.61067],[-0.22089,51.61069],[-0.22055,51.61025],[-0.22087,51.60981],[-0.22237,51.60918],[-0.22251,51.60868],[-0.22148,51.60811],[-0.22581,51.60677],[-0.22546,51.60862],[-0.22836,51.6082],[-0.2285,51.60852],[-0.22777,51.60885],[-0.2261,51.60897],[-0.2266,51.60955],[-0.2264,51.61051],[-0.2258,51.61085],[-0.22614,51.61121],[-0.22698,51.61115],[-0.22957,51.61046],[-0.22952,51.61025],[-0.23027,51.61007],[-0.23007,51.61038],[-0.23048,51.61065],[-0.2293,51.61096],[-0.23108,51.61306],[-0.23031,51.61364],[-0.23273,51.61461],[-0.23351,51.61567],[-0.23061,51.61639],[-0.23239,51.61724],[-0.23213,51.61831],[-0.2299,51.61855],[-0.22928,51.61779],[-0.22854,51.61832],[-0.22642,51.61785],[-0.22582,51.61932],[-0.22587,51.62242],[-0.22445,51.62441]]]}},{"type":"Feature","properties":{"id":"E01000256","name":"E01000256","parent":"E09000003","type":"LSOA","pop":2010,"r":739,"ff":308,"ffd":15323.4,"ffs":0.4897,"g":107,"co":0,"mo":0,"sa":0,"ic":0},"geometry":{"type":"Polygon","coordinates":[[[-0.23434,51.61005],[-0.23337,51.60995],[-0.23319,51.61041],[-0.23456,51.61072],[-0.23631,51.61176],[-0.23669,51.61293],[-0.23293,51.61248],[-0.23108,51.61306],[-0.2293,51.61096],[-0.23048,51.61065],[-0.23007,51.61038],[-0.23027,51.61007],[-0.22952,51.61025],[-0.22957,51.61046],[-0.22698,51.61115],[-0.22614,51.61121],[-0.2258,51.61085],[-0.2264,51.61051],[-0.2266,51.60955],[-0.2261,51.60897],[-0.22777,51.60885],[-0.2285,51.60852],[-0.22836,51.6082],[-0.23083,51.60795],[-0.23043,51.60714],[-0.23244,51.60694],[-0.23393,51.60726],[-0.23465,51.60705],[-0.23466,51.6074],[-0.23397,51.60759],[-0.23391,51.60805],[-0.23453,51.60793],[-0.23471,51.6082],[-0.23446,51.60879],[-0.23531,51.60928],[-0.23586,51.60885],[-0.23582,51.60819],[-0.23655,51.60798],[-0.23654,51.60759],[-0.23895,51.60752],[-0.23862,51.60692],[-0.239,51.60576],[-0.2381,51.60553],[-0.23841,51.60496],[-0.23962,51.60511],[-0.24072,51.60798],[-0.24293,51.60933],[-0.24303,51.60967],[-0.24429,51.61047],[-0.24145,51.61125],[-0.24176,51.61399],[-0.23989,51.61379],[-0.23954,51.6135],[-0.23994,51.6128],[-0.2371,51.6118],[-0.23641,51.61109],[-0.23434,51.61005]]]}},{"type":"Feature","properties":{"id":"E01000257","name":"E01000257","parent":"E09000003","type":"LSOA","pop":2875,"r":705,"ff":286,"ffd":9947.8,"ffs":0.4799,"g":105,"co":0,"mo":0,"sa":0,"ic":0},"geometry":{"type":"Polygon","coordinates":[[[-0.21018,51.6126],[-0.21007,51.61147],[-0.20898,51.61153],[-0.20889,51.61115],[-0.20527,51.61028],[-0.20463,51.61129],[-0.2008,51.61079],[-0.19763,51.60926],[-0.1983,51.60828],[-0.19893,51.60837],[-0.19978,51.608],[-0.19965,51.60746],[-0.20136,51.60645],[-0.20089,51.60559],[-0.20209,51.60508],[-0.20184,51.60498],[-0.20258,51.60439],[-0.20421,51.60397],[-0.20539,51.60402],[-0.20717,51.60489],[-0.20624,51.60579],[-0.20693,51.60654],[-0.20787,51.60618],[-0.20765,51.60524],[-0.20804,51.60501],[-0.20829,51.60542],[-0.2102,51.60548],[-0.21025,51.60713],[-0.21093,51.60719],[-0.21168,51.60753],[-0.21124,51.60808],[-0.21261,51.60841],[-0.21479,51.60847],[-0.21453,51.60878],[-0.21635,51.60881],[-0.21647,51.6103],[-0.21548,51.61161],[-0.21417,51.61179],[-0.21441,51.61218],[-0.21288,51.61219],[-0.21226,51.61287],[-0.21103,51.61321],[-0.21018,51.6126]]]}},{"type":"Feature","properties":{"id":"E01000258","name":"E01000258","parent":"E09000003","type":"LSOA","pop":1872,"r":741,"ff":299,"ffd":15972.2,"ffs":0.4746,"g":108,"co":0,"mo":0,"sa":0,"ic":0},"geometry":{"type":"Polygon","coordinates":[[[-0.23905,51.61936],[-0.2392,51.61893],[-0.24202,51.61911],[-0.2428,51.61854],[-0.23978,51.61811],[-0.23982,51.61741],[-0.2375,51.61717],[-0.23766,51.61757],[-0.23695,51.61747],[-0.23693,51.61711],[-0.23642,51.61706],[-0.23623,51.6179],[-0.2341,51.61773],[-0.23393,51.6187],[-0.23436,51.61875],[-0.23432,51.61914],[-0.23367,51.61945],[-0.23255,51.61958],[-0.23213,51.61831],[-0.23239,51.61724],[-0.23061,51.61639],[-0.23351,51.61567],[-0.23273,51.61461],[-0.23031,51.61364],[-0.23108,51.61306],[-0.23293,51.61248],[-0.23669,51.61293],[-0.23631,51.61176],[-0.23456,51.61072],[-0.23319,51.61041],[-0.23337,51.60995],[-0.23434,51.61005],[-0.23641,51.61109],[-0.2371,51.6118],[-0.23994,51.6128],[-0.23954,51.6135],[-0.23989,51.61379],[-0.24176,51.61399],[-0.24145,51.61125],[-0.24429,51.61047],[-0.24303,51.60967],[-0.24293,51.60933],[-0.24513,51.60965],[-0.2442,51.60871],[-0.24466,51.60833],[-0.24885,51.61275],[-0.24846,51.61277],[-0.24833,51.61389],[-0.24684,51.61441],[-0.24639,51.614],[-0.24555,51.61487],[-0.24592,51.61512],[-0.24507,51.61541],[-0.24215,51.61499],[-0.24285,51.61601],[-0.2425,51.6168],[-0.24476,51.61714],[-0.24509,51.61755],[-0.24459,51.61923],[-0.24374,51.62049],[-0.24175,51.62169],[-0.2403,51.62247],[-0.23974,51.62152],[-0.2399,51.62009],[-0.23905,51.61936]]]}},{"type":"Feature","properties":{"id":"E01000259","name":"E01000259","parent":"E09000003","type":"LSOA","pop":2543,"r":736,"ff":294,"ffd":11561.1,"ffs":0.475,"g":113,"co":0,"mo":0,"sa":0,"ic":0},"geometry":{"type":"Polygon","coordinates":[[[-0.21824,51.61117],[-0.22007,51.60898],[-0.21782,51.60946],[-0.21731,51.6087],[-0.21639,51.609],[-0.21635,51.60881],[-0.21453,51.60878],[-0.21479,51.60847],[-0.21261,51.60841],[-0.21124,51.60808],[-0.21168,51.60753],[-0.21093,51.60719],[-0.21025,51.60713],[-0.2102,51.60548],[-0.20829,51.60542],[-0.20804,51.60501],[-0.20765,51.60524],[-0.20787,51.60618],[-0.20693,51.60654],[-0.20624,51.60579],[-0.20717,51.60489],[-0.20762,51.60499],[-0.20764,51.6044],[-0.20843,51.60442],[-0.20859,51.60296],[-0.20947,51.60204],[-0.20898,51.60163],[-0.20929,51.60105],[-0.21014,51.60125],[-0.21056,51.60068],[-0.21088,51.60077],[-0.21086,51.60017],[-0.2123,51.59865],[-0.21478,51.59748],[-0.21616,51.5979],[-0.21782,51.59798],[-0.21837,51.59884],[-0.22063,51.59803],[-0.22532,51.59935],[-0.22459,51.60044],[-0.22684,51.60413],[-0.2289,51.60376],[-0.22726,51.60515],[-0.22765,51.60628],[-0.22148,51.60811],[-0.22251,51.60868],[-0.22146,51.60925],[-0.22057,51.60935],[-0.21861,51.61221],[-0.2172,51.61252],[-0.21824,51.61117]]]}},{"type":"Feature","properties":{"id":"E01000260","name":"E01000260","parent":"E09000003","type":"LSOA","pop":2202,"r":764,"ff":309,"ffd":14032.7,"ffs":0.4821,"g":120,"co":0,"mo":0,"sa":0,"ic":0},"geometry":{"type":"Polygon","coordinates":[[[-0.23962,51.60511],[-0.23841,51.60496],[-0.2381,51.60553],[-0.239,51.60576],[-0.23862,51.60692],[-0.23895,51.60752],[-0.23654,51.60759],[-0.23655,51.60798],[-0.23582,51.60819],[-0.23586,51.60885],[-0.23531,51.60928],[-0.23446,51.60879],[-0.23471,51.6082],[-0.23453,51.60793],[-0.23391,51.60805],[-0.23397,51.60759],[-0.23466,51.6074],[-0.23465,51.60705],[-0.23393,51.60726],[-0.23244,51.60694],[-0.23043,51.60714],[-0.23083,51.60795],[-0.22546,51.60862],[-0.22581,51.60677],[-0.22765,51.60628],[-0.22726,51.60515],[-0.2289,51.60376],[-0.22684,51.60413],[-0.22459,51.60044],[-0.22561,51.59894],[-0.23365,51.60112],[-0.23553,51.60149],[-0.23846,51.60172],[-0.24466,51.60833],[-0.2442,51.60871],[-0.24513,51.60965],[-0.24293,51.60933],[-0.24072,51.60798],[-0.23962,51.60511]]]}},{"type":"Feature","properties":{"id":"E01000261","name":"E01000261","parent":"E09000003","type":"LSOA","pop":1824,"r":666,"ff":279,"ffd":15296.1,"ffs":0.4869,"g":90,"co":0,"mo":0,"sa":0,"ic":0},"geometry":{"type":"Polygon","coordinates":[[[-0.22445,51.62441],[-0.22587,51.62242],[-0.22582,51.61932],[-0.22642,51.61785],[-0.22854,51.61832],[-0.22928,51.61779],[-0.2299,51.61855],[-0.23213,51.61831],[-0.23255,51.61958],[-0.23367,51.61945],[-0.23432,51.61914],[-0.23436,51.61875],[-0.23393,51.6187],[-0.2341,51.61773],[-0.23623,51.6179],[-0.23642,51.61706],[-0.23693,51.61711],[-0.23695,51.61747],[-0.23766,51.61757],[-0.2375,51.61717],[-0.23982,51.61741],[-0.23978,51.61811],[-0.2428,51.61854],[-0.24202,51.61911],[-0.2392,51.61893],[-0.23905,51.61936],[-0.2399,51.62009],[-0.23974,51.62152],[-0.2403,51.62247],[-0.24175,51.62169],[-0.24498,51.62361],[-0.24492,51.6242],[-0.24529,51.62453],[-0.24625,51.62451],[-0.2465,51.62498],[-0.24434,51.62514],[-0.24243,51.62608],[-0.23996,51.62881],[-0.23601,51.63041],[-0.23306,51.63047],[-0.23291,51.62862],[-0.23355,51.62691],[-0.23331,51.62589],[-0.23103,51.62526],[-0.22445,51.62441]]]}},{"type":"Feature","properties":{"id":"E01000263","name":"E01000263","parent":"E09000003","type":"LSOA","pop":1511,"r":710,"ff":283,"ffd":18729.3,"ffs":0.4717,"g":107,"co":0,"mo":0,"sa":0,"ic":0},"geometry":{"type":"Polygon","coordinates":[[[-0.2465,51.62498],[-0.24625,51.62451],[-0.24529,51.62453],[-0.24492,51.6242],[-0.24498,51.62361],[-0.24175,51.62169],[-0.24374,51.62049],[-0.24459,51.61923],[-0.24509,51.61755],[-0.24474,51.61684],[-0.24557,51.61708],[-0.24588,51.61641],[-0.24668,51.61673],[-0.24841,51.61667],[-0.2501,51.61607],[-0.25144,51.61734],[-0.25085,51.61754],[-0.25114,51.61794],[-0.24985,51.61914],[-0.24836,51.61841],[-0.24802,51.61889],[-0.25066,51.62083],[-0.25175,51.62134],[-0.25172,51.62238],[-0.2513,51.62231],[-0.24935,51.6245],[-0.2465,51.62498]]]}},{"type":"Feature","properties":{"id":"E01000264","name":"E01000264","parent":"E09000003","type":"LSOA","pop":1914,"r":683,"ff":274,"ffd":14315.6,"ffs":0.4732,"g":101,"co":0,"mo":0,"sa":0,"ic":0},"geometry":{"type":"Polygon","coordinates":[[[-0.24935,51.6245],[-0.2513,51.62231],[-0.25172,51.62238],[-0.25175,51.62134],[-0.25066,51.62083],[-0.24802,51.61889],[-0.24836,51.61841],[-0.24985,51.61914],[-0.25114,51.61794],[-0.25085,51.61754],[-0.25144,51.61734],[-0.2501,51.61607],[-0.24841,51.61667],[-0.24668,51.61673],[-0.24588,51.61641],[-0.24557,51.61708],[-0.24474,51.61684],[-0.24476,51.61714],[-0.2425,51.6168],[-0.24285,51.61601],[-0.24215,51.61499],[-0.24507,51.61541],[-0.24592,51.61512],[-0.24555,51.61487],[-0.24639,51.614],[-0.24684,51.61441],[-0.24833,51.61389],[-0.24846,51.61277],[-0.24885,51.61275],[-0.25624,51.62037],[-0.25525,51.62125],[-0.25447,51.62233],[-0.25207,51.62363],[-0.25124,51.62455],[-0.24935,51.6245]]]}},{"type":"Feature","properties":{"id":"E01000265","name":"E01000265","parent":"E09000003","type":"LSOA","pop":1987,"r":600,"ff":253,"ffd":12732.8,"ffs":0.4961,"g":86,"co":0,"mo":0,"sa":0,"ic":0},"geometry":{"type":"Polygon","coordinates":[[[-0.16083,51.62688],[-0.15992,51.62567],[-0.15965,51.62583],[-0.15814,51.62533],[-0.15762,51.62557],[-0.15708,51.62542],[-0.15705,51.62496],[-0.15555,51.62573],[-0.15479,51.62499],[-0.15546,51.6247],[-0.155,51.62454],[-0.15386,51.62505],[-0.1516,51.62277],[-0.15353,51.62335],[-0.15526,51.62189],[-0.1578,51.62198],[-0.15844,51.62207],[-0.15808,51.62203],[-0.15862,51.62312],[-0.16021,51.62333],[-0.16087,51.62323],[-0.16155,51.62441],[-0.16161,51.62418],[-0.16228,51.62438],[-0.16356,51.62598],[-0.16328,51.62634],[-0.16297,51.62609],[-0.16191,51.62648],[-0.16148,51.62617],[-0.16115,51.6263],[-0.16137,51.62667],[-0.16083,51.62688]]]}},{"type":"Feature","properties":{"id":"E01000266","name":"E01000266","parent":"E09000003","type":"LSOA","pop":1484,"r":571,"ff":239,"ffd":16105.1,"ffs":0.4959,"g":85,"co":0,"mo":0,"sa":0,"ic":0},"geometry":{"type":"Polygon","coordinates":[[[-0.16641,51.62757],[-0.16698,51.6264],[-0.1664,51.62626],[-0.16436,51.62682],[-0.16405,51.62644],[-0.16276,51.62674],[-0.16356,51.62598],[-0.16228,51.62438],[-0.16161,51.62418],[-0.16155,51.62441],[-0.16087,51.62323],[-0.16021,51.62333],[-0.15862,51.62312],[-0.15808,51.62203],[-0.1591,51.62203],[-0.15896,51.6209],[-0.16076,51.61988],[-0.16286,51.62076],[-0.16367,51.61968],[-0.16508,51.61914],[-0.16727,51.61892],[-0.16766,51.61966],[-0.17162,51.62046],[-0.17081,51.62131],[-0.17116,51.62132],[-0.17119,51.62186],[-0.17475,51.62146],[-0.17417,51.62304],[-0.17371,51.62306],[-0.17378,51.62379],[-0.17465,51.62386],[-0.17443,51.62478],[-0.17394,51.62538],[-0.1714,51.62483],[-0.17096,51.62553],[-0.16898,51.62494],[-0.16876,51.62552],[-0.16803,51.62553],[-0.16773,51.62618],[-0.16811,51.62653],[-0.16893,51.62652],[-0.16937,51.6288],[-0.16749,51.62851],[-0.16697,51.62767],[-0.16641,51.62757]]]}},{"type":"Feature","properties":{"id":"E01000267","name":"E01000267","parent":"E09000003","type":"LSOA","pop":1549,"r":520,"ff":223,"ffd":14396.4,"ffs":0.508,"g":77,"co":0,"mo":2,"sa":0,"ic":0},"geometry":{"type":"Polygon","coordinates":[[[-0.16996,51.6431],[-0.16874,51.64085],[-0.16692,51.63844],[-0.16777,51.63814],[-0.16835,51.6384],[-0.16889,51.63796],[-0.1692,51.6387],[-0.17076,51.63864],[-0.17111,51.63911],[-0.16952,51.63975],[-0.16993,51.6403],[-0.17003,51.64013],[-0.17173,51.63949],[-0.1744,51.63921],[-0.17707,51.63963],[-0.17638,51.64016],[-0.17673,51.64146],[-0.1775,51.64163],[-0.1771,51.64196],[-0.17745,51.64276],[-0.17658,51.64309],[-0.17642,51.64349],[-0.17599,51.64352],[-0.17612,51.64395],[-0.17316,51.64384],[-0.1731,51.64353],[-0.17382,51.64356],[-0.17385,51.64319],[-0.17281,51.64305],[-0.17262,51.64348],[-0.1716,51.6435],[-0.1705,51.64415],[-0.16996,51.6431]]]}},{"type":"Feature","properties":{"id":"E01000268","name":"E01000268","parent":"E09000003","type":"LSOA","pop":2276,"r":529,"ff":218,"ffd":9578.2,"ffs":0.4977,"g":86,"co":0,"mo":2,"sa":0,"ic":0},"geometry":{"type":"Polygon","coordinates":[[[-0.17359,51.65014],[-0.17288,51.64875],[-0.17437,51.64882],[-0.17434,51.64805],[-0.17526,51.64772],[-0.17721,51.64798],[-0.17737,51.64746],[-0.17648,51.64739],[-0.17664,51.64694],[-0.1779,51.64622],[-0.17716,51.64577],[-0.17785,51.64573],[-0.17811,51.64541],[-0.17685,51.64515],[-0.17697,51.64482],[-0.17759,51.64505],[-0.17785,51.64478],[-0.17826,51.64516],[-0.17934,51.64401],[-0.17925,51.6445],[-0.18123,51.64533],[-0.18099,51.64562],[-0.1815,51.64601],[-0.18024,51.64624],[-0.18031,51.64678],[-0.1812,51.64682],[-0.18143,51.64711],[-0.18586,51.64641],[-0.18552,51.64585],[-0.18694,51.64474],[-0.18665,51.64427],[-0.18722,51.64409],[-0.18998,51.64768],[-0.18697,51.64696],[-0.18459,51.64724],[-0.18339,51.64773],[-0.17359,51.65014]]]}},{"type":"Feature","properties":{"id":"E01000269","name":"E01000269","parent":"E09000003","type":"LSOA","pop":1354,"r":525,"ff":216,"ffd":15952.7,"ffs":0.4977,"g":86,"co":0,"mo":2,"sa":0,"ic":0},"geometry":{"type":"Polygon","coordinates":[[[-0.18237,51.64014],[-0.18337,51.63905],[-0.18722,51.64409],[-0.18665,51.64427],[-0.18694,51.64474],[-0.18552,51.64585],[-0.18586,51.64641],[-0.18143,51.64711],[-0.1812,51.64682],[-0.18031,51.64678],[-0.18024,51.64624],[-0.1815,51.64601],[-0.18099,51.64562],[-0.18123,51.64533],[-0.17973,51.6447],[-0.18053,51.64266],[-0.18164,51.64205],[-0.18058,51.64077],[-0.18237,51.64014]]]}},{"type":"Feature","properties":{"id":"E01000270","name":"E01000270","parent":"E09000003","type":"LSOA","pop":1576,"r":529,"ff":223,"ffd":14149.7,"ffs":0.5057,"g":83,"co":0,"mo":2,"sa":0,"ic":0},"geometry":{"type":"Polygon","coordinates":[[[-0.17262,51.64826],[-0.1705,51.64415],[-0.1716,51.6435],[-0.17262,51.64348],[-0.17281,51.64305],[-0.17385,51.64319],[-0.17382,51.64356],[-0.1731,51.64353],[-0.17316,51.64384],[-0.17612,51.64395],[-0.17599,51.64352],[-0.17859,51.64334],[-0.17892,51.64269],[-0.18007,51.64237],[-0.18092,51.64136],[-0.18164,51.64205],[-0.18053,51.64266],[-0.17973,51.6447],[-0.17925,51.6445],[-0.17934,51.64401],[-0.17826,51.64516],[-0.17785,51.64478],[-0.17759,51.64505],[-0.17697,51.64482],[-0.17685,51.64515],[-0.17811,51.64541],[-0.17785,51.64573],[-0.17716,51.64577],[-0.1779,51.64622],[-0.17664,51.64694],[-0.17648,51.64739],[-0.17737,51.64746],[-0.17721,51.64798],[-0.17526,51.64772],[-0.17434,51.64805],[-0.17437,51.64882],[-0.17288,51.64875],[-0.17262,51.64826]]]}},{"type":"Feature","properties":{"id":"E01000271","name":"E01000271","parent":"E09000003","type":"LSOA","pop":1607,"r":550,"ff":227,"ffd":14125.7,"ffs":0.4935,"g":85,"co":0,"mo":2,"sa":0,"ic":0},"geometry":{"type":"Polygon","coordinates":[[[-0.17707,51.63963],[-0.1744,51.63921],[-0.17173,51.63949],[-0.17003,51.64013],[-0.16993,51.6403],[-0.16952,51.63975],[-0.17111,51.63911],[-0.17076,51.63864],[-0.17096,51.6381],[-0.17317,51.63649],[-0.17329,51.63663],[-0.17378,51.63641],[-0.17406,51.63547],[-0.17528,51.63477],[-0.17615,51.63463],[-0.17792,51.63692],[-0.17929,51.63833],[-0.18295,51.63851],[-0.18337,51.63905],[-0.18237,51.64014],[-0.18058,51.64077],[-0.18092,51.64136],[-0.18007,51.64237],[-0.17892,51.64269],[-0.17859,51.64334],[-0.17642,51.64349],[-0.17658,51.64309],[-0.17745,51.64276],[-0.1771,51.64196],[-0.1775,51.64163],[-0.17673,51.64146],[-0.17638,51.64016],[-0.17707,51.63963]]]}},{"type":"Feature","properties":{"id":"E01000272","name":"E01000272","parent":"E09000003","type":"LSOA","pop":1465,"r":539,"ff":225,"ffd":15358.4,"ffs":0.4956,"g":81,"co":0,"mo":2,"sa":0,"ic":0},"geometry":{"type":"Polygon","coordinates":[[[-0.1692,51.6387],[-0.16889,51.63796],[-0.16835,51.6384],[-0.16777,51.63814],[-0.16692,51.63844],[-0.1603,51.63159],[-0.16025,51.63076],[-0.16269,51.63005],[-0.16286,51.62958],[-0.16326,51.62927],[-0.16443,51.63005],[-0.16594,51.62933],[-0.16726,51.62958],[-0.16689,51.63059],[-0.16792,51.63078],[-0.16855,51.63043],[-0.1708,51.63066],[-0.16804,51.63141],[-0.16669,51.63277],[-0.16746,51.63442],[-0.16726,51.635],[-0.16818,51.6354],[-0.16816,51.63465],[-0.16747,51.63443],[-0.16911,51.63386],[-0.16958,51.6344],[-0.17049,51.6343],[-0.17065,51.63474],[-0.17141,51.63453],[-0.17178,51.63495],[-0.17492,51.63418],[-0.17528,51.63477],[-0.17406,51.63547],[-0.17378,51.63641],[-0.17329,51.63663],[-0.17317,51.63649],[-0.17096,51.6381],[-0.17076,51.63864],[-0.1692,51.6387]]]}},{"type":"Feature","properties":{"id":"E01000273","name":"E01000273","parent":"E09000003","type":"LSOA","pop":1719,"r":556,"ff":233,"ffd":13554.4,"ffs":0.4968,"g":83,"co":0,"mo":2,"sa":0,"ic":0},"geometry":{"type":"Polygon","coordinates":[[[-0.16746,51.63442],[-0.16669,51.63277],[-0.16804,51.63141],[-0.1708,51.63066],[-0.16855,51.63043],[-0.16792,51.63078],[-0.16689,51.63059],[-0.16726,51.62958],[-0.16594,51.62933],[-0.16443,51.63005],[-0.16326,51.62927],[-0.16403,51.62899],[-0.16251,51.62894],[-0.16372,51.62803],[-0.16515,51.62829],[-0.16601,51.62885],[-0.16619,51.62849],[-0.16937,51.6288],[-0.16885,51.62978],[-0.17168,51.63043],[-0.17473,51.6298],[-0.17615,51.63463],[-0.17528,51.63477],[-0.17492,51.63418],[-0.17178,51.63495],[-0.17141,51.63453],[-0.17065,51.63474],[-0.17049,51.6343],[-0.16958,51.6344],[-0.16911,51.63386],[-0.16747,51.63443],[-0.16816,51.63465],[-0.16818,51.6354],[-0.16726,51.635],[-0.16746,51.63442]]]}},{"type":"Feature","properties":{"id":"E01000274","name":"E01000274","parent":"E09000003","type":"LSOA","pop":1987,"r":587,"ff":250,"ffd":12581.8,"ffs":0.502,"g":85,"co":0,"mo":0,"sa":0,"ic":0},"geometry":{"type":"Polygon","coordinates":[[[-0.15907,51.62907],[-0.15725,51.62714],[-0.1561,51.62736],[-0.15386,51.62505],[-0.155,51.62454],[-0.15546,51.6247],[-0.15479,51.62499],[-0.15555,51.62573],[-0.15705,51.62496],[-0.15708,51.62542],[-0.15762,51.62557],[-0.15814,51.62533],[-0.15965,51.62583],[-0.15992,51.62567],[-0.16083,51.62688],[-0.16137,51.62667],[-0.16115,51.6263],[-0.16148,51.62617],[-0.16191,51.62648],[-0.16297,51.62609],[-0.16328,51.62634],[-0.16276,51.62674],[-0.16405,51.62644],[-0.16436,51.62682],[-0.1664,51.62626],[-0.16698,51.6264],[-0.16641,51.62757],[-0.16697,51.62767],[-0.16749,51.62851],[-0.16619,51.62849],[-0.16601,51.62885],[-0.16515,51.62829],[-0.16372,51.62803],[-0.16251,51.62894],[-0.16403,51.62899],[-0.16286,51.62958],[-0.16269,51.63005],[-0.16025,51.63076],[-0.1603,51.63159],[-0.15964,51.63137],[-0.15834,51.62939],[-0.15907,51.62907]]]}},{"type":"Feature","properties":{"id":"E01000275","name":"E01000275","parent":"E09000003","type":"LSOA","pop":1696,"r":612,"ff":250,"ffd":14740.6,"ffs":0.4826,"g":91,"co":0,"mo":2,"sa":0,"ic":0},"geometry":{"type":"Polygon","coordinates":[[[-0.17896,51.62417],[-0.18003,51.62384],[-0.18085,51.62395],[-0.18144,51.623],[-0.18327,51.62322],[-0.18453,51.62204],[-0.18366,51.62162],[-0.18331,51.62175],[-0.18303,51.62089],[-0.18314,51.62065],[-0.18227,51.62037],[-0.18376,51.62032],[-0.18406,51.62069],[-0.18555,51.61781],[-0.18647,51.61837],[-0.18698,51.61807],[-0.18744,51.61669],[-0.1864,51.6167],[-0.18666,51.61605],[-0.18893,51.6161],[-0.18871,51.61633],[-0.18939,51.61709],[-0.1886,51.61765],[-0.18845,51.61851],[-0.18931,51.61799],[-0.19099,51.618],[-0.19307,51.61919],[-0.19236,51.62036],[-0.19052,51.62169],[-0.18866,51.62122],[-0.18956,51.62064],[-0.18784,51.62022],[-0.18776,51.62128],[-0.187,51.62228],[-0.18595,51.62291],[-0.18535,51.62376],[-0.1835,51.62464],[-0.1828,51.62559],[-0.18024,51.62507],[-0.18037,51.62467],[-0.17881,51.62444],[-0.17896,51.62417]]]}},{"type":"Feature","properties":{"id":"E01000276","name":"E01000276","parent":"E09000003","type":"LSOA","pop":1466,"r":655,"ff":268,"ffd":18281.0,"ffs":0.4794,"g":92,"co":0,"mo":2,"sa":0,"ic":0},"geometry":{"type":"Polygon","coordinates":[[[-0.19191,51.62201],[-0.19169,51.62158],[-0.1909,51.62202],[-0.19034,51.62191],[-0.19236,51.62036],[-0.19307,51.61919],[-0.19099,51.618],[-0.18931,51.61799],[-0.18845,51.61851],[-0.1886,51.61765],[-0.18939,51.61709],[-0.18871,51.61633],[-0.18922,51.6154],[-0.19033,51.61547],[-0.1906,51.61705],[-0.19116,51.61676],[-0.19072,51.61549],[-0.19119,51.61525],[-0.19197,51.61545],[-0.19178,51.6158],[-0.19323,51.61628],[-0.19478,51.61648],[-0.19489,51.61601],[-0.19412,51.6159],[-0.19423,51.61556],[-0.1949,51.61558],[-0.19535,51.61446],[-0.19625,51.6145],[-0.19616,51.61572],[-0.19717,51.61672],[-0.19681,51.61733],[-0.19808,51.61779],[-0.19757,51.61839],[-0.19829,51.61856],[-0.19816,51.61912],[-0.1971,51.61978],[-0.19723,51.62007],[-0.19782,51.6201],[-0.19798,51.62077],[-0.19857,51.62072],[-0.19818,51.62172],[-0.19907,51.62204],[-0.19897,51.62268],[-0.19957,51.6233],[-0.20105,51.62393],[-0.20186,51.62471],[-0.20276,51.62484],[-0.20092,51.62537],[-0.19617,51.62533],[-0.19378,51.62568],[-0.19481,51.62373],[-0.1934,51.62358],[-0.19191,51.62201]]]}},{"type":"Feature","properties":{"id":"E01000277","name":"E01000277","parent":"E09000003","type":"LSOA","pop":1756,"r":613,"ff":255,"ffd":14521.6,"ffs":0.4894,"g":89,"co":0,"mo":2,"sa":0,"ic":0},"geometry":{"type":"Polygon","coordinates":[[[-0.18096,51.62128],[-0.18144,51.62059],[-0.1812,51.61998],[-0.1807,51.6199],[-0.18086,51.61954],[-0.18034,51.61935],[-0.17949,51.61952],[-0.17967,51.61864],[-0.18026,51.61871],[-0.18047,51.61806],[-0.17989,51.61788],[-0.18016,51.61664],[-0.18122,51.6167],[-0.18187,51.61619],[-0.18426,51.61626],[-0.18666,51.61605],[-0.1864,51.6167],[-0.18744,51.61669],[-0.18698,51.61807],[-0.18647,51.61837],[-0.18555,51.61781],[-0.18406,51.62069],[-0.18376,51.62032],[-0.18227,51.62037],[-0.18314,51.62065],[-0.18303,51.62089],[-0.18225,51.62083],[-0.18201,51.62125],[-0.18096,51.62128]]]}},{"type":"Feature","properties":{"id":"E01000278","name":"E01000278","parent":"E09000003","type":"LSOA","pop":1484,"r":633,"ff":259,"ffd":17452.8,"ffs":0.4779,"g":88,"co":0,"mo":2,"sa":0,"ic":0},"geometry":{"type":"Polygon","coordinates":[[[-0.19625,51.6145],[-0.19535,51.61446],[-0.1949,51.61558],[-0.19423,51.61556],[-0.19412,51.6159],[-0.19489,51.61601],[-0.19478,51.61648],[-0.19323,51.61628],[-0.19178,51.6158],[-0.19197,51.61545],[-0.19119,51.61525],[-0.19072,51.61549],[-0.19116,51.61676],[-0.1906,51.61705],[-0.19033,51.61547],[-0.18922,51.6154],[-0.19091,51.61256],[-0.19144,51.61268],[-0.19155,51.61235],[-0.19224,51.61191],[-0.19314,51.61186],[-0.19316,51.61156],[-0.19367,51.6116],[-0.19364,51.61103],[-0.19428,51.61063],[-0.19525,51.61074],[-0.19766,51.61196],[-0.19568,51.61333],[-0.19716,51.61373],[-0.19957,51.61389],[-0.19808,51.61779],[-0.19681,51.61733],[-0.19717,51.61672],[-0.19616,51.61572],[-0.19625,51.6145]]]}},{"type":"Feature","properties":{"id":"E01000279","name":"E01000279","parent":"E09000003","type":"LSOA","pop":1364,"r":600,"ff":246,"ffd":18035.2,"ffs":0.4833,"g":87,"co":0,"mo":0,"sa":0,"ic":0},"geometry":{"type":"Polygon","coordinates":[[[-0.19342,51.64182],[-0.19301,51.64157],[-0.19227,51.64175],[-0.19197,51.64133],[-0.19024,51.64116],[-0.18982,51.64088],[-0.18956,51.63857],[-0.1908,51.63672],[-0.19498,51.63541],[-0.19745,51.63407],[-0.19278,51.63197],[-0.1922,51.63143],[-0.1918,51.6306],[-0.19215,51.6305],[-0.19136,51.62972],[-0.19305,51.62976],[-0.19351,51.62914],[-0.1944,51.62917],[-0.19454,51.6289],[-0.19332,51.62847],[-0.19337,51.62748],[-0.192,51.62807],[-0.19074,51.62787],[-0.19037,51.62844],[-0.18823,51.62826],[-0.19043,51.62568],[-0.19077,51.62624],[-0.19205,51.62616],[-0.19345,51.62663],[-0.19417,51.62571],[-0.19617,51.62533],[-0.20092,51.62537],[-0.20276,51.62484],[-0.2036,51.62523],[-0.20493,51.62488],[-0.2065,51.62546],[-0.20873,51.62469],[-0.20937,51.62489],[-0.21244,51.62446],[-0.2146,51.62326],[-0.21651,51.62301],[-0.21977,51.62394],[-0.22068,51.62355],[-0.22445,51.62441],[-0.23103,51.62526],[-0.23331,51.62589],[-0.23355,51.62691],[-0.23291,51.62862],[-0.23306,51.63047],[-0.23601,51.63041],[-0.23592,51.63276],[-0.23743,51.63744],[-0.23428,51.63694],[-0.23075,51.63716],[-0.22797,51.63688],[-0.22565,51.63762],[-0.22512,51.63734],[-0.22321,51.63791],[-0.22243,51.63767],[-0.22104,51.63875],[-0.22054,51.63874],[-0.22017,51.63934],[-0.21945,51.63937],[-0.2187,51.64037],[-0.21753,51.64023],[-0.21514,51.64129],[-0.21263,51.6411],[-0.21226,51.64081],[-0.21085,51.64083],[-0.20745,51.64188],[-0.20559,51.64114],[-0.20448,51.64135],[-0.20389,51.64106],[-0.20348,51.64145],[-0.20286,51.64111],[-0.20251,51.64136],[-0.20139,51.64133],[-0.19907,51.64201],[-0.19875,51.64237],[-0.19526,51.64188],[-0.19342,51.64182]]]}},{"type":"Feature","properties":{"id":"E01000280","name":"E01000280","parent":"E09000003","type":"LSOA","pop":1333,"r":584,"ff":240,"ffd":18004.5,"ffs":0.4888,"g":89,"co":0,"mo":0,"sa":0,"ic":0},"geometry":{"type":"Polygon","coordinates":[[[-0.18924,51.64019],[-0.18744,51.63943],[-0.18693,51.63974],[-0.18406,51.63995],[-0.18016,51.63492],[-0.17914,51.63239],[-0.17911,51.63139],[-0.17962,51.63154],[-0.18038,51.63104],[-0.18047,51.63024],[-0.18166,51.6305],[-0.18198,51.63007],[-0.18206,51.62916],[-0.18142,51.62898],[-0.18188,51.62857],[-0.18395,51.62886],[-0.18409,51.62937],[-0.1874,51.62926],[-0.18756,51.6287],[-0.18819,51.62868],[-0.18823,51.62826],[-0.19037,51.62844],[-0.19074,51.62787],[-0.192,51.62807],[-0.19337,51.62748],[-0.19332,51.62847],[-0.19454,51.6289],[-0.1944,51.62917],[-0.19351,51.62914],[-0.19305,51.62976],[-0.19136,51.62972],[-0.19215,51.6305],[-0.1918,51.6306],[-0.1922,51.63143],[-0.19278,51.63197],[-0.19745,51.63407],[-0.19498,51.63541],[-0.1908,51.63672],[-0.18956,51.63857],[-0.18982,51.64088],[-0.18924,51.64019]]]}},{"type":"Feature","properties":{"id":"E01000281","name":"E01000281","parent":"E09000003","type":"LSOA","pop":2371,"r":556,"ff":231,"ffd":9742.7,"ffs":0.4904,"g":81,"co":0,"mo":0,"sa":0,"ic":0},"geometry":{"type":"Polygon","coordinates":[[[-0.17506,51.63073],[-0.17473,51.6298],[-0.17168,51.63043],[-0.16885,51.62978],[-0.16937,51.6288],[-0.16893,51.62652],[-0.16811,51.62653],[-0.16773,51.62618],[-0.16803,51.62553],[-0.16876,51.62552],[-0.16898,51.62494],[-0.17258,51.62594],[-0.17413,51.62692],[-0.17525,51.62682],[-0.17484,51.62763],[-0.17627,51.62758],[-0.17625,51.62711],[-0.17752,51.62777],[-0.17659,51.62967],[-0.17732,51.62977],[-0.17606,51.63047],[-0.17615,51.63264],[-0.17712,51.63328],[-0.17592,51.63379],[-0.17506,51.63073]]]}},{"type":"Feature","properties":{"id":"E01000282","name":"E01000282","parent":"E09000003","type":"LSOA","pop":1826,"r":556,"ff":228,"ffd":12486.3,"ffs":0.4903,"g":87,"co":0,"mo":0,"sa":0,"ic":0},"geometry":{"type":"Polygon","coordinates":[[[-0.17615,51.63264],[-0.17606,51.63047],[-0.17732,51.62977],[-0.17659,51.62967],[-0.17752,51.62777],[-0.17625,51.62711],[-0.17729,51.62658],[-0.17771,51.627],[-0.17875,51.62715],[-0.17911,51.62689],[-0.17873,51.62681],[-0.17913,51.62657],[-0.17884,51.62606],[-0.17946,51.62625],[-0.18024,51.62507],[-0.1828,51.62559],[-0.1835,51.62464],[-0.18535,51.62376],[-0.18738,51.62424],[-0.18567,51.6263],[-0.18701,51.62669],[-0.18736,51.62629],[-0.18801,51.62648],[-0.18653,51.62833],[-0.18429,51.62833],[-0.18509,51.627],[-0.18445,51.62675],[-0.18331,51.62875],[-0.18188,51.62857],[-0.18142,51.62898],[-0.18206,51.62916],[-0.18198,51.63007],[-0.18166,51.6305],[-0.18047,51.63024],[-0.18038,51.63104],[-0.17962,51.63154],[-0.17911,51.63139],[-0.17914,51.63239],[-0.18016,51.63492],[-0.18295,51.63851],[-0.17929,51.63833],[-0.17792,51.63692],[-0.17615,51.63463],[-0.17592,51.63379],[-0.17712,51.63328],[-0.17615,51.63264]]]}},{"type":"Feature","properties":{"id":"E01000283","name":"E01000283","parent":"E09000003","type":"LSOA","pop":1391,"r":604,"ff":248,"ffd":17828.9,"ffs":0.4863,"g":90,"co":0,"mo":0,"sa":0,"ic":0},"geometry":{"type":"Polygon","coordinates":[[[-0.18331,51.62875],[-0.18445,51.62675],[-0.18509,51.627],[-0.18429,51.62833],[-0.18653,51.62833],[-0.18801,51.62648],[-0.18736,51.62629],[-0.18701,51.62669],[-0.18567,51.6263],[-0.18738,51.62424],[-0.18535,51.62376],[-0.18595,51.62291],[-0.187,51.62228],[-0.18776,51.62128],[-0.18784,51.62022],[-0.18956,51.62064],[-0.18866,51.62122],[-0.19052,51.62169],[-0.19034,51.62191],[-0.1909,51.62202],[-0.19169,51.62158],[-0.1934,51.62358],[-0.19481,51.62373],[-0.19378,51.62568],[-0.19417,51.62571],[-0.19345,51.62663],[-0.19205,51.62616],[-0.19077,51.62624],[-0.19043,51.62568],[-0.18823,51.62826],[-0.18819,51.62868],[-0.18756,51.6287],[-0.1874,51.62926],[-0.18409,51.62937],[-0.18395,51.62886],[-0.18331,51.62875]]]}},{"type":"Feature","properties":{"id":"E01000284","name":"E01000284","parent":"E09000003","type":"LSOA","pop":1973,"r":548,"ff":224,"ffd":11353.3,"ffs":0.4797,"g":78,"co":0,"mo":0,"sa":0,"ic":0},"geometry":{"type":"Polygon","coordinates":[[[-0.17484,51.62763],[-0.17525,51.62682],[-0.17413,51.62692],[-0.17258,51.62594],[-0.17096,51.62553],[-0.1714,51.62483],[-0.17394,51.62538],[-0.17443,51.62478],[-0.17465,51.62386],[-0.17642,51.62377],[-0.17647,51.62337],[-0.17806,51.62357],[-0.17894,51.62185],[-0.17949,51.61952],[-0.18034,51.61935],[-0.18086,51.61954],[-0.1807,51.6199],[-0.1812,51.61998],[-0.18144,51.62059],[-0.18096,51.62128],[-0.18201,51.62125],[-0.18225,51.62083],[-0.18303,51.62089],[-0.18331,51.62175],[-0.18366,51.62162],[-0.18453,51.62204],[-0.18327,51.62322],[-0.18144,51.623],[-0.18085,51.62395],[-0.18003,51.62384],[-0.17896,51.62417],[-0.17881,51.62444],[-0.18037,51.62467],[-0.17946,51.62625],[-0.17884,51.62606],[-0.17913,51.62657],[-0.17873,51.62681],[-0.17911,51.62689],[-0.17875,51.62715],[-0.17771,51.627],[-0.17729,51.62658],[-0.17625,51.62711],[-0.17627,51.62758],[-0.17484,51.62763]]]}},{"type":"Feature","properties":{"id":"E01000285","name":"E01000285","parent":"E09000003","type":"LSOA","pop":1517,"r":476,"ff":189,"ffd":12458.8,"ffs":0.4785,"g":77,"co":0,"mo":0,"sa":0,"ic":0},"geometry":{"type":"Polygon","coordinates":[[[-0.21108,51.65006],[-0.21005,51.6498],[-0.20951,51.64986],[-0.20938,51.64948],[-0.20962,51.64765],[-0.21058,51.64774],[-0.21048,51.64699],[-0.20993,51.64692],[-0.20922,51.64601],[-0.20898,51.64499],[-0.20788,51.64534],[-0.20791,51.64586],[-0.20587,51.64605],[-0.20561,51.64565],[-0.20759,51.64509],[-0.20668,51.64375],[-0.20648,51.64214],[-0.20708,51.64252],[-0.20917,51.64216],[-0.21018,51.64346],[-0.21075,51.64335],[-0.21107,51.64365],[-0.21021,51.64445],[-0.20973,51.64412],[-0.21001,51.645],[-0.21088,51.64461],[-0.21366,51.64569],[-0.21339,51.6465],[-0.21257,51.64765],[-0.21341,51.64797],[-0.21312,51.64829],[-0.21355,51.64851],[-0.21284,51.6485],[-0.21108,51.65006]]]}},{"type":"Feature","properties":{"id":"E01000286","name":"E01000286","parent":"E09000003","type":"LSOA","pop":1762,"r":507,"ff":208,"ffd":11804.8,"ffs":0.4929,"g":81,"co":0,"mo":0,"sa":0,"ic":0},"geometry":{"type":"Polygon","coordinates":[[[-0.21838,51.64999],[-0.21801,51.64973],[-0.21625,51.65099],[-0.21472,51.64981],[-0.21443,51.64889],[-0.21312,51.64829],[-0.21341,51.64797],[-0.21257,51.64765],[-0.21339,51.6465],[-0.21458,51.64689],[-0.21475,51.64744],[-0.21526,51.64699],[-0.21578,51.64727],[-0.21663,51.64717],[-0.21661,51.64667],[-0.21924,51.64579],[-0.21967,51.64518],[-0.22071,51.64573],[-0.221,51.6455],[-0.22281,51.64662],[-0.22273,51.64701],[-0.22356,51.64803],[-0.22153,51.6485],[-0.2212,51.6489],[-0.22165,51.64933],[-0.22101,51.64971],[-0.22145,51.64999],[-0.22019,51.65099],[-0.21975,51.65127],[-0.21838,51.64999]]]}},{"type":"Feature","properties":{"id":"E01000287","name":"E01000287","parent":"E09000003","type":"LSOA","pop":1658,"r":504,"ff":200,"ffd":12062.7,"ffs":0.4785,"g":82,"co":0,"mo":0,"sa":0,"ic":0},"geometry":{"type":"Polygon","coordinates":[[[-0.21475,51.64744],[-0.21458,51.64689],[-0.21339,51.6465],[-0.21366,51.64569],[-0.21088,51.64461],[-0.21001,51.645],[-0.20973,51.64412],[-0.21021,51.64445],[-0.21107,51.64365],[-0.21075,51.64335],[-0.21018,51.64346],[-0.21,51.6431],[-0.2104,51.64294],[-0.20909,51.64146],[-0.21085,51.64083],[-0.21226,51.64081],[-0.21263,51.6411],[-0.21239,51.6418],[-0.21449,51.64237],[-0.21477,51.64325],[-0.21586,51.64312],[-0.21563,51.64234],[-0.2174,51.64183],[-0.21765,51.64239],[-0.21706,51.64302],[-0.21888,51.64353],[-0.21991,51.6435],[-0.2187,51.64458],[-0.21967,51.64518],[-0.21924,51.64579],[-0.21661,51.64667],[-0.21663,51.64717],[-0.21578,51.64727],[-0.21526,51.64699],[-0.21475,51.64744]]]}},{"type":"Feature","properties":{"id":"E01000288","name":"E01000288","parent":"E09000003","type":"LSOA","pop":1555,"r":500,"ff":204,"ffd":13119.0,"ffs":0.4951,"g":83,"co":0,"mo":0,"sa":0,"ic":0},"geometry":{"type":"Polygon","coordinates":[[[-0.1906,51.64787],[-0.18998,51.64768],[-0.18406,51.63995],[-0.18693,51.63974],[-0.18744,51.63943],[-0.18924,51.64019],[-0.19024,51.64116],[-0.19197,51.64133],[-0.19227,51.64175],[-0.19144,51.64514],[-0.19021,51.64533],[-0.19087,51.64694],[-0.19153,51.64611],[-0.19303,51.64704],[-0.19348,51.64655],[-0.19457,51.64694],[-0.19614,51.64619],[-0.19683,51.64652],[-0.19684,51.64691],[-0.19623,51.64686],[-0.19589,51.64771],[-0.19458,51.64844],[-0.19466,51.64782],[-0.19396,51.64783],[-0.19401,51.6485],[-0.19555,51.64991],[-0.19447,51.64994],[-0.1906,51.64787]]]}},{"type":"Feature","properties":{"id":"E01000289","name":"E01000289","parent":"E09000003","type":"LSOA","pop":1708,"r":453,"ff":179,"ffd":10480.1,"ffs":0.4825,"g":78,"co":0,"mo":0,"sa":0,"ic":0},"geometry":{"type":"Polygon","coordinates":[[[-0.19303,51.64704],[-0.19153,51.64611],[-0.19087,51.64694],[-0.19021,51.64533],[-0.19144,51.64514],[-0.19227,51.64175],[-0.19301,51.64157],[-0.19342,51.64182],[-0.19526,51.64188],[-0.19875,51.64237],[-0.19907,51.64201],[-0.20139,51.64133],[-0.20152,51.64188],[-0.20071,51.64329],[-0.19996,51.6438],[-0.19775,51.64381],[-0.19803,51.64412],[-0.19757,51.64478],[-0.19744,51.64536],[-0.19795,51.64564],[-0.19981,51.64539],[-0.20003,51.64548],[-0.19992,51.6462],[-0.19683,51.64652],[-0.19614,51.64619],[-0.19457,51.64694],[-0.19348,51.64655],[-0.19303,51.64704]]]}},{"type":"Feature","properties":{"id":"E01000290","name":"E01000290","parent":"E09000003","type":"LSOA","pop":1588,"r":502,"ff":204,"ffd":12846.3,"ffs":0.4869,"g":79,"co":0,"mo":0,"sa":0,"ic":0},"geometry":{"type":"Polygon","coordinates":[[[-0.22356,51.64803],[-0.22273,51.64701],[-0.22281,51.64662],[-0.221,51.6455],[-0.22071,51.64573],[-0.2187,51.64458],[-0.21991,51.6435],[-0.21888,51.64353],[-0.21706,51.64302],[-0.21765,51.64239],[-0.2174,51.64183],[-0.21563,51.64234],[-0.21586,51.64312],[-0.21477,51.64325],[-0.21449,51.64237],[-0.21239,51.6418],[-0.21263,51.6411],[-0.21514,51.64129],[-0.21753,51.64023],[-0.2187,51.64037],[-0.21945,51.63937],[-0.22017,51.63934],[-0.22054,51.63874],[-0.22104,51.63875],[-0.22243,51.63767],[-0.22321,51.63791],[-0.22512,51.63734],[-0.22565,51.63762],[-0.22797,51.63688],[-0.23075,51.63716],[-0.23428,51.63694],[-0.23743,51.63744],[-0.23949,51.63843],[-0.24261,51.63769],[-0.24259,51.63679],[-0.24432,51.63654],[-0.24892,51.63847],[-0.24915,51.63737],[-0.25173,51.63743],[-0.25346,51.63799],[-0.25493,51.63893],[-0.25565,51.63881],[-0.25595,51.63942],[-0.25908,51.64014],[-0.25915,51.63983],[-0.26176,51.6406],[-0.26515,51.6427],[-0.26728,51.64282],[-0.26825,51.64239],[-0.26834,51.64379],[-0.26546,51.64399],[-0.26431,51.64358],[-0.26308,51.64477],[-0.26134,51.64376],[-0.26071,51.64267],[-0.25838,51.64199],[-0.25733,51.64183],[-0.25617,51.64349],[-0.25144,51.64142],[-0.24477,51.64103],[-0.24168,51.64261],[-0.23988,51.641],[-0.23712,51.64264],[-0.23383,51.64374],[-0.23351,51.64325],[-0.23161,51.64417],[-0.23201,51.64467],[-0.22769,51.64651],[-0.22921,51.64784],[-0.22872,51.64808],[-0.22892,51.64827],[-0.22825,51.64834],[-0.22768,51.64783],[-0.22577,51.64866],[-0.22507,51.64805],[-0.22451,51.64826],[-0.22507,51.64878],[-0.22165,51.64933],[-0.2212,51.6489],[-0.22153,51.6485],[-0.22356,51.64803]]]}},{"type":"Feature","properties":{"id":"E01000291","name":"E01000291","parent":"E09000003","type":"LSOA","pop":1478,"r":386,"ff":147,"ffd":9945.9,"ffs":0.482,"g":77,"co":0,"mo":0,"sa":0,"ic":0},"geometry":{"type":"Polygon","coordinates":[[[-0.20412,51.64559],[-0.20325,51.64533],[-0.20219,51.6455],[-0.20204,51.6451],[-0.20059,51.6449],[-0.20003,51.64548],[-0.19795,51.64564],[-0.19744,51.64536],[-0.19757,51.64478],[-0.19803,51.64412],[-0.19775,51.64381],[-0.19996,51.6438],[-0.20071,51.64329],[-0.20152,51.64188],[-0.20139,51.64133],[-0.20251,51.64136],[-0.20286,51.64111],[-0.20348,51.64145],[-0.20389,51.64106],[-0.20448,51.64135],[-0.20559,51.64114],[-0.20745,51.64188],[-0.20909,51.64146],[-0.2104,51.64294],[-0.21002,51.64308],[-0.20917,51.64216],[-0.20708,51.64252],[-0.20648,51.64214],[-0.20668,51.64375],[-0.20759,51.64509],[-0.20421,51.64593],[-0.20412,51.64559]]]}},{"type":"Feature","properties":{"id":"E01000292","name":"E01000292","parent":"E09000003","type":"LSOA","pop":1578,"r":458,"ff":182,"ffd":11533.6,"ffs":0.484,"g":78,"co":0,"mo":0,"sa":0,"ic":0},"geometry":{"type":"Polygon","coordinates":[[[-0.20064,51.65297],[-0.2001,51.65221],[-0.20064,51.65203],[-0.20101,51.65123],[-0.20059,51.65099],[-0.20203,51.64906],[-0.20272,51.64749],[-0.20266,51.64623],[-0.20193,51.6465],[-0.20159,51.64627],[-0.20049,51.64658],[-0.20049,51.64615],[-0.19992,51.6462],[-0.20003,51.64548],[-0.20059,51.6449],[-0.20204,51.6451],[-0.20219,51.6455],[-0.20325,51.64533],[-0.20412,51.64559],[-0.20421,51.64593],[-0.20561,51.64565],[-0.20587,51.64605],[-0.20606,51.64767],[-0.20665,51.6477],[-0.20628,51.65189],[-0.207,51.65204],[-0.20681,51.65294],[-0.20064,51.65297]]]}},{"type":"Feature","properties":{"id":"E01000293","name":"E01000293","parent":"E09000003","type":"LSOA","pop":1821,"r":386,"ff":147,"ffd":8072.5,"ffs":0.482,"g":77,"co":0,"mo":0,"sa":0,"ic":0},"geometry":{"type":"Polygon","coordinates":[[[-0.19401,51.6485],[-0.19396,51.64783],[-0.19466,51.64782],[-0.19458,51.64844],[-0.19589,51.64771],[-0.19623,51.64686],[-0.19684,51.64691],[-0.19683,51.64652],[-0.20049,51.64615],[-0.20049,51.64658],[-0.20159,51.64627],[-0.20193,51.6465],[-0.20266,51.64623],[-0.20272,51.64749],[-0.20203,51.64906],[-0.20059,51.65099],[-0.20101,51.65123],[-0.20064,51.65203],[-0.2001,51.65221],[-0.20064,51.65297],[-0.20025,51.65299],[-0.19741,51.65174],[-0.19664,51.65102],[-0.19447,51.64994],[-0.19555,51.64991],[-0.19401,51.6485]]]}},{"type":"Feature","properties":{"id":"E01000294","name":"E01000294","parent":"E09000003","type":"LSOA","pop":1800,"r":475,"ff":188,"ffd":10444.4,"ffs":0.4845,"g":83,"co":0,"mo":0,"sa":0,"ic":0},"geometry":{"type":"Polygon","coordinates":[[[-0.20644,51.65076],[-0.20665,51.6477],[-0.20606,51.64767],[-0.20587,51.64605],[-0.20791,51.64586],[-0.20788,51.64534],[-0.20898,51.64499],[-0.20922,51.64601],[-0.20993,51.64692],[-0.21048,51.64699],[-0.21058,51.64774],[-0.20962,51.64765],[-0.20938,51.64948],[-0.20951,51.64986],[-0.21005,51.6498],[-0.21108,51.65006],[-0.21284,51.6485],[-0.21354,51.64852],[-0.21443,51.64889],[-0.21472,51.64981],[-0.21625,51.65099],[-0.21543,51.65161],[-0.2118,51.65289],[-0.20696,51.65296],[-0.20681,51.65294],[-0.207,51.65204],[-0.20628,51.65189],[-0.20644,51.65076]]]}},{"type":"Feature","properties":{"id":"E01000295","name":"E01000295","parent":"E09000003","type":"LSOA","pop":1640,"r":676,"ff":280,"ffd":17073.2,"ffs":0.4895,"g":101,"co":0,"mo":0,"sa":0,"ic":0},"geometry":{"type":"Polygon","coordinates":[[[-0.1886,51.60422],[-0.1879,51.6037],[-0.18746,51.60397],[-0.18667,51.60351],[-0.18697,51.60311],[-0.186,51.60309],[-0.18416,51.60161],[-0.1845,51.60152],[-0.18458,51.60019],[-0.18573,51.60035],[-0.1866,51.59998],[-0.18767,51.60045],[-0.18804,51.60018],[-0.18703,51.59968],[-0.18733,51.59943],[-0.18608,51.5988],[-0.18654,51.59837],[-0.19269,51.601],[-0.19245,51.60176],[-0.19137,51.60229],[-0.19189,51.6026],[-0.19157,51.60287],[-0.19117,51.60263],[-0.1903,51.60321],[-0.19001,51.60388],[-0.18957,51.60365],[-0.1886,51.60422]]]}},{"type":"Feature","properties":{"id":"E01000296","name":"E01000296","parent":"E09000003","type":"LSOA","pop":1861,"r":682,"ff":272,"ffd":14615.8,"ffs":0.473,"g":104,"co":0,"mo":2,"sa":0,"ic":0},"geometry":{"type":"Polygon","coordinates":[[[-0.19283,51.60699],[-0.19156,51.60615],[-0.19021,51.60704],[-0.18927,51.60677],[-0.18817,51.60631],[-0.18865,51.60588],[-0.18782,51.60548],[-0.18994,51.60467],[-0.19085,51.60374],[-0.19153,51.604],[-0.19169,51.60362],[-0.19234,51.60357],[-0.19131,51.60305],[-0.19189,51.6026],[-0.19137,51.60229],[-0.19245,51.60176],[-0.19269,51.601],[-0.2001,51.60424],[-0.1998,51.60487],[-0.1969,51.6039],[-0.19662,51.60425],[-0.19603,51.60386],[-0.19459,51.60548],[-0.19409,51.60527],[-0.194,51.60456],[-0.19202,51.6057],[-0.19381,51.60653],[-0.19261,51.60752],[-0.19338,51.608],[-0.19285,51.60835],[-0.19161,51.60842],[-0.19107,51.60868],[-0.19067,51.60847],[-0.19283,51.60699]]]}},{"type":"Feature","properties":{"id":"E01000297","name":"E01000297","parent":"E09000003","type":"LSOA","pop":1450,"r":727,"ff":300,"ffd":20689.7,"ffs":0.487,"g":108,"co":0,"mo":0,"sa":0,"ic":0},"geometry":{"type":"Polygon","coordinates":[[[-0.18416,51.60161],[-0.18178,51.60014],[-0.18125,51.60035],[-0.18145,51.60098],[-0.18024,51.6012],[-0.17985,51.60055],[-0.17943,51.60073],[-0.17883,51.60005],[-0.17835,51.60013],[-0.17707,51.59923],[-0.17936,51.59736],[-0.18147,51.59621],[-0.18654,51.59837],[-0.18608,51.5988],[-0.18733,51.59943],[-0.18703,51.59968],[-0.18804,51.60018],[-0.18767,51.60045],[-0.1866,51.59998],[-0.18573,51.60035],[-0.18458,51.60019],[-0.1845,51.60152],[-0.18416,51.60161]]]}},{"type":"Feature","properties":{"id":"E01000298","name":"E01000298","parent":"E09000003","type":"LSOA","pop":1869,"r":683,"ff":282,"ffd":15088.3,"ffs":0.4862,"g":100,"co":0,"mo":0,"sa":0,"ic":0},"geometry":{"type":"Polygon","coordinates":[[[-0.18677,51.60786],[-0.18577,51.60734],[-0.18491,51.60735],[-0.18459,51.60755],[-0.18404,51.60723],[-0.18396,51.60679],[-0.18324,51.60692],[-0.18319,51.60647],[-0.18249,51.60663],[-0.18291,51.60444],[-0.18024,51.6012],[-0.18145,51.60098],[-0.18125,51.60035],[-0.18178,51.60014],[-0.18416,51.60161],[-0.186,51.60309],[-0.18697,51.60311],[-0.18667,51.60351],[-0.18746,51.60397],[-0.1879,51.6037],[-0.1886,51.60422],[-0.18957,51.60365],[-0.19001,51.60388],[-0.1903,51.60321],[-0.19117,51.60263],[-0.19157,51.60287],[-0.19131,51.60305],[-0.19234,51.60357],[-0.19169,51.60362],[-0.19153,51.604],[-0.19085,51.60374],[-0.18994,51.60467],[-0.18782,51.60548],[-0.18865,51.60588],[-0.18817,51.60631],[-0.18883,51.60662],[-0.18677,51.60786]]]}},{"type":"Feature","properties":{"id":"E01000299","name":"E01000299","parent":"E09000003","type":"LSOA","pop":2271,"r":596,"ff":245,"ffd":10788.2,"ffs":0.4804,"g":83,"co":0,"mo":2,"sa":0,"ic":0},"geometry":{"type":"Polygon","coordinates":[[[-0.17648,51.6147],[-0.17574,51.61242],[-0.17548,51.61088],[-0.17949,51.61026],[-0.1784,51.61124],[-0.17891,51.6115],[-0.17731,51.61249],[-0.17724,51.61307],[-0.17767,51.61335],[-0.17768,51.61306],[-0.17841,51.61289],[-0.17939,51.61334],[-0.17989,51.61314],[-0.17989,51.61351],[-0.18068,51.61373],[-0.18035,51.61398],[-0.18161,51.61514],[-0.18127,51.61535],[-0.18122,51.6167],[-0.17679,51.61635],[-0.17648,51.6147]]]}},{"type":"Feature","properties":{"id":"E01000300","name":"E01000300","parent":"E09000003","type":"LSOA","pop":1607,"r":639,"ff":266,"ffd":16552.6,"ffs":0.489,"g":92,"co":0,"mo":2,"sa":0,"ic":0},"geometry":{"type":"Polygon","coordinates":[[[-0.18122,51.6167],[-0.18127,51.61535],[-0.18161,51.61514],[-0.18035,51.61398],[-0.18068,51.61373],[-0.17989,51.61351],[-0.17989,51.61314],[-0.17939,51.61334],[-0.179,51.61313],[-0.17976,51.61257],[-0.17907,51.61279],[-0.17866,51.6126],[-0.17974,51.61195],[-0.18023,51.61219],[-0.18056,51.61181],[-0.1841,51.61369],[-0.18429,51.61351],[-0.18487,51.61372],[-0.18597,51.61367],[-0.18611,51.61343],[-0.18696,51.61369],[-0.18677,51.61425],[-0.1877,51.61452],[-0.18849,51.61436],[-0.18759,51.61615],[-0.18187,51.61619],[-0.18122,51.6167]]]}},{"type":"Feature","properties":{"id":"E01000301","name":"E01000301","parent":"E09000003","type":"LSOA","pop":1545,"r":627,"ff":263,"ffd":17022.7,"ffs":0.4934,"g":91,"co":0,"mo":2,"sa":0,"ic":0},"geometry":{"type":"Polygon","coordinates":[[[-0.18759,51.61615],[-0.18849,51.61436],[-0.1877,51.61452],[-0.18677,51.61425],[-0.18696,51.61369],[-0.18611,51.61343],[-0.18597,51.61367],[-0.18506,51.61362],[-0.18544,51.61314],[-0.18481,51.61254],[-0.18316,51.61205],[-0.1833,51.61172],[-0.1854,51.61211],[-0.18599,51.61113],[-0.18644,51.61128],[-0.18766,51.61037],[-0.18563,51.60945],[-0.18515,51.60802],[-0.18544,51.6078],[-0.18491,51.60735],[-0.18577,51.60734],[-0.18677,51.60786],[-0.18883,51.60662],[-0.19021,51.60704],[-0.1887,51.60876],[-0.19002,51.6094],[-0.19034,51.61008],[-0.19152,51.61093],[-0.19222,51.61117],[-0.19265,51.61098],[-0.19297,51.61121],[-0.19364,51.61103],[-0.19367,51.6116],[-0.19316,51.61156],[-0.19314,51.61186],[-0.19224,51.61191],[-0.19155,51.61235],[-0.19144,51.61268],[-0.19091,51.61256],[-0.18981,51.61422],[-0.18893,51.6161],[-0.18759,51.61615]]]}},{"type":"Feature","properties":{"id":"E01000302","name":"E01000302","parent":"E09000003","type":"LSOA","pop":1771,"r":664,"ff":276,"ffd":15584.4,"ffs":0.4894,"g":97,"co":0,"mo":2,"sa":0,"ic":0},"geometry":{"type":"Polygon","coordinates":[[[-0.18487,51.61372],[-0.18429,51.61351],[-0.1841,51.61369],[-0.18056,51.61181],[-0.18023,51.61219],[-0.17974,51.61195],[-0.17866,51.6126],[-0.17907,51.61279],[-0.17976,51.61257],[-0.179,51.61313],[-0.17841,51.61289],[-0.17768,51.61306],[-0.17767,51.61335],[-0.17724,51.61307],[-0.17731,51.61249],[-0.17891,51.6115],[-0.1784,51.61124],[-0.17949,51.61026],[-0.18062,51.61025],[-0.18423,51.60778],[-0.18249,51.60663],[-0.18319,51.60647],[-0.18324,51.60692],[-0.18396,51.60679],[-0.18404,51.60723],[-0.18459,51.60755],[-0.18491,51.60735],[-0.18544,51.6078],[-0.18515,51.60802],[-0.18563,51.60945],[-0.18766,51.61037],[-0.18644,51.61128],[-0.18599,51.61113],[-0.1854,51.61211],[-0.1833,51.61172],[-0.18316,51.61205],[-0.18481,51.61254],[-0.18544,51.61314],[-0.18487,51.61372]]]}},{"type":"Feature","properties":{"id":"E01000303","name":"E01000303","parent":"E09000003","type":"LSOA","pop":1490,"r":647,"ff":258,"ffd":17315.4,"ffs":0.4682,"g":93,"co":0,"mo":2,"sa":0,"ic":0},"geometry":{"type":"Polygon","coordinates":[[[-0.19297,51.61121],[-0.19265,51.61098],[-0.19222,51.61117],[-0.19152,51.61093],[-0.19034,51.61008],[-0.19002,51.6094],[-0.1887,51.60876],[-0.19021,51.60704],[-0.19156,51.60615],[-0.19283,51.60699],[-0.19067,51.60847],[-0.19107,51.60868],[-0.19161,51.60842],[-0.19285,51.60835],[-0.19338,51.608],[-0.19261,51.60752],[-0.19381,51.60653],[-0.19202,51.6057],[-0.194,51.60456],[-0.19409,51.60527],[-0.19459,51.60548],[-0.19442,51.60575],[-0.19487,51.60595],[-0.19477,51.6064],[-0.19709,51.60774],[-0.19686,51.60792],[-0.19423,51.60665],[-0.19409,51.60706],[-0.19757,51.60883],[-0.19763,51.60926],[-0.19689,51.60938],[-0.19678,51.61006],[-0.19522,51.61048],[-0.19525,51.61074],[-0.19428,51.61063],[-0.19297,51.61121]]]}},{"type":"Feature","properties":{"id":"E01000304","name":"E01000304","parent":"E09000003","type":"LSOA","pop":1544,"r":674,"ff":274,"ffd":17746.1,"ffs":0.479,"g":99,"co":0,"mo":2,"sa":0,"ic":0},"geometry":{"type":"Polygon","coordinates":[[[-0.19622,51.60825],[-0.19409,51.60706],[-0.19423,51.60665],[-0.19686,51.60792],[-0.19709,51.60774],[-0.19477,51.6064],[-0.19487,51.60595],[-0.19442,51.60575],[-0.19603,51.60386],[-0.19662,51.60425],[-0.1969,51.6039],[-0.1998,51.60487],[-0.2001,51.60424],[-0.20209,51.60508],[-0.20089,51.60559],[-0.20136,51.60645],[-0.19965,51.60746],[-0.19978,51.608],[-0.19893,51.60837],[-0.1983,51.60828],[-0.19763,51.60926],[-0.19757,51.60883],[-0.19622,51.60825]]]}},{"type":"Feature","properties":{"id":"E01000305","name":"E01000305","parent":"E09000003","type":"LSOA","pop":2025,"r":973,"ff":404,"ffd":19950.6,"ffs":0.4815,"g":130,"co":0,"mo":0,"sa":0,"ic":0},"geometry":{"type":"Polygon","coordinates":[[[-0.2403,51.57819],[-0.23999,51.57792],[-0.23942,51.57816],[-0.23926,51.5777],[-0.2386,51.5779],[-0.23782,51.57683],[-0.23568,51.57709],[-0.23442,51.57562],[-0.23201,51.57414],[-0.23309,51.57353],[-0.23049,51.57162],[-0.23221,51.57096],[-0.23342,51.57198],[-0.23448,51.5718],[-0.23556,51.57229],[-0.23542,51.57258],[-0.23591,51.57231],[-0.23764,51.57247],[-0.2377,51.57212],[-0.23816,51.57209],[-0.23783,51.57181],[-0.23823,51.57184],[-0.23883,51.57225],[-0.23998,51.57211],[-0.23999,51.5724],[-0.2411,51.57211],[-0.24136,51.57267],[-0.24227,51.57282],[-0.24248,51.57245],[-0.24404,51.57226],[-0.24431,51.57255],[-0.24514,51.5719],[-0.24597,51.5722],[-0.24665,51.57162],[-0.24598,51.57096],[-0.24653,51.56986],[-0.24603,51.56984],[-0.24657,51.56896],[-0.24736,51.56897],[-0.24706,51.56868],[-0.24733,51.56842],[-0.2485,51.5685],[-0.25004,51.56939],[-0.25174,51.57109],[-0.2527,51.57165],[-0.25301,51.57264],[-0.25133,51.57314],[-0.24916,51.57435],[-0.24791,51.57391],[-0.24582,51.57443],[-0.24645,51.5756],[-0.24427,51.57744],[-0.24235,51.57639],[-0.24209,51.57509],[-0.2405,51.57538],[-0.23958,51.57597],[-0.23965,51.57629],[-0.23983,51.57591],[-0.24146,51.57608],[-0.24159,51.57667],[-0.24114,51.57726],[-0.24047,51.57735],[-0.24027,51.57774],[-0.24074,51.57787],[-0.24118,51.57766],[-0.24153,51.57801],[-0.2403,51.57819]]]}},{"type":"Feature","properties":{"id":"E01000306","name":"E01000306","parent":"E09000003","type":"LSOA","pop":2091,"r":966,"ff":389,"ffd":18603.5,"ffs":0.4709,"g":136,"co":0,"mo":0,"sa":0,"ic":0},"geometry":{"type":"Polygon","coordinates":[[[-0.23394,51.58063],[-0.23386,51.58031],[-0.23337,51.58037],[-0.23316,51.57866],[-0.23255,51.57867],[-0.23238,51.57725],[-0.23346,51.57713],[-0.23342,51.57743],[-0.23428,51.57746],[-0.2352,51.57729],[-0.23405,51.57643],[-0.23397,51.57579],[-0.23442,51.57563],[-0.23568,51.57709],[-0.23782,51.57683],[-0.23874,51.57822],[-0.2383,51.57851],[-0.23875,51.57938],[-0.23769,51.58027],[-0.23755,51.58003],[-0.23394,51.58063]]]}},{"type":"Feature","properties":{"id":"E01000307","name":"E01000307","parent":"E09000003","type":"LSOA","pop":1722,"r":945,"ff":385,"ffd":22357.7,"ffs":0.4741,"g":129,"co":0,"mo":0,"sa":0,"ic":0},"geometry":{"type":"Polygon","coordinates":[[[-0.22263,51.57858],[-0.22125,51.57784],[-0.21922,51.57732],[-0.21943,51.57712],[-0.21899,51.57684],[-0.21874,51.57714],[-0.21808,51.57694],[-0.21954,51.576],[-0.2223,51.57375],[-0.23049,51.57162],[-0.23309,51.57353],[-0.23201,51.57414],[-0.23442,51.57562],[-0.23397,51.57579],[-0.23405,51.57643],[-0.2352,51.57729],[-0.23428,51.57746],[-0.23342,51.57743],[-0.23346,51.57713],[-0.23238,51.57725],[-0.23255,51.57867],[-0.23134,51.5787],[-0.23132,51.57787],[-0.23055,51.57782],[-0.23095,51.57737],[-0.23167,51.57737],[-0.23211,51.57676],[-0.2313,51.5765],[-0.22994,51.57665],[-0.22967,51.57643],[-0.22796,51.57694],[-0.22756,51.57835],[-0.22726,51.57846],[-0.22611,51.57718],[-0.22629,51.57763],[-0.22581,51.57795],[-0.22376,51.57851],[-0.22293,51.57814],[-0.22263,51.57858]]]}},{"type":"Feature","properties":{"id":"E01000308","name":"E01000308","parent":"E09000003","type":"LSOA","pop":2149,"r":811,"ff":338,"ffd":15728.2,"ffs":0.4774,"g":101,"co":0,"mo":0,"sa":0,"ic":0},"geometry":{"type":"Polygon","coordinates":[[[-0.24505,51.58191],[-0.24623,51.5812],[-0.24556,51.58148],[-0.24518,51.58126],[-0.24578,51.58082],[-0.24499,51.58027],[-0.24481,51.57954],[-0.24356,51.57897],[-0.24287,51.5793],[-0.24229,51.57921],[-0.24191,51.57888],[-0.24213,51.57843],[-0.24192,51.57816],[-0.24118,51.57766],[-0.24074,51.57787],[-0.24027,51.57774],[-0.24047,51.57735],[-0.24114,51.57726],[-0.24159,51.57667],[-0.24146,51.57608],[-0.23983,51.57591],[-0.23965,51.57629],[-0.23958,51.57597],[-0.2405,51.57538],[-0.24209,51.57509],[-0.24235,51.57639],[-0.24427,51.57744],[-0.24645,51.5756],[-0.24582,51.57443],[-0.24791,51.57391],[-0.24916,51.57435],[-0.25133,51.57314],[-0.2526,51.57493],[-0.25451,51.57987],[-0.25398,51.57962],[-0.25367,51.58003],[-0.25295,51.58018],[-0.2522,51.57982],[-0.25197,51.58017],[-0.25036,51.58057],[-0.251,51.58047],[-0.25112,51.58068],[-0.25038,51.58086],[-0.25011,51.58161],[-0.24785,51.58139],[-0.24705,51.58161],[-0.24682,51.58273],[-0.24626,51.5829],[-0.24505,51.58191]]]}},{"type":"Feature","properties":{"id":"E01000309","name":"E01000309","parent":"E09000003","type":"LSOA","pop":2148,"r":898,"ff":358,"ffd":16666.7,"ffs":0.4711,"g":135,"co":0,"mo":0,"sa":0,"ic":0},"geometry":{"type":"Polygon","coordinates":[[[-0.23238,51.58682],[-0.23001,51.58528],[-0.23042,51.58544],[-0.23169,51.58488],[-0.233,51.58273],[-0.23236,51.58269],[-0.23234,51.58234],[-0.23293,51.58185],[-0.2328,51.5808],[-0.23337,51.58037],[-0.23386,51.58031],[-0.23412,51.58153],[-0.23505,51.58178],[-0.2344,51.58246],[-0.23492,51.58266],[-0.23534,51.58235],[-0.23681,51.58248],[-0.23672,51.58299],[-0.23844,51.58312],[-0.23879,51.58383],[-0.23939,51.58371],[-0.23843,51.58811],[-0.23452,51.58741],[-0.23238,51.58682]]]}},{"type":"Feature","properties":{"id":"E01000310","name":"E01000310","parent":"E09000003","type":"LSOA","pop":2307,"r":1103,"ff":433,"ffd":18769.0,"ffs":0.4626,"g":162,"co":0,"mo":0,"sa":0,"ic":0},"geometry":{"type":"Polygon","coordinates":[[[-0.22815,51.58377],[-0.22701,51.58277],[-0.22565,51.58279],[-0.22043,51.57955],[-0.21976,51.57997],[-0.21993,51.58055],[-0.2179,51.58038],[-0.21854,51.57984],[-0.21867,51.57948],[-0.21669,51.57796],[-0.21668,51.57755],[-0.21808,51.57694],[-0.21874,51.57714],[-0.21899,51.57684],[-0.21943,51.57712],[-0.21922,51.57732],[-0.22125,51.57784],[-0.22263,51.57858],[-0.22293,51.57814],[-0.22376,51.57851],[-0.22581,51.57795],[-0.22629,51.57763],[-0.22611,51.57718],[-0.22726,51.57846],[-0.22756,51.57835],[-0.22796,51.57694],[-0.22967,51.57643],[-0.22994,51.57665],[-0.2313,51.5765],[-0.23211,51.57676],[-0.23167,51.57737],[-0.23095,51.57737],[-0.23055,51.57782],[-0.23132,51.57787],[-0.23134,51.5787],[-0.22934,51.57884],[-0.22812,51.57919],[-0.2276,51.57886],[-0.2259,51.57964],[-0.2263,51.57991],[-0.22574,51.58009],[-0.22509,51.57966],[-0.2268,51.5818],[-0.22653,51.58108],[-0.22684,51.58097],[-0.22751,51.58121],[-0.22704,51.58138],[-0.22763,51.58146],[-0.22783,51.58218],[-0.2285,51.58225],[-0.22859,51.58262],[-0.22751,51.58279],[-0.2282,51.58302],[-0.2293,51.58399],[-0.22927,51.58467],[-0.22815,51.58377]]]}},{"type":"Feature","properties":{"id":"E01000311","name":"E01000311","parent":"E09000003","type":"LSOA","pop":1850,"r":1014,"ff":404,"ffd":21837.8,"ffs":0.4687,"g":148,"co":0,"mo":0,"sa":0,"ic":0},"geometry":{"type":"Polygon","coordinates":[[[-0.21204,51.58103],[-0.21447,51.57871],[-0.21668,51.57755],[-0.21669,51.57796],[-0.21867,51.57948],[-0.21854,51.57984],[-0.2179,51.58038],[-0.21993,51.58055],[-0.21976,51.57997],[-0.22043,51.57955],[-0.22565,51.58279],[-0.22408,51.58299],[-0.22027,51.58415],[-0.21818,51.58424],[-0.21461,51.58258],[-0.21204,51.58103]]]}},{"type":"Feature","properties":{"id":"E01000312","name":"E01000312","parent":"E09000003","type":"LSOA","pop":1839,"r":824,"ff":343,"ffd":18651.4,"ffs":0.4784,"g":105,"co":0,"mo":0,"sa":0,"ic":0},"geometry":{"type":"Polygon","coordinates":[[[-0.24705,51.58161],[-0.24785,51.58139],[-0.25011,51.58161],[-0.25038,51.58086],[-0.25112,51.58068],[-0.251,51.58047],[-0.25036,51.58057],[-0.25197,51.58017],[-0.2522,51.57982],[-0.25295,51.58018],[-0.25367,51.58003],[-0.25398,51.57962],[-0.25451,51.57987],[-0.25437,51.58139],[-0.25164,51.58346],[-0.25034,51.58364],[-0.24826,51.58437],[-0.24626,51.5829],[-0.24682,51.58273],[-0.24705,51.58161]]]}},{"type":"Feature","properties":{"id":"E01000313","name":"E01000313","parent":"E09000003","type":"LSOA","pop":1998,"r":921,"ff":369,"ffd":18468.5,"ffs":0.4653,"g":125,"co":0,"mo":0,"sa":0,"ic":0},"geometry":{"type":"Polygon","coordinates":[[[-0.23681,51.58248],[-0.23534,51.58235],[-0.23492,51.58266],[-0.2344,51.58246],[-0.23505,51.58178],[-0.23412,51.58153],[-0.23394,51.58063],[-0.23755,51.58003],[-0.23769,51.58027],[-0.23875,51.57938],[-0.2383,51.57851],[-0.23874,51.57822],[-0.2386,51.5779],[-0.23926,51.5777],[-0.23942,51.57816],[-0.23999,51.57792],[-0.2403,51.57819],[-0.24153,51.57801],[-0.24192,51.57816],[-0.24213,51.57843],[-0.24191,51.57888],[-0.24229,51.57921],[-0.24287,51.5793],[-0.24356,51.57897],[-0.24481,51.57954],[-0.24499,51.58027],[-0.24578,51.58082],[-0.24518,51.58126],[-0.24556,51.58148],[-0.24623,51.5812],[-0.24505,51.58191],[-0.24285,51.58031],[-0.23913,51.58125],[-0.23939,51.58371],[-0.23879,51.58383],[-0.23844,51.58312],[-0.23672,51.58299],[-0.23681,51.58248]]]}},{"type":"Feature","properties":{"id":"E01000314","name":"E01000314","parent":"E09000003","type":"LSOA","pop":2303,"r":970,"ff":391,"ffd":16977.9,"ffs":0.4717,"g":137,"co":0,"mo":0,"sa":0,"ic":0},"geometry":{"type":"Polygon","coordinates":[[[-0.22751,51.58121],[-0.22684,51.58097],[-0.22653,51.58108],[-0.2268,51.5818],[-0.22509,51.57966],[-0.22574,51.58009],[-0.2263,51.57991],[-0.2259,51.57964],[-0.2276,51.57886],[-0.22812,51.57919],[-0.22934,51.57884],[-0.23316,51.57866],[-0.23337,51.58037],[-0.2328,51.5808],[-0.23293,51.58185],[-0.23234,51.58234],[-0.23236,51.58269],[-0.233,51.58273],[-0.23169,51.58488],[-0.23042,51.58544],[-0.22927,51.58467],[-0.2293,51.58399],[-0.2282,51.58302],[-0.22751,51.58279],[-0.22859,51.58262],[-0.2285,51.58225],[-0.22783,51.58218],[-0.22763,51.58146],[-0.22704,51.58138],[-0.22751,51.58121]]]}},{"type":"Feature","properties":{"id":"E01000315","name":"E01000315","parent":"E09000003","type":"LSOA","pop":1759,"r":612,"ff":245,"ffd":13928.4,"ffs":0.4767,"g":96,"co":0,"mo":0,"sa":0,"ic":0},"geometry":{"type":"Polygon","coordinates":[[[-0.16114,51.61077],[-0.15972,51.60862],[-0.1605,51.60846],[-0.15956,51.60704],[-0.15814,51.60664],[-0.15724,51.60566],[-0.16135,51.60572],[-0.16334,51.6053],[-0.16864,51.60338],[-0.17136,51.60517],[-0.17061,51.60758],[-0.16938,51.60755],[-0.16935,51.60786],[-0.16878,51.60791],[-0.1681,51.60846],[-0.16993,51.60988],[-0.16849,51.61011],[-0.16859,51.61101],[-0.16746,51.61132],[-0.16358,51.61159],[-0.16261,51.61082],[-0.16232,51.61116],[-0.16201,51.61068],[-0.16114,51.61077]]]}},{"type":"Feature","properties":{"id":"E01000316","name":"E01000316","parent":"E09000003","type":"LSOA","pop":2468,"r":771,"ff":315,"ffd":12763.4,"ffs":0.4876,"g":121,"co":0,"mo":0,"sa":0,"ic":0},"geometry":{"type":"Polygon","coordinates":[[[-0.1751,51.60813],[-0.17504,51.60743],[-0.17061,51.60758],[-0.17136,51.60517],[-0.16864,51.60338],[-0.17346,51.60157],[-0.17596,51.60006],[-0.17617,51.60064],[-0.17791,51.60173],[-0.17448,51.60248],[-0.1764,51.60255],[-0.17725,51.6022],[-0.17818,51.60377],[-0.17879,51.60372],[-0.17886,51.60551],[-0.18043,51.6052],[-0.18045,51.60561],[-0.18078,51.60558],[-0.18062,51.60596],[-0.17999,51.60603],[-0.17987,51.60695],[-0.17833,51.60673],[-0.17825,51.60712],[-0.1792,51.6072],[-0.17944,51.6077],[-0.17823,51.60829],[-0.1758,51.60847],[-0.17569,51.60814],[-0.1751,51.60813]]]}},{"type":"Feature","properties":{"id":"E01000317","name":"E01000317","parent":"E09000003","type":"LSOA","pop":1656,"r":691,"ff":281,"ffd":16968.6,"ffs":0.4836,"g":106,"co":0,"mo":0,"sa":0,"ic":0},"geometry":{"type":"Polygon","coordinates":[[[-0.17731,51.6106],[-0.17694,51.61019],[-0.17537,51.61012],[-0.1753,51.60901],[-0.17651,51.60923],[-0.17854,51.60876],[-0.17823,51.60829],[-0.17944,51.6077],[-0.1792,51.6072],[-0.17825,51.60712],[-0.17833,51.60673],[-0.17987,51.60695],[-0.17999,51.60603],[-0.18062,51.60596],[-0.18078,51.60558],[-0.18045,51.60561],[-0.18043,51.6052],[-0.18197,51.60514],[-0.18218,51.60474],[-0.18286,51.60478],[-0.18249,51.60663],[-0.18423,51.60778],[-0.18062,51.61025],[-0.17731,51.6106]]]}},{"type":"Feature","properties":{"id":"E01000318","name":"E01000318","parent":"E09000003","type":"LSOA","pop":1833,"r":627,"ff":263,"ffd":14348.1,"ffs":0.4934,"g":91,"co":0,"mo":0,"sa":0,"ic":0},"geometry":{"type":"Polygon","coordinates":[[[-0.16893,51.61501],[-0.16877,51.61461],[-0.16785,51.61469],[-0.16808,51.6142],[-0.16908,51.61385],[-0.16834,51.61167],[-0.16746,51.61132],[-0.16859,51.61101],[-0.16849,51.61011],[-0.16993,51.60988],[-0.1681,51.60846],[-0.16878,51.60791],[-0.16935,51.60786],[-0.16938,51.60755],[-0.17504,51.60743],[-0.1751,51.60813],[-0.17569,51.60814],[-0.1758,51.60847],[-0.17823,51.60829],[-0.17854,51.60876],[-0.17651,51.60923],[-0.1753,51.60901],[-0.17537,51.61012],[-0.17643,51.61019],[-0.17624,51.61044],[-0.17463,51.61036],[-0.17451,51.61085],[-0.17498,51.61139],[-0.17221,51.61151],[-0.17234,51.61181],[-0.17184,51.61171],[-0.17186,51.61196],[-0.17127,51.61206],[-0.17169,51.61316],[-0.17076,51.61354],[-0.16968,51.61332],[-0.16985,51.61491],[-0.16893,51.61501]]]}},{"type":"Feature","properties":{"id":"E01000319","name":"E01000319","parent":"E09000003","type":"LSOA","pop":1336,"r":732,"ff":293,"ffd":21931.1,"ffs":0.4788,"g":116,"co":0,"mo":0,"sa":0,"ic":0},"geometry":{"type":"Polygon","coordinates":[[[-0.17886,51.60551],[-0.17879,51.60372],[-0.17818,51.60377],[-0.17725,51.6022],[-0.1764,51.60255],[-0.17448,51.60248],[-0.17791,51.60173],[-0.17617,51.60064],[-0.17596,51.60006],[-0.17707,51.59923],[-0.17835,51.60013],[-0.17883,51.60005],[-0.17943,51.60073],[-0.17985,51.60055],[-0.18291,51.60444],[-0.18286,51.60478],[-0.18218,51.60474],[-0.18197,51.60514],[-0.17886,51.60551]]]}},{"type":"Feature","properties":{"id":"E01000320","name":"E01000320","parent":"E09000003","type":"LSOA","pop":2020,"r":569,"ff":230,"ffd":11386.1,"ffs":0.4782,"g":84,"co":0,"mo":0,"sa":0,"ic":0},"geometry":{"type":"Polygon","coordinates":[[[-0.17459,51.62222],[-0.17475,51.62146],[-0.17119,51.62186],[-0.17116,51.62132],[-0.17081,51.62131],[-0.17162,51.62046],[-0.16766,51.61966],[-0.16727,51.61892],[-0.16508,51.61914],[-0.16466,51.61812],[-0.16554,51.6178],[-0.16738,51.61775],[-0.16764,51.61717],[-0.16866,51.61717],[-0.16865,51.61759],[-0.16922,51.61792],[-0.17092,51.61764],[-0.17077,51.61791],[-0.17331,51.61828],[-0.17322,51.61876],[-0.17606,51.61873],[-0.17601,51.61923],[-0.17668,51.61922],[-0.17663,51.62092],[-0.1772,51.6209],[-0.17755,51.62164],[-0.17666,51.62171],[-0.17713,51.62216],[-0.17459,51.62222]]]}},{"type":"Feature","properties":{"id":"E01000321","name":"E01000321","parent":"E09000003","type":"LSOA","pop":1994,"r":562,"ff":229,"ffd":11484.5,"ffs":0.4821,"g":84,"co":0,"mo":2,"sa":0,"ic":0},"geometry":{"type":"Polygon","coordinates":[[[-0.17378,51.62379],[-0.17371,51.62306],[-0.17417,51.62304],[-0.17459,51.62222],[-0.17713,51.62216],[-0.17666,51.62171],[-0.17755,51.62164],[-0.1772,51.6209],[-0.17663,51.62092],[-0.17678,51.61735],[-0.17613,51.61765],[-0.17595,51.61745],[-0.17607,51.61679],[-0.17678,51.61676],[-0.17608,51.61645],[-0.17679,51.61635],[-0.18016,51.61664],[-0.17989,51.61788],[-0.18047,51.61806],[-0.18026,51.61871],[-0.17967,51.61864],[-0.17894,51.62185],[-0.17806,51.62357],[-0.17647,51.62337],[-0.17642,51.62377],[-0.17378,51.62379]]]}},{"type":"Feature","properties":{"id":"E01000322","name":"E01000322","parent":"E09000003","type":"LSOA","pop":1885,"r":590,"ff":238,"ffd":12626.0,"ffs":0.476,"g":86,"co":0,"mo":0,"sa":0,"ic":0},"geometry":{"type":"Polygon","coordinates":[[[-0.17601,51.61923],[-0.17606,51.61873],[-0.17322,51.61876],[-0.17331,51.61828],[-0.17077,51.61791],[-0.17092,51.61764],[-0.16922,51.61792],[-0.16865,51.61759],[-0.16866,51.61717],[-0.16764,51.61717],[-0.16738,51.61775],[-0.16554,51.6178],[-0.16521,51.61665],[-0.1676,51.61647],[-0.16656,51.61583],[-0.16517,51.61593],[-0.16502,51.61561],[-0.16629,51.61538],[-0.16622,51.61482],[-0.16877,51.61461],[-0.16893,51.61501],[-0.17049,51.61489],[-0.17045,51.61456],[-0.17113,51.61449],[-0.1712,51.61481],[-0.17205,51.61475],[-0.17199,51.61422],[-0.17263,51.61413],[-0.17319,51.61589],[-0.17311,51.61644],[-0.1721,51.61653],[-0.17187,51.61707],[-0.17215,51.61759],[-0.17279,51.61738],[-0.17258,51.61704],[-0.1736,51.61693],[-0.17387,51.61732],[-0.17595,51.61745],[-0.17613,51.61765],[-0.17678,51.61735],[-0.17668,51.61922],[-0.17601,51.61923]]]}},{"type":"Feature","properties":{"id":"E01000323","name":"E01000323","parent":"E09000003","type":"LSOA","pop":2537,"r":627,"ff":263,"ffd":10366.6,"ffs":0.4934,"g":91,"co":0,"mo":0,"sa":0,"ic":0},"geometry":{"type":"Polygon","coordinates":[[[-0.17187,51.61707],[-0.1721,51.61653],[-0.17311,51.61644],[-0.17319,51.61589],[-0.17263,51.61413],[-0.17199,51.61422],[-0.17205,51.61475],[-0.1712,51.61481],[-0.17113,51.61449],[-0.17045,51.61456],[-0.17049,51.61489],[-0.16985,51.61491],[-0.16968,51.61332],[-0.17076,51.61354],[-0.17169,51.61316],[-0.17127,51.61206],[-0.17186,51.61196],[-0.17184,51.61171],[-0.17234,51.61181],[-0.17221,51.61151],[-0.17498,51.61139],[-0.17451,51.61085],[-0.17463,51.61036],[-0.17624,51.61044],[-0.17643,51.61019],[-0.17694,51.61019],[-0.17731,51.6106],[-0.17548,51.61088],[-0.17574,51.61242],[-0.17673,51.61573],[-0.17679,51.61635],[-0.17608,51.61645],[-0.17678,51.61676],[-0.17607,51.61679],[-0.17595,51.61745],[-0.17387,51.61732],[-0.1736,51.61693],[-0.17258,51.61704],[-0.17279,51.61738],[-0.17215,51.61759],[-0.17187,51.61707]]]}},{"type":"Feature","properties":{"id":"E01000324","name":"E01000324","parent":"E09000003","type":"LSOA","pop":1878,"r":585,"ff":234,"ffd":12460.1,"ffs":0.4718,"g":87,"co":0,"mo":0,"sa":0,"ic":0},"geometry":{"type":"Polygon","coordinates":[[[-0.1644,51.6171],[-0.16343,51.61643],[-0.16308,51.61662],[-0.16256,51.61645],[-0.16173,51.61543],[-0.16045,51.61272],[-0.16103,51.61247],[-0.16081,51.612],[-0.16158,51.61179],[-0.16114,51.61077],[-0.16201,51.61068],[-0.16232,51.61116],[-0.16261,51.61082],[-0.16358,51.61159],[-0.16746,51.61132],[-0.16834,51.61167],[-0.16908,51.61385],[-0.16808,51.6142],[-0.16785,51.61469],[-0.16622,51.61482],[-0.16629,51.61538],[-0.16502,51.61561],[-0.16517,51.61593],[-0.16656,51.61583],[-0.1676,51.61647],[-0.16521,51.61665],[-0.16554,51.6178],[-0.16466,51.61812],[-0.1644,51.6171]]]}},{"type":"Feature","properties":{"id":"E01033911","name":"E01033911","parent":"E09000003","type":"LSOA","pop":2041,"r":697,"ff":281,"ffd":13767.8,"ffs":0.4723,"g":98,"co":0,"mo":0,"sa":0,"ic":0},"geometry":{"type":"Polygon","coordinates":[[[-0.2065,51.62546],[-0.20493,51.62488],[-0.2036,51.62523],[-0.20276,51.62484],[-0.20186,51.62471],[-0.20105,51.62393],[-0.19957,51.6233],[-0.19897,51.62268],[-0.19907,51.62204],[-0.19818,51.62172],[-0.19857,51.62072],[-0.19798,51.62077],[-0.19782,51.6201],[-0.19723,51.62007],[-0.1971,51.61978],[-0.19816,51.61912],[-0.19829,51.61856],[-0.19757,51.61839],[-0.19808,51.61779],[-0.19957,51.61389],[-0.19716,51.61373],[-0.19568,51.61333],[-0.19766,51.61196],[-0.19525,51.61074],[-0.19522,51.61048],[-0.19678,51.61006],[-0.19689,51.60938],[-0.19763,51.60926],[-0.2008,51.61079],[-0.20463,51.61129],[-0.2043,51.61184],[-0.20487,51.61157],[-0.2049,51.61193],[-0.20378,51.6132],[-0.20364,51.61438],[-0.20446,51.6148],[-0.20633,51.61338],[-0.2074,51.61344],[-0.20727,51.61384],[-0.20808,51.61402],[-0.20784,51.61435],[-0.20848,51.61474],[-0.21178,51.6145],[-0.21177,51.61424],[-0.21449,51.61468],[-0.21415,51.61416],[-0.21465,51.61396],[-0.21455,51.6131],[-0.21513,51.61267],[-0.21517,51.61237],[-0.21441,51.61218],[-0.21417,51.61179],[-0.21548,51.61161],[-0.21647,51.6103],[-0.21639,51.609],[-0.21731,51.6087],[-0.21782,51.60946],[-0.22007,51.60898],[-0.2172,51.61252],[-0.21861,51.61221],[-0.22057,51.60935],[-0.22146,51.60925],[-0.22251,51.60868],[-0.22237,51.60918],[-0.22087,51.60981],[-0.22055,51.61025],[-0.22089,51.61069],[-0.22026,51.61067],[-0.21947,51.61233],[-0.22156,51.61218],[-0.2205,51.61473],[-0.2196,51.61442],[-0.21903,51.61534],[-0.22154,51.61616],[-0.22129,51.61727],[-0.22077,51.61723],[-0.22058,51.61855],[-0.21895,51.61873],[-0.21783,51.61947],[-0.21786,51.62328],[-0.21651,51.62301],[-0.2146,51.62326],[-0.21244,51.62446],[-0.20937,51.62489],[-0.20873,51.62469],[-0.2065,51.62546]]]}},{"type":"Feature","properties":{"id":"E01033912","name":"E01033912","parent":"E09000003","type":"LSOA","pop":2018,"r":681,"ff":285,"ffd":14122.9,"ffs":0.4905,"g":97,"co":0,"mo":0,"sa":0,"ic":0},"geometry":{"type":"Polygon","coordinates":[[[-0.20364,51.61438],[-0.20378,51.6132],[-0.2049,51.61193],[-0.20487,51.61157],[-0.2043,51.61184],[-0.20527,51.61028],[-0.20889,51.61115],[-0.20898,51.61153],[-0.21007,51.61147],[-0.21018,51.6126],[-0.21103,51.61321],[-0.21226,51.61287],[-0.21288,51.61219],[-0.21441,51.61218],[-0.21517,51.61237],[-0.21513,51.61267],[-0.21455,51.6131],[-0.21465,51.61396],[-0.21415,51.61416],[-0.21449,51.61468],[-0.21177,51.61424],[-0.21178,51.6145],[-0.20848,51.61474],[-0.20784,51.61435],[-0.20808,51.61402],[-0.20727,51.61384],[-0.2074,51.61344],[-0.20633,51.61338],[-0.20446,51.6148],[-0.20364,51.61438]]]}},{"type":"Feature","properties":{"id":"E01033913","name":"E01033913","parent":"E09000003","type":"LSOA","pop":1596,"r":657,"ff":271,"ffd":16979.9,"ffs":0.4746,"g":83,"co":0,"mo":0,"sa":0,"ic":0},"geometry":{"type":"Polygon","coordinates":[[[-0.26881,51.60625],[-0.26983,51.6053],[-0.27103,51.60624],[-0.27137,51.60625],[-0.26977,51.60447],[-0.26919,51.60416],[-0.26922,51.60359],[-0.26851,51.60345],[-0.26886,51.60308],[-0.26839,51.60288],[-0.26837,51.60211],[-0.26922,51.60211],[-0.27392,51.60586],[-0.27487,51.60694],[-0.27189,51.608],[-0.26903,51.60866],[-0.26819,51.60703],[-0.26923,51.60676],[-0.26881,51.60625]]]}},{"type":"Feature","properties":{"id":"E01033914","name":"E01033914","parent":"E09000003","type":"LSOA","pop":1840,"r":621,"ff":260,"ffd":14130.4,"ffs":0.4815,"g":78,"co":0,"mo":0,"sa":0,"ic":0},"geometry":{"type":"Polygon","coordinates":[[[-0.26532,51.60674],[-0.26434,51.60466],[-0.2637,51.60446],[-0.26345,51.60386],[-0.265,51.60394],[-0.26596,51.60464],[-0.26515,51.60509],[-0.26533,51.60545],[-0.26696,51.60507],[-0.2666,51.60428],[-0.26439,51.60312],[-0.26555,51.60295],[-0.26554,51.6021],[-0.26723,51.60118],[-0.26837,51.60211],[-0.26839,51.60288],[-0.26886,51.60308],[-0.26851,51.60345],[-0.26922,51.60359],[-0.26919,51.60416],[-0.26977,51.60447],[-0.27137,51.60625],[-0.27103,51.60624],[-0.26983,51.6053],[-0.26881,51.60625],[-0.26785,51.60646],[-0.26733,51.60573],[-0.26653,51.60597],[-0.26694,51.60639],[-0.26532,51.60674]]]}},{"type":"Feature","properties":{"id":"E01033915","name":"E01033915","parent":"E09000003","type":"LSOA","pop":2060,"r":750,"ff":303,"ffd":14708.7,"ffs":0.4772,"g":112,"co":0,"mo":0,"sa":0,"ic":0},"geometry":{"type":"Polygon","coordinates":[[[-0.23846,51.60172],[-0.23697,51.5988],[-0.23655,51.59592],[-0.23673,51.59412],[-0.23862,51.59415],[-0.23857,51.59514],[-0.23905,51.59515],[-0.23857,51.5953],[-0.23882,51.59558],[-0.23846,51.59603],[-0.23911,51.59615],[-0.23902,51.59659],[-0.23979,51.59659],[-0.23989,51.59622],[-0.24047,51.59668],[-0.24044,51.59695],[-0.24158,51.59717],[-0.24133,51.59738],[-0.24177,51.59787],[-0.24163,51.60007],[-0.23953,51.5997],[-0.23959,51.60209],[-0.23872,51.60208],[-0.23846,51.60172]]]}},{"type":"Feature","properties":{"id":"E01033916","name":"E01033916","parent":"E09000003","type":"LSOA","pop":3191,"r":696,"ff":281,"ffd":8806.0,"ffs":0.4747,"g":101,"co":0,"mo":0,"sa":0,"ic":0},"geometry":{"type":"Polygon","coordinates":[[[-0.24559,51.5958],[-0.24593,51.5945],[-0.24733,51.59453],[-0.2476,51.5938],[-0.24983,51.59522],[-0.25027,51.59501],[-0.25121,51.59563],[-0.25038,51.59584],[-0.25095,51.59628],[-0.24931,51.59708],[-0.25074,51.5978],[-0.25059,51.59925],[-0.24832,51.5993],[-0.24725,51.599],[-0.24748,51.59845],[-0.24585,51.5984],[-0.24593,51.59678],[-0.24698,51.59661],[-0.24649,51.59602],[-0.24559,51.5958]]]}},{"type":"Feature","properties":{"id":"E01033917","name":"E01033917","parent":"E09000003","type":"LSOA","pop":1617,"r":734,"ff":293,"ffd":18120.0,"ffs":0.4726,"g":111,"co":0,"mo":0,"sa":0,"ic":0},"geometry":{"type":"Polygon","coordinates":[[[-0.24035,51.59543],[-0.24026,51.59444],[-0.24138,51.59469],[-0.24226,51.59566],[-0.24206,51.59623],[-0.24256,51.59633],[-0.24262,51.5968],[-0.24158,51.59717],[-0.24044,51.59695],[-0.24035,51.59543]]]}},{"type":"Feature","properties":{"id":"E01033918","name":"E01033918","parent":"E09000003","type":"LSOA","pop":2244,"r":740,"ff":297,"ffd":13235.3,"ffs":0.4752,"g":112,"co":0,"mo":0,"sa":0,"ic":0},"geometry":{"type":"Polygon","coordinates":[[[-0.24151,51.59487],[-0.24138,51.59469],[-0.24177,51.59485],[-0.24223,51.59431],[-0.24222,51.59357],[-0.24391,51.59353],[-0.24554,51.59273],[-0.24652,51.59351],[-0.24593,51.5945],[-0.24559,51.5958],[-0.24649,51.59602],[-0.24698,51.59661],[-0.24262,51.5968],[-0.24256,51.59633],[-0.24206,51.59623],[-0.24226,51.59566],[-0.24151,51.59487]]]}},{"type":"Feature","properties":{"id":"E01033919","name":"E01033919","parent":"E09000003","type":"LSOA","pop":1599,"r":744,"ff":297,"ffd":18574.1,"ffs":0.4737,"g":114,"co":0,"mo":0,"sa":0,"ic":0},"geometry":{"type":"Polygon","coordinates":[[[-0.24047,51.59668],[-0.23989,51.59622],[-0.23979,51.59659],[-0.23902,51.59659],[-0.23911,51.59615],[-0.23846,51.59603],[-0.23882,51.59558],[-0.23857,51.5953],[-0.23997,51.59461],[-0.2401,51.59423],[-0.23902,51.59388],[-0.23988,51.59293],[-0.24074,51.59295],[-0.24101,51.59246],[-0.24262,51.59306],[-0.24222,51.59357],[-0.24223,51.59431],[-0.24177,51.59485],[-0.24026,51.59444],[-0.24047,51.59668]]]}},{"type":"Feature","properties":{"id":"E01033920","name":"E01033920","parent":"E09000003","type":"LSOA","pop":2079,"r":701,"ff":285,"ffd":13708.5,"ffs":0.479,"g":103,"co":0,"mo":0,"sa":0,"ic":0},"geometry":{"type":"Polygon","coordinates":[[[-0.24973,51.59516],[-0.2476,51.5938],[-0.24733,51.59453],[-0.24593,51.5945],[-0.24652,51.59351],[-0.24554,51.59273],[-0.24391,51.59353],[-0.24222,51.59357],[-0.24262,51.59306],[-0.24046,51.59225],[-0.24093,51.59165],[-0.24021,51.59139],[-0.24152,51.59067],[-0.2416,51.59025],[-0.24249,51.59033],[-0.24248,51.59075],[-0.24404,51.591],[-0.24453,51.59193],[-0.2459,51.59109],[-0.24618,51.59152],[-0.247,51.59119],[-0.24887,51.59141],[-0.24926,51.59234],[-0.25,51.59257],[-0.25001,51.594],[-0.24953,51.59423],[-0.24973,51.59516]]]}},{"type":"Feature","properties":{"id":"E01033921","name":"E01033921","parent":"E09000003","type":"LSOA","pop":1616,"r":634,"ff":257,"ffd":15903.5,"ffs":0.4742,"g":90,"co":0,"mo":0,"sa":0,"ic":0},"geometry":{"type":"Polygon","coordinates":[[[-0.25151,51.59566],[-0.25244,51.59533],[-0.25404,51.5959],[-0.25518,51.59602],[-0.25452,51.5968],[-0.25477,51.59697],[-0.25291,51.59772],[-0.25145,51.59654],[-0.25204,51.59589],[-0.25151,51.59566]]]}},{"type":"Feature","properties":{"id":"E01033922","name":"E01033922","parent":"E09000003","type":"LSOA","pop":1944,"r":677,"ff":273,"ffd":14043.2,"ffs":0.4707,"g":95,"co":0,"mo":0,"sa":0,"ic":0},"geometry":{"type":"Polygon","coordinates":[[[-0.25307,51.59561],[-0.25244,51.59533],[-0.25151,51.59566],[-0.25204,51.59589],[-0.25145,51.59654],[-0.25038,51.59584],[-0.25121,51.59563],[-0.25027,51.59501],[-0.24973,51.59516],[-0.24953,51.59423],[-0.25001,51.594],[-0.25216,51.59364],[-0.25255,51.5933],[-0.2532,51.59385],[-0.25487,51.59328],[-0.25475,51.59426],[-0.25576,51.59455],[-0.25588,51.59526],[-0.25705,51.59582],[-0.25477,51.59697],[-0.25452,51.5968],[-0.25518,51.59602],[-0.25307,51.59561]]]}},{"type":"Feature","properties":{"id":"E01033923","name":"E01033923","parent":"E09000003","type":"LSOA","pop":1700,"r":811,"ff":338,"ffd":19882.4,"ffs":0.4774,"g":101,"co":0,"mo":0,"sa":0,"ic":0},"geometry":{"type":"Polygon","coordinates":[[[-0.24926,51.59234],[-0.24887,51.59141],[-0.24826,51.59135],[-0.24835,51.59105],[-0.25029,51.59115],[-0.25314,51.59177],[-0.25399,51.59162],[-0.25417,51.59191],[-0.2562,51.59117],[-0.25604,51.59188],[-0.25684,51.59186],[-0.25702,51.59234],[-0.25503,51.59321],[-0.25357,51.59211],[-0.25261,51.59205],[-0.25251,51.59258],[-0.25301,51.59314],[-0.25216,51.59364],[-0.25001,51.594],[-0.25,51.59257],[-0.24926,51.59234]]]}},{"type":"Feature","properties":{"id":"E01033924","name":"E01033924","parent":"E09000003","type":"LSOA","pop":1596,"r":738,"ff":303,"ffd":18985.0,"ffs":0.4764,"g":99,"co":0,"mo":0,"sa":0,"ic":0},"geometry":{"type":"Polygon","coordinates":[[[-0.25475,51.59426],[-0.25487,51.59328],[-0.2532,51.59385],[-0.25255,51.5933],[-0.25301,51.59314],[-0.25251,51.59258],[-0.25261,51.59205],[-0.25357,51.59211],[-0.25503,51.59321],[-0.25702,51.59234],[-0.25684,51.59186],[-0.25604,51.59188],[-0.2562,51.59117],[-0.25417,51.59191],[-0.25351,51.59085],[-0.25397,51.59072],[-0.25356,51.5904],[-0.25381,51.59019],[-0.25192,51.58888],[-0.25256,51.58844],[-0.25753,51.59214],[-0.25974,51.59418],[-0.25705,51.59582],[-0.25588,51.59526],[-0.25576,51.59455],[-0.25475,51.59426]]]}},{"type":"Feature","properties":{"id":"E01033925","name":"E01033925","parent":"E09000003","type":"LSOA","pop":1880,"r":823,"ff":329,"ffd":17500.0,"ffs":0.466,"g":115,"co":0,"mo":0,"sa":0,"ic":0},"geometry":{"type":"Polygon","coordinates":[[[-0.23859,51.59473],[-0.23862,51.59415],[-0.23673,51.59412],[-0.23875,51.58704],[-0.24052,51.58716],[-0.24046,51.58841],[-0.24207,51.58969],[-0.24264,51.58942],[-0.24415,51.58953],[-0.24519,51.58721],[-0.24569,51.58712],[-0.24623,51.5876],[-0.24642,51.58712],[-0.25018,51.58624],[-0.25221,51.58809],[-0.2512,51.58858],[-0.25157,51.58796],[-0.25037,51.58745],[-0.24826,51.58795],[-0.24662,51.58783],[-0.24645,51.58809],[-0.24688,51.58909],[-0.24557,51.58903],[-0.24509,51.59067],[-0.24423,51.59073],[-0.24442,51.59098],[-0.24404,51.591],[-0.24248,51.59075],[-0.24249,51.59033],[-0.2416,51.59025],[-0.24152,51.59067],[-0.24021,51.59139],[-0.24093,51.59165],[-0.24046,51.59225],[-0.24101,51.59246],[-0.24074,51.59295],[-0.23988,51.59293],[-0.23902,51.59388],[-0.2401,51.59423],[-0.23997,51.59461],[-0.23905,51.59515],[-0.23857,51.59514],[-0.23859,51.59473]]]}}]}