{"type":"FeatureCollection","features":[{"type":"Feature","properties":{"id":"E01000645","name":"E01000645","parent":"E09000006","type":"LSOA","pop":1444,"r":595,"ff":242,"ffd":16759.0,"ffs":0.4939,"g":103,"co":0,"mo":0,"sa":0,"ic":0},"geometry":{"type":"Polygon","coordinates":[[[0.04884,51.41295],[0.05064,51.41114],[0.05504,51.40733],[0.05349,51.40717],[0.052,51.40636],[0.05185,51.40592],[0.05108,51.4059],[0.04991,51.40527],[0.04938,51.40594],[0.04829,51.40548],[0.04864,51.40507],[0.04818,51.4048],[0.04608,51.40492],[0.04571,51.40553],[0.04381,51.40508],[0.04341,51.40408],[0.04296,51.40406],[0.04307,51.40368],[0.04419,51.40353],[0.04532,51.40286],[0.04394,51.40168],[0.03689,51.40476],[0.0413,51.40522],[0.04053,51.40696],[0.03974,51.40696],[0.03961,51.40731],[0.04029,51.40732],[0.04008,51.40764],[0.04084,51.40805],[0.04107,51.40896],[0.04143,51.40873],[0.04236,51.40915],[0.04187,51.40964],[0.04242,51.4099],[0.0415,51.41039],[0.04128,51.40987],[0.04051,51.40973],[0.04036,51.40997],[0.04114,51.41046],[0.03945,51.4107],[0.03975,51.41096],[0.04111,51.41105],[0.04146,51.41162],[0.04234,51.412],[0.04353,51.41183],[0.04455,51.41221],[0.0452,51.41289],[0.04314,51.41271],[0.04273,51.41329],[0.04455,51.41349],[0.04487,51.41381],[0.04528,51.41382],[0.04587,51.41473],[0.04571,51.41551],[0.04486,51.41601],[0.04525,51.41625],[0.04884,51.41295]]]}},{"type":"Feature","properties":{"id":"E01000646","name":"E01000646","parent":"E09000006","type":"LSOA","pop":1850,"r":619,"ff":261,"ffd":14108.1,"ffs":0.5078,"g":103,"co":0,"mo":2,"sa":0,"ic":0},"geometry":{"type":"Polygon","coordinates":[[[0.02804,51.41023],[0.02848,51.40973],[0.02896,51.40993],[0.02979,51.40973],[0.02991,51.40926],[0.03119,51.40878],[0.03118,51.40835],[0.03331,51.40771],[0.03383,51.40932],[0.03457,51.40935],[0.03462,51.40701],[0.03596,51.40688],[0.03612,51.40652],[0.03746,51.40708],[0.03882,51.4067],[0.04053,51.40696],[0.0413,51.40522],[0.03689,51.40476],[0.03569,51.40528],[0.03502,51.40514],[0.03402,51.40576],[0.03296,51.40578],[0.03301,51.40614],[0.02879,51.40665],[0.02855,51.4056],[0.02928,51.40556],[0.02942,51.40606],[0.03049,51.40592],[0.02995,51.40424],[0.03077,51.4041],[0.03082,51.40351],[0.03199,51.40308],[0.03181,51.40278],[0.03023,51.40193],[0.02914,51.4029],[0.02845,51.40309],[0.02844,51.40395],[0.02709,51.4044],[0.02709,51.40481],[0.02773,51.40473],[0.0275,51.40533],[0.02792,51.40584],[0.02646,51.40605],[0.02669,51.40768],[0.02604,51.40774],[0.02643,51.4092],[0.02733,51.4095],[0.02774,51.41015],[0.02804,51.41023]]]}},{"type":"Feature","properties":{"id":"E01000647","name":"E01000647","parent":"E09000006","type":"LSOA","pop":1661,"r":571,"ff":233,"ffd":14027.7,"ffs":0.4968,"g":100,"co":0,"mo":0,"sa":0,"ic":0},"geometry":{"type":"Polygon","coordinates":[[[0.03301,51.40614],[0.03296,51.40578],[0.03402,51.40576],[0.03502,51.40514],[0.03569,51.40528],[0.03625,51.40505],[0.03536,51.40381],[0.03525,51.40245],[0.03491,51.40216],[0.03543,51.40119],[0.03504,51.4005],[0.03134,51.40158],[0.03083,51.39964],[0.02839,51.39985],[0.02835,51.40099],[0.02742,51.40102],[0.0277,51.403],[0.02845,51.40309],[0.02914,51.4029],[0.03023,51.40193],[0.03181,51.40278],[0.03199,51.40308],[0.03082,51.40351],[0.03077,51.4041],[0.02995,51.40424],[0.03049,51.40592],[0.02942,51.40606],[0.02928,51.40556],[0.02855,51.4056],[0.02879,51.40665],[0.03301,51.40614]]]}},{"type":"Feature","properties":{"id":"E01000648","name":"E01000648","parent":"E09000006","type":"LSOA","pop":1987,"r":569,"ff":229,"ffd":11524.9,"ffs":0.4914,"g":101,"co":0,"mo":0,"sa":0,"ic":0},"geometry":{"type":"Polygon","coordinates":[[[0.03864,51.40412],[0.04394,51.40168],[0.0446,51.40154],[0.04546,51.40024],[0.0398,51.39985],[0.04033,51.39793],[0.03949,51.39713],[0.04139,51.39659],[0.04148,51.39633],[0.03918,51.39606],[0.03751,51.39758],[0.03669,51.39969],[0.03083,51.39964],[0.03134,51.40158],[0.03504,51.4005],[0.03543,51.40119],[0.03491,51.40216],[0.03525,51.40245],[0.03536,51.40381],[0.03625,51.40505],[0.03864,51.40412]]]}},{"type":"Feature","properties":{"id":"E01000649","name":"E01000649","parent":"E09000006","type":"LSOA","pop":2167,"r":564,"ff":228,"ffd":10521.5,"ffs":0.4946,"g":101,"co":0,"mo":0,"sa":0,"ic":0},"geometry":{"type":"Polygon","coordinates":[[[0.05504,51.40733],[0.06083,51.40243],[0.06536,51.3978],[0.06126,51.3982],[0.05805,51.399],[0.05681,51.39867],[0.05616,51.39915],[0.04919,51.39906],[0.04926,51.39944],[0.04998,51.39953],[0.04924,51.39992],[0.04921,51.40037],[0.04743,51.40027],[0.04696,51.40089],[0.04609,51.40086],[0.04394,51.40168],[0.04532,51.40286],[0.04419,51.40353],[0.04307,51.40368],[0.04296,51.40406],[0.04341,51.40408],[0.04381,51.40508],[0.04571,51.40553],[0.04608,51.40492],[0.04818,51.4048],[0.04864,51.40507],[0.04829,51.40548],[0.04938,51.40594],[0.04991,51.40527],[0.05108,51.4059],[0.05185,51.40592],[0.052,51.40636],[0.05349,51.40717],[0.05504,51.40733]]]}},{"type":"Feature","properties":{"id":"E01000650","name":"E01000650","parent":"E09000006","type":"LSOA","pop":1784,"r":529,"ff":204,"ffd":11435.0,"ffs":0.4744,"g":97,"co":0,"mo":0,"sa":0,"ic":0},"geometry":{"type":"Polygon","coordinates":[[[0.0446,51.40154],[0.04609,51.40086],[0.04696,51.40089],[0.04743,51.40027],[0.04921,51.40037],[0.04924,51.39992],[0.04998,51.39953],[0.04926,51.39944],[0.04919,51.39906],[0.05616,51.39915],[0.05681,51.39867],[0.05805,51.399],[0.06126,51.3982],[0.06536,51.3978],[0.06677,51.39638],[0.06384,51.39372],[0.06549,51.39128],[0.06423,51.39117],[0.0646,51.38926],[0.06412,51.38926],[0.05919,51.39285],[0.05903,51.39548],[0.05736,51.39636],[0.05584,51.39576],[0.05541,51.39501],[0.05492,51.39519],[0.05364,51.39488],[0.05239,51.39515],[0.05024,51.3952],[0.05017,51.39376],[0.05055,51.39367],[0.05093,51.39406],[0.05182,51.39395],[0.05142,51.39313],[0.05002,51.39313],[0.04973,51.39228],[0.04918,51.39235],[0.0488,51.39192],[0.04849,51.39221],[0.04751,51.39217],[0.04699,51.39137],[0.04606,51.39154],[0.04601,51.39262],[0.0451,51.39288],[0.04534,51.39542],[0.04608,51.39697],[0.04595,51.39831],[0.0468,51.39814],[0.04723,51.39837],[0.04711,51.39873],[0.04651,51.39867],[0.0463,51.39904],[0.04582,51.39901],[0.04546,51.40024],[0.0446,51.40154]]]}},{"type":"Feature","properties":{"id":"E01000651","name":"E01000651","parent":"E09000006","type":"LSOA","pop":1738,"r":522,"ff":204,"ffd":11737.6,"ffs":0.4823,"g":97,"co":0,"mo":0,"sa":0,"ic":0},"geometry":{"type":"Polygon","coordinates":[[[0.04546,51.40024],[0.04582,51.39901],[0.0463,51.39904],[0.04651,51.39867],[0.04711,51.39873],[0.04723,51.39837],[0.0468,51.39814],[0.04595,51.39831],[0.04608,51.39697],[0.04534,51.39542],[0.04509,51.39259],[0.0443,51.39305],[0.04477,51.39354],[0.04434,51.39399],[0.04214,51.39403],[0.04154,51.3938],[0.04182,51.39325],[0.04253,51.39311],[0.04184,51.39297],[0.04211,51.39224],[0.04286,51.3922],[0.04184,51.39141],[0.04113,51.39268],[0.04084,51.39412],[0.04036,51.39424],[0.0407,51.39465],[0.03918,51.39606],[0.04148,51.39633],[0.04139,51.39659],[0.03949,51.39713],[0.04033,51.39793],[0.0398,51.39985],[0.04546,51.40024]]]}},{"type":"Feature","properties":{"id":"E01000652","name":"E01000652","parent":"E09000006","type":"LSOA","pop":1748,"r":491,"ff":194,"ffd":11098.4,"ffs":0.4924,"g":95,"co":0,"mo":0,"sa":0,"ic":0},"geometry":{"type":"Polygon","coordinates":[[[0.05903,51.39548],[0.05919,51.39285],[0.06412,51.38926],[0.05929,51.38997],[0.05476,51.39111],[0.0545,51.39067],[0.04925,51.38954],[0.04762,51.38945],[0.04526,51.39006],[0.04299,51.38948],[0.04201,51.39052],[0.04184,51.39141],[0.04286,51.3922],[0.04211,51.39224],[0.04184,51.39297],[0.04253,51.39311],[0.04182,51.39325],[0.04154,51.3938],[0.04214,51.39403],[0.04434,51.39399],[0.04477,51.39354],[0.0443,51.39305],[0.04509,51.39259],[0.0451,51.39288],[0.04601,51.39262],[0.04606,51.39154],[0.04699,51.39137],[0.04751,51.39217],[0.04849,51.39221],[0.0488,51.39192],[0.04918,51.39235],[0.04973,51.39228],[0.05002,51.39313],[0.05142,51.39313],[0.05182,51.39395],[0.05093,51.39406],[0.05055,51.39367],[0.05017,51.39376],[0.05024,51.3952],[0.05239,51.39515],[0.05364,51.39488],[0.05492,51.39519],[0.05541,51.39501],[0.05584,51.39576],[0.05736,51.39636],[0.05903,51.39548]]]}},{"type":"Feature","properties":{"id":"E01000653","name":"E01000653","parent":"E09000006","type":"LSOA","pop":1545,"r":627,"ff":260,"ffd":16828.5,"ffs":0.5029,"g":108,"co":0,"mo":0,"sa":0,"ic":0},"geometry":{"type":"Polygon","coordinates":[[[0.04273,51.41329],[0.04314,51.41271],[0.0452,51.41289],[0.04455,51.41221],[0.04353,51.41183],[0.04234,51.412],[0.04146,51.41162],[0.04111,51.41105],[0.03975,51.41096],[0.03945,51.4107],[0.04114,51.41046],[0.04036,51.40997],[0.04051,51.40973],[0.04128,51.40987],[0.0415,51.41039],[0.04242,51.4099],[0.04187,51.40964],[0.04236,51.40915],[0.04143,51.40873],[0.04107,51.40896],[0.04084,51.40805],[0.04008,51.40764],[0.04029,51.40732],[0.03961,51.40731],[0.03974,51.40696],[0.03882,51.4067],[0.03746,51.40708],[0.03612,51.40652],[0.03596,51.40688],[0.03462,51.40701],[0.03457,51.40935],[0.03383,51.40932],[0.03331,51.40771],[0.03118,51.40835],[0.03119,51.40878],[0.02991,51.40926],[0.02979,51.40973],[0.02896,51.40993],[0.02848,51.40973],[0.02804,51.41023],[0.02921,51.41119],[0.02969,51.41082],[0.0396,51.41407],[0.04487,51.41381],[0.04455,51.41349],[0.04273,51.41329]]]}},{"type":"Feature","properties":{"id":"E01000654","name":"E01000654","parent":"E09000006","type":"LSOA","pop":1304,"r":104,"ff":35,"ffd":2684.0,"ffs":0.5556,"g":41,"co":0,"mo":2,"sa":2,"ic":0},"geometry":{"type":"Polygon","coordinates":[[[0.03032,51.30894],[0.03268,51.30849],[0.0329,51.30751],[0.03039,51.30562],[0.02798,51.30469],[0.02484,51.30215],[0.0236,51.2997],[0.02095,51.29678],[0.01995,51.2934],[0.0191,51.29168],[0.01501,51.29179],[0.01109,51.30281],[0.01136,51.30324],[0.01296,51.30374],[0.01367,51.3043],[0.01628,51.30317],[0.01631,51.3025],[0.01865,51.30133],[0.02222,51.30351],[0.02348,51.30486],[0.02384,51.30597],[0.02438,51.30511],[0.02454,51.3062],[0.02518,51.30686],[0.02588,51.3066],[0.02602,51.30693],[0.02548,51.30721],[0.02397,51.30702],[0.02447,51.30759],[0.02633,51.30823],[0.02653,51.30867],[0.02723,51.30859],[0.02713,51.30916],[0.02752,51.30939],[0.02869,51.30961],[0.03032,51.30894]]]}},{"type":"Feature","properties":{"id":"E01000655","name":"E01000655","parent":"E09000006","type":"LSOA","pop":1324,"r":90,"ff":29,"ffd":2190.3,"ffs":0.5472,"g":37,"co":0,"mo":2,"sa":0,"ic":0},"geometry":{"type":"Polygon","coordinates":[[[0.0271,51.31054],[0.02774,51.31009],[0.02752,51.30939],[0.02713,51.30916],[0.02723,51.30859],[0.02653,51.30867],[0.02633,51.30823],[0.02447,51.30759],[0.02397,51.30702],[0.02548,51.30721],[0.02602,51.30693],[0.02588,51.3066],[0.02518,51.30686],[0.02454,51.3062],[0.02438,51.30511],[0.02384,51.30597],[0.02348,51.30486],[0.02222,51.30351],[0.01865,51.30133],[0.01631,51.3025],[0.01628,51.30317],[0.01367,51.3043],[0.01487,51.30539],[0.01405,51.30653],[0.0143,51.30775],[0.01981,51.30624],[0.02058,51.30637],[0.0215,51.30817],[0.02203,51.30825],[0.02227,51.30782],[0.0246,51.30844],[0.02654,51.30952],[0.0259,51.31026],[0.02464,51.31024],[0.02489,51.31049],[0.0254,51.31032],[0.02555,51.31071],[0.0271,51.31054]]]}},{"type":"Feature","properties":{"id":"E01000656","name":"E01000656","parent":"E09000006","type":"LSOA","pop":1528,"r":92,"ff":28,"ffd":1832.5,"ffs":0.5091,"g":37,"co":0,"mo":2,"sa":2,"ic":0},"geometry":{"type":"Polygon","coordinates":[[[0.00331,51.33215],[0.00727,51.33152],[0.01083,51.33147],[0.01168,51.33108],[0.01298,51.32928],[0.01388,51.32842],[0.01541,51.32849],[0.01526,51.32881],[0.01699,51.32964],[0.01947,51.32968],[0.01961,51.32944],[0.0201,51.32975],[0.0205,51.32963],[0.02058,51.32766],[0.02284,51.32769],[0.02274,51.327],[0.0242,51.32724],[0.02436,51.32609],[0.02314,51.32568],[0.02609,51.3236],[0.02891,51.32045],[0.03124,51.32101],[0.03278,51.31977],[0.03228,51.31885],[0.0329,51.31808],[0.03213,51.31777],[0.03293,51.31654],[0.0324,51.31652],[0.03227,51.3169],[0.03095,51.3169],[0.03051,51.31549],[0.02981,51.31664],[0.02841,51.31637],[0.02908,51.31536],[0.02829,51.31526],[0.02821,51.31442],[0.02846,51.31429],[0.02954,51.31482],[0.02954,51.31424],[0.0285,51.31353],[0.02916,51.31309],[0.0269,51.31307],[0.02488,51.3134],[0.02429,51.31467],[0.0241,51.31412],[0.02339,51.31411],[0.02231,51.31334],[0.02092,51.31336],[0.01954,51.31163],[0.01588,51.30978],[0.0143,51.30775],[0.01405,51.30653],[0.01487,51.30539],[0.01296,51.30374],[0.01136,51.30324],[0.01109,51.30281],[0.00839,51.31036],[0.01035,51.31614],[0.00658,51.31565],[0.00555,51.31844],[0.00491,51.32195],[0.00229,51.32914],[0.00221,51.32977],[0.00292,51.33034],[0.00331,51.33215]]]}},{"type":"Feature","properties":{"id":"E01000657","name":"E01000657","parent":"E09000006","type":"LSOA","pop":1562,"r":89,"ff":26,"ffd":1664.5,"ffs":0.4906,"g":36,"co":0,"mo":2,"sa":2,"ic":0},"geometry":{"type":"Polygon","coordinates":[[[0.03227,51.3169],[0.0324,51.31652],[0.03293,51.31654],[0.03305,51.31608],[0.0335,51.31611],[0.03373,51.31575],[0.03517,51.31587],[0.03523,51.31624],[0.03577,51.31626],[0.03587,51.31582],[0.03657,51.31589],[0.03662,51.31544],[0.03743,51.31386],[0.03595,51.31325],[0.03469,51.31207],[0.03411,51.31221],[0.03366,51.31192],[0.0343,51.31124],[0.03418,51.3108],[0.03475,51.31092],[0.03532,51.31029],[0.03408,51.31055],[0.0337,51.31035],[0.03309,51.31121],[0.0318,51.3095],[0.03106,51.30939],[0.02956,51.31037],[0.02993,51.3106],[0.02909,51.31074],[0.02969,51.3123],[0.02967,51.31377],[0.02908,51.31396],[0.02954,51.31424],[0.02954,51.31482],[0.02846,51.31429],[0.02821,51.31442],[0.02829,51.31526],[0.02908,51.31536],[0.02841,51.31637],[0.02981,51.31664],[0.03051,51.31549],[0.03095,51.3169],[0.03227,51.3169]]]}},{"type":"Feature","properties":{"id":"E01000658","name":"E01000658","parent":"E09000006","type":"LSOA","pop":1358,"r":85,"ff":26,"ffd":1914.6,"ffs":0.4906,"g":32,"co":0,"mo":2,"sa":2,"ic":0},"geometry":{"type":"Polygon","coordinates":[[[0.03895,51.3334],[0.0382,51.33204],[0.04214,51.33091],[0.0394,51.32609],[0.04042,51.32466],[0.04422,51.32031],[0.03928,51.31645],[0.04142,51.31554],[0.04354,51.3156],[0.04375,51.31346],[0.04431,51.31342],[0.04418,51.31254],[0.04329,51.31258],[0.04345,51.31027],[0.04394,51.3096],[0.04446,51.30781],[0.04339,51.30773],[0.04324,51.30737],[0.04211,51.30752],[0.04193,51.30805],[0.04085,51.30836],[0.04016,51.30882],[0.04152,51.30904],[0.04135,51.30964],[0.0409,51.30955],[0.03934,51.31038],[0.03872,51.3113],[0.03887,51.31163],[0.03985,51.31164],[0.04022,51.31198],[0.04021,51.31229],[0.03743,51.31386],[0.03662,51.31544],[0.03657,51.31589],[0.03587,51.31582],[0.03577,51.31626],[0.03523,51.31624],[0.03517,51.31587],[0.03373,51.31575],[0.0335,51.31611],[0.03305,51.31608],[0.03213,51.31777],[0.0329,51.31808],[0.03228,51.31885],[0.03278,51.31977],[0.03124,51.32101],[0.02891,51.32045],[0.02609,51.3236],[0.02314,51.32568],[0.02436,51.32609],[0.0242,51.32724],[0.02274,51.327],[0.02284,51.32769],[0.0238,51.32894],[0.02564,51.32931],[0.0265,51.3298],[0.02759,51.33314],[0.02857,51.3329],[0.02861,51.33351],[0.02943,51.33452],[0.03063,51.33522],[0.03191,51.33445],[0.03895,51.3334]]]}},{"type":"Feature","properties":{"id":"E01000659","name":"E01000659","parent":"E09000006","type":"LSOA","pop":1419,"r":95,"ff":31,"ffd":2184.6,"ffs":0.5345,"g":37,"co":0,"mo":2,"sa":0,"ic":0},"geometry":{"type":"Polygon","coordinates":[[[0.02488,51.3134],[0.0269,51.31307],[0.02916,51.31309],[0.0285,51.31353],[0.02908,51.31396],[0.02967,51.31377],[0.02969,51.3123],[0.02909,51.31074],[0.02993,51.3106],[0.02956,51.31037],[0.03106,51.30939],[0.0318,51.3095],[0.03268,51.30849],[0.03032,51.30894],[0.02869,51.30961],[0.02752,51.30939],[0.02774,51.31009],[0.0271,51.31054],[0.02555,51.31071],[0.0254,51.31032],[0.02489,51.31049],[0.02464,51.31024],[0.0259,51.31026],[0.02654,51.30952],[0.0246,51.30844],[0.02227,51.30782],[0.02203,51.30825],[0.0215,51.30817],[0.02058,51.30637],[0.01981,51.30624],[0.0143,51.30775],[0.01588,51.30978],[0.01954,51.31163],[0.02092,51.31336],[0.02231,51.31334],[0.02339,51.31411],[0.0241,51.31412],[0.02429,51.31467],[0.02488,51.3134]]]}},{"type":"Feature","properties":{"id":"E01000661","name":"E01000661","parent":"E09000006","type":"LSOA","pop":2849,"r":446,"ff":169,"ffd":5931.9,"ffs":0.4734,"g":87,"co":0,"mo":0,"sa":0,"ic":0},"geometry":{"type":"Polygon","coordinates":[[[0.04673,51.38975],[0.04633,51.38946],[0.04595,51.38971],[0.04409,51.38885],[0.04309,51.38895],[0.04247,51.3883],[0.04367,51.38671],[0.04449,51.3866],[0.04538,51.38599],[0.04488,51.38558],[0.0456,51.38538],[0.04529,51.38482],[0.04599,51.38493],[0.04785,51.38252],[0.04345,51.38185],[0.04129,51.38106],[0.0425,51.37928],[0.04173,51.37814],[0.041,51.37862],[0.0347,51.37837],[0.03417,51.37905],[0.03374,51.38205],[0.03272,51.38354],[0.03187,51.38407],[0.03086,51.38658],[0.02998,51.38769],[0.02932,51.38783],[0.03531,51.3893],[0.03601,51.38868],[0.03676,51.38721],[0.03745,51.38636],[0.0373,51.38656],[0.03819,51.38688],[0.03858,51.38731],[0.03842,51.38882],[0.03787,51.38885],[0.04232,51.38923],[0.04205,51.38955],[0.04264,51.38997],[0.04299,51.38948],[0.04526,51.39006],[0.04673,51.38975]]]}},{"type":"Feature","properties":{"id":"E01000662","name":"E01000662","parent":"E09000006","type":"LSOA","pop":1823,"r":499,"ff":195,"ffd":10696.7,"ffs":0.4875,"g":97,"co":0,"mo":0,"sa":0,"ic":0},"geometry":{"type":"Polygon","coordinates":[[[0.05476,51.39111],[0.05929,51.38997],[0.05892,51.38953],[0.05962,51.38937],[0.0595,51.38899],[0.05834,51.38889],[0.05753,51.38814],[0.05581,51.38843],[0.05414,51.38933],[0.05415,51.39016],[0.05356,51.39016],[0.05336,51.38873],[0.05222,51.38754],[0.05357,51.38714],[0.05455,51.38721],[0.05204,51.38566],[0.05196,51.38359],[0.05158,51.38176],[0.04991,51.38167],[0.04964,51.38229],[0.04785,51.38252],[0.04599,51.38493],[0.04529,51.38482],[0.0456,51.38538],[0.04488,51.38558],[0.04538,51.38599],[0.04449,51.3866],[0.04367,51.38671],[0.04247,51.3883],[0.04309,51.38895],[0.04409,51.38885],[0.04595,51.38971],[0.04633,51.38946],[0.04673,51.38975],[0.04762,51.38945],[0.04925,51.38954],[0.0545,51.39067],[0.05476,51.39111]]]}},{"type":"Feature","properties":{"id":"E01000663","name":"E01000663","parent":"E09000006","type":"LSOA","pop":1731,"r":410,"ff":150,"ffd":8665.5,"ffs":0.4573,"g":80,"co":0,"mo":0,"sa":0,"ic":0},"geometry":{"type":"Polygon","coordinates":[[[0.06597,51.39024],[0.06425,51.38715],[0.06231,51.3852],[0.06224,51.38422],[0.06151,51.3827],[0.05887,51.38182],[0.05824,51.38089],[0.0571,51.38114],[0.05743,51.38171],[0.05826,51.38197],[0.058,51.38242],[0.0565,51.38281],[0.05606,51.38325],[0.05658,51.38357],[0.05704,51.38317],[0.05815,51.38306],[0.05724,51.38385],[0.05789,51.38598],[0.05716,51.38573],[0.05701,51.38617],[0.05731,51.38659],[0.05812,51.38657],[0.05851,51.38757],[0.06045,51.38664],[0.06135,51.38665],[0.0615,51.38695],[0.05977,51.38777],[0.0595,51.38899],[0.05962,51.38937],[0.05892,51.38953],[0.05929,51.38997],[0.0646,51.38926],[0.06423,51.39117],[0.06549,51.39128],[0.06597,51.39024]]]}},{"type":"Feature","properties":{"id":"E01000664","name":"E01000664","parent":"E09000006","type":"LSOA","pop":1629,"r":369,"ff":138,"ffd":8471.5,"ffs":0.4631,"g":69,"co":0,"mo":0,"sa":0,"ic":0},"geometry":{"type":"Polygon","coordinates":[[[0.05581,51.38843],[0.05753,51.38814],[0.05834,51.38889],[0.0595,51.38899],[0.05977,51.38777],[0.0615,51.38695],[0.06135,51.38665],[0.06045,51.38664],[0.05851,51.38757],[0.05812,51.38657],[0.05731,51.38659],[0.05701,51.38617],[0.05716,51.38573],[0.05789,51.38598],[0.05724,51.38385],[0.05815,51.38306],[0.05704,51.38317],[0.05658,51.38357],[0.05606,51.38325],[0.0565,51.38281],[0.058,51.38242],[0.05826,51.38197],[0.05743,51.38171],[0.0571,51.38114],[0.05824,51.38089],[0.0569,51.37845],[0.05708,51.37717],[0.05631,51.37649],[0.05718,51.37586],[0.05375,51.37592],[0.05436,51.37495],[0.05429,51.37396],[0.05292,51.37318],[0.05071,51.37465],[0.04895,51.37533],[0.04912,51.37576],[0.04977,51.3759],[0.05013,51.37677],[0.04965,51.37729],[0.04873,51.37716],[0.04771,51.37655],[0.04832,51.37618],[0.04807,51.37533],[0.04559,51.37534],[0.04517,51.37558],[0.04443,51.37543],[0.04421,51.37581],[0.04604,51.37653],[0.04597,51.37725],[0.04548,51.37706],[0.04482,51.37754],[0.04539,51.37796],[0.04603,51.37802],[0.0467,51.37708],[0.04773,51.3771],[0.04751,51.37743],[0.04902,51.38005],[0.05011,51.38126],[0.04991,51.38167],[0.05158,51.38176],[0.05196,51.38359],[0.05204,51.38566],[0.05455,51.38721],[0.05357,51.38714],[0.05222,51.38754],[0.05336,51.38873],[0.05356,51.39016],[0.05415,51.39016],[0.05414,51.38933],[0.05581,51.38843]]]}},{"type":"Feature","properties":{"id":"E01000665","name":"E01000665","parent":"E09000006","type":"LSOA","pop":1919,"r":444,"ff":165,"ffd":8598.2,"ffs":0.4728,"g":93,"co":0,"mo":0,"sa":0,"ic":0},"geometry":{"type":"Polygon","coordinates":[[[0.04902,51.38005],[0.04751,51.37743],[0.04773,51.3771],[0.0467,51.37708],[0.04603,51.37802],[0.04539,51.37796],[0.04482,51.37754],[0.04548,51.37706],[0.04597,51.37725],[0.04604,51.37653],[0.04421,51.37581],[0.04443,51.37543],[0.04517,51.37558],[0.04559,51.37534],[0.04807,51.37533],[0.04832,51.37618],[0.04771,51.37655],[0.04873,51.37716],[0.04965,51.37729],[0.05013,51.37677],[0.04977,51.3759],[0.04912,51.37576],[0.04895,51.37533],[0.05071,51.37465],[0.05292,51.37318],[0.05112,51.37174],[0.04743,51.37245],[0.04649,51.37288],[0.04559,51.37273],[0.0454,51.37352],[0.04434,51.37374],[0.04469,51.37324],[0.04415,51.37239],[0.04191,51.37289],[0.03945,51.36951],[0.03914,51.36931],[0.03928,51.37147],[0.03847,51.37108],[0.03856,51.37191],[0.03931,51.37184],[0.03937,51.37268],[0.0388,51.37273],[0.03685,51.37429],[0.03535,51.37469],[0.03525,51.37761],[0.0347,51.37837],[0.041,51.37862],[0.04173,51.37814],[0.0425,51.37928],[0.04129,51.38106],[0.04345,51.38185],[0.04785,51.38252],[0.04964,51.38229],[0.05011,51.38126],[0.04902,51.38005]]]}},{"type":"Feature","properties":{"id":"E01000666","name":"E01000666","parent":"E09000006","type":"LSOA","pop":1905,"r":390,"ff":138,"ffd":7244.1,"ffs":0.4585,"g":86,"co":0,"mo":2,"sa":0,"ic":0},"geometry":{"type":"Polygon","coordinates":[[[0.03937,51.37268],[0.03931,51.37184],[0.03856,51.37191],[0.03847,51.37108],[0.03928,51.37147],[0.03914,51.36931],[0.03945,51.36951],[0.04032,51.36959],[0.04015,51.36916],[0.04074,51.36907],[0.04127,51.3704],[0.04191,51.37088],[0.04247,51.37021],[0.04238,51.3684],[0.04147,51.36864],[0.04078,51.36803],[0.0412,51.36803],[0.04109,51.36767],[0.03989,51.36723],[0.03896,51.36723],[0.03898,51.36692],[0.03985,51.36689],[0.03988,51.36665],[0.03984,51.36622],[0.03904,51.36622],[0.03909,51.36546],[0.0399,51.36558],[0.04033,51.36513],[0.03999,51.3646],[0.03905,51.36486],[0.03905,51.36063],[0.04069,51.36094],[0.04498,51.36058],[0.04752,51.35963],[0.04794,51.3592],[0.04779,51.3582],[0.04642,51.35618],[0.04665,51.35503],[0.04416,51.35408],[0.04577,51.35248],[0.04253,51.35026],[0.03986,51.34934],[0.03831,51.35029],[0.03681,51.3481],[0.03695,51.34771],[0.03412,51.34775],[0.03399,51.34893],[0.03114,51.34897],[0.02782,51.34967],[0.02686,51.34952],[0.02338,51.35142],[0.02026,51.35265],[0.02163,51.35553],[0.02107,51.35557],[0.02053,51.3552],[0.01932,51.35579],[0.02041,51.35742],[0.01998,51.3581],[0.02232,51.35905],[0.02233,51.35936],[0.02497,51.36089],[0.02642,51.36128],[0.02741,51.36228],[0.02859,51.36428],[0.03002,51.36538],[0.03145,51.36727],[0.03354,51.36762],[0.03335,51.3687],[0.03535,51.37469],[0.03685,51.37429],[0.0388,51.37273],[0.03937,51.37268]]]}},{"type":"Feature","properties":{"id":"E01000667","name":"E01000667","parent":"E09000006","type":"LSOA","pop":1676,"r":415,"ff":150,"ffd":8949.9,"ffs":0.4615,"g":88,"co":0,"mo":0,"sa":0,"ic":0},"geometry":{"type":"Polygon","coordinates":[[[0.0454,51.37352],[0.04559,51.37273],[0.04649,51.37288],[0.04743,51.37245],[0.05068,51.37185],[0.05019,51.37146],[0.05045,51.37132],[0.04985,51.37118],[0.04843,51.36998],[0.05068,51.36727],[0.05546,51.36481],[0.05448,51.36355],[0.05496,51.36328],[0.0534,51.36236],[0.04965,51.36221],[0.0491,51.35971],[0.04826,51.35989],[0.04794,51.3592],[0.04752,51.35963],[0.04498,51.36058],[0.04069,51.36094],[0.03905,51.36063],[0.03905,51.36486],[0.03999,51.3646],[0.04033,51.36513],[0.0399,51.36558],[0.03909,51.36546],[0.03904,51.36622],[0.03984,51.36622],[0.03988,51.36665],[0.03985,51.36689],[0.03898,51.36692],[0.03896,51.36723],[0.03989,51.36723],[0.04109,51.36767],[0.0412,51.36803],[0.04078,51.36803],[0.04147,51.36864],[0.04238,51.3684],[0.04247,51.37021],[0.04191,51.37088],[0.04127,51.3704],[0.04074,51.36907],[0.04015,51.36916],[0.04032,51.36959],[0.03945,51.36951],[0.04191,51.37289],[0.04415,51.37239],[0.04469,51.37324],[0.04434,51.37374],[0.0454,51.37352]]]}},{"type":"Feature","properties":{"id":"E01000668","name":"E01000668","parent":"E09000006","type":"LSOA","pop":2213,"r":489,"ff":194,"ffd":8766.4,"ffs":0.4924,"g":93,"co":0,"mo":0,"sa":0,"ic":0},"geometry":{"type":"Polygon","coordinates":[[[0.04084,51.39412],[0.04113,51.39268],[0.04044,51.39248],[0.0411,51.39168],[0.03886,51.3916],[0.03838,51.39226],[0.03858,51.39272],[0.03767,51.3932],[0.03397,51.39147],[0.03514,51.39025],[0.03463,51.38997],[0.03554,51.38984],[0.03564,51.38952],[0.03705,51.38962],[0.03787,51.38885],[0.03842,51.38882],[0.03858,51.38731],[0.03819,51.38688],[0.0373,51.38656],[0.03745,51.38636],[0.03676,51.38721],[0.03601,51.38868],[0.03531,51.3893],[0.02932,51.38783],[0.02397,51.38968],[0.02345,51.39082],[0.02222,51.39111],[0.01938,51.39303],[0.01984,51.39326],[0.0203,51.39296],[0.02014,51.39341],[0.02144,51.39395],[0.02219,51.39403],[0.02223,51.39355],[0.02364,51.39338],[0.02605,51.39419],[0.02984,51.39225],[0.03081,51.3928],[0.0312,51.39332],[0.03092,51.39372],[0.03195,51.39414],[0.03221,51.39389],[0.03446,51.39501],[0.03754,51.39617],[0.03887,51.39636],[0.0407,51.39465],[0.04036,51.39424],[0.04084,51.39412]]]}},{"type":"Feature","properties":{"id":"E01000669","name":"E01000669","parent":"E09000006","type":"LSOA","pop":1739,"r":476,"ff":185,"ffd":10638.3,"ffs":0.483,"g":91,"co":0,"mo":0,"sa":0,"ic":0},"geometry":{"type":"Polygon","coordinates":[[[0.03838,51.39226],[0.03886,51.3916],[0.0411,51.39168],[0.04044,51.39248],[0.04113,51.39268],[0.04184,51.39141],[0.04201,51.39052],[0.04264,51.38997],[0.04205,51.38955],[0.04232,51.38923],[0.03787,51.38885],[0.03705,51.38962],[0.03564,51.38952],[0.03554,51.38984],[0.03463,51.38997],[0.03514,51.39025],[0.03397,51.39147],[0.03767,51.3932],[0.03858,51.39272],[0.03838,51.39226]]]}},{"type":"Feature","properties":{"id":"E01000670","name":"E01000670","parent":"E09000006","type":"LSOA","pop":2003,"r":521,"ff":208,"ffd":10384.4,"ffs":0.4976,"g":101,"co":0,"mo":0,"sa":0,"ic":0},"geometry":{"type":"Polygon","coordinates":[[[0.02386,51.39661],[0.02526,51.39575],[0.02455,51.39538],[0.024,51.39599],[0.02164,51.39565],[0.02145,51.39541],[0.01995,51.39568],[0.01922,51.39418],[0.01795,51.39402],[0.01765,51.39331],[0.01799,51.3928],[0.0167,51.39219],[0.01656,51.39188],[0.01473,51.39199],[0.01467,51.3922],[0.01318,51.39211],[0.01315,51.3925],[0.01254,51.39249],[0.01261,51.39307],[0.01165,51.39351],[0.00738,51.39198],[0.00651,51.3928],[0.00651,51.39311],[0.01164,51.39477],[0.01029,51.39622],[0.01549,51.39858],[0.01487,51.3993],[0.017,51.39955],[0.01744,51.39903],[0.02033,51.39832],[0.02386,51.39661]]]}},{"type":"Feature","properties":{"id":"E01000671","name":"E01000671","parent":"E09000006","type":"LSOA","pop":2347,"r":351,"ff":127,"ffd":5411.2,"ffs":0.4568,"g":71,"co":0,"mo":0,"sa":0,"ic":0},"geometry":{"type":"Polygon","coordinates":[[[0.03106,51.39851],[0.02898,51.3976],[0.02835,51.39655],[0.02867,51.39635],[0.02945,51.39655],[0.03111,51.39583],[0.03011,51.39504],[0.03145,51.39482],[0.0304,51.39414],[0.0312,51.39332],[0.03081,51.3928],[0.02984,51.39225],[0.02605,51.39419],[0.02364,51.39338],[0.02223,51.39355],[0.02219,51.39403],[0.02144,51.39395],[0.02014,51.39341],[0.0203,51.39296],[0.01984,51.39326],[0.0184,51.39247],[0.01791,51.39201],[0.01747,51.39243],[0.01799,51.3928],[0.01765,51.39331],[0.01795,51.39402],[0.01922,51.39418],[0.01995,51.39568],[0.02145,51.39541],[0.02164,51.39565],[0.024,51.39599],[0.02455,51.39538],[0.02526,51.39575],[0.02572,51.39543],[0.0257,51.39625],[0.0267,51.39659],[0.02685,51.39804],[0.0246,51.39836],[0.02398,51.39807],[0.02398,51.39853],[0.02345,51.39858],[0.02388,51.39933],[0.02337,51.39946],[0.02348,51.39986],[0.02824,51.39971],[0.02826,51.39921],[0.0288,51.39889],[0.03093,51.39885],[0.03106,51.39851]]]}},{"type":"Feature","properties":{"id":"E01000672","name":"E01000672","parent":"E09000006","type":"LSOA","pop":1676,"r":658,"ff":282,"ffd":16825.8,"ffs":0.5146,"g":109,"co":0,"mo":2,"sa":0,"ic":0},"geometry":{"type":"Polygon","coordinates":[[[0.00505,51.41471],[0.00538,51.41433],[0.00627,51.41443],[0.00699,51.41296],[0.00641,51.41277],[0.00648,51.41236],[0.00458,51.4116],[0.00351,51.4119],[0.00421,51.41044],[0.0037,51.41038],[0.00282,51.41154],[0.00126,51.41206],[0.00099,51.41255],[-0.00083,51.41311],[-0.00246,51.41404],[-0.00338,51.41506],[-0.00365,51.41568],[-0.00082,51.41589],[-0.00084,51.41607],[-0.00032,51.41645],[5e-05,51.41766],[0.00175,51.41856],[0.00562,51.41605],[0.00645,51.41522],[0.00505,51.41471]]]}},{"type":"Feature","properties":{"id":"E01000673","name":"E01000673","parent":"E09000006","type":"LSOA","pop":1670,"r":648,"ff":269,"ffd":16107.8,"ffs":0.5095,"g":119,"co":0,"mo":2,"sa":0,"ic":0},"geometry":{"type":"Polygon","coordinates":[[[-0.00561,51.41576],[-0.005,51.41468],[-0.00338,51.41506],[-0.00246,51.41404],[-0.00083,51.41311],[0.00099,51.41255],[0.00126,51.41206],[0.00282,51.41154],[0.0037,51.41038],[0.00421,51.41044],[0.00481,51.40972],[0.00538,51.40979],[0.00503,51.40948],[0.00599,51.40895],[0.00693,51.40757],[0.00617,51.40718],[0.00505,51.40732],[0.00428,51.40692],[0.00228,51.40668],[0.00175,51.40623],[-0.00245,51.40848],[-0.00475,51.41009],[-0.00644,51.41235],[-0.00768,51.41453],[-0.00662,51.41467],[-0.00654,51.41599],[-0.00561,51.41576]]]}},{"type":"Feature","properties":{"id":"E01000674","name":"E01000674","parent":"E09000006","type":"LSOA","pop":1732,"r":673,"ff":282,"ffd":16281.8,"ffs":0.5099,"g":119,"co":0,"mo":2,"sa":0,"ic":0},"geometry":{"type":"Polygon","coordinates":[[[0.00652,51.41512],[0.01004,51.41061],[0.01108,51.40827],[0.00975,51.40808],[0.00844,51.40838],[0.00804,51.40732],[0.00733,51.40737],[0.00709,51.4078],[0.00693,51.40757],[0.00599,51.40895],[0.00503,51.40948],[0.00538,51.40979],[0.00481,51.40972],[0.00421,51.41044],[0.00351,51.4119],[0.00458,51.4116],[0.00648,51.41236],[0.00641,51.41277],[0.00699,51.41296],[0.00627,51.41443],[0.00538,51.41433],[0.00505,51.41471],[0.00652,51.41512]]]}},{"type":"Feature","properties":{"id":"E01000676","name":"E01000676","parent":"E09000006","type":"LSOA","pop":2191,"r":641,"ff":274,"ffd":12505.7,"ffs":0.516,"g":108,"co":0,"mo":2,"sa":0,"ic":0},"geometry":{"type":"Polygon","coordinates":[[[0.01865,51.4099],[0.01854,51.4089],[0.02004,51.40972],[0.0202,51.40781],[0.01984,51.40775],[0.01967,51.40701],[0.01935,51.40685],[0.01931,51.40867],[0.01835,51.40844],[0.01864,51.40796],[0.01807,51.40716],[0.01625,51.40816],[0.01387,51.40811],[0.01541,51.40644],[0.01729,51.4063],[0.01751,51.40591],[0.01744,51.40554],[0.01626,51.40536],[0.01665,51.4038],[0.01516,51.40393],[0.01512,51.40516],[0.01436,51.40567],[0.01376,51.40543],[0.01406,51.40418],[0.01326,51.40376],[0.01206,51.40367],[0.01131,51.40424],[0.01171,51.40467],[0.01075,51.40609],[0.00936,51.40676],[0.00899,51.40646],[0.00804,51.40732],[0.00844,51.40838],[0.00975,51.40808],[0.01108,51.40827],[0.01022,51.41022],[0.01433,51.41039],[0.0143,51.40963],[0.01476,51.40962],[0.0149,51.40993],[0.01662,51.40993],[0.01671,51.41033],[0.01729,51.41031],[0.01696,51.40991],[0.01745,51.4099],[0.0187,51.41069],[0.01935,51.41041],[0.01865,51.4099]]]}},{"type":"Feature","properties":{"id":"E01000677","name":"E01000677","parent":"E09000006","type":"LSOA","pop":1911,"r":551,"ff":226,"ffd":11826.3,"ffs":0.5056,"g":103,"co":0,"mo":2,"sa":0,"ic":0},"geometry":{"type":"Polygon","coordinates":[[[0.00804,51.40732],[0.00899,51.40646],[0.00936,51.40676],[0.01075,51.40609],[0.01171,51.40467],[0.01131,51.40424],[0.01206,51.40367],[0.01326,51.40376],[0.01406,51.40418],[0.01376,51.40543],[0.01436,51.40567],[0.01512,51.40516],[0.01516,51.40393],[0.01557,51.40247],[0.01307,51.40162],[0.01247,51.40208],[0.01287,51.40088],[0.01286,51.40032],[0.01101,51.40069],[0.00812,51.40169],[0.00629,51.4027],[0.00175,51.40623],[0.00228,51.40668],[0.00428,51.40692],[0.00505,51.40732],[0.00617,51.40718],[0.00709,51.4078],[0.00733,51.40737],[0.00804,51.40732]]]}},{"type":"Feature","properties":{"id":"E01000678","name":"E01000678","parent":"E09000006","type":"LSOA","pop":1848,"r":541,"ff":219,"ffd":11850.6,"ffs":0.5011,"g":102,"co":0,"mo":0,"sa":0,"ic":0},"geometry":{"type":"Polygon","coordinates":[[[0.0248,51.40491],[0.02613,51.404],[0.02665,51.40448],[0.02844,51.40395],[0.02845,51.40309],[0.0277,51.403],[0.02742,51.40102],[0.02835,51.40099],[0.02839,51.39985],[0.02824,51.39971],[0.02348,51.39986],[0.02337,51.39946],[0.02388,51.39933],[0.02345,51.39858],[0.02398,51.39853],[0.02398,51.39807],[0.0246,51.39836],[0.02685,51.39804],[0.0267,51.39659],[0.0257,51.39625],[0.02572,51.39543],[0.02386,51.39661],[0.02033,51.39832],[0.01923,51.40086],[0.02064,51.40135],[0.02318,51.40147],[0.0244,51.40192],[0.0245,51.40225],[0.02515,51.40228],[0.0251,51.40287],[0.02381,51.4045],[0.02444,51.40436],[0.0248,51.40491]]]}},{"type":"Feature","properties":{"id":"E01000679","name":"E01000679","parent":"E09000006","type":"LSOA","pop":1799,"r":512,"ff":201,"ffd":11172.9,"ffs":0.4867,"g":97,"co":0,"mo":0,"sa":0,"ic":0},"geometry":{"type":"Polygon","coordinates":[[[0.02839,51.39985],[0.03083,51.39964],[0.03669,51.39969],[0.03751,51.39758],[0.03887,51.39636],[0.03754,51.39617],[0.03446,51.39501],[0.03221,51.39389],[0.03195,51.39414],[0.03092,51.39372],[0.0304,51.39414],[0.03145,51.39482],[0.03011,51.39504],[0.03111,51.39583],[0.02945,51.39655],[0.02867,51.39635],[0.02835,51.39655],[0.02898,51.3976],[0.03106,51.39851],[0.03093,51.39885],[0.0288,51.39889],[0.02826,51.39921],[0.02824,51.39971],[0.02839,51.39985]]]}},{"type":"Feature","properties":{"id":"E01000680","name":"E01000680","parent":"E09000006","type":"LSOA","pop":1646,"r":289,"ff":97,"ffd":5893.1,"ffs":0.4826,"g":87,"co":0,"mo":2,"sa":0,"ic":0},"geometry":{"type":"Polygon","coordinates":[[[0.13967,51.36904],[0.14182,51.36781],[0.14398,51.36784],[0.14596,51.36713],[0.14734,51.36699],[0.14835,51.36637],[0.14522,51.36302],[0.14539,51.3625],[0.14449,51.36095],[0.14537,51.36034],[0.14485,51.35844],[0.14602,51.3582],[0.14511,51.35576],[0.14406,51.35486],[0.14363,51.35302],[0.14313,51.35304],[0.14288,51.35266],[0.14262,51.35074],[0.14112,51.35014],[0.14134,51.34964],[0.13976,51.34875],[0.13871,51.34752],[0.13949,51.3473],[0.13944,51.34698],[0.13827,51.34709],[0.13719,51.34588],[0.1362,51.34593],[0.13713,51.34458],[0.13696,51.34417],[0.13178,51.34551],[0.13167,51.34519],[0.12495,51.34582],[0.12224,51.34466],[0.1185,51.34416],[0.11759,51.34313],[0.11723,51.34316],[0.11679,51.3418],[0.11728,51.33978],[0.11847,51.33998],[0.11901,51.33868],[0.1183,51.3384],[0.11958,51.33543],[0.12001,51.33474],[0.12168,51.33364],[0.12025,51.33214],[0.11789,51.33062],[0.1179,51.32966],[0.11736,51.32948],[0.11664,51.33],[0.11572,51.32954],[0.11413,51.32747],[0.1102,51.3281],[0.10976,51.32668],[0.1071,51.32752],[0.10489,51.32744],[0.10333,51.32611],[0.10079,51.32559],[0.10029,51.32422],[0.09912,51.32329],[0.09619,51.32134],[0.09382,51.32025],[0.09469,51.32264],[0.0956,51.32316],[0.09537,51.32515],[0.0944,51.32575],[0.09313,51.32827],[0.09694,51.33141],[0.097,51.33217],[0.09766,51.33212],[0.09675,51.33318],[0.09577,51.33692],[0.09927,51.34483],[0.10182,51.34442],[0.10436,51.3449],[0.10427,51.34656],[0.10498,51.34754],[0.1077,51.34749],[0.10763,51.34798],[0.10795,51.348],[0.11218,51.34741],[0.11251,51.34801],[0.11253,51.34888],[0.113,51.3489],[0.113,51.34931],[0.11226,51.34939],[0.11165,51.34988],[0.11053,51.34948],[0.11049,51.3491],[0.10916,51.34936],[0.10944,51.34972],[0.108,51.35147],[0.10771,51.35256],[0.10808,51.35387],[0.10768,51.35413],[0.10797,51.35433],[0.10713,51.35487],[0.10817,51.35493],[0.10863,51.35554],[0.10773,51.356],[0.10884,51.35634],[0.10742,51.35726],[0.11579,51.35724],[0.11947,51.35773],[0.12215,51.35828],[0.12079,51.35934],[0.12435,51.36038],[0.12516,51.35918],[0.12625,51.35864],[0.12803,51.36006],[0.12636,51.36511],[0.12547,51.36534],[0.12535,51.36568],[0.12693,51.36595],[0.12683,51.36623],[0.12876,51.36656],[0.12757,51.36787],[0.12875,51.36911],[0.12709,51.36956],[0.12728,51.37062],[0.12854,51.37198],[0.13225,51.36978],[0.13967,51.36904]]]}},{"type":"Feature","properties":{"id":"E01000681","name":"E01000681","parent":"E09000006","type":"LSOA","pop":1735,"r":283,"ff":93,"ffd":5360.2,"ffs":0.4493,"g":75,"co":0,"mo":0,"sa":0,"ic":0},"geometry":{"type":"Polygon","coordinates":[[[0.09041,51.37147],[0.09468,51.36627],[0.09377,51.36536],[0.09275,51.36537],[0.09277,51.36589],[0.09194,51.36591],[0.09161,51.36643],[0.08977,51.36564],[0.08933,51.36595],[0.09133,51.36781],[0.09082,51.368],[0.08646,51.36581],[0.0845,51.36434],[0.08457,51.36343],[0.08408,51.36332],[0.08253,51.36354],[0.0817,51.36331],[0.08109,51.36405],[0.08209,51.36462],[0.0809,51.365],[0.08073,51.36558],[0.08216,51.36577],[0.0856,51.36814],[0.08534,51.36887],[0.08587,51.36926],[0.08691,51.3686],[0.08799,51.36929],[0.0874,51.36966],[0.08807,51.37009],[0.08884,51.36987],[0.08953,51.37027],[0.0905,51.37029],[0.09004,51.37101],[0.09041,51.37147]]]}},{"type":"Feature","properties":{"id":"E01000682","name":"E01000682","parent":"E09000006","type":"LSOA","pop":1596,"r":303,"ff":104,"ffd":6516.3,"ffs":0.4749,"g":82,"co":0,"mo":0,"sa":0,"ic":0},"geometry":{"type":"Polygon","coordinates":[[[0.08109,51.36405],[0.0817,51.36331],[0.08253,51.36354],[0.08408,51.36332],[0.08457,51.36343],[0.08461,51.36392],[0.08644,51.36344],[0.08708,51.36298],[0.08744,51.36323],[0.08795,51.36266],[0.08961,51.36192],[0.09075,51.36311],[0.09141,51.36299],[0.08924,51.36093],[0.08805,51.36058],[0.088,51.36011],[0.08753,51.36003],[0.08778,51.35958],[0.08662,51.35904],[0.08535,51.35914],[0.08467,51.35877],[0.07817,51.36166],[0.08035,51.36311],[0.07933,51.36353],[0.07992,51.36414],[0.08109,51.36405]]]}},{"type":"Feature","properties":{"id":"E01000683","name":"E01000683","parent":"E09000006","type":"LSOA","pop":1779,"r":278,"ff":92,"ffd":5171.4,"ffs":0.4623,"g":78,"co":0,"mo":0,"sa":0,"ic":0},"geometry":{"type":"Polygon","coordinates":[[[0.08933,51.36595],[0.08977,51.36564],[0.09161,51.36643],[0.09194,51.36591],[0.09277,51.36589],[0.09275,51.36537],[0.09377,51.36536],[0.09468,51.36627],[0.09604,51.365],[0.09493,51.36437],[0.09482,51.36382],[0.09361,51.3645],[0.09295,51.36389],[0.09497,51.36308],[0.09532,51.36338],[0.09602,51.36294],[0.09485,51.36215],[0.09256,51.3628],[0.09197,51.36358],[0.09141,51.36299],[0.09075,51.36311],[0.08961,51.36192],[0.08795,51.36266],[0.08744,51.36323],[0.08708,51.36298],[0.08644,51.36344],[0.08461,51.36392],[0.0845,51.36434],[0.08646,51.36581],[0.09082,51.368],[0.09133,51.36781],[0.08933,51.36595]]]}},{"type":"Feature","properties":{"id":"E01000684","name":"E01000684","parent":"E09000006","type":"LSOA","pop":2122,"r":298,"ff":101,"ffd":4759.7,"ffs":0.4833,"g":88,"co":0,"mo":0,"sa":0,"ic":0},"geometry":{"type":"Polygon","coordinates":[[[0.09604,51.365],[0.09861,51.36291],[0.104,51.35945],[0.10364,51.35956],[0.10294,51.35876],[0.10483,51.35764],[0.10465,51.35729],[0.10351,51.35722],[0.10399,51.35676],[0.10372,51.35585],[0.10334,51.3561],[0.10267,51.356],[0.10167,51.35683],[0.09875,51.35742],[0.09988,51.35709],[0.09951,51.35676],[0.09864,51.35681],[0.09844,51.35637],[0.09723,51.35586],[0.09695,51.35595],[0.09702,51.35707],[0.09565,51.35734],[0.09592,51.3579],[0.09424,51.35795],[0.09435,51.35903],[0.09871,51.35876],[0.09932,51.35952],[0.09441,51.35969],[0.09442,51.36022],[0.0935,51.36056],[0.09447,51.36102],[0.09173,51.3624],[0.09256,51.3628],[0.09485,51.36215],[0.09602,51.36294],[0.09532,51.36338],[0.09497,51.36308],[0.09295,51.36389],[0.09361,51.3645],[0.09482,51.36382],[0.09493,51.36437],[0.09604,51.365]]]}},{"type":"Feature","properties":{"id":"E01000685","name":"E01000685","parent":"E09000006","type":"LSOA","pop":1643,"r":295,"ff":99,"ffd":6025.6,"ffs":0.476,"g":86,"co":0,"mo":0,"sa":0,"ic":0},"geometry":{"type":"Polygon","coordinates":[[[0.12243,51.36569],[0.1245,51.36518],[0.12547,51.36534],[0.12636,51.36511],[0.12803,51.36006],[0.12625,51.35864],[0.12516,51.35918],[0.12435,51.36038],[0.12079,51.35934],[0.12215,51.35828],[0.11579,51.35724],[0.10674,51.35727],[0.10661,51.35672],[0.10419,51.35541],[0.10341,51.35525],[0.10305,51.35559],[0.09879,51.35394],[0.09732,51.35446],[0.09723,51.35586],[0.09844,51.35637],[0.09864,51.35681],[0.09951,51.35676],[0.09988,51.35709],[0.09875,51.35742],[0.10167,51.35683],[0.10267,51.356],[0.10334,51.3561],[0.10372,51.35585],[0.10399,51.35676],[0.10351,51.35722],[0.10465,51.35729],[0.10483,51.35764],[0.10294,51.35876],[0.10364,51.35956],[0.104,51.35945],[0.1024,51.36044],[0.10306,51.36079],[0.1036,51.36045],[0.10828,51.36055],[0.11204,51.36089],[0.11318,51.36135],[0.1128,51.36182],[0.11373,51.36324],[0.11388,51.36417],[0.11451,51.36427],[0.11436,51.36472],[0.11733,51.36518],[0.11736,51.36544],[0.11984,51.36483],[0.12081,51.3655],[0.1221,51.3652],[0.12243,51.36569]]]}},{"type":"Feature","properties":{"id":"E01000686","name":"E01000686","parent":"E09000006","type":"LSOA","pop":1486,"r":290,"ff":100,"ffd":6729.5,"ffs":0.4878,"g":84,"co":0,"mo":0,"sa":0,"ic":0},"geometry":{"type":"Polygon","coordinates":[[[0.09932,51.35952],[0.09871,51.35876],[0.09435,51.35903],[0.09424,51.35795],[0.09592,51.3579],[0.09565,51.35734],[0.09702,51.35707],[0.09695,51.35595],[0.09526,51.35659],[0.09502,51.35599],[0.09535,51.35566],[0.09479,51.35521],[0.09357,51.35491],[0.09312,51.35505],[0.09307,51.35556],[0.09242,51.35576],[0.09187,51.35542],[0.09026,51.35528],[0.09003,51.35592],[0.08923,51.35588],[0.08967,51.35489],[0.08745,51.3543],[0.08671,51.35655],[0.08561,51.35797],[0.08467,51.35877],[0.08535,51.35914],[0.08662,51.35904],[0.08778,51.35958],[0.08753,51.36003],[0.088,51.36011],[0.08805,51.36058],[0.08924,51.36093],[0.09197,51.36358],[0.09256,51.3628],[0.09173,51.3624],[0.09447,51.36102],[0.0935,51.36056],[0.09442,51.36022],[0.09441,51.35969],[0.09932,51.35952]]]}},{"type":"Feature","properties":{"id":"E01000687","name":"E01000687","parent":"E09000006","type":"LSOA","pop":1459,"r":281,"ff":97,"ffd":6648.4,"ffs":0.4899,"g":82,"co":0,"mo":0,"sa":0,"ic":0},"geometry":{"type":"Polygon","coordinates":[[[0.09723,51.35586],[0.09732,51.35446],[0.09656,51.35335],[0.09763,51.35276],[0.09698,51.35237],[0.09643,51.35274],[0.09572,51.35261],[0.09653,51.3518],[0.0967,51.35034],[0.09737,51.35041],[0.09736,51.35016],[0.09679,51.35001],[0.0967,51.34955],[0.09689,51.34642],[0.09513,51.34542],[0.09266,51.3461],[0.09001,51.34812],[0.08812,51.35148],[0.08745,51.3543],[0.08967,51.35489],[0.08923,51.35588],[0.09003,51.35592],[0.09026,51.35528],[0.09187,51.35542],[0.09242,51.35576],[0.09307,51.35556],[0.09312,51.35505],[0.09357,51.35491],[0.09479,51.35521],[0.09535,51.35566],[0.09502,51.35599],[0.09526,51.35659],[0.09723,51.35586]]]}},{"type":"Feature","properties":{"id":"E01000688","name":"E01000688","parent":"E09000006","type":"LSOA","pop":1411,"r":259,"ff":89,"ffd":6307.6,"ffs":0.4837,"g":74,"co":0,"mo":0,"sa":0,"ic":0},"geometry":{"type":"Polygon","coordinates":[[[0.10863,51.35554],[0.10817,51.35493],[0.10713,51.35487],[0.10797,51.35433],[0.10768,51.35413],[0.10808,51.35387],[0.10771,51.35256],[0.108,51.35147],[0.10944,51.34972],[0.10916,51.34936],[0.11049,51.3491],[0.11053,51.34948],[0.11165,51.34988],[0.11226,51.34939],[0.113,51.34931],[0.113,51.3489],[0.11253,51.34888],[0.11251,51.34801],[0.11218,51.34741],[0.10795,51.348],[0.10763,51.34798],[0.1077,51.34749],[0.10498,51.34754],[0.10427,51.34656],[0.10436,51.3449],[0.10182,51.34442],[0.09513,51.34542],[0.09689,51.34642],[0.0967,51.34955],[0.09679,51.35001],[0.09736,51.35016],[0.09737,51.35041],[0.0967,51.35034],[0.09653,51.3518],[0.09572,51.35261],[0.09643,51.35274],[0.09698,51.35237],[0.09763,51.35276],[0.09656,51.35335],[0.09732,51.35446],[0.09879,51.35394],[0.10305,51.35559],[0.10341,51.35525],[0.10419,51.35541],[0.10661,51.35672],[0.10674,51.35727],[0.10742,51.35726],[0.10884,51.35634],[0.10773,51.356],[0.10863,51.35554]]]}},{"type":"Feature","properties":{"id":"E01000689","name":"E01000689","parent":"E09000006","type":"LSOA","pop":1611,"r":522,"ff":221,"ffd":13718.2,"ffs":0.508,"g":85,"co":0,"mo":0,"sa":0,"ic":0},"geometry":{"type":"Polygon","coordinates":[[[0.07901,51.4312],[0.08272,51.43019],[0.08925,51.42395],[0.088,51.42108],[0.08677,51.42134],[0.0867,51.42166],[0.08536,51.42169],[0.0853,51.42227],[0.0839,51.4227],[0.084,51.42045],[0.08409,51.42025],[0.08526,51.42022],[0.08569,51.4181],[0.08323,51.41775],[0.08357,51.41654],[0.08274,51.41584],[0.08205,51.41588],[0.08017,51.41672],[0.07839,51.4157],[0.07642,51.41554],[0.0765,51.41656],[0.0752,51.41685],[0.0748,51.41756],[0.07391,51.41762],[0.07354,51.41806],[0.07369,51.41916],[0.0744,51.41995],[0.07373,51.4205],[0.07582,51.42394],[0.07241,51.42442],[0.07394,51.42682],[0.07383,51.42738],[0.07156,51.42842],[0.07043,51.4283],[0.07004,51.42853],[0.07197,51.42965],[0.0735,51.43126],[0.07306,51.43138],[0.07335,51.43177],[0.0738,51.43164],[0.07486,51.43083],[0.07535,51.43203],[0.07901,51.4312]]]}},{"type":"Feature","properties":{"id":"E01000690","name":"E01000690","parent":"E09000006","type":"LSOA","pop":1366,"r":565,"ff":232,"ffd":16983.9,"ffs":0.4957,"g":95,"co":0,"mo":0,"sa":0,"ic":0},"geometry":{"type":"Polygon","coordinates":[[[0.07004,51.42853],[0.07043,51.4283],[0.07156,51.42842],[0.07383,51.42738],[0.07394,51.42682],[0.07241,51.42442],[0.07181,51.42459],[0.07048,51.42286],[0.07148,51.42231],[0.07026,51.42079],[0.06981,51.42066],[0.06933,51.42096],[0.06899,51.42075],[0.06925,51.42001],[0.0689,51.4199],[0.06843,51.42088],[0.06855,51.42136],[0.06786,51.42147],[0.06551,51.42071],[0.06573,51.42024],[0.06534,51.42],[0.06313,51.42132],[0.06674,51.42257],[0.06641,51.42293],[0.06695,51.42319],[0.06647,51.42376],[0.06728,51.42405],[0.06525,51.42573],[0.0666,51.42602],[0.06643,51.42634],[0.07004,51.42853]]]}},{"type":"Feature","properties":{"id":"E01000691","name":"E01000691","parent":"E09000006","type":"LSOA","pop":1550,"r":624,"ff":261,"ffd":16838.7,"ffs":0.5,"g":100,"co":0,"mo":0,"sa":0,"ic":0},"geometry":{"type":"Polygon","coordinates":[[[0.06647,51.42376],[0.06695,51.42319],[0.06641,51.42293],[0.06674,51.42257],[0.06313,51.42132],[0.06205,51.42198],[0.06167,51.42173],[0.0612,51.42228],[0.05952,51.42135],[0.0603,51.42094],[0.05898,51.42034],[0.05879,51.41973],[0.05663,51.42049],[0.05701,51.42265],[0.05835,51.42412],[0.05765,51.42441],[0.05823,51.42488],[0.05865,51.42456],[0.06092,51.42508],[0.06134,51.42411],[0.06173,51.42373],[0.06323,51.4242],[0.06418,51.42488],[0.06424,51.42537],[0.06525,51.42573],[0.06728,51.42405],[0.06647,51.42376]]]}},{"type":"Feature","properties":{"id":"E01000692","name":"E01000692","parent":"E09000006","type":"LSOA","pop":1661,"r":596,"ff":242,"ffd":14569.5,"ffs":0.4899,"g":100,"co":0,"mo":0,"sa":0,"ic":0},"geometry":{"type":"Polygon","coordinates":[[[0.07413,51.42104],[0.07373,51.4205],[0.0744,51.41995],[0.07369,51.41916],[0.07354,51.41806],[0.07268,51.41799],[0.07256,51.41736],[0.07217,51.41732],[0.07227,51.41673],[0.07276,51.41667],[0.07183,51.4157],[0.07141,51.41581],[0.07156,51.41639],[0.07088,51.4162],[0.06847,51.41729],[0.06771,51.41721],[0.0641,51.42022],[0.06325,51.42032],[0.06363,51.42103],[0.06534,51.42],[0.06573,51.42024],[0.06551,51.42071],[0.06786,51.42147],[0.06855,51.42136],[0.06843,51.42088],[0.0689,51.4199],[0.06925,51.42001],[0.06899,51.42075],[0.06933,51.42096],[0.06981,51.42066],[0.07026,51.42079],[0.07148,51.42231],[0.07048,51.42286],[0.07181,51.42459],[0.07582,51.42394],[0.07413,51.42104]]]}},{"type":"Feature","properties":{"id":"E01000693","name":"E01000693","parent":"E09000006","type":"LSOA","pop":1501,"r":528,"ff":208,"ffd":13857.4,"ffs":0.4837,"g":96,"co":0,"mo":0,"sa":0,"ic":0},"geometry":{"type":"Polygon","coordinates":[[[0.09241,51.42184],[0.09816,51.41846],[0.10454,51.41525],[0.10267,51.41133],[0.10048,51.41113],[0.09954,51.41071],[0.10037,51.4095],[0.09752,51.40888],[0.09199,51.40719],[0.08839,51.4064],[0.08855,51.406],[0.08731,51.40599],[0.08519,51.40515],[0.08216,51.40098],[0.07882,51.39899],[0.07473,51.40208],[0.07762,51.40339],[0.07904,51.40345],[0.07953,51.40446],[0.07762,51.40464],[0.0799,51.40792],[0.07956,51.40818],[0.07792,51.40809],[0.0774,51.40882],[0.07602,51.40895],[0.07605,51.40865],[0.07558,51.40867],[0.07565,51.40902],[0.07439,51.40933],[0.07433,51.41201],[0.07504,51.41245],[0.07525,51.41369],[0.07684,51.4134],[0.07659,51.414],[0.07802,51.41411],[0.07823,51.41372],[0.07859,51.41383],[0.07797,51.41455],[0.07878,51.41459],[0.07909,51.41417],[0.07964,51.41461],[0.08092,51.41463],[0.0823,51.4152],[0.08205,51.41588],[0.08274,51.41584],[0.08357,51.41654],[0.08323,51.41775],[0.08569,51.4181],[0.08526,51.42022],[0.08409,51.42025],[0.084,51.42045],[0.0839,51.4227],[0.0853,51.42227],[0.08536,51.42169],[0.0867,51.42166],[0.08677,51.42134],[0.088,51.42108],[0.08925,51.42395],[0.09241,51.42184]]]}},{"type":"Feature","properties":{"id":"E01000694","name":"E01000694","parent":"E09000006","type":"LSOA","pop":2313,"r":604,"ff":251,"ffd":10851.7,"ffs":0.503,"g":103,"co":0,"mo":0,"sa":0,"ic":0},"geometry":{"type":"Polygon","coordinates":[[[0.04472,51.4236],[0.04638,51.42324],[0.0468,51.4234],[0.04806,51.42284],[0.04944,51.42286],[0.04984,51.42339],[0.05602,51.42078],[0.05568,51.4201],[0.05636,51.41858],[0.05419,51.41912],[0.0539,51.41877],[0.05369,51.41802],[0.05636,51.41714],[0.05744,51.41647],[0.05733,51.41582],[0.05603,51.41567],[0.05423,51.41454],[0.04884,51.41295],[0.04525,51.41625],[0.03442,51.42317],[0.03459,51.42339],[0.03621,51.42237],[0.03885,51.42469],[0.04322,51.42401],[0.04472,51.4236]]]}},{"type":"Feature","properties":{"id":"E01000695","name":"E01000695","parent":"E09000006","type":"LSOA","pop":1543,"r":594,"ff":245,"ffd":15878.2,"ffs":0.501,"g":103,"co":0,"mo":0,"sa":0,"ic":0},"geometry":{"type":"Polygon","coordinates":[[[0.0612,51.42228],[0.06167,51.42173],[0.06205,51.42198],[0.06363,51.42103],[0.06325,51.42032],[0.0641,51.42022],[0.06665,51.41824],[0.06301,51.4167],[0.06412,51.41623],[0.06311,51.41572],[0.06384,51.41508],[0.06203,51.41327],[0.06376,51.41107],[0.06319,51.41036],[0.06451,51.41013],[0.06518,51.40961],[0.06259,51.40936],[0.06265,51.41046],[0.06225,51.41058],[0.06184,51.40999],[0.06072,51.41047],[0.0612,51.411],[0.05933,51.41184],[0.05896,51.4114],[0.05797,51.41157],[0.05748,51.41108],[0.05776,51.41039],[0.06013,51.40939],[0.05997,51.40906],[0.05935,51.40896],[0.05815,51.40936],[0.05416,51.41166],[0.05476,51.41225],[0.05289,51.41255],[0.05259,51.41314],[0.05134,51.41287],[0.05195,51.41234],[0.05274,51.41237],[0.05309,51.41183],[0.05013,51.41238],[0.04925,51.41311],[0.05423,51.41454],[0.05603,51.41567],[0.05733,51.41582],[0.05744,51.41647],[0.05636,51.41714],[0.05369,51.41802],[0.0539,51.41877],[0.05419,51.41912],[0.05636,51.41858],[0.05568,51.4201],[0.05602,51.42078],[0.05879,51.41973],[0.05898,51.42034],[0.0603,51.42094],[0.05952,51.42135],[0.0612,51.42228]]]}},{"type":"Feature","properties":{"id":"E01000696","name":"E01000696","parent":"E09000006","type":"LSOA","pop":1639,"r":529,"ff":204,"ffd":12446.6,"ffs":0.469,"g":92,"co":0,"mo":0,"sa":0,"ic":0},"geometry":{"type":"Polygon","coordinates":[[[0.06665,51.41824],[0.06771,51.41721],[0.06847,51.41729],[0.07088,51.4162],[0.07156,51.41639],[0.07141,51.41581],[0.07183,51.4157],[0.07276,51.41667],[0.07227,51.41673],[0.07217,51.41732],[0.07256,51.41736],[0.07268,51.41799],[0.07354,51.41806],[0.07391,51.41762],[0.0748,51.41756],[0.0752,51.41685],[0.0765,51.41656],[0.07642,51.41554],[0.07839,51.4157],[0.08017,51.41672],[0.08205,51.41588],[0.0823,51.4152],[0.08092,51.41463],[0.07964,51.41461],[0.07909,51.41417],[0.07878,51.41459],[0.07797,51.41455],[0.07859,51.41383],[0.07823,51.41372],[0.07802,51.41411],[0.07659,51.414],[0.07684,51.4134],[0.07525,51.41369],[0.07504,51.41245],[0.07433,51.41201],[0.07439,51.40933],[0.07565,51.40902],[0.07558,51.40867],[0.07605,51.40865],[0.07602,51.40895],[0.0774,51.40882],[0.07792,51.40809],[0.07956,51.40818],[0.0799,51.40792],[0.07762,51.40464],[0.07953,51.40446],[0.07904,51.40345],[0.07762,51.40339],[0.07473,51.40208],[0.07882,51.39899],[0.07732,51.39584],[0.06414,51.40078],[0.05841,51.40461],[0.0587,51.4048],[0.05954,51.40421],[0.06124,51.40421],[0.06125,51.40488],[0.06078,51.40531],[0.06126,51.40556],[0.0607,51.40603],[0.06135,51.40617],[0.06247,51.40561],[0.0638,51.40674],[0.06448,51.4068],[0.06581,51.40586],[0.06774,51.40679],[0.06689,51.4074],[0.06649,51.40702],[0.06549,51.40692],[0.06491,51.40751],[0.06425,51.4075],[0.06459,51.40804],[0.06569,51.40806],[0.06716,51.40859],[0.06702,51.40969],[0.06518,51.40961],[0.06451,51.41013],[0.06319,51.41036],[0.06376,51.41107],[0.06203,51.41327],[0.06384,51.41508],[0.06311,51.41572],[0.06412,51.41623],[0.06301,51.4167],[0.06665,51.41824]]]}},{"type":"Feature","properties":{"id":"E01000697","name":"E01000697","parent":"E09000006","type":"LSOA","pop":1774,"r":560,"ff":227,"ffd":12795.9,"ffs":0.4935,"g":98,"co":0,"mo":0,"sa":0,"ic":0},"geometry":{"type":"Polygon","coordinates":[[[0.05289,51.41255],[0.05476,51.41225],[0.05416,51.41166],[0.05815,51.40936],[0.05935,51.40896],[0.05997,51.40906],[0.06013,51.40939],[0.05776,51.41039],[0.05748,51.41108],[0.05797,51.41157],[0.05896,51.4114],[0.05933,51.41184],[0.0612,51.411],[0.06072,51.41047],[0.06184,51.40999],[0.06225,51.41058],[0.06265,51.41046],[0.06259,51.40936],[0.06702,51.40969],[0.06716,51.40859],[0.06569,51.40806],[0.06459,51.40804],[0.06425,51.4075],[0.06491,51.40751],[0.06549,51.40692],[0.06649,51.40702],[0.06689,51.4074],[0.06774,51.40679],[0.06581,51.40586],[0.06448,51.4068],[0.0638,51.40674],[0.06247,51.40561],[0.06135,51.40617],[0.0607,51.40603],[0.06126,51.40556],[0.06078,51.40531],[0.06125,51.40488],[0.06124,51.40421],[0.05954,51.40421],[0.0587,51.4048],[0.05841,51.40461],[0.05064,51.41114],[0.04884,51.41295],[0.04925,51.41311],[0.05013,51.41238],[0.05309,51.41183],[0.05274,51.41237],[0.05195,51.41234],[0.05134,51.41287],[0.05259,51.41314],[0.05289,51.41255]]]}},{"type":"Feature","properties":{"id":"E01000698","name":"E01000698","parent":"E09000006","type":"LSOA","pop":1217,"r":422,"ff":159,"ffd":13064.9,"ffs":0.4663,"g":79,"co":0,"mo":0,"sa":0,"ic":0},"geometry":{"type":"Polygon","coordinates":[[[0.09115,51.40276],[0.09379,51.40269],[0.09446,51.40239],[0.09411,51.40181],[0.09736,51.40043],[0.0975,51.39993],[0.09975,51.40003],[0.09947,51.39872],[0.09892,51.39757],[0.09548,51.39809],[0.09485,51.39641],[0.09537,51.3957],[0.09542,51.39497],[0.08338,51.39484],[0.07732,51.39584],[0.07882,51.39899],[0.08216,51.40098],[0.08519,51.40515],[0.08731,51.40599],[0.08855,51.406],[0.09042,51.40446],[0.08972,51.40365],[0.09066,51.40339],[0.09115,51.40276]]]}},{"type":"Feature","properties":{"id":"E01000699","name":"E01000699","parent":"E09000006","type":"LSOA","pop":1476,"r":793,"ff":339,"ffd":22967.5,"ffs":0.5098,"g":126,"co":0,"mo":2,"sa":0,"ic":0},"geometry":{"type":"Polygon","coordinates":[[[-0.05957,51.40863],[-0.05928,51.40822],[-0.05832,51.40835],[-0.05731,51.40714],[-0.05813,51.40682],[-0.05784,51.40652],[-0.05736,51.40669],[-0.05669,51.40641],[-0.05627,51.40593],[-0.05695,51.40559],[-0.05575,51.4043],[-0.05636,51.40434],[-0.05743,51.40524],[-0.05887,51.40473],[-0.05916,51.40495],[-0.06044,51.40494],[-0.06098,51.40453],[-0.06366,51.40669],[-0.05957,51.40863]]]}},{"type":"Feature","properties":{"id":"E01000700","name":"E01000700","parent":"E09000006","type":"LSOA","pop":1518,"r":744,"ff":313,"ffd":20619.2,"ffs":0.5032,"g":119,"co":0,"mo":2,"sa":0,"ic":0},"geometry":{"type":"Polygon","coordinates":[[[-0.04347,51.4074],[-0.04361,51.40693],[-0.04214,51.40702],[-0.04262,51.40631],[-0.04095,51.40566],[-0.0414,51.40516],[-0.04233,51.40508],[-0.04192,51.40482],[-0.04245,51.40422],[-0.04295,51.40434],[-0.04404,51.40316],[-0.04599,51.40402],[-0.04668,51.40343],[-0.0487,51.4048],[-0.04811,51.40524],[-0.04857,51.40548],[-0.04904,51.40534],[-0.05014,51.40593],[-0.04861,51.40668],[-0.04895,51.40697],[-0.04658,51.40811],[-0.04617,51.40787],[-0.04581,51.40805],[-0.04596,51.40765],[-0.04462,51.40717],[-0.04293,51.40905],[-0.0425,51.40871],[-0.04347,51.4074]]]}},{"type":"Feature","properties":{"id":"E01000701","name":"E01000701","parent":"E09000006","type":"LSOA","pop":1428,"r":779,"ff":333,"ffd":23319.3,"ffs":0.51,"g":123,"co":0,"mo":2,"sa":0,"ic":0},"geometry":{"type":"Polygon","coordinates":[[[-0.0518,51.4087],[-0.05126,51.40834],[-0.0509,51.40852],[-0.04861,51.40668],[-0.05014,51.40593],[-0.05027,51.40634],[-0.05475,51.40423],[-0.05657,51.40578],[-0.05627,51.40593],[-0.05669,51.40641],[-0.05577,51.40673],[-0.05531,51.40639],[-0.05451,51.40678],[-0.05497,51.40714],[-0.05231,51.40829],[-0.0518,51.4087]]]}},{"type":"Feature","properties":{"id":"E01000702","name":"E01000702","parent":"E09000006","type":"LSOA","pop":1451,"r":759,"ff":326,"ffd":22467.3,"ffs":0.511,"g":119,"co":0,"mo":2,"sa":0,"ic":0},"geometry":{"type":"Polygon","coordinates":[[[-0.04688,51.41068],[-0.04495,51.40976],[-0.04286,51.40922],[-0.04462,51.40717],[-0.04596,51.40765],[-0.04581,51.40805],[-0.04617,51.40787],[-0.04658,51.40811],[-0.04895,51.40697],[-0.0509,51.40852],[-0.05058,51.40868],[-0.0507,51.40936],[-0.04821,51.41069],[-0.04726,51.41045],[-0.04688,51.41068]]]}},{"type":"Feature","properties":{"id":"E01000703","name":"E01000703","parent":"E09000006","type":"LSOA","pop":1815,"r":723,"ff":306,"ffd":16859.5,"ffs":0.51,"g":121,"co":0,"mo":2,"sa":0,"ic":0},"geometry":{"type":"Polygon","coordinates":[[[-0.0399,51.40876],[-0.03672,51.40816],[-0.03677,51.40843],[-0.03566,51.40837],[-0.03589,51.40797],[-0.03327,51.40765],[-0.03261,51.40797],[-0.0315,51.408],[-0.03515,51.40397],[-0.03559,51.4041],[-0.03463,51.40473],[-0.03874,51.40583],[-0.03851,51.40617],[-0.03902,51.40617],[-0.03982,51.4052],[-0.04131,51.40526],[-0.04095,51.40566],[-0.04262,51.40631],[-0.04214,51.40702],[-0.04361,51.40693],[-0.04347,51.4074],[-0.0425,51.40871],[-0.04297,51.40906],[-0.04286,51.40922],[-0.0399,51.40876]]]}},{"type":"Feature","properties":{"id":"E01000704","name":"E01000704","parent":"E09000006","type":"LSOA","pop":1501,"r":786,"ff":332,"ffd":22118.6,"ffs":0.5046,"g":125,"co":0,"mo":2,"sa":0,"ic":0},"geometry":{"type":"Polygon","coordinates":[[[-0.05559,51.40487],[-0.05475,51.40423],[-0.05505,51.40358],[-0.05433,51.4035],[-0.05417,51.40315],[-0.05187,51.40441],[-0.0512,51.40408],[-0.05249,51.40317],[-0.0523,51.40239],[-0.05317,51.40188],[-0.05271,51.40203],[-0.05135,51.40171],[-0.05172,51.40137],[-0.05136,51.40091],[-0.05199,51.40056],[-0.05296,51.40146],[-0.05652,51.40058],[-0.05939,51.39925],[-0.06063,51.39919],[-0.06015,51.39955],[-0.06216,51.40153],[-0.06342,51.40155],[-0.06301,51.40239],[-0.06344,51.4026],[-0.06188,51.40368],[-0.06213,51.40388],[-0.06173,51.40433],[-0.06098,51.40453],[-0.06044,51.40494],[-0.05916,51.40495],[-0.05887,51.40473],[-0.05743,51.40524],[-0.05636,51.40434],[-0.05575,51.4043],[-0.05695,51.40559],[-0.05657,51.40578],[-0.05559,51.40487]]]}},{"type":"Feature","properties":{"id":"E01000705","name":"E01000705","parent":"E09000006","type":"LSOA","pop":1430,"r":789,"ff":335,"ffd":23426.6,"ffs":0.506,"g":124,"co":0,"mo":2,"sa":0,"ic":0},"geometry":{"type":"Polygon","coordinates":[[[-0.06301,51.40239],[-0.06342,51.40155],[-0.06373,51.40156],[-0.06858,51.40384],[-0.06711,51.40486],[-0.06366,51.40669],[-0.06098,51.40453],[-0.06173,51.40433],[-0.06213,51.40388],[-0.06188,51.40368],[-0.06344,51.4026],[-0.06301,51.40239]]]}},{"type":"Feature","properties":{"id":"E01000706","name":"E01000706","parent":"E09000006","type":"LSOA","pop":1444,"r":772,"ff":324,"ffd":22437.7,"ffs":0.5,"g":121,"co":0,"mo":2,"sa":0,"ic":0},"geometry":{"type":"Polygon","coordinates":[[[-0.05014,51.40593],[-0.04904,51.40534],[-0.04857,51.40548],[-0.04811,51.40524],[-0.0487,51.4048],[-0.04668,51.40343],[-0.04599,51.40402],[-0.04468,51.4035],[-0.04697,51.40078],[-0.04848,51.39958],[-0.04694,51.39881],[-0.04789,51.39844],[-0.04928,51.39891],[-0.05083,51.39772],[-0.0521,51.39829],[-0.05063,51.39956],[-0.05199,51.40056],[-0.05136,51.40091],[-0.05172,51.40137],[-0.05135,51.40171],[-0.05271,51.40203],[-0.05317,51.40188],[-0.0523,51.40239],[-0.05249,51.40317],[-0.0512,51.40408],[-0.05187,51.40441],[-0.05417,51.40315],[-0.05433,51.4035],[-0.05505,51.40358],[-0.05475,51.40423],[-0.05027,51.40634],[-0.05014,51.40593]]]}},{"type":"Feature","properties":{"id":"E01000707","name":"E01000707","parent":"E09000006","type":"LSOA","pop":1496,"r":688,"ff":284,"ffd":18984.0,"ffs":0.5,"g":117,"co":0,"mo":2,"sa":0,"ic":0},"geometry":{"type":"Polygon","coordinates":[[[-0.03874,51.40583],[-0.03463,51.40473],[-0.03559,51.4041],[-0.03515,51.40397],[-0.03714,51.40264],[-0.03782,51.40283],[-0.03809,51.40252],[-0.04051,51.40345],[-0.04023,51.40289],[-0.04135,51.4019],[-0.04241,51.4023],[-0.04145,51.40331],[-0.04193,51.40361],[-0.04344,51.40206],[-0.04402,51.40225],[-0.04366,51.40263],[-0.04424,51.40283],[-0.04295,51.40434],[-0.04245,51.40422],[-0.04192,51.40482],[-0.04233,51.40508],[-0.04131,51.40526],[-0.03982,51.4052],[-0.03902,51.40617],[-0.03851,51.40617],[-0.03874,51.40583]]]}},{"type":"Feature","properties":{"id":"E01000708","name":"E01000708","parent":"E09000006","type":"LSOA","pop":1607,"r":699,"ff":288,"ffd":17921.6,"ffs":0.4991,"g":119,"co":0,"mo":2,"sa":0,"ic":0},"geometry":{"type":"Polygon","coordinates":[[[-0.04295,51.40434],[-0.04424,51.40283],[-0.04366,51.40263],[-0.04402,51.40225],[-0.04344,51.40206],[-0.04193,51.40361],[-0.04145,51.40331],[-0.04241,51.4023],[-0.04135,51.4019],[-0.04023,51.40289],[-0.04051,51.40345],[-0.03809,51.40252],[-0.03782,51.40283],[-0.03714,51.40264],[-0.04111,51.39914],[-0.04204,51.39896],[-0.04312,51.39916],[-0.04689,51.39821],[-0.04789,51.39844],[-0.04694,51.39881],[-0.04848,51.39958],[-0.04697,51.40078],[-0.04468,51.4035],[-0.04404,51.40316],[-0.04295,51.40434]]]}},{"type":"Feature","properties":{"id":"E01000709","name":"E01000709","parent":"E09000006","type":"LSOA","pop":1474,"r":753,"ff":318,"ffd":21573.9,"ffs":0.5113,"g":129,"co":0,"mo":2,"sa":0,"ic":0},"geometry":{"type":"Polygon","coordinates":[[[-0.03043,51.41017],[-0.0315,51.408],[-0.03261,51.40797],[-0.03327,51.40765],[-0.03589,51.40797],[-0.03566,51.40837],[-0.03677,51.40843],[-0.03672,51.40816],[-0.0402,51.40881],[-0.03686,51.4103],[-0.03559,51.4113],[-0.0352,51.41383],[-0.03525,51.41548],[-0.03446,51.41393],[-0.03277,51.4125],[-0.03044,51.41158],[-0.02869,51.41129],[-0.02875,51.4111],[-0.02952,51.41094],[-0.03043,51.41017]]]}},{"type":"Feature","properties":{"id":"E01000710","name":"E01000710","parent":"E09000006","type":"LSOA","pop":2678,"r":748,"ff":315,"ffd":11762.5,"ffs":0.5056,"g":124,"co":0,"mo":2,"sa":0,"ic":0},"geometry":{"type":"Polygon","coordinates":[[[-0.02498,51.41787],[-0.02622,51.41576],[-0.02462,51.41608],[-0.02435,51.41636],[-0.02369,51.41632],[-0.02421,51.41678],[-0.02509,51.41698],[-0.02457,51.41743],[-0.02398,51.41728],[-0.02353,51.41791],[-0.02275,51.41765],[-0.02194,51.41786],[-0.02253,51.41754],[-0.02171,51.41729],[-0.02204,51.41664],[-0.02139,51.41627],[-0.02442,51.41278],[-0.02543,51.41231],[-0.02594,51.41233],[-0.02589,51.41197],[-0.0265,51.41205],[-0.02653,51.41274],[-0.02557,51.41266],[-0.02526,51.41332],[-0.02626,51.41351],[-0.0312,51.41516],[-0.03093,51.41557],[-0.03054,51.41537],[-0.03004,51.41569],[-0.0328,51.41627],[-0.03258,51.41671],[-0.02881,51.41598],[-0.02867,51.41643],[-0.02963,51.41666],[-0.0304,51.41784],[-0.03274,51.41718],[-0.03334,51.41729],[-0.03304,51.41775],[-0.03376,51.41796],[-0.03467,51.41748],[-0.03412,51.41879],[-0.03455,51.41933],[-0.03335,51.42464],[-0.03186,51.42472],[-0.03159,51.42421],[-0.02712,51.42247],[-0.02845,51.42137],[-0.0278,51.42086],[-0.02836,51.41865],[-0.02781,51.41837],[-0.02498,51.41787]]]}},{"type":"Feature","properties":{"id":"E01000711","name":"E01000711","parent":"E09000006","type":"LSOA","pop":1919,"r":744,"ff":316,"ffd":16466.9,"ffs":0.5105,"g":124,"co":0,"mo":2,"sa":0,"ic":0},"geometry":{"type":"Polygon","coordinates":[[[-0.03412,51.41879],[-0.03467,51.41748],[-0.03376,51.41796],[-0.03304,51.41775],[-0.03334,51.41729],[-0.03274,51.41718],[-0.0304,51.41784],[-0.02963,51.41666],[-0.02867,51.41643],[-0.02881,51.41598],[-0.03258,51.41671],[-0.0328,51.41627],[-0.03004,51.41569],[-0.03054,51.41537],[-0.03093,51.41557],[-0.0312,51.41516],[-0.02626,51.41351],[-0.02526,51.41332],[-0.02557,51.41266],[-0.02653,51.41274],[-0.0265,51.41205],[-0.02589,51.41197],[-0.02594,51.41233],[-0.02543,51.41231],[-0.02591,51.41103],[-0.02801,51.41123],[-0.02804,51.41104],[-0.02875,51.4111],[-0.02869,51.41129],[-0.03044,51.41158],[-0.03277,51.4125],[-0.03421,51.41364],[-0.03525,51.41548],[-0.03455,51.41933],[-0.03412,51.41879]]]}},{"type":"Feature","properties":{"id":"E01000712","name":"E01000712","parent":"E09000006","type":"LSOA","pop":1757,"r":724,"ff":310,"ffd":17643.7,"ffs":0.515,"g":121,"co":0,"mo":2,"sa":0,"ic":0},"geometry":{"type":"Polygon","coordinates":[[[-0.01782,51.41574],[-0.01796,51.41508],[-0.01428,51.41512],[-0.01446,51.41425],[-0.01588,51.41384],[-0.01545,51.41324],[-0.01597,51.41243],[-0.01711,51.41254],[-0.01695,51.41295],[-0.01905,51.41316],[-0.0192,51.41273],[-0.01807,51.41262],[-0.01833,51.4122],[-0.01685,51.4117],[-0.01608,51.41184],[-0.01522,51.41159],[-0.01562,51.41003],[-0.01654,51.4101],[-0.0169,51.40951],[-0.01877,51.40971],[-0.01916,51.40916],[-0.01908,51.40974],[-0.02361,51.41017],[-0.02386,51.41088],[-0.02502,51.41109],[-0.02496,51.41186],[-0.02552,51.41192],[-0.02543,51.41231],[-0.02442,51.41278],[-0.02139,51.41627],[-0.02097,51.41603],[-0.01782,51.41574]]]}},{"type":"Feature","properties":{"id":"E01000713","name":"E01000713","parent":"E09000006","type":"LSOA","pop":1941,"r":677,"ff":284,"ffd":14631.6,"ffs":0.5044,"g":113,"co":0,"mo":2,"sa":0,"ic":0},"geometry":{"type":"Polygon","coordinates":[[[-0.00768,51.41453],[-0.00644,51.41235],[-0.00475,51.41009],[-0.00245,51.40848],[-0.00329,51.40753],[-0.0049,51.40734],[-0.00465,51.40795],[-0.00643,51.40834],[-0.00598,51.40708],[-0.00633,51.40699],[-0.00664,51.40733],[-0.0076,51.40743],[-0.00786,51.40799],[-0.00716,51.4082],[-0.00752,51.40927],[-0.00827,51.40857],[-0.01103,51.40885],[-0.01073,51.40947],[-0.01107,51.4095],[-0.01161,51.40893],[-0.01205,51.40896],[-0.01187,51.40959],[-0.01401,51.40983],[-0.01437,51.41037],[-0.01492,51.4104],[-0.01487,51.41079],[-0.01541,51.41085],[-0.01522,51.41159],[-0.01608,51.41184],[-0.01685,51.4117],[-0.01833,51.4122],[-0.01807,51.41262],[-0.0192,51.41273],[-0.01905,51.41316],[-0.01695,51.41295],[-0.01711,51.41254],[-0.01597,51.41243],[-0.01545,51.41324],[-0.01588,51.41384],[-0.01446,51.41425],[-0.01424,51.41366],[-0.01052,51.41355],[-0.00768,51.41453]]]}},{"type":"Feature","properties":{"id":"E01000714","name":"E01000714","parent":"E09000006","type":"LSOA","pop":2249,"r":719,"ff":306,"ffd":13606.0,"ffs":0.5143,"g":123,"co":0,"mo":2,"sa":0,"ic":0},"geometry":{"type":"Polygon","coordinates":[[[-0.02502,51.41109],[-0.0239,51.41091],[-0.02361,51.41017],[-0.01908,51.40974],[-0.01916,51.40916],[-0.01877,51.40971],[-0.01631,51.40944],[-0.01642,51.40906],[-0.01823,51.40901],[-0.01801,51.40853],[-0.01839,51.40841],[-0.01973,51.40868],[-0.01967,51.40919],[-0.02172,51.40953],[-0.02311,51.4089],[-0.02371,51.40925],[-0.02416,51.40865],[-0.02309,51.40811],[-0.02169,51.40806],[-0.02011,51.40724],[-0.02557,51.4077],[-0.02521,51.40707],[-0.02579,51.40636],[-0.02834,51.40643],[-0.02831,51.40564],[-0.02893,51.40567],[-0.02896,51.40625],[-0.02997,51.40633],[-0.03028,51.40559],[-0.0316,51.40593],[-0.03143,51.40649],[-0.03278,51.40648],[-0.03161,51.40778],[-0.03043,51.41017],[-0.02952,51.41094],[-0.02804,51.41104],[-0.02801,51.41123],[-0.02591,51.41103],[-0.02552,51.41192],[-0.02496,51.41186],[-0.02502,51.41109]]]}},{"type":"Feature","properties":{"id":"E01000715","name":"E01000715","parent":"E09000006","type":"LSOA","pop":1781,"r":702,"ff":295,"ffd":16563.7,"ffs":0.506,"g":118,"co":0,"mo":2,"sa":0,"ic":0},"geometry":{"type":"Polygon","coordinates":[[[-0.01437,51.41037],[-0.01401,51.40983],[-0.01187,51.40959],[-0.01205,51.40896],[-0.0127,51.40902],[-0.01274,51.40862],[-0.01137,51.40818],[-0.01142,51.40726],[-0.01296,51.40682],[-0.01412,51.40693],[-0.01372,51.40597],[-0.01409,51.40583],[-0.01482,51.40612],[-0.01567,51.40558],[-0.01555,51.40526],[-0.01615,51.40475],[-0.01594,51.40457],[-0.01526,51.40481],[-0.01383,51.4042],[-0.0141,51.40362],[-0.01466,51.40384],[-0.01527,51.40352],[-0.01683,51.40436],[-0.0167,51.40483],[-0.01825,51.40488],[-0.01829,51.4046],[-0.01955,51.40448],[-0.01975,51.4053],[-0.01954,51.40637],[-0.02011,51.40725],[-0.02169,51.40806],[-0.02309,51.40811],[-0.02416,51.40865],[-0.02371,51.40925],[-0.02311,51.4089],[-0.02172,51.40953],[-0.01967,51.40919],[-0.01973,51.40868],[-0.01839,51.40841],[-0.01801,51.40853],[-0.01823,51.40901],[-0.01642,51.40906],[-0.01631,51.40944],[-0.0169,51.40951],[-0.01654,51.4101],[-0.01562,51.41003],[-0.01541,51.41085],[-0.01487,51.41079],[-0.01492,51.4104],[-0.01437,51.41037]]]}},{"type":"Feature","properties":{"id":"E01000716","name":"E01000716","parent":"E09000006","type":"LSOA","pop":1604,"r":649,"ff":268,"ffd":16708.2,"ffs":0.5019,"g":113,"co":0,"mo":2,"sa":0,"ic":0},"geometry":{"type":"Polygon","coordinates":[[[-0.01073,51.40947],[-0.01103,51.40885],[-0.00827,51.40857],[-0.00752,51.40927],[-0.00716,51.4082],[-0.00786,51.40799],[-0.0076,51.40743],[-0.00664,51.40733],[-0.00633,51.40699],[-0.00598,51.40708],[-0.00537,51.40665],[-0.00595,51.40629],[-0.00562,51.40577],[-0.005,51.40576],[-0.00465,51.40537],[-0.00513,51.40482],[-0.00661,51.40503],[-0.00681,51.40387],[-0.00756,51.40324],[-0.00721,51.40285],[-0.00755,51.40255],[-0.00708,51.40236],[-0.00728,51.40205],[-0.00781,51.40228],[-0.00898,51.40216],[-0.0086,51.40189],[-0.00907,51.40127],[-0.00815,51.40091],[-0.00898,51.40084],[-0.00847,51.40054],[-0.00903,51.40056],[-0.0098,51.40003],[-0.00954,51.40039],[-0.01051,51.40063],[-0.01341,51.40235],[-0.01378,51.40349],[-0.0141,51.40362],[-0.01383,51.4042],[-0.01526,51.40481],[-0.01594,51.40457],[-0.01615,51.40475],[-0.01555,51.40526],[-0.01567,51.40558],[-0.01482,51.40612],[-0.01409,51.40583],[-0.01372,51.40597],[-0.01412,51.40693],[-0.01296,51.40682],[-0.01142,51.40726],[-0.01137,51.40818],[-0.01274,51.40862],[-0.0127,51.40902],[-0.01161,51.40893],[-0.01107,51.4095],[-0.01073,51.40947]]]}},{"type":"Feature","properties":{"id":"E01000717","name":"E01000717","parent":"E09000006","type":"LSOA","pop":1713,"r":622,"ff":258,"ffd":15061.3,"ffs":0.5099,"g":115,"co":0,"mo":2,"sa":0,"ic":0},"geometry":{"type":"Polygon","coordinates":[[[-0.00088,51.4077],[0.00176,51.40622],[0.00131,51.40627],[0.00112,51.40577],[0.0003,51.40599],[-0.00026,51.4049],[-0.002,51.40335],[-0.00145,51.40304],[-0.00268,51.40293],[-0.00229,51.40262],[-0.00309,51.40214],[-0.00349,51.40233],[-0.0041,51.40184],[-0.00359,51.40161],[-0.00402,51.40119],[-0.0056,51.40183],[-0.00641,51.40096],[-0.00613,51.40084],[-0.00658,51.40049],[-0.00714,51.40074],[-0.00797,51.39979],[-0.00855,51.39975],[-0.00861,51.39924],[-0.00921,51.39915],[-0.0098,51.40003],[-0.00903,51.40056],[-0.00847,51.40054],[-0.00898,51.40084],[-0.00815,51.40091],[-0.00907,51.40127],[-0.0086,51.40189],[-0.00898,51.40216],[-0.00781,51.40228],[-0.00728,51.40205],[-0.00708,51.40236],[-0.00755,51.40255],[-0.00721,51.40285],[-0.00756,51.40324],[-0.00681,51.40387],[-0.00661,51.40503],[-0.00513,51.40482],[-0.00465,51.40537],[-0.005,51.40576],[-0.00562,51.40577],[-0.00595,51.40629],[-0.00537,51.40665],[-0.00598,51.40708],[-0.00643,51.40834],[-0.00465,51.40795],[-0.0049,51.40734],[-0.00329,51.40753],[-0.00245,51.40848],[-0.00088,51.4077]]]}},{"type":"Feature","properties":{"id":"E01000718","name":"E01000718","parent":"E09000006","type":"LSOA","pop":2089,"r":735,"ff":311,"ffd":14887.5,"ffs":0.5073,"g":121,"co":0,"mo":2,"sa":0,"ic":0},"geometry":{"type":"Polygon","coordinates":[[[-0.02383,51.42276],[-0.02253,51.42158],[-0.02218,51.42178],[-0.02094,51.42092],[-0.02161,51.42047],[-0.02077,51.4199],[-0.02194,51.41786],[-0.02275,51.41765],[-0.02353,51.41791],[-0.02398,51.41728],[-0.02457,51.41743],[-0.02509,51.41698],[-0.02421,51.41678],[-0.02369,51.41632],[-0.02435,51.41636],[-0.02462,51.41608],[-0.02622,51.41576],[-0.02498,51.41787],[-0.02781,51.41837],[-0.02836,51.41865],[-0.0278,51.42086],[-0.02845,51.42137],[-0.02712,51.42247],[-0.03159,51.42421],[-0.03197,51.42555],[-0.03035,51.42572],[-0.02383,51.42276]]]}},{"type":"Feature","properties":{"id":"E01000719","name":"E01000719","parent":"E09000006","type":"LSOA","pop":2278,"r":385,"ff":134,"ffd":5882.4,"ffs":0.4482,"g":84,"co":0,"mo":0,"sa":0,"ic":0},"geometry":{"type":"Polygon","coordinates":[[[0.11558,51.40041],[0.11602,51.3999],[0.11582,51.39898],[0.11635,51.39894],[0.11667,51.39849],[0.11693,51.39891],[0.11781,51.39886],[0.11771,51.39935],[0.11897,51.39952],[0.11891,51.39878],[0.11984,51.39872],[0.12005,51.39842],[0.11981,51.39759],[0.11852,51.39767],[0.1178,51.39685],[0.11796,51.39656],[0.11888,51.39694],[0.12105,51.39674],[0.12193,51.39624],[0.12161,51.396],[0.12227,51.39561],[0.12226,51.39533],[0.12069,51.39548],[0.12051,51.39509],[0.11987,51.39518],[0.1197,51.39479],[0.11889,51.39467],[0.11942,51.39414],[0.11418,51.3945],[0.11466,51.39338],[0.1157,51.39335],[0.11461,51.39255],[0.11257,51.39218],[0.11257,51.39264],[0.11167,51.39277],[0.11185,51.39465],[0.11312,51.39818],[0.11316,51.40032],[0.11391,51.4003],[0.11386,51.4006],[0.11558,51.40041]]]}},{"type":"Feature","properties":{"id":"E01000720","name":"E01000720","parent":"E09000006","type":"LSOA","pop":1755,"r":379,"ff":132,"ffd":7521.4,"ffs":0.443,"g":79,"co":0,"mo":0,"sa":0,"ic":0},"geometry":{"type":"Polygon","coordinates":[[[0.13957,51.41153],[0.14883,51.40851],[0.1511,51.40664],[0.15271,51.40635],[0.15525,51.40397],[0.15497,51.40366],[0.15551,51.40357],[0.1565,51.40239],[0.15751,51.40011],[0.15793,51.3979],[0.15898,51.39582],[0.16238,51.39249],[0.15573,51.39239],[0.14806,51.39277],[0.14753,51.39216],[0.14983,51.39087],[0.14866,51.38867],[0.14942,51.38785],[0.1489,51.38757],[0.15046,51.38602],[0.14999,51.38584],[0.1498,51.38487],[0.14979,51.38367],[0.15047,51.38345],[0.15037,51.38109],[0.14961,51.38109],[0.14961,51.38009],[0.15113,51.3799],[0.15097,51.37909],[0.15235,51.37869],[0.15219,51.37834],[0.15324,51.37804],[0.15258,51.37632],[0.15254,51.37523],[0.15174,51.37544],[0.14968,51.37361],[0.15089,51.37291],[0.15098,51.37211],[0.15013,51.37016],[0.15206,51.36969],[0.15162,51.36839],[0.15108,51.3683],[0.14952,51.36911],[0.14885,51.368],[0.14734,51.36699],[0.14596,51.36713],[0.14398,51.36784],[0.14182,51.36781],[0.13967,51.36904],[0.13225,51.36978],[0.12859,51.37195],[0.13108,51.37434],[0.12636,51.37558],[0.12451,51.37673],[0.12449,51.37732],[0.12615,51.37791],[0.12758,51.37894],[0.12849,51.3805],[0.12533,51.38117],[0.12192,51.38257],[0.11939,51.38289],[0.11956,51.38375],[0.12255,51.38488],[0.12634,51.38474],[0.12759,51.38752],[0.12504,51.38728],[0.12366,51.38749],[0.12223,51.38846],[0.12207,51.38984],[0.12875,51.38989],[0.12943,51.39029],[0.12611,51.39239],[0.12581,51.39219],[0.12522,51.39241],[0.12471,51.39212],[0.1246,51.39246],[0.12333,51.3929],[0.12342,51.39333],[0.12392,51.3936],[0.11942,51.39414],[0.11889,51.39467],[0.1197,51.39479],[0.11987,51.39518],[0.12051,51.39509],[0.12069,51.39548],[0.12226,51.39533],[0.12227,51.39561],[0.12161,51.396],[0.12193,51.39624],[0.12105,51.39674],[0.11888,51.39694],[0.11796,51.39656],[0.1178,51.39685],[0.11852,51.39767],[0.11981,51.39759],[0.12005,51.39842],[0.12329,51.39781],[0.12336,51.39734],[0.1238,51.39742],[0.12439,51.39662],[0.12475,51.39715],[0.12526,51.3972],[0.12524,51.39816],[0.12455,51.39868],[0.12484,51.39964],[0.12627,51.39959],[0.127,51.39851],[0.12991,51.39698],[0.13161,51.39828],[0.13834,51.40045],[0.13857,51.40446],[0.14398,51.40603],[0.14217,51.40699],[0.14104,51.40854],[0.14098,51.40952],[0.13626,51.40954],[0.13668,51.4105],[0.13941,51.41094],[0.13859,51.41124],[0.13796,51.4122],[0.13957,51.41153]]]}},{"type":"Feature","properties":{"id":"E01000721","name":"E01000721","parent":"E09000006","type":"LSOA","pop":1651,"r":388,"ff":133,"ffd":8055.7,"ffs":0.4419,"g":85,"co":0,"mo":0,"sa":0,"ic":0},"geometry":{"type":"Polygon","coordinates":[[[0.1246,51.39246],[0.12471,51.39212],[0.12522,51.39241],[0.12581,51.39219],[0.12611,51.39239],[0.12943,51.39029],[0.12875,51.38989],[0.12207,51.38984],[0.12129,51.39022],[0.12096,51.39076],[0.11989,51.39106],[0.12006,51.39148],[0.12107,51.39132],[0.12124,51.39205],[0.11834,51.39232],[0.11802,51.39179],[0.11593,51.39212],[0.11472,51.39192],[0.11461,51.39255],[0.1157,51.39335],[0.11466,51.39338],[0.11418,51.3945],[0.11942,51.39414],[0.12392,51.3936],[0.12342,51.39333],[0.12333,51.3929],[0.1246,51.39246]]]}},{"type":"Feature","properties":{"id":"E01000722","name":"E01000722","parent":"E09000006","type":"LSOA","pop":1937,"r":374,"ff":132,"ffd":6814.7,"ffs":0.4552,"g":82,"co":0,"mo":0,"sa":0,"ic":0},"geometry":{"type":"Polygon","coordinates":[[[0.11257,51.39264],[0.11257,51.39218],[0.11461,51.39255],[0.11491,51.39087],[0.11442,51.39011],[0.11532,51.39018],[0.11523,51.38969],[0.11429,51.3895],[0.11465,51.38926],[0.11445,51.38811],[0.11414,51.38751],[0.11347,51.38777],[0.11306,51.38754],[0.11331,51.38797],[0.11294,51.38813],[0.11357,51.38915],[0.1099,51.38737],[0.10927,51.38788],[0.10863,51.38678],[0.10651,51.38639],[0.10532,51.38515],[0.10202,51.38553],[0.10237,51.38667],[0.10377,51.38898],[0.10461,51.39102],[0.10469,51.39177],[0.10561,51.39323],[0.1058,51.39473],[0.11185,51.39465],[0.11167,51.39277],[0.11257,51.39264]]]}},{"type":"Feature","properties":{"id":"E01000723","name":"E01000723","parent":"E09000006","type":"LSOA","pop":1250,"r":331,"ff":112,"ffd":8960.0,"ffs":0.4534,"g":83,"co":0,"mo":0,"sa":0,"ic":0},"geometry":{"type":"Polygon","coordinates":[[[0.11758,51.38301],[0.11889,51.38246],[0.11939,51.38289],[0.12192,51.38257],[0.12533,51.38117],[0.12849,51.3805],[0.12758,51.37894],[0.12615,51.37791],[0.12449,51.37732],[0.12451,51.37673],[0.12636,51.37558],[0.13108,51.37434],[0.12859,51.37195],[0.12411,51.37474],[0.12128,51.37927],[0.11812,51.37883],[0.11853,51.3803],[0.11696,51.3807],[0.11705,51.38153],[0.1176,51.38192],[0.11836,51.38149],[0.11855,51.38069],[0.11916,51.38071],[0.11805,51.38195],[0.1183,51.38229],[0.11736,51.38276],[0.11758,51.38301]]]}},{"type":"Feature","properties":{"id":"E01000724","name":"E01000724","parent":"E09000006","type":"LSOA","pop":1733,"r":372,"ff":131,"ffd":7559.1,"ffs":0.4533,"g":81,"co":0,"mo":0,"sa":0,"ic":0},"geometry":{"type":"Polygon","coordinates":[[[0.12124,51.39205],[0.12107,51.39132],[0.12006,51.39148],[0.11989,51.39106],[0.12096,51.39076],[0.12129,51.39022],[0.12207,51.38984],[0.12223,51.38846],[0.12366,51.38749],[0.12504,51.38728],[0.12759,51.38752],[0.12634,51.38474],[0.12255,51.38488],[0.11956,51.38375],[0.11985,51.38475],[0.11829,51.38702],[0.11708,51.38728],[0.11624,51.38782],[0.11643,51.38843],[0.11504,51.38866],[0.11445,51.38811],[0.11465,51.38926],[0.11429,51.3895],[0.11523,51.38969],[0.11532,51.39018],[0.11442,51.39011],[0.11491,51.39087],[0.11472,51.39192],[0.11593,51.39212],[0.11802,51.39179],[0.11834,51.39232],[0.12124,51.39205]]]}},{"type":"Feature","properties":{"id":"E01000725","name":"E01000725","parent":"E09000006","type":"LSOA","pop":1852,"r":355,"ff":123,"ffd":6641.5,"ffs":0.4572,"g":85,"co":0,"mo":0,"sa":0,"ic":0},"geometry":{"type":"Polygon","coordinates":[[[0.11331,51.38797],[0.11306,51.38754],[0.11347,51.38777],[0.11414,51.38751],[0.11445,51.38811],[0.11504,51.38866],[0.11643,51.38843],[0.11624,51.38782],[0.11497,51.38751],[0.11516,51.38714],[0.11408,51.38692],[0.11434,51.38621],[0.11391,51.38598],[0.1135,51.3863],[0.11313,51.38577],[0.11358,51.38568],[0.11302,51.38468],[0.11243,51.38452],[0.11162,51.38344],[0.10788,51.38249],[0.10942,51.38422],[0.10863,51.38452],[0.10741,51.38407],[0.10749,51.38325],[0.10668,51.38316],[0.10657,51.38463],[0.10569,51.3847],[0.10518,51.3841],[0.10456,51.38439],[0.10379,51.38348],[0.10047,51.38378],[0.09723,51.3845],[0.09882,51.38609],[0.10532,51.38515],[0.10651,51.38639],[0.10863,51.38678],[0.10927,51.38788],[0.1099,51.38737],[0.11357,51.38915],[0.11294,51.38813],[0.11331,51.38797]]]}},{"type":"Feature","properties":{"id":"E01000726","name":"E01000726","parent":"E09000006","type":"LSOA","pop":1308,"r":385,"ff":134,"ffd":10244.6,"ffs":0.4482,"g":84,"co":0,"mo":0,"sa":0,"ic":0},"geometry":{"type":"Polygon","coordinates":[[[0.11829,51.38702],[0.11985,51.38475],[0.1193,51.38278],[0.11889,51.38246],[0.11758,51.38301],[0.11736,51.38276],[0.1183,51.38229],[0.11805,51.38195],[0.11916,51.38071],[0.11855,51.38069],[0.11836,51.38149],[0.1176,51.38192],[0.11705,51.38153],[0.11696,51.3807],[0.11409,51.38172],[0.11091,51.38335],[0.11162,51.38344],[0.11243,51.38452],[0.11302,51.38468],[0.11358,51.38568],[0.11313,51.38577],[0.1135,51.3863],[0.11391,51.38598],[0.11434,51.38621],[0.11408,51.38692],[0.11516,51.38714],[0.11497,51.38751],[0.11624,51.38782],[0.11708,51.38728],[0.11829,51.38702]]]}},{"type":"Feature","properties":{"id":"E01000727","name":"E01000727","parent":"E09000006","type":"LSOA","pop":1715,"r":343,"ff":114,"ffd":6647.2,"ffs":0.4402,"g":82,"co":0,"mo":0,"sa":0,"ic":0},"geometry":{"type":"Polygon","coordinates":[[[0.10316,51.38353],[0.10379,51.38348],[0.10456,51.38439],[0.10518,51.3841],[0.10569,51.3847],[0.10657,51.38463],[0.10668,51.38316],[0.10749,51.38325],[0.10741,51.38407],[0.10863,51.38452],[0.10942,51.38422],[0.10788,51.38249],[0.10398,51.38072],[0.10331,51.38002],[0.1023,51.38119],[0.10164,51.38155],[0.10051,51.38154],[0.0989,51.381],[0.09648,51.38119],[0.09395,51.38248],[0.09316,51.38317],[0.09154,51.38335],[0.09048,51.38391],[0.09295,51.38457],[0.09525,51.386],[0.09686,51.38655],[0.09882,51.38609],[0.09723,51.3845],[0.10047,51.38378],[0.10316,51.38353]]]}},{"type":"Feature","properties":{"id":"E01000728","name":"E01000728","parent":"E09000006","type":"LSOA","pop":1686,"r":461,"ff":172,"ffd":10201.7,"ffs":0.4738,"g":95,"co":0,"mo":0,"sa":0,"ic":0},"geometry":{"type":"Polygon","coordinates":[[[0.12886,51.41497],[0.13235,51.41441],[0.13796,51.4122],[0.13859,51.41124],[0.13941,51.41094],[0.13668,51.4105],[0.13626,51.40954],[0.14098,51.40952],[0.14104,51.40854],[0.14217,51.40699],[0.14398,51.40603],[0.13857,51.40446],[0.13834,51.40045],[0.13161,51.39828],[0.12991,51.39698],[0.127,51.39851],[0.12627,51.39959],[0.12484,51.39964],[0.12455,51.39868],[0.12524,51.39816],[0.12526,51.3972],[0.12475,51.39715],[0.12439,51.39662],[0.1238,51.39742],[0.12336,51.39734],[0.12329,51.39781],[0.12005,51.39842],[0.11984,51.39872],[0.11891,51.39878],[0.11897,51.39952],[0.11771,51.39935],[0.11781,51.39886],[0.11693,51.39891],[0.11667,51.39849],[0.11635,51.39894],[0.11582,51.39898],[0.11602,51.3999],[0.11558,51.40041],[0.11386,51.4006],[0.11435,51.40222],[0.11554,51.40208],[0.11632,51.40307],[0.11633,51.40434],[0.11777,51.40542],[0.11798,51.40695],[0.11557,51.40742],[0.11688,51.40856],[0.1168,51.40929],[0.11493,51.40956],[0.11525,51.4104],[0.11508,51.41099],[0.11557,51.41147],[0.11703,51.41141],[0.11729,51.41217],[0.11878,51.41189],[0.11888,51.41327],[0.12186,51.41378],[0.1255,51.41481],[0.12886,51.41497]]]}},{"type":"Feature","properties":{"id":"E01000729","name":"E01000729","parent":"E09000006","type":"LSOA","pop":1899,"r":501,"ff":184,"ffd":9689.3,"ffs":0.467,"g":104,"co":0,"mo":0,"sa":0,"ic":0},"geometry":{"type":"Polygon","coordinates":[[[0.10813,51.40833],[0.1089,51.40789],[0.10856,51.40746],[0.10877,51.40703],[0.11053,51.40731],[0.11315,51.40737],[0.1132,51.40607],[0.1097,51.40599],[0.10969,51.40575],[0.10874,51.40553],[0.10928,51.40495],[0.10882,51.40424],[0.10863,51.40338],[0.10915,51.40325],[0.10897,51.40264],[0.10769,51.40274],[0.10758,51.40179],[0.10635,51.40183],[0.10641,51.40219],[0.10582,51.40215],[0.10529,51.40306],[0.10498,51.40247],[0.10449,51.4028],[0.10398,51.40212],[0.10331,51.40214],[0.10469,51.4036],[0.10432,51.40428],[0.10387,51.40434],[0.10396,51.4046],[0.1047,51.40456],[0.10479,51.40561],[0.10425,51.40564],[0.10427,51.40792],[0.10486,51.40833],[0.10626,51.40822],[0.10642,51.40884],[0.10881,51.40896],[0.10813,51.40833]]]}},{"type":"Feature","properties":{"id":"E01000730","name":"E01000730","parent":"E09000006","type":"LSOA","pop":1859,"r":424,"ff":161,"ffd":8660.6,"ffs":0.4792,"g":85,"co":0,"mo":0,"sa":0,"ic":0},"geometry":{"type":"Polygon","coordinates":[[[0.10249,51.40065],[0.1021,51.39934],[0.10423,51.39912],[0.10405,51.40014],[0.10687,51.39784],[0.10774,51.39769],[0.10989,51.39815],[0.11038,51.39899],[0.112,51.39972],[0.11313,51.39948],[0.11312,51.39818],[0.11185,51.39465],[0.10831,51.39479],[0.10139,51.39465],[0.09969,51.39493],[0.09961,51.39589],[0.09894,51.3961],[0.0991,51.39641],[0.10032,51.39615],[0.10095,51.3964],[0.10217,51.39597],[0.10263,51.39605],[0.1025,51.39653],[0.10289,51.39656],[0.10294,51.39711],[0.1043,51.39758],[0.10322,51.39767],[0.10326,51.39843],[0.10259,51.39891],[0.10231,51.39899],[0.10197,51.39856],[0.10106,51.39886],[0.10118,51.39999],[0.10066,51.39981],[0.10041,51.39876],[0.09978,51.39855],[0.09947,51.39872],[0.09975,51.40003],[0.10128,51.40034],[0.10179,51.40072],[0.10249,51.40065]]]}},{"type":"Feature","properties":{"id":"E01000731","name":"E01000731","parent":"E09000006","type":"LSOA","pop":1421,"r":424,"ff":160,"ffd":11259.7,"ffs":0.4734,"g":84,"co":0,"mo":0,"sa":0,"ic":0},"geometry":{"type":"Polygon","coordinates":[[[0.10106,51.39886],[0.10197,51.39856],[0.10231,51.39899],[0.10259,51.39891],[0.10326,51.39843],[0.10322,51.39767],[0.1043,51.39758],[0.10294,51.39711],[0.10289,51.39656],[0.1025,51.39653],[0.10263,51.39605],[0.10217,51.39597],[0.10095,51.3964],[0.10032,51.39615],[0.0991,51.39641],[0.09894,51.3961],[0.09961,51.39589],[0.09969,51.39493],[0.10139,51.39465],[0.0977,51.39484],[0.09758,51.39426],[0.09655,51.39431],[0.09702,51.39397],[0.09654,51.3937],[0.09678,51.39322],[0.09584,51.39287],[0.0968,51.39262],[0.09666,51.39219],[0.09486,51.39203],[0.09435,51.39246],[0.0952,51.39277],[0.09491,51.39318],[0.09305,51.3933],[0.09417,51.39365],[0.09647,51.3937],[0.09594,51.394],[0.09358,51.39404],[0.09224,51.39356],[0.09143,51.39379],[0.0917,51.39407],[0.09484,51.39436],[0.09513,51.39498],[0.09542,51.39497],[0.09537,51.3957],[0.09485,51.39641],[0.09548,51.39809],[0.09892,51.39757],[0.09947,51.39872],[0.09978,51.39855],[0.10041,51.39876],[0.10066,51.39981],[0.10118,51.39999],[0.10106,51.39886]]]}},{"type":"Feature","properties":{"id":"E01000732","name":"E01000732","parent":"E09000006","type":"LSOA","pop":1502,"r":397,"ff":143,"ffd":9520.6,"ffs":0.4525,"g":79,"co":0,"mo":0,"sa":0,"ic":0},"geometry":{"type":"Polygon","coordinates":[[[0.09143,51.39379],[0.09224,51.39356],[0.09358,51.39404],[0.09594,51.394],[0.09647,51.3937],[0.09417,51.39365],[0.09305,51.3933],[0.09491,51.39318],[0.0952,51.39277],[0.09435,51.39246],[0.09486,51.39203],[0.09675,51.39216],[0.09694,51.39174],[0.09651,51.39153],[0.09573,51.39184],[0.09491,51.39138],[0.09607,51.39119],[0.0962,51.39065],[0.09794,51.39039],[0.09764,51.38998],[0.10008,51.3896],[0.09995,51.38923],[0.09888,51.38941],[0.09876,51.38911],[0.09933,51.38893],[0.09901,51.38776],[0.0981,51.38752],[0.09627,51.3878],[0.09617,51.38744],[0.09408,51.38762],[0.09365,51.38731],[0.09238,51.38758],[0.09268,51.38808],[0.09177,51.38815],[0.09089,51.38872],[0.09156,51.39024],[0.09121,51.39105],[0.09059,51.39119],[0.08966,51.39282],[0.08757,51.39477],[0.09513,51.39498],[0.09484,51.39436],[0.0917,51.39407],[0.09143,51.39379]]]}},{"type":"Feature","properties":{"id":"E01000733","name":"E01000733","parent":"E09000006","type":"LSOA","pop":1669,"r":378,"ff":135,"ffd":8088.7,"ffs":0.4561,"g":80,"co":0,"mo":0,"sa":0,"ic":0},"geometry":{"type":"Polygon","coordinates":[[[0.1058,51.39473],[0.10561,51.39323],[0.10469,51.39177],[0.10461,51.39102],[0.10377,51.38898],[0.10237,51.38667],[0.10183,51.38686],[0.10283,51.38834],[0.10113,51.38872],[0.10078,51.38792],[0.10018,51.38783],[0.09962,51.38814],[0.09995,51.38892],[0.09876,51.38911],[0.09888,51.38941],[0.09995,51.38923],[0.10008,51.3896],[0.09764,51.38998],[0.09794,51.39039],[0.0962,51.39065],[0.09607,51.39119],[0.09491,51.39138],[0.09573,51.39184],[0.09651,51.39153],[0.09694,51.39174],[0.09666,51.39219],[0.0968,51.39262],[0.09584,51.39287],[0.09678,51.39322],[0.09654,51.3937],[0.09702,51.39397],[0.09655,51.39431],[0.09758,51.39426],[0.0977,51.39484],[0.10139,51.39465],[0.1058,51.39473]]]}},{"type":"Feature","properties":{"id":"E01000734","name":"E01000734","parent":"E09000006","type":"LSOA","pop":1410,"r":343,"ff":119,"ffd":8439.7,"ffs":0.4457,"g":74,"co":0,"mo":0,"sa":0,"ic":0},"geometry":{"type":"Polygon","coordinates":[[[0.09259,51.38752],[0.09365,51.38731],[0.09408,51.38762],[0.09617,51.38744],[0.09627,51.3878],[0.0981,51.38752],[0.09901,51.38776],[0.09933,51.38893],[0.09995,51.38892],[0.09962,51.38814],[0.10018,51.38783],[0.10078,51.38792],[0.10113,51.38872],[0.10283,51.38834],[0.10183,51.38686],[0.10237,51.38667],[0.10202,51.38553],[0.09686,51.38655],[0.09525,51.386],[0.09295,51.38457],[0.09048,51.38391],[0.08729,51.38571],[0.08795,51.38777],[0.08944,51.38844],[0.09059,51.39119],[0.09121,51.39105],[0.09156,51.39024],[0.09089,51.38872],[0.09177,51.38815],[0.09268,51.38808],[0.09238,51.38758],[0.09259,51.38752]]]}},{"type":"Feature","properties":{"id":"E01000735","name":"E01000735","parent":"E09000006","type":"LSOA","pop":1588,"r":515,"ff":195,"ffd":12279.6,"ffs":0.4779,"g":104,"co":0,"mo":0,"sa":0,"ic":0},"geometry":{"type":"Polygon","coordinates":[[[0.10891,51.41381],[0.1131,51.41293],[0.11888,51.41327],[0.11878,51.41189],[0.11729,51.41217],[0.11703,51.41141],[0.11557,51.41147],[0.11508,51.41099],[0.11525,51.4104],[0.11263,51.41086],[0.11268,51.41038],[0.11223,51.40959],[0.10877,51.4094],[0.10881,51.40896],[0.10642,51.40884],[0.10626,51.40822],[0.10486,51.40833],[0.10428,51.40792],[0.10418,51.40876],[0.10256,51.40866],[0.1026,51.40815],[0.10175,51.40814],[0.10167,51.40952],[0.10164,51.40918],[0.10106,51.40915],[0.10037,51.4095],[0.09954,51.41071],[0.10048,51.41113],[0.10267,51.41133],[0.10454,51.41525],[0.10891,51.41381]]]}},{"type":"Feature","properties":{"id":"E01000736","name":"E01000736","parent":"E09000006","type":"LSOA","pop":1694,"r":506,"ff":195,"ffd":11511.2,"ffs":0.4815,"g":98,"co":0,"mo":0,"sa":0,"ic":0},"geometry":{"type":"Polygon","coordinates":[[[0.10167,51.40952],[0.10175,51.40814],[0.1026,51.40815],[0.10012,51.40802],[0.10039,51.40748],[0.09886,51.40677],[0.09859,51.4071],[0.09935,51.4079],[0.09709,51.40683],[0.09703,51.40649],[0.09775,51.4066],[0.09743,51.40571],[0.09845,51.40539],[0.09816,51.40516],[0.0984,51.40454],[0.09975,51.40438],[0.10052,51.40466],[0.10089,51.40436],[0.101,51.40262],[0.1005,51.40228],[0.09529,51.40369],[0.09446,51.40239],[0.09379,51.40269],[0.09115,51.40276],[0.09066,51.40339],[0.08972,51.40365],[0.09042,51.40446],[0.08855,51.406],[0.08839,51.4064],[0.09199,51.40719],[0.09752,51.40888],[0.10037,51.4095],[0.10106,51.40915],[0.10164,51.40918],[0.10167,51.40952]]]}},{"type":"Feature","properties":{"id":"E01000737","name":"E01000737","parent":"E09000006","type":"LSOA","pop":1382,"r":498,"ff":189,"ffd":13675.8,"ffs":0.4761,"g":98,"co":0,"mo":0,"sa":0,"ic":0},"geometry":{"type":"Polygon","coordinates":[[[0.10427,51.40792],[0.10425,51.40564],[0.10479,51.40561],[0.1047,51.40456],[0.10396,51.4046],[0.10264,51.40214],[0.10289,51.40098],[0.10249,51.40065],[0.10179,51.40072],[0.10128,51.40034],[0.09975,51.40003],[0.0975,51.39993],[0.09736,51.40043],[0.09411,51.40181],[0.09529,51.40369],[0.1005,51.40228],[0.101,51.40262],[0.10089,51.40436],[0.10052,51.40466],[0.09975,51.40438],[0.0984,51.40454],[0.09816,51.40516],[0.09845,51.40539],[0.09743,51.40571],[0.09775,51.4066],[0.09703,51.40649],[0.09709,51.40683],[0.09935,51.4079],[0.09859,51.4071],[0.09886,51.40677],[0.10039,51.40748],[0.10012,51.40802],[0.1026,51.40815],[0.10256,51.40866],[0.10418,51.40876],[0.10427,51.40792]]]}},{"type":"Feature","properties":{"id":"E01000738","name":"E01000738","parent":"E09000006","type":"LSOA","pop":1803,"r":475,"ff":173,"ffd":9595.1,"ffs":0.4601,"g":96,"co":0,"mo":0,"sa":0,"ic":0},"geometry":{"type":"Polygon","coordinates":[[[0.11557,51.40742],[0.11798,51.40695],[0.11777,51.40542],[0.11633,51.40434],[0.11632,51.40307],[0.11554,51.40208],[0.11435,51.40222],[0.11391,51.4003],[0.11316,51.40032],[0.11312,51.39818],[0.11313,51.39948],[0.112,51.39972],[0.11038,51.39899],[0.1106,51.40052],[0.1084,51.40085],[0.10853,51.40123],[0.10952,51.40109],[0.10921,51.40126],[0.10958,51.40241],[0.10897,51.40264],[0.10915,51.40325],[0.10863,51.40338],[0.10882,51.40424],[0.10928,51.40495],[0.10874,51.40553],[0.10969,51.40575],[0.1097,51.40599],[0.1132,51.40607],[0.11319,51.40716],[0.11315,51.40737],[0.11053,51.40731],[0.10877,51.40703],[0.10856,51.40746],[0.1089,51.40789],[0.10813,51.40833],[0.10881,51.40896],[0.10877,51.4094],[0.11223,51.40959],[0.11268,51.41038],[0.11263,51.41086],[0.11525,51.4104],[0.11493,51.40956],[0.1168,51.40929],[0.11688,51.40856],[0.11557,51.40742]]]}},{"type":"Feature","properties":{"id":"E01000739","name":"E01000739","parent":"E09000006","type":"LSOA","pop":1732,"r":459,"ff":171,"ffd":9873.0,"ffs":0.4724,"g":94,"co":0,"mo":0,"sa":0,"ic":0},"geometry":{"type":"Polygon","coordinates":[[[0.10331,51.40214],[0.10398,51.40212],[0.10449,51.4028],[0.10498,51.40247],[0.10529,51.40306],[0.10582,51.40215],[0.10641,51.40219],[0.10635,51.40183],[0.10758,51.40179],[0.10769,51.40274],[0.10897,51.40264],[0.10958,51.40241],[0.10921,51.40126],[0.10952,51.40109],[0.10853,51.40123],[0.1084,51.40085],[0.1106,51.40052],[0.11038,51.39899],[0.10989,51.39815],[0.10774,51.39769],[0.10687,51.39784],[0.10405,51.40014],[0.10423,51.39912],[0.1021,51.39934],[0.10249,51.40065],[0.10289,51.40098],[0.10264,51.40214],[0.10387,51.40434],[0.10432,51.40428],[0.10469,51.4036],[0.10331,51.40214]]]}},{"type":"Feature","properties":{"id":"E01000741","name":"E01000741","parent":"E09000006","type":"LSOA","pop":1866,"r":807,"ff":339,"ffd":18167.2,"ffs":0.5022,"g":128,"co":0,"mo":2,"sa":0,"ic":0},"geometry":{"type":"Polygon","coordinates":[[[-0.07344,51.41718],[-0.07398,51.41675],[-0.0735,51.41682],[-0.07351,51.41645],[-0.07264,51.41591],[-0.07237,51.41602],[-0.07239,51.41543],[-0.07171,51.41546],[-0.07056,51.41466],[-0.07124,51.41263],[-0.07236,51.41251],[-0.07268,51.41326],[-0.07293,51.4127],[-0.07443,51.41324],[-0.07659,51.41439],[-0.07616,51.41481],[-0.07646,51.41549],[-0.07624,51.41561],[-0.07623,51.41617],[-0.07511,51.4167],[-0.07559,51.41702],[-0.07389,51.41772],[-0.07344,51.41718]]]}},{"type":"Feature","properties":{"id":"E01000742","name":"E01000742","parent":"E09000006","type":"LSOA","pop":2143,"r":809,"ff":342,"ffd":15958.9,"ffs":0.5037,"g":127,"co":0,"mo":2,"sa":0,"ic":0},"geometry":{"type":"Polygon","coordinates":[[[-0.06216,51.41594],[-0.06367,51.41443],[-0.06447,51.41495],[-0.06516,51.41476],[-0.06474,51.4146],[-0.06512,51.41425],[-0.06554,51.41433],[-0.06577,51.4136],[-0.06669,51.41372],[-0.06732,51.41356],[-0.06717,51.41285],[-0.06796,51.41284],[-0.06774,51.41348],[-0.06826,51.41355],[-0.0684,51.41388],[-0.06761,51.41384],[-0.06758,51.41407],[-0.06815,51.41421],[-0.06832,51.41465],[-0.06789,51.41509],[-0.06888,51.415],[-0.0691,51.41459],[-0.07046,51.41521],[-0.06845,51.41635],[-0.06803,51.41597],[-0.06659,51.41673],[-0.06701,51.41675],[-0.06728,51.41778],[-0.06555,51.4187],[-0.06594,51.41889],[-0.06591,51.41959],[-0.06514,51.42061],[-0.06277,51.42088],[-0.06156,51.42066],[-0.06153,51.42024],[-0.06264,51.42017],[-0.06267,51.41899],[-0.06194,51.41854],[-0.06151,51.41798],[-0.06035,51.41777],[-0.06216,51.41594]]]}},{"type":"Feature","properties":{"id":"E01000743","name":"E01000743","parent":"E09000006","type":"LSOA","pop":1858,"r":805,"ff":336,"ffd":18084.0,"ffs":0.497,"g":127,"co":0,"mo":2,"sa":0,"ic":0},"geometry":{"type":"Polygon","coordinates":[[[-0.06367,51.41443],[-0.0659,51.41215],[-0.06565,51.41206],[-0.06599,51.41163],[-0.06332,51.41057],[-0.06314,51.41099],[-0.06192,51.4106],[-0.06242,51.40956],[-0.06146,51.40942],[-0.0606,51.40974],[-0.05972,51.40967],[-0.05948,51.40955],[-0.06021,51.40919],[-0.05957,51.40863],[-0.06504,51.40597],[-0.06571,51.40647],[-0.06494,51.40693],[-0.06462,51.40677],[-0.06409,51.40712],[-0.06488,51.40774],[-0.06392,51.40837],[-0.06495,51.40911],[-0.06771,51.40899],[-0.0702,51.40953],[-0.0731,51.40898],[-0.07334,51.4114],[-0.07257,51.41125],[-0.07178,51.41159],[-0.07044,51.4108],[-0.0685,51.41178],[-0.06933,51.41248],[-0.0688,51.4123],[-0.06881,51.41274],[-0.06831,51.41303],[-0.06796,51.41284],[-0.06717,51.41285],[-0.06732,51.41356],[-0.06669,51.41372],[-0.06577,51.4136],[-0.06554,51.41433],[-0.06512,51.41425],[-0.06474,51.4146],[-0.06516,51.41476],[-0.06447,51.41495],[-0.06367,51.41443]]]}},{"type":"Feature","properties":{"id":"E01000744","name":"E01000744","parent":"E09000006","type":"LSOA","pop":1509,"r":802,"ff":345,"ffd":22862.8,"ffs":0.5104,"g":123,"co":0,"mo":2,"sa":0,"ic":0},"geometry":{"type":"Polygon","coordinates":[[[-0.0702,51.40953],[-0.06771,51.40899],[-0.06495,51.40911],[-0.06392,51.40837],[-0.06488,51.40774],[-0.06409,51.40712],[-0.06462,51.40677],[-0.06494,51.40693],[-0.06571,51.40647],[-0.06504,51.40597],[-0.06858,51.40384],[-0.06988,51.40599],[-0.0731,51.40898],[-0.0702,51.40953]]]}},{"type":"Feature","properties":{"id":"E01000745","name":"E01000745","parent":"E09000006","type":"LSOA","pop":1886,"r":834,"ff":335,"ffd":17762.5,"ffs":0.4876,"g":144,"co":0,"mo":2,"sa":0,"ic":0},"geometry":{"type":"Polygon","coordinates":[[[-0.0702,51.42608],[-0.06885,51.42561],[-0.06864,51.42599],[-0.06806,51.42592],[-0.06595,51.42515],[-0.06491,51.42521],[-0.0645,51.42499],[-0.06437,51.42531],[-0.06221,51.4251],[-0.06143,51.4248],[-0.0614,51.42451],[-0.06038,51.42411],[-0.05736,51.42305],[-0.05642,51.42297],[-0.05835,51.42003],[-0.06035,51.41777],[-0.06151,51.41798],[-0.06194,51.41854],[-0.06267,51.41899],[-0.06264,51.42017],[-0.06153,51.42024],[-0.06156,51.42066],[-0.06277,51.42088],[-0.06514,51.42061],[-0.06615,51.42113],[-0.06587,51.42358],[-0.06654,51.4242],[-0.06855,51.42452],[-0.07027,51.42529],[-0.07096,51.42501],[-0.07133,51.42323],[-0.07218,51.42332],[-0.07215,51.42365],[-0.07312,51.42392],[-0.07404,51.42295],[-0.07483,51.4228],[-0.07664,51.42309],[-0.07457,51.42595],[-0.07217,51.42628],[-0.0702,51.42608]]]}},{"type":"Feature","properties":{"id":"E01000746","name":"E01000746","parent":"E09000006","type":"LSOA","pop":1988,"r":803,"ff":338,"ffd":17002.0,"ffs":0.4993,"g":122,"co":0,"mo":2,"sa":0,"ic":0},"geometry":{"type":"Polygon","coordinates":[[[-0.07659,51.41439],[-0.08044,51.41557],[-0.08108,51.4171],[-0.08039,51.41799],[-0.07856,51.41971],[-0.07865,51.41983],[-0.07845,51.42004],[-0.07548,51.41908],[-0.07389,51.41772],[-0.07559,51.41702],[-0.07511,51.4167],[-0.07623,51.41617],[-0.07624,51.41561],[-0.07646,51.41549],[-0.07616,51.41481],[-0.07659,51.41439]]]}},{"type":"Feature","properties":{"id":"E01000747","name":"E01000747","parent":"E09000006","type":"LSOA","pop":2089,"r":36,"ff":15,"ffd":718.0,"ffs":0.4545,"g":3,"co":1,"mo":3,"sa":1,"ic":1},"geometry":{"type":"Polygon","coordinates":[[[0.02338,51.35142],[0.02686,51.34952],[0.02782,51.34967],[0.03114,51.34897],[0.03399,51.34893],[0.03412,51.34775],[0.03695,51.34771],[0.03681,51.3481],[0.03831,51.35029],[0.03986,51.34934],[0.04253,51.35026],[0.04447,51.35168],[0.04784,51.34899],[0.0473,51.34656],[0.04285,51.3439],[0.04116,51.34174],[0.04968,51.34394],[0.05086,51.34356],[0.05123,51.34246],[0.05227,51.34198],[0.05288,51.34331],[0.05464,51.3428],[0.05544,51.3437],[0.05762,51.34302],[0.055,51.33999],[0.05441,51.34015],[0.05369,51.3395],[0.05178,51.33989],[0.04775,51.33987],[0.04433,51.33848],[0.05141,51.33871],[0.05344,51.33906],[0.05346,51.33856],[0.05465,51.33747],[0.05411,51.33678],[0.05478,51.33572],[0.05392,51.33449],[0.05446,51.33319],[0.05246,51.33203],[0.05402,51.33128],[0.05421,51.32932],[0.05851,51.32846],[0.05892,51.32797],[0.06285,51.32823],[0.06667,51.32916],[0.06793,51.32574],[0.06754,51.32486],[0.06676,51.32448],[0.0707,51.32084],[0.06987,51.32055],[0.0694,51.31992],[0.07009,51.31785],[0.06968,51.31656],[0.06806,51.31574],[0.06789,51.31471],[0.06492,51.31402],[0.064,51.31364],[0.06389,51.31327],[0.05882,51.31307],[0.05919,51.3139],[0.06085,51.31509],[0.06111,51.31645],[0.06012,51.31613],[0.06051,51.31783],[0.06124,51.31806],[0.06188,51.31888],[0.06052,51.31915],[0.06025,51.31897],[0.05939,51.3194],[0.05746,51.31914],[0.05445,51.31975],[0.05211,51.31816],[0.04911,51.31828],[0.04488,51.32232],[0.04042,51.32466],[0.0394,51.32609],[0.04214,51.33091],[0.0382,51.33204],[0.03895,51.3334],[0.03191,51.33445],[0.03063,51.33522],[0.02943,51.33452],[0.02861,51.33351],[0.02857,51.3329],[0.02759,51.33314],[0.0265,51.3298],[0.02564,51.32931],[0.0238,51.32894],[0.02284,51.32769],[0.02058,51.32766],[0.0205,51.32963],[0.0201,51.32975],[0.01961,51.32944],[0.01947,51.32968],[0.01699,51.32964],[0.01526,51.32881],[0.01541,51.32849],[0.01388,51.32842],[0.01298,51.32928],[0.01168,51.33108],[0.01083,51.33147],[0.00727,51.33152],[0.00331,51.33215],[0.0023,51.33249],[0.00088,51.3336],[-0.00237,51.3435],[-0.00282,51.34554],[0.00068,51.34618],[0.00251,51.34792],[0.00428,51.34849],[0.00455,51.35012],[0.00657,51.35135],[0.00676,51.3518],[0.00904,51.35098],[0.00946,51.34992],[0.01211,51.34991],[0.01482,51.34948],[0.0158,51.35022],[0.0174,51.35257],[0.02026,51.35265],[0.02338,51.35142]]]}},{"type":"Feature","properties":{"id":"E01000748","name":"E01000748","parent":"E09000006","type":"LSOA","pop":1615,"r":87,"ff":29,"ffd":1795.7,"ffs":0.5686,"g":36,"co":0,"mo":2,"sa":2,"ic":0},"geometry":{"type":"Polygon","coordinates":[[[0.07724,51.32423],[0.08409,51.32225],[0.08988,51.32314],[0.09555,51.32359],[0.0956,51.32316],[0.09469,51.32264],[0.09382,51.32025],[0.08779,51.31831],[0.08682,51.31719],[0.08503,51.31602],[0.08564,51.31478],[0.08507,51.3126],[0.08357,51.31053],[0.08474,51.30836],[0.08409,51.30805],[0.08488,51.30604],[0.08288,51.30566],[0.08543,51.30252],[0.08634,51.30017],[0.09119,51.29683],[0.08926,51.29609],[0.08559,51.29304],[0.08158,51.29184],[0.07312,51.29154],[0.07047,51.29084],[0.06575,51.29032],[0.06424,51.28989],[0.06257,51.28996],[0.05851,51.28935],[0.05605,51.2924],[0.05439,51.29209],[0.05083,51.29398],[0.04849,51.29372],[0.04573,51.29403],[0.04451,51.29303],[0.0424,51.29268],[0.04331,51.29658],[0.04426,51.2986],[0.04331,51.29906],[0.04262,51.30141],[0.04149,51.30296],[0.04191,51.30338],[0.0411,51.30486],[0.04097,51.30585],[0.04132,51.30609],[0.04059,51.30679],[0.04086,51.30721],[0.04141,51.30705],[0.04211,51.30752],[0.04324,51.30737],[0.04339,51.30773],[0.04446,51.30781],[0.04394,51.3096],[0.04345,51.31027],[0.04326,51.31229],[0.04329,51.31258],[0.04418,51.31254],[0.04431,51.31342],[0.04375,51.31346],[0.04354,51.3156],[0.04142,51.31554],[0.03928,51.31645],[0.04422,51.32031],[0.04042,51.32466],[0.04488,51.32232],[0.04911,51.31828],[0.05211,51.31816],[0.05445,51.31975],[0.05746,51.31914],[0.05939,51.3194],[0.06025,51.31897],[0.06052,51.31915],[0.06188,51.31888],[0.06124,51.31806],[0.06051,51.31783],[0.06012,51.31613],[0.06111,51.31645],[0.06085,51.31509],[0.05919,51.3139],[0.05882,51.31307],[0.06389,51.31327],[0.064,51.31364],[0.06492,51.31402],[0.06789,51.31471],[0.06806,51.31574],[0.06968,51.31656],[0.07009,51.31785],[0.0694,51.31992],[0.06987,51.32055],[0.0707,51.32084],[0.06676,51.32448],[0.06754,51.32486],[0.06793,51.32574],[0.07001,51.32619],[0.07241,51.3256],[0.07715,51.32547],[0.07724,51.32423]]]}},{"type":"Feature","properties":{"id":"E01000749","name":"E01000749","parent":"E09000006","type":"LSOA","pop":1593,"r":264,"ff":86,"ffd":5398.6,"ffs":0.4751,"g":82,"co":0,"mo":0,"sa":0,"ic":0},"geometry":{"type":"Polygon","coordinates":[[[0.08812,51.35148],[0.09001,51.34812],[0.09266,51.3461],[0.09513,51.34542],[0.09927,51.34483],[0.09577,51.33692],[0.09675,51.33318],[0.09766,51.33212],[0.097,51.33217],[0.09694,51.33141],[0.09313,51.32827],[0.0944,51.32575],[0.09537,51.32515],[0.09555,51.32359],[0.08988,51.32314],[0.08409,51.32225],[0.07724,51.32423],[0.07715,51.32547],[0.07241,51.3256],[0.07001,51.32619],[0.06793,51.32574],[0.06667,51.32916],[0.06285,51.32823],[0.05892,51.32797],[0.05851,51.32846],[0.05421,51.32932],[0.05402,51.33128],[0.05246,51.33203],[0.05446,51.33319],[0.05392,51.33449],[0.05478,51.33572],[0.05411,51.33678],[0.05465,51.33747],[0.05346,51.33856],[0.05344,51.33906],[0.05141,51.33871],[0.04433,51.33848],[0.04775,51.33987],[0.05178,51.33989],[0.05369,51.3395],[0.05441,51.34015],[0.055,51.33999],[0.05762,51.34302],[0.05544,51.3437],[0.05464,51.3428],[0.05288,51.34331],[0.05227,51.34198],[0.05123,51.34246],[0.05086,51.34356],[0.04968,51.34394],[0.04116,51.34174],[0.04285,51.3439],[0.0473,51.34656],[0.04784,51.34899],[0.04735,51.34943],[0.04867,51.35059],[0.05066,51.35137],[0.05543,51.35212],[0.05987,51.35128],[0.06748,51.35138],[0.07595,51.35322],[0.07907,51.35486],[0.08058,51.35609],[0.08561,51.35797],[0.08671,51.35655],[0.08812,51.35148]]]}},{"type":"Feature","properties":{"id":"E01000750","name":"E01000750","parent":"E09000006","type":"LSOA","pop":1439,"r":290,"ff":95,"ffd":6601.8,"ffs":0.4419,"g":73,"co":0,"mo":2,"sa":0,"ic":0},"geometry":{"type":"Polygon","coordinates":[[[0.06907,51.36639],[0.06915,51.36574],[0.07056,51.36604],[0.07429,51.3657],[0.07475,51.36537],[0.07344,51.36343],[0.07284,51.36323],[0.0722,51.36353],[0.07162,51.36349],[0.07199,51.36351],[0.07255,51.36195],[0.06933,51.36128],[0.07026,51.3602],[0.07016,51.35966],[0.06898,51.36005],[0.06856,51.35991],[0.06858,51.35949],[0.06671,51.35961],[0.06643,51.35925],[0.0656,51.35951],[0.06554,51.36089],[0.06463,51.36122],[0.0646,51.36154],[0.0651,51.36167],[0.06464,51.36227],[0.0668,51.36254],[0.06735,51.3617],[0.06797,51.36158],[0.0683,51.36206],[0.06788,51.36227],[0.06827,51.36264],[0.0679,51.36322],[0.0691,51.36393],[0.06808,51.36419],[0.06782,51.36379],[0.06609,51.36359],[0.065,51.36449],[0.06483,51.36503],[0.06541,51.36564],[0.06814,51.36665],[0.06907,51.36639]]]}},{"type":"Feature","properties":{"id":"E01000751","name":"E01000751","parent":"E09000006","type":"LSOA","pop":2314,"r":325,"ff":111,"ffd":4796.9,"ffs":0.4549,"g":79,"co":0,"mo":2,"sa":0,"ic":0},"geometry":{"type":"Polygon","coordinates":[[[0.06149,51.3678],[0.06271,51.36738],[0.06318,51.3667],[0.06541,51.36564],[0.06483,51.36503],[0.065,51.36449],[0.06609,51.36359],[0.06782,51.36379],[0.06808,51.36419],[0.0691,51.36393],[0.0679,51.36322],[0.06827,51.36264],[0.06788,51.36227],[0.0683,51.36206],[0.06797,51.36158],[0.06735,51.3617],[0.0668,51.36254],[0.06464,51.36227],[0.0651,51.36167],[0.0646,51.36154],[0.06463,51.36122],[0.06554,51.36089],[0.0656,51.35951],[0.06387,51.36083],[0.06233,51.35946],[0.06151,51.35712],[0.0658,51.35251],[0.06748,51.35138],[0.05987,51.35128],[0.05543,51.35212],[0.05066,51.35137],[0.04867,51.35059],[0.04735,51.34943],[0.04447,51.35168],[0.04577,51.35248],[0.04416,51.35408],[0.04665,51.35503],[0.04642,51.35618],[0.04779,51.3582],[0.04794,51.3592],[0.04826,51.35989],[0.0491,51.35971],[0.04965,51.36221],[0.0534,51.36236],[0.05496,51.36328],[0.05448,51.36355],[0.05546,51.36481],[0.05462,51.36534],[0.05604,51.36624],[0.05762,51.36658],[0.05801,51.3665],[0.05998,51.36779],[0.06008,51.36745],[0.06149,51.3678]]]}},{"type":"Feature","properties":{"id":"E01000752","name":"E01000752","parent":"E09000006","type":"LSOA","pop":1699,"r":305,"ff":101,"ffd":5944.7,"ffs":0.4633,"g":85,"co":0,"mo":2,"sa":0,"ic":0},"geometry":{"type":"Polygon","coordinates":[[[0.07438,51.36592],[0.07667,51.36518],[0.07807,51.36555],[0.08073,51.36558],[0.0809,51.365],[0.08209,51.36462],[0.08109,51.36405],[0.07992,51.36414],[0.07933,51.36353],[0.08035,51.36311],[0.07817,51.36166],[0.08467,51.35877],[0.08561,51.35797],[0.08058,51.35609],[0.07907,51.35486],[0.07595,51.35322],[0.06748,51.35138],[0.0658,51.35251],[0.06151,51.35712],[0.06233,51.35946],[0.06387,51.36083],[0.0656,51.35951],[0.06643,51.35925],[0.06671,51.35961],[0.06858,51.35949],[0.06856,51.35991],[0.06898,51.36005],[0.07016,51.35966],[0.07026,51.3602],[0.06933,51.36128],[0.07255,51.36195],[0.07199,51.36351],[0.07162,51.36349],[0.0722,51.36353],[0.07284,51.36323],[0.07344,51.36343],[0.07475,51.36537],[0.07429,51.3657],[0.07438,51.36592]]]}},{"type":"Feature","properties":{"id":"E01000753","name":"E01000753","parent":"E09000006","type":"LSOA","pop":1904,"r":349,"ff":119,"ffd":6250.0,"ffs":0.4525,"g":84,"co":0,"mo":0,"sa":0,"ic":0},"geometry":{"type":"Polygon","coordinates":[[[0.06749,51.3777],[0.06864,51.37735],[0.0706,51.37811],[0.0717,51.37925],[0.07362,51.37879],[0.07292,51.37774],[0.0709,51.37585],[0.07221,51.3754],[0.07188,51.37512],[0.07232,51.37489],[0.07477,51.37451],[0.07485,51.37387],[0.07452,51.37333],[0.07098,51.37342],[0.07158,51.37296],[0.07299,51.37268],[0.07313,51.37179],[0.07249,51.37202],[0.07215,51.37142],[0.07248,51.37116],[0.07298,51.37157],[0.07365,51.3713],[0.07409,51.37145],[0.07431,51.37113],[0.0736,51.37038],[0.0748,51.36925],[0.07406,51.36918],[0.07412,51.36863],[0.07291,51.3694],[0.07198,51.36951],[0.07237,51.36997],[0.07164,51.37014],[0.06937,51.36939],[0.06801,51.36858],[0.06748,51.36905],[0.06519,51.368],[0.06448,51.36809],[0.06536,51.36887],[0.06585,51.36857],[0.06675,51.36908],[0.06606,51.37004],[0.06258,51.37067],[0.0653,51.37187],[0.0651,51.37218],[0.06536,51.37255],[0.06279,51.37358],[0.06473,51.37528],[0.06178,51.37616],[0.06161,51.37592],[0.05947,51.37581],[0.05566,51.37589],[0.05718,51.37586],[0.05631,51.37649],[0.05708,51.37717],[0.0569,51.37845],[0.05825,51.38091],[0.05932,51.38102],[0.06548,51.37901],[0.06749,51.3777]]]}},{"type":"Feature","properties":{"id":"E01000754","name":"E01000754","parent":"E09000006","type":"LSOA","pop":1805,"r":338,"ff":118,"ffd":6537.4,"ffs":0.4591,"g":79,"co":0,"mo":0,"sa":0,"ic":0},"geometry":{"type":"Polygon","coordinates":[[[0.08368,51.37905],[0.08787,51.37461],[0.08977,51.37228],[0.08914,51.37166],[0.0882,51.37136],[0.08752,51.37163],[0.08651,51.37118],[0.08555,51.37174],[0.08573,51.37205],[0.08499,51.37219],[0.08506,51.37262],[0.08383,51.37207],[0.08366,51.37317],[0.08205,51.37325],[0.0817,51.37385],[0.08206,51.37521],[0.07881,51.37579],[0.0784,51.37525],[0.07759,51.37558],[0.078,51.37621],[0.08062,51.37588],[0.08101,51.37606],[0.08102,51.37655],[0.08025,51.37665],[0.08021,51.37749],[0.08104,51.3775],[0.08109,51.3784],[0.08055,51.37841],[0.08062,51.37753],[0.08028,51.37751],[0.07998,51.37838],[0.07933,51.37868],[0.07805,51.37717],[0.07745,51.3773],[0.08008,51.38099],[0.08157,51.38118],[0.08368,51.37905]]]}},{"type":"Feature","properties":{"id":"E01000755","name":"E01000755","parent":"E09000006","type":"LSOA","pop":1647,"r":357,"ff":124,"ffd":7528.8,"ffs":0.4576,"g":84,"co":0,"mo":0,"sa":0,"ic":0},"geometry":{"type":"Polygon","coordinates":[[[0.07447,51.3784],[0.07718,51.37703],[0.07745,51.3773],[0.07805,51.37717],[0.07933,51.37868],[0.07998,51.37838],[0.08028,51.37751],[0.08062,51.37753],[0.08055,51.37841],[0.08109,51.3784],[0.08104,51.3775],[0.08021,51.37749],[0.08025,51.37665],[0.08102,51.37655],[0.08101,51.37606],[0.08062,51.37588],[0.078,51.37621],[0.07759,51.37558],[0.0784,51.37525],[0.07881,51.37579],[0.08206,51.37521],[0.0817,51.37385],[0.08205,51.37325],[0.08366,51.37317],[0.08368,51.37268],[0.08005,51.37298],[0.08014,51.37256],[0.07893,51.37271],[0.07813,51.37145],[0.07852,51.37118],[0.07767,51.37108],[0.07643,51.37186],[0.07652,51.37272],[0.07579,51.3728],[0.07571,51.37327],[0.07452,51.37333],[0.07486,51.37391],[0.07477,51.37451],[0.07232,51.37489],[0.07188,51.37512],[0.07221,51.3754],[0.0709,51.37585],[0.07292,51.37774],[0.07362,51.37879],[0.07447,51.3784]]]}},{"type":"Feature","properties":{"id":"E01000756","name":"E01000756","parent":"E09000006","type":"LSOA","pop":1684,"r":340,"ff":114,"ffd":6769.6,"ffs":0.4419,"g":80,"co":0,"mo":0,"sa":0,"ic":0},"geometry":{"type":"Polygon","coordinates":[[[0.06178,51.37616],[0.06473,51.37528],[0.06279,51.37358],[0.06536,51.37255],[0.0651,51.37218],[0.0653,51.37187],[0.06258,51.37067],[0.06606,51.37004],[0.06675,51.36908],[0.06585,51.36857],[0.06536,51.36887],[0.06448,51.36809],[0.06519,51.368],[0.06748,51.36905],[0.06801,51.36858],[0.06814,51.36665],[0.06541,51.36564],[0.06318,51.3667],[0.06271,51.36738],[0.06149,51.3678],[0.06008,51.36745],[0.05998,51.36779],[0.05801,51.3665],[0.05762,51.36658],[0.05604,51.36624],[0.05462,51.36534],[0.05068,51.36727],[0.04843,51.36998],[0.04985,51.37118],[0.05045,51.37132],[0.05019,51.37146],[0.05068,51.37185],[0.05112,51.37174],[0.05292,51.37318],[0.05429,51.37396],[0.05436,51.37495],[0.05375,51.37592],[0.05947,51.37581],[0.06161,51.37592],[0.06178,51.37616]]]}},{"type":"Feature","properties":{"id":"E01000757","name":"E01000757","parent":"E09000006","type":"LSOA","pop":1563,"r":306,"ff":102,"ffd":6525.9,"ffs":0.4474,"g":76,"co":0,"mo":0,"sa":0,"ic":0},"geometry":{"type":"Polygon","coordinates":[[[0.07643,51.37186],[0.07767,51.37108],[0.07852,51.37118],[0.07813,51.37145],[0.07893,51.37271],[0.08216,51.37233],[0.08241,51.37199],[0.08154,51.37158],[0.08043,51.37184],[0.08009,51.37116],[0.08183,51.36988],[0.07846,51.36795],[0.08189,51.3667],[0.08002,51.36546],[0.07807,51.36555],[0.07667,51.36518],[0.07438,51.36592],[0.07429,51.3657],[0.07056,51.36604],[0.06915,51.36574],[0.06907,51.36639],[0.06814,51.36665],[0.06801,51.36858],[0.06937,51.36939],[0.07164,51.37014],[0.07237,51.36997],[0.07198,51.36951],[0.07291,51.3694],[0.07412,51.36863],[0.07406,51.36918],[0.0748,51.36925],[0.0736,51.37038],[0.07431,51.37113],[0.07409,51.37145],[0.07365,51.3713],[0.07298,51.37157],[0.07248,51.37116],[0.07215,51.37142],[0.07249,51.37202],[0.07313,51.37179],[0.07299,51.37268],[0.07158,51.37296],[0.07098,51.37342],[0.07571,51.37327],[0.07579,51.3728],[0.07652,51.37272],[0.07643,51.37186]]]}},{"type":"Feature","properties":{"id":"E01000758","name":"E01000758","parent":"E09000006","type":"LSOA","pop":1468,"r":299,"ff":99,"ffd":6743.9,"ffs":0.45,"g":78,"co":0,"mo":0,"sa":0,"ic":0},"geometry":{"type":"Polygon","coordinates":[[[0.08368,51.37268],[0.08383,51.37207],[0.08506,51.37262],[0.08499,51.37219],[0.08573,51.37205],[0.08555,51.37174],[0.08651,51.37118],[0.08752,51.37163],[0.0882,51.37136],[0.08914,51.37166],[0.08977,51.37228],[0.09041,51.37147],[0.09004,51.37101],[0.0905,51.37029],[0.08953,51.37027],[0.08884,51.36987],[0.08807,51.37009],[0.0874,51.36966],[0.08799,51.36929],[0.08691,51.3686],[0.08587,51.36926],[0.08534,51.36887],[0.0856,51.36814],[0.08216,51.36577],[0.08002,51.36546],[0.08189,51.3667],[0.07846,51.36795],[0.08183,51.36988],[0.08009,51.37116],[0.08043,51.37184],[0.08154,51.37158],[0.08241,51.37199],[0.08216,51.37233],[0.08014,51.37256],[0.08005,51.37298],[0.08368,51.37268]]]}},{"type":"Feature","properties":{"id":"E01000759","name":"E01000759","parent":"E09000006","type":"LSOA","pop":1658,"r":549,"ff":207,"ffd":12484.9,"ffs":0.4836,"g":117,"co":0,"mo":2,"sa":0,"ic":0},"geometry":{"type":"Polygon","coordinates":[[[0.03325,51.37158],[0.03003,51.36804],[0.02992,51.36735],[0.02788,51.36776],[0.02498,51.36758],[0.02578,51.36516],[0.02734,51.36246],[0.02702,51.36275],[0.02525,51.3617],[0.02497,51.36089],[0.02233,51.35936],[0.02232,51.35905],[0.01998,51.3581],[0.02041,51.35742],[0.01932,51.35579],[0.02053,51.3552],[0.02107,51.35557],[0.02163,51.35553],[0.02026,51.35265],[0.0174,51.35257],[0.0158,51.35022],[0.01482,51.34948],[0.01211,51.34991],[0.00946,51.34992],[0.00904,51.35098],[0.00676,51.3518],[0.00657,51.35135],[0.00455,51.35012],[0.00428,51.34849],[0.00251,51.34792],[0.00068,51.34618],[-0.00282,51.34554],[-0.00538,51.35265],[-0.00798,51.35531],[-0.01196,51.35732],[-0.01225,51.35702],[-0.01344,51.35743],[-0.0152,51.3586],[-0.01826,51.36125],[-0.01874,51.36255],[-0.01983,51.36357],[-0.01582,51.36458],[-0.00579,51.36836],[-0.00408,51.36715],[-0.0036,51.36614],[-0.00692,51.36546],[-0.0069,51.36322],[-0.0051,51.36356],[-0.00469,51.3625],[-0.00395,51.36267],[-0.00262,51.3623],[-0.00181,51.36304],[-0.00115,51.36217],[0.00412,51.36026],[0.00532,51.35783],[0.00735,51.35811],[0.00889,51.35936],[0.00485,51.36327],[0.00565,51.36361],[0.00579,51.36525],[0.00748,51.36506],[0.00791,51.36618],[0.00843,51.36681],[0.00767,51.36717],[0.00826,51.36753],[0.00764,51.36787],[0.01231,51.36773],[0.01187,51.36888],[0.01529,51.36791],[0.01611,51.36862],[0.0141,51.36994],[0.01777,51.37098],[0.01943,51.36866],[0.02068,51.36946],[0.0219,51.37103],[0.02291,51.37128],[0.02445,51.36897],[0.02536,51.36976],[0.02815,51.37111],[0.02923,51.37098],[0.03096,51.37148],[0.03325,51.37158]]]}},{"type":"Feature","properties":{"id":"E01000760","name":"E01000760","parent":"E09000006","type":"LSOA","pop":1714,"r":488,"ff":189,"ffd":11026.8,"ffs":0.5,"g":106,"co":0,"mo":2,"sa":0,"ic":0},"geometry":{"type":"Polygon","coordinates":[[[0.00163,51.37293],[0.00315,51.37066],[0.00367,51.37075],[0.00418,51.37007],[0.00375,51.36966],[0.00185,51.36941],[0.00102,51.36864],[-0.00013,51.36795],[0.00021,51.36745],[0.00305,51.36589],[0.00296,51.36452],[0.00136,51.36457],[0.00063,51.36224],[0.00135,51.36184],[0.00104,51.36149],[-0.00115,51.36217],[-0.00181,51.36304],[-0.00262,51.3623],[-0.00395,51.36267],[-0.00469,51.3625],[-0.0051,51.36356],[-0.0069,51.36322],[-0.00692,51.36546],[-0.0036,51.36614],[-0.00408,51.36715],[-0.00579,51.36836],[-0.00187,51.37077],[0.00206,51.37424],[0.00227,51.3738],[0.00163,51.37293]]]}},{"type":"Feature","properties":{"id":"E01000761","name":"E01000761","parent":"E09000006","type":"LSOA","pop":1569,"r":434,"ff":169,"ffd":10771.2,"ffs":0.5121,"g":100,"co":0,"mo":2,"sa":0,"ic":0},"geometry":{"type":"Polygon","coordinates":[[[0.0141,51.36994],[0.01611,51.36862],[0.01529,51.36791],[0.01187,51.36888],[0.01231,51.36773],[0.00764,51.36787],[0.00826,51.36753],[0.00767,51.36717],[0.00843,51.36681],[0.00791,51.36618],[0.00748,51.36506],[0.00579,51.36525],[0.00565,51.36361],[0.00485,51.36327],[0.00889,51.35936],[0.00735,51.35811],[0.00532,51.35783],[0.00412,51.36026],[0.00104,51.36149],[0.00135,51.36184],[0.00063,51.36224],[0.00136,51.36457],[0.00296,51.36452],[0.00305,51.36589],[0.00021,51.36745],[-0.00013,51.36795],[0.00102,51.36864],[0.00185,51.36941],[0.00375,51.36966],[0.00418,51.37007],[0.00388,51.37044],[0.00522,51.37053],[0.00726,51.3697],[0.00983,51.36956],[0.01183,51.37117],[0.01227,51.37052],[0.0141,51.36994]]]}},{"type":"Feature","properties":{"id":"E01000762","name":"E01000762","parent":"E09000006","type":"LSOA","pop":1828,"r":545,"ff":215,"ffd":11761.5,"ffs":0.492,"g":106,"co":0,"mo":0,"sa":0,"ic":0},"geometry":{"type":"Polygon","coordinates":[[[0.01261,51.39307],[0.01254,51.39249],[0.01315,51.3925],[0.01318,51.39211],[0.01467,51.3922],[0.01473,51.39199],[0.01656,51.39188],[0.0167,51.39219],[0.01747,51.39243],[0.01791,51.39201],[0.0184,51.39247],[0.01899,51.39203],[0.01831,51.39131],[0.01832,51.39013],[0.01745,51.38998],[0.01744,51.38873],[0.01693,51.3886],[0.01642,51.38902],[0.01151,51.38872],[0.01203,51.38868],[0.01182,51.38828],[0.01099,51.38854],[0.01052,51.38829],[0.00955,51.38859],[0.00921,51.38837],[0.00836,51.38847],[0.00806,51.38903],[0.00634,51.38921],[0.00621,51.38983],[0.00715,51.39102],[0.00802,51.3914],[0.00738,51.39198],[0.01165,51.39351],[0.01261,51.39307]]]}},{"type":"Feature","properties":{"id":"E01000763","name":"E01000763","parent":"E09000006","type":"LSOA","pop":1443,"r":510,"ff":197,"ffd":13652.1,"ffs":0.4937,"g":107,"co":0,"mo":0,"sa":0,"ic":0},"geometry":{"type":"Polygon","coordinates":[[[0.02699,51.38865],[0.02998,51.38769],[0.03086,51.38658],[0.02385,51.38362],[0.0217,51.38299],[0.0171,51.38309],[0.01805,51.38049],[0.01751,51.38042],[0.01684,51.38195],[0.01616,51.38204],[0.01623,51.3817],[0.01439,51.38171],[0.01518,51.3809],[0.01461,51.38065],[0.01398,51.38138],[0.01364,51.38127],[0.01387,51.38098],[0.01165,51.38093],[0.01125,51.3805],[0.01071,51.38051],[0.01201,51.38258],[0.01282,51.38266],[0.01297,51.3838],[0.01404,51.38485],[0.0146,51.38495],[0.01476,51.38562],[0.01429,51.3858],[0.01483,51.38653],[0.01491,51.38772],[0.0119,51.38779],[0.01182,51.38828],[0.01203,51.38868],[0.01151,51.38872],[0.01642,51.38902],[0.01693,51.3886],[0.01744,51.38873],[0.01745,51.38998],[0.01832,51.39013],[0.01831,51.39131],[0.01899,51.39203],[0.0184,51.39247],[0.01938,51.39303],[0.02222,51.39111],[0.02345,51.39082],[0.02397,51.38968],[0.02699,51.38865]]]}},{"type":"Feature","properties":{"id":"E01000764","name":"E01000764","parent":"E09000006","type":"LSOA","pop":1834,"r":508,"ff":196,"ffd":10687.0,"ffs":0.4937,"g":107,"co":0,"mo":0,"sa":0,"ic":0},"geometry":{"type":"Polygon","coordinates":[[[0.00836,51.38847],[0.00921,51.38837],[0.00955,51.38859],[0.01052,51.38829],[0.01099,51.38854],[0.01182,51.38828],[0.0119,51.38779],[0.01491,51.38772],[0.01483,51.38653],[0.01429,51.3858],[0.01476,51.38562],[0.0146,51.38495],[0.01404,51.38485],[0.01297,51.3838],[0.01282,51.38266],[0.01201,51.38258],[0.01162,51.38283],[0.01078,51.38229],[0.00832,51.38204],[0.00795,51.38269],[0.00675,51.38267],[0.00731,51.38356],[0.00613,51.38464],[0.00499,51.38404],[0.00547,51.38343],[0.00393,51.38224],[0.0029,51.38331],[0.00263,51.38809],[0.00399,51.3885],[0.00513,51.38929],[0.00806,51.38903],[0.00836,51.38847]]]}},{"type":"Feature","properties":{"id":"E01000765","name":"E01000765","parent":"E09000006","type":"LSOA","pop":1843,"r":489,"ff":185,"ffd":10038.0,"ffs":0.492,"g":109,"co":0,"mo":0,"sa":0,"ic":0},"geometry":{"type":"Polygon","coordinates":[[[0.03272,51.38354],[0.03374,51.38205],[0.03417,51.37905],[0.03525,51.37761],[0.03537,51.37557],[0.03535,51.37469],[0.03335,51.3687],[0.03354,51.36762],[0.03145,51.36727],[0.03002,51.36538],[0.02859,51.36428],[0.02741,51.36228],[0.02642,51.36128],[0.02497,51.36089],[0.02525,51.3617],[0.02702,51.36275],[0.02734,51.36246],[0.02578,51.36516],[0.02498,51.36758],[0.02788,51.36776],[0.02992,51.36735],[0.03003,51.36804],[0.03325,51.37158],[0.03096,51.37148],[0.02923,51.37098],[0.02815,51.37111],[0.02536,51.36976],[0.02445,51.36897],[0.02291,51.37128],[0.0219,51.37103],[0.02068,51.36946],[0.01943,51.36866],[0.01777,51.37098],[0.0141,51.36994],[0.01227,51.37052],[0.01183,51.37117],[0.0146,51.37426],[0.01209,51.37423],[0.01266,51.37478],[0.01181,51.37478],[0.01152,51.37541],[0.01104,51.37569],[0.00914,51.37592],[0.00907,51.3763],[0.00667,51.37644],[0.00649,51.37684],[0.00981,51.37686],[0.00967,51.37744],[0.01011,51.37766],[0.01062,51.37749],[0.01072,51.37784],[0.01164,51.37774],[0.01118,51.37774],[0.01196,51.37715],[0.01173,51.37596],[0.0131,51.3756],[0.01405,51.37601],[0.01449,51.37772],[0.01646,51.37756],[0.01602,51.37668],[0.01636,51.37621],[0.01703,51.37628],[0.01682,51.377],[0.01742,51.37711],[0.01698,51.37864],[0.01751,51.38042],[0.01805,51.38049],[0.0171,51.38309],[0.0217,51.38299],[0.02385,51.38362],[0.03086,51.38658],[0.03187,51.38407],[0.03272,51.38354]]]}},{"type":"Feature","properties":{"id":"E01000766","name":"E01000766","parent":"E09000006","type":"LSOA","pop":1904,"r":519,"ff":206,"ffd":10819.3,"ffs":0.5137,"g":114,"co":0,"mo":0,"sa":0,"ic":0},"geometry":{"type":"Polygon","coordinates":[[[0.00731,51.38356],[0.00675,51.38267],[0.00795,51.38269],[0.00832,51.38204],[0.01078,51.38229],[0.01162,51.38283],[0.01201,51.38258],[0.01071,51.38051],[0.01024,51.38064],[0.00997,51.38033],[0.00827,51.38058],[0.00702,51.37976],[0.00595,51.38036],[0.00514,51.37991],[0.00622,51.37928],[0.00853,51.37836],[0.00856,51.37799],[0.00772,51.37763],[0.00782,51.37689],[0.00497,51.37672],[0.00442,51.37617],[0.00396,51.37648],[-0.00222,51.37728],[-0.00075,51.37835],[-0.0006,51.37895],[-0.00015,51.3788],[0.00287,51.38059],[0.0025,51.38086],[0.00316,51.38208],[0.00371,51.38243],[0.00393,51.38224],[0.00547,51.38343],[0.00499,51.38404],[0.00613,51.38464],[0.00731,51.38356]]]}},{"type":"Feature","properties":{"id":"E01000767","name":"E01000767","parent":"E09000006","type":"LSOA","pop":1609,"r":499,"ff":190,"ffd":11808.6,"ffs":0.4961,"g":112,"co":0,"mo":0,"sa":0,"ic":0},"geometry":{"type":"Polygon","coordinates":[[[0.01684,51.38195],[0.01751,51.38042],[0.01698,51.37864],[0.01742,51.37711],[0.01682,51.377],[0.01703,51.37628],[0.01636,51.37621],[0.01602,51.37668],[0.01646,51.37756],[0.01449,51.37772],[0.01405,51.37601],[0.0131,51.3756],[0.01173,51.37596],[0.01196,51.37715],[0.01118,51.37774],[0.01164,51.37774],[0.01072,51.37784],[0.01062,51.37749],[0.01011,51.37766],[0.00967,51.37744],[0.00981,51.37686],[0.00782,51.37689],[0.00772,51.37763],[0.00856,51.37799],[0.00853,51.37836],[0.00622,51.37928],[0.00514,51.37991],[0.00595,51.38036],[0.00702,51.37976],[0.00827,51.38058],[0.00997,51.38033],[0.01024,51.38064],[0.01125,51.3805],[0.01165,51.38093],[0.01387,51.38098],[0.01364,51.38127],[0.01398,51.38138],[0.01461,51.38065],[0.01518,51.3809],[0.01439,51.38171],[0.01623,51.3817],[0.01616,51.38204],[0.01684,51.38195]]]}},{"type":"Feature","properties":{"id":"E01000768","name":"E01000768","parent":"E09000006","type":"LSOA","pop":1557,"r":473,"ff":180,"ffd":11560.7,"ffs":0.4959,"g":106,"co":0,"mo":0,"sa":0,"ic":0},"geometry":{"type":"Polygon","coordinates":[[[0.00907,51.3763],[0.00914,51.37592],[0.01104,51.37569],[0.01152,51.37541],[0.01181,51.37478],[0.01266,51.37478],[0.01209,51.37423],[0.0146,51.37426],[0.01183,51.37117],[0.00983,51.36956],[0.00726,51.3697],[0.00522,51.37053],[0.00388,51.37044],[0.00367,51.37075],[0.00315,51.37066],[0.00163,51.37293],[0.00227,51.3738],[0.00206,51.37424],[0.00227,51.3748],[0.00396,51.37648],[0.00442,51.37617],[0.00497,51.37672],[0.00649,51.37684],[0.00667,51.37644],[0.00907,51.3763]]]}},{"type":"Feature","properties":{"id":"E01000769","name":"E01000769","parent":"E09000006","type":"LSOA","pop":1432,"r":623,"ff":257,"ffd":17946.9,"ffs":0.5059,"g":112,"co":0,"mo":2,"sa":0,"ic":0},"geometry":{"type":"Polygon","coordinates":[[[-0.03436,51.39175],[-0.0309,51.39083],[-0.03125,51.39033],[-0.0284,51.38947],[-0.02686,51.38761],[-0.02607,51.38782],[-0.02482,51.38667],[-0.02512,51.38644],[-0.02376,51.38641],[-0.02327,51.38586],[-0.02437,51.38443],[-0.02437,51.38359],[-0.02521,51.38147],[-0.02582,51.38154],[-0.0268,51.37937],[-0.02802,51.37936],[-0.02811,51.37838],[-0.02915,51.37753],[-0.03161,51.37715],[-0.03693,51.37701],[-0.03649,51.37899],[-0.0369,51.37895],[-0.03761,51.38143],[-0.03787,51.38323],[-0.03659,51.38848],[-0.03944,51.38886],[-0.03928,51.38933],[-0.03815,51.39002],[-0.03797,51.39138],[-0.03713,51.39154],[-0.03614,51.39133],[-0.03436,51.39175]]]}},{"type":"Feature","properties":{"id":"E01000770","name":"E01000770","parent":"E09000006","type":"LSOA","pop":1524,"r":662,"ff":278,"ffd":18241.5,"ffs":0.5082,"g":114,"co":0,"mo":2,"sa":0,"ic":0},"geometry":{"type":"Polygon","coordinates":[[[-0.02025,51.40724],[-0.0204,51.40692],[-0.02246,51.40698],[-0.02418,51.40606],[-0.02385,51.40576],[-0.02239,51.40615],[-0.02092,51.40596],[-0.02093,51.40552],[-0.02204,51.40551],[-0.02197,51.40467],[-0.02082,51.40482],[-0.02052,51.40399],[-0.02197,51.40376],[-0.02108,51.40228],[-0.01995,51.40235],[-0.0198,51.40275],[-0.0181,51.40291],[-0.01778,51.40333],[-0.01718,51.40276],[-0.0188,51.40258],[-0.01874,51.40214],[-0.01815,51.40079],[-0.01733,51.40082],[-0.01727,51.40057],[-0.01804,51.40028],[-0.01705,51.40007],[-0.01837,51.39986],[-0.01821,51.39926],[-0.01788,51.39918],[-0.01794,51.39901],[-0.01966,51.39762],[-0.01963,51.39713],[-0.0208,51.39667],[-0.02311,51.3947],[-0.02407,51.39535],[-0.02411,51.39561],[-0.02559,51.39613],[-0.02733,51.39654],[-0.02838,51.39632],[-0.02871,51.39667],[-0.02399,51.39788],[-0.0241,51.39822],[-0.02554,51.39879],[-0.02641,51.39871],[-0.0279,51.39981],[-0.02925,51.39899],[-0.03017,51.40134],[-0.02982,51.40245],[-0.02799,51.40236],[-0.02745,51.40204],[-0.02701,51.40245],[-0.02705,51.40381],[-0.02833,51.40429],[-0.02834,51.40643],[-0.02579,51.40636],[-0.02521,51.40707],[-0.02557,51.4077],[-0.02025,51.40724]]]}},{"type":"Feature","properties":{"id":"E01000771","name":"E01000771","parent":"E09000006","type":"LSOA","pop":1681,"r":716,"ff":295,"ffd":17549.1,"ffs":0.4992,"g":122,"co":0,"mo":2,"sa":0,"ic":0},"geometry":{"type":"Polygon","coordinates":[[[-0.0316,51.40593],[-0.03028,51.40559],[-0.02997,51.40633],[-0.02896,51.40625],[-0.02893,51.40567],[-0.02831,51.40564],[-0.02833,51.40429],[-0.02705,51.40381],[-0.02701,51.40245],[-0.02745,51.40204],[-0.02799,51.40236],[-0.02982,51.40245],[-0.03017,51.40134],[-0.03158,51.40144],[-0.03169,51.40093],[-0.03409,51.40163],[-0.03478,51.40078],[-0.03282,51.40033],[-0.03317,51.39983],[-0.03381,51.39998],[-0.03533,51.39769],[-0.03645,51.39821],[-0.03531,51.3999],[-0.03735,51.40041],[-0.03865,51.39898],[-0.03996,51.39934],[-0.04054,51.39904],[-0.04109,51.39915],[-0.0385,51.40155],[-0.03515,51.40397],[-0.03278,51.40648],[-0.03143,51.40649],[-0.0316,51.40593]]]}},{"type":"Feature","properties":{"id":"E01000772","name":"E01000772","parent":"E09000006","type":"LSOA","pop":1561,"r":649,"ff":268,"ffd":17168.5,"ffs":0.5019,"g":113,"co":0,"mo":2,"sa":0,"ic":0},"geometry":{"type":"Polygon","coordinates":[[[-0.02011,51.40724],[-0.01954,51.40637],[-0.01975,51.4053],[-0.01955,51.40448],[-0.01829,51.4046],[-0.01825,51.40488],[-0.0167,51.40483],[-0.01683,51.40436],[-0.01527,51.40352],[-0.01466,51.40384],[-0.01378,51.40349],[-0.01341,51.40235],[-0.01051,51.40063],[-0.00954,51.40039],[-0.0098,51.40003],[-0.00921,51.39915],[-0.01378,51.39937],[-0.01821,51.39926],[-0.01837,51.39986],[-0.01705,51.40007],[-0.01804,51.40028],[-0.01727,51.40057],[-0.01733,51.40082],[-0.01815,51.40079],[-0.0188,51.40258],[-0.01718,51.40276],[-0.01778,51.40333],[-0.0181,51.40291],[-0.0198,51.40275],[-0.01995,51.40235],[-0.02108,51.40228],[-0.02197,51.40376],[-0.02052,51.40399],[-0.02082,51.40482],[-0.02197,51.40467],[-0.02204,51.40551],[-0.02093,51.40552],[-0.02092,51.40596],[-0.02239,51.40615],[-0.02385,51.40576],[-0.02418,51.40606],[-0.02246,51.40698],[-0.0204,51.40692],[-0.02011,51.40724]]]}},{"type":"Feature","properties":{"id":"E01000773","name":"E01000773","parent":"E09000006","type":"LSOA","pop":1599,"r":682,"ff":276,"ffd":17260.8,"ffs":0.4902,"g":116,"co":0,"mo":2,"sa":0,"ic":0},"geometry":{"type":"Polygon","coordinates":[[[-0.03409,51.40163],[-0.03169,51.40093],[-0.03158,51.40144],[-0.03017,51.40134],[-0.02925,51.39899],[-0.0279,51.39981],[-0.02641,51.39871],[-0.02554,51.39879],[-0.0241,51.39822],[-0.02399,51.39788],[-0.02921,51.3965],[-0.02918,51.39585],[-0.03112,51.39586],[-0.03149,51.39526],[-0.03073,51.39495],[-0.03097,51.39454],[-0.03463,51.39557],[-0.03478,51.39465],[-0.03537,51.39466],[-0.03495,51.39705],[-0.03395,51.39862],[-0.0346,51.39881],[-0.03381,51.39998],[-0.03317,51.39983],[-0.03282,51.40033],[-0.03478,51.40078],[-0.03409,51.40163]]]}},{"type":"Feature","properties":{"id":"E01000774","name":"E01000774","parent":"E09000006","type":"LSOA","pop":1550,"r":702,"ff":290,"ffd":18709.7,"ffs":0.5009,"g":120,"co":0,"mo":2,"sa":0,"ic":0},"geometry":{"type":"Polygon","coordinates":[[[-0.03531,51.3999],[-0.03645,51.39821],[-0.03533,51.39769],[-0.0346,51.39881],[-0.03395,51.39862],[-0.03495,51.39705],[-0.03562,51.39303],[-0.04148,51.39344],[-0.04281,51.39547],[-0.04352,51.39591],[-0.04308,51.39626],[-0.04355,51.39808],[-0.04451,51.39787],[-0.04475,51.39834],[-0.04521,51.39832],[-0.04532,51.39858],[-0.04312,51.39916],[-0.04204,51.39896],[-0.04109,51.39915],[-0.04054,51.39904],[-0.03996,51.39934],[-0.03865,51.39898],[-0.03735,51.40041],[-0.03531,51.3999]]]}},{"type":"Feature","properties":{"id":"E01000775","name":"E01000775","parent":"E09000006","type":"LSOA","pop":2740,"r":584,"ff":238,"ffd":8686.1,"ffs":0.5042,"g":109,"co":0,"mo":2,"sa":0,"ic":0},"geometry":{"type":"Polygon","coordinates":[[[-0.01652,51.39532],[-0.01438,51.39286],[-0.01403,51.3921],[-0.01362,51.39205],[-0.01365,51.39134],[-0.01331,51.39139],[-0.0118,51.38891],[-0.01144,51.38761],[-0.01486,51.3877],[-0.01589,51.38819],[-0.01658,51.38777],[-0.01856,51.38786],[-0.01804,51.3854],[-0.02053,51.38507],[-0.02289,51.38696],[-0.02327,51.38586],[-0.02376,51.38641],[-0.02512,51.38644],[-0.02482,51.38667],[-0.02607,51.38782],[-0.02686,51.38761],[-0.0284,51.38947],[-0.02732,51.39034],[-0.02849,51.39087],[-0.02807,51.39119],[-0.03155,51.39247],[-0.03109,51.39349],[-0.03006,51.39357],[-0.02912,51.39285],[-0.028,51.39352],[-0.0284,51.39446],[-0.03149,51.39526],[-0.03112,51.39586],[-0.02918,51.39585],[-0.02921,51.3965],[-0.02871,51.39667],[-0.02838,51.39632],[-0.02733,51.39654],[-0.02411,51.39561],[-0.02407,51.39535],[-0.02311,51.3947],[-0.0208,51.39667],[-0.01963,51.39713],[-0.01966,51.39762],[-0.01794,51.39901],[-0.01752,51.39743],[-0.0179,51.396],[-0.01652,51.39532]]]}},{"type":"Feature","properties":{"id":"E01000777","name":"E01000777","parent":"E09000006","type":"LSOA","pop":1642,"r":663,"ff":275,"ffd":16747.9,"ffs":0.5046,"g":115,"co":0,"mo":2,"sa":0,"ic":0},"geometry":{"type":"Polygon","coordinates":[[[-0.03463,51.39557],[-0.03097,51.39454],[-0.03073,51.39495],[-0.0284,51.39446],[-0.028,51.39352],[-0.02912,51.39285],[-0.03006,51.39357],[-0.03109,51.39349],[-0.03155,51.39247],[-0.02807,51.39119],[-0.02849,51.39087],[-0.02732,51.39034],[-0.02846,51.38947],[-0.03125,51.39033],[-0.0309,51.39083],[-0.03436,51.39175],[-0.03614,51.39133],[-0.03713,51.39154],[-0.03722,51.39188],[-0.03858,51.39183],[-0.03866,51.39227],[-0.04008,51.39256],[-0.0404,51.39336],[-0.03562,51.39303],[-0.03537,51.39466],[-0.03478,51.39465],[-0.03463,51.39557]]]}},{"type":"Feature","properties":{"id":"E01000778","name":"E01000778","parent":"E09000006","type":"LSOA","pop":1633,"r":669,"ff":275,"ffd":16840.2,"ffs":0.4973,"g":113,"co":0,"mo":2,"sa":0,"ic":0},"geometry":{"type":"Polygon","coordinates":[[[-0.0404,51.39336],[-0.04008,51.39256],[-0.03866,51.39227],[-0.03858,51.39183],[-0.03722,51.39188],[-0.03713,51.39154],[-0.03797,51.39138],[-0.03815,51.39002],[-0.03928,51.38933],[-0.03944,51.38886],[-0.04275,51.38945],[-0.04492,51.39068],[-0.04621,51.39199],[-0.0468,51.39184],[-0.0472,51.39229],[-0.04597,51.39279],[-0.04409,51.3926],[-0.044,51.39303],[-0.04176,51.39288],[-0.04188,51.39346],[-0.04291,51.39355],[-0.04315,51.395],[-0.04265,51.39507],[-0.04148,51.39344],[-0.0404,51.39336]]]}},{"type":"Feature","properties":{"id":"E01000779","name":"E01000779","parent":"E09000006","type":"LSOA","pop":1435,"r":522,"ff":227,"ffd":15818.8,"ffs":0.5291,"g":90,"co":0,"mo":0,"sa":0,"ic":0},"geometry":{"type":"Polygon","coordinates":[[[0.04521,51.4366],[0.04551,51.43592],[0.04399,51.43503],[0.0433,51.43585],[0.04419,51.43627],[0.04383,51.43645],[0.04244,51.4362],[0.04208,51.43571],[0.0428,51.43579],[0.04322,51.43491],[0.04232,51.43479],[0.04233,51.43443],[0.04178,51.43437],[0.04223,51.43131],[0.03759,51.43135],[0.0377,51.43338],[0.03377,51.43177],[0.0333,51.43226],[0.03247,51.4319],[0.03165,51.43259],[0.03119,51.43207],[0.03139,51.4326],[0.02861,51.43405],[0.02901,51.43439],[0.02897,51.43549],[0.02867,51.43642],[0.02728,51.43658],[0.02538,51.43584],[0.02482,51.43824],[0.02872,51.43881],[0.02846,51.44037],[0.02891,51.44163],[0.02953,51.44175],[0.03035,51.44434],[0.03266,51.44383],[0.03546,51.4425],[0.03983,51.44103],[0.04231,51.43948],[0.04276,51.43832],[0.04521,51.4366]]]}},{"type":"Feature","properties":{"id":"E01000780","name":"E01000780","parent":"E09000006","type":"LSOA","pop":1660,"r":705,"ff":297,"ffd":17891.6,"ffs":0.5086,"g":118,"co":0,"mo":0,"sa":0,"ic":0},"geometry":{"type":"Polygon","coordinates":[[[0.0433,51.43585],[0.04399,51.43503],[0.04551,51.43592],[0.04756,51.43402],[0.05026,51.43204],[0.04962,51.4316],[0.04883,51.43162],[0.04758,51.43271],[0.04663,51.43211],[0.04679,51.43098],[0.04517,51.42988],[0.04322,51.43126],[0.04223,51.43124],[0.04178,51.43437],[0.04233,51.43443],[0.04232,51.43479],[0.04322,51.43491],[0.0428,51.43579],[0.04208,51.43571],[0.04244,51.4362],[0.04383,51.43645],[0.04419,51.43627],[0.0433,51.43585]]]}},{"type":"Feature","properties":{"id":"E01000781","name":"E01000781","parent":"E09000006","type":"LSOA","pop":1629,"r":681,"ff":293,"ffd":17986.5,"ffs":0.514,"g":108,"co":0,"mo":0,"sa":0,"ic":0},"geometry":{"type":"Polygon","coordinates":[[[0.04883,51.43162],[0.04962,51.4316],[0.05026,51.43204],[0.05238,51.43027],[0.05479,51.42759],[0.05288,51.42735],[0.05329,51.42776],[0.05287,51.42823],[0.05164,51.42817],[0.052,51.42847],[0.05141,51.42874],[0.05083,51.42836],[0.04928,51.42829],[0.04886,51.42847],[0.04853,51.42899],[0.04788,51.42882],[0.04637,51.42907],[0.04517,51.42988],[0.04679,51.43098],[0.04663,51.43211],[0.04758,51.43271],[0.04883,51.43162]]]}},{"type":"Feature","properties":{"id":"E01000782","name":"E01000782","parent":"E09000006","type":"LSOA","pop":1552,"r":647,"ff":272,"ffd":17525.8,"ffs":0.5065,"g":107,"co":0,"mo":0,"sa":0,"ic":0},"geometry":{"type":"Polygon","coordinates":[[[0.04223,51.43131],[0.04322,51.43126],[0.04526,51.42981],[0.0448,51.42957],[0.04501,51.429],[0.04365,51.42879],[0.04474,51.42832],[0.0451,51.42862],[0.04756,51.42824],[0.047,51.42736],[0.04742,51.42707],[0.04744,51.42646],[0.04658,51.42641],[0.04604,51.42668],[0.04595,51.42705],[0.04487,51.42701],[0.04434,51.4273],[0.04334,51.42726],[0.04291,51.42756],[0.0423,51.42689],[0.0426,51.42655],[0.04242,51.42619],[0.04193,51.42647],[0.04143,51.42627],[0.03954,51.42462],[0.03885,51.42469],[0.03888,51.42608],[0.03843,51.42759],[0.03787,51.42773],[0.0383,51.42796],[0.03828,51.42908],[0.03759,51.43135],[0.04223,51.43131]]]}},{"type":"Feature","properties":{"id":"E01000783","name":"E01000783","parent":"E09000006","type":"LSOA","pop":1684,"r":656,"ff":278,"ffd":16508.3,"ffs":0.5082,"g":106,"co":0,"mo":0,"sa":0,"ic":0},"geometry":{"type":"Polygon","coordinates":[[[0.04637,51.42907],[0.04788,51.42882],[0.04853,51.42899],[0.04886,51.42847],[0.04928,51.42829],[0.05083,51.42836],[0.05141,51.42874],[0.052,51.42847],[0.05164,51.42817],[0.05287,51.42823],[0.05329,51.42776],[0.05288,51.42735],[0.05261,51.42789],[0.05186,51.42809],[0.05163,51.42766],[0.05243,51.42695],[0.05364,51.42684],[0.05299,51.42615],[0.05347,51.42591],[0.05331,51.42494],[0.05175,51.42503],[0.05086,51.42424],[0.05007,51.42416],[0.0498,51.42468],[0.04828,51.42524],[0.04686,51.42511],[0.04634,51.42539],[0.04673,51.42576],[0.0462,51.42605],[0.04658,51.42641],[0.04744,51.42646],[0.04742,51.42707],[0.047,51.42736],[0.04756,51.42824],[0.0451,51.42862],[0.04474,51.42832],[0.04365,51.42879],[0.04501,51.429],[0.0448,51.42957],[0.04526,51.42981],[0.04637,51.42907]]]}},{"type":"Feature","properties":{"id":"E01000784","name":"E01000784","parent":"E09000006","type":"LSOA","pop":1602,"r":607,"ff":256,"ffd":15980.0,"ffs":0.502,"g":95,"co":0,"mo":0,"sa":0,"ic":0},"geometry":{"type":"Polygon","coordinates":[[[0.05261,51.42789],[0.05288,51.42735],[0.05479,51.42759],[0.05823,51.42488],[0.05765,51.42441],[0.05835,51.42412],[0.05701,51.42265],[0.05663,51.42049],[0.05209,51.42241],[0.05262,51.42327],[0.05055,51.42398],[0.05175,51.42503],[0.05331,51.42494],[0.05347,51.42591],[0.05299,51.42615],[0.05364,51.42684],[0.05243,51.42695],[0.05163,51.42766],[0.05186,51.42809],[0.05261,51.42789]]]}},{"type":"Feature","properties":{"id":"E01000785","name":"E01000785","parent":"E09000006","type":"LSOA","pop":1649,"r":644,"ff":271,"ffd":16434.2,"ffs":0.5028,"g":102,"co":0,"mo":0,"sa":0,"ic":0},"geometry":{"type":"Polygon","coordinates":[[[0.04291,51.42756],[0.04334,51.42726],[0.04434,51.4273],[0.04487,51.42701],[0.04595,51.42705],[0.04604,51.42668],[0.04658,51.42641],[0.0462,51.42605],[0.04673,51.42576],[0.04634,51.42539],[0.04686,51.42511],[0.04828,51.42524],[0.0498,51.42468],[0.05007,51.42416],[0.0508,51.42426],[0.05055,51.42398],[0.05262,51.42327],[0.05209,51.42241],[0.04984,51.42339],[0.04944,51.42286],[0.04806,51.42284],[0.0468,51.4234],[0.04638,51.42324],[0.04322,51.42401],[0.03954,51.42462],[0.04143,51.42627],[0.04193,51.42647],[0.04242,51.42619],[0.0426,51.42655],[0.0423,51.42689],[0.04291,51.42756]]]}},{"type":"Feature","properties":{"id":"E01000786","name":"E01000786","parent":"E09000006","type":"LSOA","pop":1482,"r":298,"ff":103,"ffd":6950.1,"ffs":0.4813,"g":83,"co":0,"mo":0,"sa":0,"ic":0},"geometry":{"type":"Polygon","coordinates":[[[0.12854,51.37198],[0.12728,51.37062],[0.12709,51.36956],[0.12875,51.36911],[0.12757,51.36787],[0.12876,51.36656],[0.12683,51.36623],[0.12693,51.36595],[0.12535,51.36568],[0.12547,51.36534],[0.1245,51.36518],[0.12243,51.36569],[0.1221,51.3652],[0.12081,51.3655],[0.11984,51.36483],[0.11736,51.36544],[0.11733,51.36518],[0.11436,51.36472],[0.11451,51.36427],[0.11388,51.36417],[0.11373,51.36324],[0.11157,51.36445],[0.11133,51.36425],[0.11188,51.36398],[0.11135,51.36372],[0.1094,51.36462],[0.10978,51.36517],[0.11049,51.36528],[0.10974,51.36758],[0.11118,51.36944],[0.11177,51.36922],[0.11224,51.3696],[0.11258,51.36937],[0.11335,51.36963],[0.11299,51.37003],[0.11051,51.36985],[0.11055,51.37053],[0.11139,51.37067],[0.11267,51.37035],[0.11307,51.37052],[0.11286,51.37094],[0.11342,51.37073],[0.11407,51.37131],[0.11568,51.37101],[0.1175,51.37133],[0.12026,51.37312],[0.12031,51.37352],[0.12115,51.37376],[0.12166,51.37358],[0.12175,51.37305],[0.12139,51.37171],[0.12058,51.37104],[0.11921,51.37094],[0.12044,51.3706],[0.12202,51.37129],[0.12215,51.3718],[0.12264,51.37176],[0.12286,51.37216],[0.1234,51.37185],[0.12414,51.37291],[0.12351,51.37311],[0.12414,51.37353],[0.12411,51.37474],[0.12854,51.37198]]]}},{"type":"Feature","properties":{"id":"E01000787","name":"E01000787","parent":"E09000006","type":"LSOA","pop":1522,"r":308,"ff":104,"ffd":6833.1,"ffs":0.4444,"g":73,"co":0,"mo":0,"sa":0,"ic":0},"geometry":{"type":"Polygon","coordinates":[[[0.11853,51.3803],[0.11812,51.37883],[0.12128,51.37927],[0.12294,51.37679],[0.12206,51.37632],[0.12165,51.37671],[0.12125,51.37597],[0.12101,51.37642],[0.11894,51.37679],[0.11853,51.37717],[0.11877,51.37738],[0.11831,51.37746],[0.11784,51.37715],[0.11647,51.37765],[0.11581,51.37763],[0.11584,51.37735],[0.11559,51.37733],[0.11382,51.37895],[0.11215,51.37836],[0.11169,51.37774],[0.11113,51.37835],[0.11024,51.37803],[0.10977,51.37836],[0.10951,51.38051],[0.10888,51.38102],[0.10914,51.38193],[0.10801,51.38253],[0.11093,51.38331],[0.11409,51.38172],[0.11853,51.3803]]]}},{"type":"Feature","properties":{"id":"E01000788","name":"E01000788","parent":"E09000006","type":"LSOA","pop":1638,"r":293,"ff":100,"ffd":6105.0,"ffs":0.4608,"g":75,"co":0,"mo":0,"sa":0,"ic":0},"geometry":{"type":"Polygon","coordinates":[[[0.10788,51.38249],[0.10871,51.3801],[0.10727,51.38081],[0.10619,51.37986],[0.108,51.37883],[0.10809,51.3781],[0.10771,51.37775],[0.10877,51.37729],[0.10825,51.37727],[0.10807,51.37625],[0.10736,51.37635],[0.10645,51.3758],[0.10559,51.37354],[0.10615,51.373],[0.10699,51.37285],[0.10681,51.37243],[0.10454,51.37286],[0.10428,51.37235],[0.10636,51.37194],[0.10603,51.37137],[0.10749,51.37108],[0.10718,51.37064],[0.09947,51.37216],[0.09918,51.3727],[0.09837,51.3725],[0.09797,51.37318],[0.10037,51.37329],[0.10097,51.37364],[0.10333,51.37313],[0.10357,51.37354],[0.10254,51.37378],[0.10277,51.37417],[0.09992,51.37468],[0.09951,51.37508],[0.09974,51.37556],[0.10214,51.37507],[0.10365,51.37717],[0.10484,51.37844],[0.10218,51.37862],[0.10199,51.37892],[0.10398,51.38072],[0.10788,51.38249]]]}},{"type":"Feature","properties":{"id":"E01000789","name":"E01000789","parent":"E09000006","type":"LSOA","pop":1871,"r":306,"ff":105,"ffd":5612.0,"ffs":0.4605,"g":77,"co":0,"mo":0,"sa":0,"ic":0},"geometry":{"type":"Polygon","coordinates":[[[0.11647,51.37765],[0.11784,51.37715],[0.11831,51.37746],[0.11877,51.37738],[0.11853,51.37717],[0.11894,51.37679],[0.12101,51.37642],[0.12125,51.37597],[0.12165,51.37671],[0.12206,51.37632],[0.12294,51.37679],[0.12411,51.37474],[0.1241,51.37411],[0.12391,51.37437],[0.12321,51.37433],[0.12186,51.3739],[0.12185,51.37497],[0.1189,51.3758],[0.11907,51.37522],[0.11849,51.37516],[0.11813,51.37542],[0.11734,51.37535],[0.11751,51.37473],[0.11692,51.37452],[0.11667,51.37403],[0.11598,51.37429],[0.11572,51.37502],[0.11347,51.37587],[0.11559,51.37705],[0.11559,51.37733],[0.11584,51.37735],[0.11581,51.37763],[0.11647,51.37765]]]}},{"type":"Feature","properties":{"id":"E01000790","name":"E01000790","parent":"E09000006","type":"LSOA","pop":2489,"r":330,"ff":112,"ffd":4499.8,"ffs":0.4628,"g":86,"co":0,"mo":0,"sa":0,"ic":0},"geometry":{"type":"Polygon","coordinates":[[[0.10199,51.37892],[0.10218,51.37862],[0.10484,51.37844],[0.10365,51.37717],[0.10214,51.37507],[0.09974,51.37556],[0.09951,51.37508],[0.09992,51.37468],[0.10277,51.37417],[0.10254,51.37378],[0.10357,51.37354],[0.10333,51.37313],[0.10097,51.37364],[0.10037,51.37329],[0.09797,51.37318],[0.09837,51.3725],[0.09753,51.37156],[0.09775,51.37124],[0.09682,51.37086],[0.09753,51.37073],[0.09723,51.36973],[0.09653,51.36981],[0.09549,51.3675],[0.09447,51.36736],[0.09465,51.36814],[0.09413,51.36873],[0.09283,51.36835],[0.088,51.37446],[0.08921,51.37455],[0.09117,51.37223],[0.09265,51.37246],[0.09248,51.3727],[0.09478,51.37382],[0.09526,51.37463],[0.09471,51.37496],[0.09493,51.37524],[0.09573,51.37518],[0.09598,51.37553],[0.09639,51.37544],[0.09665,51.37615],[0.09733,51.37644],[0.09702,51.37658],[0.099,51.37912],[0.10086,51.37869],[0.10125,51.3791],[0.10199,51.37892]]]}},{"type":"Feature","properties":{"id":"E01000791","name":"E01000791","parent":"E09000006","type":"LSOA","pop":1512,"r":335,"ff":112,"ffd":7407.4,"ffs":0.459,"g":90,"co":0,"mo":0,"sa":0,"ic":0},"geometry":{"type":"Polygon","coordinates":[[[0.10951,51.38051],[0.10977,51.37836],[0.11024,51.37803],[0.11113,51.37835],[0.11169,51.37774],[0.11215,51.37836],[0.11382,51.37895],[0.11559,51.37733],[0.11559,51.37705],[0.11325,51.37583],[0.11315,51.37442],[0.11015,51.37429],[0.11027,51.37253],[0.11103,51.3721],[0.11224,51.37229],[0.11407,51.37131],[0.11342,51.37073],[0.11286,51.37094],[0.11307,51.37052],[0.11267,51.37035],[0.11139,51.37067],[0.11055,51.37053],[0.11046,51.37148],[0.10428,51.37235],[0.10454,51.37286],[0.10681,51.37243],[0.10699,51.37285],[0.10615,51.373],[0.10559,51.37354],[0.10645,51.3758],[0.10736,51.37635],[0.10807,51.37625],[0.10825,51.37727],[0.10877,51.37729],[0.10771,51.37775],[0.10809,51.3781],[0.108,51.37883],[0.10619,51.37986],[0.10727,51.38081],[0.10871,51.3801],[0.10788,51.38249],[0.10914,51.38193],[0.10888,51.38102],[0.10951,51.38051]]]}},{"type":"Feature","properties":{"id":"E01000792","name":"E01000792","parent":"E09000006","type":"LSOA","pop":1538,"r":294,"ff":102,"ffd":6632.0,"ffs":0.4679,"g":75,"co":0,"mo":0,"sa":0,"ic":0},"geometry":{"type":"Polygon","coordinates":[[[0.12079,51.3753],[0.12185,51.37497],[0.12186,51.3739],[0.12391,51.37437],[0.12414,51.37353],[0.12351,51.37311],[0.12414,51.37291],[0.1234,51.37185],[0.12286,51.37216],[0.12264,51.37176],[0.12215,51.3718],[0.12202,51.37129],[0.12044,51.3706],[0.11921,51.37094],[0.12058,51.37104],[0.12139,51.37171],[0.12175,51.37305],[0.12166,51.37358],[0.12115,51.37376],[0.12031,51.37352],[0.12026,51.37312],[0.1175,51.37133],[0.11568,51.37101],[0.11407,51.37131],[0.11224,51.37229],[0.11103,51.3721],[0.11027,51.37253],[0.11015,51.37429],[0.11315,51.37442],[0.11325,51.37583],[0.11572,51.37502],[0.11598,51.37429],[0.11667,51.37403],[0.11692,51.37452],[0.11751,51.37473],[0.11734,51.37535],[0.11813,51.37542],[0.11849,51.37516],[0.11907,51.37522],[0.1189,51.3758],[0.12079,51.3753]]]}},{"type":"Feature","properties":{"id":"E01000793","name":"E01000793","parent":"E09000006","type":"LSOA","pop":1573,"r":310,"ff":104,"ffd":6611.6,"ffs":0.4664,"g":86,"co":0,"mo":0,"sa":0,"ic":0},"geometry":{"type":"Polygon","coordinates":[[[0.10562,51.37091],[0.10718,51.37064],[0.10749,51.37108],[0.10603,51.37137],[0.10636,51.37194],[0.11046,51.37148],[0.11051,51.36985],[0.11299,51.37003],[0.11335,51.36963],[0.11258,51.36937],[0.11224,51.3696],[0.11177,51.36922],[0.11118,51.36944],[0.10974,51.36758],[0.11049,51.36528],[0.10978,51.36517],[0.1094,51.36462],[0.10742,51.36463],[0.10696,51.36544],[0.10546,51.36597],[0.10516,51.36662],[0.10557,51.3675],[0.1043,51.36807],[0.10297,51.36809],[0.10306,51.36748],[0.10247,51.36708],[0.10046,51.36834],[0.09901,51.36885],[0.0986,51.36947],[0.09723,51.36973],[0.09753,51.37073],[0.09682,51.37086],[0.09775,51.37124],[0.09753,51.37156],[0.09837,51.3725],[0.09918,51.3727],[0.09947,51.37216],[0.10562,51.37091]]]}},{"type":"Feature","properties":{"id":"E01000794","name":"E01000794","parent":"E09000006","type":"LSOA","pop":1550,"r":289,"ff":95,"ffd":6129.0,"ffs":0.4567,"g":80,"co":0,"mo":0,"sa":0,"ic":0},"geometry":{"type":"Polygon","coordinates":[[[0.10046,51.36834],[0.10247,51.36708],[0.10306,51.36748],[0.10297,51.36809],[0.1043,51.36807],[0.10557,51.3675],[0.10516,51.36662],[0.10546,51.36597],[0.10696,51.36544],[0.10742,51.36463],[0.10625,51.3643],[0.10378,51.36468],[0.1036,51.36429],[0.10307,51.36461],[0.10274,51.36435],[0.10331,51.36366],[0.10297,51.36159],[0.10351,51.36135],[0.10306,51.36079],[0.1024,51.36044],[0.09861,51.36291],[0.09604,51.365],[0.09283,51.36835],[0.09413,51.36873],[0.09465,51.36814],[0.09447,51.36736],[0.09549,51.3675],[0.09653,51.36981],[0.0986,51.36947],[0.09901,51.36885],[0.10046,51.36834]]]}},{"type":"Feature","properties":{"id":"E01000795","name":"E01000795","parent":"E09000006","type":"LSOA","pop":1467,"r":291,"ff":98,"ffd":6680.3,"ffs":0.4757,"g":84,"co":0,"mo":0,"sa":0,"ic":0},"geometry":{"type":"Polygon","coordinates":[[[0.1094,51.36462],[0.11135,51.36372],[0.11188,51.36398],[0.11133,51.36425],[0.11157,51.36445],[0.11373,51.36324],[0.1128,51.36182],[0.11318,51.36135],[0.11204,51.36089],[0.10828,51.36055],[0.1036,51.36045],[0.10306,51.36079],[0.10351,51.36135],[0.10297,51.36159],[0.10331,51.36366],[0.10274,51.36435],[0.10307,51.36461],[0.1036,51.36429],[0.10378,51.36468],[0.10625,51.3643],[0.10742,51.36463],[0.1094,51.36462]]]}},{"type":"Feature","properties":{"id":"E01000796","name":"E01000796","parent":"E09000006","type":"LSOA","pop":1527,"r":807,"ff":338,"ffd":22134.9,"ffs":0.4993,"g":128,"co":0,"mo":2,"sa":0,"ic":0},"geometry":{"type":"Polygon","coordinates":[[[-0.06081,51.41536],[-0.06033,51.41481],[-0.05976,51.41514],[-0.05931,51.41497],[-0.05958,51.41464],[-0.05898,51.41425],[-0.05847,51.41463],[-0.0563,51.41381],[-0.05656,51.41356],[-0.0572,51.41369],[-0.05751,51.41304],[-0.05817,51.41293],[-0.05827,51.41252],[-0.05864,51.41263],[-0.06011,51.41162],[-0.06064,51.41176],[-0.06108,51.41143],[-0.06174,51.412],[-0.06196,51.41176],[-0.06247,51.41196],[-0.06183,51.4128],[-0.0629,51.41321],[-0.06081,51.41536]]]}},{"type":"Feature","properties":{"id":"E01000797","name":"E01000797","parent":"E09000006","type":"LSOA","pop":1616,"r":750,"ff":320,"ffd":19802.0,"ffs":0.5112,"g":123,"co":0,"mo":2,"sa":0,"ic":0},"geometry":{"type":"Polygon","coordinates":[[[-0.03455,51.41933],[-0.03525,51.41548],[-0.0352,51.41383],[-0.03559,51.4113],[-0.03686,51.4103],[-0.0402,51.40881],[-0.04286,51.40922],[-0.04495,51.40976],[-0.04688,51.41068],[-0.04726,51.41045],[-0.04821,51.41069],[-0.04814,51.41106],[-0.04921,51.41157],[-0.04891,51.41177],[-0.0498,51.41227],[-0.04809,51.413],[-0.04678,51.41304],[-0.04613,51.41465],[-0.04519,51.41446],[-0.04512,51.41404],[-0.04392,51.41361],[-0.04285,51.41433],[-0.04171,51.41622],[-0.04257,51.41644],[-0.04224,51.41693],[-0.04012,51.41653],[-0.03866,51.41823],[-0.03725,51.41936],[-0.03439,51.42],[-0.03455,51.41933]]]}},{"type":"Feature","properties":{"id":"E01000798","name":"E01000798","parent":"E09000006","type":"LSOA","pop":1605,"r":796,"ff":339,"ffd":21121.5,"ffs":0.5082,"g":127,"co":0,"mo":2,"sa":0,"ic":0},"geometry":{"type":"Polygon","coordinates":[[[-0.05441,51.41554],[-0.05256,51.4135],[-0.05227,51.41343],[-0.05367,51.4124],[-0.05232,51.41167],[-0.05306,51.41107],[-0.05456,51.41098],[-0.05518,51.41155],[-0.0558,51.41156],[-0.05611,51.41108],[-0.05671,51.41101],[-0.0578,51.41168],[-0.05789,51.41225],[-0.05948,51.41107],[-0.06017,51.41108],[-0.06011,51.41162],[-0.05864,51.41263],[-0.05827,51.41252],[-0.05817,51.41293],[-0.05751,51.41304],[-0.0572,51.41369],[-0.05656,51.41356],[-0.05441,51.41554]]]}},{"type":"Feature","properties":{"id":"E01000799","name":"E01000799","parent":"E09000006","type":"LSOA","pop":1936,"r":784,"ff":332,"ffd":17148.8,"ffs":0.5092,"g":130,"co":0,"mo":2,"sa":0,"ic":0},"geometry":{"type":"Polygon","coordinates":[[[-0.05181,51.41658],[-0.0502,51.41497],[-0.05067,51.4148],[-0.05169,51.41563],[-0.05196,51.41548],[-0.05113,51.41463],[-0.05141,51.41447],[-0.05094,51.41383],[-0.04778,51.41517],[-0.04729,51.41484],[-0.04682,51.41496],[-0.04613,51.41465],[-0.04678,51.41304],[-0.04809,51.413],[-0.0498,51.41227],[-0.04891,51.41177],[-0.04921,51.41157],[-0.04814,51.41106],[-0.04821,51.41069],[-0.0507,51.40936],[-0.05173,51.4096],[-0.05223,51.41],[-0.05177,51.41047],[-0.05241,51.41073],[-0.05243,51.41122],[-0.05306,51.41107],[-0.05232,51.41167],[-0.05367,51.4124],[-0.05227,51.41343],[-0.05256,51.4135],[-0.05441,51.41554],[-0.05407,51.41589],[-0.05349,51.41601],[-0.05132,51.41717],[-0.05101,51.41687],[-0.05181,51.41658]]]}},{"type":"Feature","properties":{"id":"E01000800","name":"E01000800","parent":"E09000006","type":"LSOA","pop":1713,"r":802,"ff":334,"ffd":19498.0,"ffs":0.4963,"g":127,"co":0,"mo":2,"sa":0,"ic":0},"geometry":{"type":"Polygon","coordinates":[[[-0.05917,51.41572],[-0.05827,51.41516],[-0.05692,51.41515],[-0.05746,51.41428],[-0.05847,51.41463],[-0.05898,51.41425],[-0.05958,51.41464],[-0.05931,51.41497],[-0.05976,51.41514],[-0.06033,51.41481],[-0.06081,51.41536],[-0.0629,51.41321],[-0.06183,51.4128],[-0.06247,51.41196],[-0.06196,51.41176],[-0.06174,51.412],[-0.06108,51.41143],[-0.06064,51.41176],[-0.06011,51.41162],[-0.06017,51.41108],[-0.05948,51.41107],[-0.05789,51.41225],[-0.0578,51.41168],[-0.05671,51.41101],[-0.05611,51.41108],[-0.0558,51.41156],[-0.05518,51.41155],[-0.05456,51.41098],[-0.05517,51.41085],[-0.05505,51.41033],[-0.05607,51.41005],[-0.05655,51.41031],[-0.05677,51.41066],[-0.05833,51.40954],[-0.0606,51.40974],[-0.06146,51.40942],[-0.06242,51.40956],[-0.06192,51.4106],[-0.06314,51.41099],[-0.06332,51.41057],[-0.06599,51.41163],[-0.06565,51.41206],[-0.0659,51.41215],[-0.06094,51.41717],[-0.05953,51.41667],[-0.05994,51.41626],[-0.05894,51.41605],[-0.05917,51.41572]]]}},{"type":"Feature","properties":{"id":"E01000801","name":"E01000801","parent":"E09000006","type":"LSOA","pop":1560,"r":791,"ff":332,"ffd":21282.1,"ffs":0.503,"g":129,"co":0,"mo":2,"sa":0,"ic":0},"geometry":{"type":"Polygon","coordinates":[[[-0.05223,51.41],[-0.05173,51.4096],[-0.0507,51.40936],[-0.05058,51.40868],[-0.05126,51.40834],[-0.0518,51.4087],[-0.05231,51.40829],[-0.05497,51.40714],[-0.05451,51.40678],[-0.05531,51.40639],[-0.05577,51.40673],[-0.05669,51.40641],[-0.05736,51.40669],[-0.05784,51.40652],[-0.05813,51.40682],[-0.05731,51.40714],[-0.05832,51.40835],[-0.05928,51.40822],[-0.06021,51.40919],[-0.05948,51.40955],[-0.05972,51.40967],[-0.05833,51.40954],[-0.05677,51.41066],[-0.05655,51.41031],[-0.05607,51.41005],[-0.05505,51.41033],[-0.05517,51.41085],[-0.05243,51.41122],[-0.05241,51.41073],[-0.05177,51.41047],[-0.05223,51.41]]]}},{"type":"Feature","properties":{"id":"E01000802","name":"E01000802","parent":"E09000006","type":"LSOA","pop":1821,"r":793,"ff":343,"ffd":18835.8,"ffs":0.5189,"g":131,"co":0,"mo":2,"sa":0,"ic":0},"geometry":{"type":"Polygon","coordinates":[[[-0.05342,51.41948],[-0.053,51.41918],[-0.05203,51.41923],[-0.05185,51.41958],[-0.05128,51.41944],[-0.05142,51.41916],[-0.05112,51.41728],[-0.05132,51.41717],[-0.05206,51.41779],[-0.05199,51.41748],[-0.05374,51.4178],[-0.05397,51.41798],[-0.05456,51.41795],[-0.05511,51.41732],[-0.05647,51.41777],[-0.0556,51.41902],[-0.05619,51.41908],[-0.05735,51.41757],[-0.05969,51.41847],[-0.05835,51.42003],[-0.05642,51.42297],[-0.05512,51.423],[-0.05485,51.42361],[-0.05441,51.42369],[-0.05447,51.42343],[-0.05381,51.42329],[-0.05437,51.42218],[-0.0553,51.42104],[-0.05497,51.42101],[-0.05513,51.42071],[-0.05342,51.41948]]]}},{"type":"Feature","properties":{"id":"E01000803","name":"E01000803","parent":"E09000006","type":"LSOA","pop":1608,"r":748,"ff":294,"ffd":18283.6,"ffs":0.4828,"g":136,"co":0,"mo":2,"sa":0,"ic":0},"geometry":{"type":"Polygon","coordinates":[[[-0.05184,51.42357],[-0.05175,51.42252],[-0.04934,51.42276],[-0.04602,51.42276],[-0.04642,51.42232],[-0.04725,51.42228],[-0.04735,51.42143],[-0.04659,51.42138],[-0.04652,51.42091],[-0.046,51.42079],[-0.04556,51.42162],[-0.04395,51.4211],[-0.04511,51.42011],[-0.04553,51.41922],[-0.04854,51.41841],[-0.04892,51.41966],[-0.04961,51.41911],[-0.05069,51.41948],[-0.05142,51.41916],[-0.05128,51.41944],[-0.05185,51.41958],[-0.05203,51.41923],[-0.053,51.41918],[-0.05513,51.42071],[-0.05497,51.42101],[-0.0553,51.42104],[-0.05437,51.42218],[-0.05381,51.42329],[-0.05447,51.42343],[-0.05441,51.42369],[-0.05184,51.42357]]]}},{"type":"Feature","properties":{"id":"E01000804","name":"E01000804","parent":"E09000006","type":"LSOA","pop":1418,"r":779,"ff":332,"ffd":23413.3,"ffs":0.5123,"g":129,"co":0,"mo":2,"sa":0,"ic":0},"geometry":{"type":"Polygon","coordinates":[[[-0.03348,51.42406],[-0.03439,51.42],[-0.03725,51.41936],[-0.03866,51.41823],[-0.04012,51.41653],[-0.04224,51.41693],[-0.04257,51.41644],[-0.04171,51.41622],[-0.04285,51.41433],[-0.04392,51.41361],[-0.04512,51.41404],[-0.04519,51.41446],[-0.04682,51.41496],[-0.04608,51.41614],[-0.04502,51.41649],[-0.04553,51.41665],[-0.04538,51.41717],[-0.0487,51.41799],[-0.04854,51.41841],[-0.04553,51.41922],[-0.04511,51.42011],[-0.04395,51.4211],[-0.04556,51.42162],[-0.046,51.42079],[-0.04652,51.42091],[-0.04659,51.42138],[-0.04735,51.42143],[-0.04725,51.42228],[-0.04642,51.42232],[-0.04602,51.42276],[-0.04596,51.42244],[-0.04365,51.42296],[-0.04378,51.42321],[-0.04297,51.42342],[-0.04281,51.42323],[-0.04154,51.42363],[-0.04165,51.42389],[-0.04098,51.42432],[-0.03988,51.42431],[-0.03844,51.42391],[-0.03747,51.42502],[-0.03424,51.4251],[-0.03422,51.42477],[-0.03335,51.42464],[-0.03348,51.42406]]]}},{"type":"Feature","properties":{"id":"E01000805","name":"E01000805","parent":"E09000006","type":"LSOA","pop":1721,"r":776,"ff":332,"ffd":19291.1,"ffs":0.5139,"g":129,"co":0,"mo":2,"sa":0,"ic":0},"geometry":{"type":"Polygon","coordinates":[[[-0.04892,51.41966],[-0.04854,51.41841],[-0.0487,51.41799],[-0.04538,51.41717],[-0.04553,51.41665],[-0.04502,51.41649],[-0.04608,51.41614],[-0.04682,51.41496],[-0.04729,51.41484],[-0.04778,51.41517],[-0.05094,51.41383],[-0.05141,51.41447],[-0.05113,51.41463],[-0.05196,51.41548],[-0.05169,51.41563],[-0.05067,51.4148],[-0.0502,51.41497],[-0.05181,51.41658],[-0.05101,51.41687],[-0.05132,51.41717],[-0.05112,51.41728],[-0.05142,51.41916],[-0.05069,51.41948],[-0.04961,51.41911],[-0.04892,51.41966]]]}},{"type":"Feature","properties":{"id":"E01000806","name":"E01000806","parent":"E09000006","type":"LSOA","pop":1812,"r":808,"ff":351,"ffd":19370.9,"ffs":0.5185,"g":130,"co":0,"mo":2,"sa":0,"ic":0},"geometry":{"type":"Polygon","coordinates":[[[-0.05647,51.41777],[-0.05511,51.41732],[-0.05456,51.41795],[-0.05397,51.41798],[-0.05374,51.4178],[-0.05199,51.41748],[-0.05206,51.41779],[-0.05132,51.41717],[-0.05349,51.41601],[-0.05407,51.41589],[-0.05628,51.4138],[-0.05746,51.41428],[-0.05692,51.41515],[-0.05827,51.41516],[-0.05917,51.41572],[-0.05894,51.41605],[-0.05994,51.41626],[-0.05953,51.41667],[-0.06094,51.41717],[-0.05969,51.41847],[-0.05735,51.41757],[-0.05619,51.41908],[-0.0556,51.41902],[-0.05647,51.41777]]]}},{"type":"Feature","properties":{"id":"E01000807","name":"E01000807","parent":"E09000006","type":"LSOA","pop":1757,"r":424,"ff":154,"ffd":8764.9,"ffs":0.4556,"g":84,"co":0,"mo":0,"sa":0,"ic":0},"geometry":{"type":"Polygon","coordinates":[[[0.07647,51.39524],[0.0775,51.39509],[0.07896,51.39461],[0.0773,51.39456],[0.07706,51.39512],[0.07465,51.39484],[0.07273,51.3928],[0.0731,51.39218],[0.07404,51.39223],[0.07367,51.39151],[0.07452,51.39057],[0.07523,51.39085],[0.07504,51.39135],[0.07444,51.39135],[0.07468,51.39163],[0.07531,51.39157],[0.07708,51.39241],[0.07975,51.39273],[0.0798,51.39242],[0.08065,51.39222],[0.07983,51.39193],[0.0798,51.39163],[0.08269,51.39173],[0.08267,51.39121],[0.08068,51.39114],[0.08043,51.39059],[0.07974,51.39053],[0.07953,51.39005],[0.07846,51.38991],[0.07916,51.38956],[0.07882,51.389],[0.07802,51.38889],[0.07831,51.38835],[0.07747,51.38811],[0.07767,51.38724],[0.07743,51.38702],[0.0759,51.38711],[0.07423,51.38886],[0.07322,51.3885],[0.07381,51.3879],[0.0733,51.38768],[0.07142,51.3893],[0.07118,51.38981],[0.07298,51.39011],[0.07045,51.39273],[0.06947,51.3924],[0.06859,51.39088],[0.06705,51.39051],[0.06652,51.39017],[0.06597,51.39024],[0.06549,51.39128],[0.06384,51.39372],[0.06677,51.39638],[0.06083,51.40243],[0.05849,51.40454],[0.06414,51.40078],[0.07675,51.39599],[0.07647,51.39524]]]}},{"type":"Feature","properties":{"id":"E01000808","name":"E01000808","parent":"E09000006","type":"LSOA","pop":1603,"r":383,"ff":137,"ffd":8546.5,"ffs":0.4567,"g":81,"co":0,"mo":0,"sa":0,"ic":0},"geometry":{"type":"Polygon","coordinates":[[[0.08502,51.38531],[0.0856,51.38518],[0.08629,51.38571],[0.08729,51.38571],[0.09154,51.38335],[0.09135,51.38323],[0.09204,51.38259],[0.0905,51.38259],[0.09056,51.38183],[0.09157,51.38147],[0.09125,51.38114],[0.08978,51.38136],[0.08963,51.38182],[0.0883,51.38182],[0.08688,51.3807],[0.08644,51.3813],[0.08494,51.38106],[0.08166,51.38121],[0.07787,51.38498],[0.07877,51.38526],[0.0799,51.38478],[0.08103,51.38491],[0.08152,51.38462],[0.08188,51.38505],[0.08364,51.38409],[0.08392,51.38435],[0.0835,51.38462],[0.08369,51.3854],[0.08335,51.38574],[0.0845,51.38664],[0.08526,51.38671],[0.08539,51.38619],[0.08466,51.38555],[0.08502,51.38531]]]}},{"type":"Feature","properties":{"id":"E01000809","name":"E01000809","parent":"E09000006","type":"LSOA","pop":1582,"r":426,"ff":159,"ffd":10050.6,"ffs":0.4718,"g":87,"co":0,"mo":0,"sa":0,"ic":0},"geometry":{"type":"Polygon","coordinates":[[[0.07298,51.39011],[0.07118,51.38981],[0.07142,51.3893],[0.06955,51.38854],[0.06838,51.38852],[0.06772,51.38881],[0.06647,51.38854],[0.06628,51.38795],[0.06689,51.3878],[0.06742,51.3881],[0.06787,51.38774],[0.06679,51.38601],[0.06737,51.38586],[0.06811,51.38652],[0.06964,51.38603],[0.06793,51.38345],[0.07024,51.38325],[0.07115,51.38291],[0.07134,51.38251],[0.06929,51.3817],[0.06841,51.38101],[0.0653,51.38052],[0.06392,51.37941],[0.05932,51.38102],[0.05825,51.38091],[0.05887,51.38182],[0.06151,51.3827],[0.06224,51.38422],[0.06231,51.3852],[0.06425,51.38715],[0.06597,51.39024],[0.06652,51.39017],[0.06705,51.39051],[0.06859,51.39088],[0.06947,51.3924],[0.07045,51.39273],[0.07298,51.39011]]]}},{"type":"Feature","properties":{"id":"E01000810","name":"E01000810","parent":"E09000006","type":"LSOA","pop":1538,"r":404,"ff":143,"ffd":9297.8,"ffs":0.4483,"g":83,"co":0,"mo":0,"sa":0,"ic":0},"geometry":{"type":"Polygon","coordinates":[[[0.08362,51.39125],[0.08352,51.39074],[0.0865,51.39088],[0.08653,51.3904],[0.0877,51.39046],[0.08823,51.39016],[0.08689,51.38942],[0.08727,51.38893],[0.08618,51.38846],[0.08795,51.38777],[0.08729,51.38571],[0.08629,51.38571],[0.0856,51.38518],[0.08502,51.38531],[0.08466,51.38555],[0.08539,51.38619],[0.08526,51.38671],[0.0845,51.38664],[0.08335,51.38574],[0.08369,51.3854],[0.0835,51.38462],[0.08392,51.38435],[0.08364,51.38409],[0.08188,51.38505],[0.08152,51.38462],[0.08103,51.38491],[0.08099,51.38525],[0.07901,51.3859],[0.07861,51.3868],[0.07788,51.3868],[0.07747,51.38811],[0.07831,51.38835],[0.07802,51.38889],[0.07882,51.389],[0.07916,51.38956],[0.07846,51.38991],[0.07953,51.39005],[0.07974,51.39053],[0.08043,51.39059],[0.08068,51.39114],[0.08362,51.39125]]]}},{"type":"Feature","properties":{"id":"E01000811","name":"E01000811","parent":"E09000006","type":"LSOA","pop":1365,"r":385,"ff":134,"ffd":9816.8,"ffs":0.4482,"g":84,"co":0,"mo":0,"sa":0,"ic":0},"geometry":{"type":"Polygon","coordinates":[[[0.07142,51.3893],[0.0733,51.38768],[0.07328,51.38738],[0.07402,51.3873],[0.07409,51.38658],[0.07561,51.38553],[0.07511,51.38496],[0.07418,51.38514],[0.07387,51.3847],[0.07524,51.38416],[0.07516,51.3839],[0.07483,51.38394],[0.07468,51.38359],[0.07407,51.38367],[0.07418,51.38215],[0.07185,51.38126],[0.07115,51.38291],[0.07024,51.38325],[0.06793,51.38345],[0.06964,51.38603],[0.06811,51.38652],[0.06737,51.38586],[0.06679,51.38601],[0.06787,51.38774],[0.06742,51.3881],[0.06689,51.3878],[0.06628,51.38795],[0.06647,51.38854],[0.06772,51.38881],[0.06838,51.38852],[0.06955,51.38854],[0.07142,51.3893]]]}},{"type":"Feature","properties":{"id":"E01000812","name":"E01000812","parent":"E09000006","type":"LSOA","pop":1631,"r":341,"ff":119,"ffd":7296.1,"ffs":0.4595,"g":80,"co":0,"mo":0,"sa":0,"ic":0},"geometry":{"type":"Polygon","coordinates":[[[0.09748,51.38108],[0.0989,51.381],[0.10051,51.38154],[0.10164,51.38155],[0.1023,51.38119],[0.10331,51.38002],[0.10199,51.37892],[0.10125,51.3791],[0.10086,51.37869],[0.099,51.37912],[0.09744,51.37715],[0.09566,51.37747],[0.09542,51.37813],[0.09408,51.37793],[0.09387,51.37831],[0.09338,51.37835],[0.09192,51.37649],[0.09084,51.37641],[0.08947,51.3773],[0.08938,51.37896],[0.09045,51.37969],[0.09038,51.38032],[0.09157,51.38147],[0.09056,51.38183],[0.0905,51.38259],[0.09204,51.38259],[0.09135,51.38323],[0.09154,51.38335],[0.09316,51.38317],[0.09395,51.38248],[0.09648,51.38119],[0.09748,51.38108]]]}},{"type":"Feature","properties":{"id":"E01000813","name":"E01000813","parent":"E09000006","type":"LSOA","pop":1567,"r":378,"ff":135,"ffd":8615.2,"ffs":0.4592,"g":82,"co":0,"mo":0,"sa":0,"ic":0},"geometry":{"type":"Polygon","coordinates":[[[0.0759,51.38711],[0.07743,51.38702],[0.07768,51.38724],[0.07788,51.3868],[0.07861,51.3868],[0.07901,51.3859],[0.08099,51.38525],[0.08103,51.38491],[0.0799,51.38478],[0.07877,51.38526],[0.07787,51.38498],[0.08166,51.38121],[0.08008,51.38099],[0.0778,51.37758],[0.07718,51.37703],[0.07362,51.37879],[0.0717,51.37925],[0.0706,51.37811],[0.06864,51.37735],[0.06749,51.3777],[0.06548,51.37901],[0.06392,51.37941],[0.0653,51.38052],[0.06841,51.38101],[0.06929,51.3817],[0.07134,51.38251],[0.07185,51.38126],[0.07418,51.38215],[0.07407,51.38367],[0.07468,51.38359],[0.07483,51.38394],[0.07516,51.3839],[0.07524,51.38416],[0.07387,51.3847],[0.07418,51.38514],[0.07511,51.38496],[0.07561,51.38553],[0.07409,51.38658],[0.07402,51.3873],[0.07328,51.38738],[0.0733,51.38768],[0.07381,51.3879],[0.07322,51.3885],[0.07423,51.38886],[0.0759,51.38711]]]}},{"type":"Feature","properties":{"id":"E01000814","name":"E01000814","parent":"E09000006","type":"LSOA","pop":1614,"r":342,"ff":121,"ffd":7496.9,"ffs":0.469,"g":82,"co":0,"mo":0,"sa":0,"ic":0},"geometry":{"type":"Polygon","coordinates":[[[0.09125,51.38114],[0.09038,51.38032],[0.09045,51.37969],[0.08938,51.37896],[0.08947,51.3773],[0.09084,51.37641],[0.09192,51.37649],[0.09338,51.37835],[0.09387,51.37831],[0.09408,51.37793],[0.09542,51.37813],[0.09566,51.37747],[0.09744,51.37715],[0.09702,51.37658],[0.09733,51.37644],[0.09665,51.37615],[0.09639,51.37544],[0.09598,51.37553],[0.09573,51.37518],[0.09493,51.37524],[0.09471,51.37496],[0.09526,51.37463],[0.09478,51.37382],[0.09248,51.3727],[0.09265,51.37246],[0.09117,51.37223],[0.08921,51.37455],[0.088,51.37446],[0.08157,51.38118],[0.08494,51.38106],[0.08644,51.3813],[0.08688,51.3807],[0.0883,51.38182],[0.08963,51.38182],[0.08978,51.38136],[0.09125,51.38114]]]}},{"type":"Feature","properties":{"id":"E01000815","name":"E01000815","parent":"E09000006","type":"LSOA","pop":1483,"r":433,"ff":161,"ffd":10856.4,"ffs":0.4626,"g":83,"co":0,"mo":0,"sa":0,"ic":0},"geometry":{"type":"Polygon","coordinates":[[[0.07732,51.39584],[0.08338,51.39484],[0.08757,51.39477],[0.08966,51.39282],[0.09059,51.39119],[0.08944,51.38844],[0.08795,51.38777],[0.08618,51.38846],[0.08727,51.38893],[0.08689,51.38942],[0.08823,51.39016],[0.0877,51.39046],[0.08653,51.3904],[0.0865,51.39088],[0.08352,51.39074],[0.08362,51.39125],[0.08267,51.39121],[0.08269,51.39173],[0.0798,51.39163],[0.07983,51.39193],[0.08065,51.39222],[0.0798,51.39242],[0.07975,51.39273],[0.07708,51.39241],[0.07531,51.39157],[0.07468,51.39163],[0.07444,51.39135],[0.07504,51.39135],[0.07523,51.39085],[0.07452,51.39057],[0.07367,51.39151],[0.07404,51.39223],[0.0731,51.39218],[0.07273,51.3928],[0.07465,51.39484],[0.07706,51.39512],[0.0773,51.39456],[0.07896,51.39461],[0.0775,51.39509],[0.07647,51.39524],[0.07675,51.39599],[0.07732,51.39584]]]}},{"type":"Feature","properties":{"id":"E01000816","name":"E01000816","parent":"E09000006","type":"LSOA","pop":1555,"r":654,"ff":281,"ffd":18070.7,"ffs":0.5175,"g":110,"co":0,"mo":2,"sa":0,"ic":0},"geometry":{"type":"Polygon","coordinates":[[[0.02587,51.42678],[0.02467,51.42658],[0.02477,51.42624],[0.02419,51.4264],[0.02253,51.42584],[0.02354,51.42511],[0.02311,51.42414],[0.02244,51.42371],[0.0219,51.4238],[0.02241,51.42517],[0.02159,51.42502],[0.02094,51.42337],[0.01866,51.42325],[0.01949,51.4227],[0.01857,51.42231],[0.01528,51.42208],[0.01457,51.42391],[0.01398,51.42394],[0.01388,51.42351],[0.01333,51.4239],[0.01389,51.42429],[0.01338,51.42471],[0.01354,51.42509],[0.01442,51.42523],[0.01413,51.42617],[0.01622,51.42626],[0.01843,51.42701],[0.02094,51.42682],[0.02469,51.42873],[0.02587,51.42678]]]}},{"type":"Feature","properties":{"id":"E01000818","name":"E01000818","parent":"E09000006","type":"LSOA","pop":1685,"r":616,"ff":265,"ffd":15727.0,"ffs":0.5156,"g":101,"co":0,"mo":2,"sa":0,"ic":0},"geometry":{"type":"Polygon","coordinates":[[[0.02734,51.428],[0.03112,51.42553],[0.03385,51.424],[0.03459,51.42339],[0.03442,51.42317],[0.04525,51.41625],[0.04486,51.41601],[0.04571,51.41551],[0.04587,51.41473],[0.04528,51.41382],[0.0396,51.41407],[0.03284,51.41195],[0.03006,51.41244],[0.02845,51.41332],[0.0275,51.41328],[0.02779,51.41399],[0.02961,51.4144],[0.03062,51.41566],[0.0286,51.41684],[0.02952,51.4179],[0.03335,51.41892],[0.03042,51.42037],[0.028,51.42069],[0.02708,51.42266],[0.02387,51.42212],[0.02308,51.42062],[0.02221,51.42096],[0.02155,51.42298],[0.02103,51.42296],[0.02094,51.42337],[0.02159,51.42502],[0.02241,51.42517],[0.0219,51.4238],[0.02244,51.42371],[0.02311,51.42414],[0.02354,51.42511],[0.02253,51.42584],[0.02419,51.4264],[0.02477,51.42624],[0.02467,51.42658],[0.02587,51.42678],[0.02469,51.42873],[0.02549,51.42893],[0.02734,51.428]]]}},{"type":"Feature","properties":{"id":"E01000819","name":"E01000819","parent":"E09000006","type":"LSOA","pop":1849,"r":695,"ff":301,"ffd":16279.1,"ffs":0.519,"g":114,"co":0,"mo":2,"sa":0,"ic":0},"geometry":{"type":"Polygon","coordinates":[[[0.02094,51.42337],[0.02103,51.42296],[0.02155,51.42298],[0.02221,51.42096],[0.02308,51.42062],[0.02387,51.42212],[0.02708,51.42266],[0.028,51.42069],[0.02588,51.42032],[0.02533,51.41897],[0.02324,51.41756],[0.0219,51.41782],[0.0217,51.4171],[0.01954,51.41703],[0.0195,51.41733],[0.01843,51.41733],[0.01827,51.41776],[0.01759,51.4172],[0.01819,51.4159],[0.01821,51.41548],[0.01774,51.41534],[0.01748,51.41505],[0.01617,51.4156],[0.01724,51.41628],[0.01713,51.41673],[0.01659,51.41678],[0.01616,51.41732],[0.01664,51.41781],[0.01675,51.41892],[0.01736,51.41899],[0.01717,51.41938],[0.01654,51.42029],[0.01599,51.42023],[0.01583,51.41987],[0.01367,51.41961],[0.01431,51.4203],[0.01547,51.42055],[0.01551,51.42084],[0.01609,51.42095],[0.01599,51.42131],[0.01528,51.42208],[0.01857,51.42231],[0.01949,51.4227],[0.01866,51.42325],[0.02094,51.42337]]]}},{"type":"Feature","properties":{"id":"E01000820","name":"E01000820","parent":"E09000006","type":"LSOA","pop":1666,"r":684,"ff":290,"ffd":17407.0,"ffs":0.5043,"g":107,"co":0,"mo":2,"sa":0,"ic":0},"geometry":{"type":"Polygon","coordinates":[[[0.02952,51.4179],[0.0286,51.41684],[0.03062,51.41566],[0.02961,51.4144],[0.02779,51.41399],[0.0275,51.41328],[0.02845,51.41332],[0.03006,51.41244],[0.03284,51.41195],[0.02969,51.41082],[0.02921,51.41119],[0.0279,51.41018],[0.02721,51.41097],[0.0265,51.41079],[0.02573,51.41099],[0.0256,51.41175],[0.0247,51.41175],[0.02457,51.41249],[0.02403,51.413],[0.02184,51.41338],[0.02196,51.41409],[0.02163,51.41412],[0.02157,51.41459],[0.02029,51.41449],[0.02063,51.41408],[0.02011,51.41397],[0.01774,51.41534],[0.01821,51.41548],[0.01819,51.4159],[0.01759,51.4172],[0.01827,51.41776],[0.01843,51.41733],[0.0195,51.41733],[0.01954,51.41703],[0.0217,51.4171],[0.0219,51.41782],[0.02324,51.41756],[0.02533,51.41897],[0.02588,51.42032],[0.028,51.42069],[0.03042,51.42037],[0.03335,51.41892],[0.02952,51.4179]]]}},{"type":"Feature","properties":{"id":"E01000822","name":"E01000822","parent":"E09000006","type":"LSOA","pop":1653,"r":677,"ff":289,"ffd":17483.4,"ffs":0.5142,"g":114,"co":0,"mo":2,"sa":0,"ic":0},"geometry":{"type":"Polygon","coordinates":[[[0.01724,51.41628],[0.01617,51.4156],[0.01748,51.41505],[0.01714,51.41457],[0.01577,51.41429],[0.01466,51.41279],[0.01486,51.4121],[0.01389,51.41217],[0.013,51.41303],[0.01078,51.41213],[0.01069,51.41237],[0.01018,51.41204],[0.00966,51.4122],[0.00899,51.41193],[0.00619,51.41556],[0.00659,51.4159],[0.00627,51.416],[0.00689,51.41623],[0.01083,51.41481],[0.012,51.41492],[0.0126,51.41578],[0.01441,51.41584],[0.01479,51.41619],[0.01492,51.41583],[0.01548,51.41622],[0.01658,51.41635],[0.01659,51.41678],[0.01713,51.41673],[0.01724,51.41628]]]}},{"type":"Feature","properties":{"id":"E01000823","name":"E01000823","parent":"E09000006","type":"LSOA","pop":1753,"r":621,"ff":267,"ffd":15231.0,"ffs":0.5164,"g":102,"co":0,"mo":2,"sa":0,"ic":0},"geometry":{"type":"Polygon","coordinates":[[[0.01774,51.41534],[0.02011,51.41397],[0.02063,51.41408],[0.02029,51.41449],[0.02157,51.41459],[0.02163,51.41412],[0.02196,51.41409],[0.02184,51.41338],[0.02403,51.413],[0.02457,51.41249],[0.0247,51.41175],[0.02383,51.41164],[0.02366,51.41115],[0.02404,51.4111],[0.02297,51.41058],[0.02423,51.4104],[0.02412,51.40936],[0.02338,51.40876],[0.02216,51.40871],[0.02238,51.40986],[0.02138,51.40956],[0.02096,51.40983],[0.02078,51.40931],[0.02008,51.40934],[0.02004,51.40972],[0.01854,51.4089],[0.01865,51.4099],[0.01935,51.41041],[0.01897,51.41058],[0.01966,51.41128],[0.01858,51.41194],[0.01512,51.41147],[0.01503,51.41186],[0.01563,51.41223],[0.01741,51.41416],[0.01714,51.41457],[0.01774,51.41534]]]}},{"type":"Feature","properties":{"id":"E01000824","name":"E01000824","parent":"E09000006","type":"LSOA","pop":1454,"r":675,"ff":285,"ffd":19601.1,"ffs":0.5071,"g":111,"co":0,"mo":2,"sa":0,"ic":0},"geometry":{"type":"Polygon","coordinates":[[[0.01563,51.41223],[0.01503,51.41186],[0.01512,51.41147],[0.01858,51.41194],[0.01966,51.41128],[0.01897,51.41058],[0.0187,51.41069],[0.01745,51.4099],[0.01696,51.40991],[0.01729,51.41031],[0.01671,51.41033],[0.01662,51.40993],[0.0149,51.40993],[0.01476,51.40962],[0.0143,51.40963],[0.01433,51.41039],[0.01022,51.41022],[0.00899,51.41193],[0.00966,51.4122],[0.01018,51.41204],[0.01069,51.41237],[0.01078,51.41213],[0.013,51.41303],[0.01389,51.41217],[0.01486,51.4121],[0.01466,51.41279],[0.01577,51.41429],[0.01714,51.41457],[0.01741,51.41416],[0.01563,51.41223]]]}},{"type":"Feature","properties":{"id":"E01000825","name":"E01000825","parent":"E09000006","type":"LSOA","pop":1716,"r":639,"ff":268,"ffd":15617.7,"ffs":0.5057,"g":107,"co":0,"mo":2,"sa":0,"ic":0},"geometry":{"type":"Polygon","coordinates":[[[0.02573,51.41099],[0.0265,51.41079],[0.02721,51.41097],[0.0279,51.41018],[0.02733,51.4095],[0.02643,51.4092],[0.02604,51.40774],[0.02669,51.40768],[0.02648,51.4069],[0.02268,51.40705],[0.01874,51.40634],[0.01967,51.40701],[0.01984,51.40775],[0.0202,51.40781],[0.02008,51.40934],[0.02078,51.40931],[0.02096,51.40983],[0.02138,51.40956],[0.02238,51.40986],[0.02216,51.40871],[0.02338,51.40876],[0.02412,51.40936],[0.02423,51.4104],[0.02297,51.41058],[0.02404,51.4111],[0.02366,51.41115],[0.02383,51.41164],[0.0256,51.41175],[0.02573,51.41099]]]}},{"type":"Feature","properties":{"id":"E01000826","name":"E01000826","parent":"E09000006","type":"LSOA","pop":1615,"r":649,"ff":268,"ffd":16594.4,"ffs":0.5019,"g":113,"co":2,"mo":2,"sa":0,"ic":0},"geometry":{"type":"Polygon","coordinates":[[[-0.00284,51.39714],[-0.00241,51.39675],[-0.00183,51.39687],[-0.00064,51.39508],[-0.00236,51.39455],[-0.00133,51.39353],[0.00311,51.39489],[0.00275,51.39387],[0.00198,51.39344],[0.0001,51.39329],[0.00047,51.39279],[-0.00028,51.39242],[-0.00188,51.39217],[-0.00715,51.38921],[-0.00737,51.38946],[-0.00784,51.38932],[-0.00785,51.38871],[-0.0105,51.38788],[-0.01041,51.38756],[-0.01144,51.38761],[-0.0118,51.38891],[-0.01331,51.39139],[-0.01365,51.39134],[-0.01362,51.39205],[-0.01403,51.3921],[-0.01438,51.39286],[-0.0131,51.39312],[-0.01445,51.39482],[-0.01342,51.39469],[-0.01276,51.394],[-0.01325,51.39364],[-0.01181,51.39324],[-0.01061,51.39372],[-0.01047,51.39461],[-0.00945,51.39631],[-0.00804,51.39574],[-0.00741,51.39503],[-0.00717,51.39462],[-0.00782,51.3942],[-0.00717,51.3935],[-0.00448,51.39423],[-0.00329,51.39486],[-0.00351,51.39523],[-0.00312,51.39536],[-0.00262,51.39502],[-0.00163,51.39532],[-0.00217,51.39622],[-0.00355,51.39587],[-0.00456,51.39643],[-0.00357,51.39699],[-0.00284,51.39714]]]}},{"type":"Feature","properties":{"id":"E01000827","name":"E01000827","parent":"E09000006","type":"LSOA","pop":1821,"r":563,"ff":223,"ffd":12246.0,"ffs":0.4934,"g":109,"co":0,"mo":2,"sa":0,"ic":0},"geometry":{"type":"Polygon","coordinates":[[[0.00849,51.39629],[0.00912,51.39587],[0.00954,51.39594],[0.01049,51.39495],[0.01121,51.39523],[0.01164,51.39477],[0.00651,51.39311],[0.00651,51.3928],[0.00802,51.3914],[0.00715,51.39102],[0.00621,51.38983],[0.00634,51.38921],[0.00513,51.38929],[0.00399,51.3885],[0.00263,51.38809],[0.00063,51.39145],[-0.00028,51.39242],[0.00047,51.39279],[0.0001,51.39329],[0.00198,51.39344],[0.00275,51.39387],[0.00311,51.39489],[0.00385,51.39513],[0.00353,51.39551],[0.00731,51.39741],[0.00851,51.39735],[0.00849,51.39629]]]}},{"type":"Feature","properties":{"id":"E01000828","name":"E01000828","parent":"E09000006","type":"LSOA","pop":1743,"r":606,"ff":253,"ffd":14515.2,"ffs":0.5153,"g":113,"co":0,"mo":2,"sa":0,"ic":0},"geometry":{"type":"Polygon","coordinates":[[[0.00176,51.40622],[0.00578,51.40309],[0.00477,51.40278],[0.00401,51.40322],[0.00324,51.40207],[0.00192,51.40289],[0.00154,51.40274],[0.00222,51.4019],[0.00084,51.40131],[0.0001,51.40159],[-0.00021,51.40107],[0.00039,51.40083],[0.00021,51.40007],[0.00115,51.40003],[0.00201,51.39963],[0.00106,51.39875],[-0.00024,51.39819],[-7e-05,51.39754],[0.00036,51.39774],[0.00157,51.39731],[0.00171,51.39697],[-0.00036,51.39641],[-0.00353,51.40022],[-0.00479,51.39976],[-0.00543,51.39989],[-0.00861,51.39924],[-0.00855,51.39975],[-0.00797,51.39979],[-0.00714,51.40074],[-0.00658,51.40049],[-0.00613,51.40084],[-0.00641,51.40096],[-0.0056,51.40183],[-0.00402,51.40119],[-0.00359,51.40161],[-0.0041,51.40184],[-0.00349,51.40233],[-0.00309,51.40214],[-0.00229,51.40262],[-0.00268,51.40293],[-0.00145,51.40304],[-0.002,51.40335],[-0.00026,51.4049],[0.0003,51.40599],[0.00112,51.40577],[0.00131,51.40627],[0.00176,51.40622]]]}},{"type":"Feature","properties":{"id":"E01000829","name":"E01000829","parent":"E09000006","type":"LSOA","pop":1903,"r":584,"ff":235,"ffd":12348.9,"ffs":0.4979,"g":110,"co":0,"mo":2,"sa":0,"ic":0},"geometry":{"type":"Polygon","coordinates":[[[0.00812,51.40169],[0.01101,51.40069],[0.01414,51.40018],[0.01549,51.39858],[0.01029,51.39622],[0.01121,51.39523],[0.01049,51.39495],[0.00954,51.39594],[0.00912,51.39587],[0.00849,51.39629],[0.00851,51.39735],[0.00968,51.39781],[0.01031,51.39737],[0.01098,51.39773],[0.00995,51.3985],[0.01091,51.39878],[0.01014,51.39945],[0.00842,51.39866],[0.00464,51.40194],[0.00618,51.40156],[0.00649,51.40179],[0.00519,51.40252],[0.00616,51.40279],[0.00812,51.40169]]]}},{"type":"Feature","properties":{"id":"E01000830","name":"E01000830","parent":"E09000006","type":"LSOA","pop":1621,"r":596,"ff":244,"ffd":15052.4,"ffs":0.5062,"g":112,"co":0,"mo":2,"sa":0,"ic":0},"geometry":{"type":"Polygon","coordinates":[[[-0.00353,51.40022],[-0.00096,51.39721],[-0.00241,51.39675],[-0.00284,51.39714],[-0.00357,51.39699],[-0.00456,51.39643],[-0.00355,51.39587],[-0.00217,51.39622],[-0.00163,51.39532],[-0.00262,51.39502],[-0.00312,51.39536],[-0.00351,51.39523],[-0.00329,51.39486],[-0.00448,51.39423],[-0.00717,51.3935],[-0.00782,51.3942],[-0.00717,51.39462],[-0.00741,51.39503],[-0.00804,51.39574],[-0.00945,51.39631],[-0.01047,51.39461],[-0.01061,51.39372],[-0.01181,51.39324],[-0.01325,51.39364],[-0.01276,51.394],[-0.01342,51.39469],[-0.01445,51.39482],[-0.0131,51.39312],[-0.01438,51.39286],[-0.01652,51.39532],[-0.0179,51.396],[-0.01752,51.39743],[-0.01788,51.39918],[-0.01378,51.39937],[-0.00985,51.39906],[-0.00543,51.39989],[-0.00479,51.39976],[-0.00353,51.40022]]]}},{"type":"Feature","properties":{"id":"E01000831","name":"E01000831","parent":"E09000006","type":"LSOA","pop":1733,"r":588,"ff":238,"ffd":13733.4,"ffs":0.5011,"g":111,"co":0,"mo":2,"sa":0,"ic":0},"geometry":{"type":"Polygon","coordinates":[[[0.00401,51.40322],[0.00477,51.40278],[0.00578,51.40309],[0.00616,51.40279],[0.00519,51.40252],[0.00649,51.40179],[0.00618,51.40156],[0.00464,51.40194],[0.00842,51.39866],[0.01014,51.39945],[0.01091,51.39878],[0.00995,51.3985],[0.01098,51.39773],[0.01031,51.39737],[0.00968,51.39781],[0.00851,51.39735],[0.00731,51.39741],[0.00353,51.39551],[0.00385,51.39513],[-0.00133,51.39353],[-0.00236,51.39455],[-0.00064,51.39508],[-0.00183,51.39687],[-0.00096,51.39721],[-0.00036,51.39641],[0.00171,51.39697],[0.00157,51.39731],[0.00036,51.39774],[-7e-05,51.39754],[-0.00024,51.39819],[0.00106,51.39875],[0.00201,51.39963],[0.00115,51.40003],[0.00021,51.40007],[0.00039,51.40083],[-0.00021,51.40107],[0.0001,51.40159],[0.00084,51.40131],[0.00222,51.4019],[0.00154,51.40274],[0.00192,51.40289],[0.00324,51.40207],[0.00401,51.40322]]]}},{"type":"Feature","properties":{"id":"E01000832","name":"E01000832","parent":"E09000006","type":"LSOA","pop":1594,"r":540,"ff":223,"ffd":13990.0,"ffs":0.5247,"g":111,"co":0,"mo":2,"sa":0,"ic":0},"geometry":{"type":"Polygon","coordinates":[[[-0.01589,51.38819],[-0.01486,51.3877],[-0.01041,51.38756],[-0.01029,51.38706],[-0.00739,51.38768],[-0.00604,51.38677],[-0.00534,51.38595],[-0.00393,51.38625],[-0.00368,51.38582],[-0.0034,51.38624],[-0.00212,51.38617],[-0.00199,51.38561],[-0.00164,51.38539],[-0.00325,51.38304],[-0.00435,51.38261],[-0.0036,51.38178],[-0.00612,51.38088],[-0.00649,51.38129],[-0.00952,51.38041],[-0.01081,51.38067],[-0.01115,51.38052],[-0.00918,51.37961],[-0.00965,51.3791],[-0.01275,51.38062],[-0.01321,51.38003],[-0.00906,51.37781],[-0.00862,51.37711],[-0.0075,51.37679],[-0.00813,51.37581],[-0.00946,51.37625],[-0.01021,51.37536],[-0.01138,51.37565],[-0.01107,51.37606],[-0.01204,51.37639],[-0.01379,51.37642],[-0.01366,51.37726],[-0.01421,51.37741],[-0.01406,51.37773],[-0.01366,51.37762],[-0.01292,51.379],[-0.01443,51.37989],[-0.01459,51.37977],[-0.01976,51.3834],[-0.01703,51.38502],[-0.01585,51.38668],[-0.01665,51.38777],[-0.01589,51.38819]]]}},{"type":"Feature","properties":{"id":"E01000833","name":"E01000833","parent":"E09000006","type":"LSOA","pop":1484,"r":535,"ff":220,"ffd":14824.8,"ffs":0.5176,"g":107,"co":0,"mo":2,"sa":0,"ic":0},"geometry":{"type":"Polygon","coordinates":[[[0.00063,51.39145],[0.00261,51.38816],[0.00074,51.38646],[-8e-05,51.38663],[-0.00133,51.38565],[-0.00199,51.38561],[-0.00212,51.38617],[-0.0034,51.38624],[-0.00368,51.38582],[-0.00393,51.38625],[-0.00534,51.38595],[-0.00604,51.38677],[-0.00739,51.38768],[-0.01029,51.38706],[-0.0105,51.38788],[-0.00785,51.38871],[-0.00784,51.38932],[-0.00737,51.38946],[-0.00715,51.38921],[-0.00188,51.39217],[-0.00028,51.39242],[0.00063,51.39145]]]}},{"type":"Feature","properties":{"id":"E01000834","name":"E01000834","parent":"E09000006","type":"LSOA","pop":1366,"r":549,"ff":207,"ffd":15153.7,"ffs":0.4836,"g":117,"co":2,"mo":2,"sa":0,"ic":0},"geometry":{"type":"Polygon","coordinates":[[[0.00263,51.38809],[0.0029,51.38331],[0.00371,51.38243],[0.00114,51.38082],[-0.00179,51.37977],[-0.00249,51.3806],[-0.00018,51.38152],[-0.00121,51.38223],[-0.00083,51.38253],[-0.00195,51.38314],[-0.00103,51.38398],[-0.00169,51.38426],[-0.00325,51.38304],[-0.00164,51.38539],[-0.00199,51.38561],[-0.00133,51.38565],[-8e-05,51.38663],[0.00074,51.38646],[0.00263,51.38809]]]}},{"type":"Feature","properties":{"id":"E01000835","name":"E01000835","parent":"E09000006","type":"LSOA","pop":1780,"r":553,"ff":223,"ffd":12528.1,"ffs":0.515,"g":117,"co":0,"mo":2,"sa":0,"ic":0},"geometry":{"type":"Polygon","coordinates":[[[-0.01913,51.38297],[-0.01459,51.37977],[-0.01443,51.37989],[-0.01292,51.379],[-0.01366,51.37762],[-0.01406,51.37773],[-0.01421,51.37741],[-0.01366,51.37726],[-0.01379,51.37642],[-0.01435,51.37573],[-0.01637,51.37599],[-0.01704,51.37565],[-0.01776,51.3759],[-0.01889,51.37295],[-0.01945,51.3732],[-0.01916,51.37401],[-0.01905,51.37554],[-0.01965,51.37602],[-0.02086,51.37584],[-0.02098,51.37523],[-0.02248,51.37538],[-0.0222,51.37679],[-0.02353,51.37691],[-0.02301,51.37736],[-0.02397,51.37753],[-0.02398,51.37778],[-0.01821,51.37944],[-0.01817,51.38002],[-0.01968,51.3808],[-0.01934,51.38173],[-0.02006,51.3821],[-0.01913,51.38297]]]}},{"type":"Feature","properties":{"id":"E01000836","name":"E01000836","parent":"E09000006","type":"LSOA","pop":1435,"r":500,"ff":204,"ffd":14216.0,"ffs":0.5178,"g":102,"co":0,"mo":2,"sa":0,"ic":0},"geometry":{"type":"Polygon","coordinates":[[[-0.00018,51.38152],[-0.00249,51.3806],[-0.00206,51.38018],[-0.0047,51.37924],[-0.00424,51.37887],[-0.00643,51.3783],[-0.00804,51.37856],[-0.00906,51.37781],[-0.01321,51.38003],[-0.01275,51.38062],[-0.00965,51.3791],[-0.00918,51.37961],[-0.01115,51.38052],[-0.01081,51.38067],[-0.00952,51.38041],[-0.00649,51.38129],[-0.00612,51.38088],[-0.0036,51.38178],[-0.00435,51.38261],[-0.00325,51.38304],[-0.00169,51.38426],[-0.00103,51.38398],[-0.00195,51.38314],[-0.00083,51.38253],[-0.00121,51.38223],[-0.00018,51.38152]]]}},{"type":"Feature","properties":{"id":"E01000837","name":"E01000837","parent":"E09000006","type":"LSOA","pop":1495,"r":546,"ff":220,"ffd":14715.7,"ffs":0.5152,"g":116,"co":0,"mo":2,"sa":0,"ic":0},"geometry":{"type":"Polygon","coordinates":[[[-0.01703,51.38502],[-0.01976,51.3834],[-0.01913,51.38297],[-0.02006,51.3821],[-0.01934,51.38173],[-0.01968,51.3808],[-0.01817,51.38002],[-0.01821,51.37944],[-0.02398,51.37778],[-0.02397,51.37753],[-0.02301,51.37736],[-0.02445,51.37587],[-0.02401,51.3755],[-0.02445,51.37537],[-0.02317,51.37475],[-0.02361,51.3746],[-0.02276,51.37399],[-0.02241,51.37254],[-0.02384,51.37242],[-0.02594,51.37613],[-0.02593,51.37666],[-0.0268,51.37937],[-0.02582,51.38154],[-0.02521,51.38147],[-0.02437,51.38359],[-0.02437,51.38443],[-0.02327,51.38586],[-0.02289,51.38696],[-0.02053,51.38507],[-0.01804,51.3854],[-0.01856,51.38786],[-0.01665,51.38777],[-0.01585,51.38668],[-0.01703,51.38502]]]}},{"type":"Feature","properties":{"id":"E01000838","name":"E01000838","parent":"E09000006","type":"LSOA","pop":1392,"r":529,"ff":206,"ffd":14798.9,"ffs":0.5,"g":113,"co":0,"mo":2,"sa":0,"ic":0},"geometry":{"type":"Polygon","coordinates":[[[0.00287,51.38059],[-0.00015,51.3788],[-0.0006,51.37895],[-0.00075,51.37835],[-0.00222,51.37728],[0.00396,51.37648],[0.00227,51.3748],[0.00206,51.37424],[-0.00221,51.37055],[-0.00256,51.37159],[-0.00224,51.37158],[-0.00322,51.37204],[-0.00501,51.37156],[-0.00722,51.37318],[-0.00682,51.37352],[-0.00861,51.37427],[-0.00837,51.37487],[-0.0095,51.37523],[-0.00892,51.37598],[-0.00813,51.37581],[-0.0075,51.37679],[-0.00862,51.37711],[-0.00906,51.37781],[-0.00804,51.37856],[-0.00643,51.3783],[-0.00424,51.37887],[-0.0047,51.37924],[-0.00206,51.38018],[-0.00179,51.37977],[0.00114,51.38082],[0.00316,51.38208],[0.0025,51.38086],[0.00287,51.38059]]]}},{"type":"Feature","properties":{"id":"E01000839","name":"E01000839","parent":"E09000006","type":"LSOA","pop":1346,"r":525,"ff":205,"ffd":15230.3,"ffs":0.5025,"g":113,"co":0,"mo":2,"sa":0,"ic":0},"geometry":{"type":"Polygon","coordinates":[[[-0.02248,51.37538],[-0.02098,51.37523],[-0.02086,51.37584],[-0.01965,51.37602],[-0.01905,51.37554],[-0.01916,51.37401],[-0.01945,51.3732],[-0.01889,51.37295],[-0.01875,51.37315],[-0.01812,51.37302],[-0.01885,51.37149],[-0.01937,51.37121],[-0.01934,51.37059],[-0.02001,51.37009],[-0.02027,51.36908],[-0.02167,51.36919],[-0.02185,51.36863],[-0.02249,51.36855],[-0.02225,51.36693],[-0.02151,51.36627],[-0.0236,51.36528],[-0.02445,51.36675],[-0.02325,51.36699],[-0.02317,51.36726],[-0.02365,51.36996],[-0.02363,51.37188],[-0.02384,51.37242],[-0.02241,51.37254],[-0.02276,51.37399],[-0.02361,51.3746],[-0.02317,51.37475],[-0.02445,51.37537],[-0.02401,51.3755],[-0.02445,51.37587],[-0.02353,51.37691],[-0.0222,51.37679],[-0.02248,51.37538]]]}},{"type":"Feature","properties":{"id":"E01000840","name":"E01000840","parent":"E09000006","type":"LSOA","pop":1474,"r":549,"ff":207,"ffd":14043.4,"ffs":0.4836,"g":117,"co":0,"mo":2,"sa":0,"ic":0},"geometry":{"type":"Polygon","coordinates":[[[-0.00612,51.37237],[-0.00501,51.37156],[-0.00322,51.37204],[-0.00224,51.37158],[-0.00256,51.37159],[-0.00221,51.37055],[-0.00604,51.36825],[-0.01582,51.36458],[-0.01983,51.36357],[-0.02221,51.36584],[-0.02151,51.36627],[-0.02225,51.36693],[-0.02249,51.36855],[-0.02185,51.36863],[-0.02167,51.36919],[-0.02027,51.36908],[-0.02001,51.37009],[-0.01934,51.37059],[-0.01878,51.37048],[-0.01994,51.36827],[-0.01935,51.36766],[-0.0186,51.36839],[-0.01892,51.36902],[-0.01861,51.36954],[-0.01816,51.36973],[-0.0171,51.36952],[-0.0165,51.36983],[-0.0165,51.37065],[-0.01571,51.37136],[-0.01604,51.37173],[-0.01498,51.37329],[-0.01498,51.37286],[-0.01448,51.37273],[-0.01341,51.37314],[-0.01299,51.37225],[-0.01147,51.37287],[-0.00933,51.37206],[-0.00722,51.37318],[-0.00612,51.37237]]]}},{"type":"Feature","properties":{"id":"E01000841","name":"E01000841","parent":"E09000006","type":"LSOA","pop":1736,"r":538,"ff":211,"ffd":12154.4,"ffs":0.5048,"g":116,"co":0,"mo":2,"sa":0,"ic":0},"geometry":{"type":"Polygon","coordinates":[[[-0.01107,51.37606],[-0.01138,51.37565],[-0.01021,51.37536],[-0.00946,51.37625],[-0.00892,51.37598],[-0.0095,51.37523],[-0.00837,51.37487],[-0.00861,51.37427],[-0.00682,51.37352],[-0.00933,51.37206],[-0.01147,51.37287],[-0.01299,51.37225],[-0.01341,51.37314],[-0.01448,51.37273],[-0.01498,51.37286],[-0.01498,51.37329],[-0.01604,51.37173],[-0.01571,51.37136],[-0.0165,51.37065],[-0.0165,51.36983],[-0.0171,51.36952],[-0.01816,51.36973],[-0.01861,51.36954],[-0.01892,51.36902],[-0.0186,51.36839],[-0.01935,51.36766],[-0.01994,51.36827],[-0.01878,51.37048],[-0.01934,51.37059],[-0.01937,51.37121],[-0.01885,51.37149],[-0.01812,51.37302],[-0.01875,51.37315],[-0.01776,51.3759],[-0.01704,51.37565],[-0.01637,51.37599],[-0.01435,51.37573],[-0.01379,51.37642],[-0.01204,51.37639],[-0.01107,51.37606]]]}},{"type":"Feature","properties":{"id":"E01032562","name":"E01032562","parent":"E09000006","type":"LSOA","pop":1644,"r":700,"ff":301,"ffd":18309.0,"ffs":0.5128,"g":112,"co":0,"mo":2,"sa":0,"ic":0},"geometry":{"type":"Polygon","coordinates":[[[0.01333,51.4239],[0.01388,51.42351],[0.01398,51.42394],[0.01457,51.42391],[0.01528,51.42208],[0.01599,51.42131],[0.01609,51.42095],[0.01551,51.42084],[0.01547,51.42055],[0.01431,51.4203],[0.01367,51.41961],[0.01202,51.42004],[0.01136,51.41952],[0.01063,51.41948],[0.00735,51.41977],[0.00675,51.42017],[0.00713,51.42082],[0.00677,51.42096],[0.00687,51.42149],[0.00737,51.42138],[0.00812,51.42304],[0.00999,51.42248],[0.01101,51.42349],[0.01338,51.42471],[0.01389,51.42429],[0.01333,51.4239]]]}},{"type":"Feature","properties":{"id":"E01032563","name":"E01032563","parent":"E09000006","type":"LSOA","pop":1471,"r":688,"ff":297,"ffd":20190.3,"ffs":0.5147,"g":110,"co":0,"mo":2,"sa":0,"ic":0},"geometry":{"type":"Polygon","coordinates":[[[0.00735,51.41977],[0.01136,51.41952],[0.01202,51.42004],[0.01367,51.41961],[0.01583,51.41987],[0.01599,51.42023],[0.01654,51.42029],[0.01736,51.41899],[0.01675,51.41892],[0.01664,51.41781],[0.01616,51.41732],[0.01659,51.41678],[0.01658,51.41635],[0.01548,51.41622],[0.01492,51.41583],[0.01479,51.41619],[0.01441,51.41584],[0.0126,51.41578],[0.012,51.41492],[0.01083,51.41481],[0.00689,51.41623],[0.00627,51.416],[0.00659,51.4159],[0.00619,51.41556],[0.00352,51.4174],[0.00568,51.41853],[0.00525,51.41932],[0.00632,51.42101],[0.00713,51.42082],[0.00675,51.42017],[0.00735,51.41977]]]}},{"type":"Feature","properties":{"id":"E01032568","name":"E01032568","parent":"E09000006","type":"LSOA","pop":1518,"r":708,"ff":300,"ffd":19762.8,"ffs":0.5111,"g":118,"co":0,"mo":2,"sa":0,"ic":0},"geometry":{"type":"Polygon","coordinates":[[[-0.04761,51.39835],[-0.04689,51.39821],[-0.04532,51.39858],[-0.04521,51.39832],[-0.04475,51.39834],[-0.04451,51.39787],[-0.04355,51.39808],[-0.04308,51.39626],[-0.04352,51.39591],[-0.04281,51.39547],[-0.04265,51.39507],[-0.04315,51.395],[-0.04291,51.39355],[-0.04188,51.39346],[-0.04176,51.39288],[-0.044,51.39303],[-0.04409,51.3926],[-0.04597,51.39279],[-0.0472,51.39229],[-0.04814,51.39319],[-0.05047,51.39332],[-0.0517,51.39378],[-0.05259,51.39463],[-0.05348,51.39492],[-0.05095,51.39712],[-0.05045,51.39804],[-0.04928,51.39891],[-0.04761,51.39835]]]}},{"type":"Feature","properties":{"id":"E01032570","name":"E01032570","parent":"E09000006","type":"LSOA","pop":1730,"r":91,"ff":28,"ffd":1618.5,"ffs":0.5185,"g":37,"co":0,"mo":2,"sa":2,"ic":0},"geometry":{"type":"Polygon","coordinates":[[[0.04022,51.31198],[0.03985,51.31164],[0.03887,51.31163],[0.03872,51.3113],[0.03934,51.31038],[0.0409,51.30955],[0.04135,51.30964],[0.04152,51.30904],[0.04016,51.30882],[0.04085,51.30836],[0.04193,51.30805],[0.04211,51.30752],[0.04141,51.30705],[0.04086,51.30721],[0.04059,51.30679],[0.04132,51.30609],[0.04097,51.30585],[0.0411,51.30486],[0.04191,51.30338],[0.04092,51.30272],[0.0369,51.30538],[0.0329,51.30751],[0.03268,51.30849],[0.0318,51.3095],[0.03309,51.31121],[0.0337,51.31035],[0.03408,51.31055],[0.03532,51.31029],[0.03475,51.31092],[0.03418,51.3108],[0.0343,51.31124],[0.03366,51.31192],[0.03411,51.31221],[0.03469,51.31207],[0.03595,51.31325],[0.03743,51.31386],[0.04021,51.31229],[0.04022,51.31198]]]}},{"type":"Feature","properties":{"id":"E01034383","name":"E01034383","parent":"E09000006","type":"LSOA","pop":1349,"r":810,"ff":338,"ffd":25055.6,"ffs":0.4963,"g":126,"co":0,"mo":2,"sa":0,"ic":0},"geometry":{"type":"Polygon","coordinates":[[[-0.06587,51.42358],[-0.06615,51.42113],[-0.06514,51.42061],[-0.06591,51.41959],[-0.06594,51.41889],[-0.06555,51.4187],[-0.06728,51.41778],[-0.06701,51.41675],[-0.06659,51.41673],[-0.06803,51.41597],[-0.06845,51.41635],[-0.07046,51.41521],[-0.0691,51.41459],[-0.06888,51.415],[-0.06789,51.41509],[-0.06952,51.41389],[-0.07171,51.41546],[-0.07239,51.41543],[-0.07237,51.41602],[-0.07264,51.41591],[-0.07351,51.41645],[-0.0735,51.41682],[-0.07398,51.41675],[-0.07344,51.41718],[-0.07548,51.41908],[-0.07845,51.42004],[-0.07664,51.42309],[-0.07483,51.4228],[-0.07404,51.42295],[-0.07312,51.42392],[-0.07215,51.42365],[-0.07218,51.42332],[-0.07133,51.42323],[-0.07096,51.42501],[-0.07027,51.42529],[-0.06855,51.42452],[-0.06654,51.4242],[-0.06587,51.42358]]]}},{"type":"Feature","properties":{"id":"E01034384","name":"E01034384","parent":"E09000006","type":"LSOA","pop":1437,"r":757,"ff":324,"ffd":22547.0,"ffs":0.5118,"g":121,"co":0,"mo":2,"sa":0,"ic":0},"geometry":{"type":"Polygon","coordinates":[[[-0.06758,51.41407],[-0.06761,51.41384],[-0.0684,51.41388],[-0.06826,51.41355],[-0.06774,51.41348],[-0.06796,51.41284],[-0.06831,51.41303],[-0.06881,51.41274],[-0.0688,51.4123],[-0.06933,51.41248],[-0.0685,51.41178],[-0.07044,51.4108],[-0.07178,51.41159],[-0.07257,51.41125],[-0.07334,51.4114],[-0.07268,51.41326],[-0.07236,51.41251],[-0.07124,51.41263],[-0.07056,51.41466],[-0.06952,51.41389],[-0.06832,51.41465],[-0.06815,51.41421],[-0.06758,51.41407]]]}},{"type":"Feature","properties":{"id":"E01034385","name":"E01034385","parent":"E09000006","type":"LSOA","pop":1498,"r":608,"ff":257,"ffd":17156.2,"ffs":0.512,"g":104,"co":0,"mo":2,"sa":0,"ic":0},"geometry":{"type":"Polygon","coordinates":[[[0.01931,51.40867],[0.01935,51.40685],[0.01874,51.40634],[0.02268,51.40705],[0.02648,51.4069],[0.02646,51.40605],[0.02792,51.40584],[0.0275,51.40533],[0.02773,51.40473],[0.02709,51.40481],[0.02709,51.4044],[0.02665,51.40448],[0.02613,51.404],[0.0248,51.40491],[0.02444,51.40436],[0.02381,51.4045],[0.0251,51.40287],[0.02515,51.40228],[0.0245,51.40225],[0.0244,51.40192],[0.02318,51.40147],[0.02064,51.40135],[0.01923,51.40086],[0.01871,51.40288],[0.01557,51.40247],[0.01516,51.40393],[0.01665,51.4038],[0.01626,51.40536],[0.01744,51.40554],[0.01751,51.40591],[0.01729,51.4063],[0.01541,51.40644],[0.01387,51.40811],[0.01625,51.40816],[0.01807,51.40716],[0.01864,51.40796],[0.01835,51.40844],[0.01931,51.40867]]]}},{"type":"Feature","properties":{"id":"E01034386","name":"E01034386","parent":"E09000006","type":"LSOA","pop":1455,"r":675,"ff":285,"ffd":19587.6,"ffs":0.5071,"g":111,"co":0,"mo":0,"sa":0,"ic":0},"geometry":{"type":"Polygon","coordinates":[[[0.01871,51.40288],[0.01919,51.40087],[0.02033,51.39832],[0.01744,51.39903],[0.017,51.39955],[0.01487,51.3993],[0.01414,51.40018],[0.01286,51.40032],[0.01287,51.40088],[0.01247,51.40208],[0.01307,51.40162],[0.01557,51.40247],[0.01871,51.40288]]]}}]}