{"type":"FeatureCollection","features":[{"type":"Feature","properties":{"id":"S01015084","name":"Tullibody South - 01","parent":"S12000005","type":"DZ","pop":615,"r":65,"ff":24,"ffd":3902.4,"ffs":0.4615,"g":13,"co":0,"mo":0,"sa":3,"ic":0},"geometry":{"type":"Polygon","coordinates":[[[-3.84693,56.13097],[-3.8498,56.13436],[-3.85165,56.13595],[-3.85375,56.13554],[-3.85753,56.13543],[-3.85735,56.1335],[-3.857,56.13315],[-3.85477,56.13259],[-3.85398,56.13196],[-3.85334,56.13038],[-3.85132,56.12873],[-3.85038,56.12726],[-3.84625,56.12556],[-3.8455,56.12473],[-3.84526,56.12482],[-3.84484,56.12432],[-3.84506,56.1238],[-3.8455,56.12358],[-3.84493,56.12347],[-3.84489,56.12306],[-3.84455,56.12308],[-3.8447,56.12237],[-3.84425,56.12235],[-3.84393,56.12337],[-3.84276,56.12322],[-3.84256,56.12363],[-3.84182,56.12349],[-3.84158,56.1239],[-3.84262,56.12419],[-3.84287,56.12389],[-3.84309,56.12393],[-3.84302,56.12405],[-3.84373,56.12401],[-3.84433,56.12447],[-3.84372,56.12489],[-3.84256,56.12478],[-3.84124,56.12433],[-3.84097,56.12476],[-3.84166,56.12491],[-3.84192,56.12466],[-3.84327,56.12503],[-3.84309,56.12524],[-3.84271,56.12514],[-3.84183,56.12602],[-3.84156,56.12594],[-3.84121,56.12635],[-3.84213,56.1266],[-3.84135,56.12755],[-3.84022,56.12718],[-3.84012,56.12734],[-3.84145,56.12822],[-3.83921,56.13143],[-3.83983,56.13156],[-3.84007,56.13121],[-3.8411,56.13204],[-3.84194,56.13188],[-3.84228,56.13214],[-3.84298,56.13195],[-3.84402,56.13209],[-3.84446,56.13197],[-3.84468,56.13148],[-3.84441,56.13107],[-3.84658,56.13054],[-3.84693,56.13097]]]}},{"type":"Feature","properties":{"id":"S01015085","name":"Tullibody South - 02","parent":"S12000005","type":"DZ","pop":667,"r":64,"ff":23,"ffd":3448.3,"ffs":0.451,"g":13,"co":0,"mo":0,"sa":3,"ic":0},"geometry":{"type":"Polygon","coordinates":[[[-3.84919,56.13534],[-3.84982,56.1353],[-3.85038,56.13495],[-3.84712,56.13119],[-3.846,56.13131],[-3.84589,56.13156],[-3.84612,56.13169],[-3.84599,56.13198],[-3.84656,56.13255],[-3.84546,56.1326],[-3.84579,56.1336],[-3.84574,56.134],[-3.84475,56.13398],[-3.84443,56.13361],[-3.84301,56.13354],[-3.84298,56.13383],[-3.8425,56.13382],[-3.84335,56.13423],[-3.84131,56.13421],[-3.84142,56.13443],[-3.84571,56.13453],[-3.84575,56.13534],[-3.84919,56.13534]]]}},{"type":"Feature","properties":{"id":"S01015086","name":"Tullibody South - 03","parent":"S12000005","type":"DZ","pop":924,"r":66,"ff":25,"ffd":2705.6,"ffs":0.4717,"g":13,"co":0,"mo":0,"sa":3,"ic":0},"geometry":{"type":"Polygon","coordinates":[[[-3.83512,56.1358],[-3.83583,56.13584],[-3.83593,56.1353],[-3.84575,56.13534],[-3.84571,56.13453],[-3.84142,56.13443],[-3.84131,56.13421],[-3.84335,56.13423],[-3.8425,56.13382],[-3.84298,56.13383],[-3.84301,56.13354],[-3.84443,56.13361],[-3.84475,56.13398],[-3.84574,56.134],[-3.84579,56.1336],[-3.84546,56.1326],[-3.84656,56.13255],[-3.84599,56.13198],[-3.84612,56.13169],[-3.84589,56.13156],[-3.846,56.13131],[-3.84712,56.13119],[-3.84658,56.13054],[-3.84441,56.13107],[-3.84468,56.13148],[-3.84446,56.13197],[-3.84402,56.13209],[-3.84256,56.13197],[-3.84228,56.13214],[-3.84194,56.13188],[-3.84084,56.13196],[-3.84007,56.13121],[-3.83983,56.13156],[-3.83921,56.13143],[-3.83819,56.13281],[-3.83734,56.13277],[-3.837,56.13244],[-3.83584,56.13396],[-3.83553,56.1341],[-3.8347,56.13405],[-3.83497,56.13376],[-3.83392,56.13351],[-3.83309,56.13274],[-3.83213,56.1329],[-3.8322,56.13352],[-3.83241,56.13357],[-3.83261,56.13403],[-3.83284,56.13394],[-3.83485,56.13458],[-3.83461,56.13522],[-3.83516,56.13544],[-3.83512,56.1358]]]}},{"type":"Feature","properties":{"id":"S01015087","name":"Tullibody South - 04","parent":"S12000005","type":"DZ","pop":434,"r":66,"ff":25,"ffd":5760.4,"ffs":0.4717,"g":13,"co":0,"mo":0,"sa":3,"ic":0},"geometry":{"type":"Polygon","coordinates":[[[-3.83553,56.1341],[-3.83584,56.13396],[-3.837,56.13244],[-3.83734,56.13277],[-3.83819,56.13281],[-3.84005,56.13025],[-3.83655,56.12889],[-3.83576,56.12899],[-3.83533,56.13009],[-3.83501,56.13002],[-3.83495,56.13023],[-3.83449,56.13007],[-3.83346,56.1327],[-3.83309,56.13274],[-3.83392,56.13351],[-3.83497,56.13376],[-3.8347,56.13405],[-3.83553,56.1341]]]}},{"type":"Feature","properties":{"id":"S01015088","name":"Tullibody South - 05","parent":"S12000005","type":"DZ","pop":882,"r":66,"ff":25,"ffd":2834.5,"ffs":0.4717,"g":13,"co":0,"mo":0,"sa":3,"ic":0},"geometry":{"type":"MultiPolygon","coordinates":[[[[-3.8363,56.12892],[-3.83576,56.12899],[-3.83557,56.12974],[-3.83533,56.13009],[-3.83501,56.13002],[-3.83495,56.13023],[-3.83162,56.12925],[-3.82556,56.12882],[-3.81923,56.12628],[-3.81735,56.12522],[-3.81608,56.12404],[-3.81607,56.12257],[-3.8163,56.1218],[-3.81795,56.12113],[-3.81936,56.11861],[-3.81704,56.1181],[-3.81586,56.11803],[-3.81514,56.11705],[-3.81509,56.11607],[-3.81527,56.11575],[-3.81684,56.11452],[-3.82088,56.11358],[-3.82236,56.113],[-3.82393,56.11197],[-3.82613,56.11269],[-3.82818,56.11477],[-3.82963,56.11574],[-3.83531,56.11819],[-3.8378,56.11866],[-3.8461,56.12075],[-3.84945,56.12125],[-3.85172,56.12131],[-3.85216,56.12151],[-3.85116,56.12264],[-3.84947,56.12364],[-3.84874,56.12389],[-3.84493,56.12347],[-3.84489,56.12306],[-3.84455,56.12308],[-3.8447,56.12237],[-3.84425,56.12235],[-3.84393,56.12337],[-3.84276,56.12322],[-3.84256,56.12363],[-3.84182,56.12349],[-3.84158,56.1239],[-3.84262,56.12419],[-3.84287,56.12389],[-3.84309,56.12393],[-3.84302,56.12405],[-3.84373,56.12401],[-3.84433,56.12447],[-3.84372,56.12489],[-3.84256,56.12478],[-3.84124,56.12433],[-3.84097,56.12476],[-3.84166,56.12491],[-3.84192,56.12466],[-3.84327,56.12503],[-3.84309,56.12524],[-3.84271,56.12514],[-3.84183,56.12602],[-3.84156,56.12594],[-3.84121,56.12635],[-3.84213,56.1266],[-3.84135,56.12755],[-3.84022,56.12718],[-3.84012,56.12734],[-3.84145,56.12822],[-3.84005,56.13025],[-3.8363,56.12892]]],[[[-3.85735,56.1335],[-3.857,56.13315],[-3.85477,56.13259],[-3.85398,56.13196],[-3.85334,56.13038],[-3.85132,56.12873],[-3.85038,56.12726],[-3.84625,56.12556],[-3.8455,56.12473],[-3.84575,56.12464],[-3.84558,56.12454],[-3.84577,56.12456],[-3.84556,56.12451],[-3.84551,56.12414],[-3.84581,56.12397],[-3.84902,56.12425],[-3.85045,56.12391],[-3.85125,56.12354],[-3.85242,56.12261],[-3.85332,56.12117],[-3.85723,56.1199],[-3.85814,56.11912],[-3.85876,56.11815],[-3.85899,56.11705],[-3.85881,56.116],[-3.85758,56.11404],[-3.85749,56.11353],[-3.85771,56.11247],[-3.85841,56.11158],[-3.86026,56.11029],[-3.86105,56.10938],[-3.86208,56.10865],[-3.86356,56.10792],[-3.865,56.10774],[-3.86653,56.1078],[-3.86848,56.10833],[-3.86968,56.10896],[-3.87041,56.10962],[-3.87066,56.11012],[-3.87038,56.11077],[-3.86898,56.11167],[-3.86573,56.11253],[-3.86407,56.11321],[-3.86297,56.11389],[-3.86235,56.11495],[-3.86212,56.11585],[-3.86219,56.11653],[-3.86363,56.11901],[-3.86402,56.11947],[-3.86589,56.12072],[-3.86719,56.12126],[-3.86822,56.12143],[-3.87083,56.12122],[-3.87492,56.12009],[-3.87572,56.12005],[-3.87656,56.12032],[-3.87716,56.1207],[-3.8778,56.12151],[-3.87871,56.12442],[-3.8804,56.12659],[-3.88242,56.12863],[-3.88399,56.12946],[-3.88319,56.12968],[-3.88182,56.12897],[-3.88143,56.12915],[-3.88084,56.12983],[-3.88128,56.13041],[-3.88099,56.13114],[-3.8795,56.13096],[-3.87933,56.13131],[-3.87948,56.13157],[-3.88038,56.13181],[-3.88058,56.13209],[-3.87939,56.13246],[-3.87917,56.13279],[-3.87947,56.13328],[-3.87872,56.13357],[-3.87874,56.1339],[-3.87824,56.13414],[-3.87829,56.13447],[-3.87798,56.13489],[-3.87039,56.1347],[-3.8575,56.13532],[-3.85735,56.1335]]]]}},{"type":"Feature","properties":{"id":"S01015089","name":"Tullibody South - 06","parent":"S12000005","type":"DZ","pop":681,"r":67,"ff":26,"ffd":3817.9,"ffs":0.4815,"g":13,"co":0,"mo":0,"sa":3,"ic":0},"geometry":{"type":"Polygon","coordinates":[[[-3.82696,56.13129],[-3.83059,56.13294],[-3.83346,56.1327],[-3.83449,56.13007],[-3.83162,56.12925],[-3.82614,56.12885],[-3.82564,56.12932],[-3.82603,56.13016],[-3.8258,56.13137],[-3.82696,56.13129]]]}},{"type":"Feature","properties":{"id":"S01015090","name":"Tullibody North and Glenochil - 01","parent":"S12000005","type":"DZ","pop":893,"r":67,"ff":26,"ffd":2911.5,"ffs":0.4815,"g":13,"co":0,"mo":0,"sa":3,"ic":0},"geometry":{"type":"Polygon","coordinates":[[[-3.82831,56.1351],[-3.82857,56.13542],[-3.82788,56.13558],[-3.82783,56.13627],[-3.83119,56.13646],[-3.83124,56.13631],[-3.83074,56.13625],[-3.8312,56.13499],[-3.8317,56.13504],[-3.83205,56.13536],[-3.83386,56.13546],[-3.83461,56.13522],[-3.83485,56.13458],[-3.83284,56.13394],[-3.83261,56.13403],[-3.83241,56.13357],[-3.8322,56.13352],[-3.83213,56.1329],[-3.83059,56.13294],[-3.8268,56.13121],[-3.82507,56.13163],[-3.82477,56.13206],[-3.82503,56.13263],[-3.82412,56.13258],[-3.82395,56.13352],[-3.82342,56.13392],[-3.82543,56.13444],[-3.82554,56.13473],[-3.82623,56.1346],[-3.82818,56.13492],[-3.82831,56.1351]]]}},{"type":"Feature","properties":{"id":"S01015091","name":"Tullibody North and Glenochil - 02","parent":"S12000005","type":"DZ","pop":548,"r":69,"ff":27,"ffd":4927.0,"ffs":0.4821,"g":13,"co":0,"mo":0,"sa":3,"ic":0},"geometry":{"type":"Polygon","coordinates":[[[-3.82196,56.13528],[-3.82174,56.13604],[-3.8273,56.13627],[-3.82783,56.13627],[-3.82788,56.13558],[-3.82857,56.13542],[-3.82818,56.13492],[-3.82623,56.1346],[-3.82554,56.13473],[-3.82543,56.13444],[-3.82342,56.13392],[-3.82292,56.13422],[-3.82196,56.13528]]]}},{"type":"Feature","properties":{"id":"S01015092","name":"Tullibody North and Glenochil - 03","parent":"S12000005","type":"DZ","pop":985,"r":67,"ff":25,"ffd":2538.1,"ffs":0.463,"g":13,"co":0,"mo":0,"sa":3,"ic":0},"geometry":{"type":"Polygon","coordinates":[[[-3.8264,56.14017],[-3.83352,56.13998],[-3.83613,56.13953],[-3.83573,56.13888],[-3.83564,56.13776],[-3.83499,56.13774],[-3.83495,56.13745],[-3.83442,56.13746],[-3.8344,56.13685],[-3.83505,56.13669],[-3.83508,56.13653],[-3.83167,56.13647],[-3.83159,56.13668],[-3.83059,56.13661],[-3.83063,56.13643],[-3.82174,56.13604],[-3.82032,56.13795],[-3.82124,56.13819],[-3.8211,56.13839],[-3.82362,56.13842],[-3.82573,56.13873],[-3.82524,56.13889],[-3.82645,56.13927],[-3.8264,56.14017]]]}},{"type":"Feature","properties":{"id":"S01015093","name":"Tullibody North and Glenochil - 04","parent":"S12000005","type":"DZ","pop":635,"r":66,"ff":25,"ffd":3937.0,"ffs":0.4717,"g":13,"co":0,"mo":0,"sa":3,"ic":0},"geometry":{"type":"Polygon","coordinates":[[[-3.83573,56.13888],[-3.83613,56.13953],[-3.83721,56.13929],[-3.83686,56.13872],[-3.83659,56.13876],[-3.83651,56.13765],[-3.84151,56.13769],[-3.84397,56.1372],[-3.84396,56.13703],[-3.84261,56.13704],[-3.84267,56.13723],[-3.84159,56.13733],[-3.8414,56.13755],[-3.8409,56.13754],[-3.84061,56.13732],[-3.83882,56.13725],[-3.83893,56.13669],[-3.83972,56.13668],[-3.83968,56.13643],[-3.83906,56.13611],[-3.83911,56.13594],[-3.84019,56.13582],[-3.84018,56.13597],[-3.8406,56.13597],[-3.84125,56.13561],[-3.84106,56.13556],[-3.84109,56.13527],[-3.83593,56.1353],[-3.83583,56.13584],[-3.83512,56.1358],[-3.83516,56.13544],[-3.83461,56.13522],[-3.83386,56.13546],[-3.8328,56.13545],[-3.83205,56.13536],[-3.8317,56.13504],[-3.8312,56.13499],[-3.83074,56.13625],[-3.83124,56.13631],[-3.83119,56.13646],[-3.83063,56.13643],[-3.83059,56.13661],[-3.83159,56.13668],[-3.83167,56.13647],[-3.83508,56.13653],[-3.83505,56.13669],[-3.8344,56.13685],[-3.83442,56.13746],[-3.83495,56.13745],[-3.83499,56.13774],[-3.83564,56.13776],[-3.83573,56.13888]]]}},{"type":"Feature","properties":{"id":"S01015094","name":"Tullibody North and Glenochil - 05","parent":"S12000005","type":"DZ","pop":879,"r":65,"ff":24,"ffd":2730.4,"ffs":0.4615,"g":13,"co":0,"mo":0,"sa":3,"ic":0},"geometry":{"type":"Polygon","coordinates":[[[-3.83721,56.13929],[-3.8508,56.13627],[-3.85165,56.13595],[-3.85038,56.13495],[-3.84982,56.1353],[-3.84919,56.13534],[-3.84109,56.13527],[-3.84106,56.13556],[-3.84125,56.13561],[-3.8406,56.13597],[-3.84018,56.13597],[-3.84019,56.13582],[-3.83911,56.13594],[-3.83906,56.13611],[-3.83968,56.13643],[-3.83972,56.13668],[-3.83893,56.13669],[-3.83882,56.13725],[-3.84061,56.13732],[-3.8409,56.13754],[-3.8414,56.13755],[-3.84159,56.13733],[-3.84267,56.13723],[-3.84261,56.13704],[-3.84396,56.13703],[-3.84397,56.1372],[-3.84151,56.13769],[-3.83651,56.13765],[-3.83659,56.13876],[-3.83686,56.13872],[-3.83721,56.13929]]]}},{"type":"Feature","properties":{"id":"S01015097","name":"Menstrie - 02","parent":"S12000005","type":"DZ","pop":600,"r":39,"ff":21,"ffd":3500.0,"ffs":0.5385,"g":0,"co":1,"mo":1,"sa":3,"ic":1},"geometry":{"type":"Polygon","coordinates":[[[-3.84919,56.153],[-3.85243,56.15283],[-3.85241,56.15255],[-3.8533,56.15267],[-3.85349,56.15244],[-3.85426,56.15289],[-3.855,56.1527],[-3.85711,56.15269],[-3.85927,56.15211],[-3.86069,56.15219],[-3.86051,56.15101],[-3.86136,56.15096],[-3.86182,56.15071],[-3.86137,56.14854],[-3.86029,56.14858],[-3.86038,56.14947],[-3.85963,56.14949],[-3.85963,56.14986],[-3.85918,56.15007],[-3.85967,56.15045],[-3.85943,56.15047],[-3.85972,56.15109],[-3.85667,56.15132],[-3.85649,56.14961],[-3.85506,56.14967],[-3.85517,56.1492],[-3.85798,56.14907],[-3.85699,56.14851],[-3.85383,56.14904],[-3.85397,56.15081],[-3.85246,56.15102],[-3.854,56.15106],[-3.85399,56.15142],[-3.85442,56.15132],[-3.85433,56.15147],[-3.85254,56.15151],[-3.85266,56.15108],[-3.85248,56.15107],[-3.85221,56.15143],[-3.85226,56.15174],[-3.85044,56.15204],[-3.85025,56.15157],[-3.84909,56.15161],[-3.84926,56.15243],[-3.84848,56.1526],[-3.84872,56.15299],[-3.84919,56.153]]]}},{"type":"Feature","properties":{"id":"S01015098","name":"Menstrie - 03","parent":"S12000005","type":"DZ","pop":796,"r":39,"ff":21,"ffd":2638.2,"ffs":0.5385,"g":0,"co":1,"mo":1,"sa":3,"ic":1},"geometry":{"type":"Polygon","coordinates":[[[-3.85028,56.15174],[-3.85044,56.15204],[-3.85226,56.15174],[-3.85221,56.15143],[-3.85248,56.15107],[-3.85266,56.15108],[-3.85254,56.15151],[-3.85433,56.15147],[-3.85442,56.15132],[-3.85399,56.15142],[-3.854,56.15106],[-3.85246,56.15102],[-3.85397,56.15081],[-3.85372,56.14915],[-3.85561,56.14875],[-3.85592,56.1479],[-3.8558,56.14671],[-3.8561,56.14652],[-3.85505,56.14633],[-3.85298,56.14643],[-3.852,56.14619],[-3.85199,56.14605],[-3.85081,56.14615],[-3.85052,56.14709],[-3.84971,56.14816],[-3.84776,56.1494],[-3.84896,56.15155],[-3.85025,56.15157],[-3.85028,56.15174]]]}},{"type":"Feature","properties":{"id":"S01015099","name":"Menstrie - 04","parent":"S12000005","type":"DZ","pop":762,"r":38,"ff":21,"ffd":2755.9,"ffs":0.5526,"g":0,"co":1,"mo":1,"sa":3,"ic":1},"geometry":{"type":"Polygon","coordinates":[[[-3.84518,56.15413],[-3.84926,56.15367],[-3.84857,56.15311],[-3.84877,56.15307],[-3.84848,56.1526],[-3.84926,56.15243],[-3.84909,56.15161],[-3.84776,56.1494],[-3.84971,56.14816],[-3.85026,56.14746],[-3.84863,56.14746],[-3.84765,56.14673],[-3.84696,56.14593],[-3.84485,56.14679],[-3.84398,56.14691],[-3.84322,56.14672],[-3.84229,56.14416],[-3.84162,56.14338],[-3.84061,56.14261],[-3.83961,56.14269],[-3.83916,56.14301],[-3.83964,56.1435],[-3.83835,56.14388],[-3.83688,56.14405],[-3.83139,56.14399],[-3.83099,56.1442],[-3.83104,56.14578],[-3.83053,56.14679],[-3.82956,56.14714],[-3.82885,56.14714],[-3.82839,56.14675],[-3.82865,56.14556],[-3.82823,56.14543],[-3.82657,56.14633],[-3.82765,56.14701],[-3.82739,56.1477],[-3.82578,56.14879],[-3.82566,56.15038],[-3.84025,56.15038],[-3.84142,56.15194],[-3.84225,56.15354],[-3.84485,56.15318],[-3.84518,56.15413]]]}},{"type":"Feature","properties":{"id":"S01015100","name":"Alva - 01","parent":"S12000005","type":"DZ","pop":842,"r":60,"ff":22,"ffd":2612.8,"ffs":0.4681,"g":13,"co":2,"mo":0,"sa":3,"ic":0},"geometry":{"type":"Polygon","coordinates":[[[-3.81798,56.1563],[-3.82351,56.1561],[-3.82579,56.15575],[-3.82955,56.15571],[-3.82949,56.15513],[-3.82982,56.15493],[-3.82574,56.15403],[-3.82327,56.15459],[-3.82256,56.15258],[-3.81768,56.15266],[-3.81752,56.15036],[-3.81483,56.15037],[-3.81505,56.1505],[-3.81486,56.1506],[-3.81512,56.15068],[-3.81473,56.15103],[-3.81343,56.15102],[-3.81345,56.15181],[-3.81272,56.15202],[-3.81212,56.15259],[-3.80837,56.15267],[-3.8084,56.15285],[-3.80817,56.15284],[-3.80836,56.15469],[-3.80897,56.1547],[-3.80901,56.15524],[-3.80931,56.1553],[-3.80869,56.15623],[-3.80976,56.15596],[-3.81122,56.15594],[-3.81122,56.1558],[-3.81388,56.15581],[-3.81505,56.15601],[-3.81786,56.15591],[-3.81798,56.1563]]]}},{"type":"Feature","properties":{"id":"S01015101","name":"Alva - 02","parent":"S12000005","type":"DZ","pop":856,"r":61,"ff":23,"ffd":2686.9,"ffs":0.4792,"g":13,"co":2,"mo":0,"sa":3,"ic":0},"geometry":{"type":"Polygon","coordinates":[[[-3.79857,56.15612],[-3.79838,56.15627],[-3.7985,56.15641],[-3.79958,56.15633],[-3.79953,56.15618],[-3.80045,56.1561],[-3.80033,56.15575],[-3.80306,56.15543],[-3.80501,56.15543],[-3.80499,56.15566],[-3.80755,56.15568],[-3.80753,56.15602],[-3.80869,56.15623],[-3.80931,56.1553],[-3.80901,56.15524],[-3.80897,56.1547],[-3.80836,56.15469],[-3.80817,56.15284],[-3.8084,56.15285],[-3.80837,56.15267],[-3.81212,56.15259],[-3.81272,56.15202],[-3.81345,56.15181],[-3.81343,56.15102],[-3.81299,56.15078],[-3.81174,56.15098],[-3.81181,56.15192],[-3.81153,56.15235],[-3.81047,56.15238],[-3.81048,56.15203],[-3.80997,56.15204],[-3.80973,56.15206],[-3.80974,56.1523],[-3.80947,56.1524],[-3.80848,56.15233],[-3.80837,56.1526],[-3.80814,56.1524],[-3.80605,56.15244],[-3.80608,56.15286],[-3.8027,56.15298],[-3.80271,56.15338],[-3.8008,56.15342],[-3.80063,56.15306],[-3.79846,56.15307],[-3.79852,56.15348],[-3.79898,56.15358],[-3.79917,56.15391],[-3.79831,56.15409],[-3.79938,56.15427],[-3.79924,56.15466],[-3.79959,56.15493],[-3.79937,56.15503],[-3.7995,56.15521],[-3.79903,56.1553],[-3.79921,56.15599],[-3.79857,56.15612]]]}},{"type":"Feature","properties":{"id":"S01015102","name":"Alva - 03","parent":"S12000005","type":"DZ","pop":581,"r":60,"ff":22,"ffd":3786.6,"ffs":0.4681,"g":13,"co":2,"mo":0,"sa":3,"ic":0},"geometry":{"type":"Polygon","coordinates":[[[-3.80537,56.15245],[-3.80514,56.15245],[-3.80516,56.15288],[-3.80608,56.15286],[-3.80605,56.15244],[-3.80814,56.1524],[-3.80837,56.1526],[-3.80848,56.15233],[-3.80947,56.1524],[-3.80974,56.1523],[-3.80973,56.15206],[-3.80997,56.15204],[-3.81048,56.15203],[-3.81047,56.15238],[-3.81153,56.15235],[-3.81181,56.15192],[-3.81174,56.15098],[-3.81299,56.15078],[-3.81343,56.15102],[-3.81473,56.15103],[-3.81512,56.15068],[-3.81486,56.1506],[-3.81505,56.1505],[-3.81483,56.15037],[-3.80463,56.15042],[-3.80485,56.15127],[-3.80535,56.15126],[-3.8053,56.15099],[-3.80654,56.15095],[-3.80661,56.15126],[-3.80722,56.15125],[-3.80727,56.15152],[-3.80586,56.15162],[-3.80596,56.15205],[-3.80552,56.15215],[-3.80555,56.15241],[-3.80537,56.15245]]]}},{"type":"Feature","properties":{"id":"S01015103","name":"Alva - 04","parent":"S12000005","type":"DZ","pop":830,"r":63,"ff":23,"ffd":2771.1,"ffs":0.46,"g":13,"co":2,"mo":0,"sa":3,"ic":0},"geometry":{"type":"Polygon","coordinates":[[[-3.8008,56.15334],[-3.80271,56.15338],[-3.8027,56.15298],[-3.80516,56.15288],[-3.80514,56.15245],[-3.80552,56.15244],[-3.80552,56.15215],[-3.80596,56.15205],[-3.80586,56.15162],[-3.80727,56.15152],[-3.80722,56.15125],[-3.80661,56.15126],[-3.80654,56.15095],[-3.8053,56.15099],[-3.80535,56.15126],[-3.80485,56.15127],[-3.80463,56.15042],[-3.80274,56.15048],[-3.80255,56.14952],[-3.80028,56.14946],[-3.80035,56.15007],[-3.80021,56.15014],[-3.80049,56.15089],[-3.80096,56.15077],[-3.801,56.15105],[-3.80042,56.15106],[-3.80039,56.15089],[-3.79866,56.15108],[-3.7988,56.15127],[-3.79808,56.1513],[-3.79815,56.15155],[-3.79873,56.15153],[-3.7989,56.152],[-3.7973,56.15208],[-3.79791,56.15259],[-3.79762,56.15262],[-3.79796,56.15301],[-3.79784,56.15324],[-3.79806,56.15334],[-3.79846,56.15322],[-3.79846,56.15307],[-3.79963,56.15302],[-3.80063,56.15306],[-3.8008,56.15334]]]}},{"type":"Feature","properties":{"id":"S01015095","name":"Tullibody North and Glenochil - 06","parent":"S12000005","type":"DZ","pop":1487,"r":69,"ff":27,"ffd":1815.7,"ffs":0.4821,"g":13,"co":0,"mo":0,"sa":3,"ic":0},"geometry":{"type":"Polygon","coordinates":[[[-3.77963,56.19296],[-3.77598,56.20011],[-3.78367,56.2085],[-3.78316,56.21245],[-3.78389,56.21262],[-3.78591,56.21204],[-3.78719,56.21107],[-3.78914,56.21001],[-3.79057,56.20957],[-3.79925,56.20574],[-3.82946,56.19656],[-3.83253,56.19076],[-3.83498,56.19076],[-3.83849,56.19106],[-3.84269,56.19068],[-3.84263,56.19045],[-3.84228,56.19041],[-3.84225,56.1901],[-3.84119,56.18851],[-3.84169,56.18681],[-3.84208,56.18649],[-3.84215,56.18595],[-3.84244,56.18574],[-3.84409,56.18222],[-3.84553,56.18172],[-3.8467,56.18058],[-3.84801,56.17985],[-3.84847,56.17935],[-3.84838,56.1779],[-3.8481,56.17711],[-3.84821,56.17685],[-3.848,56.17665],[-3.84826,56.17565],[-3.84932,56.17426],[-3.85111,56.17314],[-3.85191,56.17238],[-3.85241,56.17109],[-3.85249,56.17021],[-3.85309,56.16928],[-3.85433,56.16872],[-3.85484,56.16813],[-3.85579,56.16753],[-3.85662,56.16574],[-3.85818,56.16453],[-3.85635,56.16252],[-3.85669,56.16168],[-3.85763,56.16055],[-3.85734,56.15962],[-3.85759,56.15901],[-3.85726,56.15871],[-3.85731,56.15848],[-3.85655,56.1574],[-3.85676,56.15701],[-3.85663,56.1566],[-3.85675,56.1557],[-3.85606,56.15569],[-3.85623,56.15509],[-3.85549,56.15484],[-3.85534,56.15414],[-3.85434,56.15345],[-3.85414,56.1527],[-3.85367,56.15266],[-3.85349,56.15244],[-3.8533,56.15267],[-3.85241,56.15255],[-3.85243,56.15283],[-3.84872,56.15299],[-3.84857,56.15311],[-3.84926,56.15367],[-3.84866,56.15385],[-3.84856,56.15373],[-3.84518,56.15413],[-3.84485,56.15318],[-3.84225,56.15354],[-3.84142,56.15194],[-3.84025,56.15038],[-3.82566,56.15038],[-3.82578,56.14879],[-3.82739,56.1477],[-3.82765,56.14701],[-3.82657,56.14633],[-3.82823,56.14543],[-3.82865,56.14556],[-3.82839,56.14675],[-3.82885,56.14714],[-3.82956,56.14714],[-3.83053,56.14679],[-3.83104,56.14578],[-3.83099,56.1442],[-3.83139,56.14399],[-3.83688,56.14405],[-3.83835,56.14388],[-3.83964,56.1435],[-3.83916,56.14301],[-3.83961,56.14269],[-3.84061,56.14261],[-3.84162,56.14338],[-3.84229,56.14416],[-3.84322,56.14672],[-3.84398,56.14691],[-3.84485,56.14679],[-3.84696,56.14593],[-3.84765,56.14673],[-3.84863,56.14746],[-3.85026,56.14746],[-3.85081,56.14615],[-3.85125,56.1461],[-3.85199,56.14605],[-3.852,56.14619],[-3.85298,56.14643],[-3.85505,56.14633],[-3.8561,56.14652],[-3.85972,56.14625],[-3.86061,56.14749],[-3.85995,56.14763],[-3.86057,56.14788],[-3.86137,56.14854],[-3.86182,56.15071],[-3.86136,56.15096],[-3.86051,56.15101],[-3.86069,56.15219],[-3.86419,56.15236],[-3.8706,56.15164],[-3.87349,56.15126],[-3.87479,56.15073],[-3.87788,56.14997],[-3.87529,56.14991],[-3.87545,56.14965],[-3.87518,56.14918],[-3.87429,56.14837],[-3.87085,56.14815],[-3.86876,56.14685],[-3.86591,56.14366],[-3.86481,56.14322],[-3.86481,56.14256],[-3.86361,56.14204],[-3.86145,56.14149],[-3.8604,56.14141],[-3.86001,56.14078],[-3.86041,56.14054],[-3.86035,56.1403],[-3.85962,56.13974],[-3.85836,56.1395],[-3.85786,56.1392],[-3.85727,56.13784],[-3.85794,56.1376],[-3.86,56.13752],[-3.86062,56.13697],[-3.86061,56.13678],[-3.85959,56.13628],[-3.85796,56.13619],[-3.85753,56.13543],[-3.85375,56.13554],[-3.8523,56.13575],[-3.8508,56.13627],[-3.83461,56.13988],[-3.8264,56.14017],[-3.82645,56.13927],[-3.82524,56.13889],[-3.82573,56.13873],[-3.82362,56.13842],[-3.8211,56.13839],[-3.82124,56.13819],[-3.82029,56.13804],[-3.82174,56.13604],[-3.82183,56.13542],[-3.82292,56.13422],[-3.82395,56.13352],[-3.82412,56.13258],[-3.82503,56.13263],[-3.82478,56.1322],[-3.82486,56.13184],[-3.8258,56.13137],[-3.82596,56.13103],[-3.82603,56.13016],[-3.82564,56.12932],[-3.82614,56.12885],[-3.82556,56.12882],[-3.82148,56.12723],[-3.82107,56.12814],[-3.81949,56.12898],[-3.8179,56.12901],[-3.81723,56.12925],[-3.81398,56.12917],[-3.81442,56.12988],[-3.81598,56.13122],[-3.81532,56.13145],[-3.81497,56.13113],[-3.8153,56.13102],[-3.81509,56.13087],[-3.81253,56.1302],[-3.81272,56.13009],[-3.81189,56.12893],[-3.81112,56.12846],[-3.81124,56.12833],[-3.81106,56.1282],[-3.80941,56.12794],[-3.80652,56.12787],[-3.80665,56.12753],[-3.80498,56.12683],[-3.80485,56.12671],[-3.80502,56.1263],[-3.80589,56.12596],[-3.80692,56.12652],[-3.80717,56.1263],[-3.80808,56.12614],[-3.80536,56.12468],[-3.80495,56.12488],[-3.8041,56.12436],[-3.8036,56.12488],[-3.80263,56.12458],[-3.80241,56.12481],[-3.80284,56.12552],[-3.80228,56.12589],[-3.80119,56.12549],[-3.80144,56.12492],[-3.80097,56.12446],[-3.80048,56.125],[-3.79814,56.12531],[-3.7982,56.12549],[-3.79904,56.12568],[-3.79926,56.12603],[-3.79501,56.12625],[-3.79497,56.12688],[-3.79554,56.12684],[-3.7952,56.12831],[-3.7935,56.12843],[-3.79421,56.13006],[-3.7938,56.13148],[-3.79495,56.13242],[-3.79482,56.13252],[-3.79485,56.13466],[-3.79694,56.13568],[-3.79721,56.13801],[-3.79557,56.13838],[-3.79567,56.14067],[-3.79604,56.14289],[-3.79731,56.14291],[-3.79774,56.1436],[-3.798,56.14522],[-3.7964,56.14554],[-3.79603,56.14585],[-3.79546,56.14572],[-3.79571,56.14824],[-3.79893,56.14808],[-3.79919,56.14947],[-3.80255,56.14952],[-3.80274,56.15048],[-3.81752,56.15036],[-3.81768,56.15266],[-3.82256,56.15258],[-3.82327,56.15459],[-3.82574,56.15403],[-3.82982,56.15493],[-3.82949,56.15513],[-3.82955,56.15571],[-3.82579,56.15575],[-3.82351,56.1561],[-3.81798,56.1563],[-3.81786,56.15591],[-3.81505,56.15601],[-3.81388,56.15581],[-3.81122,56.1558],[-3.81122,56.15594],[-3.80976,56.15596],[-3.80869,56.15623],[-3.80753,56.15602],[-3.80755,56.15568],[-3.80499,56.15566],[-3.80501,56.15543],[-3.80306,56.15543],[-3.80033,56.15575],[-3.80045,56.1561],[-3.79953,56.15618],[-3.79958,56.15633],[-3.7985,56.15641],[-3.79828,56.15624],[-3.79691,56.15686],[-3.79664,56.1572],[-3.79497,56.15762],[-3.79276,56.15773],[-3.79212,56.15766],[-3.79231,56.15753],[-3.79201,56.15732],[-3.79249,56.15698],[-3.79257,56.15657],[-3.79225,56.15576],[-3.79097,56.15588],[-3.78603,56.15514],[-3.78506,56.15515],[-3.78496,56.15543],[-3.78412,56.15537],[-3.78427,56.15604],[-3.78486,56.15638],[-3.78518,56.15805],[-3.7855,56.15875],[-3.78588,56.15894],[-3.78572,56.15922],[-3.78658,56.16068],[-3.7865,56.16148],[-3.7868,56.16173],[-3.78701,56.16235],[-3.78581,56.16361],[-3.78665,56.16758],[-3.78562,56.16962],[-3.78281,56.17113],[-3.78224,56.17461],[-3.77772,56.1754],[-3.78134,56.17832],[-3.78345,56.17975],[-3.78556,56.18172],[-3.78357,56.1838],[-3.77623,56.18694],[-3.77963,56.19296]]]}},{"type":"Feature","properties":{"id":"S01015096","name":"Menstrie - 01","parent":"S12000005","type":"DZ","pop":672,"r":38,"ff":21,"ffd":3125.0,"ffs":0.5526,"g":0,"co":1,"mo":1,"sa":3,"ic":1},"geometry":{"type":"Polygon","coordinates":[[[-3.85655,56.1502],[-3.85667,56.15132],[-3.85972,56.15109],[-3.85943,56.15047],[-3.85967,56.15045],[-3.85918,56.15007],[-3.85963,56.14986],[-3.85963,56.14949],[-3.86038,56.14947],[-3.86029,56.14858],[-3.86128,56.14843],[-3.85995,56.14763],[-3.86061,56.14749],[-3.85972,56.14625],[-3.85587,56.14659],[-3.85592,56.1479],[-3.85561,56.14875],[-3.85699,56.14851],[-3.85798,56.14907],[-3.85517,56.1492],[-3.85506,56.14967],[-3.85649,56.14961],[-3.85655,56.1502]]]}},{"type":"Feature","properties":{"id":"S01015104","name":"Alva - 05","parent":"S12000005","type":"DZ","pop":875,"r":61,"ff":22,"ffd":2514.3,"ffs":0.4583,"g":13,"co":2,"mo":0,"sa":3,"ic":0},"geometry":{"type":"Polygon","coordinates":[[[-3.79541,56.15338],[-3.79736,56.15345],[-3.79752,56.15321],[-3.79786,56.1532],[-3.79796,56.15301],[-3.79762,56.15262],[-3.79791,56.15259],[-3.7973,56.15208],[-3.7989,56.152],[-3.79873,56.15153],[-3.79815,56.15155],[-3.79808,56.1513],[-3.7988,56.15127],[-3.79866,56.15108],[-3.80009,56.15103],[-3.80009,56.15089],[-3.801,56.15105],[-3.80096,56.15077],[-3.80049,56.15089],[-3.80021,56.15014],[-3.80035,56.15007],[-3.80028,56.14946],[-3.79919,56.14947],[-3.79893,56.14808],[-3.79735,56.14826],[-3.79729,56.14806],[-3.79176,56.14879],[-3.79211,56.14962],[-3.78949,56.1499],[-3.78976,56.15066],[-3.78771,56.15088],[-3.78824,56.15253],[-3.7905,56.15267],[-3.79064,56.15315],[-3.79541,56.15338]]]}},{"type":"Feature","properties":{"id":"S01015105","name":"Alva - 06","parent":"S12000005","type":"DZ","pop":383,"r":60,"ff":21,"ffd":5483.0,"ffs":0.4468,"g":13,"co":2,"mo":0,"sa":3,"ic":0},"geometry":{"type":"Polygon","coordinates":[[[-3.79212,56.15766],[-3.79497,56.15762],[-3.79664,56.1572],[-3.79691,56.15686],[-3.7987,56.15599],[-3.79906,56.15611],[-3.79921,56.15599],[-3.79903,56.1553],[-3.7995,56.15521],[-3.79937,56.15503],[-3.79959,56.15493],[-3.79924,56.15466],[-3.79938,56.15427],[-3.79831,56.15409],[-3.79917,56.15391],[-3.79898,56.15358],[-3.79852,56.15348],[-3.79846,56.15322],[-3.79806,56.15334],[-3.79779,56.15312],[-3.79736,56.15345],[-3.79396,56.15331],[-3.79391,56.15378],[-3.7936,56.1539],[-3.79303,56.15379],[-3.79235,56.15402],[-3.79098,56.15399],[-3.79107,56.15429],[-3.78943,56.15447],[-3.78934,56.1543],[-3.78856,56.15437],[-3.78882,56.15556],[-3.79097,56.15588],[-3.79225,56.15576],[-3.79257,56.15657],[-3.79249,56.15698],[-3.79201,56.15732],[-3.79231,56.15753],[-3.79212,56.15766]]]}},{"type":"Feature","properties":{"id":"S01015106","name":"Alva - 07","parent":"S12000005","type":"DZ","pop":441,"r":61,"ff":22,"ffd":4988.7,"ffs":0.4583,"g":13,"co":2,"mo":0,"sa":3,"ic":0},"geometry":{"type":"Polygon","coordinates":[[[-3.78497,56.15488],[-3.78882,56.15556],[-3.78856,56.15437],[-3.78868,56.15431],[-3.78934,56.1543],[-3.78943,56.15447],[-3.79107,56.15429],[-3.79098,56.15399],[-3.79235,56.15402],[-3.79303,56.15379],[-3.7936,56.1539],[-3.79391,56.15378],[-3.79396,56.15331],[-3.79064,56.15315],[-3.7905,56.15267],[-3.78824,56.15253],[-3.78771,56.15088],[-3.78976,56.15066],[-3.7891,56.14875],[-3.78481,56.14916],[-3.78388,56.14944],[-3.78516,56.15382],[-3.7859,56.15418],[-3.7861,56.15463],[-3.7854,56.1546],[-3.7853,56.15424],[-3.78486,56.15427],[-3.78497,56.15488]]]}},{"type":"Feature","properties":{"id":"S01015107","name":"Fishcross, Devon Village and Coalsnaughton - 01","parent":"S12000005","type":"DZ","pop":901,"r":68,"ff":26,"ffd":2885.7,"ffs":0.4727,"g":13,"co":2,"mo":0,"sa":3,"ic":0},"geometry":{"type":"Polygon","coordinates":[[[-3.74599,56.15123],[-3.75094,56.15032],[-3.75255,56.15064],[-3.75419,56.14901],[-3.75507,56.14842],[-3.75604,56.14878],[-3.75896,56.14856],[-3.75877,56.14608],[-3.75908,56.14596],[-3.7594,56.1463],[-3.75976,56.14637],[-3.7623,56.14651],[-3.76301,56.14971],[-3.76448,56.1491],[-3.76576,56.14988],[-3.76764,56.14924],[-3.77217,56.14862],[-3.77381,56.14897],[-3.77402,56.14863],[-3.77293,56.14767],[-3.77213,56.14743],[-3.77208,56.14656],[-3.7731,56.1465],[-3.77472,56.14697],[-3.77588,56.14695],[-3.77645,56.14723],[-3.77675,56.1478],[-3.77713,56.14795],[-3.77752,56.14733],[-3.77895,56.14715],[-3.78008,56.14757],[-3.78104,56.14746],[-3.78101,56.14683],[-3.77986,56.14598],[-3.77995,56.14492],[-3.78038,56.14448],[-3.7799,56.14411],[-3.78005,56.14386],[-3.78212,56.14368],[-3.78388,56.14944],[-3.78481,56.14916],[-3.7891,56.14875],[-3.78949,56.1499],[-3.79211,56.14962],[-3.79176,56.14879],[-3.79571,56.14824],[-3.79546,56.14572],[-3.79603,56.14585],[-3.7964,56.14554],[-3.798,56.14522],[-3.79774,56.1436],[-3.79731,56.14291],[-3.79604,56.14289],[-3.79567,56.14067],[-3.79557,56.13838],[-3.79721,56.13801],[-3.79694,56.13568],[-3.79485,56.13466],[-3.79482,56.13252],[-3.79495,56.13242],[-3.7938,56.13148],[-3.79421,56.13006],[-3.7926,56.1299],[-3.79239,56.13007],[-3.79241,56.13046],[-3.7916,56.13038],[-3.79142,56.13093],[-3.79025,56.13049],[-3.79009,56.13086],[-3.78959,56.13079],[-3.78899,56.13145],[-3.7875,56.13093],[-3.78719,56.13108],[-3.7874,56.13136],[-3.78707,56.13174],[-3.78428,56.13144],[-3.78353,56.13237],[-3.78139,56.13233],[-3.78119,56.1328],[-3.77836,56.13279],[-3.77582,56.13693],[-3.77377,56.13712],[-3.77297,56.13662],[-3.77316,56.13638],[-3.77252,56.13589],[-3.77186,56.13564],[-3.77176,56.1361],[-3.77238,56.1367],[-3.77191,56.13676],[-3.77076,56.13606],[-3.7705,56.13616],[-3.77033,56.1366],[-3.76967,56.13661],[-3.76917,56.13709],[-3.76899,56.13699],[-3.76911,56.13676],[-3.76811,56.13663],[-3.76659,56.13688],[-3.7667,56.13747],[-3.7676,56.13857],[-3.76709,56.13861],[-3.7607,56.13855],[-3.75465,56.13754],[-3.75116,56.13882],[-3.7448,56.14066],[-3.74567,56.14383],[-3.74483,56.14381],[-3.74507,56.14504],[-3.74431,56.14545],[-3.74499,56.1463],[-3.74468,56.14637],[-3.74497,56.14667],[-3.74543,56.14961],[-3.74599,56.15123]]]}},{"type":"Feature","properties":{"id":"S01015110","name":"Tillicoultry - 01","parent":"S12000005","type":"DZ","pop":652,"r":60,"ff":23,"ffd":3527.6,"ffs":0.4894,"g":13,"co":0,"mo":0,"sa":3,"ic":0},"geometry":{"type":"Polygon","coordinates":[[[-3.74263,56.1533],[-3.74345,56.15329],[-3.74352,56.15294],[-3.74441,56.15302],[-3.74493,56.15283],[-3.74471,56.15234],[-3.7434,56.1522],[-3.74356,56.15145],[-3.74426,56.15108],[-3.74599,56.15123],[-3.74543,56.14961],[-3.74495,56.14716],[-3.74447,56.14721],[-3.74399,56.14775],[-3.74322,56.14808],[-3.74079,56.14824],[-3.74073,56.14791],[-3.74185,56.14754],[-3.74152,56.14717],[-3.74301,56.14677],[-3.74279,56.14647],[-3.74147,56.14683],[-3.7414,56.14666],[-3.73936,56.14685],[-3.73909,56.14605],[-3.73784,56.14621],[-3.73813,56.14664],[-3.73771,56.14673],[-3.73776,56.14729],[-3.73574,56.14747],[-3.73495,56.14792],[-3.73507,56.14831],[-3.73466,56.14959],[-3.73557,56.15034],[-3.73534,56.15073],[-3.73554,56.15101],[-3.73763,56.15055],[-3.73789,56.15086],[-3.73828,56.15097],[-3.73871,56.15297],[-3.73972,56.15307],[-3.73967,56.15326],[-3.73998,56.15329],[-3.74007,56.15309],[-3.74263,56.1533]]]}},{"type":"Feature","properties":{"id":"S01015111","name":"Tillicoultry - 02","parent":"S12000005","type":"DZ","pop":629,"r":60,"ff":23,"ffd":3656.6,"ffs":0.4894,"g":13,"co":0,"mo":0,"sa":3,"ic":0},"geometry":{"type":"Polygon","coordinates":[[[-3.7443,56.15302],[-3.74431,56.15348],[-3.74955,56.15391],[-3.75336,56.15369],[-3.75324,56.15158],[-3.7544,56.15057],[-3.75316,56.15011],[-3.75255,56.15064],[-3.75094,56.15032],[-3.74602,56.15131],[-3.74426,56.15108],[-3.74356,56.15145],[-3.7434,56.1522],[-3.74485,56.15243],[-3.74493,56.15283],[-3.7443,56.15302]]]}},{"type":"Feature","properties":{"id":"S01015112","name":"Tillicoultry - 03","parent":"S12000005","type":"DZ","pop":407,"r":60,"ff":23,"ffd":5651.1,"ffs":0.4894,"g":13,"co":0,"mo":0,"sa":3,"ic":0},"geometry":{"type":"Polygon","coordinates":[[[-3.74968,56.15792],[-3.75005,56.15858],[-3.75135,56.15839],[-3.75223,56.15787],[-3.75246,56.15719],[-3.75287,56.15676],[-3.75094,56.15581],[-3.75056,56.15476],[-3.75153,56.1543],[-3.75144,56.15381],[-3.74955,56.15391],[-3.74636,56.15366],[-3.74665,56.15408],[-3.74763,56.15424],[-3.74878,56.15511],[-3.74858,56.15515],[-3.74855,56.1555],[-3.74825,56.1555],[-3.74852,56.15601],[-3.74676,56.15615],[-3.74669,56.15642],[-3.74734,56.15675],[-3.74718,56.15713],[-3.74575,56.15734],[-3.74719,56.15759],[-3.74958,56.15764],[-3.74968,56.15792]]]}},{"type":"Feature","properties":{"id":"S01015113","name":"Tillicoultry - 04","parent":"S12000005","type":"DZ","pop":612,"r":60,"ff":23,"ffd":3758.2,"ffs":0.4894,"g":13,"co":0,"mo":0,"sa":3,"ic":0},"geometry":{"type":"Polygon","coordinates":[[[-3.73982,56.15647],[-3.74091,56.15767],[-3.74718,56.15713],[-3.74734,56.15675],[-3.74669,56.15642],[-3.74676,56.15615],[-3.74852,56.15601],[-3.74825,56.1555],[-3.74855,56.1555],[-3.74858,56.15515],[-3.74878,56.15511],[-3.74763,56.15424],[-3.7465,56.15395],[-3.74607,56.15411],[-3.74577,56.15388],[-3.74515,56.15401],[-3.74458,56.15369],[-3.74443,56.15375],[-3.7453,56.15423],[-3.74488,56.1544],[-3.74527,56.15467],[-3.74506,56.15476],[-3.74539,56.15504],[-3.74566,56.15494],[-3.74672,56.15572],[-3.74464,56.15547],[-3.74468,56.15534],[-3.74435,56.15518],[-3.7441,56.15545],[-3.74328,56.15536],[-3.74282,56.15497],[-3.74237,56.1552],[-3.74237,56.15574],[-3.74005,56.1557],[-3.73996,56.15542],[-3.73909,56.15551],[-3.73982,56.15647]]]}},{"type":"Feature","properties":{"id":"S01015114","name":"Tillicoultry - 05","parent":"S12000005","type":"DZ","pop":657,"r":60,"ff":23,"ffd":3500.8,"ffs":0.4894,"g":13,"co":0,"mo":0,"sa":3,"ic":0},"geometry":{"type":"Polygon","coordinates":[[[-3.73513,56.15731],[-3.73486,56.15811],[-3.7354,56.15825],[-3.73592,56.15831],[-3.73624,56.15714],[-3.73583,56.15708],[-3.73588,56.1568],[-3.73816,56.15715],[-3.73859,56.15806],[-3.73988,56.15812],[-3.74091,56.15767],[-3.73909,56.15551],[-3.73996,56.15542],[-3.74005,56.1557],[-3.74237,56.15574],[-3.74237,56.1552],[-3.74282,56.15497],[-3.74328,56.15536],[-3.7441,56.15545],[-3.74435,56.15518],[-3.74468,56.15534],[-3.74464,56.15547],[-3.74672,56.15572],[-3.74566,56.15494],[-3.74539,56.15504],[-3.74506,56.15476],[-3.74527,56.15467],[-3.74488,56.1544],[-3.7453,56.15423],[-3.74443,56.15375],[-3.74474,56.1537],[-3.74515,56.15401],[-3.74577,56.15388],[-3.74607,56.15411],[-3.7465,56.15395],[-3.74636,56.15366],[-3.74431,56.15348],[-3.7443,56.15301],[-3.74352,56.15294],[-3.74345,56.15329],[-3.74307,56.15333],[-3.74007,56.15309],[-3.73998,56.15329],[-3.73942,56.15304],[-3.73926,56.15358],[-3.73843,56.15353],[-3.73826,56.15408],[-3.73904,56.15461],[-3.73873,56.15486],[-3.73842,56.15474],[-3.73831,56.1549],[-3.73733,56.15457],[-3.73728,56.1548],[-3.7364,56.15486],[-3.73639,56.15504],[-3.73574,56.15531],[-3.73562,56.15563],[-3.73588,56.15592],[-3.73562,56.15598],[-3.7356,56.1563],[-3.73516,56.15634],[-3.73513,56.15731]]]}},{"type":"Feature","properties":{"id":"S01015108","name":"Fishcross, Devon Village and Coalsnaughton - 02","parent":"S12000005","type":"DZ","pop":1037,"r":61,"ff":24,"ffd":2314.4,"ffs":0.5,"g":13,"co":0,"mo":0,"sa":3,"ic":0},"geometry":{"type":"Polygon","coordinates":[[[-3.76427,56.21302],[-3.77289,56.21514],[-3.7751,56.21552],[-3.78088,56.21723],[-3.78119,56.2167],[-3.78086,56.21648],[-3.78188,56.21376],[-3.78317,56.21249],[-3.78367,56.2085],[-3.77598,56.20011],[-3.77963,56.19296],[-3.77623,56.18694],[-3.78357,56.1838],[-3.78556,56.18172],[-3.78345,56.17975],[-3.78134,56.17832],[-3.77772,56.1754],[-3.78224,56.17461],[-3.78281,56.17113],[-3.78562,56.16962],[-3.78665,56.16758],[-3.78581,56.16361],[-3.78701,56.16235],[-3.7868,56.16173],[-3.7865,56.16148],[-3.78658,56.16068],[-3.78572,56.15922],[-3.78588,56.15894],[-3.7855,56.15875],[-3.78518,56.15805],[-3.78486,56.15638],[-3.78427,56.15604],[-3.78412,56.15537],[-3.78496,56.15543],[-3.78506,56.15515],[-3.78619,56.15515],[-3.78497,56.15488],[-3.78486,56.15427],[-3.7853,56.15424],[-3.7854,56.1546],[-3.7861,56.15463],[-3.78609,56.15449],[-3.7859,56.15418],[-3.78516,56.15382],[-3.78228,56.14383],[-3.78212,56.14368],[-3.78059,56.14376],[-3.78005,56.14386],[-3.7799,56.14411],[-3.78038,56.14448],[-3.77995,56.14492],[-3.77986,56.14598],[-3.78101,56.14683],[-3.78104,56.14746],[-3.78008,56.14757],[-3.77895,56.14715],[-3.77752,56.14733],[-3.77713,56.14795],[-3.77675,56.1478],[-3.77645,56.14723],[-3.77588,56.14695],[-3.77472,56.14697],[-3.7731,56.1465],[-3.77208,56.14656],[-3.77213,56.14743],[-3.77293,56.14767],[-3.77402,56.14863],[-3.77381,56.14897],[-3.77217,56.14862],[-3.76764,56.14924],[-3.76576,56.14988],[-3.76448,56.1491],[-3.76301,56.14971],[-3.7623,56.14651],[-3.75976,56.14637],[-3.7594,56.1463],[-3.75908,56.14596],[-3.75877,56.14608],[-3.75896,56.14856],[-3.75604,56.14878],[-3.75507,56.14842],[-3.75419,56.14901],[-3.75316,56.15011],[-3.7544,56.15057],[-3.75324,56.15158],[-3.75336,56.15369],[-3.75144,56.15381],[-3.75153,56.1543],[-3.75056,56.15476],[-3.75118,56.15603],[-3.75287,56.15676],[-3.75246,56.15719],[-3.75223,56.15787],[-3.75135,56.15839],[-3.75005,56.15858],[-3.74958,56.15764],[-3.74719,56.15759],[-3.74575,56.15734],[-3.74242,56.15745],[-3.74091,56.15767],[-3.73988,56.15812],[-3.73859,56.15806],[-3.73894,56.15893],[-3.73632,56.15924],[-3.73466,56.15971],[-3.7325,56.15972],[-3.73206,56.1589],[-3.73146,56.1583],[-3.72904,56.15821],[-3.72853,56.15783],[-3.72887,56.1577],[-3.72839,56.15734],[-3.72699,56.15699],[-3.72677,56.15604],[-3.72594,56.15607],[-3.72497,56.15582],[-3.72537,56.15514],[-3.72475,56.15492],[-3.72403,56.15288],[-3.72647,56.15262],[-3.73554,56.15101],[-3.73534,56.15073],[-3.73557,56.15034],[-3.73466,56.14959],[-3.73507,56.14831],[-3.73495,56.14792],[-3.73574,56.14747],[-3.73776,56.14729],[-3.73771,56.14673],[-3.73813,56.14664],[-3.73784,56.14621],[-3.73909,56.14605],[-3.73936,56.14539],[-3.73912,56.14396],[-3.73923,56.14377],[-3.73858,56.1438],[-3.7386,56.14408],[-3.73803,56.14414],[-3.73807,56.14441],[-3.73728,56.14449],[-3.73729,56.14431],[-3.73687,56.14432],[-3.73651,56.14349],[-3.7367,56.14302],[-3.73723,56.14349],[-3.73826,56.14321],[-3.73825,56.14281],[-3.73868,56.14243],[-3.73941,56.14268],[-3.73919,56.14281],[-3.73957,56.14298],[-3.73985,56.14284],[-3.74088,56.14327],[-3.74087,56.14306],[-3.74114,56.14303],[-3.744,56.14346],[-3.74397,56.14378],[-3.74567,56.14383],[-3.7448,56.14066],[-3.74941,56.13936],[-3.7488,56.13691],[-3.745,56.13596],[-3.74292,56.1358],[-3.7406,56.13604],[-3.73694,56.13564],[-3.73431,56.13587],[-3.73435,56.13552],[-3.73357,56.1332],[-3.73196,56.13064],[-3.73145,56.13048],[-3.73029,56.13084],[-3.72963,56.13068],[-3.7294,56.13044],[-3.73039,56.1299],[-3.73026,56.12898],[-3.73008,56.1288],[-3.72718,56.12842],[-3.72586,56.12788],[-3.71992,56.1279],[-3.71056,56.13176],[-3.70723,56.1345],[-3.70563,56.13462],[-3.70504,56.13593],[-3.70436,56.13676],[-3.7052,56.13732],[-3.70569,56.13843],[-3.70088,56.13996],[-3.69193,56.14043],[-3.68756,56.14092],[-3.68458,56.14158],[-3.68476,56.14247],[-3.68714,56.14787],[-3.68748,56.14965],[-3.68802,56.15061],[-3.68515,56.15088],[-3.67991,56.15193],[-3.67952,56.15108],[-3.6766,56.15316],[-3.67485,56.15363],[-3.6749,56.15395],[-3.67438,56.15398],[-3.67445,56.15432],[-3.67825,56.15516],[-3.67861,56.15533],[-3.67875,56.15587],[-3.67446,56.15517],[-3.67452,56.15791],[-3.67826,56.15732],[-3.67901,56.15757],[-3.67934,56.15738],[-3.6799,56.15769],[-3.68098,56.15881],[-3.68051,56.15894],[-3.68053,56.1595],[-3.68102,56.15999],[-3.68233,56.1599],[-3.68336,56.16109],[-3.68622,56.16115],[-3.68784,56.16205],[-3.68857,56.16172],[-3.68917,56.162],[-3.6889,56.16221],[-3.68902,56.16286],[-3.69096,56.16281],[-3.69495,56.16183],[-3.69708,56.161],[-3.69741,56.16257],[-3.6965,56.16256],[-3.69451,56.16315],[-3.69101,56.16384],[-3.68704,56.16428],[-3.68719,56.1649],[-3.67856,56.16633],[-3.67857,56.16663],[-3.67677,56.16657],[-3.67665,56.16685],[-3.67345,56.16674],[-3.67332,56.16692],[-3.67252,56.16689],[-3.6726,56.16673],[-3.67161,56.16675],[-3.67069,56.16792],[-3.66981,56.16798],[-3.67001,56.16854],[-3.6695,56.16857],[-3.66944,56.16914],[-3.66994,56.17064],[-3.67076,56.17152],[-3.66992,56.17199],[-3.66998,56.1721],[-3.66949,56.17223],[-3.66965,56.17247],[-3.66735,56.17261],[-3.66718,56.17252],[-3.66781,56.17172],[-3.66725,56.17153],[-3.66639,56.1724],[-3.6639,56.17319],[-3.66344,56.17124],[-3.66397,56.17108],[-3.6641,56.17079],[-3.66399,56.17043],[-3.6643,56.17033],[-3.66402,56.17013],[-3.66433,56.16991],[-3.66414,56.16962],[-3.66435,56.16926],[-3.66402,56.16814],[-3.6642,56.16793],[-3.66031,56.1678],[-3.65884,56.16756],[-3.65544,56.16902],[-3.65117,56.16988],[-3.64734,56.16999],[-3.64103,56.171],[-3.6441,56.17316],[-3.64408,56.17418],[-3.64472,56.17632],[-3.64994,56.17522],[-3.65501,56.17374],[-3.65731,56.17467],[-3.65951,56.1729],[-3.66133,56.17438],[-3.65904,56.17552],[-3.65826,56.17554],[-3.65621,56.17708],[-3.65332,56.17802],[-3.64475,56.18001],[-3.639,56.18054],[-3.63798,56.18079],[-3.64306,56.18455],[-3.64596,56.18397],[-3.64653,56.18488],[-3.64673,56.18568],[-3.64769,56.18602],[-3.64997,56.18752],[-3.64963,56.18805],[-3.65237,56.19012],[-3.65839,56.19626],[-3.65901,56.19603],[-3.65933,56.19536],[-3.65912,56.19479],[-3.6596,56.1945],[-3.65962,56.19408],[-3.66086,56.19399],[-3.66236,56.19292],[-3.66326,56.19165],[-3.66409,56.19114],[-3.66694,56.18863],[-3.67112,56.19071],[-3.67512,56.19298],[-3.68184,56.1944],[-3.68646,56.19586],[-3.69254,56.19444],[-3.6989,56.19379],[-3.70625,56.19335],[-3.71081,56.19216],[-3.714,56.19343],[-3.71796,56.19157],[-3.72633,56.19317],[-3.73086,56.19239],[-3.73545,56.19011],[-3.73663,56.18911],[-3.7378,56.18927],[-3.73887,56.18979],[-3.74131,56.19207],[-3.74077,56.19387],[-3.74104,56.19426],[-3.74088,56.19456],[-3.74093,56.19588],[-3.74139,56.19616],[-3.74123,56.1963],[-3.74133,56.19695],[-3.74115,56.19757],[-3.74167,56.19804],[-3.74311,56.20012],[-3.74513,56.20114],[-3.74527,56.20206],[-3.74586,56.20286],[-3.74575,56.20338],[-3.7462,56.20377],[-3.74656,56.20444],[-3.74701,56.20471],[-3.74702,56.20507],[-3.74755,56.20538],[-3.74829,56.20628],[-3.74841,56.20798],[-3.75112,56.21023],[-3.75219,56.21192],[-3.7534,56.21166],[-3.75532,56.21035],[-3.75894,56.21147],[-3.7633,56.2118],[-3.76427,56.21302]]]}},{"type":"Feature","properties":{"id":"S01015109","name":"Fishcross, Devon Village and Coalsnaughton - 03","parent":"S12000005","type":"DZ","pop":448,"r":61,"ff":24,"ffd":5357.1,"ffs":0.5,"g":13,"co":0,"mo":0,"sa":3,"ic":0},"geometry":{"type":"Polygon","coordinates":[[[-3.74301,56.14677],[-3.74152,56.14717],[-3.74185,56.14754],[-3.74073,56.14791],[-3.74079,56.14824],[-3.74322,56.14808],[-3.74399,56.14775],[-3.74447,56.14721],[-3.74495,56.14716],[-3.74497,56.14667],[-3.74468,56.14637],[-3.74499,56.1463],[-3.74431,56.14545],[-3.74507,56.14504],[-3.74483,56.14381],[-3.74397,56.14378],[-3.744,56.14346],[-3.74114,56.14303],[-3.74087,56.14306],[-3.74088,56.14327],[-3.73985,56.14284],[-3.73957,56.14298],[-3.73919,56.14281],[-3.73941,56.14268],[-3.73868,56.14243],[-3.73825,56.14281],[-3.73826,56.14321],[-3.73723,56.14349],[-3.7367,56.14302],[-3.73651,56.14349],[-3.73687,56.14432],[-3.73729,56.14431],[-3.73728,56.14449],[-3.73807,56.14441],[-3.73803,56.14414],[-3.7386,56.14408],[-3.73858,56.1438],[-3.73923,56.14377],[-3.73912,56.14396],[-3.73936,56.14539],[-3.73907,56.14577],[-3.73936,56.14685],[-3.7414,56.14666],[-3.74147,56.14683],[-3.74279,56.14647],[-3.74301,56.14677]]]}},{"type":"Feature","properties":{"id":"S01015115","name":"Tillicoultry - 06","parent":"S12000005","type":"DZ","pop":618,"r":57,"ff":22,"ffd":3559.9,"ffs":0.4889,"g":12,"co":0,"mo":0,"sa":3,"ic":0},"geometry":{"type":"Polygon","coordinates":[[[-3.73298,56.15638],[-3.73338,56.1568],[-3.73519,56.15678],[-3.73516,56.15634],[-3.7356,56.1563],[-3.73562,56.15598],[-3.73588,56.15592],[-3.73562,56.15563],[-3.73574,56.15531],[-3.73639,56.15504],[-3.7364,56.15486],[-3.73728,56.1548],[-3.73733,56.15457],[-3.73758,56.15454],[-3.73831,56.1549],[-3.73904,56.15461],[-3.73826,56.15408],[-3.73843,56.15353],[-3.73926,56.15358],[-3.73942,56.15304],[-3.73871,56.15297],[-3.73867,56.15247],[-3.73663,56.15228],[-3.73625,56.15276],[-3.73635,56.15291],[-3.73541,56.15318],[-3.73537,56.15303],[-3.73469,56.15309],[-3.73495,56.15327],[-3.73215,56.15425],[-3.73352,56.1557],[-3.73179,56.15605],[-3.73156,56.15582],[-3.73181,56.15569],[-3.73161,56.15547],[-3.73102,56.1556],[-3.73075,56.15587],[-3.73124,56.15603],[-3.73179,56.15655],[-3.73298,56.15638]]]}},{"type":"Feature","properties":{"id":"S01015116","name":"Tillicoultry - 07","parent":"S12000005","type":"DZ","pop":477,"r":55,"ff":21,"ffd":4402.5,"ffs":0.4884,"g":12,"co":0,"mo":0,"sa":3,"ic":0},"geometry":{"type":"Polygon","coordinates":[[[-3.73163,56.15842],[-3.7325,56.15972],[-3.73466,56.15971],[-3.73632,56.15924],[-3.73894,56.15893],[-3.73816,56.15715],[-3.73588,56.1568],[-3.73583,56.15708],[-3.73624,56.15714],[-3.73592,56.15831],[-3.7354,56.15825],[-3.73486,56.15811],[-3.73513,56.15756],[-3.73519,56.15678],[-3.73338,56.1568],[-3.73293,56.15633],[-3.73179,56.15655],[-3.73124,56.15603],[-3.73033,56.15572],[-3.7301,56.15595],[-3.73094,56.15625],[-3.7314,56.15673],[-3.73017,56.1571],[-3.73046,56.15738],[-3.72853,56.15783],[-3.72904,56.15821],[-3.73163,56.15842]]]}},{"type":"Feature","properties":{"id":"S01015117","name":"Tillicoultry - 08","parent":"S12000005","type":"DZ","pop":432,"r":58,"ff":22,"ffd":5092.6,"ffs":0.4889,"g":13,"co":0,"mo":0,"sa":3,"ic":0},"geometry":{"type":"Polygon","coordinates":[[[-3.72793,56.15719],[-3.72887,56.1577],[-3.73046,56.15738],[-3.73017,56.1571],[-3.7314,56.15673],[-3.73094,56.15625],[-3.7301,56.15595],[-3.73033,56.15572],[-3.73075,56.15587],[-3.73102,56.1556],[-3.73161,56.15547],[-3.73181,56.15569],[-3.73156,56.15582],[-3.73179,56.15605],[-3.73237,56.15605],[-3.73352,56.1557],[-3.73215,56.15425],[-3.73495,56.15327],[-3.73469,56.15309],[-3.73537,56.15303],[-3.73541,56.15318],[-3.73635,56.15291],[-3.73625,56.15276],[-3.73663,56.15228],[-3.73867,56.15247],[-3.73828,56.15097],[-3.73789,56.15086],[-3.73763,56.15055],[-3.72647,56.15262],[-3.72403,56.15288],[-3.72475,56.15492],[-3.72537,56.15514],[-3.72497,56.15582],[-3.72594,56.15607],[-3.72677,56.15604],[-3.72699,56.15699],[-3.72793,56.15719]]]}},{"type":"Feature","properties":{"id":"S01015118","name":"Dollar and Muckhart - 01","parent":"S12000005","type":"DZ","pop":901,"r":17,"ff":9,"ffd":998.9,"ffs":0.5294,"g":0,"co":1,"mo":3,"sa":3,"ic":3},"geometry":{"type":"Polygon","coordinates":[[[-3.67101,56.16686],[-3.67106,56.16735],[-3.67161,56.16675],[-3.67197,56.16669],[-3.67332,56.16692],[-3.67345,56.16674],[-3.67665,56.16685],[-3.67677,56.16657],[-3.67857,56.16663],[-3.67856,56.16633],[-3.68719,56.1649],[-3.68704,56.16428],[-3.69101,56.16384],[-3.69451,56.16315],[-3.6965,56.16256],[-3.69741,56.16257],[-3.69708,56.161],[-3.69495,56.16183],[-3.69096,56.16281],[-3.68902,56.16286],[-3.6889,56.16221],[-3.68917,56.162],[-3.68857,56.16172],[-3.68784,56.16205],[-3.68622,56.16115],[-3.68336,56.16109],[-3.68233,56.1599],[-3.68102,56.15999],[-3.68053,56.1595],[-3.68051,56.15894],[-3.68098,56.15881],[-3.6799,56.15769],[-3.67934,56.15738],[-3.67901,56.15757],[-3.67826,56.15732],[-3.67452,56.15791],[-3.67605,56.16083],[-3.67542,56.16083],[-3.67617,56.16221],[-3.67595,56.16224],[-3.67612,56.16254],[-3.6777,56.16246],[-3.67783,56.16281],[-3.67664,56.16302],[-3.67669,56.16317],[-3.67625,56.16322],[-3.67634,56.16349],[-3.67463,56.16381],[-3.67408,56.16376],[-3.67414,56.16396],[-3.67374,56.16406],[-3.67151,56.16416],[-3.6716,56.16439],[-3.67213,56.16434],[-3.67206,56.16456],[-3.67162,56.16452],[-3.67152,56.16507],[-3.67236,56.16514],[-3.67211,56.1654],[-3.6721,56.16584],[-3.6719,56.16584],[-3.67184,56.16639],[-3.67113,56.1665],[-3.67101,56.16686]]]}},{"type":"Feature","properties":{"id":"S01015119","name":"Dollar and Muckhart - 02","parent":"S12000005","type":"DZ","pop":1073,"r":14,"ff":8,"ffd":745.6,"ffs":0.5714,"g":0,"co":1,"mo":3,"sa":3,"ic":3},"geometry":{"type":"Polygon","coordinates":[[[-3.66918,56.16716],[-3.67092,56.16711],[-3.67113,56.1665],[-3.67184,56.16639],[-3.6719,56.16584],[-3.6721,56.16584],[-3.67211,56.1654],[-3.67236,56.16514],[-3.67152,56.16507],[-3.67162,56.16452],[-3.67206,56.16456],[-3.67213,56.16434],[-3.6716,56.16439],[-3.67151,56.16416],[-3.67374,56.16406],[-3.67414,56.16396],[-3.67408,56.16376],[-3.67463,56.16381],[-3.67634,56.16349],[-3.67625,56.16322],[-3.67669,56.16317],[-3.67664,56.16302],[-3.67783,56.16281],[-3.6777,56.16246],[-3.67612,56.16254],[-3.67595,56.16224],[-3.67617,56.16221],[-3.67542,56.16083],[-3.67605,56.16083],[-3.67452,56.15791],[-3.67446,56.15517],[-3.67875,56.15587],[-3.67872,56.1555],[-3.67825,56.15516],[-3.67445,56.15432],[-3.67438,56.15398],[-3.6749,56.15395],[-3.67485,56.15363],[-3.6766,56.15316],[-3.67952,56.15108],[-3.67991,56.15193],[-3.68515,56.15088],[-3.68802,56.15061],[-3.68748,56.14965],[-3.68714,56.14787],[-3.68476,56.14247],[-3.68458,56.14158],[-3.67174,56.14419],[-3.6675,56.14422],[-3.66445,56.145],[-3.66067,56.14431],[-3.65761,56.14458],[-3.65206,56.1459],[-3.65092,56.14679],[-3.65264,56.14808],[-3.65324,56.14833],[-3.65586,56.15114],[-3.65924,56.15218],[-3.66418,56.15274],[-3.66383,56.15301],[-3.66395,56.15366],[-3.66458,56.15445],[-3.66469,56.15508],[-3.66566,56.15586],[-3.66678,56.1562],[-3.66542,56.1563],[-3.66498,56.15664],[-3.66467,56.15824],[-3.66495,56.15912],[-3.66441,56.15916],[-3.66272,56.15981],[-3.66295,56.16009],[-3.66288,56.16107],[-3.66373,56.16126],[-3.66359,56.16207],[-3.66553,56.16221],[-3.66548,56.16161],[-3.66685,56.16032],[-3.66739,56.16115],[-3.66849,56.16206],[-3.66755,56.16226],[-3.66802,56.1629],[-3.66853,56.16285],[-3.66853,56.16322],[-3.66825,56.16326],[-3.66847,56.16367],[-3.66786,56.16378],[-3.66799,56.16409],[-3.66825,56.16404],[-3.66859,56.1647],[-3.66704,56.16499],[-3.66648,56.16473],[-3.66615,56.16495],[-3.66507,56.16493],[-3.66497,56.16519],[-3.66697,56.16588],[-3.66762,56.16574],[-3.66788,56.16594],[-3.66633,56.16655],[-3.66606,56.16649],[-3.6668,56.16708],[-3.66802,56.16647],[-3.66848,56.16683],[-3.6689,56.16683],[-3.66918,56.16716]]]}},{"type":"Feature","properties":{"id":"S01015120","name":"Dollar and Muckhart - 03","parent":"S12000005","type":"DZ","pop":634,"r":13,"ff":8,"ffd":1261.8,"ffs":0.6154,"g":0,"co":1,"mo":3,"sa":3,"ic":3},"geometry":{"type":"Polygon","coordinates":[[[-3.66364,56.1719],[-3.6639,56.17319],[-3.66639,56.1724],[-3.66725,56.17153],[-3.66781,56.17172],[-3.66718,56.17252],[-3.66735,56.17261],[-3.66965,56.17247],[-3.66949,56.17223],[-3.66998,56.1721],[-3.66992,56.17199],[-3.67076,56.17152],[-3.66994,56.17064],[-3.66944,56.16914],[-3.6695,56.16857],[-3.67001,56.16854],[-3.66981,56.16798],[-3.67069,56.16792],[-3.671,56.1676],[-3.67092,56.16711],[-3.66918,56.16716],[-3.6689,56.16683],[-3.66848,56.16683],[-3.66802,56.16647],[-3.6668,56.16708],[-3.66709,56.16733],[-3.66655,56.1674],[-3.66718,56.16776],[-3.66625,56.16802],[-3.66655,56.16825],[-3.66602,56.16835],[-3.66615,56.16845],[-3.66415,56.1686],[-3.66435,56.16926],[-3.66414,56.16962],[-3.66433,56.16991],[-3.66402,56.17013],[-3.6643,56.17033],[-3.66399,56.17043],[-3.6641,56.17079],[-3.66397,56.17108],[-3.66344,56.17124],[-3.66364,56.1719]]]}},{"type":"Feature","properties":{"id":"S01015126","name":"Clackmannan, Kennet and Forestmill - 04","parent":"S12000005","type":"DZ","pop":569,"r":65,"ff":25,"ffd":4393.7,"ffs":0.4808,"g":13,"co":0,"mo":0,"sa":3,"ic":0},"geometry":{"type":"Polygon","coordinates":[[[-3.75469,56.11279],[-3.75627,56.11282],[-3.75735,56.11263],[-3.75678,56.11149],[-3.75678,56.11057],[-3.7563,56.11026],[-3.75445,56.10969],[-3.75424,56.10973],[-3.7544,56.10983],[-3.75415,56.11011],[-3.75203,56.10981],[-3.7519,56.10954],[-3.75142,56.10952],[-3.75161,56.10987],[-3.751,56.10993],[-3.7495,56.10971],[-3.74742,56.1086],[-3.74673,56.10902],[-3.74511,56.10846],[-3.74494,56.10872],[-3.7455,56.10887],[-3.74563,56.10871],[-3.74663,56.10907],[-3.74636,56.10926],[-3.74545,56.10919],[-3.74532,56.10992],[-3.74513,56.10997],[-3.74515,56.11033],[-3.74487,56.11064],[-3.74494,56.11083],[-3.74448,56.11097],[-3.74481,56.11131],[-3.74663,56.11095],[-3.74771,56.11151],[-3.74825,56.11155],[-3.75034,56.1108],[-3.75123,56.11188],[-3.75223,56.11265],[-3.75461,56.11247],[-3.75469,56.11279]]]}},{"type":"Feature","properties":{"id":"S01015138","name":"Alloa South and East - 02","parent":"S12000005","type":"DZ","pop":719,"r":69,"ff":27,"ffd":3755.2,"ffs":0.4821,"g":13,"co":0,"mo":0,"sa":3,"ic":0},"geometry":{"type":"Polygon","coordinates":[[[-3.77667,56.11859],[-3.7763,56.1187],[-3.77699,56.11934],[-3.78007,56.1208],[-3.78458,56.11838],[-3.78482,56.11863],[-3.78456,56.11877],[-3.78466,56.11903],[-3.78424,56.11924],[-3.78449,56.11942],[-3.78405,56.11966],[-3.78372,56.11948],[-3.78329,56.11968],[-3.78335,56.1199],[-3.78784,56.1189],[-3.78794,56.119],[-3.78942,56.11844],[-3.79018,56.11782],[-3.79202,56.1176],[-3.79198,56.11738],[-3.78924,56.11692],[-3.78756,56.11639],[-3.78569,56.11647],[-3.78118,56.11615],[-3.7811,56.11643],[-3.78176,56.11659],[-3.78148,56.11782],[-3.77668,56.11693],[-3.7773,56.11844],[-3.77667,56.11859]]]}},{"type":"Feature","properties":{"id":"S01015139","name":"Alloa South and East - 03","parent":"S12000005","type":"DZ","pop":1048,"r":68,"ff":26,"ffd":2480.9,"ffs":0.4727,"g":13,"co":0,"mo":0,"sa":3,"ic":0},"geometry":{"type":"Polygon","coordinates":[[[-3.77567,56.11658],[-3.77933,56.1175],[-3.78148,56.11782],[-3.78176,56.11659],[-3.7811,56.11643],[-3.78118,56.11615],[-3.78482,56.11643],[-3.78498,56.11534],[-3.7811,56.11475],[-3.78139,56.11314],[-3.78163,56.11311],[-3.78128,56.11183],[-3.78102,56.11189],[-3.77962,56.11092],[-3.77854,56.11153],[-3.77779,56.11223],[-3.77734,56.11282],[-3.77711,56.11358],[-3.77502,56.11303],[-3.7694,56.11269],[-3.76986,56.11321],[-3.77127,56.11317],[-3.77206,56.11347],[-3.77196,56.11415],[-3.76944,56.11364],[-3.7691,56.11489],[-3.76854,56.11487],[-3.76858,56.11537],[-3.7718,56.11574],[-3.77567,56.11658]]]}},{"type":"Feature","properties":{"id":"S01015121","name":"Dollar and Muckhart - 04","parent":"S12000005","type":"DZ","pop":462,"r":14,"ff":8,"ffd":1731.6,"ffs":0.5714,"g":0,"co":1,"mo":3,"sa":3,"ic":3},"geometry":{"type":"Polygon","coordinates":[[[-3.63557,56.16961],[-3.63674,56.17077],[-3.63828,56.17111],[-3.64046,56.17272],[-3.64219,56.17189],[-3.64103,56.171],[-3.64734,56.16999],[-3.65117,56.16988],[-3.65544,56.16902],[-3.65884,56.16756],[-3.66031,56.1678],[-3.66405,56.16789],[-3.6642,56.16793],[-3.66402,56.16814],[-3.66415,56.1686],[-3.66452,56.16862],[-3.66615,56.16845],[-3.66602,56.16835],[-3.66655,56.16825],[-3.66625,56.16802],[-3.66718,56.16776],[-3.66655,56.1674],[-3.66709,56.16733],[-3.66606,56.16649],[-3.66633,56.16655],[-3.66788,56.16594],[-3.66762,56.16574],[-3.66697,56.16588],[-3.66497,56.16519],[-3.66507,56.16493],[-3.66615,56.16495],[-3.66648,56.16473],[-3.66704,56.16499],[-3.66859,56.1647],[-3.66825,56.16404],[-3.66799,56.16409],[-3.66786,56.16378],[-3.66847,56.16367],[-3.66825,56.16326],[-3.66853,56.16322],[-3.66853,56.16285],[-3.66802,56.1629],[-3.66755,56.16226],[-3.66849,56.16206],[-3.66739,56.16115],[-3.66685,56.16032],[-3.66548,56.16161],[-3.66553,56.16221],[-3.66359,56.16207],[-3.66373,56.16126],[-3.66288,56.16107],[-3.66295,56.16009],[-3.66272,56.15981],[-3.66441,56.15916],[-3.66495,56.15912],[-3.66467,56.15824],[-3.66498,56.15664],[-3.66542,56.1563],[-3.66678,56.1562],[-3.66566,56.15586],[-3.66469,56.15508],[-3.66458,56.15445],[-3.66395,56.15366],[-3.66383,56.15301],[-3.66418,56.15274],[-3.65924,56.15218],[-3.65586,56.15114],[-3.65324,56.14833],[-3.65264,56.14808],[-3.65092,56.14679],[-3.65206,56.1459],[-3.65761,56.14458],[-3.66067,56.14431],[-3.66445,56.145],[-3.6675,56.14422],[-3.67174,56.14419],[-3.67627,56.14325],[-3.67662,56.1418],[-3.6741,56.14219],[-3.6721,56.13926],[-3.67081,56.13796],[-3.67299,56.13816],[-3.67465,56.13797],[-3.67521,56.13765],[-3.67542,56.13633],[-3.67518,56.13383],[-3.67471,56.13267],[-3.67471,56.13197],[-3.67054,56.13071],[-3.67038,56.12998],[-3.66757,56.13082],[-3.66204,56.13333],[-3.66118,56.13054],[-3.65885,56.13012],[-3.65932,56.12417],[-3.65708,56.1243],[-3.65441,56.12494],[-3.65291,56.12668],[-3.65217,56.12719],[-3.65189,56.12807],[-3.65093,56.12908],[-3.64994,56.12936],[-3.6487,56.12959],[-3.64648,56.12957],[-3.6453,56.13001],[-3.64365,56.12966],[-3.64157,56.13018],[-3.64092,56.1299],[-3.6393,56.12995],[-3.63727,56.12966],[-3.63709,56.13011],[-3.63644,56.13038],[-3.63525,56.13019],[-3.63477,56.13031],[-3.63461,56.13076],[-3.63116,56.13128],[-3.62838,56.13123],[-3.62835,56.13278],[-3.6341,56.13313],[-3.63396,56.1332],[-3.63426,56.13362],[-3.63687,56.13424],[-3.63984,56.13358],[-3.64481,56.13765],[-3.6437,56.13828],[-3.64089,56.13897],[-3.64053,56.13972],[-3.63924,56.1406],[-3.63976,56.14212],[-3.64148,56.1445],[-3.6441,56.1458],[-3.64471,56.14656],[-3.64193,56.14716],[-3.6411,56.14768],[-3.64027,56.14781],[-3.63896,56.14903],[-3.63786,56.14965],[-3.63665,56.14991],[-3.63667,56.1513],[-3.63762,56.1523],[-3.63928,56.15323],[-3.6428,56.15439],[-3.64187,56.15552],[-3.64479,56.15663],[-3.64586,56.15683],[-3.64701,56.15749],[-3.64793,56.15829],[-3.64801,56.15854],[-3.64745,56.15898],[-3.64786,56.15968],[-3.64683,56.15987],[-3.64515,56.1613],[-3.64542,56.16141],[-3.64345,56.16209],[-3.64366,56.16231],[-3.64079,56.16263],[-3.63697,56.16359],[-3.6351,56.1638],[-3.63577,56.16448],[-3.63447,56.16635],[-3.63237,56.16844],[-3.63464,56.1692],[-3.63507,56.16904],[-3.63557,56.16961]]]}},{"type":"Feature","properties":{"id":"S01015129","name":"Clackmannan, Kennet and Forestmill - 07","parent":"S12000005","type":"DZ","pop":806,"r":68,"ff":26,"ffd":3225.8,"ffs":0.4727,"g":13,"co":0,"mo":0,"sa":3,"ic":0},"geometry":{"type":"Polygon","coordinates":[[[-3.76921,56.11323],[-3.76944,56.11364],[-3.77196,56.11415],[-3.77206,56.11347],[-3.77127,56.11317],[-3.76986,56.11321],[-3.7694,56.11269],[-3.77502,56.11303],[-3.77711,56.11358],[-3.77758,56.11246],[-3.77854,56.11153],[-3.77743,56.1111],[-3.77678,56.11062],[-3.77712,56.11035],[-3.77577,56.10976],[-3.77481,56.10954],[-3.77269,56.10958],[-3.76896,56.11074],[-3.76875,56.11125],[-3.76835,56.11135],[-3.76921,56.11323]]]}},{"type":"Feature","properties":{"id":"S01015130","name":"Sauchie - 01","parent":"S12000005","type":"DZ","pop":552,"r":68,"ff":26,"ffd":4710.1,"ffs":0.4727,"g":13,"co":2,"mo":0,"sa":3,"ic":0},"geometry":{"type":"Polygon","coordinates":[[[-3.74941,56.13936],[-3.75465,56.13754],[-3.7607,56.13855],[-3.7676,56.13857],[-3.7667,56.13747],[-3.76659,56.13688],[-3.76811,56.13663],[-3.76904,56.13674],[-3.76933,56.13651],[-3.77108,56.13498],[-3.77295,56.1323],[-3.77395,56.13153],[-3.77449,56.13177],[-3.77483,56.13156],[-3.77361,56.13126],[-3.77389,56.13066],[-3.77446,56.13054],[-3.7752,56.12998],[-3.77359,56.12952],[-3.77164,56.12978],[-3.77155,56.12956],[-3.7718,56.12933],[-3.77138,56.12914],[-3.77219,56.12902],[-3.77202,56.12869],[-3.77166,56.12859],[-3.77186,56.12837],[-3.77159,56.12794],[-3.77005,56.1276],[-3.77024,56.12716],[-3.77054,56.12721],[-3.77101,56.12614],[-3.77281,56.12575],[-3.77943,56.12576],[-3.77947,56.12546],[-3.7774,56.1248],[-3.77793,56.12421],[-3.77982,56.1246],[-3.77994,56.12437],[-3.78045,56.1242],[-3.78008,56.12358],[-3.77824,56.12327],[-3.7778,56.12297],[-3.77765,56.1224],[-3.77693,56.12182],[-3.77594,56.12201],[-3.77562,56.12133],[-3.77979,56.12069],[-3.77699,56.11934],[-3.7763,56.1187],[-3.7773,56.11844],[-3.77668,56.11693],[-3.77567,56.11658],[-3.7718,56.11574],[-3.76858,56.11537],[-3.76854,56.11487],[-3.76188,56.11465],[-3.75819,56.11395],[-3.75426,56.11372],[-3.75223,56.11265],[-3.75123,56.11188],[-3.75034,56.1108],[-3.74825,56.11155],[-3.74771,56.11151],[-3.74663,56.11095],[-3.74414,56.11137],[-3.74568,56.11249],[-3.74493,56.11344],[-3.74126,56.11332],[-3.74118,56.11512],[-3.74304,56.11503],[-3.74293,56.1226],[-3.73032,56.12296],[-3.73013,56.12593],[-3.72676,56.12676],[-3.72586,56.12788],[-3.72718,56.12842],[-3.73008,56.1288],[-3.73026,56.12898],[-3.73039,56.1299],[-3.7294,56.13044],[-3.72963,56.13068],[-3.73029,56.13084],[-3.73145,56.13048],[-3.73196,56.13064],[-3.73357,56.1332],[-3.73435,56.13552],[-3.73431,56.13587],[-3.73694,56.13564],[-3.7406,56.13604],[-3.74292,56.1358],[-3.745,56.13596],[-3.7488,56.13691],[-3.74941,56.13936]]]}},{"type":"Feature","properties":{"id":"S01015131","name":"Sauchie - 02","parent":"S12000005","type":"DZ","pop":834,"r":68,"ff":26,"ffd":3117.5,"ffs":0.4727,"g":13,"co":2,"mo":0,"sa":3,"ic":0},"geometry":{"type":"Polygon","coordinates":[[[-3.7758,56.12698],[-3.77947,56.12755],[-3.78001,56.12771],[-3.77976,56.12787],[-3.78005,56.12808],[-3.78116,56.12741],[-3.78196,56.12591],[-3.78256,56.12517],[-3.78045,56.1242],[-3.77994,56.12437],[-3.77982,56.1246],[-3.77793,56.12421],[-3.7774,56.1248],[-3.77947,56.12546],[-3.77943,56.12576],[-3.77281,56.12575],[-3.77101,56.12614],[-3.77054,56.12721],[-3.77024,56.12716],[-3.77015,56.12738],[-3.77057,56.12739],[-3.77046,56.12768],[-3.77087,56.12773],[-3.77084,56.12749],[-3.77303,56.12701],[-3.7758,56.12698]]]}},{"type":"Feature","properties":{"id":"S01015132","name":"Sauchie - 03","parent":"S12000005","type":"DZ","pop":787,"r":68,"ff":26,"ffd":3303.7,"ffs":0.4727,"g":13,"co":2,"mo":0,"sa":3,"ic":0},"geometry":{"type":"Polygon","coordinates":[[[-3.77366,56.13114],[-3.77362,56.13134],[-3.77408,56.13139],[-3.77742,56.12909],[-3.78005,56.12808],[-3.77976,56.12787],[-3.78001,56.12771],[-3.7758,56.12698],[-3.77303,56.12701],[-3.77084,56.12749],[-3.77087,56.12773],[-3.77046,56.12768],[-3.77057,56.12739],[-3.7701,56.12739],[-3.77018,56.12765],[-3.77159,56.12794],[-3.77186,56.12837],[-3.77166,56.12859],[-3.77202,56.12869],[-3.77219,56.12902],[-3.77138,56.12914],[-3.7718,56.12933],[-3.77155,56.12956],[-3.77164,56.12978],[-3.77359,56.12952],[-3.7752,56.12998],[-3.77446,56.13054],[-3.77389,56.13066],[-3.77366,56.13114]]]}},{"type":"Feature","properties":{"id":"S01015122","name":"Dollar and Muckhart - 05","parent":"S12000005","type":"DZ","pop":491,"r":2,"ff":0,"ffd":0.0,"ffs":0.0,"g":0,"co":1,"mo":3,"sa":3,"ic":3},"geometry":{"type":"Polygon","coordinates":[[[-3.61765,56.20558],[-3.61927,56.20547],[-3.62279,56.20397],[-3.62387,56.20259],[-3.62451,56.20227],[-3.62595,56.20097],[-3.62713,56.20068],[-3.62892,56.19988],[-3.62901,56.20011],[-3.63245,56.19907],[-3.63807,56.19686],[-3.64213,56.19788],[-3.64564,56.19906],[-3.64707,56.19992],[-3.64807,56.2013],[-3.64875,56.20167],[-3.6491,56.20214],[-3.64992,56.20238],[-3.65056,56.203],[-3.65107,56.20298],[-3.65101,56.2028],[-3.6519,56.20227],[-3.6518,56.20174],[-3.65292,56.20125],[-3.65297,56.20089],[-3.65354,56.20063],[-3.65381,56.20021],[-3.65431,56.20021],[-3.65499,56.19953],[-3.65548,56.19931],[-3.65551,56.19905],[-3.65624,56.19843],[-3.65646,56.19796],[-3.65681,56.19781],[-3.65684,56.19737],[-3.65731,56.19727],[-3.65721,56.19681],[-3.6577,56.19641],[-3.65839,56.19626],[-3.65237,56.19012],[-3.64963,56.18805],[-3.64997,56.18752],[-3.64769,56.18602],[-3.64673,56.18568],[-3.64653,56.18488],[-3.64596,56.18397],[-3.64306,56.18455],[-3.63798,56.18079],[-3.639,56.18054],[-3.64475,56.18001],[-3.65332,56.17802],[-3.65621,56.17708],[-3.65826,56.17554],[-3.65904,56.17552],[-3.66133,56.17438],[-3.65951,56.1729],[-3.65731,56.17467],[-3.65501,56.17374],[-3.64994,56.17522],[-3.64472,56.17632],[-3.64408,56.17418],[-3.6441,56.17316],[-3.64219,56.17189],[-3.64046,56.17272],[-3.63828,56.17111],[-3.63674,56.17077],[-3.63507,56.16904],[-3.63464,56.1692],[-3.63237,56.16844],[-3.63447,56.16635],[-3.63577,56.16448],[-3.6351,56.1638],[-3.63345,56.16389],[-3.63248,56.165],[-3.63147,56.16563],[-3.62703,56.16772],[-3.6268,56.16796],[-3.62702,56.16878],[-3.62689,56.1692],[-3.62589,56.16983],[-3.6238,56.16908],[-3.62222,56.1691],[-3.62146,56.16855],[-3.61767,56.16827],[-3.61662,56.16864],[-3.61436,56.16885],[-3.61051,56.17058],[-3.60591,56.17021],[-3.60588,56.1708],[-3.60557,56.17121],[-3.60392,56.17186],[-3.60166,56.17184],[-3.59816,56.17129],[-3.59785,56.17203],[-3.59752,56.17224],[-3.59335,56.17298],[-3.59272,56.17357],[-3.59141,56.17415],[-3.59493,56.17768],[-3.59585,56.17789],[-3.59718,56.1774],[-3.59744,56.17937],[-3.59798,56.1811],[-3.59468,56.18095],[-3.58942,56.18119],[-3.58807,56.1811],[-3.58898,56.18177],[-3.58821,56.18204],[-3.58792,56.18374],[-3.58752,56.18362],[-3.58234,56.18443],[-3.58308,56.18554],[-3.58326,56.18621],[-3.58317,56.18686],[-3.58415,56.18774],[-3.58537,56.18948],[-3.58504,56.19165],[-3.57995,56.19303],[-3.57338,56.19282],[-3.57326,56.19295],[-3.57141,56.19292],[-3.57229,56.19422],[-3.57525,56.19612],[-3.57745,56.19573],[-3.57938,56.19569],[-3.58022,56.19592],[-3.58388,56.19787],[-3.5851,56.1982],[-3.58815,56.1987],[-3.58966,56.19843],[-3.59174,56.19847],[-3.59596,56.19916],[-3.59838,56.2007],[-3.60017,56.20153],[-3.60103,56.20223],[-3.60199,56.20392],[-3.60289,56.20417],[-3.60286,56.20455],[-3.60478,56.20436],[-3.61097,56.20497],[-3.61319,56.20488],[-3.61342,56.20505],[-3.61326,56.20539],[-3.61357,56.20547],[-3.61765,56.20558]]]}},{"type":"Feature","properties":{"id":"S01015133","name":"Sauchie - 04","parent":"S12000005","type":"DZ","pop":973,"r":68,"ff":26,"ffd":2672.1,"ffs":0.4727,"g":13,"co":2,"mo":0,"sa":3,"ic":0},"geometry":{"type":"Polygon","coordinates":[[[-3.77373,56.13699],[-3.77377,56.13712],[-3.77582,56.13693],[-3.77951,56.13092],[-3.78052,56.13079],[-3.78036,56.13072],[-3.7806,56.13043],[-3.77981,56.13028],[-3.78096,56.12844],[-3.78284,56.12789],[-3.78256,56.12759],[-3.7829,56.12745],[-3.78264,56.12735],[-3.78077,56.12778],[-3.77803,56.12879],[-3.77607,56.12992],[-3.77421,56.13129],[-3.77483,56.13156],[-3.77449,56.13177],[-3.77395,56.13153],[-3.77295,56.1323],[-3.77108,56.13498],[-3.76904,56.13674],[-3.76899,56.13699],[-3.76917,56.13709],[-3.76967,56.13661],[-3.77033,56.1366],[-3.7705,56.13616],[-3.77076,56.13606],[-3.77191,56.13676],[-3.77238,56.1367],[-3.77176,56.1361],[-3.77186,56.13564],[-3.77252,56.13589],[-3.77316,56.13638],[-3.77297,56.13662],[-3.77373,56.13699]]]}},{"type":"Feature","properties":{"id":"S01015134","name":"Sauchie - 05","parent":"S12000005","type":"DZ","pop":479,"r":68,"ff":26,"ffd":5428.0,"ffs":0.4727,"g":13,"co":2,"mo":0,"sa":3,"ic":0},"geometry":{"type":"Polygon","coordinates":[[[-3.78087,56.1328],[-3.78119,56.1328],[-3.78139,56.13233],[-3.78353,56.13237],[-3.78405,56.13172],[-3.78235,56.13139],[-3.78247,56.13113],[-3.783,56.13123],[-3.78356,56.13033],[-3.78362,56.12968],[-3.78593,56.1301],[-3.78673,56.13],[-3.78648,56.12971],[-3.78666,56.12943],[-3.7861,56.12925],[-3.78638,56.12888],[-3.78439,56.12865],[-3.78461,56.12823],[-3.78358,56.12822],[-3.78292,56.12748],[-3.78256,56.12759],[-3.78284,56.12789],[-3.78096,56.12844],[-3.77981,56.13028],[-3.7806,56.13043],[-3.78036,56.13072],[-3.78052,56.13079],[-3.77951,56.13092],[-3.77836,56.13279],[-3.78087,56.1328]]]}},{"type":"Feature","properties":{"id":"S01015135","name":"Sauchie - 06","parent":"S12000005","type":"DZ","pop":590,"r":69,"ff":27,"ffd":4576.3,"ffs":0.4821,"g":13,"co":2,"mo":0,"sa":3,"ic":0},"geometry":{"type":"Polygon","coordinates":[[[-3.78565,56.13158],[-3.78707,56.13174],[-3.7874,56.13136],[-3.78719,56.13108],[-3.7875,56.13093],[-3.78899,56.13145],[-3.78959,56.13079],[-3.79009,56.13086],[-3.79025,56.13049],[-3.79142,56.13093],[-3.7916,56.13038],[-3.79241,56.13046],[-3.79239,56.13007],[-3.7926,56.1299],[-3.79421,56.13006],[-3.7935,56.12843],[-3.79426,56.12838],[-3.79409,56.12798],[-3.79338,56.12803],[-3.79318,56.12773],[-3.7917,56.12705],[-3.7912,56.12743],[-3.79141,56.12751],[-3.79101,56.12795],[-3.7907,56.12787],[-3.79038,56.12824],[-3.79075,56.12836],[-3.79046,56.12868],[-3.7894,56.12848],[-3.78817,56.12882],[-3.78992,56.12933],[-3.78876,56.12969],[-3.78796,56.12899],[-3.78731,56.12923],[-3.78658,56.12863],[-3.7861,56.12925],[-3.78666,56.12943],[-3.78648,56.12971],[-3.78673,56.13],[-3.78593,56.1301],[-3.78362,56.12968],[-3.78356,56.13033],[-3.783,56.13123],[-3.78247,56.13113],[-3.78235,56.13139],[-3.78405,56.13172],[-3.78428,56.13144],[-3.78565,56.13158]]]}},{"type":"Feature","properties":{"id":"S01015136","name":"Sauchie - 07","parent":"S12000005","type":"DZ","pop":789,"r":69,"ff":27,"ffd":3422.1,"ffs":0.4821,"g":13,"co":2,"mo":0,"sa":3,"ic":0},"geometry":{"type":"Polygon","coordinates":[[[-3.78876,56.12969],[-3.78992,56.12933],[-3.78817,56.12882],[-3.78788,56.12893],[-3.78628,56.12758],[-3.78671,56.12738],[-3.78745,56.12739],[-3.78747,56.127],[-3.79005,56.12707],[-3.79023,56.12685],[-3.78846,56.12671],[-3.78848,56.1262],[-3.78909,56.12607],[-3.78828,56.12556],[-3.78765,56.12441],[-3.78646,56.12391],[-3.78721,56.12376],[-3.78762,56.12313],[-3.78824,56.12268],[-3.78753,56.1225],[-3.78806,56.12166],[-3.78499,56.12098],[-3.78451,56.12145],[-3.78274,56.12166],[-3.78235,56.12108],[-3.78344,56.12083],[-3.78303,56.12021],[-3.7824,56.12007],[-3.78038,56.12053],[-3.78007,56.1208],[-3.77979,56.12069],[-3.77562,56.12133],[-3.77594,56.12201],[-3.77693,56.12182],[-3.77765,56.1224],[-3.7778,56.12297],[-3.77824,56.12327],[-3.78008,56.12358],[-3.78045,56.1242],[-3.78256,56.12517],[-3.78077,56.12778],[-3.78264,56.12735],[-3.78358,56.12822],[-3.78461,56.12823],[-3.78439,56.12865],[-3.78638,56.12888],[-3.78658,56.12863],[-3.78731,56.12923],[-3.78796,56.12899],[-3.78876,56.12969]]]}},{"type":"Feature","properties":{"id":"S01015137","name":"Alloa South and East - 01","parent":"S12000005","type":"DZ","pop":631,"r":69,"ff":27,"ffd":4278.9,"ffs":0.4821,"g":13,"co":2,"mo":0,"sa":3,"ic":0},"geometry":{"type":"Polygon","coordinates":[[[-3.78806,56.12166],[-3.78832,56.12143],[-3.78898,56.12152],[-3.78905,56.12136],[-3.78846,56.12126],[-3.78893,56.12077],[-3.79097,56.12065],[-3.79111,56.12012],[-3.79151,56.12016],[-3.79147,56.1203],[-3.79237,56.12026],[-3.79217,56.11839],[-3.79017,56.11909],[-3.78942,56.11844],[-3.78794,56.119],[-3.78784,56.1189],[-3.78335,56.1199],[-3.78329,56.11968],[-3.78372,56.11948],[-3.78405,56.11966],[-3.78449,56.11942],[-3.78424,56.11924],[-3.78466,56.11903],[-3.78456,56.11877],[-3.78482,56.11863],[-3.78458,56.11838],[-3.78083,56.12044],[-3.7824,56.12007],[-3.78303,56.12021],[-3.78344,56.12083],[-3.78235,56.12108],[-3.78274,56.12166],[-3.78451,56.12145],[-3.78499,56.12098],[-3.78806,56.12166]]]}},{"type":"Feature","properties":{"id":"S01015123","name":"Clackmannan, Kennet and Forestmill - 01","parent":"S12000005","type":"DZ","pop":955,"r":64,"ff":26,"ffd":2722.5,"ffs":0.5098,"g":13,"co":0,"mo":0,"sa":3,"ic":0},"geometry":{"type":"Polygon","coordinates":[[[-3.67627,56.14325],[-3.68791,56.14087],[-3.69193,56.14043],[-3.70088,56.13996],[-3.70569,56.13843],[-3.7052,56.13732],[-3.70436,56.13676],[-3.70504,56.13593],[-3.70563,56.13462],[-3.70723,56.1345],[-3.71056,56.13176],[-3.71992,56.1279],[-3.72586,56.12788],[-3.72676,56.12676],[-3.73013,56.12593],[-3.73032,56.12296],[-3.74293,56.1226],[-3.74304,56.11503],[-3.74118,56.11512],[-3.74126,56.11332],[-3.74493,56.11344],[-3.74568,56.11249],[-3.74414,56.11137],[-3.74481,56.11131],[-3.74448,56.11097],[-3.74494,56.11083],[-3.74487,56.11064],[-3.74515,56.11033],[-3.74513,56.10997],[-3.74532,56.10992],[-3.74545,56.10919],[-3.74636,56.10926],[-3.74663,56.10907],[-3.74563,56.10871],[-3.7455,56.10887],[-3.74494,56.10872],[-3.74511,56.10846],[-3.74673,56.10902],[-3.74754,56.10851],[-3.74469,56.10705],[-3.74539,56.10681],[-3.74409,56.1057],[-3.74345,56.10567],[-3.74326,56.10548],[-3.74294,56.10558],[-3.74316,56.10518],[-3.7437,56.10501],[-3.74275,56.10459],[-3.74293,56.10444],[-3.74134,56.1038],[-3.74115,56.10394],[-3.73947,56.10332],[-3.73959,56.10312],[-3.74133,56.10262],[-3.74323,56.10327],[-3.74515,56.10359],[-3.74763,56.10333],[-3.74757,56.10321],[-3.74926,56.10274],[-3.74847,56.10163],[-3.74866,56.10135],[-3.75003,56.10083],[-3.74967,56.10027],[-3.74877,56.09981],[-3.74704,56.09974],[-3.7461,56.0994],[-3.74363,56.09898],[-3.74307,56.09849],[-3.7432,56.09811],[-3.74258,56.0974],[-3.74092,56.09648],[-3.73945,56.0963],[-3.73552,56.09453],[-3.73508,56.09453],[-3.73574,56.09287],[-3.74169,56.08896],[-3.74058,56.08857],[-3.7409,56.08823],[-3.73869,56.08707],[-3.74006,56.08497],[-3.7387,56.08393],[-3.73955,56.08363],[-3.73625,56.08233],[-3.73601,56.08269],[-3.7364,56.08324],[-3.73548,56.08375],[-3.73538,56.084],[-3.73562,56.08443],[-3.73479,56.08512],[-3.73438,56.08531],[-3.73343,56.08522],[-3.73162,56.08568],[-3.7306,56.08561],[-3.73008,56.08633],[-3.72872,56.08742],[-3.72865,56.0879],[-3.72588,56.08849],[-3.72332,56.08937],[-3.72235,56.08881],[-3.7221,56.0884],[-3.72215,56.08806],[-3.72145,56.08779],[-3.7198,56.09027],[-3.7194,56.09175],[-3.71883,56.09178],[-3.71787,56.09429],[-3.71768,56.09545],[-3.71769,56.09844],[-3.71825,56.09891],[-3.71753,56.09886],[-3.71745,56.10275],[-3.71569,56.10404],[-3.71449,56.10453],[-3.70982,56.10461],[-3.70868,56.10424],[-3.70192,56.10301],[-3.69093,56.10212],[-3.68824,56.10216],[-3.68618,56.10187],[-3.67964,56.1021],[-3.67448,56.10024],[-3.674,56.10087],[-3.67429,56.10093],[-3.67419,56.10122],[-3.67456,56.10109],[-3.67503,56.10129],[-3.67472,56.10193],[-3.67504,56.10208],[-3.67476,56.10246],[-3.675,56.1027],[-3.6744,56.10305],[-3.67491,56.1035],[-3.67436,56.10402],[-3.67469,56.10456],[-3.67469,56.10549],[-3.67448,56.10573],[-3.67474,56.10593],[-3.67429,56.1063],[-3.67375,56.10644],[-3.67397,56.10674],[-3.67259,56.10781],[-3.67086,56.10753],[-3.67081,56.10725],[-3.67031,56.10728],[-3.67035,56.10703],[-3.6698,56.10694],[-3.66478,56.10771],[-3.66372,56.1081],[-3.66353,56.10857],[-3.66195,56.10938],[-3.65919,56.10933],[-3.6576,56.1096],[-3.65738,56.10937],[-3.65662,56.10956],[-3.65687,56.10939],[-3.65604,56.10903],[-3.65678,56.10833],[-3.65643,56.10804],[-3.65598,56.10786],[-3.65525,56.10802],[-3.65494,56.10758],[-3.65434,56.10773],[-3.65352,56.1075],[-3.65257,56.10818],[-3.65018,56.10837],[-3.64978,56.10864],[-3.64967,56.10898],[-3.64903,56.10894],[-3.64894,56.10923],[-3.64835,56.10917],[-3.64792,56.10936],[-3.64776,56.10907],[-3.64741,56.10904],[-3.64746,56.10931],[-3.64704,56.10956],[-3.64611,56.10915],[-3.64462,56.10937],[-3.64424,56.10929],[-3.64408,56.109],[-3.64304,56.10927],[-3.64126,56.10896],[-3.64065,56.10938],[-3.63823,56.10918],[-3.63651,56.10943],[-3.63494,56.10884],[-3.63104,56.11003],[-3.62879,56.11045],[-3.62924,56.11146],[-3.6443,56.11559],[-3.65102,56.11776],[-3.65588,56.1185],[-3.65965,56.11984],[-3.66395,56.12305],[-3.66321,56.12359],[-3.66055,56.12419],[-3.65932,56.12417],[-3.65885,56.13012],[-3.66118,56.13054],[-3.66204,56.13333],[-3.66757,56.13082],[-3.67038,56.12998],[-3.67054,56.13071],[-3.67471,56.13197],[-3.67471,56.13267],[-3.67518,56.13383],[-3.67542,56.13633],[-3.67521,56.13765],[-3.67465,56.13797],[-3.67299,56.13816],[-3.67081,56.13796],[-3.6721,56.13926],[-3.6741,56.14219],[-3.67662,56.1418],[-3.67627,56.14325]]]}},{"type":"Feature","properties":{"id":"S01015124","name":"Clackmannan, Kennet and Forestmill - 02","parent":"S12000005","type":"DZ","pop":881,"r":65,"ff":26,"ffd":2951.2,"ffs":0.5,"g":13,"co":0,"mo":0,"sa":3,"ic":0},"geometry":{"type":"Polygon","coordinates":[[[-3.74754,56.10851],[-3.74742,56.1086],[-3.74789,56.10878],[-3.74828,56.10839],[-3.74912,56.10852],[-3.74869,56.10825],[-3.74876,56.10788],[-3.74915,56.10788],[-3.74901,56.1077],[-3.74942,56.10746],[-3.7491,56.10718],[-3.7496,56.10691],[-3.74864,56.10623],[-3.7491,56.10605],[-3.74896,56.10566],[-3.74737,56.10575],[-3.74686,56.1053],[-3.74862,56.10505],[-3.74848,56.10494],[-3.74897,56.10478],[-3.74864,56.1041],[-3.74983,56.10393],[-3.74974,56.10357],[-3.75114,56.10342],[-3.75117,56.10318],[-3.75027,56.10327],[-3.74992,56.10282],[-3.74983,56.10258],[-3.75017,56.10194],[-3.74884,56.10213],[-3.74926,56.10274],[-3.74757,56.10321],[-3.74763,56.10333],[-3.74614,56.10355],[-3.74515,56.10359],[-3.74323,56.10327],[-3.74133,56.10262],[-3.73959,56.10312],[-3.73947,56.10332],[-3.74115,56.10394],[-3.74134,56.1038],[-3.74293,56.10444],[-3.74275,56.10459],[-3.7437,56.10501],[-3.74316,56.10518],[-3.74294,56.10558],[-3.74326,56.10548],[-3.74345,56.10567],[-3.74409,56.1057],[-3.74539,56.10681],[-3.74469,56.10705],[-3.74754,56.10851]]]}},{"type":"Feature","properties":{"id":"S01015125","name":"Clackmannan, Kennet and Forestmill - 03","parent":"S12000005","type":"DZ","pop":678,"r":66,"ff":26,"ffd":3834.8,"ffs":0.4906,"g":13,"co":0,"mo":0,"sa":3,"ic":0},"geometry":{"type":"Polygon","coordinates":[[[-3.75678,56.11057],[-3.7568,56.11091],[-3.75776,56.11091],[-3.75769,56.11042],[-3.75749,56.11044],[-3.7577,56.10942],[-3.75724,56.10962],[-3.75522,56.10964],[-3.7547,56.10949],[-3.7545,56.10879],[-3.75344,56.10867],[-3.7535,56.10779],[-3.75379,56.1078],[-3.75378,56.10758],[-3.75269,56.10745],[-3.75286,56.10726],[-3.75213,56.10653],[-3.75186,56.10661],[-3.75068,56.10538],[-3.75088,56.10514],[-3.75067,56.10495],[-3.75091,56.10487],[-3.75035,56.10382],[-3.74864,56.1041],[-3.74897,56.10478],[-3.74848,56.10494],[-3.74862,56.10505],[-3.74686,56.1053],[-3.74737,56.10575],[-3.74893,56.10566],[-3.74912,56.10587],[-3.7491,56.10605],[-3.74864,56.10623],[-3.74962,56.10702],[-3.7491,56.10718],[-3.74942,56.10746],[-3.74901,56.1077],[-3.74915,56.10788],[-3.74876,56.10788],[-3.74869,56.10825],[-3.74912,56.10852],[-3.74828,56.10839],[-3.74789,56.10878],[-3.7495,56.10971],[-3.751,56.10993],[-3.75161,56.10987],[-3.75142,56.10952],[-3.7519,56.10954],[-3.75203,56.10981],[-3.75415,56.11011],[-3.7544,56.10983],[-3.75424,56.10973],[-3.75445,56.10969],[-3.7563,56.11026],[-3.75678,56.11057]]]}},{"type":"Feature","properties":{"id":"S01015127","name":"Clackmannan, Kennet and Forestmill - 05","parent":"S12000005","type":"DZ","pop":855,"r":61,"ff":26,"ffd":3040.9,"ffs":0.5098,"g":10,"co":0,"mo":0,"sa":3,"ic":0},"geometry":{"type":"Polygon","coordinates":[[[-3.7691,56.11489],[-3.76944,56.11364],[-3.76835,56.11135],[-3.76875,56.11125],[-3.76896,56.11074],[-3.77269,56.10958],[-3.77481,56.10954],[-3.77712,56.11035],[-3.77737,56.11016],[-3.77716,56.10976],[-3.77741,56.10956],[-3.77836,56.10983],[-3.78085,56.10989],[-3.7809,56.10897],[-3.78208,56.10864],[-3.78649,56.10855],[-3.7864,56.10785],[-3.78612,56.10761],[-3.78696,56.10754],[-3.78954,56.10647],[-3.79024,56.107],[-3.79115,56.10704],[-3.79135,56.10839],[-3.79244,56.10856],[-3.79457,56.10845],[-3.79505,56.10861],[-3.79594,56.10844],[-3.79711,56.10894],[-3.79749,56.1085],[-3.79591,56.10755],[-3.79496,56.10757],[-3.79475,56.10703],[-3.79337,56.1061],[-3.79302,56.10526],[-3.7919,56.10521],[-3.79174,56.10476],[-3.7909,56.10457],[-3.78652,56.10063],[-3.78274,56.09833],[-3.7817,56.0979],[-3.7789,56.09576],[-3.7761,56.09395],[-3.77541,56.09377],[-3.77396,56.09405],[-3.77264,56.09343],[-3.77245,56.09362],[-3.77242,56.09457],[-3.77153,56.09492],[-3.77165,56.09504],[-3.77136,56.09498],[-3.77079,56.09553],[-3.77095,56.09571],[-3.77156,56.09559],[-3.7711,56.09579],[-3.77196,56.09637],[-3.77191,56.09686],[-3.76663,56.09836],[-3.76619,56.09875],[-3.76732,56.09927],[-3.76904,56.09939],[-3.7701,56.0997],[-3.77046,56.10026],[-3.77057,56.10134],[-3.77122,56.10179],[-3.77604,56.10168],[-3.77616,56.10234],[-3.77676,56.1032],[-3.77856,56.10412],[-3.77862,56.10487],[-3.77907,56.1058],[-3.77756,56.10721],[-3.77706,56.1074],[-3.7753,56.10769],[-3.77359,56.10768],[-3.77311,56.1079],[-3.77366,56.1076],[-3.7752,56.10762],[-3.77721,56.10726],[-3.77599,56.10724],[-3.77565,56.1074],[-3.77587,56.10716],[-3.77752,56.10708],[-3.77795,56.1065],[-3.77889,56.10582],[-3.77836,56.10413],[-3.77658,56.10326],[-3.77608,56.10259],[-3.77586,56.10176],[-3.77261,56.10197],[-3.77105,56.10188],[-3.77029,56.10123],[-3.77014,56.10011],[-3.76978,56.09972],[-3.76722,56.09936],[-3.76633,56.09909],[-3.76604,56.09862],[-3.7665,56.0982],[-3.76771,56.09798],[-3.76926,56.09721],[-3.77098,56.09687],[-3.77052,56.09688],[-3.77125,56.09651],[-3.77053,56.09598],[-3.77021,56.09618],[-3.77014,56.09596],[-3.77079,56.09496],[-3.77203,56.09444],[-3.77205,56.09413],[-3.77185,56.09405],[-3.77197,56.09359],[-3.77238,56.09314],[-3.77319,56.09309],[-3.77423,56.09356],[-3.77705,56.09325],[-3.77696,56.09311],[-3.77644,56.09271],[-3.77593,56.09269],[-3.77198,56.08994],[-3.77025,56.09039],[-3.77149,56.08948],[-3.76775,56.08688],[-3.7613,56.08342],[-3.7484,56.07952],[-3.74716,56.08063],[-3.74721,56.08006],[-3.74694,56.0799],[-3.7462,56.07977],[-3.74493,56.08],[-3.74128,56.0799],[-3.74085,56.07972],[-3.74061,56.07936],[-3.73927,56.07945],[-3.73921,56.07896],[-3.73873,56.07892],[-3.73678,56.08082],[-3.73885,56.07837],[-3.73845,56.07839],[-3.73656,56.08068],[-3.73675,56.08089],[-3.73569,56.08137],[-3.73635,56.08203],[-3.73625,56.08233],[-3.73955,56.08363],[-3.7387,56.08393],[-3.74006,56.08497],[-3.73869,56.08707],[-3.7409,56.08823],[-3.74058,56.08857],[-3.74169,56.08896],[-3.73574,56.09287],[-3.73508,56.09453],[-3.73552,56.09453],[-3.73945,56.0963],[-3.74092,56.09648],[-3.74258,56.0974],[-3.7432,56.09811],[-3.74307,56.09849],[-3.74363,56.09898],[-3.7461,56.0994],[-3.74704,56.09974],[-3.74877,56.09981],[-3.74967,56.10027],[-3.75003,56.10083],[-3.74866,56.10135],[-3.74847,56.10163],[-3.74884,56.10213],[-3.75017,56.10194],[-3.74983,56.10258],[-3.74992,56.10282],[-3.75027,56.10327],[-3.75117,56.10318],[-3.75109,56.10379],[-3.75163,56.10383],[-3.75241,56.10516],[-3.75353,56.10495],[-3.75376,56.1052],[-3.75443,56.10521],[-3.75454,56.10555],[-3.75531,56.10637],[-3.75587,56.10629],[-3.75612,56.10663],[-3.75688,56.10675],[-3.75658,56.10731],[-3.75622,56.1073],[-3.75613,56.10763],[-3.75628,56.10859],[-3.75779,56.10828],[-3.75749,56.11044],[-3.75769,56.11042],[-3.75776,56.11091],[-3.7568,56.11091],[-3.75678,56.11149],[-3.75735,56.11263],[-3.75627,56.11282],[-3.75469,56.11279],[-3.75461,56.11247],[-3.75223,56.11265],[-3.75426,56.11372],[-3.75819,56.11395],[-3.76188,56.11465],[-3.7691,56.11489]]]}},{"type":"Feature","properties":{"id":"S01015128","name":"Clackmannan, Kennet and Forestmill - 06","parent":"S12000005","type":"DZ","pop":438,"r":66,"ff":26,"ffd":5936.1,"ffs":0.4906,"g":13,"co":0,"mo":0,"sa":3,"ic":0},"geometry":{"type":"Polygon","coordinates":[[[-3.75556,56.10969],[-3.75724,56.10962],[-3.7577,56.10942],[-3.75777,56.10823],[-3.75628,56.10859],[-3.75622,56.1073],[-3.75658,56.10731],[-3.75688,56.10675],[-3.75612,56.10663],[-3.75587,56.10629],[-3.75531,56.10637],[-3.75454,56.10555],[-3.75443,56.10521],[-3.75376,56.1052],[-3.75353,56.10495],[-3.75241,56.10516],[-3.75163,56.10383],[-3.75109,56.10379],[-3.75116,56.10341],[-3.74974,56.10357],[-3.74983,56.10393],[-3.75035,56.10382],[-3.75091,56.10487],[-3.75067,56.10495],[-3.75088,56.10514],[-3.75068,56.10538],[-3.75186,56.10661],[-3.75213,56.10653],[-3.75286,56.10726],[-3.75269,56.10745],[-3.75378,56.10758],[-3.75379,56.1078],[-3.7535,56.10779],[-3.75344,56.10867],[-3.7545,56.10879],[-3.7547,56.10949],[-3.75556,56.10969]]]}},{"type":"Feature","properties":{"id":"S01015140","name":"Alloa South and East - 04","parent":"S12000005","type":"DZ","pop":652,"r":69,"ff":27,"ffd":4141.1,"ffs":0.4821,"g":13,"co":0,"mo":0,"sa":3,"ic":0},"geometry":{"type":"Polygon","coordinates":[[[-3.78152,56.11272],[-3.78163,56.11311],[-3.78139,56.11314],[-3.7811,56.11475],[-3.78492,56.11535],[-3.78643,56.11458],[-3.78348,56.11329],[-3.78394,56.11283],[-3.78538,56.11229],[-3.78643,56.11321],[-3.78788,56.11274],[-3.79038,56.11255],[-3.79053,56.11224],[-3.79001,56.11217],[-3.79004,56.11129],[-3.78987,56.11094],[-3.78882,56.11085],[-3.78874,56.11125],[-3.78901,56.11134],[-3.78897,56.11149],[-3.78799,56.11168],[-3.78803,56.11152],[-3.78736,56.11135],[-3.78734,56.11169],[-3.78699,56.11176],[-3.78536,56.11141],[-3.78527,56.11029],[-3.7827,56.11015],[-3.78109,56.1104],[-3.78085,56.10989],[-3.77836,56.10983],[-3.77741,56.10956],[-3.77716,56.10976],[-3.77737,56.11016],[-3.77678,56.11062],[-3.77743,56.1111],[-3.77854,56.11153],[-3.77962,56.11092],[-3.78102,56.11189],[-3.78128,56.11183],[-3.78152,56.11272]]]}},{"type":"Feature","properties":{"id":"S01015141","name":"Alloa South and East - 05","parent":"S12000005","type":"DZ","pop":745,"r":68,"ff":27,"ffd":3624.2,"ffs":0.4909,"g":13,"co":0,"mo":0,"sa":3,"ic":0},"geometry":{"type":"Polygon","coordinates":[[[-3.78536,56.11141],[-3.78699,56.11176],[-3.78734,56.11169],[-3.78736,56.11135],[-3.78803,56.11152],[-3.78799,56.11168],[-3.78859,56.11162],[-3.78897,56.11149],[-3.78901,56.11134],[-3.78874,56.11125],[-3.78882,56.11085],[-3.78987,56.11094],[-3.78957,56.11046],[-3.79189,56.11066],[-3.79244,56.10856],[-3.79135,56.10839],[-3.79115,56.10704],[-3.79024,56.107],[-3.78954,56.10647],[-3.78696,56.10754],[-3.78612,56.10761],[-3.7864,56.10785],[-3.78649,56.10855],[-3.78208,56.10864],[-3.7809,56.10897],[-3.78085,56.10989],[-3.78109,56.1104],[-3.7827,56.11015],[-3.78527,56.11029],[-3.78536,56.11141]]]}},{"type":"Feature","properties":{"id":"S01015142","name":"Alloa South and East - 06","parent":"S12000005","type":"DZ","pop":935,"r":69,"ff":27,"ffd":2887.7,"ffs":0.4821,"g":13,"co":0,"mo":0,"sa":3,"ic":0},"geometry":{"type":"Polygon","coordinates":[[[-3.79202,56.1176],[-3.79305,56.11753],[-3.79296,56.11733],[-3.79341,56.11713],[-3.79292,56.11696],[-3.79348,56.11637],[-3.79511,56.11335],[-3.79534,56.11348],[-3.79535,56.11391],[-3.79579,56.11386],[-3.79595,56.11456],[-3.79627,56.11484],[-3.79682,56.11472],[-3.79676,56.1146],[-3.79741,56.11467],[-3.79748,56.1145],[-3.79787,56.11455],[-3.79789,56.11416],[-3.79859,56.11423],[-3.79873,56.11385],[-3.79945,56.11394],[-3.79994,56.11282],[-3.80198,56.11302],[-3.80219,56.11213],[-3.80415,56.1123],[-3.80403,56.1122],[-3.80416,56.11206],[-3.80588,56.11198],[-3.80583,56.11056],[-3.8052,56.11035],[-3.8038,56.11034],[-3.80337,56.11017],[-3.80335,56.11],[-3.8012,56.10971],[-3.79767,56.10868],[-3.79725,56.10896],[-3.79736,56.10887],[-3.79711,56.10894],[-3.79594,56.10844],[-3.79505,56.10861],[-3.79457,56.10845],[-3.79244,56.10856],[-3.79189,56.11066],[-3.78957,56.11046],[-3.79004,56.11129],[-3.79001,56.11217],[-3.79053,56.11224],[-3.79038,56.11255],[-3.78788,56.11274],[-3.78643,56.11321],[-3.78538,56.11229],[-3.78394,56.11283],[-3.78348,56.11329],[-3.78643,56.11458],[-3.78492,56.11535],[-3.78482,56.11643],[-3.78756,56.11639],[-3.78924,56.11692],[-3.79198,56.11738],[-3.79202,56.1176]]]}},{"type":"Feature","properties":{"id":"S01015143","name":"Alloa North - 01","parent":"S12000005","type":"DZ","pop":947,"r":69,"ff":27,"ffd":2851.1,"ffs":0.4821,"g":13,"co":0,"mo":0,"sa":3,"ic":0},"geometry":{"type":"Polygon","coordinates":[[[-3.79994,56.12413],[-3.80008,56.12397],[-3.79544,56.12248],[-3.79567,56.12219],[-3.79626,56.12238],[-3.79721,56.12224],[-3.79955,56.12158],[-3.79937,56.12141],[-3.79955,56.12132],[-3.7992,56.12102],[-3.79901,56.12112],[-3.79836,56.12059],[-3.79866,56.12048],[-3.79849,56.12032],[-3.79819,56.12036],[-3.79807,56.12009],[-3.79822,56.11977],[-3.79556,56.11743],[-3.79018,56.11782],[-3.78942,56.11844],[-3.79017,56.11909],[-3.79217,56.11839],[-3.79237,56.12026],[-3.79147,56.1203],[-3.79151,56.12016],[-3.79111,56.12012],[-3.79097,56.12065],[-3.78918,56.1207],[-3.78846,56.12126],[-3.78905,56.12136],[-3.78903,56.12152],[-3.79151,56.12162],[-3.79128,56.12197],[-3.79173,56.122],[-3.79147,56.12231],[-3.79258,56.12237],[-3.79289,56.122],[-3.79994,56.12413]]]}},{"type":"Feature","properties":{"id":"S01015144","name":"Alloa North - 02","parent":"S12000005","type":"DZ","pop":554,"r":69,"ff":27,"ffd":4873.6,"ffs":0.4821,"g":13,"co":0,"mo":0,"sa":3,"ic":0},"geometry":{"type":"Polygon","coordinates":[[[-3.79405,56.12447],[-3.79692,56.12566],[-3.7982,56.12529],[-3.80048,56.125],[-3.80097,56.12446],[-3.80039,56.12409],[-3.79936,56.12407],[-3.79289,56.122],[-3.79258,56.12237],[-3.79147,56.12231],[-3.79173,56.122],[-3.79128,56.12197],[-3.79151,56.12162],[-3.78832,56.12143],[-3.78753,56.1225],[-3.78824,56.12268],[-3.78753,56.12324],[-3.78805,56.12344],[-3.79273,56.12377],[-3.79273,56.12402],[-3.79405,56.12447]]]}},{"type":"Feature","properties":{"id":"S01015145","name":"Alloa North - 03","parent":"S12000005","type":"DZ","pop":884,"r":69,"ff":27,"ffd":3054.3,"ffs":0.4821,"g":13,"co":2,"mo":0,"sa":3,"ic":0},"geometry":{"type":"Polygon","coordinates":[[[-3.78764,56.12873],[-3.78788,56.12893],[-3.7894,56.12848],[-3.79046,56.12868],[-3.79075,56.12836],[-3.79038,56.12824],[-3.7907,56.12787],[-3.79101,56.12795],[-3.79141,56.12751],[-3.7912,56.12743],[-3.7917,56.12705],[-3.79318,56.12773],[-3.79338,56.12803],[-3.79409,56.12798],[-3.79426,56.12838],[-3.7952,56.12831],[-3.79554,56.12684],[-3.79497,56.12688],[-3.79501,56.12625],[-3.79926,56.12603],[-3.79904,56.12568],[-3.7982,56.12549],[-3.79814,56.12531],[-3.79692,56.12566],[-3.79273,56.12402],[-3.79273,56.12377],[-3.78805,56.12344],[-3.78753,56.12324],[-3.78721,56.12376],[-3.78646,56.12391],[-3.78765,56.12441],[-3.78828,56.12556],[-3.78909,56.12607],[-3.78848,56.1262],[-3.78846,56.12671],[-3.79023,56.12685],[-3.79005,56.12707],[-3.78747,56.127],[-3.78745,56.12739],[-3.78671,56.12738],[-3.78628,56.12758],[-3.78764,56.12873]]]}},{"type":"Feature","properties":{"id":"S01015146","name":"Alloa North - 04","parent":"S12000005","type":"DZ","pop":644,"r":69,"ff":27,"ffd":4192.5,"ffs":0.4821,"g":13,"co":0,"mo":0,"sa":3,"ic":0},"geometry":{"type":"Polygon","coordinates":[[[-3.80144,56.12492],[-3.80119,56.12549],[-3.80228,56.12589],[-3.80284,56.12552],[-3.80241,56.12481],[-3.80263,56.12458],[-3.8036,56.12488],[-3.8041,56.12436],[-3.80495,56.12488],[-3.80536,56.12468],[-3.80207,56.12253],[-3.80233,56.1224],[-3.80166,56.12195],[-3.80173,56.12181],[-3.80109,56.12164],[-3.8,56.12192],[-3.79955,56.12158],[-3.79721,56.12224],[-3.79626,56.12238],[-3.79567,56.12219],[-3.79544,56.12248],[-3.80008,56.12397],[-3.80003,56.12417],[-3.80039,56.12409],[-3.80144,56.12492]]]}},{"type":"Feature","properties":{"id":"S01015147","name":"Alloa North - 05","parent":"S12000005","type":"DZ","pop":424,"r":69,"ff":27,"ffd":6367.9,"ffs":0.4821,"g":13,"co":0,"mo":0,"sa":3,"ic":0},"geometry":{"type":"Polygon","coordinates":[[[-3.80755,56.12286],[-3.80811,56.12307],[-3.80778,56.12342],[-3.80859,56.12388],[-3.80906,56.12401],[-3.80977,56.12375],[-3.80926,56.12315],[-3.80937,56.1231],[-3.80797,56.12226],[-3.8076,56.12214],[-3.80709,56.12249],[-3.80633,56.1222],[-3.80689,56.12172],[-3.80437,56.12049],[-3.80468,56.12029],[-3.80436,56.12018],[-3.80406,56.12047],[-3.80315,56.12019],[-3.80164,56.1219],[-3.80233,56.1224],[-3.80207,56.12253],[-3.80441,56.12404],[-3.80493,56.12377],[-3.80409,56.12313],[-3.8058,56.12232],[-3.80642,56.12244],[-3.80654,56.12268],[-3.80614,56.12281],[-3.80623,56.12309],[-3.80707,56.12307],[-3.80731,56.12283],[-3.80755,56.12286]]]}},{"type":"Feature","properties":{"id":"S01015148","name":"Alloa North - 06","parent":"S12000005","type":"DZ","pop":576,"r":69,"ff":27,"ffd":4687.5,"ffs":0.4821,"g":13,"co":0,"mo":0,"sa":3,"ic":0},"geometry":{"type":"Polygon","coordinates":[[[-3.81003,56.1263],[-3.80983,56.12594],[-3.81064,56.12384],[-3.80977,56.12375],[-3.80906,56.12401],[-3.80859,56.12388],[-3.80778,56.12342],[-3.80811,56.12307],[-3.80802,56.12298],[-3.80731,56.12283],[-3.80707,56.12307],[-3.80623,56.12309],[-3.80614,56.12281],[-3.80654,56.12268],[-3.80642,56.12244],[-3.8058,56.12232],[-3.80409,56.12313],[-3.80493,56.12377],[-3.80441,56.12404],[-3.80701,56.1256],[-3.80835,56.12629],[-3.80878,56.126],[-3.81003,56.1263]]]}},{"type":"Feature","properties":{"id":"S01015149","name":"Alloa North - 07","parent":"S12000005","type":"DZ","pop":413,"r":69,"ff":27,"ffd":6537.5,"ffs":0.4821,"g":13,"co":0,"mo":0,"sa":3,"ic":0},"geometry":{"type":"Polygon","coordinates":[[[-3.81107,56.12825],[-3.81124,56.12833],[-3.81112,56.12846],[-3.81189,56.12893],[-3.81272,56.13009],[-3.81335,56.13013],[-3.81318,56.12992],[-3.81356,56.12982],[-3.81261,56.12869],[-3.81322,56.12848],[-3.81138,56.12738],[-3.80911,56.12662],[-3.81003,56.1263],[-3.80878,56.126],[-3.80835,56.12629],[-3.80808,56.12614],[-3.80732,56.12625],[-3.80692,56.12652],[-3.80589,56.12596],[-3.80502,56.1263],[-3.80485,56.12671],[-3.80665,56.12753],[-3.80652,56.12787],[-3.80941,56.12794],[-3.81107,56.12825]]]}},{"type":"Feature","properties":{"id":"S01015150","name":"Alloa North - 08","parent":"S12000005","type":"DZ","pop":491,"r":69,"ff":27,"ffd":5499.0,"ffs":0.4821,"g":13,"co":0,"mo":0,"sa":3,"ic":0},"geometry":{"type":"Polygon","coordinates":[[[-3.81362,56.13049],[-3.81509,56.13087],[-3.8153,56.13102],[-3.81497,56.13113],[-3.81532,56.13145],[-3.81598,56.13122],[-3.81442,56.12988],[-3.81398,56.12917],[-3.81723,56.12925],[-3.8179,56.12901],[-3.81949,56.12898],[-3.82107,56.12814],[-3.82148,56.12723],[-3.81923,56.12628],[-3.81735,56.12522],[-3.81624,56.12576],[-3.81631,56.12595],[-3.8174,56.12583],[-3.81783,56.126],[-3.81736,56.12642],[-3.81739,56.12701],[-3.81658,56.12662],[-3.81491,56.12673],[-3.81602,56.12747],[-3.81596,56.12783],[-3.81616,56.12814],[-3.81503,56.12884],[-3.81473,56.12886],[-3.8147,56.12858],[-3.81322,56.12848],[-3.81261,56.12869],[-3.81356,56.12982],[-3.81318,56.12992],[-3.81324,56.13017],[-3.81253,56.1302],[-3.81362,56.13049]]]}},{"type":"Feature","properties":{"id":"S01015151","name":"Alloa North - 09","parent":"S12000005","type":"DZ","pop":801,"r":68,"ff":26,"ffd":3245.9,"ffs":0.4727,"g":13,"co":0,"mo":0,"sa":3,"ic":0},"geometry":{"type":"Polygon","coordinates":[[[-3.81359,56.12856],[-3.8147,56.12858],[-3.81473,56.12886],[-3.81503,56.12884],[-3.81616,56.12814],[-3.81596,56.12783],[-3.81602,56.12747],[-3.81491,56.12673],[-3.81658,56.12662],[-3.81739,56.12701],[-3.81736,56.12642],[-3.81783,56.126],[-3.8174,56.12583],[-3.81631,56.12595],[-3.81624,56.12576],[-3.81735,56.12522],[-3.81608,56.12404],[-3.81607,56.12257],[-3.8163,56.1218],[-3.81795,56.12113],[-3.81463,56.12043],[-3.81312,56.12241],[-3.81199,56.12247],[-3.81124,56.12194],[-3.81102,56.12212],[-3.81054,56.12195],[-3.81033,56.12228],[-3.80967,56.12244],[-3.80996,56.1231],[-3.80942,56.12321],[-3.80947,56.12348],[-3.80977,56.12375],[-3.81064,56.12384],[-3.80983,56.12594],[-3.81003,56.1263],[-3.80911,56.12662],[-3.81138,56.12738],[-3.81332,56.12857],[-3.81359,56.12856]]]}},{"type":"Feature","properties":{"id":"S01015152","name":"Alloa West - 01","parent":"S12000005","type":"DZ","pop":750,"r":69,"ff":27,"ffd":3600.0,"ffs":0.4821,"g":13,"co":0,"mo":0,"sa":3,"ic":0},"geometry":{"type":"Polygon","coordinates":[[[-3.80937,56.1231],[-3.80926,56.12315],[-3.80996,56.1231],[-3.80967,56.12244],[-3.81033,56.12228],[-3.81054,56.12195],[-3.81102,56.12212],[-3.81146,56.12199],[-3.81199,56.12247],[-3.81312,56.12241],[-3.81463,56.12043],[-3.81795,56.12113],[-3.81936,56.11861],[-3.81704,56.1181],[-3.81586,56.11803],[-3.81514,56.11705],[-3.81399,56.1169],[-3.81296,56.11836],[-3.80835,56.11761],[-3.80454,56.11733],[-3.8029,56.11849],[-3.80344,56.11878],[-3.80322,56.11893],[-3.8036,56.11909],[-3.80267,56.11982],[-3.80338,56.11994],[-3.80315,56.12019],[-3.80406,56.12047],[-3.80436,56.12018],[-3.80468,56.12029],[-3.80437,56.12049],[-3.80689,56.12172],[-3.80633,56.1222],[-3.8066,56.12236],[-3.80724,56.12246],[-3.8076,56.12214],[-3.80937,56.1231]]]}},{"type":"Feature","properties":{"id":"S01015153","name":"Alloa West - 02","parent":"S12000005","type":"DZ","pop":486,"r":69,"ff":27,"ffd":5555.6,"ffs":0.4821,"g":13,"co":0,"mo":0,"sa":3,"ic":0},"geometry":{"type":"Polygon","coordinates":[[[-3.8,56.12192],[-3.80075,56.12161],[-3.80173,56.12181],[-3.80338,56.11994],[-3.80267,56.11982],[-3.8036,56.11909],[-3.80322,56.11893],[-3.80344,56.11878],[-3.8029,56.11849],[-3.80454,56.11733],[-3.79882,56.11737],[-3.7999,56.11783],[-3.79955,56.11823],[-3.79909,56.118],[-3.79893,56.11824],[-3.79737,56.11799],[-3.79654,56.11824],[-3.79822,56.11977],[-3.79807,56.12009],[-3.79819,56.12036],[-3.79844,56.12028],[-3.79866,56.12048],[-3.79836,56.12059],[-3.79901,56.12112],[-3.7992,56.12102],[-3.79955,56.12132],[-3.79937,56.12141],[-3.8,56.12192]]]}},{"type":"Feature","properties":{"id":"S01015154","name":"Alloa West - 03","parent":"S12000005","type":"DZ","pop":922,"r":69,"ff":27,"ffd":2928.4,"ffs":0.4821,"g":13,"co":0,"mo":0,"sa":3,"ic":0},"geometry":{"type":"Polygon","coordinates":[[[-3.79798,56.11805],[-3.79796,56.11818],[-3.79893,56.11824],[-3.79909,56.118],[-3.79955,56.11823],[-3.7999,56.11783],[-3.79882,56.11737],[-3.80454,56.11733],[-3.80779,56.11757],[-3.80762,56.11676],[-3.80811,56.11649],[-3.80807,56.11615],[-3.80756,56.11583],[-3.8072,56.11585],[-3.80715,56.1156],[-3.80693,56.1156],[-3.80656,56.11615],[-3.80606,56.11613],[-3.80602,56.11592],[-3.80495,56.11598],[-3.80423,56.11546],[-3.80483,56.11517],[-3.80484,56.11501],[-3.80511,56.11502],[-3.80523,56.11469],[-3.8048,56.11461],[-3.80488,56.11441],[-3.80537,56.11438],[-3.8057,56.11367],[-3.80524,56.11363],[-3.8053,56.11337],[-3.79994,56.11282],[-3.79945,56.11394],[-3.79873,56.11385],[-3.79859,56.11423],[-3.79789,56.11416],[-3.79787,56.11455],[-3.79676,56.1146],[-3.79682,56.11472],[-3.79627,56.11484],[-3.79595,56.11456],[-3.79579,56.11386],[-3.79535,56.11391],[-3.79534,56.11348],[-3.79511,56.11335],[-3.79348,56.11637],[-3.79292,56.11696],[-3.79341,56.11713],[-3.79296,56.11733],[-3.79305,56.11753],[-3.79556,56.11743],[-3.79654,56.11824],[-3.79721,56.11816],[-3.7972,56.118],[-3.79798,56.11805]]]}},{"type":"Feature","properties":{"id":"S01015155","name":"Alloa West - 04","parent":"S12000005","type":"DZ","pop":570,"r":67,"ff":26,"ffd":4561.4,"ffs":0.4815,"g":13,"co":0,"mo":0,"sa":3,"ic":0},"geometry":{"type":"Polygon","coordinates":[[[-3.80807,56.11615],[-3.80811,56.11649],[-3.80762,56.11676],[-3.80779,56.11757],[-3.81296,56.11836],[-3.81399,56.1169],[-3.81431,56.11528],[-3.81333,56.11495],[-3.81027,56.11485],[-3.80987,56.11561],[-3.80938,56.11553],[-3.80953,56.11525],[-3.80693,56.11516],[-3.8069,56.11474],[-3.80603,56.1147],[-3.80585,56.11504],[-3.80484,56.11501],[-3.80483,56.11517],[-3.80423,56.11546],[-3.80495,56.11598],[-3.80602,56.11592],[-3.80606,56.11613],[-3.80656,56.11615],[-3.80693,56.1156],[-3.80715,56.1156],[-3.8072,56.11585],[-3.80756,56.11583],[-3.80807,56.11615]]]}},{"type":"Feature","properties":{"id":"S01015156","name":"Alloa West - 05","parent":"S12000005","type":"DZ","pop":687,"r":67,"ff":26,"ffd":3784.6,"ffs":0.4815,"g":13,"co":0,"mo":0,"sa":3,"ic":0},"geometry":{"type":"MultiPolygon","coordinates":[[[[-3.81428,56.10954],[-3.81038,56.10869],[-3.81155,56.10799],[-3.81257,56.10682],[-3.81281,56.10601],[-3.81276,56.10415],[-3.81308,56.10356],[-3.81488,56.10271],[-3.8173,56.10212],[-3.81961,56.10191],[-3.82272,56.10217],[-3.82145,56.10363],[-3.82091,56.10474],[-3.82034,56.10733],[-3.82026,56.10865],[-3.81989,56.10928],[-3.81746,56.1097],[-3.81428,56.10954]]],[[[-3.81155,56.11488],[-3.81027,56.11485],[-3.80987,56.11561],[-3.80938,56.11553],[-3.80953,56.11525],[-3.80693,56.11516],[-3.8069,56.11474],[-3.80603,56.1147],[-3.80585,56.11504],[-3.80511,56.11502],[-3.80523,56.11469],[-3.8048,56.11461],[-3.80488,56.11441],[-3.80537,56.11438],[-3.8057,56.11367],[-3.80524,56.11363],[-3.8053,56.11337],[-3.80198,56.11302],[-3.80219,56.11213],[-3.80415,56.1123],[-3.80403,56.1122],[-3.80416,56.11206],[-3.80588,56.11198],[-3.80583,56.11056],[-3.80932,56.11092],[-3.81317,56.11166],[-3.81461,56.11173],[-3.81609,56.1117],[-3.82002,56.11094],[-3.82249,56.10988],[-3.82377,56.10868],[-3.82555,56.10552],[-3.82673,56.10443],[-3.82632,56.10402],[-3.8264,56.10354],[-3.8271,56.10319],[-3.82939,56.10321],[-3.83112,56.10354],[-3.83213,56.10408],[-3.83331,56.10544],[-3.83318,56.10627],[-3.83268,56.10667],[-3.82941,56.10782],[-3.82758,56.10869],[-3.82683,56.10931],[-3.82599,56.11089],[-3.82611,56.11116],[-3.82587,56.11169],[-3.82613,56.11269],[-3.82393,56.11197],[-3.82236,56.113],[-3.82088,56.11358],[-3.81684,56.11452],[-3.81527,56.11575],[-3.81509,56.11607],[-3.81514,56.11705],[-3.81399,56.1169],[-3.81431,56.11528],[-3.81414,56.11514],[-3.81155,56.11488]]],[[[-3.82757,56.11081],[-3.82807,56.11092],[-3.82774,56.11052],[-3.82792,56.11],[-3.82949,56.10917],[-3.8317,56.10877],[-3.83293,56.10865],[-3.83317,56.10877],[-3.8329,56.10949],[-3.83182,56.10912],[-3.83291,56.10984],[-3.83265,56.11078],[-3.83238,56.111],[-3.8318,56.11241],[-3.83153,56.11363],[-3.83118,56.11402],[-3.83045,56.11404],[-3.8285,56.11334],[-3.82764,56.11279],[-3.82733,56.11234],[-3.82748,56.11207],[-3.82726,56.11137],[-3.82729,56.11104],[-3.82757,56.11081]]]]}}]}