{"type":"FeatureCollection","features":[{"type":"Feature","properties":{"id":"S01016184","name":"Larbert - Inches  - 02","parent":"S12000014","type":"DZ","pop":871,"r":118,"ff":47,"ffd":5396.1,"ffs":0.5341,"g":29,"co":2,"mo":0,"sa":0,"ic":0},"geometry":{"type":"Polygon","coordinates":[[[-3.82069,56.0376],[-3.81901,56.03828],[-3.82164,56.03975],[-3.82276,56.04094],[-3.8259,56.04126],[-3.82741,56.04048],[-3.82668,56.03661],[-3.82518,56.03663],[-3.82522,56.03719],[-3.82438,56.03753],[-3.82414,56.03725],[-3.82245,56.03649],[-3.82041,56.03736],[-3.82069,56.0376]]]}},{"type":"Feature","properties":{"id":"S01016185","name":"Larbert - Inches  - 03","parent":"S12000014","type":"DZ","pop":815,"r":126,"ff":50,"ffd":6135.0,"ffs":0.5208,"g":29,"co":2,"mo":0,"sa":0,"ic":0},"geometry":{"type":"Polygon","coordinates":[[[-3.81437,56.03602],[-3.81901,56.03828],[-3.82069,56.0376],[-3.82041,56.03736],[-3.82245,56.03649],[-3.82153,56.03601],[-3.82158,56.03577],[-3.82326,56.0355],[-3.8236,56.03568],[-3.82398,56.03546],[-3.82403,56.03507],[-3.82348,56.035],[-3.82373,56.03426],[-3.82286,56.03317],[-3.81333,56.0354],[-3.81437,56.03602]]]}},{"type":"Feature","properties":{"id":"S01016186","name":"Larbert - Inches  - 04","parent":"S12000014","type":"DZ","pop":665,"r":126,"ff":49,"ffd":7368.4,"ffs":0.5104,"g":29,"co":2,"mo":0,"sa":0,"ic":0},"geometry":{"type":"Polygon","coordinates":[[[-3.8233,56.03694],[-3.82414,56.03725],[-3.82438,56.03753],[-3.82522,56.03719],[-3.82518,56.03663],[-3.82545,56.03663],[-3.82544,56.03634],[-3.82498,56.03631],[-3.82533,56.03604],[-3.82657,56.03604],[-3.82644,56.03536],[-3.82814,56.03459],[-3.82757,56.03349],[-3.82926,56.03314],[-3.82715,56.03284],[-3.827,56.0326],[-3.8265,56.03272],[-3.82613,56.03231],[-3.82286,56.03317],[-3.82373,56.03426],[-3.82348,56.035],[-3.82403,56.03507],[-3.82398,56.03546],[-3.8236,56.03568],[-3.82326,56.0355],[-3.8219,56.03567],[-3.82158,56.03577],[-3.82153,56.03601],[-3.8233,56.03694]]]}},{"type":"Feature","properties":{"id":"S01016142","name":"Dunipace - 01","parent":"S12000014","type":"DZ","pop":884,"r":31,"ff":17,"ffd":1923.1,"ffs":0.6071,"g":3,"co":3,"mo":3,"sa":1,"ic":1},"geometry":{"type":"Polygon","coordinates":[[[-3.93735,56.05018],[-3.9394,56.05077],[-3.94284,56.05098],[-3.9429,56.05001],[-3.94399,56.04982],[-3.94413,56.04961],[-3.94641,56.0497],[-3.94691,56.04918],[-3.95433,56.05007],[-3.95532,56.04993],[-3.95665,56.04934],[-3.96126,56.0482],[-3.97336,56.04863],[-3.97595,56.04765],[-3.97915,56.04362],[-3.97837,56.04035],[-3.97865,56.03939],[-3.97742,56.0388],[-3.97533,56.03867],[-3.97228,56.03801],[-3.97329,56.03608],[-3.97046,56.03597],[-3.97119,56.03412],[-3.97107,56.03355],[-3.96957,56.03349],[-3.96959,56.03326],[-3.96917,56.03305],[-3.96828,56.0329],[-3.96725,56.03289],[-3.96566,56.03332],[-3.96529,56.03308],[-3.96499,56.03223],[-3.96389,56.03199],[-3.96141,56.03073],[-3.95884,56.03041],[-3.959,56.02945],[-3.9545,56.02877],[-3.95405,56.02854],[-3.95275,56.02896],[-3.95051,56.02868],[-3.95002,56.0283],[-3.94939,56.02695],[-3.94891,56.02653],[-3.94823,56.02648],[-3.94648,56.0268],[-3.94351,56.02672],[-3.94054,56.02716],[-3.93936,56.02667],[-3.93617,56.02601],[-3.9349,56.02536],[-3.93395,56.02529],[-3.93323,56.02491],[-3.92692,56.02404],[-3.92531,56.02328],[-3.92369,56.02365],[-3.92354,56.02377],[-3.92363,56.02426],[-3.92319,56.02471],[-3.92282,56.02481],[-3.92388,56.02926],[-3.92409,56.03098],[-3.92396,56.0322],[-3.92353,56.03303],[-3.9219,56.0349],[-3.92151,56.03441],[-3.92197,56.03388],[-3.9219,56.03313],[-3.92166,56.03276],[-3.92095,56.03247],[-3.91992,56.0314],[-3.91831,56.03075],[-3.91689,56.03062],[-3.91591,56.03026],[-3.91726,56.02972],[-3.91848,56.03036],[-3.91924,56.03022],[-3.91873,56.029],[-3.91619,56.02867],[-3.91403,56.0291],[-3.91385,56.02968],[-3.91523,56.03163],[-3.91471,56.03153],[-3.91446,56.031],[-3.91334,56.03067],[-3.90748,56.02802],[-3.90656,56.0285],[-3.90601,56.02852],[-3.90091,56.02652],[-3.89934,56.02559],[-3.89534,56.02517],[-3.89236,56.02611],[-3.89182,56.02644],[-3.89132,56.02639],[-3.89096,56.02695],[-3.89036,56.02701],[-3.88944,56.02624],[-3.88795,56.02666],[-3.88708,56.02733],[-3.88371,56.02778],[-3.87852,56.03113],[-3.87746,56.03098],[-3.8778,56.03447],[-3.87729,56.03499],[-3.87571,56.03573],[-3.87396,56.03753],[-3.8727,56.04005],[-3.8717,56.04061],[-3.86906,56.04037],[-3.8679,56.04275],[-3.86572,56.04244],[-3.86452,56.04336],[-3.86599,56.04425],[-3.86709,56.04369],[-3.86742,56.04376],[-3.86702,56.04455],[-3.86747,56.04484],[-3.8673,56.04506],[-3.8689,56.04606],[-3.87267,56.04769],[-3.87212,56.04837],[-3.87089,56.04922],[-3.8703,56.04952],[-3.86979,56.04927],[-3.87016,56.04894],[-3.86848,56.04831],[-3.86869,56.04792],[-3.86983,56.04747],[-3.86845,56.04705],[-3.86621,56.04597],[-3.86592,56.0461],[-3.8646,56.04578],[-3.86292,56.04454],[-3.86276,56.04541],[-3.86315,56.04603],[-3.86304,56.04636],[-3.86412,56.0468],[-3.86507,56.04753],[-3.8648,56.04837],[-3.86409,56.04884],[-3.86494,56.04948],[-3.86537,56.04972],[-3.86748,56.05001],[-3.86795,56.04986],[-3.86819,56.05005],[-3.8694,56.05009],[-3.86975,56.04987],[-3.87077,56.05037],[-3.87362,56.05041],[-3.87383,56.04977],[-3.87376,56.04935],[-3.87326,56.04877],[-3.87331,56.04833],[-3.87378,56.04833],[-3.87536,56.04766],[-3.87575,56.0476],[-3.87603,56.04781],[-3.87673,56.04754],[-3.87711,56.04775],[-3.87769,56.04731],[-3.87942,56.04703],[-3.88332,56.04743],[-3.88424,56.0479],[-3.88811,56.04831],[-3.88922,56.04824],[-3.89029,56.04856],[-3.8915,56.04848],[-3.89194,56.04818],[-3.89306,56.04793],[-3.89334,56.047],[-3.89475,56.0464],[-3.89473,56.0461],[-3.89513,56.04575],[-3.89674,56.04543],[-3.90096,56.04627],[-3.90527,56.04777],[-3.91463,56.0493],[-3.92001,56.04835],[-3.92058,56.04881],[-3.92062,56.0495],[-3.92272,56.0495],[-3.92388,56.05006],[-3.92466,56.04962],[-3.92462,56.04922],[-3.92493,56.04883],[-3.93034,56.0499],[-3.93463,56.04941],[-3.93735,56.05018]]]}},{"type":"Feature","properties":{"id":"S01016143","name":"Dunipace - 02","parent":"S12000014","type":"DZ","pop":723,"r":31,"ff":17,"ffd":2351.3,"ffs":0.6071,"g":3,"co":3,"mo":3,"sa":1,"ic":1},"geometry":{"type":"Polygon","coordinates":[[[-3.91637,56.03046],[-3.91921,56.03103],[-3.91992,56.0314],[-3.92095,56.03247],[-3.92166,56.03276],[-3.9219,56.03313],[-3.92197,56.03388],[-3.92151,56.03441],[-3.9219,56.0349],[-3.92296,56.03385],[-3.92396,56.0322],[-3.92409,56.03098],[-3.92363,56.02812],[-3.92245,56.02837],[-3.92217,56.02878],[-3.92099,56.02896],[-3.92034,56.02886],[-3.92026,56.02854],[-3.91973,56.02838],[-3.91749,56.028],[-3.9174,56.02841],[-3.91586,56.02802],[-3.91506,56.0289],[-3.91619,56.02867],[-3.91873,56.029],[-3.91924,56.03022],[-3.91848,56.03036],[-3.91726,56.02972],[-3.91591,56.03026],[-3.91637,56.03046]]]}},{"type":"Feature","properties":{"id":"S01016144","name":"Dunipace - 03","parent":"S12000014","type":"DZ","pop":566,"r":31,"ff":17,"ffd":3003.5,"ffs":0.6071,"g":3,"co":3,"mo":3,"sa":1,"ic":1},"geometry":{"type":"Polygon","coordinates":[[[-3.90807,56.02832],[-3.91334,56.03067],[-3.91446,56.031],[-3.91471,56.03153],[-3.91523,56.03163],[-3.91385,56.02968],[-3.91403,56.0291],[-3.91506,56.0289],[-3.91586,56.02802],[-3.9174,56.02841],[-3.91749,56.028],[-3.91732,56.02779],[-3.9173,56.02701],[-3.91904,56.0269],[-3.91888,56.02646],[-3.91898,56.02625],[-3.92074,56.02616],[-3.92071,56.026],[-3.91984,56.02542],[-3.92024,56.02525],[-3.91985,56.02502],[-3.9159,56.02531],[-3.91509,56.02517],[-3.91462,56.02551],[-3.91226,56.02598],[-3.91005,56.02674],[-3.90748,56.02802],[-3.90807,56.02832]]]}},{"type":"Feature","properties":{"id":"S01016164","name":"Head of Muir and Dennyloanhead - 04","parent":"S12000014","type":"DZ","pop":540,"r":61,"ff":26,"ffd":4814.8,"ffs":0.5532,"g":13,"co":0,"mo":3,"sa":0,"ic":0},"geometry":{"type":"Polygon","coordinates":[[[-3.90619,56.01159],[-3.90619,56.01243],[-3.90781,56.0124],[-3.90786,56.01171],[-3.90933,56.01145],[-3.9094,56.0107],[-3.90863,56.0106],[-3.91011,56.01016],[-3.90987,56.00982],[-3.91131,56.00943],[-3.91007,56.00769],[-3.91044,56.00762],[-3.91038,56.00738],[-3.90982,56.00751],[-3.90963,56.00722],[-3.90859,56.00737],[-3.90802,56.00715],[-3.90778,56.00558],[-3.90735,56.00555],[-3.90702,56.00669],[-3.90565,56.0069],[-3.90579,56.00717],[-3.90507,56.00723],[-3.90526,56.00752],[-3.90391,56.00764],[-3.90374,56.00817],[-3.90495,56.00835],[-3.90491,56.00859],[-3.90565,56.00941],[-3.90575,56.01002],[-3.90629,56.0099],[-3.90619,56.01159]]]}},{"type":"Feature","properties":{"id":"S01016145","name":"Dunipace - 04","parent":"S12000014","type":"DZ","pop":694,"r":50,"ff":24,"ffd":3458.2,"ffs":0.6,"g":9,"co":2,"mo":3,"sa":0,"ic":0},"geometry":{"type":"Polygon","coordinates":[[[-3.91358,56.02571],[-3.91462,56.02551],[-3.91509,56.02517],[-3.9159,56.02531],[-3.91985,56.02502],[-3.92059,56.02549],[-3.92237,56.02505],[-3.92282,56.02481],[-3.92224,56.0222],[-3.92054,56.02177],[-3.92,56.02182],[-3.9201,56.02268],[-3.91946,56.02276],[-3.91861,56.02248],[-3.91768,56.02281],[-3.91762,56.02341],[-3.91741,56.02351],[-3.91653,56.02342],[-3.916,56.02365],[-3.91602,56.02386],[-3.91638,56.02383],[-3.91647,56.02399],[-3.91602,56.02444],[-3.91518,56.02475],[-3.91515,56.02504],[-3.9146,56.02493],[-3.9155,56.02424],[-3.91585,56.02436],[-3.91609,56.02414],[-3.91567,56.024],[-3.91577,56.02378],[-3.91556,56.02361],[-3.91371,56.02392],[-3.91343,56.02401],[-3.91351,56.02414],[-3.91255,56.02438],[-3.91319,56.02478],[-3.9126,56.02505],[-3.91275,56.02521],[-3.91305,56.02513],[-3.91358,56.02571]]]}},{"type":"Feature","properties":{"id":"S01016146","name":"Dunipace - 05","parent":"S12000014","type":"DZ","pop":543,"r":31,"ff":17,"ffd":3130.8,"ffs":0.6071,"g":3,"co":3,"mo":3,"sa":1,"ic":1},"geometry":{"type":"Polygon","coordinates":[[[-3.92092,56.02888],[-3.92217,56.02878],[-3.92245,56.02837],[-3.92363,56.02812],[-3.92282,56.02481],[-3.92125,56.02544],[-3.91994,56.02533],[-3.91984,56.02542],[-3.92074,56.02616],[-3.91898,56.02625],[-3.91888,56.02646],[-3.91904,56.0269],[-3.9173,56.02701],[-3.91732,56.02779],[-3.91749,56.028],[-3.91973,56.02838],[-3.92026,56.02854],[-3.92034,56.02886],[-3.92092,56.02888]]]}},{"type":"Feature","properties":{"id":"S01016147","name":"Fankerton, Stoneywood and Denny Town - 01","parent":"S12000014","type":"DZ","pop":540,"r":28,"ff":15,"ffd":2777.8,"ffs":0.6,"g":3,"co":1,"mo":3,"sa":1,"ic":1},"geometry":{"type":"Polygon","coordinates":[[[-3.97897,56.03947],[-3.98124,56.04004],[-3.98284,56.03993],[-3.98449,56.03945],[-3.98871,56.039],[-3.99182,56.03812],[-3.9923,56.0382],[-3.99312,56.03871],[-3.99454,56.03873],[-3.99511,56.03835],[-3.99594,56.037],[-3.99768,56.03626],[-3.99785,56.03595],[-3.99944,56.03572],[-4.0013,56.03495],[-4.00236,56.03511],[-4.00289,56.035],[-4.00376,56.03441],[-4.00473,56.03336],[-4.00809,56.03175],[-4.0104,56.03088],[-4.01117,56.03091],[-4.01216,56.0313],[-4.01281,56.03125],[-4.01427,56.02998],[-4.01487,56.02968],[-4.01786,56.02976],[-4.01903,56.02845],[-4.02013,56.02804],[-4.01943,56.02751],[-4.01918,56.02675],[-4.01974,56.02643],[-4.01977,56.026],[-4.02023,56.02564],[-4.02003,56.02482],[-4.02033,56.02438],[-4.02014,56.02394],[-4.02054,56.02372],[-4.02095,56.02255],[-4.02176,56.02243],[-4.02237,56.02265],[-4.02326,56.02207],[-4.02366,56.021],[-4.02386,56.01879],[-4.02429,56.01751],[-4.02633,56.01496],[-4.02725,56.01317],[-4.02897,56.01145],[-4.03035,56.00974],[-4.02188,56.01007],[-4.01939,56.00595],[-4.01771,56.00577],[-4.01516,56.00619],[-4.01259,56.00595],[-4.01188,56.00693],[-4.00481,56.0072],[-4.0003,56.00666],[-3.99622,56.00574],[-3.99132,56.00597],[-3.99105,56.00767],[-3.98843,56.00779],[-3.98799,56.00693],[-3.98759,56.00696],[-3.98724,56.00576],[-3.98527,56.00377],[-3.97964,55.99959],[-3.97769,56.00031],[-3.97642,56.00026],[-3.97519,55.99941],[-3.97289,55.9991],[-3.97072,55.99807],[-3.9696,55.99838],[-3.96686,55.99867],[-3.96624,56.00012],[-3.96419,55.99983],[-3.96279,56.00033],[-3.96194,55.99841],[-3.95825,55.99839],[-3.957,55.99912],[-3.95414,55.99895],[-3.94628,56.00054],[-3.94329,56.0014],[-3.94158,56.00137],[-3.94154,56.00004],[-3.94257,55.99913],[-3.94142,55.99888],[-3.93887,55.99899],[-3.93743,55.99953],[-3.93704,55.99882],[-3.93353,55.99917],[-3.93248,55.99812],[-3.92989,55.99825],[-3.92915,55.99854],[-3.9277,55.99866],[-3.92668,55.99813],[-3.92566,55.99873],[-3.91836,56.00153],[-3.91677,56.00269],[-3.91623,56.00345],[-3.91596,56.00503],[-3.91625,56.0059],[-3.91996,56.01084],[-3.92104,56.01323],[-3.92142,56.01472],[-3.92199,56.01978],[-3.91951,56.01955],[-3.91961,56.02071],[-3.92212,56.02108],[-3.92208,56.02059],[-3.92413,56.02051],[-3.92416,56.02068],[-3.92486,56.02064],[-3.92569,56.0214],[-3.92564,56.02167],[-3.92596,56.02183],[-3.92572,56.02197],[-3.92717,56.02227],[-3.92959,56.0223],[-3.93087,56.02155],[-3.93157,56.02147],[-3.93227,56.02185],[-3.93183,56.02213],[-3.93197,56.02233],[-3.93179,56.02244],[-3.93214,56.02257],[-3.932,56.02287],[-3.93332,56.02309],[-3.93304,56.02339],[-3.93369,56.02355],[-3.93381,56.02377],[-3.93332,56.02496],[-3.93395,56.02529],[-3.9349,56.02536],[-3.93617,56.02601],[-3.93936,56.02667],[-3.94054,56.02716],[-3.94351,56.02672],[-3.94648,56.0268],[-3.94823,56.02648],[-3.94891,56.02653],[-3.94939,56.02695],[-3.95002,56.0283],[-3.95051,56.02868],[-3.95275,56.02896],[-3.95405,56.02854],[-3.9545,56.02877],[-3.959,56.02945],[-3.95884,56.03041],[-3.96141,56.03073],[-3.96389,56.03199],[-3.96499,56.03223],[-3.96529,56.03308],[-3.96566,56.03332],[-3.96725,56.03289],[-3.96828,56.0329],[-3.96917,56.03305],[-3.96959,56.03326],[-3.96957,56.03349],[-3.97107,56.03355],[-3.97119,56.03412],[-3.97046,56.03597],[-3.97329,56.03608],[-3.97228,56.03801],[-3.97533,56.03867],[-3.97742,56.0388],[-3.97897,56.03947]]]}},{"type":"Feature","properties":{"id":"S01016148","name":"Fankerton, Stoneywood and Denny Town - 02","parent":"S12000014","type":"DZ","pop":625,"r":46,"ff":21,"ffd":3360.0,"ffs":0.5833,"g":9,"co":0,"mo":3,"sa":0,"ic":0},"geometry":{"type":"Polygon","coordinates":[[[-3.92546,56.02331],[-3.92692,56.02404],[-3.93332,56.02496],[-3.93381,56.02377],[-3.93369,56.02355],[-3.93304,56.02339],[-3.93332,56.02309],[-3.932,56.02287],[-3.93214,56.02257],[-3.93179,56.02244],[-3.93197,56.02233],[-3.93183,56.02213],[-3.93227,56.02185],[-3.93157,56.02147],[-3.93087,56.02155],[-3.92959,56.0223],[-3.92717,56.02227],[-3.92572,56.02197],[-3.92596,56.02183],[-3.92564,56.02167],[-3.92569,56.0214],[-3.92486,56.02064],[-3.92416,56.02068],[-3.92413,56.02051],[-3.92208,56.02059],[-3.9223,56.02264],[-3.92282,56.02481],[-3.92319,56.02471],[-3.92363,56.02426],[-3.92354,56.02377],[-3.92369,56.02365],[-3.92546,56.02331]]]}},{"type":"Feature","properties":{"id":"S01016149","name":"Fankerton, Stoneywood and Denny Town - 03","parent":"S12000014","type":"DZ","pop":544,"r":53,"ff":25,"ffd":4595.6,"ffs":0.5952,"g":10,"co":2,"mo":3,"sa":0,"ic":0},"geometry":{"type":"Polygon","coordinates":[[[-3.91468,56.02476],[-3.9146,56.02493],[-3.91515,56.02504],[-3.91518,56.02475],[-3.91602,56.02444],[-3.91647,56.02399],[-3.91638,56.02383],[-3.91602,56.02386],[-3.916,56.02365],[-3.91653,56.02342],[-3.91741,56.02351],[-3.91762,56.02341],[-3.91756,56.02294],[-3.91793,56.0227],[-3.91861,56.02248],[-3.91946,56.02276],[-3.9201,56.02268],[-3.92,56.02182],[-3.92054,56.02177],[-3.92224,56.0222],[-3.92212,56.02108],[-3.9164,56.02049],[-3.91219,56.02074],[-3.91218,56.02095],[-3.91368,56.02152],[-3.91362,56.02196],[-3.91319,56.02228],[-3.91357,56.02272],[-3.91442,56.02267],[-3.91517,56.02355],[-3.91567,56.02367],[-3.91567,56.024],[-3.91609,56.02414],[-3.91585,56.02436],[-3.9155,56.02424],[-3.91468,56.02476]]]}},{"type":"Feature","properties":{"id":"S01016150","name":"Fankerton, Stoneywood and Denny Town - 04","parent":"S12000014","type":"DZ","pop":551,"r":56,"ff":27,"ffd":4900.2,"ffs":0.6,"g":10,"co":2,"mo":3,"sa":0,"ic":0},"geometry":{"type":"Polygon","coordinates":[[[-3.9128,56.02466],[-3.91255,56.02438],[-3.91522,56.02356],[-3.91442,56.02267],[-3.91357,56.02272],[-3.91331,56.02245],[-3.91319,56.02228],[-3.91362,56.02196],[-3.91368,56.02152],[-3.91218,56.02095],[-3.91219,56.02074],[-3.90918,56.02115],[-3.90658,56.02114],[-3.90678,56.02146],[-3.90728,56.02147],[-3.90734,56.02195],[-3.90708,56.02196],[-3.90704,56.0224],[-3.90744,56.02237],[-3.9075,56.02283],[-3.90875,56.02455],[-3.9128,56.02466]]]}},{"type":"Feature","properties":{"id":"S01016151","name":"Fankerton, Stoneywood and Denny Town - 05","parent":"S12000014","type":"DZ","pop":786,"r":58,"ff":26,"ffd":3307.9,"ffs":0.5778,"g":12,"co":2,"mo":3,"sa":0,"ic":0},"geometry":{"type":"Polygon","coordinates":[[[-3.89934,56.02559],[-3.90091,56.02652],[-3.90601,56.02852],[-3.90707,56.02828],[-3.91005,56.02674],[-3.91358,56.02571],[-3.91305,56.02513],[-3.91275,56.02521],[-3.91253,56.02496],[-3.91319,56.02478],[-3.9128,56.02466],[-3.90875,56.02455],[-3.9075,56.02283],[-3.90744,56.02237],[-3.90704,56.0224],[-3.9071,56.02253],[-3.90514,56.02249],[-3.90499,56.02177],[-3.90512,56.02159],[-3.90357,56.02119],[-3.90344,56.02143],[-3.9018,56.02143],[-3.90173,56.02238],[-3.89974,56.02242],[-3.89941,56.02321],[-3.89955,56.024],[-3.89707,56.02447],[-3.89643,56.02456],[-3.89346,56.02373],[-3.89311,56.02348],[-3.88977,56.02305],[-3.89007,56.02331],[-3.89083,56.02537],[-3.89216,56.02612],[-3.89534,56.02517],[-3.89934,56.02559]]]}},{"type":"Feature","properties":{"id":"S01016152","name":"Fankerton, Stoneywood and Denny Town - 06","parent":"S12000014","type":"DZ","pop":816,"r":57,"ff":26,"ffd":3186.3,"ffs":0.5778,"g":11,"co":0,"mo":3,"sa":0,"ic":0},"geometry":{"type":"Polygon","coordinates":[[[-3.89734,56.02357],[-3.8972,56.02365],[-3.89735,56.02372],[-3.89602,56.02435],[-3.89643,56.02456],[-3.89955,56.024],[-3.89941,56.02321],[-3.89974,56.02242],[-3.90173,56.02238],[-3.9018,56.02143],[-3.90344,56.02143],[-3.90357,56.02119],[-3.90512,56.02159],[-3.90499,56.02177],[-3.90514,56.02249],[-3.9071,56.02253],[-3.90697,56.02225],[-3.90713,56.02223],[-3.90708,56.02196],[-3.90734,56.02195],[-3.90728,56.02147],[-3.90678,56.02146],[-3.90658,56.02114],[-3.90809,56.02118],[-3.90806,56.02065],[-3.90891,56.02078],[-3.90944,56.02061],[-3.90938,56.01962],[-3.90869,56.01961],[-3.90867,56.01927],[-3.909,56.01926],[-3.90892,56.01859],[-3.90862,56.01863],[-3.90868,56.01884],[-3.90758,56.01892],[-3.90786,56.0187],[-3.90778,56.0184],[-3.90808,56.01839],[-3.9081,56.01757],[-3.90787,56.01756],[-3.90788,56.01718],[-3.90754,56.01716],[-3.90779,56.01571],[-3.90684,56.01598],[-3.90677,56.01562],[-3.90604,56.01584],[-3.90649,56.01709],[-3.90423,56.01733],[-3.90439,56.01786],[-3.90386,56.0179],[-3.90308,56.01834],[-3.9018,56.01852],[-3.90171,56.01871],[-3.90048,56.01892],[-3.89993,56.01981],[-3.89944,56.02023],[-3.89963,56.02035],[-3.89817,56.0209],[-3.8986,56.02137],[-3.89799,56.0217],[-3.89844,56.02193],[-3.89851,56.02252],[-3.89805,56.02323],[-3.89779,56.02319],[-3.89734,56.02357]]]}},{"type":"Feature","properties":{"id":"S01016153","name":"Fankerton, Stoneywood and Denny Town - 07","parent":"S12000014","type":"DZ","pop":599,"r":58,"ff":26,"ffd":4340.6,"ffs":0.5778,"g":12,"co":0,"mo":3,"sa":0,"ic":0},"geometry":{"type":"Polygon","coordinates":[[[-3.87379,56.03356],[-3.8725,56.03375],[-3.87571,56.03573],[-3.87729,56.03499],[-3.8778,56.03447],[-3.87746,56.03098],[-3.87852,56.03113],[-3.88371,56.02778],[-3.88708,56.02733],[-3.88795,56.02666],[-3.88944,56.02624],[-3.89036,56.02701],[-3.89096,56.02695],[-3.89132,56.02639],[-3.89182,56.02644],[-3.89238,56.02611],[-3.89083,56.02537],[-3.89007,56.02331],[-3.88977,56.02305],[-3.89311,56.02348],[-3.89346,56.02373],[-3.89602,56.02435],[-3.89735,56.02372],[-3.8972,56.02365],[-3.89779,56.02319],[-3.89805,56.02323],[-3.89851,56.02252],[-3.89844,56.02193],[-3.89799,56.0217],[-3.8986,56.02137],[-3.89817,56.0209],[-3.89963,56.02035],[-3.89944,56.02023],[-3.89993,56.01981],[-3.90048,56.01892],[-3.90171,56.01871],[-3.9018,56.01852],[-3.90308,56.01834],[-3.90386,56.0179],[-3.90439,56.01786],[-3.90423,56.01733],[-3.90649,56.01709],[-3.90604,56.01584],[-3.90181,56.01629],[-3.90162,56.01567],[-3.90027,56.01547],[-3.89974,56.01433],[-3.89947,56.01313],[-3.90268,56.01251],[-3.90619,56.01243],[-3.90629,56.0099],[-3.90575,56.01002],[-3.90565,56.00941],[-3.90491,56.00859],[-3.90495,56.00835],[-3.90374,56.00817],[-3.90391,56.00764],[-3.90526,56.00752],[-3.90507,56.00723],[-3.90579,56.00717],[-3.90565,56.0069],[-3.90702,56.00669],[-3.90839,56.00222],[-3.90533,56.00273],[-3.8919,56.00681],[-3.88337,56.00973],[-3.87988,56.01068],[-3.87889,56.01107],[-3.87634,56.0133],[-3.87715,56.01391],[-3.87704,56.01427],[-3.87583,56.01568],[-3.87584,56.01624],[-3.877,56.01767],[-3.87826,56.0188],[-3.87886,56.0199],[-3.87639,56.02006],[-3.87392,56.01931],[-3.87028,56.01937],[-3.86847,56.02476],[-3.86492,56.02478],[-3.86457,56.02643],[-3.86542,56.02718],[-3.86531,56.02849],[-3.86588,56.02908],[-3.86488,56.02954],[-3.86588,56.03156],[-3.86833,56.03063],[-3.87379,56.03356]]]}},{"type":"Feature","properties":{"id":"S01016154","name":"Fankerton, Stoneywood and Denny Town - 08","parent":"S12000014","type":"DZ","pop":772,"r":56,"ff":26,"ffd":3367.9,"ffs":0.6047,"g":12,"co":0,"mo":3,"sa":0,"ic":0},"geometry":{"type":"Polygon","coordinates":[[[-3.90125,56.01552],[-3.90162,56.01567],[-3.90181,56.01629],[-3.90604,56.01584],[-3.90677,56.01562],[-3.90619,56.01243],[-3.90268,56.01251],[-3.89947,56.01313],[-3.89974,56.01433],[-3.90027,56.01547],[-3.90125,56.01552]]]}},{"type":"Feature","properties":{"id":"S01016155","name":"Denny - Nethermains - 01","parent":"S12000014","type":"DZ","pop":762,"r":54,"ff":25,"ffd":3280.8,"ffs":0.5952,"g":11,"co":0,"mo":3,"sa":0,"ic":0},"geometry":{"type":"Polygon","coordinates":[[[-3.91318,56.01217],[-3.9146,56.01267],[-3.91551,56.01356],[-3.92067,56.01226],[-3.9192,56.00978],[-3.90786,56.01171],[-3.90781,56.0124],[-3.91318,56.01217]]]}},{"type":"Feature","properties":{"id":"S01016156","name":"Denny - Nethermains - 02","parent":"S12000014","type":"DZ","pop":654,"r":53,"ff":25,"ffd":3822.6,"ffs":0.5952,"g":10,"co":0,"mo":3,"sa":0,"ic":0},"geometry":{"type":"Polygon","coordinates":[[[-3.91466,56.02049],[-3.91961,56.02071],[-3.91951,56.01955],[-3.91903,56.01959],[-3.91888,56.01875],[-3.91848,56.01818],[-3.91804,56.01832],[-3.91787,56.01819],[-3.91828,56.01801],[-3.91811,56.01788],[-3.91873,56.01772],[-3.91791,56.0164],[-3.91669,56.01678],[-3.91633,56.01717],[-3.91589,56.01732],[-3.91536,56.01678],[-3.91427,56.01705],[-3.91466,56.01748],[-3.91183,56.01806],[-3.91239,56.01827],[-3.9143,56.01788],[-3.91451,56.01841],[-3.91314,56.01893],[-3.91311,56.01925],[-3.91455,56.01919],[-3.91459,56.01955],[-3.91407,56.01958],[-3.91404,56.01979],[-3.91378,56.01986],[-3.91426,56.02032],[-3.91464,56.02028],[-3.91466,56.02049]]]}},{"type":"Feature","properties":{"id":"S01016157","name":"Denny - Nethermains - 03","parent":"S12000014","type":"DZ","pop":719,"r":54,"ff":24,"ffd":3338.0,"ffs":0.5714,"g":11,"co":0,"mo":3,"sa":0,"ic":0},"geometry":{"type":"Polygon","coordinates":[[[-3.92139,56.01981],[-3.92199,56.01978],[-3.92194,56.01901],[-3.92142,56.01472],[-3.92067,56.01226],[-3.91551,56.01356],[-3.91765,56.01599],[-3.91873,56.01772],[-3.91811,56.01788],[-3.91828,56.01801],[-3.91787,56.01819],[-3.91804,56.01832],[-3.91848,56.01818],[-3.91888,56.01875],[-3.91903,56.01959],[-3.92139,56.01981]]]}},{"type":"Feature","properties":{"id":"S01016158","name":"Denny - Nethermains - 04","parent":"S12000014","type":"DZ","pop":540,"r":53,"ff":25,"ffd":4629.6,"ffs":0.5952,"g":10,"co":0,"mo":3,"sa":0,"ic":0},"geometry":{"type":"Polygon","coordinates":[[[-3.91528,56.01671],[-3.91589,56.01732],[-3.91633,56.01717],[-3.91669,56.01678],[-3.91791,56.0164],[-3.9149,56.01288],[-3.91355,56.01227],[-3.91262,56.01214],[-3.9129,56.01335],[-3.91356,56.01444],[-3.91212,56.01482],[-3.91238,56.01493],[-3.91218,56.01512],[-3.91283,56.01575],[-3.91329,56.01565],[-3.91377,56.01622],[-3.91534,56.0161],[-3.91528,56.01671]]]}},{"type":"Feature","properties":{"id":"S01016159","name":"Denny - Nethermains - 05","parent":"S12000014","type":"DZ","pop":623,"r":52,"ff":24,"ffd":3852.3,"ffs":0.5854,"g":10,"co":0,"mo":3,"sa":0,"ic":0},"geometry":{"type":"Polygon","coordinates":[[[-3.91072,56.0176],[-3.91097,56.01815],[-3.91153,56.01813],[-3.91466,56.01748],[-3.91427,56.01705],[-3.91536,56.01678],[-3.91534,56.0161],[-3.91377,56.01622],[-3.91329,56.01565],[-3.91283,56.01575],[-3.91218,56.01512],[-3.91238,56.01493],[-3.91212,56.01482],[-3.91356,56.01444],[-3.9129,56.01335],[-3.91262,56.01214],[-3.90619,56.01243],[-3.90684,56.01598],[-3.90779,56.01571],[-3.90754,56.01716],[-3.90788,56.01718],[-3.90787,56.01756],[-3.90881,56.01755],[-3.91036,56.01716],[-3.91072,56.0176]]]}},{"type":"Feature","properties":{"id":"S01016160","name":"Denny - Nethermains - 06","parent":"S12000014","type":"DZ","pop":717,"r":53,"ff":25,"ffd":3486.8,"ffs":0.5952,"g":10,"co":0,"mo":3,"sa":0,"ic":0},"geometry":{"type":"Polygon","coordinates":[[[-3.90809,56.02118],[-3.91466,56.02049],[-3.91464,56.02028],[-3.91426,56.02032],[-3.91378,56.01986],[-3.91404,56.01979],[-3.91407,56.01958],[-3.91459,56.01955],[-3.91455,56.01919],[-3.91311,56.01925],[-3.91314,56.01893],[-3.91451,56.01841],[-3.91448,56.01814],[-3.9143,56.01788],[-3.91239,56.01827],[-3.91183,56.01806],[-3.91097,56.01815],[-3.91036,56.01716],[-3.90808,56.01766],[-3.90808,56.01839],[-3.90778,56.0184],[-3.90786,56.0187],[-3.90758,56.01892],[-3.90868,56.01884],[-3.90862,56.01863],[-3.90892,56.01859],[-3.909,56.01926],[-3.90867,56.01927],[-3.90869,56.01961],[-3.90938,56.01962],[-3.90944,56.02038],[-3.90944,56.02061],[-3.90891,56.02078],[-3.90806,56.02065],[-3.90809,56.02118]]]}},{"type":"Feature","properties":{"id":"S01016161","name":"Head of Muir and Dennyloanhead - 01","parent":"S12000014","type":"DZ","pop":935,"r":71,"ff":29,"ffd":3101.6,"ffs":0.537,"g":16,"co":0,"mo":3,"sa":0,"ic":0},"geometry":{"type":"Polygon","coordinates":[[[-3.90256,56.00265],[-3.90243,56.00269],[-3.90323,56.00337],[-3.90705,56.00234],[-3.91061,56.00232],[-3.91105,56.00135],[-3.91371,56.0009],[-3.91394,56.00109],[-3.91625,56.00056],[-3.91435,55.99913],[-3.91535,55.99888],[-3.91488,55.99856],[-3.91483,55.9981],[-3.91415,55.99803],[-3.91405,55.99772],[-3.91222,55.99796],[-3.91219,55.99777],[-3.91129,55.99748],[-3.91058,55.99752],[-3.90793,55.99883],[-3.90547,55.9997],[-3.90651,56.00002],[-3.90608,56.00024],[-3.90268,56.00144],[-3.90135,56.00162],[-3.90256,56.00265]]]}},{"type":"Feature","properties":{"id":"S01016162","name":"Head of Muir and Dennyloanhead - 02","parent":"S12000014","type":"DZ","pop":848,"r":64,"ff":29,"ffd":3419.8,"ffs":0.5918,"g":14,"co":0,"mo":3,"sa":0,"ic":0},"geometry":{"type":"Polygon","coordinates":[[[-3.91042,56.00745],[-3.91044,56.00762],[-3.91133,56.00744],[-3.91141,56.00722],[-3.9121,56.0069],[-3.91426,56.00612],[-3.91625,56.0059],[-3.91596,56.00503],[-3.91601,56.00409],[-3.91677,56.00269],[-3.91514,56.00278],[-3.90839,56.00222],[-3.90735,56.00555],[-3.90778,56.00558],[-3.90802,56.00715],[-3.90859,56.00737],[-3.90963,56.00722],[-3.90982,56.00751],[-3.91042,56.00745]]]}},{"type":"Feature","properties":{"id":"S01016163","name":"Head of Muir and Dennyloanhead - 03","parent":"S12000014","type":"DZ","pop":588,"r":56,"ff":24,"ffd":4081.6,"ffs":0.5714,"g":13,"co":0,"mo":3,"sa":0,"ic":0},"geometry":{"type":"Polygon","coordinates":[[[-3.90919,56.01035],[-3.90863,56.0106],[-3.9094,56.0107],[-3.90933,56.01145],[-3.9192,56.00978],[-3.91719,56.00733],[-3.91625,56.0059],[-3.91426,56.00612],[-3.9121,56.0069],[-3.91141,56.00722],[-3.91133,56.00744],[-3.91007,56.00769],[-3.91131,56.00943],[-3.90987,56.00982],[-3.91011,56.01016],[-3.90919,56.01035]]]}},{"type":"Feature","properties":{"id":"S01016165","name":"Banknock, Haggs and Longcroft - 01","parent":"S12000014","type":"DZ","pop":441,"r":93,"ff":36,"ffd":8163.3,"ffs":0.5373,"g":25,"co":0,"mo":2,"sa":0,"ic":0},"geometry":{"type":"Polygon","coordinates":[[[-3.90097,56.00111],[-3.90135,56.00162],[-3.90268,56.00144],[-3.90651,56.00002],[-3.90547,55.9997],[-3.90896,55.99838],[-3.90991,55.99773],[-3.91129,55.99748],[-3.91218,55.99776],[-3.9126,55.99744],[-3.91372,55.99714],[-3.913,55.99668],[-3.91325,55.99658],[-3.91276,55.99629],[-3.91359,55.99582],[-3.91342,55.99573],[-3.91789,55.99467],[-3.91882,55.99535],[-3.92165,55.99441],[-3.92151,55.99431],[-3.92218,55.99407],[-3.9219,55.99392],[-3.92391,55.99366],[-3.9227,55.99327],[-3.9235,55.99236],[-3.92471,55.99279],[-3.92632,55.99217],[-3.92706,55.99166],[-3.92765,55.99155],[-3.9277,55.99169],[-3.92845,55.99144],[-3.92878,55.99192],[-3.92849,55.99201],[-3.92876,55.99229],[-3.92682,55.99303],[-3.92718,55.99333],[-3.92866,55.99288],[-3.92849,55.99275],[-3.92926,55.9925],[-3.92943,55.99267],[-3.93139,55.99225],[-3.93168,55.99269],[-3.93402,55.99229],[-3.93229,55.99203],[-3.93155,55.99138],[-3.93201,55.99113],[-3.93564,55.99034],[-3.93586,55.99061],[-3.9363,55.99049],[-3.9359,55.9902],[-3.93655,55.99008],[-3.93992,55.98865],[-3.94133,55.98948],[-3.94163,55.9899],[-3.94414,55.98921],[-3.94377,55.98493],[-3.94593,55.9842],[-3.94888,55.9835],[-3.94707,55.98276],[-3.94552,55.98244],[-3.945,55.98182],[-3.94327,55.98045],[-3.94387,55.98002],[-3.94433,55.979],[-3.94488,55.97872],[-3.9452,55.97806],[-3.94615,55.97731],[-3.94607,55.97599],[-3.94678,55.97549],[-3.94724,55.97478],[-3.94832,55.9745],[-3.94914,55.97393],[-3.94941,55.97325],[-3.94909,55.97321],[-3.94875,55.97269],[-3.94942,55.97217],[-3.94944,55.97173],[-3.94973,55.97145],[-3.9492,55.97109],[-3.94818,55.97072],[-3.94737,55.97065],[-3.94644,55.97015],[-3.94601,55.97058],[-3.94547,55.97051],[-3.94499,55.96973],[-3.94442,55.96949],[-3.94392,55.96971],[-3.94334,55.9694],[-3.9421,55.96953],[-3.94158,55.96885],[-3.94051,55.96859],[-3.9407,55.96807],[-3.94027,55.96754],[-3.9401,55.96665],[-3.94028,55.96612],[-3.94102,55.96597],[-3.94078,55.96565],[-3.94099,55.9651],[-3.93938,55.96493],[-3.93938,55.96458],[-3.93899,55.96458],[-3.9387,55.96419],[-3.93794,55.96412],[-3.93821,55.9639],[-3.93798,55.96333],[-3.9381,55.96292],[-3.93588,55.96253],[-3.93588,55.96229],[-3.93494,55.96273],[-3.93432,55.96278],[-3.93346,55.96333],[-3.9333,55.96298],[-3.93271,55.96322],[-3.93242,55.96306],[-3.93028,55.96333],[-3.92987,55.96353],[-3.92887,55.96345],[-3.92871,55.96363],[-3.92808,55.96361],[-3.92744,55.96404],[-3.92596,55.96459],[-3.9242,55.96483],[-3.9214,55.96422],[-3.92106,55.96384],[-3.92125,55.96375],[-3.9212,55.96346],[-3.92049,55.96311],[-3.92033,55.96283],[-3.91972,55.96263],[-3.91949,55.96218],[-3.91757,55.96164],[-3.917,55.96112],[-3.91404,55.96102],[-3.91238,55.96052],[-3.9118,55.95978],[-3.91186,55.95957],[-3.91108,55.95929],[-3.90969,55.95939],[-3.90905,55.95974],[-3.90611,55.96031],[-3.90426,55.96207],[-3.90248,55.96223],[-3.9057,55.97345],[-3.90696,55.97481],[-3.90667,55.97577],[-3.90765,55.97614],[-3.90974,55.97795],[-3.90814,55.97881],[-3.90683,55.97927],[-3.90879,55.98087],[-3.91388,55.97859],[-3.91552,55.97946],[-3.91449,55.98005],[-3.91405,55.98054],[-3.91285,55.98112],[-3.91155,55.98311],[-3.9108,55.98385],[-3.91134,55.98409],[-3.9113,55.98456],[-3.91485,55.98399],[-3.91559,55.9858],[-3.91516,55.98703],[-3.91625,55.98894],[-3.91045,55.9901],[-3.90902,55.99063],[-3.90605,55.99219],[-3.90032,55.99322],[-3.89847,55.9939],[-3.89348,55.99649],[-3.89055,55.99771],[-3.89154,55.99857],[-3.88992,55.99883],[-3.88945,55.99926],[-3.89335,56.00027],[-3.89419,56.00025],[-3.89395,55.99989],[-3.89422,55.99967],[-3.89675,55.9993],[-3.89715,55.99935],[-3.89748,55.99972],[-3.8991,55.99926],[-3.90097,56.00111]]]}},{"type":"Feature","properties":{"id":"S01016166","name":"Banknock, Haggs and Longcroft - 02","parent":"S12000014","type":"DZ","pop":483,"r":98,"ff":39,"ffd":8074.5,"ffs":0.5417,"g":25,"co":0,"mo":2,"sa":0,"ic":0},"geometry":{"type":"Polygon","coordinates":[[[-3.91488,55.99856],[-3.91535,55.99888],[-3.91684,55.99825],[-3.91812,55.9985],[-3.91934,55.99799],[-3.91774,55.99703],[-3.9226,55.99543],[-3.92362,55.99603],[-3.92775,55.99396],[-3.92914,55.99485],[-3.92935,55.9945],[-3.92847,55.99352],[-3.93168,55.99269],[-3.93139,55.99225],[-3.92943,55.99267],[-3.92926,55.9925],[-3.92849,55.99275],[-3.92866,55.99288],[-3.92718,55.99333],[-3.92682,55.99303],[-3.92876,55.99229],[-3.92849,55.99201],[-3.92878,55.99192],[-3.92845,55.99144],[-3.9277,55.99169],[-3.92765,55.99155],[-3.92706,55.99166],[-3.92632,55.99217],[-3.92471,55.99279],[-3.9235,55.99236],[-3.9227,55.99327],[-3.92391,55.99366],[-3.9219,55.99392],[-3.92218,55.99407],[-3.92151,55.99431],[-3.92165,55.99441],[-3.91882,55.99535],[-3.91789,55.99467],[-3.91342,55.99573],[-3.91359,55.99582],[-3.91276,55.99629],[-3.91325,55.99658],[-3.913,55.99668],[-3.91372,55.99714],[-3.9126,55.99744],[-3.91218,55.99776],[-3.91222,55.99796],[-3.91405,55.99772],[-3.91415,55.99803],[-3.91483,55.9981],[-3.91488,55.99856]]]}},{"type":"Feature","properties":{"id":"S01016167","name":"Banknock, Haggs and Longcroft - 03","parent":"S12000014","type":"DZ","pop":784,"r":118,"ff":43,"ffd":5484.7,"ffs":0.5059,"g":32,"co":0,"mo":2,"sa":0,"ic":0},"geometry":{"type":"Polygon","coordinates":[[[-3.94196,55.99343],[-3.9437,55.99383],[-3.94418,55.99368],[-3.94445,55.99336],[-3.94496,55.99342],[-3.94529,55.99324],[-3.94804,55.99351],[-3.95137,55.99299],[-3.95298,55.9926],[-3.95254,55.99154],[-3.95312,55.99145],[-3.95307,55.99114],[-3.95255,55.99113],[-3.9525,55.99086],[-3.95053,55.9907],[-3.94965,55.99012],[-3.94852,55.99021],[-3.94819,55.9899],[-3.94898,55.98947],[-3.94879,55.98946],[-3.94885,55.98917],[-3.94804,55.98877],[-3.94579,55.98917],[-3.94533,55.98958],[-3.9442,55.98972],[-3.94414,55.98921],[-3.94163,55.9899],[-3.94133,55.98948],[-3.93992,55.98865],[-3.93655,55.99008],[-3.9359,55.9902],[-3.9363,55.99049],[-3.93586,55.99061],[-3.93564,55.99034],[-3.93277,55.99087],[-3.93155,55.99138],[-3.93229,55.99203],[-3.93402,55.99229],[-3.93738,55.99177],[-3.94102,55.99188],[-3.94212,55.99281],[-3.94196,55.99343]]]}},{"type":"Feature","properties":{"id":"S01016168","name":"Banknock, Haggs and Longcroft - 04","parent":"S12000014","type":"DZ","pop":706,"r":113,"ff":41,"ffd":5807.4,"ffs":0.5125,"g":32,"co":0,"mo":2,"sa":0,"ic":0},"geometry":{"type":"Polygon","coordinates":[[[-3.95105,55.99081],[-3.9525,55.99086],[-3.95242,55.99055],[-3.95281,55.99006],[-3.9525,55.98933],[-3.95295,55.98881],[-3.95264,55.98808],[-3.95157,55.98743],[-3.95198,55.98713],[-3.95159,55.98689],[-3.95044,55.98686],[-3.95043,55.98719],[-3.95014,55.98736],[-3.95014,55.98776],[-3.94971,55.98782],[-3.94983,55.98803],[-3.94815,55.98846],[-3.9478,55.98822],[-3.94588,55.98841],[-3.94451,55.9877],[-3.94399,55.98782],[-3.9442,55.98972],[-3.94533,55.98958],[-3.94551,55.98929],[-3.94621,55.98905],[-3.94804,55.98877],[-3.94885,55.98917],[-3.94879,55.98946],[-3.94898,55.98947],[-3.94819,55.9899],[-3.94852,55.99021],[-3.94965,55.99012],[-3.95053,55.9907],[-3.95105,55.99081]]]}},{"type":"Feature","properties":{"id":"S01016177","name":"Bonnybridge - 07","parent":"S12000014","type":"DZ","pop":525,"r":62,"ff":30,"ffd":5714.3,"ffs":0.6,"g":11,"co":0,"mo":3,"sa":0,"ic":0},"geometry":{"type":"Polygon","coordinates":[[[-3.87812,56.00384],[-3.87781,56.00422],[-3.87837,56.00454],[-3.8782,56.00507],[-3.88096,56.00531],[-3.88113,56.00524],[-3.88124,56.00438],[-3.88181,56.00408],[-3.88379,56.00388],[-3.88474,56.00328],[-3.88608,56.00354],[-3.88635,56.00322],[-3.88578,56.00242],[-3.88582,56.00208],[-3.88635,56.00165],[-3.88633,56.00127],[-3.88677,56.00101],[-3.88587,56.00055],[-3.88524,56.00113],[-3.8839,56.0016],[-3.88038,56.00181],[-3.87736,56.0023],[-3.87781,56.00283],[-3.87731,56.00304],[-3.8777,56.00345],[-3.87699,56.00364],[-3.87749,56.00394],[-3.87812,56.00384]]]}},{"type":"Feature","properties":{"id":"S01016169","name":"Banknock, Haggs and Longcroft - 05","parent":"S12000014","type":"DZ","pop":505,"r":105,"ff":36,"ffd":7128.7,"ffs":0.48,"g":29,"co":0,"mo":2,"sa":0,"ic":0},"geometry":{"type":"Polygon","coordinates":[[[-3.91063,56.00225],[-3.91461,56.00275],[-3.91677,56.00269],[-3.91836,56.00153],[-3.92566,55.99873],[-3.92668,55.99813],[-3.9277,55.99866],[-3.92915,55.99854],[-3.92989,55.99825],[-3.93248,55.99812],[-3.93353,55.99917],[-3.93704,55.99882],[-3.93743,55.99953],[-3.93887,55.99899],[-3.94142,55.99888],[-3.94257,55.99913],[-3.94154,56.00004],[-3.94158,56.00137],[-3.94329,56.0014],[-3.94628,56.00054],[-3.95414,55.99895],[-3.957,55.99912],[-3.95825,55.99839],[-3.96194,55.99841],[-3.96279,56.00033],[-3.96419,55.99983],[-3.96624,56.00012],[-3.96686,55.99867],[-3.9696,55.99838],[-3.97072,55.99807],[-3.97289,55.9991],[-3.97519,55.99941],[-3.97642,56.00026],[-3.97769,56.00031],[-3.98118,55.99897],[-3.98132,55.99868],[-3.98094,55.99817],[-3.98095,55.99723],[-3.98159,55.99662],[-3.98188,55.99574],[-3.98225,55.99528],[-3.98145,55.99491],[-3.9802,55.99394],[-3.97806,55.99302],[-3.97713,55.99273],[-3.97529,55.99289],[-3.97515,55.99168],[-3.97464,55.99088],[-3.97751,55.99106],[-3.98026,55.99063],[-3.98594,55.98836],[-3.98933,55.98729],[-3.98784,55.98492],[-3.98513,55.98533],[-3.98552,55.98432],[-3.98558,55.98339],[-3.98524,55.98279],[-3.97618,55.98457],[-3.97158,55.98579],[-3.96482,55.98711],[-3.96325,55.98666],[-3.95882,55.98663],[-3.9585,55.98719],[-3.95851,55.98767],[-3.95967,55.98825],[-3.96055,55.98968],[-3.95958,55.98983],[-3.95944,55.98936],[-3.95884,55.98917],[-3.9594,55.98902],[-3.95916,55.98864],[-3.95775,55.98821],[-3.95551,55.98994],[-3.95532,55.98963],[-3.95535,55.98918],[-3.95505,55.98889],[-3.95417,55.98908],[-3.95432,55.98933],[-3.95268,55.98953],[-3.95277,55.99022],[-3.95242,55.99055],[-3.95255,55.99113],[-3.95307,55.99114],[-3.95312,55.99145],[-3.95254,55.99154],[-3.95298,55.9926],[-3.94804,55.99351],[-3.94529,55.99324],[-3.94496,55.99342],[-3.94445,55.99336],[-3.94418,55.99368],[-3.9437,55.99383],[-3.94196,55.99343],[-3.94212,55.99281],[-3.94102,55.99188],[-3.93738,55.99177],[-3.93069,55.99285],[-3.92847,55.99352],[-3.92935,55.9945],[-3.92914,55.99485],[-3.92775,55.99396],[-3.92362,55.99603],[-3.9226,55.99543],[-3.91774,55.99703],[-3.91934,55.99799],[-3.91812,55.9985],[-3.91684,55.99825],[-3.91435,55.99913],[-3.91625,56.00056],[-3.91394,56.00109],[-3.91371,56.0009],[-3.91105,56.00135],[-3.91063,56.00225]]]}},{"type":"Feature","properties":{"id":"S01016170","name":"Banknock, Haggs and Longcroft - 06","parent":"S12000014","type":"DZ","pop":893,"r":94,"ff":34,"ffd":3807.4,"ffs":0.5152,"g":27,"co":0,"mo":2,"sa":0,"ic":0},"geometry":{"type":"Polygon","coordinates":[[[-3.95514,55.98893],[-3.95551,55.98994],[-3.95775,55.98821],[-3.95916,55.98864],[-3.9594,55.98902],[-3.95884,55.98917],[-3.95944,55.98936],[-3.95958,55.98983],[-3.96055,55.98968],[-3.95967,55.98825],[-3.95851,55.98767],[-3.9585,55.98719],[-3.95882,55.98663],[-3.95812,55.98653],[-3.95779,55.9862],[-3.95588,55.98552],[-3.95479,55.98477],[-3.95351,55.98429],[-3.95134,55.98414],[-3.95119,55.98435],[-3.95081,55.98436],[-3.9507,55.98402],[-3.9493,55.98386],[-3.94888,55.9835],[-3.94593,55.9842],[-3.94377,55.98493],[-3.94399,55.98782],[-3.94451,55.9877],[-3.94588,55.98841],[-3.9478,55.98822],[-3.94815,55.98846],[-3.94983,55.98803],[-3.94971,55.98782],[-3.95014,55.98776],[-3.95014,55.98736],[-3.95043,55.98719],[-3.95044,55.98686],[-3.95115,55.98679],[-3.95198,55.98713],[-3.95157,55.98743],[-3.95272,55.98821],[-3.95295,55.98881],[-3.95279,55.98911],[-3.95256,55.98916],[-3.95258,55.98963],[-3.95432,55.98933],[-3.95417,55.98908],[-3.95514,55.98893]]]}},{"type":"Feature","properties":{"id":"S01016171","name":"Bonnybridge - 01","parent":"S12000014","type":"DZ","pop":561,"r":114,"ff":49,"ffd":8734.4,"ffs":0.5632,"g":26,"co":0,"mo":2,"sa":0,"ic":0},"geometry":{"type":"Polygon","coordinates":[[[-3.89597,56.00293],[-3.89528,56.00311],[-3.89579,56.00392],[-3.89434,56.00421],[-3.89504,56.00484],[-3.89623,56.00552],[-3.90323,56.00337],[-3.90135,56.00162],[-3.89732,56.00217],[-3.89738,56.00248],[-3.89773,56.00246],[-3.89782,56.00268],[-3.8966,56.00281],[-3.89643,56.00248],[-3.89587,56.00273],[-3.89597,56.00293]]]}},{"type":"Feature","properties":{"id":"S01016172","name":"Bonnybridge - 02","parent":"S12000014","type":"DZ","pop":766,"r":71,"ff":33,"ffd":4308.1,"ffs":0.5893,"g":14,"co":0,"mo":3,"sa":0,"ic":0},"geometry":{"type":"Polygon","coordinates":[[[-3.89519,56.00182],[-3.89523,56.00209],[-3.89665,56.00223],[-3.90135,56.00162],[-3.8991,55.99926],[-3.89748,55.99972],[-3.89715,55.99935],[-3.89675,55.9993],[-3.89422,55.99967],[-3.89395,55.99989],[-3.89419,56.00025],[-3.89335,56.00027],[-3.89261,56.00005],[-3.8914,56.00123],[-3.89321,56.00121],[-3.89444,56.00152],[-3.89484,56.00184],[-3.89519,56.00182]]]}},{"type":"Feature","properties":{"id":"S01016173","name":"Bonnybridge - 03","parent":"S12000014","type":"DZ","pop":857,"r":65,"ff":31,"ffd":3617.3,"ffs":0.6078,"g":13,"co":0,"mo":3,"sa":0,"ic":0},"geometry":{"type":"Polygon","coordinates":[[[-3.89191,56.00487],[-3.8915,56.00587],[-3.89102,56.00644],[-3.8919,56.00681],[-3.89623,56.00552],[-3.89504,56.00484],[-3.89434,56.00421],[-3.89579,56.00392],[-3.89528,56.00311],[-3.89601,56.00299],[-3.89587,56.00273],[-3.89616,56.00254],[-3.89643,56.00248],[-3.8966,56.00281],[-3.89782,56.00268],[-3.89773,56.00246],[-3.89738,56.00248],[-3.89732,56.00217],[-3.89523,56.00209],[-3.89517,56.00181],[-3.89484,56.00184],[-3.89444,56.00152],[-3.89372,56.00131],[-3.8914,56.00123],[-3.89195,56.00054],[-3.89253,56.00023],[-3.89259,55.99997],[-3.88945,55.99926],[-3.88992,55.99883],[-3.89154,55.99857],[-3.89055,55.99771],[-3.89412,55.99617],[-3.89347,55.99579],[-3.89228,55.99646],[-3.89126,55.99566],[-3.89089,55.99571],[-3.88974,55.99492],[-3.88685,55.99607],[-3.88632,55.99597],[-3.88731,55.99713],[-3.88519,55.9979],[-3.88603,55.99878],[-3.88683,55.99921],[-3.88587,56.00055],[-3.88677,56.00101],[-3.88633,56.00127],[-3.88635,56.00165],[-3.88582,56.00208],[-3.88594,56.00271],[-3.88635,56.00322],[-3.88681,56.00309],[-3.88767,56.00336],[-3.88814,56.003],[-3.8897,56.0038],[-3.8899,56.00365],[-3.88945,56.00338],[-3.8904,56.00277],[-3.8907,56.00291],[-3.89057,56.00309],[-3.89095,56.00348],[-3.89044,56.0038],[-3.89075,56.00402],[-3.89324,56.00325],[-3.89354,56.0035],[-3.89242,56.00376],[-3.89263,56.00431],[-3.89216,56.00444],[-3.89222,56.00468],[-3.89186,56.00468],[-3.89191,56.00487]]]}},{"type":"Feature","properties":{"id":"S01016174","name":"Bonnybridge - 04","parent":"S12000014","type":"DZ","pop":940,"r":69,"ff":31,"ffd":3297.9,"ffs":0.5636,"g":13,"co":0,"mo":3,"sa":0,"ic":0},"geometry":{"type":"Polygon","coordinates":[[[-3.88533,56.00847],[-3.88568,56.00883],[-3.8919,56.00681],[-3.89102,56.00644],[-3.89169,56.0055],[-3.89186,56.00468],[-3.89222,56.00468],[-3.89216,56.00444],[-3.89263,56.00431],[-3.89242,56.00376],[-3.89354,56.0035],[-3.89324,56.00325],[-3.89075,56.00402],[-3.89044,56.0038],[-3.89095,56.00348],[-3.89057,56.00309],[-3.8907,56.00291],[-3.8904,56.00277],[-3.88945,56.00338],[-3.8899,56.00365],[-3.8897,56.0038],[-3.88814,56.003],[-3.88767,56.00336],[-3.88736,56.00315],[-3.88638,56.00313],[-3.88608,56.00354],[-3.88474,56.00328],[-3.88379,56.00388],[-3.88181,56.00408],[-3.8814,56.00429],[-3.88281,56.00507],[-3.88312,56.00486],[-3.88498,56.00522],[-3.88351,56.00608],[-3.88421,56.00651],[-3.88402,56.00666],[-3.88421,56.00688],[-3.88237,56.00755],[-3.88213,56.00737],[-3.88087,56.00785],[-3.88132,56.00814],[-3.88487,56.00678],[-3.88536,56.00693],[-3.88504,56.00743],[-3.88563,56.00753],[-3.88616,56.00806],[-3.88616,56.00842],[-3.88588,56.00828],[-3.88533,56.00847]]]}},{"type":"Feature","properties":{"id":"S01016175","name":"Bonnybridge - 05","parent":"S12000014","type":"DZ","pop":536,"r":74,"ff":33,"ffd":6156.7,"ffs":0.5593,"g":14,"co":0,"mo":3,"sa":0,"ic":0},"geometry":{"type":"Polygon","coordinates":[[[-3.87919,56.00992],[-3.87949,56.00999],[-3.87933,56.01023],[-3.87962,56.01029],[-3.87988,56.01068],[-3.88337,56.00973],[-3.88568,56.00883],[-3.88533,56.00847],[-3.88588,56.00828],[-3.88616,56.00842],[-3.88616,56.00806],[-3.88563,56.00753],[-3.88504,56.00743],[-3.88536,56.00693],[-3.88487,56.00678],[-3.88132,56.00814],[-3.88087,56.00785],[-3.88213,56.00737],[-3.88237,56.00755],[-3.88421,56.00688],[-3.88402,56.00666],[-3.88421,56.00651],[-3.88351,56.00608],[-3.88498,56.00522],[-3.88312,56.00486],[-3.88281,56.00507],[-3.8814,56.00429],[-3.88114,56.00464],[-3.88113,56.00524],[-3.87999,56.00567],[-3.88036,56.00602],[-3.8801,56.00611],[-3.87995,56.00655],[-3.87906,56.00653],[-3.87834,56.00701],[-3.87808,56.00689],[-3.87695,56.00726],[-3.8775,56.00776],[-3.87905,56.00732],[-3.88086,56.00856],[-3.88052,56.00909],[-3.87998,56.00899],[-3.87919,56.00992]]]}},{"type":"Feature","properties":{"id":"S01016176","name":"Bonnybridge - 06","parent":"S12000014","type":"DZ","pop":612,"r":59,"ff":29,"ffd":4738.6,"ffs":0.58,"g":8,"co":1,"mo":3,"sa":0,"ic":0},"geometry":{"type":"Polygon","coordinates":[[[-3.87179,56.00538],[-3.87239,56.0055],[-3.87315,56.00612],[-3.87355,56.00615],[-3.8739,56.00646],[-3.87601,56.00527],[-3.87689,56.00544],[-3.87776,56.00533],[-3.87994,56.00612],[-3.88036,56.00602],[-3.87999,56.00567],[-3.88049,56.00539],[-3.8782,56.00507],[-3.87837,56.00454],[-3.87781,56.00422],[-3.87812,56.00384],[-3.87749,56.00394],[-3.87699,56.00364],[-3.8777,56.00345],[-3.87731,56.00304],[-3.87781,56.00283],[-3.87736,56.0023],[-3.87242,56.00286],[-3.86963,56.00298],[-3.87105,56.0051],[-3.87096,56.00519],[-3.87179,56.00538]]]}},{"type":"Feature","properties":{"id":"S01016178","name":"High Bonnybridge and Greenhill - 01","parent":"S12000014","type":"DZ","pop":714,"r":55,"ff":30,"ffd":4201.7,"ffs":0.6383,"g":7,"co":1,"mo":3,"sa":0,"ic":0},"geometry":{"type":"Polygon","coordinates":[[[-3.88583,55.99961],[-3.88638,55.99979],[-3.88683,55.99921],[-3.88603,55.99878],[-3.88519,55.9979],[-3.88731,55.99713],[-3.88632,55.99597],[-3.88647,55.99589],[-3.88576,55.99545],[-3.88746,55.99479],[-3.88651,55.99426],[-3.8869,55.99372],[-3.88562,55.9932],[-3.88483,55.99379],[-3.88339,55.9931],[-3.8843,55.99263],[-3.88095,55.99169],[-3.87997,55.99167],[-3.87976,55.99098],[-3.88024,55.99085],[-3.87983,55.99056],[-3.87988,55.99003],[-3.87771,55.99031],[-3.87734,55.98917],[-3.87604,55.98937],[-3.87473,55.98932],[-3.87426,55.99104],[-3.87624,55.99612],[-3.87691,55.99679],[-3.87911,55.99544],[-3.87875,55.99531],[-3.87888,55.99484],[-3.88046,55.9959],[-3.88324,55.99652],[-3.88415,55.99705],[-3.88497,55.9977],[-3.88441,55.99787],[-3.88425,55.99773],[-3.88311,55.99829],[-3.88339,55.99843],[-3.88343,55.999],[-3.8842,55.99964],[-3.88464,55.99956],[-3.88485,55.99979],[-3.88583,55.99961]]]}},{"type":"Feature","properties":{"id":"S01016179","name":"High Bonnybridge and Greenhill - 02","parent":"S12000014","type":"DZ","pop":868,"r":45,"ff":24,"ffd":2765.0,"ffs":0.5714,"g":3,"co":1,"mo":3,"sa":1,"ic":1},"geometry":{"type":"Polygon","coordinates":[[[-3.80201,56.01946],[-3.80408,56.02035],[-3.80547,56.01958],[-3.8075,56.01886],[-3.80959,56.01906],[-3.8103,56.0197],[-3.81476,56.01923],[-3.81578,56.01889],[-3.81736,56.01715],[-3.81806,56.01669],[-3.82103,56.01576],[-3.82454,56.01506],[-3.82714,56.01514],[-3.82792,56.0146],[-3.82667,56.01404],[-3.82241,56.01271],[-3.82333,56.01184],[-3.82443,56.01179],[-3.8291,56.01392],[-3.8301,56.01416],[-3.83,56.01507],[-3.83097,56.01538],[-3.83171,56.01444],[-3.83269,56.01263],[-3.83517,56.01294],[-3.83671,56.01161],[-3.83884,56.01248],[-3.84271,56.01361],[-3.84391,56.01337],[-3.84397,56.01281],[-3.84449,56.01221],[-3.84533,56.01193],[-3.84813,56.01248],[-3.85353,56.0123],[-3.86018,56.01257],[-3.86341,56.01311],[-3.86331,56.01321],[-3.86373,56.01335],[-3.86626,56.01323],[-3.86907,56.01341],[-3.87232,56.01319],[-3.87634,56.0133],[-3.87889,56.01107],[-3.87988,56.01068],[-3.87962,56.01029],[-3.87933,56.01023],[-3.87949,56.00999],[-3.87919,56.00992],[-3.87998,56.00899],[-3.88052,56.00909],[-3.88086,56.00856],[-3.87905,56.00732],[-3.8775,56.00776],[-3.87695,56.00726],[-3.87808,56.00689],[-3.87834,56.00701],[-3.87906,56.00653],[-3.87995,56.00655],[-3.88015,56.00617],[-3.87776,56.00533],[-3.87689,56.00544],[-3.87601,56.00527],[-3.8739,56.00646],[-3.87355,56.00615],[-3.87315,56.00612],[-3.87239,56.0055],[-3.87096,56.00519],[-3.87105,56.0051],[-3.86963,56.00298],[-3.87242,56.00286],[-3.88038,56.00181],[-3.88339,56.0017],[-3.88524,56.00113],[-3.88638,55.99979],[-3.88567,55.99961],[-3.88485,55.99979],[-3.88464,55.99956],[-3.88404,55.99954],[-3.88343,55.999],[-3.88339,55.99843],[-3.88311,55.99829],[-3.88425,55.99773],[-3.88441,55.99787],[-3.88497,55.9977],[-3.88483,55.99757],[-3.88324,55.99652],[-3.88046,55.9959],[-3.87888,55.99484],[-3.87875,55.99531],[-3.87911,55.99544],[-3.87691,55.99679],[-3.87624,55.99612],[-3.87426,55.99104],[-3.87473,55.98932],[-3.87604,55.98937],[-3.87734,55.98917],[-3.87771,55.99031],[-3.87988,55.99003],[-3.87983,55.99056],[-3.88024,55.99085],[-3.87976,55.99098],[-3.87997,55.99167],[-3.88095,55.99169],[-3.8843,55.99263],[-3.89057,55.98937],[-3.89302,55.98866],[-3.89602,55.98825],[-3.89601,55.98966],[-3.89618,55.98976],[-3.89587,55.98976],[-3.8945,55.99053],[-3.89615,55.99276],[-3.89638,55.99364],[-3.89762,55.99436],[-3.90032,55.99322],[-3.90605,55.99219],[-3.90902,55.99063],[-3.91045,55.9901],[-3.91625,55.98894],[-3.91516,55.98703],[-3.91559,55.9858],[-3.91485,55.98399],[-3.9113,55.98456],[-3.91134,55.98409],[-3.9108,55.98385],[-3.91155,55.98311],[-3.91285,55.98112],[-3.91405,55.98054],[-3.91449,55.98005],[-3.91552,55.97946],[-3.91388,55.97859],[-3.90879,55.98087],[-3.90683,55.97927],[-3.90814,55.97881],[-3.90974,55.97795],[-3.90765,55.97614],[-3.90667,55.97577],[-3.90696,55.97481],[-3.9057,55.97345],[-3.9025,55.96225],[-3.90212,55.96183],[-3.90059,55.96123],[-3.89857,55.96114],[-3.88601,55.96165],[-3.88082,55.96225],[-3.86782,55.96261],[-3.86046,55.95929],[-3.86106,55.96213],[-3.86037,55.96356],[-3.85901,55.9639],[-3.85884,55.9654],[-3.8598,55.96727],[-3.86484,55.96805],[-3.86966,55.96638],[-3.86993,55.97071],[-3.86815,55.97098],[-3.86882,55.97224],[-3.87007,55.97321],[-3.87106,55.97542],[-3.87122,55.97681],[-3.87087,55.97783],[-3.87184,55.97836],[-3.87013,55.98072],[-3.86844,55.98197],[-3.86628,55.98236],[-3.86468,55.98341],[-3.86344,55.98335],[-3.86358,55.98489],[-3.86417,55.98553],[-3.86289,55.98549],[-3.86103,55.98699],[-3.85934,55.98779],[-3.85673,55.98777],[-3.85536,55.98825],[-3.85285,55.98986],[-3.85291,55.99103],[-3.85381,55.99187],[-3.85338,55.99228],[-3.85363,55.9928],[-3.85354,55.99349],[-3.85312,55.99381],[-3.85347,55.99432],[-3.85347,55.99466],[-3.85404,55.99493],[-3.85487,55.99621],[-3.84804,55.99651],[-3.84176,55.9964],[-3.84174,55.99662],[-3.83822,55.99735],[-3.83383,55.99756],[-3.83387,55.99791],[-3.83352,55.99813],[-3.83099,55.9984],[-3.83033,55.99947],[-3.83033,56.00065],[-3.83564,56.00126],[-3.8377,56.00096],[-3.83924,56.00106],[-3.84262,56.00201],[-3.84045,56.00285],[-3.8372,56.00522],[-3.83942,56.00614],[-3.8397,56.00659],[-3.83963,56.00724],[-3.83563,56.00651],[-3.83403,56.00742],[-3.83211,56.00795],[-3.82954,56.0081],[-3.82095,56.00651],[-3.82086,56.00677],[-3.81957,56.00695],[-3.81862,56.00734],[-3.81861,56.00755],[-3.81758,56.00787],[-3.8159,56.00601],[-3.81332,56.00596],[-3.80998,56.00623],[-3.80741,56.00608],[-3.80647,56.00656],[-3.80675,56.00684],[-3.80608,56.00714],[-3.80565,56.00682],[-3.80477,56.00667],[-3.80519,56.00581],[-3.80031,56.00447],[-3.79864,56.00534],[-3.79735,56.00684],[-3.797,56.00785],[-3.79646,56.00817],[-3.79685,56.0087],[-3.7963,56.01051],[-3.79628,56.01169],[-3.79654,56.01234],[-3.79926,56.01178],[-3.80016,56.01195],[-3.80132,56.01271],[-3.80341,56.01244],[-3.80737,56.01297],[-3.80781,56.01219],[-3.80813,56.0122],[-3.80894,56.01246],[-3.81,56.01352],[-3.80961,56.01372],[-3.8097,56.01404],[-3.80809,56.01447],[-3.80727,56.01442],[-3.80678,56.0148],[-3.80526,56.01432],[-3.80273,56.01439],[-3.80254,56.01479],[-3.80217,56.01483],[-3.80162,56.0154],[-3.80118,56.01549],[-3.80086,56.01585],[-3.80095,56.01613],[-3.79952,56.01658],[-3.7983,56.0167],[-3.7973,56.01752],[-3.7967,56.01767],[-3.79763,56.0188],[-3.79841,56.01939],[-3.80026,56.02017],[-3.80183,56.01937],[-3.80201,56.01946]]]}},{"type":"Feature","properties":{"id":"S01016180","name":"High Bonnybridge and Greenhill - 03","parent":"S12000014","type":"DZ","pop":838,"r":58,"ff":30,"ffd":3580.0,"ffs":0.6383,"g":10,"co":1,"mo":3,"sa":0,"ic":0},"geometry":{"type":"Polygon","coordinates":[[[-3.88651,55.99426],[-3.88705,55.99458],[-3.88743,55.99435],[-3.88716,55.99421],[-3.88726,55.99414],[-3.88766,55.99428],[-3.88799,55.99382],[-3.88906,55.99332],[-3.88947,55.99414],[-3.89234,55.99229],[-3.89161,55.99136],[-3.89057,55.98937],[-3.88339,55.9931],[-3.88483,55.99379],[-3.88562,55.9932],[-3.8869,55.99372],[-3.88651,55.99426]]]}},{"type":"Feature","properties":{"id":"S01016181","name":"High Bonnybridge and Greenhill - 04","parent":"S12000014","type":"DZ","pop":654,"r":67,"ff":32,"ffd":4893.0,"ffs":0.6154,"g":14,"co":0,"mo":3,"sa":0,"ic":0},"geometry":{"type":"Polygon","coordinates":[[[-3.89148,55.99584],[-3.89228,55.99646],[-3.89347,55.99579],[-3.89412,55.99617],[-3.89762,55.99436],[-3.89638,55.99364],[-3.89615,55.99276],[-3.89447,55.99357],[-3.89479,55.99377],[-3.89401,55.99377],[-3.8937,55.99361],[-3.89407,55.99334],[-3.89287,55.9929],[-3.89234,55.99229],[-3.88947,55.99414],[-3.88906,55.99332],[-3.88857,55.99348],[-3.88799,55.99382],[-3.88766,55.99428],[-3.88716,55.99421],[-3.88743,55.99435],[-3.88705,55.99458],[-3.88746,55.99479],[-3.88576,55.99545],[-3.88685,55.99607],[-3.88974,55.99492],[-3.89089,55.99571],[-3.89126,55.99566],[-3.89148,55.99584]]]}},{"type":"Feature","properties":{"id":"S01016182","name":"High Bonnybridge and Greenhill - 05","parent":"S12000014","type":"DZ","pop":555,"r":67,"ff":32,"ffd":5765.8,"ffs":0.6154,"g":14,"co":0,"mo":3,"sa":0,"ic":0},"geometry":{"type":"Polygon","coordinates":[[[-3.89441,55.99378],[-3.89479,55.99377],[-3.89447,55.99357],[-3.89615,55.99276],[-3.8945,55.99053],[-3.89587,55.98976],[-3.89618,55.98976],[-3.89601,55.98966],[-3.89602,55.98825],[-3.89302,55.98866],[-3.89057,55.98937],[-3.89161,55.99136],[-3.89268,55.99276],[-3.89407,55.99334],[-3.8937,55.99361],[-3.89441,55.99378]]]}},{"type":"Feature","properties":{"id":"S01016183","name":"Larbert - Inches  - 01","parent":"S12000014","type":"DZ","pop":844,"r":119,"ff":47,"ffd":5568.7,"ffs":0.5281,"g":29,"co":2,"mo":0,"sa":0,"ic":0},"geometry":{"type":"Polygon","coordinates":[[[-3.82797,56.03893],[-3.82712,56.039],[-3.82741,56.04048],[-3.83366,56.03729],[-3.83177,56.03086],[-3.82613,56.03231],[-3.8265,56.03272],[-3.827,56.0326],[-3.82715,56.03284],[-3.82987,56.03337],[-3.83025,56.03418],[-3.82988,56.03433],[-3.83051,56.03445],[-3.83066,56.03478],[-3.83068,56.03502],[-3.83028,56.03505],[-3.83024,56.03527],[-3.83075,56.03527],[-3.83076,56.03581],[-3.83026,56.03581],[-3.83071,56.03602],[-3.8307,56.03627],[-3.82995,56.0364],[-3.82972,56.03673],[-3.83,56.0369],[-3.8298,56.03724],[-3.82926,56.03725],[-3.82876,56.03822],[-3.82829,56.03876],[-3.82801,56.03871],[-3.82797,56.03893]]]}},{"type":"Feature","properties":{"id":"S01016187","name":"Larbert - Inches  - 05","parent":"S12000014","type":"DZ","pop":777,"r":118,"ff":46,"ffd":5920.2,"ffs":0.5227,"g":29,"co":2,"mo":0,"sa":0,"ic":0},"geometry":{"type":"Polygon","coordinates":[[[-3.82712,56.039],[-3.82829,56.03876],[-3.82926,56.03725],[-3.8298,56.03724],[-3.83,56.0369],[-3.82972,56.03673],[-3.82995,56.0364],[-3.8307,56.03627],[-3.83071,56.03602],[-3.83026,56.03581],[-3.83076,56.03581],[-3.83075,56.03527],[-3.83024,56.03527],[-3.83028,56.03505],[-3.83068,56.03502],[-3.83066,56.03478],[-3.83051,56.03445],[-3.82988,56.03433],[-3.83025,56.03418],[-3.82987,56.03337],[-3.82942,56.03338],[-3.82926,56.03314],[-3.82757,56.03349],[-3.82814,56.03459],[-3.82644,56.03536],[-3.82657,56.03604],[-3.82533,56.03604],[-3.82498,56.03631],[-3.82544,56.03634],[-3.82545,56.03663],[-3.82668,56.03661],[-3.82712,56.039]]]}},{"type":"Feature","properties":{"id":"S01016188","name":"Larbert - Inches  - 06","parent":"S12000014","type":"DZ","pop":1010,"r":123,"ff":50,"ffd":4950.5,"ffs":0.5263,"g":27,"co":2,"mo":2,"sa":0,"ic":0},"geometry":{"type":"Polygon","coordinates":[[[-3.81077,56.04205],[-3.811,56.04343],[-3.81299,56.04322],[-3.81191,56.04245],[-3.8132,56.04163],[-3.81407,56.04182],[-3.81381,56.04205],[-3.81407,56.04229],[-3.81455,56.04222],[-3.81438,56.04207],[-3.81471,56.04206],[-3.81535,56.04161],[-3.816,56.04179],[-3.81606,56.04227],[-3.81722,56.0422],[-3.81676,56.04198],[-3.8185,56.04084],[-3.81893,56.04082],[-3.81891,56.04028],[-3.8182,56.04028],[-3.81809,56.04075],[-3.8176,56.04062],[-3.81789,56.04042],[-3.81725,56.04017],[-3.81641,56.04063],[-3.81539,56.04012],[-3.81548,56.03977],[-3.8153,56.03907],[-3.81577,56.03816],[-3.81666,56.03845],[-3.8178,56.03767],[-3.81437,56.03602],[-3.8137,56.03641],[-3.81309,56.03598],[-3.80981,56.03664],[-3.80953,56.03621],[-3.807,56.03662],[-3.80974,56.03993],[-3.81097,56.04103],[-3.81077,56.04205]]]}},{"type":"Feature","properties":{"id":"S01016189","name":"Larbert - Inches  - 07","parent":"S12000014","type":"DZ","pop":1004,"r":116,"ff":47,"ffd":4681.3,"ffs":0.5341,"g":27,"co":2,"mo":2,"sa":0,"ic":0},"geometry":{"type":"Polygon","coordinates":[[[-3.82499,56.04179],[-3.82658,56.04265],[-3.82665,56.04277],[-3.82623,56.04302],[-3.82772,56.04361],[-3.82839,56.0427],[-3.8259,56.04126],[-3.82276,56.04094],[-3.82164,56.03975],[-3.8178,56.03767],[-3.81666,56.03845],[-3.81577,56.03816],[-3.8153,56.03907],[-3.81548,56.03977],[-3.81539,56.04012],[-3.81641,56.04063],[-3.81725,56.04017],[-3.81789,56.04042],[-3.8176,56.04062],[-3.81809,56.04075],[-3.8182,56.04028],[-3.81891,56.04028],[-3.81893,56.04082],[-3.8185,56.04084],[-3.81676,56.04198],[-3.81722,56.0422],[-3.81606,56.04227],[-3.816,56.04179],[-3.81535,56.04161],[-3.81471,56.04206],[-3.81438,56.04207],[-3.81455,56.04222],[-3.81407,56.04229],[-3.81381,56.04205],[-3.81407,56.04182],[-3.8132,56.04163],[-3.81191,56.04245],[-3.81299,56.04322],[-3.81806,56.04299],[-3.82104,56.04266],[-3.8243,56.04177],[-3.82499,56.04179]]]}},{"type":"Feature","properties":{"id":"S01016190","name":"Larbert - North Broomage - 01","parent":"S12000014","type":"DZ","pop":1063,"r":123,"ff":48,"ffd":4515.5,"ffs":0.5275,"g":31,"co":2,"mo":0,"sa":0,"ic":0},"geometry":{"type":"Polygon","coordinates":[[[-3.86038,56.05058],[-3.86102,56.05073],[-3.86231,56.05028],[-3.86286,56.05031],[-3.86537,56.04972],[-3.86409,56.04884],[-3.8648,56.04837],[-3.86507,56.04753],[-3.86412,56.0468],[-3.86304,56.04636],[-3.86315,56.04603],[-3.86276,56.04541],[-3.86292,56.04454],[-3.8646,56.04578],[-3.86592,56.0461],[-3.86621,56.04597],[-3.86845,56.04705],[-3.86983,56.04747],[-3.86869,56.04792],[-3.86848,56.04831],[-3.87016,56.04894],[-3.86979,56.04927],[-3.8703,56.04952],[-3.87212,56.04837],[-3.87267,56.04769],[-3.8689,56.04606],[-3.8673,56.04506],[-3.86747,56.04484],[-3.86702,56.04455],[-3.86742,56.04376],[-3.86709,56.04369],[-3.86599,56.04425],[-3.86452,56.04336],[-3.86572,56.04244],[-3.8679,56.04275],[-3.86906,56.04037],[-3.8717,56.04061],[-3.8727,56.04005],[-3.87396,56.03753],[-3.87571,56.03573],[-3.8725,56.03375],[-3.87379,56.03356],[-3.86833,56.03063],[-3.86588,56.03156],[-3.86488,56.02954],[-3.86588,56.02908],[-3.86531,56.02849],[-3.86542,56.02718],[-3.86457,56.02643],[-3.86492,56.02478],[-3.86847,56.02476],[-3.87028,56.01937],[-3.87392,56.01931],[-3.87639,56.02006],[-3.87886,56.0199],[-3.87826,56.0188],[-3.877,56.01767],[-3.87584,56.01624],[-3.87583,56.01568],[-3.87704,56.01427],[-3.87715,56.01391],[-3.87634,56.0133],[-3.87232,56.01319],[-3.86907,56.01341],[-3.86626,56.01323],[-3.86373,56.01335],[-3.86331,56.01321],[-3.86341,56.01311],[-3.86018,56.01257],[-3.85353,56.0123],[-3.84813,56.01248],[-3.84533,56.01193],[-3.84449,56.01221],[-3.84397,56.01281],[-3.84391,56.01337],[-3.84271,56.01361],[-3.84154,56.01326],[-3.83558,56.01518],[-3.83357,56.01688],[-3.83559,56.01735],[-3.83719,56.01718],[-3.83793,56.0174],[-3.83989,56.01836],[-3.84102,56.01846],[-3.84103,56.01922],[-3.8425,56.01916],[-3.84621,56.01846],[-3.84784,56.01782],[-3.85005,56.01793],[-3.85299,56.02287],[-3.85385,56.02397],[-3.85256,56.02413],[-3.84489,56.02389],[-3.84564,56.02235],[-3.84625,56.02188],[-3.84569,56.02079],[-3.84512,56.02106],[-3.83998,56.02165],[-3.84047,56.02446],[-3.8382,56.02494],[-3.8385,56.02518],[-3.83768,56.0255],[-3.83948,56.0272],[-3.83907,56.02733],[-3.83849,56.02717],[-3.83834,56.02757],[-3.83716,56.02806],[-3.83768,56.02862],[-3.83733,56.02873],[-3.83744,56.02921],[-3.83833,56.03019],[-3.83831,56.03044],[-3.83757,56.03095],[-3.83887,56.03243],[-3.83713,56.03362],[-3.83801,56.03443],[-3.83771,56.03457],[-3.83789,56.03501],[-3.83766,56.03546],[-3.83791,56.03577],[-3.83366,56.03729],[-3.8348,56.04053],[-3.83865,56.04022],[-3.84306,56.04218],[-3.84067,56.04526],[-3.83807,56.04517],[-3.84307,56.0507],[-3.84683,56.0506],[-3.84688,56.05025],[-3.84716,56.05015],[-3.84802,56.05058],[-3.8491,56.05064],[-3.85028,56.05039],[-3.85081,56.0507],[-3.85153,56.0508],[-3.85376,56.05004],[-3.85657,56.04993],[-3.85938,56.0502],[-3.86038,56.05058]]]}},{"type":"Feature","properties":{"id":"S01016191","name":"Larbert - North Broomage - 02","parent":"S12000014","type":"DZ","pop":577,"r":129,"ff":51,"ffd":8838.8,"ffs":0.5152,"g":29,"co":2,"mo":0,"sa":0,"ic":0},"geometry":{"type":"Polygon","coordinates":[[[-3.82969,56.02664],[-3.82887,56.02667],[-3.82885,56.02744],[-3.82916,56.02744],[-3.82917,56.02849],[-3.82886,56.02854],[-3.82908,56.02911],[-3.82999,56.0292],[-3.83022,56.02961],[-3.83141,56.02946],[-3.83038,56.0259],[-3.8298,56.02591],[-3.82984,56.02505],[-3.83011,56.02505],[-3.82966,56.02294],[-3.82949,56.02296],[-3.8295,56.02267],[-3.82938,56.0227],[-3.82938,56.02206],[-3.82468,56.02416],[-3.82519,56.02473],[-3.82498,56.02481],[-3.82505,56.0251],[-3.82463,56.02518],[-3.82476,56.02687],[-3.8263,56.02685],[-3.82631,56.02743],[-3.82719,56.02764],[-3.82782,56.02742],[-3.82781,56.02648],[-3.8297,56.02642],[-3.82969,56.02664]]]}},{"type":"Feature","properties":{"id":"S01016192","name":"Larbert - North Broomage - 03","parent":"S12000014","type":"DZ","pop":634,"r":128,"ff":51,"ffd":8044.2,"ffs":0.5204,"g":29,"co":2,"mo":0,"sa":0,"ic":0},"geometry":{"type":"Polygon","coordinates":[[[-3.82707,56.03091],[-3.82766,56.0319],[-3.83177,56.03086],[-3.83517,56.03054],[-3.83495,56.02981],[-3.83421,56.02984],[-3.83363,56.03025],[-3.83325,56.02965],[-3.83139,56.02939],[-3.83022,56.02961],[-3.82999,56.0292],[-3.82908,56.02911],[-3.82886,56.02854],[-3.82917,56.02849],[-3.82916,56.02744],[-3.82885,56.02744],[-3.82887,56.02667],[-3.82969,56.02664],[-3.8297,56.02642],[-3.82781,56.02648],[-3.82782,56.02742],[-3.82719,56.02764],[-3.82631,56.02743],[-3.8263,56.02685],[-3.82476,56.02687],[-3.8246,56.02797],[-3.82557,56.0277],[-3.82582,56.02889],[-3.82707,56.03091]]]}},{"type":"Feature","properties":{"id":"S01016193","name":"Larbert - North Broomage - 04","parent":"S12000014","type":"DZ","pop":734,"r":131,"ff":51,"ffd":6948.2,"ffs":0.5152,"g":31,"co":2,"mo":0,"sa":0,"ic":0},"geometry":{"type":"Polygon","coordinates":[[[-3.83517,56.03054],[-3.83177,56.03086],[-3.83366,56.03729],[-3.83791,56.03577],[-3.83766,56.03546],[-3.83789,56.03501],[-3.83771,56.03457],[-3.83801,56.03443],[-3.83713,56.03362],[-3.83887,56.03243],[-3.83757,56.03095],[-3.83831,56.03044],[-3.83833,56.03019],[-3.83744,56.02921],[-3.83733,56.02873],[-3.83768,56.02862],[-3.83716,56.02806],[-3.83834,56.02757],[-3.83849,56.02717],[-3.83907,56.02733],[-3.83948,56.0272],[-3.83855,56.02631],[-3.83597,56.02714],[-3.83458,56.02583],[-3.83484,56.02562],[-3.8342,56.02554],[-3.83584,56.02718],[-3.83231,56.02831],[-3.83363,56.03025],[-3.83421,56.02984],[-3.83495,56.02981],[-3.83517,56.03054]]]}},{"type":"Feature","properties":{"id":"S01016194","name":"Larbert - South Broomage and Village - 01","parent":"S12000014","type":"DZ","pop":655,"r":127,"ff":50,"ffd":7633.6,"ffs":0.5155,"g":29,"co":2,"mo":0,"sa":0,"ic":0},"geometry":{"type":"Polygon","coordinates":[[[-3.82641,56.01965],[-3.82685,56.02046],[-3.82753,56.02035],[-3.82731,56.02003],[-3.82791,56.01992],[-3.82787,56.01979],[-3.82896,56.01957],[-3.82897,56.01911],[-3.82969,56.01916],[-3.82973,56.01988],[-3.83044,56.01975],[-3.83154,56.0173],[-3.83121,56.017],[-3.82811,56.0166],[-3.82714,56.01514],[-3.82454,56.01506],[-3.82163,56.01566],[-3.82229,56.01627],[-3.82214,56.01631],[-3.82227,56.01664],[-3.82505,56.01676],[-3.82528,56.01708],[-3.82516,56.01773],[-3.82426,56.01769],[-3.82444,56.01835],[-3.82504,56.01826],[-3.82515,56.01845],[-3.82478,56.01853],[-3.82492,56.01873],[-3.8258,56.01855],[-3.82641,56.01965]]]}},{"type":"Feature","properties":{"id":"S01016195","name":"Larbert - South Broomage and Village - 02","parent":"S12000014","type":"DZ","pop":922,"r":133,"ff":52,"ffd":5639.9,"ffs":0.5149,"g":31,"co":2,"mo":0,"sa":0,"ic":0},"geometry":{"type":"Polygon","coordinates":[[[-3.83762,56.02094],[-3.83778,56.02231],[-3.83848,56.02389],[-3.83774,56.02421],[-3.83862,56.02482],[-3.84047,56.02446],[-3.83998,56.02165],[-3.84512,56.02106],[-3.84569,56.02079],[-3.84625,56.02188],[-3.84564,56.02235],[-3.84489,56.02389],[-3.85256,56.02413],[-3.85385,56.02397],[-3.85299,56.02287],[-3.85005,56.01793],[-3.84784,56.01782],[-3.84621,56.01846],[-3.8425,56.01916],[-3.84103,56.01922],[-3.84102,56.01846],[-3.83989,56.01836],[-3.83793,56.0174],[-3.83719,56.01718],[-3.83559,56.01735],[-3.83357,56.01688],[-3.83558,56.01518],[-3.84154,56.01326],[-3.83791,56.01217],[-3.83671,56.01161],[-3.83517,56.01294],[-3.83269,56.01263],[-3.83171,56.01444],[-3.83097,56.01538],[-3.83,56.01507],[-3.8301,56.01416],[-3.8291,56.01392],[-3.82443,56.01179],[-3.82333,56.01184],[-3.82241,56.01271],[-3.82667,56.01404],[-3.82792,56.0146],[-3.82714,56.01514],[-3.82811,56.0166],[-3.83121,56.017],[-3.83154,56.0173],[-3.83044,56.01975],[-3.82973,56.01988],[-3.82969,56.01916],[-3.82897,56.01911],[-3.82896,56.01957],[-3.82731,56.02003],[-3.82753,56.02035],[-3.8257,56.02068],[-3.82554,56.02054],[-3.82367,56.02121],[-3.82416,56.02159],[-3.8239,56.02199],[-3.8249,56.02245],[-3.82559,56.0233],[-3.82355,56.02395],[-3.82399,56.02439],[-3.834,56.02002],[-3.8358,56.01968],[-3.83563,56.01993],[-3.83579,56.02018],[-3.83552,56.02021],[-3.83582,56.02063],[-3.83658,56.02052],[-3.83668,56.02071],[-3.83753,56.02066],[-3.83762,56.02094]]]}},{"type":"Feature","properties":{"id":"S01016196","name":"Larbert - South Broomage and Village - 03","parent":"S12000014","type":"DZ","pop":1026,"r":132,"ff":52,"ffd":5068.2,"ffs":0.52,"g":31,"co":2,"mo":0,"sa":0,"ic":0},"geometry":{"type":"Polygon","coordinates":[[[-3.8382,56.02494],[-3.83864,56.02484],[-3.83774,56.02421],[-3.83848,56.02389],[-3.83778,56.02231],[-3.83782,56.02165],[-3.83753,56.02066],[-3.83668,56.02071],[-3.83658,56.02052],[-3.83582,56.02063],[-3.83552,56.02021],[-3.83579,56.02018],[-3.83563,56.01993],[-3.8358,56.01968],[-3.83329,56.02027],[-3.83018,56.02171],[-3.8306,56.0218],[-3.83034,56.02197],[-3.83066,56.02223],[-3.83107,56.02206],[-3.83134,56.0223],[-3.83094,56.02246],[-3.83274,56.02401],[-3.83322,56.02386],[-3.83356,56.02417],[-3.83294,56.02437],[-3.83342,56.02488],[-3.83683,56.02416],[-3.83773,56.02481],[-3.838,56.02475],[-3.8382,56.02494]]]}},{"type":"Feature","properties":{"id":"S01016197","name":"Larbert - South Broomage and Village - 04","parent":"S12000014","type":"DZ","pop":836,"r":130,"ff":51,"ffd":6100.5,"ffs":0.5152,"g":30,"co":2,"mo":0,"sa":0,"ic":0},"geometry":{"type":"Polygon","coordinates":[[[-3.8298,56.02591],[-3.83038,56.0259],[-3.83083,56.02787],[-3.83139,56.02939],[-3.83325,56.02965],[-3.83231,56.02831],[-3.83584,56.02718],[-3.8342,56.02554],[-3.83484,56.02562],[-3.83458,56.02583],[-3.83597,56.02714],[-3.83855,56.02631],[-3.83768,56.0255],[-3.8385,56.02518],[-3.83683,56.02416],[-3.83342,56.02488],[-3.83294,56.02437],[-3.83356,56.02417],[-3.83322,56.02386],[-3.83274,56.02401],[-3.83094,56.02246],[-3.83134,56.0223],[-3.83107,56.02206],[-3.83066,56.02223],[-3.83034,56.02197],[-3.8306,56.0218],[-3.83018,56.02171],[-3.82938,56.02206],[-3.82938,56.0227],[-3.8295,56.02267],[-3.82949,56.02296],[-3.82966,56.02294],[-3.83011,56.02505],[-3.82984,56.02505],[-3.8298,56.02591]]]}},{"type":"Feature","properties":{"id":"S01016198","name":"Larbert - South Broomage and Village - 05","parent":"S12000014","type":"DZ","pop":465,"r":127,"ff":50,"ffd":10752.7,"ffs":0.5155,"g":29,"co":2,"mo":0,"sa":0,"ic":0},"geometry":{"type":"Polygon","coordinates":[[[-3.82346,56.02075],[-3.82367,56.02121],[-3.82554,56.02054],[-3.8257,56.02068],[-3.82685,56.02046],[-3.8258,56.01855],[-3.82492,56.01873],[-3.82478,56.01853],[-3.82515,56.01845],[-3.82504,56.01826],[-3.82444,56.01835],[-3.82426,56.01769],[-3.82516,56.01773],[-3.82528,56.01708],[-3.82505,56.01676],[-3.82227,56.01664],[-3.82214,56.01631],[-3.82229,56.01627],[-3.82163,56.01566],[-3.81806,56.01669],[-3.81736,56.01715],[-3.81578,56.01889],[-3.81607,56.0192],[-3.81749,56.01962],[-3.81925,56.01959],[-3.82093,56.01923],[-3.82227,56.01972],[-3.82337,56.0205],[-3.82346,56.02075]]]}},{"type":"Feature","properties":{"id":"S01016199","name":"Stenhousemuir West - 01","parent":"S12000014","type":"DZ","pop":700,"r":128,"ff":51,"ffd":7285.7,"ffs":0.5204,"g":29,"co":2,"mo":0,"sa":0,"ic":0},"geometry":{"type":"Polygon","coordinates":[[[-3.82286,56.03317],[-3.82766,56.0319],[-3.82582,56.02889],[-3.82557,56.0277],[-3.8246,56.02797],[-3.82479,56.02577],[-3.82463,56.02518],[-3.82505,56.0251],[-3.82498,56.02481],[-3.82519,56.02473],[-3.82468,56.02416],[-3.82019,56.02563],[-3.81695,56.02565],[-3.81568,56.02591],[-3.81515,56.02627],[-3.815,56.02605],[-3.81466,56.0261],[-3.81439,56.02587],[-3.81416,56.02603],[-3.81435,56.02647],[-3.81223,56.02728],[-3.81251,56.02745],[-3.81339,56.02723],[-3.81401,56.02787],[-3.81537,56.02749],[-3.81594,56.02818],[-3.81522,56.02848],[-3.81534,56.02863],[-3.81223,56.0294],[-3.81485,56.03157],[-3.81599,56.03115],[-3.81772,56.03242],[-3.81879,56.03229],[-3.82071,56.03157],[-3.82286,56.03317]]]}},{"type":"Feature","properties":{"id":"S01016200","name":"Stenhousemuir West - 02","parent":"S12000014","type":"DZ","pop":832,"r":128,"ff":50,"ffd":6009.6,"ffs":0.5102,"g":29,"co":2,"mo":0,"sa":0,"ic":0},"geometry":{"type":"Polygon","coordinates":[[[-3.81323,56.02575],[-3.82019,56.02563],[-3.82399,56.02439],[-3.82355,56.02395],[-3.82559,56.0233],[-3.82514,56.02264],[-3.82429,56.02225],[-3.82243,56.02246],[-3.82213,56.02221],[-3.82134,56.0223],[-3.82127,56.0226],[-3.82063,56.02267],[-3.82051,56.0224],[-3.81806,56.02265],[-3.81811,56.02295],[-3.81736,56.02302],[-3.81751,56.02353],[-3.81559,56.0233],[-3.81504,56.02346],[-3.81511,56.0237],[-3.81354,56.02411],[-3.81338,56.02514],[-3.81356,56.02525],[-3.81242,56.02512],[-3.81226,56.02545],[-3.81323,56.02575]]]}},{"type":"Feature","properties":{"id":"S01016201","name":"Stenhousemuir West - 03","parent":"S12000014","type":"DZ","pop":869,"r":127,"ff":50,"ffd":5753.7,"ffs":0.5155,"g":29,"co":2,"mo":0,"sa":0,"ic":0},"geometry":{"type":"Polygon","coordinates":[[[-3.81329,56.02347],[-3.81325,56.02387],[-3.81398,56.02409],[-3.81449,56.02375],[-3.81511,56.0237],[-3.81504,56.02346],[-3.81559,56.0233],[-3.81751,56.02353],[-3.81736,56.02302],[-3.81811,56.02295],[-3.81806,56.02265],[-3.82051,56.0224],[-3.82063,56.02267],[-3.82127,56.0226],[-3.82134,56.0223],[-3.82213,56.02221],[-3.82243,56.02246],[-3.82429,56.02225],[-3.8239,56.02199],[-3.82416,56.02159],[-3.82367,56.02121],[-3.82337,56.0205],[-3.82227,56.01972],[-3.82093,56.01923],[-3.81925,56.01959],[-3.81744,56.01961],[-3.81722,56.01984],[-3.81588,56.02017],[-3.81573,56.02038],[-3.81532,56.02021],[-3.81479,56.02052],[-3.81525,56.02084],[-3.81673,56.02069],[-3.81688,56.02106],[-3.81627,56.02146],[-3.81552,56.02117],[-3.81499,56.02156],[-3.81522,56.02195],[-3.81514,56.02225],[-3.81442,56.0222],[-3.81388,56.02244],[-3.8145,56.02281],[-3.81424,56.02317],[-3.81353,56.02343],[-3.81328,56.02334],[-3.81329,56.02347]]]}},{"type":"Feature","properties":{"id":"S01016202","name":"Stenhousemuir West - 04","parent":"S12000014","type":"DZ","pop":855,"r":127,"ff":50,"ffd":5848.0,"ffs":0.5155,"g":29,"co":2,"mo":0,"sa":0,"ic":0},"geometry":{"type":"Polygon","coordinates":[[[-3.81265,56.02338],[-3.81167,56.02492],[-3.81352,56.0253],[-3.81338,56.02514],[-3.81354,56.02411],[-3.81389,56.02401],[-3.81325,56.02387],[-3.81328,56.02334],[-3.81353,56.02343],[-3.81424,56.02317],[-3.8145,56.02281],[-3.81388,56.02244],[-3.81442,56.0222],[-3.81514,56.02225],[-3.81522,56.02195],[-3.81499,56.02156],[-3.81552,56.02117],[-3.81627,56.02146],[-3.81688,56.02106],[-3.81673,56.02069],[-3.81525,56.02084],[-3.81479,56.02052],[-3.81532,56.02021],[-3.81573,56.02038],[-3.81588,56.02017],[-3.81722,56.01984],[-3.81744,56.01961],[-3.81607,56.0192],[-3.81578,56.01889],[-3.81417,56.01932],[-3.8129,56.01933],[-3.81166,56.01967],[-3.81072,56.01969],[-3.81167,56.0205],[-3.81154,56.02118],[-3.81105,56.02214],[-3.81148,56.02233],[-3.81208,56.02305],[-3.81265,56.02338]]]}},{"type":"Feature","properties":{"id":"S01016203","name":"Stenhousemuir East - 01","parent":"S12000014","type":"DZ","pop":494,"r":127,"ff":50,"ffd":10121.5,"ffs":0.5155,"g":29,"co":2,"mo":0,"sa":0,"ic":0},"geometry":{"type":"Polygon","coordinates":[[[-3.8023,56.03141],[-3.80254,56.03123],[-3.80235,56.03114],[-3.80399,56.03016],[-3.803,56.02937],[-3.80236,56.02838],[-3.80161,56.02634],[-3.79759,56.02703],[-3.79777,56.02785],[-3.79838,56.02809],[-3.79815,56.02827],[-3.79871,56.02893],[-3.80023,56.029],[-3.79787,56.03017],[-3.79954,56.03084],[-3.80023,56.03057],[-3.80046,56.03065],[-3.80051,56.03122],[-3.80067,56.03128],[-3.80136,56.03103],[-3.8023,56.03141]]]}},{"type":"Feature","properties":{"id":"S01016204","name":"Stenhousemuir East - 02","parent":"S12000014","type":"DZ","pop":710,"r":128,"ff":50,"ffd":7042.3,"ffs":0.5102,"g":29,"co":2,"mo":0,"sa":0,"ic":0},"geometry":{"type":"Polygon","coordinates":[[[-3.80385,56.03007],[-3.80399,56.03016],[-3.80235,56.03114],[-3.80254,56.03123],[-3.8023,56.03141],[-3.80275,56.03156],[-3.80255,56.03168],[-3.80299,56.03224],[-3.8038,56.03224],[-3.80943,56.03095],[-3.80716,56.03007],[-3.80706,56.03],[-3.80766,56.02972],[-3.80664,56.02921],[-3.80836,56.02853],[-3.80786,56.02776],[-3.80857,56.02763],[-3.80833,56.02726],[-3.80735,56.02727],[-3.80532,56.0278],[-3.80472,56.02765],[-3.8044,56.02806],[-3.80367,56.02824],[-3.80232,56.02816],[-3.803,56.02937],[-3.80385,56.03007]]]}},{"type":"Feature","properties":{"id":"S01016205","name":"Stenhousemuir East - 03","parent":"S12000014","type":"DZ","pop":746,"r":127,"ff":50,"ffd":6702.4,"ffs":0.5155,"g":29,"co":2,"mo":0,"sa":0,"ic":0},"geometry":{"type":"Polygon","coordinates":[[[-3.80814,56.02826],[-3.80885,56.02886],[-3.81031,56.02816],[-3.81071,56.02846],[-3.8111,56.02832],[-3.81072,56.02801],[-3.81136,56.02766],[-3.81119,56.02743],[-3.81213,56.02714],[-3.81223,56.02728],[-3.81435,56.02647],[-3.81416,56.02603],[-3.81439,56.02587],[-3.81466,56.0261],[-3.815,56.02605],[-3.81515,56.02627],[-3.81568,56.02591],[-3.81695,56.02565],[-3.81323,56.02575],[-3.80883,56.02466],[-3.80864,56.02507],[-3.8091,56.02563],[-3.80737,56.02591],[-3.80709,56.02557],[-3.80584,56.02577],[-3.80557,56.02592],[-3.80594,56.02617],[-3.80532,56.02644],[-3.80645,56.02698],[-3.80626,56.02718],[-3.805,56.02685],[-3.80463,56.02735],[-3.80344,56.02763],[-3.80298,56.02808],[-3.80367,56.02824],[-3.8044,56.02806],[-3.80472,56.02765],[-3.80532,56.0278],[-3.8078,56.02719],[-3.80787,56.02736],[-3.80833,56.02726],[-3.80857,56.02763],[-3.80786,56.02776],[-3.80814,56.02826]]]}},{"type":"Feature","properties":{"id":"S01016206","name":"Stenhousemuir East - 04","parent":"S12000014","type":"DZ","pop":547,"r":127,"ff":50,"ffd":9140.8,"ffs":0.5155,"g":29,"co":2,"mo":0,"sa":0,"ic":0},"geometry":{"type":"Polygon","coordinates":[[[-3.80947,56.02969],[-3.80911,56.02994],[-3.81042,56.0305],[-3.81354,56.03049],[-3.81223,56.0294],[-3.81534,56.02863],[-3.81522,56.02848],[-3.81594,56.02818],[-3.81537,56.02749],[-3.81401,56.02787],[-3.81339,56.02723],[-3.81251,56.02745],[-3.81213,56.02714],[-3.81119,56.02743],[-3.81136,56.02766],[-3.81072,56.02801],[-3.8111,56.02832],[-3.81071,56.02846],[-3.81031,56.02816],[-3.80885,56.02886],[-3.80836,56.02853],[-3.80664,56.02921],[-3.80776,56.02977],[-3.80826,56.02953],[-3.80882,56.02981],[-3.80922,56.02949],[-3.80947,56.02969]]]}},{"type":"Feature","properties":{"id":"S01016207","name":"Stenhousemuir East - 05","parent":"S12000014","type":"DZ","pop":771,"r":127,"ff":49,"ffd":6355.4,"ffs":0.5052,"g":29,"co":2,"mo":0,"sa":0,"ic":0},"geometry":{"type":"Polygon","coordinates":[[[-3.80199,56.02735],[-3.80232,56.02816],[-3.80298,56.02808],[-3.80344,56.02763],[-3.80463,56.02735],[-3.805,56.02685],[-3.80626,56.02718],[-3.80645,56.02698],[-3.80532,56.02644],[-3.80594,56.02617],[-3.80557,56.02592],[-3.80709,56.02557],[-3.80737,56.02591],[-3.8091,56.02563],[-3.80864,56.02507],[-3.80883,56.02466],[-3.81226,56.02545],[-3.81248,56.02506],[-3.81167,56.02492],[-3.81265,56.02338],[-3.81208,56.02305],[-3.81148,56.02233],[-3.81105,56.02214],[-3.81154,56.02118],[-3.81167,56.0205],[-3.81072,56.01969],[-3.81006,56.01962],[-3.80959,56.01906],[-3.8075,56.01886],[-3.80547,56.01958],[-3.80408,56.02035],[-3.80183,56.01937],[-3.80027,56.02016],[-3.7997,56.02058],[-3.79981,56.02079],[-3.79779,56.02093],[-3.79904,56.02282],[-3.79912,56.02459],[-3.7987,56.02465],[-3.79855,56.02686],[-3.80161,56.02634],[-3.80199,56.02735]]]}},{"type":"Feature","properties":{"id":"S01016208","name":"Stenhousemuir - Antonshill - 01","parent":"S12000014","type":"DZ","pop":666,"r":127,"ff":50,"ffd":7507.5,"ffs":0.5155,"g":29,"co":2,"mo":0,"sa":0,"ic":0},"geometry":{"type":"Polygon","coordinates":[[[-3.7954,56.03143],[-3.79649,56.03413],[-3.79753,56.03413],[-3.79705,56.03397],[-3.79759,56.0337],[-3.80098,56.03343],[-3.80299,56.03224],[-3.80255,56.03168],[-3.80275,56.03156],[-3.80136,56.03103],[-3.80067,56.03128],[-3.80051,56.03122],[-3.80046,56.03065],[-3.80023,56.03057],[-3.79954,56.03084],[-3.79787,56.03017],[-3.80023,56.029],[-3.79871,56.02893],[-3.79815,56.02827],[-3.79838,56.02809],[-3.79777,56.02785],[-3.79759,56.02703],[-3.79581,56.02733],[-3.79511,56.027],[-3.79565,56.02812],[-3.79557,56.02905],[-3.79577,56.02907],[-3.79533,56.02979],[-3.7954,56.03143]]]}},{"type":"Feature","properties":{"id":"S01016209","name":"Stenhousemuir - Antonshill - 02","parent":"S12000014","type":"DZ","pop":609,"r":128,"ff":51,"ffd":8374.4,"ffs":0.5204,"g":29,"co":2,"mo":0,"sa":0,"ic":0},"geometry":{"type":"Polygon","coordinates":[[[-3.79554,56.03517],[-3.797,56.03756],[-3.79792,56.03818],[-3.80114,56.03745],[-3.80212,56.03705],[-3.80262,56.03622],[-3.80332,56.036],[-3.80308,56.0357],[-3.80263,56.03561],[-3.803,56.03549],[-3.80288,56.03494],[-3.80217,56.03484],[-3.80159,56.03498],[-3.80144,56.03471],[-3.80173,56.03441],[-3.80089,56.03432],[-3.8011,56.03404],[-3.80174,56.03418],[-3.8019,56.03375],[-3.80108,56.03364],[-3.80098,56.03343],[-3.79759,56.0337],[-3.79705,56.03397],[-3.79753,56.03413],[-3.79457,56.03413],[-3.79454,56.03436],[-3.79554,56.03517]]]}},{"type":"Feature","properties":{"id":"S01016210","name":"Stenhousemuir - Antonshill - 03","parent":"S12000014","type":"DZ","pop":582,"r":128,"ff":51,"ffd":8762.9,"ffs":0.5204,"g":29,"co":2,"mo":0,"sa":0,"ic":0},"geometry":{"type":"Polygon","coordinates":[[[-3.81002,56.03475],[-3.81246,56.03451],[-3.81141,56.03308],[-3.80817,56.03148],[-3.80867,56.03154],[-3.80954,56.03109],[-3.80943,56.03095],[-3.8038,56.03224],[-3.80299,56.03224],[-3.804,56.03328],[-3.80364,56.03426],[-3.80392,56.03439],[-3.80447,56.03459],[-3.8051,56.03421],[-3.80568,56.03467],[-3.80933,56.03381],[-3.81002,56.03475]]]}},{"type":"Feature","properties":{"id":"S01016211","name":"Stenhousemuir - Antonshill - 04","parent":"S12000014","type":"DZ","pop":795,"r":128,"ff":51,"ffd":6415.1,"ffs":0.5204,"g":29,"co":2,"mo":0,"sa":0,"ic":0},"geometry":{"type":"Polygon","coordinates":[[[-3.80288,56.03494],[-3.803,56.03549],[-3.80263,56.03561],[-3.80308,56.0357],[-3.80332,56.036],[-3.80262,56.03622],[-3.80212,56.03705],[-3.80416,56.037],[-3.80953,56.03621],[-3.81311,56.03545],[-3.81283,56.03511],[-3.8142,56.03479],[-3.81351,56.03412],[-3.81279,56.03424],[-3.81246,56.03451],[-3.81002,56.03475],[-3.80933,56.03381],[-3.80568,56.03467],[-3.8051,56.03421],[-3.80447,56.03459],[-3.80364,56.03426],[-3.804,56.03328],[-3.80299,56.03224],[-3.80098,56.03343],[-3.80108,56.03364],[-3.8019,56.03375],[-3.80174,56.03418],[-3.8011,56.03404],[-3.80088,56.03423],[-3.80173,56.03441],[-3.80144,56.03471],[-3.80159,56.03498],[-3.80217,56.03484],[-3.80288,56.03494]]]}},{"type":"Feature","properties":{"id":"S01016212","name":"Stenhousemuir - Antonshill - 05","parent":"S12000014","type":"DZ","pop":526,"r":128,"ff":51,"ffd":9695.8,"ffs":0.5204,"g":29,"co":2,"mo":0,"sa":0,"ic":0},"geometry":{"type":"Polygon","coordinates":[[[-3.80952,56.03615],[-3.80981,56.03664],[-3.81309,56.03598],[-3.8137,56.03641],[-3.81437,56.03602],[-3.81333,56.0354],[-3.82286,56.03317],[-3.82071,56.03157],[-3.81879,56.03229],[-3.81772,56.03242],[-3.81599,56.03115],[-3.81485,56.03157],[-3.81354,56.03049],[-3.81042,56.0305],[-3.80911,56.02994],[-3.80947,56.02969],[-3.80922,56.02949],[-3.80882,56.02981],[-3.80826,56.02953],[-3.80706,56.03],[-3.80954,56.03109],[-3.80867,56.03154],[-3.80817,56.03148],[-3.81141,56.03308],[-3.81246,56.03451],[-3.81279,56.03424],[-3.81351,56.03412],[-3.8142,56.03479],[-3.81283,56.03511],[-3.81311,56.03545],[-3.80952,56.03615]]]}},{"type":"Feature","properties":{"id":"S01016213","name":"Carron - 01","parent":"S12000014","type":"DZ","pop":834,"r":133,"ff":55,"ffd":6594.7,"ffs":0.5238,"g":27,"co":2,"mo":2,"sa":0,"ic":0},"geometry":{"type":"Polygon","coordinates":[[[-3.78842,56.02605],[-3.7886,56.02642],[-3.78898,56.02639],[-3.79061,56.02574],[-3.79173,56.02517],[-3.79196,56.02488],[-3.79269,56.02511],[-3.79287,56.02473],[-3.79378,56.02441],[-3.79367,56.02414],[-3.79321,56.02405],[-3.79328,56.02371],[-3.79394,56.0236],[-3.79315,56.0217],[-3.79165,56.02185],[-3.78741,56.02277],[-3.7837,56.02378],[-3.78311,56.0242],[-3.7832,56.02486],[-3.78339,56.02494],[-3.78307,56.02548],[-3.78518,56.02596],[-3.78525,56.02633],[-3.78647,56.02626],[-3.78642,56.02605],[-3.78842,56.02605]]]}},{"type":"Feature","properties":{"id":"S01016214","name":"Carron - 02","parent":"S12000014","type":"DZ","pop":780,"r":134,"ff":56,"ffd":7179.5,"ffs":0.5283,"g":27,"co":2,"mo":2,"sa":0,"ic":0},"geometry":{"type":"Polygon","coordinates":[[[-3.78857,56.02879],[-3.78997,56.02904],[-3.79068,56.02941],[-3.79131,56.02881],[-3.79019,56.02837],[-3.79,56.02812],[-3.7897,56.02615],[-3.7886,56.02642],[-3.78838,56.02598],[-3.78786,56.02611],[-3.78784,56.02593],[-3.78525,56.02633],[-3.78518,56.02596],[-3.78307,56.02548],[-3.7821,56.02666],[-3.78247,56.02693],[-3.78203,56.02673],[-3.7809,56.02684],[-3.78028,56.02654],[-3.77983,56.02683],[-3.77812,56.02666],[-3.77745,56.02619],[-3.77698,56.02642],[-3.77727,56.0269],[-3.78026,56.02732],[-3.78329,56.02874],[-3.78374,56.02815],[-3.78425,56.02818],[-3.78426,56.02869],[-3.78767,56.02824],[-3.78819,56.02882],[-3.78857,56.02879]]]}},{"type":"Feature","properties":{"id":"S01016215","name":"Carron - 03","parent":"S12000014","type":"DZ","pop":535,"r":133,"ff":55,"ffd":10280.4,"ffs":0.5238,"g":27,"co":2,"mo":2,"sa":0,"ic":0},"geometry":{"type":"Polygon","coordinates":[[[-3.7939,56.02795],[-3.79527,56.02902],[-3.79557,56.02905],[-3.79565,56.02812],[-3.79511,56.027],[-3.79581,56.02733],[-3.79855,56.02686],[-3.7987,56.02465],[-3.79912,56.02459],[-3.79904,56.02282],[-3.79779,56.02093],[-3.79315,56.0217],[-3.79394,56.0236],[-3.79328,56.02371],[-3.79321,56.02405],[-3.79367,56.02414],[-3.79378,56.02441],[-3.79287,56.02473],[-3.79269,56.02511],[-3.79196,56.02488],[-3.79173,56.02517],[-3.78968,56.02609],[-3.7898,56.02673],[-3.79141,56.02596],[-3.7939,56.02795]]]}},{"type":"Feature","properties":{"id":"S01016216","name":"Carron - 04","parent":"S12000014","type":"DZ","pop":405,"r":133,"ff":55,"ffd":13580.2,"ffs":0.5238,"g":27,"co":2,"mo":2,"sa":0,"ic":0},"geometry":{"type":"Polygon","coordinates":[[[-3.79124,56.02604],[-3.7898,56.02673],[-3.7899,56.02794],[-3.79019,56.02837],[-3.79117,56.02865],[-3.79131,56.02881],[-3.79095,56.02927],[-3.79305,56.02987],[-3.79314,56.03071],[-3.79265,56.03075],[-3.79292,56.03126],[-3.79535,56.03117],[-3.79533,56.02979],[-3.79577,56.02907],[-3.79527,56.02902],[-3.79155,56.02607],[-3.79124,56.02604]]]}},{"type":"Feature","properties":{"id":"S01016217","name":"Carronshore - 01","parent":"S12000014","type":"DZ","pop":716,"r":131,"ff":56,"ffd":7821.2,"ffs":0.5385,"g":26,"co":2,"mo":2,"sa":0,"ic":0},"geometry":{"type":"Polygon","coordinates":[[[-3.77705,56.03301],[-3.77825,56.03297],[-3.77799,56.0322],[-3.77667,56.03012],[-3.77651,56.02918],[-3.77882,56.02897],[-3.77824,56.02829],[-3.78023,56.02792],[-3.78047,56.02743],[-3.77727,56.0269],[-3.77698,56.02642],[-3.77745,56.02619],[-3.77812,56.02666],[-3.77983,56.02683],[-3.78028,56.02654],[-3.77768,56.02408],[-3.77767,56.02378],[-3.77833,56.02306],[-3.77853,56.02257],[-3.77828,56.02212],[-3.77787,56.02197],[-3.77624,56.02246],[-3.77457,56.02383],[-3.77448,56.02423],[-3.77511,56.02587],[-3.77478,56.02636],[-3.77408,56.02673],[-3.77457,56.02677],[-3.77552,56.02819],[-3.7733,56.0284],[-3.77364,56.02965],[-3.77279,56.02978],[-3.77476,56.03033],[-3.77513,56.03058],[-3.77519,56.03094],[-3.77578,56.03086],[-3.77591,56.03236],[-3.77636,56.03235],[-3.77615,56.03288],[-3.77705,56.03301]]]}},{"type":"Feature","properties":{"id":"S01016218","name":"Carronshore - 02","parent":"S12000014","type":"DZ","pop":573,"r":132,"ff":56,"ffd":9773.1,"ffs":0.5385,"g":27,"co":2,"mo":2,"sa":0,"ic":0},"geometry":{"type":"Polygon","coordinates":[[[-3.78022,56.02774],[-3.78023,56.02792],[-3.77824,56.02829],[-3.77882,56.02897],[-3.77651,56.02918],[-3.77667,56.03012],[-3.77799,56.0322],[-3.7783,56.03316],[-3.77886,56.03317],[-3.78021,56.03171],[-3.7797,56.03154],[-3.77999,56.03126],[-3.77851,56.03053],[-3.78251,56.02948],[-3.78329,56.02874],[-3.78047,56.02743],[-3.78022,56.02774]]]}},{"type":"Feature","properties":{"id":"S01016219","name":"Carronshore - 03","parent":"S12000014","type":"DZ","pop":739,"r":133,"ff":56,"ffd":7577.8,"ffs":0.5333,"g":27,"co":2,"mo":2,"sa":0,"ic":0},"geometry":{"type":"Polygon","coordinates":[[[-3.78647,56.03128],[-3.78711,56.03157],[-3.78797,56.03113],[-3.79232,56.0302],[-3.79265,56.03075],[-3.79314,56.03071],[-3.79305,56.02987],[-3.79095,56.02927],[-3.79068,56.02941],[-3.78965,56.02896],[-3.78819,56.02882],[-3.78767,56.02824],[-3.78426,56.02869],[-3.78505,56.02909],[-3.78484,56.02954],[-3.78435,56.02988],[-3.78547,56.03044],[-3.78529,56.03069],[-3.78647,56.03128]]]}},{"type":"Feature","properties":{"id":"S01016220","name":"Carronshore - 04","parent":"S12000014","type":"DZ","pop":549,"r":133,"ff":56,"ffd":10200.4,"ffs":0.5333,"g":27,"co":2,"mo":2,"sa":0,"ic":0},"geometry":{"type":"Polygon","coordinates":[[[-3.78018,56.03308],[-3.78215,56.03366],[-3.78439,56.03149],[-3.78492,56.03144],[-3.78547,56.03044],[-3.78435,56.02988],[-3.78484,56.02954],[-3.78505,56.02909],[-3.78426,56.02869],[-3.78425,56.02818],[-3.78374,56.02815],[-3.78251,56.02948],[-3.77851,56.03053],[-3.77999,56.03126],[-3.7797,56.03154],[-3.78021,56.03171],[-3.77886,56.03317],[-3.7783,56.03316],[-3.77828,56.0337],[-3.77929,56.03362],[-3.77985,56.03299],[-3.78018,56.03308]]]}},{"type":"Feature","properties":{"id":"S01016221","name":"Carse and Grangemouth Old Town - 01","parent":"S12000014","type":"DZ","pop":903,"r":45,"ff":28,"ffd":3100.8,"ffs":0.6364,"g":1,"co":3,"mo":3,"sa":1,"ic":1},"geometry":{"type":"Polygon","coordinates":[[[-3.80308,56.10679],[-3.80509,56.10663],[-3.80511,56.10639],[-3.80666,56.10543],[-3.80807,56.10416],[-3.80827,56.10423],[-3.80818,56.10386],[-3.80911,56.10275],[-3.80975,56.10256],[-3.81126,56.10162],[-3.81221,56.10133],[-3.81296,56.10086],[-3.81319,56.10094],[-3.81489,56.10042],[-3.81652,56.09976],[-3.81992,56.09918],[-3.81992,56.09875],[-3.82012,56.09852],[-3.82002,56.09832],[-3.8206,56.0981],[-3.82187,56.09672],[-3.82171,56.09615],[-3.82262,56.09451],[-3.82218,56.09392],[-3.82295,56.0927],[-3.82315,56.09109],[-3.824,56.09056],[-3.82602,56.09031],[-3.82865,56.08655],[-3.83334,56.08751],[-3.8359,56.08465],[-3.83294,56.08339],[-3.8295,56.08096],[-3.82327,56.07862],[-3.81786,56.07572],[-3.81281,56.07485],[-3.80995,56.07353],[-3.80779,56.07291],[-3.80549,56.07305],[-3.80553,56.07254],[-3.80653,56.0707],[-3.80682,56.06974],[-3.80577,56.06944],[-3.80407,56.06938],[-3.80205,56.06853],[-3.80024,56.06805],[-3.79978,56.06753],[-3.80023,56.06715],[-3.7986,56.06644],[-3.79793,56.06553],[-3.79802,56.06521],[-3.79835,56.06519],[-3.79867,56.0647],[-3.79832,56.06436],[-3.79885,56.06434],[-3.79885,56.06396],[-3.79919,56.0637],[-3.79909,56.06329],[-3.79968,56.06281],[-3.80218,56.06334],[-3.80354,56.06323],[-3.80427,56.06278],[-3.80544,56.06311],[-3.80801,56.06273],[-3.80828,56.06238],[-3.80883,56.0625],[-3.80925,56.06224],[-3.81027,56.06239],[-3.81116,56.06217],[-3.81171,56.06229],[-3.81191,56.06216],[-3.81192,56.0616],[-3.81316,56.06109],[-3.81444,56.06141],[-3.81534,56.0612],[-3.81557,56.06055],[-3.81474,56.06004],[-3.81482,56.05895],[-3.81527,56.0585],[-3.81528,56.05827],[-3.8141,56.05793],[-3.81296,56.05724],[-3.81285,56.05668],[-3.81133,56.05631],[-3.81071,56.05564],[-3.81102,56.05489],[-3.81272,56.05382],[-3.8138,56.05346],[-3.81427,56.05281],[-3.8147,56.05282],[-3.81544,56.05331],[-3.81627,56.05318],[-3.81727,56.05352],[-3.81733,56.0541],[-3.81761,56.05442],[-3.81945,56.0546],[-3.821,56.0543],[-3.82345,56.05239],[-3.82417,56.05128],[-3.82451,56.0511],[-3.82678,56.05096],[-3.83028,56.05126],[-3.83323,56.0504],[-3.8346,56.05191],[-3.83536,56.05201],[-3.839,56.05144],[-3.84138,56.05077],[-3.84307,56.0507],[-3.83807,56.04517],[-3.84067,56.04526],[-3.84306,56.04218],[-3.83865,56.04022],[-3.8348,56.04053],[-3.83366,56.03729],[-3.8259,56.04126],[-3.82835,56.04256],[-3.82772,56.04361],[-3.82623,56.04302],[-3.82665,56.04277],[-3.82658,56.04265],[-3.82499,56.04179],[-3.8243,56.04177],[-3.82104,56.04266],[-3.81923,56.04289],[-3.811,56.04343],[-3.81076,56.04209],[-3.81097,56.04103],[-3.80974,56.03993],[-3.807,56.03662],[-3.80416,56.037],[-3.80212,56.03705],[-3.80114,56.03745],[-3.79792,56.03818],[-3.79714,56.03769],[-3.79554,56.03517],[-3.79454,56.03436],[-3.79457,56.03413],[-3.79649,56.03413],[-3.79535,56.03117],[-3.79292,56.03126],[-3.79232,56.0302],[-3.78797,56.03113],[-3.78711,56.03157],[-3.78529,56.03069],[-3.78492,56.03144],[-3.78439,56.03149],[-3.78215,56.03366],[-3.77985,56.03299],[-3.77929,56.03362],[-3.77828,56.0337],[-3.77825,56.03297],[-3.77615,56.03288],[-3.77636,56.03235],[-3.77591,56.03236],[-3.77578,56.03086],[-3.77519,56.03094],[-3.77513,56.03058],[-3.77476,56.03033],[-3.77281,56.02983],[-3.77364,56.02965],[-3.7733,56.0284],[-3.77552,56.02819],[-3.77547,56.02804],[-3.77457,56.02677],[-3.77182,56.02675],[-3.77091,56.02632],[-3.77066,56.02576],[-3.77079,56.02447],[-3.77065,56.02406],[-3.77026,56.02377],[-3.76846,56.0232],[-3.76604,56.02298],[-3.76305,56.02222],[-3.7546,56.02057],[-3.75294,56.02053],[-3.7515,56.02078],[-3.74684,56.02218],[-3.74689,56.0224],[-3.74672,56.02249],[-3.74637,56.02226],[-3.7412,56.0223],[-3.73895,56.02209],[-3.73711,56.02165],[-3.73593,56.02165],[-3.73514,56.02194],[-3.73334,56.02327],[-3.73065,56.02427],[-3.72345,56.02523],[-3.71707,56.02644],[-3.71674,56.02669],[-3.7186,56.0273],[-3.72285,56.02925],[-3.7249,56.0307],[-3.72617,56.03104],[-3.72854,56.0325],[-3.72888,56.03369],[-3.72865,56.03444],[-3.72831,56.03504],[-3.72743,56.03572],[-3.72687,56.03684],[-3.72738,56.03762],[-3.72698,56.03787],[-3.72709,56.03824],[-3.72789,56.03882],[-3.72727,56.0392],[-3.72747,56.04063],[-3.72684,56.04108],[-3.72758,56.04213],[-3.72765,56.0429],[-3.72792,56.04326],[-3.72784,56.04372],[-3.72808,56.04415],[-3.72799,56.04448],[-3.7282,56.04466],[-3.72844,56.04548],[-3.72804,56.04603],[-3.7274,56.04634],[-3.72766,56.04651],[-3.7279,56.04708],[-3.72978,56.04669],[-3.73009,56.04648],[-3.73339,56.04594],[-3.72899,56.04694],[-3.72775,56.04744],[-3.73103,56.05329],[-3.73102,56.05385],[-3.73187,56.05371],[-3.73124,56.05408],[-3.73227,56.05542],[-3.73298,56.0568],[-3.73326,56.0576],[-3.73343,56.05928],[-3.73422,56.0615],[-3.73392,56.06179],[-3.73426,56.06193],[-3.73449,56.06275],[-3.73382,56.06301],[-3.73418,56.06326],[-3.73472,56.06315],[-3.73542,56.06392],[-3.7336,56.06456],[-3.7344,56.06481],[-3.73517,56.0655],[-3.73559,56.06538],[-3.73587,56.06554],[-3.73705,56.06517],[-3.73732,56.06541],[-3.7372,56.06594],[-3.73742,56.06611],[-3.74113,56.06803],[-3.74143,56.06786],[-3.7413,56.0674],[-3.7418,56.06677],[-3.74473,56.06674],[-3.74182,56.06464],[-3.74264,56.06429],[-3.74092,56.06353],[-3.74092,56.06322],[-3.74251,56.06251],[-3.74301,56.06247],[-3.74538,56.06286],[-3.74682,56.06408],[-3.7477,56.06394],[-3.74779,56.06365],[-3.74751,56.0632],[-3.74557,56.06279],[-3.7449,56.06226],[-3.74662,56.06182],[-3.74803,56.06207],[-3.74851,56.06199],[-3.74715,56.06133],[-3.74802,56.06074],[-3.74853,56.06012],[-3.74895,56.05999],[-3.74985,56.06004],[-3.75038,56.05989],[-3.7499,56.05945],[-3.74987,56.05911],[-3.75081,56.05795],[-3.75125,56.05798],[-3.75079,56.05804],[-3.75027,56.05888],[-3.74993,56.05912],[-3.74992,56.05937],[-3.75042,56.05991],[-3.74969,56.06008],[-3.74899,56.06003],[-3.74851,56.06019],[-3.74813,56.06078],[-3.74733,56.06129],[-3.74854,56.06178],[-3.74865,56.06202],[-3.74809,56.06216],[-3.74657,56.06192],[-3.7451,56.06225],[-3.74577,56.06272],[-3.74773,56.06317],[-3.74795,56.06398],[-3.74676,56.0642],[-3.74533,56.06303],[-3.743,56.06265],[-3.74123,56.0633],[-3.74134,56.06356],[-3.74288,56.06413],[-3.74301,56.0645],[-3.74263,56.06473],[-3.74323,56.06508],[-3.74422,56.06607],[-3.74549,56.06675],[-3.74525,56.06702],[-3.74451,56.06726],[-3.74248,56.06718],[-3.74235,56.0677],[-3.74375,56.06821],[-3.74631,56.06798],[-3.74701,56.06809],[-3.74841,56.06888],[-3.75923,56.07283],[-3.76146,56.07413],[-3.7621,56.07393],[-3.76308,56.07472],[-3.7678,56.0771],[-3.76914,56.07666],[-3.76843,56.07723],[-3.76868,56.07778],[-3.76905,56.07797],[-3.76978,56.0778],[-3.7698,56.07827],[-3.77235,56.07996],[-3.77392,56.08126],[-3.77853,56.08576],[-3.78001,56.08583],[-3.77888,56.08608],[-3.77901,56.08639],[-3.78069,56.08747],[-3.78136,56.0877],[-3.78164,56.08811],[-3.78218,56.08816],[-3.78548,56.09033],[-3.7859,56.09041],[-3.79013,56.09357],[-3.79057,56.09353],[-3.79039,56.09362],[-3.79046,56.09386],[-3.79153,56.09507],[-3.79177,56.09509],[-3.79168,56.09523],[-3.79221,56.09581],[-3.79237,56.09573],[-3.79277,56.09648],[-3.79302,56.09652],[-3.79302,56.09673],[-3.79406,56.09775],[-3.79393,56.09778],[-3.79412,56.09811],[-3.79436,56.09811],[-3.79421,56.09824],[-3.79434,56.09842],[-3.79468,56.09846],[-3.79454,56.09865],[-3.79484,56.09904],[-3.79521,56.0991],[-3.79496,56.09915],[-3.7955,56.09986],[-3.79568,56.09997],[-3.79566,56.09964],[-3.79589,56.10006],[-3.79679,56.10009],[-3.797,56.10099],[-3.79873,56.10348],[-3.7989,56.104],[-3.80164,56.10604],[-3.80308,56.10679]],[[-3.77657,56.06998],[-3.77392,56.07226],[-3.77096,56.0705],[-3.76962,56.07003],[-3.76839,56.07063],[-3.76801,56.07043],[-3.76744,56.07089],[-3.76538,56.07038],[-3.76574,56.06979],[-3.76618,56.06799],[-3.76612,56.06709],[-3.76425,56.06748],[-3.76391,56.06679],[-3.76471,56.06663],[-3.76438,56.06583],[-3.76261,56.06351],[-3.7611,56.06363],[-3.75916,56.0629],[-3.76113,56.06188],[-3.76114,56.06153],[-3.76158,56.06123],[-3.76431,56.06058],[-3.76474,56.06058],[-3.76436,56.0609],[-3.76487,56.06086],[-3.76577,56.06188],[-3.76433,56.06228],[-3.7648,56.06277],[-3.7685,56.06254],[-3.76908,56.06293],[-3.77184,56.06222],[-3.77176,56.06209],[-3.7735,56.06258],[-3.77364,56.06307],[-3.772,56.06432],[-3.77127,56.06456],[-3.7704,56.06444],[-3.76957,56.06464],[-3.77014,56.0667],[-3.77066,56.06704],[-3.77104,56.06804],[-3.77311,56.06875],[-3.77404,56.06877],[-3.77657,56.06998]]]}},{"type":"Feature","properties":{"id":"S01016222","name":"Carse and Grangemouth Old Town - 02","parent":"S12000014","type":"DZ","pop":541,"r":27,"ff":17,"ffd":3142.3,"ffs":0.6538,"g":1,"co":3,"mo":3,"sa":1,"ic":1},"geometry":{"type":"Polygon","coordinates":[[[-3.76966,56.06838],[-3.77013,56.06851],[-3.77034,56.06827],[-3.77119,56.0681],[-3.77088,56.06778],[-3.77066,56.06704],[-3.77014,56.0667],[-3.76957,56.06464],[-3.7704,56.06444],[-3.77127,56.06456],[-3.772,56.06432],[-3.77364,56.06307],[-3.7735,56.06258],[-3.77176,56.06209],[-3.77184,56.06222],[-3.76908,56.06293],[-3.7685,56.06254],[-3.7648,56.06277],[-3.76725,56.06528],[-3.76821,56.06759],[-3.76966,56.06838]]]}},{"type":"Feature","properties":{"id":"S01016223","name":"Carse and Grangemouth Old Town - 03","parent":"S12000014","type":"DZ","pop":524,"r":27,"ff":18,"ffd":3435.1,"ffs":0.6923,"g":1,"co":3,"mo":3,"sa":1,"ic":1},"geometry":{"type":"Polygon","coordinates":[[[-3.76294,56.06396],[-3.76438,56.06583],[-3.76471,56.06663],[-3.76391,56.06679],[-3.76425,56.06748],[-3.76779,56.06674],[-3.76725,56.06528],[-3.76433,56.06228],[-3.76577,56.06188],[-3.76487,56.06086],[-3.76436,56.0609],[-3.76474,56.06058],[-3.76373,56.06062],[-3.76293,56.06098],[-3.76158,56.06123],[-3.76114,56.06153],[-3.76113,56.06188],[-3.75916,56.0629],[-3.7611,56.06363],[-3.76261,56.06351],[-3.76294,56.06396]]]}},{"type":"Feature","properties":{"id":"S01016224","name":"Carse and Grangemouth Old Town - 04","parent":"S12000014","type":"DZ","pop":631,"r":26,"ff":16,"ffd":2535.7,"ffs":0.64,"g":1,"co":3,"mo":3,"sa":3,"ic":1},"geometry":{"type":"Polygon","coordinates":[[[-3.77031,56.07027],[-3.77392,56.07226],[-3.77657,56.06998],[-3.77404,56.06877],[-3.77311,56.06875],[-3.77119,56.0681],[-3.77034,56.06827],[-3.77013,56.06851],[-3.76966,56.06838],[-3.76846,56.06784],[-3.76779,56.06674],[-3.76612,56.06709],[-3.76618,56.06799],[-3.76574,56.06979],[-3.76538,56.07038],[-3.76744,56.07089],[-3.76801,56.07043],[-3.76839,56.07063],[-3.76962,56.07003],[-3.77031,56.07027]]]}},{"type":"Feature","properties":{"id":"S01016225","name":"Falkirk - Bainsford and Langlees - 01","parent":"S12000014","type":"DZ","pop":608,"r":132,"ff":55,"ffd":9046.1,"ffs":0.5238,"g":26,"co":2,"mo":0,"sa":0,"ic":0},"geometry":{"type":"Polygon","coordinates":[[[-3.77538,56.01991],[-3.77578,56.02118],[-3.77609,56.02116],[-3.77604,56.02092],[-3.77708,56.02081],[-3.77715,56.01978],[-3.77832,56.01977],[-3.77832,56.02],[-3.77995,56.01971],[-3.77992,56.01946],[-3.78086,56.01946],[-3.78009,56.01794],[-3.77955,56.0181],[-3.77987,56.01854],[-3.77954,56.01859],[-3.77913,56.01789],[-3.77745,56.01821],[-3.77423,56.01846],[-3.77459,56.0195],[-3.77553,56.01919],[-3.77566,56.01936],[-3.77529,56.01964],[-3.77538,56.01991]]]}},{"type":"Feature","properties":{"id":"S01016230","name":"Falkirk - Bainsford and Langlees - 06","parent":"S12000014","type":"DZ","pop":512,"r":133,"ff":55,"ffd":10742.2,"ffs":0.5238,"g":27,"co":2,"mo":0,"sa":0,"ic":0},"geometry":{"type":"Polygon","coordinates":[[[-3.78131,56.01803],[-3.78162,56.01869],[-3.78335,56.0182],[-3.78305,56.01784],[-3.78874,56.01653],[-3.78706,56.01503],[-3.78757,56.01469],[-3.78727,56.01445],[-3.78812,56.01403],[-3.78846,56.01425],[-3.78811,56.01444],[-3.78857,56.01468],[-3.78932,56.01441],[-3.78935,56.01373],[-3.78727,56.01213],[-3.78453,56.01335],[-3.7824,56.01404],[-3.77931,56.01466],[-3.77706,56.01485],[-3.7771,56.01606],[-3.77422,56.01608],[-3.77435,56.01821],[-3.77452,56.0184],[-3.77745,56.01821],[-3.77913,56.01789],[-3.77954,56.01859],[-3.77987,56.01854],[-3.77955,56.0181],[-3.78019,56.01792],[-3.78036,56.01756],[-3.78115,56.01774],[-3.78131,56.01803]]]}},{"type":"Feature","properties":{"id":"S01016226","name":"Falkirk - Bainsford and Langlees - 02","parent":"S12000014","type":"DZ","pop":647,"r":133,"ff":55,"ffd":8500.8,"ffs":0.5238,"g":27,"co":2,"mo":0,"sa":0,"ic":0},"geometry":{"type":"Polygon","coordinates":[[[-3.77835,56.02396],[-3.77888,56.02471],[-3.78099,56.02664],[-3.78161,56.02657],[-3.78237,56.02589],[-3.78283,56.02405],[-3.78329,56.02366],[-3.78108,56.02384],[-3.78197,56.0219],[-3.78127,56.02161],[-3.78241,56.02041],[-3.78248,56.01984],[-3.78134,56.0198],[-3.78086,56.01946],[-3.77992,56.01946],[-3.77995,56.01971],[-3.77832,56.02],[-3.77832,56.01977],[-3.77715,56.01978],[-3.77708,56.02081],[-3.77604,56.02092],[-3.77609,56.02116],[-3.77578,56.02118],[-3.77529,56.01964],[-3.77566,56.01936],[-3.77553,56.01919],[-3.77459,56.0195],[-3.77423,56.01846],[-3.77452,56.0184],[-3.77435,56.01821],[-3.77422,56.01608],[-3.7771,56.01606],[-3.77706,56.01485],[-3.76963,56.01515],[-3.77009,56.01291],[-3.77108,56.01274],[-3.77079,56.01245],[-3.77155,56.01173],[-3.7708,56.01036],[-3.76813,56.01085],[-3.76771,56.00975],[-3.76762,56.00875],[-3.76817,56.00874],[-3.76825,56.00813],[-3.76746,56.00812],[-3.76619,56.00663],[-3.76768,56.00625],[-3.76814,56.00668],[-3.77026,56.00619],[-3.76794,56.00379],[-3.76583,56.00441],[-3.75983,56.00535],[-3.75742,56.00596],[-3.7546,56.00255],[-3.75243,56.00267],[-3.7469,56.00202],[-3.74207,56.00198],[-3.7429,56.00341],[-3.74224,56.00366],[-3.74211,56.00394],[-3.74493,56.00637],[-3.74087,56.00841],[-3.74208,56.00981],[-3.74233,56.00941],[-3.74315,56.00887],[-3.74528,56.01006],[-3.74708,56.00935],[-3.75043,56.01136],[-3.74661,56.0128],[-3.74694,56.01347],[-3.74827,56.01499],[-3.75061,56.01648],[-3.75512,56.02014],[-3.75583,56.02028],[-3.75613,56.02009],[-3.75732,56.02066],[-3.75801,56.01985],[-3.7577,56.02051],[-3.75779,56.02081],[-3.76597,56.02241],[-3.76847,56.02215],[-3.76926,56.02224],[-3.76989,56.02194],[-3.76931,56.02229],[-3.76708,56.02232],[-3.76649,56.02252],[-3.76981,56.02317],[-3.77102,56.02368],[-3.77127,56.02389],[-3.77147,56.0247],[-3.77108,56.02594],[-3.77143,56.0263],[-3.77201,56.02645],[-3.77389,56.02641],[-3.77448,56.02606],[-3.7746,56.02554],[-3.77396,56.02385],[-3.77543,56.0224],[-3.77736,56.02175],[-3.77876,56.02187],[-3.77912,56.02236],[-3.77915,56.02275],[-3.77835,56.02396]]]}},{"type":"Feature","properties":{"id":"S01016227","name":"Falkirk - Bainsford and Langlees - 03","parent":"S12000014","type":"DZ","pop":727,"r":133,"ff":55,"ffd":7565.3,"ffs":0.5238,"g":27,"co":2,"mo":0,"sa":0,"ic":0},"geometry":{"type":"Polygon","coordinates":[[[-3.79157,56.02092],[-3.79309,56.02061],[-3.79328,56.01988],[-3.79245,56.01991],[-3.79192,56.01908],[-3.79175,56.01864],[-3.79259,56.01855],[-3.7925,56.01779],[-3.79194,56.01711],[-3.79152,56.01613],[-3.79039,56.01506],[-3.7895,56.01377],[-3.78927,56.01413],[-3.78932,56.01441],[-3.78857,56.01468],[-3.78811,56.01444],[-3.78846,56.01425],[-3.78812,56.01403],[-3.78727,56.01445],[-3.78757,56.01469],[-3.78706,56.01503],[-3.78874,56.01653],[-3.79047,56.0161],[-3.79079,56.01652],[-3.79117,56.01738],[-3.79011,56.01763],[-3.79035,56.01807],[-3.78969,56.01825],[-3.7899,56.01861],[-3.78933,56.01875],[-3.7902,56.02029],[-3.78947,56.02037],[-3.79033,56.02093],[-3.79157,56.02092]]]}},{"type":"Feature","properties":{"id":"S01016228","name":"Falkirk - Bainsford and Langlees - 04","parent":"S12000014","type":"DZ","pop":384,"r":133,"ff":55,"ffd":14322.9,"ffs":0.5238,"g":27,"co":2,"mo":0,"sa":0,"ic":0},"geometry":{"type":"Polygon","coordinates":[[[-3.78108,56.02384],[-3.78329,56.02366],[-3.78745,56.02252],[-3.79309,56.02151],[-3.79309,56.02061],[-3.79179,56.0209],[-3.79033,56.02093],[-3.78947,56.02037],[-3.7902,56.02029],[-3.78933,56.01875],[-3.7899,56.01861],[-3.78969,56.01825],[-3.78503,56.01933],[-3.78522,56.01962],[-3.78455,56.01979],[-3.78482,56.0203],[-3.78241,56.02041],[-3.78156,56.0212],[-3.78127,56.02161],[-3.78197,56.0219],[-3.78108,56.02384]]]}},{"type":"Feature","properties":{"id":"S01016229","name":"Falkirk - Bainsford and Langlees - 05","parent":"S12000014","type":"DZ","pop":577,"r":133,"ff":55,"ffd":9532.1,"ffs":0.5238,"g":27,"co":2,"mo":0,"sa":0,"ic":0},"geometry":{"type":"Polygon","coordinates":[[[-3.78241,56.02041],[-3.78482,56.0203],[-3.78455,56.01979],[-3.78522,56.01962],[-3.78503,56.01933],[-3.79035,56.01807],[-3.79011,56.01763],[-3.79117,56.01738],[-3.79047,56.0161],[-3.78305,56.01784],[-3.78335,56.0182],[-3.78162,56.01869],[-3.78115,56.01774],[-3.78036,56.01756],[-3.78009,56.01794],[-3.78086,56.01946],[-3.78134,56.0198],[-3.78248,56.01984],[-3.78241,56.02041]]]}},{"type":"Feature","properties":{"id":"S01016238","name":"Falkirk - Grahamston - 02","parent":"S12000014","type":"DZ","pop":396,"r":134,"ff":55,"ffd":13888.9,"ffs":0.5189,"g":27,"co":2,"mo":0,"sa":0,"ic":0},"geometry":{"type":"Polygon","coordinates":[[[-3.77919,56.00731],[-3.78067,56.00801],[-3.78098,56.00783],[-3.78089,56.00764],[-3.78007,56.00724],[-3.78044,56.00711],[-3.78048,56.00642],[-3.78123,56.00644],[-3.78123,56.00623],[-3.78049,56.00624],[-3.7805,56.00604],[-3.78027,56.00603],[-3.78011,56.00536],[-3.77975,56.00545],[-3.77934,56.00432],[-3.77786,56.00439],[-3.77618,56.00379],[-3.77754,56.00546],[-3.7771,56.0056],[-3.77752,56.00595],[-3.77763,56.00634],[-3.77819,56.00623],[-3.77841,56.00655],[-3.77818,56.00668],[-3.77919,56.00731]]]}},{"type":"Feature","properties":{"id":"S01016231","name":"Falkirk - Merchiston and New Carron Village - 01","parent":"S12000014","type":"DZ","pop":753,"r":133,"ff":55,"ffd":7304.1,"ffs":0.5238,"g":27,"co":2,"mo":0,"sa":0,"ic":0},"geometry":{"type":"Polygon","coordinates":[[[-3.79302,56.02125],[-3.79309,56.02151],[-3.79519,56.02111],[-3.79505,56.0206],[-3.79523,56.02111],[-3.79575,56.0211],[-3.79952,56.02043],[-3.79972,56.02058],[-3.80026,56.02017],[-3.79903,56.01972],[-3.79785,56.01899],[-3.7967,56.01767],[-3.79656,56.01711],[-3.7939,56.01692],[-3.79336,56.01732],[-3.79243,56.01764],[-3.79259,56.01855],[-3.79175,56.01864],[-3.79245,56.01991],[-3.79323,56.01979],[-3.79302,56.02125]]]}},{"type":"Feature","properties":{"id":"S01016232","name":"Falkirk - Merchiston and New Carron Village - 02","parent":"S12000014","type":"DZ","pop":665,"r":134,"ff":55,"ffd":8270.7,"ffs":0.5238,"g":28,"co":2,"mo":0,"sa":0,"ic":0},"geometry":{"type":"Polygon","coordinates":[[[-3.7699,56.01378],[-3.76963,56.01515],[-3.77931,56.01466],[-3.7824,56.01404],[-3.78697,56.01237],[-3.79563,56.00842],[-3.79583,56.00857],[-3.79606,56.00848],[-3.79625,56.00877],[-3.79685,56.0087],[-3.79646,56.00817],[-3.797,56.00785],[-3.79735,56.00684],[-3.79815,56.00573],[-3.8003,56.00448],[-3.79979,56.0043],[-3.79506,56.0056],[-3.79243,56.00582],[-3.79172,56.00605],[-3.78665,56.01017],[-3.78553,56.01064],[-3.78677,56.01161],[-3.7864,56.01169],[-3.78624,56.01161],[-3.78631,56.01142],[-3.78599,56.01139],[-3.78493,56.01192],[-3.78509,56.01203],[-3.78496,56.01214],[-3.78453,56.01232],[-3.78434,56.0122],[-3.78383,56.01257],[-3.78322,56.01192],[-3.7831,56.01154],[-3.78242,56.01141],[-3.77503,56.01245],[-3.77429,56.01264],[-3.77448,56.01309],[-3.77341,56.01322],[-3.77351,56.01343],[-3.77308,56.01349],[-3.77268,56.01253],[-3.77009,56.01291],[-3.7699,56.01378]]]}},{"type":"Feature","properties":{"id":"S01016233","name":"Falkirk - Merchiston and New Carron Village - 03","parent":"S12000014","type":"DZ","pop":788,"r":133,"ff":55,"ffd":6979.7,"ffs":0.5238,"g":27,"co":2,"mo":0,"sa":0,"ic":0},"geometry":{"type":"Polygon","coordinates":[[[-3.78922,56.01362],[-3.78942,56.01389],[-3.7898,56.01357],[-3.79041,56.01387],[-3.79436,56.01179],[-3.79525,56.01218],[-3.7957,56.01196],[-3.79639,56.01198],[-3.7963,56.01051],[-3.79685,56.0087],[-3.79625,56.00877],[-3.79606,56.00848],[-3.79583,56.00857],[-3.79563,56.00842],[-3.78741,56.01213],[-3.78922,56.01362]]]}},{"type":"Feature","properties":{"id":"S01016234","name":"Falkirk - Merchiston and New Carron Village - 04","parent":"S12000014","type":"DZ","pop":556,"r":133,"ff":55,"ffd":9892.1,"ffs":0.5238,"g":27,"co":2,"mo":0,"sa":0,"ic":0},"geometry":{"type":"Polygon","coordinates":[[[-3.78973,56.01416],[-3.79152,56.01613],[-3.79194,56.01711],[-3.79243,56.01764],[-3.79336,56.01732],[-3.79392,56.0169],[-3.79414,56.0154],[-3.79599,56.01397],[-3.79654,56.01234],[-3.79639,56.01198],[-3.7957,56.01196],[-3.79525,56.01218],[-3.79436,56.01179],[-3.79041,56.01387],[-3.7898,56.01357],[-3.7895,56.01377],[-3.78973,56.01416]]]}},{"type":"Feature","properties":{"id":"S01016235","name":"Falkirk - Merchiston and New Carron Village - 05","parent":"S12000014","type":"DZ","pop":736,"r":133,"ff":55,"ffd":7472.8,"ffs":0.5238,"g":27,"co":2,"mo":0,"sa":0,"ic":0},"geometry":{"type":"Polygon","coordinates":[[[-3.79405,56.01643],[-3.7939,56.01692],[-3.79656,56.01711],[-3.79638,56.01655],[-3.79646,56.016],[-3.7971,56.01602],[-3.7972,56.01631],[-3.79739,56.01632],[-3.79787,56.01617],[-3.79772,56.01594],[-3.79813,56.01583],[-3.79833,56.01608],[-3.7994,56.01544],[-3.79918,56.01529],[-3.80024,56.01451],[-3.8006,56.01458],[-3.80074,56.01427],[-3.80037,56.01421],[-3.80042,56.01396],[-3.80069,56.01396],[-3.80102,56.01351],[-3.80047,56.01337],[-3.80132,56.01271],[-3.80016,56.01195],[-3.79926,56.01178],[-3.79654,56.01234],[-3.79599,56.01397],[-3.79414,56.0154],[-3.79405,56.01643]]]}},{"type":"Feature","properties":{"id":"S01016236","name":"Falkirk - Merchiston and New Carron Village - 06","parent":"S12000014","type":"DZ","pop":861,"r":133,"ff":55,"ffd":6387.9,"ffs":0.5238,"g":27,"co":2,"mo":0,"sa":0,"ic":0},"geometry":{"type":"Polygon","coordinates":[[[-3.79641,56.01667],[-3.7967,56.01767],[-3.79725,56.01755],[-3.7983,56.0167],[-3.79952,56.01658],[-3.80095,56.01613],[-3.80086,56.01585],[-3.80118,56.01549],[-3.80162,56.0154],[-3.80217,56.01483],[-3.80254,56.01479],[-3.80273,56.01439],[-3.80526,56.01432],[-3.80678,56.0148],[-3.80727,56.01442],[-3.80809,56.01447],[-3.8097,56.01404],[-3.80961,56.01372],[-3.81,56.01352],[-3.80894,56.01246],[-3.80813,56.0122],[-3.80781,56.01219],[-3.80737,56.01297],[-3.80341,56.01244],[-3.80213,56.0125],[-3.80132,56.01271],[-3.80047,56.01337],[-3.80102,56.01351],[-3.80069,56.01396],[-3.80042,56.01396],[-3.80037,56.01421],[-3.80074,56.01427],[-3.8006,56.01458],[-3.80024,56.01451],[-3.79918,56.01529],[-3.7994,56.01544],[-3.79833,56.01608],[-3.79813,56.01583],[-3.79772,56.01594],[-3.79787,56.01617],[-3.79739,56.01632],[-3.7972,56.01631],[-3.7971,56.01602],[-3.79646,56.016],[-3.79641,56.01667]]]}},{"type":"Feature","properties":{"id":"S01016237","name":"Falkirk - Grahamston - 01","parent":"S12000014","type":"DZ","pop":833,"r":133,"ff":55,"ffd":6602.6,"ffs":0.5238,"g":27,"co":2,"mo":0,"sa":0,"ic":0},"geometry":{"type":"Polygon","coordinates":[[[-3.78573,56.00983],[-3.78551,56.00996],[-3.78559,56.01015],[-3.78526,56.01024],[-3.78553,56.01064],[-3.78665,56.01017],[-3.7906,56.00682],[-3.79214,56.00587],[-3.79506,56.0056],[-3.79979,56.0043],[-3.79692,56.00354],[-3.79198,56.00304],[-3.79154,56.00391],[-3.79116,56.00374],[-3.79066,56.00396],[-3.79017,56.00388],[-3.79014,56.00416],[-3.78859,56.00445],[-3.7886,56.00313],[-3.78472,56.00303],[-3.78476,56.0026],[-3.78448,56.00259],[-3.78443,56.00284],[-3.78403,56.00307],[-3.78467,56.00328],[-3.78463,56.00394],[-3.78408,56.00407],[-3.7848,56.00409],[-3.78493,56.00453],[-3.78518,56.00452],[-3.78523,56.00492],[-3.78427,56.005],[-3.78437,56.0061],[-3.78507,56.00627],[-3.78497,56.00706],[-3.78461,56.00711],[-3.78469,56.0074],[-3.785,56.00761],[-3.78704,56.00763],[-3.78722,56.00828],[-3.78563,56.00824],[-3.78544,56.00841],[-3.78557,56.00873],[-3.78534,56.00876],[-3.78573,56.00983]]]}},{"type":"Feature","properties":{"id":"S01016239","name":"Falkirk - Grahamston - 03","parent":"S12000014","type":"DZ","pop":634,"r":134,"ff":55,"ffd":8675.1,"ffs":0.5189,"g":27,"co":2,"mo":0,"sa":0,"ic":0},"geometry":{"type":"Polygon","coordinates":[[[-3.78113,56.00823],[-3.78439,56.00759],[-3.78427,56.005],[-3.78523,56.00492],[-3.78518,56.00452],[-3.78493,56.00453],[-3.7848,56.00409],[-3.78408,56.00407],[-3.78463,56.00394],[-3.78467,56.00328],[-3.78403,56.00307],[-3.78443,56.00284],[-3.78448,56.00259],[-3.78476,56.0026],[-3.78472,56.00303],[-3.78837,56.00308],[-3.78832,56.00268],[-3.78714,56.00257],[-3.7872,56.00178],[-3.78814,56.00114],[-3.78807,56.00038],[-3.78641,56.00055],[-3.78642,56.0009],[-3.7859,56.00089],[-3.7859,56.00186],[-3.78439,56.00186],[-3.78422,56.00217],[-3.7815,56.00219],[-3.78109,56.002],[-3.77646,56.0015],[-3.77663,56.00201],[-3.77584,56.00194],[-3.77671,56.00347],[-3.77618,56.00379],[-3.77786,56.00439],[-3.77934,56.00432],[-3.77975,56.00545],[-3.78011,56.00536],[-3.78027,56.00603],[-3.7805,56.00604],[-3.78049,56.00624],[-3.78123,56.00623],[-3.78123,56.00644],[-3.78048,56.00642],[-3.78044,56.00711],[-3.78007,56.00724],[-3.78089,56.00764],[-3.78098,56.00783],[-3.78067,56.00801],[-3.78113,56.00823]]]}},{"type":"Feature","properties":{"id":"S01016240","name":"Falkirk - Grahamston - 04","parent":"S12000014","type":"DZ","pop":816,"r":135,"ff":55,"ffd":6740.2,"ffs":0.5189,"g":28,"co":2,"mo":0,"sa":0,"ic":0},"geometry":{"type":"Polygon","coordinates":[[[-3.77298,56.01321],[-3.77308,56.01349],[-3.77351,56.01343],[-3.77341,56.01322],[-3.77448,56.01309],[-3.77429,56.01264],[-3.77503,56.01245],[-3.78242,56.01141],[-3.7831,56.01154],[-3.78322,56.01192],[-3.78383,56.01257],[-3.78434,56.0122],[-3.78453,56.01232],[-3.78496,56.01214],[-3.78509,56.01203],[-3.78493,56.01192],[-3.78599,56.01139],[-3.78631,56.01142],[-3.78624,56.01161],[-3.7864,56.01169],[-3.78677,56.01161],[-3.78526,56.01024],[-3.78559,56.01015],[-3.78551,56.00996],[-3.78574,56.00987],[-3.78534,56.00876],[-3.78557,56.00873],[-3.78544,56.00841],[-3.78563,56.00824],[-3.78722,56.00828],[-3.78704,56.00763],[-3.785,56.00761],[-3.78461,56.00711],[-3.78497,56.00706],[-3.78507,56.00627],[-3.78437,56.0061],[-3.78439,56.00759],[-3.77761,56.00902],[-3.77819,56.01018],[-3.77916,56.01004],[-3.77973,56.01153],[-3.77268,56.01253],[-3.77298,56.01321]]]}},{"type":"Feature","properties":{"id":"S01016241","name":"Falkirk - Grahamston - 05","parent":"S12000014","type":"DZ","pop":747,"r":134,"ff":56,"ffd":7496.7,"ffs":0.5283,"g":27,"co":2,"mo":0,"sa":0,"ic":0},"geometry":{"type":"Polygon","coordinates":[[[-3.7772,56.00673],[-3.77775,56.00646],[-3.77818,56.00668],[-3.77841,56.00655],[-3.77819,56.00623],[-3.77763,56.00634],[-3.77752,56.00595],[-3.7771,56.0056],[-3.77754,56.00546],[-3.77618,56.00379],[-3.77671,56.00347],[-3.77584,56.00194],[-3.77663,56.00201],[-3.77646,56.0015],[-3.77461,56.00132],[-3.77397,56.00164],[-3.77438,56.00232],[-3.77306,56.0024],[-3.77163,56.00285],[-3.77124,56.00271],[-3.77042,56.00304],[-3.76961,56.00285],[-3.7676,56.00339],[-3.76618,56.00323],[-3.76588,56.00298],[-3.76496,56.00317],[-3.76504,56.00345],[-3.76438,56.00356],[-3.76403,56.00356],[-3.76393,56.00333],[-3.76319,56.00342],[-3.76358,56.00393],[-3.76571,56.00353],[-3.76613,56.00385],[-3.766,56.00386],[-3.76629,56.00426],[-3.76794,56.00379],[-3.77026,56.00619],[-3.7714,56.00609],[-3.77293,56.00628],[-3.77601,56.00531],[-3.77632,56.00555],[-3.77596,56.00565],[-3.77638,56.00625],[-3.77699,56.00609],[-3.77743,56.0063],[-3.77685,56.00644],[-3.7772,56.00673]]]}},{"type":"Feature","properties":{"id":"S01016242","name":"Falkirk - Westfield - 01","parent":"S12000014","type":"DZ","pop":860,"r":133,"ff":55,"ffd":6395.3,"ffs":0.5238,"g":27,"co":2,"mo":0,"sa":0,"ic":0},"geometry":{"type":"Polygon","coordinates":[[[-3.76953,56.00284],[-3.77042,56.00304],[-3.77124,56.00271],[-3.77163,56.00285],[-3.77306,56.0024],[-3.77438,56.00232],[-3.77397,56.00164],[-3.77461,56.00132],[-3.77209,56.00097],[-3.76695,55.99975],[-3.76661,56.00022],[-3.76211,55.99983],[-3.76208,56.00081],[-3.7625,56.00084],[-3.76231,56.00088],[-3.76226,56.00169],[-3.76165,56.00154],[-3.76105,56.00185],[-3.76115,56.00227],[-3.7636,56.00208],[-3.76413,56.00241],[-3.76418,56.00219],[-3.76445,56.00217],[-3.76448,56.00239],[-3.76429,56.00241],[-3.76437,56.00268],[-3.76723,56.00256],[-3.76719,56.00275],[-3.76768,56.00271],[-3.76799,56.00204],[-3.76894,56.00187],[-3.76909,56.00193],[-3.76898,56.00234],[-3.76953,56.00284]]]}},{"type":"Feature","properties":{"id":"S01016243","name":"Falkirk - Westfield - 02","parent":"S12000014","type":"DZ","pop":690,"r":133,"ff":55,"ffd":7971.0,"ffs":0.5238,"g":27,"co":2,"mo":0,"sa":0,"ic":0},"geometry":{"type":"Polygon","coordinates":[[[-3.75584,56.00405],[-3.75742,56.00596],[-3.75983,56.00535],[-3.76629,56.00426],[-3.766,56.00386],[-3.76613,56.00385],[-3.76571,56.00353],[-3.76358,56.00393],[-3.76319,56.00342],[-3.76393,56.00333],[-3.76403,56.00356],[-3.76438,56.00356],[-3.76504,56.00345],[-3.76496,56.00317],[-3.76588,56.00298],[-3.76618,56.00323],[-3.7676,56.00339],[-3.76961,56.00285],[-3.76898,56.00234],[-3.76909,56.00193],[-3.76894,56.00187],[-3.76799,56.00204],[-3.76768,56.00271],[-3.76719,56.00275],[-3.76723,56.00256],[-3.76437,56.00268],[-3.76429,56.00241],[-3.76448,56.00239],[-3.76445,56.00217],[-3.76418,56.00219],[-3.76413,56.00241],[-3.7636,56.00208],[-3.76153,56.00224],[-3.76166,56.00258],[-3.76198,56.00258],[-3.7615,56.00294],[-3.75812,56.00309],[-3.75556,56.0037],[-3.75584,56.00405]]]}},{"type":"Feature","properties":{"id":"S01016244","name":"Falkirk - Westfield - 03","parent":"S12000014","type":"DZ","pop":663,"r":132,"ff":55,"ffd":8295.6,"ffs":0.5238,"g":26,"co":2,"mo":0,"sa":0,"ic":0},"geometry":{"type":"Polygon","coordinates":[[[-3.75556,56.0037],[-3.75812,56.00309],[-3.7615,56.00294],[-3.76198,56.00258],[-3.76166,56.00258],[-3.76153,56.00224],[-3.76115,56.00227],[-3.76105,56.00185],[-3.76165,56.00154],[-3.76226,56.00169],[-3.76231,56.00088],[-3.7625,56.00084],[-3.76208,56.00081],[-3.76211,55.99983],[-3.75979,55.99995],[-3.75898,56.00008],[-3.75893,56.00038],[-3.75643,56.00074],[-3.75243,56.00267],[-3.7546,56.00255],[-3.75556,56.0037]]]}},{"type":"Feature","properties":{"id":"S01016245","name":"Falkirk - Middlefield - 01","parent":"S12000014","type":"DZ","pop":509,"r":134,"ff":55,"ffd":10805.5,"ffs":0.5189,"g":27,"co":2,"mo":0,"sa":0,"ic":0},"geometry":{"type":"Polygon","coordinates":[[[-3.77439,56.0097],[-3.7795,56.00861],[-3.78113,56.00823],[-3.77775,56.00646],[-3.7772,56.00673],[-3.77685,56.00644],[-3.77743,56.0063],[-3.77699,56.00609],[-3.77638,56.00625],[-3.77622,56.00594],[-3.77419,56.00652],[-3.77535,56.0069],[-3.77405,56.00952],[-3.77439,56.0097]]]}},{"type":"Feature","properties":{"id":"S01016246","name":"Falkirk - Middlefield - 02","parent":"S12000014","type":"DZ","pop":909,"r":134,"ff":55,"ffd":6050.6,"ffs":0.5189,"g":27,"co":2,"mo":0,"sa":0,"ic":0},"geometry":{"type":"Polygon","coordinates":[[[-3.77124,56.01029],[-3.7708,56.01036],[-3.77155,56.01173],[-3.77079,56.01245],[-3.77108,56.01274],[-3.77973,56.01153],[-3.77916,56.01004],[-3.77819,56.01018],[-3.77761,56.00902],[-3.77124,56.01029]]]}},{"type":"Feature","properties":{"id":"S01016247","name":"Falkirk - Middlefield - 03","parent":"S12000014","type":"DZ","pop":960,"r":133,"ff":55,"ffd":5729.2,"ffs":0.5238,"g":27,"co":2,"mo":0,"sa":0,"ic":0},"geometry":{"type":"Polygon","coordinates":[[[-3.76781,56.01007],[-3.76813,56.01085],[-3.77439,56.0097],[-3.77405,56.00952],[-3.77535,56.0069],[-3.77419,56.00652],[-3.77622,56.00594],[-3.77596,56.00565],[-3.77632,56.00555],[-3.77601,56.00531],[-3.77293,56.00628],[-3.7707,56.00613],[-3.76814,56.00668],[-3.76768,56.00625],[-3.76619,56.00663],[-3.76746,56.00812],[-3.76825,56.00813],[-3.76817,56.00874],[-3.76762,56.00875],[-3.76781,56.01007]]]}},{"type":"Feature","properties":{"id":"S01016257","name":"Falkirk - Bantaskin - 05","parent":"S12000014","type":"DZ","pop":520,"r":128,"ff":55,"ffd":10576.9,"ffs":0.55,"g":27,"co":2,"mo":0,"sa":0,"ic":0},"geometry":{"type":"Polygon","coordinates":[[[-3.80116,55.99679],[-3.80123,55.99689],[-3.80081,55.99723],[-3.80086,55.99773],[-3.80066,55.99803],[-3.80102,55.99824],[-3.80081,55.99855],[-3.80466,55.9984],[-3.80438,55.99692],[-3.80458,55.99663],[-3.80425,55.99665],[-3.80453,55.99632],[-3.8041,55.99607],[-3.80471,55.99575],[-3.80537,55.99575],[-3.80472,55.99536],[-3.80095,55.99556],[-3.8012,55.99643],[-3.80061,55.99647],[-3.80116,55.99679]]]}},{"type":"Feature","properties":{"id":"S01016258","name":"Falkirk - Camelon East - 01","parent":"S12000014","type":"DZ","pop":398,"r":128,"ff":54,"ffd":13567.8,"ffs":0.5347,"g":26,"co":2,"mo":0,"sa":0,"ic":0},"geometry":{"type":"Polygon","coordinates":[[[-3.82144,56.00266],[-3.82354,56.00312],[-3.82354,56.00211],[-3.82391,56.0021],[-3.82364,56.00169],[-3.82405,56.00159],[-3.82406,56.00135],[-3.82353,56.00113],[-3.82385,56.00091],[-3.82377,56.00068],[-3.82328,56.00051],[-3.82284,56.00082],[-3.8227,56.00125],[-3.82176,56.00102],[-3.82156,56.00127],[-3.82093,56.00113],[-3.82112,56.00068],[-3.8208,56.00039],[-3.82149,56.00013],[-3.82192,56.00028],[-3.8219,55.99988],[-3.81864,55.99987],[-3.81876,56.00088],[-3.81908,56.00098],[-3.81877,56.00128],[-3.81938,56.00147],[-3.81913,56.00178],[-3.81841,56.002],[-3.81872,56.00223],[-3.81865,56.00235],[-3.82033,56.00274],[-3.82088,56.00266],[-3.82089,56.00253],[-3.82144,56.00266]]]}},{"type":"Feature","properties":{"id":"S01016248","name":"Falkirk - Town Centre and Callendar Park - 01","parent":"S12000014","type":"DZ","pop":760,"r":126,"ff":54,"ffd":7105.3,"ffs":0.54,"g":25,"co":2,"mo":0,"sa":0,"ic":0},"geometry":{"type":"Polygon","coordinates":[[[-3.77335,56.00115],[-3.77485,56.00132],[-3.77774,56.00032],[-3.77842,56.00021],[-3.7785,56.00048],[-3.78083,56.00016],[-3.78142,55.99991],[-3.78164,55.99993],[-3.78178,56.0003],[-3.78223,56.00033],[-3.78229,56.00089],[-3.7828,56.00087],[-3.78277,56.00059],[-3.78295,56.00059],[-3.78213,55.99995],[-3.78256,55.99976],[-3.78254,55.99893],[-3.78081,55.99855],[-3.78093,55.99828],[-3.78132,55.99846],[-3.78129,55.99861],[-3.78154,55.99855],[-3.78023,55.99723],[-3.77794,55.99774],[-3.7768,55.99821],[-3.77104,55.99768],[-3.77119,55.99709],[-3.77058,55.99676],[-3.7706,55.99635],[-3.77104,55.99591],[-3.77087,55.99485],[-3.77231,55.99456],[-3.77444,55.99452],[-3.77574,55.99391],[-3.77816,55.99393],[-3.77933,55.99348],[-3.78239,55.99325],[-3.78911,55.99233],[-3.78762,55.98911],[-3.7789,55.98793],[-3.7698,55.988],[-3.7586,55.98881],[-3.75322,55.9901],[-3.75291,55.98998],[-3.75213,55.99077],[-3.75252,55.99343],[-3.75324,55.99481],[-3.75432,55.99584],[-3.75539,55.99653],[-3.7573,55.99724],[-3.75728,55.99774],[-3.7556,55.99747],[-3.75547,56.00114],[-3.75643,56.00074],[-3.75893,56.00038],[-3.75898,56.00008],[-3.75979,55.99995],[-3.76211,55.99983],[-3.76661,56.00022],[-3.76695,55.99975],[-3.77335,56.00115]]]}},{"type":"Feature","properties":{"id":"S01016249","name":"Falkirk - Town Centre and Callendar Park - 02","parent":"S12000014","type":"DZ","pop":735,"r":127,"ff":55,"ffd":7483.0,"ffs":0.5446,"g":25,"co":2,"mo":0,"sa":0,"ic":0},"geometry":{"type":"Polygon","coordinates":[[[-3.77119,55.99709],[-3.77104,55.99768],[-3.7768,55.99821],[-3.77765,55.99782],[-3.77736,55.99741],[-3.77792,55.99689],[-3.77869,55.99693],[-3.77838,55.99635],[-3.77871,55.99627],[-3.77844,55.99575],[-3.77542,55.99661],[-3.7748,55.99523],[-3.77381,55.9946],[-3.77231,55.99456],[-3.77087,55.99485],[-3.77104,55.99591],[-3.7706,55.99635],[-3.77058,55.99676],[-3.77119,55.99709]]]}},{"type":"Feature","properties":{"id":"S01016250","name":"Falkirk - Town Centre and Callendar Park - 03","parent":"S12000014","type":"DZ","pop":833,"r":127,"ff":55,"ffd":6602.6,"ffs":0.55,"g":26,"co":2,"mo":0,"sa":0,"ic":0},"geometry":{"type":"Polygon","coordinates":[[[-3.78775,56.00029],[-3.78809,56.00032],[-3.7882,55.99991],[-3.78754,55.99926],[-3.78753,55.99882],[-3.7904,55.99771],[-3.78973,55.99769],[-3.78662,55.99661],[-3.78673,55.9955],[-3.78651,55.99494],[-3.78618,55.995],[-3.78546,55.99457],[-3.78613,55.99432],[-3.78584,55.99396],[-3.78648,55.99362],[-3.78701,55.99415],[-3.78864,55.99373],[-3.78915,55.99341],[-3.78939,55.99291],[-3.78911,55.99233],[-3.78237,55.99325],[-3.78166,55.99397],[-3.78198,55.99409],[-3.78197,55.99434],[-3.78188,55.99463],[-3.78148,55.99474],[-3.78147,55.9949],[-3.7828,55.99491],[-3.78319,55.99643],[-3.78441,55.99636],[-3.78311,55.99798],[-3.78358,55.99805],[-3.78323,55.99838],[-3.78369,55.99836],[-3.78368,55.99902],[-3.78607,55.99968],[-3.78629,55.99978],[-3.78622,56.00004],[-3.78672,55.99996],[-3.78661,56.00006],[-3.78694,56.00011],[-3.78705,56.00032],[-3.78775,56.00029]]]}},{"type":"Feature","properties":{"id":"S01016251","name":"Falkirk - Town Centre and Callendar Park - 04","parent":"S12000014","type":"DZ","pop":641,"r":127,"ff":55,"ffd":8580.3,"ffs":0.55,"g":26,"co":2,"mo":0,"sa":0,"ic":0},"geometry":{"type":"Polygon","coordinates":[[[-3.78171,55.99877],[-3.78368,55.99902],[-3.78369,55.99836],[-3.78323,55.99838],[-3.78358,55.99805],[-3.78311,55.99798],[-3.78441,55.99636],[-3.78319,55.99643],[-3.7828,55.99491],[-3.78147,55.9949],[-3.78148,55.99474],[-3.78188,55.99463],[-3.78197,55.99434],[-3.78198,55.99409],[-3.78166,55.99397],[-3.78237,55.99325],[-3.77933,55.99348],[-3.77816,55.99393],[-3.77574,55.99391],[-3.77514,55.99428],[-3.77371,55.9946],[-3.7748,55.99523],[-3.77542,55.99661],[-3.77844,55.99575],[-3.77871,55.99627],[-3.77838,55.99635],[-3.77869,55.99693],[-3.77792,55.99689],[-3.77744,55.99724],[-3.77736,55.99741],[-3.77765,55.99782],[-3.78023,55.99723],[-3.78154,55.99855],[-3.78129,55.99861],[-3.78132,55.99846],[-3.78093,55.99828],[-3.78081,55.99855],[-3.78171,55.99877]]]}},{"type":"Feature","properties":{"id":"S01016252","name":"Falkirk - Town Centre and Callendar Park - 05","parent":"S12000014","type":"DZ","pop":454,"r":127,"ff":54,"ffd":11894.3,"ffs":0.54,"g":26,"co":2,"mo":0,"sa":0,"ic":0},"geometry":{"type":"Polygon","coordinates":[[[-3.78311,56.00215],[-3.78422,56.00217],[-3.78439,56.00186],[-3.7859,56.00186],[-3.7859,56.00089],[-3.78642,56.0009],[-3.78641,56.00055],[-3.78809,56.00032],[-3.78705,56.00032],[-3.78694,56.00011],[-3.78661,56.00006],[-3.78672,55.99996],[-3.78622,56.00004],[-3.78629,55.99978],[-3.78442,55.99911],[-3.78254,55.99893],[-3.78256,55.99976],[-3.78213,55.99995],[-3.78291,56.00054],[-3.78277,56.00059],[-3.7828,56.00087],[-3.78229,56.00089],[-3.78223,56.00033],[-3.78178,56.0003],[-3.78164,55.99993],[-3.78142,55.99991],[-3.78083,56.00016],[-3.7785,56.00048],[-3.77842,56.00021],[-3.77774,56.00032],[-3.77485,56.00132],[-3.7801,56.00187],[-3.7815,56.00219],[-3.78311,56.00215]]]}},{"type":"Feature","properties":{"id":"S01016253","name":"Falkirk - Bantaskin - 01","parent":"S12000014","type":"DZ","pop":998,"r":127,"ff":54,"ffd":5410.8,"ffs":0.5455,"g":27,"co":2,"mo":0,"sa":0,"ic":0},"geometry":{"type":"Polygon","coordinates":[[[-3.7924,56.00308],[-3.79692,56.00354],[-3.8003,56.00448],[-3.80261,56.00337],[-3.80479,56.00285],[-3.80527,56.00259],[-3.80426,56.00221],[-3.80044,56.00188],[-3.80065,56.00155],[-3.80156,56.00138],[-3.80159,56.00007],[-3.80235,56.00008],[-3.80228,55.99933],[-3.80464,55.99914],[-3.80466,55.9984],[-3.79712,55.99873],[-3.79517,55.99857],[-3.79514,55.9992],[-3.79393,55.99929],[-3.79331,55.99917],[-3.79332,55.99884],[-3.79209,55.99863],[-3.79232,55.99835],[-3.7904,55.99771],[-3.78753,55.99882],[-3.78754,55.99926],[-3.7882,55.99991],[-3.78814,56.00114],[-3.7872,56.00178],[-3.78714,56.00257],[-3.78832,56.00268],[-3.78837,56.00308],[-3.7886,56.00313],[-3.78859,56.00445],[-3.79014,56.00416],[-3.79017,56.00388],[-3.79066,56.00396],[-3.79116,56.00374],[-3.79154,56.00391],[-3.79198,56.00304],[-3.7924,56.00308]]]}},{"type":"Feature","properties":{"id":"S01016254","name":"Falkirk - Bantaskin - 02","parent":"S12000014","type":"DZ","pop":471,"r":127,"ff":54,"ffd":11465.0,"ffs":0.5455,"g":27,"co":2,"mo":0,"sa":0,"ic":0},"geometry":{"type":"Polygon","coordinates":[[[-3.79394,55.99919],[-3.79514,55.9992],[-3.79517,55.99857],[-3.79712,55.99873],[-3.79912,55.99864],[-3.79911,55.99837],[-3.7997,55.99814],[-3.79957,55.99774],[-3.80011,55.99769],[-3.8001,55.99746],[-3.799,55.99716],[-3.79957,55.99653],[-3.79842,55.9964],[-3.79864,55.99605],[-3.79481,55.99637],[-3.79388,55.99633],[-3.79406,55.99605],[-3.79311,55.9962],[-3.79246,55.99609],[-3.79251,55.99592],[-3.79052,55.99585],[-3.79084,55.99511],[-3.79014,55.99505],[-3.79021,55.99467],[-3.78896,55.99445],[-3.78747,55.99475],[-3.78703,55.9945],[-3.78787,55.99398],[-3.78701,55.99415],[-3.78648,55.99362],[-3.78584,55.99396],[-3.78613,55.99432],[-3.78546,55.99457],[-3.78618,55.995],[-3.78651,55.99494],[-3.78673,55.9955],[-3.78662,55.99661],[-3.78973,55.99769],[-3.7904,55.99771],[-3.79232,55.99835],[-3.79209,55.99863],[-3.79332,55.99884],[-3.79331,55.99917],[-3.79394,55.99919]]]}},{"type":"Feature","properties":{"id":"S01016255","name":"Falkirk - Bantaskin - 03","parent":"S12000014","type":"DZ","pop":603,"r":126,"ff":54,"ffd":8955.2,"ffs":0.551,"g":27,"co":2,"mo":0,"sa":0,"ic":0},"geometry":{"type":"Polygon","coordinates":[[[-3.79842,55.9964],[-3.79957,55.99653],[-3.799,55.99716],[-3.8001,55.99746],[-3.80011,55.99769],[-3.79957,55.99774],[-3.7997,55.99814],[-3.79911,55.99837],[-3.79912,55.99864],[-3.80081,55.99855],[-3.80102,55.99824],[-3.80066,55.99803],[-3.80086,55.99773],[-3.80081,55.99723],[-3.80123,55.99689],[-3.80061,55.99647],[-3.8012,55.99643],[-3.80117,55.99618],[-3.80095,55.99556],[-3.80069,55.99562],[-3.80047,55.99534],[-3.80004,55.99542],[-3.79958,55.99479],[-3.80267,55.99499],[-3.80263,55.99467],[-3.80302,55.99463],[-3.80282,55.994],[-3.80334,55.99393],[-3.80344,55.99346],[-3.79795,55.99294],[-3.79449,55.99226],[-3.7941,55.99347],[-3.79361,55.99358],[-3.79406,55.99363],[-3.79403,55.99412],[-3.7944,55.99412],[-3.7944,55.99447],[-3.79469,55.99468],[-3.79428,55.99558],[-3.79341,55.99556],[-3.79311,55.9962],[-3.79406,55.99605],[-3.79388,55.99633],[-3.79481,55.99637],[-3.79864,55.99605],[-3.79842,55.9964]]]}},{"type":"Feature","properties":{"id":"S01016256","name":"Falkirk - Bantaskin - 04","parent":"S12000014","type":"DZ","pop":879,"r":128,"ff":55,"ffd":6257.1,"ffs":0.55,"g":27,"co":2,"mo":0,"sa":0,"ic":0},"geometry":{"type":"Polygon","coordinates":[[[-3.80883,55.99616],[-3.80954,55.99876],[-3.81024,55.99873],[-3.80989,55.99719],[-3.81043,55.9971],[-3.81018,55.99657],[-3.81154,55.99638],[-3.81141,55.99611],[-3.81184,55.99617],[-3.81195,55.99635],[-3.81238,55.9963],[-3.81285,55.99434],[-3.81022,55.99395],[-3.80344,55.99346],[-3.80334,55.99393],[-3.80282,55.994],[-3.80302,55.99463],[-3.80263,55.99467],[-3.80267,55.99499],[-3.79958,55.99479],[-3.80004,55.99542],[-3.80047,55.99534],[-3.80069,55.99562],[-3.80472,55.99536],[-3.80537,55.99575],[-3.80933,55.99589],[-3.80883,55.99616]]]}},{"type":"Feature","properties":{"id":"S01016259","name":"Falkirk - Camelon East - 02","parent":"S12000014","type":"DZ","pop":612,"r":129,"ff":55,"ffd":8986.9,"ffs":0.5392,"g":26,"co":2,"mo":0,"sa":0,"ic":0},"geometry":{"type":"Polygon","coordinates":[[[-3.81758,56.00509],[-3.81792,56.00513],[-3.81784,56.00536],[-3.8192,56.00553],[-3.81977,56.00474],[-3.82237,56.00501],[-3.82264,56.0042],[-3.82292,56.00414],[-3.82285,56.00297],[-3.82089,56.00253],[-3.82088,56.00266],[-3.82033,56.00274],[-3.81865,56.00235],[-3.81872,56.00223],[-3.81841,56.002],[-3.81913,56.00178],[-3.81938,56.00147],[-3.81837,56.00117],[-3.81791,56.00134],[-3.81708,56.00271],[-3.81639,56.00257],[-3.81616,56.00293],[-3.81554,56.0028],[-3.81533,56.00316],[-3.81589,56.00328],[-3.81532,56.00402],[-3.81783,56.00452],[-3.81758,56.00509]]]}},{"type":"Feature","properties":{"id":"S01016260","name":"Falkirk - Camelon East - 03","parent":"S12000014","type":"DZ","pop":634,"r":129,"ff":56,"ffd":8832.8,"ffs":0.549,"g":26,"co":2,"mo":0,"sa":0,"ic":0},"geometry":{"type":"Polygon","coordinates":[[[-3.81731,56.00756],[-3.81758,56.00787],[-3.81806,56.00775],[-3.81957,56.00695],[-3.82086,56.00677],[-3.82095,56.00651],[-3.8237,56.00703],[-3.8244,56.00539],[-3.82345,56.00512],[-3.81977,56.00474],[-3.8192,56.00553],[-3.81784,56.00536],[-3.81792,56.00513],[-3.81758,56.00509],[-3.81777,56.0045],[-3.81436,56.00377],[-3.81454,56.00396],[-3.81434,56.00419],[-3.81364,56.0041],[-3.81321,56.00399],[-3.81344,56.00355],[-3.80829,56.0025],[-3.80829,56.00285],[-3.80879,56.00284],[-3.80882,56.003],[-3.80911,56.00285],[-3.81033,56.00308],[-3.81021,56.00325],[-3.80965,56.00317],[-3.80949,56.00398],[-3.80909,56.00386],[-3.80877,56.00504],[-3.80803,56.00614],[-3.80998,56.00623],[-3.81332,56.00596],[-3.8159,56.00601],[-3.81731,56.00756]]]}},{"type":"Feature","properties":{"id":"S01016261","name":"Falkirk - Camelon East - 04","parent":"S12000014","type":"DZ","pop":692,"r":129,"ff":55,"ffd":7948.0,"ffs":0.5392,"g":26,"co":2,"mo":0,"sa":0,"ic":0},"geometry":{"type":"Polygon","coordinates":[[[-3.81327,56.00388],[-3.81434,56.00419],[-3.81454,56.00396],[-3.81436,56.00377],[-3.81532,56.00402],[-3.81589,56.00328],[-3.81533,56.00316],[-3.81554,56.0028],[-3.81616,56.00293],[-3.81639,56.00257],[-3.81708,56.00271],[-3.81791,56.00134],[-3.81837,56.00117],[-3.81877,56.00128],[-3.81908,56.00098],[-3.81876,56.00088],[-3.81864,55.99987],[-3.81608,55.99995],[-3.81034,56.00092],[-3.80728,56.00101],[-3.80426,56.00221],[-3.80527,56.00259],[-3.8065,56.00243],[-3.80975,56.00269],[-3.81344,56.00355],[-3.81327,56.00388]]]}},{"type":"Feature","properties":{"id":"S01016262","name":"Falkirk - Camelon East - 05","parent":"S12000014","type":"DZ","pop":478,"r":126,"ff":54,"ffd":11297.1,"ffs":0.5455,"g":26,"co":2,"mo":0,"sa":0,"ic":0},"geometry":{"type":"Polygon","coordinates":[[[-3.80503,56.00616],[-3.80477,56.00667],[-3.80565,56.00682],[-3.80608,56.00714],[-3.80662,56.00696],[-3.80675,56.00684],[-3.80647,56.00656],[-3.80725,56.00616],[-3.80803,56.00614],[-3.80877,56.00504],[-3.80909,56.00386],[-3.80949,56.00398],[-3.80965,56.00317],[-3.81021,56.00325],[-3.81033,56.00308],[-3.80911,56.00285],[-3.80882,56.003],[-3.80879,56.00284],[-3.80829,56.00285],[-3.80829,56.0025],[-3.8065,56.00243],[-3.80527,56.00259],[-3.80261,56.00337],[-3.80031,56.00447],[-3.80519,56.00581],[-3.80503,56.00616]]]}},{"type":"Feature","properties":{"id":"S01016263","name":"Falkirk - Camelon West - 01","parent":"S12000014","type":"DZ","pop":787,"r":126,"ff":53,"ffd":6734.4,"ffs":0.5354,"g":26,"co":2,"mo":0,"sa":0,"ic":0},"geometry":{"type":"Polygon","coordinates":[[[-3.83376,56.00406],[-3.83437,56.00421],[-3.83437,56.00489],[-3.83638,56.0059],[-3.83823,56.00433],[-3.84045,56.00285],[-3.84262,56.00201],[-3.83924,56.00106],[-3.8377,56.00096],[-3.83564,56.00126],[-3.83383,56.00115],[-3.82668,56.00013],[-3.82651,56.00063],[-3.82956,56.00111],[-3.82924,56.00139],[-3.82962,56.00177],[-3.82873,56.00196],[-3.82888,56.00263],[-3.82847,56.00289],[-3.82928,56.0029],[-3.82934,56.00335],[-3.82858,56.00339],[-3.8286,56.00356],[-3.83227,56.00421],[-3.83376,56.00406]]]}},{"type":"Feature","properties":{"id":"S01016264","name":"Falkirk - Camelon West - 02","parent":"S12000014","type":"DZ","pop":736,"r":127,"ff":54,"ffd":7337.0,"ffs":0.54,"g":26,"co":2,"mo":0,"sa":0,"ic":0},"geometry":{"type":"Polygon","coordinates":[[[-3.8237,56.00703],[-3.82989,56.0081],[-3.83211,56.00795],[-3.83403,56.00742],[-3.83563,56.00651],[-3.83963,56.00724],[-3.8397,56.00659],[-3.83942,56.00614],[-3.8372,56.00522],[-3.83638,56.0059],[-3.83437,56.00489],[-3.83442,56.00432],[-3.83405,56.00407],[-3.83227,56.00421],[-3.8286,56.00356],[-3.8291,56.00391],[-3.82893,56.00469],[-3.82844,56.00483],[-3.82799,56.00446],[-3.82725,56.00448],[-3.82703,56.00467],[-3.82709,56.00497],[-3.82728,56.00501],[-3.82706,56.00539],[-3.82587,56.00511],[-3.82579,56.00423],[-3.82421,56.00425],[-3.82426,56.00472],[-3.82363,56.00467],[-3.82365,56.0043],[-3.82264,56.0042],[-3.82237,56.00501],[-3.8244,56.00539],[-3.8237,56.00703]]]}},{"type":"Feature","properties":{"id":"S01016265","name":"Falkirk - Camelon West - 03","parent":"S12000014","type":"DZ","pop":628,"r":127,"ff":54,"ffd":8598.7,"ffs":0.54,"g":26,"co":2,"mo":0,"sa":0,"ic":0},"geometry":{"type":"Polygon","coordinates":[[[-3.82641,56.00522],[-3.82706,56.00539],[-3.82728,56.00501],[-3.82709,56.00497],[-3.82703,56.00467],[-3.82749,56.00443],[-3.82799,56.00446],[-3.82844,56.00483],[-3.82893,56.00469],[-3.8291,56.00391],[-3.82858,56.00339],[-3.82934,56.00335],[-3.82928,56.0029],[-3.82847,56.00289],[-3.82888,56.00263],[-3.82873,56.00196],[-3.82926,56.00194],[-3.82964,56.0017],[-3.82937,56.00168],[-3.82924,56.00139],[-3.82745,56.00122],[-3.8275,56.00195],[-3.82659,56.00245],[-3.82658,56.00264],[-3.82354,56.00211],[-3.82354,56.00312],[-3.82285,56.00297],[-3.82292,56.00414],[-3.82365,56.0043],[-3.82363,56.00467],[-3.82426,56.00472],[-3.82421,56.00425],[-3.82579,56.00423],[-3.82587,56.00511],[-3.82641,56.00522]]]}},{"type":"Feature","properties":{"id":"S01016266","name":"Falkirk - Camelon West - 04","parent":"S12000014","type":"DZ","pop":502,"r":127,"ff":54,"ffd":10757.0,"ffs":0.54,"g":26,"co":2,"mo":0,"sa":0,"ic":0},"geometry":{"type":"Polygon","coordinates":[[[-3.8239,56.0013],[-3.82405,56.00159],[-3.82362,56.00178],[-3.82388,56.00216],[-3.82658,56.00264],[-3.82659,56.00245],[-3.8275,56.00195],[-3.82745,56.00122],[-3.82924,56.00139],[-3.82956,56.00111],[-3.82651,56.00063],[-3.82668,56.00013],[-3.8219,55.99988],[-3.82192,56.00028],[-3.82149,56.00013],[-3.8208,56.00039],[-3.82112,56.00068],[-3.82093,56.00113],[-3.82156,56.00127],[-3.82176,56.00102],[-3.8227,56.00125],[-3.82284,56.00082],[-3.82347,56.0005],[-3.82385,56.00091],[-3.82353,56.00113],[-3.8239,56.0013]]]}},{"type":"Feature","properties":{"id":"S01016267","name":"Falkirk - Tamfourhill - 01","parent":"S12000014","type":"DZ","pop":594,"r":128,"ff":55,"ffd":9259.3,"ffs":0.55,"g":27,"co":2,"mo":0,"sa":0,"ic":0},"geometry":{"type":"Polygon","coordinates":[[[-3.80158,56.00111],[-3.80156,56.00138],[-3.80065,56.00155],[-3.80044,56.00188],[-3.80426,56.00221],[-3.80728,56.00101],[-3.81034,56.00092],[-3.81002,56.00066],[-3.81044,56.00063],[-3.8107,56.00032],[-3.81024,55.99873],[-3.80954,55.99876],[-3.80883,55.99616],[-3.80933,55.99589],[-3.80471,55.99575],[-3.8041,55.99607],[-3.80453,55.99632],[-3.80425,55.99665],[-3.80458,55.99663],[-3.80438,55.99692],[-3.80464,55.99914],[-3.80228,55.99933],[-3.80235,56.00008],[-3.80159,56.00007],[-3.80158,56.00111]]]}},{"type":"Feature","properties":{"id":"S01016268","name":"Falkirk - Tamfourhill - 02","parent":"S12000014","type":"DZ","pop":779,"r":129,"ff":54,"ffd":6932.0,"ffs":0.5347,"g":27,"co":2,"mo":0,"sa":0,"ic":0},"geometry":{"type":"Polygon","coordinates":[[[-3.81154,55.99638],[-3.81018,55.99657],[-3.81043,55.9971],[-3.80989,55.99719],[-3.8107,56.00032],[-3.81044,56.00063],[-3.81002,56.00066],[-3.81037,56.00087],[-3.81565,56.00002],[-3.81513,55.99942],[-3.81824,55.99775],[-3.81885,55.99717],[-3.81912,55.99616],[-3.82068,55.99617],[-3.82129,55.99538],[-3.81285,55.99434],[-3.81238,55.9963],[-3.81195,55.99635],[-3.81184,55.99617],[-3.81141,55.99611],[-3.81154,55.99638]]]}},{"type":"Feature","properties":{"id":"S01016269","name":"Falkirk - Tamfourhill - 03","parent":"S12000014","type":"DZ","pop":621,"r":129,"ff":55,"ffd":8856.7,"ffs":0.5392,"g":26,"co":2,"mo":0,"sa":0,"ic":0},"geometry":{"type":"Polygon","coordinates":[[[-3.82953,56.00056],[-3.83033,56.00065],[-3.83033,55.99947],[-3.83099,55.9984],[-3.82913,55.99853],[-3.82911,55.99835],[-3.82782,55.99826],[-3.82966,55.99793],[-3.82927,55.99726],[-3.82715,55.99697],[-3.8242,55.9971],[-3.8243,55.99676],[-3.82625,55.99691],[-3.82625,55.99673],[-3.82669,55.99673],[-3.82669,55.99647],[-3.82746,55.9965],[-3.8277,55.99586],[-3.82129,55.99538],[-3.82068,55.99617],[-3.81912,55.99616],[-3.81885,55.99717],[-3.81824,55.99775],[-3.81513,55.99942],[-3.81565,56.00002],[-3.8189,55.99981],[-3.82247,55.99989],[-3.82668,56.00013],[-3.82953,56.00056]]]}},{"type":"Feature","properties":{"id":"S01016270","name":"Falkirk - Tamfourhill - 04","parent":"S12000014","type":"DZ","pop":614,"r":126,"ff":54,"ffd":8794.8,"ffs":0.5455,"g":26,"co":2,"mo":0,"sa":0,"ic":0},"geometry":{"type":"Polygon","coordinates":[[[-3.82913,55.998],[-3.82782,55.99826],[-3.82911,55.99835],[-3.82913,55.99853],[-3.83352,55.99813],[-3.83387,55.99791],[-3.83383,55.99756],[-3.83822,55.99735],[-3.84174,55.99662],[-3.84176,55.9964],[-3.8277,55.99586],[-3.82746,55.9965],[-3.82669,55.99647],[-3.82669,55.99673],[-3.82625,55.99673],[-3.82625,55.99691],[-3.82482,55.99674],[-3.82419,55.99691],[-3.8242,55.9971],[-3.82715,55.99697],[-3.82927,55.99726],[-3.82966,55.99793],[-3.82913,55.998]]]}},{"type":"Feature","properties":{"id":"S01016278","name":"Hallglen and Glen Village - 03","parent":"S12000014","type":"DZ","pop":607,"r":122,"ff":55,"ffd":9061.0,"ffs":0.5729,"g":25,"co":2,"mo":2,"sa":0,"ic":0},"geometry":{"type":"Polygon","coordinates":[[[-3.77236,55.98767],[-3.77236,55.98796],[-3.7789,55.98793],[-3.78227,55.98837],[-3.78253,55.98778],[-3.77906,55.98705],[-3.78,55.98641],[-3.77965,55.98627],[-3.77896,55.98644],[-3.77695,55.98626],[-3.77693,55.98646],[-3.77426,55.98661],[-3.77433,55.98688],[-3.77236,55.98767]]]}},{"type":"Feature","properties":{"id":"S01016271","name":"Falkirk - Lochgreen and Lionthorn - 01","parent":"S12000014","type":"DZ","pop":662,"r":127,"ff":54,"ffd":8157.1,"ffs":0.5455,"g":27,"co":2,"mo":0,"sa":2,"ic":0},"geometry":{"type":"Polygon","coordinates":[[[-3.79052,55.99585],[-3.79251,55.99592],[-3.79246,55.99609],[-3.79311,55.9962],[-3.79341,55.99556],[-3.79428,55.99558],[-3.79468,55.9946],[-3.7944,55.99447],[-3.7944,55.99412],[-3.79403,55.99412],[-3.79406,55.99363],[-3.79361,55.99358],[-3.7941,55.99347],[-3.79449,55.99226],[-3.79795,55.99294],[-3.79871,55.99256],[-3.79761,55.99095],[-3.79674,55.99102],[-3.7969,55.99046],[-3.79572,55.99039],[-3.79278,55.99093],[-3.79232,55.99019],[-3.79242,55.98999],[-3.7928,55.9899],[-3.79267,55.98857],[-3.79288,55.98851],[-3.79233,55.98775],[-3.78997,55.98824],[-3.78762,55.98911],[-3.78939,55.99291],[-3.78915,55.99341],[-3.78703,55.9945],[-3.78747,55.99475],[-3.78896,55.99445],[-3.79021,55.99467],[-3.79014,55.99505],[-3.79084,55.99511],[-3.79052,55.99585]]]}},{"type":"Feature","properties":{"id":"S01016272","name":"Falkirk - Lochgreen and Lionthorn - 02","parent":"S12000014","type":"DZ","pop":716,"r":124,"ff":54,"ffd":7541.9,"ffs":0.551,"g":25,"co":2,"mo":0,"sa":2,"ic":0},"geometry":{"type":"Polygon","coordinates":[[[-3.7926,55.99065],[-3.79278,55.99093],[-3.79572,55.99039],[-3.79725,55.99047],[-3.79632,55.98914],[-3.80417,55.98649],[-3.80398,55.98601],[-3.80352,55.98633],[-3.79647,55.98741],[-3.79645,55.98707],[-3.79582,55.98703],[-3.79485,55.98572],[-3.78932,55.98658],[-3.78755,55.98658],[-3.78751,55.98692],[-3.78815,55.98782],[-3.78817,55.98824],[-3.78762,55.98911],[-3.78997,55.98824],[-3.79233,55.98775],[-3.79288,55.98851],[-3.79267,55.98857],[-3.7928,55.9899],[-3.79242,55.98999],[-3.79232,55.99019],[-3.7926,55.99065]]]}},{"type":"Feature","properties":{"id":"S01016273","name":"Falkirk - Lochgreen and Lionthorn - 03","parent":"S12000014","type":"DZ","pop":471,"r":122,"ff":55,"ffd":11677.3,"ffs":0.5729,"g":25,"co":2,"mo":0,"sa":2,"ic":0},"geometry":{"type":"Polygon","coordinates":[[[-3.79086,55.98502],[-3.792,55.98611],[-3.79882,55.9851],[-3.79854,55.98487],[-3.79846,55.98365],[-3.79821,55.98309],[-3.79237,55.98342],[-3.79153,55.9835],[-3.79074,55.98393],[-3.78979,55.98397],[-3.79086,55.98502]]]}},{"type":"Feature","properties":{"id":"S01016274","name":"Falkirk - Lochgreen and Lionthorn - 04","parent":"S12000014","type":"DZ","pop":783,"r":123,"ff":55,"ffd":7024.3,"ffs":0.5729,"g":26,"co":2,"mo":0,"sa":2,"ic":0},"geometry":{"type":"Polygon","coordinates":[[[-3.80401,55.98608],[-3.80485,55.98838],[-3.80886,55.9864],[-3.808,55.98594],[-3.80668,55.9856],[-3.8058,55.98421],[-3.8004,55.98416],[-3.80061,55.98468],[-3.80022,55.98488],[-3.80022,55.9852],[-3.79775,55.98518],[-3.79485,55.98572],[-3.79582,55.98703],[-3.79645,55.98707],[-3.79647,55.98741],[-3.80352,55.98633],[-3.80401,55.98608]]]}},{"type":"Feature","properties":{"id":"S01016275","name":"Falkirk - Lochgreen and Lionthorn - 05","parent":"S12000014","type":"DZ","pop":1057,"r":125,"ff":54,"ffd":5108.8,"ffs":0.5567,"g":27,"co":2,"mo":0,"sa":2,"ic":0},"geometry":{"type":"Polygon","coordinates":[[[-3.83281,55.99604],[-3.8431,55.99649],[-3.84804,55.99651],[-3.85487,55.99621],[-3.85404,55.99493],[-3.85347,55.99466],[-3.85347,55.99432],[-3.85312,55.99381],[-3.85354,55.99349],[-3.85363,55.9928],[-3.85338,55.99228],[-3.85381,55.99187],[-3.85291,55.99103],[-3.85285,55.98986],[-3.85536,55.98825],[-3.85673,55.98777],[-3.85934,55.98779],[-3.86103,55.98699],[-3.86289,55.98549],[-3.86417,55.98553],[-3.86358,55.98489],[-3.86344,55.98335],[-3.86468,55.98341],[-3.86628,55.98236],[-3.86844,55.98197],[-3.87013,55.98072],[-3.87184,55.97836],[-3.87087,55.97783],[-3.87122,55.97681],[-3.87106,55.97542],[-3.87007,55.97321],[-3.86882,55.97224],[-3.86815,55.97098],[-3.86993,55.97071],[-3.86966,55.96638],[-3.86484,55.96805],[-3.8598,55.96727],[-3.85884,55.9654],[-3.85901,55.9639],[-3.86037,55.96356],[-3.86106,55.96213],[-3.86035,55.95924],[-3.8609,55.95896],[-3.86238,55.95883],[-3.8624,55.95858],[-3.86286,55.95843],[-3.86281,55.95808],[-3.86384,55.958],[-3.86434,55.95786],[-3.86471,55.95749],[-3.86554,55.95738],[-3.86624,55.95662],[-3.86728,55.95666],[-3.86796,55.95633],[-3.86816,55.95597],[-3.86783,55.95573],[-3.86788,55.95527],[-3.8685,55.95482],[-3.86837,55.95432],[-3.8688,55.95368],[-3.87353,55.95252],[-3.87559,55.95222],[-3.87602,55.95197],[-3.87862,55.95237],[-3.88094,55.95224],[-3.88162,55.95197],[-3.88256,55.95106],[-3.88497,55.95073],[-3.88563,55.95038],[-3.88336,55.94823],[-3.88161,55.94878],[-3.87816,55.94904],[-3.87349,55.94618],[-3.87235,55.94639],[-3.87155,55.94581],[-3.86657,55.94612],[-3.86364,55.94728],[-3.86063,55.94721],[-3.85854,55.94905],[-3.85739,55.94911],[-3.85668,55.94965],[-3.84616,55.95313],[-3.83688,55.95232],[-3.83613,55.95359],[-3.83477,55.95343],[-3.82741,55.95361],[-3.82713,55.95143],[-3.82621,55.95093],[-3.82653,55.94885],[-3.8249,55.94851],[-3.82736,55.94735],[-3.82483,55.94438],[-3.82421,55.94435],[-3.82401,55.94394],[-3.82331,55.94427],[-3.82261,55.94375],[-3.8221,55.94422],[-3.82141,55.94376],[-3.82055,55.94363],[-3.81923,55.94437],[-3.81959,55.94483],[-3.81884,55.9449],[-3.81819,55.9447],[-3.81621,55.94497],[-3.8157,55.94464],[-3.81255,55.94545],[-3.81172,55.94544],[-3.81154,55.94574],[-3.81046,55.94514],[-3.80927,55.94405],[-3.80955,55.94327],[-3.80847,55.9428],[-3.80703,55.94348],[-3.80639,55.94318],[-3.80528,55.94372],[-3.80355,55.94341],[-3.8032,55.94411],[-3.80226,55.94413],[-3.80192,55.94376],[-3.79923,55.94446],[-3.79912,55.9432],[-3.79698,55.94282],[-3.79702,55.94211],[-3.7965,55.94151],[-3.794,55.94108],[-3.79447,55.94023],[-3.7928,55.94005],[-3.79238,55.94041],[-3.7931,55.94138],[-3.79108,55.94243],[-3.78852,55.94247],[-3.78848,55.94285],[-3.78767,55.94324],[-3.78772,55.94352],[-3.78922,55.94393],[-3.78975,55.94446],[-3.78815,55.9447],[-3.78906,55.94695],[-3.78983,55.94796],[-3.78857,55.94831],[-3.78789,55.94908],[-3.78782,55.94941],[-3.78796,55.94967],[-3.7902,55.94964],[-3.7899,55.95053],[-3.79503,55.95129],[-3.79553,55.95316],[-3.79102,55.95425],[-3.78964,55.95379],[-3.78862,55.95398],[-3.78597,55.95387],[-3.78519,55.95425],[-3.78358,55.95399],[-3.7787,55.9549],[-3.77935,55.95516],[-3.77297,55.95597],[-3.76822,55.95584],[-3.76555,55.9573],[-3.76501,55.95932],[-3.76457,55.95949],[-3.76483,55.95974],[-3.76462,55.96132],[-3.76752,55.96126],[-3.76755,55.96257],[-3.77001,55.96242],[-3.77018,55.96344],[-3.77599,55.96319],[-3.78314,55.96261],[-3.78529,55.96415],[-3.78089,55.96593],[-3.78227,55.96814],[-3.77995,55.96857],[-3.77919,55.96904],[-3.77664,55.96956],[-3.77735,55.97197],[-3.77681,55.97247],[-3.77194,55.97341],[-3.77306,55.97466],[-3.77405,55.97512],[-3.77191,55.97575],[-3.7715,55.97489],[-3.77104,55.9746],[-3.77001,55.975],[-3.76871,55.975],[-3.76702,55.97541],[-3.76404,55.97632],[-3.76195,55.97659],[-3.76184,55.97691],[-3.76037,55.97702],[-3.75934,55.97653],[-3.75444,55.97581],[-3.75333,55.97643],[-3.75356,55.97661],[-3.75433,55.9764],[-3.75518,55.97698],[-3.75408,55.97749],[-3.75422,55.97788],[-3.75602,55.97762],[-3.75608,55.97805],[-3.75296,55.9787],[-3.75332,55.97981],[-3.74813,55.98028],[-3.74858,55.98056],[-3.74862,55.98123],[-3.74975,55.98137],[-3.74984,55.98154],[-3.75055,55.98169],[-3.75263,55.98168],[-3.75315,55.9833],[-3.75714,55.98291],[-3.75754,55.98316],[-3.75754,55.98354],[-3.7581,55.98392],[-3.75888,55.9839],[-3.75898,55.98412],[-3.76043,55.98473],[-3.76054,55.98521],[-3.76152,55.98494],[-3.76206,55.98499],[-3.76262,55.98469],[-3.76517,55.98418],[-3.76578,55.985],[-3.76607,55.98506],[-3.77122,55.98427],[-3.77154,55.98436],[-3.7718,55.98469],[-3.77264,55.98458],[-3.77309,55.98444],[-3.77286,55.98403],[-3.77391,55.98382],[-3.77804,55.98381],[-3.7818,55.98329],[-3.78168,55.98282],[-3.78429,55.98242],[-3.78124,55.98017],[-3.78602,55.97873],[-3.78634,55.97899],[-3.78625,55.97925],[-3.78661,55.97965],[-3.78662,55.97993],[-3.7861,55.98024],[-3.78603,55.98145],[-3.7853,55.98255],[-3.7849,55.98235],[-3.7844,55.98248],[-3.78518,55.98294],[-3.78859,55.98386],[-3.78989,55.98398],[-3.79074,55.98393],[-3.79153,55.9835],[-3.79821,55.98309],[-3.79846,55.98365],[-3.79854,55.98487],[-3.79882,55.9851],[-3.80022,55.9852],[-3.80022,55.98488],[-3.80061,55.98468],[-3.8004,55.98416],[-3.8058,55.98421],[-3.80668,55.9856],[-3.808,55.98594],[-3.80886,55.9864],[-3.80485,55.98838],[-3.80417,55.98649],[-3.79632,55.98914],[-3.79725,55.99047],[-3.7969,55.99046],[-3.79674,55.99102],[-3.79761,55.99095],[-3.79871,55.99256],[-3.79795,55.99294],[-3.81022,55.99395],[-3.82338,55.99564],[-3.83281,55.99604]]]}},{"type":"Feature","properties":{"id":"S01016276","name":"Hallglen and Glen Village - 01","parent":"S12000014","type":"DZ","pop":792,"r":120,"ff":55,"ffd":6944.4,"ffs":0.5851,"g":25,"co":2,"mo":2,"sa":0,"ic":0},"geometry":{"type":"Polygon","coordinates":[[[-3.76255,55.98635],[-3.76475,55.98653],[-3.76605,55.98724],[-3.76671,55.98826],[-3.7698,55.988],[-3.77015,55.98692],[-3.77083,55.98682],[-3.77027,55.98631],[-3.77048,55.98612],[-3.77011,55.98599],[-3.77003,55.98552],[-3.77017,55.9855],[-3.76953,55.98461],[-3.76607,55.98506],[-3.76578,55.985],[-3.76517,55.98418],[-3.76262,55.98469],[-3.76206,55.98499],[-3.76109,55.98502],[-3.76045,55.98538],[-3.76057,55.98651],[-3.76255,55.98635]]]}},{"type":"Feature","properties":{"id":"S01016277","name":"Hallglen and Glen Village - 02","parent":"S12000014","type":"DZ","pop":749,"r":121,"ff":55,"ffd":7343.1,"ffs":0.5789,"g":25,"co":2,"mo":2,"sa":0,"ic":0},"geometry":{"type":"Polygon","coordinates":[[[-3.7698,55.988],[-3.77236,55.98796],[-3.77246,55.98761],[-3.77433,55.98688],[-3.77426,55.98661],[-3.7779,55.98625],[-3.77659,55.98555],[-3.77522,55.98516],[-3.77506,55.98487],[-3.77309,55.98444],[-3.7718,55.98469],[-3.77154,55.98436],[-3.77122,55.98427],[-3.77009,55.98447],[-3.76953,55.98461],[-3.77017,55.9855],[-3.77003,55.98552],[-3.77011,55.98599],[-3.77048,55.98612],[-3.77027,55.98631],[-3.77083,55.98682],[-3.77015,55.98692],[-3.7698,55.988]]]}},{"type":"Feature","properties":{"id":"S01016279","name":"Hallglen and Glen Village - 04","parent":"S12000014","type":"DZ","pop":1011,"r":122,"ff":55,"ffd":5440.2,"ffs":0.5729,"g":25,"co":2,"mo":2,"sa":0,"ic":0},"geometry":{"type":"Polygon","coordinates":[[[-3.77941,55.98678],[-3.77906,55.98705],[-3.78253,55.98778],[-3.78227,55.98837],[-3.78762,55.98911],[-3.78817,55.98824],[-3.78815,55.98782],[-3.78751,55.98692],[-3.78755,55.98658],[-3.78932,55.98658],[-3.792,55.98611],[-3.78979,55.98397],[-3.78859,55.98386],[-3.78518,55.98294],[-3.7844,55.98248],[-3.7849,55.98235],[-3.7853,55.98255],[-3.78603,55.98145],[-3.7861,55.98024],[-3.78662,55.97993],[-3.78661,55.97965],[-3.78625,55.97925],[-3.78634,55.97899],[-3.78602,55.97873],[-3.78124,55.98017],[-3.78429,55.98242],[-3.78168,55.98282],[-3.7818,55.98329],[-3.77804,55.98381],[-3.77391,55.98382],[-3.77286,55.98403],[-3.77309,55.98444],[-3.77506,55.98487],[-3.77522,55.98516],[-3.77659,55.98555],[-3.77829,55.98641],[-3.77965,55.98627],[-3.78,55.98641],[-3.77941,55.98678]]]}},{"type":"Feature","properties":{"id":"S01016280","name":"Shieldhill - 01","parent":"S12000014","type":"DZ","pop":761,"r":49,"ff":36,"ffd":4730.6,"ffs":0.7347,"g":0,"co":3,"mo":3,"sa":1,"ic":1},"geometry":{"type":"Polygon","coordinates":[[[-3.77114,55.97262],[-3.77182,55.97344],[-3.77681,55.97247],[-3.77735,55.97197],[-3.77655,55.96929],[-3.77097,55.97028],[-3.7705,55.9695],[-3.76863,55.96977],[-3.76946,55.97068],[-3.76989,55.97061],[-3.77013,55.97091],[-3.76984,55.97097],[-3.77002,55.97119],[-3.76944,55.97131],[-3.7701,55.97233],[-3.77042,55.97248],[-3.76983,55.97263],[-3.77001,55.97286],[-3.77114,55.97262]]]}},{"type":"Feature","properties":{"id":"S01016281","name":"Shieldhill - 02","parent":"S12000014","type":"DZ","pop":938,"r":112,"ff":50,"ffd":5330.5,"ffs":0.5814,"g":25,"co":2,"mo":2,"sa":0,"ic":0},"geometry":{"type":"Polygon","coordinates":[[[-3.75699,55.97533],[-3.75791,55.97545],[-3.76066,55.9749],[-3.76194,55.9744],[-3.76294,55.97452],[-3.76344,55.9733],[-3.76414,55.97318],[-3.7653,55.97304],[-3.76607,55.97402],[-3.76763,55.97387],[-3.76788,55.97413],[-3.76854,55.97391],[-3.76822,55.97372],[-3.76912,55.97333],[-3.7714,55.97292],[-3.77111,55.97259],[-3.77001,55.97286],[-3.76983,55.97263],[-3.77042,55.97248],[-3.7701,55.97233],[-3.76944,55.97131],[-3.77002,55.97119],[-3.76984,55.97097],[-3.77013,55.97091],[-3.76989,55.97061],[-3.76946,55.97068],[-3.76863,55.96977],[-3.7669,55.96995],[-3.76035,55.97166],[-3.75952,55.97159],[-3.75898,55.97185],[-3.75749,55.97199],[-3.75646,55.97249],[-3.7544,55.97294],[-3.75576,55.97459],[-3.75547,55.97474],[-3.7558,55.97511],[-3.75618,55.97496],[-3.75699,55.97533]]]}},{"type":"Feature","properties":{"id":"S01016282","name":"Shieldhill - 03","parent":"S12000014","type":"DZ","pop":649,"r":112,"ff":51,"ffd":7858.2,"ffs":0.593,"g":25,"co":2,"mo":2,"sa":0,"ic":0},"geometry":{"type":"Polygon","coordinates":[[[-3.76037,55.97702],[-3.76184,55.97691],[-3.76195,55.97659],[-3.76404,55.97632],[-3.76702,55.97541],[-3.76871,55.975],[-3.77001,55.975],[-3.77104,55.9746],[-3.7715,55.97489],[-3.77191,55.97575],[-3.77405,55.97512],[-3.77306,55.97466],[-3.7714,55.97292],[-3.76912,55.97333],[-3.76822,55.97372],[-3.76854,55.97391],[-3.76788,55.97413],[-3.76763,55.97387],[-3.76607,55.97402],[-3.7653,55.97304],[-3.76344,55.9733],[-3.76294,55.97452],[-3.76194,55.9744],[-3.76066,55.9749],[-3.75791,55.97545],[-3.75704,55.97541],[-3.75618,55.97496],[-3.75444,55.97581],[-3.75934,55.97653],[-3.76037,55.97702]]]}},{"type":"Feature","properties":{"id":"S01016283","name":"Braes Villages - 01","parent":"S12000014","type":"DZ","pop":846,"r":7,"ff":7,"ffd":827.4,"ffs":1.0,"g":0,"co":3,"mo":3,"sa":3,"ic":1},"geometry":{"type":"Polygon","coordinates":[[[-3.83613,55.95359],[-3.83688,55.95232],[-3.84616,55.95313],[-3.85668,55.94965],[-3.85739,55.94911],[-3.85854,55.94905],[-3.86063,55.94721],[-3.86364,55.94728],[-3.86657,55.94612],[-3.87155,55.94581],[-3.87235,55.94639],[-3.87349,55.94618],[-3.87816,55.94904],[-3.88161,55.94878],[-3.88336,55.94823],[-3.88563,55.95038],[-3.88705,55.9498],[-3.88735,55.9493],[-3.88898,55.94914],[-3.89039,55.9482],[-3.89229,55.94728],[-3.8924,55.94716],[-3.89219,55.94691],[-3.89193,55.94575],[-3.89266,55.94492],[-3.89315,55.94473],[-3.89519,55.94457],[-3.8959,55.94411],[-3.89655,55.94419],[-3.89851,55.94354],[-3.89857,55.94327],[-3.89913,55.94289],[-3.89889,55.94273],[-3.89921,55.94255],[-3.89842,55.94216],[-3.89856,55.94182],[-3.8981,55.94165],[-3.89836,55.94074],[-3.89871,55.94067],[-3.89888,55.94027],[-3.89928,55.94019],[-3.89917,55.94007],[-3.89932,55.93988],[-3.89973,55.9398],[-3.89975,55.93958],[-3.9002,55.93939],[-3.90225,55.93936],[-3.90261,55.93904],[-3.90282,55.93831],[-3.90372,55.93818],[-3.90382,55.93795],[-3.90285,55.93689],[-3.90145,55.93645],[-3.89989,55.93682],[-3.89872,55.93666],[-3.89739,55.93692],[-3.89653,55.93676],[-3.89638,55.93718],[-3.89291,55.93736],[-3.89209,55.93766],[-3.89035,55.93584],[-3.88234,55.92954],[-3.8795,55.92586],[-3.87675,55.92332],[-3.86466,55.92051],[-3.86176,55.91957],[-3.8597,55.91838],[-3.85302,55.91627],[-3.85182,55.91699],[-3.85092,55.91657],[-3.84976,55.91672],[-3.84911,55.91776],[-3.84438,55.91975],[-3.84064,55.92078],[-3.84088,55.92116],[-3.84014,55.92144],[-3.84034,55.92183],[-3.83879,55.9222],[-3.83842,55.9233],[-3.8363,55.92349],[-3.83512,55.9231],[-3.83442,55.9238],[-3.83393,55.92399],[-3.83523,55.92428],[-3.83506,55.92453],[-3.83881,55.92713],[-3.83582,55.92838],[-3.83627,55.92903],[-3.83421,55.92978],[-3.83332,55.9299],[-3.83396,55.93059],[-3.83477,55.93046],[-3.8353,55.93259],[-3.8375,55.93215],[-3.83814,55.93283],[-3.83833,55.9331],[-3.83682,55.93409],[-3.83734,55.93448],[-3.83764,55.9344],[-3.83751,55.93477],[-3.83839,55.93542],[-3.83633,55.93587],[-3.83594,55.93553],[-3.83288,55.93581],[-3.83294,55.93621],[-3.83223,55.93626],[-3.83216,55.93601],[-3.83129,55.93618],[-3.8305,55.93715],[-3.82717,55.93659],[-3.82743,55.9371],[-3.8293,55.93852],[-3.82945,55.93911],[-3.82938,55.93989],[-3.82962,55.94028],[-3.82815,55.94082],[-3.82812,55.94157],[-3.82902,55.94169],[-3.83146,55.94131],[-3.83184,55.94202],[-3.8306,55.94229],[-3.83071,55.94237],[-3.82999,55.94304],[-3.82958,55.94276],[-3.82908,55.94319],[-3.82844,55.94308],[-3.82771,55.94369],[-3.82711,55.9437],[-3.82684,55.94338],[-3.82633,55.94378],[-3.8252,55.94368],[-3.82511,55.94414],[-3.82483,55.94438],[-3.82736,55.94735],[-3.8249,55.94851],[-3.82653,55.94885],[-3.82621,55.95093],[-3.82713,55.95143],[-3.82741,55.95361],[-3.83477,55.95343],[-3.83613,55.95359]]]}},{"type":"Feature","properties":{"id":"S01016290","name":"Reddingmuirhead and Overton - 02","parent":"S12000014","type":"DZ","pop":778,"r":111,"ff":49,"ffd":6298.2,"ffs":0.5765,"g":25,"co":2,"mo":2,"sa":0,"ic":0},"geometry":{"type":"Polygon","coordinates":[[[-3.74042,55.98329],[-3.73951,55.98338],[-3.73986,55.98382],[-3.7479,55.9835],[-3.74945,55.9831],[-3.75315,55.9833],[-3.75263,55.98168],[-3.75055,55.98169],[-3.74984,55.98154],[-3.74975,55.98137],[-3.74862,55.98123],[-3.74864,55.981],[-3.74694,55.981],[-3.74648,55.98124],[-3.7459,55.98097],[-3.74606,55.9807],[-3.74598,55.98035],[-3.74404,55.98049],[-3.74072,55.98114],[-3.74093,55.98191],[-3.74005,55.98214],[-3.74032,55.98264],[-3.7419,55.9824],[-3.74314,55.98199],[-3.74434,55.98238],[-3.74394,55.98261],[-3.74411,55.98267],[-3.74393,55.98286],[-3.74042,55.98329]]]}},{"type":"Feature","properties":{"id":"S01016291","name":"Reddingmuirhead and Overton - 03","parent":"S12000014","type":"DZ","pop":730,"r":110,"ff":48,"ffd":6575.3,"ffs":0.5714,"g":25,"co":2,"mo":2,"sa":0,"ic":0},"geometry":{"type":"Polygon","coordinates":[[[-3.72619,55.9815],[-3.72652,55.98117],[-3.73001,55.98036],[-3.73087,55.97984],[-3.73192,55.98015],[-3.73449,55.98036],[-3.73648,55.97997],[-3.73688,55.97982],[-3.73673,55.9791],[-3.73722,55.97905],[-3.7372,55.97836],[-3.73617,55.97857],[-3.73519,55.97715],[-3.72748,55.97887],[-3.72492,55.97925],[-3.72342,55.97972],[-3.72531,55.98147],[-3.72619,55.9815]]]}},{"type":"Feature","properties":{"id":"S01016308","name":"Polmont - 01","parent":"S12000014","type":"DZ","pop":793,"r":103,"ff":41,"ffd":5170.2,"ffs":0.5325,"g":25,"co":2,"mo":2,"sa":0,"ic":0},"geometry":{"type":"Polygon","coordinates":[[[-3.6976,55.98978],[-3.69985,55.98996],[-3.6998,55.98961],[-3.70293,55.98975],[-3.7023,55.98942],[-3.70185,55.98942],[-3.70166,55.98906],[-3.70192,55.9883],[-3.70275,55.98781],[-3.70253,55.98773],[-3.7024,55.98708],[-3.70338,55.98709],[-3.70301,55.98674],[-3.70331,55.98663],[-3.70366,55.98678],[-3.70409,55.98673],[-3.70409,55.98651],[-3.70502,55.9865],[-3.70504,55.98613],[-3.70418,55.98599],[-3.70354,55.98616],[-3.70338,55.9864],[-3.70315,55.98635],[-3.70311,55.98651],[-3.70233,55.98653],[-3.70235,55.98678],[-3.69955,55.98686],[-3.69959,55.98756],[-3.69565,55.9872],[-3.69569,55.98707],[-3.69544,55.98707],[-3.6959,55.98624],[-3.69533,55.98627],[-3.69522,55.986],[-3.69475,55.98592],[-3.69406,55.98807],[-3.69437,55.98865],[-3.6947,55.98883],[-3.69448,55.98902],[-3.69452,55.98958],[-3.6976,55.98978]]]}},{"type":"Feature","properties":{"id":"S01016284","name":"Braes Villages - 02","parent":"S12000014","type":"DZ","pop":849,"r":8,"ff":8,"ffd":942.3,"ffs":1.0,"g":0,"co":3,"mo":3,"sa":3,"ic":1},"geometry":{"type":"Polygon","coordinates":[[[-3.81154,55.94574],[-3.81172,55.94544],[-3.81255,55.94545],[-3.8157,55.94464],[-3.81621,55.94497],[-3.81819,55.9447],[-3.81884,55.9449],[-3.81959,55.94483],[-3.81923,55.94437],[-3.82055,55.94363],[-3.82141,55.94376],[-3.8221,55.94422],[-3.82261,55.94375],[-3.82331,55.94427],[-3.82401,55.94394],[-3.82421,55.94435],[-3.82483,55.94438],[-3.82511,55.94414],[-3.8252,55.94368],[-3.82633,55.94378],[-3.82684,55.94338],[-3.82711,55.9437],[-3.82771,55.94369],[-3.82844,55.94308],[-3.82908,55.94319],[-3.82958,55.94276],[-3.82999,55.94304],[-3.83071,55.94237],[-3.8306,55.94229],[-3.83184,55.94202],[-3.83146,55.94131],[-3.82902,55.94169],[-3.82812,55.94157],[-3.82815,55.94082],[-3.82962,55.94028],[-3.82938,55.93989],[-3.82945,55.93911],[-3.8293,55.93852],[-3.82743,55.9371],[-3.82717,55.93659],[-3.8305,55.93715],[-3.83129,55.93618],[-3.83216,55.93601],[-3.83223,55.93626],[-3.83294,55.93621],[-3.83288,55.93581],[-3.83594,55.93553],[-3.83633,55.93587],[-3.83839,55.93542],[-3.83751,55.93477],[-3.83764,55.9344],[-3.83734,55.93448],[-3.83682,55.93409],[-3.83833,55.9331],[-3.83814,55.93283],[-3.8375,55.93215],[-3.8353,55.93259],[-3.83477,55.93046],[-3.83396,55.93059],[-3.83332,55.9299],[-3.83421,55.92978],[-3.83627,55.92903],[-3.83582,55.92838],[-3.83881,55.92713],[-3.83506,55.92453],[-3.83523,55.92428],[-3.83393,55.92399],[-3.83442,55.9238],[-3.83512,55.9231],[-3.8363,55.92349],[-3.83842,55.9233],[-3.83879,55.9222],[-3.84034,55.92183],[-3.84014,55.92144],[-3.84088,55.92116],[-3.84064,55.92078],[-3.84438,55.91975],[-3.84911,55.91776],[-3.84976,55.91672],[-3.85092,55.91657],[-3.85182,55.91699],[-3.85302,55.91627],[-3.84334,55.91311],[-3.84311,55.91288],[-3.83493,55.91222],[-3.83416,55.91052],[-3.83307,55.90946],[-3.83304,55.9078],[-3.8299,55.90685],[-3.82718,55.90629],[-3.82504,55.90515],[-3.82265,55.90486],[-3.81874,55.90396],[-3.81804,55.90569],[-3.81766,55.90554],[-3.81722,55.90574],[-3.81616,55.90532],[-3.81404,55.90488],[-3.81016,55.90511],[-3.80897,55.9047],[-3.80894,55.90448],[-3.81,55.90365],[-3.81431,55.90199],[-3.81523,55.90107],[-3.81526,55.90029],[-3.81599,55.89987],[-3.81779,55.89813],[-3.82064,55.89677],[-3.82256,55.8965],[-3.8215,55.8954],[-3.80986,55.89671],[-3.80853,55.89719],[-3.80678,55.89746],[-3.80614,55.89732],[-3.80434,55.89787],[-3.80224,55.89789],[-3.79995,55.8985],[-3.79791,55.89962],[-3.79525,55.89981],[-3.79246,55.90037],[-3.7896,55.90039],[-3.78518,55.90079],[-3.78514,55.90098],[-3.78386,55.90105],[-3.7833,55.90127],[-3.78331,55.90159],[-3.78208,55.90165],[-3.78115,55.90235],[-3.78162,55.90235],[-3.78172,55.90287],[-3.78195,55.90299],[-3.78119,55.90335],[-3.78112,55.90372],[-3.78062,55.90391],[-3.78104,55.90422],[-3.78078,55.90434],[-3.78615,55.9096],[-3.78913,55.90947],[-3.78941,55.90961],[-3.79057,55.90939],[-3.79146,55.90962],[-3.79391,55.90963],[-3.79583,55.90912],[-3.79817,55.90903],[-3.799,55.90846],[-3.80035,55.90813],[-3.80312,55.91206],[-3.79042,55.91486],[-3.78013,55.91933],[-3.78261,55.92117],[-3.78338,55.92298],[-3.78656,55.92624],[-3.78959,55.92806],[-3.78939,55.9284],[-3.78977,55.92859],[-3.79047,55.92819],[-3.79198,55.92925],[-3.79235,55.93034],[-3.79228,55.9341],[-3.79252,55.93609],[-3.79083,55.93633],[-3.7928,55.94005],[-3.79447,55.94023],[-3.794,55.94108],[-3.7965,55.94151],[-3.79702,55.94211],[-3.79698,55.94282],[-3.79912,55.9432],[-3.79923,55.94446],[-3.80192,55.94376],[-3.80226,55.94413],[-3.8032,55.94411],[-3.80355,55.94341],[-3.80528,55.94372],[-3.80639,55.94318],[-3.80703,55.94348],[-3.80847,55.9428],[-3.80955,55.94327],[-3.80927,55.94405],[-3.81046,55.94514],[-3.81154,55.94574]]]}},{"type":"Feature","properties":{"id":"S01016285","name":"Braes Villages - 03","parent":"S12000014","type":"DZ","pop":780,"r":103,"ff":45,"ffd":5769.2,"ffs":0.5844,"g":25,"co":2,"mo":2,"sa":0,"ic":0},"geometry":{"type":"Polygon","coordinates":[[[-3.74485,55.9701],[-3.74616,55.97169],[-3.74801,55.97097],[-3.74837,55.97039],[-3.74944,55.97021],[-3.7493,55.97007],[-3.75165,55.96979],[-3.75196,55.97014],[-3.75567,55.96929],[-3.75542,55.96901],[-3.75621,55.96883],[-3.75412,55.96596],[-3.75606,55.96593],[-3.75601,55.96488],[-3.7524,55.9649],[-3.75275,55.96148],[-3.75216,55.96018],[-3.75122,55.96024],[-3.75134,55.96054],[-3.75099,55.9606],[-3.75084,55.96026],[-3.75042,55.96031],[-3.75056,55.96067],[-3.74888,55.96088],[-3.74995,55.96237],[-3.74558,55.96299],[-3.74522,55.9638],[-3.74928,55.96496],[-3.74898,55.96569],[-3.74665,55.96653],[-3.74699,55.96661],[-3.74676,55.9667],[-3.74722,55.96711],[-3.74788,55.96733],[-3.74805,55.96718],[-3.74959,55.96789],[-3.74886,55.96943],[-3.74842,55.96918],[-3.74485,55.9701]]]}},{"type":"Feature","properties":{"id":"S01016292","name":"Reddingmuirhead and Overton - 04","parent":"S12000014","type":"DZ","pop":767,"r":114,"ff":48,"ffd":6258.1,"ffs":0.5517,"g":26,"co":2,"mo":2,"sa":0,"ic":0},"geometry":{"type":"Polygon","coordinates":[[[-3.71872,55.98512],[-3.72367,55.98569],[-3.7291,55.9859],[-3.73544,55.98653],[-3.73992,55.98486],[-3.74841,55.98428],[-3.74835,55.98387],[-3.7479,55.9835],[-3.73861,55.98386],[-3.73793,55.98124],[-3.73417,55.98144],[-3.73345,55.98074],[-3.73221,55.98091],[-3.73205,55.98014],[-3.73109,55.97982],[-3.73001,55.98036],[-3.72652,55.98117],[-3.72619,55.9815],[-3.72531,55.98147],[-3.72518,55.98187],[-3.72521,55.98244],[-3.72557,55.98266],[-3.72967,55.9844],[-3.72385,55.9846],[-3.7213,55.98498],[-3.71892,55.98489],[-3.71872,55.98512]]]}},{"type":"Feature","properties":{"id":"S01016293","name":"Reddingmuirhead and Overton - 05","parent":"S12000014","type":"DZ","pop":1014,"r":122,"ff":53,"ffd":5226.8,"ffs":0.5579,"g":26,"co":2,"mo":0,"sa":0,"ic":0},"geometry":{"type":"Polygon","coordinates":[[[-3.74719,55.98815],[-3.74871,55.98841],[-3.75064,55.9893],[-3.75142,55.98988],[-3.75213,55.99077],[-3.75291,55.98998],[-3.75483,55.98905],[-3.75321,55.98809],[-3.75202,55.988],[-3.75217,55.98769],[-3.75182,55.98753],[-3.7515,55.98785],[-3.75121,55.98781],[-3.75099,55.98776],[-3.75119,55.9875],[-3.75002,55.98723],[-3.7488,55.98721],[-3.74721,55.98656],[-3.74705,55.98616],[-3.74733,55.98616],[-3.74719,55.98566],[-3.74773,55.98583],[-3.74807,55.98574],[-3.748,55.98548],[-3.7503,55.98552],[-3.75012,55.98316],[-3.74879,55.98319],[-3.7479,55.9835],[-3.74835,55.98387],[-3.74841,55.98428],[-3.74353,55.98451],[-3.73965,55.98497],[-3.74115,55.98585],[-3.74056,55.98623],[-3.74096,55.98654],[-3.74059,55.98673],[-3.741,55.98722],[-3.74719,55.98815]]]}},{"type":"Feature","properties":{"id":"S01016294","name":"Reddingmuirhead and Overton - 06","parent":"S12000014","type":"DZ","pop":1069,"r":121,"ff":52,"ffd":4864.4,"ffs":0.5532,"g":26,"co":2,"mo":0,"sa":0,"ic":0},"geometry":{"type":"Polygon","coordinates":[[[-3.75204,55.98761],[-3.75218,55.9878],[-3.75202,55.988],[-3.75321,55.98809],[-3.75483,55.98905],[-3.75291,55.98998],[-3.75322,55.9901],[-3.7586,55.98881],[-3.76671,55.98826],[-3.76605,55.98724],[-3.76475,55.98653],[-3.76358,55.98636],[-3.76057,55.98651],[-3.76044,55.98546],[-3.76059,55.98491],[-3.76043,55.98473],[-3.75898,55.98412],[-3.75888,55.9839],[-3.7581,55.98392],[-3.75754,55.98354],[-3.75754,55.98316],[-3.75714,55.98291],[-3.75414,55.98329],[-3.75012,55.98316],[-3.7503,55.98552],[-3.748,55.98548],[-3.74807,55.98574],[-3.74773,55.98583],[-3.74719,55.98566],[-3.74733,55.98616],[-3.74705,55.98625],[-3.74744,55.98672],[-3.74912,55.98728],[-3.75002,55.98723],[-3.75119,55.9875],[-3.75099,55.98776],[-3.75121,55.98781],[-3.7515,55.98785],[-3.75182,55.98753],[-3.75204,55.98761]]]}},{"type":"Feature","properties":{"id":"S01016295","name":"Brightons and Wallacestone - 01","parent":"S12000014","type":"DZ","pop":746,"r":109,"ff":47,"ffd":6300.3,"ffs":0.5663,"g":25,"co":2,"mo":2,"sa":0,"ic":0},"geometry":{"type":"Polygon","coordinates":[[[-3.72775,55.97783],[-3.72797,55.97874],[-3.73519,55.97715],[-3.73617,55.97857],[-3.7372,55.97836],[-3.73721,55.97855],[-3.73783,55.9783],[-3.73757,55.97803],[-3.73882,55.97745],[-3.73829,55.97683],[-3.73833,55.97636],[-3.7401,55.97593],[-3.7396,55.97517],[-3.73934,55.97433],[-3.73983,55.97392],[-3.74035,55.97379],[-3.74058,55.97345],[-3.74015,55.97329],[-3.73797,55.97371],[-3.73696,55.97274],[-3.73809,55.97118],[-3.73837,55.97065],[-3.73826,55.97039],[-3.73656,55.97101],[-3.73565,55.97104],[-3.73542,55.97132],[-3.73435,55.97152],[-3.73489,55.97208],[-3.73578,55.97192],[-3.7365,55.97239],[-3.73518,55.97302],[-3.73532,55.97317],[-3.73142,55.97482],[-3.7319,55.97521],[-3.72889,55.97661],[-3.72742,55.97672],[-3.72775,55.97783]]]}},{"type":"Feature","properties":{"id":"S01016286","name":"Braes Villages - 04","parent":"S12000014","type":"DZ","pop":585,"r":70,"ff":27,"ffd":4615.4,"ffs":0.6,"g":24,"co":2,"mo":2,"sa":0,"ic":0},"geometry":{"type":"Polygon","coordinates":[[[-3.68914,55.98048],[-3.69161,55.98121],[-3.69547,55.98164],[-3.70048,55.98323],[-3.70183,55.98329],[-3.70545,55.98295],[-3.70514,55.98247],[-3.70847,55.98218],[-3.70748,55.97978],[-3.70663,55.97993],[-3.70567,55.97801],[-3.70411,55.97802],[-3.70363,55.97653],[-3.69491,55.97609],[-3.69495,55.97536],[-3.694,55.97349],[-3.6883,55.97369],[-3.68811,55.97255],[-3.69093,55.97248],[-3.69095,55.97283],[-3.69151,55.97282],[-3.69148,55.97247],[-3.69179,55.97245],[-3.69181,55.97188],[-3.69361,55.97167],[-3.69432,55.9711],[-3.6939,55.96999],[-3.68985,55.97028],[-3.68935,55.96998],[-3.68934,55.96969],[-3.68949,55.96967],[-3.68937,55.96859],[-3.69311,55.96816],[-3.69317,55.96793],[-3.69398,55.96736],[-3.69394,55.96699],[-3.6948,55.96695],[-3.69492,55.96711],[-3.69865,55.96684],[-3.70018,55.96833],[-3.70074,55.96808],[-3.7013,55.9691],[-3.70142,55.97029],[-3.70185,55.97088],[-3.69974,55.97144],[-3.70095,55.97225],[-3.70217,55.97199],[-3.70239,55.97227],[-3.70543,55.97152],[-3.70638,55.97127],[-3.7073,55.97072],[-3.7091,55.97035],[-3.70939,55.97014],[-3.71594,55.96947],[-3.71712,55.97136],[-3.71576,55.97157],[-3.71605,55.97244],[-3.71522,55.97243],[-3.71437,55.97267],[-3.71236,55.97262],[-3.71337,55.97562],[-3.71768,55.97504],[-3.71776,55.97542],[-3.71866,55.9755],[-3.71769,55.97559],[-3.7179,55.97678],[-3.71998,55.97651],[-3.72742,55.97672],[-3.72889,55.97661],[-3.7319,55.97521],[-3.73142,55.97482],[-3.73532,55.97317],[-3.73518,55.97302],[-3.7365,55.97239],[-3.73578,55.97192],[-3.73489,55.97208],[-3.73435,55.97152],[-3.73542,55.97132],[-3.73565,55.97104],[-3.7373,55.97081],[-3.7375,55.97056],[-3.73826,55.97039],[-3.73837,55.97065],[-3.73809,55.97118],[-3.73696,55.97274],[-3.73797,55.97371],[-3.74015,55.97329],[-3.74058,55.97345],[-3.74035,55.97379],[-3.73983,55.97392],[-3.73934,55.97433],[-3.7396,55.97517],[-3.7401,55.97593],[-3.73833,55.97636],[-3.73829,55.97683],[-3.73882,55.97745],[-3.73757,55.97803],[-3.73829,55.97929],[-3.73961,55.97859],[-3.74033,55.9786],[-3.74044,55.97827],[-3.7409,55.97808],[-3.74204,55.97781],[-3.74264,55.97749],[-3.74266,55.97723],[-3.74341,55.9773],[-3.74436,55.9769],[-3.74474,55.97734],[-3.74479,55.97846],[-3.74564,55.97845],[-3.74585,55.97895],[-3.74896,55.97816],[-3.74921,55.97845],[-3.75238,55.97682],[-3.75219,55.97584],[-3.75271,55.97567],[-3.75406,55.97609],[-3.7558,55.97511],[-3.75547,55.97474],[-3.75576,55.97459],[-3.7544,55.97294],[-3.75646,55.97249],[-3.75749,55.97199],[-3.75898,55.97185],[-3.75952,55.97159],[-3.76035,55.97166],[-3.7669,55.96995],[-3.7705,55.9695],[-3.77097,55.97028],[-3.77655,55.96929],[-3.77664,55.96956],[-3.77919,55.96904],[-3.77995,55.96857],[-3.78227,55.96814],[-3.78089,55.96593],[-3.78529,55.96415],[-3.78314,55.96261],[-3.77599,55.96319],[-3.77018,55.96344],[-3.77001,55.96242],[-3.76755,55.96257],[-3.76752,55.96126],[-3.76462,55.96132],[-3.76483,55.95974],[-3.76457,55.95949],[-3.76501,55.95932],[-3.76555,55.9573],[-3.76822,55.95584],[-3.76333,55.95539],[-3.76249,55.95603],[-3.75831,55.95621],[-3.75062,55.95705],[-3.74922,55.9574],[-3.74857,55.95697],[-3.74739,55.95561],[-3.74093,55.94979],[-3.7377,55.94899],[-3.73991,55.94745],[-3.73063,55.94552],[-3.72752,55.94504],[-3.72346,55.945],[-3.7182,55.94444],[-3.71849,55.94433],[-3.7179,55.94344],[-3.71109,55.94359],[-3.71005,55.94202],[-3.70552,55.9433],[-3.70657,55.94387],[-3.70708,55.94382],[-3.70831,55.94611],[-3.70068,55.94686],[-3.6998,55.94518],[-3.70494,55.94333],[-3.70605,55.94182],[-3.70416,55.94123],[-3.70139,55.94121],[-3.70004,55.94096],[-3.69694,55.93867],[-3.69419,55.93899],[-3.69047,55.93827],[-3.69009,55.93843],[-3.68979,55.93885],[-3.68684,55.9396],[-3.6859,55.94009],[-3.68337,55.94228],[-3.67932,55.94216],[-3.67781,55.94228],[-3.67579,55.94327],[-3.67556,55.94367],[-3.67378,55.94501],[-3.67312,55.94528],[-3.67222,55.94525],[-3.67138,55.94452],[-3.67087,55.94436],[-3.66738,55.94556],[-3.66762,55.9461],[-3.66756,55.94803],[-3.66798,55.94857],[-3.67098,55.94884],[-3.67271,55.9497],[-3.67268,55.95061],[-3.67303,55.95148],[-3.67391,55.95224],[-3.67435,55.95305],[-3.67422,55.95393],[-3.67259,55.95469],[-3.67038,55.9546],[-3.6687,55.95511],[-3.66805,55.95609],[-3.6679,55.95735],[-3.66745,55.95765],[-3.66599,55.95785],[-3.66551,55.95809],[-3.66462,55.96018],[-3.66387,55.96066],[-3.66277,55.96076],[-3.66147,55.96057],[-3.66106,55.96034],[-3.66142,55.95996],[-3.66119,55.95974],[-3.65914,55.95911],[-3.65778,55.95905],[-3.6562,55.95867],[-3.65294,55.95926],[-3.65281,55.9597],[-3.65333,55.96022],[-3.65376,55.96158],[-3.65452,55.96249],[-3.65465,55.96321],[-3.65743,55.96404],[-3.65749,55.96423],[-3.657,55.96478],[-3.65326,55.96453],[-3.6522,55.96467],[-3.65189,55.96495],[-3.65237,55.96532],[-3.65241,55.96557],[-3.65108,55.96641],[-3.6494,55.96717],[-3.6494,55.96864],[-3.64867,55.96943],[-3.64698,55.96986],[-3.64463,55.96962],[-3.64271,55.97077],[-3.64212,55.97089],[-3.64014,55.97064],[-3.63939,55.97087],[-3.63846,55.97154],[-3.64127,55.97338],[-3.64329,55.97345],[-3.64359,55.97381],[-3.64581,55.9737],[-3.64637,55.97417],[-3.64838,55.97335],[-3.65251,55.97206],[-3.65277,55.97166],[-3.65348,55.97141],[-3.65346,55.97123],[-3.65402,55.97124],[-3.65417,55.97097],[-3.65485,55.97097],[-3.6558,55.97228],[-3.6565,55.9723],[-3.65755,55.9728],[-3.65834,55.97359],[-3.65821,55.9745],[-3.66085,55.97468],[-3.66153,55.97706],[-3.66221,55.97743],[-3.66187,55.97761],[-3.66186,55.97825],[-3.67919,55.98013],[-3.68001,55.97959],[-3.67847,55.97708],[-3.67883,55.97688],[-3.68065,55.97783],[-3.68453,55.97793],[-3.68416,55.97885],[-3.68713,55.97935],[-3.68914,55.98048]],[[-3.74733,55.96713],[-3.74676,55.9667],[-3.74699,55.96661],[-3.74665,55.96653],[-3.74898,55.96569],[-3.74928,55.96496],[-3.74522,55.9638],[-3.74558,55.96299],[-3.74995,55.96237],[-3.74888,55.96088],[-3.75056,55.96067],[-3.75042,55.96031],[-3.75084,55.96026],[-3.75099,55.9606],[-3.75134,55.96054],[-3.75122,55.96024],[-3.75216,55.96018],[-3.75275,55.96148],[-3.7524,55.9649],[-3.75601,55.96488],[-3.75606,55.96593],[-3.75412,55.96596],[-3.75621,55.96883],[-3.75542,55.96901],[-3.75567,55.96929],[-3.75196,55.97014],[-3.75165,55.96979],[-3.7493,55.97007],[-3.74944,55.97021],[-3.74837,55.97039],[-3.74801,55.97097],[-3.74616,55.97169],[-3.74485,55.9701],[-3.74842,55.96918],[-3.74886,55.96943],[-3.74959,55.96789],[-3.74805,55.96718],[-3.74788,55.96733],[-3.74733,55.96713]]]}},{"type":"Feature","properties":{"id":"S01016296","name":"Brightons and Wallacestone - 02","parent":"S12000014","type":"DZ","pop":801,"r":112,"ff":49,"ffd":6117.4,"ffs":0.5765,"g":26,"co":2,"mo":2,"sa":0,"ic":0},"geometry":{"type":"Polygon","coordinates":[[[-3.7167,55.98636],[-3.71837,55.9864],[-3.71835,55.98692],[-3.71991,55.98709],[-3.71998,55.98659],[-3.72173,55.98641],[-3.7215,55.98544],[-3.71872,55.98512],[-3.71892,55.98489],[-3.7213,55.98498],[-3.72385,55.9846],[-3.72967,55.9844],[-3.72498,55.98242],[-3.72439,55.9831],[-3.72319,55.98309],[-3.72333,55.98333],[-3.72252,55.98312],[-3.72252,55.98329],[-3.72196,55.98331],[-3.72103,55.98368],[-3.72064,55.98343],[-3.72063,55.98319],[-3.71875,55.98344],[-3.71806,55.98319],[-3.71767,55.98356],[-3.71662,55.98351],[-3.7163,55.98369],[-3.71627,55.98394],[-3.71567,55.98394],[-3.71567,55.98413],[-3.71485,55.98405],[-3.71534,55.98356],[-3.71557,55.98265],[-3.71409,55.98247],[-3.70285,55.9832],[-3.70289,55.98336],[-3.70353,55.98332],[-3.70362,55.98374],[-3.7114,55.98397],[-3.71566,55.9847],[-3.71563,55.98551],[-3.71473,55.98548],[-3.7158,55.98597],[-3.7167,55.9861],[-3.7167,55.98636]]]}},{"type":"Feature","properties":{"id":"S01016309","name":"Polmont - 02","parent":"S12000014","type":"DZ","pop":685,"r":100,"ff":40,"ffd":5839.4,"ffs":0.5405,"g":25,"co":2,"mo":2,"sa":0,"ic":0},"geometry":{"type":"Polygon","coordinates":[[[-3.70244,55.98748],[-3.70275,55.98781],[-3.70551,55.98791],[-3.70905,55.98772],[-3.70797,55.98671],[-3.70559,55.98595],[-3.70641,55.98532],[-3.70443,55.9848],[-3.70331,55.98474],[-3.70293,55.98493],[-3.70257,55.9852],[-3.70306,55.98546],[-3.70313,55.98569],[-3.69976,55.98564],[-3.69975,55.98533],[-3.69745,55.98502],[-3.69678,55.98475],[-3.69567,55.98499],[-3.69462,55.98567],[-3.69475,55.98592],[-3.69522,55.986],[-3.69533,55.98627],[-3.6959,55.98624],[-3.69544,55.98707],[-3.69569,55.98707],[-3.69565,55.9872],[-3.69959,55.98756],[-3.69955,55.98686],[-3.70235,55.98678],[-3.70233,55.98653],[-3.70311,55.98651],[-3.70315,55.98635],[-3.70338,55.9864],[-3.70354,55.98616],[-3.70418,55.98599],[-3.70504,55.98613],[-3.70502,55.9865],[-3.70301,55.98674],[-3.70338,55.98709],[-3.7024,55.98708],[-3.70244,55.98748]]]}},{"type":"Feature","properties":{"id":"S01016287","name":"Braes Villages - 05","parent":"S12000014","type":"DZ","pop":898,"r":12,"ff":11,"ffd":1224.9,"ffs":0.9167,"g":0,"co":3,"mo":3,"sa":3,"ic":1},"geometry":{"type":"Polygon","coordinates":[[[-3.74739,55.95561],[-3.74857,55.95697],[-3.74922,55.9574],[-3.75062,55.95705],[-3.75831,55.95621],[-3.76249,55.95603],[-3.76333,55.95539],[-3.76822,55.95584],[-3.77297,55.95597],[-3.77935,55.95516],[-3.7787,55.9549],[-3.78196,55.95437],[-3.78252,55.9541],[-3.78358,55.95399],[-3.78519,55.95425],[-3.78597,55.95387],[-3.78862,55.95398],[-3.78964,55.95379],[-3.79102,55.95425],[-3.79553,55.95316],[-3.79503,55.95129],[-3.7899,55.95053],[-3.7902,55.94964],[-3.78796,55.94967],[-3.78782,55.94941],[-3.78789,55.94908],[-3.78857,55.94831],[-3.78983,55.94796],[-3.78906,55.94695],[-3.78815,55.9447],[-3.78975,55.94446],[-3.78922,55.94393],[-3.78772,55.94352],[-3.78767,55.94324],[-3.78848,55.94285],[-3.78852,55.94247],[-3.79108,55.94243],[-3.7931,55.94138],[-3.79238,55.94041],[-3.7928,55.94005],[-3.79083,55.93633],[-3.79252,55.93609],[-3.79228,55.9341],[-3.79235,55.93034],[-3.79198,55.92925],[-3.79047,55.92819],[-3.78977,55.92859],[-3.78939,55.9284],[-3.78959,55.92806],[-3.78656,55.92624],[-3.78338,55.92298],[-3.78261,55.92117],[-3.78013,55.91933],[-3.79042,55.91486],[-3.80312,55.91206],[-3.80035,55.90813],[-3.799,55.90846],[-3.79817,55.90903],[-3.79583,55.90912],[-3.79391,55.90963],[-3.79146,55.90962],[-3.79057,55.90939],[-3.78941,55.90961],[-3.78913,55.90947],[-3.78615,55.9096],[-3.78119,55.90475],[-3.78057,55.90482],[-3.78012,55.90459],[-3.78001,55.90503],[-3.77922,55.90495],[-3.7783,55.90594],[-3.77682,55.90665],[-3.77566,55.9068],[-3.77464,55.90664],[-3.77349,55.90699],[-3.77219,55.90692],[-3.77166,55.90741],[-3.77056,55.90761],[-3.76906,55.90759],[-3.76818,55.90784],[-3.76776,55.90816],[-3.7678,55.9084],[-3.76759,55.90857],[-3.76686,55.90866],[-3.76729,55.90913],[-3.76696,55.90986],[-3.7672,55.91009],[-3.76615,55.9102],[-3.76629,55.91055],[-3.76614,55.91069],[-3.7655,55.91061],[-3.76435,55.91088],[-3.76435,55.9117],[-3.76396,55.91202],[-3.76409,55.91231],[-3.76378,55.91284],[-3.76298,55.91302],[-3.76272,55.91358],[-3.76198,55.914],[-3.7614,55.91397],[-3.76132,55.91433],[-3.76059,55.91502],[-3.76032,55.91566],[-3.76073,55.91563],[-3.761,55.91593],[-3.76153,55.91589],[-3.76191,55.91628],[-3.76148,55.91645],[-3.76248,55.91685],[-3.76203,55.91701],[-3.76181,55.91742],[-3.7621,55.91764],[-3.76206,55.91794],[-3.76105,55.91822],[-3.76052,55.91803],[-3.76025,55.91832],[-3.75976,55.91841],[-3.75893,55.91839],[-3.75848,55.9191],[-3.75738,55.91886],[-3.75719,55.91919],[-3.75626,55.91917],[-3.75526,55.91956],[-3.75553,55.91978],[-3.75531,55.91997],[-3.75483,55.91979],[-3.7543,55.9199],[-3.75411,55.92015],[-3.75465,55.92022],[-3.75423,55.92052],[-3.75472,55.9207],[-3.75441,55.921],[-3.75303,55.92132],[-3.75301,55.9215],[-3.75252,55.92152],[-3.75219,55.92183],[-3.75212,55.92211],[-3.75301,55.92231],[-3.75301,55.92265],[-3.7527,55.92282],[-3.7527,55.92314],[-3.75201,55.92296],[-3.7517,55.92321],[-3.75099,55.92326],[-3.75134,55.9237],[-3.7508,55.92414],[-3.75096,55.92456],[-3.75048,55.92522],[-3.74937,55.92541],[-3.74834,55.92518],[-3.74775,55.92542],[-3.74656,55.92506],[-3.74608,55.92559],[-3.74381,55.92585],[-3.74362,55.92638],[-3.74254,55.92625],[-3.74242,55.92765],[-3.74313,55.92803],[-3.74302,55.9282],[-3.74222,55.92835],[-3.74236,55.92863],[-3.74221,55.92886],[-3.74279,55.92927],[-3.74218,55.92968],[-3.74253,55.9301],[-3.74235,55.93028],[-3.74221,55.93103],[-3.74135,55.93129],[-3.74111,55.93165],[-3.73916,55.9331],[-3.7385,55.93327],[-3.73766,55.933],[-3.7355,55.93325],[-3.73455,55.93379],[-3.73403,55.93432],[-3.73192,55.93418],[-3.73201,55.93448],[-3.73272,55.93486],[-3.73269,55.93513],[-3.72968,55.93605],[-3.72694,55.93604],[-3.72598,55.93539],[-3.72475,55.93499],[-3.72383,55.93545],[-3.72263,55.93529],[-3.72089,55.93566],[-3.71891,55.93527],[-3.71606,55.93554],[-3.71507,55.93522],[-3.71502,55.93496],[-3.71565,55.93492],[-3.71594,55.93471],[-3.71562,55.93403],[-3.71338,55.93404],[-3.71051,55.93372],[-3.70896,55.93395],[-3.70868,55.93424],[-3.70844,55.93518],[-3.70788,55.93544],[-3.70592,55.93539],[-3.70554,55.93491],[-3.70335,55.93456],[-3.69993,55.93571],[-3.69963,55.9362],[-3.69954,55.93831],[-3.69925,55.93911],[-3.69879,55.93937],[-3.69785,55.93931],[-3.70004,55.94096],[-3.70139,55.94121],[-3.70416,55.94123],[-3.70605,55.94182],[-3.70494,55.94333],[-3.6998,55.94518],[-3.70068,55.94686],[-3.70831,55.94611],[-3.70708,55.94382],[-3.70657,55.94387],[-3.70552,55.9433],[-3.71005,55.94202],[-3.71109,55.94359],[-3.7179,55.94344],[-3.71849,55.94433],[-3.7182,55.94444],[-3.72346,55.945],[-3.72752,55.94504],[-3.73063,55.94552],[-3.73991,55.94745],[-3.7377,55.94899],[-3.74093,55.94979],[-3.74739,55.95561]]]}},{"type":"Feature","properties":{"id":"S01016288","name":"Braes Villages - 06","parent":"S12000014","type":"DZ","pop":762,"r":18,"ff":12,"ffd":1574.8,"ffs":0.6667,"g":0,"co":3,"mo":3,"sa":1,"ic":1},"geometry":{"type":"Polygon","coordinates":[[[-3.65374,55.97429],[-3.65346,55.97464],[-3.65769,55.97561],[-3.65814,55.97559],[-3.65814,55.97513],[-3.65842,55.97455],[-3.65821,55.9745],[-3.65834,55.97359],[-3.65755,55.9728],[-3.6565,55.9723],[-3.6558,55.97228],[-3.65485,55.97097],[-3.65411,55.97099],[-3.65402,55.97124],[-3.65346,55.97123],[-3.65338,55.97147],[-3.65277,55.97166],[-3.65251,55.97206],[-3.64838,55.97335],[-3.65076,55.97537],[-3.65199,55.97445],[-3.65394,55.97405],[-3.65374,55.97429]]]}},{"type":"Feature","properties":{"id":"S01016289","name":"Reddingmuirhead and Overton - 01","parent":"S12000014","type":"DZ","pop":647,"r":115,"ff":49,"ffd":7573.4,"ffs":0.5568,"g":26,"co":2,"mo":2,"sa":0,"ic":0},"geometry":{"type":"Polygon","coordinates":[[[-3.73835,55.98293],[-3.73861,55.98386],[-3.73986,55.98382],[-3.73951,55.98338],[-3.74393,55.98286],[-3.74411,55.98267],[-3.74394,55.98261],[-3.74434,55.98238],[-3.74314,55.98199],[-3.7419,55.9824],[-3.74032,55.98264],[-3.74005,55.98214],[-3.74093,55.98191],[-3.74072,55.98114],[-3.74404,55.98049],[-3.74598,55.98035],[-3.74606,55.9807],[-3.7459,55.98097],[-3.74648,55.98124],[-3.74694,55.981],[-3.74864,55.981],[-3.74858,55.98056],[-3.74813,55.98028],[-3.75332,55.97981],[-3.75296,55.9787],[-3.75425,55.97835],[-3.75563,55.97824],[-3.75608,55.97805],[-3.75602,55.97762],[-3.75422,55.97788],[-3.75408,55.97749],[-3.75518,55.97698],[-3.75433,55.9764],[-3.75356,55.97661],[-3.75333,55.97643],[-3.75406,55.97609],[-3.75271,55.97567],[-3.75219,55.97584],[-3.75238,55.97682],[-3.74921,55.97845],[-3.74896,55.97816],[-3.74585,55.97895],[-3.74564,55.97845],[-3.74479,55.97846],[-3.74474,55.97734],[-3.74436,55.9769],[-3.74341,55.9773],[-3.74266,55.97723],[-3.74264,55.97749],[-3.74204,55.97781],[-3.7409,55.97808],[-3.74044,55.97827],[-3.74033,55.9786],[-3.73961,55.97859],[-3.73829,55.97929],[-3.73783,55.9783],[-3.73721,55.97855],[-3.73722,55.97905],[-3.73673,55.9791],[-3.73688,55.97982],[-3.73648,55.97997],[-3.73449,55.98036],[-3.73205,55.98014],[-3.73221,55.98091],[-3.73345,55.98074],[-3.73417,55.98144],[-3.73793,55.98124],[-3.73835,55.98293]]]}},{"type":"Feature","properties":{"id":"S01016297","name":"Brightons and Wallacestone - 03","parent":"S12000014","type":"DZ","pop":639,"r":111,"ff":48,"ffd":7511.7,"ffs":0.5714,"g":26,"co":2,"mo":2,"sa":0,"ic":0},"geometry":{"type":"Polygon","coordinates":[[[-3.71485,55.98405],[-3.71567,55.98413],[-3.71567,55.98394],[-3.71627,55.98394],[-3.7163,55.98369],[-3.71662,55.98351],[-3.71767,55.98356],[-3.71806,55.98319],[-3.71875,55.98344],[-3.72063,55.98319],[-3.72064,55.98343],[-3.72103,55.98368],[-3.72196,55.98331],[-3.72252,55.98329],[-3.72252,55.98312],[-3.72333,55.98333],[-3.72319,55.98309],[-3.7242,55.98316],[-3.72483,55.98248],[-3.72521,55.98244],[-3.72536,55.98144],[-3.72342,55.97972],[-3.72162,55.98058],[-3.72181,55.98071],[-3.72154,55.98091],[-3.72043,55.98109],[-3.7196,55.98146],[-3.71849,55.98116],[-3.71827,55.98065],[-3.71665,55.98055],[-3.71715,55.9816],[-3.71532,55.98183],[-3.71551,55.98302],[-3.71534,55.98356],[-3.71485,55.98405]]]}},{"type":"Feature","properties":{"id":"S01016298","name":"Brightons and Wallacestone - 04","parent":"S12000014","type":"DZ","pop":616,"r":104,"ff":45,"ffd":7305.2,"ffs":0.5769,"g":25,"co":2,"mo":2,"sa":0,"ic":0},"geometry":{"type":"Polygon","coordinates":[[[-3.71885,55.98113],[-3.7196,55.98146],[-3.72043,55.98109],[-3.72154,55.98091],[-3.72181,55.98071],[-3.72162,55.98058],[-3.72405,55.97947],[-3.72797,55.97874],[-3.72754,55.9769],[-3.72742,55.97672],[-3.72153,55.97655],[-3.72168,55.97735],[-3.72208,55.97734],[-3.72261,55.97764],[-3.72306,55.97951],[-3.72182,55.98003],[-3.72077,55.97989],[-3.72079,55.98003],[-3.7192,55.9804],[-3.71867,55.98017],[-3.71883,55.97992],[-3.71774,55.98022],[-3.71865,55.98058],[-3.71827,55.98065],[-3.71849,55.98116],[-3.71885,55.98113]]]}},{"type":"Feature","properties":{"id":"S01016299","name":"Brightons and Wallacestone - 05","parent":"S12000014","type":"DZ","pop":522,"r":105,"ff":45,"ffd":8620.7,"ffs":0.5696,"g":25,"co":2,"mo":2,"sa":0,"ic":0},"geometry":{"type":"Polygon","coordinates":[[[-3.71558,55.98005],[-3.71639,55.98048],[-3.718,55.98071],[-3.71865,55.98058],[-3.71774,55.98022],[-3.71814,55.98005],[-3.71883,55.97992],[-3.71867,55.98017],[-3.7192,55.9804],[-3.72079,55.98003],[-3.72077,55.97989],[-3.72182,55.98003],[-3.72306,55.97951],[-3.72261,55.97764],[-3.72208,55.97734],[-3.72168,55.97735],[-3.72153,55.97655],[-3.71998,55.97651],[-3.7179,55.97678],[-3.71769,55.97559],[-3.71709,55.97565],[-3.71696,55.976],[-3.71713,55.97627],[-3.71686,55.97661],[-3.71638,55.97664],[-3.71649,55.97678],[-3.71619,55.97686],[-3.71632,55.97703],[-3.71421,55.97724],[-3.71422,55.9779],[-3.7132,55.97792],[-3.7139,55.97817],[-3.7141,55.97872],[-3.71549,55.97871],[-3.7166,55.97948],[-3.7165,55.97974],[-3.71558,55.98005]]]}},{"type":"Feature","properties":{"id":"S01016300","name":"Brightons and Wallacestone - 06","parent":"S12000014","type":"DZ","pop":668,"r":101,"ff":42,"ffd":6287.4,"ffs":0.56,"g":25,"co":2,"mo":2,"sa":0,"ic":0},"geometry":{"type":"Polygon","coordinates":[[[-3.70545,55.98295],[-3.71409,55.98247],[-3.71557,55.98265],[-3.71532,55.98183],[-3.71715,55.9816],[-3.71665,55.98055],[-3.71558,55.98005],[-3.7165,55.97974],[-3.7166,55.97948],[-3.71549,55.97871],[-3.71449,55.9786],[-3.7141,55.97872],[-3.71421,55.97904],[-3.71368,55.979],[-3.71306,55.97861],[-3.71319,55.97847],[-3.71298,55.97823],[-3.71249,55.97832],[-3.71273,55.97862],[-3.71235,55.97877],[-3.70748,55.97978],[-3.70847,55.98218],[-3.70514,55.98247],[-3.70545,55.98295]]]}},{"type":"Feature","properties":{"id":"S01016301","name":"Maddiston and Rumford - 01","parent":"S12000014","type":"DZ","pop":563,"r":97,"ff":40,"ffd":7104.8,"ffs":0.5634,"g":25,"co":2,"mo":2,"sa":0,"ic":0},"geometry":{"type":"Polygon","coordinates":[[[-3.71294,55.97818],[-3.71333,55.97797],[-3.7132,55.97792],[-3.71422,55.9779],[-3.71421,55.97724],[-3.71632,55.97703],[-3.71619,55.97686],[-3.71649,55.97678],[-3.71638,55.97664],[-3.71686,55.97661],[-3.71713,55.97627],[-3.71696,55.976],[-3.71709,55.97565],[-3.71866,55.97552],[-3.71863,55.9754],[-3.71776,55.97542],[-3.71768,55.97504],[-3.71337,55.97562],[-3.71298,55.97432],[-3.70959,55.97458],[-3.70959,55.9751],[-3.70908,55.9755],[-3.7094,55.97576],[-3.71006,55.97569],[-3.7101,55.97601],[-3.70942,55.97599],[-3.7096,55.97629],[-3.70987,55.97621],[-3.7105,55.97699],[-3.70975,55.97726],[-3.71007,55.9778],[-3.71199,55.97761],[-3.7123,55.97804],[-3.71277,55.97794],[-3.71294,55.97818]]]}},{"type":"Feature","properties":{"id":"S01016302","name":"Maddiston and Rumford - 02","parent":"S12000014","type":"DZ","pop":824,"r":88,"ff":36,"ffd":4368.9,"ffs":0.5806,"g":25,"co":2,"mo":2,"sa":0,"ic":0},"geometry":{"type":"Polygon","coordinates":[[[-3.69466,55.97472],[-3.69495,55.97536],[-3.69491,55.97609],[-3.70363,55.97653],[-3.70304,55.97399],[-3.70185,55.97354],[-3.69704,55.97416],[-3.69604,55.97298],[-3.694,55.97349],[-3.69466,55.97472]]]}},{"type":"Feature","properties":{"id":"S01016303","name":"Maddiston and Rumford - 03","parent":"S12000014","type":"DZ","pop":831,"r":93,"ff":38,"ffd":4572.8,"ffs":0.5672,"g":25,"co":2,"mo":2,"sa":0,"ic":0},"geometry":{"type":"Polygon","coordinates":[[[-3.7065,55.97966],[-3.70663,55.97993],[-3.71235,55.97877],[-3.71273,55.97862],[-3.71249,55.97832],[-3.71298,55.97823],[-3.71319,55.97847],[-3.71306,55.97861],[-3.71368,55.979],[-3.71421,55.97904],[-3.7139,55.97817],[-3.71333,55.97797],[-3.71294,55.97818],[-3.71277,55.97794],[-3.7123,55.97804],[-3.71199,55.97761],[-3.71007,55.9778],[-3.70975,55.97726],[-3.7105,55.97699],[-3.70987,55.97621],[-3.7096,55.97629],[-3.70942,55.97599],[-3.7101,55.97601],[-3.71006,55.97569],[-3.7094,55.97576],[-3.70908,55.9755],[-3.70959,55.9751],[-3.70959,55.97458],[-3.70873,55.97466],[-3.70888,55.97496],[-3.7051,55.97453],[-3.70304,55.97399],[-3.70381,55.97741],[-3.70411,55.97802],[-3.70567,55.97801],[-3.7065,55.97966]]]}},{"type":"Feature","properties":{"id":"S01016304","name":"Maddiston and Rumford - 04","parent":"S12000014","type":"DZ","pop":585,"r":92,"ff":37,"ffd":6324.8,"ffs":0.5606,"g":25,"co":2,"mo":2,"sa":0,"ic":0},"geometry":{"type":"Polygon","coordinates":[[[-3.70304,55.97399],[-3.7051,55.97453],[-3.70888,55.97496],[-3.70873,55.97466],[-3.71298,55.97432],[-3.71236,55.97262],[-3.71437,55.97267],[-3.71522,55.97243],[-3.71605,55.97244],[-3.71576,55.97157],[-3.71712,55.97136],[-3.71594,55.96947],[-3.71167,55.97],[-3.71225,55.97189],[-3.70951,55.97228],[-3.70794,55.97285],[-3.70795,55.97319],[-3.70736,55.97325],[-3.70736,55.97347],[-3.70527,55.97353],[-3.70506,55.97394],[-3.70303,55.97349],[-3.70269,55.97385],[-3.70304,55.97399]]]}},{"type":"Feature","properties":{"id":"S01016305","name":"Maddiston and Rumford - 05","parent":"S12000014","type":"DZ","pop":487,"r":88,"ff":35,"ffd":7186.9,"ffs":0.5645,"g":25,"co":2,"mo":2,"sa":0,"ic":0},"geometry":{"type":"Polygon","coordinates":[[[-3.7044,55.97375],[-3.70506,55.97394],[-3.70527,55.97353],[-3.70736,55.97347],[-3.70736,55.97325],[-3.70795,55.97319],[-3.70794,55.97285],[-3.70951,55.97228],[-3.71225,55.97189],[-3.71167,55.97],[-3.70939,55.97014],[-3.7091,55.97035],[-3.7073,55.97072],[-3.70638,55.97127],[-3.70283,55.97214],[-3.70266,55.97225],[-3.70282,55.97296],[-3.70225,55.97306],[-3.70245,55.97336],[-3.70194,55.97349],[-3.70269,55.97385],[-3.70303,55.97349],[-3.7044,55.97375]]]}},{"type":"Feature","properties":{"id":"S01016306","name":"Maddiston and Rumford - 06","parent":"S12000014","type":"DZ","pop":908,"r":83,"ff":33,"ffd":3634.4,"ffs":0.5789,"g":25,"co":2,"mo":2,"sa":0,"ic":0},"geometry":{"type":"Polygon","coordinates":[[[-3.69704,55.97416],[-3.70047,55.97363],[-3.70211,55.97361],[-3.70194,55.97349],[-3.70245,55.97336],[-3.70225,55.97306],[-3.70282,55.97296],[-3.70266,55.97225],[-3.70283,55.97214],[-3.70239,55.97227],[-3.70217,55.97199],[-3.70095,55.97225],[-3.69974,55.97144],[-3.70185,55.97088],[-3.70142,55.97029],[-3.7013,55.9691],[-3.70074,55.96808],[-3.6971,55.96947],[-3.69832,55.97044],[-3.69806,55.9707],[-3.69827,55.97089],[-3.69803,55.97095],[-3.69815,55.97107],[-3.69671,55.97145],[-3.69635,55.971],[-3.69611,55.97103],[-3.69595,55.97025],[-3.69612,55.97001],[-3.69603,55.96978],[-3.69562,55.96965],[-3.69546,55.96969],[-3.69562,55.97001],[-3.6952,55.97024],[-3.69574,55.97053],[-3.69534,55.97084],[-3.69434,55.97107],[-3.69361,55.97167],[-3.69181,55.97188],[-3.69179,55.97245],[-3.69148,55.97247],[-3.69151,55.97282],[-3.69095,55.97283],[-3.69093,55.97248],[-3.68811,55.97255],[-3.6883,55.97369],[-3.69327,55.97358],[-3.69604,55.97298],[-3.69704,55.97416]]]}},{"type":"Feature","properties":{"id":"S01016307","name":"Maddiston and Rumford - 07","parent":"S12000014","type":"DZ","pop":835,"r":77,"ff":31,"ffd":3712.6,"ffs":0.5962,"g":24,"co":2,"mo":2,"sa":0,"ic":0},"geometry":{"type":"Polygon","coordinates":[[[-3.69671,55.97145],[-3.69815,55.97107],[-3.69803,55.97095],[-3.69827,55.97089],[-3.69806,55.9707],[-3.69832,55.97044],[-3.6971,55.96947],[-3.70018,55.96833],[-3.69865,55.96684],[-3.69492,55.96711],[-3.6948,55.96695],[-3.69394,55.96699],[-3.69398,55.96736],[-3.69317,55.96793],[-3.69311,55.96816],[-3.68937,55.96859],[-3.68949,55.96967],[-3.68934,55.96969],[-3.68935,55.96998],[-3.68985,55.97028],[-3.6939,55.96999],[-3.69434,55.97107],[-3.69534,55.97084],[-3.69574,55.97053],[-3.6952,55.97024],[-3.69562,55.97001],[-3.69546,55.96969],[-3.69562,55.96965],[-3.69603,55.96978],[-3.69612,55.97001],[-3.69595,55.97025],[-3.69611,55.97103],[-3.69635,55.971],[-3.69671,55.97145]]]}},{"type":"Feature","properties":{"id":"S01016339","name":"Grangemouth - Kersiebank - 05","parent":"S12000014","type":"DZ","pop":487,"r":108,"ff":44,"ffd":9034.9,"ffs":0.5366,"g":25,"co":2,"mo":2,"sa":0,"ic":0},"geometry":{"type":"Polygon","coordinates":[[[-3.71215,56.01698],[-3.71342,56.01676],[-3.71322,56.01659],[-3.71268,56.01668],[-3.71229,56.01602],[-3.71131,56.01614],[-3.71136,56.01549],[-3.71211,56.01542],[-3.71172,56.01385],[-3.71134,56.01358],[-3.70999,56.01349],[-3.70973,56.01262],[-3.70909,56.01268],[-3.70942,56.01359],[-3.70694,56.01431],[-3.70733,56.01449],[-3.70694,56.01485],[-3.70651,56.0147],[-3.70624,56.01493],[-3.70587,56.01483],[-3.70567,56.015],[-3.70486,56.01472],[-3.70429,56.0151],[-3.7087,56.0166],[-3.70892,56.01621],[-3.71215,56.01698]]]}},{"type":"Feature","properties":{"id":"S01016310","name":"Polmont - 03","parent":"S12000014","type":"DZ","pop":682,"r":101,"ff":40,"ffd":5865.1,"ffs":0.5333,"g":25,"co":2,"mo":2,"sa":0,"ic":0},"geometry":{"type":"Polygon","coordinates":[[[-3.70601,55.98518],[-3.70755,55.9857],[-3.71208,55.98786],[-3.71269,55.98716],[-3.7136,55.98547],[-3.7143,55.98506],[-3.71473,55.98548],[-3.71563,55.98551],[-3.71566,55.9847],[-3.7114,55.98397],[-3.70201,55.98369],[-3.69681,55.98325],[-3.69635,55.98483],[-3.69678,55.98475],[-3.69745,55.98502],[-3.69975,55.98533],[-3.69976,55.98564],[-3.70091,55.98577],[-3.70313,55.98569],[-3.70306,55.98546],[-3.70257,55.9852],[-3.70331,55.98474],[-3.70443,55.9848],[-3.70601,55.98518]]]}},{"type":"Feature","properties":{"id":"S01016311","name":"Polmont - 04","parent":"S12000014","type":"DZ","pop":620,"r":113,"ff":46,"ffd":7419.4,"ffs":0.5349,"g":26,"co":2,"mo":2,"sa":0,"ic":0},"geometry":{"type":"Polygon","coordinates":[[[-3.70922,55.99356],[-3.7078,55.99368],[-3.70752,55.99394],[-3.72808,56.00036],[-3.72825,55.99879],[-3.72674,55.99775],[-3.7273,55.99742],[-3.72587,55.99705],[-3.72578,55.9946],[-3.72688,55.9932],[-3.72677,55.99186],[-3.72394,55.99214],[-3.72145,55.99208],[-3.71924,55.99226],[-3.71158,55.99117],[-3.71021,55.99127],[-3.70887,55.99098],[-3.70796,55.99105],[-3.70809,55.99075],[-3.70757,55.99069],[-3.70741,55.99108],[-3.70676,55.99108],[-3.70674,55.99079],[-3.70567,55.99087],[-3.7057,55.99299],[-3.70714,55.99346],[-3.70751,55.99345],[-3.70744,55.9932],[-3.70911,55.99309],[-3.70922,55.99356]]]}},{"type":"Feature","properties":{"id":"S01016312","name":"Polmont - 05","parent":"S12000014","type":"DZ","pop":673,"r":112,"ff":46,"ffd":6835.1,"ffs":0.5412,"g":26,"co":2,"mo":2,"sa":0,"ic":0},"geometry":{"type":"Polygon","coordinates":[[[-3.71924,55.99226],[-3.72693,55.99187],[-3.72686,55.99105],[-3.72659,55.9907],[-3.72638,55.99073],[-3.72633,55.99051],[-3.72543,55.99042],[-3.72502,55.99017],[-3.72105,55.99056],[-3.71991,55.99044],[-3.71944,55.99023],[-3.71971,55.99],[-3.71972,55.98962],[-3.71847,55.98941],[-3.71809,55.98875],[-3.7161,55.98877],[-3.71603,55.98808],[-3.71498,55.98767],[-3.71529,55.98745],[-3.71459,55.98742],[-3.71404,55.98675],[-3.71298,55.98666],[-3.71208,55.98786],[-3.70641,55.98532],[-3.70559,55.98595],[-3.70797,55.98671],[-3.70905,55.98772],[-3.70635,55.98793],[-3.70275,55.98781],[-3.70192,55.9883],[-3.70164,55.9889],[-3.70185,55.98942],[-3.7023,55.98942],[-3.70293,55.98975],[-3.6998,55.98961],[-3.69985,55.98996],[-3.70666,55.99052],[-3.70809,55.99075],[-3.70796,55.99105],[-3.70887,55.99098],[-3.71021,55.99127],[-3.71158,55.99117],[-3.71924,55.99226]]]}},{"type":"Feature","properties":{"id":"S01016313","name":"Polmont - 06","parent":"S12000014","type":"DZ","pop":446,"r":108,"ff":43,"ffd":9641.3,"ffs":0.5375,"g":27,"co":2,"mo":2,"sa":0,"ic":0},"geometry":{"type":"Polygon","coordinates":[[[-3.70271,55.99457],[-3.70291,55.99473],[-3.70237,55.99522],[-3.70253,55.99562],[-3.70137,55.99629],[-3.70131,55.9965],[-3.69922,55.99657],[-3.69775,55.99704],[-3.69828,55.99749],[-3.69985,55.99979],[-3.70574,56.00079],[-3.70822,56.00151],[-3.709,56.00201],[-3.71677,55.99776],[-3.71646,55.99724],[-3.71695,55.99682],[-3.70752,55.99394],[-3.7078,55.99368],[-3.70922,55.99356],[-3.70911,55.99309],[-3.70744,55.9932],[-3.70751,55.99345],[-3.70714,55.99346],[-3.7057,55.99299],[-3.70567,55.99087],[-3.70674,55.99079],[-3.70676,55.99108],[-3.70741,55.99108],[-3.70757,55.99069],[-3.70554,55.99039],[-3.69569,55.98965],[-3.69561,55.99038],[-3.70445,55.99297],[-3.70265,55.99418],[-3.70254,55.99448],[-3.70271,55.99457]]]}},{"type":"Feature","properties":{"id":"S01016314","name":"Redding - 01","parent":"S12000014","type":"DZ","pop":504,"r":123,"ff":53,"ffd":10515.9,"ffs":0.5521,"g":26,"co":2,"mo":0,"sa":0,"ic":0},"geometry":{"type":"Polygon","coordinates":[[[-3.73522,55.99423],[-3.73858,55.99395],[-3.73928,55.99368],[-3.73947,55.99334],[-3.73904,55.99303],[-3.73924,55.99297],[-3.739,55.99261],[-3.73805,55.99254],[-3.73814,55.99153],[-3.737,55.99127],[-3.73712,55.99093],[-3.73519,55.99091],[-3.73518,55.99064],[-3.73672,55.99041],[-3.73667,55.99055],[-3.73884,55.99068],[-3.73999,55.99042],[-3.73879,55.98849],[-3.73397,55.98907],[-3.7334,55.98896],[-3.73057,55.99008],[-3.73069,55.99067],[-3.72987,55.99059],[-3.72823,55.99082],[-3.72792,55.99073],[-3.72783,55.99046],[-3.72701,55.99048],[-3.72659,55.99071],[-3.72686,55.99105],[-3.72693,55.99187],[-3.72806,55.99182],[-3.72968,55.99209],[-3.73522,55.99423]]]}},{"type":"Feature","properties":{"id":"S01016315","name":"Redding - 02","parent":"S12000014","type":"DZ","pop":724,"r":122,"ff":52,"ffd":7182.3,"ffs":0.5474,"g":26,"co":2,"mo":0,"sa":0,"ic":0},"geometry":{"type":"Polygon","coordinates":[[[-3.72823,55.99082],[-3.72987,55.99059],[-3.73069,55.99067],[-3.73057,55.99008],[-3.7334,55.98896],[-3.73333,55.98869],[-3.73277,55.98849],[-3.7345,55.98736],[-3.73429,55.9872],[-3.73376,55.98734],[-3.73322,55.9871],[-3.7315,55.98711],[-3.73046,55.98687],[-3.7302,55.98712],[-3.72887,55.98692],[-3.72624,55.98695],[-3.72611,55.98721],[-3.7264,55.98781],[-3.72367,55.98801],[-3.72394,55.98838],[-3.72363,55.98847],[-3.7258,55.98972],[-3.72604,55.98966],[-3.72598,55.98947],[-3.72657,55.98939],[-3.72695,55.98997],[-3.72623,55.99],[-3.72653,55.99034],[-3.72783,55.99046],[-3.72792,55.99073],[-3.72823,55.99082]]]}},{"type":"Feature","properties":{"id":"S01016316","name":"Redding - 03","parent":"S12000014","type":"DZ","pop":681,"r":122,"ff":53,"ffd":7782.7,"ffs":0.5579,"g":26,"co":2,"mo":0,"sa":0,"ic":0},"geometry":{"type":"Polygon","coordinates":[[[-3.73976,55.99009],[-3.74344,55.98958],[-3.74421,55.98938],[-3.74432,55.98907],[-3.74142,55.98833],[-3.74194,55.98736],[-3.741,55.98722],[-3.74059,55.98673],[-3.74096,55.98654],[-3.74056,55.98623],[-3.74115,55.98585],[-3.73965,55.98497],[-3.73544,55.98653],[-3.7291,55.9859],[-3.7215,55.98544],[-3.7217,55.98605],[-3.72464,55.98636],[-3.72567,55.9872],[-3.72611,55.98721],[-3.72624,55.98695],[-3.72887,55.98692],[-3.7302,55.98712],[-3.73046,55.98687],[-3.7315,55.98711],[-3.73322,55.9871],[-3.73376,55.98734],[-3.73429,55.9872],[-3.7345,55.98736],[-3.73277,55.98849],[-3.73333,55.98869],[-3.73343,55.98905],[-3.73725,55.98878],[-3.73879,55.98849],[-3.73976,55.99009]]]}},{"type":"Feature","properties":{"id":"S01016317","name":"Redding - 04","parent":"S12000014","type":"DZ","pop":1013,"r":115,"ff":50,"ffd":4935.8,"ffs":0.5682,"g":26,"co":2,"mo":2,"sa":0,"ic":0},"geometry":{"type":"Polygon","coordinates":[[[-3.72638,55.99073],[-3.72699,55.99049],[-3.72691,55.99029],[-3.72653,55.99034],[-3.72623,55.99],[-3.72695,55.98997],[-3.72657,55.98939],[-3.72598,55.98947],[-3.72604,55.98966],[-3.7258,55.98972],[-3.72363,55.98847],[-3.72394,55.98838],[-3.72367,55.98801],[-3.7264,55.98781],[-3.72611,55.98721],[-3.72546,55.98708],[-3.72464,55.98636],[-3.7217,55.98605],[-3.72173,55.98641],[-3.71998,55.98659],[-3.71991,55.98709],[-3.71898,55.98703],[-3.71835,55.98692],[-3.71837,55.9864],[-3.7167,55.98636],[-3.7167,55.9861],[-3.71507,55.98573],[-3.7143,55.98506],[-3.7136,55.98547],[-3.71298,55.98666],[-3.71404,55.98675],[-3.71459,55.98742],[-3.71529,55.98745],[-3.71498,55.98767],[-3.71603,55.98808],[-3.7161,55.98877],[-3.71809,55.98875],[-3.71847,55.98941],[-3.71965,55.98956],[-3.71976,55.98988],[-3.71944,55.99023],[-3.71991,55.99044],[-3.72105,55.99056],[-3.72502,55.99017],[-3.72543,55.99042],[-3.72633,55.99051],[-3.72638,55.99073]]]}},{"type":"Feature","properties":{"id":"S01016318","name":"Laurieston and Westquarter - 01","parent":"S12000014","type":"DZ","pop":838,"r":123,"ff":54,"ffd":6443.9,"ffs":0.5625,"g":26,"co":2,"mo":0,"sa":0,"ic":0},"geometry":{"type":"Polygon","coordinates":[[[-3.74832,55.99719],[-3.74758,55.99721],[-3.74813,55.99839],[-3.75388,55.99808],[-3.75338,55.99689],[-3.75441,55.99694],[-3.75434,55.99716],[-3.75488,55.99717],[-3.75493,55.99744],[-3.7556,55.9974],[-3.75728,55.99774],[-3.7573,55.99724],[-3.75539,55.99653],[-3.75432,55.99584],[-3.75324,55.99481],[-3.74948,55.99451],[-3.74947,55.99435],[-3.74909,55.99432],[-3.74869,55.99588],[-3.74367,55.99548],[-3.74352,55.99574],[-3.74293,55.99588],[-3.74302,55.99627],[-3.74367,55.99627],[-3.7435,55.99704],[-3.74717,55.99701],[-3.74718,55.99683],[-3.74791,55.99682],[-3.74797,55.99704],[-3.74829,55.99704],[-3.74832,55.99719]]]}},{"type":"Feature","properties":{"id":"S01016319","name":"Laurieston and Westquarter - 02","parent":"S12000014","type":"DZ","pop":885,"r":123,"ff":54,"ffd":6101.7,"ffs":0.5625,"g":26,"co":2,"mo":0,"sa":0,"ic":0},"geometry":{"type":"Polygon","coordinates":[[[-3.74367,55.99548],[-3.74869,55.99588],[-3.74909,55.99432],[-3.74947,55.99435],[-3.74948,55.99451],[-3.75324,55.99481],[-3.75252,55.99343],[-3.75213,55.99077],[-3.75085,55.98944],[-3.74812,55.98964],[-3.74712,55.98948],[-3.74552,55.99027],[-3.74551,55.99068],[-3.74575,55.99088],[-3.74591,55.99143],[-3.74561,55.9923],[-3.7459,55.99231],[-3.74574,55.99278],[-3.74539,55.99305],[-3.74531,55.99375],[-3.74489,55.994],[-3.74367,55.99414],[-3.74361,55.99454],[-3.74199,55.9945],[-3.74192,55.99469],[-3.74205,55.99472],[-3.74196,55.99499],[-3.74212,55.995],[-3.74196,55.99536],[-3.74367,55.99548]]]}},{"type":"Feature","properties":{"id":"S01016320","name":"Laurieston and Westquarter - 03","parent":"S12000014","type":"DZ","pop":679,"r":122,"ff":53,"ffd":7805.6,"ffs":0.5579,"g":26,"co":2,"mo":0,"sa":0,"ic":0},"geometry":{"type":"Polygon","coordinates":[[[-3.74223,55.99405],[-3.74337,55.99419],[-3.74489,55.994],[-3.74531,55.99375],[-3.74539,55.99305],[-3.74574,55.99278],[-3.7459,55.99231],[-3.74561,55.9923],[-3.74591,55.99143],[-3.74543,55.99042],[-3.7468,55.98957],[-3.7499,55.98962],[-3.75085,55.98944],[-3.74871,55.98841],[-3.74194,55.98736],[-3.74142,55.98833],[-3.74432,55.98907],[-3.74421,55.98938],[-3.73976,55.99009],[-3.73999,55.99042],[-3.73884,55.99068],[-3.73667,55.99055],[-3.73672,55.99041],[-3.73518,55.99064],[-3.73519,55.99091],[-3.73712,55.99093],[-3.737,55.99127],[-3.73814,55.99153],[-3.73805,55.99254],[-3.739,55.99261],[-3.73924,55.99297],[-3.73904,55.99303],[-3.73947,55.99334],[-3.73928,55.99368],[-3.74026,55.99401],[-3.74223,55.99405]]]}},{"type":"Feature","properties":{"id":"S01016321","name":"Laurieston and Westquarter - 04","parent":"S12000014","type":"DZ","pop":766,"r":123,"ff":53,"ffd":6919.1,"ffs":0.5521,"g":26,"co":2,"mo":0,"sa":0,"ic":0},"geometry":{"type":"Polygon","coordinates":[[[-3.74207,56.00198],[-3.7469,56.00202],[-3.75243,56.00267],[-3.75547,56.00114],[-3.7556,55.9974],[-3.75493,55.99744],[-3.75488,55.99717],[-3.75434,55.99716],[-3.75441,55.99694],[-3.75338,55.99689],[-3.75388,55.99808],[-3.74813,55.99839],[-3.74758,55.99721],[-3.74832,55.99719],[-3.74829,55.99704],[-3.74797,55.99704],[-3.74791,55.99682],[-3.74718,55.99683],[-3.74717,55.99701],[-3.7435,55.99704],[-3.74367,55.99627],[-3.74302,55.99627],[-3.74293,55.99588],[-3.74352,55.99574],[-3.74367,55.99548],[-3.74196,55.99536],[-3.74212,55.995],[-3.74196,55.99499],[-3.74205,55.99472],[-3.74192,55.99469],[-3.74199,55.9945],[-3.74361,55.99454],[-3.74367,55.99414],[-3.74026,55.99401],[-3.73908,55.99364],[-3.73858,55.99395],[-3.73522,55.99423],[-3.72968,55.99209],[-3.72806,55.99182],[-3.72677,55.99186],[-3.72688,55.9932],[-3.72578,55.9946],[-3.72587,55.99705],[-3.7273,55.99742],[-3.72674,55.99775],[-3.72825,55.99879],[-3.72808,56.00036],[-3.73385,56.00256],[-3.73538,56.00168],[-3.74207,56.00198]]]}},{"type":"Feature","properties":{"id":"S01016322","name":"Grangemouth - Newlands - 01","parent":"S12000014","type":"DZ","pop":574,"r":111,"ff":47,"ffd":8188.2,"ffs":0.5529,"g":25,"co":2,"mo":0,"sa":0,"ic":0},"geometry":{"type":"Polygon","coordinates":[[[-3.72285,56.00369],[-3.72283,56.00393],[-3.7231,56.00394],[-3.7239,56.0035],[-3.72443,56.0035],[-3.72433,56.00333],[-3.72685,56.00237],[-3.72708,56.00246],[-3.7272,56.00222],[-3.72854,56.00173],[-3.72784,56.00141],[-3.72799,56.00133],[-3.7277,56.00124],[-3.7279,56.00104],[-3.72936,56.00175],[-3.72985,56.00158],[-3.72959,56.00142],[-3.73037,56.00116],[-3.72363,55.99888],[-3.72353,55.99949],[-3.7231,55.99996],[-3.72281,56.00081],[-3.72302,56.00117],[-3.72294,56.00176],[-3.72332,56.00179],[-3.72285,56.00369]]]}},{"type":"Feature","properties":{"id":"S01016323","name":"Grangemouth - Newlands - 02","parent":"S12000014","type":"DZ","pop":509,"r":116,"ff":47,"ffd":9233.8,"ffs":0.5341,"g":27,"co":2,"mo":0,"sa":0,"ic":0},"geometry":{"type":"Polygon","coordinates":[[[-3.73617,56.00766],[-3.73694,56.0073],[-3.73588,56.00665],[-3.73684,56.00617],[-3.73722,56.00648],[-3.73687,56.00666],[-3.73809,56.0074],[-3.73953,56.0069],[-3.73774,56.00517],[-3.73567,56.00367],[-3.73339,56.00232],[-3.73037,56.00116],[-3.72959,56.00142],[-3.72985,56.00158],[-3.72936,56.00175],[-3.7279,56.00104],[-3.7277,56.00124],[-3.729,56.00189],[-3.73298,56.00568],[-3.73322,56.0056],[-3.73551,56.00725],[-3.73519,56.00746],[-3.73541,56.00759],[-3.73578,56.00742],[-3.73617,56.00766]]]}},{"type":"Feature","properties":{"id":"S01016324","name":"Grangemouth - Newlands - 03","parent":"S12000014","type":"DZ","pop":535,"r":113,"ff":47,"ffd":8785.0,"ffs":0.5465,"g":26,"co":2,"mo":0,"sa":0,"ic":0},"geometry":{"type":"Polygon","coordinates":[[[-3.72913,56.00608],[-3.72947,56.00638],[-3.72657,56.00753],[-3.72712,56.00797],[-3.73298,56.00568],[-3.73044,56.00325],[-3.72968,56.0035],[-3.72898,56.00324],[-3.72829,56.00327],[-3.72734,56.00365],[-3.72758,56.00389],[-3.72715,56.00406],[-3.72854,56.00528],[-3.72878,56.00528],[-3.7284,56.00551],[-3.72857,56.00561],[-3.72845,56.00576],[-3.72913,56.00608]]]}},{"type":"Feature","properties":{"id":"S01016325","name":"Grangemouth - Newlands - 04","parent":"S12000014","type":"DZ","pop":464,"r":112,"ff":47,"ffd":10129.3,"ffs":0.5465,"g":25,"co":2,"mo":0,"sa":0,"ic":0},"geometry":{"type":"Polygon","coordinates":[[[-3.72571,56.00451],[-3.72617,56.00439],[-3.7261,56.00412],[-3.72636,56.00403],[-3.72669,56.00426],[-3.72758,56.00389],[-3.72734,56.00365],[-3.72829,56.00327],[-3.72898,56.00324],[-3.72968,56.0035],[-3.73044,56.00325],[-3.729,56.00189],[-3.72854,56.00173],[-3.7272,56.00222],[-3.72708,56.00246],[-3.72685,56.00237],[-3.72433,56.00333],[-3.72443,56.0035],[-3.7239,56.0035],[-3.7233,56.00372],[-3.72329,56.00389],[-3.72283,56.00393],[-3.72279,56.0044],[-3.72333,56.00439],[-3.72321,56.00413],[-3.7237,56.00397],[-3.72429,56.00417],[-3.72465,56.00404],[-3.72513,56.00441],[-3.72571,56.00451]]]}},{"type":"Feature","properties":{"id":"S01016326","name":"Grangemouth - Newlands - 05","parent":"S12000014","type":"DZ","pop":580,"r":111,"ff":47,"ffd":8103.4,"ffs":0.5529,"g":25,"co":2,"mo":0,"sa":0,"ic":0},"geometry":{"type":"Polygon","coordinates":[[[-3.72312,56.00679],[-3.7235,56.00817],[-3.72149,56.00833],[-3.72148,56.00855],[-3.72179,56.00867],[-3.72132,56.0092],[-3.72279,56.00974],[-3.72462,56.00886],[-3.72469,56.00826],[-3.72947,56.00638],[-3.72927,56.00608],[-3.72845,56.00576],[-3.72857,56.00561],[-3.7284,56.00551],[-3.72878,56.00528],[-3.72854,56.00528],[-3.72715,56.00406],[-3.72669,56.00426],[-3.72636,56.00403],[-3.7261,56.00412],[-3.72617,56.00439],[-3.72571,56.00451],[-3.72513,56.00441],[-3.72465,56.00404],[-3.72429,56.00417],[-3.7237,56.00397],[-3.72321,56.00413],[-3.72333,56.00439],[-3.72279,56.0044],[-3.72297,56.0053],[-3.72273,56.00532],[-3.72312,56.00679]]]}},{"type":"Feature","properties":{"id":"S01016327","name":"Grangemouth - Newlands - 06","parent":"S12000014","type":"DZ","pop":635,"r":111,"ff":47,"ffd":7401.6,"ffs":0.5529,"g":25,"co":2,"mo":0,"sa":0,"ic":0},"geometry":{"type":"Polygon","coordinates":[[[-3.72795,56.0114],[-3.7285,56.01181],[-3.73312,56.00909],[-3.73251,56.00868],[-3.73136,56.00918],[-3.73098,56.00894],[-3.73106,56.00833],[-3.73002,56.0075],[-3.72806,56.00815],[-3.72755,56.00792],[-3.72712,56.00797],[-3.72657,56.00753],[-3.72469,56.00826],[-3.72462,56.00886],[-3.72374,56.00926],[-3.72416,56.00957],[-3.7258,56.00894],[-3.7262,56.00942],[-3.72748,56.00917],[-3.72736,56.00885],[-3.72772,56.00871],[-3.72822,56.00892],[-3.7287,56.01036],[-3.72729,56.01101],[-3.72759,56.01099],[-3.72795,56.0114]]]}},{"type":"Feature","properties":{"id":"S01016328","name":"Grangemouth - Newlands - 07","parent":"S12000014","type":"DZ","pop":521,"r":115,"ff":47,"ffd":9021.1,"ffs":0.5402,"g":27,"co":2,"mo":0,"sa":0,"ic":0},"geometry":{"type":"Polygon","coordinates":[[[-3.73108,56.00882],[-3.73098,56.00894],[-3.73136,56.00918],[-3.73251,56.00868],[-3.73312,56.00909],[-3.73617,56.00766],[-3.73578,56.00742],[-3.73541,56.00759],[-3.73519,56.00746],[-3.73551,56.00725],[-3.73322,56.0056],[-3.72712,56.00797],[-3.72755,56.00792],[-3.72806,56.00815],[-3.73002,56.0075],[-3.73106,56.00833],[-3.73108,56.00882]]]}},{"type":"Feature","properties":{"id":"S01016329","name":"Grangemouth - Newlands - 08","parent":"S12000014","type":"DZ","pop":808,"r":111,"ff":47,"ffd":5816.8,"ffs":0.5529,"g":25,"co":2,"mo":0,"sa":0,"ic":0},"geometry":{"type":"Polygon","coordinates":[[[-3.74915,56.01987],[-3.74958,56.02057],[-3.7528,56.01981],[-3.75512,56.02014],[-3.75061,56.01648],[-3.74827,56.01499],[-3.74694,56.01347],[-3.74661,56.0128],[-3.75043,56.01136],[-3.74708,56.00935],[-3.74528,56.01006],[-3.74315,56.00887],[-3.74233,56.00941],[-3.74208,56.00981],[-3.74087,56.00841],[-3.74493,56.00637],[-3.74211,56.00394],[-3.74224,56.00366],[-3.7429,56.00341],[-3.74207,56.00198],[-3.73538,56.00168],[-3.73385,56.00256],[-3.73774,56.00517],[-3.73953,56.0069],[-3.73809,56.0074],[-3.73687,56.00666],[-3.73722,56.00648],[-3.73684,56.00617],[-3.73588,56.00665],[-3.73694,56.0073],[-3.73312,56.00909],[-3.7285,56.01181],[-3.72785,56.01138],[-3.72772,56.01107],[-3.72729,56.01101],[-3.7287,56.01036],[-3.72822,56.00892],[-3.72772,56.00871],[-3.72736,56.00885],[-3.72748,56.00917],[-3.72687,56.00936],[-3.7262,56.00942],[-3.7258,56.00894],[-3.72416,56.00957],[-3.72374,56.00926],[-3.72279,56.00974],[-3.72217,56.00954],[-3.72159,56.0098],[-3.71925,56.00925],[-3.71628,56.00935],[-3.71465,56.0108],[-3.71642,56.01166],[-3.71532,56.01254],[-3.71532,56.01279],[-3.71597,56.01412],[-3.71728,56.01442],[-3.71739,56.01464],[-3.72013,56.01451],[-3.72054,56.0135],[-3.72035,56.01294],[-3.72059,56.01348],[-3.72075,56.01346],[-3.72184,56.01286],[-3.72263,56.01271],[-3.72337,56.01292],[-3.72398,56.0125],[-3.72473,56.01277],[-3.72421,56.01313],[-3.72507,56.01303],[-3.72539,56.01391],[-3.72611,56.01405],[-3.72588,56.01446],[-3.72735,56.01477],[-3.72687,56.01545],[-3.72877,56.01582],[-3.72998,56.01461],[-3.73274,56.0132],[-3.73386,56.01399],[-3.73287,56.01432],[-3.73455,56.01563],[-3.73543,56.0152],[-3.73599,56.01568],[-3.74025,56.01427],[-3.73961,56.01358],[-3.74408,56.01197],[-3.74493,56.01311],[-3.74641,56.01764],[-3.74875,56.01923],[-3.74915,56.01987]]]}},{"type":"Feature","properties":{"id":"S01016330","name":"Grangemouth - Town Centre - 01","parent":"S12000014","type":"DZ","pop":698,"r":118,"ff":48,"ffd":6876.8,"ffs":0.5333,"g":27,"co":2,"mo":0,"sa":0,"ic":0},"geometry":{"type":"Polygon","coordinates":[[[-3.72682,56.02402],[-3.7277,56.02384],[-3.72812,56.02353],[-3.72871,56.02358],[-3.72872,56.02394],[-3.7289,56.02379],[-3.72962,56.02387],[-3.7298,56.02363],[-3.73092,56.02345],[-3.73331,56.02242],[-3.73458,56.02122],[-3.73575,56.021],[-3.73742,56.02089],[-3.74059,56.02166],[-3.74169,56.02151],[-3.74185,56.02169],[-3.74242,56.02173],[-3.7466,56.02139],[-3.74958,56.02057],[-3.74875,56.01923],[-3.74641,56.01764],[-3.74493,56.01311],[-3.74408,56.01197],[-3.73961,56.01358],[-3.74025,56.01427],[-3.73599,56.01568],[-3.73543,56.0152],[-3.73455,56.01563],[-3.73287,56.01432],[-3.73386,56.01399],[-3.73274,56.0132],[-3.72998,56.01461],[-3.72877,56.01582],[-3.72799,56.01567],[-3.72712,56.01703],[-3.7257,56.02038],[-3.72333,56.02054],[-3.72162,56.0199],[-3.71881,56.01943],[-3.71831,56.02041],[-3.71787,56.0205],[-3.71772,56.02107],[-3.71708,56.02108],[-3.7168,56.02218],[-3.71757,56.02274],[-3.71976,56.02199],[-3.72112,56.02183],[-3.72089,56.02156],[-3.72158,56.0214],[-3.72191,56.02139],[-3.72195,56.02169],[-3.72303,56.02142],[-3.72682,56.02402]]]}},{"type":"Feature","properties":{"id":"S01016331","name":"Grangemouth - Town Centre - 02","parent":"S12000014","type":"DZ","pop":525,"r":112,"ff":47,"ffd":8952.4,"ffs":0.5465,"g":25,"co":2,"mo":0,"sa":0,"ic":0},"geometry":{"type":"Polygon","coordinates":[[[-3.71944,56.01616],[-3.72116,56.01623],[-3.72159,56.0153],[-3.72392,56.01584],[-3.72462,56.01589],[-3.72482,56.01557],[-3.72646,56.01597],[-3.72735,56.01477],[-3.72588,56.01446],[-3.72611,56.01405],[-3.72539,56.01391],[-3.72507,56.01303],[-3.72421,56.01313],[-3.72473,56.01277],[-3.72456,56.01265],[-3.72388,56.0125],[-3.72337,56.01292],[-3.72263,56.01271],[-3.72184,56.01286],[-3.72059,56.01348],[-3.71944,56.01616]]]}},{"type":"Feature","properties":{"id":"S01016332","name":"Grangemouth - Town Centre - 03","parent":"S12000014","type":"DZ","pop":530,"r":110,"ff":46,"ffd":8679.2,"ffs":0.5476,"g":25,"co":2,"mo":0,"sa":0,"ic":0},"geometry":{"type":"Polygon","coordinates":[[[-3.72469,56.01745],[-3.72507,56.01752],[-3.72507,56.01781],[-3.72674,56.01814],[-3.72712,56.01703],[-3.72799,56.01567],[-3.72687,56.01545],[-3.72656,56.01592],[-3.72606,56.01598],[-3.72482,56.01557],[-3.72462,56.01589],[-3.72392,56.01584],[-3.72159,56.0153],[-3.72116,56.01623],[-3.71944,56.01616],[-3.71925,56.01665],[-3.72394,56.01757],[-3.72404,56.01742],[-3.72469,56.01745]]]}},{"type":"Feature","properties":{"id":"S01016333","name":"Grangemouth - Town Centre - 04","parent":"S12000014","type":"DZ","pop":891,"r":110,"ff":46,"ffd":5162.7,"ffs":0.5476,"g":25,"co":2,"mo":2,"sa":0,"ic":0},"geometry":{"type":"MultiPolygon","coordinates":[[[[-3.70852,56.01974],[-3.70722,56.01981],[-3.70813,56.0189],[-3.7118,56.01896],[-3.71186,56.01882],[-3.71145,56.01869],[-3.71175,56.01847],[-3.71149,56.01841],[-3.71154,56.01829],[-3.71169,56.01805],[-3.71211,56.01813],[-3.71236,56.01766],[-3.71278,56.01774],[-3.71302,56.01721],[-3.71282,56.01682],[-3.71342,56.01676],[-3.71315,56.01638],[-3.71385,56.01633],[-3.71376,56.01664],[-3.71429,56.01689],[-3.71418,56.01699],[-3.71454,56.0173],[-3.71448,56.01758],[-3.71837,56.01837],[-3.71778,56.01964],[-3.71746,56.01983],[-3.70852,56.01974]]],[[[-3.72248,56.02014],[-3.71826,56.01932],[-3.718,56.01948],[-3.71925,56.01665],[-3.72394,56.01757],[-3.72404,56.01742],[-3.72507,56.01752],[-3.72507,56.01781],[-3.72674,56.01814],[-3.7257,56.02038],[-3.72333,56.02054],[-3.72248,56.02014]]]]}},{"type":"Feature","properties":{"id":"S01016334","name":"Grangemouth - Town Centre - 05","parent":"S12000014","type":"DZ","pop":949,"r":102,"ff":42,"ffd":4425.7,"ffs":0.5526,"g":25,"co":2,"mo":2,"sa":0,"ic":0},"geometry":{"type":"Polygon","coordinates":[[[-3.70387,56.01903],[-3.70459,56.01952],[-3.70481,56.02009],[-3.70722,56.01981],[-3.70813,56.0189],[-3.7118,56.01896],[-3.71186,56.01882],[-3.71145,56.01869],[-3.71175,56.01847],[-3.71149,56.01841],[-3.71169,56.01805],[-3.71211,56.01813],[-3.71236,56.01766],[-3.71278,56.01774],[-3.71302,56.01721],[-3.71287,56.01696],[-3.71178,56.01693],[-3.70926,56.01625],[-3.70892,56.01621],[-3.7087,56.0166],[-3.70201,56.01439],[-3.7011,56.01377],[-3.70047,56.01473],[-3.69967,56.01533],[-3.70389,56.01672],[-3.70396,56.01685],[-3.70267,56.01807],[-3.70387,56.01903]]]}},{"type":"Feature","properties":{"id":"S01016335","name":"Grangemouth - Kersiebank - 01","parent":"S12000014","type":"DZ","pop":529,"r":110,"ff":45,"ffd":8506.6,"ffs":0.5357,"g":25,"co":2,"mo":0,"sa":0,"ic":0},"geometry":{"type":"Polygon","coordinates":[[[-3.71142,56.00783],[-3.716,56.00769],[-3.71716,56.00747],[-3.71645,56.00718],[-3.71427,56.00741],[-3.71389,56.00645],[-3.7165,56.00613],[-3.7162,56.00541],[-3.71488,56.00538],[-3.71048,56.00579],[-3.71008,56.00558],[-3.7093,56.00618],[-3.71042,56.00669],[-3.71103,56.00663],[-3.71129,56.00732],[-3.71227,56.00725],[-3.71227,56.00765],[-3.71142,56.00783]]]}},{"type":"Feature","properties":{"id":"S01016336","name":"Grangemouth - Kersiebank - 02","parent":"S12000014","type":"DZ","pop":537,"r":109,"ff":45,"ffd":8379.9,"ffs":0.5422,"g":25,"co":2,"mo":0,"sa":0,"ic":0},"geometry":{"type":"Polygon","coordinates":[[[-3.71074,56.01159],[-3.71342,56.0116],[-3.71342,56.01112],[-3.71255,56.01079],[-3.71282,56.01008],[-3.71465,56.0108],[-3.7162,56.0094],[-3.71639,56.00895],[-3.71597,56.00864],[-3.71648,56.00801],[-3.71673,56.00777],[-3.71732,56.00767],[-3.71716,56.00747],[-3.716,56.00769],[-3.71146,56.00793],[-3.71168,56.01023],[-3.71229,56.01028],[-3.71222,56.01046],[-3.71159,56.01041],[-3.71155,56.01056],[-3.71228,56.01069],[-3.71227,56.01087],[-3.71209,56.01101],[-3.71182,56.0109],[-3.71074,56.01159]]]}},{"type":"Feature","properties":{"id":"S01016337","name":"Grangemouth - Kersiebank - 03","parent":"S12000014","type":"DZ","pop":922,"r":110,"ff":46,"ffd":4989.2,"ffs":0.5476,"g":25,"co":2,"mo":2,"sa":0,"ic":0},"geometry":{"type":"Polygon","coordinates":[[[-3.70461,56.00993],[-3.70437,56.01015],[-3.70536,56.01037],[-3.70588,56.01008],[-3.71061,56.00984],[-3.71059,56.00969],[-3.71021,56.00972],[-3.71014,56.0093],[-3.71154,56.00932],[-3.7114,56.00775],[-3.71237,56.00755],[-3.71227,56.00725],[-3.71129,56.00732],[-3.71099,56.00661],[-3.71042,56.00669],[-3.7093,56.00618],[-3.70461,56.00993]]]}},{"type":"Feature","properties":{"id":"S01016338","name":"Grangemouth - Kersiebank - 04","parent":"S12000014","type":"DZ","pop":928,"r":108,"ff":45,"ffd":4849.1,"ffs":0.5488,"g":25,"co":2,"mo":2,"sa":0,"ic":0},"geometry":{"type":"MultiPolygon","coordinates":[[[[-3.68123,56.02122],[-3.68003,56.0209],[-3.67752,56.01963],[-3.67576,56.01825],[-3.67515,56.01831],[-3.67379,56.01789],[-3.67324,56.01733],[-3.67271,56.01729],[-3.67167,56.01681],[-3.67144,56.01612],[-3.67151,56.01568],[-3.67213,56.01533],[-3.67197,56.01457],[-3.67259,56.01341],[-3.67448,56.01284],[-3.6753,56.01286],[-3.67629,56.01198],[-3.67759,56.00931],[-3.67746,56.0086],[-3.67691,56.00777],[-3.67689,56.00741],[-3.6776,56.00687],[-3.67949,56.00624],[-3.69113,56.00494],[-3.6921,56.00462],[-3.69263,56.00418],[-3.6936,56.00393],[-3.69602,56.00443],[-3.70187,56.00417],[-3.70569,56.0046],[-3.70465,56.00549],[-3.70844,56.00686],[-3.70437,56.01015],[-3.70536,56.01037],[-3.70588,56.01008],[-3.71061,56.00984],[-3.71059,56.00969],[-3.71021,56.00972],[-3.71014,56.0093],[-3.71154,56.00932],[-3.71168,56.01023],[-3.71229,56.01028],[-3.71222,56.01046],[-3.71159,56.01041],[-3.71155,56.01056],[-3.71228,56.01069],[-3.71227,56.01087],[-3.71209,56.01101],[-3.71182,56.0109],[-3.71074,56.01159],[-3.71323,56.01164],[-3.71346,56.01243],[-3.70909,56.01268],[-3.70942,56.01359],[-3.70694,56.01431],[-3.70733,56.01449],[-3.70694,56.01485],[-3.70651,56.0147],[-3.70624,56.01493],[-3.70587,56.01483],[-3.70567,56.015],[-3.70486,56.01472],[-3.70429,56.0151],[-3.70201,56.01439],[-3.7011,56.01377],[-3.70047,56.01473],[-3.69967,56.01533],[-3.70389,56.01672],[-3.70396,56.01685],[-3.70267,56.01807],[-3.70459,56.01952],[-3.70481,56.02009],[-3.70226,56.02064],[-3.69872,56.02171],[-3.69373,56.02353],[-3.68567,56.02771],[-3.6806,56.02993],[-3.68051,56.03029],[-3.67725,56.02632],[-3.6843,56.02315],[-3.68123,56.02122]]],[[[-3.68746,56.03675],[-3.68697,56.03684],[-3.68679,56.03673],[-3.68694,56.03646],[-3.68676,56.03635],[-3.68638,56.03653],[-3.6857,56.03649],[-3.68396,56.03615],[-3.68378,56.0359],[-3.68271,56.03605],[-3.68323,56.03579],[-3.68301,56.03555],[-3.68207,56.03569],[-3.68265,56.03554],[-3.68277,56.03527],[-3.68149,56.03491],[-3.67983,56.03281],[-3.67994,56.03109],[-3.68083,56.03052],[-3.68144,56.03071],[-3.68515,56.03003],[-3.68536,56.02968],[-3.68774,56.02791],[-3.69348,56.02389],[-3.69862,56.02188],[-3.70253,56.0207],[-3.70545,56.02011],[-3.709,56.01985],[-3.71749,56.01992],[-3.71826,56.01932],[-3.71881,56.01943],[-3.71831,56.02041],[-3.71787,56.0205],[-3.71772,56.02107],[-3.71708,56.02108],[-3.7168,56.02218],[-3.71757,56.02274],[-3.71976,56.02199],[-3.72112,56.02183],[-3.72089,56.02156],[-3.72158,56.0214],[-3.72191,56.02139],[-3.72195,56.02169],[-3.72303,56.02142],[-3.72682,56.02402],[-3.72232,56.02489],[-3.72104,56.02494],[-3.71941,56.02543],[-3.71541,56.02594],[-3.71219,56.02601],[-3.70944,56.02571],[-3.70574,56.02618],[-3.7034,56.02677],[-3.70081,56.02788],[-3.69878,56.02935],[-3.69809,56.0303],[-3.69704,56.03384],[-3.69575,56.0351],[-3.69039,56.03701],[-3.68746,56.03675]]]]}},{"type":"Feature","properties":{"id":"S01016340","name":"Grangemouth - Kersiebank - 06","parent":"S12000014","type":"DZ","pop":800,"r":110,"ff":46,"ffd":5750.0,"ffs":0.5476,"g":25,"co":2,"mo":2,"sa":0,"ic":0},"geometry":{"type":"Polygon","coordinates":[[[-3.71376,56.01664],[-3.71429,56.01689],[-3.71418,56.01699],[-3.71454,56.0173],[-3.71448,56.01758],[-3.71837,56.01837],[-3.72013,56.01451],[-3.71739,56.01464],[-3.71728,56.01442],[-3.71597,56.01412],[-3.71532,56.01254],[-3.71642,56.01166],[-3.71282,56.01008],[-3.71255,56.01079],[-3.71352,56.01122],[-3.71342,56.0116],[-3.71323,56.01164],[-3.71346,56.01243],[-3.70977,56.01274],[-3.70999,56.01349],[-3.71134,56.01358],[-3.71172,56.01385],[-3.71211,56.01542],[-3.71136,56.01549],[-3.71131,56.01614],[-3.71229,56.01602],[-3.71268,56.01668],[-3.71322,56.01659],[-3.71315,56.01638],[-3.71385,56.01633],[-3.71376,56.01664]]]}},{"type":"Feature","properties":{"id":"S01016341","name":"Grangemouth - Bowhouse - 01","parent":"S12000014","type":"DZ","pop":665,"r":111,"ff":47,"ffd":7067.7,"ffs":0.5529,"g":25,"co":2,"mo":0,"sa":0,"ic":0},"geometry":{"type":"Polygon","coordinates":[[[-3.71905,56.00186],[-3.71955,56.00188],[-3.71992,56.00006],[-3.71832,55.99991],[-3.71631,55.99802],[-3.70993,56.0015],[-3.71045,56.00184],[-3.71341,56.00049],[-3.71435,56.00185],[-3.71578,56.00182],[-3.71578,56.00165],[-3.71687,56.0015],[-3.71691,56.00191],[-3.71905,56.00186]]]}},{"type":"Feature","properties":{"id":"S01016342","name":"Grangemouth - Bowhouse - 02","parent":"S12000014","type":"DZ","pop":812,"r":110,"ff":47,"ffd":5788.2,"ffs":0.5595,"g":25,"co":2,"mo":0,"sa":0,"ic":0},"geometry":{"type":"Polygon","coordinates":[[[-3.72219,56.00538],[-3.72297,56.0053],[-3.7228,56.00388],[-3.72332,56.00179],[-3.72294,56.00176],[-3.72302,56.00117],[-3.72281,56.00081],[-3.7231,55.99996],[-3.72353,55.99949],[-3.72363,55.99888],[-3.71695,55.99682],[-3.71662,55.99702],[-3.71647,55.99746],[-3.71677,55.99776],[-3.71631,55.99802],[-3.71832,55.99991],[-3.71992,56.00006],[-3.71987,56.00083],[-3.71955,56.00188],[-3.71691,56.00191],[-3.71687,56.0015],[-3.71578,56.00165],[-3.71601,56.0028],[-3.71954,56.00278],[-3.72006,56.00477],[-3.72098,56.00474],[-3.72103,56.00498],[-3.72206,56.00489],[-3.72219,56.00538]]]}},{"type":"Feature","properties":{"id":"S01016343","name":"Grangemouth - Bowhouse - 03","parent":"S12000014","type":"DZ","pop":548,"r":111,"ff":47,"ffd":8576.6,"ffs":0.5529,"g":25,"co":2,"mo":0,"sa":0,"ic":0},"geometry":{"type":"Polygon","coordinates":[[[-3.71925,56.00925],[-3.72159,56.0098],[-3.72217,56.00954],[-3.72132,56.0092],[-3.72179,56.00867],[-3.72148,56.00855],[-3.72149,56.00833],[-3.7235,56.00817],[-3.72312,56.00679],[-3.72114,56.00698],[-3.72115,56.00719],[-3.72032,56.00726],[-3.72026,56.00706],[-3.71991,56.00709],[-3.71981,56.00739],[-3.71909,56.0075],[-3.71862,56.00735],[-3.7186,56.00755],[-3.71815,56.00767],[-3.71789,56.00748],[-3.71726,56.00759],[-3.71734,56.00778],[-3.71673,56.00777],[-3.71597,56.00864],[-3.71639,56.00895],[-3.7162,56.0094],[-3.71925,56.00925]]]}},{"type":"Feature","properties":{"id":"S01016344","name":"Grangemouth - Bowhouse - 04","parent":"S12000014","type":"DZ","pop":889,"r":112,"ff":47,"ffd":5286.8,"ffs":0.5465,"g":25,"co":2,"mo":0,"sa":0,"ic":0},"geometry":{"type":"Polygon","coordinates":[[[-3.71796,56.00768],[-3.7186,56.00755],[-3.71862,56.00735],[-3.71909,56.0075],[-3.71981,56.00739],[-3.71991,56.00709],[-3.72026,56.00706],[-3.72032,56.00726],[-3.72115,56.00719],[-3.72114,56.00698],[-3.72312,56.00679],[-3.72273,56.00532],[-3.72219,56.00538],[-3.72206,56.00489],[-3.72103,56.00498],[-3.72098,56.00474],[-3.72006,56.00477],[-3.7196,56.00309],[-3.71728,56.00312],[-3.71717,56.00294],[-3.71516,56.00309],[-3.71668,56.00528],[-3.7162,56.00541],[-3.7165,56.00613],[-3.71389,56.00645],[-3.71427,56.00741],[-3.71645,56.00718],[-3.71726,56.00759],[-3.71789,56.00748],[-3.71796,56.00768]]]}},{"type":"Feature","properties":{"id":"S01016345","name":"Grangemouth - Bowhouse - 05","parent":"S12000014","type":"DZ","pop":683,"r":112,"ff":47,"ffd":6881.4,"ffs":0.5465,"g":25,"co":2,"mo":0,"sa":0,"ic":0},"geometry":{"type":"Polygon","coordinates":[[[-3.70521,56.00571],[-3.70844,56.00686],[-3.71008,56.00558],[-3.71048,56.00579],[-3.71488,56.00538],[-3.7162,56.00541],[-3.71668,56.00528],[-3.71516,56.00309],[-3.71717,56.00294],[-3.71728,56.00312],[-3.7196,56.00309],[-3.71954,56.00278],[-3.71601,56.0028],[-3.71578,56.00182],[-3.71435,56.00185],[-3.71341,56.00049],[-3.71045,56.00184],[-3.70993,56.0015],[-3.709,56.00201],[-3.70822,56.00151],[-3.70574,56.00079],[-3.70415,56.00262],[-3.70711,56.00344],[-3.70465,56.00549],[-3.70521,56.00571]]]}},{"type":"Feature","properties":{"id":"S01016346","name":"Bo'ness - Kinneil - 01","parent":"S12000014","type":"DZ","pop":919,"r":18,"ff":12,"ffd":1305.8,"ffs":0.6667,"g":0,"co":3,"mo":3,"sa":3,"ic":1},"geometry":{"type":"Polygon","coordinates":[[[-3.61811,56.00701],[-3.61815,56.00717],[-3.62006,56.00697],[-3.62028,56.00646],[-3.62073,56.00651],[-3.62067,56.00622],[-3.62179,56.00611],[-3.62138,56.00512],[-3.62169,56.0046],[-3.62105,56.0043],[-3.61818,56.00463],[-3.6181,56.00368],[-3.61707,56.00206],[-3.61315,56.00242],[-3.61418,56.00431],[-3.6153,56.00426],[-3.61601,56.00508],[-3.61618,56.00506],[-3.61693,56.0064],[-3.61788,56.00632],[-3.61811,56.00701]]]}},{"type":"Feature","properties":{"id":"S01016348","name":"Bo'ness - Kinneil - 03","parent":"S12000014","type":"DZ","pop":778,"r":18,"ff":12,"ffd":1542.4,"ffs":0.6667,"g":0,"co":3,"mo":3,"sa":3,"ic":1},"geometry":{"type":"Polygon","coordinates":[[[-3.65547,56.01475],[-3.65729,56.01475],[-3.6574,56.01458],[-3.65522,56.01446],[-3.6544,56.0146],[-3.65414,56.0144],[-3.6544,56.01383],[-3.65395,56.01437],[-3.6533,56.01459],[-3.65291,56.01453],[-3.6525,56.01416],[-3.65371,56.01407],[-3.6539,56.01374],[-3.65332,56.01319],[-3.65335,56.01276],[-3.65243,56.01252],[-3.65055,56.0074],[-3.64902,56.00444],[-3.64529,56.0053],[-3.63774,56.0081],[-3.63675,56.00812],[-3.63484,56.00786],[-3.63477,56.00708],[-3.63395,56.00582],[-3.63353,56.00589],[-3.63331,56.00561],[-3.63177,56.00552],[-3.63118,56.00482],[-3.62969,56.0044],[-3.62888,56.00388],[-3.62375,56.00419],[-3.62271,56.00271],[-3.62056,56.00351],[-3.62068,56.00378],[-3.62051,56.00393],[-3.62076,56.00417],[-3.62286,56.00519],[-3.62356,56.00654],[-3.62388,56.00672],[-3.62357,56.00689],[-3.62619,56.00737],[-3.62746,56.00786],[-3.62648,56.00885],[-3.62735,56.00941],[-3.62806,56.01036],[-3.62841,56.01056],[-3.62948,56.01233],[-3.6309,56.01374],[-3.63168,56.01405],[-3.63225,56.014],[-3.63414,56.01455],[-3.63782,56.01478],[-3.65547,56.01475]]]}},{"type":"Feature","properties":{"id":"S01016347","name":"Bo'ness - Kinneil - 02","parent":"S12000014","type":"DZ","pop":782,"r":18,"ff":12,"ffd":1534.5,"ffs":0.6667,"g":0,"co":3,"mo":3,"sa":3,"ic":1},"geometry":{"type":"Polygon","coordinates":[[[-3.65982,56.01477],[-3.66089,56.01473],[-3.66216,56.01418],[-3.66449,56.01361],[-3.66521,56.01364],[-3.6675,56.01319],[-3.67221,56.01129],[-3.67458,56.01174],[-3.6755,56.01158],[-3.67585,56.01118],[-3.67643,56.00937],[-3.67683,56.00897],[-3.67633,56.00848],[-3.67617,56.00729],[-3.67675,56.00674],[-3.67862,56.00605],[-3.69094,56.00474],[-3.69198,56.00432],[-3.69216,56.00398],[-3.69127,56.00344],[-3.69046,56.00254],[-3.68959,56.00108],[-3.68948,56.00022],[-3.69026,55.99982],[-3.69161,56.00002],[-3.69249,55.99995],[-3.69349,55.9995],[-3.69407,55.99891],[-3.69355,55.99849],[-3.69077,55.99892],[-3.69076,55.99877],[-3.69414,55.99834],[-3.69479,55.99848],[-3.69409,55.99933],[-3.69575,55.99927],[-3.69411,55.99939],[-3.69339,56.0],[-3.69218,56.00021],[-3.69183,56.0001],[-3.69216,56.00031],[-3.69053,56.00002],[-3.68978,56.00027],[-3.6899,56.00096],[-3.69119,56.00287],[-3.69237,56.00374],[-3.69244,56.0034],[-3.69259,56.0041],[-3.69312,56.00385],[-3.69324,56.00381],[-3.6934,56.00382],[-3.69263,56.00418],[-3.6936,56.00393],[-3.69602,56.00443],[-3.70187,56.00417],[-3.70569,56.0046],[-3.70711,56.00344],[-3.70415,56.00262],[-3.70574,56.00079],[-3.69985,55.99979],[-3.69828,55.99749],[-3.69775,55.99704],[-3.69922,55.99657],[-3.70131,55.9965],[-3.70137,55.99629],[-3.70253,55.99562],[-3.70237,55.99522],[-3.70291,55.99473],[-3.70254,55.99448],[-3.70265,55.99418],[-3.70445,55.99297],[-3.69561,55.99038],[-3.69569,55.98965],[-3.69452,55.98958],[-3.69448,55.98902],[-3.6947,55.98883],[-3.69437,55.98865],[-3.69406,55.98807],[-3.69475,55.98592],[-3.69462,55.98567],[-3.69567,55.98499],[-3.69635,55.98483],[-3.69681,55.98325],[-3.70362,55.98374],[-3.70353,55.98332],[-3.70048,55.98323],[-3.69547,55.98164],[-3.69161,55.98121],[-3.68989,55.98081],[-3.68713,55.97935],[-3.68416,55.97885],[-3.68453,55.97793],[-3.68065,55.97783],[-3.67883,55.97688],[-3.67847,55.97708],[-3.68001,55.97959],[-3.67919,55.98013],[-3.66186,55.97825],[-3.66187,55.97761],[-3.66221,55.97743],[-3.66153,55.97706],[-3.66085,55.97468],[-3.65842,55.97455],[-3.65814,55.97513],[-3.65814,55.97559],[-3.65769,55.97561],[-3.65346,55.97464],[-3.65394,55.97405],[-3.65199,55.97445],[-3.65076,55.97537],[-3.64845,55.9734],[-3.64637,55.97417],[-3.64581,55.9737],[-3.64359,55.97381],[-3.64329,55.97345],[-3.64127,55.97338],[-3.63846,55.97154],[-3.63433,55.97312],[-3.63226,55.97362],[-3.63153,55.97412],[-3.63193,55.97455],[-3.63202,55.97517],[-3.63001,55.97743],[-3.63019,55.97797],[-3.63161,55.97936],[-3.63204,55.98013],[-3.6324,55.98186],[-3.63214,55.98238],[-3.63167,55.98272],[-3.63052,55.98302],[-3.62862,55.98262],[-3.62745,55.98274],[-3.62728,55.98294],[-3.62737,55.98406],[-3.6265,55.98485],[-3.62654,55.98505],[-3.62583,55.98512],[-3.62252,55.98458],[-3.6206,55.98483],[-3.61946,55.98424],[-3.61854,55.98445],[-3.61838,55.98533],[-3.6168,55.98626],[-3.61651,55.98678],[-3.61526,55.987],[-3.61512,55.98801],[-3.61485,55.98847],[-3.61492,55.98943],[-3.61402,55.99],[-3.61392,55.99065],[-3.61417,55.9914],[-3.61279,55.99218],[-3.61166,55.99262],[-3.60993,55.99291],[-3.60929,55.99288],[-3.60699,55.99205],[-3.60507,55.99232],[-3.60276,55.99219],[-3.60116,55.99241],[-3.6013,55.99261],[-3.60101,55.99404],[-3.60083,55.99439],[-3.60032,55.99471],[-3.59961,55.996],[-3.59997,55.99685],[-3.59884,55.99704],[-3.59505,55.99701],[-3.59298,55.99647],[-3.59314,55.99669],[-3.59289,55.997],[-3.59301,56.00144],[-3.60038,56.00134],[-3.60049,56.00365],[-3.61707,56.00206],[-3.6181,56.00368],[-3.61818,56.00463],[-3.62105,56.0043],[-3.62051,56.00393],[-3.62068,56.00378],[-3.62056,56.00351],[-3.62271,56.00271],[-3.62375,56.00419],[-3.62888,56.00388],[-3.62969,56.0044],[-3.63118,56.00482],[-3.63177,56.00552],[-3.63331,56.00561],[-3.63353,56.00589],[-3.63395,56.00582],[-3.63477,56.00708],[-3.63484,56.00786],[-3.63675,56.00812],[-3.63774,56.0081],[-3.64529,56.0053],[-3.64902,56.00444],[-3.65055,56.0074],[-3.65243,56.01252],[-3.65335,56.01276],[-3.65385,56.01208],[-3.65392,56.01161],[-3.65419,56.01149],[-3.6545,56.0118],[-3.65455,56.01237],[-3.65494,56.01245],[-3.6549,56.01148],[-3.65461,56.01137],[-3.65627,56.01104],[-3.65798,56.01135],[-3.65849,56.01173],[-3.65901,56.01325],[-3.65843,56.01414],[-3.65848,56.01435],[-3.65968,56.01429],[-3.66244,56.01351],[-3.66334,56.01349],[-3.66336,56.01328],[-3.66282,56.01299],[-3.66159,56.01301],[-3.6623,56.01256],[-3.66197,56.01284],[-3.66286,56.0129],[-3.6637,56.01334],[-3.66316,56.01301],[-3.66318,56.01289],[-3.66388,56.01338],[-3.66378,56.01351],[-3.66394,56.0136],[-3.66377,56.01366],[-3.6629,56.01362],[-3.65946,56.01454],[-3.65782,56.01452],[-3.65769,56.01475],[-3.65982,56.01477]]]}},{"type":"Feature","properties":{"id":"S01016349","name":"Bo'ness - Kinneil - 04","parent":"S12000014","type":"DZ","pop":816,"r":18,"ff":12,"ffd":1470.6,"ffs":0.6667,"g":0,"co":3,"mo":3,"sa":3,"ic":1},"geometry":{"type":"Polygon","coordinates":[[[-3.61105,56.01124],[-3.62466,56.00871],[-3.62648,56.00885],[-3.62746,56.00786],[-3.62619,56.00737],[-3.62357,56.00689],[-3.62388,56.00672],[-3.62356,56.00654],[-3.62286,56.00519],[-3.62186,56.00461],[-3.62138,56.00512],[-3.62179,56.00611],[-3.62067,56.00622],[-3.62073,56.00651],[-3.62028,56.00646],[-3.62006,56.00697],[-3.61831,56.00717],[-3.61881,56.00745],[-3.61854,56.00781],[-3.61827,56.00758],[-3.61779,56.00789],[-3.61698,56.00776],[-3.61692,56.00828],[-3.61636,56.00855],[-3.6159,56.00826],[-3.61476,56.00832],[-3.61482,56.00808],[-3.61453,56.00808],[-3.61415,56.00838],[-3.61343,56.00843],[-3.61298,56.0088],[-3.61013,56.00921],[-3.61024,56.00953],[-3.60963,56.00958],[-3.61005,56.01103],[-3.61095,56.01106],[-3.61105,56.01124]]]}},{"type":"Feature","properties":{"id":"S01016350","name":"Bo'ness - Kinneil - 05","parent":"S12000014","type":"DZ","pop":1004,"r":18,"ff":12,"ffd":1195.2,"ffs":0.6667,"g":0,"co":3,"mo":3,"sa":3,"ic":1},"geometry":{"type":"Polygon","coordinates":[[[-3.61274,56.00813],[-3.61248,56.00853],[-3.61115,56.00862],[-3.61123,56.00893],[-3.61298,56.0088],[-3.61343,56.00843],[-3.61415,56.00838],[-3.61453,56.00808],[-3.61482,56.00808],[-3.61476,56.00832],[-3.6159,56.00826],[-3.61636,56.00855],[-3.61692,56.00828],[-3.61698,56.00776],[-3.61779,56.00789],[-3.61827,56.00758],[-3.61854,56.00781],[-3.61881,56.00745],[-3.61811,56.00701],[-3.61616,56.00676],[-3.6151,56.00683],[-3.61538,56.00659],[-3.615,56.00647],[-3.61462,56.0066],[-3.61412,56.00622],[-3.61264,56.00568],[-3.6134,56.00576],[-3.61362,56.00528],[-3.61306,56.00445],[-3.61108,56.00523],[-3.6101,56.00518],[-3.61001,56.00492],[-3.60974,56.00492],[-3.60961,56.00505],[-3.61013,56.00719],[-3.61057,56.00716],[-3.61122,56.00753],[-3.61128,56.008],[-3.61171,56.0082],[-3.61232,56.00797],[-3.61274,56.00813]]]}},{"type":"Feature","properties":{"id":"S01016351","name":"Bo'ness - Newtown - 01","parent":"S12000014","type":"DZ","pop":669,"r":18,"ff":12,"ffd":1793.7,"ffs":0.6667,"g":0,"co":3,"mo":3,"sa":3,"ic":1},"geometry":{"type":"Polygon","coordinates":[[[-3.60964,56.00745],[-3.61008,56.00762],[-3.61013,56.00719],[-3.60961,56.00505],[-3.60974,56.00492],[-3.61001,56.00492],[-3.6101,56.00518],[-3.61108,56.00523],[-3.61306,56.00445],[-3.61362,56.00528],[-3.6134,56.00576],[-3.61264,56.00568],[-3.61412,56.00622],[-3.61462,56.0066],[-3.615,56.00647],[-3.61538,56.00659],[-3.6151,56.00683],[-3.61616,56.00676],[-3.61811,56.00701],[-3.61788,56.00632],[-3.61693,56.0064],[-3.61618,56.00506],[-3.61601,56.00508],[-3.6153,56.00426],[-3.61418,56.00431],[-3.61315,56.00242],[-3.60413,56.00331],[-3.60472,56.00424],[-3.60413,56.00467],[-3.6037,56.00444],[-3.60331,56.0047],[-3.60417,56.00509],[-3.60377,56.00541],[-3.60416,56.00565],[-3.60368,56.00577],[-3.60377,56.00593],[-3.60414,56.00603],[-3.60426,56.00569],[-3.60599,56.00554],[-3.60609,56.00643],[-3.6051,56.00649],[-3.60509,56.00633],[-3.6046,56.00627],[-3.60483,56.00682],[-3.60582,56.00692],[-3.60593,56.00731],[-3.60774,56.00733],[-3.60849,56.00752],[-3.6085,56.00732],[-3.60954,56.00728],[-3.60964,56.00745]]]}},{"type":"Feature","properties":{"id":"S01016352","name":"Bo'ness - Newtown - 02","parent":"S12000014","type":"DZ","pop":808,"r":17,"ff":12,"ffd":1485.1,"ffs":0.7059,"g":0,"co":3,"mo":3,"sa":3,"ic":1},"geometry":{"type":"Polygon","coordinates":[[[-3.60415,56.01135],[-3.60417,56.01203],[-3.60363,56.01216],[-3.60386,56.01263],[-3.61105,56.01124],[-3.61095,56.01106],[-3.61005,56.01103],[-3.60963,56.00958],[-3.61024,56.00953],[-3.61013,56.00921],[-3.61123,56.00893],[-3.61115,56.00862],[-3.61248,56.00853],[-3.61274,56.00813],[-3.61232,56.00797],[-3.61171,56.0082],[-3.61128,56.008],[-3.61122,56.00753],[-3.61057,56.00716],[-3.61013,56.00719],[-3.60997,56.00764],[-3.60954,56.00728],[-3.6085,56.00732],[-3.60837,56.00765],[-3.60797,56.00782],[-3.60797,56.00805],[-3.60838,56.00829],[-3.60833,56.00884],[-3.60672,56.00853],[-3.60654,56.00896],[-3.60605,56.00925],[-3.60602,56.00912],[-3.60405,56.00918],[-3.60415,56.01135]]]}},{"type":"Feature","properties":{"id":"S01016353","name":"Bo'ness - Newtown - 03","parent":"S12000014","type":"DZ","pop":606,"r":17,"ff":12,"ffd":1980.2,"ffs":0.7059,"g":0,"co":3,"mo":3,"sa":3,"ic":1},"geometry":{"type":"Polygon","coordinates":[[[-3.60602,56.00912],[-3.60605,56.00925],[-3.60654,56.00896],[-3.60672,56.00853],[-3.60833,56.00884],[-3.60838,56.00829],[-3.60797,56.00805],[-3.60797,56.00782],[-3.60839,56.00751],[-3.60774,56.00733],[-3.60593,56.00731],[-3.60582,56.00692],[-3.60483,56.00682],[-3.6046,56.00627],[-3.60509,56.00633],[-3.6051,56.00649],[-3.60609,56.00643],[-3.60599,56.00554],[-3.60426,56.00569],[-3.60414,56.00603],[-3.60368,56.00577],[-3.60286,56.00591],[-3.6033,56.00701],[-3.60229,56.007],[-3.60238,56.00836],[-3.6027,56.00836],[-3.60286,56.00921],[-3.60602,56.00912]]]}},{"type":"Feature","properties":{"id":"S01016354","name":"Bo'ness - Newtown - 04","parent":"S12000014","type":"DZ","pop":481,"r":17,"ff":12,"ffd":2494.8,"ffs":0.7059,"g":0,"co":3,"mo":3,"sa":3,"ic":1},"geometry":{"type":"Polygon","coordinates":[[[-3.60016,56.00729],[-3.60002,56.00794],[-3.60238,56.00836],[-3.60229,56.007],[-3.6033,56.00701],[-3.60286,56.00591],[-3.60416,56.00565],[-3.60377,56.00541],[-3.60417,56.00509],[-3.60331,56.0047],[-3.6037,56.00444],[-3.60413,56.00467],[-3.60472,56.00424],[-3.60413,56.00331],[-3.60049,56.00365],[-3.60071,56.00444],[-3.60016,56.00729]]]}},{"type":"Feature","properties":{"id":"S01016355","name":"Bo'ness - Newtown - 05","parent":"S12000014","type":"DZ","pop":893,"r":16,"ff":11,"ffd":1231.8,"ffs":0.6875,"g":0,"co":3,"mo":3,"sa":3,"ic":1},"geometry":{"type":"Polygon","coordinates":[[[-3.59441,56.00798],[-3.59458,56.00814],[-3.59806,56.00763],[-3.60006,56.00775],[-3.60071,56.00444],[-3.60049,56.00365],[-3.59348,56.0039],[-3.59383,56.00549],[-3.59424,56.0055],[-3.59416,56.00593],[-3.59444,56.00667],[-3.59375,56.00736],[-3.59441,56.00798]]]}},{"type":"Feature","properties":{"id":"S01016356","name":"Bo'ness - town centre - 01","parent":"S12000014","type":"DZ","pop":475,"r":18,"ff":12,"ffd":2526.3,"ffs":0.6667,"g":0,"co":3,"mo":3,"sa":3,"ic":1},"geometry":{"type":"Polygon","coordinates":[[[-3.62555,56.01283],[-3.62911,56.01167],[-3.62841,56.01056],[-3.62806,56.01036],[-3.62735,56.00941],[-3.62648,56.00885],[-3.62487,56.00868],[-3.62231,56.00915],[-3.62288,56.00936],[-3.62265,56.00975],[-3.62348,56.01062],[-3.62406,56.01159],[-3.62555,56.01283]]]}},{"type":"Feature","properties":{"id":"S01016357","name":"Bo'ness - town centre - 02","parent":"S12000014","type":"DZ","pop":806,"r":18,"ff":12,"ffd":1488.8,"ffs":0.6667,"g":0,"co":3,"mo":3,"sa":3,"ic":1},"geometry":{"type":"Polygon","coordinates":[[[-3.62055,56.01773],[-3.62399,56.01895],[-3.62536,56.01919],[-3.62813,56.01798],[-3.62766,56.01746],[-3.62844,56.0177],[-3.6285,56.01805],[-3.63137,56.01825],[-3.63259,56.018],[-3.63288,56.0173],[-3.63218,56.0161],[-3.63206,56.01515],[-3.63175,56.01469],[-3.63125,56.01448],[-3.63168,56.01405],[-3.6309,56.01374],[-3.6291,56.01174],[-3.62555,56.01283],[-3.62406,56.01159],[-3.62348,56.01062],[-3.62265,56.00975],[-3.62288,56.00936],[-3.62231,56.00915],[-3.61637,56.01028],[-3.61806,56.01206],[-3.6173,56.01225],[-3.61835,56.01283],[-3.61779,56.01289],[-3.61743,56.01336],[-3.61802,56.01343],[-3.61782,56.01366],[-3.61899,56.01394],[-3.61893,56.0163],[-3.62005,56.0161],[-3.62138,56.01638],[-3.62433,56.0162],[-3.62588,56.01702],[-3.62764,56.01736],[-3.62578,56.0172],[-3.62499,56.01695],[-3.62509,56.0174],[-3.6253,56.01752],[-3.62513,56.01765],[-3.62488,56.01745],[-3.6248,56.01675],[-3.62445,56.01647],[-3.62344,56.01632],[-3.62161,56.01644],[-3.62145,56.01671],[-3.6207,56.01684],[-3.6203,56.01735],[-3.62055,56.01773]]]}},{"type":"Feature","properties":{"id":"S01016358","name":"Bo'ness - town centre - 03","parent":"S12000014","type":"DZ","pop":642,"r":17,"ff":12,"ffd":1869.2,"ffs":0.7059,"g":0,"co":3,"mo":3,"sa":3,"ic":1},"geometry":{"type":"Polygon","coordinates":[[[-3.60788,56.01992],[-3.60806,56.01995],[-3.60779,56.02066],[-3.60801,56.02069],[-3.60835,56.01986],[-3.60951,56.01974],[-3.61109,56.0182],[-3.60985,56.01718],[-3.60911,56.01778],[-3.60871,56.01776],[-3.60856,56.01812],[-3.60831,56.01807],[-3.60887,56.01752],[-3.60873,56.0173],[-3.60828,56.01719],[-3.60794,56.01651],[-3.60748,56.01657],[-3.6073,56.01637],[-3.60779,56.01626],[-3.60723,56.01517],[-3.60567,56.01539],[-3.60575,56.01562],[-3.60283,56.01574],[-3.60289,56.01598],[-3.60153,56.01576],[-3.60083,56.01543],[-3.59458,56.01495],[-3.59509,56.01604],[-3.59639,56.01602],[-3.59744,56.01626],[-3.59711,56.01737],[-3.59652,56.0175],[-3.59633,56.01843],[-3.60121,56.01926],[-3.60204,56.01903],[-3.60589,56.01951],[-3.60623,56.01938],[-3.6079,56.01975],[-3.60788,56.01992]]]}},{"type":"Feature","properties":{"id":"S01016359","name":"Bo'ness - town centre - 04","parent":"S12000014","type":"DZ","pop":444,"r":17,"ff":12,"ffd":2702.7,"ffs":0.7059,"g":0,"co":3,"mo":3,"sa":3,"ic":1},"geometry":{"type":"Polygon","coordinates":[[[-3.60264,56.01459],[-3.60257,56.01518],[-3.60283,56.01574],[-3.60575,56.01562],[-3.60567,56.01539],[-3.60658,56.01526],[-3.60648,56.01503],[-3.60707,56.01494],[-3.60692,56.01454],[-3.60831,56.01437],[-3.60834,56.0141],[-3.60922,56.01383],[-3.6096,56.01411],[-3.61043,56.01374],[-3.61009,56.01337],[-3.61088,56.01287],[-3.61189,56.0129],[-3.61105,56.01124],[-3.60386,56.01263],[-3.60363,56.01216],[-3.60214,56.01243],[-3.60178,56.01271],[-3.60187,56.01296],[-3.60266,56.01321],[-3.60237,56.01361],[-3.60216,56.01339],[-3.60143,56.01352],[-3.60159,56.01393],[-3.59902,56.01406],[-3.59876,56.01426],[-3.60025,56.01491],[-3.60149,56.01504],[-3.60198,56.01507],[-3.60217,56.01459],[-3.60264,56.01459]]]}},{"type":"Feature","properties":{"id":"S01016360","name":"Bo'ness - town centre - 05","parent":"S12000014","type":"DZ","pop":645,"r":18,"ff":12,"ffd":1860.5,"ffs":0.6667,"g":0,"co":3,"mo":3,"sa":3,"ic":1},"geometry":{"type":"Polygon","coordinates":[[[-3.61019,56.01735],[-3.61109,56.0182],[-3.6129,56.01672],[-3.61486,56.01605],[-3.61665,56.01598],[-3.61711,56.01613],[-3.61706,56.01636],[-3.61727,56.01644],[-3.61893,56.0163],[-3.61899,56.01394],[-3.61782,56.01366],[-3.61802,56.01343],[-3.61743,56.01336],[-3.61779,56.01289],[-3.61835,56.01283],[-3.6173,56.01225],[-3.61806,56.01206],[-3.61637,56.01028],[-3.61105,56.01124],[-3.61189,56.0129],[-3.61088,56.01287],[-3.61009,56.01337],[-3.61043,56.01374],[-3.61021,56.01385],[-3.6096,56.01411],[-3.60922,56.01383],[-3.60883,56.01391],[-3.60834,56.0141],[-3.60831,56.01437],[-3.60692,56.01454],[-3.60707,56.01494],[-3.60648,56.01503],[-3.60658,56.01526],[-3.60723,56.01517],[-3.60779,56.01626],[-3.6073,56.01637],[-3.60748,56.01657],[-3.60794,56.01651],[-3.60828,56.01719],[-3.60873,56.0173],[-3.60887,56.01752],[-3.60831,56.01807],[-3.60856,56.01812],[-3.60871,56.01776],[-3.60911,56.01778],[-3.60985,56.01718],[-3.61019,56.01735]]]}},{"type":"Feature","properties":{"id":"S01016361","name":"Blackness, Bo'ness - Carriden and Grahamsdyke - 01","parent":"S12000014","type":"DZ","pop":660,"r":18,"ff":12,"ffd":1818.2,"ffs":0.6667,"g":0,"co":3,"mo":3,"sa":3,"ic":1},"geometry":{"type":"Polygon","coordinates":[[[-3.57162,56.014],[-3.57318,56.01457],[-3.57352,56.01343],[-3.57582,56.01344],[-3.57588,56.01226],[-3.57455,56.01223],[-3.57462,56.01164],[-3.57577,56.01119],[-3.57544,56.00831],[-3.57249,56.00826],[-3.5725,56.00703],[-3.57573,56.00768],[-3.5756,56.00805],[-3.57602,56.00813],[-3.57606,56.00881],[-3.5763,56.0088],[-3.57647,56.01021],[-3.57693,56.01032],[-3.57892,56.01035],[-3.57958,56.00977],[-3.58071,56.01022],[-3.58123,56.00991],[-3.58027,56.00947],[-3.58154,56.00861],[-3.58207,56.00854],[-3.58833,56.0095],[-3.58861,56.00894],[-3.58946,56.00905],[-3.59012,56.00798],[-3.59177,56.00792],[-3.59394,56.00724],[-3.59444,56.00667],[-3.59416,56.00593],[-3.59424,56.0055],[-3.59383,56.00549],[-3.59348,56.0039],[-3.60049,56.00365],[-3.60038,56.00134],[-3.59301,56.00144],[-3.59289,55.997],[-3.59314,55.99669],[-3.59298,55.99647],[-3.59017,55.99658],[-3.58739,55.99602],[-3.5848,55.99575],[-3.58109,55.99453],[-3.58158,55.99369],[-3.58343,55.9921],[-3.58157,55.98969],[-3.57624,55.98967],[-3.56458,55.98833],[-3.56422,55.98895],[-3.55835,55.98779],[-3.5512,55.98712],[-3.54701,55.98657],[-3.54303,55.98578],[-3.54283,55.9862],[-3.54208,55.98647],[-3.54012,55.9862],[-3.53919,55.98631],[-3.53811,55.98597],[-3.53632,55.98581],[-3.53585,55.98671],[-3.53823,55.98731],[-3.53851,55.98753],[-3.53896,55.98752],[-3.53949,55.98822],[-3.53944,55.98851],[-3.53019,55.98643],[-3.52902,55.98883],[-3.52951,55.98998],[-3.52916,55.99186],[-3.52878,55.99273],[-3.52288,55.99333],[-3.52017,55.99297],[-3.51753,55.99234],[-3.51153,55.99397],[-3.51362,55.99855],[-3.51655,55.99927],[-3.51765,56.00007],[-3.51707,56.00123],[-3.51668,56.00156],[-3.51627,56.00156],[-3.5162,56.00176],[-3.51651,56.00185],[-3.51582,56.00242],[-3.51632,56.00347],[-3.51649,56.00471],[-3.51611,56.00538],[-3.51485,56.00581],[-3.51555,56.00638],[-3.51702,56.00585],[-3.51722,56.00571],[-3.51708,56.00551],[-3.51741,56.00523],[-3.51884,56.00445],[-3.51969,56.00421],[-3.521,56.00405],[-3.52116,56.00442],[-3.52206,56.00433],[-3.52229,56.00466],[-3.52208,56.00412],[-3.52337,56.00387],[-3.52456,56.00389],[-3.52721,56.00465],[-3.52984,56.00623],[-3.53126,56.00674],[-3.53354,56.00692],[-3.5385,56.00773],[-3.54102,56.00845],[-3.54327,56.00831],[-3.54483,56.00864],[-3.54608,56.00863],[-3.54925,56.00965],[-3.55468,56.0109],[-3.55795,56.01081],[-3.56049,56.01128],[-3.56297,56.01134],[-3.56571,56.01234],[-3.56758,56.01358],[-3.56814,56.01431],[-3.56945,56.01344],[-3.57013,56.01344],[-3.57162,56.014]]]}},{"type":"Feature","properties":{"id":"S01016362","name":"Blackness, Bo'ness - Carriden and Grahamsdyke - 02","parent":"S12000014","type":"DZ","pop":883,"r":16,"ff":11,"ffd":1245.8,"ffs":0.6875,"g":0,"co":3,"mo":3,"sa":3,"ic":1},"geometry":{"type":"Polygon","coordinates":[[[-3.59084,56.01399],[-3.59328,56.01423],[-3.59303,56.01379],[-3.59444,56.01367],[-3.59529,56.01377],[-3.59535,56.01418],[-3.59577,56.01412],[-3.59578,56.01371],[-3.59643,56.0138],[-3.59654,56.01367],[-3.59867,56.01408],[-3.60159,56.01393],[-3.60143,56.01352],[-3.60216,56.01339],[-3.60237,56.01361],[-3.60266,56.01321],[-3.60187,56.01296],[-3.60179,56.0126],[-3.60417,56.01203],[-3.60405,56.00918],[-3.60286,56.00921],[-3.6027,56.00836],[-3.60105,56.0082],[-3.59948,56.00767],[-3.59806,56.00763],[-3.59458,56.00814],[-3.59375,56.00736],[-3.59177,56.00792],[-3.59012,56.00798],[-3.58964,56.00868],[-3.59241,56.0089],[-3.59239,56.0096],[-3.59336,56.00957],[-3.59348,56.0107],[-3.59387,56.0107],[-3.59392,56.011],[-3.59419,56.011],[-3.5944,56.01128],[-3.5894,56.01144],[-3.58935,56.01122],[-3.58814,56.01104],[-3.5882,56.01145],[-3.58756,56.01145],[-3.58805,56.01306],[-3.58854,56.01281],[-3.5889,56.01328],[-3.58989,56.01374],[-3.59022,56.0138],[-3.59038,56.01348],[-3.59101,56.01357],[-3.59117,56.0137],[-3.59084,56.01399]]]}},{"type":"Feature","properties":{"id":"S01016363","name":"Blackness, Bo'ness - Carriden and Grahamsdyke - 03","parent":"S12000014","type":"DZ","pop":998,"r":16,"ff":11,"ffd":1102.2,"ffs":0.6875,"g":0,"co":3,"mo":3,"sa":3,"ic":1},"geometry":{"type":"Polygon","coordinates":[[[-3.59733,56.02095],[-3.60261,56.02007],[-3.60661,56.02067],[-3.60552,56.02033],[-3.60596,56.01964],[-3.60526,56.01936],[-3.60204,56.01903],[-3.60121,56.01926],[-3.59633,56.01843],[-3.59652,56.0175],[-3.59016,56.01702],[-3.58966,56.01625],[-3.58798,56.01608],[-3.58804,56.01577],[-3.58952,56.01555],[-3.59005,56.01507],[-3.58952,56.01514],[-3.58928,56.01472],[-3.58822,56.01477],[-3.58838,56.01359],[-3.58715,56.0136],[-3.58553,56.01401],[-3.58495,56.01486],[-3.58383,56.01575],[-3.58199,56.01488],[-3.58071,56.016],[-3.58036,56.01581],[-3.58094,56.01539],[-3.58088,56.01369],[-3.57926,56.01316],[-3.57831,56.01324],[-3.57796,56.01394],[-3.57761,56.014],[-3.57771,56.01424],[-3.57713,56.01418],[-3.57704,56.01453],[-3.57658,56.0145],[-3.57645,56.01505],[-3.57315,56.01456],[-3.57013,56.01344],[-3.56945,56.01344],[-3.56814,56.01431],[-3.5688,56.01521],[-3.56885,56.01595],[-3.57774,56.01788],[-3.57927,56.01845],[-3.58222,56.01883],[-3.58299,56.01869],[-3.58411,56.01813],[-3.58632,56.0179],[-3.58917,56.01838],[-3.59095,56.01833],[-3.59194,56.01858],[-3.59189,56.01872],[-3.59204,56.01855],[-3.5925,56.01882],[-3.59409,56.01912],[-3.59439,56.01942],[-3.59448,56.01984],[-3.5937,56.02016],[-3.59371,56.02038],[-3.59733,56.02095]]]}},{"type":"Feature","properties":{"id":"S01016364","name":"Blackness, Bo'ness - Carriden and Grahamsdyke - 04","parent":"S12000014","type":"DZ","pop":653,"r":16,"ff":11,"ffd":1684.5,"ffs":0.6875,"g":0,"co":3,"mo":3,"sa":3,"ic":1},"geometry":{"type":"Polygon","coordinates":[[[-3.58982,56.01661],[-3.59005,56.01666],[-3.59016,56.01702],[-3.59066,56.01709],[-3.59684,56.01753],[-3.59711,56.01737],[-3.59744,56.01626],[-3.59639,56.01602],[-3.59509,56.01604],[-3.59458,56.01495],[-3.60083,56.01543],[-3.60153,56.01576],[-3.60297,56.01594],[-3.60257,56.01518],[-3.60264,56.01459],[-3.60217,56.01459],[-3.60198,56.01507],[-3.60025,56.01491],[-3.59876,56.01426],[-3.59902,56.01406],[-3.59725,56.01393],[-3.59729,56.01377],[-3.59578,56.01371],[-3.59577,56.01412],[-3.59535,56.01418],[-3.59529,56.01377],[-3.59444,56.01367],[-3.59303,56.01379],[-3.59328,56.01423],[-3.59084,56.01399],[-3.59117,56.0137],[-3.59101,56.01357],[-3.59038,56.01348],[-3.59022,56.0138],[-3.58971,56.01369],[-3.58866,56.0131],[-3.58854,56.01281],[-3.58579,56.01358],[-3.58553,56.01401],[-3.58715,56.0136],[-3.58838,56.01359],[-3.58822,56.01477],[-3.58928,56.01472],[-3.58952,56.01514],[-3.59005,56.01507],[-3.58952,56.01555],[-3.58804,56.01577],[-3.58798,56.01608],[-3.58966,56.01625],[-3.58982,56.01661]]]}},{"type":"Feature","properties":{"id":"S01016365","name":"Blackness, Bo'ness - Carriden and Grahamsdyke - 05","parent":"S12000014","type":"DZ","pop":538,"r":16,"ff":11,"ffd":2044.6,"ffs":0.6875,"g":0,"co":3,"mo":3,"sa":3,"ic":1},"geometry":{"type":"Polygon","coordinates":[[[-3.58935,56.01122],[-3.5894,56.01144],[-3.5944,56.01128],[-3.59419,56.011],[-3.59392,56.011],[-3.59387,56.0107],[-3.59348,56.0107],[-3.59336,56.00957],[-3.59239,56.0096],[-3.59241,56.0089],[-3.58964,56.00868],[-3.58855,56.01103],[-3.58935,56.01122]]]}},{"type":"Feature","properties":{"id":"S01016366","name":"Blackness, Bo'ness - Carriden and Grahamsdyke - 06","parent":"S12000014","type":"DZ","pop":1027,"r":17,"ff":12,"ffd":1168.5,"ffs":0.7059,"g":0,"co":3,"mo":3,"sa":3,"ic":1},"geometry":{"type":"Polygon","coordinates":[[[-3.58094,56.01539],[-3.58036,56.01581],[-3.58071,56.016],[-3.58199,56.01488],[-3.58383,56.01575],[-3.58495,56.01486],[-3.58579,56.01358],[-3.58805,56.01306],[-3.58756,56.01145],[-3.5882,56.01145],[-3.58814,56.01104],[-3.58855,56.01103],[-3.58946,56.00905],[-3.58861,56.00894],[-3.58833,56.0095],[-3.58207,56.00854],[-3.58154,56.00861],[-3.58027,56.00947],[-3.58123,56.00991],[-3.58071,56.01022],[-3.57958,56.00977],[-3.57892,56.01035],[-3.57693,56.01032],[-3.57647,56.01021],[-3.5763,56.0088],[-3.57606,56.00881],[-3.57602,56.00813],[-3.5756,56.00805],[-3.57573,56.00768],[-3.57239,56.00709],[-3.57249,56.00826],[-3.57544,56.00831],[-3.57577,56.01119],[-3.57462,56.01164],[-3.57455,56.01223],[-3.57588,56.01226],[-3.57582,56.01344],[-3.57352,56.01343],[-3.57318,56.01457],[-3.57645,56.01505],[-3.57658,56.0145],[-3.57704,56.01453],[-3.57713,56.01418],[-3.57771,56.01424],[-3.57761,56.014],[-3.57796,56.01394],[-3.57831,56.01324],[-3.57926,56.01316],[-3.58088,56.01369],[-3.58094,56.01539]]]}}]}