{"type":"FeatureCollection","features":[{"type":"Feature","properties":{"id":"W01000883","name":"W01000883","parent":"W06000012","type":"LSOA","pop":1289,"r":156,"ff":49,"ffd":3801.4,"ffs":0.4579,"g":47,"co":2,"mo":0,"sa":2,"ic":0},"geometry":{"type":"Polygon","coordinates":[[[-3.80319,51.60845],[-3.8028,51.60807],[-3.80368,51.60809],[-3.8026,51.60696],[-3.80335,51.60657],[-3.80242,51.60478],[-3.80389,51.60419],[-3.80544,51.60527],[-3.80835,51.60387],[-3.80658,51.60265],[-3.80832,51.60063],[-3.81405,51.60475],[-3.81599,51.60662],[-3.81718,51.60853],[-3.8169,51.60967],[-3.81703,51.61],[-3.81531,51.61143],[-3.81301,51.61385],[-3.81029,51.61524],[-3.80319,51.60845]]]}},{"type":"Feature","properties":{"id":"W01000884","name":"W01000884","parent":"W06000012","type":"LSOA","pop":1316,"r":129,"ff":43,"ffd":3267.5,"ffs":0.4831,"g":38,"co":2,"mo":0,"sa":2,"ic":0},"geometry":{"type":"Polygon","coordinates":[[[-3.79501,51.60128],[-3.7916,51.59987],[-3.79132,51.60005],[-3.78803,51.5988],[-3.78594,51.59847],[-3.78199,51.59828],[-3.78232,51.59783],[-3.78523,51.59542],[-3.78612,51.59504],[-3.78714,51.59512],[-3.78699,51.59564],[-3.78773,51.59531],[-3.7903,51.59611],[-3.79,51.5967],[-3.79044,51.59659],[-3.79167,51.59708],[-3.7929,51.59587],[-3.79327,51.59605],[-3.79296,51.5964],[-3.79382,51.5972],[-3.79296,51.59783],[-3.79479,51.59937],[-3.79501,51.60128]]]}},{"type":"Feature","properties":{"id":"W01000885","name":"W01000885","parent":"W06000012","type":"LSOA","pop":1405,"r":122,"ff":41,"ffd":2918.1,"ffs":0.4824,"g":35,"co":2,"mo":0,"sa":2,"ic":0},"geometry":{"type":"Polygon","coordinates":[[[-3.7993,51.60472],[-3.79501,51.60128],[-3.79479,51.59937],[-3.79296,51.59783],[-3.79382,51.5972],[-3.79296,51.5964],[-3.79388,51.59536],[-3.79368,51.59478],[-3.79588,51.59561],[-3.79554,51.59585],[-3.79648,51.59634],[-3.79687,51.59623],[-3.79738,51.59671],[-3.79904,51.5956],[-3.79838,51.59523],[-3.79865,51.59504],[-3.79973,51.59559],[-3.80034,51.5952],[-3.80832,51.60063],[-3.80658,51.60265],[-3.80835,51.60387],[-3.80544,51.60527],[-3.80389,51.60419],[-3.80242,51.60478],[-3.80335,51.60657],[-3.8026,51.60696],[-3.80368,51.60809],[-3.8028,51.60807],[-3.7993,51.60472]]]}},{"type":"Feature","properties":{"id":"W01000886","name":"W01000886","parent":"W06000012","type":"LSOA","pop":1689,"r":138,"ff":44,"ffd":2605.1,"ffs":0.4783,"g":44,"co":2,"mo":0,"sa":2,"ic":0},"geometry":{"type":"Polygon","coordinates":[[[-3.79167,51.59708],[-3.79044,51.59659],[-3.79,51.5967],[-3.7903,51.59611],[-3.78773,51.59531],[-3.78699,51.59564],[-3.78714,51.59512],[-3.78612,51.59504],[-3.78939,51.59336],[-3.79161,51.59269],[-3.79264,51.59249],[-3.79291,51.59267],[-3.79465,51.59227],[-3.79656,51.59283],[-3.80034,51.5952],[-3.79973,51.59559],[-3.79865,51.59504],[-3.79838,51.59523],[-3.79904,51.5956],[-3.79738,51.59671],[-3.79687,51.59623],[-3.79648,51.59634],[-3.79554,51.59585],[-3.79588,51.59561],[-3.79368,51.59478],[-3.79388,51.59536],[-3.79327,51.59605],[-3.7929,51.59587],[-3.79167,51.59708]]]}},{"type":"Feature","properties":{"id":"W01000887","name":"W01000887","parent":"W06000012","type":"LSOA","pop":2301,"r":8,"ff":3,"ffd":130.4,"ffs":0.4286,"g":0,"co":3,"mo":3,"sa":3,"ic":1},"geometry":{"type":"Polygon","coordinates":[[[-3.73764,51.71042],[-3.7376,51.70822],[-3.73518,51.70477],[-3.73424,51.70164],[-3.73498,51.70065],[-3.73183,51.69818],[-3.73055,51.6976],[-3.73219,51.69577],[-3.73374,51.69595],[-3.73465,51.69569],[-3.73907,51.69047],[-3.74311,51.68823],[-3.748,51.68791],[-3.74959,51.6867],[-3.7502,51.68571],[-3.74883,51.68291],[-3.7491,51.68255],[-3.75162,51.6823],[-3.7549,51.68304],[-3.75882,51.68169],[-3.76533,51.68113],[-3.77032,51.68176],[-3.77218,51.68164],[-3.77572,51.68069],[-3.7767,51.67993],[-3.77529,51.67631],[-3.78116,51.67486],[-3.78505,51.67744],[-3.78372,51.67782],[-3.78238,51.67934],[-3.78338,51.67976],[-3.78313,51.67995],[-3.78422,51.68062],[-3.7832,51.68165],[-3.78407,51.68202],[-3.78529,51.68139],[-3.78688,51.68115],[-3.78752,51.68226],[-3.78629,51.68396],[-3.78541,51.68695],[-3.78448,51.68836],[-3.78409,51.68808],[-3.78291,51.69007],[-3.78278,51.69105],[-3.7834,51.69207],[-3.78259,51.69235],[-3.78239,51.69261],[-3.78321,51.69269],[-3.78408,51.6933],[-3.78608,51.69349],[-3.78805,51.6943],[-3.7898,51.69462],[-3.7901,51.69497],[-3.79023,51.69578],[-3.79111,51.6968],[-3.79135,51.6984],[-3.79217,51.69895],[-3.79268,51.69991],[-3.79202,51.7009],[-3.79327,51.7021],[-3.79148,51.70483],[-3.79053,51.70537],[-3.78722,51.7034],[-3.78645,51.70338],[-3.78596,51.70373],[-3.78689,51.70527],[-3.78484,51.70559],[-3.78489,51.70601],[-3.78329,51.70708],[-3.78248,51.70625],[-3.77815,51.70543],[-3.77431,51.70561],[-3.77278,51.70489],[-3.7693,51.70416],[-3.76918,51.70328],[-3.76798,51.70245],[-3.76625,51.70352],[-3.76172,51.70446],[-3.76093,51.70493],[-3.75891,51.70507],[-3.75779,51.70431],[-3.75385,51.70397],[-3.7526,51.70455],[-3.75166,51.70429],[-3.75055,51.70499],[-3.75043,51.706],[-3.74919,51.70777],[-3.74546,51.70989],[-3.74452,51.70974],[-3.7437,51.71007],[-3.74052,51.71208],[-3.7404,51.71277],[-3.73702,51.71309],[-3.73484,51.7122],[-3.73764,51.71042]]]}},{"type":"Feature","properties":{"id":"W01000888","name":"W01000888","parent":"W06000012","type":"LSOA","pop":2716,"r":19,"ff":10,"ffd":368.2,"ffs":0.5556,"g":0,"co":1,"mo":3,"sa":3,"ic":1},"geometry":{"type":"Polygon","coordinates":[[[-3.83542,51.72484],[-3.8324,51.72349],[-3.83177,51.72292],[-3.83375,51.72194],[-3.83406,51.72129],[-3.83317,51.72006],[-3.83405,51.71815],[-3.83297,51.71805],[-3.83573,51.71522],[-3.8365,51.71471],[-3.83684,51.71341],[-3.83634,51.71311],[-3.83623,51.71202],[-3.83644,51.71184],[-3.83444,51.71096],[-3.83339,51.70965],[-3.83132,51.70887],[-3.83076,51.70789],[-3.83037,51.70399],[-3.82767,51.69927],[-3.83199,51.69836],[-3.83285,51.69784],[-3.83353,51.69791],[-3.83452,51.6976],[-3.83822,51.69781],[-3.84012,51.69827],[-3.84495,51.69809],[-3.84681,51.69891],[-3.84722,51.69877],[-3.84865,51.70019],[-3.85092,51.6997],[-3.85091,51.69815],[-3.85234,51.69832],[-3.85251,51.69802],[-3.8531,51.69815],[-3.85633,51.69716],[-3.85617,51.69755],[-3.85713,51.69863],[-3.85636,51.69863],[-3.85569,51.70036],[-3.85692,51.70113],[-3.85756,51.70041],[-3.85925,51.70118],[-3.85949,51.70162],[-3.86056,51.70193],[-3.86021,51.70222],[-3.86114,51.70324],[-3.86231,51.70326],[-3.86237,51.70386],[-3.86444,51.70505],[-3.86398,51.70721],[-3.86431,51.70888],[-3.86372,51.7095],[-3.86207,51.71058],[-3.85839,51.71112],[-3.85646,51.71178],[-3.85529,51.71264],[-3.85339,51.71459],[-3.84713,51.71779],[-3.84064,51.72172],[-3.84029,51.72258],[-3.83761,51.72479],[-3.83654,51.72451],[-3.83542,51.72484]]]}},{"type":"Feature","properties":{"id":"W01000889","name":"W01000889","parent":"W06000012","type":"LSOA","pop":1779,"r":166,"ff":53,"ffd":2979.2,"ffs":0.4569,"g":48,"co":0,"mo":0,"sa":2,"ic":0},"geometry":{"type":"Polygon","coordinates":[[[-3.78243,51.62767],[-3.78159,51.62476],[-3.7819,51.62291],[-3.78142,51.62084],[-3.78311,51.62021],[-3.78543,51.61995],[-3.78643,51.61896],[-3.78676,51.61784],[-3.78522,51.61737],[-3.78421,51.61656],[-3.78524,51.61597],[-3.7853,51.61514],[-3.7849,51.61497],[-3.7852,51.61389],[-3.7864,51.61286],[-3.78367,51.61195],[-3.78271,51.61189],[-3.78037,51.61078],[-3.77929,51.61066],[-3.77781,51.61117],[-3.77735,51.61084],[-3.77602,51.61072],[-3.77606,51.60907],[-3.77703,51.60747],[-3.78046,51.60537],[-3.7806,51.60487],[-3.78215,51.60478],[-3.78046,51.60302],[-3.78216,51.60252],[-3.78228,51.59834],[-3.78594,51.59847],[-3.78803,51.5988],[-3.79132,51.60005],[-3.7916,51.59987],[-3.79501,51.60128],[-3.7993,51.60472],[-3.81029,51.61524],[-3.81101,51.61493],[-3.81126,51.61517],[-3.81051,51.61675],[-3.80985,51.61706],[-3.80873,51.61613],[-3.80826,51.61615],[-3.80802,51.61565],[-3.80514,51.61478],[-3.80503,51.61528],[-3.80451,51.61529],[-3.80394,51.61486],[-3.80284,51.61474],[-3.8011,51.6141],[-3.79939,51.61488],[-3.80134,51.6135],[-3.80141,51.61214],[-3.80065,51.61252],[-3.79833,51.61284],[-3.79697,51.61143],[-3.79557,51.61236],[-3.79463,51.61272],[-3.79381,51.61269],[-3.79209,51.61354],[-3.79485,51.61575],[-3.79528,51.61769],[-3.79602,51.61888],[-3.79369,51.61916],[-3.79231,51.62043],[-3.78966,51.62114],[-3.79133,51.62733],[-3.78968,51.62734],[-3.78933,51.62703],[-3.7868,51.62735],[-3.78445,51.62698],[-3.78381,51.62748],[-3.78243,51.62767]]]}},{"type":"Feature","properties":{"id":"W01000890","name":"W01000890","parent":"W06000012","type":"LSOA","pop":1542,"r":176,"ff":59,"ffd":3826.2,"ffs":0.4758,"g":50,"co":0,"mo":0,"sa":2,"ic":0},"geometry":{"type":"Polygon","coordinates":[[[-3.79133,51.62733],[-3.78966,51.62114],[-3.79231,51.62043],[-3.79369,51.61916],[-3.79602,51.61888],[-3.79528,51.61769],[-3.79485,51.61575],[-3.79209,51.61354],[-3.79381,51.61269],[-3.79463,51.61272],[-3.79557,51.61236],[-3.79697,51.61143],[-3.79833,51.61284],[-3.80065,51.61252],[-3.80141,51.61214],[-3.80134,51.6135],[-3.79939,51.61488],[-3.8011,51.6141],[-3.80284,51.61474],[-3.80394,51.61486],[-3.80451,51.61529],[-3.80415,51.6168],[-3.80371,51.61703],[-3.80387,51.61787],[-3.80333,51.61808],[-3.80403,51.61881],[-3.80326,51.61997],[-3.80431,51.62078],[-3.80417,51.62115],[-3.80307,51.62038],[-3.80253,51.62037],[-3.80199,51.62079],[-3.80112,51.62065],[-3.8004,51.61944],[-3.79952,51.61903],[-3.79932,51.6191],[-3.79961,51.61952],[-3.79878,51.62022],[-3.79975,51.6203],[-3.80101,51.62224],[-3.80212,51.62296],[-3.8012,51.62438],[-3.80045,51.6269],[-3.7991,51.6265],[-3.79867,51.62716],[-3.79133,51.62733]]]}},{"type":"Feature","properties":{"id":"W01000891","name":"W01000891","parent":"W06000012","type":"LSOA","pop":1462,"r":198,"ff":65,"ffd":4446.0,"ffs":0.4745,"g":58,"co":0,"mo":0,"sa":2,"ic":0},"geometry":{"type":"Polygon","coordinates":[[[-3.82034,51.62911],[-3.8196,51.6287],[-3.81628,51.62833],[-3.81564,51.62706],[-3.81353,51.62639],[-3.81406,51.62579],[-3.80971,51.62508],[-3.80918,51.62472],[-3.80803,51.62485],[-3.80669,51.62454],[-3.80725,51.62291],[-3.8078,51.62262],[-3.80668,51.62222],[-3.80645,51.62165],[-3.8061,51.62191],[-3.80581,51.62133],[-3.80616,51.62072],[-3.80686,51.62065],[-3.80821,51.62013],[-3.80881,51.62039],[-3.80809,51.621],[-3.80882,51.62133],[-3.8134,51.62128],[-3.81386,51.62153],[-3.81351,51.62239],[-3.81427,51.6233],[-3.81509,51.62363],[-3.8162,51.62331],[-3.81721,51.62446],[-3.81828,51.62438],[-3.81861,51.62408],[-3.81958,51.62397],[-3.82131,51.62632],[-3.82222,51.62882],[-3.82081,51.6288],[-3.82034,51.62911]]]}},{"type":"Feature","properties":{"id":"W01000892","name":"W01000892","parent":"W06000012","type":"LSOA","pop":2021,"r":197,"ff":66,"ffd":3265.7,"ffs":0.4853,"g":58,"co":0,"mo":0,"sa":2,"ic":0},"geometry":{"type":"Polygon","coordinates":[[[-3.80231,51.62735],[-3.80045,51.6269],[-3.8012,51.62438],[-3.80212,51.62296],[-3.80101,51.62224],[-3.79975,51.6203],[-3.79878,51.62022],[-3.79961,51.61952],[-3.79932,51.6191],[-3.79952,51.61903],[-3.8004,51.61944],[-3.80112,51.62065],[-3.80199,51.62079],[-3.80253,51.62037],[-3.80307,51.62038],[-3.80417,51.62115],[-3.80431,51.62078],[-3.80326,51.61997],[-3.80403,51.61881],[-3.80333,51.61808],[-3.80387,51.61787],[-3.80371,51.61703],[-3.80415,51.6168],[-3.80451,51.61529],[-3.80503,51.61528],[-3.80514,51.61478],[-3.80802,51.61565],[-3.80826,51.61615],[-3.80873,51.61613],[-3.80985,51.61706],[-3.81051,51.61675],[-3.81126,51.61517],[-3.81101,51.61493],[-3.81301,51.61385],[-3.81531,51.61143],[-3.81769,51.60962],[-3.81826,51.61301],[-3.82065,51.61116],[-3.82709,51.60737],[-3.83685,51.60431],[-3.84414,51.60858],[-3.849,51.61235],[-3.85083,51.61447],[-3.84987,51.61546],[-3.84715,51.61642],[-3.84536,51.61775],[-3.8435,51.61788],[-3.84325,51.61887],[-3.83943,51.62007],[-3.83961,51.62064],[-3.84505,51.61947],[-3.83776,51.62156],[-3.8293,51.61826],[-3.81913,51.62353],[-3.81958,51.62397],[-3.81861,51.62408],[-3.81828,51.62438],[-3.81721,51.62446],[-3.8162,51.62331],[-3.81509,51.62363],[-3.81427,51.6233],[-3.81351,51.62239],[-3.81386,51.62153],[-3.8134,51.62128],[-3.80882,51.62133],[-3.80809,51.621],[-3.80881,51.62039],[-3.80821,51.62013],[-3.80686,51.62065],[-3.80616,51.62072],[-3.80581,51.62133],[-3.8061,51.62191],[-3.80645,51.62165],[-3.80668,51.62222],[-3.8078,51.62262],[-3.80725,51.62291],[-3.80669,51.62454],[-3.80803,51.62485],[-3.80918,51.62472],[-3.80971,51.62508],[-3.81406,51.62579],[-3.81353,51.62639],[-3.81564,51.62706],[-3.81628,51.62833],[-3.81037,51.62764],[-3.80969,51.62766],[-3.8096,51.6281],[-3.80754,51.62775],[-3.8058,51.62806],[-3.80231,51.62735]]]}},{"type":"Feature","properties":{"id":"W01000893","name":"W01000893","parent":"W06000012","type":"LSOA","pop":1959,"r":5,"ff":1,"ffd":51.0,"ffs":0.25,"g":0,"co":3,"mo":3,"sa":3,"ic":1},"geometry":{"type":"Polygon","coordinates":[[[-3.60825,51.74583],[-3.60705,51.74448],[-3.60589,51.744],[-3.60586,51.74335],[-3.59845,51.73998],[-3.5967,51.73982],[-3.59514,51.73904],[-3.59318,51.73893],[-3.59153,51.73848],[-3.59038,51.7381],[-3.58915,51.73719],[-3.58637,51.73756],[-3.58541,51.73724],[-3.58466,51.73831],[-3.5838,51.73833],[-3.58144,51.73463],[-3.5798,51.72391],[-3.57896,51.7222],[-3.57871,51.71824],[-3.58221,51.71404],[-3.59281,51.71995],[-3.60017,51.72084],[-3.61187,51.71661],[-3.61737,51.71223],[-3.61819,51.71103],[-3.62371,51.71042],[-3.62718,51.71151],[-3.63059,51.71155],[-3.63452,51.71347],[-3.63649,51.71523],[-3.63898,51.71481],[-3.63961,51.71444],[-3.64053,51.71451],[-3.64249,51.71344],[-3.64356,51.7135],[-3.64434,51.71215],[-3.64613,51.71085],[-3.65692,51.71924],[-3.65902,51.72195],[-3.66131,51.72364],[-3.66478,51.72508],[-3.65984,51.72725],[-3.65492,51.72875],[-3.65403,51.72963],[-3.65366,51.7313],[-3.65258,51.73302],[-3.64908,51.73579],[-3.6477,51.73782],[-3.64646,51.73867],[-3.64461,51.73897],[-3.63982,51.73789],[-3.63786,51.7385],[-3.63924,51.73933],[-3.64005,51.74015],[-3.64004,51.74073],[-3.63301,51.74278],[-3.62953,51.74436],[-3.62896,51.74326],[-3.62781,51.74346],[-3.62822,51.74242],[-3.62789,51.74227],[-3.62538,51.74314],[-3.62032,51.74344],[-3.61542,51.74418],[-3.61004,51.74561],[-3.60972,51.74548],[-3.60962,51.74578],[-3.60825,51.74583]]]}},{"type":"Feature","properties":{"id":"W01000894","name":"W01000894","parent":"W06000012","type":"LSOA","pop":1406,"r":173,"ff":56,"ffd":3982.9,"ffs":0.4786,"g":54,"co":0,"mo":0,"sa":2,"ic":0},"geometry":{"type":"Polygon","coordinates":[[[-3.81341,51.64588],[-3.8114,51.64396],[-3.81106,51.64336],[-3.81161,51.64327],[-3.81055,51.64236],[-3.80881,51.64203],[-3.80797,51.6424],[-3.80736,51.64393],[-3.80546,51.64351],[-3.80344,51.64405],[-3.80222,51.64301],[-3.80127,51.64286],[-3.80019,51.64312],[-3.79942,51.64244],[-3.79831,51.64275],[-3.79788,51.64257],[-3.79862,51.64135],[-3.79393,51.642],[-3.79258,51.64178],[-3.79009,51.64077],[-3.78863,51.64058],[-3.7855,51.64128],[-3.78355,51.64124],[-3.78016,51.63991],[-3.77764,51.63985],[-3.77736,51.63909],[-3.77827,51.63623],[-3.777,51.63493],[-3.77627,51.63267],[-3.7747,51.63094],[-3.77555,51.6295],[-3.77953,51.62819],[-3.78381,51.62748],[-3.78445,51.62698],[-3.7868,51.62735],[-3.78933,51.62703],[-3.78968,51.62734],[-3.79867,51.62716],[-3.7991,51.6265],[-3.80231,51.62735],[-3.80377,51.62883],[-3.79909,51.62897],[-3.79847,51.62976],[-3.79935,51.63076],[-3.79935,51.63158],[-3.79722,51.63285],[-3.80022,51.63288],[-3.80086,51.63334],[-3.8023,51.63307],[-3.80369,51.63323],[-3.80515,51.63361],[-3.80576,51.63433],[-3.81043,51.63625],[-3.81152,51.63631],[-3.81251,51.63766],[-3.81098,51.63848],[-3.81057,51.6391],[-3.81402,51.63838],[-3.8157,51.63756],[-3.81668,51.63748],[-3.81641,51.63697],[-3.81731,51.63709],[-3.81742,51.63847],[-3.81985,51.63865],[-3.81963,51.64016],[-3.8197,51.64261],[-3.82053,51.64409],[-3.82171,51.64511],[-3.81953,51.64442],[-3.81957,51.64479],[-3.81854,51.6444],[-3.81448,51.64421],[-3.81456,51.64592],[-3.81341,51.64588]]]}},{"type":"Feature","properties":{"id":"W01000895","name":"W01000895","parent":"W06000012","type":"LSOA","pop":1523,"r":198,"ff":62,"ffd":4070.9,"ffs":0.4662,"g":62,"co":0,"mo":0,"sa":2,"ic":0},"geometry":{"type":"Polygon","coordinates":[[[-3.81251,51.63766],[-3.81152,51.63631],[-3.81043,51.63625],[-3.80576,51.63433],[-3.80515,51.63361],[-3.8023,51.63307],[-3.80086,51.63334],[-3.80022,51.63288],[-3.79722,51.63285],[-3.79935,51.63158],[-3.79935,51.63076],[-3.79847,51.62976],[-3.79909,51.62897],[-3.80377,51.62883],[-3.80231,51.62735],[-3.8058,51.62806],[-3.80754,51.62775],[-3.8096,51.6281],[-3.80969,51.62766],[-3.81037,51.62764],[-3.8196,51.6287],[-3.82034,51.62911],[-3.82081,51.6288],[-3.82222,51.62882],[-3.82209,51.63119],[-3.82144,51.63338],[-3.82042,51.63583],[-3.81985,51.63865],[-3.81742,51.63847],[-3.81731,51.63709],[-3.81641,51.63697],[-3.81668,51.63748],[-3.8157,51.63756],[-3.81402,51.63838],[-3.81057,51.6391],[-3.81098,51.63848],[-3.81251,51.63766]]]}},{"type":"Feature","properties":{"id":"W01000896","name":"W01000896","parent":"W06000012","type":"LSOA","pop":1645,"r":173,"ff":56,"ffd":3404.3,"ffs":0.4786,"g":54,"co":0,"mo":0,"sa":2,"ic":0},"geometry":{"type":"Polygon","coordinates":[[[-3.83252,51.65119],[-3.8261,51.64781],[-3.82171,51.64511],[-3.82053,51.64409],[-3.8197,51.64261],[-3.81959,51.64209],[-3.8209,51.642],[-3.82076,51.64147],[-3.82158,51.64155],[-3.82115,51.63901],[-3.82186,51.63936],[-3.82214,51.6388],[-3.82308,51.63879],[-3.82301,51.63819],[-3.82351,51.63817],[-3.82326,51.63765],[-3.82408,51.63765],[-3.82391,51.63732],[-3.8248,51.63713],[-3.82624,51.63776],[-3.82708,51.63746],[-3.8276,51.63784],[-3.82877,51.63742],[-3.829,51.63783],[-3.83119,51.63705],[-3.83256,51.63734],[-3.83428,51.63828],[-3.83526,51.63974],[-3.83448,51.64058],[-3.83191,51.64123],[-3.83136,51.64165],[-3.83183,51.6414],[-3.83207,51.6417],[-3.83115,51.64217],[-3.83237,51.64166],[-3.83221,51.64129],[-3.83494,51.64048],[-3.83514,51.64065],[-3.83542,51.64035],[-3.83549,51.64219],[-3.83623,51.64217],[-3.83638,51.64169],[-3.83757,51.64367],[-3.83771,51.64694],[-3.83735,51.64934],[-3.8363,51.65128],[-3.83408,51.651],[-3.83105,51.65011],[-3.83266,51.65074],[-3.83445,51.65115],[-3.83611,51.65138],[-3.83598,51.65162],[-3.83252,51.65119]]]}},{"type":"Feature","properties":{"id":"W01000897","name":"W01000897","parent":"W06000012","type":"LSOA","pop":1278,"r":187,"ff":58,"ffd":4538.3,"ffs":0.464,"g":59,"co":0,"mo":0,"sa":2,"ic":0},"geometry":{"type":"Polygon","coordinates":[[[-3.81985,51.63865],[-3.82042,51.63583],[-3.82144,51.63338],[-3.82209,51.63119],[-3.82222,51.62882],[-3.82131,51.62632],[-3.81913,51.62353],[-3.8293,51.61826],[-3.83776,51.62156],[-3.83477,51.62271],[-3.83317,51.62381],[-3.83228,51.62498],[-3.83062,51.62513],[-3.82801,51.62601],[-3.82665,51.62672],[-3.82692,51.62715],[-3.82647,51.62686],[-3.82468,51.6283],[-3.82606,51.62886],[-3.82739,51.6279],[-3.8269,51.62741],[-3.82769,51.6269],[-3.82851,51.62728],[-3.82995,51.62646],[-3.83167,51.62603],[-3.83071,51.63153],[-3.83043,51.63531],[-3.83076,51.63696],[-3.83119,51.63705],[-3.829,51.63783],[-3.82877,51.63742],[-3.8276,51.63784],[-3.82708,51.63746],[-3.82624,51.63776],[-3.8248,51.63713],[-3.82391,51.63732],[-3.82408,51.63765],[-3.82326,51.63765],[-3.82351,51.63817],[-3.82301,51.63819],[-3.82308,51.63879],[-3.82214,51.6388],[-3.82186,51.63936],[-3.82115,51.63901],[-3.82158,51.64155],[-3.82076,51.64147],[-3.8209,51.642],[-3.81959,51.64209],[-3.81985,51.63865]]]}},{"type":"Feature","properties":{"id":"W01000898","name":"W01000898","parent":"W06000012","type":"LSOA","pop":1406,"r":29,"ff":17,"ffd":1209.1,"ffs":0.6071,"g":0,"co":3,"mo":3,"sa":3,"ic":1},"geometry":{"type":"Polygon","coordinates":[[[-3.74603,51.63501],[-3.74531,51.63317],[-3.74344,51.63301],[-3.7413,51.63324],[-3.73735,51.63249],[-3.73524,51.6325],[-3.73459,51.6326],[-3.7337,51.63419],[-3.73129,51.63599],[-3.72889,51.63628],[-3.72474,51.63755],[-3.72384,51.63644],[-3.72092,51.63443],[-3.70345,51.62837],[-3.68822,51.62706],[-3.68727,51.62759],[-3.67733,51.62769],[-3.6807,51.6219],[-3.67886,51.62131],[-3.67799,51.61846],[-3.67968,51.61609],[-3.68257,51.60908],[-3.68124,51.60828],[-3.67897,51.60798],[-3.67781,51.60723],[-3.6777,51.6054],[-3.67864,51.60297],[-3.67839,51.60243],[-3.67675,51.60132],[-3.67783,51.60139],[-3.68158,51.60271],[-3.6842,51.60325],[-3.68775,51.60372],[-3.69083,51.60365],[-3.69165,51.60232],[-3.69233,51.59845],[-3.69355,51.59705],[-3.69471,51.59786],[-3.69626,51.59835],[-3.6999,51.59897],[-3.70127,51.59871],[-3.70229,51.59815],[-3.7057,51.59772],[-3.70837,51.59688],[-3.70902,51.59631],[-3.70946,51.59757],[-3.71362,51.59895],[-3.71577,51.59911],[-3.71655,51.59887],[-3.71928,51.59887],[-3.72611,51.60052],[-3.7321,51.60012],[-3.7347,51.60026],[-3.73592,51.60105],[-3.73665,51.60109],[-3.74218,51.60065],[-3.74143,51.60138],[-3.74003,51.60444],[-3.74279,51.60384],[-3.74406,51.60448],[-3.74512,51.60634],[-3.74727,51.60834],[-3.7465,51.60936],[-3.74473,51.61048],[-3.74704,51.61163],[-3.74799,51.61245],[-3.74869,51.61232],[-3.75025,51.61283],[-3.75328,51.61313],[-3.75372,51.61414],[-3.75097,51.61489],[-3.75198,51.61698],[-3.75016,51.61762],[-3.75103,51.6186],[-3.75068,51.62089],[-3.75118,51.62103],[-3.75101,51.62126],[-3.7514,51.6211],[-3.75305,51.62177],[-3.75193,51.62185],[-3.7508,51.62235],[-3.75261,51.62344],[-3.75986,51.62994],[-3.75979,51.6309],[-3.75462,51.63307],[-3.75265,51.6343],[-3.75174,51.6343],[-3.751,51.63628],[-3.7496,51.63752],[-3.74603,51.63501]]]}},{"type":"Feature","properties":{"id":"W01000899","name":"W01000899","parent":"W06000012","type":"LSOA","pop":1887,"r":108,"ff":40,"ffd":2119.8,"ffs":0.5063,"g":27,"co":0,"mo":2,"sa":3,"ic":0},"geometry":{"type":"Polygon","coordinates":[[[-3.76438,51.61961],[-3.76346,51.61904],[-3.76402,51.61855],[-3.76482,51.61711],[-3.76442,51.6162],[-3.76263,51.61691],[-3.76074,51.61617],[-3.75979,51.61676],[-3.75886,51.6169],[-3.75841,51.61638],[-3.75969,51.61579],[-3.75918,51.6155],[-3.75937,51.61495],[-3.76242,51.61377],[-3.76299,51.61418],[-3.76345,51.61405],[-3.76329,51.61339],[-3.76426,51.61275],[-3.76366,51.61242],[-3.76605,51.6119],[-3.76798,51.61222],[-3.76879,51.6112],[-3.76835,51.6104],[-3.76915,51.60986],[-3.77141,51.61028],[-3.77124,51.61141],[-3.77022,51.61214],[-3.77233,51.61274],[-3.77303,51.6126],[-3.77392,51.61329],[-3.7749,51.61345],[-3.77879,51.61305],[-3.77901,51.61475],[-3.77525,51.61535],[-3.7728,51.615],[-3.77163,51.61512],[-3.77187,51.61544],[-3.76933,51.61658],[-3.76855,51.61605],[-3.76622,51.61578],[-3.76608,51.61619],[-3.76667,51.6165],[-3.76836,51.61664],[-3.76786,51.6169],[-3.76833,51.61743],[-3.76864,51.61818],[-3.76796,51.6183],[-3.76798,51.61867],[-3.76718,51.61918],[-3.76787,51.61947],[-3.7678,51.61973],[-3.76618,51.61933],[-3.76623,51.61971],[-3.76527,51.62037],[-3.76395,51.62041],[-3.76234,51.62111],[-3.76438,51.61961]]]}},{"type":"Feature","properties":{"id":"W01000900","name":"W01000900","parent":"W06000012","type":"LSOA","pop":1523,"r":98,"ff":37,"ffd":2429.4,"ffs":0.5,"g":22,"co":0,"mo":2,"sa":3,"ic":0},"geometry":{"type":"Polygon","coordinates":[[[-3.75478,51.61808],[-3.75394,51.6177],[-3.75318,51.61791],[-3.75198,51.61698],[-3.75097,51.61489],[-3.75372,51.61414],[-3.75328,51.61313],[-3.75025,51.61283],[-3.74869,51.61232],[-3.74799,51.61245],[-3.74704,51.61163],[-3.74473,51.61048],[-3.7465,51.60936],[-3.74727,51.60834],[-3.74512,51.60634],[-3.74406,51.60448],[-3.75129,51.60308],[-3.75422,51.60278],[-3.75703,51.60131],[-3.75779,51.60054],[-3.76147,51.60156],[-3.76407,51.60275],[-3.76633,51.60469],[-3.76763,51.60495],[-3.76881,51.6056],[-3.76824,51.60729],[-3.76869,51.60816],[-3.77071,51.60812],[-3.77159,51.60642],[-3.77239,51.60596],[-3.77703,51.60747],[-3.77606,51.60907],[-3.77602,51.61072],[-3.77505,51.6115],[-3.7749,51.61345],[-3.77392,51.61329],[-3.77303,51.6126],[-3.77233,51.61274],[-3.77022,51.61214],[-3.77124,51.61141],[-3.77141,51.61028],[-3.76915,51.60986],[-3.76835,51.6104],[-3.76879,51.6112],[-3.76798,51.61222],[-3.76605,51.6119],[-3.76366,51.61242],[-3.76426,51.61275],[-3.76329,51.61339],[-3.76345,51.61405],[-3.76299,51.61418],[-3.76242,51.61377],[-3.75937,51.61495],[-3.75918,51.6155],[-3.75969,51.61579],[-3.75841,51.61638],[-3.75886,51.6169],[-3.75979,51.61676],[-3.76074,51.61617],[-3.76263,51.61691],[-3.76442,51.6162],[-3.76482,51.61711],[-3.7643,51.61783],[-3.76368,51.61793],[-3.76324,51.61747],[-3.76202,51.61799],[-3.76177,51.61773],[-3.76141,51.61816],[-3.7555,51.61997],[-3.75494,51.61988],[-3.75484,51.61934],[-3.75564,51.61875],[-3.75478,51.61808]]]}},{"type":"Feature","properties":{"id":"W01000901","name":"W01000901","parent":"W06000012","type":"LSOA","pop":1685,"r":100,"ff":38,"ffd":2255.2,"ffs":0.5,"g":22,"co":0,"mo":2,"sa":3,"ic":0},"geometry":{"type":"Polygon","coordinates":[[[-3.75986,51.62994],[-3.75261,51.62344],[-3.7508,51.62235],[-3.75193,51.62185],[-3.75305,51.62177],[-3.7514,51.6211],[-3.75101,51.62126],[-3.75118,51.62103],[-3.75068,51.62089],[-3.75103,51.6186],[-3.75016,51.61762],[-3.75198,51.61698],[-3.75318,51.61791],[-3.75394,51.6177],[-3.75564,51.61875],[-3.75484,51.61934],[-3.75494,51.61988],[-3.7555,51.61997],[-3.76141,51.61816],[-3.76177,51.61773],[-3.76202,51.61799],[-3.76324,51.61747],[-3.76368,51.61793],[-3.7643,51.61783],[-3.76402,51.61855],[-3.76346,51.61904],[-3.76438,51.61961],[-3.76234,51.62111],[-3.76395,51.62041],[-3.76527,51.62037],[-3.76623,51.61971],[-3.76618,51.61933],[-3.7678,51.61973],[-3.76787,51.61947],[-3.76718,51.61918],[-3.76798,51.61867],[-3.76796,51.6183],[-3.76864,51.61818],[-3.76833,51.61743],[-3.76786,51.6169],[-3.76836,51.61664],[-3.76667,51.6165],[-3.76608,51.61619],[-3.76622,51.61578],[-3.76855,51.61605],[-3.76933,51.61658],[-3.77187,51.61544],[-3.77163,51.61512],[-3.7728,51.615],[-3.77525,51.61535],[-3.77901,51.61475],[-3.77879,51.61305],[-3.7749,51.61345],[-3.77505,51.6115],[-3.77602,51.61072],[-3.77735,51.61084],[-3.77781,51.61117],[-3.77929,51.61066],[-3.78037,51.61078],[-3.78271,51.61189],[-3.78367,51.61195],[-3.7864,51.61286],[-3.7852,51.61389],[-3.7849,51.61497],[-3.7853,51.61514],[-3.78524,51.61597],[-3.78421,51.61656],[-3.78522,51.61737],[-3.78676,51.61784],[-3.78643,51.61896],[-3.78543,51.61995],[-3.78311,51.62021],[-3.78142,51.62084],[-3.7819,51.62291],[-3.78159,51.62476],[-3.78243,51.62767],[-3.77953,51.62819],[-3.77616,51.6293],[-3.77565,51.62785],[-3.76013,51.62795],[-3.75995,51.62818],[-3.75986,51.62994]]]}},{"type":"Feature","properties":{"id":"W01000904","name":"W01000904","parent":"W06000012","type":"LSOA","pop":1441,"r":124,"ff":38,"ffd":2637.1,"ffs":0.4935,"g":45,"co":0,"mo":0,"sa":2,"ic":0},"geometry":{"type":"Polygon","coordinates":[[[-3.82153,51.67478],[-3.82179,51.67342],[-3.82033,51.67538],[-3.81783,51.67557],[-3.81809,51.67509],[-3.817,51.67397],[-3.81739,51.67339],[-3.81701,51.67331],[-3.81902,51.67187],[-3.82065,51.67255],[-3.82107,51.6717],[-3.82246,51.67096],[-3.82241,51.67022],[-3.82277,51.6696],[-3.82097,51.66919],[-3.82058,51.66844],[-3.81924,51.66805],[-3.82077,51.66756],[-3.82148,51.66689],[-3.82094,51.66611],[-3.82569,51.66505],[-3.82625,51.66634],[-3.82719,51.66754],[-3.82776,51.66774],[-3.82772,51.66888],[-3.82732,51.66942],[-3.82547,51.67018],[-3.82525,51.67099],[-3.82538,51.67188],[-3.82447,51.6726],[-3.82498,51.67347],[-3.82354,51.67331],[-3.8237,51.6742],[-3.82308,51.67445],[-3.82327,51.67647],[-3.82231,51.67689],[-3.82129,51.67626],[-3.82127,51.6754],[-3.82186,51.67504],[-3.82153,51.67478]]]}},{"type":"Feature","properties":{"id":"W01000905","name":"W01000905","parent":"W06000012","type":"LSOA","pop":1437,"r":82,"ff":31,"ffd":2157.3,"ffs":0.5167,"g":21,"co":0,"mo":0,"sa":3,"ic":0},"geometry":{"type":"Polygon","coordinates":[[[-3.81217,51.67578],[-3.8101,51.67472],[-3.8095,51.67362],[-3.80885,51.67372],[-3.80869,51.67341],[-3.80917,51.67308],[-3.80849,51.67283],[-3.8091,51.6721],[-3.81005,51.67178],[-3.81054,51.67234],[-3.81019,51.67272],[-3.81142,51.67309],[-3.81157,51.67285],[-3.81181,51.67316],[-3.81451,51.67214],[-3.81376,51.67093],[-3.81548,51.67079],[-3.81579,51.6712],[-3.81671,51.67103],[-3.81732,51.6715],[-3.81828,51.67147],[-3.81902,51.67187],[-3.81701,51.67331],[-3.81739,51.67339],[-3.817,51.67397],[-3.81809,51.67509],[-3.81783,51.67557],[-3.82033,51.67538],[-3.82179,51.67342],[-3.82153,51.67478],[-3.82186,51.67504],[-3.82127,51.6754],[-3.82129,51.67626],[-3.81536,51.67683],[-3.81293,51.67588],[-3.81217,51.67578]]]}},{"type":"Feature","properties":{"id":"W01000907","name":"W01000907","parent":"W06000012","type":"LSOA","pop":1734,"r":103,"ff":35,"ffd":2018.5,"ffs":0.5147,"g":33,"co":0,"mo":0,"sa":3,"ic":0},"geometry":{"type":"Polygon","coordinates":[[[-3.81181,51.67316],[-3.81157,51.67285],[-3.81142,51.67309],[-3.81019,51.67272],[-3.81054,51.67234],[-3.81005,51.67178],[-3.8091,51.6721],[-3.80886,51.67008],[-3.80934,51.66976],[-3.80892,51.66929],[-3.80945,51.66843],[-3.81115,51.66832],[-3.81251,51.66959],[-3.81328,51.66936],[-3.81324,51.66896],[-3.81442,51.6681],[-3.8155,51.66773],[-3.81545,51.66727],[-3.82094,51.66611],[-3.82148,51.66689],[-3.82077,51.66756],[-3.81924,51.66805],[-3.82058,51.66844],[-3.82097,51.66919],[-3.82277,51.6696],[-3.82241,51.67022],[-3.82246,51.67096],[-3.82107,51.6717],[-3.82065,51.67255],[-3.81828,51.67147],[-3.81732,51.6715],[-3.81671,51.67103],[-3.81579,51.6712],[-3.81548,51.67079],[-3.81483,51.67076],[-3.81376,51.67093],[-3.81451,51.67214],[-3.81181,51.67316]]]}},{"type":"Feature","properties":{"id":"W01000908","name":"W01000908","parent":"W06000012","type":"LSOA","pop":1542,"r":99,"ff":33,"ffd":2140.1,"ffs":0.5077,"g":32,"co":2,"mo":2,"sa":3,"ic":0},"geometry":{"type":"Polygon","coordinates":[[[-3.78408,51.6933],[-3.78321,51.69269],[-3.78239,51.69261],[-3.78259,51.69235],[-3.7834,51.69207],[-3.78278,51.69105],[-3.78291,51.69007],[-3.78409,51.68808],[-3.78448,51.68836],[-3.78541,51.68695],[-3.78629,51.68396],[-3.78752,51.68226],[-3.78688,51.68115],[-3.78529,51.68139],[-3.78407,51.68202],[-3.7832,51.68165],[-3.78422,51.68062],[-3.78313,51.67995],[-3.78338,51.67976],[-3.78238,51.67934],[-3.78372,51.67782],[-3.78505,51.67744],[-3.78116,51.67486],[-3.78545,51.67397],[-3.78865,51.67245],[-3.7892,51.67209],[-3.78944,51.6703],[-3.79053,51.6697],[-3.7925,51.66939],[-3.79289,51.66862],[-3.79358,51.66827],[-3.79362,51.6672],[-3.79688,51.66699],[-3.79606,51.66767],[-3.79697,51.66727],[-3.79752,51.66804],[-3.79708,51.66699],[-3.79818,51.66793],[-3.79742,51.66704],[-3.80139,51.66647],[-3.80141,51.66686],[-3.80047,51.66721],[-3.80127,51.66733],[-3.80161,51.66649],[-3.8026,51.66658],[-3.8029,51.667],[-3.80708,51.66905],[-3.80774,51.66869],[-3.80818,51.66903],[-3.80786,51.66923],[-3.80824,51.66986],[-3.80532,51.67162],[-3.80195,51.67435],[-3.8035,51.67557],[-3.80284,51.67592],[-3.80337,51.67707],[-3.80225,51.67744],[-3.80192,51.67779],[-3.80296,51.67827],[-3.80026,51.68095],[-3.80013,51.68122],[-3.80075,51.68144],[-3.79998,51.68203],[-3.7999,51.6826],[-3.801,51.68327],[-3.80097,51.68416],[-3.80169,51.68493],[-3.8018,51.68792],[-3.80229,51.68868],[-3.80188,51.68907],[-3.80268,51.69063],[-3.80073,51.69111],[-3.80108,51.69248],[-3.80182,51.69241],[-3.80179,51.69339],[-3.80095,51.69366],[-3.80001,51.69474],[-3.79899,51.69798],[-3.79735,51.69881],[-3.7968,51.69994],[-3.79639,51.70217],[-3.79804,51.70396],[-3.7977,51.70611],[-3.79642,51.70779],[-3.79053,51.70537],[-3.79148,51.70483],[-3.79327,51.7021],[-3.79202,51.7009],[-3.79268,51.69991],[-3.79217,51.69895],[-3.79135,51.6984],[-3.79111,51.6968],[-3.79023,51.69578],[-3.7901,51.69497],[-3.7898,51.69462],[-3.78805,51.6943],[-3.78608,51.69349],[-3.78408,51.6933]]]}},{"type":"Feature","properties":{"id":"W01000909","name":"W01000909","parent":"W06000012","type":"LSOA","pop":1077,"r":91,"ff":32,"ffd":2971.2,"ffs":0.5079,"g":26,"co":0,"mo":0,"sa":3,"ic":0},"geometry":{"type":"Polygon","coordinates":[[[-3.78878,51.66016],[-3.78704,51.6599],[-3.78253,51.66008],[-3.78161,51.65956],[-3.78248,51.65753],[-3.78446,51.65623],[-3.78218,51.65571],[-3.78303,51.65476],[-3.7819,51.65522],[-3.78137,51.65512],[-3.78259,51.65443],[-3.78217,51.65414],[-3.77997,51.65438],[-3.78121,51.65383],[-3.77893,51.65403],[-3.77817,51.65366],[-3.77864,51.653],[-3.77788,51.65306],[-3.7776,51.65218],[-3.77956,51.65251],[-3.78073,51.65096],[-3.78399,51.65079],[-3.78409,51.65037],[-3.78495,51.64996],[-3.78911,51.65257],[-3.78881,51.65377],[-3.78929,51.65517],[-3.79043,51.65599],[-3.79044,51.65789],[-3.79177,51.65877],[-3.79264,51.65869],[-3.79296,51.65917],[-3.79263,51.6594],[-3.78974,51.65944],[-3.78878,51.66016]]]}},{"type":"Feature","properties":{"id":"W01000910","name":"W01000910","parent":"W06000012","type":"LSOA","pop":1344,"r":77,"ff":31,"ffd":2306.5,"ffs":0.5345,"g":17,"co":0,"mo":0,"sa":3,"ic":0},"geometry":{"type":"Polygon","coordinates":[[[-3.77545,51.65299],[-3.775,51.65299],[-3.77543,51.65327],[-3.77502,51.65322],[-3.77498,51.65349],[-3.77547,51.65368],[-3.7754,51.65428],[-3.77493,51.65429],[-3.77533,51.65472],[-3.77487,51.65487],[-3.77536,51.6553],[-3.77514,51.65596],[-3.77024,51.655],[-3.77182,51.65352],[-3.77222,51.65202],[-3.7746,51.6521],[-3.77464,51.65143],[-3.77322,51.65144],[-3.77271,51.6511],[-3.77239,51.65027],[-3.77307,51.6484],[-3.77085,51.64807],[-3.76869,51.64811],[-3.76934,51.64581],[-3.77159,51.6426],[-3.7773,51.64039],[-3.77798,51.6405],[-3.77764,51.63985],[-3.78016,51.63991],[-3.78355,51.64124],[-3.78503,51.64328],[-3.7867,51.64451],[-3.78612,51.64601],[-3.78661,51.64694],[-3.78495,51.64869],[-3.78495,51.64996],[-3.78409,51.65037],[-3.78399,51.65079],[-3.78073,51.65096],[-3.77956,51.65251],[-3.7776,51.65218],[-3.77788,51.65306],[-3.77721,51.65508],[-3.77736,51.65661],[-3.77591,51.65632],[-3.77674,51.65544],[-3.77681,51.65504],[-3.77598,51.65501],[-3.77673,51.65386],[-3.77603,51.65363],[-3.7761,51.6531],[-3.77545,51.65299]]]}},{"type":"Feature","properties":{"id":"W01000911","name":"W01000911","parent":"W06000012","type":"LSOA","pop":1123,"r":74,"ff":28,"ffd":2493.3,"ffs":0.5091,"g":17,"co":0,"mo":0,"sa":3,"ic":0},"geometry":{"type":"Polygon","coordinates":[[[-3.76449,51.65805],[-3.76605,51.65629],[-3.7672,51.65212],[-3.76607,51.64955],[-3.76609,51.64833],[-3.7648,51.64686],[-3.76406,51.64661],[-3.76779,51.6434],[-3.77159,51.6426],[-3.76934,51.64581],[-3.76869,51.64811],[-3.77085,51.64807],[-3.77307,51.6484],[-3.77239,51.65027],[-3.77271,51.6511],[-3.77322,51.65144],[-3.77464,51.65143],[-3.7746,51.6521],[-3.77222,51.65202],[-3.77182,51.65352],[-3.77024,51.655],[-3.77514,51.65596],[-3.77536,51.6553],[-3.77487,51.65487],[-3.77533,51.65472],[-3.77493,51.65429],[-3.7754,51.65428],[-3.77547,51.65368],[-3.77498,51.65349],[-3.77502,51.65322],[-3.77543,51.65327],[-3.775,51.65299],[-3.7761,51.6531],[-3.77603,51.65363],[-3.77673,51.65386],[-3.77598,51.65501],[-3.77681,51.65504],[-3.77674,51.65544],[-3.77591,51.65632],[-3.77736,51.65661],[-3.77721,51.65508],[-3.77788,51.65306],[-3.77864,51.653],[-3.77817,51.65366],[-3.77893,51.65403],[-3.78121,51.65383],[-3.77997,51.65438],[-3.78217,51.65414],[-3.78259,51.65443],[-3.78137,51.65512],[-3.7819,51.65522],[-3.78303,51.65476],[-3.78218,51.65571],[-3.78446,51.65623],[-3.78248,51.65753],[-3.78183,51.65896],[-3.78161,51.65956],[-3.78253,51.66008],[-3.78279,51.66068],[-3.78225,51.66172],[-3.77687,51.66687],[-3.77417,51.66773],[-3.7726,51.6678],[-3.77185,51.66731],[-3.76997,51.66726],[-3.76802,51.66554],[-3.76729,51.66542],[-3.7658,51.66278],[-3.76445,51.66243],[-3.76475,51.6616],[-3.76532,51.66134],[-3.76138,51.66043],[-3.76173,51.65949],[-3.76449,51.65805]]]}},{"type":"Feature","properties":{"id":"W01000912","name":"W01000912","parent":"W06000012","type":"LSOA","pop":1187,"r":166,"ff":46,"ffd":3875.3,"ffs":0.4423,"g":60,"co":0,"mo":0,"sa":2,"ic":0},"geometry":{"type":"Polygon","coordinates":[[[-3.83654,51.6621],[-3.83518,51.66035],[-3.83387,51.6591],[-3.83456,51.65817],[-3.83524,51.65669],[-3.83677,51.65687],[-3.83779,51.65463],[-3.84086,51.65296],[-3.84133,51.65403],[-3.84181,51.65424],[-3.84134,51.65456],[-3.84239,51.65494],[-3.84255,51.65551],[-3.84151,51.65642],[-3.84088,51.65635],[-3.84022,51.65679],[-3.8414,51.65753],[-3.84116,51.65796],[-3.84155,51.65819],[-3.84032,51.659],[-3.8406,51.65932],[-3.84106,51.66079],[-3.84188,51.66109],[-3.83861,51.66089],[-3.8385,51.66117],[-3.8379,51.66119],[-3.83778,51.66215],[-3.83654,51.6621]]]}},{"type":"Feature","properties":{"id":"W01000913","name":"W01000913","parent":"W06000012","type":"LSOA","pop":1149,"r":5,"ff":0,"ffd":0.0,"ffs":0.0,"g":0,"co":1,"mo":1,"sa":3,"ic":1},"geometry":{"type":"Polygon","coordinates":[[[-3.8385,51.66117],[-3.83861,51.66089],[-3.84188,51.66109],[-3.84106,51.66079],[-3.8406,51.65932],[-3.84032,51.659],[-3.84155,51.65819],[-3.84116,51.65796],[-3.8414,51.65753],[-3.84022,51.65679],[-3.84088,51.65635],[-3.84151,51.65642],[-3.84155,51.65696],[-3.84252,51.65709],[-3.84357,51.65652],[-3.84455,51.65655],[-3.84519,51.65712],[-3.84591,51.65683],[-3.84698,51.65856],[-3.84749,51.66061],[-3.84585,51.66091],[-3.8461,51.66159],[-3.84175,51.66228],[-3.83778,51.66215],[-3.8379,51.66119],[-3.8385,51.66117]]]}},{"type":"Feature","properties":{"id":"W01000914","name":"W01000914","parent":"W06000012","type":"LSOA","pop":1640,"r":171,"ff":48,"ffd":2926.8,"ffs":0.4404,"g":60,"co":0,"mo":0,"sa":2,"ic":0},"geometry":{"type":"Polygon","coordinates":[[[-3.84677,51.65822],[-3.84591,51.65683],[-3.84519,51.65712],[-3.84455,51.65655],[-3.84357,51.65652],[-3.84252,51.65709],[-3.84155,51.65696],[-3.84151,51.65642],[-3.84255,51.65551],[-3.84239,51.65494],[-3.84134,51.65456],[-3.84181,51.65424],[-3.84133,51.65403],[-3.84086,51.65296],[-3.83779,51.65463],[-3.83677,51.65687],[-3.83524,51.65669],[-3.8334,51.65542],[-3.83748,51.65163],[-3.85022,51.65034],[-3.85166,51.65449],[-3.85372,51.65661],[-3.84677,51.65822]]]}},{"type":"Feature","properties":{"id":"W01000915","name":"W01000915","parent":"W06000012","type":"LSOA","pop":1129,"r":153,"ff":48,"ffd":4251.6,"ffs":0.4752,"g":50,"co":0,"mo":0,"sa":2,"ic":0},"geometry":{"type":"Polygon","coordinates":[[[-3.83777,51.66437],[-3.83654,51.6621],[-3.84175,51.66228],[-3.84446,51.66194],[-3.84745,51.6613],[-3.84948,51.66193],[-3.84801,51.66292],[-3.84853,51.66346],[-3.84828,51.6636],[-3.85113,51.66338],[-3.85202,51.66306],[-3.8537,51.66365],[-3.85253,51.66355],[-3.85167,51.66393],[-3.85,51.66376],[-3.84365,51.66524],[-3.8404,51.66561],[-3.83923,51.66511],[-3.8383,51.66509],[-3.83777,51.66437]]]}},{"type":"Feature","properties":{"id":"W01000916","name":"W01000916","parent":"W06000012","type":"LSOA","pop":1150,"r":212,"ff":65,"ffd":5652.2,"ffs":0.4392,"g":61,"co":0,"mo":0,"sa":2,"ic":0},"geometry":{"type":"Polygon","coordinates":[[[-3.85442,51.6685],[-3.85087,51.668],[-3.84911,51.6682],[-3.84942,51.66582],[-3.8479,51.66418],[-3.85,51.66376],[-3.85167,51.66393],[-3.85253,51.66355],[-3.8537,51.66365],[-3.85202,51.66306],[-3.85113,51.66338],[-3.84828,51.6636],[-3.84853,51.66346],[-3.84801,51.66292],[-3.84948,51.66193],[-3.84745,51.6613],[-3.85926,51.65891],[-3.86747,51.65807],[-3.87107,51.65833],[-3.87108,51.65852],[-3.86897,51.65829],[-3.86882,51.66037],[-3.86847,51.66109],[-3.86713,51.66188],[-3.8663,51.66401],[-3.86544,51.66448],[-3.86449,51.66444],[-3.8642,51.66487],[-3.86525,51.66558],[-3.86391,51.66761],[-3.8646,51.66916],[-3.86276,51.67022],[-3.86087,51.6706],[-3.86016,51.67162],[-3.85876,51.67218],[-3.85544,51.67125],[-3.85582,51.67044],[-3.85407,51.66991],[-3.85442,51.6685]]]}},{"type":"Feature","properties":{"id":"W01000918","name":"W01000918","parent":"W06000012","type":"LSOA","pop":1852,"r":7,"ff":2,"ffd":108.0,"ffs":0.3333,"g":0,"co":3,"mo":3,"sa":3,"ic":1},"geometry":{"type":"Polygon","coordinates":[[[-3.73954,51.75478],[-3.738,51.75215],[-3.73815,51.75113],[-3.7373,51.75039],[-3.73615,51.75023],[-3.73054,51.74791],[-3.728,51.74744],[-3.72899,51.74684],[-3.72926,51.746],[-3.73086,51.74494],[-3.72983,51.74396],[-3.7277,51.74364],[-3.72702,51.74414],[-3.72616,51.74387],[-3.72497,51.74419],[-3.72397,51.74405],[-3.72132,51.74193],[-3.71918,51.74133],[-3.71558,51.74195],[-3.71455,51.74336],[-3.71052,51.74235],[-3.70749,51.7411],[-3.70523,51.73877],[-3.70478,51.73791],[-3.70825,51.73223],[-3.71251,51.72883],[-3.7128,51.72806],[-3.71463,51.72705],[-3.72271,51.72052],[-3.73484,51.7122],[-3.73702,51.71309],[-3.7404,51.71277],[-3.74052,51.71208],[-3.7437,51.71007],[-3.74452,51.70974],[-3.74546,51.70989],[-3.74919,51.70777],[-3.75043,51.706],[-3.75055,51.70499],[-3.75166,51.70429],[-3.7526,51.70455],[-3.75385,51.70397],[-3.75779,51.70431],[-3.75891,51.70507],[-3.76093,51.70493],[-3.76172,51.70446],[-3.76625,51.70352],[-3.76798,51.70245],[-3.76918,51.70328],[-3.7693,51.70416],[-3.77278,51.70489],[-3.77431,51.70561],[-3.77815,51.70543],[-3.78248,51.70625],[-3.78329,51.70708],[-3.78489,51.70601],[-3.78484,51.70559],[-3.78689,51.70527],[-3.78596,51.70373],[-3.78645,51.70338],[-3.78722,51.7034],[-3.79053,51.70537],[-3.79642,51.70779],[-3.78411,51.71973],[-3.78067,51.72463],[-3.77931,51.72767],[-3.78114,51.72728],[-3.7814,51.72817],[-3.77655,51.72978],[-3.77521,51.72965],[-3.77744,51.73137],[-3.77819,51.73391],[-3.77722,51.73561],[-3.7762,51.73644],[-3.77784,51.73801],[-3.77749,51.7421],[-3.77806,51.74468],[-3.777,51.74751],[-3.77032,51.75452],[-3.7683,51.75452],[-3.75718,51.75283],[-3.75573,51.75275],[-3.75381,51.75339],[-3.75135,51.75319],[-3.75135,51.75398],[-3.75093,51.7541],[-3.7461,51.75339],[-3.74455,51.75417],[-3.74412,51.75505],[-3.74227,51.75674],[-3.74328,51.75705],[-3.74296,51.75727],[-3.73983,51.7578],[-3.73967,51.75804],[-3.73752,51.7581],[-3.73817,51.75626],[-3.73954,51.75478]]]}},{"type":"Feature","properties":{"id":"W01000919","name":"W01000919","parent":"W06000012","type":"LSOA","pop":1134,"r":7,"ff":4,"ffd":352.7,"ffs":0.6667,"g":0,"co":3,"mo":3,"sa":3,"ic":1},"geometry":{"type":"Polygon","coordinates":[[[-3.82886,51.80461],[-3.82436,51.80348],[-3.82404,51.80419],[-3.82253,51.80337],[-3.82076,51.80304],[-3.8169,51.80151],[-3.81696,51.80101],[-3.81539,51.79967],[-3.8154,51.79874],[-3.81447,51.79851],[-3.81582,51.79712],[-3.8168,51.79718],[-3.81703,51.79687],[-3.81372,51.79584],[-3.81345,51.79539],[-3.81172,51.7947],[-3.81199,51.79244],[-3.81035,51.79174],[-3.81021,51.79073],[-3.80904,51.78987],[-3.80868,51.78907],[-3.80769,51.78893],[-3.80665,51.78792],[-3.80652,51.78726],[-3.804,51.78629],[-3.80256,51.78411],[-3.80189,51.78278],[-3.80239,51.78244],[-3.80216,51.78179],[-3.80254,51.78175],[-3.80259,51.78126],[-3.80347,51.7812],[-3.80427,51.78048],[-3.80543,51.78094],[-3.80697,51.7792],[-3.80568,51.77862],[-3.80479,51.7788],[-3.80414,51.77802],[-3.80373,51.77637],[-3.80427,51.77632],[-3.80318,51.77564],[-3.80393,51.77421],[-3.80486,51.7742],[-3.8076,51.77332],[-3.8094,51.77245],[-3.81077,51.77094],[-3.8138,51.76927],[-3.81484,51.76816],[-3.81204,51.76708],[-3.81609,51.7654],[-3.81647,51.76477],[-3.81864,51.76435],[-3.81963,51.76335],[-3.82081,51.76349],[-3.82159,51.76417],[-3.82223,51.76417],[-3.82413,51.7652],[-3.82435,51.76783],[-3.82572,51.76793],[-3.82689,51.76952],[-3.82802,51.76897],[-3.82948,51.76908],[-3.82999,51.76875],[-3.83283,51.76901],[-3.83308,51.7686],[-3.83356,51.76874],[-3.84298,51.76665],[-3.84472,51.76656],[-3.84583,51.76691],[-3.84683,51.76594],[-3.84687,51.76663],[-3.84735,51.76689],[-3.84723,51.76847],[-3.84781,51.76859],[-3.8491,51.77137],[-3.85181,51.77257],[-3.85229,51.77317],[-3.85388,51.77368],[-3.8541,51.77409],[-3.85553,51.7739],[-3.85829,51.77544],[-3.85129,51.77879],[-3.84853,51.78033],[-3.8393,51.78332],[-3.83391,51.78421],[-3.83088,51.78764],[-3.83184,51.78928],[-3.83329,51.79015],[-3.83663,51.79084],[-3.83853,51.79086],[-3.83929,51.79148],[-3.83963,51.79256],[-3.83936,51.79404],[-3.84004,51.79433],[-3.83965,51.79476],[-3.8405,51.79536],[-3.84093,51.79709],[-3.8435,51.79778],[-3.84302,51.79832],[-3.8437,51.79928],[-3.8436,51.80045],[-3.84269,51.80079],[-3.84068,51.80058],[-3.83909,51.79915],[-3.83662,51.79846],[-3.83488,51.79849],[-3.83447,51.7997],[-3.82886,51.80461]]]}},{"type":"Feature","properties":{"id":"W01000921","name":"W01000921","parent":"W06000012","type":"LSOA","pop":1455,"r":10,"ff":4,"ffd":274.9,"ffs":0.4444,"g":0,"co":3,"mo":3,"sa":3,"ic":1},"geometry":{"type":"Polygon","coordinates":[[[-3.66137,51.65364],[-3.65846,51.6523],[-3.65637,51.65322],[-3.65371,51.65248],[-3.65335,51.65168],[-3.65429,51.64885],[-3.65356,51.64895],[-3.6533,51.65007],[-3.6513,51.65037],[-3.65029,51.65105],[-3.64792,51.65167],[-3.64715,51.65084],[-3.64625,51.65071],[-3.64628,51.65166],[-3.64571,51.6522],[-3.64523,51.65199],[-3.64466,51.65116],[-3.64324,51.6503],[-3.6425,51.6504],[-3.64105,51.64982],[-3.63974,51.6496],[-3.63698,51.64974],[-3.63681,51.64936],[-3.6349,51.64899],[-3.63347,51.64793],[-3.6321,51.64806],[-3.6296,51.6495],[-3.62869,51.64905],[-3.62754,51.64925],[-3.62519,51.64861],[-3.62666,51.64135],[-3.63812,51.6427],[-3.64334,51.64286],[-3.64619,51.64267],[-3.64567,51.64336],[-3.6618,51.64546],[-3.66446,51.64247],[-3.66453,51.64345],[-3.66637,51.64436],[-3.66691,51.64532],[-3.66621,51.64625],[-3.66447,51.64736],[-3.66498,51.64856],[-3.66752,51.6499],[-3.66674,51.65066],[-3.66629,51.65233],[-3.66495,51.65306],[-3.66288,51.65353],[-3.66137,51.65364]]]}},{"type":"Feature","properties":{"id":"W01000922","name":"W01000922","parent":"W06000012","type":"LSOA","pop":1592,"r":130,"ff":38,"ffd":2386.9,"ffs":0.475,"g":48,"co":0,"mo":0,"sa":2,"ic":0},"geometry":{"type":"Polygon","coordinates":[[[-3.83459,51.67074],[-3.83232,51.67046],[-3.83169,51.67073],[-3.8316,51.67202],[-3.83078,51.6726],[-3.82926,51.67149],[-3.82866,51.6714],[-3.82863,51.67024],[-3.82907,51.67003],[-3.82862,51.66779],[-3.82917,51.66766],[-3.8279,51.66662],[-3.82837,51.66607],[-3.8275,51.66619],[-3.82712,51.66538],[-3.82756,51.66496],[-3.82915,51.66537],[-3.83066,51.6651],[-3.82957,51.66342],[-3.82927,51.66355],[-3.82883,51.66318],[-3.83026,51.66247],[-3.83171,51.66254],[-3.83228,51.66214],[-3.8311,51.66169],[-3.82944,51.66209],[-3.82838,51.66128],[-3.82719,51.66136],[-3.82654,51.66216],[-3.82674,51.6627],[-3.82622,51.6631],[-3.82694,51.66327],[-3.82681,51.66375],[-3.82571,51.66377],[-3.82518,51.66311],[-3.82409,51.66302],[-3.82347,51.66346],[-3.82288,51.66301],[-3.82047,51.66284],[-3.82028,51.66342],[-3.82197,51.66446],[-3.82147,51.66505],[-3.82051,51.66522],[-3.81985,51.66442],[-3.81919,51.66444],[-3.81853,51.66357],[-3.81899,51.66297],[-3.81827,51.66302],[-3.81804,51.66136],[-3.81545,51.6614],[-3.81331,51.66199],[-3.81233,51.66131],[-3.81262,51.66139],[-3.81226,51.66099],[-3.81778,51.65636],[-3.82008,51.65736],[-3.81775,51.65927],[-3.82016,51.65748],[-3.82311,51.65886],[-3.82144,51.65798],[-3.8225,51.65807],[-3.82138,51.65796],[-3.81801,51.65612],[-3.82015,51.6549],[-3.82281,51.65421],[-3.82328,51.65455],[-3.82291,51.65482],[-3.82328,51.6546],[-3.82328,51.65416],[-3.8252,51.65434],[-3.82878,51.6557],[-3.82638,51.65493],[-3.82805,51.65555],[-3.82741,51.65583],[-3.82802,51.65573],[-3.82995,51.65626],[-3.82996,51.65647],[-3.83029,51.65652],[-3.8303,51.65668],[-3.82957,51.65696],[-3.83031,51.65673],[-3.83053,51.65701],[-3.83038,51.65653],[-3.82998,51.65639],[-3.83098,51.65653],[-3.83032,51.65764],[-3.82892,51.65824],[-3.82794,51.65842],[-3.82635,51.65783],[-3.82583,51.65804],[-3.82478,51.65804],[-3.82316,51.65863],[-3.82484,51.6581],[-3.82576,51.65811],[-3.82638,51.65797],[-3.82668,51.65841],[-3.82466,51.65994],[-3.82358,51.65933],[-3.82422,51.66017],[-3.82475,51.66021],[-3.82664,51.65859],[-3.82883,51.65853],[-3.83066,51.65783],[-3.83093,51.65796],[-3.8308,51.65748],[-3.83142,51.65658],[-3.8334,51.65542],[-3.83524,51.65669],[-3.83456,51.65817],[-3.83387,51.6591],[-3.83518,51.66035],[-3.83654,51.6621],[-3.83759,51.66391],[-3.83581,51.66372],[-3.83617,51.66473],[-3.83543,51.6667],[-3.83599,51.66843],[-3.83691,51.66774],[-3.83746,51.66786],[-3.83754,51.66818],[-3.8379,51.668],[-3.83759,51.66946],[-3.83863,51.66982],[-3.83988,51.66977],[-3.83939,51.67103],[-3.83847,51.67128],[-3.83653,51.6726],[-3.83595,51.67264],[-3.83459,51.67074]]]}},{"type":"Feature","properties":{"id":"W01000925","name":"W01000925","parent":"W06000012","type":"LSOA","pop":1494,"r":5,"ff":1,"ffd":66.9,"ffs":0.25,"g":0,"co":3,"mo":3,"sa":3,"ic":1},"geometry":{"type":"Polygon","coordinates":[[[-3.62622,51.7676],[-3.62221,51.7664],[-3.62233,51.76595],[-3.6234,51.76578],[-3.62314,51.76569],[-3.62435,51.7652],[-3.62321,51.76115],[-3.62521,51.76052],[-3.6255,51.75913],[-3.62631,51.75799],[-3.62797,51.75723],[-3.6305,51.75694],[-3.63068,51.75637],[-3.63028,51.75568],[-3.63052,51.7543],[-3.62996,51.75364],[-3.62975,51.75218],[-3.6286,51.75177],[-3.62679,51.75204],[-3.626,51.75113],[-3.62623,51.75073],[-3.62585,51.75027],[-3.62478,51.75015],[-3.62374,51.74959],[-3.62384,51.74855],[-3.62495,51.74828],[-3.62409,51.74665],[-3.6246,51.74579],[-3.62431,51.74527],[-3.62538,51.74314],[-3.62789,51.74227],[-3.62822,51.74242],[-3.62781,51.74346],[-3.62896,51.74326],[-3.62953,51.74436],[-3.63301,51.74278],[-3.64004,51.74073],[-3.64005,51.74015],[-3.63924,51.73933],[-3.63786,51.7385],[-3.63982,51.73789],[-3.64461,51.73897],[-3.64646,51.73867],[-3.6477,51.73782],[-3.64908,51.73579],[-3.65258,51.73302],[-3.65366,51.7313],[-3.65403,51.72963],[-3.65492,51.72875],[-3.65984,51.72725],[-3.66692,51.72414],[-3.66911,51.72252],[-3.67392,51.72293],[-3.67477,51.72271],[-3.67651,51.7197],[-3.67793,51.71868],[-3.67852,51.71763],[-3.68359,51.71498],[-3.68583,51.71486],[-3.68824,51.7155],[-3.69004,51.71711],[-3.69126,51.71734],[-3.6923,51.71712],[-3.69091,51.71871],[-3.69045,51.72023],[-3.69192,51.72044],[-3.69242,51.72153],[-3.69336,51.72177],[-3.69541,51.72336],[-3.69515,51.72403],[-3.6971,51.72567],[-3.70036,51.72671],[-3.70507,51.72644],[-3.70626,51.72604],[-3.70635,51.72691],[-3.70742,51.72553],[-3.71463,51.72705],[-3.7128,51.72806],[-3.71251,51.72883],[-3.70825,51.73223],[-3.70478,51.73791],[-3.70523,51.73877],[-3.70516,51.73965],[-3.7037,51.74169],[-3.69477,51.74895],[-3.69261,51.75161],[-3.67839,51.75694],[-3.67451,51.75791],[-3.67062,51.76221],[-3.66893,51.76318],[-3.63099,51.76666],[-3.62749,51.76736],[-3.62656,51.76731],[-3.62622,51.7676]]]}},{"type":"Feature","properties":{"id":"W01000926","name":"W01000926","parent":"W06000012","type":"LSOA","pop":1870,"r":4,"ff":0,"ffd":0.0,"ffs":0.0,"g":0,"co":3,"mo":3,"sa":3,"ic":1},"geometry":{"type":"Polygon","coordinates":[[[-3.60137,51.77176],[-3.60097,51.77132],[-3.59973,51.77134],[-3.59779,51.77002],[-3.59803,51.76778],[-3.59662,51.76547],[-3.59801,51.76417],[-3.59465,51.7616],[-3.59466,51.7608],[-3.59575,51.75886],[-3.59129,51.75461],[-3.5937,51.75314],[-3.59029,51.75003],[-3.59137,51.74895],[-3.5838,51.73833],[-3.58466,51.73831],[-3.58541,51.73724],[-3.58637,51.73756],[-3.58915,51.73719],[-3.59038,51.7381],[-3.59153,51.73848],[-3.59318,51.73893],[-3.59514,51.73904],[-3.5967,51.73982],[-3.59845,51.73998],[-3.60586,51.74335],[-3.60589,51.744],[-3.60705,51.74448],[-3.60825,51.74583],[-3.60962,51.74578],[-3.60972,51.74548],[-3.61004,51.74561],[-3.61542,51.74418],[-3.62032,51.74344],[-3.62538,51.74314],[-3.62431,51.74527],[-3.6246,51.74579],[-3.62409,51.74665],[-3.62495,51.74828],[-3.62384,51.74855],[-3.62374,51.74959],[-3.62478,51.75015],[-3.62585,51.75027],[-3.62623,51.75073],[-3.626,51.75113],[-3.62679,51.75204],[-3.6286,51.75177],[-3.62975,51.75218],[-3.62996,51.75364],[-3.63052,51.7543],[-3.63028,51.75568],[-3.63068,51.75637],[-3.6305,51.75694],[-3.62797,51.75723],[-3.62631,51.75799],[-3.6255,51.75913],[-3.62521,51.76052],[-3.62321,51.76115],[-3.62435,51.7652],[-3.62314,51.76569],[-3.6234,51.76578],[-3.62233,51.76595],[-3.62194,51.76582],[-3.61743,51.76731],[-3.61439,51.7671],[-3.61335,51.76858],[-3.61134,51.76786],[-3.61011,51.76919],[-3.60551,51.76986],[-3.60306,51.77073],[-3.60137,51.77176]]]}},{"type":"Feature","properties":{"id":"W01000927","name":"W01000927","parent":"W06000012","type":"LSOA","pop":2116,"r":11,"ff":7,"ffd":330.8,"ffs":0.7,"g":0,"co":3,"mo":3,"sa":3,"ic":1},"geometry":{"type":"Polygon","coordinates":[[[-3.79746,51.75655],[-3.79862,51.75453],[-3.79654,51.7554],[-3.79535,51.75516],[-3.79446,51.75583],[-3.7932,51.75587],[-3.79246,51.75337],[-3.79272,51.75228],[-3.79345,51.75153],[-3.79809,51.74773],[-3.80299,51.74464],[-3.81067,51.74155],[-3.8139,51.73898],[-3.81577,51.7383],[-3.81875,51.738],[-3.8219,51.73503],[-3.8257,51.73333],[-3.82558,51.73376],[-3.82351,51.73523],[-3.82488,51.7373],[-3.82585,51.73799],[-3.82647,51.73929],[-3.82786,51.73987],[-3.82839,51.74369],[-3.82808,51.74508],[-3.82874,51.74678],[-3.83202,51.74681],[-3.83187,51.748],[-3.83252,51.74898],[-3.83199,51.74952],[-3.8328,51.74992],[-3.83032,51.75237],[-3.82896,51.75286],[-3.82789,51.75426],[-3.82727,51.7542],[-3.82643,51.75516],[-3.82568,51.75501],[-3.82537,51.75542],[-3.82345,51.75511],[-3.82298,51.75484],[-3.82303,51.75416],[-3.82185,51.75391],[-3.82247,51.75308],[-3.82184,51.75277],[-3.82189,51.75173],[-3.82127,51.75079],[-3.82015,51.75069],[-3.81938,51.74961],[-3.81977,51.74924],[-3.81942,51.74904],[-3.81966,51.74844],[-3.81846,51.74864],[-3.81409,51.74767],[-3.81436,51.74814],[-3.80579,51.75347],[-3.80134,51.75516],[-3.79942,51.75435],[-3.79831,51.75606],[-3.79746,51.75655]]]}},{"type":"Feature","properties":{"id":"W01000928","name":"W01000928","parent":"W06000012","type":"LSOA","pop":1644,"r":16,"ff":8,"ffd":486.6,"ffs":0.5714,"g":0,"co":3,"mo":3,"sa":3,"ic":1},"geometry":{"type":"Polygon","coordinates":[[[-3.89604,51.80434],[-3.8924,51.80369],[-3.89058,51.80386],[-3.89064,51.80196],[-3.88831,51.8022],[-3.88856,51.80163],[-3.89016,51.80081],[-3.88849,51.80014],[-3.88501,51.80075],[-3.88286,51.79977],[-3.88243,51.8001],[-3.88123,51.79995],[-3.86177,51.79406],[-3.86426,51.79252],[-3.86979,51.7907],[-3.87092,51.79053],[-3.87219,51.79079],[-3.87436,51.7904],[-3.87612,51.78945],[-3.87598,51.78883],[-3.87759,51.7877],[-3.87761,51.78704],[-3.87959,51.78667],[-3.88043,51.78706],[-3.88069,51.78822],[-3.88157,51.78915],[-3.88409,51.78852],[-3.88562,51.78922],[-3.8851,51.78955],[-3.88592,51.79017],[-3.88542,51.7906],[-3.88557,51.79232],[-3.88619,51.7931],[-3.88886,51.79359],[-3.89205,51.7964],[-3.89194,51.79903],[-3.89225,51.79984],[-3.89325,51.80057],[-3.89845,51.8027],[-3.90003,51.80297],[-3.9,51.80362],[-3.89604,51.80434]]]}},{"type":"Feature","properties":{"id":"W01000929","name":"W01000929","parent":"W06000012","type":"LSOA","pop":1231,"r":13,"ff":9,"ffd":731.1,"ffs":0.75,"g":0,"co":3,"mo":3,"sa":3,"ic":1},"geometry":{"type":"Polygon","coordinates":[[[-3.88157,51.78915],[-3.88069,51.78822],[-3.88043,51.78706],[-3.87959,51.78667],[-3.87761,51.78704],[-3.87759,51.7877],[-3.87598,51.78883],[-3.8739,51.78825],[-3.87306,51.78729],[-3.86866,51.78779],[-3.86715,51.78726],[-3.86539,51.78755],[-3.8644,51.7867],[-3.8623,51.78665],[-3.86022,51.78608],[-3.85882,51.78528],[-3.85728,51.78334],[-3.85494,51.7824],[-3.8547,51.78156],[-3.85129,51.77879],[-3.85829,51.77544],[-3.86007,51.77409],[-3.86046,51.77165],[-3.86187,51.77028],[-3.86684,51.76912],[-3.86877,51.76824],[-3.87041,51.76664],[-3.8709,51.76799],[-3.8737,51.7679],[-3.875,51.76821],[-3.87699,51.76791],[-3.87972,51.76844],[-3.88294,51.76863],[-3.88383,51.76815],[-3.8868,51.76842],[-3.88721,51.7688],[-3.88723,51.77138],[-3.88628,51.77253],[-3.88538,51.77294],[-3.88487,51.77512],[-3.88375,51.77714],[-3.88309,51.78036],[-3.88171,51.78177],[-3.88342,51.78437],[-3.88324,51.78526],[-3.88242,51.7859],[-3.88265,51.78646],[-3.88204,51.7866],[-3.88253,51.78688],[-3.882,51.78708],[-3.8821,51.7879],[-3.88292,51.78846],[-3.88335,51.78828],[-3.88409,51.78852],[-3.88157,51.78915]]]}},{"type":"Feature","properties":{"id":"W01000930","name":"W01000930","parent":"W06000012","type":"LSOA","pop":1085,"r":9,"ff":3,"ffd":276.5,"ffs":0.375,"g":0,"co":3,"mo":3,"sa":3,"ic":1},"geometry":{"type":"Polygon","coordinates":[[[-3.57477,51.66207],[-3.56403,51.65497],[-3.56188,51.64745],[-3.56547,51.64233],[-3.5803,51.64468],[-3.59541,51.64123],[-3.59583,51.63774],[-3.62666,51.64135],[-3.62445,51.65253],[-3.62478,51.6543],[-3.62553,51.65489],[-3.62501,51.65575],[-3.62821,51.65901],[-3.6262,51.65945],[-3.62311,51.65943],[-3.6231,51.66032],[-3.62244,51.66109],[-3.62107,51.66168],[-3.61456,51.6631],[-3.60856,51.66682],[-3.58963,51.6793],[-3.5819,51.6736],[-3.57636,51.6636],[-3.57477,51.66207]]]}},{"type":"Feature","properties":{"id":"W01000931","name":"W01000931","parent":"W06000012","type":"LSOA","pop":1376,"r":12,"ff":8,"ffd":581.4,"ffs":0.7273,"g":0,"co":3,"mo":3,"sa":3,"ic":1},"geometry":{"type":"Polygon","coordinates":[[[-3.86144,51.8098],[-3.86038,51.80923],[-3.85926,51.80989],[-3.85717,51.80978],[-3.85448,51.80901],[-3.85305,51.80968],[-3.85166,51.80953],[-3.85064,51.80981],[-3.8489,51.80945],[-3.84769,51.80957],[-3.84595,51.80906],[-3.84536,51.80965],[-3.84389,51.80917],[-3.84206,51.8094],[-3.83616,51.80817],[-3.8348,51.80756],[-3.83398,51.80623],[-3.82886,51.80461],[-3.83447,51.7997],[-3.83488,51.79849],[-3.83662,51.79846],[-3.83909,51.79915],[-3.84068,51.80058],[-3.84269,51.80079],[-3.8436,51.80045],[-3.8437,51.79928],[-3.84302,51.79832],[-3.8435,51.79778],[-3.84093,51.79709],[-3.8405,51.79536],[-3.83965,51.79476],[-3.84004,51.79433],[-3.83936,51.79404],[-3.83963,51.79256],[-3.83929,51.79148],[-3.83853,51.79086],[-3.83663,51.79084],[-3.83329,51.79015],[-3.83184,51.78928],[-3.83088,51.78764],[-3.83391,51.78421],[-3.8393,51.78332],[-3.84853,51.78033],[-3.85129,51.77879],[-3.8547,51.78156],[-3.85494,51.7824],[-3.85728,51.78334],[-3.85882,51.78528],[-3.86022,51.78608],[-3.8623,51.78665],[-3.8644,51.7867],[-3.86539,51.78755],[-3.86715,51.78726],[-3.86866,51.78779],[-3.87306,51.78729],[-3.8739,51.78825],[-3.87598,51.78883],[-3.87612,51.78945],[-3.87436,51.7904],[-3.87219,51.79079],[-3.87092,51.79053],[-3.86979,51.7907],[-3.86426,51.79252],[-3.86177,51.79406],[-3.88123,51.79995],[-3.88243,51.8001],[-3.88286,51.79977],[-3.88501,51.80075],[-3.88849,51.80014],[-3.89016,51.80081],[-3.88856,51.80163],[-3.88831,51.8022],[-3.89064,51.80196],[-3.89058,51.80386],[-3.88882,51.8042],[-3.88688,51.80424],[-3.88227,51.80658],[-3.87765,51.80817],[-3.87647,51.80825],[-3.87377,51.80701],[-3.87216,51.80689],[-3.86978,51.80821],[-3.86849,51.80824],[-3.86555,51.81031],[-3.86347,51.80979],[-3.86144,51.8098]]]}},{"type":"Feature","properties":{"id":"W01000932","name":"W01000932","parent":"W06000012","type":"LSOA","pop":1050,"r":93,"ff":36,"ffd":3428.6,"ffs":0.5217,"g":22,"co":0,"mo":2,"sa":3,"ic":0},"geometry":{"type":"Polygon","coordinates":[[[-3.78523,51.59542],[-3.78016,51.59142],[-3.77804,51.59022],[-3.77654,51.58842],[-3.775,51.5871],[-3.77617,51.58648],[-3.77523,51.58566],[-3.7748,51.58537],[-3.77344,51.58571],[-3.76873,51.58227],[-3.76006,51.57148],[-3.75872,51.57214],[-3.75923,51.57356],[-3.75748,51.57403],[-3.75678,51.57332],[-3.75596,51.57361],[-3.75352,51.57218],[-3.74853,51.57034],[-3.74905,51.56971],[-3.75264,51.57086],[-3.75338,51.57041],[-3.75309,51.57],[-3.7535,51.56978],[-3.75307,51.56942],[-3.75226,51.56993],[-3.75072,51.56962],[-3.75045,51.56929],[-3.75149,51.56908],[-3.75093,51.56889],[-3.75146,51.56814],[-3.75311,51.56869],[-3.7556,51.56481],[-3.75653,51.56644],[-3.75596,51.56803],[-3.75659,51.56939],[-3.75823,51.56908],[-3.75962,51.57092],[-3.76141,51.56985],[-3.7612,51.5695],[-3.76226,51.56924],[-3.76223,51.56896],[-3.76479,51.56829],[-3.76392,51.5668],[-3.7677,51.56587],[-3.76696,51.56452],[-3.76709,51.56362],[-3.76927,51.56329],[-3.77044,51.56514],[-3.77435,51.56521],[-3.77753,51.5638],[-3.78138,51.56265],[-3.78097,51.56228],[-3.78175,51.56199],[-3.78927,51.56971],[-3.79183,51.57101],[-3.79747,51.56887],[-3.79968,51.56863],[-3.8017,51.56879],[-3.81023,51.57055],[-3.8174,51.57432],[-3.81688,51.57456],[-3.8123,51.57185],[-3.80925,51.57051],[-3.80055,51.56888],[-3.79863,51.56892],[-3.7972,51.56928],[-3.79649,51.57315],[-3.79732,51.57349],[-3.7969,51.57404],[-3.79733,51.57544],[-3.79953,51.57895],[-3.80223,51.58188],[-3.80781,51.58161],[-3.8089,51.58115],[-3.81202,51.58133],[-3.81497,51.58041],[-3.81665,51.57937],[-3.81704,51.57962],[-3.81513,51.58073],[-3.81302,51.58133],[-3.81324,51.58152],[-3.80929,51.58133],[-3.80606,51.58203],[-3.80885,51.58184],[-3.80444,51.58224],[-3.79896,51.58331],[-3.79843,51.58383],[-3.7989,51.5838],[-3.79847,51.58415],[-3.79906,51.58417],[-3.79861,51.58421],[-3.79803,51.58725],[-3.79681,51.59043],[-3.7956,51.59131],[-3.79108,51.59249],[-3.7907,51.59288],[-3.79161,51.59269],[-3.78939,51.59336],[-3.78523,51.59542]]]}},{"type":"Feature","properties":{"id":"W01000933","name":"W01000933","parent":"W06000012","type":"LSOA","pop":1970,"r":20,"ff":12,"ffd":609.1,"ffs":0.6667,"g":0,"co":3,"mo":3,"sa":3,"ic":1},"geometry":{"type":"Polygon","coordinates":[[[-3.72611,51.60052],[-3.71928,51.59887],[-3.71655,51.59887],[-3.71577,51.59911],[-3.71362,51.59895],[-3.70946,51.59757],[-3.70902,51.59631],[-3.70837,51.59688],[-3.7057,51.59772],[-3.70229,51.59815],[-3.70127,51.59871],[-3.6999,51.59897],[-3.69626,51.59835],[-3.69471,51.59786],[-3.69355,51.59705],[-3.6942,51.59604],[-3.6944,51.5941],[-3.68995,51.58656],[-3.68668,51.58575],[-3.67706,51.57573],[-3.66797,51.57287],[-3.66761,51.57122],[-3.66579,51.5707],[-3.66374,51.56963],[-3.66181,51.56809],[-3.66119,51.5669],[-3.65817,51.56562],[-3.65542,51.56492],[-3.65519,51.56453],[-3.65564,51.56372],[-3.65797,51.562],[-3.65832,51.56096],[-3.65801,51.56012],[-3.65674,51.559],[-3.65425,51.55753],[-3.65234,51.55681],[-3.65085,51.55528],[-3.65091,51.55354],[-3.65012,51.55249],[-3.65016,51.55148],[-3.65076,51.54974],[-3.65158,51.54915],[-3.65195,51.54744],[-3.65206,51.54584],[-3.65292,51.54553],[-3.6527,51.54439],[-3.65361,51.54382],[-3.65371,51.54311],[-3.65506,51.54196],[-3.65489,51.54175],[-3.656,51.54102],[-3.65639,51.53934],[-3.65803,51.53864],[-3.66373,51.53827],[-3.67079,51.5389],[-3.67559,51.53899],[-3.68105,51.5381],[-3.68307,51.53827],[-3.68445,51.53737],[-3.68607,51.53728],[-3.68666,51.53754],[-3.68769,51.53743],[-3.68772,51.53701],[-3.68907,51.5361],[-3.68975,51.53478],[-3.69108,51.5343],[-3.69393,51.53475],[-3.69481,51.53472],[-3.69644,51.53409],[-3.69661,51.53355],[-3.69776,51.5328],[-3.69729,51.53175],[-3.69627,51.53102],[-3.70145,51.52758],[-3.70296,51.5272],[-3.70465,51.52741],[-3.70758,51.5285],[-3.71128,51.52933],[-3.71228,51.53015],[-3.71633,51.53083],[-3.72206,51.53139],[-3.72211,51.53105],[-3.72916,51.53043],[-3.73573,51.53192],[-3.73868,51.53371],[-3.74204,51.53494],[-3.74418,51.53666],[-3.74754,51.53656],[-3.74821,51.53632],[-3.74859,51.53566],[-3.75186,51.53541],[-3.75272,51.53497],[-3.75245,51.53405],[-3.75302,51.53399],[-3.75395,51.53312],[-3.75541,51.53353],[-3.75825,51.5334],[-3.75797,51.53499],[-3.76159,51.53641],[-3.76296,51.53641],[-3.76283,51.53808],[-3.77103,51.5478],[-3.77842,51.55819],[-3.77997,51.55975],[-3.77976,51.55994],[-3.78175,51.56199],[-3.78097,51.56228],[-3.78138,51.56265],[-3.77753,51.5638],[-3.77435,51.56521],[-3.77044,51.56514],[-3.76927,51.56329],[-3.76709,51.56362],[-3.76696,51.56452],[-3.7677,51.56587],[-3.76392,51.5668],[-3.76479,51.56829],[-3.76223,51.56896],[-3.76226,51.56924],[-3.7612,51.5695],[-3.76141,51.56985],[-3.75962,51.57092],[-3.75823,51.56908],[-3.75659,51.56939],[-3.75596,51.56803],[-3.75653,51.56644],[-3.7556,51.56481],[-3.75311,51.56869],[-3.75146,51.56814],[-3.75093,51.56889],[-3.75149,51.56908],[-3.75045,51.56929],[-3.75072,51.56962],[-3.75226,51.56993],[-3.75307,51.56942],[-3.7535,51.56978],[-3.75309,51.57],[-3.75338,51.57041],[-3.75264,51.57086],[-3.74905,51.56971],[-3.74853,51.57034],[-3.75352,51.57218],[-3.75596,51.57361],[-3.75436,51.57422],[-3.75295,51.57392],[-3.75171,51.57501],[-3.75193,51.57566],[-3.75158,51.57572],[-3.7482,51.57462],[-3.74724,51.57489],[-3.74728,51.57428],[-3.74494,51.57566],[-3.74049,51.57725],[-3.74073,51.57899],[-3.742,51.57998],[-3.74286,51.58006],[-3.74298,51.58067],[-3.74358,51.58079],[-3.74176,51.58267],[-3.73833,51.58323],[-3.73624,51.58488],[-3.73692,51.58799],[-3.73421,51.58766],[-3.73205,51.58776],[-3.7321,51.58987],[-3.72992,51.59106],[-3.72785,51.59177],[-3.72767,51.59271],[-3.72198,51.59178],[-3.72085,51.59124],[-3.71865,51.59334],[-3.71861,51.59362],[-3.72152,51.59479],[-3.72225,51.59693],[-3.72464,51.59691],[-3.72751,51.59639],[-3.72823,51.5967],[-3.72852,51.59747],[-3.72967,51.5973],[-3.73073,51.59766],[-3.73124,51.59878],[-3.73233,51.5986],[-3.7321,51.60012],[-3.72611,51.60052]]]}},{"type":"Feature","properties":{"id":"W01000934","name":"W01000934","parent":"W06000012","type":"LSOA","pop":1182,"r":135,"ff":38,"ffd":3214.9,"ffs":0.4691,"g":52,"co":0,"mo":0,"sa":2,"ic":0},"geometry":{"type":"Polygon","coordinates":[[[-3.80879,51.66098],[-3.80961,51.65974],[-3.80811,51.65957],[-3.80722,51.65846],[-3.80778,51.65718],[-3.80738,51.65676],[-3.80704,51.65701],[-3.80635,51.65679],[-3.80712,51.65602],[-3.8091,51.6566],[-3.80933,51.65645],[-3.80899,51.65606],[-3.80784,51.65596],[-3.80917,51.65506],[-3.80856,51.65475],[-3.80875,51.65457],[-3.80794,51.65437],[-3.80804,51.65495],[-3.8071,51.65579],[-3.80596,51.65575],[-3.80524,51.65605],[-3.80433,51.65556],[-3.80497,51.65502],[-3.80639,51.65479],[-3.80683,51.65365],[-3.80791,51.65369],[-3.8081,51.65401],[-3.80818,51.6538],[-3.81049,51.65366],[-3.80987,51.65424],[-3.81277,51.65514],[-3.81023,51.65879],[-3.8132,51.65931],[-3.81155,51.66087],[-3.81083,51.66062],[-3.80961,51.66119],[-3.80879,51.66098]]]}},{"type":"Feature","properties":{"id":"W01000935","name":"W01000935","parent":"W06000012","type":"LSOA","pop":1555,"r":140,"ff":37,"ffd":2379.4,"ffs":0.4458,"g":55,"co":0,"mo":0,"sa":2,"ic":0},"geometry":{"type":"Polygon","coordinates":[[[-3.80576,51.65818],[-3.80455,51.65797],[-3.80399,51.66008],[-3.79919,51.65901],[-3.79901,51.65753],[-3.80112,51.6565],[-3.80481,51.65629],[-3.80418,51.6557],[-3.80433,51.65556],[-3.80524,51.65605],[-3.80596,51.65575],[-3.8071,51.65579],[-3.80804,51.65495],[-3.80794,51.65437],[-3.80875,51.65457],[-3.80856,51.65475],[-3.80917,51.65506],[-3.80784,51.65596],[-3.80899,51.65606],[-3.80933,51.65645],[-3.8091,51.6566],[-3.80712,51.65602],[-3.80635,51.65679],[-3.80704,51.65701],[-3.80738,51.65676],[-3.80778,51.65718],[-3.80722,51.65846],[-3.80811,51.65957],[-3.80961,51.65974],[-3.80879,51.66098],[-3.80657,51.66056],[-3.80576,51.65818]]]}},{"type":"Feature","properties":{"id":"W01000936","name":"W01000936","parent":"W06000012","type":"LSOA","pop":1473,"r":135,"ff":40,"ffd":2715.5,"ffs":0.4706,"g":48,"co":0,"mo":0,"sa":2,"ic":0},"geometry":{"type":"Polygon","coordinates":[[[-3.80711,51.65237],[-3.80646,51.65191],[-3.80618,51.6507],[-3.80332,51.64856],[-3.80144,51.64805],[-3.79763,51.64745],[-3.79659,51.64754],[-3.79317,51.64556],[-3.79186,51.64572],[-3.7867,51.64451],[-3.78503,51.64328],[-3.78355,51.64124],[-3.7855,51.64128],[-3.78863,51.64058],[-3.79009,51.64077],[-3.79258,51.64178],[-3.79393,51.642],[-3.79862,51.64135],[-3.79788,51.64257],[-3.79831,51.64275],[-3.79942,51.64244],[-3.80019,51.64312],[-3.80127,51.64286],[-3.80222,51.64301],[-3.80344,51.64405],[-3.80546,51.64351],[-3.80736,51.64393],[-3.80797,51.6424],[-3.80881,51.64203],[-3.81055,51.64236],[-3.81161,51.64327],[-3.81106,51.64336],[-3.8114,51.64396],[-3.81341,51.64588],[-3.81231,51.64638],[-3.81275,51.64668],[-3.81238,51.64684],[-3.81359,51.64785],[-3.81462,51.64804],[-3.81459,51.64831],[-3.81166,51.6496],[-3.81194,51.64984],[-3.81057,51.65127],[-3.81125,51.65102],[-3.81116,51.65155],[-3.81042,51.65156],[-3.81007,51.65203],[-3.81044,51.65195],[-3.81033,51.65245],[-3.81095,51.65297],[-3.81049,51.65366],[-3.80818,51.6538],[-3.8081,51.65401],[-3.80791,51.65369],[-3.80683,51.65365],[-3.80792,51.65311],[-3.80711,51.65237]]]}},{"type":"Feature","properties":{"id":"W01000937","name":"W01000937","parent":"W06000012","type":"LSOA","pop":2006,"r":138,"ff":42,"ffd":2093.7,"ffs":0.4667,"g":46,"co":0,"mo":0,"sa":2,"ic":0},"geometry":{"type":"Polygon","coordinates":[[[-3.81023,51.65879],[-3.81277,51.65514],[-3.80987,51.65424],[-3.81055,51.65369],[-3.81095,51.65297],[-3.81033,51.65245],[-3.81044,51.65195],[-3.81007,51.65203],[-3.81042,51.65156],[-3.81116,51.65155],[-3.81125,51.65102],[-3.81057,51.65127],[-3.81194,51.64984],[-3.81166,51.6496],[-3.81459,51.64831],[-3.81462,51.64804],[-3.81359,51.64785],[-3.81238,51.64684],[-3.81275,51.64668],[-3.81231,51.64638],[-3.81341,51.64588],[-3.81456,51.64592],[-3.81448,51.64421],[-3.81854,51.6444],[-3.81957,51.64479],[-3.81953,51.64442],[-3.82083,51.64471],[-3.8261,51.64781],[-3.83252,51.65119],[-3.83598,51.65162],[-3.83163,51.65551],[-3.83436,51.65287],[-3.83455,51.65257],[-3.83392,51.65251],[-3.83435,51.65279],[-3.83325,51.65367],[-3.83335,51.65325],[-3.83308,51.65339],[-3.83289,51.6539],[-3.83236,51.65366],[-3.8333,51.65157],[-3.83227,51.65361],[-3.83179,51.65255],[-3.83222,51.65371],[-3.83199,51.65415],[-3.83133,51.65386],[-3.83197,51.65424],[-3.83239,51.65385],[-3.83253,51.65414],[-3.83109,51.65546],[-3.83134,51.65562],[-3.83065,51.6557],[-3.8283,51.65438],[-3.8244,51.65339],[-3.82964,51.65099],[-3.83009,51.65052],[-3.82952,51.65001],[-3.82919,51.6502],[-3.8298,51.65061],[-3.82609,51.65253],[-3.82345,51.65336],[-3.82312,51.65326],[-3.82164,51.65355],[-3.81823,51.65476],[-3.81694,51.65563],[-3.81599,51.65689],[-3.81531,51.65685],[-3.81548,51.65717],[-3.8132,51.65931],[-3.81023,51.65879]]]}},{"type":"Feature","properties":{"id":"W01000938","name":"W01000938","parent":"W06000012","type":"LSOA","pop":1358,"r":98,"ff":32,"ffd":2356.4,"ffs":0.5,"g":32,"co":0,"mo":0,"sa":3,"ic":0},"geometry":{"type":"Polygon","coordinates":[[[-3.79693,51.66612],[-3.79617,51.66605],[-3.79652,51.66572],[-3.79367,51.66473],[-3.79334,51.66358],[-3.79356,51.66252],[-3.79515,51.66162],[-3.79601,51.66156],[-3.7961,51.66113],[-3.79575,51.6613],[-3.79288,51.66063],[-3.79263,51.6594],[-3.79296,51.65917],[-3.79264,51.65869],[-3.79538,51.65838],[-3.79638,51.65766],[-3.79838,51.65847],[-3.79919,51.65901],[-3.80102,51.6595],[-3.80073,51.65989],[-3.80123,51.65999],[-3.8005,51.66139],[-3.80092,51.66177],[-3.80067,51.66326],[-3.80016,51.66345],[-3.79977,51.66331],[-3.80015,51.66241],[-3.79968,51.662],[-3.79884,51.66187],[-3.79798,51.66223],[-3.79715,51.66308],[-3.79785,51.66452],[-3.79882,51.66362],[-3.7992,51.66377],[-3.79851,51.66492],[-3.79966,51.66561],[-3.8022,51.66488],[-3.80209,51.66612],[-3.80125,51.66602],[-3.79677,51.66646],[-3.79693,51.66612]]]}},{"type":"Feature","properties":{"id":"W01000939","name":"W01000939","parent":"W06000012","type":"LSOA","pop":1300,"r":115,"ff":34,"ffd":2615.4,"ffs":0.4857,"g":43,"co":0,"mo":0,"sa":2,"ic":0},"geometry":{"type":"Polygon","coordinates":[[[-3.80209,51.66612],[-3.8022,51.66488],[-3.79966,51.66561],[-3.79851,51.66492],[-3.7992,51.66377],[-3.79882,51.66362],[-3.79785,51.66452],[-3.79715,51.66308],[-3.79798,51.66223],[-3.79884,51.66187],[-3.79968,51.662],[-3.80015,51.66241],[-3.79977,51.66331],[-3.80016,51.66345],[-3.80067,51.66326],[-3.80092,51.66177],[-3.8005,51.66139],[-3.80123,51.65999],[-3.80073,51.65989],[-3.80102,51.6595],[-3.80399,51.66008],[-3.80455,51.65797],[-3.80576,51.65818],[-3.80657,51.66056],[-3.80961,51.66119],[-3.81083,51.66062],[-3.81155,51.66087],[-3.8098,51.66254],[-3.80863,51.66505],[-3.80725,51.66622],[-3.80401,51.66634],[-3.80209,51.66612]]]}},{"type":"Feature","properties":{"id":"W01000940","name":"W01000940","parent":"W06000012","type":"LSOA","pop":1207,"r":87,"ff":30,"ffd":2485.5,"ffs":0.5,"g":26,"co":0,"mo":0,"sa":3,"ic":0},"geometry":{"type":"Polygon","coordinates":[[[-3.79191,51.66866],[-3.78992,51.66729],[-3.78829,51.66733],[-3.78544,51.66794],[-3.78256,51.66706],[-3.78032,51.66678],[-3.77854,51.66686],[-3.77418,51.66784],[-3.7726,51.6678],[-3.77417,51.66773],[-3.77687,51.66687],[-3.78225,51.66172],[-3.78279,51.66068],[-3.78253,51.66008],[-3.78704,51.6599],[-3.78878,51.66016],[-3.78974,51.65944],[-3.79263,51.6594],[-3.79288,51.66063],[-3.79575,51.6613],[-3.7961,51.66113],[-3.79601,51.66156],[-3.79515,51.66162],[-3.79356,51.66252],[-3.79334,51.66358],[-3.79367,51.66473],[-3.79652,51.66572],[-3.79617,51.66605],[-3.79693,51.66612],[-3.79677,51.66646],[-3.7949,51.66665],[-3.79224,51.66733],[-3.79256,51.66739],[-3.79211,51.66858],[-3.79191,51.66866]]]}},{"type":"Feature","properties":{"id":"W01000941","name":"W01000941","parent":"W06000012","type":"LSOA","pop":1539,"r":125,"ff":35,"ffd":2274.2,"ffs":0.473,"g":49,"co":0,"mo":0,"sa":2,"ic":0},"geometry":{"type":"Polygon","coordinates":[[[-3.79763,51.65727],[-3.79664,51.65634],[-3.79773,51.65578],[-3.79814,51.65431],[-3.79806,51.65396],[-3.79927,51.6535],[-3.79938,51.65311],[-3.79878,51.653],[-3.79905,51.6526],[-3.79831,51.65134],[-3.79893,51.65128],[-3.7981,51.64901],[-3.79832,51.64834],[-3.79659,51.64754],[-3.79763,51.64745],[-3.80144,51.64805],[-3.80332,51.64856],[-3.80618,51.6507],[-3.80646,51.65191],[-3.80792,51.65311],[-3.80683,51.65365],[-3.80639,51.65479],[-3.80497,51.65502],[-3.80418,51.6557],[-3.80481,51.65629],[-3.80112,51.6565],[-3.79901,51.65753],[-3.79906,51.65892],[-3.79838,51.65847],[-3.79827,51.6578],[-3.79732,51.65756],[-3.79763,51.65727]]]}},{"type":"Feature","properties":{"id":"W01000942","name":"W01000942","parent":"W06000012","type":"LSOA","pop":1812,"r":100,"ff":34,"ffd":1876.4,"ffs":0.5152,"g":32,"co":0,"mo":0,"sa":3,"ic":0},"geometry":{"type":"Polygon","coordinates":[[[-3.79664,51.65634],[-3.79607,51.65564],[-3.79569,51.65585],[-3.79509,51.65557],[-3.79486,51.65515],[-3.79533,51.65494],[-3.79492,51.65456],[-3.79561,51.65394],[-3.79473,51.65398],[-3.7933,51.65305],[-3.79382,51.65255],[-3.79211,51.6514],[-3.79191,51.65099],[-3.79277,51.65094],[-3.79262,51.65062],[-3.7914,51.65065],[-3.79007,51.64931],[-3.78959,51.64933],[-3.78975,51.64857],[-3.78899,51.64817],[-3.78663,51.64818],[-3.78694,51.64821],[-3.7867,51.64871],[-3.78718,51.64967],[-3.78799,51.65045],[-3.7864,51.65079],[-3.78495,51.64996],[-3.78495,51.64869],[-3.78661,51.64694],[-3.78612,51.64601],[-3.7867,51.64451],[-3.79186,51.64572],[-3.79317,51.64556],[-3.79832,51.64834],[-3.7981,51.64901],[-3.79893,51.65128],[-3.79831,51.65134],[-3.79905,51.6526],[-3.79878,51.653],[-3.79938,51.65311],[-3.79927,51.6535],[-3.79806,51.65396],[-3.79814,51.65431],[-3.79773,51.65578],[-3.79664,51.65634]]]}},{"type":"Feature","properties":{"id":"W01000943","name":"W01000943","parent":"W06000012","type":"LSOA","pop":1427,"r":100,"ff":33,"ffd":2312.5,"ffs":0.5077,"g":33,"co":0,"mo":0,"sa":3,"ic":0},"geometry":{"type":"Polygon","coordinates":[[[-3.79044,51.65789],[-3.79043,51.65599],[-3.78929,51.65517],[-3.78881,51.65377],[-3.78911,51.65257],[-3.7864,51.65079],[-3.78799,51.65045],[-3.78718,51.64967],[-3.7867,51.64871],[-3.78694,51.64821],[-3.78663,51.64818],[-3.78899,51.64817],[-3.78975,51.64857],[-3.78959,51.64933],[-3.79007,51.64931],[-3.7914,51.65065],[-3.79262,51.65062],[-3.79277,51.65094],[-3.79191,51.65099],[-3.79211,51.6514],[-3.79382,51.65255],[-3.7933,51.65305],[-3.79473,51.65398],[-3.79561,51.65394],[-3.79492,51.65456],[-3.79533,51.65494],[-3.79486,51.65515],[-3.79509,51.65557],[-3.79569,51.65585],[-3.79607,51.65564],[-3.79763,51.65727],[-3.79732,51.65756],[-3.79827,51.6578],[-3.79838,51.65847],[-3.79638,51.65766],[-3.79538,51.65838],[-3.79177,51.65877],[-3.79044,51.65789]]]}},{"type":"Feature","properties":{"id":"W01000944","name":"W01000944","parent":"W06000012","type":"LSOA","pop":1212,"r":5,"ff":1,"ffd":82.5,"ffs":0.25,"g":0,"co":3,"mo":3,"sa":3,"ic":3},"geometry":{"type":"Polygon","coordinates":[[[-3.67024,51.78601],[-3.66894,51.78584],[-3.66386,51.78606],[-3.66417,51.78502],[-3.65561,51.78512],[-3.65297,51.78545],[-3.65226,51.78369],[-3.65103,51.78355],[-3.64922,51.78229],[-3.64728,51.78273],[-3.64516,51.78208],[-3.64473,51.78158],[-3.64069,51.78106],[-3.64021,51.78065],[-3.64039,51.77968],[-3.63881,51.77919],[-3.63831,51.77857],[-3.63831,51.77743],[-3.63693,51.7772],[-3.63384,51.7779],[-3.63305,51.77702],[-3.62976,51.77592],[-3.62885,51.77482],[-3.62684,51.775],[-3.62531,51.77392],[-3.62413,51.77477],[-3.62258,51.77447],[-3.61988,51.77484],[-3.61834,51.77388],[-3.61732,51.77409],[-3.61523,51.77338],[-3.61221,51.77177],[-3.61026,51.77175],[-3.60502,51.77262],[-3.60453,51.7738],[-3.60366,51.77393],[-3.6024,51.77282],[-3.60112,51.77265],[-3.60137,51.77176],[-3.60306,51.77073],[-3.60551,51.76986],[-3.61011,51.76919],[-3.61134,51.76786],[-3.61335,51.76858],[-3.61439,51.7671],[-3.61743,51.76731],[-3.62194,51.76582],[-3.62233,51.76595],[-3.62221,51.7664],[-3.62622,51.7676],[-3.62656,51.76731],[-3.62749,51.76736],[-3.63099,51.76666],[-3.66893,51.76318],[-3.67062,51.76221],[-3.67451,51.75791],[-3.67839,51.75694],[-3.67871,51.7575],[-3.67808,51.7583],[-3.67894,51.75917],[-3.67906,51.75992],[-3.68087,51.76072],[-3.67656,51.76268],[-3.67754,51.76316],[-3.67829,51.76418],[-3.67999,51.76502],[-3.68241,51.7657],[-3.6831,51.76622],[-3.68528,51.76668],[-3.6883,51.76914],[-3.69032,51.76907],[-3.69295,51.77039],[-3.69409,51.77054],[-3.69513,51.77138],[-3.69676,51.77178],[-3.69767,51.77251],[-3.69917,51.77258],[-3.69973,51.77316],[-3.70273,51.77357],[-3.70369,51.77336],[-3.70433,51.77279],[-3.70639,51.77334],[-3.70747,51.77326],[-3.70737,51.7752],[-3.70824,51.77641],[-3.70918,51.77651],[-3.71204,51.77766],[-3.71422,51.77781],[-3.71487,51.77822],[-3.71203,51.77839],[-3.70854,51.77928],[-3.69231,51.78161],[-3.69083,51.78156],[-3.68743,51.78022],[-3.68577,51.7802],[-3.68177,51.78153],[-3.67926,51.78421],[-3.6768,51.78423],[-3.67449,51.78496],[-3.67037,51.7872],[-3.67024,51.78601]]]}},{"type":"Feature","properties":{"id":"W01000945","name":"W01000945","parent":"W06000012","type":"LSOA","pop":1229,"r":22,"ff":10,"ffd":813.7,"ffs":0.4762,"g":0,"co":1,"mo":3,"sa":3,"ic":1},"geometry":{"type":"Polygon","coordinates":[[[-3.68481,51.6845],[-3.68379,51.68088],[-3.67887,51.68119],[-3.67686,51.68061],[-3.66685,51.68072],[-3.67006,51.67955],[-3.67436,51.67669],[-3.67602,51.67647],[-3.67875,51.67468],[-3.6788,51.67361],[-3.68141,51.67133],[-3.68627,51.66587],[-3.68705,51.6637],[-3.70315,51.64974],[-3.71222,51.64937],[-3.7151,51.64989],[-3.7169,51.6488],[-3.71795,51.64865],[-3.72257,51.64631],[-3.72505,51.64552],[-3.72132,51.64104],[-3.72395,51.64024],[-3.72441,51.63912],[-3.72404,51.63802],[-3.72474,51.63755],[-3.72889,51.63628],[-3.73129,51.63599],[-3.7337,51.63419],[-3.73459,51.6326],[-3.73735,51.63249],[-3.7413,51.63324],[-3.74344,51.63301],[-3.74531,51.63317],[-3.74603,51.63501],[-3.7496,51.63752],[-3.751,51.63628],[-3.75174,51.6343],[-3.75265,51.6343],[-3.75462,51.63307],[-3.75979,51.6309],[-3.75995,51.62818],[-3.76013,51.62795],[-3.77565,51.62785],[-3.77616,51.6293],[-3.77555,51.6295],[-3.7747,51.63094],[-3.77627,51.63267],[-3.777,51.63493],[-3.77827,51.63623],[-3.77736,51.63909],[-3.77798,51.6405],[-3.7773,51.64039],[-3.77159,51.6426],[-3.76779,51.6434],[-3.76406,51.64661],[-3.7648,51.64686],[-3.76609,51.64833],[-3.76607,51.64955],[-3.7672,51.65212],[-3.76605,51.65629],[-3.76449,51.65805],[-3.76173,51.65949],[-3.76138,51.66043],[-3.75337,51.66582],[-3.75343,51.66547],[-3.74906,51.66179],[-3.74591,51.66243],[-3.74526,51.66307],[-3.74307,51.66252],[-3.74125,51.66372],[-3.73877,51.66304],[-3.73756,51.66194],[-3.73617,51.6626],[-3.73584,51.6633],[-3.73465,51.66389],[-3.72604,51.66614],[-3.72536,51.66652],[-3.72554,51.66774],[-3.71978,51.67027],[-3.7206,51.672],[-3.72316,51.67355],[-3.72471,51.67405],[-3.72731,51.6742],[-3.73095,51.6749],[-3.73126,51.67547],[-3.73223,51.67587],[-3.73013,51.67758],[-3.72644,51.67863],[-3.72405,51.67865],[-3.72031,51.67729],[-3.71865,51.67826],[-3.71383,51.6771],[-3.7097,51.67803],[-3.70077,51.68173],[-3.70032,51.68244],[-3.69933,51.68276],[-3.69405,51.68277],[-3.69197,51.68348],[-3.68998,51.68384],[-3.68834,51.68379],[-3.68481,51.6845]]]}},{"type":"Feature","properties":{"id":"W01000946","name":"W01000946","parent":"W06000012","type":"LSOA","pop":1853,"r":20,"ff":12,"ffd":647.6,"ffs":0.6316,"g":0,"co":1,"mo":3,"sa":3,"ic":1},"geometry":{"type":"Polygon","coordinates":[[[-3.91754,51.77511],[-3.91353,51.77272],[-3.91344,51.77137],[-3.91293,51.77075],[-3.91081,51.77068],[-3.91038,51.77021],[-3.90903,51.77051],[-3.90825,51.77037],[-3.90674,51.76917],[-3.90687,51.76877],[-3.90204,51.77094],[-3.90041,51.77126],[-3.89856,51.77097],[-3.8964,51.76911],[-3.89075,51.76869],[-3.88986,51.76824],[-3.88721,51.7688],[-3.8868,51.76842],[-3.88383,51.76815],[-3.88294,51.76863],[-3.87972,51.76844],[-3.87699,51.76791],[-3.875,51.76821],[-3.8737,51.7679],[-3.8709,51.76799],[-3.87041,51.76664],[-3.86877,51.76824],[-3.86684,51.76912],[-3.86187,51.77028],[-3.86046,51.77165],[-3.86007,51.77409],[-3.85829,51.77544],[-3.85553,51.7739],[-3.8541,51.77409],[-3.85388,51.77368],[-3.85229,51.77317],[-3.85181,51.77257],[-3.8491,51.77137],[-3.84781,51.76859],[-3.84723,51.76847],[-3.84735,51.76689],[-3.84687,51.76663],[-3.84683,51.76594],[-3.84583,51.76691],[-3.84472,51.76656],[-3.84298,51.76665],[-3.83356,51.76874],[-3.83308,51.7686],[-3.83283,51.76901],[-3.82999,51.76875],[-3.82948,51.76908],[-3.82802,51.76897],[-3.82689,51.76952],[-3.82572,51.76793],[-3.82435,51.76783],[-3.82413,51.7652],[-3.82223,51.76417],[-3.82159,51.76417],[-3.82081,51.76349],[-3.81963,51.76335],[-3.82047,51.76226],[-3.82039,51.76168],[-3.82173,51.7617],[-3.82233,51.7604],[-3.82268,51.76056],[-3.82328,51.76021],[-3.8232,51.75972],[-3.82434,51.75886],[-3.82463,51.75768],[-3.82535,51.7576],[-3.82577,51.75651],[-3.82707,51.75563],[-3.82643,51.75516],[-3.82727,51.7542],[-3.82789,51.75426],[-3.82896,51.75286],[-3.83032,51.75237],[-3.8328,51.74992],[-3.83199,51.74952],[-3.83252,51.74898],[-3.83187,51.748],[-3.83202,51.74681],[-3.82874,51.74678],[-3.82808,51.74508],[-3.82839,51.74369],[-3.82786,51.73987],[-3.82647,51.73929],[-3.82585,51.73799],[-3.82488,51.7373],[-3.82351,51.73523],[-3.82558,51.73376],[-3.8257,51.73333],[-3.82642,51.73278],[-3.82794,51.72996],[-3.83002,51.72863],[-3.83387,51.72698],[-3.83703,51.72641],[-3.84018,51.72612],[-3.8414,51.7255],[-3.84137,51.72457],[-3.84029,51.72258],[-3.84064,51.72172],[-3.84322,51.72008],[-3.84465,51.7207],[-3.84401,51.72111],[-3.84518,51.72183],[-3.84692,51.72084],[-3.84764,51.72092],[-3.84805,51.72124],[-3.84684,51.72235],[-3.84748,51.72253],[-3.84761,51.72296],[-3.84712,51.72346],[-3.84796,51.72401],[-3.84874,51.72377],[-3.84858,51.72404],[-3.84973,51.72507],[-3.851,51.72558],[-3.85186,51.72698],[-3.85184,51.72737],[-3.85108,51.72734],[-3.85189,51.72791],[-3.85363,51.72804],[-3.85426,51.7286],[-3.85635,51.72804],[-3.85582,51.72832],[-3.85608,51.73037],[-3.85759,51.73053],[-3.85774,51.73255],[-3.85394,51.73412],[-3.85647,51.73522],[-3.86076,51.73526],[-3.86172,51.73608],[-3.86229,51.73548],[-3.8648,51.73497],[-3.86428,51.7344],[-3.86501,51.73393],[-3.86449,51.73258],[-3.86343,51.7319],[-3.86319,51.72967],[-3.86235,51.72894],[-3.86324,51.72768],[-3.86303,51.72709],[-3.864,51.72633],[-3.86275,51.72547],[-3.86143,51.72525],[-3.86066,51.72428],[-3.86066,51.72359],[-3.85911,51.72312],[-3.85826,51.72258],[-3.8581,51.722],[-3.85913,51.72112],[-3.8609,51.72138],[-3.86154,51.72174],[-3.86262,51.72143],[-3.86428,51.72152],[-3.86368,51.72067],[-3.86391,51.72044],[-3.86489,51.72],[-3.86755,51.71982],[-3.8715,51.72087],[-3.8722,51.72192],[-3.87767,51.71816],[-3.87805,51.7174],[-3.87779,51.71635],[-3.87859,51.71563],[-3.88095,51.72005],[-3.88345,51.72194],[-3.88608,51.72284],[-3.88353,51.72277],[-3.88463,51.72428],[-3.88466,51.72584],[-3.88409,51.72721],[-3.88473,51.72818],[-3.88524,51.72748],[-3.88644,51.72731],[-3.88507,51.72966],[-3.88529,51.73047],[-3.88664,51.7311],[-3.88636,51.73252],[-3.88752,51.73474],[-3.88851,51.73909],[-3.89096,51.74092],[-3.89611,51.74296],[-3.89844,51.74434],[-3.90381,51.74949],[-3.90802,51.75115],[-3.90843,51.75196],[-3.9092,51.75231],[-3.91019,51.75166],[-3.91205,51.75298],[-3.91194,51.75336],[-3.91108,51.75333],[-3.91119,51.75357],[-3.91255,51.75397],[-3.91367,51.75379],[-3.91314,51.75525],[-3.91759,51.75542],[-3.91755,51.75647],[-3.9164,51.75696],[-3.91588,51.75848],[-3.92248,51.7601],[-3.92241,51.76093],[-3.92147,51.76121],[-3.92184,51.76191],[-3.92098,51.7618],[-3.92033,51.7626],[-3.92308,51.76415],[-3.92576,51.765],[-3.92679,51.76565],[-3.92768,51.76639],[-3.92877,51.76889],[-3.92984,51.76983],[-3.93377,51.77102],[-3.93634,51.77134],[-3.92844,51.77368],[-3.92681,51.77353],[-3.92527,51.77292],[-3.92465,51.77332],[-3.92306,51.77342],[-3.91852,51.77529],[-3.91754,51.77511]]]}},{"type":"Feature","properties":{"id":"W01000947","name":"W01000947","parent":"W06000012","type":"LSOA","pop":2088,"r":21,"ff":12,"ffd":574.7,"ffs":0.6,"g":0,"co":1,"mo":3,"sa":3,"ic":1},"geometry":{"type":"Polygon","coordinates":[[[-3.85582,51.72832],[-3.85635,51.72804],[-3.85426,51.7286],[-3.85363,51.72804],[-3.85382,51.72709],[-3.85306,51.72617],[-3.85262,51.72461],[-3.85331,51.72442],[-3.85314,51.72396],[-3.85375,51.72381],[-3.85569,51.72476],[-3.85678,51.72436],[-3.85714,51.72394],[-3.85792,51.72373],[-3.85876,51.724],[-3.85911,51.72312],[-3.86066,51.72359],[-3.86066,51.72428],[-3.86143,51.72525],[-3.86275,51.72547],[-3.864,51.72633],[-3.86303,51.72709],[-3.86324,51.72768],[-3.86235,51.72894],[-3.86319,51.72967],[-3.86343,51.7319],[-3.86449,51.73258],[-3.86501,51.73393],[-3.86428,51.7344],[-3.8648,51.73497],[-3.86229,51.73548],[-3.86172,51.73608],[-3.86076,51.73526],[-3.85647,51.73522],[-3.85394,51.73412],[-3.85774,51.73255],[-3.85759,51.73053],[-3.85608,51.73037],[-3.85582,51.72832]]]}},{"type":"Feature","properties":{"id":"W01000948","name":"W01000948","parent":"W06000012","type":"LSOA","pop":1865,"r":20,"ff":11,"ffd":589.8,"ffs":0.5789,"g":0,"co":1,"mo":3,"sa":3,"ic":1},"geometry":{"type":"Polygon","coordinates":[[[-3.85189,51.72791],[-3.85108,51.72734],[-3.85184,51.72737],[-3.85186,51.72698],[-3.851,51.72558],[-3.84973,51.72507],[-3.84858,51.72404],[-3.84874,51.72377],[-3.84796,51.72401],[-3.84712,51.72346],[-3.84761,51.72296],[-3.84748,51.72253],[-3.84684,51.72235],[-3.84805,51.72124],[-3.84764,51.72092],[-3.84692,51.72084],[-3.84518,51.72183],[-3.84401,51.72111],[-3.84465,51.7207],[-3.84322,51.72008],[-3.84713,51.71779],[-3.85339,51.71459],[-3.85529,51.71264],[-3.85646,51.71178],[-3.86149,51.71327],[-3.863,51.71779],[-3.86229,51.7181],[-3.86201,51.71882],[-3.86391,51.72044],[-3.86368,51.72067],[-3.86428,51.72152],[-3.86262,51.72143],[-3.86154,51.72174],[-3.8609,51.72138],[-3.85913,51.72112],[-3.8581,51.722],[-3.85826,51.72258],[-3.85911,51.72312],[-3.85876,51.724],[-3.85792,51.72373],[-3.85714,51.72394],[-3.85678,51.72436],[-3.85569,51.72476],[-3.85375,51.72381],[-3.85314,51.72396],[-3.85331,51.72442],[-3.85262,51.72461],[-3.85306,51.72617],[-3.85382,51.72709],[-3.85363,51.72804],[-3.85189,51.72791]]]}},{"type":"Feature","properties":{"id":"W01000949","name":"W01000949","parent":"W06000012","type":"LSOA","pop":1275,"r":135,"ff":45,"ffd":3529.4,"ffs":0.4839,"g":40,"co":0,"mo":0,"sa":2,"ic":0},"geometry":{"type":"Polygon","coordinates":[[[-3.76824,51.60729],[-3.76881,51.6056],[-3.76763,51.60495],[-3.76633,51.60469],[-3.76407,51.60275],[-3.76147,51.60156],[-3.75779,51.60054],[-3.75703,51.60131],[-3.75422,51.60278],[-3.75129,51.60308],[-3.74406,51.60448],[-3.74279,51.60384],[-3.74003,51.60444],[-3.74143,51.60138],[-3.74218,51.60065],[-3.73665,51.60109],[-3.73976,51.5969],[-3.74153,51.59591],[-3.74521,51.59543],[-3.74834,51.59538],[-3.74938,51.59444],[-3.75119,51.59444],[-3.75285,51.59347],[-3.75395,51.59387],[-3.75636,51.59383],[-3.75837,51.59308],[-3.76014,51.5933],[-3.76192,51.5928],[-3.76273,51.59279],[-3.76349,51.59328],[-3.76586,51.59294],[-3.76771,51.59212],[-3.76884,51.59185],[-3.76895,51.59143],[-3.77105,51.59173],[-3.773,51.59322],[-3.77501,51.59599],[-3.7761,51.59699],[-3.77699,51.59742],[-3.77527,51.59819],[-3.77546,51.59895],[-3.77715,51.59907],[-3.77802,51.59942],[-3.77703,51.59972],[-3.77777,51.60017],[-3.77684,51.60122],[-3.77774,51.60142],[-3.77682,51.60278],[-3.7772,51.6045],[-3.78046,51.60537],[-3.77703,51.60747],[-3.77239,51.60596],[-3.77159,51.60642],[-3.77071,51.60812],[-3.76869,51.60816],[-3.76824,51.60729]]]}},{"type":"Feature","properties":{"id":"W01000950","name":"W01000950","parent":"W06000012","type":"LSOA","pop":1487,"r":18,"ff":9,"ffd":605.2,"ffs":0.5294,"g":0,"co":1,"mo":1,"sa":3,"ic":1},"geometry":{"type":"Polygon","coordinates":[[[-3.7761,51.59699],[-3.77501,51.59599],[-3.77565,51.59554],[-3.77623,51.59596],[-3.77701,51.59523],[-3.77736,51.59576],[-3.7783,51.59463],[-3.77865,51.59368],[-3.77906,51.59317],[-3.781,51.59583],[-3.78063,51.59585],[-3.78068,51.59622],[-3.78215,51.59612],[-3.78209,51.59577],[-3.78247,51.59608],[-3.78322,51.59603],[-3.78378,51.59665],[-3.78199,51.59828],[-3.78228,51.59834],[-3.78216,51.60252],[-3.78046,51.60302],[-3.78215,51.60478],[-3.7806,51.60487],[-3.78046,51.60537],[-3.7772,51.6045],[-3.77682,51.60278],[-3.77774,51.60142],[-3.77684,51.60122],[-3.77777,51.60017],[-3.77703,51.59972],[-3.77802,51.59942],[-3.77715,51.59907],[-3.77546,51.59895],[-3.77527,51.59819],[-3.77699,51.59742],[-3.7761,51.59699]]]}},{"type":"Feature","properties":{"id":"W01000951","name":"W01000951","parent":"W06000012","type":"LSOA","pop":1894,"r":127,"ff":44,"ffd":2323.1,"ffs":0.5,"g":37,"co":0,"mo":0,"sa":2,"ic":0},"geometry":{"type":"Polygon","coordinates":[[[-3.78378,51.59665],[-3.78322,51.59603],[-3.78247,51.59608],[-3.78209,51.59577],[-3.78215,51.59612],[-3.78068,51.59622],[-3.78063,51.59585],[-3.781,51.59583],[-3.77906,51.59317],[-3.77865,51.59368],[-3.7783,51.59463],[-3.77736,51.59576],[-3.77701,51.59523],[-3.77623,51.59596],[-3.77565,51.59554],[-3.77501,51.59599],[-3.773,51.59322],[-3.77084,51.59152],[-3.77119,51.59168],[-3.77216,51.59137],[-3.77545,51.59251],[-3.77568,51.5922],[-3.77705,51.59236],[-3.77729,51.59207],[-3.77578,51.59182],[-3.77584,51.59147],[-3.77481,51.59113],[-3.77575,51.59004],[-3.77467,51.58928],[-3.77654,51.58842],[-3.77804,51.59022],[-3.78016,51.59142],[-3.78523,51.59542],[-3.78378,51.59665]]]}},{"type":"Feature","properties":{"id":"W01000952","name":"W01000952","parent":"W06000012","type":"LSOA","pop":1162,"r":134,"ff":45,"ffd":3872.6,"ffs":0.4891,"g":40,"co":0,"mo":0,"sa":2,"ic":0},"geometry":{"type":"Polygon","coordinates":[[[-3.77545,51.59251],[-3.77216,51.59137],[-3.77119,51.59168],[-3.77084,51.59152],[-3.77105,51.59173],[-3.76895,51.59143],[-3.76884,51.59185],[-3.76771,51.59212],[-3.76806,51.59129],[-3.77035,51.58827],[-3.7721,51.58641],[-3.77344,51.58571],[-3.7748,51.58537],[-3.77617,51.58648],[-3.775,51.5871],[-3.77654,51.58842],[-3.77467,51.58928],[-3.77575,51.59004],[-3.77481,51.59113],[-3.77584,51.59147],[-3.77578,51.59182],[-3.77729,51.59207],[-3.77705,51.59236],[-3.77568,51.5922],[-3.77545,51.59251]]]}},{"type":"Feature","properties":{"id":"W01000953","name":"W01000953","parent":"W06000012","type":"LSOA","pop":1595,"r":5,"ff":0,"ffd":0.0,"ffs":0.0,"g":0,"co":3,"mo":3,"sa":3,"ic":1},"geometry":{"type":"Polygon","coordinates":[[[-3.71463,51.72705],[-3.70742,51.72553],[-3.70635,51.72691],[-3.70626,51.72604],[-3.70507,51.72644],[-3.70036,51.72671],[-3.6971,51.72567],[-3.69515,51.72403],[-3.69541,51.72336],[-3.69336,51.72177],[-3.69242,51.72153],[-3.69192,51.72044],[-3.69045,51.72023],[-3.69091,51.71871],[-3.6923,51.71712],[-3.69126,51.71734],[-3.69004,51.71711],[-3.68824,51.7155],[-3.69072,51.71513],[-3.69136,51.71333],[-3.69063,51.7136],[-3.68905,51.71223],[-3.68702,51.71249],[-3.68614,51.7122],[-3.6865,51.71182],[-3.68932,51.71091],[-3.69091,51.70965],[-3.69212,51.70946],[-3.69272,51.70965],[-3.69262,51.709],[-3.69376,51.70852],[-3.69323,51.70751],[-3.69426,51.70605],[-3.69831,51.70655],[-3.69683,51.70687],[-3.69825,51.70801],[-3.69564,51.70842],[-3.69609,51.70904],[-3.69515,51.70977],[-3.69414,51.71005],[-3.69458,51.71052],[-3.69408,51.71073],[-3.69575,51.71146],[-3.69612,51.71128],[-3.69645,51.71191],[-3.69774,51.71127],[-3.69866,51.71176],[-3.69742,51.71235],[-3.69745,51.71313],[-3.69621,51.71304],[-3.69545,51.71439],[-3.69614,51.71488],[-3.69997,51.71412],[-3.70059,51.71463],[-3.7023,51.71405],[-3.70305,51.71343],[-3.71226,51.70918],[-3.70897,51.7078],[-3.71129,51.70666],[-3.70975,51.70571],[-3.70993,51.70556],[-3.71096,51.70616],[-3.71297,51.70553],[-3.71235,51.70285],[-3.71412,51.70181],[-3.71667,51.70093],[-3.71564,51.69973],[-3.71415,51.70025],[-3.71226,51.69882],[-3.71104,51.69931],[-3.70997,51.6982],[-3.70968,51.69828],[-3.7088,51.69659],[-3.70953,51.69481],[-3.70948,51.69349],[-3.70792,51.68759],[-3.70202,51.68118],[-3.7097,51.67803],[-3.71383,51.6771],[-3.71865,51.67826],[-3.72031,51.67729],[-3.72405,51.67865],[-3.72644,51.67863],[-3.73013,51.67758],[-3.73223,51.67587],[-3.73308,51.67586],[-3.73458,51.67826],[-3.73752,51.6775],[-3.73749,51.6784],[-3.74061,51.68078],[-3.74358,51.68454],[-3.74435,51.6847],[-3.7433,51.68639],[-3.74169,51.68708],[-3.74311,51.68823],[-3.73907,51.69047],[-3.73465,51.69569],[-3.73374,51.69595],[-3.73219,51.69577],[-3.73055,51.6976],[-3.73183,51.69818],[-3.73498,51.70065],[-3.73424,51.70164],[-3.73518,51.70477],[-3.7376,51.70822],[-3.73764,51.71042],[-3.72271,51.72052],[-3.71463,51.72705]]]}},{"type":"Feature","properties":{"id":"W01000954","name":"W01000954","parent":"W06000012","type":"LSOA","pop":1386,"r":6,"ff":1,"ffd":72.2,"ffs":0.2,"g":0,"co":3,"mo":3,"sa":3,"ic":1},"geometry":{"type":"Polygon","coordinates":[[[-3.66131,51.72364],[-3.65902,51.72195],[-3.65692,51.71924],[-3.64613,51.71085],[-3.64434,51.71215],[-3.64356,51.7135],[-3.64249,51.71344],[-3.64053,51.71451],[-3.63961,51.71444],[-3.63898,51.71481],[-3.63649,51.71523],[-3.63452,51.71347],[-3.63059,51.71155],[-3.62718,51.71151],[-3.62371,51.71042],[-3.61819,51.71103],[-3.62608,51.70657],[-3.62978,51.70327],[-3.63373,51.70084],[-3.63388,51.70024],[-3.63696,51.69878],[-3.63787,51.69753],[-3.64975,51.69098],[-3.6531,51.68663],[-3.65349,51.68673],[-3.65784,51.68428],[-3.66685,51.68072],[-3.67686,51.68061],[-3.67887,51.68119],[-3.68379,51.68088],[-3.68481,51.6845],[-3.68834,51.68379],[-3.68998,51.68384],[-3.69197,51.68348],[-3.69405,51.68277],[-3.69933,51.68276],[-3.70032,51.68244],[-3.70077,51.68173],[-3.70202,51.68118],[-3.70792,51.68759],[-3.70948,51.69349],[-3.70953,51.69481],[-3.7088,51.69659],[-3.70968,51.69828],[-3.70997,51.6982],[-3.71104,51.69931],[-3.71226,51.69882],[-3.71415,51.70025],[-3.71564,51.69973],[-3.71667,51.70093],[-3.71412,51.70181],[-3.71235,51.70285],[-3.71297,51.70553],[-3.71096,51.70616],[-3.70993,51.70556],[-3.70975,51.70571],[-3.71129,51.70666],[-3.70897,51.7078],[-3.71226,51.70918],[-3.70305,51.71343],[-3.7023,51.71405],[-3.70059,51.71463],[-3.69997,51.71412],[-3.69614,51.71488],[-3.69545,51.71439],[-3.69621,51.71304],[-3.69745,51.71313],[-3.69742,51.71235],[-3.69866,51.71176],[-3.69774,51.71127],[-3.69645,51.71191],[-3.69612,51.71128],[-3.69575,51.71146],[-3.69408,51.71073],[-3.69458,51.71052],[-3.69414,51.71005],[-3.69515,51.70977],[-3.69609,51.70904],[-3.69564,51.70842],[-3.69825,51.70801],[-3.69683,51.70687],[-3.69831,51.70655],[-3.69426,51.70605],[-3.69323,51.70751],[-3.69376,51.70852],[-3.69262,51.709],[-3.69272,51.70965],[-3.69212,51.70946],[-3.69091,51.70965],[-3.68932,51.71091],[-3.6865,51.71182],[-3.68614,51.7122],[-3.68702,51.71249],[-3.68905,51.71223],[-3.69063,51.7136],[-3.69136,51.71333],[-3.69072,51.71513],[-3.68824,51.7155],[-3.68583,51.71486],[-3.68359,51.71498],[-3.67852,51.71763],[-3.67793,51.71868],[-3.67651,51.7197],[-3.67477,51.72271],[-3.67392,51.72293],[-3.66911,51.72252],[-3.66692,51.72414],[-3.66478,51.72508],[-3.66131,51.72364]]]}},{"type":"Feature","properties":{"id":"W01000955","name":"W01000955","parent":"W06000012","type":"LSOA","pop":1334,"r":18,"ff":9,"ffd":674.7,"ffs":0.5294,"g":0,"co":1,"mo":3,"sa":3,"ic":1},"geometry":{"type":"Polygon","coordinates":[[[-3.78055,51.75964],[-3.77762,51.75668],[-3.77032,51.75452],[-3.777,51.74751],[-3.77806,51.74468],[-3.77749,51.7421],[-3.77784,51.73801],[-3.7762,51.73644],[-3.77722,51.73561],[-3.77819,51.73391],[-3.77744,51.73137],[-3.77521,51.72965],[-3.77655,51.72978],[-3.7814,51.72817],[-3.78114,51.72728],[-3.77931,51.72767],[-3.78067,51.72463],[-3.78411,51.71973],[-3.79715,51.70695],[-3.80027,51.70771],[-3.80433,51.70674],[-3.80445,51.70571],[-3.80606,51.70524],[-3.80663,51.70475],[-3.80879,51.705],[-3.80944,51.70452],[-3.81015,51.70458],[-3.81095,51.70368],[-3.81176,51.7036],[-3.81211,51.70266],[-3.81554,51.70183],[-3.81807,51.70066],[-3.81847,51.69984],[-3.81919,51.69955],[-3.82001,51.69855],[-3.82223,51.69792],[-3.82248,51.69728],[-3.82396,51.69785],[-3.82707,51.69783],[-3.82804,51.69928],[-3.82767,51.69927],[-3.83037,51.70399],[-3.83076,51.70789],[-3.83132,51.70887],[-3.82934,51.70873],[-3.82949,51.70816],[-3.82528,51.70836],[-3.82516,51.70883],[-3.82419,51.70894],[-3.82403,51.70974],[-3.82474,51.70981],[-3.8242,51.71187],[-3.82531,51.71175],[-3.82599,51.7126],[-3.82678,51.7126],[-3.82865,51.71194],[-3.82971,51.71206],[-3.82956,51.71252],[-3.83005,51.7125],[-3.83097,51.7131],[-3.83212,51.71277],[-3.83273,51.71337],[-3.83256,51.71416],[-3.832,51.71448],[-3.83219,51.71505],[-3.83132,51.71503],[-3.83085,51.71464],[-3.83059,51.7154],[-3.82977,51.71524],[-3.83016,51.71594],[-3.82977,51.71701],[-3.82926,51.71726],[-3.82857,51.71702],[-3.82871,51.71671],[-3.82783,51.71726],[-3.82836,51.71762],[-3.82721,51.71889],[-3.8284,51.72033],[-3.82948,51.72044],[-3.8303,51.72153],[-3.83109,51.72114],[-3.83063,51.72074],[-3.83111,51.72038],[-3.83317,51.72006],[-3.83406,51.72129],[-3.83375,51.72194],[-3.83177,51.72292],[-3.8324,51.72349],[-3.83542,51.72484],[-3.83654,51.72451],[-3.83761,51.72479],[-3.84029,51.72258],[-3.84137,51.72457],[-3.8414,51.7255],[-3.84018,51.72612],[-3.83703,51.72641],[-3.83387,51.72698],[-3.83002,51.72863],[-3.82794,51.72996],[-3.82642,51.73278],[-3.8257,51.73333],[-3.8219,51.73503],[-3.81875,51.738],[-3.81577,51.7383],[-3.8139,51.73898],[-3.81067,51.74155],[-3.80299,51.74464],[-3.79809,51.74773],[-3.79272,51.75228],[-3.79246,51.75337],[-3.7932,51.75587],[-3.79175,51.75732],[-3.78877,51.7591],[-3.78748,51.75935],[-3.78828,51.75864],[-3.78539,51.75675],[-3.78435,51.75708],[-3.78421,51.75786],[-3.78226,51.75908],[-3.78055,51.75964]]]}},{"type":"Feature","properties":{"id":"W01000956","name":"W01000956","parent":"W06000012","type":"LSOA","pop":1121,"r":19,"ff":10,"ffd":892.1,"ffs":0.5556,"g":0,"co":1,"mo":3,"sa":3,"ic":1},"geometry":{"type":"Polygon","coordinates":[[[-3.82836,51.71762],[-3.82783,51.71726],[-3.82871,51.71671],[-3.82857,51.71702],[-3.82926,51.71726],[-3.82977,51.71701],[-3.83016,51.71594],[-3.82977,51.71524],[-3.83059,51.7154],[-3.83085,51.71464],[-3.83132,51.71503],[-3.83219,51.71505],[-3.832,51.71448],[-3.83256,51.71416],[-3.83273,51.71337],[-3.83212,51.71277],[-3.83097,51.7131],[-3.83005,51.7125],[-3.82956,51.71252],[-3.82971,51.71206],[-3.82865,51.71194],[-3.82678,51.7126],[-3.82599,51.7126],[-3.82531,51.71175],[-3.8242,51.71187],[-3.82474,51.70981],[-3.82403,51.70974],[-3.82419,51.70894],[-3.82516,51.70883],[-3.82528,51.70836],[-3.82949,51.70816],[-3.82934,51.70873],[-3.83132,51.70887],[-3.83339,51.70965],[-3.83444,51.71096],[-3.83644,51.71184],[-3.83623,51.71202],[-3.83634,51.71311],[-3.83684,51.71341],[-3.8365,51.71471],[-3.83573,51.71522],[-3.83297,51.71805],[-3.83405,51.71815],[-3.83317,51.72006],[-3.83111,51.72038],[-3.83063,51.72074],[-3.83109,51.72114],[-3.8303,51.72153],[-3.82948,51.72044],[-3.8284,51.72033],[-3.82721,51.71889],[-3.82836,51.71762]]]}},{"type":"Feature","properties":{"id":"W01000957","name":"W01000957","parent":"W06000012","type":"LSOA","pop":1653,"r":117,"ff":39,"ffd":2359.3,"ffs":0.4756,"g":33,"co":2,"mo":0,"sa":2,"ic":0},"geometry":{"type":"Polygon","coordinates":[[[-3.80587,51.59891],[-3.80059,51.59537],[-3.80188,51.59553],[-3.8022,51.59529],[-3.80238,51.59443],[-3.80328,51.5945],[-3.80503,51.59371],[-3.80597,51.59369],[-3.8061,51.59295],[-3.80767,51.59312],[-3.80778,51.59276],[-3.80647,51.59203],[-3.81097,51.59003],[-3.81161,51.59045],[-3.81,51.59191],[-3.81082,51.59198],[-3.81293,51.59129],[-3.81578,51.59335],[-3.81492,51.59397],[-3.81447,51.5938],[-3.81494,51.59428],[-3.81689,51.59372],[-3.8165,51.59422],[-3.81688,51.59498],[-3.81569,51.5946],[-3.81493,51.59474],[-3.81405,51.59433],[-3.81296,51.595],[-3.81258,51.59477],[-3.8127,51.59519],[-3.81241,51.59533],[-3.812,51.59508],[-3.81145,51.59541],[-3.81217,51.59596],[-3.81091,51.59614],[-3.80865,51.59762],[-3.80823,51.59734],[-3.80773,51.59807],[-3.80728,51.5978],[-3.80573,51.59848],[-3.80587,51.59891]]]}},{"type":"Feature","properties":{"id":"W01000958","name":"W01000958","parent":"W06000012","type":"LSOA","pop":1538,"r":114,"ff":38,"ffd":2470.7,"ffs":0.475,"g":32,"co":2,"mo":0,"sa":2,"ic":0},"geometry":{"type":"Polygon","coordinates":[[[-3.80573,51.59848],[-3.80728,51.5978],[-3.80773,51.59807],[-3.80823,51.59734],[-3.80865,51.59762],[-3.81091,51.59614],[-3.81217,51.59596],[-3.81145,51.59541],[-3.812,51.59508],[-3.81241,51.59533],[-3.8127,51.59519],[-3.81258,51.59477],[-3.81296,51.595],[-3.81405,51.59433],[-3.81493,51.59474],[-3.81569,51.5946],[-3.81688,51.59498],[-3.81749,51.59613],[-3.81662,51.5973],[-3.81077,51.60067],[-3.8107,51.60134],[-3.80997,51.60184],[-3.80587,51.59891],[-3.80573,51.59848]]]}},{"type":"Feature","properties":{"id":"W01000959","name":"W01000959","parent":"W06000012","type":"LSOA","pop":1731,"r":96,"ff":34,"ffd":1964.2,"ffs":0.5,"g":26,"co":2,"mo":0,"sa":3,"ic":0},"geometry":{"type":"Polygon","coordinates":[[[-3.81494,51.59428],[-3.81447,51.5938],[-3.81492,51.59397],[-3.81578,51.59335],[-3.81293,51.59129],[-3.81082,51.59198],[-3.81,51.59191],[-3.81161,51.59045],[-3.81097,51.59003],[-3.80647,51.59203],[-3.80778,51.59276],[-3.80767,51.59312],[-3.8061,51.59295],[-3.80603,51.59337],[-3.80495,51.59326],[-3.80323,51.59221],[-3.80174,51.59305],[-3.80059,51.5919],[-3.80426,51.58968],[-3.80536,51.58969],[-3.80733,51.58827],[-3.80694,51.58815],[-3.80649,51.58865],[-3.80604,51.58856],[-3.80534,51.58634],[-3.80438,51.58554],[-3.80266,51.58605],[-3.80404,51.58702],[-3.80272,51.58789],[-3.80226,51.58862],[-3.80176,51.58853],[-3.79915,51.58934],[-3.79872,51.58915],[-3.79837,51.58928],[-3.79812,51.58907],[-3.79935,51.5856],[-3.80064,51.58438],[-3.80427,51.58368],[-3.80574,51.58373],[-3.80542,51.58391],[-3.80612,51.58465],[-3.80934,51.58625],[-3.81176,51.58349],[-3.81192,51.58371],[-3.80953,51.58629],[-3.80974,51.58756],[-3.80942,51.58772],[-3.80999,51.58778],[-3.81398,51.59097],[-3.81761,51.59325],[-3.81689,51.59372],[-3.81494,51.59428]]]}},{"type":"Feature","properties":{"id":"W01000960","name":"W01000960","parent":"W06000012","type":"LSOA","pop":1821,"r":106,"ff":37,"ffd":2031.9,"ffs":0.4933,"g":29,"co":2,"mo":0,"sa":3,"ic":0},"geometry":{"type":"Polygon","coordinates":[[[-3.80034,51.5952],[-3.79656,51.59283],[-3.79465,51.59227],[-3.79291,51.59267],[-3.79264,51.59249],[-3.79635,51.59166],[-3.7975,51.59083],[-3.79812,51.58907],[-3.79837,51.58928],[-3.79872,51.58915],[-3.79915,51.58934],[-3.80176,51.58853],[-3.80226,51.58862],[-3.80272,51.58789],[-3.80404,51.58702],[-3.80266,51.58605],[-3.80438,51.58554],[-3.80534,51.58634],[-3.80604,51.58856],[-3.80649,51.58865],[-3.80694,51.58815],[-3.80733,51.58827],[-3.80536,51.58969],[-3.80426,51.58968],[-3.80059,51.5919],[-3.80174,51.59305],[-3.80323,51.59221],[-3.80495,51.59326],[-3.80603,51.59337],[-3.80597,51.59369],[-3.80503,51.59371],[-3.80328,51.5945],[-3.80238,51.59443],[-3.8022,51.59529],[-3.80188,51.59553],[-3.80034,51.5952]]]}},{"type":"Feature","properties":{"id":"W01000961","name":"W01000961","parent":"W06000012","type":"LSOA","pop":1600,"r":126,"ff":42,"ffd":2625.0,"ffs":0.4828,"g":37,"co":2,"mo":0,"sa":2,"ic":0},"geometry":{"type":"Polygon","coordinates":[[[-3.81826,51.61301],[-3.81769,51.60962],[-3.81703,51.61],[-3.8169,51.60967],[-3.81718,51.60853],[-3.81599,51.60662],[-3.81405,51.60475],[-3.81456,51.60441],[-3.81534,51.605],[-3.8164,51.60496],[-3.8158,51.60405],[-3.81811,51.60436],[-3.81826,51.60397],[-3.81764,51.60388],[-3.81756,51.60326],[-3.81688,51.60311],[-3.81801,51.60201],[-3.8188,51.60175],[-3.81944,51.60258],[-3.82039,51.60277],[-3.8212,51.60249],[-3.82224,51.60309],[-3.82189,51.6054],[-3.82239,51.60568],[-3.82332,51.60482],[-3.82269,51.60457],[-3.82277,51.60432],[-3.82372,51.60418],[-3.82401,51.6037],[-3.82442,51.60425],[-3.82503,51.60411],[-3.82633,51.60478],[-3.82596,51.60523],[-3.82571,51.60503],[-3.82534,51.60525],[-3.82621,51.60602],[-3.82555,51.6068],[-3.82535,51.60653],[-3.82496,51.60665],[-3.82506,51.60626],[-3.82454,51.60599],[-3.82404,51.60618],[-3.82279,51.60718],[-3.82415,51.60774],[-3.82335,51.6082],[-3.8245,51.60891],[-3.82065,51.61116],[-3.81826,51.61301]]]}},{"type":"Feature","properties":{"id":"W01000962","name":"W01000962","parent":"W06000012","type":"LSOA","pop":1517,"r":144,"ff":46,"ffd":3032.3,"ffs":0.4792,"g":46,"co":2,"mo":0,"sa":2,"ic":0},"geometry":{"type":"Polygon","coordinates":[[[-3.81534,51.605],[-3.81456,51.60441],[-3.81405,51.60475],[-3.80997,51.60184],[-3.8107,51.60134],[-3.81077,51.60067],[-3.81324,51.5993],[-3.81394,51.59936],[-3.81324,51.59977],[-3.81379,51.60018],[-3.81493,51.60033],[-3.81495,51.60061],[-3.8159,51.60045],[-3.81625,51.59931],[-3.81677,51.59932],[-3.81808,51.60076],[-3.81895,51.60017],[-3.81971,51.60036],[-3.81943,51.60145],[-3.81801,51.60201],[-3.81688,51.60311],[-3.81756,51.60326],[-3.81764,51.60388],[-3.81826,51.60397],[-3.81811,51.60436],[-3.8158,51.60405],[-3.8164,51.60496],[-3.81534,51.605]]]}},{"type":"Feature","properties":{"id":"W01000963","name":"W01000963","parent":"W06000012","type":"LSOA","pop":1889,"r":117,"ff":39,"ffd":2064.6,"ffs":0.4756,"g":33,"co":2,"mo":0,"sa":2,"ic":0},"geometry":{"type":"Polygon","coordinates":[[[-3.81944,51.60258],[-3.8188,51.60175],[-3.81943,51.60145],[-3.81971,51.60036],[-3.81895,51.60017],[-3.81808,51.60076],[-3.81677,51.59932],[-3.81625,51.59931],[-3.8159,51.60045],[-3.81495,51.60061],[-3.81493,51.60033],[-3.81379,51.60018],[-3.81324,51.59977],[-3.81394,51.59936],[-3.81324,51.5993],[-3.81662,51.5973],[-3.81708,51.59795],[-3.81744,51.59781],[-3.81726,51.59711],[-3.8182,51.59655],[-3.81777,51.59617],[-3.8182,51.59562],[-3.81809,51.59478],[-3.8206,51.59635],[-3.82336,51.59745],[-3.8263,51.59912],[-3.82706,51.60061],[-3.82649,51.60132],[-3.82497,51.60145],[-3.82459,51.60114],[-3.82264,51.60184],[-3.8225,51.60224],[-3.82174,51.60274],[-3.8212,51.60249],[-3.82039,51.60277],[-3.81944,51.60258]]]}},{"type":"Feature","properties":{"id":"W01000964","name":"W01000964","parent":"W06000012","type":"LSOA","pop":1831,"r":129,"ff":43,"ffd":2348.4,"ffs":0.4831,"g":38,"co":2,"mo":0,"sa":2,"ic":0},"geometry":{"type":"Polygon","coordinates":[[[-3.82316,51.607],[-3.82404,51.60618],[-3.82454,51.60599],[-3.82506,51.60626],[-3.82496,51.60665],[-3.82535,51.60653],[-3.82555,51.6068],[-3.82621,51.60602],[-3.82534,51.60525],[-3.82571,51.60503],[-3.82596,51.60523],[-3.82633,51.60478],[-3.82503,51.60411],[-3.82442,51.60425],[-3.82401,51.6037],[-3.82372,51.60418],[-3.82277,51.60432],[-3.82269,51.60457],[-3.82332,51.60482],[-3.82239,51.60568],[-3.82189,51.6054],[-3.82224,51.60309],[-3.82174,51.60274],[-3.8225,51.60224],[-3.82264,51.60184],[-3.82459,51.60114],[-3.82497,51.60145],[-3.82649,51.60132],[-3.82706,51.60061],[-3.82691,51.60017],[-3.82674,51.60014],[-3.8263,51.59912],[-3.82336,51.59745],[-3.8206,51.59635],[-3.81809,51.59478],[-3.8182,51.59562],[-3.81777,51.59617],[-3.8182,51.59655],[-3.81726,51.59711],[-3.81744,51.59781],[-3.81708,51.59795],[-3.81662,51.5973],[-3.81749,51.59613],[-3.8165,51.59422],[-3.81689,51.59372],[-3.81761,51.59325],[-3.83685,51.60431],[-3.82709,51.60737],[-3.8245,51.60891],[-3.82335,51.6082],[-3.82415,51.60774],[-3.82279,51.60718],[-3.82316,51.607]]]}},{"type":"Feature","properties":{"id":"W01000965","name":"W01000965","parent":"W06000012","type":"LSOA","pop":2004,"r":8,"ff":3,"ffd":149.7,"ffs":0.4286,"g":0,"co":3,"mo":3,"sa":3,"ic":3},"geometry":{"type":"Polygon","coordinates":[[[-3.71908,51.77817],[-3.71859,51.77788],[-3.71487,51.77822],[-3.71422,51.77781],[-3.71204,51.77766],[-3.70918,51.77651],[-3.70824,51.77641],[-3.70737,51.7752],[-3.70747,51.77326],[-3.70639,51.77334],[-3.70433,51.77279],[-3.70369,51.77336],[-3.70273,51.77357],[-3.69973,51.77316],[-3.69917,51.77258],[-3.69767,51.77251],[-3.69676,51.77178],[-3.69513,51.77138],[-3.69409,51.77054],[-3.69295,51.77039],[-3.69032,51.76907],[-3.6883,51.76914],[-3.68528,51.76668],[-3.6831,51.76622],[-3.68241,51.7657],[-3.67999,51.76502],[-3.67829,51.76418],[-3.67754,51.76316],[-3.67656,51.76268],[-3.68087,51.76072],[-3.67906,51.75992],[-3.67894,51.75917],[-3.67808,51.7583],[-3.67871,51.7575],[-3.67839,51.75694],[-3.69261,51.75161],[-3.69477,51.74895],[-3.7037,51.74169],[-3.70516,51.73965],[-3.70523,51.73877],[-3.70749,51.7411],[-3.71052,51.74235],[-3.71455,51.74336],[-3.71558,51.74195],[-3.71918,51.74133],[-3.72132,51.74193],[-3.72397,51.74405],[-3.72497,51.74419],[-3.72616,51.74387],[-3.72702,51.74414],[-3.7277,51.74364],[-3.72983,51.74396],[-3.73086,51.74494],[-3.72926,51.746],[-3.72899,51.74684],[-3.728,51.74744],[-3.73054,51.74791],[-3.73615,51.75023],[-3.7373,51.75039],[-3.73815,51.75113],[-3.738,51.75215],[-3.73954,51.75478],[-3.73817,51.75626],[-3.73752,51.7581],[-3.73754,51.75862],[-3.73725,51.75858],[-3.73546,51.76178],[-3.73519,51.76312],[-3.73582,51.76323],[-3.73494,51.76446],[-3.73303,51.76504],[-3.73355,51.76623],[-3.73312,51.76693],[-3.73234,51.76725],[-3.73175,51.76716],[-3.73374,51.769],[-3.73668,51.7698],[-3.73391,51.7715],[-3.72791,51.77621],[-3.71908,51.77817]]]}},{"type":"Feature","properties":{"id":"W01000966","name":"W01000966","parent":"W06000012","type":"LSOA","pop":1423,"r":136,"ff":46,"ffd":3232.6,"ffs":0.4894,"g":40,"co":0,"mo":2,"sa":2,"ic":0},"geometry":{"type":"Polygon","coordinates":[[[-3.7321,51.60012],[-3.73233,51.5986],[-3.73124,51.59878],[-3.73073,51.59766],[-3.72967,51.5973],[-3.72852,51.59747],[-3.72823,51.5967],[-3.72751,51.59639],[-3.72464,51.59691],[-3.72225,51.59693],[-3.72152,51.59479],[-3.71861,51.59362],[-3.71865,51.59334],[-3.72085,51.59124],[-3.72198,51.59178],[-3.72767,51.59271],[-3.72785,51.59177],[-3.72992,51.59106],[-3.7321,51.58987],[-3.73205,51.58776],[-3.73421,51.58766],[-3.73692,51.58799],[-3.73624,51.58488],[-3.73833,51.58323],[-3.74176,51.58267],[-3.74358,51.58079],[-3.74298,51.58067],[-3.74286,51.58006],[-3.742,51.57998],[-3.74073,51.57899],[-3.74049,51.57725],[-3.74494,51.57566],[-3.74728,51.57428],[-3.74724,51.57489],[-3.7482,51.57462],[-3.75158,51.57572],[-3.75193,51.57566],[-3.75171,51.57501],[-3.75209,51.57478],[-3.7563,51.57798],[-3.76476,51.58362],[-3.76535,51.58333],[-3.76606,51.5839],[-3.76744,51.58317],[-3.76693,51.58412],[-3.76779,51.58377],[-3.76854,51.5843],[-3.76745,51.58484],[-3.7678,51.58508],[-3.76894,51.58451],[-3.76977,51.58551],[-3.77038,51.58562],[-3.76867,51.5874],[-3.77035,51.58827],[-3.76806,51.59129],[-3.76771,51.59212],[-3.76586,51.59294],[-3.76349,51.59328],[-3.76273,51.59279],[-3.76192,51.5928],[-3.76014,51.5933],[-3.75837,51.59308],[-3.75636,51.59383],[-3.75395,51.59387],[-3.75285,51.59347],[-3.75119,51.59444],[-3.74938,51.59444],[-3.74834,51.59538],[-3.74521,51.59543],[-3.74153,51.59591],[-3.73976,51.5969],[-3.73665,51.60109],[-3.73592,51.60105],[-3.7347,51.60026],[-3.7321,51.60012]]]}},{"type":"Feature","properties":{"id":"W01000967","name":"W01000967","parent":"W06000012","type":"LSOA","pop":1437,"r":101,"ff":37,"ffd":2574.8,"ffs":0.5139,"g":27,"co":0,"mo":2,"sa":3,"ic":0},"geometry":{"type":"Polygon","coordinates":[[[-3.76977,51.58551],[-3.76894,51.58451],[-3.7678,51.58508],[-3.76745,51.58484],[-3.76854,51.5843],[-3.76779,51.58377],[-3.76693,51.58412],[-3.76744,51.58317],[-3.76606,51.5839],[-3.76535,51.58333],[-3.76476,51.58362],[-3.7627,51.58214],[-3.762,51.58105],[-3.76338,51.5797],[-3.7612,51.57813],[-3.76153,51.57797],[-3.76341,51.57906],[-3.76412,51.57868],[-3.76375,51.57841],[-3.76437,51.57738],[-3.76405,51.57713],[-3.76449,51.57695],[-3.76873,51.58227],[-3.77344,51.58571],[-3.7721,51.58641],[-3.77035,51.58827],[-3.76867,51.5874],[-3.77038,51.58562],[-3.76977,51.58551]]]}},{"type":"Feature","properties":{"id":"W01000968","name":"W01000968","parent":"W06000012","type":"LSOA","pop":2003,"r":93,"ff":36,"ffd":1797.3,"ffs":0.5217,"g":22,"co":0,"mo":2,"sa":3,"ic":0},"geometry":{"type":"Polygon","coordinates":[[[-3.7627,51.58214],[-3.7563,51.57798],[-3.75209,51.57478],[-3.75295,51.57392],[-3.75436,51.57422],[-3.75678,51.57332],[-3.75748,51.57403],[-3.75923,51.57356],[-3.75872,51.57214],[-3.76006,51.57148],[-3.76449,51.57695],[-3.76405,51.57713],[-3.76437,51.57738],[-3.76375,51.57841],[-3.76412,51.57868],[-3.76341,51.57906],[-3.76153,51.57797],[-3.7612,51.57813],[-3.76338,51.5797],[-3.762,51.58105],[-3.7627,51.58214]]]}},{"type":"Feature","properties":{"id":"W01000969","name":"W01000969","parent":"W06000012","type":"LSOA","pop":1517,"r":5,"ff":0,"ffd":0.0,"ffs":0.0,"g":0,"co":1,"mo":1,"sa":3,"ic":1},"geometry":{"type":"MultiPolygon","coordinates":[[[[-3.78813,51.67272],[-3.78866,51.67241],[-3.78865,51.67245],[-3.78813,51.67272]]],[[[-3.74358,51.68454],[-3.74061,51.68078],[-3.73749,51.6784],[-3.73752,51.6775],[-3.73458,51.67826],[-3.73308,51.67586],[-3.73223,51.67587],[-3.73126,51.67547],[-3.73095,51.6749],[-3.72731,51.6742],[-3.72471,51.67405],[-3.72316,51.67355],[-3.7206,51.672],[-3.71978,51.67027],[-3.72554,51.66774],[-3.72536,51.66652],[-3.72604,51.66614],[-3.73465,51.66389],[-3.73584,51.6633],[-3.73617,51.6626],[-3.73756,51.66194],[-3.73877,51.66304],[-3.74125,51.66372],[-3.74307,51.66252],[-3.74526,51.66307],[-3.74591,51.66243],[-3.74906,51.66179],[-3.75343,51.66547],[-3.75337,51.66582],[-3.76138,51.66043],[-3.76532,51.66134],[-3.76475,51.6616],[-3.76445,51.66243],[-3.7658,51.66278],[-3.76729,51.66542],[-3.76802,51.66554],[-3.76997,51.66726],[-3.77185,51.66731],[-3.7726,51.6678],[-3.77418,51.66784],[-3.77854,51.66686],[-3.78032,51.66678],[-3.78256,51.66706],[-3.78544,51.66794],[-3.78829,51.66733],[-3.78992,51.66729],[-3.79191,51.66866],[-3.78962,51.66966],[-3.78773,51.67142],[-3.78836,51.67189],[-3.78785,51.67226],[-3.78853,51.672],[-3.78811,51.67273],[-3.78701,51.6733],[-3.78545,51.67397],[-3.78338,51.6743],[-3.77725,51.67581],[-3.77692,51.67528],[-3.77555,51.67558],[-3.77519,51.67526],[-3.77232,51.67618],[-3.77173,51.67611],[-3.7712,51.67552],[-3.77021,51.6758],[-3.77138,51.67698],[-3.77102,51.67777],[-3.77053,51.67752],[-3.77083,51.6771],[-3.77023,51.67659],[-3.76883,51.67679],[-3.7679,51.67626],[-3.76816,51.67602],[-3.76667,51.67568],[-3.76531,51.6767],[-3.76487,51.67622],[-3.76303,51.67564],[-3.76228,51.67782],[-3.75973,51.68001],[-3.75825,51.68043],[-3.75882,51.68169],[-3.7549,51.68304],[-3.75162,51.6823],[-3.7491,51.68255],[-3.74883,51.68291],[-3.7502,51.68571],[-3.74959,51.6867],[-3.748,51.68791],[-3.74311,51.68823],[-3.74169,51.68708],[-3.7433,51.68639],[-3.74435,51.6847],[-3.74358,51.68454]]]]}},{"type":"Feature","properties":{"id":"W01000970","name":"W01000970","parent":"W06000012","type":"LSOA","pop":1162,"r":103,"ff":30,"ffd":2581.8,"ffs":0.4839,"g":39,"co":0,"mo":0,"sa":2,"ic":0},"geometry":{"type":"Polygon","coordinates":[[[-3.77032,51.68176],[-3.76533,51.68113],[-3.75882,51.68169],[-3.75825,51.68043],[-3.75973,51.68001],[-3.76228,51.67782],[-3.76303,51.67564],[-3.76487,51.67622],[-3.76531,51.6767],[-3.76667,51.67568],[-3.76816,51.67602],[-3.7679,51.67626],[-3.76883,51.67679],[-3.77023,51.67659],[-3.77083,51.6771],[-3.77053,51.67752],[-3.77102,51.67777],[-3.77138,51.67698],[-3.77021,51.6758],[-3.7712,51.67552],[-3.77173,51.67611],[-3.77232,51.67618],[-3.77519,51.67526],[-3.77555,51.67558],[-3.77692,51.67528],[-3.77725,51.67581],[-3.77529,51.67631],[-3.7767,51.67993],[-3.77572,51.68069],[-3.77218,51.68164],[-3.77032,51.68176]]]}},{"type":"Feature","properties":{"id":"W01000971","name":"W01000971","parent":"W06000012","type":"LSOA","pop":1388,"r":20,"ff":11,"ffd":792.5,"ffs":0.5789,"g":0,"co":1,"mo":3,"sa":3,"ic":1},"geometry":{"type":"Polygon","coordinates":[[[-3.8715,51.72087],[-3.86755,51.71982],[-3.86489,51.72],[-3.86391,51.72044],[-3.86201,51.71882],[-3.86229,51.7181],[-3.863,51.71779],[-3.86149,51.71327],[-3.85646,51.71178],[-3.85839,51.71112],[-3.86207,51.71058],[-3.86372,51.7095],[-3.86431,51.70888],[-3.86398,51.70721],[-3.86444,51.70505],[-3.86535,51.70371],[-3.86698,51.70283],[-3.87131,51.70277],[-3.87231,51.70208],[-3.87355,51.70283],[-3.87394,51.70267],[-3.876,51.704],[-3.87275,51.70627],[-3.87353,51.70676],[-3.87423,51.70887],[-3.88037,51.7119],[-3.88129,51.71364],[-3.8799,51.71501],[-3.87859,51.71563],[-3.87779,51.71635],[-3.87805,51.7174],[-3.87767,51.71816],[-3.8722,51.72192],[-3.8715,51.72087]]]}},{"type":"Feature","properties":{"id":"W01000973","name":"W01000973","parent":"W06000012","type":"LSOA","pop":1274,"r":11,"ff":8,"ffd":627.9,"ffs":0.8,"g":0,"co":3,"mo":3,"sa":3,"ic":1},"geometry":{"type":"Polygon","coordinates":[[[-3.78015,51.76828],[-3.77991,51.76784],[-3.77926,51.76793],[-3.77818,51.76714],[-3.77787,51.76585],[-3.77849,51.76436],[-3.7774,51.76303],[-3.77843,51.76224],[-3.77832,51.76023],[-3.77972,51.7601],[-3.78055,51.75964],[-3.78226,51.75908],[-3.78421,51.75786],[-3.78435,51.75708],[-3.78539,51.75675],[-3.78828,51.75864],[-3.78748,51.75935],[-3.78877,51.7591],[-3.78898,51.75946],[-3.78958,51.75953],[-3.78954,51.75988],[-3.7888,51.75963],[-3.78778,51.75975],[-3.78841,51.76028],[-3.78838,51.76079],[-3.7906,51.76093],[-3.79084,51.76132],[-3.7879,51.7626],[-3.78771,51.76274],[-3.78869,51.76292],[-3.78805,51.7634],[-3.78733,51.76303],[-3.78602,51.764],[-3.7858,51.76379],[-3.78513,51.76414],[-3.78337,51.76621],[-3.78326,51.76683],[-3.78428,51.76619],[-3.78506,51.76639],[-3.78585,51.76593],[-3.78558,51.7655],[-3.78634,51.76545],[-3.78636,51.76496],[-3.78703,51.76471],[-3.78774,51.76468],[-3.78773,51.76509],[-3.78814,51.76512],[-3.7878,51.76552],[-3.78842,51.76556],[-3.78829,51.76657],[-3.78701,51.76771],[-3.78631,51.7672],[-3.78662,51.76663],[-3.78595,51.76649],[-3.78362,51.76816],[-3.78073,51.76853],[-3.78025,51.76881],[-3.78015,51.76828]]]}},{"type":"Feature","properties":{"id":"W01001900","name":"W01001900","parent":"W06000012","type":"LSOA","pop":1456,"r":12,"ff":9,"ffd":618.1,"ffs":0.8182,"g":0,"co":3,"mo":3,"sa":3,"ic":1},"geometry":{"type":"Polygon","coordinates":[[[-3.80161,51.78176],[-3.80024,51.7812],[-3.79918,51.78126],[-3.79756,51.78203],[-3.79605,51.782],[-3.79409,51.77992],[-3.79139,51.77847],[-3.7901,51.77724],[-3.78505,51.77501],[-3.78376,51.7739],[-3.78245,51.77349],[-3.78039,51.77107],[-3.78025,51.76881],[-3.78073,51.76853],[-3.78362,51.76816],[-3.78595,51.76649],[-3.78662,51.76663],[-3.78631,51.7672],[-3.78701,51.76771],[-3.78829,51.76657],[-3.78842,51.76556],[-3.7878,51.76552],[-3.78814,51.76512],[-3.78773,51.76509],[-3.78774,51.76468],[-3.78703,51.76471],[-3.78636,51.76496],[-3.78634,51.76545],[-3.78558,51.7655],[-3.78585,51.76593],[-3.78506,51.76639],[-3.78428,51.76619],[-3.78326,51.76683],[-3.78337,51.76621],[-3.78513,51.76414],[-3.7858,51.76379],[-3.78602,51.764],[-3.78733,51.76303],[-3.78805,51.7634],[-3.78869,51.76292],[-3.78771,51.76274],[-3.7879,51.7626],[-3.79084,51.76132],[-3.7906,51.76093],[-3.78838,51.76079],[-3.78841,51.76028],[-3.78778,51.75975],[-3.7888,51.75963],[-3.78954,51.75988],[-3.78958,51.75953],[-3.78898,51.75946],[-3.78877,51.7591],[-3.79175,51.75732],[-3.7932,51.75587],[-3.79446,51.75583],[-3.79535,51.75516],[-3.79654,51.7554],[-3.79862,51.75453],[-3.79746,51.75655],[-3.79831,51.75606],[-3.79942,51.75435],[-3.80134,51.75516],[-3.80579,51.75347],[-3.81436,51.74814],[-3.81409,51.74767],[-3.81846,51.74864],[-3.81966,51.74844],[-3.81942,51.74904],[-3.81977,51.74924],[-3.81938,51.74961],[-3.82015,51.75069],[-3.82127,51.75079],[-3.82189,51.75173],[-3.82184,51.75277],[-3.82247,51.75308],[-3.82185,51.75391],[-3.82303,51.75416],[-3.82298,51.75484],[-3.82345,51.75511],[-3.82537,51.75542],[-3.82568,51.75501],[-3.82643,51.75516],[-3.82707,51.75563],[-3.82577,51.75651],[-3.82535,51.7576],[-3.82463,51.75768],[-3.82434,51.75886],[-3.8232,51.75972],[-3.82328,51.76021],[-3.82268,51.76056],[-3.82233,51.7604],[-3.82173,51.7617],[-3.82039,51.76168],[-3.82047,51.76226],[-3.81864,51.76435],[-3.81647,51.76477],[-3.81609,51.7654],[-3.81204,51.76708],[-3.81484,51.76816],[-3.8138,51.76927],[-3.81077,51.77094],[-3.8094,51.77245],[-3.8076,51.77332],[-3.80486,51.7742],[-3.80393,51.77421],[-3.80318,51.77564],[-3.80427,51.77632],[-3.80373,51.77637],[-3.80414,51.77802],[-3.80479,51.7788],[-3.80568,51.77862],[-3.80697,51.7792],[-3.80543,51.78094],[-3.80427,51.78048],[-3.80347,51.7812],[-3.80259,51.78126],[-3.80254,51.78175],[-3.80216,51.78179],[-3.80239,51.78244],[-3.80189,51.78278],[-3.80161,51.78176]]]}},{"type":"Feature","properties":{"id":"W01001985","name":"W01001985","parent":"W06000012","type":"LSOA","pop":2091,"r":72,"ff":27,"ffd":1291.2,"ffs":0.5,"g":17,"co":0,"mo":0,"sa":3,"ic":0},"geometry":{"type":"Polygon","coordinates":[[[-3.7977,51.70611],[-3.79804,51.70396],[-3.79639,51.70217],[-3.7968,51.69994],[-3.79735,51.69881],[-3.79899,51.69798],[-3.80001,51.69474],[-3.80095,51.69366],[-3.80179,51.69339],[-3.80182,51.69241],[-3.80108,51.69248],[-3.80073,51.69111],[-3.80268,51.69063],[-3.80188,51.68907],[-3.80229,51.68868],[-3.8018,51.68792],[-3.80169,51.68493],[-3.80097,51.68416],[-3.801,51.68327],[-3.7999,51.6826],[-3.79998,51.68203],[-3.80075,51.68144],[-3.80013,51.68122],[-3.80296,51.67827],[-3.80192,51.67779],[-3.80225,51.67744],[-3.80337,51.67707],[-3.80284,51.67592],[-3.8035,51.67557],[-3.80539,51.67517],[-3.80733,51.6743],[-3.80844,51.67433],[-3.80885,51.67372],[-3.8095,51.67362],[-3.8101,51.67472],[-3.81217,51.67578],[-3.81293,51.67588],[-3.81536,51.67683],[-3.82129,51.67626],[-3.82231,51.67689],[-3.82315,51.68117],[-3.82367,51.6818],[-3.82583,51.68302],[-3.82695,51.68441],[-3.82654,51.68539],[-3.8274,51.68547],[-3.82818,51.68682],[-3.82977,51.68743],[-3.83206,51.68929],[-3.83198,51.69105],[-3.83292,51.69225],[-3.83237,51.69295],[-3.83271,51.69429],[-3.83398,51.69618],[-3.8331,51.69652],[-3.83353,51.69791],[-3.83285,51.69784],[-3.83199,51.69836],[-3.82804,51.69928],[-3.82707,51.69783],[-3.82396,51.69785],[-3.82248,51.69728],[-3.82223,51.69792],[-3.82001,51.69855],[-3.81919,51.69955],[-3.81847,51.69984],[-3.81807,51.70066],[-3.81554,51.70183],[-3.81211,51.70266],[-3.81176,51.7036],[-3.81095,51.70368],[-3.81015,51.70458],[-3.80944,51.70452],[-3.80879,51.705],[-3.80663,51.70475],[-3.80606,51.70524],[-3.80445,51.70571],[-3.80433,51.70674],[-3.80027,51.70771],[-3.79715,51.70695],[-3.7977,51.70611]]]}},{"type":"Feature","properties":{"id":"W01001986","name":"W01001986","parent":"W06000012","type":"LSOA","pop":2446,"r":141,"ff":39,"ffd":1594.4,"ffs":0.4699,"g":56,"co":0,"mo":0,"sa":2,"ic":0},"geometry":{"type":"Polygon","coordinates":[[[-3.83822,51.69781],[-3.83452,51.6976],[-3.83353,51.69791],[-3.8331,51.69652],[-3.83398,51.69618],[-3.83271,51.69429],[-3.83237,51.69295],[-3.83292,51.69225],[-3.83198,51.69105],[-3.83206,51.68929],[-3.82977,51.68743],[-3.82818,51.68682],[-3.8274,51.68547],[-3.82654,51.68539],[-3.82695,51.68441],[-3.82583,51.68302],[-3.82367,51.6818],[-3.82315,51.68117],[-3.82231,51.67689],[-3.82327,51.67647],[-3.82308,51.67445],[-3.8237,51.6742],[-3.82354,51.67331],[-3.82498,51.67347],[-3.82447,51.6726],[-3.82538,51.67188],[-3.82525,51.67099],[-3.82547,51.67018],[-3.82732,51.66942],[-3.82772,51.66888],[-3.82776,51.66774],[-3.82719,51.66754],[-3.82625,51.66634],[-3.82569,51.66505],[-3.81545,51.66727],[-3.8155,51.66773],[-3.81442,51.6681],[-3.81324,51.66896],[-3.81328,51.66936],[-3.81251,51.66959],[-3.81115,51.66832],[-3.80945,51.66843],[-3.80892,51.66929],[-3.80934,51.66976],[-3.80886,51.67008],[-3.8091,51.6721],[-3.80849,51.67283],[-3.80917,51.67308],[-3.80869,51.67341],[-3.80885,51.67372],[-3.80844,51.67433],[-3.80733,51.6743],[-3.80539,51.67517],[-3.8035,51.67557],[-3.80195,51.67435],[-3.80532,51.67162],[-3.80824,51.66986],[-3.80786,51.66923],[-3.80818,51.66903],[-3.80774,51.66869],[-3.80708,51.66905],[-3.8029,51.667],[-3.80282,51.66659],[-3.80751,51.66657],[-3.80942,51.66498],[-3.81028,51.66283],[-3.81198,51.66122],[-3.81331,51.66199],[-3.81545,51.6614],[-3.81804,51.66136],[-3.81827,51.66302],[-3.81899,51.66297],[-3.81853,51.66357],[-3.81919,51.66444],[-3.81985,51.66442],[-3.82051,51.66522],[-3.82147,51.66505],[-3.82197,51.66446],[-3.82028,51.66342],[-3.82047,51.66284],[-3.82288,51.66301],[-3.82347,51.66346],[-3.82409,51.66302],[-3.82518,51.66311],[-3.82571,51.66377],[-3.82681,51.66375],[-3.82694,51.66327],[-3.82622,51.6631],[-3.82674,51.6627],[-3.82654,51.66216],[-3.82719,51.66136],[-3.82838,51.66128],[-3.82944,51.66209],[-3.8311,51.66169],[-3.83228,51.66214],[-3.83171,51.66254],[-3.83026,51.66247],[-3.82883,51.66318],[-3.82927,51.66355],[-3.82957,51.66342],[-3.83066,51.6651],[-3.82915,51.66537],[-3.82756,51.66496],[-3.82712,51.66538],[-3.8275,51.66619],[-3.82837,51.66607],[-3.8279,51.66662],[-3.82917,51.66766],[-3.82862,51.66779],[-3.82907,51.67003],[-3.82863,51.67024],[-3.82866,51.6714],[-3.82926,51.67149],[-3.83078,51.6726],[-3.8316,51.67202],[-3.83169,51.67073],[-3.83232,51.67046],[-3.83459,51.67074],[-3.83595,51.67264],[-3.83653,51.6726],[-3.83847,51.67128],[-3.83939,51.67103],[-3.83988,51.66977],[-3.83863,51.66982],[-3.83759,51.66946],[-3.8379,51.668],[-3.83754,51.66818],[-3.83746,51.66786],[-3.83691,51.66774],[-3.83599,51.66843],[-3.83543,51.6667],[-3.83617,51.66473],[-3.83581,51.66372],[-3.83759,51.66391],[-3.8383,51.66509],[-3.83923,51.66511],[-3.8404,51.66561],[-3.84365,51.66524],[-3.8479,51.66418],[-3.84942,51.66582],[-3.84911,51.6682],[-3.85087,51.668],[-3.85442,51.6685],[-3.85407,51.66991],[-3.85582,51.67044],[-3.85544,51.67125],[-3.85808,51.67191],[-3.85564,51.67247],[-3.85328,51.67366],[-3.85108,51.67538],[-3.8477,51.68048],[-3.84843,51.6846],[-3.84726,51.68716],[-3.84623,51.68791],[-3.84698,51.68988],[-3.8455,51.6918],[-3.84452,51.69401],[-3.84443,51.69535],[-3.84338,51.69645],[-3.84345,51.69714],[-3.84275,51.69725],[-3.84309,51.6981],[-3.84012,51.69827],[-3.83822,51.69781]]]}},{"type":"Feature","properties":{"id":"W01001987","name":"W01001987","parent":"W06000012","type":"LSOA","pop":1506,"r":205,"ff":64,"ffd":4249.7,"ffs":0.4604,"g":63,"co":0,"mo":0,"sa":2,"ic":0},"geometry":{"type":"Polygon","coordinates":[[[-3.84677,51.65822],[-3.85372,51.65661],[-3.85451,51.657],[-3.85846,51.65562],[-3.8593,51.65581],[-3.85839,51.65632],[-3.85646,51.65647],[-3.85659,51.6568],[-3.85974,51.65651],[-3.86136,51.65737],[-3.8612,51.65626],[-3.8657,51.6561],[-3.86774,51.65705],[-3.86747,51.65807],[-3.85926,51.65891],[-3.8461,51.66159],[-3.84585,51.66091],[-3.84749,51.66061],[-3.84677,51.65822]]]}},{"type":"Feature","properties":{"id":"W01001988","name":"W01001988","parent":"W06000012","type":"LSOA","pop":1581,"r":197,"ff":60,"ffd":3795.1,"ffs":0.4511,"g":61,"co":0,"mo":0,"sa":2,"ic":0},"geometry":{"type":"Polygon","coordinates":[[[-3.86338,51.62951],[-3.86269,51.62911],[-3.86293,51.62912],[-3.86438,51.63025],[-3.86564,51.62964],[-3.86743,51.62612],[-3.88404,51.62308],[-3.88467,51.62263],[-3.88803,51.62198],[-3.88825,51.62172],[-3.89058,51.62153],[-3.88866,51.62186],[-3.88949,51.62366],[-3.88674,51.63125],[-3.88711,51.63259],[-3.87989,51.64268],[-3.87621,51.64661],[-3.87437,51.64938],[-3.87489,51.65054],[-3.87429,51.65125],[-3.87434,51.65191],[-3.87548,51.65304],[-3.87519,51.65757],[-3.87406,51.65802],[-3.87107,51.65833],[-3.86747,51.65807],[-3.86812,51.6556],[-3.86655,51.65571],[-3.86651,51.65541],[-3.86557,51.65547],[-3.86541,51.65498],[-3.86465,51.65501],[-3.86426,51.65376],[-3.86722,51.65376],[-3.86704,51.64931],[-3.86395,51.64962],[-3.86139,51.65043],[-3.85975,51.65026],[-3.85736,51.6469],[-3.85599,51.6462],[-3.85507,51.64615],[-3.85579,51.64676],[-3.85274,51.64726],[-3.85494,51.64526],[-3.85429,51.64503],[-3.85423,51.6454],[-3.8527,51.64566],[-3.85377,51.64419],[-3.85151,51.64342],[-3.85137,51.64162],[-3.84857,51.64099],[-3.84744,51.63875],[-3.84746,51.63798],[-3.85076,51.63523],[-3.85426,51.6347],[-3.85754,51.63324],[-3.85917,51.63326],[-3.86208,51.63173],[-3.86235,51.63085],[-3.86338,51.63027],[-3.86338,51.62951]]]}},{"type":"Feature","properties":{"id":"W01001989","name":"W01001989","parent":"W06000012","type":"LSOA","pop":4218,"r":229,"ff":88,"ffd":2086.3,"ffs":0.4809,"g":44,"co":0,"mo":0,"sa":0,"ic":0},"geometry":{"type":"Polygon","coordinates":[[[-3.86386,51.6298],[-3.86293,51.62912],[-3.86269,51.62911],[-3.86338,51.62951],[-3.86338,51.63027],[-3.86235,51.63085],[-3.86208,51.63173],[-3.85917,51.63326],[-3.85754,51.63324],[-3.85426,51.6347],[-3.85076,51.63523],[-3.84746,51.63798],[-3.84744,51.63875],[-3.84857,51.64099],[-3.85137,51.64162],[-3.85151,51.64342],[-3.85377,51.64419],[-3.8527,51.64566],[-3.85423,51.6454],[-3.85429,51.64503],[-3.85494,51.64526],[-3.85274,51.64726],[-3.85579,51.64676],[-3.85507,51.64615],[-3.85599,51.6462],[-3.85736,51.6469],[-3.85975,51.65026],[-3.86139,51.65043],[-3.86395,51.64962],[-3.86704,51.64931],[-3.86722,51.65376],[-3.86426,51.65376],[-3.86465,51.65501],[-3.86541,51.65498],[-3.86557,51.65547],[-3.86651,51.65541],[-3.86655,51.65571],[-3.86812,51.6556],[-3.86774,51.65705],[-3.8657,51.6561],[-3.8612,51.65626],[-3.86136,51.65737],[-3.85974,51.65651],[-3.85659,51.6568],[-3.85646,51.65647],[-3.85839,51.65632],[-3.8593,51.65581],[-3.85846,51.65562],[-3.85451,51.657],[-3.85372,51.65661],[-3.85166,51.65449],[-3.85022,51.65034],[-3.83748,51.65163],[-3.83832,51.65058],[-3.83876,51.64882],[-3.83908,51.6449],[-3.8386,51.64241],[-3.83709,51.6404],[-3.83652,51.63874],[-3.83719,51.63905],[-3.83743,51.63981],[-3.83834,51.64106],[-3.83963,51.64144],[-3.83956,51.64376],[-3.84074,51.64391],[-3.83965,51.64375],[-3.83976,51.64141],[-3.83848,51.64102],[-3.83778,51.64008],[-3.83757,51.6394],[-3.83872,51.6401],[-3.83777,51.63941],[-3.83806,51.63923],[-3.83761,51.63933],[-3.83725,51.63886],[-3.83788,51.63847],[-3.83684,51.6386],[-3.83983,51.6375],[-3.84507,51.63629],[-3.84472,51.63555],[-3.84484,51.63628],[-3.84205,51.63669],[-3.83627,51.63829],[-3.83649,51.63803],[-3.83624,51.63767],[-3.83581,51.63737],[-3.83629,51.63719],[-3.8354,51.63689],[-3.83606,51.63726],[-3.83578,51.63737],[-3.83576,51.63744],[-3.8362,51.63768],[-3.83616,51.63795],[-3.83579,51.63812],[-3.83297,51.63652],[-3.83315,51.63597],[-3.83259,51.63521],[-3.83306,51.63603],[-3.83282,51.6364],[-3.83248,51.63612],[-3.83185,51.63413],[-3.83285,51.63172],[-3.83313,51.62921],[-3.83374,51.62923],[-3.8338,51.62973],[-3.83447,51.62982],[-3.83525,51.62912],[-3.83499,51.62872],[-3.83395,51.62868],[-3.83335,51.62898],[-3.83321,51.62866],[-3.83438,51.62602],[-3.83651,51.62392],[-3.83906,51.62279],[-3.84164,51.62225],[-3.84205,51.62336],[-3.84366,51.62332],[-3.84403,51.62306],[-3.84452,51.62335],[-3.84446,51.62363],[-3.84359,51.62392],[-3.84468,51.62371],[-3.84462,51.62331],[-3.84433,51.62309],[-3.84401,51.62302],[-3.84368,51.62322],[-3.8426,51.62316],[-3.84182,51.62245],[-3.84249,51.62227],[-3.84309,51.62274],[-3.84355,51.62271],[-3.84377,51.62239],[-3.84337,51.62203],[-3.84416,51.62219],[-3.84372,51.62172],[-3.84516,51.62093],[-3.84503,51.62051],[-3.84536,51.62067],[-3.84591,51.62025],[-3.84692,51.62156],[-3.84882,51.62225],[-3.85455,51.62244],[-3.85086,51.62189],[-3.84913,51.62206],[-3.84753,51.62118],[-3.8477,51.6209],[-3.84877,51.62111],[-3.84881,51.62084],[-3.84942,51.62088],[-3.84833,51.62076],[-3.8491,51.6205],[-3.84996,51.62069],[-3.8502,51.62043],[-3.84935,51.62023],[-3.85001,51.61997],[-3.84848,51.61968],[-3.84906,51.61898],[-3.85116,51.61842],[-3.85473,51.6182],[-3.86115,51.61927],[-3.86708,51.61939],[-3.8685,51.61916],[-3.87006,51.61814],[-3.87158,51.61765],[-3.87638,51.6168],[-3.87935,51.61672],[-3.88282,51.61708],[-3.88438,51.61751],[-3.88627,51.61755],[-3.88635,51.61997],[-3.89007,51.62147],[-3.89,51.62168],[-3.88825,51.62172],[-3.88803,51.62198],[-3.88467,51.62263],[-3.88404,51.62308],[-3.86743,51.62612],[-3.86564,51.62964],[-3.86438,51.63025],[-3.86386,51.6298]]]}},{"type":"Feature","properties":{"id":"W01001990","name":"W01001990","parent":"W06000012","type":"LSOA","pop":2149,"r":10,"ff":3,"ffd":139.6,"ffs":0.3333,"g":0,"co":3,"mo":3,"sa":3,"ic":1},"geometry":{"type":"Polygon","coordinates":[[[-3.58622,51.6904],[-3.58439,51.68624],[-3.58849,51.6818],[-3.58963,51.6793],[-3.60856,51.66682],[-3.61456,51.6631],[-3.62107,51.66168],[-3.62244,51.66109],[-3.6231,51.66032],[-3.62311,51.65943],[-3.6262,51.65945],[-3.62821,51.65901],[-3.62501,51.65575],[-3.62553,51.65489],[-3.62478,51.6543],[-3.62445,51.65253],[-3.62519,51.64861],[-3.62754,51.64925],[-3.62869,51.64905],[-3.6296,51.6495],[-3.6321,51.64806],[-3.63347,51.64793],[-3.6349,51.64899],[-3.63681,51.64936],[-3.63698,51.64974],[-3.63974,51.6496],[-3.64105,51.64982],[-3.6425,51.6504],[-3.64324,51.6503],[-3.64466,51.65116],[-3.64523,51.65199],[-3.64571,51.6522],[-3.64628,51.65166],[-3.64625,51.65071],[-3.64715,51.65084],[-3.64792,51.65167],[-3.65029,51.65105],[-3.6513,51.65037],[-3.6533,51.65007],[-3.65356,51.64895],[-3.65429,51.64885],[-3.65335,51.65168],[-3.65371,51.65248],[-3.65637,51.65322],[-3.65846,51.6523],[-3.66137,51.65364],[-3.66288,51.65353],[-3.66495,51.65306],[-3.66629,51.65233],[-3.66674,51.65066],[-3.66752,51.6499],[-3.66498,51.64856],[-3.66447,51.64736],[-3.66621,51.64625],[-3.66691,51.64532],[-3.66637,51.64436],[-3.66453,51.64345],[-3.66446,51.64247],[-3.67733,51.62769],[-3.68727,51.62759],[-3.68822,51.62706],[-3.70345,51.62837],[-3.72092,51.63443],[-3.72384,51.63644],[-3.72474,51.63755],[-3.72404,51.63802],[-3.72441,51.63912],[-3.72395,51.64024],[-3.72132,51.64104],[-3.72505,51.64552],[-3.72257,51.64631],[-3.71795,51.64865],[-3.7169,51.6488],[-3.7151,51.64989],[-3.71222,51.64937],[-3.70315,51.64974],[-3.68705,51.6637],[-3.68627,51.66587],[-3.68141,51.67133],[-3.6788,51.67361],[-3.67875,51.67468],[-3.67602,51.67647],[-3.67436,51.67669],[-3.67006,51.67955],[-3.66412,51.68168],[-3.65784,51.68428],[-3.65349,51.68673],[-3.6531,51.68663],[-3.64975,51.69098],[-3.63787,51.69753],[-3.63696,51.69878],[-3.63388,51.70024],[-3.63373,51.70084],[-3.62978,51.70327],[-3.62608,51.70657],[-3.61819,51.71103],[-3.61737,51.71223],[-3.61187,51.71661],[-3.60017,51.72084],[-3.59281,51.71995],[-3.58221,51.71404],[-3.58508,51.70328],[-3.58113,51.69531],[-3.58622,51.6904]]]}}]}