{"type":"FeatureCollection","features":[{"type":"Feature","properties":{"id":"W01000249","name":"W01000249","parent":"W06000005","type":"LSOA","pop":1187,"r":95,"ff":25,"ffd":2106.1,"ffs":0.4032,"g":33,"co":2,"mo":2,"sa":0,"ic":0},"geometry":{"type":"Polygon","coordinates":[[[-3.09901,53.17547],[-3.09894,53.17443],[-3.0985,53.17448],[-3.09754,53.17175],[-3.10077,53.17064],[-3.1009,53.17083],[-3.10281,53.17042],[-3.10132,53.16769],[-3.10171,53.16772],[-3.10221,53.16828],[-3.10369,53.16812],[-3.10234,53.16883],[-3.10298,53.16963],[-3.10387,53.16974],[-3.10427,53.16913],[-3.10487,53.16927],[-3.10513,53.16874],[-3.10587,53.16844],[-3.10605,53.16795],[-3.10519,53.16767],[-3.10498,53.16723],[-3.10592,53.16714],[-3.10633,53.16754],[-3.10795,53.16732],[-3.10828,53.16785],[-3.10785,53.16801],[-3.10979,53.17022],[-3.10901,53.17072],[-3.11096,53.17323],[-3.10985,53.17364],[-3.1095,53.17433],[-3.10175,53.17497],[-3.09901,53.17547]]]}},{"type":"Feature","properties":{"id":"W01000250","name":"W01000250","parent":"W06000005","type":"LSOA","pop":1387,"r":97,"ff":25,"ffd":1802.5,"ffs":0.4032,"g":35,"co":2,"mo":2,"sa":0,"ic":0},"geometry":{"type":"Polygon","coordinates":[[[-3.11057,53.17065],[-3.11015,53.17012],[-3.10979,53.17022],[-3.10785,53.16801],[-3.10828,53.16785],[-3.10795,53.16732],[-3.10633,53.16754],[-3.10592,53.16714],[-3.10498,53.16723],[-3.10519,53.16767],[-3.10605,53.16795],[-3.10587,53.16844],[-3.10513,53.16874],[-3.10487,53.16927],[-3.10427,53.16913],[-3.10387,53.16974],[-3.10298,53.16963],[-3.10234,53.16883],[-3.10369,53.16812],[-3.10221,53.16828],[-3.10171,53.16772],[-3.10132,53.16769],[-3.10117,53.16743],[-3.10216,53.16728],[-3.10051,53.1651],[-3.09962,53.16513],[-3.09632,53.16241],[-3.0954,53.16253],[-3.09063,53.16028],[-3.0931,53.16036],[-3.09329,53.15945],[-3.09111,53.15899],[-3.0908,53.15749],[-3.0897,53.15778],[-3.08816,53.15622],[-3.08896,53.15608],[-3.08854,53.15473],[-3.08656,53.15443],[-3.08701,53.15357],[-3.08533,53.15348],[-3.08536,53.15319],[-3.08484,53.15314],[-3.08531,53.15271],[-3.09044,53.15296],[-3.10264,53.15292],[-3.10879,53.15344],[-3.11578,53.15503],[-3.12262,53.15796],[-3.12618,53.15999],[-3.12643,53.1618],[-3.12527,53.16462],[-3.12556,53.16537],[-3.12356,53.16535],[-3.11668,53.16649],[-3.11303,53.16634],[-3.11213,53.16654],[-3.112,53.16717],[-3.1126,53.16722],[-3.11246,53.16767],[-3.11193,53.16763],[-3.11086,53.16981],[-3.11082,53.1704],[-3.11125,53.17062],[-3.11057,53.17065]]]}},{"type":"Feature","properties":{"id":"W01000251","name":"W01000251","parent":"W06000005","type":"LSOA","pop":1534,"r":109,"ff":30,"ffd":1955.7,"ffs":0.4225,"g":38,"co":0,"mo":0,"sa":2,"ic":0},"geometry":{"type":"Polygon","coordinates":[[[-3.05685,53.19629],[-3.0534,53.19555],[-3.05187,53.19599],[-3.04981,53.19539],[-3.04986,53.19583],[-3.04908,53.1959],[-3.04986,53.19584],[-3.05018,53.19628],[-3.04871,53.19643],[-3.04755,53.19603],[-3.04526,53.19466],[-3.04518,53.19295],[-3.04591,53.19235],[-3.04483,53.19211],[-3.04279,53.19249],[-3.04113,53.19337],[-3.03914,53.19311],[-3.03812,53.1933],[-3.03562,53.19326],[-3.03613,53.19212],[-3.03833,53.19094],[-3.04117,53.1887],[-3.04991,53.19113],[-3.05156,53.19111],[-3.0535,53.19215],[-3.05468,53.1925],[-3.05865,53.19476],[-3.06148,53.19562],[-3.05901,53.19745],[-3.05685,53.19629]]]}},{"type":"Feature","properties":{"id":"W01000252","name":"W01000252","parent":"W06000005","type":"LSOA","pop":1606,"r":107,"ff":28,"ffd":1743.5,"ffs":0.4058,"g":38,"co":0,"mo":0,"sa":2,"ic":0},"geometry":{"type":"Polygon","coordinates":[[[-3.05144,53.20987],[-3.05166,53.20949],[-3.05107,53.20951],[-3.05115,53.20918],[-3.05307,53.20768],[-3.05001,53.20613],[-3.04896,53.20669],[-3.0452,53.20435],[-3.04458,53.20456],[-3.04377,53.20428],[-3.04331,53.2027],[-3.0416,53.20177],[-3.04186,53.20142],[-3.03932,53.20026],[-3.03735,53.20063],[-3.03627,53.20018],[-3.03319,53.20206],[-3.0299,53.20336],[-3.02794,53.20379],[-3.02534,53.20389],[-3.02462,53.20345],[-3.02524,53.2026],[-3.02602,53.1998],[-3.02616,53.1983],[-3.0286,53.19648],[-3.02921,53.19659],[-3.02978,53.19617],[-3.02952,53.19581],[-3.03405,53.19264],[-3.03506,53.19225],[-3.03586,53.19274],[-3.03562,53.19326],[-3.03812,53.1933],[-3.03914,53.19311],[-3.04113,53.19337],[-3.04279,53.19249],[-3.04483,53.19211],[-3.04591,53.19235],[-3.04518,53.19295],[-3.04526,53.19466],[-3.04755,53.19603],[-3.04871,53.19643],[-3.05018,53.19628],[-3.04986,53.19584],[-3.04908,53.1959],[-3.04986,53.19583],[-3.04981,53.19539],[-3.05187,53.19599],[-3.0534,53.19555],[-3.05685,53.19629],[-3.05901,53.19745],[-3.06148,53.19562],[-3.06426,53.19657],[-3.06792,53.19685],[-3.07537,53.19923],[-3.07903,53.20003],[-3.0788,53.20086],[-3.07778,53.20063],[-3.07588,53.20075],[-3.07568,53.20043],[-3.07398,53.19997],[-3.07208,53.20016],[-3.07061,53.19949],[-3.06954,53.20002],[-3.06434,53.20138],[-3.0641,53.2023],[-3.06297,53.20251],[-3.06237,53.20202],[-3.06053,53.20255],[-3.06009,53.20284],[-3.06006,53.20391],[-3.05878,53.20394],[-3.05801,53.20434],[-3.05585,53.20625],[-3.05539,53.20712],[-3.05585,53.20776],[-3.05492,53.20819],[-3.05393,53.20837],[-3.05253,53.20821],[-3.05216,53.20893],[-3.0512,53.20933],[-3.05179,53.20944],[-3.05144,53.20987]]]}},{"type":"Feature","properties":{"id":"W01000253","name":"W01000253","parent":"W06000005","type":"LSOA","pop":1841,"r":48,"ff":9,"ffd":488.9,"ffs":0.3913,"g":25,"co":2,"mo":2,"sa":0,"ic":0},"geometry":{"type":"Polygon","coordinates":[[[-3.16156,53.26838],[-3.15153,53.26419],[-3.14277,53.25929],[-3.14608,53.25732],[-3.14848,53.25865],[-3.1497,53.25798],[-3.15127,53.2587],[-3.15336,53.2573],[-3.15679,53.25722],[-3.15901,53.25597],[-3.16017,53.25577],[-3.1616,53.25506],[-3.16044,53.25447],[-3.16072,53.25418],[-3.15953,53.2534],[-3.15975,53.25294],[-3.16213,53.25219],[-3.16392,53.25019],[-3.16753,53.24847],[-3.17213,53.24701],[-3.174,53.24562],[-3.17706,53.24766],[-3.17998,53.25013],[-3.18033,53.25092],[-3.18226,53.25195],[-3.18493,53.25415],[-3.18089,53.25615],[-3.17883,53.25803],[-3.17801,53.25834],[-3.17768,53.25881],[-3.1791,53.26002],[-3.17877,53.26024],[-3.17931,53.26032],[-3.17935,53.26078],[-3.1757,53.26342],[-3.17423,53.26307],[-3.17312,53.26444],[-3.17133,53.2656],[-3.16853,53.2683],[-3.16746,53.26787],[-3.16394,53.26997],[-3.16156,53.26838]]]}},{"type":"Feature","properties":{"id":"W01000254","name":"W01000254","parent":"W06000005","type":"LSOA","pop":2105,"r":36,"ff":8,"ffd":380.0,"ffs":0.4444,"g":18,"co":2,"mo":2,"sa":0,"ic":0},"geometry":{"type":"Polygon","coordinates":[[[-3.18885,53.28572],[-3.18985,53.28485],[-3.1887,53.2856],[-3.18809,53.2852],[-3.18757,53.28362],[-3.18557,53.28207],[-3.18052,53.27907],[-3.17727,53.27762],[-3.18042,53.27583],[-3.17711,53.27703],[-3.1745,53.27679],[-3.17259,53.27508],[-3.17321,53.27445],[-3.17211,53.27483],[-3.16872,53.27327],[-3.16647,53.27164],[-3.1673,53.27122],[-3.16866,53.2701],[-3.16729,53.27106],[-3.16625,53.27136],[-3.16609,53.27192],[-3.16394,53.26997],[-3.16746,53.26787],[-3.16853,53.2683],[-3.17133,53.2656],[-3.17312,53.26444],[-3.17423,53.26307],[-3.1757,53.26342],[-3.17935,53.26078],[-3.17931,53.26032],[-3.17877,53.26024],[-3.1791,53.26002],[-3.17768,53.25881],[-3.17801,53.25834],[-3.17883,53.25803],[-3.18089,53.25615],[-3.18493,53.25415],[-3.18836,53.2556],[-3.19173,53.25671],[-3.19263,53.25589],[-3.19266,53.25497],[-3.1934,53.25487],[-3.19363,53.25424],[-3.19614,53.25466],[-3.19905,53.25569],[-3.20294,53.25842],[-3.20168,53.2592],[-3.20162,53.26003],[-3.20477,53.26188],[-3.20628,53.26318],[-3.20888,53.2641],[-3.20964,53.26587],[-3.21139,53.26696],[-3.21181,53.26919],[-3.21143,53.27009],[-3.21182,53.27129],[-3.21108,53.27188],[-3.20752,53.27222],[-3.20435,53.27301],[-3.20274,53.27291],[-3.20094,53.27369],[-3.20036,53.27444],[-3.19972,53.27446],[-3.19875,53.27506],[-3.1987,53.27543],[-3.19579,53.27724],[-3.19578,53.27746],[-3.19707,53.27705],[-3.19727,53.27784],[-3.19843,53.27777],[-3.2002,53.27864],[-3.1989,53.2802],[-3.19601,53.28184],[-3.19484,53.28139],[-3.19198,53.28321],[-3.19346,53.28418],[-3.19047,53.28631],[-3.18885,53.28572]]]}},{"type":"Feature","properties":{"id":"W01000255","name":"W01000255","parent":"W06000005","type":"LSOA","pop":2322,"r":150,"ff":51,"ffd":2196.4,"ffs":0.51,"g":48,"co":0,"mo":0,"sa":2,"ic":0},"geometry":{"type":"Polygon","coordinates":[[[-2.97606,53.18924],[-2.95831,53.18271],[-2.9493,53.18046],[-2.94954,53.17833],[-2.95098,53.17735],[-2.95035,53.17471],[-2.94583,53.1752],[-2.94031,53.16674],[-2.94404,53.16525],[-2.94655,53.16711],[-2.94891,53.16601],[-2.95103,53.16595],[-2.95348,53.16535],[-2.95636,53.16378],[-2.96122,53.16275],[-2.96299,53.1619],[-2.96626,53.15986],[-2.96837,53.16059],[-2.97088,53.16078],[-2.97056,53.16321],[-2.97085,53.16365],[-2.97324,53.16435],[-2.97332,53.16485],[-2.98294,53.16794],[-2.98774,53.16476],[-2.98965,53.16374],[-2.99226,53.16314],[-2.99414,53.16301],[-2.99616,53.1641],[-2.99838,53.16313],[-3.01697,53.16412],[-3.01843,53.17209],[-3.01542,53.17161],[-3.01249,53.17185],[-3.0096,53.17162],[-3.00803,53.17213],[-3.00685,53.17179],[-3.00426,53.17284],[-3.00205,53.17215],[-2.9985,53.17263],[-3.00332,53.17529],[-2.99722,53.17917],[-2.99412,53.18194],[-2.99466,53.1822],[-2.99087,53.18474],[-2.98842,53.18316],[-2.98658,53.18482],[-2.98291,53.18674],[-2.98227,53.18797],[-2.97954,53.18947],[-2.97606,53.18924]]]}},{"type":"Feature","properties":{"id":"W01000256","name":"W01000256","parent":"W06000005","type":"LSOA","pop":1536,"r":129,"ff":46,"ffd":2994.8,"ffs":0.5349,"g":41,"co":0,"mo":0,"sa":2,"ic":0},"geometry":{"type":"Polygon","coordinates":[[[-3.01697,53.16412],[-2.99838,53.16313],[-2.99616,53.1641],[-2.99414,53.16301],[-2.99226,53.16314],[-2.99151,53.16136],[-2.99328,53.16147],[-2.9941,53.16115],[-2.99364,53.16059],[-2.9945,53.16053],[-2.9949,53.1608],[-2.99707,53.16002],[-2.99238,53.1602],[-2.97569,53.16302],[-2.97412,53.16279],[-2.97056,53.16321],[-2.97088,53.16078],[-2.9752,53.15742],[-2.97891,53.15719],[-2.98149,53.15629],[-2.98376,53.15761],[-2.98361,53.15805],[-2.98464,53.15859],[-2.98667,53.15797],[-2.98812,53.15693],[-2.98996,53.15754],[-2.99069,53.15721],[-2.99051,53.15696],[-2.99227,53.15666],[-2.99306,53.15492],[-2.99509,53.1542],[-2.99426,53.15361],[-2.99293,53.15329],[-2.99382,53.15273],[-2.99442,53.15292],[-2.99568,53.15254],[-2.99639,53.15265],[-2.99833,53.15176],[-3.00196,53.1522],[-3.00189,53.15516],[-3.00583,53.15492],[-3.00541,53.1521],[-3.01042,53.15258],[-3.01517,53.15378],[-3.01607,53.15614],[-3.01407,53.15664],[-3.01381,53.15697],[-3.01404,53.15734],[-3.01477,53.15724],[-3.01526,53.15773],[-3.01446,53.15797],[-3.01525,53.15935],[-3.01622,53.15936],[-3.01783,53.16167],[-3.01719,53.16193],[-3.01762,53.16233],[-3.0173,53.16414],[-3.01697,53.16412]]]}},{"type":"Feature","properties":{"id":"W01000257","name":"W01000257","parent":"W06000005","type":"LSOA","pop":2755,"r":126,"ff":47,"ffd":1706.0,"ffs":0.5663,"g":41,"co":0,"mo":0,"sa":2,"ic":0},"geometry":{"type":"Polygon","coordinates":[[[-2.97056,53.16321],[-2.97412,53.16279],[-2.97569,53.16302],[-2.99238,53.1602],[-2.99707,53.16002],[-2.9949,53.1608],[-2.9945,53.16053],[-2.99364,53.16059],[-2.9941,53.16115],[-2.99328,53.16147],[-2.99151,53.16136],[-2.99226,53.16314],[-2.98965,53.16374],[-2.98774,53.16476],[-2.98294,53.16794],[-2.97332,53.16485],[-2.97324,53.16435],[-2.97085,53.16365],[-2.97056,53.16321]]]}},{"type":"Feature","properties":{"id":"W01000258","name":"W01000258","parent":"W06000005","type":"LSOA","pop":2018,"r":54,"ff":6,"ffd":297.3,"ffs":0.25,"g":30,"co":2,"mo":2,"sa":0,"ic":0},"geometry":{"type":"Polygon","coordinates":[[[-3.23766,53.27422],[-3.23707,53.27373],[-3.23636,53.27402],[-3.23528,53.27337],[-3.23632,53.27246],[-3.23427,53.27072],[-3.23545,53.26983],[-3.23295,53.26882],[-3.23231,53.26938],[-3.23055,53.26856],[-3.23074,53.26827],[-3.22816,53.26745],[-3.22743,53.26776],[-3.22834,53.26586],[-3.22659,53.26464],[-3.22395,53.26416],[-3.22222,53.26462],[-3.22037,53.26421],[-3.22048,53.264],[-3.21989,53.26398],[-3.22035,53.26338],[-3.21844,53.26293],[-3.2188,53.26173],[-3.21618,53.26095],[-3.21161,53.26039],[-3.21064,53.25896],[-3.2069,53.26024],[-3.20602,53.2613],[-3.20477,53.26188],[-3.20162,53.26003],[-3.20168,53.2592],[-3.20294,53.25842],[-3.19905,53.25569],[-3.19614,53.25466],[-3.19363,53.25424],[-3.1934,53.25487],[-3.19266,53.25497],[-3.19263,53.25589],[-3.19173,53.25671],[-3.18836,53.2556],[-3.18493,53.25415],[-3.18226,53.25195],[-3.18033,53.25092],[-3.17998,53.25013],[-3.17706,53.24766],[-3.174,53.24562],[-3.17481,53.24461],[-3.17723,53.24406],[-3.17726,53.24165],[-3.17646,53.24099],[-3.17812,53.23981],[-3.18181,53.23944],[-3.18509,53.23844],[-3.1845,53.23799],[-3.18613,53.23668],[-3.18688,53.23701],[-3.18973,53.23543],[-3.18828,53.23458],[-3.18974,53.23378],[-3.19172,53.23533],[-3.19303,53.23495],[-3.19488,53.23559],[-3.19548,53.23534],[-3.19588,53.23571],[-3.19735,53.23517],[-3.19852,53.23648],[-3.19682,53.23703],[-3.19685,53.23726],[-3.20064,53.23895],[-3.20178,53.23803],[-3.20541,53.24081],[-3.21022,53.24204],[-3.21289,53.2421],[-3.21545,53.24443],[-3.21966,53.24752],[-3.22163,53.24688],[-3.22227,53.24416],[-3.23204,53.24726],[-3.23716,53.24752],[-3.24074,53.24886],[-3.24975,53.25087],[-3.25719,53.25316],[-3.25977,53.25352],[-3.25939,53.25432],[-3.26047,53.25675],[-3.26308,53.25789],[-3.26792,53.2617],[-3.26746,53.26247],[-3.26457,53.26376],[-3.26215,53.26421],[-3.2604,53.26544],[-3.25966,53.2666],[-3.2599,53.2685],[-3.24715,53.27063],[-3.24895,53.27251],[-3.24775,53.27331],[-3.24287,53.27213],[-3.24122,53.27506],[-3.23904,53.27529],[-3.23766,53.27422]]]}},{"type":"Feature","properties":{"id":"W01000259","name":"W01000259","parent":"W06000005","type":"LSOA","pop":1663,"r":98,"ff":27,"ffd":1623.6,"ffs":0.4286,"g":35,"co":0,"mo":0,"sa":0,"ic":0},"geometry":{"type":"Polygon","coordinates":[[[-3.07129,53.16727],[-3.06849,53.16691],[-3.06492,53.16609],[-3.06045,53.16561],[-3.05249,53.16547],[-3.05251,53.16452],[-3.05437,53.16163],[-3.05457,53.15983],[-3.05547,53.16],[-3.05528,53.15947],[-3.05576,53.15909],[-3.0566,53.15909],[-3.05739,53.15732],[-3.05618,53.15666],[-3.0572,53.15659],[-3.05708,53.1533],[-3.05755,53.1519],[-3.05868,53.15146],[-3.05601,53.1509],[-3.05628,53.15036],[-3.05896,53.15092],[-3.0596,53.15082],[-3.06039,53.1501],[-3.06273,53.14884],[-3.06552,53.14943],[-3.07007,53.14989],[-3.07812,53.15186],[-3.08531,53.15271],[-3.08484,53.15314],[-3.08536,53.15319],[-3.08533,53.15348],[-3.08701,53.15357],[-3.08656,53.15443],[-3.08432,53.15506],[-3.08278,53.1568],[-3.08183,53.15843],[-3.07953,53.16073],[-3.07934,53.16284],[-3.081,53.16794],[-3.08093,53.16828],[-3.07129,53.16727]],[[-3.07241,53.16694],[-3.07448,53.16631],[-3.07702,53.16671],[-3.07678,53.16596],[-3.07447,53.16578],[-3.07585,53.16509],[-3.0786,53.1653],[-3.07855,53.16484],[-3.07945,53.16468],[-3.07899,53.16345],[-3.0786,53.16312],[-3.07818,53.16354],[-3.07806,53.16334],[-3.07762,53.16359],[-3.07654,53.16344],[-3.07634,53.16244],[-3.07863,53.16213],[-3.0787,53.16167],[-3.07934,53.16141],[-3.07801,53.16061],[-3.0775,53.15901],[-3.07534,53.15786],[-3.07418,53.15782],[-3.07125,53.16074],[-3.07018,53.16082],[-3.0679,53.1619],[-3.06603,53.16195],[-3.0653,53.16264],[-3.06408,53.16327],[-3.06431,53.16441],[-3.06494,53.16462],[-3.06532,53.16449],[-3.06501,53.16426],[-3.06673,53.1639],[-3.06679,53.16432],[-3.06762,53.16536],[-3.06851,53.16574],[-3.06968,53.16559],[-3.06992,53.16506],[-3.06983,53.1648],[-3.06901,53.16473],[-3.0687,53.16365],[-3.06973,53.16337],[-3.06955,53.16244],[-3.07027,53.1623],[-3.07077,53.16267],[-3.07087,53.16426],[-3.07138,53.16571],[-3.07099,53.16617],[-3.0725,53.16613],[-3.07263,53.16642],[-3.07198,53.1666],[-3.07241,53.16694]]]}},{"type":"Feature","properties":{"id":"W01000260","name":"W01000260","parent":"W06000005","type":"LSOA","pop":1709,"r":95,"ff":25,"ffd":1462.8,"ffs":0.4098,"g":34,"co":0,"mo":2,"sa":0,"ic":0},"geometry":{"type":"Polygon","coordinates":[[[-3.07263,53.16642],[-3.0725,53.16613],[-3.07099,53.16617],[-3.07138,53.16571],[-3.07087,53.16426],[-3.07077,53.16267],[-3.07027,53.1623],[-3.06955,53.16244],[-3.06973,53.16337],[-3.0687,53.16365],[-3.06901,53.16473],[-3.06983,53.1648],[-3.06992,53.16506],[-3.06968,53.16559],[-3.06851,53.16574],[-3.06762,53.16536],[-3.06679,53.16432],[-3.06673,53.1639],[-3.06501,53.16426],[-3.06532,53.16449],[-3.06494,53.16462],[-3.06431,53.16441],[-3.06408,53.16327],[-3.0653,53.16264],[-3.06603,53.16195],[-3.0679,53.1619],[-3.07018,53.16082],[-3.07125,53.16074],[-3.07418,53.15782],[-3.07534,53.15786],[-3.0775,53.15901],[-3.07801,53.16061],[-3.07934,53.16141],[-3.0787,53.16167],[-3.07863,53.16213],[-3.07634,53.16244],[-3.07654,53.16344],[-3.07762,53.16359],[-3.07806,53.16334],[-3.07818,53.16354],[-3.0786,53.16312],[-3.07899,53.16345],[-3.07945,53.16468],[-3.07855,53.16484],[-3.0786,53.1653],[-3.07585,53.16509],[-3.07447,53.16578],[-3.07678,53.16596],[-3.07702,53.16671],[-3.07448,53.16631],[-3.07241,53.16694],[-3.07198,53.1666],[-3.07263,53.16642]]]}},{"type":"Feature","properties":{"id":"W01000261","name":"W01000261","parent":"W06000005","type":"LSOA","pop":1427,"r":134,"ff":57,"ffd":3994.4,"ffs":0.5229,"g":24,"co":0,"mo":3,"sa":0,"ic":0},"geometry":{"type":"Polygon","coordinates":[[[-3.0889,53.16687],[-3.08864,53.16573],[-3.08807,53.16597],[-3.08784,53.16558],[-3.08829,53.16533],[-3.0876,53.16379],[-3.0886,53.1635],[-3.08951,53.16364],[-3.08902,53.16427],[-3.08927,53.16487],[-3.09034,53.16478],[-3.0902,53.16428],[-3.09064,53.16421],[-3.09087,53.16479],[-3.09176,53.16514],[-3.09337,53.16451],[-3.09429,53.16483],[-3.09521,53.1638],[-3.09396,53.16272],[-3.09368,53.16175],[-3.0954,53.16253],[-3.09632,53.16241],[-3.09962,53.16513],[-3.10051,53.1651],[-3.10216,53.16728],[-3.08642,53.16849],[-3.08657,53.16806],[-3.08861,53.16764],[-3.0889,53.16687]]]}},{"type":"Feature","properties":{"id":"W01000262","name":"W01000262","parent":"W06000005","type":"LSOA","pop":1395,"r":94,"ff":25,"ffd":1792.1,"ffs":0.4167,"g":34,"co":0,"mo":2,"sa":0,"ic":0},"geometry":{"type":"Polygon","coordinates":[[[-3.081,53.16794],[-3.07934,53.16284],[-3.07953,53.16073],[-3.08183,53.15843],[-3.08277,53.15682],[-3.08556,53.15786],[-3.08478,53.16084],[-3.08333,53.16179],[-3.08401,53.16356],[-3.08362,53.1636],[-3.08356,53.16446],[-3.08491,53.16455],[-3.08505,53.16399],[-3.08582,53.16403],[-3.08653,53.16542],[-3.08314,53.16564],[-3.08366,53.16703],[-3.08384,53.16668],[-3.08609,53.1664],[-3.0889,53.16687],[-3.08861,53.16764],[-3.08657,53.16806],[-3.08642,53.16849],[-3.08427,53.16863],[-3.08093,53.16828],[-3.081,53.16794]]]}},{"type":"Feature","properties":{"id":"W01000263","name":"W01000263","parent":"W06000005","type":"LSOA","pop":1313,"r":93,"ff":25,"ffd":1904.0,"ffs":0.4098,"g":32,"co":0,"mo":2,"sa":0,"ic":0},"geometry":{"type":"Polygon","coordinates":[[[-3.08366,53.16703],[-3.08314,53.16564],[-3.08653,53.16542],[-3.08582,53.16403],[-3.08505,53.16399],[-3.08491,53.16455],[-3.08356,53.16446],[-3.08362,53.1636],[-3.08401,53.16356],[-3.08333,53.16179],[-3.08478,53.16084],[-3.08556,53.15786],[-3.08277,53.15682],[-3.08432,53.15506],[-3.08656,53.15443],[-3.08854,53.15473],[-3.08896,53.15608],[-3.08816,53.15622],[-3.08892,53.15702],[-3.0897,53.15778],[-3.0908,53.15749],[-3.09111,53.15899],[-3.09329,53.15945],[-3.0931,53.16036],[-3.09063,53.16028],[-3.09368,53.16175],[-3.09396,53.16272],[-3.09521,53.1638],[-3.09429,53.16483],[-3.09337,53.16451],[-3.09176,53.16514],[-3.09087,53.16479],[-3.09064,53.16421],[-3.0902,53.16428],[-3.09034,53.16478],[-3.08927,53.16487],[-3.08902,53.16427],[-3.08951,53.16364],[-3.0886,53.1635],[-3.0876,53.16379],[-3.08829,53.16533],[-3.08784,53.16558],[-3.08807,53.16597],[-3.08864,53.16573],[-3.0889,53.16687],[-3.08609,53.1664],[-3.08384,53.16668],[-3.08366,53.16703]]]}},{"type":"Feature","properties":{"id":"W01000264","name":"W01000264","parent":"W06000005","type":"LSOA","pop":1728,"r":94,"ff":26,"ffd":1504.6,"ffs":0.4194,"g":32,"co":0,"mo":2,"sa":0,"ic":0},"geometry":{"type":"Polygon","coordinates":[[[-3.0852,53.18],[-3.08444,53.17881],[-3.08325,53.17885],[-3.08132,53.1798],[-3.0809,53.17947],[-3.08199,53.17665],[-3.08051,53.17637],[-3.07974,53.17573],[-3.07808,53.17588],[-3.0779,53.17545],[-3.07712,53.17517],[-3.08007,53.1724],[-3.08093,53.16828],[-3.08427,53.16863],[-3.09132,53.16816],[-3.09134,53.16842],[-3.09077,53.16897],[-3.0914,53.16936],[-3.0903,53.16946],[-3.08952,53.17007],[-3.09077,53.17018],[-3.09047,53.17049],[-3.09076,53.17083],[-3.08916,53.17121],[-3.08792,53.17203],[-3.08801,53.17261],[-3.08761,53.17304],[-3.08825,53.17359],[-3.08662,53.17382],[-3.08582,53.17299],[-3.08504,53.17316],[-3.08592,53.17368],[-3.08594,53.17444],[-3.0867,53.17488],[-3.08624,53.17526],[-3.08736,53.17555],[-3.08998,53.1746],[-3.09096,53.17453],[-3.09203,53.17541],[-3.09102,53.17614],[-3.09131,53.17836],[-3.09215,53.17888],[-3.09032,53.17909],[-3.08736,53.17849],[-3.0852,53.18]]]}},{"type":"Feature","properties":{"id":"W01000265","name":"W01000265","parent":"W06000005","type":"LSOA","pop":1465,"r":146,"ff":64,"ffd":4368.6,"ffs":0.5333,"g":25,"co":0,"mo":1,"sa":0,"ic":0},"geometry":{"type":"Polygon","coordinates":[[[-3.08106,53.18655],[-3.07976,53.18385],[-3.07705,53.18144],[-3.07293,53.18082],[-3.07712,53.17517],[-3.0779,53.17545],[-3.07808,53.17588],[-3.07974,53.17573],[-3.08051,53.17637],[-3.08199,53.17665],[-3.0809,53.17947],[-3.08132,53.1798],[-3.08325,53.17885],[-3.08444,53.17881],[-3.0852,53.18],[-3.08736,53.17849],[-3.09032,53.17909],[-3.09215,53.17888],[-3.09131,53.17836],[-3.09102,53.17614],[-3.09203,53.17541],[-3.09096,53.17453],[-3.08998,53.1746],[-3.08736,53.17555],[-3.08624,53.17526],[-3.0867,53.17488],[-3.08594,53.17444],[-3.08592,53.17368],[-3.08504,53.17316],[-3.08582,53.17299],[-3.08662,53.17382],[-3.08825,53.17359],[-3.08761,53.17304],[-3.08801,53.17261],[-3.08792,53.17203],[-3.08916,53.17121],[-3.09076,53.17083],[-3.09047,53.17049],[-3.09077,53.17018],[-3.08952,53.17007],[-3.0903,53.16946],[-3.0914,53.16936],[-3.09077,53.16897],[-3.09134,53.16842],[-3.09132,53.16816],[-3.10117,53.16743],[-3.10281,53.17042],[-3.1009,53.17083],[-3.10077,53.17064],[-3.09754,53.17175],[-3.0985,53.17448],[-3.09894,53.17443],[-3.09901,53.17547],[-3.09634,53.17617],[-3.09407,53.1763],[-3.09474,53.17734],[-3.09409,53.17759],[-3.0959,53.1797],[-3.09724,53.18034],[-3.09733,53.18088],[-3.09797,53.18123],[-3.10049,53.18011],[-3.10169,53.1812],[-3.10292,53.18046],[-3.10352,53.18108],[-3.10379,53.18166],[-3.1012,53.18221],[-3.10143,53.18271],[-3.10028,53.18317],[-3.10168,53.1837],[-3.10126,53.18468],[-3.09885,53.18452],[-3.09808,53.18639],[-3.09748,53.18645],[-3.09602,53.1881],[-3.09322,53.18899],[-3.09295,53.18976],[-3.0934,53.18994],[-3.09297,53.18997],[-3.09311,53.19025],[-3.09129,53.19187],[-3.09114,53.1936],[-3.08977,53.19389],[-3.08927,53.19453],[-3.08744,53.19543],[-3.08627,53.19558],[-3.08199,53.19246],[-3.08141,53.19136],[-3.08106,53.18655]]]}},{"type":"Feature","properties":{"id":"W01000266","name":"W01000266","parent":"W06000005","type":"LSOA","pop":1658,"r":100,"ff":27,"ffd":1628.5,"ffs":0.4154,"g":35,"co":0,"mo":0,"sa":0,"ic":0},"geometry":{"type":"Polygon","coordinates":[[[-3.06525,53.16987],[-3.06776,53.1676],[-3.06734,53.16706],[-3.06678,53.16771],[-3.06654,53.1665],[-3.07129,53.16727],[-3.08093,53.16828],[-3.08041,53.17089],[-3.0775,53.17087],[-3.0749,53.17],[-3.07506,53.16976],[-3.07431,53.16995],[-3.0722,53.16898],[-3.07266,53.16978],[-3.07098,53.1703],[-3.07143,53.17112],[-3.06949,53.17163],[-3.06782,53.17245],[-3.06525,53.16987]]]}},{"type":"Feature","properties":{"id":"W01000267","name":"W01000267","parent":"W06000005","type":"LSOA","pop":2069,"r":188,"ff":71,"ffd":3431.6,"ffs":0.4671,"g":35,"co":0,"mo":1,"sa":0,"ic":0},"geometry":{"type":"Polygon","coordinates":[[[-3.05868,53.1758],[-3.05771,53.17534],[-3.05664,53.1754],[-3.05662,53.17482],[-3.05721,53.17443],[-3.05605,53.17406],[-3.05491,53.17408],[-3.05333,53.17323],[-3.05163,53.17334],[-3.05004,53.17203],[-3.04664,53.17084],[-3.04847,53.16902],[-3.05067,53.16822],[-3.05076,53.16711],[-3.04954,53.1672],[-3.04866,53.1668],[-3.05249,53.16547],[-3.06045,53.16561],[-3.06492,53.16609],[-3.06654,53.1665],[-3.06678,53.16771],[-3.06734,53.16706],[-3.06776,53.1676],[-3.06525,53.16987],[-3.06782,53.17245],[-3.06949,53.17163],[-3.07068,53.17132],[-3.07181,53.17381],[-3.07015,53.17475],[-3.06822,53.17435],[-3.06654,53.17299],[-3.06589,53.17348],[-3.06568,53.17313],[-3.06443,53.17376],[-3.06283,53.17389],[-3.06057,53.17327],[-3.05961,53.17406],[-3.05979,53.17449],[-3.0607,53.17474],[-3.06021,53.17504],[-3.06055,53.17558],[-3.05985,53.1756],[-3.0598,53.17533],[-3.05868,53.1758]]]}},{"type":"Feature","properties":{"id":"W01000268","name":"W01000268","parent":"W06000005","type":"LSOA","pop":1668,"r":99,"ff":28,"ffd":1678.7,"ffs":0.4242,"g":33,"co":0,"mo":0,"sa":0,"ic":0},"geometry":{"type":"Polygon","coordinates":[[[-3.06846,53.17957],[-3.06751,53.17842],[-3.0652,53.17886],[-3.06384,53.17964],[-3.06265,53.17979],[-3.06076,53.17908],[-3.05951,53.17957],[-3.05874,53.17879],[-3.05832,53.17911],[-3.05496,53.17859],[-3.05557,53.17521],[-3.05631,53.17468],[-3.05491,53.17408],[-3.05605,53.17406],[-3.05721,53.17443],[-3.05662,53.17482],[-3.05664,53.1754],[-3.05771,53.17534],[-3.05868,53.1758],[-3.0598,53.17533],[-3.05985,53.1756],[-3.06055,53.17558],[-3.06021,53.17504],[-3.0607,53.17474],[-3.05979,53.17449],[-3.05961,53.17406],[-3.06057,53.17327],[-3.06283,53.17389],[-3.06443,53.17376],[-3.06568,53.17313],[-3.06589,53.17348],[-3.06654,53.17299],[-3.06822,53.17435],[-3.07015,53.17475],[-3.07181,53.17381],[-3.07068,53.17132],[-3.07143,53.17112],[-3.07098,53.1703],[-3.07266,53.16978],[-3.0722,53.16898],[-3.07431,53.16995],[-3.07506,53.16976],[-3.0749,53.17],[-3.0775,53.17087],[-3.08041,53.17089],[-3.08007,53.1724],[-3.07712,53.17517],[-3.07264,53.18109],[-3.06967,53.18021],[-3.06846,53.17957]]]}},{"type":"Feature","properties":{"id":"W01000269","name":"W01000269","parent":"W06000005","type":"LSOA","pop":1488,"r":56,"ff":13,"ffd":873.7,"ffs":0.4062,"g":24,"co":2,"mo":2,"sa":2,"ic":0},"geometry":{"type":"Polygon","coordinates":[[[-3.04036,53.11623],[-3.03881,53.11554],[-3.03811,53.11582],[-3.03728,53.11566],[-3.03593,53.11453],[-3.03509,53.11253],[-3.03788,53.1124],[-3.03842,53.11144],[-3.03708,53.11042],[-3.03492,53.11032],[-3.03279,53.10954],[-3.03186,53.108],[-3.03207,53.10672],[-3.02978,53.1055],[-3.02854,53.10171],[-3.02985,53.10226],[-3.03096,53.10188],[-3.03181,53.10207],[-3.03182,53.10174],[-3.03209,53.10168],[-3.0332,53.10259],[-3.03477,53.10292],[-3.03609,53.10261],[-3.03656,53.10299],[-3.03767,53.10295],[-3.03925,53.10351],[-3.0402,53.1052],[-3.04376,53.10432],[-3.0437,53.10561],[-3.04927,53.11041],[-3.04676,53.11276],[-3.04675,53.11407],[-3.04565,53.11492],[-3.04518,53.11511],[-3.04491,53.11489],[-3.04418,53.11501],[-3.04414,53.11535],[-3.04149,53.11567],[-3.04036,53.11623]]]}},{"type":"Feature","properties":{"id":"W01000270","name":"W01000270","parent":"W06000005","type":"LSOA","pop":1260,"r":33,"ff":1,"ffd":79.4,"ffs":0.0667,"g":18,"co":2,"mo":2,"sa":2,"ic":0},"geometry":{"type":"Polygon","coordinates":[[[-3.27101,53.26988],[-3.26801,53.26951],[-3.2658,53.26981],[-3.26388,53.27051],[-3.26134,53.27004],[-3.2599,53.2685],[-3.25966,53.2666],[-3.2604,53.26544],[-3.26215,53.26421],[-3.26457,53.26376],[-3.26746,53.26247],[-3.26792,53.2617],[-3.26308,53.25789],[-3.26047,53.25675],[-3.25939,53.25432],[-3.25977,53.25352],[-3.25719,53.25316],[-3.24975,53.25087],[-3.24074,53.24886],[-3.23716,53.24752],[-3.23204,53.24726],[-3.22227,53.24416],[-3.22266,53.24207],[-3.22205,53.24154],[-3.22197,53.23879],[-3.22099,53.23607],[-3.22113,53.23287],[-3.22552,53.23056],[-3.22611,53.2308],[-3.22875,53.2301],[-3.23019,53.22861],[-3.23174,53.22571],[-3.23023,53.2222],[-3.23287,53.22172],[-3.23319,53.22019],[-3.23281,53.21898],[-3.23388,53.21758],[-3.23999,53.2165],[-3.244,53.21688],[-3.24368,53.21896],[-3.24282,53.22035],[-3.24358,53.22088],[-3.24371,53.22211],[-3.24585,53.22331],[-3.2494,53.22231],[-3.25017,53.22183],[-3.25076,53.22273],[-3.25167,53.22321],[-3.25479,53.22315],[-3.254,53.22263],[-3.25419,53.22239],[-3.25775,53.22307],[-3.25865,53.22355],[-3.26433,53.22393],[-3.2734,53.22631],[-3.27373,53.2261],[-3.27525,53.22632],[-3.27568,53.22607],[-3.27723,53.2263],[-3.27853,53.22759],[-3.28025,53.22766],[-3.28086,53.22817],[-3.28324,53.22844],[-3.28432,53.22754],[-3.28501,53.22608],[-3.28537,53.22623],[-3.28673,53.22522],[-3.28676,53.22481],[-3.28849,53.22378],[-3.28847,53.22268],[-3.28812,53.22291],[-3.28778,53.22262],[-3.28864,53.22226],[-3.28892,53.22129],[-3.28959,53.2218],[-3.29058,53.22115],[-3.29095,53.22143],[-3.29245,53.22089],[-3.29345,53.21934],[-3.29492,53.21817],[-3.29525,53.21644],[-3.29445,53.21422],[-3.29485,53.21381],[-3.29324,53.2132],[-3.29297,53.21228],[-3.29221,53.21178],[-3.29342,53.20823],[-3.29318,53.20682],[-3.29807,53.20297],[-3.30046,53.20201],[-3.29754,53.19826],[-3.30043,53.194],[-3.30148,53.19423],[-3.3021,53.19502],[-3.30479,53.19606],[-3.3077,53.19771],[-3.30933,53.19985],[-3.31105,53.20068],[-3.309,53.20282],[-3.3055,53.20499],[-3.30418,53.20803],[-3.30718,53.20842],[-3.30906,53.20663],[-3.31126,53.20718],[-3.31283,53.20722],[-3.31682,53.20982],[-3.31663,53.21031],[-3.31759,53.21048],[-3.31778,53.2109],[-3.31916,53.21677],[-3.32237,53.22042],[-3.32165,53.22112],[-3.31875,53.22088],[-3.31695,53.22147],[-3.31357,53.22465],[-3.30923,53.2278],[-3.30729,53.22828],[-3.30818,53.22929],[-3.30726,53.23018],[-3.30677,53.2302],[-3.30667,53.23064],[-3.30544,53.23118],[-3.30478,53.23229],[-3.29937,53.23172],[-3.29893,53.23314],[-3.30308,53.23393],[-3.30163,53.23566],[-3.30043,53.23629],[-3.3027,53.2376],[-3.30305,53.23884],[-3.3023,53.23988],[-3.30237,53.24206],[-3.30004,53.24409],[-3.30004,53.2474],[-3.30051,53.24815],[-3.30037,53.24947],[-3.29939,53.25066],[-3.29702,53.25192],[-3.29393,53.25289],[-3.29006,53.25479],[-3.28806,53.2553],[-3.28775,53.25492],[-3.28723,53.25505],[-3.28405,53.25652],[-3.27978,53.25773],[-3.27977,53.25885],[-3.2823,53.26088],[-3.28386,53.26283],[-3.28598,53.26434],[-3.28894,53.26519],[-3.29206,53.26692],[-3.29114,53.26777],[-3.29065,53.26929],[-3.28982,53.26988],[-3.28694,53.27079],[-3.27431,53.2712],[-3.27101,53.26988]]]}},{"type":"Feature","properties":{"id":"W01000271","name":"W01000271","parent":"W06000005","type":"LSOA","pop":1233,"r":1,"ff":0,"ffd":0.0,"ffs":0.0,"g":0,"co":3,"mo":3,"sa":3,"ic":1},"geometry":{"type":"Polygon","coordinates":[[[-3.29358,53.27528],[-3.28982,53.26988],[-3.29065,53.26929],[-3.29114,53.26777],[-3.29206,53.26692],[-3.28894,53.26519],[-3.28598,53.26434],[-3.28386,53.26283],[-3.2823,53.26088],[-3.27977,53.25885],[-3.27978,53.25773],[-3.28405,53.25652],[-3.28723,53.25505],[-3.28775,53.25492],[-3.28806,53.2553],[-3.29006,53.25479],[-3.29393,53.25289],[-3.29702,53.25192],[-3.29939,53.25066],[-3.30037,53.24947],[-3.30051,53.24815],[-3.30004,53.2474],[-3.30004,53.24409],[-3.30237,53.24206],[-3.3023,53.23988],[-3.30305,53.23884],[-3.3027,53.2376],[-3.30043,53.23629],[-3.30163,53.23566],[-3.30308,53.23393],[-3.29893,53.23314],[-3.29937,53.23172],[-3.30478,53.23229],[-3.30444,53.23292],[-3.31114,53.23286],[-3.31145,53.23521],[-3.32788,53.23709],[-3.33025,53.23713],[-3.33381,53.23672],[-3.33271,53.23827],[-3.33296,53.23915],[-3.33595,53.24087],[-3.33605,53.24127],[-3.33651,53.2412],[-3.33757,53.2419],[-3.33973,53.24434],[-3.34169,53.24509],[-3.34307,53.24685],[-3.3491,53.24952],[-3.34957,53.24992],[-3.34916,53.25129],[-3.35068,53.25229],[-3.35493,53.25238],[-3.3618,53.25305],[-3.35768,53.25497],[-3.34167,53.26543],[-3.33286,53.27034],[-3.3298,53.27321],[-3.32654,53.27276],[-3.32364,53.2716],[-3.29759,53.27429],[-3.29358,53.27528]]]}},{"type":"Feature","properties":{"id":"W01000272","name":"W01000272","parent":"W06000005","type":"LSOA","pop":1820,"r":39,"ff":12,"ffd":659.3,"ffs":0.4444,"g":11,"co":2,"mo":3,"sa":2,"ic":0},"geometry":{"type":"Polygon","coordinates":[[[-3.27723,53.2263],[-3.27568,53.22607],[-3.27525,53.22632],[-3.27373,53.2261],[-3.2734,53.22631],[-3.26433,53.22393],[-3.25865,53.22355],[-3.25775,53.22307],[-3.25419,53.22239],[-3.254,53.22263],[-3.25479,53.22315],[-3.25167,53.22321],[-3.25076,53.22273],[-3.25017,53.22183],[-3.2494,53.22231],[-3.24585,53.22331],[-3.24371,53.22211],[-3.24358,53.22088],[-3.24282,53.22035],[-3.24368,53.21896],[-3.244,53.21688],[-3.23999,53.2165],[-3.23636,53.21706],[-3.23561,53.21604],[-3.23304,53.21553],[-3.23207,53.2161],[-3.23165,53.21561],[-3.23009,53.21535],[-3.22589,53.2157],[-3.22337,53.21505],[-3.22225,53.2156],[-3.22118,53.21487],[-3.21655,53.21421],[-3.21979,53.21181],[-3.22067,53.20953],[-3.22064,53.20763],[-3.21971,53.20649],[-3.21939,53.20512],[-3.21774,53.20306],[-3.21718,53.20327],[-3.21556,53.20204],[-3.21443,53.20176],[-3.21348,53.20244],[-3.21444,53.20341],[-3.21249,53.20412],[-3.21216,53.20376],[-3.20904,53.20583],[-3.20875,53.20534],[-3.2072,53.20573],[-3.20696,53.20553],[-3.20609,53.20567],[-3.20451,53.20418],[-3.20395,53.20435],[-3.20326,53.20344],[-3.20162,53.20361],[-3.19979,53.20314],[-3.20047,53.20278],[-3.20031,53.20193],[-3.1998,53.20162],[-3.19834,53.20195],[-3.19267,53.20188],[-3.19344,53.2007],[-3.1926,53.19963],[-3.19097,53.1988],[-3.1911,53.19921],[-3.19008,53.19971],[-3.1895,53.19921],[-3.18983,53.19898],[-3.18846,53.19834],[-3.18872,53.19772],[-3.18815,53.19756],[-3.18916,53.19638],[-3.18824,53.19581],[-3.18686,53.19581],[-3.18376,53.19652],[-3.18192,53.19626],[-3.17905,53.19665],[-3.17935,53.19627],[-3.17867,53.19381],[-3.17733,53.19206],[-3.17474,53.19024],[-3.17427,53.19036],[-3.17347,53.18911],[-3.17174,53.18838],[-3.17055,53.18566],[-3.1673,53.18447],[-3.17151,53.18239],[-3.17389,53.18259],[-3.17431,53.1814],[-3.17362,53.1803],[-3.17576,53.17994],[-3.17577,53.17953],[-3.1786,53.18039],[-3.17893,53.17964],[-3.17993,53.17947],[-3.18136,53.18015],[-3.18959,53.18579],[-3.19067,53.18716],[-3.19158,53.18943],[-3.19366,53.19138],[-3.19313,53.19237],[-3.19453,53.1923],[-3.19677,53.19144],[-3.20012,53.19104],[-3.20315,53.18965],[-3.20215,53.18682],[-3.20289,53.1847],[-3.20388,53.18403],[-3.20769,53.18326],[-3.20848,53.18169],[-3.20936,53.18159],[-3.21577,53.17876],[-3.21837,53.17674],[-3.21823,53.17601],[-3.21634,53.17599],[-3.21575,53.1757],[-3.21504,53.17438],[-3.21442,53.17407],[-3.21472,53.17363],[-3.21489,53.17273],[-3.2159,53.17171],[-3.21558,53.1701],[-3.21485,53.16978],[-3.21569,53.16885],[-3.2145,53.16834],[-3.21402,53.16774],[-3.2153,53.16429],[-3.21288,53.16263],[-3.21074,53.1627],[-3.20932,53.16204],[-3.20817,53.15983],[-3.20916,53.15939],[-3.21016,53.15834],[-3.21059,53.15707],[-3.21174,53.15609],[-3.21409,53.15526],[-3.21573,53.15516],[-3.21733,53.15457],[-3.21953,53.15453],[-3.22192,53.15403],[-3.2223,53.15369],[-3.22557,53.15315],[-3.22743,53.15418],[-3.23035,53.15476],[-3.23291,53.15418],[-3.23615,53.1543],[-3.23976,53.15382],[-3.24056,53.15322],[-3.24399,53.15233],[-3.24585,53.15226],[-3.24745,53.15245],[-3.24885,53.15328],[-3.25596,53.15447],[-3.25868,53.15551],[-3.2637,53.15646],[-3.26508,53.15593],[-3.27126,53.15751],[-3.27081,53.15949],[-3.27161,53.15999],[-3.27122,53.16149],[-3.27266,53.16347],[-3.27521,53.16422],[-3.27654,53.16594],[-3.28039,53.16775],[-3.28099,53.1686],[-3.27992,53.16921],[-3.2781,53.17227],[-3.27898,53.17318],[-3.27923,53.17626],[-3.27614,53.17759],[-3.27513,53.17939],[-3.28016,53.18389],[-3.28118,53.18379],[-3.28191,53.1841],[-3.28194,53.1848],[-3.28576,53.18816],[-3.28982,53.19088],[-3.2905,53.19184],[-3.29651,53.19227],[-3.30043,53.194],[-3.29754,53.19826],[-3.30046,53.20201],[-3.29807,53.20297],[-3.29318,53.20682],[-3.29342,53.20823],[-3.29221,53.21178],[-3.29297,53.21228],[-3.29324,53.2132],[-3.29485,53.21381],[-3.29445,53.21422],[-3.29525,53.21644],[-3.29492,53.21817],[-3.29345,53.21934],[-3.29245,53.22089],[-3.29095,53.22143],[-3.29058,53.22115],[-3.28959,53.2218],[-3.28892,53.22129],[-3.28864,53.22226],[-3.28778,53.22262],[-3.28812,53.22291],[-3.28847,53.22268],[-3.28849,53.22378],[-3.28676,53.22481],[-3.28673,53.22522],[-3.28537,53.22623],[-3.28501,53.22608],[-3.28432,53.22754],[-3.28324,53.22844],[-3.28086,53.22817],[-3.28025,53.22766],[-3.27853,53.22759],[-3.27723,53.2263]]]}},{"type":"Feature","properties":{"id":"W01000273","name":"W01000273","parent":"W06000005","type":"LSOA","pop":1553,"r":96,"ff":26,"ffd":1674.2,"ffs":0.4194,"g":34,"co":0,"mo":0,"sa":2,"ic":0},"geometry":{"type":"Polygon","coordinates":[[[-3.0628,53.22226],[-3.05986,53.2211],[-3.06071,53.22033],[-3.05986,53.22032],[-3.05979,53.22009],[-3.0605,53.21973],[-3.05861,53.21918],[-3.05987,53.21642],[-3.0594,53.21519],[-3.0608,53.21481],[-3.0614,53.21425],[-3.061,53.21386],[-3.06142,53.21375],[-3.06514,53.21548],[-3.06597,53.21478],[-3.06874,53.21615],[-3.06727,53.21709],[-3.06953,53.21855],[-3.06475,53.22204],[-3.06361,53.22157],[-3.0628,53.22226]]]}},{"type":"Feature","properties":{"id":"W01000274","name":"W01000274","parent":"W06000005","type":"LSOA","pop":1952,"r":95,"ff":25,"ffd":1280.7,"ffs":0.4098,"g":34,"co":0,"mo":0,"sa":2,"ic":0},"geometry":{"type":"MultiPolygon","coordinates":[[[[-3.05503,53.21436],[-3.05673,53.21375],[-3.05937,53.21395],[-3.06107,53.21343],[-3.06142,53.21375],[-3.061,53.21386],[-3.0614,53.21425],[-3.0608,53.21481],[-3.0594,53.21519],[-3.05987,53.21642],[-3.05861,53.21918],[-3.0605,53.21973],[-3.05979,53.22009],[-3.05986,53.22032],[-3.06071,53.22033],[-3.05986,53.2211],[-3.0628,53.22226],[-3.06218,53.22316],[-3.0588,53.22179],[-3.05911,53.22144],[-3.04878,53.22085],[-3.05029,53.21742],[-3.05096,53.21673],[-3.05061,53.21655],[-3.05503,53.21436]]],[[[-3.03676,53.2501],[-3.04822,53.22211],[-3.05426,53.22237],[-3.05757,53.22283],[-3.05949,53.22359],[-3.0606,53.22457],[-3.06076,53.22497],[-3.06018,53.22523],[-3.05997,53.22499],[-3.05894,53.22451],[-3.05987,53.22501],[-3.05908,53.22511],[-3.06074,53.22529],[-3.05992,53.2265],[-3.04867,53.25221],[-3.03606,53.25181],[-3.03676,53.2501]]]]}},{"type":"Feature","properties":{"id":"W01000275","name":"W01000275","parent":"W06000005","type":"LSOA","pop":1144,"r":310,"ff":104,"ffd":9090.9,"ffs":0.3985,"g":46,"co":0,"mo":1,"sa":0,"ic":0},"geometry":{"type":"MultiPolygon","coordinates":[[[[-3.08166,53.23413],[-3.08122,53.23407],[-3.08094,53.23467],[-3.07914,53.23438],[-3.07576,53.23288],[-3.07681,53.23259],[-3.07987,53.23355],[-3.082,53.23344],[-3.07978,53.23348],[-3.07655,53.23247],[-3.0754,53.23273],[-3.06932,53.22975],[-3.06733,53.22853],[-3.06846,53.22894],[-3.06894,53.22884],[-3.06724,53.2284],[-3.06434,53.226],[-3.06325,53.2238],[-3.06218,53.22316],[-3.0628,53.22226],[-3.06361,53.22157],[-3.06621,53.22266],[-3.06673,53.22257],[-3.06762,53.22291],[-3.06788,53.22343],[-3.07337,53.22532],[-3.07351,53.225],[-3.07127,53.22434],[-3.07088,53.22362],[-3.07138,53.22323],[-3.07132,53.22281],[-3.07058,53.22294],[-3.06943,53.22232],[-3.07089,53.22158],[-3.07089,53.22117],[-3.07142,53.22061],[-3.07231,53.221],[-3.07329,53.2207],[-3.07339,53.22096],[-3.07385,53.22089],[-3.07416,53.22138],[-3.07274,53.22234],[-3.07229,53.22229],[-3.0724,53.22269],[-3.07361,53.22302],[-3.07325,53.22332],[-3.07375,53.22347],[-3.07366,53.22377],[-3.07421,53.22377],[-3.07456,53.22297],[-3.07507,53.22294],[-3.07544,53.22329],[-3.07571,53.22261],[-3.07677,53.22234],[-3.0768,53.22266],[-3.07746,53.22184],[-3.07776,53.21911],[-3.07741,53.21862],[-3.07768,53.21798],[-3.0785,53.21737],[-3.08353,53.21747],[-3.08573,53.21874],[-3.0882,53.21769],[-3.09637,53.21744],[-3.09771,53.21951],[-3.09468,53.22155],[-3.09555,53.22137],[-3.09886,53.22283],[-3.09769,53.22398],[-3.0978,53.22437],[-3.09344,53.23232],[-3.09184,53.2338],[-3.08654,53.23702],[-3.08059,53.23495],[-3.08136,53.23471],[-3.08166,53.23413]]],[[[-3.07061,53.24686],[-3.0694,53.24441],[-3.07025,53.2439],[-3.07044,53.24319],[-3.07383,53.242],[-3.07427,53.2435],[-3.07493,53.24402],[-3.07372,53.24421],[-3.07306,53.24473],[-3.07367,53.24496],[-3.07373,53.24426],[-3.07484,53.24424],[-3.07061,53.24686]]],[[[-3.04867,53.25221],[-3.05992,53.2265],[-3.06074,53.22529],[-3.06563,53.22948],[-3.07128,53.23282],[-3.08333,53.239],[-3.07627,53.24337],[-3.07609,53.24048],[-3.07493,53.23972],[-3.0764,53.24002],[-3.07731,53.23978],[-3.07755,53.24018],[-3.07744,53.2404],[-3.07749,53.24047],[-3.07794,53.24044],[-3.07748,53.24042],[-3.07759,53.24011],[-3.07732,53.23973],[-3.07898,53.23876],[-3.07645,53.23995],[-3.07639,53.23969],[-3.07476,53.23943],[-3.07467,53.23977],[-3.07438,53.23966],[-3.07339,53.2385],[-3.07414,53.23709],[-3.07297,53.23638],[-3.07304,53.2356],[-3.07206,53.23538],[-3.07296,53.23561],[-3.07278,53.23643],[-3.07185,53.23664],[-3.07142,53.23628],[-3.07082,53.23624],[-3.07151,53.23638],[-3.0716,53.23672],[-3.06974,53.23815],[-3.06909,53.23956],[-3.0677,53.23963],[-3.06662,53.23874],[-3.0671,53.23837],[-3.06655,53.23868],[-3.06757,53.23963],[-3.0673,53.23988],[-3.06891,53.23971],[-3.06961,53.23926],[-3.07011,53.238],[-3.07087,53.23791],[-3.07031,53.23786],[-3.07158,53.23689],[-3.0729,53.23657],[-3.07352,53.23721],[-3.07299,53.23877],[-3.07517,53.24108],[-3.07231,53.242],[-3.07165,53.2419],[-3.07195,53.24215],[-3.07025,53.2429],[-3.06943,53.24281],[-3.06712,53.24344],[-3.07017,53.24301],[-3.06947,53.24362],[-3.06705,53.2441],[-3.06622,53.24541],[-3.06457,53.24619],[-3.06402,53.24687],[-3.06266,53.24667],[-3.06155,53.24605],[-3.05927,53.24575],[-3.06321,53.24687],[-3.06379,53.24697],[-3.06429,53.24684],[-3.06419,53.2473],[-3.06298,53.24743],[-3.06296,53.24781],[-3.0631,53.24742],[-3.06403,53.24744],[-3.06521,53.247],[-3.06451,53.2469],[-3.06447,53.24652],[-3.06639,53.24555],[-3.06736,53.24417],[-3.07012,53.24356],[-3.06922,53.24443],[-3.07056,53.24689],[-3.06112,53.25272],[-3.04867,53.25221]]]]}},{"type":"Feature","properties":{"id":"W01000276","name":"W01000276","parent":"W06000005","type":"LSOA","pop":1205,"r":97,"ff":26,"ffd":2157.7,"ffs":0.4194,"g":35,"co":0,"mo":0,"sa":2,"ic":0},"geometry":{"type":"Polygon","coordinates":[[[-3.07361,53.22302],[-3.0724,53.22269],[-3.07229,53.22229],[-3.07274,53.22234],[-3.07416,53.22138],[-3.07375,53.22062],[-3.07451,53.22038],[-3.07248,53.22041],[-3.07241,53.21989],[-3.07454,53.21968],[-3.07297,53.21792],[-3.07299,53.21757],[-3.07426,53.21739],[-3.07449,53.2163],[-3.0744,53.21598],[-3.07497,53.21574],[-3.07527,53.21592],[-3.0755,53.21544],[-3.07642,53.21558],[-3.07866,53.21522],[-3.07801,53.21631],[-3.0785,53.21737],[-3.07768,53.21798],[-3.07741,53.21862],[-3.07776,53.21911],[-3.07746,53.22184],[-3.0768,53.22266],[-3.07677,53.22234],[-3.07571,53.22261],[-3.07544,53.22329],[-3.07507,53.22294],[-3.07456,53.22297],[-3.07421,53.22377],[-3.07366,53.22377],[-3.07375,53.22347],[-3.07325,53.22332],[-3.07361,53.22302]]]}},{"type":"Feature","properties":{"id":"W01000277","name":"W01000277","parent":"W06000005","type":"LSOA","pop":1333,"r":304,"ff":104,"ffd":7802.0,"ffs":0.4062,"g":45,"co":0,"mo":1,"sa":0,"ic":0},"geometry":{"type":"Polygon","coordinates":[[[-3.09886,53.22283],[-3.09555,53.22137],[-3.09468,53.22155],[-3.09771,53.21951],[-3.09637,53.21744],[-3.0882,53.21769],[-3.08573,53.21874],[-3.08353,53.21747],[-3.0785,53.21737],[-3.07801,53.21631],[-3.07866,53.21522],[-3.07642,53.21558],[-3.0755,53.21544],[-3.07527,53.21592],[-3.07497,53.21574],[-3.0744,53.21598],[-3.07449,53.2163],[-3.07426,53.21739],[-3.07299,53.21757],[-3.07297,53.21792],[-3.07375,53.21883],[-3.07193,53.2194],[-3.07124,53.21876],[-3.07104,53.21784],[-3.07146,53.21754],[-3.07072,53.21704],[-3.07098,53.21639],[-3.07009,53.21585],[-3.06952,53.21488],[-3.07301,53.21377],[-3.07139,53.21167],[-3.07402,53.21114],[-3.08679,53.2099],[-3.08994,53.21015],[-3.09405,53.20981],[-3.0964,53.21069],[-3.09762,53.21082],[-3.09766,53.21119],[-3.09945,53.21216],[-3.10069,53.21264],[-3.10162,53.21266],[-3.10172,53.21662],[-3.10085,53.2189],[-3.10077,53.22144],[-3.09977,53.22182],[-3.09886,53.22283]]]}},{"type":"Feature","properties":{"id":"W01000278","name":"W01000278","parent":"W06000005","type":"LSOA","pop":1445,"r":95,"ff":26,"ffd":1799.3,"ffs":0.4194,"g":33,"co":0,"mo":0,"sa":2,"ic":0},"geometry":{"type":"Polygon","coordinates":[[[-3.06788,53.22343],[-3.06762,53.22291],[-3.06673,53.22257],[-3.06621,53.22266],[-3.06475,53.22204],[-3.06953,53.21855],[-3.06727,53.21709],[-3.06874,53.21615],[-3.07001,53.21574],[-3.06952,53.21488],[-3.07009,53.21585],[-3.07098,53.21639],[-3.07072,53.21704],[-3.07146,53.21754],[-3.07104,53.21784],[-3.07124,53.21876],[-3.07193,53.2194],[-3.07375,53.21883],[-3.07454,53.21968],[-3.07241,53.21989],[-3.07248,53.22041],[-3.07451,53.22038],[-3.07375,53.22062],[-3.07385,53.22089],[-3.07339,53.22096],[-3.07329,53.2207],[-3.07231,53.221],[-3.07142,53.22061],[-3.07089,53.22117],[-3.07089,53.22158],[-3.06943,53.22232],[-3.07058,53.22294],[-3.07132,53.22281],[-3.07138,53.22323],[-3.07088,53.22362],[-3.07127,53.22434],[-3.07351,53.225],[-3.07337,53.22532],[-3.06788,53.22343]]]}},{"type":"Feature","properties":{"id":"W01000279","name":"W01000279","parent":"W06000005","type":"LSOA","pop":1180,"r":95,"ff":26,"ffd":2203.4,"ffs":0.4262,"g":34,"co":0,"mo":0,"sa":2,"ic":0},"geometry":{"type":"Polygon","coordinates":[[[-3.06475,53.2153],[-3.06142,53.21375],[-3.06107,53.21343],[-3.06189,53.21312],[-3.05964,53.21123],[-3.05939,53.21003],[-3.05904,53.20972],[-3.05715,53.20895],[-3.05539,53.209],[-3.05492,53.20819],[-3.05585,53.20776],[-3.05539,53.20712],[-3.05585,53.20625],[-3.05801,53.20434],[-3.05878,53.20394],[-3.06006,53.20391],[-3.06554,53.20616],[-3.06464,53.20682],[-3.06494,53.20719],[-3.06575,53.20689],[-3.06607,53.20711],[-3.06859,53.20599],[-3.0691,53.20631],[-3.06463,53.20858],[-3.0663,53.20948],[-3.06586,53.20999],[-3.06629,53.211],[-3.06663,53.21093],[-3.0671,53.21148],[-3.06686,53.21195],[-3.06614,53.21215],[-3.06645,53.21253],[-3.06485,53.21293],[-3.06546,53.21366],[-3.06519,53.21383],[-3.06382,53.21317],[-3.06335,53.2133],[-3.0629,53.21304],[-3.06266,53.21335],[-3.06388,53.21425],[-3.06413,53.21405],[-3.06552,53.21447],[-3.06566,53.21504],[-3.06514,53.21548],[-3.06475,53.2153]]]}},{"type":"Feature","properties":{"id":"W01000280","name":"W01000280","parent":"W06000005","type":"LSOA","pop":1703,"r":98,"ff":27,"ffd":1585.4,"ffs":0.4286,"g":35,"co":0,"mo":0,"sa":0,"ic":0},"geometry":{"type":"Polygon","coordinates":[[[-3.07583,53.20654],[-3.07558,53.20633],[-3.07539,53.20682],[-3.07191,53.20678],[-3.07173,53.20708],[-3.07103,53.20705],[-3.07025,53.20779],[-3.06965,53.2073],[-3.0692,53.20743],[-3.06872,53.20679],[-3.0691,53.20631],[-3.06859,53.20599],[-3.06607,53.20711],[-3.06575,53.20689],[-3.06494,53.20719],[-3.06464,53.20682],[-3.06554,53.20616],[-3.06006,53.20391],[-3.06009,53.20284],[-3.06053,53.20255],[-3.06237,53.20202],[-3.06297,53.20251],[-3.0641,53.2023],[-3.06434,53.20138],[-3.06954,53.20002],[-3.07061,53.19949],[-3.07208,53.20016],[-3.07398,53.19997],[-3.07568,53.20043],[-3.07588,53.20075],[-3.07564,53.20104],[-3.07635,53.20238],[-3.07571,53.20257],[-3.07552,53.20201],[-3.07428,53.2023],[-3.07465,53.20357],[-3.07711,53.20391],[-3.07785,53.20359],[-3.07847,53.2037],[-3.08416,53.20543],[-3.08214,53.20676],[-3.07559,53.20793],[-3.07619,53.20676],[-3.07583,53.20654]]]}},{"type":"Feature","properties":{"id":"W01000281","name":"W01000281","parent":"W06000005","type":"LSOA","pop":1198,"r":98,"ff":27,"ffd":2253.8,"ffs":0.4286,"g":35,"co":0,"mo":0,"sa":2,"ic":0},"geometry":{"type":"Polygon","coordinates":[[[-3.06625,53.21491],[-3.06597,53.21478],[-3.06566,53.21504],[-3.06552,53.21447],[-3.06413,53.21405],[-3.06388,53.21425],[-3.06266,53.21335],[-3.0629,53.21304],[-3.06335,53.2133],[-3.06382,53.21317],[-3.06519,53.21383],[-3.06546,53.21366],[-3.06485,53.21293],[-3.06645,53.21253],[-3.06614,53.21215],[-3.06686,53.21195],[-3.0671,53.21148],[-3.06663,53.21093],[-3.06886,53.21058],[-3.07069,53.21075],[-3.07144,53.2114],[-3.0719,53.21137],[-3.07178,53.2111],[-3.07274,53.21071],[-3.07322,53.2113],[-3.07139,53.21167],[-3.07301,53.21377],[-3.06952,53.21488],[-3.07001,53.21574],[-3.06874,53.21615],[-3.06625,53.21491]]]}},{"type":"Feature","properties":{"id":"W01000282","name":"W01000282","parent":"W06000005","type":"LSOA","pop":1582,"r":98,"ff":27,"ffd":1706.7,"ffs":0.4286,"g":35,"co":0,"mo":0,"sa":2,"ic":0},"geometry":{"type":"Polygon","coordinates":[[[-3.07069,53.21075],[-3.06886,53.21058],[-3.06629,53.211],[-3.06586,53.20999],[-3.0663,53.20948],[-3.06463,53.20858],[-3.0691,53.20631],[-3.06872,53.20679],[-3.0692,53.20743],[-3.06965,53.2073],[-3.07025,53.20779],[-3.07103,53.20705],[-3.07173,53.20708],[-3.07191,53.20678],[-3.07539,53.20682],[-3.07558,53.20633],[-3.07619,53.20676],[-3.07559,53.20793],[-3.08214,53.20676],[-3.08416,53.20543],[-3.07847,53.2037],[-3.07785,53.20359],[-3.07711,53.20391],[-3.07465,53.20357],[-3.07428,53.2023],[-3.07552,53.20201],[-3.07571,53.20257],[-3.07635,53.20238],[-3.07564,53.20104],[-3.07588,53.20075],[-3.07778,53.20063],[-3.0788,53.20086],[-3.0813,53.20079],[-3.08136,53.20182],[-3.08223,53.20317],[-3.08418,53.20287],[-3.08594,53.20212],[-3.08681,53.2038],[-3.08716,53.20342],[-3.09059,53.20545],[-3.09007,53.20594],[-3.09242,53.2072],[-3.09119,53.20776],[-3.09224,53.20874],[-3.09263,53.20991],[-3.08994,53.21015],[-3.08679,53.2099],[-3.07322,53.2113],[-3.07274,53.21071],[-3.07178,53.2111],[-3.0719,53.21137],[-3.07144,53.2114],[-3.07069,53.21075]]]}},{"type":"Feature","properties":{"id":"W01000283","name":"W01000283","parent":"W06000005","type":"LSOA","pop":2372,"r":356,"ff":116,"ffd":4890.4,"ffs":0.3906,"g":56,"co":0,"mo":1,"sa":0,"ic":0},"geometry":{"type":"MultiPolygon","coordinates":[[[[-3.04499,53.21447],[-3.04364,53.21461],[-3.04575,53.2134],[-3.04662,53.21243],[-3.04756,53.21221],[-3.04743,53.21179],[-3.04911,53.2112],[-3.04897,53.21078],[-3.05031,53.21084],[-3.0507,53.20992],[-3.05144,53.20987],[-3.05179,53.20944],[-3.0512,53.20933],[-3.05216,53.20893],[-3.05253,53.20821],[-3.05393,53.20837],[-3.05492,53.20819],[-3.05539,53.209],[-3.05715,53.20895],[-3.05904,53.20972],[-3.05939,53.21003],[-3.05964,53.21123],[-3.06189,53.21312],[-3.05937,53.21395],[-3.05673,53.21375],[-3.05503,53.21436],[-3.05061,53.21655],[-3.05096,53.21673],[-3.05029,53.21742],[-3.04878,53.22085],[-3.04451,53.22016],[-3.0463,53.21708],[-3.04668,53.21582],[-3.0453,53.21507],[-3.04499,53.21447]]],[[[-3.01778,53.24206],[-3.02028,53.23824],[-3.02296,53.23878],[-3.02534,53.23375],[-3.0306,53.23403],[-3.02952,53.23146],[-3.04077,53.22051],[-3.04341,53.22139],[-3.04822,53.22211],[-3.03606,53.25181],[-3.02587,53.24844],[-3.01645,53.24408],[-3.01778,53.24206]]]]}},{"type":"Feature","properties":{"id":"W01000284","name":"W01000284","parent":"W06000005","type":"LSOA","pop":1724,"r":103,"ff":28,"ffd":1624.1,"ffs":0.4308,"g":38,"co":0,"mo":0,"sa":0,"ic":0},"geometry":{"type":"Polygon","coordinates":[[[-3.05088,53.18557],[-3.05145,53.1844],[-3.05109,53.18391],[-3.04998,53.1841],[-3.04723,53.18325],[-3.0468,53.18444],[-3.04392,53.1848],[-3.04162,53.18183],[-3.04451,53.17913],[-3.04876,53.18159],[-3.05049,53.18205],[-3.05044,53.1823],[-3.05146,53.1827],[-3.0516,53.18233],[-3.05282,53.18236],[-3.05376,53.18107],[-3.05444,53.1812],[-3.05404,53.18053],[-3.05466,53.17981],[-3.05417,53.17918],[-3.05341,53.17913],[-3.04796,53.17679],[-3.04839,53.17621],[-3.0475,53.17498],[-3.04765,53.17368],[-3.05004,53.17203],[-3.05163,53.17334],[-3.05333,53.17323],[-3.05631,53.17468],[-3.05557,53.17521],[-3.05496,53.17859],[-3.05832,53.17911],[-3.05874,53.17879],[-3.05951,53.17957],[-3.05923,53.17965],[-3.06106,53.18181],[-3.0592,53.1819],[-3.05897,53.18229],[-3.05966,53.18257],[-3.0596,53.18328],[-3.05932,53.18348],[-3.05902,53.18324],[-3.05886,53.18371],[-3.06007,53.18445],[-3.05874,53.1849],[-3.05876,53.18537],[-3.05719,53.18571],[-3.05466,53.18525],[-3.0525,53.18553],[-3.0511,53.18609],[-3.05038,53.18705],[-3.04954,53.18708],[-3.05032,53.18615],[-3.05013,53.18566],[-3.05088,53.18557]]]}},{"type":"Feature","properties":{"id":"W01000285","name":"W01000285","parent":"W06000005","type":"LSOA","pop":1547,"r":102,"ff":27,"ffd":1745.3,"ffs":0.4219,"g":38,"co":0,"mo":0,"sa":0,"ic":0},"geometry":{"type":"Polygon","coordinates":[[[-3.0535,53.19215],[-3.05156,53.19111],[-3.04991,53.19113],[-3.04195,53.18898],[-3.03558,53.18674],[-3.03172,53.18581],[-3.03406,53.17934],[-3.03634,53.1745],[-3.03971,53.17123],[-3.04384,53.16859],[-3.04866,53.1668],[-3.04954,53.1672],[-3.05076,53.16711],[-3.05078,53.1675],[-3.05067,53.16822],[-3.04847,53.16902],[-3.04664,53.17084],[-3.05004,53.17203],[-3.04765,53.17368],[-3.0475,53.17498],[-3.04839,53.17621],[-3.04796,53.17679],[-3.05341,53.17913],[-3.05417,53.17918],[-3.05466,53.17981],[-3.05404,53.18053],[-3.05444,53.1812],[-3.05376,53.18107],[-3.05282,53.18236],[-3.0516,53.18233],[-3.05146,53.1827],[-3.05044,53.1823],[-3.05049,53.18205],[-3.04876,53.18159],[-3.04451,53.17913],[-3.04162,53.18183],[-3.04392,53.1848],[-3.0468,53.18444],[-3.04723,53.18325],[-3.04998,53.1841],[-3.05109,53.18391],[-3.05145,53.1844],[-3.05088,53.18557],[-3.05013,53.18566],[-3.05032,53.18615],[-3.04932,53.18744],[-3.04924,53.18832],[-3.04991,53.1887],[-3.0514,53.18859],[-3.05277,53.18807],[-3.05417,53.18807],[-3.05245,53.18974],[-3.05394,53.18953],[-3.05536,53.19025],[-3.05336,53.19145],[-3.0535,53.19215]]]}},{"type":"Feature","properties":{"id":"W01000286","name":"W01000286","parent":"W06000005","type":"LSOA","pop":2122,"r":111,"ff":30,"ffd":1413.8,"ffs":0.4225,"g":40,"co":0,"mo":0,"sa":0,"ic":0},"geometry":{"type":"Polygon","coordinates":[[[-3.05536,53.19025],[-3.05394,53.18953],[-3.05245,53.18974],[-3.05417,53.18807],[-3.05277,53.18807],[-3.0514,53.18859],[-3.04991,53.1887],[-3.04924,53.18832],[-3.04932,53.18744],[-3.04954,53.18708],[-3.05038,53.18705],[-3.0511,53.18609],[-3.0525,53.18553],[-3.05466,53.18525],[-3.05719,53.18571],[-3.05876,53.18537],[-3.05874,53.1849],[-3.06007,53.18445],[-3.05886,53.18371],[-3.05902,53.18324],[-3.05932,53.18348],[-3.0596,53.18328],[-3.05966,53.18257],[-3.05897,53.18229],[-3.0592,53.1819],[-3.06106,53.18181],[-3.05923,53.17965],[-3.06076,53.17908],[-3.06265,53.17979],[-3.06384,53.17964],[-3.0652,53.17886],[-3.06751,53.17842],[-3.06846,53.17957],[-3.06967,53.18021],[-3.07264,53.18109],[-3.07293,53.18082],[-3.07705,53.18144],[-3.07976,53.18385],[-3.08106,53.18655],[-3.08141,53.19136],[-3.08199,53.19246],[-3.08627,53.19558],[-3.08575,53.19602],[-3.08477,53.19603],[-3.08444,53.19644],[-3.08239,53.19696],[-3.082,53.1982],[-3.0809,53.19847],[-3.08104,53.19898],[-3.079,53.199],[-3.07903,53.20003],[-3.07537,53.19923],[-3.06792,53.19685],[-3.06426,53.19657],[-3.05865,53.19476],[-3.05468,53.1925],[-3.0535,53.19215],[-3.05336,53.19145],[-3.05536,53.19025]]]}},{"type":"Feature","properties":{"id":"W01000287","name":"W01000287","parent":"W06000005","type":"LSOA","pop":1899,"r":20,"ff":3,"ffd":158.0,"ffs":0.375,"g":12,"co":2,"mo":3,"sa":3,"ic":0},"geometry":{"type":"Polygon","coordinates":[[[-3.30821,53.35409],[-3.30737,53.3509],[-3.30798,53.35007],[-3.30943,53.34988],[-3.30894,53.34934],[-3.31029,53.34968],[-3.3105,53.35052],[-3.30995,53.35153],[-3.30913,53.35181],[-3.30913,53.35224],[-3.31057,53.3536],[-3.31129,53.35379],[-3.31048,53.35349],[-3.31016,53.35275],[-3.30915,53.35204],[-3.30988,53.35163],[-3.30962,53.35213],[-3.3101,53.35239],[-3.30965,53.35207],[-3.30996,53.3516],[-3.31087,53.35176],[-3.31,53.35159],[-3.31083,53.35007],[-3.31073,53.34955],[-3.30975,53.34898],[-3.30995,53.34728],[-3.3104,53.34705],[-3.30987,53.34708],[-3.31006,53.34643],[-3.31093,53.34595],[-3.31139,53.34595],[-3.31248,53.34648],[-3.31149,53.34589],[-3.31094,53.3459],[-3.31019,53.34632],[-3.30994,53.34621],[-3.30964,53.34407],[-3.30913,53.34375],[-3.30977,53.34296],[-3.31245,53.34232],[-3.30972,53.34289],[-3.30807,53.34358],[-3.30512,53.34029],[-3.30448,53.33738],[-3.30377,53.33621],[-3.30154,53.33523],[-3.2998,53.33306],[-3.29833,53.33208],[-3.29148,53.32854],[-3.28905,53.32825],[-3.2881,53.32739],[-3.28994,53.32609],[-3.29099,53.32612],[-3.29149,53.32446],[-3.29307,53.3234],[-3.29378,53.32372],[-3.29419,53.32339],[-3.29511,53.32318],[-3.29542,53.32351],[-3.29579,53.32326],[-3.29766,53.32332],[-3.29856,53.32378],[-3.29936,53.32361],[-3.29951,53.32284],[-3.30286,53.32239],[-3.30463,53.32139],[-3.30788,53.32122],[-3.31143,53.32178],[-3.31253,53.32158],[-3.31706,53.32254],[-3.3178,53.32229],[-3.3199,53.3224],[-3.32286,53.32295],[-3.3227,53.32362],[-3.32193,53.32396],[-3.32883,53.32608],[-3.32878,53.32534],[-3.33037,53.32524],[-3.33261,53.32581],[-3.3328,53.32501],[-3.33729,53.32652],[-3.33734,53.32742],[-3.33647,53.32922],[-3.33331,53.32814],[-3.33039,53.32831],[-3.32705,53.32803],[-3.3268,53.32839],[-3.32521,53.32933],[-3.32499,53.32985],[-3.3265,53.33129],[-3.32949,53.33295],[-3.33002,53.33363],[-3.3276,53.33331],[-3.32327,53.33351],[-3.32161,53.33513],[-3.32841,53.33704],[-3.33104,53.33835],[-3.33205,53.3383],[-3.33253,53.33886],[-3.33352,53.33822],[-3.33385,53.33883],[-3.33447,53.33867],[-3.33438,53.33942],[-3.33557,53.34026],[-3.33627,53.34019],[-3.33622,53.34082],[-3.33701,53.34101],[-3.33669,53.34166],[-3.33882,53.34208],[-3.34946,53.3413],[-3.34982,53.34334],[-3.34922,53.34395],[-3.34959,53.34469],[-3.34863,53.34629],[-3.35094,53.34678],[-3.35092,53.34711],[-3.36067,53.34658],[-3.3642,53.35352],[-3.36328,53.35386],[-3.36111,53.35386],[-3.35706,53.35318],[-3.35447,53.35315],[-3.33333,53.35593],[-3.32334,53.35644],[-3.31996,53.35641],[-3.31863,53.35604],[-3.31394,53.35582],[-3.3096,53.35477],[-3.30821,53.35409]]]}},{"type":"Feature","properties":{"id":"W01000288","name":"W01000288","parent":"W06000005","type":"LSOA","pop":2177,"r":77,"ff":17,"ffd":780.9,"ffs":0.3696,"g":31,"co":2,"mo":0,"sa":0,"ic":0},"geometry":{"type":"MultiPolygon","coordinates":[[[[-3.12983,53.25371],[-3.12691,53.25139],[-3.12726,53.25119],[-3.12684,53.25129],[-3.12613,53.25074],[-3.12496,53.25032],[-3.12592,53.25068],[-3.1258,53.251],[-3.12616,53.25084],[-3.12714,53.25165],[-3.1268,53.25177],[-3.12724,53.25172],[-3.12744,53.25226],[-3.12894,53.25327],[-3.12311,53.2504],[-3.1234,53.24989],[-3.12337,53.24959],[-3.12328,53.24971],[-3.12268,53.24918],[-3.12241,53.24929],[-3.12337,53.24982],[-3.12289,53.25029],[-3.12043,53.24932],[-3.12537,53.24639],[-3.1259,53.24664],[-3.12649,53.24612],[-3.12703,53.24632],[-3.12934,53.24451],[-3.12918,53.2441],[-3.12982,53.24407],[-3.13103,53.24318],[-3.13251,53.24387],[-3.13455,53.24287],[-3.13552,53.24314],[-3.13513,53.24499],[-3.13547,53.24529],[-3.13592,53.24496],[-3.13613,53.24568],[-3.13671,53.24538],[-3.13799,53.24555],[-3.13756,53.24738],[-3.13676,53.24818],[-3.13372,53.24977],[-3.13403,53.25002],[-3.13352,53.25037],[-3.13911,53.25325],[-3.13798,53.25383],[-3.13634,53.25384],[-3.13554,53.25347],[-3.13174,53.25669],[-3.13011,53.25564],[-3.12983,53.25371]]],[[[-3.10562,53.25846],[-3.10834,53.25678],[-3.10869,53.25721],[-3.10824,53.25731],[-3.10889,53.25722],[-3.10928,53.25789],[-3.10801,53.25792],[-3.10819,53.25813],[-3.1073,53.25826],[-3.10674,53.25791],[-3.10728,53.25834],[-3.10658,53.25828],[-3.10655,53.25857],[-3.10586,53.25833],[-3.10603,53.25862],[-3.10562,53.25846]]],[[[-3.10517,53.25874],[-3.10552,53.25853],[-3.10578,53.25873],[-3.10519,53.25874],[-3.10517,53.25874]]],[[[-3.09835,53.26442],[-3.09736,53.26357],[-3.10242,53.26044],[-3.10414,53.26047],[-3.10392,53.26094],[-3.10132,53.26113],[-3.10385,53.26103],[-3.10402,53.26093],[-3.10427,53.26054],[-3.10641,53.26021],[-3.10734,53.26071],[-3.10755,53.26123],[-3.10325,53.26243],[-3.10224,53.26223],[-3.10118,53.26132],[-3.10105,53.2613],[-3.10091,53.26143],[-3.10165,53.26296],[-3.10149,53.26218],[-3.10251,53.26278],[-3.10107,53.26135],[-3.10207,53.26223],[-3.10325,53.26254],[-3.10491,53.26212],[-3.10538,53.26214],[-3.10539,53.26255],[-3.10607,53.26189],[-3.10643,53.2623],[-3.10705,53.26241],[-3.10708,53.26284],[-3.10558,53.26391],[-3.10712,53.26291],[-3.10714,53.26241],[-3.10644,53.26224],[-3.10613,53.26175],[-3.10669,53.2616],[-3.11082,53.26235],[-3.10985,53.26259],[-3.10961,53.26294],[-3.10902,53.26274],[-3.10892,53.26277],[-3.10864,53.26295],[-3.10914,53.26279],[-3.10917,53.26311],[-3.10876,53.26315],[-3.10812,53.2635],[-3.10924,53.26311],[-3.10933,53.26289],[-3.11002,53.26319],[-3.10908,53.26344],[-3.11013,53.26318],[-3.10979,53.26296],[-3.11007,53.26261],[-3.11148,53.26258],[-3.11075,53.26275],[-3.11022,53.26326],[-3.11055,53.26324],[-3.11083,53.26275],[-3.11127,53.26273],[-3.11157,53.26251],[-3.11226,53.26267],[-3.11237,53.26323],[-3.11125,53.26373],[-3.1125,53.26326],[-3.11237,53.26286],[-3.11289,53.26395],[-3.11286,53.26417],[-3.11235,53.26411],[-3.11181,53.26434],[-3.11242,53.26413],[-3.11276,53.26425],[-3.1127,53.26471],[-3.1123,53.26511],[-3.11244,53.26488],[-3.11236,53.26473],[-3.11195,53.26451],[-3.11234,53.26474],[-3.11237,53.26495],[-3.111,53.26584],[-3.11065,53.26583],[-3.11065,53.26557],[-3.11098,53.2655],[-3.11168,53.26509],[-3.11158,53.26476],[-3.10953,53.26487],[-3.11153,53.26478],[-3.11158,53.26512],[-3.10892,53.26511],[-3.11132,53.26515],[-3.1106,53.26548],[-3.11047,53.26592],[-3.10764,53.26543],[-3.1071,53.26488],[-3.10525,53.26439],[-3.10672,53.26478],[-3.10747,53.26534],[-3.10644,53.26528],[-3.10705,53.26544],[-3.10605,53.26567],[-3.10569,53.26621],[-3.10476,53.2654],[-3.10414,53.26527],[-3.10278,53.26385],[-3.10409,53.26531],[-3.10493,53.26563],[-3.10522,53.26607],[-3.10282,53.26641],[-3.10247,53.26698],[-3.1017,53.26721],[-3.09835,53.26442]]],[[[-3.10722,53.27196],[-3.10269,53.26811],[-3.10173,53.26724],[-3.10246,53.26703],[-3.10279,53.26647],[-3.1048,53.26633],[-3.10442,53.26658],[-3.10505,53.26622],[-3.10593,53.26633],[-3.10667,53.26568],[-3.10706,53.26638],[-3.10651,53.26646],[-3.10569,53.26737],[-3.10657,53.26649],[-3.10711,53.26642],[-3.10697,53.26563],[-3.10815,53.26615],[-3.10752,53.2665],[-3.10843,53.26607],[-3.10891,53.26611],[-3.10896,53.26627],[-3.10811,53.26633],[-3.10793,53.26646],[-3.10871,53.26669],[-3.10851,53.26697],[-3.10772,53.26685],[-3.10833,53.26699],[-3.10847,53.267],[-3.10867,53.26693],[-3.10875,53.26666],[-3.10807,53.26641],[-3.10894,53.26634],[-3.10907,53.26616],[-3.10734,53.26563],[-3.11021,53.26619],[-3.10977,53.26688],[-3.11002,53.26736],[-3.10871,53.26739],[-3.10825,53.26769],[-3.10802,53.26806],[-3.10746,53.26785],[-3.10684,53.26778],[-3.10633,53.26794],[-3.10743,53.26788],[-3.10794,53.2681],[-3.10803,53.26834],[-3.10786,53.26862],[-3.10688,53.26861],[-3.10643,53.26892],[-3.10691,53.26864],[-3.10781,53.26869],[-3.10793,53.2686],[-3.10843,53.26766],[-3.10876,53.26746],[-3.11021,53.26738],[-3.11017,53.26648],[-3.11134,53.26636],[-3.11065,53.26762],[-3.11061,53.26881],[-3.11026,53.26877],[-3.10869,53.26904],[-3.11029,53.26883],[-3.10997,53.26947],[-3.10731,53.26987],[-3.10935,53.26969],[-3.10842,53.27033],[-3.10833,53.27172],[-3.10766,53.27214],[-3.10722,53.27196]]]]}},{"type":"Feature","properties":{"id":"W01000289","name":"W01000289","parent":"W06000005","type":"LSOA","pop":1299,"r":66,"ff":15,"ffd":1154.7,"ffs":0.4167,"g":30,"co":2,"mo":0,"sa":0,"ic":0},"geometry":{"type":"Polygon","coordinates":[[[-3.13506,53.25802],[-3.13352,53.25799],[-3.13265,53.25835],[-3.13158,53.25797],[-3.13554,53.25347],[-3.13634,53.25384],[-3.13798,53.25383],[-3.13911,53.25325],[-3.13963,53.25353],[-3.14001,53.25317],[-3.1449,53.25559],[-3.14751,53.2531],[-3.14425,53.25073],[-3.14253,53.25026],[-3.14208,53.25039],[-3.14134,53.24988],[-3.14461,53.24889],[-3.14369,53.24756],[-3.14473,53.24623],[-3.14433,53.24606],[-3.14467,53.24589],[-3.1442,53.2456],[-3.14457,53.24535],[-3.14427,53.24513],[-3.14657,53.2451],[-3.14653,53.24469],[-3.14751,53.24528],[-3.1484,53.24515],[-3.14831,53.24427],[-3.14507,53.24355],[-3.14535,53.2434],[-3.14484,53.24297],[-3.14559,53.24279],[-3.14557,53.24234],[-3.1465,53.24221],[-3.14629,53.24169],[-3.14726,53.24152],[-3.14772,53.24221],[-3.14856,53.24206],[-3.14845,53.24247],[-3.14932,53.24235],[-3.14889,53.24175],[-3.14931,53.2413],[-3.15007,53.24126],[-3.1497,53.24078],[-3.14915,53.24094],[-3.14884,53.24061],[-3.15106,53.23952],[-3.15286,53.23782],[-3.15556,53.23629],[-3.15715,53.23728],[-3.15592,53.23861],[-3.15634,53.23916],[-3.15824,53.23988],[-3.16053,53.24222],[-3.16322,53.241],[-3.16186,53.2402],[-3.16272,53.23937],[-3.16292,53.23809],[-3.16182,53.23758],[-3.16039,53.23618],[-3.16342,53.23469],[-3.16309,53.23434],[-3.1616,53.23395],[-3.16144,53.23334],[-3.16281,53.23355],[-3.16429,53.23428],[-3.16497,53.23565],[-3.16608,53.23617],[-3.16669,53.23724],[-3.16933,53.23871],[-3.17157,53.23904],[-3.17292,53.2398],[-3.1746,53.2401],[-3.17646,53.24099],[-3.17726,53.24165],[-3.17723,53.24406],[-3.17481,53.24461],[-3.174,53.24562],[-3.17213,53.24701],[-3.16753,53.24847],[-3.16392,53.25019],[-3.16213,53.25219],[-3.15975,53.25294],[-3.15953,53.2534],[-3.16072,53.25418],[-3.16044,53.25447],[-3.1616,53.25506],[-3.16017,53.25577],[-3.15901,53.25597],[-3.15679,53.25722],[-3.15336,53.2573],[-3.15127,53.2587],[-3.1497,53.25798],[-3.14848,53.25865],[-3.14608,53.25732],[-3.14277,53.25929],[-3.13841,53.25851],[-3.13603,53.25852],[-3.13506,53.25802]]]}},{"type":"Feature","properties":{"id":"W01000290","name":"W01000290","parent":"W06000005","type":"LSOA","pop":1238,"r":74,"ff":15,"ffd":1211.6,"ffs":0.3488,"g":31,"co":2,"mo":0,"sa":0,"ic":0},"geometry":{"type":"Polygon","coordinates":[[[-3.1449,53.25559],[-3.14001,53.25317],[-3.13963,53.25353],[-3.13352,53.25037],[-3.13403,53.25002],[-3.13372,53.24977],[-3.13676,53.24818],[-3.13756,53.24738],[-3.13806,53.24506],[-3.13908,53.24556],[-3.13956,53.2449],[-3.13896,53.24168],[-3.13958,53.24143],[-3.14025,53.24156],[-3.14043,53.24114],[-3.14107,53.24123],[-3.14113,53.24244],[-3.14211,53.24229],[-3.14261,53.24248],[-3.14278,53.24293],[-3.14441,53.2431],[-3.14488,53.2441],[-3.14455,53.24468],[-3.14505,53.24493],[-3.14616,53.24449],[-3.14653,53.24469],[-3.14657,53.2451],[-3.14427,53.24513],[-3.14457,53.24535],[-3.1442,53.2456],[-3.14467,53.24589],[-3.14433,53.24606],[-3.14473,53.24623],[-3.14369,53.24756],[-3.14461,53.24889],[-3.14134,53.24988],[-3.14208,53.25039],[-3.14253,53.25026],[-3.14425,53.25073],[-3.14751,53.2531],[-3.1449,53.25559]]]}},{"type":"Feature","properties":{"id":"W01000291","name":"W01000291","parent":"W06000005","type":"LSOA","pop":1349,"r":69,"ff":15,"ffd":1111.9,"ffs":0.3846,"g":30,"co":2,"mo":0,"sa":0,"ic":0},"geometry":{"type":"Polygon","coordinates":[[[-3.14653,53.24469],[-3.14616,53.24449],[-3.14505,53.24493],[-3.14455,53.24468],[-3.14488,53.2441],[-3.14441,53.2431],[-3.14278,53.24293],[-3.14261,53.24248],[-3.14211,53.24229],[-3.14113,53.24244],[-3.14107,53.24123],[-3.14043,53.24114],[-3.14025,53.24156],[-3.13958,53.24143],[-3.13896,53.24168],[-3.13857,53.2412],[-3.13927,53.23811],[-3.13875,53.23801],[-3.13952,53.23706],[-3.14297,53.23815],[-3.14278,53.23772],[-3.14479,53.23702],[-3.1448,53.23579],[-3.14583,53.23517],[-3.14685,53.2351],[-3.1469,53.2344],[-3.14776,53.23419],[-3.14789,53.23358],[-3.14853,53.23341],[-3.14854,53.23277],[-3.14942,53.23237],[-3.15059,53.23225],[-3.15116,53.23128],[-3.15342,53.23075],[-3.15521,53.23125],[-3.15574,53.23218],[-3.15892,53.23196],[-3.16015,53.2323],[-3.16144,53.23334],[-3.1616,53.23395],[-3.16309,53.23434],[-3.16342,53.23469],[-3.16039,53.23618],[-3.16182,53.23758],[-3.16292,53.23809],[-3.16272,53.23937],[-3.16186,53.2402],[-3.16322,53.241],[-3.16053,53.24222],[-3.15824,53.23988],[-3.15634,53.23916],[-3.15592,53.23861],[-3.15715,53.23728],[-3.15556,53.23629],[-3.15286,53.23782],[-3.15106,53.23952],[-3.14884,53.24061],[-3.14915,53.24094],[-3.1497,53.24078],[-3.15007,53.24126],[-3.14931,53.2413],[-3.14889,53.24175],[-3.14932,53.24235],[-3.14845,53.24247],[-3.14856,53.24206],[-3.14772,53.24221],[-3.14726,53.24152],[-3.14629,53.24169],[-3.1465,53.24221],[-3.14557,53.24234],[-3.14559,53.24279],[-3.14484,53.24297],[-3.14535,53.2434],[-3.14507,53.24355],[-3.14831,53.24427],[-3.1484,53.24515],[-3.14751,53.24528],[-3.14653,53.24469]]]}},{"type":"Feature","properties":{"id":"W01000292","name":"W01000292","parent":"W06000005","type":"LSOA","pop":1467,"r":79,"ff":17,"ffd":1158.8,"ffs":0.3617,"g":32,"co":2,"mo":0,"sa":0,"ic":0},"geometry":{"type":"Polygon","coordinates":[[[-3.12488,53.24555],[-3.12442,53.245],[-3.12399,53.24509],[-3.12405,53.24475],[-3.1223,53.24383],[-3.12203,53.24278],[-3.12105,53.24276],[-3.12008,53.24235],[-3.11985,53.24199],[-3.12088,53.24176],[-3.12211,53.24029],[-3.12347,53.24114],[-3.12425,53.24084],[-3.12471,53.24188],[-3.12513,53.24182],[-3.12525,53.24222],[-3.1267,53.24216],[-3.12747,53.24158],[-3.13103,53.24318],[-3.12982,53.24407],[-3.12844,53.24413],[-3.12671,53.24499],[-3.12644,53.24612],[-3.12488,53.24555]]]}},{"type":"Feature","properties":{"id":"W01000293","name":"W01000293","parent":"W06000005","type":"LSOA","pop":3146,"r":79,"ff":16,"ffd":508.6,"ffs":0.3404,"g":32,"co":2,"mo":0,"sa":0,"ic":0},"geometry":{"type":"MultiPolygon","coordinates":[[[[-3.08619,53.24564],[-3.07916,53.24485],[-3.07966,53.24448],[-3.07918,53.24416],[-3.07915,53.24344],[-3.07764,53.24287],[-3.07909,53.24345],[-3.07909,53.2442],[-3.07956,53.24448],[-3.07883,53.24425],[-3.07869,53.24481],[-3.07682,53.24377],[-3.07677,53.24307],[-3.07659,53.24367],[-3.07627,53.24337],[-3.08333,53.239],[-3.09464,53.2449],[-3.09277,53.24484],[-3.09311,53.24446],[-3.092,53.24403],[-3.09306,53.24447],[-3.09256,53.24486],[-3.08948,53.24502],[-3.08978,53.24453],[-3.08902,53.24436],[-3.09013,53.24406],[-3.08967,53.24284],[-3.08493,53.24023],[-3.08507,53.24042],[-3.0843,53.24049],[-3.08549,53.24057],[-3.08958,53.24287],[-3.08994,53.244],[-3.08915,53.24416],[-3.08882,53.24446],[-3.08932,53.24474],[-3.08771,53.24496],[-3.08596,53.24456],[-3.08556,53.24471],[-3.08561,53.24435],[-3.08541,53.24472],[-3.08466,53.24468],[-3.08453,53.24316],[-3.0861,53.24291],[-3.08191,53.24323],[-3.08158,53.24301],[-3.08282,53.24281],[-3.08141,53.24297],[-3.08096,53.24261],[-3.08,53.24277],[-3.08148,53.24305],[-3.08188,53.24329],[-3.08244,53.24327],[-3.08184,53.24358],[-3.0826,53.24324],[-3.08438,53.2432],[-3.08425,53.24467],[-3.08238,53.24469],[-3.0844,53.24474],[-3.08533,53.24527],[-3.08497,53.24477],[-3.08686,53.24504],[-3.08619,53.24564]]],[[[-3.12048,53.24926],[-3.12085,53.2489],[-3.12011,53.24918],[-3.11351,53.24738],[-3.11317,53.24711],[-3.11436,53.24713],[-3.11959,53.24823],[-3.11426,53.24699],[-3.11262,53.24701],[-3.11267,53.2468],[-3.11301,53.24683],[-3.11307,53.24655],[-3.11302,53.24634],[-3.11408,53.24593],[-3.11291,53.24633],[-3.11298,53.24682],[-3.11264,53.24676],[-3.11248,53.24691],[-3.10845,53.24443],[-3.10838,53.24396],[-3.10937,53.24351],[-3.11179,53.24428],[-3.11189,53.24434],[-3.11154,53.24477],[-3.11155,53.24484],[-3.1116,53.24487],[-3.11231,53.24497],[-3.1129,53.24491],[-3.11336,53.24476],[-3.11354,53.24448],[-3.11343,53.24376],[-3.11346,53.2446],[-3.11331,53.24476],[-3.11236,53.24495],[-3.11158,53.24484],[-3.11193,53.24433],[-3.10957,53.24331],[-3.11101,53.24263],[-3.11262,53.24286],[-3.11144,53.2424],[-3.1082,53.24388],[-3.10743,53.24331],[-3.10831,53.24253],[-3.10788,53.24251],[-3.108,53.24214],[-3.10673,53.24079],[-3.1072,53.24062],[-3.10735,53.24082],[-3.1076,53.24092],[-3.10883,53.24105],[-3.10737,53.2408],[-3.10732,53.24054],[-3.10895,53.24092],[-3.10458,53.23966],[-3.10719,53.24047],[-3.10671,53.24069],[-3.10665,53.24085],[-3.10766,53.242],[-3.10763,53.24292],[-3.10698,53.2431],[-3.10499,53.24262],[-3.1052,53.24246],[-3.10492,53.24263],[-3.10686,53.2431],[-3.10804,53.24393],[-3.108,53.2444],[-3.10727,53.24422],[-3.10714,53.24514],[-3.10396,53.24378],[-3.10194,53.24228],[-3.10198,53.24205],[-3.10305,53.24209],[-3.10397,53.24238],[-3.10403,53.24272],[-3.104,53.24234],[-3.10236,53.24187],[-3.10383,53.24109],[-3.10198,53.24195],[-3.1022,53.24108],[-3.10165,53.24168],[-3.10112,53.24119],[-3.09973,53.24061],[-3.0999,53.24043],[-3.0981,53.24018],[-3.09831,53.23984],[-3.09789,53.2395],[-3.09426,53.23837],[-3.09795,53.23956],[-3.0981,53.24024],[-3.09907,53.24043],[-3.09872,53.2406],[-3.09856,53.24083],[-3.09867,53.2411],[-3.09883,53.24119],[-3.09938,53.24135],[-3.09863,53.24094],[-3.09886,53.24055],[-3.09913,53.24048],[-3.09941,53.24084],[-3.10029,53.24089],[-3.09977,53.24103],[-3.10006,53.24117],[-3.1004,53.24095],[-3.10089,53.24121],[-3.10058,53.24137],[-3.10114,53.24152],[-3.09998,53.24151],[-3.10156,53.24182],[-3.10137,53.24219],[-3.10047,53.2418],[-3.10142,53.24277],[-3.09932,53.24214],[-3.09621,53.23963],[-3.0896,53.2378],[-3.08983,53.23749],[-3.0919,53.23807],[-3.0937,53.23796],[-3.09189,53.23798],[-3.09027,53.2375],[-3.08875,53.23608],[-3.08936,53.23693],[-3.08804,53.23671],[-3.08967,53.23726],[-3.08915,53.23773],[-3.08654,53.23702],[-3.09184,53.2338],[-3.09344,53.23232],[-3.0978,53.22437],[-3.09769,53.22398],[-3.09977,53.22182],[-3.10077,53.22144],[-3.10085,53.2189],[-3.10172,53.21662],[-3.10233,53.21709],[-3.10303,53.21701],[-3.10383,53.21739],[-3.10585,53.21741],[-3.1063,53.21553],[-3.10729,53.21549],[-3.10835,53.21459],[-3.10978,53.214],[-3.11044,53.21396],[-3.11028,53.21465],[-3.11065,53.21463],[-3.11179,53.2132],[-3.11339,53.21298],[-3.11443,53.2132],[-3.11664,53.21553],[-3.11852,53.21674],[-3.12275,53.22181],[-3.12555,53.22324],[-3.12457,53.22493],[-3.12238,53.22577],[-3.12118,53.22793],[-3.12125,53.22908],[-3.1193,53.23039],[-3.11922,53.23161],[-3.12308,53.23406],[-3.1268,53.23779],[-3.12636,53.23812],[-3.12677,53.23833],[-3.12715,53.23808],[-3.12761,53.23852],[-3.12677,53.2391],[-3.12709,53.23924],[-3.12787,53.23874],[-3.13142,53.24105],[-3.13066,53.24182],[-3.13145,53.24256],[-3.13069,53.24292],[-3.12747,53.24158],[-3.1267,53.24216],[-3.12525,53.24222],[-3.12513,53.24182],[-3.12471,53.24188],[-3.12425,53.24084],[-3.12347,53.24114],[-3.12211,53.24029],[-3.12088,53.24176],[-3.11985,53.24199],[-3.12008,53.24235],[-3.12105,53.24276],[-3.12203,53.24278],[-3.1223,53.24383],[-3.12405,53.24475],[-3.12399,53.24509],[-3.12442,53.245],[-3.12488,53.24555],[-3.12644,53.24612],[-3.12671,53.24499],[-3.12844,53.24413],[-3.12916,53.24408],[-3.12934,53.24451],[-3.12703,53.24632],[-3.12649,53.24612],[-3.1259,53.24664],[-3.12537,53.24639],[-3.12048,53.24926]]],[[[-3.09041,53.25891],[-3.08596,53.25677],[-3.08954,53.25694],[-3.09058,53.25584],[-3.09075,53.25659],[-3.0895,53.25724],[-3.0908,53.25661],[-3.09078,53.25562],[-3.09163,53.25556],[-3.09256,53.256],[-3.09476,53.25538],[-3.09638,53.25699],[-3.09586,53.2572],[-3.09469,53.2569],[-3.09376,53.25806],[-3.09325,53.25791],[-3.09148,53.25837],[-3.09329,53.25805],[-3.09336,53.25833],[-3.09305,53.25908],[-3.09142,53.25951],[-3.09041,53.25891]]],[[[-3.10036,53.25954],[-3.09874,53.25823],[-3.09986,53.25835],[-3.09883,53.25819],[-3.1001,53.25796],[-3.09885,53.25797],[-3.09937,53.25738],[-3.09903,53.2569],[-3.09932,53.25735],[-3.09869,53.25814],[-3.09817,53.25798],[-3.09557,53.25547],[-3.09455,53.25507],[-3.09514,53.2549],[-3.09485,53.25477],[-3.09331,53.25481],[-3.09322,53.25501],[-3.09494,53.25491],[-3.09272,53.25551],[-3.09037,53.25493],[-3.08848,53.25495],[-3.0902,53.25497],[-3.09103,53.25531],[-3.08987,53.25593],[-3.08949,53.25673],[-3.08557,53.25664],[-3.08264,53.25558],[-3.08177,53.25437],[-3.08268,53.25398],[-3.08169,53.25436],[-3.08251,53.25558],[-3.08124,53.25514],[-3.07226,53.25336],[-3.06112,53.25272],[-3.07056,53.24689],[-3.07166,53.24737],[-3.07061,53.24686],[-3.07484,53.24424],[-3.0755,53.24492],[-3.0751,53.24613],[-3.07555,53.24515],[-3.07608,53.24535],[-3.07541,53.24443],[-3.07891,53.24574],[-3.08801,53.24681],[-3.09241,53.247],[-3.09041,53.247],[-3.09058,53.24715],[-3.08861,53.24772],[-3.08706,53.24777],[-3.08561,53.2469],[-3.08666,53.24781],[-3.08541,53.24793],[-3.08496,53.24755],[-3.08529,53.2479],[-3.08466,53.24815],[-3.08246,53.24749],[-3.08162,53.2478],[-3.08125,53.24868],[-3.08169,53.24788],[-3.08237,53.24758],[-3.08408,53.248],[-3.08533,53.24912],[-3.0856,53.24993],[-3.08522,53.25036],[-3.086,53.25031],[-3.08499,53.24835],[-3.08527,53.24816],[-3.08737,53.24799],[-3.08728,53.24856],[-3.08757,53.24793],[-3.0909,53.24821],[-3.09041,53.24854],[-3.0894,53.24846],[-3.09042,53.24857],[-3.09072,53.2484],[-3.09003,53.24946],[-3.09115,53.24835],[-3.09213,53.24835],[-3.09199,53.24866],[-3.09237,53.24835],[-3.09216,53.24916],[-3.0926,53.2483],[-3.09327,53.24868],[-3.09322,53.24972],[-3.09371,53.25032],[-3.09286,53.25086],[-3.09312,53.25089],[-3.09308,53.25119],[-3.09241,53.2515],[-3.09239,53.25178],[-3.09246,53.25152],[-3.09312,53.25121],[-3.0938,53.25032],[-3.09333,53.24968],[-3.09345,53.24871],[-3.0928,53.24821],[-3.09297,53.24795],[-3.09397,53.24747],[-3.0955,53.24743],[-3.09508,53.24752],[-3.0947,53.24813],[-3.09515,53.24751],[-3.095,53.24812],[-3.09532,53.2485],[-3.09505,53.24808],[-3.09537,53.24756],[-3.09702,53.24778],[-3.10051,53.24986],[-3.09931,53.25067],[-3.09756,53.25082],[-3.09933,53.2507],[-3.10056,53.25003],[-3.10145,53.25094],[-3.10034,53.25093],[-3.10031,53.25145],[-3.09823,53.25119],[-3.09771,53.25142],[-3.0983,53.25122],[-3.09929,53.25134],[-3.09839,53.25146],[-3.09881,53.25156],[-3.10046,53.2515],[-3.10056,53.25102],[-3.10144,53.25124],[-3.10156,53.25172],[-3.10106,53.25193],[-3.10154,53.25187],[-3.10172,53.25238],[-3.10042,53.25212],[-3.09942,53.25232],[-3.10045,53.25214],[-3.10146,53.2524],[-3.10204,53.25299],[-3.10198,53.25392],[-3.10097,53.25329],[-3.09972,53.2532],[-3.10099,53.25333],[-3.10189,53.25397],[-3.10195,53.25446],[-3.09878,53.25397],[-3.10202,53.25457],[-3.10209,53.25564],[-3.09909,53.25558],[-3.09857,53.25532],[-3.0991,53.25563],[-3.10206,53.25591],[-3.10148,53.25717],[-3.10045,53.25786],[-3.10208,53.25703],[-3.10335,53.25692],[-3.10213,53.25696],[-3.10271,53.25507],[-3.10342,53.25491],[-3.10269,53.25485],[-3.10323,53.25418],[-3.10615,53.25594],[-3.10834,53.25678],[-3.10562,53.25846],[-3.10499,53.25811],[-3.10551,53.25804],[-3.10484,53.25804],[-3.10375,53.25747],[-3.10552,53.25853],[-3.10517,53.25874],[-3.10344,53.25888],[-3.10252,53.25864],[-3.10314,53.25897],[-3.10235,53.25973],[-3.10036,53.25954]]],[[[-3.09159,53.25963],[-3.09314,53.25922],[-3.0933,53.25956],[-3.09323,53.25928],[-3.09385,53.25946],[-3.09417,53.25992],[-3.09255,53.26017],[-3.09159,53.25963]]],[[[-3.09261,53.2602],[-3.09424,53.26],[-3.0941,53.25947],[-3.09336,53.25907],[-3.09457,53.25772],[-3.09546,53.25748],[-3.09683,53.25789],[-3.09817,53.25991],[-3.09718,53.25987],[-3.09572,53.26038],[-3.09441,53.26135],[-3.09261,53.2602]]],[[[-3.09585,53.26047],[-3.0972,53.26005],[-3.09782,53.26021],[-3.0975,53.26115],[-3.09628,53.26199],[-3.09546,53.26211],[-3.09451,53.26143],[-3.09585,53.26047]]],[[[-3.09685,53.26323],[-3.0955,53.26214],[-3.0964,53.26199],[-3.09667,53.26221],[-3.09661,53.26176],[-3.09808,53.26083],[-3.09923,53.26076],[-3.09894,53.26222],[-3.09861,53.26226],[-3.09894,53.26237],[-3.09943,53.26079],[-3.09814,53.26057],[-3.0988,53.26004],[-3.10242,53.26044],[-3.09736,53.26357],[-3.09685,53.26323]]]]}},{"type":"Feature","properties":{"id":"W01000294","name":"W01000294","parent":"W06000005","type":"LSOA","pop":1882,"r":84,"ff":19,"ffd":1009.6,"ffs":0.3654,"g":32,"co":2,"mo":0,"sa":0,"ic":0},"geometry":{"type":"Polygon","coordinates":[[[-3.13225,53.24166],[-3.13185,53.24114],[-3.13123,53.24138],[-3.13142,53.24105],[-3.12787,53.23874],[-3.12709,53.23924],[-3.12677,53.2391],[-3.12761,53.23852],[-3.12715,53.23808],[-3.12677,53.23833],[-3.12636,53.23812],[-3.1268,53.23779],[-3.12308,53.23406],[-3.11922,53.23161],[-3.1193,53.23039],[-3.12125,53.22908],[-3.12118,53.22793],[-3.12238,53.22577],[-3.12457,53.22493],[-3.12555,53.22324],[-3.12275,53.22181],[-3.12476,53.2213],[-3.12726,53.21969],[-3.13045,53.21877],[-3.13272,53.21731],[-3.13525,53.21708],[-3.13676,53.21728],[-3.14021,53.21707],[-3.14282,53.21793],[-3.14394,53.21866],[-3.14674,53.21901],[-3.14847,53.21968],[-3.15094,53.21953],[-3.15166,53.21987],[-3.15272,53.22188],[-3.15278,53.22297],[-3.15056,53.22463],[-3.14992,53.22581],[-3.14935,53.22592],[-3.14804,53.22877],[-3.14836,53.23151],[-3.14942,53.23237],[-3.14854,53.23277],[-3.14853,53.23341],[-3.14789,53.23358],[-3.14776,53.23419],[-3.1469,53.2344],[-3.14685,53.2351],[-3.14583,53.23517],[-3.1448,53.23579],[-3.14479,53.23702],[-3.14278,53.23772],[-3.14297,53.23815],[-3.13952,53.23706],[-3.13875,53.23801],[-3.13815,53.23798],[-3.1378,53.24031],[-3.13599,53.23976],[-3.13566,53.23997],[-3.13438,53.23962],[-3.13417,53.23991],[-3.13242,53.23923],[-3.13246,53.23879],[-3.13197,53.23899],[-3.13166,53.23958],[-3.12999,53.23914],[-3.1298,53.23802],[-3.13063,53.23778],[-3.12933,53.23722],[-3.12797,53.23715],[-3.12793,53.2375],[-3.12904,53.23796],[-3.12851,53.2387],[-3.12988,53.23949],[-3.12969,53.23979],[-3.1311,53.24062],[-3.13339,53.24132],[-3.1334,53.24152],[-3.13225,53.24166]]]}},{"type":"Feature","properties":{"id":"W01000295","name":"W01000295","parent":"W06000005","type":"LSOA","pop":1552,"r":82,"ff":18,"ffd":1159.8,"ffs":0.3673,"g":33,"co":2,"mo":0,"sa":0,"ic":0},"geometry":{"type":"Polygon","coordinates":[[[-3.13613,53.24568],[-3.13592,53.24496],[-3.13547,53.24529],[-3.13513,53.24499],[-3.13552,53.24314],[-3.13455,53.24287],[-3.13251,53.24387],[-3.13069,53.24292],[-3.13145,53.24256],[-3.13066,53.24182],[-3.13123,53.24138],[-3.13185,53.24114],[-3.13225,53.24166],[-3.1334,53.24152],[-3.13339,53.24132],[-3.1311,53.24062],[-3.12969,53.23979],[-3.12988,53.23949],[-3.12851,53.2387],[-3.12904,53.23796],[-3.12793,53.2375],[-3.12797,53.23715],[-3.12933,53.23722],[-3.13063,53.23778],[-3.1298,53.23802],[-3.12999,53.23914],[-3.13166,53.23958],[-3.13197,53.23899],[-3.13246,53.23879],[-3.13242,53.23923],[-3.13417,53.23991],[-3.13438,53.23962],[-3.13566,53.23997],[-3.13599,53.23976],[-3.1378,53.24031],[-3.13815,53.23798],[-3.13927,53.23811],[-3.13857,53.2412],[-3.13896,53.24166],[-3.13956,53.2449],[-3.13908,53.24556],[-3.13806,53.24506],[-3.13799,53.24555],[-3.13671,53.24538],[-3.13613,53.24568]]]}},{"type":"Feature","properties":{"id":"W01000296","name":"W01000296","parent":"W06000005","type":"LSOA","pop":1510,"r":25,"ff":4,"ffd":264.9,"ffs":0.3077,"g":12,"co":2,"mo":2,"sa":2,"ic":0},"geometry":{"type":"Polygon","coordinates":[[[-3.20166,53.29322],[-3.20245,53.29253],[-3.20041,53.29307],[-3.19333,53.28902],[-3.19575,53.28754],[-3.19539,53.2873],[-3.19778,53.28545],[-3.19737,53.28516],[-3.19921,53.28411],[-3.20272,53.28308],[-3.20357,53.28399],[-3.20395,53.28398],[-3.20552,53.28311],[-3.20847,53.28214],[-3.21046,53.28051],[-3.21029,53.27954],[-3.2112,53.27831],[-3.2115,53.2787],[-3.21464,53.27963],[-3.2144,53.28037],[-3.21731,53.28084],[-3.21977,53.27969],[-3.22032,53.27959],[-3.22083,53.27991],[-3.21733,53.28183],[-3.21716,53.28303],[-3.2149,53.28508],[-3.21204,53.28707],[-3.21312,53.28732],[-3.21289,53.28754],[-3.21502,53.28818],[-3.21556,53.28781],[-3.21668,53.28847],[-3.21874,53.28713],[-3.21851,53.28675],[-3.22226,53.28515],[-3.22233,53.28464],[-3.22043,53.28342],[-3.22478,53.28246],[-3.22487,53.28132],[-3.22626,53.28154],[-3.22764,53.28058],[-3.23481,53.28258],[-3.23532,53.28313],[-3.23516,53.28388],[-3.23898,53.28325],[-3.24043,53.28235],[-3.24313,53.28286],[-3.24211,53.28397],[-3.24245,53.28497],[-3.24043,53.28557],[-3.23896,53.28661],[-3.23904,53.28744],[-3.24119,53.28951],[-3.241,53.29007],[-3.24021,53.2907],[-3.23945,53.29078],[-3.23912,53.29125],[-3.23716,53.29191],[-3.23623,53.29285],[-3.2316,53.29417],[-3.23152,53.29459],[-3.22951,53.29566],[-3.2294,53.29607],[-3.22778,53.29619],[-3.22678,53.29665],[-3.22666,53.29738],[-3.22475,53.29889],[-3.22296,53.29918],[-3.22013,53.30063],[-3.20786,53.29634],[-3.20122,53.29361],[-3.20166,53.29322]]]}},{"type":"Feature","properties":{"id":"W01000297","name":"W01000297","parent":"W06000005","type":"LSOA","pop":1300,"r":29,"ff":4,"ffd":307.7,"ffs":0.3077,"g":16,"co":2,"mo":2,"sa":2,"ic":0},"geometry":{"type":"Polygon","coordinates":[[[-3.21621,53.28816],[-3.21556,53.28781],[-3.21502,53.28818],[-3.21289,53.28754],[-3.21312,53.28732],[-3.21204,53.28707],[-3.2149,53.28508],[-3.21716,53.28303],[-3.21733,53.28183],[-3.22044,53.28015],[-3.22293,53.28107],[-3.22487,53.28132],[-3.22478,53.28246],[-3.22043,53.28342],[-3.22233,53.28464],[-3.22226,53.28515],[-3.21851,53.28675],[-3.21874,53.28713],[-3.21668,53.28847],[-3.21621,53.28816]]]}},{"type":"Feature","properties":{"id":"W01000298","name":"W01000298","parent":"W06000005","type":"LSOA","pop":1479,"r":49,"ff":13,"ffd":879.0,"ffs":0.5,"g":22,"co":0,"mo":0,"sa":2,"ic":0},"geometry":{"type":"Polygon","coordinates":[[[-3.34982,53.34334],[-3.34946,53.3413],[-3.33882,53.34208],[-3.33669,53.34166],[-3.33701,53.34101],[-3.33622,53.34082],[-3.33627,53.34019],[-3.33557,53.34026],[-3.33438,53.33942],[-3.33447,53.33867],[-3.33385,53.33883],[-3.33352,53.33822],[-3.33253,53.33886],[-3.33205,53.3383],[-3.33104,53.33835],[-3.32841,53.33704],[-3.32161,53.33513],[-3.32327,53.33351],[-3.3276,53.33331],[-3.33002,53.33363],[-3.32949,53.33295],[-3.3265,53.33129],[-3.32499,53.32985],[-3.32521,53.32933],[-3.3268,53.32839],[-3.32705,53.32803],[-3.33039,53.32831],[-3.33331,53.32814],[-3.33647,53.32922],[-3.33734,53.32742],[-3.33963,53.32872],[-3.34161,53.32764],[-3.34147,53.32736],[-3.34377,53.32585],[-3.3483,53.32954],[-3.35191,53.32774],[-3.35634,53.32659],[-3.36515,53.32575],[-3.36728,53.32575],[-3.36968,53.32692],[-3.37113,53.32828],[-3.3752,53.32741],[-3.37616,53.32768],[-3.3752,53.32982],[-3.37684,53.3323],[-3.37281,53.33313],[-3.37293,53.33358],[-3.37147,53.33494],[-3.36907,53.33428],[-3.36817,53.33525],[-3.36773,53.33846],[-3.36682,53.33833],[-3.36677,53.33926],[-3.36752,53.33916],[-3.36818,53.33945],[-3.36812,53.33971],[-3.36699,53.33994],[-3.36704,53.34082],[-3.36734,53.34249],[-3.36788,53.34244],[-3.36815,53.3429],[-3.36746,53.34297],[-3.36907,53.34562],[-3.36067,53.34658],[-3.35092,53.34711],[-3.35094,53.34678],[-3.34863,53.34629],[-3.34959,53.34469],[-3.34922,53.34395],[-3.34982,53.34334]]]}},{"type":"Feature","properties":{"id":"W01000299","name":"W01000299","parent":"W06000005","type":"LSOA","pop":1841,"r":58,"ff":16,"ffd":869.1,"ffs":0.4444,"g":22,"co":2,"mo":2,"sa":2,"ic":0},"geometry":{"type":"Polygon","coordinates":[[[-3.18136,53.18015],[-3.17993,53.17947],[-3.17893,53.17964],[-3.17761,53.17885],[-3.17647,53.17906],[-3.17263,53.17868],[-3.17219,53.17903],[-3.169,53.1789],[-3.16841,53.17849],[-3.15796,53.1778],[-3.15752,53.17653],[-3.15569,53.17575],[-3.15749,53.1741],[-3.15883,53.17351],[-3.16012,53.17335],[-3.16087,53.17244],[-3.16531,53.1709],[-3.16696,53.16929],[-3.16577,53.16711],[-3.16507,53.16672],[-3.16544,53.16579],[-3.16643,53.16597],[-3.1693,53.16581],[-3.1702,53.16547],[-3.17099,53.16569],[-3.17327,53.16509],[-3.17549,53.16541],[-3.17638,53.16519],[-3.17864,53.1665],[-3.18045,53.16537],[-3.18084,53.16559],[-3.18326,53.16482],[-3.18399,53.16188],[-3.18908,53.16228],[-3.18893,53.16431],[-3.18971,53.16433],[-3.19042,53.16599],[-3.20138,53.16511],[-3.20134,53.16441],[-3.20469,53.16384],[-3.20398,53.16276],[-3.20298,53.16279],[-3.20176,53.16095],[-3.20369,53.16041],[-3.20316,53.1593],[-3.20422,53.15879],[-3.20609,53.15922],[-3.20603,53.15968],[-3.20715,53.15952],[-3.20817,53.15983],[-3.20932,53.16204],[-3.21074,53.1627],[-3.21288,53.16263],[-3.2153,53.16429],[-3.21402,53.16774],[-3.2145,53.16834],[-3.21569,53.16885],[-3.21485,53.16978],[-3.21558,53.1701],[-3.2159,53.17171],[-3.21489,53.17273],[-3.21472,53.17363],[-3.21442,53.17407],[-3.21504,53.17438],[-3.21575,53.1757],[-3.21634,53.17599],[-3.21823,53.17601],[-3.21837,53.17674],[-3.21577,53.17876],[-3.20936,53.18159],[-3.20848,53.18169],[-3.20769,53.18326],[-3.20388,53.18403],[-3.20289,53.1847],[-3.20215,53.18682],[-3.20315,53.18965],[-3.20012,53.19104],[-3.19677,53.19144],[-3.19453,53.1923],[-3.19313,53.19237],[-3.19366,53.19138],[-3.19158,53.18943],[-3.19067,53.18716],[-3.18959,53.18579],[-3.18136,53.18015]]]}},{"type":"Feature","properties":{"id":"W01000300","name":"W01000300","parent":"W06000005","type":"LSOA","pop":1573,"r":71,"ff":18,"ffd":1144.3,"ffs":0.4,"g":26,"co":2,"mo":2,"sa":0,"ic":0},"geometry":{"type":"Polygon","coordinates":[[[-3.17864,53.1665],[-3.17638,53.16519],[-3.17549,53.16541],[-3.17327,53.16509],[-3.17099,53.16569],[-3.1702,53.16547],[-3.1693,53.16581],[-3.16643,53.16597],[-3.1663,53.16525],[-3.16578,53.1651],[-3.16522,53.16423],[-3.1648,53.16442],[-3.16358,53.16344],[-3.16156,53.16347],[-3.16263,53.162],[-3.16264,53.16106],[-3.16239,53.1599],[-3.16145,53.15812],[-3.16238,53.15777],[-3.15935,53.15778],[-3.15776,53.15683],[-3.15536,53.15595],[-3.14796,53.15535],[-3.14008,53.15506],[-3.13338,53.15505],[-3.13024,53.15595],[-3.1282,53.15718],[-3.12618,53.15999],[-3.12262,53.15796],[-3.12279,53.15699],[-3.12377,53.15781],[-3.12394,53.15717],[-3.12493,53.15714],[-3.12475,53.15615],[-3.12785,53.15538],[-3.1255,53.15294],[-3.12687,53.15011],[-3.12797,53.1503],[-3.13014,53.14911],[-3.12996,53.14876],[-3.12786,53.14796],[-3.12751,53.14509],[-3.13042,53.14331],[-3.13184,53.14175],[-3.13128,53.14136],[-3.1297,53.14135],[-3.13164,53.13906],[-3.13104,53.13861],[-3.13093,53.13785],[-3.13147,53.13733],[-3.13135,53.13415],[-3.13192,53.13375],[-3.13169,53.1331],[-3.13286,53.13295],[-3.13306,53.13132],[-3.13375,53.13019],[-3.13293,53.1295],[-3.1338,53.12848],[-3.1318,53.12794],[-3.1314,53.12752],[-3.13027,53.12796],[-3.12996,53.12782],[-3.13059,53.12665],[-3.13427,53.12574],[-3.13486,53.12491],[-3.13691,53.12453],[-3.13654,53.12361],[-3.13688,53.12318],[-3.13807,53.12252],[-3.13878,53.12279],[-3.1387,53.12226],[-3.13969,53.12177],[-3.1398,53.12076],[-3.1401,53.12087],[-3.141,53.12034],[-3.14209,53.11901],[-3.14279,53.11896],[-3.14313,53.11821],[-3.14403,53.11827],[-3.14489,53.11779],[-3.14487,53.11728],[-3.14558,53.11669],[-3.14526,53.11603],[-3.14608,53.11593],[-3.14675,53.11504],[-3.15077,53.11551],[-3.15274,53.11475],[-3.15399,53.11333],[-3.15561,53.1126],[-3.15823,53.1122],[-3.15937,53.11255],[-3.16032,53.11247],[-3.16049,53.1118],[-3.16363,53.11227],[-3.1655,53.11166],[-3.16998,53.11136],[-3.17064,53.11153],[-3.1726,53.11099],[-3.174,53.11356],[-3.17685,53.11608],[-3.17584,53.12152],[-3.17585,53.12345],[-3.17914,53.12709],[-3.17935,53.12985],[-3.18119,53.13108],[-3.18295,53.13537],[-3.18209,53.1361],[-3.18359,53.13646],[-3.18586,53.14194],[-3.18228,53.14406],[-3.18314,53.14403],[-3.18322,53.14564],[-3.18137,53.14623],[-3.18392,53.14805],[-3.18426,53.14868],[-3.18369,53.14985],[-3.18309,53.15011],[-3.18375,53.15153],[-3.18242,53.15406],[-3.18922,53.15531],[-3.19428,53.15512],[-3.19583,53.15564],[-3.19498,53.15681],[-3.1962,53.15873],[-3.20193,53.15824],[-3.20316,53.1593],[-3.20369,53.16041],[-3.20176,53.16095],[-3.20298,53.16279],[-3.20398,53.16276],[-3.20469,53.16384],[-3.20134,53.16441],[-3.20138,53.16511],[-3.19042,53.16599],[-3.18971,53.16433],[-3.18893,53.16431],[-3.18908,53.16228],[-3.18399,53.16188],[-3.18326,53.16482],[-3.18084,53.16559],[-3.18045,53.16537],[-3.17864,53.1665]]]}},{"type":"Feature","properties":{"id":"W01000301","name":"W01000301","parent":"W06000005","type":"LSOA","pop":1681,"r":64,"ff":15,"ffd":892.3,"ffs":0.4167,"g":28,"co":2,"mo":2,"sa":2,"ic":0},"geometry":{"type":"Polygon","coordinates":[[[-3.20541,53.24081],[-3.20178,53.23803],[-3.20064,53.23895],[-3.19685,53.23726],[-3.19682,53.23703],[-3.19852,53.23648],[-3.19735,53.23517],[-3.19588,53.23571],[-3.19548,53.23534],[-3.19488,53.23559],[-3.19303,53.23495],[-3.19172,53.23533],[-3.18974,53.23378],[-3.18828,53.23458],[-3.18973,53.23543],[-3.18688,53.23701],[-3.18613,53.23668],[-3.1845,53.23799],[-3.18509,53.23844],[-3.18181,53.23944],[-3.17812,53.23981],[-3.17646,53.24099],[-3.1746,53.2401],[-3.17292,53.2398],[-3.17157,53.23904],[-3.16933,53.23871],[-3.16669,53.23724],[-3.16608,53.23617],[-3.16497,53.23565],[-3.16429,53.23428],[-3.16281,53.23355],[-3.16144,53.23334],[-3.16015,53.2323],[-3.15892,53.23196],[-3.15574,53.23218],[-3.15521,53.23125],[-3.15342,53.23075],[-3.15116,53.23128],[-3.15059,53.23225],[-3.14942,53.23237],[-3.14836,53.23151],[-3.14804,53.22877],[-3.14935,53.22592],[-3.14992,53.22581],[-3.15056,53.22463],[-3.15278,53.22297],[-3.15272,53.22188],[-3.15166,53.21987],[-3.1519,53.21831],[-3.15245,53.21769],[-3.15213,53.21644],[-3.15275,53.21517],[-3.15248,53.21359],[-3.15181,53.21275],[-3.15304,53.21202],[-3.15381,53.21125],[-3.15284,53.20735],[-3.15311,53.20499],[-3.15268,53.20414],[-3.15378,53.20401],[-3.15413,53.20369],[-3.15358,53.20155],[-3.15427,53.20153],[-3.15422,53.2013],[-3.153,53.20112],[-3.15386,53.20058],[-3.15355,53.1997],[-3.15433,53.19858],[-3.15348,53.19697],[-3.15449,53.19678],[-3.15358,53.19679],[-3.15155,53.19761],[-3.15077,53.19739],[-3.14951,53.19768],[-3.14872,53.19738],[-3.14707,53.19788],[-3.14834,53.19625],[-3.14511,53.19352],[-3.14262,53.19083],[-3.14097,53.18756],[-3.14268,53.18707],[-3.14196,53.18617],[-3.14399,53.18571],[-3.1461,53.18476],[-3.1462,53.18339],[-3.14709,53.18172],[-3.14816,53.18114],[-3.14638,53.18122],[-3.14446,53.18021],[-3.1435,53.179],[-3.14176,53.17902],[-3.14188,53.17752],[-3.14364,53.17816],[-3.1451,53.17583],[-3.1441,53.17554],[-3.14454,53.17496],[-3.15478,53.17789],[-3.15796,53.1778],[-3.16841,53.17849],[-3.169,53.1789],[-3.17219,53.17903],[-3.17263,53.17868],[-3.17647,53.17906],[-3.17761,53.17885],[-3.17893,53.17964],[-3.1786,53.18039],[-3.17577,53.17953],[-3.17576,53.17994],[-3.17362,53.1803],[-3.17431,53.1814],[-3.17389,53.18259],[-3.17151,53.18239],[-3.1673,53.18447],[-3.17055,53.18566],[-3.17174,53.18838],[-3.17347,53.18911],[-3.17427,53.19036],[-3.17474,53.19024],[-3.17733,53.19206],[-3.17867,53.19381],[-3.17935,53.19627],[-3.17905,53.19665],[-3.18192,53.19626],[-3.18376,53.19652],[-3.18686,53.19581],[-3.18824,53.19581],[-3.18916,53.19638],[-3.18815,53.19756],[-3.18872,53.19772],[-3.18846,53.19834],[-3.18983,53.19898],[-3.1895,53.19921],[-3.19008,53.19971],[-3.1911,53.19921],[-3.19097,53.1988],[-3.1926,53.19963],[-3.19344,53.2007],[-3.19267,53.20188],[-3.19834,53.20195],[-3.1998,53.20162],[-3.20031,53.20193],[-3.20047,53.20278],[-3.19979,53.20314],[-3.20162,53.20361],[-3.20326,53.20344],[-3.20395,53.20435],[-3.20451,53.20418],[-3.20609,53.20567],[-3.20696,53.20553],[-3.2072,53.20573],[-3.20875,53.20534],[-3.20904,53.20583],[-3.21216,53.20376],[-3.21249,53.20412],[-3.21444,53.20341],[-3.21348,53.20244],[-3.21443,53.20176],[-3.21556,53.20204],[-3.21718,53.20327],[-3.21774,53.20306],[-3.21939,53.20512],[-3.21971,53.20649],[-3.22064,53.20763],[-3.22067,53.20953],[-3.21979,53.21181],[-3.21655,53.21421],[-3.22118,53.21487],[-3.22225,53.2156],[-3.22337,53.21505],[-3.22589,53.2157],[-3.23009,53.21535],[-3.23165,53.21561],[-3.23207,53.2161],[-3.23304,53.21553],[-3.23561,53.21604],[-3.23636,53.21706],[-3.23388,53.21758],[-3.23281,53.21898],[-3.23319,53.22019],[-3.23287,53.22172],[-3.23023,53.2222],[-3.23174,53.22571],[-3.23019,53.22861],[-3.22875,53.2301],[-3.22611,53.2308],[-3.22552,53.23056],[-3.22113,53.23287],[-3.22099,53.23607],[-3.22197,53.23879],[-3.22205,53.24154],[-3.22266,53.24207],[-3.22163,53.24688],[-3.21966,53.24752],[-3.21545,53.24443],[-3.21289,53.2421],[-3.21022,53.24204],[-3.20541,53.24081]]]}},{"type":"Feature","properties":{"id":"W01000302","name":"W01000302","parent":"W06000005","type":"LSOA","pop":1933,"r":100,"ff":25,"ffd":1293.3,"ffs":0.3968,"g":37,"co":0,"mo":0,"sa":2,"ic":0},"geometry":{"type":"Polygon","coordinates":[[[-3.02616,53.1983],[-3.0271,53.18799],[-3.0251,53.18713],[-3.02386,53.18631],[-3.02303,53.18408],[-3.02036,53.18312],[-3.0185,53.18397],[-3.01618,53.1838],[-3.01393,53.1831],[-3.01158,53.18133],[-3.0078,53.17785],[-2.9985,53.17263],[-3.00205,53.17215],[-3.00426,53.17284],[-3.00685,53.17179],[-3.00803,53.17213],[-3.0096,53.17162],[-3.01249,53.17185],[-3.01542,53.17161],[-3.01843,53.17209],[-3.01867,53.17306],[-3.01951,53.17379],[-3.02118,53.17445],[-3.02356,53.17489],[-3.02537,53.17229],[-3.02571,53.17142],[-3.0252,53.17082],[-3.02876,53.17251],[-3.02992,53.17202],[-3.03049,53.17115],[-3.03256,53.17152],[-3.0321,53.1727],[-3.03287,53.17291],[-3.03439,53.17136],[-3.0354,53.17165],[-3.03694,53.17066],[-3.03824,53.17121],[-3.03954,53.17103],[-3.03971,53.17123],[-3.03634,53.1745],[-3.03406,53.17934],[-3.03172,53.18581],[-3.03558,53.18674],[-3.04117,53.1887],[-3.03833,53.19094],[-3.03613,53.19212],[-3.03586,53.19274],[-3.03506,53.19225],[-3.03405,53.19264],[-3.02952,53.19581],[-3.02978,53.19617],[-3.02921,53.19659],[-3.0286,53.19648],[-3.02616,53.1983]]]}},{"type":"Feature","properties":{"id":"W01000303","name":"W01000303","parent":"W06000005","type":"LSOA","pop":1770,"r":86,"ff":19,"ffd":1073.4,"ffs":0.3725,"g":35,"co":0,"mo":0,"sa":2,"ic":0},"geometry":{"type":"Polygon","coordinates":[[[-3.027,53.15409],[-3.0241,53.15375],[-3.01907,53.15405],[-3.01782,53.15359],[-3.01581,53.15397],[-3.01042,53.15258],[-3.00541,53.1521],[-3.00583,53.15492],[-3.00189,53.15516],[-3.00196,53.1522],[-2.99833,53.15176],[-2.99639,53.15265],[-2.99568,53.15254],[-2.99442,53.15292],[-2.99382,53.15273],[-2.99293,53.15329],[-2.9888,53.15265],[-2.9877,53.1521],[-2.98761,53.15163],[-2.9864,53.15039],[-2.9864,53.14946],[-2.98569,53.14879],[-2.98498,53.14879],[-2.98456,53.14778],[-2.98265,53.14886],[-2.98042,53.14934],[-2.9806,53.15078],[-2.97986,53.15048],[-2.9795,53.15062],[-2.9639,53.13277],[-2.96991,53.13317],[-2.97254,53.13421],[-2.98071,53.13171],[-2.98265,53.13225],[-2.9864,53.13125],[-2.98936,53.13107],[-2.99064,53.1313],[-2.99143,53.13068],[-2.99274,53.13033],[-2.99526,53.13059],[-2.99738,53.1294],[-2.99899,53.13134],[-3.00064,53.13259],[-3.00259,53.13168],[-3.00378,53.13284],[-3.00467,53.13215],[-3.01003,53.1338],[-3.01147,53.13367],[-3.01557,53.13139],[-3.01871,53.13333],[-3.02288,53.13049],[-3.02562,53.13788],[-3.02781,53.13764],[-3.02835,53.13897],[-3.02808,53.13955],[-3.0319,53.14063],[-3.03465,53.14199],[-3.03278,53.14918],[-3.03267,53.15286],[-3.0323,53.15309],[-3.03271,53.15619],[-3.03201,53.15603],[-3.03159,53.15538],[-3.03056,53.15495],[-3.0286,53.15495],[-3.02741,53.15463],[-3.027,53.15409]]]}},{"type":"Feature","properties":{"id":"W01000304","name":"W01000304","parent":"W06000005","type":"LSOA","pop":2080,"r":39,"ff":4,"ffd":192.3,"ffs":0.25,"g":23,"co":2,"mo":2,"sa":2,"ic":0},"geometry":{"type":"Polygon","coordinates":[[[-3.2144,53.28037],[-3.21464,53.27963],[-3.2115,53.2787],[-3.2113,53.27835],[-3.21197,53.27761],[-3.21377,53.27659],[-3.21387,53.2744],[-3.21585,53.27345],[-3.21754,53.27376],[-3.21867,53.27324],[-3.21182,53.27129],[-3.21143,53.27009],[-3.21252,53.26997],[-3.21326,53.26881],[-3.21561,53.26754],[-3.21677,53.26856],[-3.22399,53.27147],[-3.22786,53.27435],[-3.22958,53.27623],[-3.2286,53.277],[-3.22792,53.27657],[-3.22631,53.27695],[-3.22577,53.27681],[-3.22461,53.27747],[-3.22388,53.27724],[-3.22247,53.27888],[-3.22083,53.27991],[-3.22032,53.27959],[-3.21977,53.27969],[-3.21731,53.28084],[-3.2144,53.28037]]]}},{"type":"Feature","properties":{"id":"W01000305","name":"W01000305","parent":"W06000005","type":"LSOA","pop":1961,"r":34,"ff":4,"ffd":204.0,"ffs":0.2857,"g":20,"co":2,"mo":2,"sa":2,"ic":0},"geometry":{"type":"Polygon","coordinates":[[[-3.19198,53.28321],[-3.19484,53.28139],[-3.19601,53.28184],[-3.1989,53.2802],[-3.2002,53.27864],[-3.19843,53.27777],[-3.19727,53.27784],[-3.19707,53.27705],[-3.19578,53.27746],[-3.19579,53.27724],[-3.1987,53.27543],[-3.19875,53.27506],[-3.19972,53.27446],[-3.20036,53.27444],[-3.20094,53.27369],[-3.20274,53.27291],[-3.20435,53.27301],[-3.20752,53.27222],[-3.21108,53.27188],[-3.21182,53.27129],[-3.21867,53.27324],[-3.21754,53.27376],[-3.21585,53.27345],[-3.21387,53.2744],[-3.21377,53.27659],[-3.21197,53.27761],[-3.2112,53.27831],[-3.21029,53.27954],[-3.21046,53.28051],[-3.20847,53.28214],[-3.20552,53.28311],[-3.20395,53.28398],[-3.20357,53.28399],[-3.20272,53.28308],[-3.19921,53.28411],[-3.19737,53.28516],[-3.19778,53.28545],[-3.19539,53.2873],[-3.19575,53.28754],[-3.19333,53.28902],[-3.19174,53.28792],[-3.19192,53.28761],[-3.19047,53.28631],[-3.19346,53.28418],[-3.19198,53.28321]]]}},{"type":"Feature","properties":{"id":"W01000306","name":"W01000306","parent":"W06000005","type":"LSOA","pop":2419,"r":38,"ff":4,"ffd":165.4,"ffs":0.2667,"g":23,"co":2,"mo":2,"sa":2,"ic":0},"geometry":{"type":"Polygon","coordinates":[[[-3.23373,53.28227],[-3.22764,53.28058],[-3.22626,53.28154],[-3.22293,53.28107],[-3.22044,53.28015],[-3.22247,53.27888],[-3.22388,53.27724],[-3.22461,53.27747],[-3.22577,53.27681],[-3.22631,53.27695],[-3.22792,53.27657],[-3.2286,53.277],[-3.22958,53.27623],[-3.22786,53.27435],[-3.22399,53.27147],[-3.21677,53.26856],[-3.21561,53.26754],[-3.21326,53.26881],[-3.21252,53.26997],[-3.21143,53.27009],[-3.21181,53.26919],[-3.21139,53.26696],[-3.20964,53.26587],[-3.20888,53.2641],[-3.20628,53.26318],[-3.20477,53.26188],[-3.20602,53.2613],[-3.2069,53.26024],[-3.21064,53.25896],[-3.21161,53.26039],[-3.21618,53.26095],[-3.2188,53.26173],[-3.21844,53.26293],[-3.22035,53.26338],[-3.21989,53.26398],[-3.22048,53.264],[-3.22037,53.26421],[-3.22222,53.26462],[-3.22395,53.26416],[-3.22659,53.26464],[-3.22834,53.26586],[-3.22743,53.26776],[-3.22816,53.26745],[-3.23074,53.26827],[-3.23055,53.26856],[-3.23231,53.26938],[-3.23295,53.26882],[-3.23545,53.26983],[-3.23427,53.27072],[-3.23632,53.27246],[-3.23528,53.27337],[-3.23636,53.27402],[-3.23707,53.27373],[-3.23904,53.27529],[-3.24122,53.27506],[-3.24287,53.27213],[-3.24775,53.27331],[-3.24658,53.27476],[-3.24669,53.27674],[-3.24605,53.27695],[-3.24538,53.279],[-3.24574,53.27948],[-3.24162,53.27978],[-3.24375,53.2804],[-3.24349,53.28072],[-3.24202,53.28037],[-3.24101,53.28181],[-3.23898,53.28325],[-3.23516,53.28388],[-3.23532,53.28313],[-3.23481,53.28258],[-3.23373,53.28227]]]}},{"type":"Feature","properties":{"id":"W01000307","name":"W01000307","parent":"W06000005","type":"LSOA","pop":1406,"r":68,"ff":11,"ffd":782.4,"ffs":0.3056,"g":32,"co":2,"mo":2,"sa":2,"ic":0},"geometry":{"type":"Polygon","coordinates":[[[-3.02493,53.13605],[-3.02288,53.13049],[-3.01871,53.13333],[-3.01557,53.13139],[-3.01147,53.13367],[-3.01003,53.1338],[-3.00467,53.13215],[-3.00378,53.13284],[-3.00259,53.13168],[-3.00064,53.13259],[-2.99899,53.13134],[-2.99738,53.1294],[-2.99857,53.12731],[-3.00083,53.12553],[-3.00533,53.12406],[-3.00335,53.12027],[-3.00586,53.11948],[-3.00532,53.11835],[-3.00634,53.11735],[-3.00593,53.11674],[-3.00606,53.11573],[-3.00767,53.11418],[-3.0098,53.11294],[-3.01042,53.113],[-3.01292,53.11441],[-3.01382,53.11413],[-3.01504,53.11459],[-3.01384,53.1175],[-3.01467,53.11789],[-3.01823,53.11837],[-3.02019,53.11543],[-3.02255,53.11417],[-3.02168,53.11368],[-3.02092,53.11167],[-3.02037,53.11152],[-3.02076,53.11067],[-3.02391,53.11106],[-3.02642,53.11203],[-3.02566,53.11312],[-3.02727,53.11413],[-3.02969,53.1153],[-3.03161,53.11536],[-3.03369,53.11769],[-3.03429,53.11791],[-3.03528,53.11766],[-3.0352,53.1181],[-3.03673,53.11833],[-3.03792,53.11798],[-3.03687,53.11707],[-3.03686,53.11648],[-3.0361,53.11691],[-3.03529,53.11679],[-3.03728,53.11566],[-3.03811,53.11582],[-3.03881,53.11554],[-3.04036,53.11623],[-3.04149,53.11567],[-3.04414,53.11535],[-3.04418,53.11501],[-3.04491,53.11489],[-3.04518,53.11511],[-3.04675,53.11407],[-3.04676,53.11276],[-3.0512,53.10849],[-3.05211,53.10862],[-3.05346,53.10756],[-3.05259,53.10402],[-3.05637,53.10294],[-3.05986,53.10641],[-3.06678,53.11047],[-3.06827,53.11271],[-3.06894,53.11311],[-3.06812,53.11348],[-3.07083,53.11531],[-3.07205,53.1166],[-3.07028,53.11771],[-3.07245,53.11852],[-3.07269,53.11785],[-3.07348,53.11796],[-3.07286,53.11973],[-3.07471,53.11992],[-3.07673,53.12086],[-3.07683,53.12235],[-3.0763,53.12493],[-3.07858,53.1255],[-3.07994,53.12506],[-3.08082,53.12642],[-3.08247,53.12745],[-3.08326,53.12786],[-3.08449,53.12772],[-3.08538,53.12834],[-3.08249,53.13125],[-3.08104,53.13411],[-3.08038,53.1341],[-3.08,53.13483],[-3.07501,53.13347],[-3.07416,53.13372],[-3.07125,53.13375],[-3.07101,53.13352],[-3.06756,53.13369],[-3.06628,53.13294],[-3.06458,53.13294],[-3.06334,53.13191],[-3.05977,53.13123],[-3.05855,53.1316],[-3.05808,53.13104],[-3.05747,53.13094],[-3.05755,53.13048],[-3.05636,53.13074],[-3.05577,53.12954],[-3.05536,53.12927],[-3.05464,53.12933],[-3.05491,53.12894],[-3.05359,53.12869],[-3.05272,53.12893],[-3.05279,53.12825],[-3.05177,53.12781],[-3.05122,53.12819],[-3.05172,53.1285],[-3.05159,53.12944],[-3.05243,53.13073],[-3.05172,53.13136],[-3.05057,53.13074],[-3.04826,53.13282],[-3.04582,53.13114],[-3.0446,53.13151],[-3.04582,53.13258],[-3.04491,53.13321],[-3.04393,53.13352],[-3.04151,53.13493],[-3.04109,53.13439],[-3.03793,53.13518],[-3.03707,53.13421],[-3.03452,53.13546],[-3.03434,53.13488],[-3.03124,53.13503],[-3.02493,53.13605]]]}},{"type":"Feature","properties":{"id":"W01000308","name":"W01000308","parent":"W06000005","type":"LSOA","pop":1177,"r":60,"ff":12,"ffd":1019.5,"ffs":0.375,"g":28,"co":2,"mo":2,"sa":2,"ic":0},"geometry":{"type":"Polygon","coordinates":[[[-3.0352,53.1181],[-3.03528,53.11766],[-3.03429,53.11791],[-3.03369,53.11769],[-3.03161,53.11536],[-3.02969,53.1153],[-3.02727,53.11413],[-3.02566,53.11312],[-3.02642,53.11203],[-3.02391,53.11106],[-3.02076,53.11067],[-3.02037,53.11152],[-3.02092,53.11167],[-3.02168,53.11368],[-3.02255,53.11417],[-3.02019,53.11543],[-3.01823,53.11837],[-3.01467,53.11789],[-3.01384,53.1175],[-3.01504,53.11459],[-3.01382,53.11413],[-3.01292,53.11441],[-3.01042,53.113],[-3.0098,53.11294],[-3.01036,53.1127],[-3.01108,53.11149],[-3.01223,53.11139],[-3.01274,53.11019],[-3.01464,53.10879],[-3.0176,53.10926],[-3.01868,53.10754],[-3.02202,53.10571],[-3.02391,53.10544],[-3.02494,53.10409],[-3.02642,53.10358],[-3.02803,53.10379],[-3.02915,53.10352],[-3.02978,53.1055],[-3.03207,53.10672],[-3.03186,53.108],[-3.03279,53.10954],[-3.03492,53.11032],[-3.03708,53.11042],[-3.03842,53.11144],[-3.03788,53.1124],[-3.03509,53.11253],[-3.03593,53.11453],[-3.03728,53.11566],[-3.03529,53.11679],[-3.0361,53.11691],[-3.03686,53.11648],[-3.03687,53.11707],[-3.03792,53.11798],[-3.03673,53.11833],[-3.0352,53.1181]]]}},{"type":"Feature","properties":{"id":"W01000309","name":"W01000309","parent":"W06000005","type":"LSOA","pop":2209,"r":15,"ff":10,"ffd":452.7,"ffs":0.6667,"g":0,"co":3,"mo":3,"sa":1,"ic":1},"geometry":{"type":"Polygon","coordinates":[[[-3.12262,53.15796],[-3.11578,53.15503],[-3.10879,53.15344],[-3.10264,53.15292],[-3.09044,53.15296],[-3.08531,53.15271],[-3.07812,53.15186],[-3.07007,53.14989],[-3.06552,53.14943],[-3.06273,53.14884],[-3.06039,53.1501],[-3.06045,53.14931],[-3.05984,53.14859],[-3.0566,53.14696],[-3.05531,53.14515],[-3.05715,53.14506],[-3.05847,53.14441],[-3.05913,53.14367],[-3.0595,53.14226],[-3.05902,53.14182],[-3.05978,53.1412],[-3.05935,53.14043],[-3.05981,53.14017],[-3.05968,53.1397],[-3.06285,53.13916],[-3.06215,53.1383],[-3.06065,53.13751],[-3.06031,53.13686],[-3.05921,53.13632],[-3.05859,53.1338],[-3.0563,53.13248],[-3.055,53.13211],[-3.05514,53.13099],[-3.05412,53.13098],[-3.05369,53.13036],[-3.05213,53.13011],[-3.05159,53.12944],[-3.05172,53.1285],[-3.05122,53.12819],[-3.05177,53.12781],[-3.05279,53.12825],[-3.05272,53.12893],[-3.05359,53.12869],[-3.05491,53.12894],[-3.05464,53.12933],[-3.05536,53.12927],[-3.05577,53.12954],[-3.05636,53.13074],[-3.05755,53.13048],[-3.05747,53.13094],[-3.05808,53.13104],[-3.05855,53.1316],[-3.05977,53.13123],[-3.06334,53.13191],[-3.06458,53.13294],[-3.06628,53.13294],[-3.06756,53.13369],[-3.07101,53.13352],[-3.07125,53.13375],[-3.07416,53.13372],[-3.07501,53.13347],[-3.08,53.13483],[-3.08038,53.1341],[-3.08104,53.13411],[-3.08249,53.13125],[-3.08538,53.12834],[-3.08807,53.12698],[-3.08805,53.12748],[-3.09087,53.12678],[-3.09205,53.12604],[-3.09383,53.12618],[-3.09724,53.12712],[-3.09781,53.1271],[-3.10151,53.12907],[-3.10161,53.12972],[-3.10294,53.1304],[-3.10822,53.13012],[-3.11007,53.13065],[-3.1126,53.13236],[-3.11453,53.13254],[-3.1166,53.13263],[-3.11855,53.13194],[-3.12241,53.13144],[-3.12467,53.13081],[-3.12496,53.131],[-3.12799,53.12938],[-3.12993,53.12895],[-3.13105,53.129],[-3.13219,53.12964],[-3.13306,53.13132],[-3.13286,53.13295],[-3.13169,53.1331],[-3.13192,53.13375],[-3.13135,53.13415],[-3.13147,53.13733],[-3.13093,53.13785],[-3.13104,53.13861],[-3.13164,53.13906],[-3.1297,53.14135],[-3.13128,53.14136],[-3.13184,53.14175],[-3.13042,53.14331],[-3.12751,53.14509],[-3.12786,53.14796],[-3.12996,53.14876],[-3.13014,53.14911],[-3.12797,53.1503],[-3.12687,53.15011],[-3.1255,53.15294],[-3.12785,53.15538],[-3.12475,53.15615],[-3.12493,53.15714],[-3.12394,53.15717],[-3.12377,53.15781],[-3.12279,53.15699],[-3.12262,53.15796]]]}},{"type":"Feature","properties":{"id":"W01000310","name":"W01000310","parent":"W06000005","type":"LSOA","pop":1895,"r":15,"ff":10,"ffd":527.7,"ffs":0.6667,"g":0,"co":3,"mo":3,"sa":3,"ic":1},"geometry":{"type":"Polygon","coordinates":[[[-3.08538,53.12834],[-3.08449,53.12772],[-3.08326,53.12786],[-3.08247,53.12745],[-3.08082,53.12642],[-3.07994,53.12506],[-3.07858,53.1255],[-3.0763,53.12493],[-3.07683,53.12235],[-3.07673,53.12086],[-3.07471,53.11992],[-3.07286,53.11973],[-3.07348,53.11796],[-3.07269,53.11785],[-3.07245,53.11852],[-3.07028,53.11771],[-3.07205,53.1166],[-3.07083,53.11531],[-3.06812,53.11348],[-3.06894,53.11311],[-3.06827,53.11271],[-3.06678,53.11047],[-3.05986,53.10641],[-3.05637,53.10294],[-3.05259,53.10402],[-3.05346,53.10756],[-3.05211,53.10862],[-3.0512,53.10849],[-3.04927,53.11041],[-3.0437,53.10561],[-3.04376,53.10432],[-3.0402,53.1052],[-3.03925,53.10351],[-3.03767,53.10295],[-3.03656,53.10299],[-3.03609,53.10261],[-3.03477,53.10292],[-3.0332,53.10259],[-3.03209,53.10168],[-3.03182,53.10174],[-3.03181,53.10207],[-3.03096,53.10188],[-3.02985,53.10226],[-3.02854,53.10171],[-3.02863,53.09993],[-3.02777,53.09866],[-3.02714,53.09574],[-3.02756,53.09297],[-3.02821,53.09311],[-3.02904,53.09388],[-3.02831,53.09479],[-3.02875,53.09502],[-3.0289,53.09588],[-3.02979,53.09653],[-3.03136,53.0969],[-3.03141,53.09736],[-3.0322,53.09725],[-3.03358,53.09668],[-3.03494,53.09677],[-3.03472,53.09632],[-3.0361,53.09626],[-3.03671,53.09562],[-3.03835,53.09509],[-3.03865,53.09388],[-3.03828,53.09293],[-3.03764,53.09274],[-3.03867,53.09155],[-3.04091,53.09049],[-3.04243,53.09034],[-3.04244,53.09005],[-3.04372,53.08948],[-3.05887,53.08533],[-3.06292,53.08505],[-3.06544,53.08536],[-3.06582,53.08571],[-3.06633,53.08554],[-3.07014,53.08839],[-3.07104,53.08956],[-3.07619,53.08861],[-3.07846,53.08766],[-3.07909,53.08773],[-3.08008,53.08671],[-3.08512,53.0847],[-3.08515,53.08418],[-3.0865,53.08328],[-3.09329,53.08128],[-3.09386,53.08032],[-3.09511,53.07943],[-3.09725,53.07873],[-3.09895,53.07877],[-3.10085,53.07801],[-3.10368,53.07772],[-3.10537,53.07664],[-3.10675,53.07638],[-3.10736,53.07556],[-3.10833,53.07534],[-3.10868,53.07467],[-3.10991,53.07414],[-3.11014,53.07358],[-3.11353,53.07272],[-3.11542,53.07279],[-3.11771,53.07215],[-3.12191,53.0728],[-3.12404,53.07415],[-3.12489,53.07406],[-3.12627,53.07324],[-3.12918,53.07291],[-3.12962,53.07237],[-3.13337,53.0734],[-3.13453,53.07316],[-3.13681,53.07344],[-3.13994,53.07537],[-3.14129,53.07647],[-3.13984,53.07947],[-3.14074,53.08055],[-3.1404,53.08064],[-3.13905,53.08615],[-3.13823,53.08674],[-3.13667,53.08699],[-3.13441,53.08894],[-3.13165,53.09006],[-3.12977,53.09033],[-3.12811,53.09108],[-3.12779,53.09174],[-3.12651,53.0921],[-3.12609,53.09288],[-3.12467,53.09289],[-3.12231,53.09447],[-3.12145,53.0946],[-3.12184,53.09599],[-3.12127,53.09616],[-3.12159,53.09664],[-3.12121,53.09669],[-3.12115,53.09765],[-3.11836,53.10032],[-3.11659,53.10059],[-3.11529,53.10154],[-3.11203,53.10233],[-3.11163,53.10295],[-3.10786,53.103],[-3.10393,53.10411],[-3.10104,53.10578],[-3.10037,53.10571],[-3.09954,53.10626],[-3.09808,53.10668],[-3.09725,53.10648],[-3.09653,53.10686],[-3.09551,53.10681],[-3.09556,53.10723],[-3.09375,53.10782],[-3.09375,53.10816],[-3.09266,53.10886],[-3.08975,53.10815],[-3.08858,53.10859],[-3.08718,53.10816],[-3.08686,53.10769],[-3.08649,53.10785],[-3.08571,53.10759],[-3.08371,53.10512],[-3.08268,53.10446],[-3.08296,53.10541],[-3.08088,53.10729],[-3.08489,53.11111],[-3.08805,53.11232],[-3.08915,53.11305],[-3.08922,53.11788],[-3.09017,53.11904],[-3.09311,53.12086],[-3.09444,53.12302],[-3.09202,53.12486],[-3.09087,53.12515],[-3.09127,53.126],[-3.09205,53.12604],[-3.09087,53.12678],[-3.08805,53.12748],[-3.08807,53.12698],[-3.08538,53.12834]]]}},{"type":"Feature","properties":{"id":"W01000311","name":"W01000311","parent":"W06000005","type":"LSOA","pop":1624,"r":97,"ff":23,"ffd":1416.3,"ffs":0.377,"g":36,"co":0,"mo":2,"sa":2,"ic":0},"geometry":{"type":"Polygon","coordinates":[[[-3.02602,53.1998],[-3.02319,53.19815],[-3.0215,53.19957],[-3.0187,53.19834],[-3.02141,53.19679],[-3.021,53.19652],[-3.01981,53.19735],[-3.0189,53.19749],[-3.01795,53.19665],[-3.01926,53.19566],[-3.02063,53.19539],[-3.01999,53.19462],[-3.0193,53.19441],[-3.01895,53.19383],[-3.01787,53.19494],[-3.01851,53.19503],[-3.01806,53.19548],[-3.01756,53.19525],[-3.01648,53.1959],[-3.01543,53.19557],[-3.01554,53.19603],[-3.01627,53.19636],[-3.01602,53.19666],[-3.014,53.19756],[-3.01383,53.19712],[-3.01258,53.19657],[-3.01027,53.19837],[-3.01075,53.19865],[-3.01038,53.19954],[-3.0007,53.19393],[-2.98658,53.18482],[-2.98842,53.18316],[-2.99087,53.18474],[-2.99466,53.1822],[-2.99412,53.18194],[-2.99722,53.17917],[-3.00332,53.17529],[-3.0078,53.17785],[-3.01158,53.18133],[-3.01393,53.1831],[-3.01618,53.1838],[-3.0185,53.18397],[-3.02036,53.18312],[-3.02195,53.18357],[-3.02303,53.18408],[-3.02386,53.18631],[-3.0251,53.18713],[-3.0271,53.18799],[-3.02602,53.1998]]]}},{"type":"Feature","properties":{"id":"W01000312","name":"W01000312","parent":"W06000005","type":"LSOA","pop":1624,"r":98,"ff":24,"ffd":1477.8,"ffs":0.3871,"g":36,"co":0,"mo":2,"sa":2,"ic":0},"geometry":{"type":"Polygon","coordinates":[[[-3.01966,53.20365],[-3.01736,53.20296],[-3.01505,53.20195],[-3.01038,53.19954],[-3.01075,53.19865],[-3.01027,53.19837],[-3.01258,53.19657],[-3.01383,53.19712],[-3.014,53.19756],[-3.01602,53.19666],[-3.01627,53.19636],[-3.01554,53.19603],[-3.01543,53.19557],[-3.01648,53.1959],[-3.01756,53.19525],[-3.01806,53.19548],[-3.01851,53.19503],[-3.01787,53.19494],[-3.01895,53.19383],[-3.0193,53.19441],[-3.01999,53.19462],[-3.02063,53.19539],[-3.01926,53.19566],[-3.01795,53.19665],[-3.0189,53.19749],[-3.01981,53.19735],[-3.021,53.19652],[-3.02141,53.19679],[-3.0187,53.19834],[-3.0215,53.19957],[-3.02319,53.19815],[-3.02602,53.1998],[-3.02524,53.2026],[-3.02462,53.20345],[-3.02329,53.20337],[-3.02153,53.20391],[-3.01966,53.20365]]]}},{"type":"Feature","properties":{"id":"W01000313","name":"W01000313","parent":"W06000005","type":"LSOA","pop":1601,"r":91,"ff":24,"ffd":1499.1,"ffs":0.4211,"g":34,"co":2,"mo":2,"sa":0,"ic":0},"geometry":{"type":"Polygon","coordinates":[[[-3.14071,53.16377],[-3.14107,53.1633],[-3.14047,53.163],[-3.14042,53.16332],[-3.13974,53.16345],[-3.13723,53.16325],[-3.13232,53.16322],[-3.13167,53.16303],[-3.12618,53.15999],[-3.1282,53.15718],[-3.13024,53.15595],[-3.13338,53.15505],[-3.14008,53.15506],[-3.14248,53.15668],[-3.1419,53.15743],[-3.14346,53.15764],[-3.14428,53.15839],[-3.14603,53.15942],[-3.14509,53.16033],[-3.14197,53.16123],[-3.1435,53.16147],[-3.14355,53.16248],[-3.14233,53.16258],[-3.14272,53.16305],[-3.14194,53.16372],[-3.14145,53.16359],[-3.14117,53.16405],[-3.14071,53.16377]]]}},{"type":"Feature","properties":{"id":"W01000314","name":"W01000314","parent":"W06000005","type":"LSOA","pop":1144,"r":83,"ff":24,"ffd":2097.9,"ffs":0.4444,"g":29,"co":2,"mo":2,"sa":0,"ic":0},"geometry":{"type":"Polygon","coordinates":[[[-3.14005,53.16419],[-3.13974,53.16345],[-3.14042,53.16332],[-3.14047,53.163],[-3.14107,53.1633],[-3.14071,53.16377],[-3.14117,53.16405],[-3.14145,53.16359],[-3.14194,53.16372],[-3.14272,53.16305],[-3.14233,53.16258],[-3.14355,53.16248],[-3.1435,53.16147],[-3.14989,53.16308],[-3.14939,53.1637],[-3.14985,53.16393],[-3.14964,53.16427],[-3.15039,53.16446],[-3.14838,53.16595],[-3.14906,53.16678],[-3.14854,53.16695],[-3.14885,53.16755],[-3.14713,53.16786],[-3.14398,53.16921],[-3.14231,53.16771],[-3.14005,53.16419]]]}},{"type":"Feature","properties":{"id":"W01000315","name":"W01000315","parent":"W06000005","type":"LSOA","pop":2003,"r":100,"ff":26,"ffd":1298.1,"ffs":0.4127,"g":37,"co":2,"mo":2,"sa":0,"ic":0},"geometry":{"type":"Polygon","coordinates":[[[-3.143,53.18479],[-3.14134,53.18301],[-3.13915,53.18433],[-3.13808,53.18347],[-3.13734,53.18352],[-3.13636,53.18271],[-3.13483,53.18264],[-3.13406,53.18288],[-3.13239,53.18203],[-3.13104,53.18187],[-3.13,53.18225],[-3.12905,53.18198],[-3.12933,53.18176],[-3.12879,53.181],[-3.12792,53.18043],[-3.12787,53.17965],[-3.12674,53.18004],[-3.12537,53.17964],[-3.12626,53.17869],[-3.12842,53.17775],[-3.13234,53.17687],[-3.13175,53.17642],[-3.12965,53.17591],[-3.12819,53.17418],[-3.12914,53.1735],[-3.12911,53.17196],[-3.12616,53.17203],[-3.12563,53.17194],[-3.12537,53.17146],[-3.12655,53.16911],[-3.12623,53.16695],[-3.12527,53.16462],[-3.12643,53.1618],[-3.12618,53.15999],[-3.13167,53.16303],[-3.13232,53.16322],[-3.13723,53.16325],[-3.13974,53.16345],[-3.14231,53.16771],[-3.13964,53.16903],[-3.13843,53.16997],[-3.14037,53.17064],[-3.14083,53.17214],[-3.14206,53.17356],[-3.14454,53.17496],[-3.1441,53.17554],[-3.1451,53.17583],[-3.14364,53.17816],[-3.14188,53.17752],[-3.14176,53.17902],[-3.1435,53.179],[-3.14446,53.18021],[-3.14638,53.18122],[-3.14816,53.18114],[-3.14709,53.18172],[-3.1462,53.18339],[-3.1461,53.18476],[-3.14399,53.18571],[-3.14342,53.18571],[-3.14234,53.185],[-3.143,53.18479]]]}},{"type":"Feature","properties":{"id":"W01000316","name":"W01000316","parent":"W06000005","type":"LSOA","pop":1138,"r":69,"ff":19,"ffd":1669.6,"ffs":0.4419,"g":26,"co":2,"mo":2,"sa":0,"ic":0},"geometry":{"type":"Polygon","coordinates":[[[-3.16125,53.16752],[-3.16069,53.16753],[-3.1599,53.16822],[-3.1582,53.16847],[-3.15194,53.16696],[-3.14885,53.16755],[-3.14854,53.16695],[-3.14906,53.16678],[-3.14838,53.16595],[-3.15039,53.16446],[-3.14964,53.16427],[-3.14985,53.16393],[-3.14939,53.1637],[-3.14989,53.16308],[-3.14915,53.16292],[-3.15098,53.16292],[-3.15154,53.16315],[-3.1535,53.16279],[-3.15551,53.16337],[-3.15588,53.16375],[-3.15512,53.16389],[-3.15421,53.16373],[-3.15436,53.16342],[-3.15255,53.16322],[-3.15268,53.16379],[-3.1546,53.16418],[-3.15565,53.16413],[-3.15619,53.16439],[-3.15669,53.16402],[-3.15585,53.16288],[-3.155,53.16277],[-3.15725,53.16118],[-3.15669,53.16113],[-3.15769,53.16062],[-3.15922,53.16112],[-3.16264,53.16106],[-3.16263,53.162],[-3.16156,53.16347],[-3.16358,53.16344],[-3.1648,53.16442],[-3.16522,53.16423],[-3.16578,53.1651],[-3.1663,53.16525],[-3.16643,53.16597],[-3.16544,53.16579],[-3.16507,53.16672],[-3.16577,53.16711],[-3.16696,53.16929],[-3.16283,53.16773],[-3.16125,53.16752]]]}},{"type":"Feature","properties":{"id":"W01000317","name":"W01000317","parent":"W06000005","type":"LSOA","pop":1761,"r":72,"ff":36,"ffd":2044.3,"ffs":0.5902,"g":10,"co":2,"mo":3,"sa":0,"ic":0},"geometry":{"type":"Polygon","coordinates":[[[-3.15619,53.16439],[-3.15565,53.16413],[-3.1546,53.16418],[-3.15268,53.16379],[-3.15255,53.16322],[-3.15436,53.16342],[-3.15421,53.16373],[-3.15512,53.16389],[-3.15588,53.16375],[-3.15551,53.16337],[-3.1535,53.16279],[-3.15154,53.16315],[-3.15098,53.16292],[-3.14915,53.16292],[-3.14695,53.16245],[-3.1444,53.16162],[-3.14197,53.16123],[-3.14509,53.16033],[-3.14603,53.15942],[-3.14428,53.15839],[-3.14346,53.15764],[-3.1419,53.15743],[-3.14248,53.15668],[-3.14008,53.15506],[-3.15283,53.15564],[-3.15536,53.15595],[-3.15776,53.15683],[-3.15935,53.15778],[-3.16238,53.15777],[-3.16145,53.15812],[-3.16239,53.1599],[-3.16264,53.16106],[-3.15922,53.16112],[-3.15769,53.16062],[-3.15669,53.16113],[-3.15725,53.16118],[-3.155,53.16277],[-3.15585,53.16288],[-3.15669,53.16402],[-3.15619,53.16439]]]}},{"type":"Feature","properties":{"id":"W01000318","name":"W01000318","parent":"W06000005","type":"LSOA","pop":1181,"r":73,"ff":21,"ffd":1778.2,"ffs":0.4468,"g":26,"co":2,"mo":2,"sa":0,"ic":0},"geometry":{"type":"Polygon","coordinates":[[[-3.15031,53.16953],[-3.14912,53.16908],[-3.14869,53.16948],[-3.1481,53.16936],[-3.1471,53.16965],[-3.14591,53.16886],[-3.14519,53.16909],[-3.1448,53.16885],[-3.14713,53.16786],[-3.15194,53.16696],[-3.1582,53.16847],[-3.1599,53.16822],[-3.16069,53.16753],[-3.16125,53.16752],[-3.16283,53.16773],[-3.1648,53.16844],[-3.16019,53.16985],[-3.15101,53.17159],[-3.15014,53.17133],[-3.15031,53.16953]]]}},{"type":"Feature","properties":{"id":"W01000319","name":"W01000319","parent":"W06000005","type":"LSOA","pop":1452,"r":86,"ff":24,"ffd":1652.9,"ffs":0.4286,"g":30,"co":2,"mo":2,"sa":0,"ic":0},"geometry":{"type":"Polygon","coordinates":[[[-3.14083,53.17214],[-3.14037,53.17064],[-3.13843,53.16997],[-3.13964,53.16903],[-3.14231,53.16771],[-3.14398,53.16921],[-3.1448,53.16885],[-3.14519,53.16909],[-3.14591,53.16886],[-3.1471,53.16965],[-3.1481,53.16936],[-3.14869,53.16948],[-3.14912,53.16908],[-3.15031,53.16953],[-3.15014,53.17133],[-3.15101,53.17159],[-3.16019,53.16985],[-3.1648,53.16844],[-3.16696,53.16929],[-3.16531,53.1709],[-3.16087,53.17244],[-3.16012,53.17335],[-3.15883,53.17351],[-3.15749,53.1741],[-3.15609,53.1753],[-3.15569,53.17575],[-3.15752,53.17653],[-3.15796,53.1778],[-3.15478,53.17789],[-3.14454,53.17496],[-3.14206,53.17356],[-3.14083,53.17214]]]}},{"type":"Feature","properties":{"id":"W01000320","name":"W01000320","parent":"W06000005","type":"LSOA","pop":1896,"r":2,"ff":0,"ffd":0.0,"ffs":0.0,"g":0,"co":3,"mo":3,"sa":3,"ic":1},"geometry":{"type":"Polygon","coordinates":[[[-3.28799,53.32734],[-3.28358,53.32525],[-3.27838,53.32197],[-3.27322,53.32066],[-3.27065,53.32129],[-3.26895,53.32236],[-3.26853,53.32189],[-3.26752,53.32186],[-3.26148,53.32615],[-3.26099,53.32556],[-3.2625,53.32521],[-3.26405,53.32373],[-3.26342,53.32289],[-3.26278,53.32307],[-3.26131,53.32029],[-3.26283,53.31929],[-3.26264,53.31901],[-3.26187,53.31911],[-3.26096,53.31843],[-3.25947,53.31822],[-3.25991,53.31604],[-3.259,53.3155],[-3.25858,53.31473],[-3.25591,53.31364],[-3.25283,53.31368],[-3.24483,53.31079],[-3.23766,53.30774],[-3.23545,53.3072],[-3.23509,53.30605],[-3.23603,53.30594],[-3.23669,53.30443],[-3.23565,53.30587],[-3.22904,53.30357],[-3.22721,53.30263],[-3.22013,53.30063],[-3.22296,53.29918],[-3.22475,53.29889],[-3.22666,53.29738],[-3.22678,53.29665],[-3.22778,53.29619],[-3.2294,53.29607],[-3.22951,53.29566],[-3.23152,53.29459],[-3.2316,53.29417],[-3.23623,53.29285],[-3.23716,53.29191],[-3.23912,53.29125],[-3.23945,53.29078],[-3.24021,53.2907],[-3.241,53.29007],[-3.24222,53.28963],[-3.24576,53.28972],[-3.24834,53.28895],[-3.24985,53.28928],[-3.2512,53.29039],[-3.25257,53.28931],[-3.25566,53.28888],[-3.26097,53.28928],[-3.2631,53.28916],[-3.26266,53.29064],[-3.2636,53.29078],[-3.26388,53.29116],[-3.26632,53.29208],[-3.2673,53.2932],[-3.26722,53.29378],[-3.26785,53.29396],[-3.26764,53.29464],[-3.26936,53.29556],[-3.26892,53.29668],[-3.26914,53.29733],[-3.26728,53.29914],[-3.26906,53.29956],[-3.26945,53.30009],[-3.26883,53.30057],[-3.27092,53.30024],[-3.27061,53.29958],[-3.271,53.29925],[-3.27422,53.29972],[-3.27448,53.30013],[-3.2765,53.29967],[-3.27688,53.29985],[-3.27945,53.29745],[-3.28392,53.29592],[-3.28522,53.29812],[-3.28763,53.30033],[-3.28673,53.30141],[-3.29184,53.30335],[-3.29284,53.30419],[-3.29317,53.30376],[-3.29548,53.30448],[-3.29575,53.30491],[-3.29959,53.3056],[-3.3005,53.30757],[-3.30204,53.3085],[-3.30441,53.30863],[-3.30703,53.30951],[-3.3057,53.31147],[-3.3049,53.3115],[-3.30388,53.31228],[-3.30272,53.31242],[-3.29898,53.3154],[-3.29803,53.3151],[-3.29538,53.31522],[-3.29354,53.31628],[-3.29428,53.31764],[-3.2967,53.31927],[-3.2962,53.32033],[-3.29657,53.32164],[-3.29528,53.32252],[-3.29579,53.32326],[-3.29542,53.32351],[-3.29511,53.32318],[-3.29419,53.32339],[-3.29378,53.32372],[-3.29307,53.3234],[-3.29149,53.32446],[-3.29099,53.32612],[-3.28994,53.32609],[-3.28914,53.32675],[-3.28799,53.32734]]]}},{"type":"Feature","properties":{"id":"W01000321","name":"W01000321","parent":"W06000005","type":"LSOA","pop":1666,"r":100,"ff":26,"ffd":1560.6,"ffs":0.4062,"g":36,"co":2,"mo":2,"sa":0,"ic":0},"geometry":{"type":"Polygon","coordinates":[[[-3.10169,53.1812],[-3.10049,53.18011],[-3.09797,53.18123],[-3.09733,53.18088],[-3.09724,53.18034],[-3.0959,53.1797],[-3.09409,53.17759],[-3.09474,53.17734],[-3.09407,53.1763],[-3.09634,53.17617],[-3.10175,53.17497],[-3.1095,53.17433],[-3.10985,53.17364],[-3.11096,53.17323],[-3.10901,53.17072],[-3.11015,53.17012],[-3.11057,53.17065],[-3.11069,53.17164],[-3.11121,53.17172],[-3.11111,53.17314],[-3.11164,53.17287],[-3.11179,53.17181],[-3.11239,53.17048],[-3.11309,53.17047],[-3.11325,53.17149],[-3.1136,53.17144],[-3.11353,53.16996],[-3.11482,53.16965],[-3.11624,53.1697],[-3.11827,53.17036],[-3.11659,53.17139],[-3.11544,53.17131],[-3.11507,53.17153],[-3.11627,53.17218],[-3.11661,53.1729],[-3.12027,53.17382],[-3.11911,53.1751],[-3.11571,53.17681],[-3.117,53.17775],[-3.11713,53.17872],[-3.11769,53.17904],[-3.11861,53.17899],[-3.11917,53.17848],[-3.12018,53.17923],[-3.12066,53.17999],[-3.12046,53.18079],[-3.11989,53.18085],[-3.11941,53.18044],[-3.11785,53.18067],[-3.11745,53.18097],[-3.1107,53.1807],[-3.10352,53.18108],[-3.10292,53.18046],[-3.10169,53.1812]]]}},{"type":"Feature","properties":{"id":"W01000322","name":"W01000322","parent":"W06000005","type":"LSOA","pop":1351,"r":78,"ff":37,"ffd":2738.7,"ffs":0.5781,"g":13,"co":2,"mo":3,"sa":0,"ic":0},"geometry":{"type":"Polygon","coordinates":[[[-3.11796,53.18241],[-3.11746,53.18238],[-3.11645,53.18361],[-3.11531,53.18312],[-3.11541,53.18085],[-3.11745,53.18097],[-3.11785,53.18067],[-3.11941,53.18044],[-3.11989,53.18085],[-3.12046,53.18079],[-3.12066,53.17999],[-3.12018,53.17923],[-3.11917,53.17848],[-3.11861,53.17899],[-3.11769,53.17904],[-3.11713,53.17872],[-3.117,53.17775],[-3.11571,53.17681],[-3.11911,53.1751],[-3.12027,53.17382],[-3.11661,53.1729],[-3.11627,53.17218],[-3.11507,53.17153],[-3.11544,53.17131],[-3.11659,53.17139],[-3.11827,53.17036],[-3.11624,53.1697],[-3.11482,53.16965],[-3.11353,53.16996],[-3.1136,53.17144],[-3.11325,53.17149],[-3.11309,53.17047],[-3.11239,53.17048],[-3.11179,53.17181],[-3.11164,53.17287],[-3.11111,53.17314],[-3.11121,53.17172],[-3.11069,53.17164],[-3.11057,53.17065],[-3.11125,53.17062],[-3.11082,53.1704],[-3.11086,53.16981],[-3.11193,53.16763],[-3.11246,53.16767],[-3.1126,53.16722],[-3.112,53.16717],[-3.11213,53.16654],[-3.11303,53.16634],[-3.11668,53.16649],[-3.12356,53.16535],[-3.12556,53.16537],[-3.12623,53.16695],[-3.12655,53.16911],[-3.12537,53.17146],[-3.12563,53.17194],[-3.12911,53.17196],[-3.12914,53.1735],[-3.12819,53.17418],[-3.12965,53.17591],[-3.13175,53.17642],[-3.13234,53.17687],[-3.12842,53.17775],[-3.12626,53.17869],[-3.12537,53.17964],[-3.12674,53.18004],[-3.12787,53.17965],[-3.12792,53.18043],[-3.12643,53.18064],[-3.12608,53.18164],[-3.12414,53.18224],[-3.1235,53.18302],[-3.12445,53.18329],[-3.12143,53.18484],[-3.11796,53.18241]]]}},{"type":"Feature","properties":{"id":"W01000323","name":"W01000323","parent":"W06000005","type":"LSOA","pop":1572,"r":110,"ff":29,"ffd":1844.8,"ffs":0.4028,"g":38,"co":2,"mo":2,"sa":0,"ic":0},"geometry":{"type":"Polygon","coordinates":[[[-3.12275,53.22181],[-3.11852,53.21674],[-3.11664,53.21553],[-3.11443,53.2132],[-3.11339,53.21298],[-3.1122,53.21223],[-3.11158,53.21054],[-3.10995,53.21084],[-3.10958,53.20748],[-3.10895,53.20587],[-3.10699,53.2058],[-3.10697,53.2055],[-3.10812,53.20536],[-3.10874,53.20373],[-3.11017,53.20403],[-3.11128,53.20252],[-3.11016,53.20185],[-3.11052,53.20061],[-3.11121,53.20075],[-3.11277,53.19904],[-3.11201,53.1956],[-3.11415,53.19458],[-3.11063,53.19379],[-3.10994,53.19284],[-3.10654,53.19358],[-3.10642,53.19405],[-3.10536,53.19458],[-3.1036,53.19362],[-3.10121,53.19348],[-3.09891,53.19401],[-3.09472,53.1929],[-3.09218,53.19104],[-3.09311,53.19025],[-3.09297,53.18997],[-3.0934,53.18994],[-3.09295,53.18976],[-3.09322,53.18899],[-3.09602,53.1881],[-3.09748,53.18645],[-3.09808,53.18639],[-3.09885,53.18452],[-3.10126,53.18468],[-3.10168,53.1837],[-3.10028,53.18317],[-3.10143,53.18271],[-3.1012,53.18221],[-3.10379,53.18166],[-3.10352,53.18108],[-3.1107,53.1807],[-3.11541,53.18085],[-3.11531,53.18312],[-3.11645,53.18361],[-3.11746,53.18238],[-3.11796,53.18241],[-3.12143,53.18484],[-3.12224,53.18442],[-3.12292,53.18528],[-3.12306,53.18829],[-3.1238,53.18884],[-3.12519,53.18867],[-3.12603,53.18804],[-3.1269,53.18689],[-3.12771,53.18819],[-3.1268,53.18879],[-3.12713,53.18907],[-3.12746,53.18892],[-3.12898,53.18973],[-3.12957,53.18939],[-3.12932,53.18886],[-3.12998,53.18882],[-3.13053,53.18898],[-3.13066,53.18996],[-3.13148,53.19029],[-3.13129,53.19044],[-3.1288,53.19059],[-3.12652,53.19018],[-3.12496,53.19136],[-3.12677,53.19239],[-3.12902,53.19319],[-3.13456,53.19314],[-3.13616,53.1928],[-3.13741,53.19325],[-3.14511,53.19352],[-3.14834,53.19625],[-3.14707,53.19788],[-3.14872,53.19738],[-3.14951,53.19768],[-3.15077,53.19739],[-3.15155,53.19761],[-3.15358,53.19679],[-3.15449,53.19678],[-3.15348,53.19697],[-3.15433,53.19858],[-3.15355,53.1997],[-3.15386,53.20058],[-3.153,53.20112],[-3.15422,53.2013],[-3.15427,53.20153],[-3.15358,53.20155],[-3.15413,53.20369],[-3.15378,53.20401],[-3.15268,53.20414],[-3.15311,53.20499],[-3.15284,53.20735],[-3.15381,53.21125],[-3.15304,53.21202],[-3.15181,53.21275],[-3.15248,53.21359],[-3.15275,53.21517],[-3.15213,53.21644],[-3.15245,53.21769],[-3.1519,53.21831],[-3.15166,53.21987],[-3.15094,53.21953],[-3.14847,53.21968],[-3.14674,53.21901],[-3.14394,53.21866],[-3.14282,53.21793],[-3.14021,53.21707],[-3.13676,53.21728],[-3.13525,53.21708],[-3.13272,53.21731],[-3.13045,53.21877],[-3.12726,53.21969],[-3.12476,53.2213],[-3.12275,53.22181]]]}},{"type":"Feature","properties":{"id":"W01000324","name":"W01000324","parent":"W06000005","type":"LSOA","pop":1468,"r":100,"ff":47,"ffd":3201.6,"ffs":0.5663,"g":16,"co":2,"mo":3,"sa":0,"ic":0},"geometry":{"type":"Polygon","coordinates":[[[-3.13741,53.19325],[-3.13616,53.1928],[-3.13456,53.19314],[-3.12902,53.19319],[-3.12677,53.19239],[-3.12496,53.19136],[-3.12652,53.19018],[-3.1288,53.19059],[-3.13129,53.19044],[-3.13148,53.19029],[-3.13066,53.18996],[-3.13053,53.18898],[-3.12998,53.18882],[-3.12932,53.18886],[-3.12957,53.18939],[-3.12898,53.18973],[-3.12746,53.18892],[-3.12713,53.18907],[-3.1268,53.18879],[-3.12771,53.18819],[-3.1269,53.18689],[-3.12603,53.18804],[-3.12519,53.18867],[-3.1238,53.18884],[-3.12306,53.18829],[-3.12292,53.18528],[-3.12224,53.18442],[-3.12445,53.18329],[-3.1235,53.18302],[-3.12414,53.18224],[-3.12608,53.18164],[-3.12643,53.18064],[-3.12792,53.18043],[-3.12879,53.181],[-3.12933,53.18176],[-3.12905,53.18198],[-3.13,53.18225],[-3.13104,53.18187],[-3.13239,53.18203],[-3.13406,53.18288],[-3.13483,53.18264],[-3.13636,53.18271],[-3.13734,53.18352],[-3.13808,53.18347],[-3.13915,53.18433],[-3.14134,53.18301],[-3.143,53.18479],[-3.14234,53.185],[-3.14342,53.18571],[-3.14399,53.18571],[-3.14196,53.18617],[-3.14268,53.18707],[-3.14097,53.18756],[-3.14262,53.19083],[-3.14511,53.19352],[-3.13741,53.19325]]]}},{"type":"Feature","properties":{"id":"W01000325","name":"W01000325","parent":"W06000005","type":"LSOA","pop":1819,"r":108,"ff":28,"ffd":1539.3,"ffs":0.4,"g":38,"co":2,"mo":2,"sa":0,"ic":0},"geometry":{"type":"Polygon","coordinates":[[[-3.10383,53.21739],[-3.10303,53.21701],[-3.10233,53.21709],[-3.10172,53.21662],[-3.10162,53.21266],[-3.10069,53.21264],[-3.09945,53.21216],[-3.09766,53.21119],[-3.09762,53.21082],[-3.0964,53.21069],[-3.09405,53.20981],[-3.09263,53.20991],[-3.09224,53.20874],[-3.09119,53.20776],[-3.09242,53.2072],[-3.09007,53.20594],[-3.09059,53.20545],[-3.08716,53.20342],[-3.08681,53.2038],[-3.08594,53.20212],[-3.08418,53.20287],[-3.08223,53.20317],[-3.08136,53.20182],[-3.0813,53.20079],[-3.0788,53.20086],[-3.07903,53.20003],[-3.079,53.199],[-3.08104,53.19898],[-3.0809,53.19847],[-3.082,53.1982],[-3.08239,53.19696],[-3.08444,53.19644],[-3.08477,53.19603],[-3.08575,53.19602],[-3.08627,53.19558],[-3.08744,53.19543],[-3.08927,53.19453],[-3.08977,53.19389],[-3.09114,53.1936],[-3.09129,53.19187],[-3.09218,53.19104],[-3.09472,53.1929],[-3.09891,53.19401],[-3.10121,53.19348],[-3.1036,53.19362],[-3.10536,53.19458],[-3.10642,53.19405],[-3.10654,53.19358],[-3.10994,53.19284],[-3.11063,53.19379],[-3.11415,53.19458],[-3.11201,53.1956],[-3.11277,53.19904],[-3.11121,53.20075],[-3.11052,53.20061],[-3.11016,53.20185],[-3.11128,53.20252],[-3.11017,53.20403],[-3.10874,53.20373],[-3.10812,53.20536],[-3.10697,53.2055],[-3.10699,53.2058],[-3.10895,53.20587],[-3.10958,53.20748],[-3.10995,53.21084],[-3.11158,53.21054],[-3.1122,53.21223],[-3.11339,53.21298],[-3.11179,53.2132],[-3.11065,53.21463],[-3.11028,53.21465],[-3.11044,53.21396],[-3.10978,53.214],[-3.10835,53.21459],[-3.10729,53.21549],[-3.1063,53.21553],[-3.10585,53.21741],[-3.10383,53.21739]]]}},{"type":"Feature","properties":{"id":"W01000326","name":"W01000326","parent":"W06000005","type":"LSOA","pop":2345,"r":85,"ff":18,"ffd":767.6,"ffs":0.36,"g":35,"co":0,"mo":0,"sa":2,"ic":0},"geometry":{"type":"Polygon","coordinates":[[[-3.03548,53.15432],[-3.03345,53.1525],[-3.03267,53.15286],[-3.03278,53.14918],[-3.03465,53.14199],[-3.0319,53.14063],[-3.02808,53.13955],[-3.02835,53.13897],[-3.02781,53.13764],[-3.02562,53.13788],[-3.02493,53.13605],[-3.03124,53.13503],[-3.03434,53.13488],[-3.03452,53.13546],[-3.03707,53.13421],[-3.03793,53.13518],[-3.04109,53.13439],[-3.04151,53.13493],[-3.04393,53.13352],[-3.04491,53.13321],[-3.04582,53.13258],[-3.0446,53.13151],[-3.04582,53.13114],[-3.04826,53.13282],[-3.05057,53.13074],[-3.05172,53.13136],[-3.05243,53.13073],[-3.05159,53.12944],[-3.05213,53.13011],[-3.05369,53.13036],[-3.05412,53.13098],[-3.05514,53.13099],[-3.055,53.13211],[-3.0563,53.13248],[-3.05859,53.1338],[-3.05921,53.13632],[-3.06031,53.13686],[-3.06065,53.13751],[-3.06215,53.1383],[-3.06285,53.13916],[-3.05968,53.1397],[-3.05981,53.14017],[-3.05935,53.14043],[-3.05978,53.1412],[-3.05902,53.14182],[-3.0595,53.14226],[-3.05913,53.14367],[-3.05847,53.14441],[-3.05715,53.14506],[-3.05568,53.14512],[-3.05507,53.1442],[-3.05474,53.14198],[-3.05257,53.1432],[-3.05287,53.14513],[-3.05245,53.14638],[-3.05176,53.14728],[-3.04714,53.15115],[-3.0449,53.14853],[-3.04629,53.14713],[-3.0451,53.14672],[-3.04453,53.14684],[-3.04434,53.14386],[-3.04071,53.14317],[-3.0408,53.1451],[-3.04018,53.14612],[-3.0412,53.14708],[-3.0408,53.14786],[-3.04137,53.14852],[-3.04113,53.14972],[-3.03478,53.15187],[-3.03649,53.15281],[-3.03548,53.15432]]]}},{"type":"Feature","properties":{"id":"W01000327","name":"W01000327","parent":"W06000005","type":"LSOA","pop":2713,"r":93,"ff":22,"ffd":810.9,"ffs":0.3929,"g":37,"co":0,"mo":0,"sa":2,"ic":0},"geometry":{"type":"Polygon","coordinates":[[[-3.01843,53.17209],[-3.01697,53.16412],[-3.0173,53.16414],[-3.01762,53.16233],[-3.01719,53.16193],[-3.01783,53.16167],[-3.01622,53.15936],[-3.01525,53.15935],[-3.01446,53.15797],[-3.01526,53.15773],[-3.01477,53.15724],[-3.01404,53.15734],[-3.01381,53.15697],[-3.01407,53.15664],[-3.01607,53.15614],[-3.01517,53.15378],[-3.01581,53.15397],[-3.01782,53.15359],[-3.01907,53.15405],[-3.0241,53.15375],[-3.027,53.15409],[-3.02741,53.15463],[-3.0286,53.15495],[-3.03056,53.15495],[-3.03159,53.15538],[-3.03201,53.15603],[-3.03271,53.15619],[-3.0323,53.15309],[-3.03345,53.1525],[-3.03548,53.15432],[-3.03649,53.15281],[-3.03478,53.15187],[-3.04113,53.14972],[-3.04137,53.14852],[-3.0408,53.14786],[-3.0412,53.14708],[-3.04018,53.14612],[-3.0408,53.1451],[-3.04071,53.14317],[-3.04434,53.14386],[-3.04453,53.14684],[-3.0451,53.14672],[-3.04629,53.14713],[-3.0449,53.14853],[-3.04714,53.15115],[-3.05176,53.14728],[-3.05245,53.14638],[-3.05287,53.14513],[-3.05257,53.1432],[-3.05474,53.14198],[-3.05507,53.1442],[-3.05568,53.14512],[-3.05531,53.14515],[-3.0566,53.14696],[-3.05984,53.14859],[-3.06045,53.14931],[-3.06039,53.1501],[-3.0596,53.15082],[-3.05896,53.15092],[-3.05628,53.15036],[-3.05601,53.1509],[-3.05868,53.15146],[-3.05755,53.1519],[-3.05708,53.1533],[-3.0572,53.15659],[-3.05618,53.15666],[-3.05739,53.15732],[-3.0566,53.15909],[-3.05576,53.15909],[-3.05528,53.15947],[-3.05547,53.16],[-3.05457,53.15983],[-3.05437,53.16163],[-3.05251,53.16452],[-3.05249,53.16547],[-3.04384,53.16859],[-3.03971,53.17123],[-3.03954,53.17103],[-3.03824,53.17121],[-3.03694,53.17066],[-3.0354,53.17165],[-3.03439,53.17136],[-3.03287,53.17291],[-3.0321,53.1727],[-3.03256,53.17152],[-3.03049,53.17115],[-3.02992,53.17202],[-3.02876,53.17251],[-3.0252,53.17082],[-3.02571,53.17142],[-3.02537,53.17229],[-3.02356,53.17489],[-3.02118,53.17445],[-3.01951,53.17379],[-3.01867,53.17306],[-3.01843,53.17209]]]}},{"type":"Feature","properties":{"id":"W01000328","name":"W01000328","parent":"W06000005","type":"LSOA","pop":2016,"r":94,"ff":25,"ffd":1240.1,"ffs":0.4098,"g":33,"co":0,"mo":2,"sa":2,"ic":0},"geometry":{"type":"Polygon","coordinates":[[[-3.01429,53.20963],[-3.01487,53.20919],[-3.01373,53.20945],[-2.99158,53.20157],[-2.99248,53.20087],[-2.99139,53.2015],[-2.99059,53.20131],[-2.96954,53.19381],[-2.96951,53.19347],[-2.97001,53.19293],[-2.9708,53.19073],[-2.9721,53.18957],[-2.97606,53.18924],[-2.97954,53.18947],[-2.98227,53.18797],[-2.98291,53.18674],[-2.98658,53.18482],[-3.0007,53.19393],[-3.01038,53.19954],[-3.01505,53.20195],[-3.01736,53.20296],[-3.01966,53.20365],[-3.02153,53.20391],[-3.02329,53.20337],[-3.02462,53.20345],[-3.02534,53.20389],[-3.02503,53.20451],[-3.02534,53.20485],[-3.02626,53.20472],[-3.02811,53.20524],[-3.0272,53.20626],[-3.02917,53.207],[-3.02867,53.20757],[-3.02961,53.20799],[-3.02364,53.21272],[-3.01429,53.20963]]]}},{"type":"Feature","properties":{"id":"W01000329","name":"W01000329","parent":"W06000005","type":"LSOA","pop":1754,"r":81,"ff":32,"ffd":1824.4,"ffs":0.4848,"g":14,"co":0,"mo":1,"sa":2,"ic":0},"geometry":{"type":"Polygon","coordinates":[[[-2.94778,53.18614],[-2.94787,53.18583],[-2.94752,53.18605],[-2.9392,53.18309],[-2.93923,53.18269],[-2.93869,53.18289],[-2.93383,53.18132],[-2.93132,53.1812],[-2.93161,53.18035],[-2.93097,53.18126],[-2.92039,53.18222],[-2.92032,53.17943],[-2.95035,53.17471],[-2.95098,53.17735],[-2.94954,53.17833],[-2.9493,53.18046],[-2.95831,53.18271],[-2.97606,53.18924],[-2.9721,53.18957],[-2.9708,53.19073],[-2.97001,53.19293],[-2.96913,53.1937],[-2.94778,53.18614]]]}},{"type":"Feature","properties":{"id":"W01000330","name":"W01000330","parent":"W06000005","type":"LSOA","pop":2056,"r":179,"ff":72,"ffd":3501.9,"ffs":0.5414,"g":44,"co":0,"mo":0,"sa":0,"ic":0},"geometry":{"type":"Polygon","coordinates":[[[-2.9209,53.17719],[-2.92285,53.17529],[-2.92659,53.17336],[-2.92732,53.1718],[-2.9278,53.17147],[-2.93032,53.17063],[-2.93083,53.17093],[-2.92996,53.17081],[-2.9297,53.17143],[-2.93065,53.17181],[-2.92858,53.17284],[-2.92956,53.17333],[-2.92978,53.17388],[-2.92913,53.17408],[-2.92762,53.17347],[-2.92814,53.1746],[-2.92709,53.17503],[-2.92773,53.17527],[-2.92908,53.17497],[-2.92962,53.17449],[-2.93023,53.17538],[-2.93109,53.17536],[-2.93153,53.17591],[-2.93172,53.17632],[-2.93084,53.17653],[-2.9314,53.1771],[-2.9329,53.17687],[-2.93277,53.17749],[-2.92032,53.17943],[-2.9209,53.17719]]]}},{"type":"Feature","properties":{"id":"W01000331","name":"W01000331","parent":"W06000005","type":"LSOA","pop":1389,"r":169,"ff":68,"ffd":4895.6,"ffs":0.544,"g":42,"co":0,"mo":0,"sa":0,"ic":0},"geometry":{"type":"Polygon","coordinates":[[[-2.93277,53.17749],[-2.9329,53.17687],[-2.9314,53.1771],[-2.93084,53.17653],[-2.93172,53.17632],[-2.93153,53.17591],[-2.93109,53.17536],[-2.93023,53.17538],[-2.92962,53.17449],[-2.92908,53.17497],[-2.92773,53.17527],[-2.92709,53.17503],[-2.92814,53.1746],[-2.92762,53.17347],[-2.92913,53.17408],[-2.92978,53.17388],[-2.92956,53.17333],[-2.92858,53.17284],[-2.93065,53.17181],[-2.9297,53.17143],[-2.92996,53.17081],[-2.93083,53.17093],[-2.93032,53.17063],[-2.93376,53.16944],[-2.94031,53.16674],[-2.94583,53.1752],[-2.94834,53.17498],[-2.93277,53.17749]]]}},{"type":"Feature","properties":{"id":"W01000332","name":"W01000332","parent":"W06000005","type":"LSOA","pop":2258,"r":97,"ff":24,"ffd":1062.9,"ffs":0.3934,"g":36,"co":0,"mo":2,"sa":2,"ic":0},"geometry":{"type":"Polygon","coordinates":[[[-2.98491,53.22847],[-2.98042,53.22651],[-2.97376,53.22303],[-2.96594,53.21859],[-2.95206,53.21251],[-2.94922,53.21108],[-2.94616,53.20676],[-2.94368,53.20403],[-2.93903,53.19934],[-2.93553,53.19641],[-2.92906,53.19419],[-2.92516,53.19105],[-2.9223,53.18929],[-2.92049,53.18291],[-2.9215,53.18264],[-2.93079,53.18192],[-2.93311,53.18196],[-2.93482,53.18233],[-3.01537,53.21106],[-3.01363,53.21146],[-3.01161,53.21262],[-3.01069,53.2128],[-3.01101,53.21382],[-3.01017,53.21409],[-3.00893,53.21389],[-3.00936,53.21347],[-3.00864,53.21322],[-3.00847,53.2123],[-3.00644,53.21289],[-3.00527,53.21221],[-3.00386,53.21192],[-3.00114,53.21327],[-2.9997,53.21343],[-2.99767,53.21302],[-2.99593,53.21344],[-2.99546,53.21423],[-2.99576,53.21463],[-2.99698,53.21473],[-2.9984,53.21409],[-3.00279,53.21531],[-3.00282,53.21619],[-3.0036,53.21599],[-3.0035,53.21665],[-3.00526,53.21652],[-3.00541,53.21608],[-3.00997,53.21743],[-3.01122,53.21748],[-3.00954,53.21833],[-3.0085,53.22093],[-3.00997,53.22451],[-3.01155,53.22607],[-3.01125,53.22631],[-3.01243,53.22687],[-3.01358,53.22604],[-3.01684,53.22769],[-3.01955,53.22611],[-3.0233,53.2297],[-3.02287,53.22994],[-3.023,53.23082],[-3.01979,53.23573],[-3.01991,53.23623],[-3.01878,53.23743],[-3.01882,53.23789],[-3.02028,53.23824],[-3.01645,53.24408],[-2.99299,53.23321],[-2.98491,53.22847]]]}},{"type":"Feature","properties":{"id":"W01000333","name":"W01000333","parent":"W06000005","type":"LSOA","pop":1537,"r":97,"ff":22,"ffd":1431.4,"ffs":0.3667,"g":37,"co":0,"mo":2,"sa":2,"ic":0},"geometry":{"type":"Polygon","coordinates":[[[-3.02028,53.23824],[-3.01882,53.23789],[-3.01878,53.23743],[-3.01991,53.23623],[-3.01979,53.23573],[-3.023,53.23082],[-3.02287,53.22994],[-3.0233,53.2297],[-3.01955,53.22611],[-3.01684,53.22769],[-3.01358,53.22604],[-3.01243,53.22687],[-3.01125,53.22631],[-3.01155,53.22607],[-3.00997,53.22451],[-3.0085,53.22093],[-3.00954,53.21833],[-3.01122,53.21748],[-3.00997,53.21743],[-3.00541,53.21608],[-3.00526,53.21652],[-3.0035,53.21665],[-3.0036,53.21599],[-3.00282,53.21619],[-3.00279,53.21531],[-2.9984,53.21409],[-2.99698,53.21473],[-2.99576,53.21463],[-2.99546,53.21423],[-2.99593,53.21344],[-2.99767,53.21302],[-2.9997,53.21343],[-3.00114,53.21327],[-3.00386,53.21192],[-3.00527,53.21221],[-3.00644,53.21289],[-3.00847,53.2123],[-3.00864,53.21322],[-3.00936,53.21347],[-3.00893,53.21389],[-3.01017,53.21409],[-3.01101,53.21382],[-3.01069,53.2128],[-3.01161,53.21262],[-3.01363,53.21146],[-3.01537,53.21106],[-3.02523,53.21457],[-3.04077,53.22051],[-3.02952,53.23146],[-3.0306,53.23403],[-3.02534,53.23375],[-3.02296,53.23878],[-3.02028,53.23824]]]}},{"type":"Feature","properties":{"id":"W01000334","name":"W01000334","parent":"W06000005","type":"LSOA","pop":1726,"r":97,"ff":22,"ffd":1274.6,"ffs":0.3667,"g":37,"co":0,"mo":0,"sa":2,"ic":0},"geometry":{"type":"Polygon","coordinates":[[[-3.02364,53.21272],[-3.02961,53.20799],[-3.03473,53.20996],[-3.04377,53.20428],[-3.04458,53.20456],[-3.0452,53.20435],[-3.04595,53.20478],[-3.0431,53.208],[-3.03404,53.21655],[-3.02364,53.21272]]]}},{"type":"Feature","properties":{"id":"W01000335","name":"W01000335","parent":"W06000005","type":"LSOA","pop":1164,"r":105,"ff":27,"ffd":2319.6,"ffs":0.403,"g":38,"co":0,"mo":0,"sa":2,"ic":0},"geometry":{"type":"Polygon","coordinates":[[[-3.03735,53.20505],[-3.03771,53.20482],[-3.03836,53.20496],[-3.03938,53.2044],[-3.03688,53.20304],[-3.03504,53.20419],[-3.03375,53.20423],[-3.03355,53.20366],[-3.03238,53.20343],[-3.03259,53.20304],[-3.03447,53.20219],[-3.03422,53.20184],[-3.03506,53.20141],[-3.03553,53.20161],[-3.03646,53.20113],[-3.03688,53.20044],[-3.03735,53.20063],[-3.03932,53.20026],[-3.04186,53.20142],[-3.0416,53.20177],[-3.04331,53.2027],[-3.04377,53.20428],[-3.0391,53.20709],[-3.03725,53.20647],[-3.03879,53.2063],[-3.03735,53.20505]]]}},{"type":"Feature","properties":{"id":"W01000336","name":"W01000336","parent":"W06000005","type":"LSOA","pop":1398,"r":99,"ff":23,"ffd":1645.2,"ffs":0.377,"g":38,"co":0,"mo":0,"sa":2,"ic":0},"geometry":{"type":"Polygon","coordinates":[[[-3.02811,53.20524],[-3.02626,53.20472],[-3.02534,53.20485],[-3.02503,53.20451],[-3.02534,53.20389],[-3.02794,53.20379],[-3.0299,53.20336],[-3.03319,53.20206],[-3.03627,53.20018],[-3.03688,53.20044],[-3.03646,53.20113],[-3.03553,53.20161],[-3.03506,53.20141],[-3.03422,53.20184],[-3.03447,53.20219],[-3.03259,53.20304],[-3.03238,53.20343],[-3.03355,53.20366],[-3.03375,53.20423],[-3.03504,53.20419],[-3.03688,53.20304],[-3.03938,53.2044],[-3.03836,53.20496],[-3.03771,53.20482],[-3.03735,53.20505],[-3.03879,53.2063],[-3.03725,53.20647],[-3.0391,53.20709],[-3.03473,53.20996],[-3.02867,53.20757],[-3.02917,53.207],[-3.0272,53.20626],[-3.02811,53.20524]]]}},{"type":"Feature","properties":{"id":"W01000337","name":"W01000337","parent":"W06000005","type":"LSOA","pop":2133,"r":98,"ff":22,"ffd":1031.4,"ffs":0.3667,"g":38,"co":0,"mo":0,"sa":2,"ic":0},"geometry":{"type":"MultiPolygon","coordinates":[[[[-3.04517,53.21485],[-3.04499,53.21447],[-3.0453,53.21507],[-3.04517,53.21485]]],[[[-3.04004,53.21885],[-3.04037,53.21848],[-3.03972,53.21872],[-3.03786,53.21827],[-3.03404,53.21655],[-3.0431,53.208],[-3.04595,53.20478],[-3.04896,53.20669],[-3.05001,53.20613],[-3.05307,53.20768],[-3.05115,53.20918],[-3.05107,53.20951],[-3.05166,53.20949],[-3.05144,53.20987],[-3.0507,53.20992],[-3.05031,53.21084],[-3.04897,53.21078],[-3.04911,53.2112],[-3.04743,53.21179],[-3.04756,53.21221],[-3.04662,53.21243],[-3.04575,53.2134],[-3.04355,53.21461],[-3.04415,53.21467],[-3.04465,53.21447],[-3.04538,53.21525],[-3.04654,53.21587],[-3.04595,53.21626],[-3.04606,53.21723],[-3.04393,53.22002],[-3.04004,53.21885]]]]}},{"type":"Feature","properties":{"id":"W01000338","name":"W01000338","parent":"W06000005","type":"LSOA","pop":1732,"r":39,"ff":5,"ffd":288.7,"ffs":0.4545,"g":27,"co":2,"mo":2,"sa":2,"ic":0},"geometry":{"type":"Polygon","coordinates":[[[-3.3483,53.32954],[-3.34377,53.32585],[-3.34147,53.32736],[-3.34161,53.32764],[-3.33963,53.32872],[-3.33734,53.32742],[-3.33729,53.32652],[-3.3328,53.32501],[-3.33261,53.32581],[-3.33037,53.32524],[-3.32878,53.32534],[-3.32883,53.32608],[-3.32193,53.32396],[-3.3227,53.32362],[-3.32286,53.32295],[-3.3199,53.3224],[-3.3178,53.32229],[-3.31706,53.32254],[-3.31253,53.32158],[-3.31143,53.32178],[-3.30788,53.32122],[-3.30463,53.32139],[-3.30286,53.32239],[-3.29951,53.32284],[-3.29936,53.32361],[-3.29856,53.32378],[-3.29766,53.32332],[-3.29579,53.32326],[-3.29528,53.32252],[-3.29657,53.32164],[-3.2962,53.32033],[-3.2967,53.31927],[-3.29428,53.31764],[-3.29354,53.31628],[-3.29538,53.31522],[-3.29803,53.3151],[-3.29898,53.3154],[-3.30272,53.31242],[-3.30388,53.31228],[-3.3049,53.3115],[-3.3057,53.31147],[-3.30767,53.3088],[-3.30679,53.30856],[-3.30719,53.30797],[-3.30626,53.30733],[-3.30579,53.30598],[-3.30949,53.30732],[-3.31552,53.30601],[-3.31885,53.30407],[-3.32139,53.30309],[-3.32406,53.3018],[-3.32551,53.30042],[-3.32703,53.30058],[-3.32713,53.30026],[-3.33276,53.29855],[-3.33719,53.2968],[-3.34234,53.29958],[-3.34306,53.29912],[-3.34808,53.29787],[-3.35441,53.29753],[-3.35575,53.29698],[-3.36197,53.29815],[-3.36224,53.29451],[-3.36604,53.2932],[-3.36958,53.29274],[-3.37203,53.29283],[-3.37518,53.29161],[-3.37661,53.29233],[-3.37578,53.29315],[-3.37556,53.2941],[-3.3766,53.29566],[-3.379,53.29468],[-3.37973,53.29496],[-3.38163,53.29745],[-3.38163,53.29971],[-3.38223,53.30105],[-3.38393,53.30075],[-3.38632,53.3008],[-3.38722,53.30011],[-3.38881,53.30049],[-3.39191,53.30046],[-3.39223,53.30131],[-3.39424,53.30169],[-3.39383,53.30334],[-3.39303,53.30436],[-3.3941,53.30572],[-3.38952,53.30601],[-3.38972,53.30746],[-3.39082,53.30851],[-3.38767,53.30893],[-3.38798,53.30947],[-3.38645,53.30997],[-3.38725,53.31056],[-3.38038,53.31394],[-3.3813,53.31583],[-3.38563,53.31487],[-3.38827,53.31466],[-3.39108,53.31364],[-3.39356,53.31319],[-3.39234,53.31137],[-3.39765,53.30964],[-3.39816,53.31001],[-3.39881,53.3116],[-3.4006,53.31383],[-3.3999,53.31429],[-3.39935,53.31585],[-3.40023,53.31763],[-3.39972,53.31804],[-3.39808,53.3184],[-3.3971,53.31922],[-3.39746,53.31977],[-3.39696,53.32205],[-3.39597,53.32334],[-3.39588,53.32424],[-3.39346,53.32698],[-3.3919,53.32719],[-3.39091,53.3254],[-3.38991,53.32453],[-3.39056,53.32362],[-3.39047,53.32274],[-3.38822,53.32332],[-3.38147,53.32618],[-3.37616,53.32768],[-3.3752,53.32741],[-3.37113,53.32828],[-3.36968,53.32692],[-3.36728,53.32575],[-3.36515,53.32575],[-3.35634,53.32659],[-3.35191,53.32774],[-3.3483,53.32954]]]}},{"type":"Feature","properties":{"id":"W01000339","name":"W01000339","parent":"W06000005","type":"LSOA","pop":1627,"r":44,"ff":12,"ffd":737.6,"ffs":0.4615,"g":18,"co":2,"mo":3,"sa":2,"ic":0},"geometry":{"type":"Polygon","coordinates":[[[-3.1126,53.13236],[-3.11007,53.13065],[-3.10822,53.13012],[-3.10294,53.1304],[-3.10161,53.12972],[-3.10151,53.12907],[-3.09781,53.1271],[-3.09724,53.12712],[-3.09383,53.12618],[-3.09127,53.126],[-3.09087,53.12515],[-3.09202,53.12486],[-3.09444,53.12302],[-3.09311,53.12086],[-3.09017,53.11904],[-3.08922,53.11788],[-3.08915,53.11305],[-3.08805,53.11232],[-3.08489,53.11111],[-3.08088,53.10729],[-3.08296,53.10541],[-3.08268,53.10446],[-3.08371,53.10512],[-3.08571,53.10759],[-3.08649,53.10785],[-3.08686,53.10769],[-3.08718,53.10816],[-3.08858,53.10859],[-3.08975,53.10815],[-3.09266,53.10886],[-3.09375,53.10816],[-3.09375,53.10782],[-3.09556,53.10723],[-3.09551,53.10681],[-3.09653,53.10686],[-3.09725,53.10648],[-3.09808,53.10668],[-3.09954,53.10626],[-3.10037,53.10571],[-3.10104,53.10578],[-3.10393,53.10411],[-3.10786,53.103],[-3.11163,53.10295],[-3.11203,53.10233],[-3.11529,53.10154],[-3.11659,53.10059],[-3.11836,53.10032],[-3.12115,53.09765],[-3.12121,53.09669],[-3.12159,53.09664],[-3.12127,53.09616],[-3.12184,53.09599],[-3.12145,53.0946],[-3.12231,53.09447],[-3.12467,53.09289],[-3.12609,53.09288],[-3.12651,53.0921],[-3.12779,53.09174],[-3.12811,53.09108],[-3.12977,53.09033],[-3.13165,53.09006],[-3.13441,53.08894],[-3.13667,53.08699],[-3.13823,53.08674],[-3.13905,53.08615],[-3.1404,53.08064],[-3.14074,53.08055],[-3.14306,53.0843],[-3.14342,53.08457],[-3.1445,53.08419],[-3.14608,53.08463],[-3.14574,53.08498],[-3.14734,53.08616],[-3.14598,53.08654],[-3.14718,53.08694],[-3.14711,53.08737],[-3.14781,53.08738],[-3.14684,53.08858],[-3.14826,53.08965],[-3.14827,53.09128],[-3.15085,53.09232],[-3.15088,53.09268],[-3.15183,53.09319],[-3.15012,53.09552],[-3.1504,53.09587],[-3.14946,53.09693],[-3.14978,53.09718],[-3.1491,53.09747],[-3.14774,53.09938],[-3.14811,53.10034],[-3.1469,53.10079],[-3.14766,53.10124],[-3.14717,53.10148],[-3.14727,53.10231],[-3.14628,53.10298],[-3.14591,53.10395],[-3.1484,53.1043],[-3.14999,53.10417],[-3.15139,53.10469],[-3.15458,53.10515],[-3.15698,53.10488],[-3.16322,53.10578],[-3.16998,53.10827],[-3.1726,53.11099],[-3.17064,53.11153],[-3.16998,53.11136],[-3.1655,53.11166],[-3.16363,53.11227],[-3.16049,53.1118],[-3.16032,53.11247],[-3.15937,53.11255],[-3.15823,53.1122],[-3.15561,53.1126],[-3.15399,53.11333],[-3.15274,53.11475],[-3.15077,53.11551],[-3.14675,53.11504],[-3.14608,53.11593],[-3.14526,53.11603],[-3.14558,53.11669],[-3.14487,53.11728],[-3.14489,53.11779],[-3.14403,53.11827],[-3.14313,53.11821],[-3.14279,53.11896],[-3.14209,53.11901],[-3.141,53.12034],[-3.1401,53.12087],[-3.1398,53.12076],[-3.13969,53.12177],[-3.1387,53.12226],[-3.13878,53.12279],[-3.13807,53.12252],[-3.13688,53.12318],[-3.13654,53.12361],[-3.13691,53.12453],[-3.13486,53.12491],[-3.13427,53.12574],[-3.13059,53.12665],[-3.12996,53.12782],[-3.13027,53.12796],[-3.1314,53.12752],[-3.1318,53.12794],[-3.1338,53.12848],[-3.13293,53.1295],[-3.13375,53.13019],[-3.13306,53.13132],[-3.13219,53.12964],[-3.13105,53.129],[-3.12993,53.12895],[-3.12799,53.12938],[-3.12496,53.131],[-3.12467,53.13081],[-3.12241,53.13144],[-3.11855,53.13194],[-3.1166,53.13263],[-3.1126,53.13236]]]}},{"type":"Feature","properties":{"id":"W01000340","name":"W01000340","parent":"W06000005","type":"LSOA","pop":2229,"r":22,"ff":1,"ffd":44.9,"ffs":0.1,"g":12,"co":2,"mo":2,"sa":2,"ic":0},"geometry":{"type":"Polygon","coordinates":[[[-3.3005,53.30757],[-3.29959,53.3056],[-3.29575,53.30491],[-3.29548,53.30448],[-3.29317,53.30376],[-3.29284,53.30419],[-3.29184,53.30335],[-3.28673,53.30141],[-3.28763,53.30033],[-3.28522,53.29812],[-3.28392,53.29592],[-3.27945,53.29745],[-3.27688,53.29985],[-3.2765,53.29967],[-3.27448,53.30013],[-3.27422,53.29972],[-3.271,53.29925],[-3.27061,53.29958],[-3.27092,53.30024],[-3.26883,53.30057],[-3.26945,53.30009],[-3.26906,53.29956],[-3.26728,53.29914],[-3.26914,53.29733],[-3.26892,53.29668],[-3.26936,53.29556],[-3.26764,53.29464],[-3.26785,53.29396],[-3.26722,53.29378],[-3.2673,53.2932],[-3.26632,53.29208],[-3.26388,53.29116],[-3.2636,53.29078],[-3.26266,53.29064],[-3.2631,53.28916],[-3.26097,53.28928],[-3.25566,53.28888],[-3.25257,53.28931],[-3.2512,53.29039],[-3.24985,53.28928],[-3.24834,53.28895],[-3.24576,53.28972],[-3.24222,53.28963],[-3.241,53.29007],[-3.24119,53.28951],[-3.23904,53.28744],[-3.23896,53.28661],[-3.24043,53.28557],[-3.24245,53.28497],[-3.24211,53.28397],[-3.24313,53.28286],[-3.24043,53.28235],[-3.24202,53.28037],[-3.24349,53.28072],[-3.24375,53.2804],[-3.24162,53.27978],[-3.24574,53.27948],[-3.24538,53.279],[-3.24605,53.27695],[-3.24669,53.27674],[-3.24658,53.27476],[-3.24775,53.27331],[-3.24895,53.27251],[-3.24715,53.27063],[-3.2599,53.2685],[-3.26134,53.27004],[-3.26388,53.27051],[-3.2658,53.26981],[-3.26801,53.26951],[-3.27101,53.26988],[-3.27431,53.2712],[-3.28694,53.27079],[-3.28982,53.26988],[-3.29358,53.27528],[-3.29759,53.27429],[-3.32364,53.2716],[-3.32654,53.27276],[-3.3298,53.27321],[-3.33062,53.27444],[-3.3349,53.27662],[-3.34025,53.27732],[-3.34194,53.27838],[-3.34275,53.2781],[-3.34324,53.27909],[-3.34486,53.27946],[-3.34555,53.28042],[-3.3473,53.28158],[-3.354,53.28194],[-3.3569,53.28384],[-3.35673,53.28478],[-3.35839,53.28728],[-3.35833,53.28803],[-3.35718,53.28865],[-3.35591,53.29074],[-3.35618,53.29292],[-3.35577,53.29392],[-3.35608,53.29491],[-3.35554,53.29619],[-3.35575,53.29698],[-3.35441,53.29753],[-3.34808,53.29787],[-3.34306,53.29912],[-3.34234,53.29958],[-3.33719,53.2968],[-3.33276,53.29855],[-3.32713,53.30026],[-3.32703,53.30058],[-3.32551,53.30042],[-3.32406,53.3018],[-3.32139,53.30309],[-3.31885,53.30407],[-3.31552,53.30601],[-3.30949,53.30732],[-3.30579,53.30598],[-3.30626,53.30733],[-3.30719,53.30797],[-3.30679,53.30856],[-3.30767,53.3088],[-3.30703,53.30951],[-3.30441,53.30863],[-3.30204,53.3085],[-3.3005,53.30757]]]}}]}